ISO-10303-21;
HEADER;
FILE_DESCRIPTION (( 'STEP AP203' ),
    '1' );
FILE_NAME ('50-00045.step',
    '2016-09-15T21:32:24',
    ( '' ),
    ( '' ),
    'SwSTEP 2.0',
    'SolidWorks 2015',
    '' );
FILE_SCHEMA (( 'CONFIG_CONTROL_DESIGN' ));
ENDSEC;

DATA;
#1 = CIRCLE ( 'NONE', #4191, 0.09999999999999981100 ) ;
#2 = CARTESIAN_POINT ( 'NONE',  ( -3.234428673938214400, -1.524679973655345600, 2.348781677453503700 ) ) ;
#3 = VERTEX_POINT ( 'NONE', #2691 ) ;
#4 = DIRECTION ( 'NONE',  ( 1.000000000000000000, 0.0000000000000000000, 0.0000000000000000000 ) ) ;
#5 = CARTESIAN_POINT ( 'NONE',  ( -3.336389583426626200, -1.196775366846339700, -2.532044195730455800 ) ) ;
#6 = DIRECTION ( 'NONE',  ( -1.000000000000000000, 0.0000000000000000000, 0.0000000000000000000 ) ) ;
#7 = DIRECTION ( 'NONE',  ( 0.0000000000000000000, 0.0000000000000000000, 1.000000000000000000 ) ) ;
#8 = EDGE_CURVE ( 'NONE', #5337, #2531, #2666, .T. ) ;
#9 = ORIENTED_EDGE ( 'NONE', *, *, #1501, .F. ) ;
#10 = DIRECTION ( 'NONE',  ( -0.0000000000000000000, -1.000000000000000000, -0.0000000000000000000 ) ) ;
#11 = ADVANCED_FACE ( 'NONE', ( #2687 ), #2897, .T. ) ;
#12 = EDGE_CURVE ( 'NONE', #4975, #1180, #2615, .T. ) ;
#13 = FACE_OUTER_BOUND ( 'NONE', #509, .T. ) ;
#14 = ORIENTED_EDGE ( 'NONE', *, *, #1478, .T. ) ;
#15 = CARTESIAN_POINT ( 'NONE',  ( -8.238155578050001500, 3.490243377568731800E-016, -2.849999999999000000 ) ) ;
#16 = CARTESIAN_POINT ( 'NONE',  ( -2.988397714842505600, -1.441557495260477100, 2.516341224857668600 ) ) ;
#17 = DIRECTION ( 'NONE',  ( -0.0000000000000000000, 0.0000000000000000000, -1.000000000000000000 ) ) ;
#18 = ORIENTED_EDGE ( 'NONE', *, *, #1454, .T. ) ;
#19 = PERSON_AND_ORGANIZATION_ROLE ( 'creator' ) ;
#20 = EDGE_CURVE ( 'NONE', #852, #5216, #3279, .T. ) ;
#21 = CYLINDRICAL_SURFACE ( 'NONE', #5453, 0.4499999999997882400 ) ;
#22 = VERTEX_POINT ( 'NONE', #2264 ) ;
#23 = EDGE_CURVE ( 'NONE', #5332, #2416, #2607, .T. ) ;
#24 = CARTESIAN_POINT ( 'NONE',  ( -1.834162856528058100, 6.637123764700425500, 1.260279826631031800 ) ) ;
#25 = CIRCLE ( 'NONE', #5173, 0.6599999999999000000 ) ;
#26 = CARTESIAN_POINT ( 'NONE',  ( -3.091902411611092900, -1.673605964914395300, -2.489829807552022000 ) ) ;
#27 = CARTESIAN_POINT ( 'NONE',  ( -7.238155578049999800, 3.551475717527324300E-016, -2.900000000000000800 ) ) ;
#28 = CARTESIAN_POINT ( 'NONE',  ( -1.970833333333262800, 7.750000000000000000, 0.9776584128531307100 ) ) ;
#29 = ORIENTED_EDGE ( 'NONE', *, *, #2854, .T. ) ;
#30 = CARTESIAN_POINT ( 'NONE',  ( -1.185729882942322200, 7.750000000000000900, 3.235408176089490200 ) ) ;
#31 = AXIS2_PLACEMENT_3D ( 'NONE', #1812, #404, #4969 ) ;
#32 = FACE_OUTER_BOUND ( 'NONE', #2020, .T. ) ;
#33 = CARTESIAN_POINT ( 'NONE',  ( -3.015737113584780400, -1.551810845007462400, 2.451822801378946300 ) ) ;
#34 = LINE ( 'NONE', #915, #2007 ) ;
#35 = DIRECTION ( 'NONE',  ( -1.000000000000000000, 0.0000000000000000000, 0.0000000000000000000 ) ) ;
#36 = APPROVAL_ROLE ( '' ) ;
#37 = CARTESIAN_POINT ( 'NONE',  ( -0.5944199219977448500, 0.6434418171282300100, 2.144350658528520400 ) ) ;
#38 = CIRCLE ( 'NONE', #4876, 0.1000000000000002100 ) ;
#39 = CARTESIAN_POINT ( 'NONE',  ( 2.175791864959947900, 7.721095260994354200, 1.079330852293461300 ) ) ;
#40 = CC_DESIGN_PERSON_AND_ORGANIZATION_ASSIGNMENT ( #4021, #1358, ( #5615 ) ) ;
#41 = CARTESIAN_POINT ( 'NONE',  ( -3.251616590563845700, -1.523425493889991200, 2.349588938932937400 ) ) ;
#42 = EDGE_CURVE ( 'NONE', #4712, #5655, #456, .T. ) ;
#43 = CARTESIAN_POINT ( 'NONE',  ( 1.149999999999941700, 14.19999999999999900, 2.465953144040757800 ) ) ;
#44 = CARTESIAN_POINT ( 'NONE',  ( 0.6499999999909975600, 8.009896045261962500, -2.302291193979408000 ) ) ;
#45 = DIRECTION ( 'NONE',  ( 0.0000000000000000000, 0.0000000000000000000, 1.000000000000000000 ) ) ;
#46 = CARTESIAN_POINT ( 'NONE',  ( -0.2990545520667163300, 2.631618554750680500, 1.469900084264507800 ) ) ;
#47 = CARTESIAN_POINT ( 'NONE',  ( -17.68077914467999500, 0.9999999999999998900, 0.4999999999999999400 ) ) ;
#48 = EDGE_CURVE ( 'NONE', #3806, #22, #3877, .T. ) ;
#49 = CARTESIAN_POINT ( 'NONE',  ( -3.484295840986407100, -1.383135722888507300, 2.549956353430304500 ) ) ;
#50 = CARTESIAN_POINT ( 'NONE',  ( -4.188155578049999900, -1.120391659893891400, 2.340672452188691500 ) ) ;
#51 = SECURITY_CLASSIFICATION_LEVEL ( 'unclassified' ) ;
#52 = CARTESIAN_POINT ( 'NONE',  ( -6.238155578049999800, 0.0000000000000000000, 0.0000000000000000000 ) ) ;
#53 = CARTESIAN_POINT ( 'NONE',  ( -3.487767810380045600, -1.438570830302780200, 2.518059907612777000 ) ) ;
#54 = CONTEXT_DEPENDENT_SHAPE_REPRESENTATION ( #4632, #274 ) ;
#55 = DIRECTION ( 'NONE',  ( 0.0000000000000000000, 0.0000000000000000000, -1.000000000000000000 ) ) ;
#56 = ORIENTED_EDGE ( 'NONE', *, *, #2355, .T. ) ;
#57 = CARTESIAN_POINT ( 'NONE',  ( -3.268097904717258500, -1.522222586314731400, 2.350363013553864000 ) ) ;
#58 = CARTESIAN_POINT ( 'NONE',  ( -20.38608482323521500, 0.0000000000000000000, -0.5000000000000000000 ) ) ;
#59 = AXIS2_PLACEMENT_3D ( 'NONE', #2592, #3068, #258 ) ;
#60 = CARTESIAN_POINT ( 'NONE',  ( -5.571488911383333700, 3.673940397442059900E-016, -3.000000000000000000 ) ) ;
#61 = CARTESIAN_POINT ( 'NONE',  ( -3.487971413111366400, -1.441821647922635600, 2.516189440810948900 ) ) ;
#62 = CARTESIAN_POINT ( 'NONE',  ( 1.406795649292693000, 0.6811472723761138300, 1.706972859424018100 ) ) ;
#63 = CARTESIAN_POINT ( 'NONE',  ( -14.23815557805000200, 0.0000000000000000000, 0.0000000000000000000 ) ) ;
#64 = DIRECTION ( 'NONE',  ( 0.0000000000000000000, 0.0000000000000000000, 1.000000000000000000 ) ) ;
#65 = ORIENTED_EDGE ( 'NONE', *, *, #3946, .T. ) ;
#66 = PRODUCT ( '50-00045 pin', '50-00045 pin', '', ( #5417 ) ) ;
#67 = ORIENTED_EDGE ( 'NONE', *, *, #3946, .F. ) ;
#68 = ORIENTED_EDGE ( 'NONE', *, *, #1064, .F. ) ;
#69 = ORIENTED_EDGE ( 'NONE', *, *, #5195, .T. ) ;
#70 = CIRCLE ( 'NONE', #3904, 1.804999999999000100 ) ;
#71 =( REPRESENTATION_RELATIONSHIP ('NONE','NONE', #3044, #4911 ) REPRESENTATION_RELATIONSHIP_WITH_TRANSFORMATION ( #776 )SHAPE_REPRESENTATION_RELATIONSHIP( ) );
#72 = CARTESIAN_POINT ( 'NONE',  ( -3.050237574999142600, 2.795465528227204300, -0.1648825921701828100 ) ) ;
#73 = AXIS2_PLACEMENT_3D ( 'NONE', #4655, #4877, #4452 ) ;
#74 = AXIS2_PLACEMENT_3D ( 'NONE', #192, #1610, #4758 ) ;
#75 = CARTESIAN_POINT ( 'NONE',  ( -1.912824113676533200, 6.637123764700425500, 1.126739511450243900 ) ) ;
#76 = PRODUCT_DEFINITION_FORMATION_WITH_SPECIFIED_SOURCE ( 'ANY', '', #4647, .NOT_KNOWN. ) ;
#77 = CARTESIAN_POINT ( 'NONE',  ( 1.289165533810315600, 6.637123764700463700, 1.807343421423047700 ) ) ;
#78 = CARTESIAN_POINT ( 'NONE',  ( -1.137435954728039400E-013, 9.250000000000000000, -2.399999999999972800 ) ) ;
#79 = VECTOR ( 'NONE', #3982, 1000.000000000000000 ) ;
#80 = ORIENTED_EDGE ( 'NONE', *, *, #98, .T. ) ;
#81 = CARTESIAN_POINT ( 'NONE',  ( -2.988543345679072000, 2.999970999140898700, 0.01319106883402788000 ) ) ;
#82 = CARTESIAN_POINT ( 'NONE',  ( -3.284498130699929200, -1.518520871863823500, 2.352747027325846400 ) ) ;
#83 = PLANE ( 'NONE',  #4565 ) ;
#84 = DIRECTION ( 'NONE',  ( -0.9999507065058813600, 0.0000000000000000000, 0.009928975696852807700 ) ) ;
#85 = CARTESIAN_POINT ( 'NONE',  ( 1.522804080492965700, 0.6811472723761138300, 1.604337269439637400 ) ) ;
#86 = CARTESIAN_POINT ( 'NONE',  ( -2.238155578050000200, 2.399000527194540500, 1.843640159924744700 ) ) ;
#87 = LINE ( 'NONE', #1438, #79 ) ;
#88 = ORIENTED_EDGE ( 'NONE', *, *, #1462, .F. ) ;
#89 = CARTESIAN_POINT ( 'NONE',  ( 0.3640241188313841900, 2.148893028652894900, 1.789235707153504600 ) ) ;
#90 = EDGE_CURVE ( 'NONE', #2837, #5813, #3840, .T. ) ;
#91 = DIRECTION ( 'NONE',  ( 0.0000000000000000000, 0.0000000000000000000, 1.000000000000000000 ) ) ;
#92 = VERTEX_POINT ( 'NONE', #1258 ) ;
#93 = CYLINDRICAL_SURFACE ( 'NONE', #4290, 1.804999999999000100 ) ;
#94 = ORIENTED_EDGE ( 'NONE', *, *, #4058, .T. ) ;
#95 = DIRECTION ( 'NONE',  ( -0.2300000000000112500, -0.0000000000000000000, -0.9731906288081460000 ) ) ;
#96 = VERTEX_POINT ( 'NONE', #1273 ) ;
#97 = DIRECTION ( 'NONE',  ( 0.8958333333333461400, 0.0000000000000000000, -0.4443901876604228800 ) ) ;
#98 = EDGE_CURVE ( 'NONE', #3814, #2340, #2585, .T. ) ;
#99 = CARTESIAN_POINT ( 'NONE',  ( -0.4412688328706751400, 6.618082509800279600, 2.168905606476789300 ) ) ;
#100 = FACE_OUTER_BOUND ( 'NONE', #2343, .T. ) ;
#101 = CARTESIAN_POINT ( 'NONE',  ( 1.626878741477118000, 0.6811472723761138300, 1.490759707161730700 ) ) ;
#102 = CARTESIAN_POINT ( 'NONE',  ( -3.486284461173812400, 2.799844245853444500, -0.04150700085245564300 ) ) ;
#103 = CARTESIAN_POINT ( 'NONE',  ( -3.019410960405707100, 2.997543500088547300, 0.1234677500231884500 ) ) ;
#104 = CARTESIAN_POINT ( 'NONE',  ( -3.310983407731534100, -1.286911515739006800, -2.709981005646871800 ) ) ;
#105 = FACE_OUTER_BOUND ( 'NONE', #1884, .T. ) ;
#106 = CARTESIAN_POINT ( 'NONE',  ( 1.415341907482679000, 6.637123764700463700, 1.717342688750168600 ) ) ;
#107 = CARTESIAN_POINT ( 'NONE',  ( -2.988543345713178000, 2.999970999140899600, 0.01319106946227205400 ) ) ;
#108 = B_SPLINE_CURVE_WITH_KNOTS ( 'NONE', 3,
 ( #4604, #1885, #2880, #61, #3324 ),
 .UNSPECIFIED., .F., .F.,
 ( 4, 1, 4 ),
 ( 0.0007630123742775478400, 0.0007742141290238882100, 0.0007854158837702284700 ),
 .UNSPECIFIED. ) ;
#109 = ORIENTED_EDGE ( 'NONE', *, *, #2329, .F. ) ;
#110 = CARTESIAN_POINT ( 'NONE',  ( 2.199848535029894900, 7.849999999999999600, -0.02581516854147013600 ) ) ;
#111 = FACE_OUTER_BOUND ( 'NONE', #5276, .T. ) ;
#112 = CARTESIAN_POINT ( 'NONE',  ( -4.238155578049999800, 0.0000000000000000000, 0.0000000000000000000 ) ) ;
#113 = DIRECTION ( 'NONE',  ( 0.0000000000000000000, 0.0000000000000000000, -1.000000000000000000 ) ) ;
#114 = FACE_OUTER_BOUND ( 'NONE', #5517, .T. ) ;
#115 = CARTESIAN_POINT ( 'NONE',  ( -3.381022883636451300, -1.309883552485686900, -2.699363762241196300 ) ) ;
#116 = CARTESIAN_POINT ( 'NONE',  ( -0.5926870088626096100, 6.618082509800279600, 2.138099230396686600 ) ) ;
#117 = CARTESIAN_POINT ( 'NONE',  ( -3.382095784162833900, 2.992933730635820600, -0.2062720187197150900 ) ) ;
#118 = EDGE_CURVE ( 'NONE', #4916, #2511, #2517, .T. ) ;
#119 = CARTESIAN_POINT ( 'NONE',  ( -3.144498528597477400, 2.790943624120549900, 0.2330486323633339000 ) ) ;
#120 = CARTESIAN_POINT ( 'NONE',  ( -3.299657777879749800, -1.512936495480204000, 2.356307888481002700 ) ) ;
#121 = AXIS2_PLACEMENT_3D ( 'NONE', #708, #2936, #815 ) ;
#122 = CARTESIAN_POINT ( 'NONE',  ( -2.238155578050000200, 3.551475717527324300E-016, -2.900000000000000800 ) ) ;
#123 = CARTESIAN_POINT ( 'NONE',  ( -7.238155578049999800, 0.0000000000000000000, 2.900000000000000800 ) ) ;
#124 = APPROVAL_PERSON_ORGANIZATION ( #127, #3678, #2430 ) ;
#125 = DIRECTION ( 'NONE',  ( -1.000000000000000000, 0.0000000000000000000, 0.0000000000000000000 ) ) ;
#126 = EDGE_CURVE ( 'NONE', #4200, #282, #3532, .T. ) ;
#127 = PERSON_AND_ORGANIZATION ( #1354, #128 ) ;
#128 = ORGANIZATION ( 'NAUO-ORG4', 'UNSPECIFIED', 'UNSPECIFIED' ) ;
#129 = ORIENTED_EDGE ( 'NONE', *, *, #4131, .T. ) ;
#130 = EDGE_CURVE ( 'NONE', #4916, #5001, #5718, .T. ) ;
#131 = B_SPLINE_CURVE_WITH_KNOTS ( 'NONE', 3,
 ( #542, #1497, #565, #3794, #1038, #4240 ),
 .UNSPECIFIED., .F., .F.,
 ( 4, 2, 4 ),
 ( 1.748223473168675600E-018, 0.0003909693007272084500, 0.0007819386014544149500 ),
 .UNSPECIFIED. ) ;
#132 = DIRECTION ( 'NONE',  ( -0.1993679344172056800, 0.0000000000000000000, -0.9799247046208279200 ) ) ;
#133 = DIRECTION ( 'NONE',  ( 0.0000000000000000000, 0.0000000000000000000, 1.000000000000000000 ) ) ;
#134 = EDGE_LOOP ( 'NONE', ( #502, #1459, #1969, #1596 ) ) ;
#135 = APPROVAL_DATE_TIME ( #205, #3678 ) ;
#136 = CARTESIAN_POINT ( 'NONE',  ( -3.262275619748340000, -1.613073956932700800, 2.291850612129018700 ) ) ;
#137 = PLANE ( 'NONE',  #1744 ) ;
#138 = VERTEX_POINT ( 'NONE', #828 ) ;
#139 = CARTESIAN_POINT ( 'NONE',  ( -0.7408625622025373200, 6.618082509800279600, 2.091379657887133100 ) ) ;
#140 = CARTESIAN_POINT ( 'NONE',  ( 1.532055087809629300, 6.637123764700463700, 1.614083589408242600 ) ) ;
#141 = ORIENTED_EDGE ( 'NONE', *, *, #3841, .F. ) ;
#142 = CARTESIAN_POINT ( 'NONE',  ( -3.221670929945074300, 2.789474650097969000, -0.2511353686651324700 ) ) ;
#143 = CARTESIAN_POINT ( 'NONE',  ( -3.336389583426369000, 2.991205392138368300, 0.2295842275528200400 ) ) ;
#144 = CARTESIAN_POINT ( 'NONE',  ( -3.314795460370168400, -1.507360210254071100, 2.359863590333415800 ) ) ;
#145 = AXIS2_PLACEMENT_3D ( 'NONE', #631, #3861, #1107 ) ;
#146 = VERTEX_POINT ( 'NONE', #516 ) ;
#147 = CARTESIAN_POINT ( 'NONE',  ( -2.239583333333100800, 7.750000000000000000, 1.110975469151050700 ) ) ;
#148 = CARTESIAN_POINT ( 'NONE',  ( 1.730953402461270500, 0.6811472723761138300, 1.377182144883823700 ) ) ;
#149 = CARTESIAN_POINT ( 'NONE',  ( -3.198206370688603700, 2.789724380530615600, 0.2482104673019993000 ) ) ;
#150 = VECTOR ( 'NONE', #3385, 1000.000000000000000 ) ;
#151 = CARTESIAN_POINT ( 'NONE',  ( -2.238155578050000200, -0.2000000000004940600, 0.0000000000000000000 ) ) ;
#152 = ORIENTED_EDGE ( 'NONE', *, *, #3744, .T. ) ;
#153 = CARTESIAN_POINT ( 'NONE',  ( -0.6499999999999872500, 7.960838680500169900, -2.254809785157600600 ) ) ;
#154 = VERTEX_POINT ( 'NONE', #623 ) ;
#155 = ORIENTED_EDGE ( 'NONE', *, *, #1765, .T. ) ;
#156 = CARTESIAN_POINT ( 'NONE',  ( -1.074402454204384200, 9.250000000000000000, 2.146080000000129700 ) ) ;
#157 = CARTESIAN_POINT ( 'NONE',  ( -3.369546645997914000, -1.468960583436839600, 2.383948549236151400 ) ) ;
#158 = CARTESIAN_POINT ( 'NONE',  ( 1.292455195348711300, 2.631618554750801800, 0.7613142917670251400 ) ) ;
#159 = CIRCLE ( 'NONE', #2820, 2.594999999999000100 ) ;
#160 = DIRECTION ( 'NONE',  ( 0.0000000000000000000, 1.000000000000000000, 0.0000000000000000000 ) ) ;
#161 = CC_DESIGN_PERSON_AND_ORGANIZATION_ASSIGNMENT ( #4756, #2754, ( #4851 ) ) ;
#162 = VERTEX_POINT ( 'NONE', #802 ) ;
#163 = ORIENTED_EDGE ( 'NONE', *, *, #1264, .F. ) ;
#164 = CARTESIAN_POINT ( 'NONE',  ( -0.8825668820177552400, 6.618082509800279600, 2.029764866046053200 ) ) ;
#165 = CARTESIAN_POINT ( 'NONE',  ( 1.823087632052979900, 0.6811472723761138300, 1.252669879710739400 ) ) ;
#166 = ORIENTED_EDGE ( 'NONE', *, *, #5618, .T. ) ;
#167 = CARTESIAN_POINT ( 'NONE',  ( -3.050237574999142600, 2.995468639934906600, -0.1648825921701828100 ) ) ;
#168 = VECTOR ( 'NONE', #2821, 1000.000000000000000 ) ;
#169 = CARTESIAN_POINT ( 'NONE',  ( -3.458821134815539500, 2.797715616581035700, 0.1170516214812076200 ) ) ;
#170 = CARTESIAN_POINT ( 'NONE',  ( -3.329094299390822800, -1.499670162152586500, 2.364742591524979800 ) ) ;
#171 = CARTESIAN_POINT ( 'NONE',  ( 2.199848535029894900, 7.849999999999999600, -0.02581516854147013600 ) ) ;
#172 = ORIENTED_EDGE ( 'NONE', *, *, #3331, .T. ) ;
#173 = DIRECTION ( 'NONE',  ( -1.000000000000000000, 0.0000000000000000000, 0.0000000000000000000 ) ) ;
#174 = CARTESIAN_POINT ( 'NONE',  ( 1.901273908979654400, 0.6811472723761138300, 1.119935920934910500 ) ) ;
#175 = CARTESIAN_POINT ( 'NONE',  ( -1.024271201832973800, 6.618082509800279600, 1.968150074204973300 ) ) ;
#176 = CARTESIAN_POINT ( 'NONE',  ( -3.480457152632175700, 2.799389680960931800, 0.06625839432330553300 ) ) ;
#177 = B_SPLINE_CURVE_WITH_KNOTS ( 'NONE', 3,
 ( #1249, #2641, #795, #4015, #1268, #4449, #1726, #4894, #2220, #5336, #2702, #5762, #3167, #345, #3591, #820, #4032, #1284, #4464, #1752, #4910, #2239, #5356, #2722, #5779, #3190, #360, #3611, #839, #4050, #1302 ),
 .UNSPECIFIED., .F., .F.,
 ( 4, 3, 3, 3, 3, 3, 3, 3, 3, 3, 4 ),
 ( 0.0000000000000000000, 0.05398547138742516200, 0.1078687631307031500, 0.1626377911145373000, 0.2150605640311475700, 0.2701683683748173400, 0.3223059562781910300, 0.3769582833908580700, 0.4303422509656086300, 0.4838617943717538100, 0.5000000000000000000 ),
 .UNSPECIFIED. ) ;
#178 = LINE ( 'NONE', #4414, #184 ) ;
#179 = CARTESIAN_POINT ( 'NONE',  ( -3.007462250549827400, -1.531742064626743000, 2.461825525347960800 ) ) ;
#180 = FACE_OUTER_BOUND ( 'NONE', #5745, .T. ) ;
#181 = B_SPLINE_CURVE_WITH_KNOTS ( 'NONE', 3,
 ( #2058, #4742, #1882, #5033, #2372, #5468, #2857, #39, #3304, #489, #3722, #968, #4173, #1445, #4602, #1898 ),
 .UNSPECIFIED., .F., .F.,
 ( 4, 3, 3, 3, 3, 4 ),
 ( 9.697399036122160600E-019, 3.357713719703303900E-005, 6.715427439406702600E-005, 0.0001007314115919724300, 0.0001343085487898789400, 0.0001562159305390641700 ),
 .UNSPECIFIED. ) ;
#182 = CARTESIAN_POINT ( 'NONE',  ( 1.824927220323974400, 7.849999999999998800, -2.223974086040678300 ) ) ;
#183 = CARTESIAN_POINT ( 'NONE',  ( -1.159495218505084600, 6.618082509800279600, 1.891644006614684900 ) ) ;
#184 = VECTOR ( 'NONE', #3132, 1000.000000000000100 ) ;
#185 = CARTESIAN_POINT ( 'NONE',  ( 1.636762000481689000, 6.637123764700463700, 1.499816045488507200 ) ) ;
#186 = CARTESIAN_POINT ( 'NONE',  ( -2.988506319570679800, 2.799975697023645300, -0.01207548152440075800 ) ) ;
#187 =( BOUNDED_SURFACE ( )  B_SPLINE_SURFACE ( 3, 3, ( 
 ( #2226, #4467, #1756, #4918 ),
 ( #2244, #5360, #2729, #5783 ),
 ( #3192, #365, #3615, #844 ),
 ( #4055, #1309, #4483, #1779 ) ),
 .UNSPECIFIED., .F., .F., .F. ) 
 B_SPLINE_SURFACE_WITH_KNOTS ( ( 4, 4 ),
 ( 4, 4 ),
 ( 0.0000000000000000000, 1.000000000000000000 ),
 ( 0.0000000000000000000, 1.000000000000000000 ),
 .UNSPECIFIED. ) 
 GEOMETRIC_REPRESENTATION_ITEM ( )  RATIONAL_B_SPLINE_SURFACE ( (
 ( 1.000000000000000000, 0.8647949056481317700, 0.8647949056481317700, 1.000000000000000000),
 ( 0.8047378541243184200, 0.6959331966289199500, 0.6959331966289199500, 0.8047378541243184200),
 ( 0.8047378541243184200, 0.6959331966289199500, 0.6959331966289199500, 0.8047378541243184200),
 ( 1.000000000000000000, 0.8647949056481317700, 0.8647949056481317700, 1.000000000000000000) ) ) 
 REPRESENTATION_ITEM ( '' )  SURFACE ( )  );
#188 = CARTESIAN_POINT ( 'NONE',  ( -3.487710664199379400, 2.999966065496129500, -0.01499034482223186500 ) ) ;
#189 = CARTESIAN_POINT ( 'NONE',  ( -3.341336540856844300, -1.490265456129007000, 2.370621913957439400 ) ) ;
#190 = DIRECTION ( 'NONE',  ( 0.8958333333333461400, 0.0000000000000000000, 0.4443901876604228800 ) ) ;
#191 = ORIENTED_EDGE ( 'NONE', *, *, #90, .T. ) ;
#192 = CARTESIAN_POINT ( 'NONE',  ( -2.238155578050000200, 0.0000000000000000000, 0.0000000000000000000 ) ) ;
#193 = CARTESIAN_POINT ( 'NONE',  ( 0.4386094557178507000, 0.7000000000000209400, 2.155834350165815500 ) ) ;
#194 = CARTESIAN_POINT ( 'NONE',  ( -1.238155578050000000, 0.0000000000000000000, 0.0000000000000000000 ) ) ;
#195 = CARTESIAN_POINT ( 'NONE',  ( -1.285292523394893700, 6.618082509800279600, 1.801913661076658200 ) ) ;
#196 = VECTOR ( 'NONE', #3718, 1000.000000000000100 ) ;
#197 = CARTESIAN_POINT ( 'NONE',  ( 0.4459124400334577600, 13.58893258802716500, 2.580932659533892200 ) ) ;
#198 = CARTESIAN_POINT ( 'NONE',  ( -3.143395418466302400, -1.696955508852739900, 2.473970078875538100 ) ) ;
#199 = DIRECTION ( 'NONE',  ( -1.000000000000000000, 0.0000000000000000000, 0.0000000000000000000 ) ) ;
#200 = LINE ( 'NONE', #4206, #396 ) ;
#201 = AXIS2_PLACEMENT_3D ( 'NONE', #151, #2967, #5575 ) ;
#202 = CARTESIAN_POINT ( 'NONE',  ( 0.6059812441130183500, 7.749999999999999100, -2.425445676938873700 ) ) ;
#203 = CC_DESIGN_PERSON_AND_ORGANIZATION_ASSIGNMENT ( #2923, #5014, ( #5188 ) ) ;
#204 = CARTESIAN_POINT ( 'NONE',  ( -1.411089828284702200, 6.618082509800279600, 1.712183315538631500 ) ) ;
#205 = DATE_AND_TIME ( #207, #215 ) ;
#206 = CARTESIAN_POINT ( 'NONE',  ( 1.741468913153748200, 6.637123764700463700, 1.385548501568771900 ) ) ;
#207 = CALENDAR_DATE ( 2016, 15, 9 ) ;
#208 = DIRECTION ( 'NONE',  ( 0.0000000000000000000, -1.000000000000000000, 0.0000000000000000000 ) ) ;
#209 = EDGE_CURVE ( 'NONE', #425, #3278, #3799, .T. ) ;
#210 = DIRECTION ( 'NONE',  ( 0.0000000000000000000, 0.0000000000000000000, 1.000000000000000000 ) ) ;
#211 = CARTESIAN_POINT ( 'NONE',  ( -3.353804608926755900, -1.480687266121486700, 2.376609689357583700 ) ) ;
#212 = DIRECTION ( 'NONE',  ( -0.4443901876604229300, 0.0000000000000000000, 0.8958333333333462500 ) ) ;
#213 = CARTESIAN_POINT ( 'NONE',  ( -3.366538558636122100, -1.642202000690842000, 2.397320182647182800 ) ) ;
#214 = CARTESIAN_POINT ( 'NONE',  ( 0.5891150858697907800, 0.7000000000000209400, 2.125213633635188800 ) ) ;
#215 = LOCAL_TIME ( 14, 32, 24.00000000000000000, #276 ) ;
#216 = CARTESIAN_POINT ( 'NONE',  ( -1.527452369883600700, 6.618082509800279600, 1.609234435138144500 ) ) ;
#217 = EDGE_CURVE ( 'NONE', #1955, #2725, #5654, .T. ) ;
#218 = PLANE ( 'NONE',  #4754 ) ;
#219 = CARTESIAN_POINT ( 'NONE',  ( 1.232222284288736400E-013, 9.274999999999998600, 2.600000000000027200 ) ) ;
#220 = CARTESIAN_POINT ( 'NONE',  ( -3.309542942034127600, -1.653500389125539500, 2.382104551282574700 ) ) ;
#221 = CARTESIAN_POINT ( 'NONE',  ( -2.358504348539079300, 7.949999999999995700, -0.01872048972864418000 ) ) ;
#222 = CARTESIAN_POINT ( 'NONE',  ( -3.484872418925602800, -1.365864845015425800, -2.444282312934104700 ) ) ;
#223 = EDGE_CURVE ( 'NONE', #5696, #5766, #5693, .T. ) ;
#224 = EDGE_LOOP ( 'NONE', ( #5744, #3219, #2049, #2593 ) ) ;
#225 = CARTESIAN_POINT ( 'NONE',  ( 0.6499999999992908100, 7.752028075948012500, -2.437957611576605300 ) ) ;
#226 = CARTESIAN_POINT ( 'NONE',  ( -3.251232803121316500, -1.712309685395966700, -2.463338771611819600 ) ) ;
#227 = ORIENTED_EDGE ( 'NONE', *, *, #260, .F. ) ;
#228 = CARTESIAN_POINT ( 'NONE',  ( -7.238155578049999800, 3.551475717527324300E-016, -2.900000000000000800 ) ) ;
#229 = ORIENTED_EDGE ( 'NONE', *, *, #1296, .T. ) ;
#230 = CARTESIAN_POINT ( 'NONE',  ( -3.238155578050000200, 8.082668874371306600E-017, -0.6599999999999000000 ) ) ;
#231 = CARTESIAN_POINT ( 'NONE',  ( -3.364232738033571900, -1.468873360888539600, 2.383914449639373600 ) ) ;
#232 = AXIS2_PLACEMENT_3D ( 'NONE', #5146, #3832, #1989 ) ;
#233 = CARTESIAN_POINT ( 'NONE',  ( -1.238155578050000200, 0.0000000000000000000, 0.0000000000000000000 ) ) ;
#234 = EDGE_CURVE ( 'NONE', #5337, #1932, #2985, .T. ) ;
#235 = CARTESIAN_POINT ( 'NONE',  ( 0.7363976355534308500, 0.7000000000000209400, 2.078775624096927300 ) ) ;
#236 = CARTESIAN_POINT ( 'NONE',  ( -1.631844713981873900, 6.618082509800279600, 1.495310182577151800 ) ) ;
#237 = DIRECTION ( 'NONE',  ( 0.1993679344171707400, 0.0000000000000000000, -0.9799247046208350300 ) ) ;
#238 = VECTOR ( 'NONE', #5443, 1000.000000000000000 ) ;
#239 = CARTESIAN_POINT ( 'NONE',  ( -3.477225219514616500, -1.436850896264974600, 2.633529602401175400 ) ) ;
#240 = ORIENTED_EDGE ( 'NONE', *, *, #1370, .F. ) ;
#241 = ORIENTED_EDGE ( 'NONE', *, *, #2724, .F. ) ;
#242 = CARTESIAN_POINT ( 'NONE',  ( -3.459204289563452900, -1.602385352454632500, 2.536344909555679800 ) ) ;
#243 = CARTESIAN_POINT ( 'NONE',  ( -3.487934786193532600, -1.458018978097481900, 2.506837616983268500 ) ) ;
#244 = CARTESIAN_POINT ( 'NONE',  ( 2.149999999999999900, 0.0000000000000000000, 1.066536450385000100 ) ) ;
#245 = LINE ( 'NONE', #3759, #196 ) ;
#246 = ORIENTED_EDGE ( 'NONE', *, *, #4826, .F. ) ;
#247 = CARTESIAN_POINT ( 'NONE',  ( 0.6499999999999781500, 7.849999999999999600, -2.517439175034826600 ) ) ;
#248 = EDGE_LOOP ( 'NONE', ( #3752, #5070, #5386, #5470 ) ) ;
#249 = LINE ( 'NONE', #5460, #238 ) ;
#250 = AXIS2_PLACEMENT_3D ( 'NONE', #783, #767, #748 ) ;
#251 = ORIENTED_EDGE ( 'NONE', *, *, #4430, .F. ) ;
#252 = ORIENTED_EDGE ( 'NONE', *, *, #5475, .T. ) ;
#253 = DIRECTION ( 'NONE',  ( 0.0000000000000000000, 1.000000000000000000, 0.0000000000000000000 ) ) ;
#254 = CARTESIAN_POINT ( 'NONE',  ( -3.371922513984081600, -1.456079906555111100, 2.391676071345442400 ) ) ;
#255 = CIRCLE ( 'NONE', #910, 2.200000000000000200 ) ;
#256 = DIRECTION ( 'NONE',  ( 0.0000000000000000000, 0.0000000000000000000, 1.000000000000000000 ) ) ;
#257 = CARTESIAN_POINT ( 'NONE',  ( -1.736237058080146900, 6.618082509800279600, 1.381385930016158800 ) ) ;
#258 = DIRECTION ( 'NONE',  ( 0.0000000000000000000, -0.0000000000000000000, 1.000000000000000000 ) ) ;
#259 = CARTESIAN_POINT ( 'NONE',  ( -3.379797127208426400, -1.267848903897912200, 2.607775504288630100 ) ) ;
#260 = EDGE_CURVE ( 'NONE', #4152, #5487, #2542, .T. ) ;
#261 = CARTESIAN_POINT ( 'NONE',  ( -3.488225812359508500, -1.445585019923548300, 2.513335319051891200 ) ) ;
#262 = CYLINDRICAL_SURFACE ( 'NONE', #5566, 0.6599999999999000000 ) ;
#263 = CARTESIAN_POINT ( 'NONE',  ( -3.282616188439850800, -1.274141581385605600, 2.493579059711702200 ) ) ;
#264 = CARTESIAN_POINT ( 'NONE',  ( -4.188155578049999900, 0.0000000000000000000, 0.0000000000000000000 ) ) ;
#265 = CARTESIAN_POINT ( 'NONE',  ( -2.984963386932337800, 3.000260966648033100, -0.05275454737705949400 ) ) ;
#266 = CIRCLE ( 'NONE', #295, 2.200000000000000200 ) ;
#267 = ADVANCED_FACE ( 'NONE', ( #2966 ), #3060, .F. ) ;
#268 = CARTESIAN_POINT ( 'NONE',  ( -7.238155578049999800, 2.621359165062774100, -1.510856941112698200 ) ) ;
#269 = CARTESIAN_POINT ( 'NONE',  ( -0.2610589993279829300, 14.29591987230815100, 2.393788115678678000 ) ) ;
#270 = DIRECTION ( 'NONE',  ( 0.0000000000000000000, 0.0000000000000000000, 1.000000000000000000 ) ) ;
#271 = CARTESIAN_POINT ( 'NONE',  ( -0.7430287147352784300, 0.6434418171282300100, 2.097494486161607200 ) ) ;
#272 = CARTESIAN_POINT ( 'NONE',  ( -2.211943318495731300, 7.908578643762684400, -1.004845996660080000 ) ) ;
#273 = CARTESIAN_POINT ( 'NONE',  ( -3.192906638797384600, -1.280644702016121800, 2.712926778306224800 ) ) ;
#274 = PRODUCT_DEFINITION_SHAPE ( 'NONE', 'NONE',  #5850 ) ;
#275 = CARTESIAN_POINT ( 'NONE',  ( -2.183595450495805100, 7.728862263624923100, 1.083201925976356100 ) ) ;
#276 = COORDINATED_UNIVERSAL_TIME_OFFSET ( 8, 0, .BEHIND. ) ;
#277 = CARTESIAN_POINT ( 'NONE',  ( -3.018094215521599300, -1.330556766774230000, 2.579262409967578100 ) ) ;
#278 = DATE_AND_TIME ( #284, #337 ) ;
#279 = AXIS2_PLACEMENT_3D ( 'NONE', #2365, #2847, #2342 ) ;
#280 = AXIS2_PLACEMENT_3D ( 'NONE', #2227, #5344, #2712 ) ;
#281 = CARTESIAN_POINT ( 'NONE',  ( -15.03815557810020000, 0.0000000000000000000, 0.0000000000000000000 ) ) ;
#282 = VERTEX_POINT ( 'NONE', #1975 ) ;
#283 = CC_DESIGN_APPROVAL ( #5825, ( #5271 ) ) ;
#284 = CALENDAR_DATE ( 2016, 15, 9 ) ;
#285 = ORIENTED_EDGE ( 'NONE', *, *, #1456, .T. ) ;
#286 = DIRECTION ( 'NONE',  ( -1.000000000000000000, 0.0000000000000000000, 0.0000000000000000000 ) ) ;
#287 = ORIENTED_EDGE ( 'NONE', *, *, #5673, .F. ) ;
#288 = CARTESIAN_POINT ( 'NONE',  ( 1.895584152971204300, 0.7000000000000105000, 1.116584398513802200 ) ) ;
#289 = CARTESIAN_POINT ( 'NONE',  ( 0.8772479516355469200, 0.7000000000000209400, 2.017532163647263400 ) ) ;
#290 = CARTESIAN_POINT ( 'NONE',  ( -3.048546318512984400, -1.304135875907563200, 2.589790102935095400 ) ) ;
#291 = ADVANCED_FACE ( 'NONE', ( #3104 ), #3127, .T. ) ;
#292 = CARTESIAN_POINT ( 'NONE',  ( -3.098701706839009300, -1.354137427645613500, 2.450815569219288600 ) ) ;
#293 = VERTEX_POINT ( 'NONE', #1739 ) ;
#294 = CARTESIAN_POINT ( 'NONE',  ( -1.143246965224992800, 2.621839195040588200, 0.6734239274035831400 ) ) ;
#295 = AXIS2_PLACEMENT_3D ( 'NONE', #998, #5523, #5485 ) ;
#296 = ORIENTED_EDGE ( 'NONE', *, *, #5317, .F. ) ;
#297 = CLOSED_SHELL ( 'NONE', ( #5273, #835 ) ) ;
#298 = DIRECTION ( 'NONE',  ( 0.0000000000000000000, 0.0000000000000000000, -1.000000000000000000 ) ) ;
#299 = DIRECTION ( 'NONE',  ( 0.0000000000000000000, 0.0000000000000000000, 1.000000000000000000 ) ) ;
#300 = DIRECTION ( 'NONE',  ( 0.0000000000000000000, 0.0000000000000000000, 1.000000000000000000 ) ) ;
#301 = CARTESIAN_POINT ( 'NONE',  ( -3.379109865157515100, -1.444122334630076000, 2.398930574108056200 ) ) ;
#302 = ORIENTED_EDGE ( 'NONE', *, *, #1264, .T. ) ;
#303 = CARTESIAN_POINT ( 'NONE',  ( 1.018098267717663300, 0.7000000000000209400, 1.956288703197599500 ) ) ;
#304 = DIRECTION ( 'NONE',  ( 0.2300000000000108300, -0.0000000000000000000, 0.9731906288081461100 ) ) ;
#305 = ORIENTED_EDGE ( 'NONE', *, *, #663, .F. ) ;
#306 = CARTESIAN_POINT ( 'NONE',  ( -2.987571704031249300, -1.496442774503553300, 2.600189668876489200 ) ) ;
#307 = CYLINDRICAL_SURFACE ( 'NONE', #5289, 0.6599999999999000000 ) ;
#308 = AXIS2_PLACEMENT_3D ( 'NONE', #688, #3912, #1158 ) ;
#309 = ORIENTED_EDGE ( 'NONE', *, *, #634, .T. ) ;
#310 = CARTESIAN_POINT ( 'NONE',  ( 2.599871836915291100, 7.791421356237146200, -0.02581533681181700400 ) ) ;
#311 = DIRECTION ( 'NONE',  ( 0.0000000000000000000, 0.0000000000000000000, -1.000000000000000000 ) ) ;
#312 = FACE_OUTER_BOUND ( 'NONE', #2260, .T. ) ;
#313 = EDGE_CURVE ( 'NONE', #952, #1465, #3050, .T. ) ;
#314 = ADVANCED_FACE ( 'NONE', ( #2904 ), #5347, .T. ) ;
#315 = DIRECTION ( 'NONE',  ( 0.0000000000000000000, 0.2300000000004466800, 0.9731906288080430800 ) ) ;
#316 = FACE_OUTER_BOUND ( 'NONE', #5042, .T. ) ;
#317 = DIRECTION ( 'NONE',  ( 1.000000000000000000, 0.0000000000000000000, 0.0000000000000000000 ) ) ;
#318 = CARTESIAN_POINT ( 'NONE',  ( -0.6499999999990455600, 7.827997115338075900, -2.515533902422196500 ) ) ;
#319 = EDGE_CURVE ( 'NONE', #3553, #567, #3245, .T. ) ;
#320 = CARTESIAN_POINT ( 'NONE',  ( -3.384102630528745600, -1.430955904849118900, 2.406797922742363000 ) ) ;
#321 = ORIENTED_EDGE ( 'NONE', *, *, #350, .F. ) ;
#322 =( LENGTH_UNIT ( ) NAMED_UNIT ( * ) SI_UNIT ( .MILLI., .METRE. ) );
#323 = CARTESIAN_POINT ( 'NONE',  ( 1.152507335239362900, 0.7000000000000209400, 1.880243711652219900 ) ) ;
#324 = CARTESIAN_POINT ( 'NONE',  ( -1.828652523168537100, 6.618082509800279600, 1.256493596882512200 ) ) ;
#325 = DIRECTION ( 'NONE',  ( -1.000000000000000000, 0.0000000000000000000, 0.0000000000000000000 ) ) ;
#326 = CARTESIAN_POINT ( 'NONE',  ( 1.232222284288736700E-013, 9.299999999999998900, 2.600000000000027600 ) ) ;
#327 = EDGE_CURVE ( 'NONE', #4152, #3974, #2907, .T. ) ;
#328 = LINE ( 'NONE', #1904, #168 ) ;
#329 = AXIS2_PLACEMENT_3D ( 'NONE', #5828, #5405, #4519 ) ;
#330 = DIRECTION ( 'NONE',  ( 0.0000000000000000000, 0.9731906288080431900, -0.2300000000004467100 ) ) ;
#331 = CARTESIAN_POINT ( 'NONE',  ( -0.6500000000000000200, 7.750000000000000000, -2.414021540914999900 ) ) ;
#332 = CARTESIAN_POINT ( 'NONE',  ( -3.386508600236211500, -1.417551074224792800, 2.414658659302336000 ) ) ;
#333 = DIRECTION ( 'NONE',  ( 0.0000000000000000000, 0.0000000000000000000, 1.000000000000000000 ) ) ;
#334 = CARTESIAN_POINT ( 'NONE',  ( 1.277546502564063300, 0.7000000000000209400, 1.791054140383897500 ) ) ;
#335 = CARTESIAN_POINT ( 'NONE',  ( -1.907077460108136200, 6.618082509800279600, 1.123354473804684100 ) ) ;
#336 = CARTESIAN_POINT ( 'NONE',  ( 0.6500000000044015000, 7.926340890504313600, -2.138819986505105000 ) ) ;
#337 = LOCAL_TIME ( 14, 32, 24.00000000000000000, #341 ) ;
#338 = ADVANCED_FACE ( 'NONE', ( #3185 ), #3314, .T. ) ;
#339 = VERTEX_POINT ( 'NONE', #3341 ) ;
#340 = CARTESIAN_POINT ( 'NONE',  ( -2.238155578050000200, 3.177958443786157100E-016, -2.594999999999000100 ) ) ;
#341 = COORDINATED_UNIVERSAL_TIME_OFFSET ( 8, 0, .BEHIND. ) ;
#342 = CC_DESIGN_DATE_AND_TIME_ASSIGNMENT ( #3955, #4526, ( #5615 ) ) ;
#343 = EDGE_LOOP ( 'NONE', ( #4175, #2333 ) ) ;
#344 = EDGE_CURVE ( 'NONE', #4691, #1138, #5624, .T. ) ;
#345 = CARTESIAN_POINT ( 'NONE',  ( -3.251232803121317800, -1.612308129542119600, -2.290130996037032000 ) ) ;
#346 = EDGE_LOOP ( 'NONE', ( #2684, #2635, #1325, #18 ) ) ;
#347 = VERTEX_POINT ( 'NONE', #2629 ) ;
#348 = DIRECTION ( 'NONE',  ( 0.0000000000000000000, 0.0000000000000000000, -1.000000000000000000 ) ) ;
#349 =( NAMED_UNIT ( * ) SI_UNIT ( $, .STERADIAN. ) SOLID_ANGLE_UNIT ( ) );
#350 = EDGE_CURVE ( 'NONE', #2725, #5565, #3257, .T. ) ;
#351 = CARTESIAN_POINT ( 'NONE',  ( 1.402585669888763500, 0.7000000000000209400, 1.701864569115575200 ) ) ;
#352 = ORIENTED_EDGE ( 'NONE', *, *, #2529, .F. ) ;
#353 = CARTESIAN_POINT ( 'NONE',  ( -0.4399391442942631700, 6.599041254900132700, 2.162369978321303100 ) ) ;
#354 = DIRECTION ( 'NONE',  ( 0.0000000000000000000, 1.000000000000000000, 0.0000000000000000000 ) ) ;
#355 = CARTESIAN_POINT ( 'NONE',  ( -19.68077914467999500, 0.9999999999999998900, -0.5000000000000000000 ) ) ;
#356 = VERTEX_POINT ( 'NONE', #2651 ) ;
#357 = CARTESIAN_POINT ( 'NONE',  ( -3.480457152632249400, -1.342313387781209700, -2.457471775963319300 ) ) ;
#358 = CIRCLE ( 'NONE', #2174, 2.200000000000000200 ) ;
#359 = ORIENTED_EDGE ( 'NONE', *, *, #1902, .F. ) ;
#360 = CARTESIAN_POINT ( 'NONE',  ( -2.989963370605698100, -1.434514286664888800, -2.404786759114455400 ) ) ;
#361 = CARTESIAN_POINT ( 'NONE',  ( -2.988506319570663400, -1.510447078129796500, -2.592020118416805500 ) ) ;
#362 = ADVANCED_FACE ( 'NONE', ( #3305 ), #5445, .F. ) ;
#363 = ORIENTED_EDGE ( 'NONE', *, *, #4202, .F. ) ;
#364 = DIRECTION ( 'NONE',  ( 1.000000000000000000, 0.0000000000000000000, 0.0000000000000000000 ) ) ;
#365 = CARTESIAN_POINT ( 'NONE',  ( -1.680154808179502600, 7.949999999999989500, -1.986184298462133400 ) ) ;
#366 = ORIENTED_EDGE ( 'NONE', *, *, #3647, .F. ) ;
#367 = CARTESIAN_POINT ( 'NONE',  ( -3.388016134336897100, -1.404401790006338100, 2.422324779256244600 ) ) ;
#368 = AXIS2_PLACEMENT_3D ( 'NONE', #4764, #1708, #1241 ) ;
#369 = PERSON_AND_ORGANIZATION_ROLE ( 'design_owner' ) ;
#370 = CIRCLE ( 'NONE', #1228, 2.399999999999999900 ) ;
#371 = ORIENTED_EDGE ( 'NONE', *, *, #1878, .F. ) ;
#372 = DIRECTION ( 'NONE',  ( 0.0000000000000000000, 1.000000000000000000, 0.0000000000000000000 ) ) ;
#373 = CARTESIAN_POINT ( 'NONE',  ( -0.5909010473662005300, 6.599041254900132700, 2.131656432015938600 ) ) ;
#374 = CARTESIAN_POINT ( 'NONE',  ( 2.367341638154477800, 7.949999999999995700, -1.094647071127716500 ) ) ;
#375 = CARTESIAN_POINT ( 'NONE',  ( 0.0000000000000000000, 0.4060000000000000800, 0.0000000000000000000 ) ) ;
#376 = VERTEX_POINT ( 'NONE', #2457 ) ;
#377 = AXIS2_PLACEMENT_3D ( 'NONE', #233, #2567, #3049 ) ;
#378 = CIRCLE ( 'NONE', #2493, 0.6599999999999000000 ) ;
#379 = CARTESIAN_POINT ( 'NONE',  ( -2.599871836915291100, 7.791421356237146200, 0.02581533681181731600 ) ) ;
#380 = APPROVAL ( #3720, 'UNSPECIFIED' ) ;
#381 = CARTESIAN_POINT ( 'NONE',  ( -3.244743922403815300, -1.271852652561946500, 2.494758213380812200 ) ) ;
#382 = DIRECTION ( 'NONE',  ( 1.000000000000000000, 0.0000000000000000000, 0.0000000000000000000 ) ) ;
#383 = CARTESIAN_POINT ( 'NONE',  ( -0.6500000000004374500, 7.910402645489013700, -2.123028016280026400 ) ) ;
#384 = CIRCLE ( 'NONE', #1848, 0.6599999999999000000 ) ;
#385 = DIRECTION ( 'NONE',  ( -1.000000000000000000, 0.0000000000000000000, 0.0000000000000000000 ) ) ;
#386 = CARTESIAN_POINT ( 'NONE',  ( -14.23815557805000200, 0.0000000000000000000, 0.0000000000000000000 ) ) ;
#387 = PLANE ( 'NONE',  #1660 ) ;
#388 = EDGE_CURVE ( 'NONE', #1891, #5332, #3386, .T. ) ;
#389 = LINE ( 'NONE', #2345, #436 ) ;
#390 = CARTESIAN_POINT ( 'NONE',  ( -3.387288684136206700, -1.413204846373397300, 2.417207333964993300 ) ) ;
#391 = DATE_TIME_ROLE ( 'classification_date' ) ;
#392 = ADVANCED_FACE ( 'NONE', ( #3372 ), #3476, .T. ) ;
#393 = CARTESIAN_POINT ( 'NONE',  ( 1.518246934031560100, 0.7000000000000209400, 1.599536126597965300 ) ) ;
#394 = CARTESIAN_POINT ( 'NONE',  ( -0.7386300988779844800, 6.599041254900132700, 2.085077640992031100 ) ) ;
#395 = CARTESIAN_POINT ( 'NONE',  ( 1.895584152971314900, 6.580000000000002700, 1.116584398513617000 ) ) ;
#396 = VECTOR ( 'NONE', #3313, 1000.000000000000100 ) ;
#397 = DIRECTION ( 'NONE',  ( 0.0000000000000000000, 0.0000000000000000000, 1.000000000000000000 ) ) ;
#398 = ADVANCED_FACE ( 'NONE', ( #3327 ), #5372, .F. ) ;
#399 = EDGE_CURVE ( 'NONE', #1294, #2359, #3241, .T. ) ;
#400 = CARTESIAN_POINT ( 'NONE',  ( -2.548241163291656600, 7.791421356237144400, 5.225559010642398600 ) ) ;
#401 = CARTESIAN_POINT ( 'NONE',  ( -3.193498523430587300, -1.707904918960118800, -2.466389951976518000 ) ) ;
#402 = CARTESIAN_POINT ( 'NONE',  ( 1.138499999999942100, 9.250000000000000000, 2.417293612600350400 ) ) ;
#403 = CARTESIAN_POINT ( 'NONE',  ( -3.387893249396426200, -1.393142682420519300, 2.428818157019450900 ) ) ;
#404 = DIRECTION ( 'NONE',  ( 0.0000000000000000000, 1.000000000000000000, 0.0000000000000000000 ) ) ;
#405 = CARTESIAN_POINT ( 'NONE',  ( 1.970833333333312300, 0.0000000000000000000, 0.9776584128530305700 ) ) ;
#406 = AXIS2_PLACEMENT_3D ( 'NONE', #2564, #5640, #3048 ) ;
#407 = CARTESIAN_POINT ( 'NONE',  ( -2.680779144684000100, 0.0000000000000000000, 0.0000000000000000000 ) ) ;
#408 = DIRECTION ( 'NONE',  ( -1.000000000000000000, 0.0000000000000000000, 0.0000000000000000000 ) ) ;
#409 = ITEM_DEFINED_TRANSFORMATION ( 'NONE', 'NONE', #280,  #3218 ) ;
#410 = CONTEXT_DEPENDENT_SHAPE_REPRESENTATION ( #71, #2926 ) ;
#411 = ORIENTED_EDGE ( 'NONE', *, *, #2657, .T. ) ;
#412 = APPROVAL_ROLE ( '' ) ;
#413 = CARTESIAN_POINT ( 'NONE',  ( -3.031920254981371500, 2.796616257704978000, -0.1439769863229051500 ) ) ;
#414 = CARTESIAN_POINT ( 'NONE',  ( 1.622010140982260900, 0.7000000000000209400, 1.486298456754456400 ) ) ;
#415 = CARTESIAN_POINT ( 'NONE',  ( -0.8799074168266515200, 6.599041254900132700, 2.023648514846659200 ) ) ;
#416 = CARTESIAN_POINT ( 'NONE',  ( 0.6499999999953943700, 7.965963291017595300, -2.264001923102302100 ) ) ;
#417 = VERTEX_POINT ( 'NONE', #3900 ) ;
#418 = CARTESIAN_POINT ( 'NONE',  ( -3.406697061168628700, -1.237314818908408200, -2.512235120608145700 ) ) ;
#419 = CARTESIAN_POINT ( 'NONE',  ( -2.238155578050000200, 0.0000000000000000000, 0.0000000000000000000 ) ) ;
#420 = EDGE_CURVE ( 'NONE', #1294, #4314, #3396, .T. ) ;
#421 = CARTESIAN_POINT ( 'NONE',  ( 0.3322798871330700000, 5.628344620189801100, 1.633207823525586500 ) ) ;
#422 = ADVANCED_FACE ( 'NONE', ( #3436 ), #3170, .F. ) ;
#423 = VERTEX_POINT ( 'NONE', #471 ) ;
#424 = EDGE_CURVE ( 'NONE', #2561, #5805, #3134, .T. ) ;
#425 = VERTEX_POINT ( 'NONE', #5162 ) ;
#426 = VECTOR ( 'NONE', #4238, 1000.000000000000200 ) ;
#427 = CARTESIAN_POINT ( 'NONE',  ( -10.18077914468000100, 0.0000000000000000000, 0.6599999999999000000 ) ) ;
#428 = EDGE_LOOP ( 'NONE', ( #3968, #3166, #4919, #5133, #5206, #4651 ) ) ;
#429 = APPROVAL_STATUS ( 'not_yet_approved' ) ;
#430 = DIRECTION ( 'NONE',  ( -1.000000000000000000, 0.0000000000000000000, 0.0000000000000000000 ) ) ;
#431 = EDGE_CURVE ( 'NONE', #4255, #5813, #3457, .T. ) ;
#432 = EDGE_CURVE ( 'NONE', #1185, #2576, #3469, .T. ) ;
#433 = CARTESIAN_POINT ( 'NONE',  ( 1.725773347932961800, 0.7000000000000209400, 1.373060786910947500 ) ) ;
#434 = CARTESIAN_POINT ( 'NONE',  ( -3.088385161810330600, -1.406962080319959000, 2.420839114794109300 ) ) ;
#435 = EDGE_LOOP ( 'NONE', ( #2436, #1758 ) ) ;
#436 = VECTOR ( 'NONE', #2849, 1000.000000000000100 ) ;
#437 = ORIENTED_EDGE ( 'NONE', *, *, #130, .T. ) ;
#438 = ORIENTED_EDGE ( 'NONE', *, *, #5663, .F. ) ;
#439 = CARTESIAN_POINT ( 'NONE',  ( -2.599871836915291600, 7.849999999999999600, 0.02581533681181731600 ) ) ;
#440 = CARTESIAN_POINT ( 'NONE',  ( -3.051789248556120900, -1.251308270533515500, -2.505323040378294700 ) ) ;
#441 = ORIENTED_EDGE ( 'NONE', *, *, #12, .F. ) ;
#442 = FACE_OUTER_BOUND ( 'NONE', #224, .T. ) ;
#443 = AXIS2_PLACEMENT_3D ( 'NONE', #1131, #4331, #1599 ) ;
#444 = ORIENTED_EDGE ( 'NONE', *, *, #3441, .F. ) ;
#445 = ORIENTED_EDGE ( 'NONE', *, *, #5479, .F. ) ;
#446 = CYLINDRICAL_SURFACE ( 'NONE', #4401, 0.6599999999999000000 ) ;
#447 = DIRECTION ( 'NONE',  ( -1.000000000000000000, 0.0000000000000000000, 0.0000000000000000000 ) ) ;
#448 = DIRECTION ( 'NONE',  ( 0.0000000000000000000, -0.0000000000000000000, -1.000000000000000000 ) ) ;
#449 = CARTESIAN_POINT ( 'NONE',  ( 1.153175973765088600, 0.6999998936671194500, 1.879754193963307800 ) ) ;
#450 = APPLICATION_PROTOCOL_DEFINITION ( 'international standard', 'config_control_design', 1994, #4920 ) ;
#451 = DIRECTION ( 'NONE',  ( 0.0000000000000000000, 0.0000000000000000000, 1.000000000000000000 ) ) ;
#452 = ADVANCED_FACE ( 'NONE', ( #3574 ), #5646, .T. ) ;
#453 = CARTESIAN_POINT ( 'NONE',  ( -1.021184734775318900, 6.599041254900132700, 1.962219388701287100 ) ) ;
#454 = VECTOR ( 'NONE', #4103, 1000.000000000000100 ) ;
#455 = SECURITY_CLASSIFICATION ( '', '', #5797 ) ;
#456 =( BOUNDED_CURVE ( )  B_SPLINE_CURVE ( 3, ( #1958, #1982, #2183, #1939 ),
 .UNSPECIFIED., .F., .F. ) 
 B_SPLINE_CURVE_WITH_KNOTS ( ( 4, 4 ),
 ( 0.7451945066101791600, 1.000000000000000000 ),
 .UNSPECIFIED. ) 
 CURVE ( )  GEOMETRIC_REPRESENTATION_ITEM ( )  RATIONAL_B_SPLINE_CURVE ( ( 1.000000000000000000, 0.9831540803037702700, 0.9831540803037702700, 1.000000000000000000 ) ) 
 REPRESENTATION_ITEM ( '' )  );
#457 = CARTESIAN_POINT ( 'NONE',  ( -2.299841650258516600, 7.950000000000000200, 0.02698858529335530800 ) ) ;
#458 = CARTESIAN_POINT ( 'NONE',  ( -3.386079917192713000, -1.220559152273017000, -2.520579227950155800 ) ) ;
#459 = FACE_BOUND ( 'NONE', #3243, .T. ) ;
#460 = DIRECTION ( 'NONE',  ( 0.9731906288081462200, 0.0000000000000000000, 0.2300000000000105300 ) ) ;
#461 = CARTESIAN_POINT ( 'NONE',  ( 1.138300687624877100, 7.649999999999999500, 3.105991849046158700 ) ) ;
#462 = ORIENTED_EDGE ( 'NONE', *, *, #548, .T. ) ;
#463 = CYLINDRICAL_SURFACE ( 'NONE', #472, 2.200000000000000200 ) ;
#464 = CARTESIAN_POINT ( 'NONE',  ( -14.23815557805000200, 2.210487472459747700E-016, -1.804999999999000100 ) ) ;
#465 = DIRECTION ( 'NONE',  ( 0.0000000000000000000, -0.0000000000000000000, 1.000000000000000000 ) ) ;
#466 = CIRCLE ( 'NONE', #1116, 2.399999999999999900 ) ;
#467 = SECURITY_CLASSIFICATION_LEVEL ( 'unclassified' ) ;
#468 = CARTESIAN_POINT ( 'NONE',  ( -3.017106866605533200, 2.797728688949179300, -0.1195339672241469400 ) ) ;
#469 = CARTESIAN_POINT ( 'NONE',  ( -1.156001276872224300, 6.599041254900132700, 1.885943859133453400 ) ) ;
#470 = CARTESIAN_POINT ( 'NONE',  ( -3.387804991708736900, -1.408809046648889600, 2.419770277809659000 ) ) ;
#471 = CARTESIAN_POINT ( 'NONE',  ( -3.487794584502692500, 2.799969938772675100, -0.01343005797876041200 ) ) ;
#472 = AXIS2_PLACEMENT_3D ( 'NONE', #3999, #3146, #4873 ) ;
#473 = CARTESIAN_POINT ( 'NONE',  ( 0.4386094557178395500, 6.580000000000000100, 2.155834350165866100 ) ) ;
#474 = APPROVAL_PERSON_ORGANIZATION ( #475, #1831, #3760 ) ;
#475 = PERSON_AND_ORGANIZATION ( #1773, #479 ) ;
#476 = CARTESIAN_POINT ( 'NONE',  ( -7.238155578049999800, 3.490243377568731800E-016, -2.849999999999000000 ) ) ;
#477 = CARTESIAN_POINT ( 'NONE',  ( -2.680779144684000100, 8.082668874371306600E-017, -0.6599999999999000000 ) ) ;
#478 = CARTESIAN_POINT ( 'NONE',  ( 2.239583333333149600, 7.750000000000000900, 1.110975469150949900 ) ) ;
#479 = ORGANIZATION ( 'NAUO-ORG3', 'UNSPECIFIED', 'UNSPECIFIED' ) ;
#480 = AXIS2_PLACEMENT_3D ( 'NONE', #5596, #4753, #2072 ) ;
#481 = ORIENTED_EDGE ( 'NONE', *, *, #3845, .F. ) ;
#482 = DIRECTION ( 'NONE',  ( 0.0000000000000000000, 0.0000000000000000000, -1.000000000000000000 ) ) ;
#483 = DATE_TIME_ROLE ( 'creation_date' ) ;
#484 = CARTESIAN_POINT ( 'NONE',  ( -3.479651782002679100, 2.799303293971910500, -0.06966821099907448400 ) ) ;
#485 = AXIS2_PLACEMENT_3D ( 'NONE', #2870, #2950, #1070 ) ;
#486 = ORIENTED_EDGE ( 'NONE', *, *, #2400, .T. ) ;
#487 = CARTESIAN_POINT ( 'NONE',  ( -1.281419512979479200, 6.599041254900132700, 1.796483900730278600 ) ) ;
#488 = CC_DESIGN_DATE_AND_TIME_ASSIGNMENT ( #2851, #2348, ( #5188 ) ) ;
#489 = CARTESIAN_POINT ( 'NONE',  ( 2.163621086875134700, 7.703007516576680500, 1.073293373941367900 ) ) ;
#490 = CARTESIAN_POINT ( 'NONE',  ( -4.188155578049999900, 0.0000000000000000000, 2.200000000000000200 ) ) ;
#491 = DIRECTION ( 'NONE',  ( 0.8616291604392543000, 0.0000000000000000000, 0.5075383629645603400 ) ) ;
#492 = EDGE_LOOP ( 'NONE', ( #3885, #5222 ) ) ;
#493 = DIRECTION ( 'NONE',  ( 0.0000000000000000000, 0.0000000000000000000, -1.000000000000000000 ) ) ;
#494 = CARTESIAN_POINT ( 'NONE',  ( -0.3322798871330665000, 5.628344620189725600, 1.633207823525568300 ) ) ;
#495 = CARTESIAN_POINT ( 'NONE',  ( -0.4865953144041848500, 14.69999999999999900, -2.284999999999968200 ) ) ;
#496 = EDGE_CURVE ( 'NONE', #2888, #5690, #3719, .T. ) ;
#497 = ORIENTED_EDGE ( 'NONE', *, *, #4494, .T. ) ;
#498 = CARTESIAN_POINT ( 'NONE',  ( -17.68077914467999500, -6.123233995736766000E-017, 0.5000000000000000000 ) ) ;
#499 = EDGE_LOOP ( 'NONE', ( #359, #5678, #3290, #2201, #2886, #4552 ) ) ;
#500 = EDGE_CURVE ( 'NONE', #4697, #376, #3692, .T. ) ;
#501 = VECTOR ( 'NONE', #2862, 1000.000000000000000 ) ;
#502 = ORIENTED_EDGE ( 'NONE', *, *, #5119, .T. ) ;
#503 = DIRECTION ( 'NONE',  ( 0.0000000000000000000, 0.0000000000000000000, 1.000000000000000000 ) ) ;
#504 = CARTESIAN_POINT ( 'NONE',  ( -1.238155578050000000, 0.0000000000000000000, 0.0000000000000000000 ) ) ;
#505 = ORIENTED_EDGE ( 'NONE', *, *, #5764, .F. ) ;
#506 = APPROVAL_ROLE ( '' ) ;
#507 = CARTESIAN_POINT ( 'NONE',  ( -3.006703459583953000, 2.798534919025391400, -0.09374614331025800400 ) ) ;
#508 = FACE_OUTER_BOUND ( 'NONE', #3697, .T. ) ;
#509 = EDGE_LOOP ( 'NONE', ( #371, #5639, #3349, #2217, #3041, #4561, #4120, #870 ) ) ;
#510 = EDGE_CURVE ( 'NONE', #4038, #2416, #3656, .T. ) ;
#511 = CARTESIAN_POINT ( 'NONE',  ( -1.406837749086733600, 6.599041254900132700, 1.707023942327103900 ) ) ;
#512 = ORIENTED_EDGE ( 'NONE', *, *, #5695, .F. ) ;
#513 = CARTESIAN_POINT ( 'NONE',  ( -3.487794584502692500, 2.799969938769825400, -0.01343005797876033400 ) ) ;
#514 = CIRCLE ( 'NONE', #2051, 5.000000000000000000 ) ;
#515 = CARTESIAN_POINT ( 'NONE',  ( -2.238155578050000200, 1.120391659893821900, 2.340672452188724300 ) ) ;
#516 = CARTESIAN_POINT ( 'NONE',  ( -7.180779144684000100, 0.0000000000000000000, 0.5000000000000000000 ) ) ;
#517 = CARTESIAN_POINT ( 'NONE',  ( 2.651502510538925600, 7.849999999999999600, 5.173928337018765000 ) ) ;
#518 = ORIENTED_EDGE ( 'NONE', *, *, #3258, .T. ) ;
#519 = CARTESIAN_POINT ( 'NONE',  ( -2.238155578050000200, 0.0000000000000000000, 0.0000000000000000000 ) ) ;
#520 = CARTESIAN_POINT ( 'NONE',  ( -3.050237574998955600, -1.640526833428362900, -2.511710642338345500 ) ) ;
#521 = CARTESIAN_POINT ( 'NONE',  ( 1.817631856449493800, 0.7000000000000209400, 1.248921137385472500 ) ) ;
#522 = DIRECTION ( 'NONE',  ( 0.0000000000000000000, 0.0000000000000000000, -1.000000000000000000 ) ) ;
#523 = CARTESIAN_POINT ( 'NONE',  ( -1.970833333333262400, 0.7000000000000000700, 0.9776584128531306000 ) ) ;
#524 = LINE ( 'NONE', #1414, #678 ) ;
#525 = CARTESIAN_POINT ( 'NONE',  ( 1.149999999999942600, 14.33218770848433000, 2.465953144040757400 ) ) ;
#526 = EDGE_CURVE ( 'NONE', #4863, #5746, #3641, .T. ) ;
#527 = DIRECTION ( 'NONE',  ( 0.007937191230892660600, 0.0000000000000000000, -0.9999685000015571300 ) ) ;
#528 = CARTESIAN_POINT ( 'NONE',  ( -2.238155578050000200, 0.0000000000000000000, 0.0000000000000000000 ) ) ;
#529 = CYLINDRICAL_SURFACE ( 'NONE', #1727, 2.200000000000000200 ) ;
#530 = CARTESIAN_POINT ( 'NONE',  ( -4.238155578049999800, 6.123233995736766000E-017, -0.5000000000000000000 ) ) ;
#531 = APPROVAL_STATUS ( 'not_yet_approved' ) ;
#532 = CARTESIAN_POINT ( 'NONE',  ( -2.996271507499928400, 2.799343361250741200, -0.06788756228358947000 ) ) ;
#533 = ORIENTED_EDGE ( 'NONE', *, *, #4701, .F. ) ;
#534 = CARTESIAN_POINT ( 'NONE',  ( -1.522849651957580900, 6.599041254900132700, 1.604385280868055400 ) ) ;
#535 = B_SPLINE_CURVE_WITH_KNOTS ( 'NONE', 3,
 ( #1468, #3363, #1512, #4661, #1960, #5123 ),
 .UNSPECIFIED., .F., .F.,
 ( 4, 2, 4 ),
 ( 2.082684362675785000E-018, 0.002982098262657372700, 0.005964196525314742800 ),
 .UNSPECIFIED. ) ;
#536 = LINE ( 'NONE', #4986, #454 ) ;
#537 = CARTESIAN_POINT ( 'NONE',  ( 0.0000000000000000000, 0.0000000000000000000, 0.0000000000000000000 ) ) ;
#538 = DIRECTION ( 'NONE',  ( -1.776356839400248900E-015, 0.0000000000000000000, 1.000000000000000000 ) ) ;
#539 = CARTESIAN_POINT ( 'NONE',  ( 0.0000000000000000000, 7.849999999999999600, 0.0000000000000000000 ) ) ;
#540 = AXIS2_PLACEMENT_3D ( 'NONE', #2229, #2211, #2249 ) ;
#541 = CARTESIAN_POINT ( 'NONE',  ( 1.895584152971340600, 0.7000000000000209400, 1.116584398513564200 ) ) ;
#542 = CARTESIAN_POINT ( 'NONE',  ( -1.104000000000172400, 14.19999999999999900, 2.271315018279128400 ) ) ;
#543 = CYLINDRICAL_SURFACE ( 'NONE', #1431, 3.000000000000000000 ) ;
#544 = CARTESIAN_POINT ( 'NONE',  ( -2.238155578050000200, 2.921918030004946800, 0.7852436530778406100 ) ) ;
#545 = B_SPLINE_CURVE_WITH_KNOTS ( 'NONE', 3,
 ( #4533, #1365, #2313, #5424, #2798, #5839, #3256, #440, #3679, #911, #4125, #1391, #4547, #1850, #5003, #2337, #5439, #2822, #5, #3270, #458, #3696, #932, #4141, #1412, #4567, #1863, #5019, #2358, #5454, #2840 ),
 .UNSPECIFIED., .F., .F.,
 ( 4, 3, 3, 3, 3, 3, 3, 3, 3, 3, 4 ),
 ( 0.5000000000000000000, 0.5384148221999252000, 0.5906190727265603300, 0.6457700782693073200, 0.6981573959693914100, 0.7528990905575392300, 0.8059682131061030000, 0.8593831291896629800, 0.9140636652131082200, 0.9665116997957339300, 1.000000000000000000 ),
 .UNSPECIFIED. ) ;
#546 = CARTESIAN_POINT ( 'NONE',  ( 0.3389254885092484700, 3.140605763927361700, 1.665871997855406000 ) ) ;
#547 = PRODUCT_DEFINITION_SHAPE ( 'NONE', 'NONE',  #2683 ) ;
#548 = EDGE_CURVE ( 'NONE', #3430, #2055, #3630, .T. ) ;
#549 = APPROVAL_DATE_TIME ( #551, #1831 ) ;
#550 = CARTESIAN_POINT ( 'NONE',  ( -15.03815557810019900, 3.673940397442059900E-016, -3.000000000000000000 ) ) ;
#551 = DATE_AND_TIME ( #554, #556 ) ;
#552 = CARTESIAN_POINT ( 'NONE',  ( -2.989963370605744200, 2.799863567409987200, -0.03993243478670510700 ) ) ;
#553 = CARTESIAN_POINT ( 'NONE',  ( -1.626927427482068200, 6.599041254900132700, 1.490804319665804500 ) ) ;
#554 = CALENDAR_DATE ( 2016, 15, 9 ) ;
#555 = CARTESIAN_POINT ( 'NONE',  ( 0.4056963721432968500, 1.171318190597697300, 1.994061376020119600 ) ) ;
#556 = LOCAL_TIME ( 14, 32, 24.00000000000000000, #630 ) ;
#557 = CARTESIAN_POINT ( 'NONE',  ( -3.479651782002679100, 2.799303293969059400, -0.06966821099907448400 ) ) ;
#558 = VERTEX_POINT ( 'NONE', #1984 ) ;
#559 = CARTESIAN_POINT ( 'NONE',  ( -3.035177239196143800, 2.996465972581729500, 0.1456376441742385800 ) ) ;
#560 = CARTESIAN_POINT ( 'NONE',  ( -3.427764837497768700, -1.354438272799727700, -2.676916410300589800 ) ) ;
#561 = DIRECTION ( 'NONE',  ( 0.0000000000000000000, 0.0000000000000000000, 1.000000000000000000 ) ) ;
#562 = CARTESIAN_POINT ( 'NONE',  ( -2.680779144684000100, 0.0000000000000000000, 0.0000000000000000000 ) ) ;
#563 = VERTEX_POINT ( 'NONE', #4080 ) ;
#564 = CARTESIAN_POINT ( 'NONE',  ( 0.5449081181368928800, 1.171318190597697300, 1.965738426190933600 ) ) ;
#565 = CARTESIAN_POINT ( 'NONE',  ( -1.051299879998510300, 14.46148297551680000, 2.284367641370916400 ) ) ;
#566 = CARTESIAN_POINT ( 'NONE',  ( -1.150000000000164000, 9.449999999999999300, 2.465953144040758700 ) ) ;
#567 = VERTEX_POINT ( 'NONE', #4297 ) ;
#568 = CARTESIAN_POINT ( 'NONE',  ( -2.148218197946954300, 7.908578643762684400, 4.425512238601259100 ) ) ;
#569 = DIRECTION ( 'NONE',  ( 0.0000000000000000000, 0.0000000000000000000, 1.000000000000000000 ) ) ;
#570 = B_SPLINE_CURVE_WITH_KNOTS ( 'NONE', 3,
 ( #3077, #5675, #3945, #1194, #4383, #1653, #4813, #2138 ),
 .UNSPECIFIED., .F., .F.,
 ( 4, 2, 2, 4 ),
 ( 2.444845848820790100E-017, 0.0009229685156842029400, 0.001384452773526292300, 0.001845937031368381600 ),
 .UNSPECIFIED. ) ;
#571 = VERTEX_POINT ( 'NONE', #4124 ) ;
#572 = DIRECTION ( 'NONE',  ( -1.000000000000000000, 0.0000000000000000000, 0.0000000000000000000 ) ) ;
#573 = CARTESIAN_POINT ( 'NONE',  ( -3.104801091911714400, -1.458938936546074800, 2.390001549648737000 ) ) ;
#574 = CIRCLE ( 'NONE', #3605, 0.04999999999999996100 ) ;
#575 = AXIS2_PLACEMENT_3D ( 'NONE', #1841, #1701, #1678 ) ;
#576 =( GEOMETRIC_REPRESENTATION_CONTEXT ( 3 ) GLOBAL_UNCERTAINTY_ASSIGNED_CONTEXT ( ( #2081 ) ) GLOBAL_UNIT_ASSIGNED_CONTEXT ( ( #5770, #3177, #349 ) ) REPRESENTATION_CONTEXT ( 'NONE', 'WORKASPACE' ) );
#577 = CARTESIAN_POINT ( 'NONE',  ( -1.731005203006555200, 6.599041254900132700, 1.377223358463553600 ) ) ;
#578 = CC_DESIGN_DATE_AND_TIME_ASSIGNMENT ( #996, #2409, ( #5271 ) ) ;
#579 = VERTEX_POINT ( 'NONE', #4320 ) ;
#580 = CARTESIAN_POINT ( 'NONE',  ( 0.6811386423714295100, 1.171318190597697300, 1.922785106891433700 ) ) ;
#581 = CARTESIAN_POINT ( 'NONE',  ( -3.356994986764430000, 2.991946113849288200, -0.2197204403956552500 ) ) ;
#582 = VERTEX_POINT ( 'NONE', #4195 ) ;
#583 = ORIENTED_EDGE ( 'NONE', *, *, #4030, .T. ) ;
#584 = CARTESIAN_POINT ( 'NONE',  ( -3.170786061004902600, 2.790346860143261100, 0.2404696571483167800 ) ) ;
#585 = CARTESIAN_POINT ( 'NONE',  ( -2.680779144684000100, 6.123233995736766000E-017, -0.5000000000000000000 ) ) ;
#586 = CARTESIAN_POINT ( 'NONE',  ( 0.8114196053210972500, 1.171318190597697300, 1.866137331979090600 ) ) ;
#587 = ORIENTED_EDGE ( 'NONE', *, *, #344, .T. ) ;
#588 = CARTESIAN_POINT ( 'NONE',  ( -2.993219006951474400, 2.799587100430695600, 0.05331345761994561000 ) ) ;
#589 = FACE_OUTER_BOUND ( 'NONE', #1171, .T. ) ;
#590 = ORIENTED_EDGE ( 'NONE', *, *, #1867, .F. ) ;
#591 = ORIENTED_EDGE ( 'NONE', *, *, #938, .F. ) ;
#592 = CIRCLE ( 'NONE', #5747, 2.200000000000000200 ) ;
#593 = ORIENTED_EDGE ( 'NONE', *, *, #3288, .T. ) ;
#594 = CARTESIAN_POINT ( 'NONE',  ( 0.0000000000000000000, 0.7000000000000000700, 0.0000000000000000000 ) ) ;
#595 = CARTESIAN_POINT ( 'NONE',  ( -3.296031708004989900, -1.660523621266033700, 2.385898408527229500 ) ) ;
#596 = PLANE ( 'NONE',  #4964 ) ;
#597 = CARTESIAN_POINT ( 'NONE',  ( -1.823142189809016100, 6.599041254900132700, 1.252707367133992600 ) ) ;
#598 = FACE_BOUND ( 'NONE', #2873, .T. ) ;
#599 = AXIS2_PLACEMENT_3D ( 'NONE', #1972, #3076, #132 ) ;
#600 = CARTESIAN_POINT ( 'NONE',  ( -3.193498523430862600, 2.789905701819838800, -0.2458940710797964900 ) ) ;
#601 = CARTESIAN_POINT ( 'NONE',  ( -3.361965845117797200, 2.992048236787729500, 0.2186029904526474400 ) ) ;
#602 = CARTESIAN_POINT ( 'NONE',  ( 2.599871836915291600, 7.849999999999999600, -0.02581533681181700000 ) ) ;
#603 = CIRCLE ( 'NONE', #3308, 2.600000000000000500 ) ;
#604 = CARTESIAN_POINT ( 'NONE',  ( 0.9417005682707650900, 1.171318190597697300, 1.809489557066747500 ) ) ;
#605 = CARTESIAN_POINT ( 'NONE',  ( 0.0000000000000000000, 6.580000000000000100, 2.200000000000000200 ) ) ;
#606 = CARTESIAN_POINT ( 'NONE',  ( -3.255814425025343800, 2.789617528859937900, 0.2493732766705479600 ) ) ;
#607 = AXIS2_PLACEMENT_3D ( 'NONE', #1424, #4577, #1875 ) ;
#608 = DIRECTION ( 'NONE',  ( -1.000000000000000000, 0.0000000000000000000, 0.0000000000000000000 ) ) ;
#609 = VECTOR ( 'NONE', #1453, 1000.000000000000100 ) ;
#610 = CARTESIAN_POINT ( 'NONE',  ( -0.6499999999999677100, 7.953341424365224700, -2.232952108054728800 ) ) ;
#611 = AXIS2_PLACEMENT_3D ( 'NONE', #4781, #2099, #5238 ) ;
#612 = CARTESIAN_POINT ( 'NONE',  ( -15.03815557810019900, 0.0000000000000000000, 0.0000000000000000000 ) ) ;
#613 = LINE ( 'NONE', #495, #609 ) ;
#614 = CARTESIAN_POINT ( 'NONE',  ( -3.485439517870107600, -1.462736228069780000, 2.388458526553918200 ) ) ;
#615 = PLANE ( 'NONE',  #2387 ) ;
#616 = CARTESIAN_POINT ( 'NONE',  ( -14.23815557805000200, 0.0000000000000000000, 0.0000000000000000000 ) ) ;
#617 = CARTESIAN_POINT ( 'NONE',  ( -1.901330806539739200, 6.599041254900132700, 1.119969436159124400 ) ) ;
#618 = CARTESIAN_POINT ( 'NONE',  ( 1.066023631455692300, 1.171318190597697300, 1.739150952215797300 ) ) ;
#619 = CARTESIAN_POINT ( 'NONE',  ( -3.031920254981371500, 2.996619369412680400, -0.1439769863229051500 ) ) ;
#620 = CIRCLE ( 'NONE', #2374, 2.600000000000000500 ) ;
#621 = EDGE_CURVE ( 'NONE', #579, #567, #4341, .T. ) ;
#622 = CARTESIAN_POINT ( 'NONE',  ( -3.471537303023774200, 2.798660466984727700, 0.09285381221859111100 ) ) ;
#623 = CARTESIAN_POINT ( 'NONE',  ( 0.7267846136001125900, 9.250000000000000000, 2.496354166666689100 ) ) ;
#624 = DIRECTION ( 'NONE',  ( 0.0000000000000000000, 1.000000000000000000, 0.0000000000000000000 ) ) ;
#625 = CARTESIAN_POINT ( 'NONE',  ( 1.181679908123110900, 1.171318190597697300, 1.656654131810149500 ) ) ;
#626 = DIRECTION ( 'NONE',  ( -1.000000000000000000, 0.0000000000000000000, 0.0000000000000000000 ) ) ;
#627 = EDGE_CURVE ( 'NONE', #980, #2258, #4186, .T. ) ;
#628 = CARTESIAN_POINT ( 'NONE',  ( -3.487712357837242600, 2.799970257209091400, 0.02190671868530848200 ) ) ;
#629 = CARTESIAN_POINT ( 'NONE',  ( -3.018250232623254100, -1.553768350334680400, 2.448154585928839400 ) ) ;
#630 = COORDINATED_UNIVERSAL_TIME_OFFSET ( 8, 0, .BEHIND. ) ;
#631 = CARTESIAN_POINT ( 'NONE',  ( -4.188155578049999900, 1.906207602793561400E-012, -2.399999999999549200 ) ) ;
#632 = DATE_AND_TIME ( #636, #703 ) ;
#633 = ORIENTED_EDGE ( 'NONE', *, *, #234, .F. ) ;
#634 = EDGE_CURVE ( 'NONE', #2179, #4368, #4174, .T. ) ;
#635 = CARTESIAN_POINT ( 'NONE',  ( 2.599871837070684100, 7.791421356237146200, -0.02581532116214592400 ) ) ;
#636 = CALENDAR_DATE ( 2016, 15, 9 ) ;
#637 = DIRECTION ( 'NONE',  ( 0.4443901876604229300, 0.0000000000000000000, 0.8958333333333462500 ) ) ;
#638 = EDGE_LOOP ( 'NONE', ( #163, #4279 ) ) ;
#639 = CARTESIAN_POINT ( 'NONE',  ( -0.4386094557178511500, 6.579999999999986700, 2.155834350165817300 ) ) ;
#640 = CARTESIAN_POINT ( 'NONE',  ( 1.297336184790529400, 1.171318190597697300, 1.574157311404502000 ) ) ;
#641 = CARTESIAN_POINT ( 'NONE',  ( -2.988067718840158100, 2.800009450221392800, -0.003689996214047333300 ) ) ;
#642 = CARTESIAN_POINT ( 'NONE',  ( -3.487610924279325600, 2.999957798097803200, -0.01655089190219518500 ) ) ;
#643 = DIRECTION ( 'NONE',  ( 0.0000000000000000000, 0.0000000000000000000, 1.000000000000000000 ) ) ;
#644 = AXIS2_PLACEMENT_3D ( 'NONE', #4102, #2781, #1368 ) ;
#645 = ORIENTED_EDGE ( 'NONE', *, *, #5406, .F. ) ;
#646 = CARTESIAN_POINT ( 'NONE',  ( -2.988516571607772800, -1.511615740886151000, 2.591335148510359500 ) ) ;
#647 = CARTESIAN_POINT ( 'NONE',  ( 1.404318272496420100, 1.171318190597697300, 1.479507555556161400 ) ) ;
#648 = DIRECTION ( 'NONE',  ( -1.000000000000000000, 0.0000000000000000000, 0.0000000000000000000 ) ) ;
#649 = CARTESIAN_POINT ( 'NONE',  ( -0.8851473531932898500, 0.6434418171282300100, 2.035699543447464500 ) ) ;
#650 = CARTESIAN_POINT ( 'NONE',  ( 0.1325032329614254700, 13.35010127691512100, 2.599989872311448300 ) ) ;
#651 = ORIENTED_EDGE ( 'NONE', *, *, #1029, .F. ) ;
#652 = LINE ( 'NONE', #585, #150 ) ;
#653 = CARTESIAN_POINT ( 'NONE',  ( -3.169901077813057600, -1.704481409891412900, 2.468761500123293700 ) ) ;
#654 = EDGE_LOOP ( 'NONE', ( #3096, #1829 ) ) ;
#655 = CARTESIAN_POINT ( 'NONE',  ( -1.150000000000164000, 9.449999999999999300, 2.465953144040758700 ) ) ;
#656 = EDGE_LOOP ( 'NONE', ( #3307, #166, #1820, #5058 ) ) ;
#657 = CIRCLE ( 'NONE', #4465, 0.6599999999999000000 ) ;
#658 = CARTESIAN_POINT ( 'NONE',  ( -4.500000000000000900, 0.0000000000000000000, 0.0000000000000000000 ) ) ;
#659 = APPROVAL ( #1822, 'UNSPECIFIED' ) ;
#660 = EDGE_LOOP ( 'NONE', ( #1083, #5752, #3451, #2737 ) ) ;
#661 = ORIENTED_EDGE ( 'NONE', *, *, #4209, .T. ) ;
#662 = CARTESIAN_POINT ( 'NONE',  ( -0.5891150858697914400, 6.579999999999986700, 2.125213633635190600 ) ) ;
#663 = EDGE_CURVE ( 'NONE', #4245, #2815, #3711, .T. ) ;
#664 = CARTESIAN_POINT ( 'NONE',  ( 1.500295128610833700, 1.171318190597697300, 1.374767196572600300 ) ) ;
#665 = ORIENTED_EDGE ( 'NONE', *, *, #2246, .F. ) ;
#666 = DIRECTION ( 'NONE',  ( 0.8958333333338424100, 0.0000000000000000000, 0.4443901876594225600 ) ) ;
#667 = LINE ( 'NONE', #477, #501 ) ;
#668 = CARTESIAN_POINT ( 'NONE',  ( -5.180779144684002800, 5.510910596160485100E-017, 0.4499999999997873500 ) ) ;
#669 = CARTESIAN_POINT ( 'NONE',  ( 0.0000000000000000000, 7.849999999999999600, 0.0000000000000000000 ) ) ;
#670 = ORIENTED_EDGE ( 'NONE', *, *, #2317, .F. ) ;
#671 = CARTESIAN_POINT ( 'NONE',  ( -3.485382782776273100, -1.513086697163197300, 2.474973336797803300 ) ) ;
#672 = CARTESIAN_POINT ( 'NONE',  ( 1.596271984725247600, 1.171318190597697300, 1.270026837589039100 ) ) ;
#673 = CARTESIAN_POINT ( 'NONE',  ( -0.7363976355534315200, 6.579999999999986700, 2.078775624096928600 ) ) ;
#674 = CARTESIAN_POINT ( 'NONE',  ( -1.238155578050000200, 0.0000000000000000000, 0.0000000000000000000 ) ) ;
#675 = ORIENTED_EDGE ( 'NONE', *, *, #4816, .F. ) ;
#676 = CARTESIAN_POINT ( 'NONE',  ( -3.487767810416858800, -1.488561698736636800, 2.604646630358467000 ) ) ;
#677 = EDGE_CURVE ( 'NONE', #739, #1946, #4332, .T. ) ;
#678 = VECTOR ( 'NONE', #2842, 1000.000000000000000 ) ;
#679 = CARTESIAN_POINT ( 'NONE',  ( -3.335756610341950300, -1.645651209645068600, 2.387532385785102700 ) ) ;
#680 = EDGE_LOOP ( 'NONE', ( #3045, #3028, #366, #797 ) ) ;
#681 = CARTESIAN_POINT ( 'NONE',  ( 2.321063369081790100, 7.949999999999994000, 4.735729186806802100 ) ) ;
#682 = CARTESIAN_POINT ( 'NONE',  ( -2.238155578050000200, 0.0000000000000000000, 2.849999999999000000 ) ) ;
#683 = CARTESIAN_POINT ( 'NONE',  ( 0.6499999999992908100, 7.759864069831361500, -2.460407971039920500 ) ) ;
#684 = CARTESIAN_POINT ( 'NONE',  ( -3.279474328544763000, -1.608301363325864300, -2.292906524997382800 ) ) ;
#685 = AXIS2_PLACEMENT_3D ( 'NONE', #4866, #2189, #5315 ) ;
#686 = CYLINDRICAL_SURFACE ( 'NONE', #3018, 0.5000000000000001100 ) ;
#687 = CARTESIAN_POINT ( 'NONE',  ( -5.180779144684002800, 0.0000000000000000000, 0.0000000000000000000 ) ) ;
#688 = CARTESIAN_POINT ( 'NONE',  ( 0.0000000000000000000, 7.650000000000000400, 0.0000000000000000000 ) ) ;
#689 = DIRECTION ( 'NONE',  ( 1.000000000000000000, -0.0000000000000000000, -0.0000000000000000000 ) ) ;
#690 = DIRECTION ( 'NONE',  ( 0.0000000000000000000, 1.000000000000000000, 0.0000000000000000000 ) ) ;
#691 = FACE_BOUND ( 'NONE', #654, .T. ) ;
#692 = CARTESIAN_POINT ( 'NONE',  ( -0.8772479516355478100, 6.579999999999986700, 2.017532163647264700 ) ) ;
#693 = CIRCLE ( 'NONE', #2703, 2.399999999999999900 ) ;
#694 = CARTESIAN_POINT ( 'NONE',  ( -0.4386094557178000200, 0.6999999999999999600, 2.155834350165999800 ) ) ;
#695 = CARTESIAN_POINT ( 'NONE',  ( -3.469233835697882500, -1.414003735238673000, 2.645994987947979400 ) ) ;
#696 = AXIS2_PLACEMENT_3D ( 'NONE', #2679, #789, #4010 ) ;
#697 = CARTESIAN_POINT ( 'NONE',  ( -3.469607696570851100, -1.580455556869488200, 2.549937037242013800 ) ) ;
#698 = CARTESIAN_POINT ( 'NONE',  ( -3.490663164218561500, -1.399145410953935400, 2.540904114522331000 ) ) ;
#699 = FACE_OUTER_BOUND ( 'NONE', #5323, .T. ) ;
#700 = AXIS2_PLACEMENT_3D ( 'NONE', #4190, #3803, #4208 ) ;
#701 = AXIS2_PLACEMENT_3D ( 'NONE', #5684, #3089, #270 ) ;
#702 = CC_DESIGN_APPROVAL ( #380, ( #76 ) ) ;
#703 = LOCAL_TIME ( 14, 32, 24.00000000000000000, #704 ) ;
#704 = COORDINATED_UNIVERSAL_TIME_OFFSET ( 8, 0, .BEHIND. ) ;
#705 = CARTESIAN_POINT ( 'NONE',  ( -0.3987358688344125900, 6.580000000000010700, 1.959849409241662700 ) ) ;
#706 = CARTESIAN_POINT ( 'NONE',  ( 2.150000000000015500, 6.580000000000000100, 1.066536450385007400 ) ) ;
#707 = CARTESIAN_POINT ( 'NONE',  ( 2.499891988695563500, 7.750000000000000000, -0.02482256029406810700 ) ) ;
#708 = CARTESIAN_POINT ( 'NONE',  ( -2.238155578050000200, 0.0000000000000000000, 0.0000000000000000000 ) ) ;
#709 = CARTESIAN_POINT ( 'NONE',  ( 0.0000000000000000000, 6.580000000000000100, 0.0000000000000000000 ) ) ;
#710 = ORIENTED_EDGE ( 'NONE', *, *, #4940, .F. ) ;
#711 = CARTESIAN_POINT ( 'NONE',  ( 1.681237466362342200, 1.171318190597697300, 1.155202579253799200 ) ) ;
#712 = CARTESIAN_POINT ( 'NONE',  ( -1.018098267717664200, 6.579999999999986700, 1.956288703197600800 ) ) ;
#713 = CARTESIAN_POINT ( 'NONE',  ( -1.238155578050000200, 8.082668874371306600E-017, -0.6599999999999000000 ) ) ;
#714 = APPROVAL_STATUS ( 'not_yet_approved' ) ;
#715 = CARTESIAN_POINT ( 'NONE',  ( -3.357237743386316100, -1.254004117841754900, 2.614547372332289800 ) ) ;
#716 = VERTEX_POINT ( 'NONE', #4949 ) ;
#717 = ADVANCED_FACE ( 'NONE', ( #4265 ), #4872, .F. ) ;
#718 = CARTESIAN_POINT ( 'NONE',  ( -3.487767810414142700, -1.438259423713599700, 2.517520534322002000 ) ) ;
#719 = CARTESIAN_POINT ( 'NONE',  ( -3.214776123218873000, -1.178092432844177300, 2.542971760434400000 ) ) ;
#720 = DIRECTION ( 'NONE',  ( -1.000000000000000000, 0.0000000000000000000, 0.0000000000000000000 ) ) ;
#721 = EDGE_CURVE ( 'NONE', #5411, #579, #4274, .T. ) ;
#722 = DIRECTION ( 'NONE',  ( -1.000000000000000000, 0.0000000000000000000, 0.0000000000000000000 ) ) ;
#723 = EDGE_LOOP ( 'NONE', ( #2800, #1242, #4088, #4581 ) ) ;
#724 = CARTESIAN_POINT ( 'NONE',  ( -7.238155578049999800, 3.000000000000000000, -0.3926990816987239200 ) ) ;
#725 = CIRCLE ( 'NONE', #3319, 0.6599999999999000000 ) ;
#726 = CARTESIAN_POINT ( 'NONE',  ( -0.5000000000003969000, 13.98221011989290700, 2.373887304912002600 ) ) ;
#727 = CARTESIAN_POINT ( 'NONE',  ( 2.239583333333034600, 7.750000000000000000, 1.110975469150996500 ) ) ;
#728 = CARTESIAN_POINT ( 'NONE',  ( -1.152507335239364200, 6.579999999999986700, 1.880243711652221700 ) ) ;
#729 = CARTESIAN_POINT ( 'NONE',  ( -0.6167071561248040900, 7.949999999999994800, -2.154911130367360300 ) ) ;
#730 = CARTESIAN_POINT ( 'NONE',  ( -3.165327748239905100, -1.286911515773094400, 2.709981005630736700 ) ) ;
#731 = ORIENTED_EDGE ( 'NONE', *, *, #3371, .F. ) ;
#732 = ORIENTED_EDGE ( 'NONE', *, *, #126, .F. ) ;
#733 = CARTESIAN_POINT ( 'NONE',  ( -2.200599415637019400, 7.740727868002412700, 1.091636971848068100 ) ) ;
#734 = CARTESIAN_POINT ( 'NONE',  ( -3.484299477832342200, 2.999679028658705200, -0.07841277061165526100 ) ) ;
#735 = CARTESIAN_POINT ( 'NONE',  ( -3.107410205419761900, -1.329479377652773600, 2.464453331161129400 ) ) ;
#736 = DIRECTION ( 'NONE',  ( -6.444687448634381500E-015, 0.5000000000000278700, 0.8660254037844226100 ) ) ;
#737 = ORIENTED_EDGE ( 'NONE', *, *, #938, .T. ) ;
#738 = LINE ( 'NONE', #3538, #1895 ) ;
#739 = VERTEX_POINT ( 'NONE', #5354 ) ;
#740 = EDGE_CURVE ( 'NONE', #2222, #563, #4249, .T. ) ;
#741 = LINE ( 'NONE', #713, #1852 ) ;
#742 = ADVANCED_FACE ( 'NONE', ( #4143 ), #3913, .F. ) ;
#743 = AXIS2_PLACEMENT_3D ( 'NONE', #4214, #4259, #4278 ) ;
#744 = CARTESIAN_POINT ( 'NONE',  ( -1.645384090173509700, 1.656567835938067800, 0.9692052984143909600 ) ) ;
#745 = EDGE_CURVE ( 'NONE', #92, #4328, #4133, .T. ) ;
#746 = EDGE_LOOP ( 'NONE', ( #4104, #651, #5456, #5683 ) ) ;
#747 = CARTESIAN_POINT ( 'NONE',  ( -0.4386094557178516500, 6.579999999999993900, 2.155834350165817700 ) ) ;
#748 = DIRECTION ( 'NONE',  ( 0.0000000000000000000, 0.0000000000000000000, 1.000000000000000000 ) ) ;
#749 = CARTESIAN_POINT ( 'NONE',  ( -3.238155578050000200, 0.5000000000000000000, 0.0000000000000000000 ) ) ;
#750 = VECTOR ( 'NONE', #5221, 1000.000000000000000 ) ;
#751 = CARTESIAN_POINT ( 'NONE',  ( 1.834162856528068800, 6.637123764700463700, 1.260279826631039100 ) ) ;
#752 = CARTESIAN_POINT ( 'NONE',  ( -1.277546502564064700, 6.579999999999986700, 1.791054140383899100 ) ) ;
#753 = DIRECTION ( 'NONE',  ( 0.0000000000000000000, 0.0000000000000000000, -1.000000000000000000 ) ) ;
#754 = CARTESIAN_POINT ( 'NONE',  ( -3.030719221118229400, -1.324894423823895800, 2.579235831211105400 ) ) ;
#755 = EDGE_CURVE ( 'NONE', #5212, #3739, #4287, .T. ) ;
#756 = CARTESIAN_POINT ( 'NONE',  ( -3.098840989847231300, -1.353834820791990400, 2.450983234483944600 ) ) ;
#757 = EDGE_CURVE ( 'NONE', #5696, #22, #4123, .T. ) ;
#758 = LINE ( 'NONE', #694, #1921 ) ;
#759 = DIRECTION ( 'NONE',  ( 0.0000000000000000000, 0.0000000000000000000, 1.000000000000000000 ) ) ;
#760 = CARTESIAN_POINT ( 'NONE',  ( -0.6386543096955221700, 2.621839195040589000, 1.224090181960073400 ) ) ;
#761 = FACE_OUTER_BOUND ( 'NONE', #1888, .T. ) ;
#762 = AXIS2_PLACEMENT_3D ( 'NONE', #3011, #199, #3452 ) ;
#763 = CARTESIAN_POINT ( 'NONE',  ( -1.074402454204355500, 9.449999999999999300, 2.146080000000010200 ) ) ;
#764 = DIRECTION ( 'NONE',  ( 0.0000000000000000000, 0.0000000000000000000, 1.000000000000000000 ) ) ;
#765 = FACE_OUTER_BOUND ( 'NONE', #638, .T. ) ;
#766 = LINE ( 'NONE', #4762, #750 ) ;
#767 = DIRECTION ( 'NONE',  ( 0.0000000000000000000, 1.000000000000000000, 0.0000000000000000000 ) ) ;
#768 =( NAMED_UNIT ( * ) SI_UNIT ( $, .STERADIAN. ) SOLID_ANGLE_UNIT ( ) );
#769 = DIRECTION ( 'NONE',  ( 0.9999685000015571300, 0.0000000000000000000, 0.007937191230892658800 ) ) ;
#770 = DIRECTION ( 'NONE',  ( 0.0000000000000000000, 0.0000000000000000000, 1.000000000000000000 ) ) ;
#771 = FACE_BOUND ( 'NONE', #3504, .T. ) ;
#772 = CARTESIAN_POINT ( 'NONE',  ( -2.988516571607772800, -1.511617296739754500, 2.591337843327850900 ) ) ;
#773 = ADVANCED_FACE ( 'NONE', ( #4197 ), #3995, .T. ) ;
#774 = DIRECTION ( 'NONE',  ( -1.000000000000000000, 0.0000000000000000000, 0.0000000000000000000 ) ) ;
#775 = CC_DESIGN_PERSON_AND_ORGANIZATION_ASSIGNMENT ( #4755, #3212, ( #455 ) ) ;
#776 = ITEM_DEFINED_TRANSFORMATION ( 'NONE', 'NONE', #5823,  #4079 ) ;
#777 = VERTEX_POINT ( 'NONE', #1035 ) ;
#778 = CARTESIAN_POINT ( 'NONE',  ( -3.487767810382752700, -1.488561698192561300, 2.604646630672589100 ) ) ;
#779 = ORIENTED_EDGE ( 'NONE', *, *, #5412, .F. ) ;
#780 = CARTESIAN_POINT ( 'NONE',  ( -0.6499999999990455600, 7.807393395471589900, -2.508268557366220500 ) ) ;
#781 = CONTEXT_DEPENDENT_SHAPE_REPRESENTATION ( #1461, #5393 ) ;
#782 = CARTESIAN_POINT ( 'NONE',  ( -17.68077914467999500, 0.0000000000000000000, -0.5000000000000000000 ) ) ;
#783 = CARTESIAN_POINT ( 'NONE',  ( 0.0000000000000000000, 7.849999999999999600, 0.0000000000000000000 ) ) ;
#784 = ORIENTED_EDGE ( 'NONE', *, *, #4591, .F. ) ;
#785 =( NAMED_UNIT ( * ) SI_UNIT ( $, .STERADIAN. ) SOLID_ANGLE_UNIT ( ) );
#786 = CARTESIAN_POINT ( 'NONE',  ( 1.912824113676544000, 6.637123764700463700, 1.126739511450250100 ) ) ;
#787 = CARTESIAN_POINT ( 'NONE',  ( -1.402585669888764900, 6.579999999999986700, 1.701864569115576500 ) ) ;
#788 = CARTESIAN_POINT ( 'NONE',  ( 0.6500000000006590500, 7.947934402137552600, -2.181916777427995900 ) ) ;
#789 = DIRECTION ( 'NONE',  ( 0.0000000000000000000, 1.000000000000000000, 0.0000000000000000000 ) ) ;
#790 = ORIENTED_EDGE ( 'NONE', *, *, #2218, .F. ) ;
#791 = CARTESIAN_POINT ( 'NONE',  ( -3.238155578050000200, 0.0000000000000000000, 0.0000000000000000000 ) ) ;
#792 = DIRECTION ( 'NONE',  ( -0.01173416751885006200, 0.0000000000000000000, -0.9999311522863159100 ) ) ;
#793 = ORIENTED_EDGE ( 'NONE', *, *, #5381, .F. ) ;
#794 = VECTOR ( 'NONE', #2418, 1000.000000000000100 ) ;
#795 = CARTESIAN_POINT ( 'NONE',  ( -3.479651782002599600, -1.459986087547483500, -2.389433659977544100 ) ) ;
#796 = AXIS2_PLACEMENT_3D ( 'NONE', #4890, #2782, #5829 ) ;
#797 = ORIENTED_EDGE ( 'NONE', *, *, #4136, .F. ) ;
#798 = EDGE_LOOP ( 'NONE', ( #4862, #5390 ) ) ;
#799 = ADVANCED_FACE ( 'NONE', ( #4109 ), #4840, .T. ) ;
#800 = ORIENTED_EDGE ( 'NONE', *, *, #3744, .F. ) ;
#801 = VECTOR ( 'NONE', #2037, 1000.000000000000000 ) ;
#802 = CARTESIAN_POINT ( 'NONE',  ( -1.104000000000172400, 9.449999999999999300, 2.271315018279128400 ) ) ;
#803 = AXIS2_PLACEMENT_3D ( 'NONE', #281, #3528, #5270 ) ;
#804 = ORIENTED_EDGE ( 'NONE', *, *, #510, .T. ) ;
#805 = CARTESIAN_POINT ( 'NONE',  ( -1.521946258264240200, 5.822145191538501400, 0.9248882501777072600 ) ) ;
#806 = CARTESIAN_POINT ( 'NONE',  ( 1.753340252763499100, 1.171318190597697300, 1.032796337979911000 ) ) ;
#807 = B_SPLINE_SURFACE_WITH_KNOTS ( 'NONE', 3, 1, ( 
 ( #676, #2088 ),
 ( #5224, #2572 ),
 ( #5644, #3055 ),
 ( #239, #3483 ),
 ( #695, #3921 ),
 ( #1166, #4358 ),
 ( #1628, #4787 ),
 ( #2110, #5243 ),
 ( #2594, #5666 ),
 ( #3069, #259 ),
 ( #3503, #715 ),
 ( #3939, #1186 ),
 ( #4375, #1646 ),
 ( #4808, #2127 ),
 ( #5261, #2617 ),
 ( #5687, #3093 ),
 ( #273, #3522 ),
 ( #730, #3959 ),
 ( #1202, #4392 ),
 ( #1666, #4825 ),
 ( #2149, #5282 ),
 ( #2634, #5705 ),
 ( #3110, #290 ),
 ( #3540, #754 ),
 ( #3977, #1221 ),
 ( #4411, #1689 ),
 ( #4845, #2169 ),
 ( #5299, #2654 ),
 ( #5721, #3129 ),
 ( #306, #3557 ),
 ( #772, #3997 ) ),
 .UNSPECIFIED., .F., .F., .F.,
 ( 4, 3, 3, 3, 3, 3, 3, 3, 3, 3, 4 ),
 ( 2, 2 ),
 ( 0.4999999995994222100, 0.5384148222059036400, 0.5906190727320515000, 0.6457700782743863700, 0.6981573959738145400, 0.7528990905610734000, 0.8059682131088404800, 0.8593831291919643600, 0.9140636652149553000, 0.9665116997968902200, 1.000000073387484500 ),
 ( 0.0000000000000000000, 1.000000000000000000 ),
 .UNSPECIFIED. ) ;
#808 = CARTESIAN_POINT ( 'NONE',  ( -1.518246934031561400, 6.579999999999986700, 1.599536126597966400 ) ) ;
#809 = CARTESIAN_POINT ( 'NONE',  ( 0.6500000000000018000, 7.909679715446656300, -2.121571122762643000 ) ) ;
#810 = ORIENTED_EDGE ( 'NONE', *, *, #2534, .T. ) ;
#811 = DIRECTION ( 'NONE',  ( -0.0000000000000000000, 1.000000000000000000, -0.0000000000000000000 ) ) ;
#812 = CIRCLE ( 'NONE', #5052, 2.000000000000001800 ) ;
#813 = AXIS2_PLACEMENT_3D ( 'NONE', #4968, #5404, #2778 ) ;
#814 = VERTEX_POINT ( 'NONE', #43 ) ;
#815 = DIRECTION ( 'NONE',  ( 0.0000000000000000000, 0.0000000000000000000, 1.000000000000000000 ) ) ;
#816 = PRODUCT_DEFINITION_FORMATION_WITH_SPECIFIED_SOURCE ( 'ANY', '', #1477, .NOT_KNOWN. ) ;
#817 = CARTESIAN_POINT ( 'NONE',  ( -15.03815557810020000, 0.0000000000000000000, 1.804999999999000100 ) ) ;
#818 = ORIENTED_EDGE ( 'NONE', *, *, #2846, .T. ) ;
#819 = LINE ( 'NONE', #5557, #801 ) ;
#820 = CARTESIAN_POINT ( 'NONE',  ( -3.193498523430588600, -1.607903363106271600, -2.293182176401730400 ) ) ;
#821 = ORIENTED_EDGE ( 'NONE', *, *, #2329, .T. ) ;
#822 = ORIENTED_EDGE ( 'NONE', *, *, #510, .F. ) ;
#823 = EDGE_CURVE ( 'NONE', #5293, #571, #4036, .T. ) ;
#824 = PLANE ( 'NONE',  #4381 ) ;
#825 = FACE_OUTER_BOUND ( 'NONE', #2456, .T. ) ;
#826 = CARTESIAN_POINT ( 'NONE',  ( -1.238155578050000000, 3.000000000000000000, 0.0000000000000000000 ) ) ;
#827 = EDGE_CURVE ( 'NONE', #423, #5458, #4597, .T. ) ;
#828 = CARTESIAN_POINT ( 'NONE',  ( -10.18077914468000100, 6.123233995736766000E-017, 0.5000000000000000000 ) ) ;
#829 = CARTESIAN_POINT ( 'NONE',  ( 0.0000000000000000000, 0.0000000000000000000, 0.0000000000000000000 ) ) ;
#830 = CARTESIAN_POINT ( 'NONE',  ( 0.3807169516091222200, 1.656567835938123700, 1.871283601549492000 ) ) ;
#831 = CARTESIAN_POINT ( 'NONE',  ( -1.162885379693414700, 0.6434418171282300100, 1.897174842784609100 ) ) ;
#832 = FACE_OUTER_BOUND ( 'NONE', #1405, .T. ) ;
#833 = CARTESIAN_POINT ( 'NONE',  ( 0.0000000000000000000, 7.750000000000000000, 2.399999999999999900 ) ) ;
#834 = CARTESIAN_POINT ( 'NONE',  ( -17.68077914467999500, -0.9999999999999998900, 0.4999999999999999400 ) ) ;
#835 = ADVANCED_FACE ( 'NONE', ( #3922 ), #3869, .F. ) ;
#836 = EDGE_CURVE ( 'NONE', #2888, #5561, #4893, .T. ) ;
#837 = FACE_OUTER_BOUND ( 'NONE', #5545, .T. ) ;
#838 = PLANE ( 'NONE',  #3853 ) ;
#839 = CARTESIAN_POINT ( 'NONE',  ( -2.988067718839987100, -1.403200355570266800, -2.423034316625491500 ) ) ;
#840 = CARTESIAN_POINT ( 'NONE',  ( -2.680779144684000100, 0.0000000000000000000, 0.0000000000000000000 ) ) ;
#841 = FACE_BOUND ( 'NONE', #3765, .T. ) ;
#842 = AXIS2_PLACEMENT_3D ( 'NONE', #4618, #1915, #5075 ) ;
#843 = EDGE_CURVE ( 'NONE', #5411, #3553, #3860, .T. ) ;
#844 = CARTESIAN_POINT ( 'NONE',  ( -2.358504348539074000, 7.949999999999990400, -0.01872048972864398500 ) ) ;
#845 = APPLICATION_PROTOCOL_DEFINITION ( 'international standard', 'config_control_design', 1994, #3617 ) ;
#846 = CARTESIAN_POINT ( 'NONE',  ( 1.436048585340397300, 1.651655379810359000, 0.8458972625325613700 ) ) ;
#847 = CARTESIAN_POINT ( 'NONE',  ( 0.5113571919515846900, 1.656567835938123700, 1.844704544254552400 ) ) ;
#848 = APPROVAL_PERSON_ORGANIZATION ( #851, #5825, #5064 ) ;
#849 = CARTESIAN_POINT ( 'NONE',  ( -1.415215608100565800, 0.6434418171282300100, 1.717189440040920700 ) ) ;
#850 = CARTESIAN_POINT ( 'NONE',  ( 0.6209920190709143900, 7.949999999999995700, -2.275359780576173800 ) ) ;
#851 = PERSON_AND_ORGANIZATION ( #4503, #918 ) ;
#852 = VERTEX_POINT ( 'NONE', #1568 ) ;
#853 = CARTESIAN_POINT ( 'NONE',  ( -3.277999213124567700, -1.276649466740611000, 2.492286053663573600 ) ) ;
#854 = PLANE ( 'NONE',  #5025 ) ;
#855 = VERTEX_POINT ( 'NONE', #1974 ) ;
#856 = CARTESIAN_POINT ( 'NONE',  ( -0.6500000000002409400, 7.926648315774476000, -2.138277250143505400 ) ) ;
#857 = ADVANCED_FACE ( 'NONE', ( #3842 ), #984, .F. ) ;
#858 = ADVANCED_FACE ( 'NONE', ( #3930, #3795 ), #137, .T. ) ;
#859 = ORIENTED_EDGE ( 'NONE', *, *, #1140, .T. ) ;
#860 = DIRECTION ( 'NONE',  ( 1.052083961702789600E-013, -0.0000000000000000000, -1.000000000000000000 ) ) ;
#861 = DIRECTION ( 'NONE',  ( -1.000000000000000000, 0.0000000000000000000, 0.0000000000000000000 ) ) ;
#862 = ORIENTED_EDGE ( 'NONE', *, *, #836, .F. ) ;
#863 = APPROVAL_ROLE ( '' ) ;
#864 = CARTESIAN_POINT ( 'NONE',  ( -2.988506319570679800, 2.799975697026496400, -0.01207548152440075800 ) ) ;
#865 = EDGE_CURVE ( 'NONE', #4255, #4983, #5513, .T. ) ;
#866 = CARTESIAN_POINT ( 'NONE',  ( 0.6391997694651100300, 1.656567835938123700, 1.804395934397368800 ) ) ;
#867 = ORIENTED_EDGE ( 'NONE', *, *, #5006, .F. ) ;
#868 = CARTESIAN_POINT ( 'NONE',  ( -1.531918373415792400, 0.6434418171282300100, 1.613939555122997800 ) ) ;
#869 = DIRECTION ( 'NONE',  ( 1.000000000000000000, -0.0000000000000000000, -0.0000000000000000000 ) ) ;
#870 = ORIENTED_EDGE ( 'NONE', *, *, #4335, .F. ) ;
#871 = CARTESIAN_POINT ( 'NONE',  ( -2.548241163291657100, 7.849999999999999600, 5.225559010642399500 ) ) ;
#872 = CARTESIAN_POINT ( 'NONE',  ( -3.388195563502474500, -1.400656499968300700, 2.424495596523312400 ) ) ;
#873 = CARTESIAN_POINT ( 'NONE',  ( 0.0000000000000000000, 9.250000000000000000, 0.0000000000000000000 ) ) ;
#874 = EDGE_LOOP ( 'NONE', ( #4443, #3978 ) ) ;
#875 = CARTESIAN_POINT ( 'NONE',  ( 0.3322798871330667800, 1.651655379810274700, 1.633207823525568000 ) ) ;
#876 = LINE ( 'NONE', #2013, #2447 ) ;
#877 = ORIENTED_EDGE ( 'NONE', *, *, #350, .T. ) ;
#878 = CARTESIAN_POINT ( 'NONE',  ( -1.723258320883130000, 0.7000000000000020700, 1.015076725921276500 ) ) ;
#879 = ORIENTED_EDGE ( 'NONE', *, *, #3485, .T. ) ;
#880 = CARTESIAN_POINT ( 'NONE',  ( 2.503805435038093800, 7.749999999999999100, 0.3708354430626707400 ) ) ;
#881 = PERSON_AND_ORGANIZATION_ROLE ( 'design_supplier' ) ;
#882 = CARTESIAN_POINT ( 'NONE',  ( -2.988067718839992400, 2.800009450224256300, -0.003689996210890605800 ) ) ;
#883 = VECTOR ( 'NONE', #1471, 1000.000000000000000 ) ;
#884 = ADVANCED_FACE ( 'NONE', ( #3849 ), #615, .F. ) ;
#885 = ORIENTED_EDGE ( 'NONE', *, *, #4246, .F. ) ;
#886 = CARTESIAN_POINT ( 'NONE',  ( 0.7614591103728444200, 1.656567835938123700, 1.751236060016117900 ) ) ;
#887 = CARTESIAN_POINT ( 'NONE',  ( -1.622010140982262500, 6.579999999999986700, 1.486298456754457500 ) ) ;
#888 = CARTESIAN_POINT ( 'NONE',  ( 0.6499999999953943700, 7.980945193214072500, -2.282489070829469800 ) ) ;
#889 = AXIS2_PLACEMENT_3D ( 'NONE', #1421, #1356, #1337 ) ;
#890 = FACE_OUTER_BOUND ( 'NONE', #435, .T. ) ;
#891 = CARTESIAN_POINT ( 'NONE',  ( 0.6331359131221965300, 7.949999999999998400, -2.211139732246526700 ) ) ;
#892 = CC_DESIGN_PERSON_AND_ORGANIZATION_ASSIGNMENT ( #851, #5507, ( #5271 ) ) ;
#893 = DIRECTION ( 'NONE',  ( 1.000000000000000000, 0.0000000000000000000, -0.0000000000000000000 ) ) ;
#894 = DIRECTION ( 'NONE',  ( 0.0000000000000000000, 0.0000000000000000000, 1.000000000000000000 ) ) ;
#895 = DIRECTION ( 'NONE',  ( 0.0000000000000000000, 1.000000000000000000, 0.0000000000000000000 ) ) ;
#896 = ORIENTED_EDGE ( 'NONE', *, *, #5418, .T. ) ;
#897 = CARTESIAN_POINT ( 'NONE',  ( -1.970833333333262400, 7.750000000000000000, 0.9776584128531307100 ) ) ;
#898 = CIRCLE ( 'NONE', #3730, 0.5000000000000000000 ) ;
#899 = DIRECTION ( 'NONE',  ( -1.000000000000000000, 0.0000000000000000000, 0.0000000000000000000 ) ) ;
#900 = CARTESIAN_POINT ( 'NONE',  ( -15.23815557805000000, 0.0000000000000000000, 2.004999999948799500 ) ) ;
#901 = LINE ( 'NONE', #4642, #883 ) ;
#902 = CARTESIAN_POINT ( 'NONE',  ( 2.488308568019173900, 7.749999999999998200, -1.189860543334640800 ) ) ;
#903 = PERSON_AND_ORGANIZATION_ROLE ( 'creator' ) ;
#904 = CARTESIAN_POINT ( 'NONE',  ( 1.723258320883118500, 0.7000000000000398100, 1.015076725921269900 ) ) ;
#905 = CARTESIAN_POINT ( 'NONE',  ( 0.8837184512805790200, 1.656567835938123700, 1.698076185634866700 ) ) ;
#906 = CARTESIAN_POINT ( 'NONE',  ( -1.725773347932963600, 6.579999999999986700, 1.373060786910948600 ) ) ;
#907 = CYLINDRICAL_SURFACE ( 'NONE', #1635, 2.200000000000000200 ) ;
#908 = VECTOR ( 'NONE', #5496, 1000.000000000000200 ) ;
#909 = CARTESIAN_POINT ( 'NONE',  ( -1.238155578050000200, 6.123233995736766000E-017, -0.5000000000000000000 ) ) ;
#910 = AXIS2_PLACEMENT_3D ( 'NONE', #5029, #4978, #4629 ) ;
#911 = CARTESIAN_POINT ( 'NONE',  ( -3.096514028779997500, -1.218149745099315500, -2.521694035998116600 ) ) ;
#912 = LINE ( 'NONE', #4605, #908 ) ;
#913 = ADVANCED_FACE ( 'NONE', ( #3944 ), #1484, .F. ) ;
#914 = B_SPLINE_SURFACE_WITH_KNOTS ( 'NONE', 3, 1, ( 
 ( #1563, #2016 ),
 ( #4680, #5167 ),
 ( #2507, #5590 ),
 ( #2987, #179 ),
 ( #3429, #629 ),
 ( #3859, #1106 ),
 ( #4304, #1582 ),
 ( #4728, #2040 ),
 ( #5182, #2532 ),
 ( #5609, #3010 ),
 ( #198, #3450 ),
 ( #653, #3879 ),
 ( #1129, #4330 ),
 ( #1598, #4748 ),
 ( #2065, #5202 ),
 ( #2552, #5637 ),
 ( #3031, #220 ),
 ( #3467, #679 ),
 ( #3897, #1150 ),
 ( #4346, #1616 ),
 ( #4767, #2090 ),
 ( #5226, #2575 ),
 ( #5645, #3056 ),
 ( #242, #3486 ),
 ( #697, #3923 ),
 ( #1167, #4360 ),
 ( #1631, #4789 ),
 ( #2111, #5246 ),
 ( #2596, #5668 ),
 ( #3071, #261 ),
 ( #3505, #718 ) ),
 .UNSPECIFIED., .F., .F., .F.,
 ( 4, 3, 3, 3, 3, 3, 3, 3, 3, 3, 4 ),
 ( 2, 2 ),
 ( 7.052676043173278200E-008, 0.05398547138836826100, 0.1078687631325806900, 0.1626377911174124400, 0.2150605640345191700, 0.2701683683784931700, 0.3223059562825064100, 0.3769582833961641600, 0.4303422509716790500, 0.4838617943782477800, 0.4999999996128223800 ),
 ( 0.0000000000000000000, 1.000000000000000000 ),
 .UNSPECIFIED. ) ;
#915 = CARTESIAN_POINT ( 'NONE',  ( -2.680779144684000100, 8.082668874371306600E-017, -0.6599999999999000000 ) ) ;
#916 = AXIS2_PLACEMENT_3D ( 'NONE', #2808, #2832, #17 ) ;
#917 = DIRECTION ( 'NONE',  ( 0.0000000000000000000, 0.0000000000000000000, 1.000000000000000000 ) ) ;
#918 = ORGANIZATION ( 'NAUO-ORG2', 'UNSPECIFIED', 'UNSPECIFIED' ) ;
#919 = CARTESIAN_POINT ( 'NONE',  ( 0.7362818165676128200, 0.6999997927459349300, 2.078804192541463100 ) ) ;
#920 = APPROVAL_DATE_TIME ( #927, #5825 ) ;
#921 = EDGE_LOOP ( 'NONE', ( #2421, #3639 ) ) ;
#922 = PERSON_AND_ORGANIZATION_ROLE ( 'design_owner' ) ;
#923 = CARTESIAN_POINT ( 'NONE',  ( 1.292432287307917000, 4.648146930149917600, 0.7613007978997593500 ) ) ;
#924 = AXIS2_PLACEMENT_3D ( 'NONE', #3063, #253, #3497 ) ;
#925 = CARTESIAN_POINT ( 'NONE',  ( -1.817631856449495100, 6.579999999999986700, 1.248921137385472900 ) ) ;
#926 = ORIENTED_EDGE ( 'NONE', *, *, #2130, .T. ) ;
#927 = DATE_AND_TIME ( #991, #992 ) ;
#928 = VERTEX_POINT ( 'NONE', #1426 ) ;
#929 = DIRECTION ( 'NONE',  ( 0.0000000000000000000, 0.0000000000000000000, 1.000000000000000000 ) ) ;
#930 = CARTESIAN_POINT ( 'NONE',  ( -2.558452522481172900, 7.749999999999792200, 0.02540406517240451100 ) ) ;
#931 = CARTESIAN_POINT ( 'NONE',  ( -2.499876766240518100, 7.749999999999999100, 0.02482244164224510100 ) ) ;
#932 = CARTESIAN_POINT ( 'NONE',  ( -3.427764837497770100, -1.254436716945880500, -2.503708634725802200 ) ) ;
#933 = CARTESIAN_POINT ( 'NONE',  ( -1.137435954728039400E-013, 9.449999999999999300, -2.399999999999972800 ) ) ;
#934 = DIRECTION ( 'NONE',  ( 0.0000000000000000000, 1.000000000000000000, 0.0000000000000000000 ) ) ;
#935 = EDGE_CURVE ( 'NONE', #1021, #4995, #3762, .T. ) ;
#936 = CARTESIAN_POINT ( 'NONE',  ( -2.149999999999983900, 7.708578643762580300, 1.066536450385110700 ) ) ;
#937 = ORIENTED_EDGE ( 'NONE', *, *, #3269, .F. ) ;
#938 = EDGE_CURVE ( 'NONE', #960, #3238, #3778, .T. ) ;
#939 = CONICAL_SURFACE ( 'NONE', #2388, 2.800000000050202800, 0.7853981633974386200 ) ;
#940 = DIRECTION ( 'NONE',  ( -0.0000000000000000000, -1.000000000000000000, -0.0000000000000000000 ) ) ;
#941 = ORIENTED_EDGE ( 'NONE', *, *, #677, .T. ) ;
#942 = CARTESIAN_POINT ( 'NONE',  ( -5.738155578050000600, 0.0000000000000000000, 2.395000000000000000 ) ) ;
#943 = ORIENTED_EDGE ( 'NONE', *, *, #3721, .F. ) ;
#944 = ORIENTED_EDGE ( 'NONE', *, *, #5335, .T. ) ;
#945 = DATE_TIME_ROLE ( 'classification_date' ) ;
#946 = CARTESIAN_POINT ( 'NONE',  ( -2.988085343740294800, 2.800006182793306000, 0.004754309215271438700 ) ) ;
#947 = CARTESIAN_POINT ( 'NONE',  ( 0.0000000000000000000, 7.950000000000002000, 0.0000000000000000000 ) ) ;
#948 = ADVANCED_FACE ( 'NONE', ( #4387 ), #5020, .T. ) ;
#949 = EDGE_CURVE ( 'NONE', #4938, #5550, #4349, .T. ) ;
#950 = CARTESIAN_POINT ( 'NONE',  ( -1.636615942466848700, 0.6434418171282300100, 1.499682207976293900 ) ) ;
#951 = CYLINDRICAL_SURFACE ( 'NONE', #2224, 4.999999999999999100 ) ;
#952 = VERTEX_POINT ( 'NONE', #4690 ) ;
#953 = DIRECTION ( 'NONE',  ( -0.0000000000000000000, -1.000000000000000000, -0.0000000000000000000 ) ) ;
#954 = CARTESIAN_POINT ( 'NONE',  ( -2.511841656173920100, 7.749999999999999100, -1.180165801908820100 ) ) ;
#955 = ORIENTED_EDGE ( 'NONE', *, *, #4448, .T. ) ;
#956 = DIRECTION ( 'NONE',  ( 0.0000000000000000000, 1.000000000000000000, 0.0000000000000000000 ) ) ;
#957 = CIRCLE ( 'NONE', #2546, 2.200000000000000200 ) ;
#958 = AXIS2_PLACEMENT_3D ( 'NONE', #5039, #2378, #5473 ) ;
#959 = EDGE_LOOP ( 'NONE', ( #109, #3610, #2588, #4337, #4853, #4574, #926, #533, #285, #3810, #2045 ) ) ;
#960 = VERTEX_POINT ( 'NONE', #3761 ) ;
#961 = CIRCLE ( 'NONE', #958, 2.600000000000000500 ) ;
#962 = CARTESIAN_POINT ( 'NONE',  ( 0.0000000000000000000, 9.449999999999999300, 0.0000000000000000000 ) ) ;
#963 = CLOSED_SHELL ( 'NONE', ( #3130, #4431, #5449, #2758, #267, #398, #4827, #5024, #948, #4376, #5713, #2159, #3523, #2283, #1229, #3232, #4029, #3184, #1712, #1382, #3650, #5352, #5375, #1174, #1692, #3261, #1263, #422, #1630, #5811, #4529, #4106, #5395 ) ) ;
#964 = APPROVAL_ROLE ( '' ) ;
#965 = CARTESIAN_POINT ( 'NONE',  ( 1.436048585340413000, 5.628344620189720300, 0.8458972625325709100 ) ) ;
#966 = CARTESIAN_POINT ( 'NONE',  ( -1.895584152971342200, 6.579999999999986700, 1.116584398513564600 ) ) ;
#967 = CIRCLE ( 'NONE', #1889, 2.200000000000000200 ) ;
#968 = CARTESIAN_POINT ( 'NONE',  ( 2.154386068316874100, 7.682871158156331100, 1.068712218633290200 ) ) ;
#969 = CC_DESIGN_APPROVAL ( #659, ( #5615 ) ) ;
#970 = EDGE_LOOP ( 'NONE', ( #5724, #5234, #2931, #1230 ) ) ;
#971 = CARTESIAN_POINT ( 'NONE',  ( -2.149999999999916900, 7.650000000000000400, 1.066536450385207300 ) ) ;
#972 = EDGE_CURVE ( 'NONE', #4620, #2258, #3911, .T. ) ;
#973 = CARTESIAN_POINT ( 'NONE',  ( -1.774838083511443900, 7.749999999999999100, -2.133562655045091000 ) ) ;
#974 = FACE_OUTER_BOUND ( 'NONE', #5781, .T. ) ;
#975 = CARTESIAN_POINT ( 'NONE',  ( 0.0000000000000000000, 0.7000000000000000700, 2.399999999999999900 ) ) ;
#976 = CARTESIAN_POINT ( 'NONE',  ( -17.68077914467999900, 6.123233995736752500E-017, 0.5000000000000000000 ) ) ;
#977 = VECTOR ( 'NONE', #4142, 1000.000000000000000 ) ;
#978 = EDGE_CURVE ( 'NONE', #146, #5400, #4948, .T. ) ;
#979 = SHAPE_REPRESENTATION ( '50-00045 insulator', ( #3218 ), #4382 ) ;
#980 = VERTEX_POINT ( 'NONE', #4541 ) ;
#981 = DIRECTION ( 'NONE',  ( 0.0000000000000000000, 0.0000000000000000000, 1.000000000000000000 ) ) ;
#982 = FACE_BOUND ( 'NONE', #921, .T. ) ;
#983 = PERSON_AND_ORGANIZATION_ROLE ( 'classification_officer' ) ;
#984 = PLANE ( 'NONE',  #1132 ) ;
#985 = CARTESIAN_POINT ( 'NONE',  ( -1.238155578050000200, 0.0000000000000000000, 0.0000000000000000000 ) ) ;
#986 = CARTESIAN_POINT ( 'NONE',  ( -0.4056963721432970700, 6.108681809402307600, 1.994061376020120000 ) ) ;
#987 = B_SPLINE_CURVE_WITH_KNOTS ( 'NONE', 3,
 ( #5555, #5100, #3809, #1055, #4261, #1533, #4675, #1986, #5143, #2477 ),
 .UNSPECIFIED., .F., .F.,
 ( 4, 2, 2, 2, 4 ),
 ( 0.0007884947729354196000, 0.0009854209005339057800, 0.001182347028132392100, 0.001379273155730878400, 0.001576199283329364700 ),
 .UNSPECIFIED. ) ;
#988 = DIRECTION ( 'NONE',  ( 0.0000000000000000000, 0.0000000000000000000, 1.000000000000000000 ) ) ;
#989 = CARTESIAN_POINT ( 'NONE',  ( 2.558452522481172900, 7.749999999999792200, -0.02540406517240420200 ) ) ;
#990 = CARTESIAN_POINT ( 'NONE',  ( -0.6056922488432402400, 7.749999999999999100, -2.425517862166644900 ) ) ;
#991 = CALENDAR_DATE ( 2016, 15, 9 ) ;
#992 = LOCAL_TIME ( 14, 32, 24.00000000000000000, #995 ) ;
#993 = DIRECTION ( 'NONE',  ( -0.0000000000000000000, 1.000000000000000000, -0.0000000000000000000 ) ) ;
#994 = CARTESIAN_POINT ( 'NONE',  ( 0.9163856181056835300, 14.64593397656160800, 2.516173943914380700 ) ) ;
#995 = COORDINATED_UNIVERSAL_TIME_OFFSET ( 8, 0, .BEHIND. ) ;
#996 = DATE_AND_TIME ( #1072, #1074 ) ;
#997 = AXIS2_PLACEMENT_3D ( 'NONE', #3588, #811, #4028 ) ;
#998 = CARTESIAN_POINT ( 'NONE',  ( 0.0000000000000000000, 7.750000000000000000, 0.0000000000000000000 ) ) ;
#999 = DIRECTION ( 'NONE',  ( 0.0000000000000000000, -1.000000000000000000, -0.0000000000000000000 ) ) ;
#1000 = ORIENTED_EDGE ( 'NONE', *, *, #1573, .F. ) ;
#1001 = DATE_TIME_ROLE ( 'classification_date' ) ;
#1002 = DIRECTION ( 'NONE',  ( 0.0000000000000000000, 0.0000000000000000000, 1.000000000000000000 ) ) ;
#1003 = AXIS2_PLACEMENT_3D ( 'NONE', #3614, #3884, #3455 ) ;
#1004 = DIRECTION ( 'NONE',  ( -1.000000000000000000, 0.0000000000000000000, 0.0000000000000000000 ) ) ;
#1005 = AXIS2_PLACEMENT_3D ( 'NONE', #3953, #2628, #5703 ) ;
#1006 = VERTEX_POINT ( 'NONE', #1090 ) ;
#1007 = CARTESIAN_POINT ( 'NONE',  ( -0.5449081181368931000, 6.108681809402307600, 1.965738426190933900 ) ) ;
#1008 = CC_DESIGN_PERSON_AND_ORGANIZATION_ASSIGNMENT ( #1870, #4171, ( #76 ) ) ;
#1009 = CARTESIAN_POINT ( 'NONE',  ( 1.000386730517139900, 1.656567835938123700, 1.632068449164811000 ) ) ;
#1010 = CARTESIAN_POINT ( 'NONE',  ( 0.0000000000000000000, 7.750000000000000000, 0.0000000000000000000 ) ) ;
#1011 = DIRECTION ( 'NONE',  ( 0.0000000000000000000, 0.0000000000000000000, 1.000000000000000000 ) ) ;
#1012 = CARTESIAN_POINT ( 'NONE',  ( 0.0000000000000000000, 6.580000000000001800, 0.0000000000000000000 ) ) ;
#1013 = DIRECTION ( 'NONE',  ( -1.000000000000000000, 0.0000000000000000000, 0.0000000000000000000 ) ) ;
#1014 = VERTEX_POINT ( 'NONE', #5798 ) ;
#1015 = CARTESIAN_POINT ( 'NONE',  ( -2.558452522456782700, 7.749999999999790400, 0.02540406762875928300 ) ) ;
#1016 = CARTESIAN_POINT ( 'NONE',  ( -2.238155578050000200, 0.0000000000000000000, 2.900000000000000800 ) ) ;
#1017 = CARTESIAN_POINT ( 'NONE',  ( 1.108921852127071600, 1.656567835938123700, 1.554651099297088100 ) ) ;
#1018 = DIRECTION ( 'NONE',  ( 1.000000000000000000, -0.0000000000000000000, -0.0000000000000000000 ) ) ;
#1019 = CARTESIAN_POINT ( 'NONE',  ( -2.238155578050000200, 2.999999999999999100, -0.3926990816987238100 ) ) ;
#1020 = ORIENTED_EDGE ( 'NONE', *, *, #5316, .T. ) ;
#1021 = VERTEX_POINT ( 'NONE', #3354 ) ;
#1022 = CARTESIAN_POINT ( 'NONE',  ( 0.3389254885092490300, 4.139394236072687900, 1.665871997855408600 ) ) ;
#1023 = DIRECTION ( 'NONE',  ( -1.000000000000000000, 0.0000000000000000000, 0.0000000000000000000 ) ) ;
#1024 = EDGE_LOOP ( 'NONE', ( #5546, #5691, #1161, #5269, #1303, #1134 ) ) ;
#1025 = B_SPLINE_CURVE_WITH_KNOTS ( 'NONE', 3,
 ( #4003, #3971, #3330, #89, #3350, #546, #3779, #1022, #4222, #1499, #4646, #1947, #5107 ),
 .UNSPECIFIED., .F., .F.,
 ( 4, 3, 3, 3, 4 ),
 ( 2.001146169650047600E-017, 0.001496556982870048200, 0.002993113965740080300, 0.004489670948610112600, 0.005986227931480140600 ),
 .UNSPECIFIED. ) ;
#1026 = CARTESIAN_POINT ( 'NONE',  ( -2.988543345728934800, 2.799969443254013400, 0.01319107659467575100 ) ) ;
#1027 = VECTOR ( 'NONE', #1392, 1000.000000000000000 ) ;
#1028 = EDGE_LOOP ( 'NONE', ( #1551, #5477, #1607, #69, #4310 ) ) ;
#1029 = EDGE_CURVE ( 'NONE', #4038, #1891, #4399, .T. ) ;
#1030 = CARTESIAN_POINT ( 'NONE',  ( -1.741313511517905300, 0.6434418171282300100, 1.385424860829590300 ) ) ;
#1031 = ORIENTED_EDGE ( 'NONE', *, *, #3081, .F. ) ;
#1032 = CARTESIAN_POINT ( 'NONE',  ( -3.468848905604123200, 2.798475915254641200, -0.09561477721294670000 ) ) ;
#1033 = CYLINDRICAL_SURFACE ( 'NONE', #1590, 3.000000000000000000 ) ;
#1034 = CARTESIAN_POINT ( 'NONE',  ( -3.051789248555933500, 2.995330644628531500, 0.1689967699411996400 ) ) ;
#1035 = CARTESIAN_POINT ( 'NONE',  ( -1.970833333333262400, 6.580000000000000100, 0.9776584128531307100 ) ) ;
#1036 = DIRECTION ( 'NONE',  ( 0.0000000000000000000, 0.0000000000000000000, 1.000000000000000000 ) ) ;
#1037 = CARTESIAN_POINT ( 'NONE',  ( -3.031920254981206800, -1.622997412421984100, -2.523160006222629800 ) ) ;
#1038 = CARTESIAN_POINT ( 'NONE',  ( -0.7425187019292153200, 14.70000000000000300, 2.344063864539806200 ) ) ;
#1039 = CARTESIAN_POINT ( 'NONE',  ( -3.119736118014670100, 2.991516730457927800, 0.2296405349801615400 ) ) ;
#1040 = CIRCLE ( 'NONE', #2863, 1.804999999999000100 ) ;
#1041 = CARTESIAN_POINT ( 'NONE',  ( 2.199848535029894900, 7.908578643762685300, -0.02581516854147013600 ) ) ;
#1042 = ORIENTED_EDGE ( 'NONE', *, *, #2411, .F. ) ;
#1043 = CIRCLE ( 'NONE', #3460, 5.000000000000000900 ) ;
#1044 = CONICAL_SURFACE ( 'NONE', #1930, 0.4499999999997873500, 1.000419728509080800 ) ;
#1045 = CARTESIAN_POINT ( 'NONE',  ( 2.150000000000015500, 0.7000000000000000700, 1.066536450385007400 ) ) ;
#1046 = CARTESIAN_POINT ( 'NONE',  ( -3.030546867487227600, -1.522542973848568500, 2.350923249077341700 ) ) ;
#1047 = CARTESIAN_POINT ( 'NONE',  ( -1.970833333333000100, 0.0000000000000000000, 0.9776584128530000400 ) ) ;
#1048 = VECTOR ( 'NONE', #3680, 999.9999999999998900 ) ;
#1049 = CARTESIAN_POINT ( 'NONE',  ( 0.3987358688343749000, 0.6999999999999688700, 1.959849409241675400 ) ) ;
#1050 = CARTESIAN_POINT ( 'NONE',  ( -3.332915737765052500, 2.990998690939114600, -0.2326215402708402000 ) ) ;
#1051 = EDGE_CURVE ( 'NONE', #3432, #138, #4958, .T. ) ;
#1052 = CARTESIAN_POINT ( 'NONE',  ( -3.198206370688603700, 2.789724380527764100, 0.2482104673019993000 ) ) ;
#1053 = CARTESIAN_POINT ( 'NONE',  ( 1.647425507634483900, 7.949999999999999300, -1.920708892790072200 ) ) ;
#1054 = CARTESIAN_POINT ( 'NONE',  ( -2.570697767200213600, 7.749999999999789500, -1.207818806745272400 ) ) ;
#1055 = CARTESIAN_POINT ( 'NONE',  ( -3.356233269947831700, -1.694808743333639200, -2.475795955647293900 ) ) ;
#1056 = CARTESIAN_POINT ( 'NONE',  ( 1.217456973737003300, 1.656567835938123700, 1.477233749429365500 ) ) ;
#1057 = FACE_OUTER_BOUND ( 'NONE', #5795, .T. ) ;
#1058 = DIRECTION ( 'NONE',  ( 0.0000000000000000000, 0.0000000000000000000, 1.000000000000000000 ) ) ;
#1059 = EDGE_CURVE ( 'NONE', #3285, #4245, #4874, .T. ) ;
#1060 = CIRCLE ( 'NONE', #3171, 0.5000000000000000000 ) ;
#1061 = CARTESIAN_POINT ( 'NONE',  ( -3.007077320351272400, 2.798497633765166800, 0.09843433808201326700 ) ) ;
#1062 = DIRECTION ( 'NONE',  ( 0.0000000000000000000, 0.0000000000000000000, -1.000000000000000000 ) ) ;
#1063 = CIRCLE ( 'NONE', #5602, 2.849999999999000000 ) ;
#1064 = EDGE_CURVE ( 'NONE', #1798, #3836, #5698, .T. ) ;
#1065 = EDGE_CURVE ( 'NONE', #4328, #92, #4878, .T. ) ;
#1066 = CARTESIAN_POINT ( 'NONE',  ( -2.988543345713178000, 2.999970999140899600, 0.01319106946227205400 ) ) ;
#1067 = B_SPLINE_CURVE_WITH_KNOTS ( 'NONE', 1,
 ( #878, #4091 ),
 .UNSPECIFIED., .F., .F.,
 ( 2, 2 ),
 ( 0.0000000000000000000, 1.000000000000000000 ),
 .UNSPECIFIED. ) ;
#1068 = DIRECTION ( 'NONE',  ( -1.000000000000000000, 0.0000000000000000000, 0.0000000000000000000 ) ) ;
#1069 = CARTESIAN_POINT ( 'NONE',  ( -3.272237376764906400, -1.521671439648518300, 2.350725785681411200 ) ) ;
#1070 = DIRECTION ( 'NONE',  ( 0.0000000000000000000, 0.0000000000000000000, 1.000000000000000000 ) ) ;
#1071 = CARTESIAN_POINT ( 'NONE',  ( -0.6811386423714299600, 6.108681809402307600, 1.922785106891433900 ) ) ;
#1072 = CALENDAR_DATE ( 2016, 15, 9 ) ;
#1073 = CARTESIAN_POINT ( 'NONE',  ( 1.317851991057444200, 1.656567835938123700, 1.388411741170440600 ) ) ;
#1074 = LOCAL_TIME ( 14, 32, 24.00000000000000000, #1081 ) ;
#1075 = CARTESIAN_POINT ( 'NONE',  ( -3.166768214199575200, 2.790314688741649900, -0.2409210665493329600 ) ) ;
#1076 = ORIENTED_EDGE ( 'NONE', *, *, #1187, .F. ) ;
#1077 = CARTESIAN_POINT ( 'NONE',  ( -3.386079917192486000, 2.993168331500397200, 0.2032543812850651800 ) ) ;
#1078 = AXIS2_PLACEMENT_3D ( 'NONE', #3431, #1564, #1062 ) ;
#1079 = ORIENTED_EDGE ( 'NONE', *, *, #3637, .T. ) ;
#1080 = CARTESIAN_POINT ( 'NONE',  ( 1.407919387745922800, 1.656567835938123700, 1.290120425495126400 ) ) ;
#1081 = COORDINATED_UNIVERSAL_TIME_OFFSET ( 8, 0, .BEHIND. ) ;
#1082 = CARTESIAN_POINT ( 'NONE',  ( -3.310983407731264500, 2.790365040825296900, 0.2404924377706600700 ) ) ;
#1083 = ORIENTED_EDGE ( 'NONE', *, *, #1051, .F. ) ;
#1084 = CARTESIAN_POINT ( 'NONE',  ( -2.149999999999916900, 7.650000000000000400, 1.066536450385207300 ) ) ;
#1085 = CARTESIAN_POINT ( 'NONE',  ( -0.6499999999999985800, 7.950000000000000200, -2.215214196702742600 ) ) ;
#1086 = VERTEX_POINT ( 'NONE', #5113 ) ;
#1087 = DIRECTION ( 'NONE',  ( 0.0000000000000000000, 0.0000000000000000000, 1.000000000000000000 ) ) ;
#1088 = CARTESIAN_POINT ( 'NONE',  ( -3.487934786194738300, -1.458018978071467400, 2.506837616998321700 ) ) ;
#1089 = LINE ( 'NONE', #1918, #794 ) ;
#1090 = CARTESIAN_POINT ( 'NONE',  ( 2.150000000000015500, 0.0000000000000000000, 1.066536450385007700 ) ) ;
#1091 = CC_DESIGN_DATE_AND_TIME_ASSIGNMENT ( #4617, #391, ( #455 ) ) ;
#1092 = CARTESIAN_POINT ( 'NONE',  ( -3.117630655980673000, -1.473968375667466200, 2.380737665741778900 ) ) ;
#1093 = VERTEX_POINT ( 'NONE', #5171 ) ;
#1094 = CARTESIAN_POINT ( 'NONE',  ( 1.497986784434401500, 1.656567835938123700, 1.191829109819812200 ) ) ;
#1095 = CARTESIAN_POINT ( 'NONE',  ( -3.017106866605533200, 2.997731800656881600, -0.1195339672241469400 ) ) ;
#1096 = EDGE_LOOP ( 'NONE', ( #4031, #3353, #3967, #5139 ) ) ;
#1097 = CARTESIAN_POINT ( 'NONE',  ( -3.480457152632175700, 2.799389680958080700, 0.06625839432330553300 ) ) ;
#1098 = CARTESIAN_POINT ( 'NONE',  ( -2.507644392136363800, 7.749999999999792200, 5.142309110134750200 ) ) ;
#1099 = CARTESIAN_POINT ( 'NONE',  ( 1.577720795833078600, 1.656567835938123700, 1.084074777748215100 ) ) ;
#1100 = DIRECTION ( 'NONE',  ( 0.0000000000000000000, 0.0000000000000000000, 1.000000000000000000 ) ) ;
#1101 = CARTESIAN_POINT ( 'NONE',  ( -3.487794584502692500, 2.799969938772675100, -0.01343005797876041200 ) ) ;
#1102 = LINE ( 'NONE', #3239, #1048 ) ;
#1103 = EDGE_LOOP ( 'NONE', ( #2335, #2261, #3686, #3898, #2750 ) ) ;
#1104 = ORIENTED_EDGE ( 'NONE', *, *, #4432, .F. ) ;
#1105 = DIRECTION ( 'NONE',  ( 1.031146967440049600E-013, -0.0000000000000000000, 1.000000000000000000 ) ) ;
#1106 = CARTESIAN_POINT ( 'NONE',  ( -3.033498843548792000, -1.574395913963907000, 2.434939489658956900 ) ) ;
#1107 = DIRECTION ( 'NONE',  ( 0.0000000000000000000, 0.0000000000000000000, 1.000000000000000000 ) ) ;
#1108 = ORIENTED_EDGE ( 'NONE', *, *, #677, .F. ) ;
#1109 = CYLINDRICAL_SURFACE ( 'NONE', #1270, 0.6599999999999000000 ) ;
#1110 = ORIENTED_EDGE ( 'NONE', *, *, #1065, .T. ) ;
#1111 = CARTESIAN_POINT ( 'NONE',  ( 1.824927220323974100, 7.791421356237146200, -2.223974086040678300 ) ) ;
#1112 = CARTESIAN_POINT ( 'NONE',  ( -3.022770222328313100, -1.375086338542627300, -2.666654211829704300 ) ) ;
#1113 = DIRECTION ( 'NONE',  ( 0.0000000000000000000, -0.0000000000000000000, 1.000000000000000000 ) ) ;
#1114 = CARTESIAN_POINT ( 'NONE',  ( -0.8114196053210975800, 6.108681809402307600, 1.866137331979090800 ) ) ;
#1115 = FACE_BOUND ( 'NONE', #5589, .T. ) ;
#1116 = AXIS2_PLACEMENT_3D ( 'NONE', #5441, #2824, #7 ) ;
#1117 = CARTESIAN_POINT ( 'NONE',  ( 1.645384090173497500, 1.656567835938123700, 0.9692052984143823000 ) ) ;
#1118 = CARTESIAN_POINT ( 'NONE',  ( -2.988085343740281500, 2.800006182790457700, 0.004754309208913697900 ) ) ;
#1119 = CARTESIAN_POINT ( 'NONE',  ( -3.487495528184807500, 2.999948270395367300, -0.01811130468315505900 ) ) ;
#1120 = DIRECTION ( 'NONE',  ( -0.8958333333335117800, 0.0000000000000000000, -0.4443901876600890300 ) ) ;
#1121 = CARTESIAN_POINT ( 'NONE',  ( -7.180779144684000100, 0.0000000000000000000, 0.0000000000000000000 ) ) ;
#1122 = CYLINDRICAL_SURFACE ( 'NONE', #329, 4.799999999999944800 ) ;
#1123 = CARTESIAN_POINT ( 'NONE',  ( 0.9626671986258829000, 0.6999999999999689800, 1.845116283478534600 ) ) ;
#1124 = DIRECTION ( 'NONE',  ( -6.444687448634381500E-015, 0.5000000000000278700, 0.8660254037844226100 ) ) ;
#1125 = CARTESIAN_POINT ( 'NONE',  ( -0.9417005682707654300, 6.108681809402307600, 1.809489557066747500 ) ) ;
#1126 = CARTESIAN_POINT ( 'NONE',  ( -0.2610486128495092000, 13.40407003735161600, 2.594037253950939100 ) ) ;
#1127 = AXIS2_PLACEMENT_3D ( 'NONE', #1172, #1637, #4796 ) ;
#1128 = CARTESIAN_POINT ( 'NONE',  ( -3.405224287103400600, -1.660080619892184300, -2.498920655853754400 ) ) ;
#1129 = CARTESIAN_POINT ( 'NONE',  ( -3.196836827693797700, -1.708302919197987900, 2.466114300562963500 ) ) ;
#1130 = LINE ( 'NONE', #3698, #977 ) ;
#1131 = CARTESIAN_POINT ( 'NONE',  ( 0.0000000000000000000, 8.050000000000000700, 0.0000000000000000000 ) ) ;
#1132 = AXIS2_PLACEMENT_3D ( 'NONE', #1047, #637, #97 ) ;
#1133 = AXIS2_PLACEMENT_3D ( 'NONE', #4160, #1433, #4589 ) ;
#1134 = ORIENTED_EDGE ( 'NONE', *, *, #4202, .T. ) ;
#1135 = PLANE ( 'NONE',  #599 ) ;
#1136 = APPROVAL ( #5447, 'UNSPECIFIED' ) ;
#1137 = LINE ( 'NONE', #3646, #1208 ) ;
#1138 = VERTEX_POINT ( 'NONE', #4897 ) ;
#1139 = FACE_OUTER_BOUND ( 'NONE', #5669, .T. ) ;
#1140 = EDGE_CURVE ( 'NONE', #2150, #4051, #5506, .T. ) ;
#1141 = DIRECTION ( 'NONE',  ( 1.000000000000000000, -0.0000000000000000000, -0.0000000000000000000 ) ) ;
#1142 = CARTESIAN_POINT ( 'NONE',  ( -1.738554020946392800, 6.579999999999988500, 1.383168662275186600 ) ) ;
#1143 = B_SPLINE_CURVE_WITH_KNOTS ( 'NONE', 3,
 ( #107, #5082, #3796, #1039, #4241, #1516, #4664, #1963, #5128, #2460 ),
 .UNSPECIFIED., .F., .F.,
 ( 4, 2, 2, 2, 4 ),
 ( 0.0000000000000000000, 0.0001971236932338582300, 0.0003942473864677164700, 0.0005913710797015747000, 0.0007884947729354329300 ),
 .UNSPECIFIED. ) ;
#1144 = CARTESIAN_POINT ( 'NONE',  ( -3.487712357837264400, -1.481014909563480600, -2.609006507501312500 ) ) ;
#1145 = DIRECTION ( 'NONE',  ( 0.5399490689235477700, 0.0000000000000000000, -0.8416976909607116800 ) ) ;
#1146 = CARTESIAN_POINT ( 'NONE',  ( -1.066023631455693000, 6.108681809402307600, 1.739150952215798000 ) ) ;
#1147 = EDGE_CURVE ( 'NONE', #2179, #3078, #5617, .T. ) ;
#1148 = DIRECTION ( 'NONE',  ( 0.2300000000000102800, 0.0000000000000000000, -0.9731906288081462200 ) ) ;
#1149 = DIRECTION ( 'NONE',  ( 0.0000000000000000000, 1.000000000000000000, 0.0000000000000000000 ) ) ;
#1150 = CARTESIAN_POINT ( 'NONE',  ( -3.359530513739366500, -1.634731076642342900, 2.394945865967574400 ) ) ;
#1151 = CARTESIAN_POINT ( 'NONE',  ( 1.738554020946345300, 0.7000000000000190500, 1.383168662275239700 ) ) ;
#1152 = CARTESIAN_POINT ( 'NONE',  ( -2.299927550003571000, 7.950000000000002000, -0.01825553983105332100 ) ) ;
#1153 = EDGE_CURVE ( 'NONE', #1460, #2196, #5542, .T. ) ;
#1154 = CARTESIAN_POINT ( 'NONE',  ( 0.6499999999967427400, 7.773267305589223000, -2.480370966990037600 ) ) ;
#1155 = VERTEX_POINT ( 'NONE', #4711 ) ;
#1156 = ORIENTED_EDGE ( 'NONE', *, *, #4223, .F. ) ;
#1157 = DIRECTION ( 'NONE',  ( 0.0000000000000000000, 0.0000000000000000000, -1.000000000000000000 ) ) ;
#1158 = DIRECTION ( 'NONE',  ( -0.9733966932151777400, 0.0000000000000000000, 0.2291263355394947700 ) ) ;
#1159 = CARTESIAN_POINT ( 'NONE',  ( -2.499876766264350200, 7.749999999999999100, 0.02482243924212852700 ) ) ;
#1160 = AXIS2_PLACEMENT_3D ( 'NONE', #2527, #5604, #3005 ) ;
#1161 = ORIENTED_EDGE ( 'NONE', *, *, #2964, .T. ) ;
#1162 = EDGE_CURVE ( 'NONE', #2837, #5290, #5607, .T. ) ;
#1163 = CARTESIAN_POINT ( 'NONE',  ( 0.3640241188313850200, 2.148893028652894900, 1.789235707153504600 ) ) ;
#1164 = CARTESIAN_POINT ( 'NONE',  ( -1.181679908123111500, 6.108681809402307600, 1.656654131810150000 ) ) ;
#1165 = PLANE ( 'NONE',  #59 ) ;
#1166 = CARTESIAN_POINT ( 'NONE',  ( -3.456900195629695600, -1.391845541867461600, 2.657682695094009800 ) ) ;
#1167 = CARTESIAN_POINT ( 'NONE',  ( -3.480039648640588000, -1.558465589901870000, 2.563566459262007300 ) ) ;
#1168 = VERTEX_POINT ( 'NONE', #4420 ) ;
#1169 = CARTESIAN_POINT ( 'NONE',  ( -3.389598386839441700, -1.371359655582313300, 2.441476416437840400 ) ) ;
#1170 = DIRECTION ( 'NONE',  ( 1.000000000000000000, -0.0000000000000000000, -0.0000000000000000000 ) ) ;
#1171 = EDGE_LOOP ( 'NONE', ( #885, #2509, #3109, #2061, #1937, #590, #5300, #3493, #2506 ) ) ;
#1172 = CARTESIAN_POINT ( 'NONE',  ( -1.970833333333000100, 6.580000000000000100, 0.9776584128530000400 ) ) ;
#1173 = ORIENTED_EDGE ( 'NONE', *, *, #217, .F. ) ;
#1174 = ADVANCED_FACE ( 'NONE', ( #4534 ), #4450, .T. ) ;
#1175 = ORIENTED_EDGE ( 'NONE', *, *, #3961, .T. ) ;
#1176 = DIRECTION ( 'NONE',  ( 0.0000000000000000000, 1.000000000000000000, 0.0000000000000000000 ) ) ;
#1177 = FACE_OUTER_BOUND ( 'NONE', #798, .T. ) ;
#1178 = CARTESIAN_POINT ( 'NONE',  ( 2.239583333333000000, 7.750000000000000000, 1.110975469151000100 ) ) ;
#1179 = CARTESIAN_POINT ( 'NONE',  ( 2.287461500405319800, 7.949999999999999300, -1.081967346185200900 ) ) ;
#1180 = VERTEX_POINT ( 'NONE', #4053 ) ;
#1181 = DIRECTION ( 'NONE',  ( -1.000000000000000000, 0.0000000000000000000, 0.0000000000000000000 ) ) ;
#1182 = CARTESIAN_POINT ( 'NONE',  ( 0.4889363355676931100, 2.148893028652894900, 1.763822029432390100 ) ) ;
#1183 = CARTESIAN_POINT ( 'NONE',  ( -1.297336184790530000, 6.108681809402307600, 1.574157311404502200 ) ) ;
#1184 = DIRECTION ( 'NONE',  ( 0.0000000000000000000, 1.000000000000000000, -0.0000000000000000000 ) ) ;
#1185 = VERTEX_POINT ( 'NONE', #4020 ) ;
#1186 = CARTESIAN_POINT ( 'NONE',  ( -3.331812627375735600, -1.243344934939681700, 2.619633863481312100 ) ) ;
#1187 = EDGE_CURVE ( 'NONE', #3739, #739, #4531, .T. ) ;
#1188 = CYLINDRICAL_SURFACE ( 'NONE', #31, 2.399999999999999900 ) ;
#1189 = EDGE_LOOP ( 'NONE', ( #5446, #5749 ) ) ;
#1190 = CARTESIAN_POINT ( 'NONE',  ( -3.181105661482556400, -1.235801694540199500, 2.631108079906078900 ) ) ;
#1191 = CARTESIAN_POINT ( 'NONE',  ( -3.488739452069642000, -1.496442774386838000, -2.600189668943667400 ) ) ;
#1192 = ORIENTED_EDGE ( 'NONE', *, *, #5085, .F. ) ;
#1193 = FACE_OUTER_BOUND ( 'NONE', #3101, .T. ) ;
#1194 = CARTESIAN_POINT ( 'NONE',  ( 1.401905134409865600, 6.580000106332887500, 1.702337407891565800 ) ) ;
#1195 = ORIENTED_EDGE ( 'NONE', *, *, #3351, .F. ) ;
#1196 = FACE_OUTER_BOUND ( 'NONE', #134, .T. ) ;
#1197 = CARTESIAN_POINT ( 'NONE',  ( -7.238155578050000600, 2.921918030004946800, 0.7852436530778407200 ) ) ;
#1198 = ORIENTED_EDGE ( 'NONE', *, *, #2763, .T. ) ;
#1199 = CARTESIAN_POINT ( 'NONE',  ( 1.431177936956758500, 0.6999999999999689800, 1.510930821591790300 ) ) ;
#1200 = FACE_OUTER_BOUND ( 'NONE', #346, .T. ) ;
#1201 = CARTESIAN_POINT ( 'NONE',  ( -2.253589542210339600, 7.949999999999994000, -1.023765125747028800 ) ) ;
#1202 = CARTESIAN_POINT ( 'NONE',  ( -3.139921572550876200, -1.296776922746717900, 2.705251971282935000 ) ) ;
#1203 = ADVANCED_FACE ( 'NONE', ( #5469 ), #4410, .T. ) ;
#1204 = CARTESIAN_POINT ( 'NONE',  ( -2.219918198865332000, 7.747560849945909200, 1.101220314401594600 ) ) ;
#1205 = CARTESIAN_POINT ( 'NONE',  ( -15.23815557805000000, 0.0000000000000000000, -2.800000000050202800 ) ) ;
#1206 = CARTESIAN_POINT ( 'NONE',  ( -2.991090927624612000, -1.336017081994693900, 2.461604898963264600 ) ) ;
#1207 = CARTESIAN_POINT ( 'NONE',  ( -1.238155578050000000, -1.215420335061007100, 2.742763826712029100 ) ) ;
#1208 = VECTOR ( 'NONE', #5809, 1000.000000000000000 ) ;
#1209 = AXIS2_PLACEMENT_3D ( 'NONE', #962, #940, #917 ) ;
#1210 = AXIS2_PLACEMENT_3D ( 'NONE', #829, #4039, #1295 ) ;
#1211 = CARTESIAN_POINT ( 'NONE',  ( -5.738155578050000600, 0.0000000000000000000, 0.0000000000000000000 ) ) ;
#1212 = SECURITY_CLASSIFICATION ( '', '', #3337 ) ;
#1213 = FACE_OUTER_BOUND ( 'NONE', #5355, .T. ) ;
#1214 = CARTESIAN_POINT ( 'NONE',  ( -2.199848535029895300, 7.849999999999999600, 0.02581516854147041000 ) ) ;
#1215 = CARTESIAN_POINT ( 'NONE',  ( -1.501097783213289000, 2.641218221367604500, 0.8842141683617456000 ) ) ;
#1216 = CARTESIAN_POINT ( 'NONE',  ( 0.0000000000000000000, 6.580000000000000100, 0.0000000000000000000 ) ) ;
#1217 = ITEM_DEFINED_TRANSFORMATION ( 'NONE', 'NONE', #5544,  #3218 ) ;
#1218 = CARTESIAN_POINT ( 'NONE',  ( -1.404318272496420500, 6.108681809402307600, 1.479507555556161600 ) ) ;
#1219 = CARTESIAN_POINT ( 'NONE',  ( -2.680779144684000100, 5.510910596160496200E-017, 0.4499999999997882400 ) ) ;
#1220 = CONTEXT_DEPENDENT_SHAPE_REPRESENTATION ( #2869, #2428 ) ;
#1221 = CARTESIAN_POINT ( 'NONE',  ( -3.017490021221541900, -1.347187289511279300, 2.567500075466407200 ) ) ;
#1222 = ORIENTED_EDGE ( 'NONE', *, *, #2642, .T. ) ;
#1223 = CARTESIAN_POINT ( 'NONE',  ( -3.113488574115991000, -1.328363141532573000, 2.464961999226268100 ) ) ;
#1224 = CARTESIAN_POINT ( 'NONE',  ( 2.299841650259466100, 7.949999999999998400, -0.02698858529336616400 ) ) ;
#1225 = CARTESIAN_POINT ( 'NONE',  ( -2.238155578050000200, 1.120391659893821900, 2.340672452188724300 ) ) ;
#1226 = APPROVAL_PERSON_ORGANIZATION ( #1285, #4081, #506 ) ;
#1227 = CARTESIAN_POINT ( 'NONE',  ( -1.143246965224984600, 4.658160804959333500, 0.6734239274035787000 ) ) ;
#1228 = AXIS2_PLACEMENT_3D ( 'NONE', #594, #5211, #4766 ) ;
#1229 = ADVANCED_FACE ( 'NONE', ( #5437, #4468 ), #3416, .T. ) ;
#1230 = ORIENTED_EDGE ( 'NONE', *, *, #5768, .F. ) ;
#1231 = ORIENTED_EDGE ( 'NONE', *, *, #5335, .F. ) ;
#1232 = CIRCLE ( 'NONE', #3036, 4.800000000000000700 ) ;
#1233 = DIRECTION ( 'NONE',  ( -1.000000000000000000, 0.0000000000000000000, 0.0000000000000000000 ) ) ;
#1234 = CARTESIAN_POINT ( 'NONE',  ( 2.415418474730693300, 7.749999999999999100, 0.7565144904675899000 ) ) ;
#1235 = AXIS2_PLACEMENT_3D ( 'NONE', #2850, #35, #3298 ) ;
#1236 = CARTESIAN_POINT ( 'NONE',  ( 0.0000000000000000000, 0.0000000000000000000, 0.0000000000000000000 ) ) ;
#1237 = CARTESIAN_POINT ( 'NONE',  ( 0.6111735551918771000, 2.148893028652894900, 1.725280782128949300 ) ) ;
#1238 = ORIENTED_EDGE ( 'NONE', *, *, #4816, .T. ) ;
#1239 = CARTESIAN_POINT ( 'NONE',  ( -1.500295128610834400, 6.108681809402307600, 1.374767196572600500 ) ) ;
#1240 = CARTESIAN_POINT ( 'NONE',  ( -4.188155578049999900, 0.0000000000000000000, 0.0000000000000000000 ) ) ;
#1241 = DIRECTION ( 'NONE',  ( 0.0000000000000000000, 0.0000000000000000000, 1.000000000000000000 ) ) ;
#1242 = ORIENTED_EDGE ( 'NONE', *, *, #2877, .T. ) ;
#1243 = AXIS2_PLACEMENT_3D ( 'NONE', #4370, #1641, #4802 ) ;
#1244 = DIRECTION ( 'NONE',  ( 0.0000000000000000000, 0.2300000000004465400, -0.9731906288080431900 ) ) ;
#1245 = VERTEX_POINT ( 'NONE', #3376 ) ;
#1246 = CIRCLE ( 'NONE', #4720, 2.600000000000000500 ) ;
#1247 = EDGE_LOOP ( 'NONE', ( #2962, #4943, #3106, #5598 ) ) ;
#1248 = VERTEX_POINT ( 'NONE', #3355 ) ;
#1249 = CARTESIAN_POINT ( 'NONE',  ( -3.487794584502677400, -1.411615740770365800, -2.418130067820462700 ) ) ;
#1250 = VERTEX_POINT ( 'NONE', #3472 ) ;
#1251 = ORIENTED_EDGE ( 'NONE', *, *, #5094, .T. ) ;
#1252 = EDGE_CURVE ( 'NONE', #1168, #1014, #4693, .T. ) ;
#1253 = LINE ( 'NONE', #4550, #1027 ) ;
#1254 = ORIENTED_EDGE ( 'NONE', *, *, #1674, .T. ) ;
#1255 = CARTESIAN_POINT ( 'NONE',  ( -0.6499999999998248300, 7.789035337781308900, -2.496020827470052200 ) ) ;
#1256 = EDGE_CURVE ( 'NONE', #5187, #5290, #4521, .T. ) ;
#1257 = CARTESIAN_POINT ( 'NONE',  ( -17.68077914467999500, 0.0000000000000000000, -0.5000000000000000000 ) ) ;
#1258 = CARTESIAN_POINT ( 'NONE',  ( -2.680779144683999200, 0.0000000000000000000, -0.4499999999997891200 ) ) ;
#1259 = CARTESIAN_POINT ( 'NONE',  ( 0.0000000000000000000, 0.0000000000000000000, 0.0000000000000000000 ) ) ;
#1260 = FACE_BOUND ( 'NONE', #2868, .T. ) ;
#1261 = CARTESIAN_POINT ( 'NONE',  ( 0.7280723395899436600, 2.148893028652894900, 1.674451744054779300 ) ) ;
#1262 = CARTESIAN_POINT ( 'NONE',  ( -1.596271984725248400, 6.108681809402307600, 1.270026837589039100 ) ) ;
#1263 = ADVANCED_FACE ( 'NONE', ( #4726 ), #4650, .F. ) ;
#1264 = EDGE_CURVE ( 'NONE', #1465, #5120, #4824, .T. ) ;
#1265 = FACE_OUTER_BOUND ( 'NONE', #3664, .T. ) ;
#1266 = DIRECTION ( 'NONE',  ( 0.0000000000000000000, 1.000000000000000000, 0.0000000000000000000 ) ) ;
#1267 = ORIENTED_EDGE ( 'NONE', *, *, #4520, .T. ) ;
#1268 = CARTESIAN_POINT ( 'NONE',  ( -3.458060923544799900, -1.504069069385845400, -2.362072906464129000 ) ) ;
#1269 = CIRCLE ( 'NONE', #2010, 2.594999999999000100 ) ;
#1270 = AXIS2_PLACEMENT_3D ( 'NONE', #4985, #1834, #894 ) ;
#1271 = DIRECTION ( 'NONE',  ( 0.0000000000000000000, 1.000000000000000000, 0.0000000000000000000 ) ) ;
#1272 = FACE_BOUND ( 'NONE', #874, .T. ) ;
#1273 = CARTESIAN_POINT ( 'NONE',  ( -2.599871836915291600, 7.849999999999999600, 0.02581533681181731600 ) ) ;
#1274 = DIRECTION ( 'NONE',  ( 0.0000000000000000000, 1.000000000000000000, 0.0000000000000000000 ) ) ;
#1275 = CARTESIAN_POINT ( 'NONE',  ( 0.8449711239880105500, 2.148893028652894900, 1.623622705980609200 ) ) ;
#1276 = EDGE_LOOP ( 'NONE', ( #1556, #1684 ) ) ;
#1277 = CARTESIAN_POINT ( 'NONE',  ( -1.681237466362342600, 6.108681809402307600, 1.155202579253799000 ) ) ;
#1278 = CARTESIAN_POINT ( 'NONE',  ( 0.6500000000000018000, 7.889746861752833200, -2.109691954493173600 ) ) ;
#1279 = VECTOR ( 'NONE', #869, 1000.000000000000000 ) ;
#1280 = DIRECTION ( 'NONE',  ( 1.565188034487842400E-011, 0.4999999999901239000, -0.8660254037901407000 ) ) ;
#1281 = CC_DESIGN_SECURITY_CLASSIFICATION ( #5615, ( #4156 ) ) ;
#1282 = EDGE_CURVE ( 'NONE', #777, #852, #4456, .T. ) ;
#1283 = B_SPLINE_CURVE_WITH_KNOTS ( 'NONE', 3,
 ( #2323, #1151, #3265, #449, #3688, #919, #4134, #1400 ),
 .UNSPECIFIED., .F., .F.,
 ( 4, 2, 2, 4 ),
 ( 7.767398705797460800E-017, 0.0009229685156841818000, 0.001384452773526233500, 0.001845937031368285500 ),
 .UNSPECIFIED. ) ;
#1284 = CARTESIAN_POINT ( 'NONE',  ( -3.140554545886249400, -1.595951928842074300, -2.301450706225563400 ) ) ;
#1285 = PERSON_AND_ORGANIZATION ( #3205, #1287 ) ;
#1286 = CARTESIAN_POINT ( 'NONE',  ( -2.989963370605696700, -1.534515842518736000, -2.577994534689242600 ) ) ;
#1287 = ORGANIZATION ( 'NAUO-ORG1', 'UNSPECIFIED', 'UNSPECIFIED' ) ;
#1288 = ADVANCED_FACE ( 'NONE', ( #4717 ), #4744, .T. ) ;
#1289 = DIRECTION ( 'NONE',  ( 0.0000000000000000000, 0.0000000000000000000, 1.000000000000000000 ) ) ;
#1290 = CARTESIAN_POINT ( 'NONE',  ( 0.6500000000000001300, 7.849999999999999600, -2.101784955698354600 ) ) ;
#1291 = APPROVAL_DATE_TIME ( #1292, #4081 ) ;
#1292 = DATE_AND_TIME ( #1360, #1366 ) ;
#1293 = CARTESIAN_POINT ( 'NONE',  ( 1.895584152971204300, 0.7000000000000105000, 1.116584398513802200 ) ) ;
#1294 = VERTEX_POINT ( 'NONE', #1730 ) ;
#1295 = DIRECTION ( 'NONE',  ( 1.000000000000000000, 0.0000000000000000000, 0.0000000000000000000 ) ) ;
#1296 = EDGE_CURVE ( 'NONE', #4368, #2179, #4751, .T. ) ;
#1297 = CARTESIAN_POINT ( 'NONE',  ( 0.9565239911906943100, 2.148893028652894900, 1.560509130388535000 ) ) ;
#1298 = CARTESIAN_POINT ( 'NONE',  ( -1.833999183259970200, 0.6434418171282300100, 1.260167364361285200 ) ) ;
#1299 = CARTESIAN_POINT ( 'NONE',  ( -19.68077914467999500, 0.9999999999999998900, 0.4999999999999999400 ) ) ;
#1300 = ORIENTED_EDGE ( 'NONE', *, *, #5195, .F. ) ;
#1301 = CARTESIAN_POINT ( 'NONE',  ( -1.816425126643755700, 7.749999999999789500, -2.183555137731344700 ) ) ;
#1302 = CARTESIAN_POINT ( 'NONE',  ( -2.988543345728947600, -1.388560914192388900, -2.431440205975711400 ) ) ;
#1303 = ORIENTED_EDGE ( 'NONE', *, *, #4899, .F. ) ;
#1304 = CARTESIAN_POINT ( 'NONE',  ( -2.989963370605698100, -1.434514286663462800, -2.404786759111985400 ) ) ;
#1305 = ORIENTED_EDGE ( 'NONE', *, *, #823, .F. ) ;
#1306 = VECTOR ( 'NONE', #1450, 1000.000000000000100 ) ;
#1307 = DIRECTION ( 'NONE',  ( -1.000000000000000000, 0.0000000000000000000, 0.0000000000000000000 ) ) ;
#1308 = CARTESIAN_POINT ( 'NONE',  ( -3.238155578050000200, 0.0000000000000000000, 0.6599999999999000000 ) ) ;
#1309 = CARTESIAN_POINT ( 'NONE',  ( -1.638425781998920700, 7.950000000000002800, -1.936854596111793800 ) ) ;
#1310 = VECTOR ( 'NONE', #4888, 1000.000000000000000 ) ;
#1311 = AXIS2_PLACEMENT_3D ( 'NONE', #1741, #4905, #2232 ) ;
#1312 = EDGE_LOOP ( 'NONE', ( #2866, #1618, #879, #4100 ) ) ;
#1313 = APPROVAL_ROLE ( '' ) ;
#1314 = CARTESIAN_POINT ( 'NONE',  ( -2.992126897560510600, -1.431248669909815000, -2.637401161292232100 ) ) ;
#1315 = ADVANCED_FACE ( 'NONE', ( #4860 ), #1713, .T. ) ;
#1316 = CARTESIAN_POINT ( 'NONE',  ( 1.060300305429721100, 2.148893028652894900, 1.486486204829935900 ) ) ;
#1317 = CARTESIAN_POINT ( 'NONE',  ( -1.753340252763499600, 6.108681809402307600, 1.032796337979910800 ) ) ;
#1318 = CARTESIAN_POINT ( 'NONE',  ( 2.308545353005039500, 7.950000000000002800, -1.067459959519187800 ) ) ;
#1319 = CARTESIAN_POINT ( 'NONE',  ( -4.188155578049999900, -1.215420335061007100, 2.742763826712029100 ) ) ;
#1320 = FACE_OUTER_BOUND ( 'NONE', #5227, .T. ) ;
#1321 = AXIS2_PLACEMENT_3D ( 'NONE', #2047, #2023, #2003 ) ;
#1322 = ADVANCED_FACE ( 'NONE', ( #4810 ), #5242, .F. ) ;
#1323 = UNCERTAINTY_MEASURE_WITH_UNIT (LENGTH_MEASURE( 1.000000000000000100E-005 ), #2186, 'distance_accuracy_value', 'NONE');
#1324 = AXIS2_PLACEMENT_3D ( 'NONE', #4821, #2145, #5278 ) ;
#1325 = ORIENTED_EDGE ( 'NONE', *, *, #3065, .F. ) ;
#1326 = CARTESIAN_POINT ( 'NONE',  ( 1.906963664987968000, 0.6622945447522068400, 1.123287443356256500 ) ) ;
#1327 = CC_DESIGN_PERSON_AND_ORGANIZATION_ASSIGNMENT ( #1865, #1440, ( #76 ) ) ;
#1328 = CARTESIAN_POINT ( 'NONE',  ( -3.308243592551873400, -1.287697617491017500, 2.486549667787273200 ) ) ;
#1329 = ORIENTED_EDGE ( 'NONE', *, *, #3094, .T. ) ;
#1330 = VERTEX_POINT ( 'NONE', #763 ) ;
#1331 = CARTESIAN_POINT ( 'NONE',  ( 0.0000000000000000000, 0.7000000000000000700, 0.0000000000000000000 ) ) ;
#1332 = CARTESIAN_POINT ( 'NONE',  ( -0.6500000000002409400, 7.938948157398684200, -2.157160101428232700 ) ) ;
#1333 = ORIENTED_EDGE ( 'NONE', *, *, #1690, .T. ) ;
#1334 = EDGE_LOOP ( 'NONE', ( #4770, #5129, #3230, #1305 ) ) ;
#1335 = DIRECTION ( 'NONE',  ( 0.0000000000000000000, -0.0000000000000000000, 1.000000000000000000 ) ) ;
#1336 = VECTOR ( 'NONE', #1500, 1000.000000000000000 ) ;
#1337 = DIRECTION ( 'NONE',  ( 0.0000000000000000000, -0.4984705943831761500, 0.8669066077353909700 ) ) ;
#1338 = CARTESIAN_POINT ( 'NONE',  ( 1.753340252763498500, 1.171318190597697300, 1.032796337979913000 ) ) ;
#1339 = PRODUCT_DEFINITION_SHAPE ( 'NONE', 'NONE',  #5188 ) ;
#1340 = MECHANICAL_CONTEXT ( 'NONE', #4470, 'mechanical' ) ;
#1341 = CARTESIAN_POINT ( 'NONE',  ( -2.238155578050000200, -1.120391659893891400, 2.340672452188691500 ) ) ;
#1342 = CARTESIAN_POINT ( 'NONE',  ( 1.164076619668747800, 2.148893028652894900, 1.412463279271337000 ) ) ;
#1343 = CARTESIAN_POINT ( 'NONE',  ( -0.3807169516091223300, 5.623432164061879000, 1.871283601549492500 ) ) ;
#1344 = CIRCLE ( 'NONE', #5252, 0.6599999999999000000 ) ;
#1345 = DIRECTION ( 'NONE',  ( 0.0000000000000000000, 0.0000000000000000000, 1.000000000000000000 ) ) ;
#1346 = DIRECTION ( 'NONE',  ( 0.0000000000000000000, 0.0000000000000000000, -1.000000000000000000 ) ) ;
#1347 = EDGE_CURVE ( 'NONE', #4854, #5487, #5066, .T. ) ;
#1348 = CARTESIAN_POINT ( 'NONE',  ( -0.6198845010332065800, 7.749999999999790400, -2.482351280881972800 ) ) ;
#1349 = CYLINDRICAL_SURFACE ( 'NONE', #4640, 2.594999999999000100 ) ;
#1350 = DIRECTION ( 'NONE',  ( 0.0000000000000000000, 0.0000000000000000000, -1.000000000000000000 ) ) ;
#1351 = ADVANCED_FACE ( 'NONE', ( #4644 ), #824, .F. ) ;
#1352 = ORIENTED_EDGE ( 'NONE', *, *, #5094, .F. ) ;
#1353 = LINE ( 'NONE', #3780, #1336 ) ;
#1354 = PERSON ( 'NAUO-PER4', 'UNSPECIFIED', 'UNSPECIFIED', ('UNSPECIFIED'), ('UNSPECIFIED'), ('UNSPECIFIED') ) ;
#1355 = ADVANCED_FACE ( 'NONE', ( #5026 ), #596, .F. ) ;
#1356 = DIRECTION ( 'NONE',  ( -0.04273409393034153400, 0.8661146723812551700, 0.4980152321986384700 ) ) ;
#1357 = CARTESIAN_POINT ( 'NONE',  ( -4.188155578049999900, 0.0000000000000000000, 0.0000000000000000000 ) ) ;
#1358 = PERSON_AND_ORGANIZATION_ROLE ( 'classification_officer' ) ;
#1359 = CARTESIAN_POINT ( 'NONE',  ( 1.260069738863127000, 2.148893028652894900, 1.327535741496540300 ) ) ;
#1360 = CALENDAR_DATE ( 2016, 15, 9 ) ;
#1361 = CARTESIAN_POINT ( 'NONE',  ( -3.200046762625402800, -1.519719667961387600, 2.351969803724133000 ) ) ;
#1362 = CARTESIAN_POINT ( 'NONE',  ( 0.6499999999909975600, 8.000185503090181200, -2.296493336764452700 ) ) ;
#1363 = ORIENTED_EDGE ( 'NONE', *, *, #2646, .F. ) ;
#1364 = DIRECTION ( 'NONE',  ( 0.0000000000000000000, 0.0000000000000000000, 1.000000000000000000 ) ) ;
#1365 = CARTESIAN_POINT ( 'NONE',  ( -2.989633557648084100, -1.371122548129231700, -2.441401195829834900 ) ) ;
#1366 = LOCAL_TIME ( 14, 32, 24.00000000000000000, #1367 ) ;
#1367 = COORDINATED_UNIVERSAL_TIME_OFFSET ( 8, 0, .BEHIND. ) ;
#1368 = DIRECTION ( 'NONE',  ( 0.0000000000000000000, 0.0000000000000000000, 1.000000000000000000 ) ) ;
#1369 = DIRECTION ( 'NONE',  ( 0.0000000000000000000, 0.0000000000000000000, 1.000000000000000000 ) ) ;
#1370 = EDGE_CURVE ( 'NONE', #4237, #3806, #4885, .T. ) ;
#1371 = VERTEX_POINT ( 'NONE', #5832 ) ;
#1372 = DIRECTION ( 'NONE',  ( 0.0000000000000000000, 1.000000000000000000, 0.0000000000000000000 ) ) ;
#1373 = DIRECTION ( 'NONE',  ( 0.0000000000000000000, 1.000000000000000000, 0.0000000000000000000 ) ) ;
#1374 = EDGE_CURVE ( 'NONE', #814, #2486, #5076, .T. ) ;
#1375 = ORIENTED_EDGE ( 'NONE', *, *, #2403, .F. ) ;
#1376 = CARTESIAN_POINT ( 'NONE',  ( -3.484184258499469800, -1.431248669789889200, 2.637401161357264100 ) ) ;
#1377 = DIRECTION ( 'NONE',  ( -0.0000000000000000000, -1.000000000000000000, -0.0000000000000000000 ) ) ;
#1378 = CARTESIAN_POINT ( 'NONE',  ( 0.6499999999999652700, 7.750000000000000000, -2.414021540914868400 ) ) ;
#1379 = APPROVAL_STATUS ( 'not_yet_approved' ) ;
#1380 = CARTESIAN_POINT ( 'NONE',  ( -2.149999999999901300, 0.0000000000000000000, 1.066536450385199500 ) ) ;
#1381 = EDGE_CURVE ( 'NONE', #4434, #980, #4580, .T. ) ;
#1382 = ADVANCED_FACE ( 'NONE', ( #4537, #4586 ), #3297, .T. ) ;
#1383 = EDGE_CURVE ( 'NONE', #5665, #582, #5827, .T. ) ;
#1384 = CARTESIAN_POINT ( 'NONE',  ( 1.346188060036863400, 2.148893028652894900, 1.233554085501829000 ) ) ;
#1385 = ORIENTED_EDGE ( 'NONE', *, *, #3715, .T. ) ;
#1386 = CARTESIAN_POINT ( 'NONE',  ( -1.912653420996300600, 0.6434418171282300100, 1.126638965777613200 ) ) ;
#1387 = CYLINDRICAL_SURFACE ( 'NONE', #2718, 0.5000000000000000000 ) ;
#1388 = CARTESIAN_POINT ( 'NONE',  ( 0.6170105900315826500, 7.950000000000549100, -2.154824268470130600 ) ) ;
#1389 = EDGE_LOOP ( 'NONE', ( #5357, #2876, #944, #3037 ) ) ;
#1390 = CARTESIAN_POINT ( 'NONE',  ( -2.599871836890506500, 7.791421356237145300, 0.02581533930793861900 ) ) ;
#1391 = CARTESIAN_POINT ( 'NONE',  ( -3.144498528597742000, -1.193645776117614500, -2.533552395202865800 ) ) ;
#1392 = DIRECTION ( 'NONE',  ( -0.0000000000000000000, 1.000000000000000000, 0.0000000000000000000 ) ) ;
#1393 = DIRECTION ( 'NONE',  ( -1.000000000000000000, 0.0000000000000000000, 0.0000000000000000000 ) ) ;
#1394 = ORIENTED_EDGE ( 'NONE', *, *, #5015, .F. ) ;
#1395 = CARTESIAN_POINT ( 'NONE',  ( -2.238155578050000200, 0.0000000000000000000, 1.804999999999000100 ) ) ;
#1396 = VERTEX_POINT ( 'NONE', #2382 ) ;
#1397 = FACE_OUTER_BOUND ( 'NONE', #5266, .T. ) ;
#1398 = ORIENTED_EDGE ( 'NONE', *, *, #2520, .F. ) ;
#1399 = CARTESIAN_POINT ( 'NONE',  ( -0.4999999999999880700, 13.85000000000000000, 2.373887304912003900 ) ) ;
#1400 = CARTESIAN_POINT ( 'NONE',  ( 0.4386094557178163400, 0.7000000000000105000, 2.155834350165863000 ) ) ;
#1401 = ORIENTED_EDGE ( 'NONE', *, *, #3918, .F. ) ;
#1402 = CARTESIAN_POINT ( 'NONE',  ( 1.645384090173496800, 1.656567835938123700, 0.9692052984143836300 ) ) ;
#1403 = APPLICATION_PROTOCOL_DEFINITION ( 'international standard', 'config_control_design', 1994, #4135 ) ;
#1404 = CIRCLE ( 'NONE', #1917, 0.09999999999999996400 ) ;
#1405 = EDGE_LOOP ( 'NONE', ( #5608, #710, #1175, #1531 ) ) ;
#1406 = CARTESIAN_POINT ( 'NONE',  ( -0.5113571919515846900, 5.623432164061879000, 1.844704544254552900 ) ) ;
#1407 = APPROVAL ( #3640, 'UNSPECIFIED' ) ;
#1408 = CIRCLE ( 'NONE', #4953, 2.200000000000000200 ) ;
#1409 = CARTESIAN_POINT ( 'NONE',  ( 1.573240936693389300, 2.148893028652894900, 0.9267097333880627300 ) ) ;
#1410 = CARTESIAN_POINT ( 'NONE',  ( 1.736133456989579000, 0.6622945447522068400, 1.381303502856700000 ) ) ;
#1411 = CARTESIAN_POINT ( 'NONE',  ( -2.612315322421245900, 7.791421356237145300, -1.227372433985346500 ) ) ;
#1412 = CARTESIAN_POINT ( 'NONE',  ( -3.458821134815671900, -1.297488130535158400, -2.481418607266662400 ) ) ;
#1413 = DIRECTION ( 'NONE',  ( -0.0000000000000000000, -1.000000000000000000, -0.0000000000000000000 ) ) ;
#1414 = CARTESIAN_POINT ( 'NONE',  ( 0.0000000000000000000, 6.580000000000000100, 0.0000000000000000000 ) ) ;
#1415 = VERTEX_POINT ( 'NONE', #2806 ) ;
#1416 = CARTESIAN_POINT ( 'NONE',  ( 1.138300687624877100, 7.708578643762578500, 3.105991849046158700 ) ) ;
#1417 = ADVANCED_FACE ( 'NONE', ( #5297 ), #5312, .T. ) ;
#1418 = LINE ( 'NONE', #5801, #1279 ) ;
#1419 = CIRCLE ( 'NONE', #4772, 0.5000000000000000000 ) ;
#1420 = ORIENTED_EDGE ( 'NONE', *, *, #5587, .F. ) ;
#1421 = CARTESIAN_POINT ( 'NONE',  ( -3.088305365732804600, -1.445258345179460700, 2.514204538158963500 ) ) ;
#1422 = CARTESIAN_POINT ( 'NONE',  ( -2.988390178205741200, -1.391706893827735500, 2.429645050794938800 ) ) ;
#1423 = FACE_OUTER_BOUND ( 'NONE', #2380, .T. ) ;
#1424 = CARTESIAN_POINT ( 'NONE',  ( -1.164869474971943800E-013, 9.449999999999999300, -2.399999999999972400 ) ) ;
#1425 = APPROVAL_ROLE ( '' ) ;
#1426 = CARTESIAN_POINT ( 'NONE',  ( -6.238155578049999800, 2.694222958124177000E-016, -2.200000000000000200 ) ) ;
#1427 = VERTEX_POINT ( 'NONE', #1854 ) ;
#1428 = CARTESIAN_POINT ( 'NONE',  ( -0.6391997694651100300, 5.623432164061879000, 1.804395934397369200 ) ) ;
#1429 = CIRCLE ( 'NONE', #3772, 0.09999999999999981100 ) ;
#1430 = CARTESIAN_POINT ( 'NONE',  ( 1.501097783213281700, 2.641218221367667600, 0.8842141683617413800 ) ) ;
#1431 = AXIS2_PLACEMENT_3D ( 'NONE', #419, #3660, #3240 ) ;
#1432 = CARTESIAN_POINT ( 'NONE',  ( -1.845831606852162500, 7.791421356237145300, -2.218905161247208400 ) ) ;
#1433 = DIRECTION ( 'NONE',  ( 0.0000000000000000000, 1.000000000000000000, 0.0000000000000000000 ) ) ;
#1434 = DIRECTION ( 'NONE',  ( 0.0000000000000000000, 1.000000000000000000, 0.0000000000000000000 ) ) ;
#1435 = AXIS2_PLACEMENT_3D ( 'NONE', #1211, #4400, #1672 ) ;
#1436 = PLANE ( 'NONE',  #2155 ) ;
#1437 = DATE_AND_TIME ( #1439, #1444 ) ;
#1438 = CARTESIAN_POINT ( 'NONE',  ( -2.988543345713178000, 2.999967887430837100, 0.01319106946227205200 ) ) ;
#1439 = CALENDAR_DATE ( 2016, 15, 9 ) ;
#1440 = PERSON_AND_ORGANIZATION_ROLE ( 'design_supplier' ) ;
#1441 = AXIS2_PLACEMENT_3D ( 'NONE', #5826, #893, #4101 ) ;
#1442 = CARTESIAN_POINT ( 'NONE',  ( -0.7614591103728445300, 5.623432164061879000, 1.751236060016118300 ) ) ;
#1443 = CC_DESIGN_APPROVAL ( #1136, ( #816 ) ) ;
#1444 = LOCAL_TIME ( 14, 32, 24.00000000000000000, #1513 ) ;
#1445 = CARTESIAN_POINT ( 'NONE',  ( 2.150737267421378700, 7.664769063953328600, 1.066902181816898200 ) ) ;
#1446 = ORIENTED_EDGE ( 'NONE', *, *, #3559, .F. ) ;
#1447 = CARTESIAN_POINT ( 'NONE',  ( 1.723258320883042800, 6.579999999999998300, 1.015076725921425100 ) ) ;
#1448 = CARTESIAN_POINT ( 'NONE',  ( 1.464769572750583600, 3.140605763927361700, 0.8628152170332112900 ) ) ;
#1449 = DIRECTION ( 'NONE',  ( 0.0000000000000000000, 0.0000000000000000000, 1.000000000000000000 ) ) ;
#1450 = DIRECTION ( 'NONE',  ( -0.8958333333338414100, 0.0000000000000000000, 0.4443901876594242900 ) ) ;
#1451 = ORIENTED_EDGE ( 'NONE', *, *, #3163, .F. ) ;
#1452 = CARTESIAN_POINT ( 'NONE',  ( -0.6499999999999996900, 7.950000000000000200, -2.206241147291000200 ) ) ;
#1453 = DIRECTION ( 'NONE',  ( -0.2300000000000108300, 0.0000000000000000000, -0.9731906288081461100 ) ) ;
#1454 = EDGE_CURVE ( 'NONE', #2326, #3739, #5712, .T. ) ;
#1455 = ORIENTED_EDGE ( 'NONE', *, *, #1579, .F. ) ;
#1456 = EDGE_CURVE ( 'NONE', #1245, #1248, #5351, .T. ) ;
#1457 = CARTESIAN_POINT ( 'NONE',  ( 0.6499999999933618900, 8.031887043909865300, -2.308584668686646200 ) ) ;
#1458 = EDGE_LOOP ( 'NONE', ( #4624, #3767, #3370, #1231 ) ) ;
#1459 = ORIENTED_EDGE ( 'NONE', *, *, #2959, .T. ) ;
#1460 = VERTEX_POINT ( 'NONE', #1214 ) ;
#1461 =( REPRESENTATION_RELATIONSHIP ('NONE','NONE', #3044, #3032 ) REPRESENTATION_RELATIONSHIP_WITH_TRANSFORMATION ( #1217 )SHAPE_REPRESENTATION_RELATIONSHIP( ) );
#1462 = EDGE_CURVE ( 'NONE', #1415, #3839, #5250, .T. ) ;
#1463 = CARTESIAN_POINT ( 'NONE',  ( -0.8837184512805793500, 5.623432164061879000, 1.698076185634867200 ) ) ;
#1464 = EDGE_LOOP ( 'NONE', ( #80, #1420, #4927, #172 ) ) ;
#1465 = VERTEX_POINT ( 'NONE', #1308 ) ;
#1466 = CARTESIAN_POINT ( 'NONE',  ( 1.464769572750584900, 3.640000000000025900, 0.8628152170332119600 ) ) ;
#1467 = CARTESIAN_POINT ( 'NONE',  ( -2.988516571607772800, -1.511615740886151200, 2.591335148510360400 ) ) ;
#1468 = CARTESIAN_POINT ( 'NONE',  ( -1.723258320883130000, 0.7000000000000020700, 1.015076725921276500 ) ) ;
#1469 = CARTESIAN_POINT ( 'NONE',  ( -1.636762000481679600, 6.637123764700425500, 1.499816045488498800 ) ) ;
#1470 = ORIENTED_EDGE ( 'NONE', *, *, #500, .T. ) ;
#1471 = DIRECTION ( 'NONE',  ( 1.000000000000000000, -0.0000000000000000000, -0.0000000000000000000 ) ) ;
#1472 = FACE_OUTER_BOUND ( 'NONE', #4800, .T. ) ;
#1473 = AXIS2_PLACEMENT_3D ( 'NONE', #78, #3343, #538 ) ;
#1474 = ORIENTED_EDGE ( 'NONE', *, *, #3447, .F. ) ;
#1475 = ORIENTED_EDGE ( 'NONE', *, *, #4359, .F. ) ;
#1476 = CARTESIAN_POINT ( 'NONE',  ( 0.6576402382684825000, 14.69999999999999900, 2.556562247870019600 ) ) ;
#1477 = PRODUCT ( '50-00045 shell', '50-00045 shell', '', ( #3690 ) ) ;
#1478 = EDGE_CURVE ( 'NONE', #5766, #5696, #4018, .T. ) ;
#1479 = CARTESIAN_POINT ( 'NONE',  ( 2.499876766264703200, 7.849999999999999600, -0.02482243924213173300 ) ) ;
#1480 = VERTEX_POINT ( 'NONE', #427 ) ;
#1481 = CYLINDRICAL_SURFACE ( 'NONE', #2899, 2.395000000000000000 ) ;
#1482 = EDGE_LOOP ( 'NONE', ( #818, #1621, #2139, #2957, #1837, #5619, #4396, #2048 ) ) ;
#1483 = VERTEX_POINT ( 'NONE', #464 ) ;
#1484 = PLANE ( 'NONE',  #3035 ) ;
#1485 = CARTESIAN_POINT ( 'NONE',  ( -2.238155578050000200, 0.0000000000000000000, 0.0000000000000000000 ) ) ;
#1486 = CARTESIAN_POINT ( 'NONE',  ( -1.238155578050000200, 0.0000000000000000000, 0.6599999999999000000 ) ) ;
#1487 = CIRCLE ( 'NONE', #685, 0.5000000000000000000 ) ;
#1488 = CARTESIAN_POINT ( 'NONE',  ( 1.432306381210599600, 2.148893028652894900, 1.139572429507117500 ) ) ;
#1489 = DIRECTION ( 'NONE',  ( -1.000000000000000000, 0.0000000000000000000, 0.0000000000000000000 ) ) ;
#1490 = CARTESIAN_POINT ( 'NONE',  ( -2.989633557572137300, 2.799876730486226900, 0.03327363910864852100 ) ) ;
#1491 = CARTESIAN_POINT ( 'NONE',  ( 1.464769572750586300, 4.139394236072687900, 0.8628152170332127300 ) ) ;
#1492 = AXIS2_PLACEMENT_3D ( 'NONE', #3407, #3439, #3251 ) ;
#1493 = CARTESIAN_POINT ( 'NONE',  ( 0.5908833645791066200, 0.6811472723761138300, 2.131592641932959200 ) ) ;
#1494 = CARTESIAN_POINT ( 'NONE',  ( -1.164869474971943800E-013, 9.449999999999999300, -2.399999999999972400 ) ) ;
#1495 = FACE_OUTER_BOUND ( 'NONE', #5677, .T. ) ;
#1496 = CARTESIAN_POINT ( 'NONE',  ( 1.508544392461789600, 2.148893028652894900, 1.036542670477895900 ) ) ;
#1497 = CARTESIAN_POINT ( 'NONE',  ( -1.104000000000162400, 14.33219912191079900, 2.271315018279131100 ) ) ;
#1498 = CARTESIAN_POINT ( 'NONE',  ( -2.238155578050000200, 2.621359165062774100, -1.510856941112698000 ) ) ;
#1499 = CARTESIAN_POINT ( 'NONE',  ( 0.3640241188313859100, 5.131106971347153800, 1.789235707153513200 ) ) ;
#1500 = DIRECTION ( 'NONE',  ( 0.0000000000000000000, 1.000000000000000000, 0.0000000000000000000 ) ) ;
#1501 = EDGE_CURVE ( 'NONE', #1755, #1093, #5158, .T. ) ;
#1502 = CARTESIAN_POINT ( 'NONE',  ( 0.0000000000000000000, 7.749999999999999100, 0.0000000000000000000 ) ) ;
#1503 = FACE_BOUND ( 'NONE', #2744, .T. ) ;
#1504 = CARTESIAN_POINT ( 'NONE',  ( -3.500000000000000000, 0.6999999999999999600, 3.037491901711999900 ) ) ;
#1505 = CARTESIAN_POINT ( 'NONE',  ( -1.000386730517140100, 5.623432164061879000, 1.632068449164811400 ) ) ;
#1506 = CARTESIAN_POINT ( 'NONE',  ( 1.573240936693389900, 2.148893028652894900, 0.9267097333880610600 ) ) ;
#1507 = CARTESIAN_POINT ( 'NONE',  ( -3.458060923544937500, 2.797649677278939900, -0.1215255699023954900 ) ) ;
#1508 = CARTESIAN_POINT ( 'NONE',  ( -3.072827796595443100, 2.994039699884711400, 0.1897544930577438100 ) ) ;
#1509 = CARTESIAN_POINT ( 'NONE',  ( 1.501097783213287000, 4.638781778632381500, 0.8842141683617447100 ) ) ;
#1510 = CARTESIAN_POINT ( 'NONE',  ( 0.8798810854881249400, 0.6811472723761138300, 2.023587956913990700 ) ) ;
#1511 = CARTESIAN_POINT ( 'NONE',  ( -0.6299199387970591000, 7.791421356237145300, -2.522538576653667900 ) ) ;
#1512 = CARTESIAN_POINT ( 'NONE',  ( -1.292455195348719600, 2.631618554750704900, 0.7613142917670298000 ) ) ;
#1513 = COORDINATED_UNIVERSAL_TIME_OFFSET ( 8, 0, .BEHIND. ) ;
#1514 = CARTESIAN_POINT ( 'NONE',  ( -3.050237574998957000, -1.540525277573089800, -2.338502866761088300 ) ) ;
#1515 = CARTESIAN_POINT ( 'NONE',  ( 0.2645300280561703700, 2.621839195040666800, 1.300206627329825200 ) ) ;
#1516 = CARTESIAN_POINT ( 'NONE',  ( -3.317747839084037100, 2.989898168074629500, 0.2460123119922346100 ) ) ;
#1517 = CARTESIAN_POINT ( 'NONE',  ( -2.188664612152690900, 7.949999999999992200, 4.508835292677464900 ) ) ;
#1518 = CARTESIAN_POINT ( 'NONE',  ( -1.164869474971943800E-013, 14.69999999999999900, -2.399999999999972400 ) ) ;
#1519 = DIRECTION ( 'NONE',  ( -1.000000000000000000, 0.0000000000000000000, 0.0000000000000000000 ) ) ;
#1520 = ORIENTED_EDGE ( 'NONE', *, *, #2078, .F. ) ;
#1521 = CARTESIAN_POINT ( 'NONE',  ( -2.680779144684000100, 0.0000000000000000000, 0.0000000000000000000 ) ) ;
#1522 = CARTESIAN_POINT ( 'NONE',  ( -3.101457915050818100, -1.639507042774303300, 2.399018140598760500 ) ) ;
#1523 = DIRECTION ( 'NONE',  ( 0.0000000000000000000, 0.0000000000000000000, 1.000000000000000000 ) ) ;
#1524 = CC_DESIGN_PERSON_AND_ORGANIZATION_ASSIGNMENT ( #4481, #4511, ( #2017 ) ) ;
#1525 = ORIENTED_EDGE ( 'NONE', *, *, #3081, .T. ) ;
#1526 = CC_DESIGN_SECURITY_CLASSIFICATION ( #1212, ( #5849 ) ) ;
#1527 = CARTESIAN_POINT ( 'NONE',  ( 0.3473312860536477100, 2.641218221367667600, 1.707187812757516600 ) ) ;
#1528 = CARTESIAN_POINT ( 'NONE',  ( -3.306410078423285700, 2.990250879940330900, -0.2417434511474445800 ) ) ;
#1529 = CARTESIAN_POINT ( 'NONE',  ( -3.227389301399947700, 2.789447309339596600, 0.2514139574525350300 ) ) ;
#1530 = CARTESIAN_POINT ( 'NONE',  ( 1.573240936693397300, 5.131106971347153800, 0.9267097333880675000 ) ) ;
#1531 = ORIENTED_EDGE ( 'NONE', *, *, #5345, .T. ) ;
#1532 = CARTESIAN_POINT ( 'NONE',  ( -2.599871836890506000, 7.849999999999999600, 0.02581533930793862200 ) ) ;
#1533 = CARTESIAN_POINT ( 'NONE',  ( -3.159951458920161400, -1.708189780760761100, -2.466191197647519500 ) ) ;
#1534 = CARTESIAN_POINT ( 'NONE',  ( 0.4665154791838016000, 2.641218221367667600, 1.682939514610227500 ) ) ;
#1535 = CARTESIAN_POINT ( 'NONE',  ( -0.6500000000000000200, 7.750000000000000000, -2.414021540914999900 ) ) ;
#1536 = CARTESIAN_POINT ( 'NONE',  ( -3.035177239196143800, 2.796462860874027200, 0.1456376441742385800 ) ) ;
#1537 = LINE ( 'NONE', #2917, #426 ) ;
#1538 = CARTESIAN_POINT ( 'NONE',  ( -1.970833333333262800, 0.0000000000000000000, 0.9776584128531306000 ) ) ;
#1539 = ORIENTED_EDGE ( 'NONE', *, *, #3714, .T. ) ;
#1540 = CARTESIAN_POINT ( 'NONE',  ( -0.6499999999989971600, 8.017833347362600400, -2.304781485674925400 ) ) ;
#1541 = ORIENTED_EDGE ( 'NONE', *, *, #2319, .F. ) ;
#1542 = CARTESIAN_POINT ( 'NONE',  ( -1.164869474971943800E-013, 14.69999999999999900, -2.399999999999972400 ) ) ;
#1543 = CARTESIAN_POINT ( 'NONE',  ( -3.357791214497388500, -1.588468339607541200, 2.308278078532408200 ) ) ;
#1544 = DIRECTION ( 'NONE',  ( 0.0000000000000000000, 0.2300000000004465100, -0.9731906288080433000 ) ) ;
#1545 = VECTOR ( 'NONE', #3128, 1000.000000000000000 ) ;
#1546 = ORIENTED_EDGE ( 'NONE', *, *, #1162, .F. ) ;
#1547 = ORIENTED_EDGE ( 'NONE', *, *, #3826, .T. ) ;
#1548 = CARTESIAN_POINT ( 'NONE',  ( -1.108921852127071800, 5.623432164061879000, 1.554651099297088600 ) ) ;
#1549 = AXIS2_PLACEMENT_3D ( 'NONE', #5403, #3747, #2916 ) ;
#1550 = CARTESIAN_POINT ( 'NONE',  ( 1.723258320883139600, 0.6999999999999688700, 1.015076725921282500 ) ) ;
#1551 = ORIENTED_EDGE ( 'NONE', *, *, #3546, .F. ) ;
#1552 = CARTESIAN_POINT ( 'NONE',  ( -3.140554545886507400, 2.791090741567127800, -0.2314095604834839300 ) ) ;
#1553 = VECTOR ( 'NONE', #1023, 1000.000000000000000 ) ;
#1554 = CARTESIAN_POINT ( 'NONE',  ( -3.406697061168422600, 2.994319955890858000, 0.1845714946504905500 ) ) ;
#1555 = CARTESIAN_POINT ( 'NONE',  ( 0.7408183550079909800, 0.6622945447522068400, 2.091254865473366900 ) ) ;
#1556 = ORIENTED_EDGE ( 'NONE', *, *, #4209, .F. ) ;
#1557 = CARTESIAN_POINT ( 'NONE',  ( 1.138499999999940100, 9.299999999999998900, 2.417293612600351200 ) ) ;
#1558 = CARTESIAN_POINT ( 'NONE',  ( 0.6386543096955171700, 2.621839195040667200, 1.224090181960065100 ) ) ;
#1559 = CARTESIAN_POINT ( 'NONE',  ( -3.361965845117797200, 2.792045125080027100, 0.2186029904526474400 ) ) ;
#1560 = VERTEX_POINT ( 'NONE', #4507 ) ;
#1561 = AXIS2_PLACEMENT_3D ( 'NONE', #2384, #5486, #2867 ) ;
#1562 = FACE_OUTER_BOUND ( 'NONE', #5045, .T. ) ;
#1563 = CARTESIAN_POINT ( 'NONE',  ( -2.988516571607772800, -1.511617296739754500, 2.591337843327850900 ) ) ;
#1564 = DIRECTION ( 'NONE',  ( 1.000000000000000000, -0.0000000000000000000, -0.0000000000000000000 ) ) ;
#1565 = AXIS2_PLACEMENT_3D ( 'NONE', #3105, #286, #3533 ) ;
#1566 = CIRCLE ( 'NONE', #145, 4.799999999999944800 ) ;
#1567 = CARTESIAN_POINT ( 'NONE',  ( -3.388016134337587600, -1.404401789991926600, 2.422324779264570800 ) ) ;
#1568 = CARTESIAN_POINT ( 'NONE',  ( -1.895584152971299300, 6.580000000000000100, 1.116584398513607500 ) ) ;
#1569 = DIRECTION ( 'NONE',  ( -1.000000000000000000, 0.0000000000000000000, 0.0000000000000000000 ) ) ;
#1570 = CIRCLE ( 'NONE', #4147, 2.000000000000001300 ) ;
#1571 = CARTESIAN_POINT ( 'NONE',  ( 0.9494745003083749900, 2.621839195040667200, 1.002384294633472500 ) ) ;
#1572 = CARTESIAN_POINT ( 'NONE',  ( -3.006703459583953000, 2.998538030733093800, -0.09374614331025800400 ) ) ;
#1573 = EDGE_CURVE ( 'NONE', #2055, #2196, #5760, .T. ) ;
#1574 = CARTESIAN_POINT ( 'NONE',  ( -3.484872418925560200, 2.799742999529613900, 0.03926750254772781000 ) ) ;
#1575 = CARTESIAN_POINT ( 'NONE',  ( -2.299927550003581600, 8.050000000000000700, -0.01825553983105340100 ) ) ;
#1576 = CARTESIAN_POINT ( 'NONE',  ( 0.5831473409186442900, 2.641218221367667600, 1.646165629860529600 ) ) ;
#1577 = CARTESIAN_POINT ( 'NONE',  ( -8.238155578050001500, 0.0000000000000000000, 0.0000000000000000000 ) ) ;
#1578 = CARTESIAN_POINT ( 'NONE',  ( -1.217456973737003600, 5.623432164061879000, 1.477233749429365900 ) ) ;
#1579 = EDGE_CURVE ( 'NONE', #5216, #2725, #3004, .T. ) ;
#1580 = CARTESIAN_POINT ( 'NONE',  ( -7.238155578049999800, 0.0000000000000000000, 2.849999999999000000 ) ) ;
#1581 = CARTESIAN_POINT ( 'NONE',  ( -3.424156022742420800, -1.542258206973393400, -2.337370148470315100 ) ) ;
#1582 = CARTESIAN_POINT ( 'NONE',  ( -3.052155133450656700, -1.591957487907404100, 2.423451827946048600 ) ) ;
#1583 = CARTESIAN_POINT ( 'NONE',  ( -5.738155578050000600, 3.177958443786157100E-016, -2.594999999999000100 ) ) ;
#1584 = EDGE_CURVE ( 'NONE', #2680, #3169, #5236, .T. ) ;
#1585 = CARTESIAN_POINT ( 'NONE',  ( 2.558452522634090200, 7.749999999999792200, -0.02540404977205258300 ) ) ;
#1586 = CARTESIAN_POINT ( 'NONE',  ( -4.188155578049999900, 1.104000000004037100, 2.271315018279005400 ) ) ;
#1587 = CARTESIAN_POINT ( 'NONE',  ( -1.317851991057444700, 5.623432164061879000, 1.388411741170440900 ) ) ;
#1588 = CARTESIAN_POINT ( 'NONE',  ( 0.6946855688070429100, 2.641218221367667600, 1.597667428093440600 ) ) ;
#1589 = CARTESIAN_POINT ( 'NONE',  ( -2.988543345713178000, 2.799967887427493400, 0.01319106946227205200 ) ) ;
#1590 = AXIS2_PLACEMENT_3D ( 'NONE', #2314, #5840, #4126 ) ;
#1591 = DIRECTION ( 'NONE',  ( 0.0000000000000000000, 0.0000000000000000000, 1.000000000000000000 ) ) ;
#1592 = CARTESIAN_POINT ( 'NONE',  ( 0.8062237966954418600, 2.641218221367667600, 1.549169226326351200 ) ) ;
#1593 = CARTESIAN_POINT ( 'NONE',  ( -20.38608482323521500, 0.0000000000000000000, 0.0000000000000000000 ) ) ;
#1594 = ITEM_DEFINED_TRANSFORMATION ( 'NONE', 'NONE', #5268,  #3218 ) ;
#1595 = CARTESIAN_POINT ( 'NONE',  ( -0.4999999999999881800, 13.71779738576607800, 2.574937185533139300 ) ) ;
#1596 = ORIENTED_EDGE ( 'NONE', *, *, #4317, .T. ) ;
#1597 = CARTESIAN_POINT ( 'NONE',  ( -3.424156022742419500, -1.642259762828666600, -2.510577924047572300 ) ) ;
#1598 = CARTESIAN_POINT ( 'NONE',  ( -3.225078353119750200, -1.712309685399968400, 2.463338771609002700 ) ) ;
#1599 = DIRECTION ( 'NONE',  ( 0.0000000000000000000, 0.0000000000000000000, 1.000000000000000000 ) ) ;
#1600 = CARTESIAN_POINT ( 'NONE',  ( -1.074402454204355500, 9.449999999999999300, 2.146080000000010200 ) ) ;
#1601 = CARTESIAN_POINT ( 'NONE',  ( 0.0000000000000000000, 9.449999999999999300, 0.0000000000000000000 ) ) ;
#1602 = PRODUCT_RELATED_PRODUCT_CATEGORY ( 'detail', '', ( #2017 ) ) ;
#1603 = CARTESIAN_POINT ( 'NONE',  ( -1.407919387745923300, 5.623432164061879000, 1.290120425495126600 ) ) ;
#1604 = EDGE_CURVE ( 'NONE', #3806, #3278, #5831, .T. ) ;
#1605 = VERTEX_POINT ( 'NONE', #2160 ) ;
#1606 = CARTESIAN_POINT ( 'NONE',  ( 1.970833333332999700, 0.6999999999999999600, 0.9776584128530002600 ) ) ;
#1607 = ORIENTED_EDGE ( 'NONE', *, *, #1867, .T. ) ;
#1608 = CARTESIAN_POINT ( 'NONE',  ( 1.895584152971314900, 6.580000000000002700, 1.116584398513617000 ) ) ;
#1609 = DIRECTION ( 'NONE',  ( 0.0000000000000000000, 0.0000000000000000000, -1.000000000000000000 ) ) ;
#1610 = DIRECTION ( 'NONE',  ( -1.000000000000000000, 0.0000000000000000000, 0.0000000000000000000 ) ) ;
#1611 = CARTESIAN_POINT ( 'NONE',  ( 0.9126612518642486200, 2.641218221367667600, 1.488949811612259000 ) ) ;
#1612 = VECTOR ( 'NONE', #3113, 1000.000000000000200 ) ;
#1613 = ORIENTED_EDGE ( 'NONE', *, *, #2964, .F. ) ;
#1614 = EDGE_CURVE ( 'NONE', #1427, #1330, #5230, .T. ) ;
#1615 = CARTESIAN_POINT ( 'NONE',  ( -3.442812312632715300, -1.524696633021068500, -2.348857810188163900 ) ) ;
#1616 = CARTESIAN_POINT ( 'NONE',  ( -3.384408744602475300, -1.623303689841099300, 2.402703711551259900 ) ) ;
#1617 = CARTESIAN_POINT ( 'NONE',  ( 2.263416470341463900, 7.950000000000002000, 4.618110639838195500 ) ) ;
#1618 = ORIENTED_EDGE ( 'NONE', *, *, #420, .T. ) ;
#1619 = CARTESIAN_POINT ( 'NONE',  ( 0.6499999999938284000, 7.789660126875780600, -2.497377834472489100 ) ) ;
#1620 = CARTESIAN_POINT ( 'NONE',  ( -3.279474328544761600, -1.708302919181137600, -2.466114300574640000 ) ) ;
#1621 = ORIENTED_EDGE ( 'NONE', *, *, #1456, .F. ) ;
#1622 = FACE_OUTER_BOUND ( 'NONE', #4867, .T. ) ;
#1623 = ORIENTED_EDGE ( 'NONE', *, *, #3447, .T. ) ;
#1624 = CLOSED_SHELL ( 'NONE', ( #2223, #5814, #1288, #1203, #4402, #1774, #2606, #3236, #4137, #291, #5402, #1657, #3492, #4913, #3625, #5765, #3070 ) ) ;
#1625 = AXIS2_PLACEMENT_3D ( 'NONE', #3976, #1687, #753 ) ;
#1626 = CARTESIAN_POINT ( 'NONE',  ( 1.645384090173507100, 5.623432164061924300, 0.9692052984143897400 ) ) ;
#1627 = DIRECTION ( 'NONE',  ( -0.0000000000000000000, 1.000000000000000000, -0.0000000000000000000 ) ) ;
#1628 = CARTESIAN_POINT ( 'NONE',  ( -3.441133916827051800, -1.372107086587274000, 2.667834475970680200 ) ) ;
#1629 = AXIS2_PLACEMENT_3D ( 'NONE', #5802, #3216, #397 ) ;
#1630 = ADVANCED_FACE ( 'NONE', ( #2304, #2300 ), #1436, .F. ) ;
#1631 = CARTESIAN_POINT ( 'NONE',  ( -3.486347785519355200, -1.534515842399602400, 2.577994534760159200 ) ) ;
#1632 = CYLINDRICAL_SURFACE ( 'NONE', #1078, 0.4499999999997882400 ) ;
#1633 = CARTESIAN_POINT ( 'NONE',  ( -3.467036228377712500, -1.295590626611099700, 2.483226425951065200 ) ) ;
#1634 = AXIS2_PLACEMENT_3D ( 'NONE', #3135, #2707, #2669 ) ;
#1635 = AXIS2_PLACEMENT_3D ( 'NONE', #2612, #5257, #3499 ) ;
#1636 = CARTESIAN_POINT ( 'NONE',  ( -3.008820263026242200, 2.998031036477844400, -0.1189807633347940200 ) ) ;
#1637 = DIRECTION ( 'NONE',  ( 0.4443901876604229300, 0.0000000000000000000, 0.8958333333333462500 ) ) ;
#1638 = SECURITY_CLASSIFICATION ( '', '', #4598 ) ;
#1639 = LINE ( 'NONE', #655, #1612 ) ;
#1640 = CARTESIAN_POINT ( 'NONE',  ( -1.753340252763510700, 1.171318190597639300, 1.032796337979919700 ) ) ;
#1641 = DIRECTION ( 'NONE',  ( 1.000000000000000000, -0.0000000000000000000, -0.0000000000000000000 ) ) ;
#1642 = CARTESIAN_POINT ( 'NONE',  ( 1.605467267661454100, 7.950000000000549100, -1.871790404962518900 ) ) ;
#1643 = CARTESIAN_POINT ( 'NONE',  ( 1.011678758732370300, 2.641218221367667600, 1.418321310362783600 ) ) ;
#1644 = CARTESIAN_POINT ( 'NONE',  ( -1.497986784434401900, 5.623432164061879000, 1.191829109819812400 ) ) ;
#1645 = DIRECTION ( 'NONE',  ( -1.000000000000000000, 0.0000000000000000000, 0.0000000000000000000 ) ) ;
#1646 = CARTESIAN_POINT ( 'NONE',  ( -3.305525094964211400, -1.236619756978191400, 2.622827563103095700 ) ) ;
#1647 = CARTESIAN_POINT ( 'NONE',  ( -3.089016864814438700, -1.381456619297639400, 2.435538950313082700 ) ) ;
#1648 = APPROVAL_DATE_TIME ( #1651, #2605 ) ;
#1649 = CARTESIAN_POINT ( 'NONE',  ( -3.204390896795370900, -1.274898617478128900, 2.493196611505327500 ) ) ;
#1650 = CARTESIAN_POINT ( 'NONE',  ( 2.229202199381817200, 7.950000000000549100, -1.054410746300203700 ) ) ;
#1651 = DATE_AND_TIME ( #1654, #1655 ) ;
#1652 = EDGE_CURVE ( 'NONE', #5487, #4854, #2282, .T. ) ;
#1653 = CARTESIAN_POINT ( 'NONE',  ( 1.725838066901327800, 6.580000207254070000, 1.372960578884315800 ) ) ;
#1654 = CALENDAR_DATE ( 2016, 15, 9 ) ;
#1655 = LOCAL_TIME ( 14, 32, 24.00000000000000000, #1719 ) ;
#1656 = ORIENTED_EDGE ( 'NONE', *, *, #5132, .T. ) ;
#1657 = ADVANCED_FACE ( 'NONE', ( #2242 ), #2225, .T. ) ;
#1658 = EDGE_LOOP ( 'NONE', ( #1156, #1267, #1222, #1950 ) ) ;
#1659 = CARTESIAN_POINT ( 'NONE',  ( -7.238155578050000600, 2.399000527194540500, 1.843640159924744700 ) ) ;
#1660 = AXIS2_PLACEMENT_3D ( 'NONE', #826, #4509, #1794 ) ;
#1661 = ORIENTED_EDGE ( 'NONE', *, *, #313, .T. ) ;
#1662 = DIRECTION ( 'NONE',  ( 0.0000000000000000000, 0.0000000000000000000, -1.000000000000000000 ) ) ;
#1663 = CARTESIAN_POINT ( 'NONE',  ( 1.110696265600491900, 2.641218221367667600, 1.347692809113308500 ) ) ;
#1664 = CARTESIAN_POINT ( 'NONE',  ( -1.577720795833078800, 5.623432164061879000, 1.084074777748215400 ) ) ;
#1665 = CARTESIAN_POINT ( 'NONE',  ( -0.6328245490924426800, 7.949999999999998400, -2.211228864244020500 ) ) ;
#1666 = CARTESIAN_POINT ( 'NONE',  ( -3.114345310865392700, -1.306708375377746600, 2.700491277604380800 ) ) ;
#1667 = CARTESIAN_POINT ( 'NONE',  ( -2.232987947294781300, 7.749999999999983100, 1.107703739098045800 ) ) ;
#1668 = ORIENTED_EDGE ( 'NONE', *, *, #740, .F. ) ;
#1669 = CARTESIAN_POINT ( 'NONE',  ( -2.988397714842505600, -1.441557495260477100, 2.516341224857668600 ) ) ;
#1670 = DIRECTION ( 'NONE',  ( -1.000000000000000000, 0.0000000000000000000, 0.0000000000000000000 ) ) ;
#1671 = FACE_OUTER_BOUND ( 'NONE', #3818, .T. ) ;
#1672 = DIRECTION ( 'NONE',  ( 0.0000000000000000000, 0.0000000000000000000, 1.000000000000000000 ) ) ;
#1673 = ORIENTED_EDGE ( 'NONE', *, *, #1695, .F. ) ;
#1674 = EDGE_CURVE ( 'NONE', #2216, #1560, #2293, .T. ) ;
#1675 = ORIENTED_EDGE ( 'NONE', *, *, #2996, .F. ) ;
#1676 = VERTEX_POINT ( 'NONE', #15 ) ;
#1677 = AXIS2_PLACEMENT_3D ( 'NONE', #4803, #4791, #5177 ) ;
#1678 = DIRECTION ( 'NONE',  ( 0.0000000000000000000, 0.0000000000000000000, 1.000000000000000000 ) ) ;
#1679 = CARTESIAN_POINT ( 'NONE',  ( -1.464769572750584900, 3.639999999999968600, 0.8628152170332119600 ) ) ;
#1680 = EDGE_CURVE ( 'NONE', #3836, #2945, #2230, .T. ) ;
#1681 = CIRCLE ( 'NONE', #443, 2.399999999999999900 ) ;
#1682 = DIRECTION ( 'NONE',  ( 0.0000000000000000000, 0.0000000000000000000, 1.000000000000000000 ) ) ;
#1683 = ORIENTED_EDGE ( 'NONE', *, *, #2218, .T. ) ;
#1684 = ORIENTED_EDGE ( 'NONE', *, *, #843, .F. ) ;
#1685 = CARTESIAN_POINT ( 'NONE',  ( 1.202287486668809600, 2.641218221367667600, 1.266659741822639700 ) ) ;
#1686 = CARTESIAN_POINT ( 'NONE',  ( -1.645384090173498000, 5.623432164061879000, 0.9692052984143825200 ) ) ;
#1687 = DIRECTION ( 'NONE',  ( -0.0000000000000000000, -1.000000000000000000, -0.0000000000000000000 ) ) ;
#1688 = ORIENTED_EDGE ( 'NONE', *, *, #5635, .F. ) ;
#1689 = CARTESIAN_POINT ( 'NONE',  ( -3.004773853026635200, -1.368615632256195300, 2.556219435283376500 ) ) ;
#1690 = EDGE_CURVE ( 'NONE', #582, #1245, #2219, .T. ) ;
#1691 = FACE_OUTER_BOUND ( 'NONE', #4510, .T. ) ;
#1692 = ADVANCED_FACE ( 'NONE', ( #2351 ), #3494, .F. ) ;
#1693 = CARTESIAN_POINT ( 'NONE',  ( -3.135359240201875500, -1.306331616491308100, 2.476775550505860400 ) ) ;
#1694 = ORIENTED_EDGE ( 'NONE', *, *, #1256, .T. ) ;
#1695 = EDGE_CURVE ( 'NONE', #1798, #4338, #1987, .T. ) ;
#1696 = DIRECTION ( 'NONE',  ( 0.0000000000000000000, 0.0000000000000000000, 1.000000000000000000 ) ) ;
#1697 = CARTESIAN_POINT ( 'NONE',  ( -8.238155578050001500, 3.673940397442059900E-016, -3.000000000000000000 ) ) ;
#1698 = CIRCLE ( 'NONE', #762, 0.5000000000000000000 ) ;
#1699 = CARTESIAN_POINT ( 'NONE',  ( -0.6386543096955171700, 4.658160804959332600, 1.224090181960065100 ) ) ;
#1700 = CIRCLE ( 'NONE', #5714, 2.849999999999000000 ) ;
#1701 = DIRECTION ( 'NONE',  ( -1.000000000000000000, 0.0000000000000000000, 0.0000000000000000000 ) ) ;
#1702 = CARTESIAN_POINT ( 'NONE',  ( 1.970833333333311900, 6.580000000000000100, 0.9776584128530305700 ) ) ;
#1703 = DIRECTION ( 'NONE',  ( 1.000000000000000000, 0.0000000000000000000, 0.0000000000000000000 ) ) ;
#1704 = CARTESIAN_POINT ( 'NONE',  ( 1.284456732327803600, 2.641218221367667600, 1.176987745508531100 ) ) ;
#1705 = CIRCLE ( 'NONE', #1324, 0.09999900212796719600 ) ;
#1706 = CARTESIAN_POINT ( 'NONE',  ( -0.3640241188313850200, 5.131106971347104900, 1.789235707153504600 ) ) ;
#1707 = PLANE ( 'NONE',  #3202 ) ;
#1708 = DIRECTION ( 'NONE',  ( 0.0000000000000000000, 1.000000000000000000, 0.0000000000000000000 ) ) ;
#1709 = VECTOR ( 'NONE', #4225, 1000.000000000000000 ) ;
#1710 = CC_DESIGN_APPROVAL ( #1407, ( #455 ) ) ;
#1711 = LINE ( 'NONE', #5131, #1553 ) ;
#1712 = ADVANCED_FACE ( 'NONE', ( #2364 ), #1995, .T. ) ;
#1713 = PLANE ( 'NONE',  #3217 ) ;
#1714 = CARTESIAN_POINT ( 'NONE',  ( -0.6499999999999547300, 7.772763963534789200, -2.480689138731953400 ) ) ;
#1715 = CARTESIAN_POINT ( 'NONE',  ( -17.68077914467999500, -0.9999999999999998900, -0.5000000000000000000 ) ) ;
#1716 = CARTESIAN_POINT ( 'NONE',  ( -2.988516571847853200, -1.461625038278316200, 2.504748702699698600 ) ) ;
#1717 = DIRECTION ( 'NONE',  ( 1.000000000000000000, 0.0000000000000000000, 0.0000000000000000000 ) ) ;
#1718 = CARTESIAN_POINT ( 'NONE',  ( 1.366625977986797700, 2.641218221367667600, 1.087315749194422500 ) ) ;
#1719 = COORDINATED_UNIVERSAL_TIME_OFFSET ( 8, 0, .BEHIND. ) ;
#1720 = CARTESIAN_POINT ( 'NONE',  ( -0.4889363355676931100, 5.131106971347104900, 1.763822029432390100 ) ) ;
#1721 = CARTESIAN_POINT ( 'NONE',  ( -3.487794584502692500, 2.999969938773168600, -0.01343005797876033400 ) ) ;
#1722 = APPROVAL_PERSON_ORGANIZATION ( #1724, #2605, #5488 ) ;
#1723 = CARTESIAN_POINT ( 'NONE',  ( -4.188155578049999900, 2.694222958124177000E-016, -2.200000000000000200 ) ) ;
#1724 = PERSON_AND_ORGANIZATION ( #4182, #5189 ) ;
#1725 = VERTEX_POINT ( 'NONE', #1839 ) ;
#1726 = CARTESIAN_POINT ( 'NONE',  ( -3.424156022742420800, -1.542258206974819400, -2.337370148472785100 ) ) ;
#1727 = AXIS2_PLACEMENT_3D ( 'NONE', #4535, #895, #1369 ) ;
#1728 = CARTESIAN_POINT ( 'NONE',  ( -8.180779144683999200, 0.0000000000000000000, 0.6599999999999000000 ) ) ;
#1729 = ORIENTED_EDGE ( 'NONE', *, *, #5207, .F. ) ;
#1730 = CARTESIAN_POINT ( 'NONE',  ( -3.238155578050000200, 6.123233995736766000E-017, -0.5000000000000000000 ) ) ;
#1731 = DIRECTION ( 'NONE',  ( -1.000000000000000000, -0.0000000000000000000, -0.0000000000000000000 ) ) ;
#1732 = ORIENTED_EDGE ( 'NONE', *, *, #5317, .T. ) ;
#1733 = LINE ( 'NONE', #2395, #1306 ) ;
#1734 = CARTESIAN_POINT ( 'NONE',  ( -2.988308885537498800, -1.458283821650941900, 2.506684351412596700 ) ) ;
#1735 = AXIS2_PLACEMENT_3D ( 'NONE', #2116, #3491, #4364 ) ;
#1736 = DIRECTION ( 'NONE',  ( 0.5374734887400789400, 0.0000000000000000000, 0.8432806465830744400 ) ) ;
#1737 = CARTESIAN_POINT ( 'NONE',  ( 1.439367989090500500, 2.641218221367667600, 0.9890105632075767400 ) ) ;
#1738 = ORIENTED_EDGE ( 'NONE', *, *, #2330, .T. ) ;
#1739 = CARTESIAN_POINT ( 'NONE',  ( -5.469454144775957300, -6.830283825449722400E-016, 0.0000000000000000000 ) ) ;
#1740 = CARTESIAN_POINT ( 'NONE',  ( 0.6500000000000015800, 7.867653517505936600, -2.103428857986203900 ) ) ;
#1741 = CARTESIAN_POINT ( 'NONE',  ( 0.0000000000000000000, 0.0000000000000000000, 0.0000000000000000000 ) ) ;
#1742 = ORIENTED_EDGE ( 'NONE', *, *, #972, .T. ) ;
#1743 = EDGE_LOOP ( 'NONE', ( #5610, #3147, #1892, #1968 ) ) ;
#1744 = AXIS2_PLACEMENT_3D ( 'NONE', #52, #430, #451 ) ;
#1745 = ADVANCED_FACE ( 'NONE', ( #2362 ), #2221, .F. ) ;
#1746 = AXIS2_PLACEMENT_3D ( 'NONE', #5472, #2861, #45 ) ;
#1747 = CARTESIAN_POINT ( 'NONE',  ( -8.238155578050001500, 0.0000000000000000000, 0.0000000000000000000 ) ) ;
#1748 = CC_DESIGN_PERSON_AND_ORGANIZATION_ASSIGNMENT ( #2639, #19, ( #816 ) ) ;
#1749 = CARTESIAN_POINT ( 'NONE',  ( -2.612315322421246300, 7.849999999999999600, -1.227372433985346500 ) ) ;
#1750 = CIRCLE ( 'NONE', #5428, 2.200000000000000200 ) ;
#1751 = ORIENTED_EDGE ( 'NONE', *, *, #3866, .F. ) ;
#1752 = CARTESIAN_POINT ( 'NONE',  ( -3.091902411611094200, -1.573604409060547900, -2.316622031977234800 ) ) ;
#1753 = EDGE_CURVE ( 'NONE', #1093, #3573, #34, .T. ) ;
#1754 = CIRCLE ( 'NONE', #4544, 3.000000000000000000 ) ;
#1755 = VERTEX_POINT ( 'NONE', #1728 ) ;
#1756 = CARTESIAN_POINT ( 'NONE',  ( -2.391058697727701100, 8.050000000000000700, -1.135996394097186700 ) ) ;
#1757 = EDGE_CURVE ( 'NONE', #3169, #2680, #1976, .T. ) ;
#1758 = ORIENTED_EDGE ( 'NONE', *, *, #1757, .T. ) ;
#1759 = APPLICATION_CONTEXT ( 'configuration controlled 3d designs of mechanical parts and assemblies' ) ;
#1760 = ORIENTED_EDGE ( 'NONE', *, *, #3637, .F. ) ;
#1761 = CARTESIAN_POINT ( 'NONE',  ( 0.2645300280561727100, 4.658160804959411600, 1.300206627329834500 ) ) ;
#1762 = CARTESIAN_POINT ( 'NONE',  ( -0.6111735551918771000, 5.131106971347104900, 1.725280782128949300 ) ) ;
#1763 = CARTESIAN_POINT ( 'NONE',  ( 1.724879451465787900, 8.050000000000000700, -2.017022719215251700 ) ) ;
#1764 = CARTESIAN_POINT ( 'NONE',  ( -17.68077914467999900, -6.123233995736766000E-017, 0.5000000000000000000 ) ) ;
#1765 = EDGE_CURVE ( 'NONE', #4037, #146, #1910, .T. ) ;
#1766 = LINE ( 'NONE', #833, #1709 ) ;
#1767 = CARTESIAN_POINT ( 'NONE',  ( -3.487712357837265700, -1.381013353708207700, -2.435798731924055700 ) ) ;
#1768 = CARTESIAN_POINT ( 'NONE',  ( -1.845831606852162500, 7.849999999999999600, -2.218905161247208400 ) ) ;
#1769 = DIRECTION ( 'NONE',  ( -0.0000000000000000000, 0.0000000000000000000, -1.000000000000000000 ) ) ;
#1770 = CARTESIAN_POINT ( 'NONE',  ( -0.6500000000000524200, 7.849999999999999600, -2.101784955698354600 ) ) ;
#1771 = SHAPE_REPRESENTATION_RELATIONSHIP ( 'NONE' , 'NONE' ,  #3032, #3012 ) ;
#1772 = CARTESIAN_POINT ( 'NONE',  ( 0.0000000000000000000, 9.250000000000000000, 0.0000000000000000000 ) ) ;
#1773 = PERSON ( 'NAUO-PER3', 'UNSPECIFIED', 'UNSPECIFIED', ('UNSPECIFIED'), ('UNSPECIFIED'), ('UNSPECIFIED') ) ;
#1774 = ADVANCED_FACE ( 'NONE', ( #1907 ), #446, .T. ) ;
#1775 = AXIS2_PLACEMENT_3D ( 'NONE', #194, #648, #1100 ) ;
#1776 = DIRECTION ( 'NONE',  ( 0.0000000000000000000, 0.0000000000000000000, 1.000000000000000000 ) ) ;
#1777 = DIRECTION ( 'NONE',  ( -0.0000000000000000000, -1.000000000000000000, -0.0000000000000000000 ) ) ;
#1778 = EDGE_CURVE ( 'NONE', #5480, #960, #1970, .T. ) ;
#1779 = CARTESIAN_POINT ( 'NONE',  ( -2.299927550003561600, 7.950000000000002000, -0.01825553983105323800 ) ) ;
#1780 = CYLINDRICAL_SURFACE ( 'NONE', #1625, 2.400000000000199800 ) ;
#1781 = DATE_TIME_ROLE ( 'creation_date' ) ;
#1782 = CARTESIAN_POINT ( 'NONE',  ( -0.7280723395899436600, 5.131106971347104900, 1.674451744054779300 ) ) ;
#1783 = CARTESIAN_POINT ( 'NONE',  ( 0.6055688020580616300, 7.950000000000002000, -2.218847995238500700 ) ) ;
#1784 = LINE ( 'NONE', #1219, #1545 ) ;
#1785 = CARTESIAN_POINT ( 'NONE',  ( 0.6500000000000001300, 7.750000000000000000, -2.101784955698354100 ) ) ;
#1786 = CARTESIAN_POINT ( 'NONE',  ( 1.024210083673415200, 0.6622945447522068400, 1.968032634888068100 ) ) ;
#1787 = CARTESIAN_POINT ( 'NONE',  ( -3.337362999595864900, -1.303653412677488600, 2.478192631172179400 ) ) ;
#1788 = DIRECTION ( 'NONE',  ( 0.0000000000000000000, 0.0000000000000000000, 1.000000000000000000 ) ) ;
#1789 = AXIS2_PLACEMENT_3D ( 'NONE', #537, #372, #256 ) ;
#1790 = CARTESIAN_POINT ( 'NONE',  ( -0.6500000000001030500, 7.946556978354888800, -2.179107713783766000 ) ) ;
#1791 = DATE_AND_TIME ( #1793, #1795 ) ;
#1792 = DIRECTION ( 'NONE',  ( -1.000000000000000000, 0.0000000000000000000, 0.0000000000000000000 ) ) ;
#1793 = CALENDAR_DATE ( 2016, 15, 9 ) ;
#1794 = DIRECTION ( 'NONE',  ( -0.0000000000000000000, 0.0000000000000000000, -1.000000000000000000 ) ) ;
#1795 = LOCAL_TIME ( 14, 32, 24.00000000000000000, #1796 ) ;
#1796 = COORDINATED_UNIVERSAL_TIME_OFFSET ( 8, 0, .BEHIND. ) ;
#1797 = CARTESIAN_POINT ( 'NONE',  ( -2.988084827061791700, -1.451598157209242900, 2.510552375829006300 ) ) ;
#1798 = VERTEX_POINT ( 'NONE', #1205 ) ;
#1799 = APPLICATION_CONTEXT ( 'configuration controlled 3d designs of mechanical parts and assemblies' ) ;
#1800 = EDGE_CURVE ( 'NONE', #356, #5419, #2741, .T. ) ;
#1801 = ADVANCED_FACE ( 'NONE', ( #442 ), #307, .F. ) ;
#1802 = CARTESIAN_POINT ( 'NONE',  ( 0.9494745003083822100, 4.658160804959410800, 1.002384294633479300 ) ) ;
#1803 = CARTESIAN_POINT ( 'NONE',  ( -0.8449711239880105500, 5.131106971347104900, 1.623622705980609200 ) ) ;
#1804 = CARTESIAN_POINT ( 'NONE',  ( 0.6500000000000003600, 7.950000000000000200, -2.206241147291500700 ) ) ;
#1805 = DIRECTION ( 'NONE',  ( 0.8616291604415209400, 0.0000000000000000000, -0.5075383629607123100 ) ) ;
#1806 = ADVANCED_FACE ( 'NONE', ( #1900 ), #262, .F. ) ;
#1807 = ORIENTED_EDGE ( 'NONE', *, *, #5119, .F. ) ;
#1808 = CARTESIAN_POINT ( 'NONE',  ( -3.227389301400232800, -1.276994336505059300, -2.714646986709844200 ) ) ;
#1809 = CARTESIAN_POINT ( 'NONE',  ( -2.238155578050000200, 0.0000000000000000000, 0.0000000000000000000 ) ) ;
#1810 = PLANE ( 'NONE',  #813 ) ;
#1811 = EDGE_LOOP ( 'NONE', ( #1613, #3510, #4111, #3702, #2209, #3909, #5462, #5274 ) ) ;
#1812 = CARTESIAN_POINT ( 'NONE',  ( 0.0000000000000000000, 7.750000000000000000, 0.0000000000000000000 ) ) ;
#1813 = CARTESIAN_POINT ( 'NONE',  ( -2.499880955835193300, 7.750000000000000000, 0.02482248564304253100 ) ) ;
#1814 = ORIENTED_EDGE ( 'NONE', *, *, #3149, .F. ) ;
#1815 = FACE_OUTER_BOUND ( 'NONE', #1312, .T. ) ;
#1816 = CARTESIAN_POINT ( 'NONE',  ( 0.6500000000000001300, 9.250000000000000000, -2.310303010429791900 ) ) ;
#1817 = ORIENTED_EDGE ( 'NONE', *, *, #1029, .T. ) ;
#1818 = DIRECTION ( 'NONE',  ( 0.0000000000000000000, 0.0000000000000000000, 1.000000000000000000 ) ) ;
#1819 = CARTESIAN_POINT ( 'NONE',  ( 1.753340252763508900, 6.108681809402349400, 1.032796337979918500 ) ) ;
#1820 = ORIENTED_EDGE ( 'NONE', *, *, #5244, .F. ) ;
#1821 = ORIENTED_EDGE ( 'NONE', *, *, #2027, .F. ) ;
#1822 = APPROVAL_STATUS ( 'not_yet_approved' ) ;
#1823 = CARTESIAN_POINT ( 'NONE',  ( 1.501097783213282400, 2.641218221367667600, 0.8842141683617397200 ) ) ;
#1824 = CARTESIAN_POINT ( 'NONE',  ( -3.127968867565464400, -1.485703301677354000, 2.373505552784019200 ) ) ;
#1825 = LINE ( 'NONE', #5298, #1840 ) ;
#1826 = AXIS2_PLACEMENT_3D ( 'NONE', #386, #317, #298 ) ;
#1827 = CC_DESIGN_PERSON_AND_ORGANIZATION_ASSIGNMENT ( #3800, #2788, ( #66 ) ) ;
#1828 = EDGE_LOOP ( 'NONE', ( #5239, #3176, #4006, #462, #3771 ) ) ;
#1829 = ORIENTED_EDGE ( 'NONE', *, *, #399, .T. ) ;
#1830 = CARTESIAN_POINT ( 'NONE',  ( -3.487794584502676100, -1.511617296624214100, -2.591337843395250800 ) ) ;
#1831 = APPROVAL ( #531, 'UNKNOWN' ) ;
#1832 = DIRECTION ( 'NONE',  ( 0.0000000000000000000, 0.0000000000000000000, 1.000000000000000000 ) ) ;
#1833 = CLOSED_SHELL ( 'NONE', ( #5427, #5742, #1806, #773, #3594, #3979, #2755, #1351, #3206, #884, #2845, #2191, #5788, #858, #1322, #1801, #3150, #3548, #5836 ) ) ;
#1834 = DIRECTION ( 'NONE',  ( -1.000000000000000000, 0.0000000000000000000, 0.0000000000000000000 ) ) ;
#1835 = LINE ( 'NONE', #1721, #1310 ) ;
#1836 = ADVANCED_FACE ( 'NONE', ( #32 ), #3393, .F. ) ;
#1837 = ORIENTED_EDGE ( 'NONE', *, *, #4485, .F. ) ;
#1838 = ORIENTED_EDGE ( 'NONE', *, *, #1064, .T. ) ;
#1839 = CARTESIAN_POINT ( 'NONE',  ( -2.399924400003737200, 8.050000000000000700, -0.01904925895414268100 ) ) ;
#1840 = VECTOR ( 'NONE', #304, 1000.000000000000100 ) ;
#1841 = CARTESIAN_POINT ( 'NONE',  ( -7.180779144684000100, 0.0000000000000000000, 0.0000000000000000000 ) ) ;
#1842 = PERSON_AND_ORGANIZATION_ROLE ( 'creator' ) ;
#1843 = CARTESIAN_POINT ( 'NONE',  ( 0.3389254885092493100, 3.140605763927361700, 1.665871997855406000 ) ) ;
#1844 = CARTESIAN_POINT ( 'NONE',  ( -0.9565239911906943100, 5.131106971347104900, 1.560509130388535000 ) ) ;
#1845 = FACE_OUTER_BOUND ( 'NONE', #959, .T. ) ;
#1846 = CARTESIAN_POINT ( 'NONE',  ( -2.988397714842505600, -1.441557495260475500, 2.516341224857669500 ) ) ;
#1847 = CARTESIAN_POINT ( 'NONE',  ( 1.285215830119339700, 0.6622945447522068400, 1.801806141069797400 ) ) ;
#1848 = AXIS2_PLACEMENT_3D ( 'NONE', #1941, #1862, #1364 ) ;
#1849 = DIRECTION ( 'NONE',  ( -1.000000000000000000, 0.0000000000000000000, 0.0000000000000000000 ) ) ;
#1850 = CARTESIAN_POINT ( 'NONE',  ( -3.198206370688886600, -1.179905620096404900, -2.540077416747417600 ) ) ;
#1851 = DIRECTION ( 'NONE',  ( -1.000000000000000000, 0.0000000000000000000, 0.0000000000000000000 ) ) ;
#1852 = VECTOR ( 'NONE', #1645, 1000.000000000000000 ) ;
#1853 = AXIS2_PLACEMENT_3D ( 'NONE', #504, #3736, #981 ) ;
#1854 = CARTESIAN_POINT ( 'NONE',  ( 1.164869474971976600E-013, 9.449999999999999300, 2.400000000000040300 ) ) ;
#1855 = CARTESIAN_POINT ( 'NONE',  ( 0.0000000000000000000, 9.449999999999999300, 0.0000000000000000000 ) ) ;
#1856 = APPROVAL_ROLE ( '' ) ;
#1857 = CARTESIAN_POINT ( 'NONE',  ( -2.238155578050000200, 0.0000000000000000000, 0.0000000000000000000 ) ) ;
#1858 = ADVANCED_FACE ( 'NONE', ( #312 ), #1135, .T. ) ;
#1859 = AXIS2_PLACEMENT_3D ( 'NONE', #1216, #4406, #1682 ) ;
#1860 = CARTESIAN_POINT ( 'NONE',  ( -1.060300305429721100, 5.131106971347104900, 1.486486204829935900 ) ) ;
#1861 = CARTESIAN_POINT ( 'NONE',  ( -3.488739452069643300, -1.396441218531565100, -2.426981893366410700 ) ) ;
#1862 = DIRECTION ( 'NONE',  ( -1.000000000000000000, 0.0000000000000000000, 0.0000000000000000000 ) ) ;
#1863 = CARTESIAN_POINT ( 'NONE',  ( -3.480457152632249400, -1.342313387782635400, -2.457471775965788900 ) ) ;
#1864 = PERSON_AND_ORGANIZATION ( #4182, #5189 ) ;
#1865 = PERSON_AND_ORGANIZATION ( #4182, #5189 ) ;
#1866 = CARTESIAN_POINT ( 'NONE',  ( -0.9160635029839086000, 14.64612697006602500, 2.516235300384720200 ) ) ;
#1867 = EDGE_CURVE ( 'NONE', #1980, #3437, #266, .T. ) ;
#1868 = EDGE_LOOP ( 'NONE', ( #2442, #3920, #4773 ) ) ;
#1869 = CARTESIAN_POINT ( 'NONE',  ( -2.187106631629124100, 7.749999999999860600, 1.084943694656502100 ) ) ;
#1870 = PERSON_AND_ORGANIZATION ( #4182, #5189 ) ;
#1871 = EDGE_CURVE ( 'NONE', #5813, #376, #255, .T. ) ;
#1872 = ORIENTED_EDGE ( 'NONE', *, *, #3559, .T. ) ;
#1873 = CARTESIAN_POINT ( 'NONE',  ( -4.188155578049999900, -1.104000000000223900, 2.271315018279005400 ) ) ;
#1874 = CARTESIAN_POINT ( 'NONE',  ( -2.986970380900950200, -1.420992914766662700, 2.412838044371565300 ) ) ;
#1875 = DIRECTION ( 'NONE',  ( 0.0000000000000000000, 0.0000000000000000000, 1.000000000000000000 ) ) ;
#1876 = MECHANICAL_CONTEXT ( 'NONE', #2245, 'mechanical' ) ;
#1877 = DIRECTION ( 'NONE',  ( 0.0000000000000000000, -0.9731906288080433000, -0.2300000000004465100 ) ) ;
#1878 = EDGE_CURVE ( 'NONE', #5817, #855, #249, .T. ) ;
#1879 = ORIENTED_EDGE ( 'NONE', *, *, #1381, .F. ) ;
#1880 = CARTESIAN_POINT ( 'NONE',  ( -1.164076619668747800, 5.131106971347104900, 1.412463279271337000 ) ) ;
#1881 = CIRCLE ( 'NONE', #1746, 2.395000000000000000 ) ;
#1882 = CARTESIAN_POINT ( 'NONE',  ( 2.219392049129490700, 7.748067619335004400, 1.100959310740119700 ) ) ;
#1883 = CARTESIAN_POINT ( 'NONE',  ( -2.450231887780093000, 7.750000000000000000, 5.024575971770827800 ) ) ;
#1884 = EDGE_LOOP ( 'NONE', ( #2494, #1254, #2450, #3891 ) ) ;
#1885 = CARTESIAN_POINT ( 'NONE',  ( -3.488084562587926200, -1.454787068471765000, 2.508707723019911300 ) ) ;
#1886 = CARTESIAN_POINT ( 'NONE',  ( -0.3322798871330700500, 1.651655379810199200, 1.633207823525586000 ) ) ;
#1887 = CARTESIAN_POINT ( 'NONE',  ( -0.6576402382687039900, 14.69999999999999900, 2.556562247870021400 ) ) ;
#1888 = EDGE_LOOP ( 'NONE', ( #67, #2928, #2535, #1814, #497, #5371, #3421 ) ) ;
#1889 = AXIS2_PLACEMENT_3D ( 'NONE', #3712, #956, #4162 ) ;
#1890 = FACE_OUTER_BOUND ( 'NONE', #1828, .T. ) ;
#1891 = VERTEX_POINT ( 'NONE', #4168 ) ;
#1892 = ORIENTED_EDGE ( 'NONE', *, *, #2724, .T. ) ;
#1893 = DIRECTION ( 'NONE',  ( 1.000000000000000000, -0.0000000000000000000, -0.0000000000000000000 ) ) ;
#1894 = PERSON_AND_ORGANIZATION_ROLE ( 'classification_officer' ) ;
#1895 = VECTOR ( 'NONE', #1184, 1000.000000000000000 ) ;
#1896 = CARTESIAN_POINT ( 'NONE',  ( -2.680779144684000100, 0.0000000000000000000, 0.0000000000000000000 ) ) ;
#1897 = ORIENTED_EDGE ( 'NONE', *, *, #721, .F. ) ;
#1898 = CARTESIAN_POINT ( 'NONE',  ( 2.150000000000015000, 7.650000000000000400, 1.066536450385007400 ) ) ;
#1899 = PRODUCT_DEFINITION ( 'UNKNOWN', '', #3473, #5622 ) ;
#1900 = FACE_OUTER_BOUND ( 'NONE', #1658, .T. ) ;
#1901 = CARTESIAN_POINT ( 'NONE',  ( 0.0000000000000000000, 13.85000000000000000, 2.373887304912003900 ) ) ;
#1902 = EDGE_CURVE ( 'NONE', #5337, #1891, #245, .T. ) ;
#1903 = CARTESIAN_POINT ( 'NONE',  ( 1.527361226954371300, 0.6622945447522068400, 1.609138412281309500 ) ) ;
#1904 = CARTESIAN_POINT ( 'NONE',  ( 1.074402454204138600, 9.449999999999999300, 2.146080000000028900 ) ) ;
#1905 = CARTESIAN_POINT ( 'NONE',  ( 0.0000000000000000000, 0.7000000000000000700, 0.0000000000000000000 ) ) ;
#1906 = CARTESIAN_POINT ( 'NONE',  ( -1.723258320883130000, 0.7000000000000020700, 1.015076725921276500 ) ) ;
#1907 = FACE_OUTER_BOUND ( 'NONE', #4582, .T. ) ;
#1908 = CARTESIAN_POINT ( 'NONE',  ( 0.6499999999999970200, 8.043935239524113700, -2.310303010429584500 ) ) ;
#1909 = EDGE_CURVE ( 'NONE', #4129, #5080, #200, .T. ) ;
#1910 = CIRCLE ( 'NONE', #4270, 0.5000000000000000000 ) ;
#1911 = DIRECTION ( 'NONE',  ( 0.0000000000000000000, 1.000000000000000000, 0.0000000000000000000 ) ) ;
#1912 = APPROVAL_STATUS ( 'not_yet_approved' ) ;
#1913 = DIRECTION ( 'NONE',  ( 0.0000000000000000000, 1.000000000000000000, 0.0000000000000000000 ) ) ;
#1914 = FACE_OUTER_BOUND ( 'NONE', #4648, .T. ) ;
#1915 = DIRECTION ( 'NONE',  ( -1.000000000000000000, 0.0000000000000000000, 0.0000000000000000000 ) ) ;
#1916 = CARTESIAN_POINT ( 'NONE',  ( 2.651502510538924700, 7.791421356237144400, 5.173928337018764100 ) ) ;
#1917 = AXIS2_PLACEMENT_3D ( 'NONE', #1479, #4626, #1923 ) ;
#1918 = CARTESIAN_POINT ( 'NONE',  ( 1.074402454204138600, 9.250000000000000000, 2.146080000000028900 ) ) ;
#1919 = CARTESIAN_POINT ( 'NONE',  ( 0.4552252936266577600, 3.140605763927361700, 1.642210535081740000 ) ) ;
#1920 = CARTESIAN_POINT ( 'NONE',  ( -2.238155578050000200, 0.0000000000000000000, 2.900000000000000800 ) ) ;
#1921 = VECTOR ( 'NONE', #237, 999.9999999999998900 ) ;
#1922 = CARTESIAN_POINT ( 'NONE',  ( -2.238155578050000200, 0.3926990816987240300, 3.000000000000000000 ) ) ;
#1923 = DIRECTION ( 'NONE',  ( 0.9999507065058813600, 0.0000000000000000000, -0.009928975696852672400 ) ) ;
#1924 = APPROVAL_DATE_TIME ( #1926, #380 ) ;
#1925 = CARTESIAN_POINT ( 'NONE',  ( 1.103999999999940600, 9.449999999999999300, 2.271315018279128900 ) ) ;
#1926 = DATE_AND_TIME ( #1934, #1936 ) ;
#1927 = SECURITY_CLASSIFICATION_LEVEL ( 'unclassified' ) ;
#1928 = CARTESIAN_POINT ( 'NONE',  ( -4.188155578049999900, -1.215420335061007100, 2.742763826712029100 ) ) ;
#1929 = CARTESIAN_POINT ( 'NONE',  ( 0.0000000000000000000, 6.580000000000000100, 0.0000000000000000000 ) ) ;
#1930 = AXIS2_PLACEMENT_3D ( 'NONE', #3972, #3535, #1662 ) ;
#1931 = CARTESIAN_POINT ( 'NONE',  ( -1.260069738863127000, 5.131106971347104900, 1.327535741496540300 ) ) ;
#1932 = VERTEX_POINT ( 'NONE', #5087 ) ;
#1933 = CC_DESIGN_PERSON_AND_ORGANIZATION_ASSIGNMENT ( #1864, #1894, ( #1638 ) ) ;
#1934 = CALENDAR_DATE ( 2016, 15, 9 ) ;
#1935 = CARTESIAN_POINT ( 'NONE',  ( 0.5690345365640160400, 3.140605763927361700, 1.606326618620355800 ) ) ;
#1936 = LOCAL_TIME ( 14, 32, 24.00000000000000000, #2018 ) ;
#1937 = ORIENTED_EDGE ( 'NONE', *, *, #4708, .T. ) ;
#1938 = CARTESIAN_POINT ( 'NONE',  ( -2.993219006889367200, 2.799587100432726400, 0.05331345741773535500 ) ) ;
#1939 = CARTESIAN_POINT ( 'NONE',  ( -2.239583333333100800, 7.750000000000000000, 1.110975469151050700 ) ) ;
#1940 = DIRECTION ( 'NONE',  ( -1.000000000000000000, 0.0000000000000000000, 0.0000000000000000000 ) ) ;
#1941 = CARTESIAN_POINT ( 'NONE',  ( -6.238155578049998900, 0.0000000000000000000, 0.0000000000000000000 ) ) ;
#1942 = DIRECTION ( 'NONE',  ( 0.0000000000000000000, 0.0000000000000000000, 1.000000000000000000 ) ) ;
#1943 = CARTESIAN_POINT ( 'NONE',  ( 1.143246965224984600, 2.621839195040666800, 0.6734239274035787000 ) ) ;
#1944 = CARTESIAN_POINT ( 'NONE',  ( -1.164869474971943800E-013, 14.69999999999999900, -2.399999999999972400 ) ) ;
#1945 = CARTESIAN_POINT ( 'NONE',  ( -2.238155578050000200, 1.843640159924745200, -2.399000527194540500 ) ) ;
#1946 = VERTEX_POINT ( 'NONE', #2906 ) ;
#1947 = CARTESIAN_POINT ( 'NONE',  ( 0.4056963721432987900, 6.108681809402349400, 1.994061376020130900 ) ) ;
#1948 = ORIENTED_EDGE ( 'NONE', *, *, #4351, .T. ) ;
#1949 = DIRECTION ( 'NONE',  ( -0.9999507065058814700, 0.0000000000000000000, 0.009928975696852814600 ) ) ;
#1950 = ORIENTED_EDGE ( 'NONE', *, *, #313, .F. ) ;
#1951 = CIRCLE ( 'NONE', #1133, 2.200000000000000200 ) ;
#1952 = DIRECTION ( 'NONE',  ( 1.000000000000000000, -0.0000000000000000000, -0.0000000000000000000 ) ) ;
#1953 = CARTESIAN_POINT ( 'NONE',  ( 0.3987358688343801100, 6.580000000000104000, 1.959849409241700900 ) ) ;
#1954 = CARTESIAN_POINT ( 'NONE',  ( -3.442812312632880900, 2.796518850010962300, -0.1459971121666791300 ) ) ;
#1955 = VERTEX_POINT ( 'NONE', #3227 ) ;
#1956 = ORIENTED_EDGE ( 'NONE', *, *, #4138, .F. ) ;
#1957 = CARTESIAN_POINT ( 'NONE',  ( -3.096514028779766100, 2.992929080003443600, 0.2058983931292079600 ) ) ;
#1958 = CARTESIAN_POINT ( 'NONE',  ( -2.499880955835193300, 7.750000000000000000, 0.02482248564304253100 ) ) ;
#1959 = CARTESIAN_POINT ( 'NONE',  ( 1.912653420996281600, 0.6434418171282997300, 1.126638965777602800 ) ) ;
#1960 = CARTESIAN_POINT ( 'NONE',  ( -1.436048585340393500, 5.628344620189627000, 0.8458972625325587000 ) ) ;
#1961 = CARTESIAN_POINT ( 'NONE',  ( 0.9626671986258954500, 6.580000000000103100, 1.845116283478559000 ) ) ;
#1962 = CARTESIAN_POINT ( 'NONE',  ( -7.180779144684000100, 0.5000000000000000000, 0.0000000000000000000 ) ) ;
#1963 = CARTESIAN_POINT ( 'NONE',  ( -3.467645942041211300, 2.998060661275259200, 0.1182874181273155400 ) ) ;
#1964 = CIRCLE ( 'NONE', #1549, 2.200000000000000200 ) ;
#1965 = AXIS2_PLACEMENT_3D ( 'NONE', #1357, #4525, #1818 ) ;
#1966 = ORIENTED_EDGE ( 'NONE', *, *, #4138, .T. ) ;
#1967 = CARTESIAN_POINT ( 'NONE',  ( 2.241267039501524400, 7.949999999999994800, -0.02630121367441663400 ) ) ;
#1968 = ORIENTED_EDGE ( 'NONE', *, *, #1990, .F. ) ;
#1969 = ORIENTED_EDGE ( 'NONE', *, *, #935, .T. ) ;
#1970 = CIRCLE ( 'NONE', #4099, 2.299999999999980700 ) ;
#1971 = ORIENTED_EDGE ( 'NONE', *, *, #2520, .T. ) ;
#1972 = CARTESIAN_POINT ( 'NONE',  ( 0.0000000000000000000, 0.4060000000000000800, 0.0000000000000000000 ) ) ;
#1973 = CARTESIAN_POINT ( 'NONE',  ( -3.155019620450510800, -1.508490781197119800, 2.359289626920127300 ) ) ;
#1974 = CARTESIAN_POINT ( 'NONE',  ( 1.103999999999940400, 9.449999999999999300, 2.271315018279128000 ) ) ;
#1975 = CARTESIAN_POINT ( 'NONE',  ( 2.199848535029895300, 7.849999999999999600, -0.02581516854147013600 ) ) ;
#1976 = CIRCLE ( 'NONE', #2794, 0.6599999999999000000 ) ;
#1977 = CARTESIAN_POINT ( 'NONE',  ( 0.6778734171729240400, 3.140605763927361700, 1.559002126454706500 ) ) ;
#1978 = CARTESIAN_POINT ( 'NONE',  ( -3.279474328545042300, 2.989869092524293200, -0.2463765750827537300 ) ) ;
#1979 = EDGE_CURVE ( 'NONE', #4841, #2566, #389, .T. ) ;
#1980 = VERTEX_POINT ( 'NONE', #2303 ) ;
#1981 = CARTESIAN_POINT ( 'NONE',  ( -3.255814425025343800, 2.789617528857086400, 0.2493732766705479600 ) ) ;
#1982 = CARTESIAN_POINT ( 'NONE',  ( -2.496116846011121800, 7.749999999999998200, 0.4034853210459693500 ) ) ;
#1983 = AXIS2_PLACEMENT_3D ( 'NONE', #5249, #5229, #5256 ) ;
#1984 = CARTESIAN_POINT ( 'NONE',  ( -4.238155578049999800, 0.0000000000000000000, 0.5000000000000000000 ) ) ;
#1985 = CARTESIAN_POINT ( 'NONE',  ( 1.232222284288736700E-013, 9.299999999999998900, 2.600000000000027600 ) ) ;
#1986 = CARTESIAN_POINT ( 'NONE',  ( -3.008820263026104500, -1.602055881848180500, -2.536880657256819700 ) ) ;
#1987 = LINE ( 'NONE', #4502, #2310 ) ;
#1988 = DIRECTION ( 'NONE',  ( 0.0000000000000000000, 1.000000000000000000, 0.0000000000000000000 ) ) ;
#1989 = DIRECTION ( 'NONE',  ( 0.0000000000000000000, 0.0000000000000000000, 1.000000000000000000 ) ) ;
#1990 = EDGE_CURVE ( 'NONE', #2416, #4385, #370, .T. ) ;
#1991 = CARTESIAN_POINT ( 'NONE',  ( -3.072827796595443100, 2.794036588177009100, 0.1897544930577438100 ) ) ;
#1992 = ORIENTED_EDGE ( 'NONE', *, *, #2846, .F. ) ;
#1993 = CARTESIAN_POINT ( 'NONE',  ( -3.442812312632713900, -1.624698188876341900, -2.522065585765421100 ) ) ;
#1994 = DIRECTION ( 'NONE',  ( -1.000000000000000000, 0.0000000000000000000, 0.0000000000000000000 ) ) ;
#1995 = CYLINDRICAL_SURFACE ( 'NONE', #3674, 2.849999999999000000 ) ;
#1996 = CARTESIAN_POINT ( 'NONE',  ( -0.6499999999998821200, 7.997817833075213700, -2.295731637799630000 ) ) ;
#1997 = EDGE_CURVE ( 'NONE', #5216, #3564, #1964, .T. ) ;
#1998 = EDGE_CURVE ( 'NONE', #5746, #4937, #384, .T. ) ;
#1999 = DIRECTION ( 'NONE',  ( 0.0000000000000000000, 0.0000000000000000000, 1.000000000000000000 ) ) ;
#2000 = FACE_OUTER_BOUND ( 'NONE', #5584, .T. ) ;
#2001 = CARTESIAN_POINT ( 'NONE',  ( -3.383616716026357300, -1.627021405151101200, 2.406483338146799600 ) ) ;
#2002 = DIRECTION ( 'NONE',  ( 0.0000000000000000000, -1.000000000000000000, 0.0000000000000000000 ) ) ;
#2003 = DIRECTION ( 'NONE',  ( 0.0000000000000000000, 0.0000000000000000000, 1.000000000000000000 ) ) ;
#2004 = CARTESIAN_POINT ( 'NONE',  ( -1.346188060036863400, 5.131106971347104900, 1.233554085501829000 ) ) ;
#2005 = DIRECTION ( 'NONE',  ( 0.0000000000000000000, 0.0000000000000000000, 1.000000000000000000 ) ) ;
#2006 = CARTESIAN_POINT ( 'NONE',  ( -3.116780642481859200, 2.792050937233592700, -0.2182457078122081700 ) ) ;
#2007 = VECTOR ( 'NONE', #1792, 1000.000000000000000 ) ;
#2008 = CARTESIAN_POINT ( 'NONE',  ( -3.427764837497584000, 2.995496751527622500, 0.1654802530478851900 ) ) ;
#2009 = CARTESIAN_POINT ( 'NONE',  ( 0.4412425024038150200, 0.6622945447522068400, 2.168776188097470700 ) ) ;
#2010 = AXIS2_PLACEMENT_3D ( 'NONE', #3199, #382, #3629 ) ;
#2011 = DIRECTION ( 'NONE',  ( 0.2300000000000133600, 0.0000000000000000000, 0.9731906288081456600 ) ) ;
#2012 = CARTESIAN_POINT ( 'NONE',  ( 1.143246965224992800, 4.658160804959411600, 0.6734239274035831400 ) ) ;
#2013 = CARTESIAN_POINT ( 'NONE',  ( 2.149999999999999900, 6.580000000000000100, 1.066536450385000100 ) ) ;
#2014 = CARTESIAN_POINT ( 'NONE',  ( -0.8772479516355556900, 0.6999999999999515500, 2.017532163647282900 ) ) ;
#2015 = CARTESIAN_POINT ( 'NONE',  ( -3.406697061168422600, 2.794316844183155600, 0.1845714946504905500 ) ) ;
#2016 = CARTESIAN_POINT ( 'NONE',  ( -2.988516571606198100, -1.461315021734966200, 2.504211747280960900 ) ) ;
#2017 = PRODUCT ( '50-00045 insulator', '50-00045 insulator', '', ( #1340 ) ) ;
#2018 = COORDINATED_UNIVERSAL_TIME_OFFSET ( 8, 0, .BEHIND. ) ;
#2019 = APPROVAL_PERSON_ORGANIZATION ( #2022, #380, #964 ) ;
#2020 = EDGE_LOOP ( 'NONE', ( #1807, #445, #5434, #3417, #2347, #3512, #4684, #4334, #2042, #5595, #56, #4994, #4461, #1729 ) ) ;
#2021 = CARTESIAN_POINT ( 'NONE',  ( 1.051117748129415400, 14.46180391176960500, 2.284409910886091100 ) ) ;
#2022 = PERSON_AND_ORGANIZATION ( #4182, #5189 ) ;
#2023 = DIRECTION ( 'NONE',  ( -1.000000000000000000, 0.0000000000000000000, 0.0000000000000000000 ) ) ;
#2024 = CC_DESIGN_SECURITY_CLASSIFICATION ( #455, ( #4851 ) ) ;
#2025 = ORIENTED_EDGE ( 'NONE', *, *, #1680, .T. ) ;
#2026 = CARTESIAN_POINT ( 'NONE',  ( -3.141111639152507400, -1.495870899979485400, 2.367125763524433600 ) ) ;
#2027 = EDGE_CURVE ( 'NONE', #4570, #5247, #5284, .T. ) ;
#2028 = CARTESIAN_POINT ( 'NONE',  ( 0.7867122977818323800, 3.140605763927361700, 1.511677634289057000 ) ) ;
#2029 = CARTESIAN_POINT ( 'NONE',  ( -2.996271507499928400, 2.999346472958443600, -0.06788756228358947000 ) ) ;
#2030 = CARTESIAN_POINT ( 'NONE',  ( -3.487712357837242600, 2.799970257206239900, 0.02190671868530848200 ) ) ;
#2031 = CARTESIAN_POINT ( 'NONE',  ( -3.361965845118041900, -1.206706819463350100, -2.527283502055678100 ) ) ;
#2032 = ORIENTED_EDGE ( 'NONE', *, *, #3338, .F. ) ;
#2033 = DIRECTION ( 'NONE',  ( -0.9999685000015571300, 0.0000000000000000000, -0.007937191230892818400 ) ) ;
#2034 = CARTESIAN_POINT ( 'NONE',  ( 0.8905738499576912900, 3.140605763927361700, 1.452915595367627400 ) ) ;
#2035 = DIRECTION ( 'NONE',  ( 0.0000000000000000000, 0.0000000000000000000, 1.000000000000000000 ) ) ;
#2036 = CARTESIAN_POINT ( 'NONE',  ( -1.432306381210599600, 5.131106971347104900, 1.139572429507117500 ) ) ;
#2037 = DIRECTION ( 'NONE',  ( 0.0000000000000000000, 1.000000000000000000, -0.0000000000000000000 ) ) ;
#2038 = FACE_OUTER_BOUND ( 'NONE', #2953, .T. ) ;
#2039 = CARTESIAN_POINT ( 'NONE',  ( -3.458060923544799900, -1.504069069384419400, -2.362072906461659500 ) ) ;
#2040 = CARTESIAN_POINT ( 'NONE',  ( -3.071086869101428800, -1.609778344961975400, 2.411794559757236100 ) ) ;
#2041 = ORIENTED_EDGE ( 'NONE', *, *, #4058, .F. ) ;
#2042 = ORIENTED_EDGE ( 'NONE', *, *, #3654, .F. ) ;
#2043 = EDGE_LOOP ( 'NONE', ( #3515, #5483, #5279, #5353 ) ) ;
#2044 = CARTESIAN_POINT ( 'NONE',  ( 1.795853773977609900, 7.749999999999793100, -2.188543308009579700 ) ) ;
#2045 = ORIENTED_EDGE ( 'NONE', *, *, #2400, .F. ) ;
#2046 = CYLINDRICAL_SURFACE ( 'NONE', #4685, 0.4999999999999880700 ) ;
#2047 = CARTESIAN_POINT ( 'NONE',  ( -3.238155578050000200, 0.0000000000000000000, 0.0000000000000000000 ) ) ;
#2048 = ORIENTED_EDGE ( 'NONE', *, *, #2770, .F. ) ;
#2049 = ORIENTED_EDGE ( 'NONE', *, *, #526, .T. ) ;
#2050 = DIRECTION ( 'NONE',  ( 0.0000000000000000000, 0.0000000000000000000, 1.000000000000000000 ) ) ;
#2051 = AXIS2_PLACEMENT_3D ( 'NONE', #3699, #934, #4144 ) ;
#2052 = CARTESIAN_POINT ( 'NONE',  ( 0.9871950247085964400, 3.140605763927361700, 1.383996381205741400 ) ) ;
#2053 = FACE_OUTER_BOUND ( 'NONE', #4687, .T. ) ;
#2054 = EDGE_LOOP ( 'NONE', ( #481, #5756, #2240, #2114 ) ) ;
#2055 = VERTEX_POINT ( 'NONE', #4929 ) ;
#2056 = CARTESIAN_POINT ( 'NONE',  ( -5.180779144684002800, 0.0000000000000000000, -0.4499999999997873500 ) ) ;
#2057 = CARTESIAN_POINT ( 'NONE',  ( 1.083816199459501500, 3.140605763927361700, 1.315077167043855700 ) ) ;
#2058 = CARTESIAN_POINT ( 'NONE',  ( 2.239583333333034600, 7.750000000000000000, 1.110975469150996500 ) ) ;
#2059 = CARTESIAN_POINT ( 'NONE',  ( -1.508544392461789600, 5.131106971347104900, 1.036542670477895900 ) ) ;
#2060 = DIRECTION ( 'NONE',  ( 0.9731906288081463300, -0.0000000000000000000, 0.2300000000000103100 ) ) ;
#2061 = ORIENTED_EDGE ( 'NONE', *, *, #1282, .F. ) ;
#2062 = AXIS2_PLACEMENT_3D ( 'NONE', #2198, #5319, #2686 ) ;
#2063 = FACE_OUTER_BOUND ( 'NONE', #4645, .T. ) ;
#2064 = CARTESIAN_POINT ( 'NONE',  ( -3.458060923544798500, -1.604070625239692600, -2.535280682038916700 ) ) ;
#2065 = CARTESIAN_POINT ( 'NONE',  ( -3.254640226296019000, -1.712228489947559500, 2.463396001448874300 ) ) ;
#2066 = ORIENTED_EDGE ( 'NONE', *, *, #4049, .T. ) ;
#2067 = ORIENTED_EDGE ( 'NONE', *, *, #4158, .T. ) ;
#2068 = CARTESIAN_POINT ( 'NONE',  ( 2.399924400003737200, 8.050000000000000700, 0.01904925895414297600 ) ) ;
#2069 = AXIS2_PLACEMENT_3D ( 'NONE', #5512, #2900, #84 ) ;
#2070 = VECTOR ( 'NONE', #3743, 1000.000000000000000 ) ;
#2071 = CARTESIAN_POINT ( 'NONE',  ( -3.096034423663676100, 2.992626772730960600, -0.2157116521239041700 ) ) ;
#2072 = DIRECTION ( 'NONE',  ( 0.0000000000000000000, 0.0000000000000000000, 1.000000000000000000 ) ) ;
#2073 = CC_DESIGN_PERSON_AND_ORGANIZATION_ASSIGNMENT ( #2632, #3282, ( #816 ) ) ;
#2074 = ORIENTED_EDGE ( 'NONE', *, *, #4246, .T. ) ;
#2075 = CARTESIAN_POINT ( 'NONE',  ( -1.573240936693389900, 5.131106971347104900, 0.9267097333880610600 ) ) ;
#2076 = CYLINDRICAL_SURFACE ( 'NONE', #4119, 4.800000000000000700 ) ;
#2077 = CARTESIAN_POINT ( 'NONE',  ( 0.4999999999999880700, 13.85000000000000000, 2.373887304912003900 ) ) ;
#2078 = EDGE_CURVE ( 'NONE', #2943, #716, #4250, .T. ) ;
#2079 = DIRECTION ( 'NONE',  ( 0.0000000000000000000, 1.000000000000000000, 0.0000000000000000000 ) ) ;
#2080 = CARTESIAN_POINT ( 'NONE',  ( -3.198206370688886600, -1.179905620094979300, -2.540077416744948500 ) ) ;
#2081 = UNCERTAINTY_MEASURE_WITH_UNIT (LENGTH_MEASURE( 1.000000000000000100E-005 ), #5770, 'distance_accuracy_value', 'NONE');
#2082 = CARTESIAN_POINT ( 'NONE',  ( 1.173190812660753300, 3.140605763927361700, 1.236005188734793600 ) ) ;
#2083 = CONICAL_SURFACE ( 'NONE', #5367, 0.4499999999997873500, 1.000419728509080800 ) ;
#2084 = CARTESIAN_POINT ( 'NONE',  ( -3.088305365732804600, -1.395411783151008700, 2.427514742447283600 ) ) ;
#2085 = EDGE_CURVE ( 'NONE', #928, #1180, #358, .T. ) ;
#2086 = LINE ( 'NONE', #515, #2070 ) ;
#2087 = DIRECTION ( 'NONE',  ( 0.0000000000000000000, 0.0000000000000000000, 1.000000000000000000 ) ) ;
#2088 = CARTESIAN_POINT ( 'NONE',  ( -3.487767810415284100, -1.438259301753517200, 2.517520323038910500 ) ) ;
#2089 = CARTESIAN_POINT ( 'NONE',  ( -3.468848905604014400, -1.482042783671026200, -2.375743845882907200 ) ) ;
#2090 = CARTESIAN_POINT ( 'NONE',  ( -3.407337340230452300, -1.608154880891297300, 2.412873333102781200 ) ) ;
#2091 = EDGE_LOOP ( 'NONE', ( #5203, #5741, #3816 ) ) ;
#2092 = DIRECTION ( 'NONE',  ( -1.000000000000000000, 0.0000000000000000000, 0.0000000000000000000 ) ) ;
#2093 = FACE_OUTER_BOUND ( 'NONE', #5074, .T. ) ;
#2094 = EDGE_CURVE ( 'NONE', #4863, #2103, #378, .T. ) ;
#2095 = CARTESIAN_POINT ( 'NONE',  ( 0.6499999999938284000, 7.809343190126978300, -2.509224010219084400 ) ) ;
#2096 = CARTESIAN_POINT ( 'NONE',  ( -3.306410078423012600, -1.604479854007048800, -2.295553724566153700 ) ) ;
#2097 = DATE_AND_TIME ( #2106, #2109 ) ;
#2098 = DIRECTION ( 'NONE',  ( -1.000000000000000000, 0.0000000000000000000, 0.0000000000000000000 ) ) ;
#2099 = DIRECTION ( 'NONE',  ( 1.000000000000000000, 0.0000000000000000000, 0.0000000000000000000 ) ) ;
#2100 = CARTESIAN_POINT ( 'NONE',  ( -3.310983407731535400, -1.186909959883733800, -2.536773230069614600 ) ) ;
#2101 = AXIS2_PLACEMENT_3D ( 'NONE', #1593, #4323, #55 ) ;
#2102 = DIRECTION ( 'NONE',  ( 0.0000000000000000000, 0.0000000000000000000, -1.000000000000000000 ) ) ;
#2103 = VERTEX_POINT ( 'NONE', #3255 ) ;
#2104 = EDGE_CURVE ( 'NONE', #154, #4871, #5558, .T. ) ;
#2105 = CARTESIAN_POINT ( 'NONE',  ( 1.253371472577204300, 3.140605763927361700, 1.148503352946627100 ) ) ;
#2106 = CALENDAR_DATE ( 2016, 15, 9 ) ;
#2107 = DIRECTION ( 'NONE',  ( 0.0000000000000000000, 0.0000000000000000000, 1.000000000000000000 ) ) ;
#2108 = CARTESIAN_POINT ( 'NONE',  ( -5.738155578050000600, 0.0000000000000000000, 2.594999999999000100 ) ) ;
#2109 = LOCAL_TIME ( 14, 32, 24.00000000000000000, #2175 ) ;
#2110 = CARTESIAN_POINT ( 'NONE',  ( -3.424521907454369800, -1.351309826293884700, 2.678530816000159700 ) ) ;
#2111 = CARTESIAN_POINT ( 'NONE',  ( -3.487804836539092800, -1.510447078009421500, 2.592020118486948000 ) ) ;
#2112 = CARTESIAN_POINT ( 'NONE',  ( -3.376434115266808700, -1.259395909345749200, 2.618471462427568700 ) ) ;
#2113 = CARTESIAN_POINT ( 'NONE',  ( 2.609260652825981600, 7.749999999999792200, 5.091500979789940700 ) ) ;
#2114 = ORIENTED_EDGE ( 'NONE', *, *, #4707, .F. ) ;
#2115 = CARTESIAN_POINT ( 'NONE',  ( -3.159951458920442000, 2.989879118132685100, -0.2462401458002576000 ) ) ;
#2116 = CARTESIAN_POINT ( 'NONE',  ( -0.4865953144041848500, 14.19999999999999900, -2.284999999999968200 ) ) ;
#2117 = ORIENTED_EDGE ( 'NONE', *, *, #319, .T. ) ;
#2118 = AXIS2_PLACEMENT_3D ( 'NONE', #2735, #2309, #2107 ) ;
#2119 = B_SPLINE_CURVE_WITH_KNOTS ( 'NONE', 3,
 ( #4859, #2180, #318, #3566, #780, #4002, #1255, #4438, #1714, #4880, #2203, #5324, #2688, #5751, #3153, #331 ),
 .UNSPECIFIED., .F., .F.,
 ( 4, 3, 3, 3, 3, 4 ),
 ( 1.734723475976807100E-018, 3.277855363626295000E-005, 6.552908701918489700E-005, 9.871808661185866200E-005, 0.0001329237026055696100, 0.0001589155986556834600 ),
 .UNSPECIFIED. ) ;
#2120 = CARTESIAN_POINT ( 'NONE',  ( -15.23815557805000000, 3.551475717558064800E-016, 2.800000000050202800 ) ) ;
#2121 = FACE_OUTER_BOUND ( 'NONE', #4989, .T. ) ;
#2122 = CARTESIAN_POINT ( 'NONE',  ( -1.970833333333000100, 7.750000000000000000, 0.9776584128530000400 ) ) ;
#2123 = CARTESIAN_POINT ( 'NONE',  ( 0.0000000000000000000, 0.7000000000000000700, 0.0000000000000000000 ) ) ;
#2124 = CARTESIAN_POINT ( 'NONE',  ( 1.333552132493655200, 3.140605763927361700, 1.061001517158460800 ) ) ;
#2125 = CARTESIAN_POINT ( 'NONE',  ( -0.3473312860536476000, 4.638781778632330000, 1.707187812757516200 ) ) ;
#2126 = CARTESIAN_POINT ( 'NONE',  ( -0.4386094557178187300, 0.7000000000000000700, 2.155834350165873200 ) ) ;
#2127 = CARTESIAN_POINT ( 'NONE',  ( -3.278104785276335400, -1.229604778945133200, 2.626158885012982200 ) ) ;
#2128 = ORIENTED_EDGE ( 'NONE', *, *, #5391, .F. ) ;
#2129 = PRODUCT_DEFINITION_SHAPE ( 'NONE', 'NONE',  #4478 ) ;
#2130 = EDGE_CURVE ( 'NONE', #5672, #5080, #328, .T. ) ;
#2131 = ADVANCED_FACE ( 'NONE', ( #114 ), #2391, .T. ) ;
#2132 = CARTESIAN_POINT ( 'NONE',  ( -2.155049920637534600, 7.683100559095424700, 1.069041531516170100 ) ) ;
#2133 = CARTESIAN_POINT ( 'NONE',  ( -3.119010495003227600, -1.204517029310310200, 2.529928988342167600 ) ) ;
#2134 = CARTESIAN_POINT ( 'NONE',  ( 1.723258320882999900, 0.6999999999999999600, 1.015076725921000100 ) ) ;
#2135 = LINE ( 'NONE', #2392, #5732 ) ;
#2136 = ORIENTED_EDGE ( 'NONE', *, *, #4599, .T. ) ;
#2137 = ORIENTED_EDGE ( 'NONE', *, *, #5108, .F. ) ;
#2138 = CARTESIAN_POINT ( 'NONE',  ( 1.895584152971314900, 6.580000000000002700, 1.116584398513617000 ) ) ;
#2139 = ORIENTED_EDGE ( 'NONE', *, *, #1690, .F. ) ;
#2140 = ORIENTED_EDGE ( 'NONE', *, *, #1800, .T. ) ;
#2141 = CYLINDRICAL_SURFACE ( 'NONE', #2946, 2.200000000000000200 ) ;
#2142 = EDGE_LOOP ( 'NONE', ( #4792, #4749, #822, #1817 ) ) ;
#2143 = EDGE_LOOP ( 'NONE', ( #5294, #3229 ) ) ;
#2144 = CARTESIAN_POINT ( 'NONE',  ( -7.238155578050000600, 1.510856941112698200, 2.621359165062774100 ) ) ;
#2145 = DIRECTION ( 'NONE',  ( 0.04007956118898987200, -0.8644814433013714400, -0.5010643301637782700 ) ) ;
#2146 = TOROIDAL_SURFACE ( 'NONE', #3250, 4.950000000000000200, 0.05000000000000006500 ) ;
#2147 = CARTESIAN_POINT ( 'NONE',  ( -0.4665154791838014300, 4.638781778632330000, 1.682939514610227100 ) ) ;
#2148 = CARTESIAN_POINT ( 'NONE',  ( -2.312486196609163900, 7.949999999999997500, -1.050520814690079500 ) ) ;
#2149 = CARTESIAN_POINT ( 'NONE',  ( -3.090231238799050500, -1.320560708197761700, 2.693787003490267100 ) ) ;
#2150 = VERTEX_POINT ( 'NONE', #817 ) ;
#2151 = CARTESIAN_POINT ( 'NONE',  ( 0.4865953144039603700, 14.69999999999999900, -2.284999999999966400 ) ) ;
#2152 = FACE_OUTER_BOUND ( 'NONE', #2640, .T. ) ;
#2153 = CARTESIAN_POINT ( 'NONE',  ( -3.088305365732804600, -1.395411783151008400, 2.427514742447283200 ) ) ;
#2154 = CARTESIAN_POINT ( 'NONE',  ( 2.499876766264350200, 7.749999999999999100, -0.02482243924212822200 ) ) ;
#2155 = AXIS2_PLACEMENT_3D ( 'NONE', #2178, #899, #764 ) ;
#2156 = CC_DESIGN_PERSON_AND_ORGANIZATION_ASSIGNMENT ( #3080, #922, ( #1477 ) ) ;
#2157 = CC_DESIGN_APPROVAL ( #1831, ( #1212 ) ) ;
#2158 = FACE_BOUND ( 'NONE', #5748, .T. ) ;
#2159 = ADVANCED_FACE ( 'NONE', ( #111 ), #93, .F. ) ;
#2160 = CARTESIAN_POINT ( 'NONE',  ( -2.680779144684000100, 8.082668874371306600E-017, -0.6599999999999000000 ) ) ;
#2161 = CARTESIAN_POINT ( 'NONE',  ( -1.501097783213281200, 4.638781778632330000, 0.8842141683617411600 ) ) ;
#2162 = CIRCLE ( 'NONE', #5650, 0.6599999999999000000 ) ;
#2163 = FACE_OUTER_BOUND ( 'NONE', #5656, .T. ) ;
#2164 = CARTESIAN_POINT ( 'NONE',  ( 0.0000000000000000000, 13.85000000000000000, 2.373887304912003900 ) ) ;
#2165 =( LENGTH_UNIT ( ) NAMED_UNIT ( * ) SI_UNIT ( .MILLI., .METRE. ) );
#2166 = CARTESIAN_POINT ( 'NONE',  ( -3.487794584502677400, -1.411615740770365800, -2.418130067820462700 ) ) ;
#2167 = LINE ( 'NONE', #1319, #2371 ) ;
#2168 = MANIFOLD_SURFACE_SHAPE_REPRESENTATION ( '', ( #2233, #4079 ), #3784 ) ;
#2169 = CARTESIAN_POINT ( 'NONE',  ( -2.995854003432873100, -1.392012546768184100, 2.543553244158090800 ) ) ;
#2170 = CARTESIAN_POINT ( 'NONE',  ( -3.164341904766178300, -1.289506517243804900, 2.485605111515298800 ) ) ;
#2171 = CARTESIAN_POINT ( 'NONE',  ( -3.283404517170167600, -1.280644701995692400, -2.712926778315856600 ) ) ;
#2172 = CARTESIAN_POINT ( 'NONE',  ( -5.738155578050000600, 0.0000000000000000000, 0.0000000000000000000 ) ) ;
#2173 = CARTESIAN_POINT ( 'NONE',  ( -1.723258320883139600, 6.580000000000031200, 1.015076725921282500 ) ) ;
#2174 = AXIS2_PLACEMENT_3D ( 'NONE', #2879, #2860, #2839 ) ;
#2175 = COORDINATED_UNIVERSAL_TIME_OFFSET ( 8, 0, .BEHIND. ) ;
#2176 = PERSON_AND_ORGANIZATION ( #4182, #5189 ) ;
#2177 = VERTEX_POINT ( 'NONE', #402 ) ;
#2178 = CARTESIAN_POINT ( 'NONE',  ( -5.738155578050000600, 2.395000000000000000, 0.0000000000000000000 ) ) ;
#2179 = VERTEX_POINT ( 'NONE', #340 ) ;
#2180 = CARTESIAN_POINT ( 'NONE',  ( -0.6500000000000014700, 7.839073815454581200, -2.517439175034820800 ) ) ;
#2181 = APPROVAL_DATE_TIME ( #2248, #4775 ) ;
#2182 = DIRECTION ( 'NONE',  ( 0.0000000000000000000, 0.0000000000000000000, 1.000000000000000000 ) ) ;
#2183 = CARTESIAN_POINT ( 'NONE',  ( -2.407865696599165200, 7.749999999999998200, 0.7717399175765746700 ) ) ;
#2184 = AXIS2_PLACEMENT_3D ( 'NONE', #4611, #1911, #5063 ) ;
#2185 = ORIENTED_EDGE ( 'NONE', *, *, #1778, .T. ) ;
#2186 =( LENGTH_UNIT ( ) NAMED_UNIT ( * ) SI_UNIT ( .MILLI., .METRE. ) );
#2187 = CARTESIAN_POINT ( 'NONE',  ( 1.404533707256429500, 3.140605763927361700, 0.9650754243433209400 ) ) ;
#2188 = CARTESIAN_POINT ( 'NONE',  ( -0.5831473409186440600, 4.638781778632330000, 1.646165629860529200 ) ) ;
#2189 = DIRECTION ( 'NONE',  ( -1.000000000000000000, 0.0000000000000000000, 0.0000000000000000000 ) ) ;
#2190 = PLANE ( 'NONE',  #696 ) ;
#2191 = ADVANCED_FACE ( 'NONE', ( #105 ), #83, .F. ) ;
#2192 = AXIS2_PLACEMENT_3D ( 'NONE', #5717, #3123, #300 ) ;
#2193 = EDGE_LOOP ( 'NONE', ( #4855, #3734, #3669, #4779, #2268, #5467 ) ) ;
#2194 = CARTESIAN_POINT ( 'NONE',  ( -3.255814425025627100, -1.178845171806776300, -2.540566285167946700 ) ) ;
#2195 = PLANE ( 'NONE',  #796 ) ;
#2196 = VERTEX_POINT ( 'NONE', #457 ) ;
#2197 = LINE ( 'NONE', #2151, #3099 ) ;
#2198 = CARTESIAN_POINT ( 'NONE',  ( -15.23815557805000000, 0.0000000000000000000, 0.0000000000000000000 ) ) ;
#2199 = ORIENTED_EDGE ( 'NONE', *, *, #217, .T. ) ;
#2200 = EDGE_CURVE ( 'NONE', #5419, #5458, #87, .T. ) ;
#2201 = ORIENTED_EDGE ( 'NONE', *, *, #3934, .F. ) ;
#2202 = ORIENTED_EDGE ( 'NONE', *, *, #4022, .T. ) ;
#2203 = CARTESIAN_POINT ( 'NONE',  ( -0.6499999999999547300, 7.760593885078859200, -2.461794697322566200 ) ) ;
#2204 = EDGE_CURVE ( 'NONE', #2661, #3078, #159, .T. ) ;
#2205 = CIRCLE ( 'NONE', #1629, 0.5000000000000000000 ) ;
#2206 = CARTESIAN_POINT ( 'NONE',  ( -19.68077914467999500, 0.9999999999999998900, -0.5000000000000000000 ) ) ;
#2207 = CARTESIAN_POINT ( 'NONE',  ( -2.988232453268472500, -1.444905549805491200, 2.514412889620310000 ) ) ;
#2208 = ORIENTED_EDGE ( 'NONE', *, *, #5391, .T. ) ;
#2209 = ORIENTED_EDGE ( 'NONE', *, *, #2449, .F. ) ;
#2210 = CARTESIAN_POINT ( 'NONE',  ( 1.464769572750584300, 3.140605763927361700, 0.8628152170332099600 ) ) ;
#2211 = DIRECTION ( 'NONE',  ( 0.0000000000000000000, 1.000000000000000000, 0.0000000000000000000 ) ) ;
#2212 = CARTESIAN_POINT ( 'NONE',  ( 0.6500000000000003600, 7.950000000000000200, -2.206241147291500700 ) ) ;
#2213 = CARTESIAN_POINT ( 'NONE',  ( -17.68077914467999900, 0.0000000000000000000, -0.5000000000000000000 ) ) ;
#2214 = EDGE_LOOP ( 'NONE', ( #1956, #4556, #4378 ) ) ;
#2215 = VECTOR ( 'NONE', #1124, 1000.000000000000000 ) ;
#2216 = VERTEX_POINT ( 'NONE', #1225 ) ;
#2217 = ORIENTED_EDGE ( 'NONE', *, *, #5635, .T. ) ;
#2218 = EDGE_CURVE ( 'NONE', #5808, #339, #178, .T. ) ;
#2219 = LINE ( 'NONE', #5574, #2236 ) ;
#2220 = CARTESIAN_POINT ( 'NONE',  ( -3.382095784162601600, -1.575102117765251600, -2.315612857639294000 ) ) ;
#2221 = PLANE ( 'NONE',  #3984 ) ;
#2222 = VERTEX_POINT ( 'NONE', #1697 ) ;
#2223 = ADVANCED_FACE ( 'NONE', ( #316 ), #21, .F. ) ;
#2224 = AXIS2_PLACEMENT_3D ( 'NONE', #933, #1413, #5005 ) ;
#2225 = CYLINDRICAL_SURFACE ( 'NONE', #3115, 0.5000000000000000000 ) ;
#2226 = CARTESIAN_POINT ( 'NONE',  ( -0.6321184054749320300, 8.050000000000000700, -2.315259450139406800 ) ) ;
#2227 = CARTESIAN_POINT ( 'NONE',  ( -1.521946258264240200, 5.822145191538501400, 0.9248882501777069300 ) ) ;
#2228 = CARTESIAN_POINT ( 'NONE',  ( 0.0000000000000000000, 0.7000000000000000700, 0.0000000000000000000 ) ) ;
#2229 = CARTESIAN_POINT ( 'NONE',  ( 0.0000000000000000000, 0.0000000000000000000, 0.0000000000000000000 ) ) ;
#2230 = LINE ( 'NONE', #3030, #2315 ) ;
#2231 = CARTESIAN_POINT ( 'NONE',  ( 0.6500000000000011300, 7.855909964232495200, -2.101784955698370100 ) ) ;
#2232 = DIRECTION ( 'NONE',  ( 0.0000000000000000000, 0.0000000000000000000, 1.000000000000000000 ) ) ;
#2233 = SHELL_BASED_SURFACE_MODEL ( 'NONE', ( #1624, #3757 ) );
#2234 = CARTESIAN_POINT ( 'NONE',  ( -3.480457152632248100, -1.442314943636482600, -2.630679551540576100 ) ) ;
#2235 = CARTESIAN_POINT ( 'NONE',  ( 0.2453977521704848200, 9.276425054966873400, 2.600000000000001900 ) ) ;
#2236 = VECTOR ( 'NONE', #1105, 1000.000000000000000 ) ;
#2237 = APPROVAL ( #429, 'UNSPECIFIED' ) ;
#2238 = EDGE_CURVE ( 'NONE', #4937, #5746, #25, .T. ) ;
#2239 = CARTESIAN_POINT ( 'NONE',  ( -3.050237574998957000, -1.540525277574515700, -2.338502866763558300 ) ) ;
#2240 = ORIENTED_EDGE ( 'NONE', *, *, #2656, .F. ) ;
#2241 = CARTESIAN_POINT ( 'NONE',  ( -2.996271507499850700, -1.458464034162180200, -2.390358683614428200 ) ) ;
#2242 = FACE_OUTER_BOUND ( 'NONE', #4501, .T. ) ;
#2243 = CARTESIAN_POINT ( 'NONE',  ( -20.38608482323521500, 0.0000000000000000000, 0.0000000000000000000 ) ) ;
#2244 = CARTESIAN_POINT ( 'NONE',  ( -0.6321184054749319200, 7.991421356237301800, -2.315259450139406800 ) ) ;
#2245 = APPLICATION_CONTEXT ( 'configuration controlled 3d designs of mechanical parts and assemblies' ) ;
#2246 = EDGE_CURVE ( 'NONE', #282, #960, #38, .T. ) ;
#2247 = CARTESIAN_POINT ( 'NONE',  ( 0.3389254885092495800, 3.640000000000024500, 1.665871997855407300 ) ) ;
#2248 = DATE_AND_TIME ( #2255, #2256 ) ;
#2249 = DIRECTION ( 'NONE',  ( 0.0000000000000000000, 0.0000000000000000000, 1.000000000000000000 ) ) ;
#2250 = CARTESIAN_POINT ( 'NONE',  ( 2.399924400003736700, 7.991421356237305300, 0.01904925895414239000 ) ) ;
#2251 = CARTESIAN_POINT ( 'NONE',  ( -17.68077914467999500, 6.123233995736752500E-017, 0.5000000000000000000 ) ) ;
#2252 = ADVANCED_FACE ( 'NONE', ( #100 ), #463, .F. ) ;
#2253 = CARTESIAN_POINT ( 'NONE',  ( -3.255814425025625800, -1.278846727662049200, -2.713774060745203400 ) ) ;
#2254 = CARTESIAN_POINT ( 'NONE',  ( 0.4900104927142909200, 9.250000000000000000, 2.565288210664254700 ) ) ;
#2255 = CALENDAR_DATE ( 2016, 15, 9 ) ;
#2256 = LOCAL_TIME ( 14, 32, 24.00000000000000000, #2322 ) ;
#2257 = CARTESIAN_POINT ( 'NONE',  ( -8.238155578050001500, 3.000000000000000000, 0.0000000000000000000 ) ) ;
#2258 = VERTEX_POINT ( 'NONE', #4445 ) ;
#2259 = AXIS2_PLACEMENT_3D ( 'NONE', #1240, #2678, #5738 ) ;
#2260 = EDGE_LOOP ( 'NONE', ( #4987, #4793, #296, #587 ) ) ;
#2261 = ORIENTED_EDGE ( 'NONE', *, *, #5700, .F. ) ;
#2262 = DIRECTION ( 'NONE',  ( 0.0000000000000000000, 0.0000000000000000000, -1.000000000000000000 ) ) ;
#2263 = CARTESIAN_POINT ( 'NONE',  ( -0.6499999999999782600, 9.250000000000000000, -2.517439175034827100 ) ) ;
#2264 = CARTESIAN_POINT ( 'NONE',  ( -2.988516571847853200, -1.461625038278316200, 2.504748702699698600 ) ) ;
#2265 = CC_DESIGN_DATE_AND_TIME_ASSIGNMENT ( #3277, #2811, ( #4932 ) ) ;
#2266 = APPROVAL_ROLE ( '' ) ;
#2267 = CARTESIAN_POINT ( 'NONE',  ( 0.4552252936266580900, 3.640000000000024500, 1.642210535081741300 ) ) ;
#2268 = ORIENTED_EDGE ( 'NONE', *, *, #1871, .T. ) ;
#2269 = CARTESIAN_POINT ( 'NONE',  ( -0.6946855688070426900, 4.638781778632330000, 1.597667428093440200 ) ) ;
#2270 = DIRECTION ( 'NONE',  ( 0.0000000000000000000, 1.000000000000000000, 0.0000000000000000000 ) ) ;
#2271 = VERTEX_POINT ( 'NONE', #2297 ) ;
#2272 = AXIS2_PLACEMENT_3D ( 'NONE', #1485, #1307, #1289 ) ;
#2273 = CARTESIAN_POINT ( 'NONE',  ( -3.227389301400234200, -1.176992780649786400, -2.541439211132587400 ) ) ;
#2274 = CC_DESIGN_DATE_AND_TIME_ASSIGNMENT ( #1791, #5046, ( #1638 ) ) ;
#2275 = CARTESIAN_POINT ( 'NONE',  ( -3.221670929944792800, -1.612226934101631500, -2.290188225865090700 ) ) ;
#2276 = CARTESIAN_POINT ( 'NONE',  ( -3.360272323542771400, -1.325253217299232800, 2.466643499888019800 ) ) ;
#2277 = DIRECTION ( 'NONE',  ( 1.000000000000000000, 0.0000000000000000000, -0.0000000000000000000 ) ) ;
#2278 = ORIENTED_EDGE ( 'NONE', *, *, #5218, .T. ) ;
#2279 = ORIENTED_EDGE ( 'NONE', *, *, #5015, .T. ) ;
#2280 = CARTESIAN_POINT ( 'NONE',  ( -0.6499999999999990200, 7.949999999999996600, -2.197124144786880300 ) ) ;
#2281 = ADVANCED_FACE ( 'NONE', ( #13 ), #2195, .F. ) ;
#2282 = CIRCLE ( 'NONE', #1826, 2.395000000000000000 ) ;
#2283 = ADVANCED_FACE ( 'NONE', ( #180, #598, #459 ), #543, .T. ) ;
#2284 = EDGE_LOOP ( 'NONE', ( #3352, #2279, #3175, #4566 ) ) ;
#2285 = CARTESIAN_POINT ( 'NONE',  ( 0.0000000000000000000, 0.0000000000000000000, 0.0000000000000000000 ) ) ;
#2286 = ORIENTED_EDGE ( 'NONE', *, *, #5522, .T. ) ;
#2287 = ORIENTED_EDGE ( 'NONE', *, *, #2573, .F. ) ;
#2288 = APPROVAL_STATUS ( 'not_yet_approved' ) ;
#2289 = VECTOR ( 'NONE', #2483, 1000.000000000000200 ) ;
#2290 = ORIENTED_EDGE ( 'NONE', *, *, #4158, .F. ) ;
#2291 = CARTESIAN_POINT ( 'NONE',  ( 1.431177936956777400, 6.580000000000103100, 1.510930821591810000 ) ) ;
#2292 = ORIENTED_EDGE ( 'NONE', *, *, #3338, .T. ) ;
#2293 = LINE ( 'NONE', #3878, #2289 ) ;
#2294 = CARTESIAN_POINT ( 'NONE',  ( -0.4386094557178516500, 6.579999999999993900, 2.155834350165817700 ) ) ;
#2295 = CARTESIAN_POINT ( 'NONE',  ( 0.7267846136001125900, 9.250000000000000000, 2.496354166666689100 ) ) ;
#2296 = CARTESIAN_POINT ( 'NONE',  ( -2.238155578050000200, 3.673940397442059900E-016, -3.000000000000000000 ) ) ;
#2297 = CARTESIAN_POINT ( 'NONE',  ( 2.150000000000015000, 7.650000000000000400, 1.066536450385007400 ) ) ;
#2298 = VERTEX_POINT ( 'NONE', #1723 ) ;
#2299 = DIRECTION ( 'NONE',  ( -0.0000000000000000000, -1.000000000000000000, -0.0000000000000000000 ) ) ;
#2300 = FACE_BOUND ( 'NONE', #5283, .T. ) ;
#2301 = AXIS2_PLACEMENT_3D ( 'NONE', #2285, #2768, #4957 ) ;
#2302 = DIRECTION ( 'NONE',  ( 0.0000000000000000000, 0.0000000000000000000, 1.000000000000000000 ) ) ;
#2303 = CARTESIAN_POINT ( 'NONE',  ( -0.6500000000000516500, 7.750000000000000000, -2.101784955698354600 ) ) ;
#2304 = FACE_OUTER_BOUND ( 'NONE', #2655, .T. ) ;
#2305 = APPLICATION_PROTOCOL_DEFINITION ( 'international standard', 'config_control_design', 1994, #1759 ) ;
#2306 = CARTESIAN_POINT ( 'NONE',  ( -3.487794584502676100, -1.511615740770609900, -2.591335148577758900 ) ) ;
#2307 = ADVANCED_FACE ( 'NONE', ( #589 ), #529, .F. ) ;
#2308 = ORIENTED_EDGE ( 'NONE', *, *, #1347, .T. ) ;
#2309 = DIRECTION ( 'NONE',  ( -1.000000000000000000, 0.0000000000000000000, 0.0000000000000000000 ) ) ;
#2310 = VECTOR ( 'NONE', #3583, 1000.000000000000100 ) ;
#2311 = CARTESIAN_POINT ( 'NONE',  ( -0.5902016492725175000, 6.579999999999985900, 2.124992569812437000 ) ) ;
#2312 = CARTESIAN_POINT ( 'NONE',  ( -3.283404517170168900, -1.180643146140419200, -2.539719002738599900 ) ) ;
#2313 = CARTESIAN_POINT ( 'NONE',  ( -2.993219006951533000, -1.353622741552529500, -2.451170277890391000 ) ) ;
#2314 = CARTESIAN_POINT ( 'NONE',  ( -2.238155578050001500, 0.1000000000002443400, 0.1732050807572981000 ) ) ;
#2315 = VECTOR ( 'NONE', #5636, 1000.000000000000100 ) ;
#2316 = DIRECTION ( 'NONE',  ( -0.2300000000000103100, 0.0000000000000000000, 0.9731906288081463300 ) ) ;
#2317 = EDGE_CURVE ( 'NONE', #4038, #2531, #536, .T. ) ;
#2318 = AXIS2_PLACEMENT_3D ( 'NONE', #5511, #5471, #5265 ) ;
#2319 = EDGE_CURVE ( 'NONE', #1180, #928, #592, .T. ) ;
#2320 = ORIENTED_EDGE ( 'NONE', *, *, #3359, .T. ) ;
#2321 = DIRECTION ( 'NONE',  ( 1.000000000000000000, -0.0000000000000000000, -0.0000000000000000000 ) ) ;
#2322 = COORDINATED_UNIVERSAL_TIME_OFFSET ( 8, 0, .BEHIND. ) ;
#2323 = CARTESIAN_POINT ( 'NONE',  ( 1.895584152971204300, 0.7000000000000105000, 1.116584398513802200 ) ) ;
#2324 = APPROVAL_PERSON_ORGANIZATION ( #2334, #4775, #36 ) ;
#2325 = CARTESIAN_POINT ( 'NONE',  ( -0.7362818165676668900, 6.580000207254074400, 2.078804192541445800 ) ) ;
#2326 = VERTEX_POINT ( 'NONE', #3681 ) ;
#2327 = SECURITY_CLASSIFICATION_LEVEL ( 'unclassified' ) ;
#2328 = CARTESIAN_POINT ( 'NONE',  ( -2.988543345713190000, -1.488561698312670200, -2.604646630603948000 ) ) ;
#2329 = EDGE_CURVE ( 'NONE', #1250, #1725, #466, .T. ) ;
#2330 = EDGE_CURVE ( 'NONE', #4871, #2486, #514, .T. ) ;
#2331 = CARTESIAN_POINT ( 'NONE',  ( 0.5690345365640164800, 3.640000000000024500, 1.606326618620357100 ) ) ;
#2332 = CARTESIAN_POINT ( 'NONE',  ( -0.8062237966954416400, 4.638781778632330000, 1.549169226326350800 ) ) ;
#2333 = ORIENTED_EDGE ( 'NONE', *, *, #2238, .F. ) ;
#2334 = PERSON_AND_ORGANIZATION ( #4182, #5189 ) ;
#2335 = ORIENTED_EDGE ( 'NONE', *, *, #5799, .F. ) ;
#2336 = CARTESIAN_POINT ( 'NONE',  ( -1.017688975175985000, 6.579999793132564900, 1.956488419117611100 ) ) ;
#2337 = CARTESIAN_POINT ( 'NONE',  ( -3.255814425025627100, -1.178845171808202000, -2.540566285170416300 ) ) ;
#2338 = CARTESIAN_POINT ( 'NONE',  ( -2.149999999999983500, 7.650000000000000400, 1.066536450385110700 ) ) ;
#2339 = ADVANCED_FACE ( 'NONE', ( #508 ), #686, .T. ) ;
#2340 = VERTEX_POINT ( 'NONE', #4569 ) ;
#2341 = FACE_BOUND ( 'NONE', #2875, .T. ) ;
#2342 = DIRECTION ( 'NONE',  ( 0.0000000000000000000, 0.0000000000000000000, 1.000000000000000000 ) ) ;
#2343 = EDGE_LOOP ( 'NONE', ( #3843, #2074, #2726, #593, #5570, #1675, #2597, #1546, #4844 ) ) ;
#2344 = DIRECTION ( 'NONE',  ( 0.8958333333333461400, 0.0000000000000000000, 0.4443901876604228800 ) ) ;
#2345 = CARTESIAN_POINT ( 'NONE',  ( -1.150000000000164000, 14.19999999999999900, 2.465953144040758700 ) ) ;
#2346 = CARTESIAN_POINT ( 'NONE',  ( -1.153175973765148800, 6.580000106332883000, 1.879754193963273100 ) ) ;
#2347 = ORIENTED_EDGE ( 'NONE', *, *, #98, .F. ) ;
#2348 = DATE_TIME_ROLE ( 'creation_date' ) ;
#2349 = CARTESIAN_POINT ( 'NONE',  ( 1.723258320883042800, 6.579999999999998300, 1.015076725921425100 ) ) ;
#2350 = CARTESIAN_POINT ( 'NONE',  ( -0.9126612518642484000, 4.638781778632330000, 1.488949811612258600 ) ) ;
#2351 = FACE_OUTER_BOUND ( 'NONE', #2783, .T. ) ;
#2352 = PRODUCT_RELATED_PRODUCT_CATEGORY ( 'detail', '', ( #5500 ) ) ;
#2353 = VERTEX_POINT ( 'NONE', #5022 ) ;
#2354 = CARTESIAN_POINT ( 'NONE',  ( -1.895584152971299300, 6.580000000000000100, 1.116584398513607500 ) ) ;
#2355 = EDGE_CURVE ( 'NONE', #4983, #2837, #524, .T. ) ;
#2356 = CARTESIAN_POINT ( 'NONE',  ( -3.116780642481615800, -1.585031795848857800, -2.308864186398508000 ) ) ;
#2357 = DIRECTION ( 'NONE',  ( 0.0000000000000000000, 0.0000000000000000000, 1.000000000000000000 ) ) ;
#2358 = CARTESIAN_POINT ( 'NONE',  ( -3.487712357837265700, -1.381013353709633400, -2.435798731926524900 ) ) ;
#2359 = VERTEX_POINT ( 'NONE', #2361 ) ;
#2360 = CARTESIAN_POINT ( 'NONE',  ( -2.238155578050000200, -1.120391659893891400, 2.340672452188691500 ) ) ;
#2361 = CARTESIAN_POINT ( 'NONE',  ( -3.238155578050000200, 0.0000000000000000000, 0.5000000000000000000 ) ) ;
#2362 = FACE_OUTER_BOUND ( 'NONE', #1868, .T. ) ;
#2363 = CARTESIAN_POINT ( 'NONE',  ( 1.157946503577851100, 7.749999999999858800, 3.159597846899958400 ) ) ;
#2364 = FACE_OUTER_BOUND ( 'NONE', #2890, .T. ) ;
#2365 = CARTESIAN_POINT ( 'NONE',  ( 0.0000000000000000000, 7.750000000000000000, 0.0000000000000000000 ) ) ;
#2366 = CARTESIAN_POINT ( 'NONE',  ( -2.992808637175357900, -1.499420713120021000, 2.482789287867547900 ) ) ;
#2367 = ORIENTED_EDGE ( 'NONE', *, *, #1652, .T. ) ;
#2368 = APPLICATION_CONTEXT ( 'configuration controlled 3d designs of mechanical parts and assemblies' ) ;
#2369 = CARTESIAN_POINT ( 'NONE',  ( -20.38608482323521500, 6.123233995736766000E-017, 0.5000000000000000000 ) ) ;
#2370 = CARTESIAN_POINT ( 'NONE',  ( -1.011678758732370100, 4.638781778632330000, 1.418321310362783200 ) ) ;
#2371 = VECTOR ( 'NONE', #4493, 1000.000000000000000 ) ;
#2372 = CARTESIAN_POINT ( 'NONE',  ( 2.200469449157391700, 7.740658139241298300, 1.091572500225563000 ) ) ;
#2373 = CARTESIAN_POINT ( 'NONE',  ( -3.336389583426625300, -1.296776922700187100, -2.705251971305243400 ) ) ;
#2374 = AXIS2_PLACEMENT_3D ( 'NONE', #5497, #2881, #64 ) ;
#2375 = CARTESIAN_POINT ( 'NONE',  ( -0.4999999999999881800, 13.98223363598711300, 2.574937185533139800 ) ) ;
#2376 = CARTESIAN_POINT ( 'NONE',  ( -1.238155578050000200, 0.0000000000000000000, 0.0000000000000000000 ) ) ;
#2377 = DESIGN_CONTEXT ( 'detailed design', #1799, 'design' ) ;
#2378 = DIRECTION ( 'NONE',  ( 0.0000000000000000000, 1.000000000000000000, 0.0000000000000000000 ) ) ;
#2379 = CARTESIAN_POINT ( 'NONE',  ( -1.150000000000164400, 14.33218658350522600, 2.465953144040759600 ) ) ;
#2380 = EDGE_LOOP ( 'NONE', ( #1879, #583, #5307, #3490 ) ) ;
#2381 = FACE_OUTER_BOUND ( 'NONE', #2193, .T. ) ;
#2382 = CARTESIAN_POINT ( 'NONE',  ( 0.3987358688344250800, 6.580000000000034700, 1.959849409241723800 ) ) ;
#2383 = ORIENTED_EDGE ( 'NONE', *, *, #3258, .F. ) ;
#2384 = CARTESIAN_POINT ( 'NONE',  ( -2.238155578050000200, 0.0000000000000000000, 0.0000000000000000000 ) ) ;
#2385 = APPROVAL_STATUS ( 'not_yet_approved' ) ;
#2386 = CARTESIAN_POINT ( 'NONE',  ( -3.467645942041342800, -1.396590421591406500, -2.655540403814749900 ) ) ;
#2387 = AXIS2_PLACEMENT_3D ( 'NONE', #1928, #1877, #1544 ) ;
#2388 = AXIS2_PLACEMENT_3D ( 'NONE', #3725, #4179, #493 ) ;
#2389 = CARTESIAN_POINT ( 'NONE',  ( -1.110696265600491700, 4.638781778632330000, 1.347692809113308000 ) ) ;
#2390 = SECURITY_CLASSIFICATION ( '', '', #467 ) ;
#2391 =( BOUNDED_SURFACE ( )  B_SPLINE_SURFACE ( 3, 3, ( 
 ( #2938, #1768, #1749, #1532 ),
 ( #1511, #1432, #1411, #1390 ),
 ( #1348, #1301, #1054, #1015 ),
 ( #990, #973, #954, #931 ) ),
 .UNSPECIFIED., .F., .F., .F. ) 
 B_SPLINE_SURFACE_WITH_KNOTS ( ( 4, 4 ),
 ( 4, 4 ),
 ( 0.0000000000000000000, 1.000000000000000000 ),
 ( 0.0000000000000000000, 1.000000000000000000 ),
 .UNSPECIFIED. ) 
 GEOMETRIC_REPRESENTATION_ITEM ( )  RATIONAL_B_SPLINE_SURFACE ( (
 ( 1.000000000000000000, 0.8567052624337598800, 0.8567052624337598800, 1.000000000000000000),
 ( 0.8047378541235314900, 0.6894231545072808700, 0.6894231545072808700, 0.8047378541235314900),
 ( 0.8047378541235314900, 0.6894231545072808700, 0.6894231545072808700, 0.8047378541235314900),
 ( 1.000000000000000000, 0.8567052624337598800, 0.8567052624337598800, 1.000000000000000000) ) ) 
 REPRESENTATION_ITEM ( '' )  SURFACE ( )  );
#2392 = CARTESIAN_POINT ( 'NONE',  ( -2.238155578050000200, -1.215420335061014200, 2.742763826712058900 ) ) ;
#2393 = CARTESIAN_POINT ( 'NONE',  ( -1.525927071794365600, 6.579999787488463700, 1.613911148834382900 ) ) ;
#2394 = DIRECTION ( 'NONE',  ( -1.000000000000000000, 0.0000000000000000000, 0.0000000000000000000 ) ) ;
#2395 = CARTESIAN_POINT ( 'NONE',  ( -1.970833333333000100, 6.580000000000000100, 0.9776584128530002600 ) ) ;
#2396 = PERSON_AND_ORGANIZATION ( #4182, #5189 ) ;
#2397 = APPROVAL_DATE_TIME ( #2402, #3321 ) ;
#2398 = DIRECTION ( 'NONE',  ( 0.0000000000000000000, 0.0000000000000000000, 1.000000000000000000 ) ) ;
#2399 = CARTESIAN_POINT ( 'NONE',  ( 1.149999999999941700, 9.299999999999998900, 2.465953144040757800 ) ) ;
#2400 = EDGE_CURVE ( 'NONE', #1725, #3237, #693, .T. ) ;
#2401 = CARTESIAN_POINT ( 'NONE',  ( 1.149999999999941700, 14.19999999999999900, 2.465953144040757800 ) ) ;
#2402 = DATE_AND_TIME ( #2405, #2465 ) ;
#2403 = EDGE_CURVE ( 'NONE', #4628, #4841, #2700, .T. ) ;
#2404 = CARTESIAN_POINT ( 'NONE',  ( -0.6500000000000000200, 7.750000000000000000, -2.414021540914999900 ) ) ;
#2405 = CALENDAR_DATE ( 2016, 15, 9 ) ;
#2406 = ORIENTED_EDGE ( 'NONE', *, *, #3546, .T. ) ;
#2407 = DIRECTION ( 'NONE',  ( 0.0000000000000000000, 1.000000000000000000, 0.0000000000000000000 ) ) ;
#2408 = CARTESIAN_POINT ( 'NONE',  ( -2.149999999999901300, 6.580000000000000100, 1.066536450385199500 ) ) ;
#2409 = DATE_TIME_ROLE ( 'classification_date' ) ;
#2410 = CARTESIAN_POINT ( 'NONE',  ( -3.317747839084313400, -1.281896172208251400, -2.712333924277323200 ) ) ;
#2411 = EDGE_CURVE ( 'NONE', #1605, #3169, #667, .T. ) ;
#2412 = ORIENTED_EDGE ( 'NONE', *, *, #5700, .T. ) ;
#2413 = CARTESIAN_POINT ( 'NONE',  ( -1.202287486668809100, 4.638781778632330000, 1.266659741822639500 ) ) ;
#2414 = DIRECTION ( 'NONE',  ( 0.0000000000000000000, 1.000000000000000000, 0.0000000000000000000 ) ) ;
#2415 = CARTESIAN_POINT ( 'NONE',  ( -4.188155578049999900, 0.0000000000000000000, 0.0000000000000000000 ) ) ;
#2416 = VERTEX_POINT ( 'NONE', #975 ) ;
#2417 = CARTESIAN_POINT ( 'NONE',  ( -4.238155578049999800, 0.0000000000000000000, 0.0000000000000000000 ) ) ;
#2418 = DIRECTION ( 'NONE',  ( -0.2300000000000108300, -0.0000000000000000000, -0.9731906288081461100 ) ) ;
#2419 = CARTESIAN_POINT ( 'NONE',  ( 0.6778734171729246000, 3.640000000000024500, 1.559002126454707600 ) ) ;
#2420 = CARTESIAN_POINT ( 'NONE',  ( -2.238155578050000200, 0.7852436530778408300, 2.921918030004947200 ) ) ;
#2421 = ORIENTED_EDGE ( 'NONE', *, *, #2078, .T. ) ;
#2422 = CYLINDRICAL_SURFACE ( 'NONE', #201, 3.000000000000000000 ) ;
#2423 = AXIS2_PLACEMENT_3D ( 'NONE', #4212, #1489, #4637 ) ;
#2424 = EDGE_CURVE ( 'NONE', #4522, #3693, #613, .T. ) ;
#2425 = CARTESIAN_POINT ( 'NONE',  ( -0.4999999999999880700, 13.85000000000000000, 2.574937185533140200 ) ) ;
#2426 = CIRCLE ( 'NONE', #4915, 3.000000000000000000 ) ;
#2427 = EDGE_LOOP ( 'NONE', ( #862, #4318, #2809, #3299 ) ) ;
#2428 = PRODUCT_DEFINITION_SHAPE ( 'NONE', 'NONE',  #5847 ) ;
#2429 = DIRECTION ( 'NONE',  ( -1.000000000000000000, 0.0000000000000000000, 0.0000000000000000000 ) ) ;
#2430 = APPROVAL_ROLE ( '' ) ;
#2431 = CARTESIAN_POINT ( 'NONE',  ( -3.405224287103615100, 2.794165968249419300, -0.1882116612299256100 ) ) ;
#2432 = CYLINDRICAL_SURFACE ( 'NONE', #232, 0.5000000000000000000 ) ;
#2433 = ORIENTED_EDGE ( 'NONE', *, *, #3058, .T. ) ;
#2434 = CARTESIAN_POINT ( 'NONE',  ( -1.284456732327803300, 4.638781778632330000, 1.176987745508530900 ) ) ;
#2435 = CARTESIAN_POINT ( 'NONE',  ( 0.7867122977818330500, 3.640000000000024500, 1.511677634289058300 ) ) ;
#2436 = ORIENTED_EDGE ( 'NONE', *, *, #1584, .T. ) ;
#2437 = CARTESIAN_POINT ( 'NONE',  ( -4.500000000000000900, 7.750000000000000000, 0.0000000000000000000 ) ) ;
#2438 = EDGE_CURVE ( 'NONE', #2576, #5665, #620, .T. ) ;
#2439 = CIRCLE ( 'NONE', #5780, 2.849999999999000000 ) ;
#2440 = CARTESIAN_POINT ( 'NONE',  ( -2.999085936548816300, 2.799125873722911900, 0.07241542345114812500 ) ) ;
#2441 = AXIS2_PLACEMENT_3D ( 'NONE', #1896, #4231, #2050 ) ;
#2442 = ORIENTED_EDGE ( 'NONE', *, *, #5593, .F. ) ;
#2443 = CARTESIAN_POINT ( 'NONE',  ( -3.904822244716666700, 3.673940397442059900E-016, -3.000000000000000000 ) ) ;
#2444 = DIRECTION ( 'NONE',  ( 0.0000000000000000000, 0.0000000000000000000, -1.000000000000000000 ) ) ;
#2445 = CARTESIAN_POINT ( 'NONE',  ( -2.238155578050000200, 0.7852436530778409400, -2.921918030004946800 ) ) ;
#2446 = ORIENTED_EDGE ( 'NONE', *, *, #4528, .F. ) ;
#2447 = VECTOR ( 'NONE', #5164, 1000.000000000000000 ) ;
#2448 = CARTESIAN_POINT ( 'NONE',  ( -5.180779144684002800, 0.0000000000000000000, -0.4499999999997873500 ) ) ;
#2449 = EDGE_CURVE ( 'NONE', #4129, #582, #603, .T. ) ;
#2450 = ORIENTED_EDGE ( 'NONE', *, *, #4325, .T. ) ;
#2451 = CARTESIAN_POINT ( 'NONE',  ( -1.366625977986797300, 4.638781778632330000, 1.087315749194422300 ) ) ;
#2452 = CYLINDRICAL_SURFACE ( 'NONE', #5215, 1.804999999999000100 ) ;
#2453 = CARTESIAN_POINT ( 'NONE',  ( -3.424156022742610000, 2.795351030109385300, -0.1669497121987768600 ) ) ;
#2454 = CARTESIAN_POINT ( 'NONE',  ( -3.119073412593401400, 2.991871296731811300, 0.2212742635980527500 ) ) ;
#2455 = CARTESIAN_POINT ( 'NONE',  ( 1.415215608100551600, 0.6434418171282997300, 1.717189440040903800 ) ) ;
#2456 = EDGE_LOOP ( 'NONE', ( #1363, #1401, #1238, #2278 ) ) ;
#2457 = CARTESIAN_POINT ( 'NONE',  ( 1.970833333333312300, 0.7000000000000000700, 0.9776584128530307900 ) ) ;
#2458 = CARTESIAN_POINT ( 'NONE',  ( -4.238155578049999800, 0.0000000000000000000, 0.0000000000000000000 ) ) ;
#2459 = ORIENTED_EDGE ( 'NONE', *, *, #3927, .T. ) ;
#2460 = CARTESIAN_POINT ( 'NONE',  ( -3.487794584502692500, 2.999969938773166900, -0.01343005797876033000 ) ) ;
#2461 = CARTESIAN_POINT ( 'NONE',  ( -2.245864479671805900, 7.949999999999999300, 4.626671885810386800 ) ) ;
#2462 =( BOUNDED_SURFACE ( )  B_SPLINE_SURFACE ( 3, 3, ( 
 ( #5288, #3100, #5711, #3118 ),
 ( #294, #3543, #760, #3987 ),
 ( #1227, #4417, #1699, #4852 ),
 ( #2173, #5305, #2662, #5728 ) ),
 .UNSPECIFIED., .F., .F., .F. ) 
 B_SPLINE_SURFACE_WITH_KNOTS ( ( 4, 4 ),
 ( 4, 4 ),
 ( 0.0000000000000000000, 1.000000000000000000 ),
 ( 0.0000000000000000000, 1.000000000000000000 ),
 .UNSPECIFIED. ) 
 GEOMETRIC_REPRESENTATION_ITEM ( )  RATIONAL_B_SPLINE_SURFACE ( (
 ( 1.000000000000000000, 0.9423636384283886600, 0.9423636384283886600, 1.000000000000000000),
 ( 0.9625198644718280200, 0.9070437215432714000, 0.9070437215432714000, 0.9625198644718280200),
 ( 0.9625198644718280200, 0.9070437215432714000, 0.9070437215432714000, 0.9625198644718280200),
 ( 1.000000000000000000, 0.9423636384283886600, 0.9423636384283886600, 1.000000000000000000) ) ) 
 REPRESENTATION_ITEM ( '' )  SURFACE ( )  );
#2463 = CARTESIAN_POINT ( 'NONE',  ( 0.0000000000000000000, 7.750000000000000000, 0.0000000000000000000 ) ) ;
#2464 = CIRCLE ( 'NONE', #997, 2.600000000000000500 ) ;
#2465 = LOCAL_TIME ( 14, 32, 24.00000000000000000, #2472 ) ;
#2466 = DIRECTION ( 'NONE',  ( 0.0000000000000000000, -0.0000000000000000000, 1.000000000000000000 ) ) ;
#2467 = ADVANCED_BREP_SHAPE_REPRESENTATION ( '', ( #2633, #3218 ), #4382 ) ;
#2468 = CARTESIAN_POINT ( 'NONE',  ( -3.162267531114997700, -1.609828179791353800, 2.294030149118553300 ) ) ;
#2469 = DIRECTION ( 'NONE',  ( 0.0000000000000000000, 0.0000000000000000000, 1.000000000000000000 ) ) ;
#2470 = CC_DESIGN_PERSON_AND_ORGANIZATION_ASSIGNMENT ( #2396, #5031, ( #4647 ) ) ;
#2471 = CC_DESIGN_DATE_AND_TIME_ASSIGNMENT ( #632, #1001, ( #1212 ) ) ;
#2472 = COORDINATED_UNIVERSAL_TIME_OFFSET ( 8, 0, .BEHIND. ) ;
#2473 = APPROVAL_PERSON_ORGANIZATION ( #2480, #3321, #1425 ) ;
#2474 = CARTESIAN_POINT ( 'NONE',  ( -3.251232803121601100, 2.989468797040963000, -0.2512343008932638700 ) ) ;
#2475 = VERTEX_POINT ( 'NONE', #1906 ) ;
#2476 = CARTESIAN_POINT ( 'NONE',  ( -3.283404517169889100, 2.789782747915910700, 0.2473925440076186200 ) ) ;
#2477 = CARTESIAN_POINT ( 'NONE',  ( -2.988543345713190000, -1.488561698312670200, -2.604646630603948000 ) ) ;
#2478 = CARTESIAN_POINT ( 'NONE',  ( 0.8905738499576920700, 3.640000000000024500, 1.452915595367628500 ) ) ;
#2479 = CARTESIAN_POINT ( 'NONE',  ( -2.511650670168167600, 7.750000000000000000, -1.160931534505098600 ) ) ;
#2480 = PERSON_AND_ORGANIZATION ( #4182, #5189 ) ;
#2481 = CARTESIAN_POINT ( 'NONE',  ( -3.119073412593401400, 2.791868185024108900, 0.2212742635980527500 ) ) ;
#2482 = ORIENTED_EDGE ( 'NONE', *, *, #4599, .F. ) ;
#2483 = DIRECTION ( 'NONE',  ( 0.0000000000000000000, 0.2299999999999156600, 0.9731906288081686500 ) ) ;
#2484 = CARTESIAN_POINT ( 'NONE',  ( -0.6499999999998821200, 7.980652018647626600, -2.282102710872178500 ) ) ;
#2485 = ORIENTED_EDGE ( 'NONE', *, *, #4701, .T. ) ;
#2486 = VERTEX_POINT ( 'NONE', #2399 ) ;
#2487 = CARTESIAN_POINT ( 'NONE',  ( -3.500000000000000000, 6.580000000000000100, -3.037491901711999900 ) ) ;
#2488 = CARTESIAN_POINT ( 'NONE',  ( 0.6113987657256281200, 14.69999999999999900, 2.360902388126572500 ) ) ;
#2489 = CARTESIAN_POINT ( 'NONE',  ( -3.325906959170215100, -1.501926891975773800, 2.363327637877366000 ) ) ;
#2490 = CIRCLE ( 'NONE', #2069, 0.09999999999999996400 ) ;
#2491 = CARTESIAN_POINT ( 'NONE',  ( -3.442812312632880900, 2.796518850013813400, -0.1459971121666791300 ) ) ;
#2492 = CARTESIAN_POINT ( 'NONE',  ( -1.153175973765088600, 0.6999998936671095700, 1.879754193963309300 ) ) ;
#2493 = AXIS2_PLACEMENT_3D ( 'NONE', #2417, #2394, #2357 ) ;
#2494 = ORIENTED_EDGE ( 'NONE', *, *, #3154, .T. ) ;
#2495 = CARTESIAN_POINT ( 'NONE',  ( 0.9871950247085973200, 3.640000000000024500, 1.383996381205742500 ) ) ;
#2496 = CARTESIAN_POINT ( 'NONE',  ( -3.091902411611323400, 2.793055735186399200, -0.2044703777653260300 ) ) ;
#2497 = EDGE_LOOP ( 'NONE', ( #5493, #5844 ) ) ;
#2498 = CARTESIAN_POINT ( 'NONE',  ( -3.445591934905051400, 2.996735758054702700, 0.1422256873545836900 ) ) ;
#2499 = DIRECTION ( 'NONE',  ( -1.000000000000000000, 0.0000000000000000000, 0.0000000000000000000 ) ) ;
#2500 = CARTESIAN_POINT ( 'NONE',  ( 0.6499999999999781500, 7.849999999999999600, -2.517439175034826600 ) ) ;
#2501 = CARTESIAN_POINT ( 'NONE',  ( 1.083816199459502400, 3.640000000000024500, 1.315077167043856800 ) ) ;
#2502 = CARTESIAN_POINT ( 'NONE',  ( -1.439367989090500000, 4.638781778632330000, 0.9890105632075765200 ) ) ;
#2503 = CARTESIAN_POINT ( 'NONE',  ( -3.445591934905051400, 2.796732646347000400, 0.1422256873545836900 ) ) ;
#2504 = ORIENTED_EDGE ( 'NONE', *, *, #3581, .T. ) ;
#2505 = AXIS2_PLACEMENT_3D ( 'NONE', #5089, #2429, #5524 ) ;
#2506 = ORIENTED_EDGE ( 'NONE', *, *, #5085, .T. ) ;
#2507 = CARTESIAN_POINT ( 'NONE',  ( -2.996659374138583900, -1.559987643512023900, 2.562641435484890100 ) ) ;
#2508 = CARTESIAN_POINT ( 'NONE',  ( -7.238155578049999800, 0.0000000000000000000, 0.0000000000000000000 ) ) ;
#2509 = ORIENTED_EDGE ( 'NONE', *, *, #1997, .F. ) ;
#2510 = ORIENTED_EDGE ( 'NONE', *, *, #1680, .F. ) ;
#2511 = VERTEX_POINT ( 'NONE', #3328 ) ;
#2512 = CYLINDRICAL_SURFACE ( 'NONE', #368, 2.399999999999999900 ) ;
#2513 = AXIS2_PLACEMENT_3D ( 'NONE', #3994, #1233, #4423 ) ;
#2514 = CARTESIAN_POINT ( 'NONE',  ( 1.103999999999940400, 14.19999999999999900, 2.271315018279128400 ) ) ;
#2515 = ORIENTED_EDGE ( 'NONE', *, *, #1059, .T. ) ;
#2516 = CARTESIAN_POINT ( 'NONE',  ( -1.501097783213281900, 4.638781778632330000, 0.8842141683617394900 ) ) ;
#2517 = LINE ( 'NONE', #1178, #3034 ) ;
#2518 = CARTESIAN_POINT ( 'NONE',  ( 1.173190812660754400, 3.640000000000024500, 1.236005188734794500 ) ) ;
#2519 = CARTESIAN_POINT ( 'NONE',  ( -2.989963370605744200, 2.999866679117689600, -0.03993243478670510700 ) ) ;
#2520 = EDGE_CURVE ( 'NONE', #5531, #4570, #2883, .T. ) ;
#2521 = ORIENTED_EDGE ( 'NONE', *, *, #2770, .T. ) ;
#2522 = CARTESIAN_POINT ( 'NONE',  ( -3.488739452069638900, 2.800048583445933200, 0.004137376543308189100 ) ) ;
#2523 = CARTESIAN_POINT ( 'NONE',  ( 1.741313511517887500, 0.6434418171282997300, 1.385424860829576300 ) ) ;
#2524 = DIRECTION ( 'NONE',  ( -0.8616291604415209400, 0.0000000000000000000, -0.5075383629607123100 ) ) ;
#2525 = CIRCLE ( 'NONE', #1311, 2.200000000000000200 ) ;
#2526 = CARTESIAN_POINT ( 'NONE',  ( 1.253371472577205400, 3.640000000000024500, 1.148503352946628000 ) ) ;
#2527 = CARTESIAN_POINT ( 'NONE',  ( 0.0000000000000000000, 0.4060000000000000800, 0.0000000000000000000 ) ) ;
#2528 = CARTESIAN_POINT ( 'NONE',  ( -0.3389254885092492000, 4.139394236072632800, 1.665871997855405500 ) ) ;
#2529 = EDGE_CURVE ( 'NONE', #5419, #356, #1143, .T. ) ;
#2530 = CARTESIAN_POINT ( 'NONE',  ( 0.5000000000042055200, 13.85000000000009000, 2.574937185532692600 ) ) ;
#2531 = VERTEX_POINT ( 'NONE', #523 ) ;
#2532 = CARTESIAN_POINT ( 'NONE',  ( -3.094215372052296700, -1.624801398678171500, 2.401694537124132300 ) ) ;
#2533 = VECTOR ( 'NONE', #2079, 1000.000000000000000 ) ;
#2534 = EDGE_CURVE ( 'NONE', #5458, #423, #5051, .T. ) ;
#2535 = ORIENTED_EDGE ( 'NONE', *, *, #5306, .T. ) ;
#2536 = CARTESIAN_POINT ( 'NONE',  ( 2.499876766413766200, 7.749999999999999100, -0.02482242419436757000 ) ) ;
#2537 = FACE_OUTER_BOUND ( 'NONE', #1743, .T. ) ;
#2538 = CARTESIAN_POINT ( 'NONE',  ( -1.027265991651301800, 0.6434418171282300100, 1.973904600733321400 ) ) ;
#2539 = ORIENTED_EDGE ( 'NONE', *, *, #2657, .F. ) ;
#2540 = CARTESIAN_POINT ( 'NONE',  ( 1.333552132493656300, 3.640000000000024500, 1.061001517158461700 ) ) ;
#2541 = CARTESIAN_POINT ( 'NONE',  ( 0.0000000000000000000, 6.580000000000000100, 0.0000000000000000000 ) ) ;
#2542 = LINE ( 'NONE', #2549, #2977 ) ;
#2543 = CARTESIAN_POINT ( 'NONE',  ( 1.074402454204185900, 9.250000000000000000, 2.146080000000228700 ) ) ;
#2544 = CARTESIAN_POINT ( 'NONE',  ( -4.188155578049999900, 0.0000000000000000000, 2.200000000000000200 ) ) ;
#2545 = CARTESIAN_POINT ( 'NONE',  ( 2.549521644748606900, 7.750000000000000000, 4.974931093286570200 ) ) ;
#2546 = AXIS2_PLACEMENT_3D ( 'NONE', #1905, #5056, #2398 ) ;
#2547 = CARTESIAN_POINT ( 'NONE',  ( -3.113266767903328800, -1.643849217329121300, 2.396295186024225600 ) ) ;
#2548 = CARTESIAN_POINT ( 'NONE',  ( 1.404533707256430800, 3.640000000000024500, 0.9650754243433218300 ) ) ;
#2549 = CARTESIAN_POINT ( 'NONE',  ( -2.238155578050000200, 0.0000000000000000000, 2.395000000000000000 ) ) ;
#2550 = PLANE ( 'NONE',  #4177 ) ;
#2551 = CARTESIAN_POINT ( 'NONE',  ( -0.6500000000001032700, 7.750000000000000000, -2.101784955698338600 ) ) ;
#2552 = CARTESIAN_POINT ( 'NONE',  ( -3.282812632807154500, -1.707904918938056600, 2.466389951991792500 ) ) ;
#2553 = DATE_AND_TIME ( #2555, #2558 ) ;
#2554 = CARTESIAN_POINT ( 'NONE',  ( -2.438022917912023400, 7.991421356237305300, 4.780799541053330200 ) ) ;
#2555 = CALENDAR_DATE ( 2016, 15, 9 ) ;
#2556 = CARTESIAN_POINT ( 'NONE',  ( -3.289992255924255400, 2.989318515002553900, -0.2529548701103423400 ) ) ;
#2557 = CARTESIAN_POINT ( 'NONE',  ( 0.6499999999999652700, 7.750000000000000000, -2.414021540914868400 ) ) ;
#2558 = LOCAL_TIME ( 14, 32, 24.00000000000000000, #2624 ) ;
#2559 = CARTESIAN_POINT ( 'NONE',  ( -3.306410078423011300, -1.704481409862322200, -2.468761500143410900 ) ) ;
#2560 = CC_DESIGN_APPROVAL ( #2237, ( #1899 ) ) ;
#2561 = VERTEX_POINT ( 'NONE', #1580 ) ;
#2562 = CARTESIAN_POINT ( 'NONE',  ( -0.4552252936266576500, 4.139394236072632800, 1.642210535081739500 ) ) ;
#2563 = EDGE_CURVE ( 'NONE', #5290, #2511, #819, .T. ) ;
#2564 = CARTESIAN_POINT ( 'NONE',  ( 0.0000000000000000000, 7.849999999999999600, 0.0000000000000000000 ) ) ;
#2565 = CARTESIAN_POINT ( 'NONE',  ( -3.361965845118040500, -1.306708375318623000, -2.700491277632934800 ) ) ;
#2566 = VERTEX_POINT ( 'NONE', #4725 ) ;
#2567 = DIRECTION ( 'NONE',  ( -1.000000000000000000, 0.0000000000000000000, 0.0000000000000000000 ) ) ;
#2568 = CARTESIAN_POINT ( 'NONE',  ( 1.464769572750585600, 3.640000000000024500, 0.8628152170332107400 ) ) ;
#2569 = CARTESIAN_POINT ( 'NONE',  ( -0.5690345365640158100, 4.139394236072632800, 1.606326618620355300 ) ) ;
#2570 = DIRECTION ( 'NONE',  ( -1.000000000000000000, 0.0000000000000000000, 0.0000000000000000000 ) ) ;
#2571 = CARTESIAN_POINT ( 'NONE',  ( -3.238155578050000200, 0.0000000000000000000, 0.0000000000000000000 ) ) ;
#2572 = CARTESIAN_POINT ( 'NONE',  ( -3.486677598511243900, -1.420821707250239400, 2.527482663945877000 ) ) ;
#2573 = EDGE_CURVE ( 'NONE', #716, #2943, #5168, .T. ) ;
#2574 = CARTESIAN_POINT ( 'NONE',  ( -3.468848905604013500, -1.582044339526299300, -2.548951621460164400 ) ) ;
#2575 = CARTESIAN_POINT ( 'NONE',  ( -3.426073581193141300, -1.590224558335131800, 2.424584546349222200 ) ) ;
#2576 = VERTEX_POINT ( 'NONE', #5181 ) ;
#2577 = EDGE_LOOP ( 'NONE', ( #2383, #5702, #3823, #2412, #252 ) ) ;
#2578 = EDGE_LOOP ( 'NONE', ( #3009, #4089, #4227, #1251 ) ) ;
#2579 = FACE_BOUND ( 'NONE', #492, .T. ) ;
#2580 = CARTESIAN_POINT ( 'NONE',  ( 0.6499999999951157100, 7.831275847676114000, -2.515612521761991300 ) ) ;
#2581 = CARTESIAN_POINT ( 'NONE',  ( -3.332915737764790400, -1.596953952956267100, -2.300762303326613400 ) ) ;
#2582 = FACE_OUTER_BOUND ( 'NONE', #3373, .T. ) ;
#2583 = ORIENTED_EDGE ( 'NONE', *, *, #1370, .T. ) ;
#2584 = ORIENTED_EDGE ( 'NONE', *, *, #4508, .T. ) ;
#2585 = CIRCLE ( 'NONE', #4934, 2.000000000000001800 ) ;
#2586 = CARTESIAN_POINT ( 'NONE',  ( 0.0000000000000000000, 7.750000000000000000, 2.399999999999999900 ) ) ;
#2587 = CARTESIAN_POINT ( 'NONE',  ( -3.336389583426626200, -1.196775366844913900, -2.532044195727986700 ) ) ;
#2588 = ORIENTED_EDGE ( 'NONE', *, *, #4030, .F. ) ;
#2589 = CARTESIAN_POINT ( 'NONE',  ( -3.487767810382752700, -1.488561698192561300, 2.604646630672589100 ) ) ;
#2590 = CARTESIAN_POINT ( 'NONE',  ( 0.3389254885092498100, 4.139394236072687900, 1.665871997855408600 ) ) ;
#2591 = CARTESIAN_POINT ( 'NONE',  ( -0.6778734171729238200, 4.139394236072632800, 1.559002126454706000 ) ) ;
#2592 = CARTESIAN_POINT ( 'NONE',  ( 0.0000000000000000000, 9.250000000000000000, 0.0000000000000000000 ) ) ;
#2593 = ORIENTED_EDGE ( 'NONE', *, *, #1998, .T. ) ;
#2594 = CARTESIAN_POINT ( 'NONE',  ( -3.403483359403340000, -1.332687638388256700, 2.687791686609667200 ) ) ;
#2595 = CIRCLE ( 'NONE', #4469, 2.299999999999980700 ) ;
#2596 = CARTESIAN_POINT ( 'NONE',  ( -3.488243437254464000, -1.503201911480158200, 2.596242092167166100 ) ) ;
#2597 = ORIENTED_EDGE ( 'NONE', *, *, #2563, .F. ) ;
#2598 = CARTESIAN_POINT ( 'NONE',  ( -3.321095676898246500, -1.288835847222571800, 2.486103645832650000 ) ) ;
#2599 = CARTESIAN_POINT ( 'NONE',  ( 1.289050493896978000, 0.6434418171282997300, 1.807182141412747100 ) ) ;
#2600 = ORIENTED_EDGE ( 'NONE', *, *, #1478, .F. ) ;
#2601 = AXIS2_PLACEMENT_3D ( 'NONE', #2243, #1952, #2262 ) ;
#2602 =( GEOMETRIC_REPRESENTATION_CONTEXT ( 3 ) GLOBAL_UNCERTAINTY_ASSIGNED_CONTEXT ( ( #4730 ) ) GLOBAL_UNIT_ASSIGNED_CONTEXT ( ( #2165, #3554, #768 ) ) REPRESENTATION_CONTEXT ( 'NONE', 'WORKASPACE' ) );
#2603 = VECTOR ( 'NONE', #2787, 1000.000000000000000 ) ;
#2604 = CARTESIAN_POINT ( 'NONE',  ( -1.238155578050000200, 8.082668874371306600E-017, -0.6599999999999000000 ) ) ;
#2605 = APPROVAL ( #2385, 'UNSPECIFIED' ) ;
#2606 = ADVANCED_FACE ( 'NONE', ( #699, #771 ), #2550, .T. ) ;
#2607 = LINE ( 'NONE', #2586, #2533 ) ;
#2608 = CARTESIAN_POINT ( 'NONE',  ( -7.238155578049997100, 1.510856941112698000, -2.621359165062773200 ) ) ;
#2609 = CARTESIAN_POINT ( 'NONE',  ( 0.2616804593335224100, 14.29555258442800000, 2.393751653725242300 ) ) ;
#2610 = CARTESIAN_POINT ( 'NONE',  ( 2.241267039502033300, 7.950000000000549100, -0.02630121367442260100 ) ) ;
#2611 = ORIENTED_EDGE ( 'NONE', *, *, #4805, .T. ) ;
#2612 = CARTESIAN_POINT ( 'NONE',  ( -4.188155578049999900, 0.0000000000000000000, 0.0000000000000000000 ) ) ;
#2613 = CARTESIAN_POINT ( 'NONE',  ( 0.4552252936266584800, 4.139394236072687900, 1.642210535081742600 ) ) ;
#2614 = CARTESIAN_POINT ( 'NONE',  ( -0.7867122977818321600, 4.139394236072632800, 1.511677634289056500 ) ) ;
#2615 = LINE ( 'NONE', #2544, #2697 ) ;
#2616 = CARTESIAN_POINT ( 'NONE',  ( -2.199848535029894400, 7.849999999999999600, 0.02581516854146984100 ) ) ;
#2617 = CARTESIAN_POINT ( 'NONE',  ( -3.248921854563336300, -1.226691939514509900, 2.627520679393795100 ) ) ;
#2618 = CARTESIAN_POINT ( 'NONE',  ( -2.163366855919801600, 7.703729481517288300, 1.073167259252929100 ) ) ;
#2619 = CARTESIAN_POINT ( 'NONE',  ( -3.093867467804008800, -1.269681904194587900, 2.612786156016123400 ) ) ;
#2620 = CARTESIAN_POINT ( 'NONE',  ( -3.386079917192713000, -1.220559152271591300, -2.520579227947686600 ) ) ;
#2621 = SHAPE_REPRESENTATION_RELATIONSHIP ( 'NONE' , 'NONE' ,  #4911, #2168 ) ;
#2622 = VECTOR ( 'NONE', #1149, 1000.000000000000000 ) ;
#2623 = CARTESIAN_POINT ( 'NONE',  ( 0.6576402382684825000, 14.69999999999999900, 2.556562247870019600 ) ) ;
#2624 = COORDINATED_UNIVERSAL_TIME_OFFSET ( 8, 0, .BEHIND. ) ;
#2625 = MANIFOLD_SOLID_BREP ( 'Imported3', #297 ) ;
#2626 = CARTESIAN_POINT ( 'NONE',  ( -7.238155578050000600, 0.3926990816987241400, 3.000000000000000400 ) ) ;
#2627 = AXIS2_PLACEMENT_3D ( 'NONE', #4113, #1377, #4538 ) ;
#2628 = DIRECTION ( 'NONE',  ( 1.000000000000000000, 0.0000000000000000000, 0.0000000000000000000 ) ) ;
#2629 = CARTESIAN_POINT ( 'NONE',  ( -0.6113987657258498400, 14.69999999999999900, 2.360902388126574300 ) ) ;
#2630 = PERSON_AND_ORGANIZATION ( #4182, #5189 ) ;
#2631 = CARTESIAN_POINT ( 'NONE',  ( -0.8905738499576910700, 4.139394236072632800, 1.452915595367626900 ) ) ;
#2632 = PERSON_AND_ORGANIZATION ( #4182, #5189 ) ;
#2633 = MANIFOLD_SOLID_BREP ( 'Cut-Revolve1', #1833 ) ;
#2634 = CARTESIAN_POINT ( 'NONE',  ( -3.069614094833303900, -1.337316374844500900, 2.685442896145155500 ) ) ;
#2635 = ORIENTED_EDGE ( 'NONE', *, *, #2843, .F. ) ;
#2636 = ADVANCED_FACE ( 'NONE', ( #761 ), #218, .F. ) ;
#2637 = DIRECTION ( 'NONE',  ( -0.2300000000000102800, 0.0000000000000000000, 0.9731906288081462200 ) ) ;
#2638 = CARTESIAN_POINT ( 'NONE',  ( 0.6056082647253318000, 7.908578643763124900, -2.115003222147987700 ) ) ;
#2639 = PERSON_AND_ORGANIZATION ( #4182, #5189 ) ;
#2640 = EDGE_LOOP ( 'NONE', ( #3082, #1760, #1688, #4295 ) ) ;
#2641 = CARTESIAN_POINT ( 'NONE',  ( -3.486284461173764900, -1.435868240101398900, -2.403982743124953200 ) ) ;
#2642 = EDGE_CURVE ( 'NONE', #5120, #1465, #657, .T. ) ;
#2643 = AXIS2_PLACEMENT_3D ( 'NONE', #5122, #5142, #5078 ) ;
#2644 = ORIENTED_EDGE ( 'NONE', *, *, #2730, .T. ) ;
#2645 = CARTESIAN_POINT ( 'NONE',  ( -1.645384090173497300, 5.623432164061879000, 0.9692052984143838500 ) ) ;
#2646 = EDGE_CURVE ( 'NONE', #1483, #5808, #766, .T. ) ;
#2647 = FACE_OUTER_BOUND ( 'NONE', #3366, .T. ) ;
#2648 = DIRECTION ( 'NONE',  ( -1.000000000000000000, 0.0000000000000000000, 0.0000000000000000000 ) ) ;
#2649 = DIRECTION ( 'NONE',  ( 0.0000000000000000000, -0.0000000000000000000, -1.000000000000000000 ) ) ;
#2650 = DIRECTION ( 'NONE',  ( 0.0000000000000000000, 0.0000000000000000000, 1.000000000000000000 ) ) ;
#2651 = CARTESIAN_POINT ( 'NONE',  ( -3.487794584502692500, 2.999969938773166900, -0.01343005797876033000 ) ) ;
#2652 = ORIENTED_EDGE ( 'NONE', *, *, #4019, .F. ) ;
#2653 = CARTESIAN_POINT ( 'NONE',  ( -0.9871950247085962100, 4.139394236072632800, 1.383996381205741000 ) ) ;
#2654 = CARTESIAN_POINT ( 'NONE',  ( -2.991438737154356700, -1.415564004003905700, 2.530363781126657900 ) ) ;
#2655 = EDGE_LOOP ( 'NONE', ( #5008, #2446 ) ) ;
#2656 = EDGE_CURVE ( 'NONE', #1396, #4983, #812, .T. ) ;
#2657 = EDGE_CURVE ( 'NONE', #2725, #2353, #758, .T. ) ;
#2658 = CARTESIAN_POINT ( 'NONE',  ( -3.119073412593651000, -1.204304959030775900, -2.528465904045125600 ) ) ;
#2659 = DIRECTION ( 'NONE',  ( 0.0000000000000000000, 0.0000000000000000000, 1.000000000000000000 ) ) ;
#2660 = ORIENTED_EDGE ( 'NONE', *, *, #3626, .F. ) ;
#2661 = VERTEX_POINT ( 'NONE', #2108 ) ;
#2662 = CARTESIAN_POINT ( 'NONE',  ( -0.9626671986258829000, 6.580000000000032000, 1.845116283478534600 ) ) ;
#2663 = ORIENTED_EDGE ( 'NONE', *, *, #843, .T. ) ;
#2664 = ORIENTED_EDGE ( 'NONE', *, *, #1800, .F. ) ;
#2665 = ORIENTED_EDGE ( 'NONE', *, *, #827, .T. ) ;
#2666 = LINE ( 'NONE', #4454, #2603 ) ;
#2667 = ADVANCED_FACE ( 'NONE', ( #1914 ), #1165, .T. ) ;
#2668 = ORIENTED_EDGE ( 'NONE', *, *, #1871, .F. ) ;
#2669 = DIRECTION ( 'NONE',  ( 0.0000000000000000000, 0.0000000000000000000, 1.000000000000000000 ) ) ;
#2670 = CARTESIAN_POINT ( 'NONE',  ( 0.6499999999999572800, 0.0000000000000000000, -2.517439175034832400 ) ) ;
#2671 = DIRECTION ( 'NONE',  ( 0.0000000000000000000, -1.000000000000000000, 0.0000000000000000000 ) ) ;
#2672 = VERTEX_POINT ( 'NONE', #5664 ) ;
#2673 = DIRECTION ( 'NONE',  ( 0.0000000000000000000, -1.000000000000000000, 0.0000000000000000000 ) ) ;
#2674 =( NAMED_UNIT ( * ) PLANE_ANGLE_UNIT ( ) SI_UNIT ( $, .RADIAN. ) );
#2675 = FACE_OUTER_BOUND ( 'NONE', #3514, .T. ) ;
#2676 = CARTESIAN_POINT ( 'NONE',  ( 0.5690345365640169200, 4.139394236072687900, 1.606326618620358400 ) ) ;
#2677 = CARTESIAN_POINT ( 'NONE',  ( -1.083816199459501300, 4.139394236072632800, 1.315077167043855200 ) ) ;
#2678 = DIRECTION ( 'NONE',  ( -1.000000000000000000, 0.0000000000000000000, 0.0000000000000000000 ) ) ;
#2679 = CARTESIAN_POINT ( 'NONE',  ( 0.0000000000000000000, 9.250000000000000000, 0.0000000000000000000 ) ) ;
#2680 = VERTEX_POINT ( 'NONE', #3938 ) ;
#2681 = CARTESIAN_POINT ( 'NONE',  ( -3.170786061005177000, -1.186920598141661300, -2.536746094828479200 ) ) ;
#2682 = DIRECTION ( 'NONE',  ( -1.000000000000000000, 0.0000000000000000000, 0.0000000000000000000 ) ) ;
#2683 = PRODUCT_DEFINITION ( 'UNKNOWN', '', #4156, #2377 ) ;
#2684 = ORIENTED_EDGE ( 'NONE', *, *, #1187, .T. ) ;
#2685 = EDGE_CURVE ( 'NONE', #2103, #4937, #741, .T. ) ;
#2686 = DIRECTION ( 'NONE',  ( 0.0000000000000000000, 0.0000000000000000000, 1.000000000000000000 ) ) ;
#2687 = FACE_OUTER_BOUND ( 'NONE', #1028, .T. ) ;
#2688 = CARTESIAN_POINT ( 'NONE',  ( -0.6499999999999356300, 7.753193668484200900, -2.439975707627998400 ) ) ;
#2689 = VECTOR ( 'NONE', #3895, 1000.000000000000000 ) ;
#2690 = CARTESIAN_POINT ( 'NONE',  ( -17.68077914467999500, -0.9999999999999998900, 0.4999999999999999400 ) ) ;
#2691 = CARTESIAN_POINT ( 'NONE',  ( -3.487934786194732100, -1.458018978071634200, 2.506837616998244500 ) ) ;
#2692 = DIRECTION ( 'NONE',  ( 0.0000000000000000000, 0.0000000000000000000, 1.000000000000000000 ) ) ;
#2693 = CARTESIAN_POINT ( 'NONE',  ( 0.6778734171729251500, 4.139394236072687900, 1.559002126454708900 ) ) ;
#2694 = ORIENTED_EDGE ( 'NONE', *, *, #1252, .T. ) ;
#2695 = CARTESIAN_POINT ( 'NONE',  ( -1.173190812660753100, 4.139394236072632800, 1.236005188734793100 ) ) ;
#2696 = CARTESIAN_POINT ( 'NONE',  ( 0.6500000000006590500, 7.943952227177741000, -2.170513438301353100 ) ) ;
#2697 = VECTOR ( 'NONE', #2499, 1000.000000000000000 ) ;
#2698 = DIRECTION ( 'NONE',  ( 0.0000000000000000000, 1.000000000000000000, 0.0000000000000000000 ) ) ;
#2699 = ADVANCED_FACE ( 'NONE', ( #1890 ), #3489, .T. ) ;
#2700 = B_SPLINE_CURVE_WITH_KNOTS ( 'NONE', 3,
 ( #1887, #3713, #1866, #5040, #2379, #5474 ),
 .UNSPECIFIED., .F., .F.,
 ( 4, 2, 4 ),
 ( 0.0000000000000000000, 0.0003909403681485745500, 0.0007818807362971491100 ),
 .UNSPECIFIED. ) ;
#2701 = CARTESIAN_POINT ( 'NONE',  ( -2.988543345679085300, -1.388560143001472700, -2.431438854712569200 ) ) ;
#2702 = CARTESIAN_POINT ( 'NONE',  ( -3.332915737764790400, -1.596953952957692800, -2.300762303329083400 ) ) ;
#2703 = AXIS2_PLACEMENT_3D ( 'NONE', #4163, #1434, #4590 ) ;
#2704 = APPROVAL_DATE_TIME ( #2706, #1136 ) ;
#2705 = UNCERTAINTY_MEASURE_WITH_UNIT (LENGTH_MEASURE( 1.000000000000000100E-005 ), #322, 'distance_accuracy_value', 'NONE');
#2706 = DATE_AND_TIME ( #2709, #2772 ) ;
#2707 = DIRECTION ( 'NONE',  ( -1.000000000000000000, 0.0000000000000000000, 0.0000000000000000000 ) ) ;
#2708 = CARTESIAN_POINT ( 'NONE',  ( -2.680779144684000100, 0.0000000000000000000, 0.0000000000000000000 ) ) ;
#2709 = CALENDAR_DATE ( 2016, 15, 9 ) ;
#2710 = AXIS2_PLACEMENT_3D ( 'NONE', #4970, #2299, #5410 ) ;
#2711 = ORIENTED_EDGE ( 'NONE', *, *, #5618, .F. ) ;
#2712 = DIRECTION ( 'NONE',  ( 0.0000000000000000000, 1.000000000000000000, 0.0000000000000000000 ) ) ;
#2713 = CARTESIAN_POINT ( 'NONE',  ( 0.7867122977818336000, 4.139394236072687900, 1.511677634289059400 ) ) ;
#2714 = CARTESIAN_POINT ( 'NONE',  ( -1.253371472577204000, 4.139394236072632800, 1.148503352946626600 ) ) ;
#2715 = CARTESIAN_POINT ( 'NONE',  ( -4.188155578049999900, 1.120391659893821900, 2.340672452188724300 ) ) ;
#2716 = CARTESIAN_POINT ( 'NONE',  ( -17.68077914467999900, 0.0000000000000000000, -0.5000000000000000000 ) ) ;
#2717 = AXIS2_PLACEMENT_3D ( 'NONE', #4579, #4614, #4633 ) ;
#2718 = AXIS2_PLACEMENT_3D ( 'NONE', #2376, #3291, #1832 ) ;
#2719 = ORIENTED_EDGE ( 'NONE', *, *, #3047, .T. ) ;
#2720 = CARTESIAN_POINT ( 'NONE',  ( 1.833999183259951800, 0.6434418171282997300, 1.260167364361273600 ) ) ;
#2721 = CC_DESIGN_PERSON_AND_ORGANIZATION_ASSIGNMENT ( #2630, #3706, ( #2390 ) ) ;
#2722 = CARTESIAN_POINT ( 'NONE',  ( -3.017106866605397300, -1.502383796705509800, -2.363137133914673200 ) ) ;
#2723 = ORIENTED_EDGE ( 'NONE', *, *, #5244, .T. ) ;
#2724 = EDGE_CURVE ( 'NONE', #1006, #4385, #738, .T. ) ;
#2725 = VERTEX_POINT ( 'NONE', #2126 ) ;
#2726 = ORIENTED_EDGE ( 'NONE', *, *, #126, .T. ) ;
#2727 = ADVANCED_FACE ( 'NONE', ( #1845 ), #1780, .F. ) ;
#2728 = VERTEX_POINT ( 'NONE', #2166 ) ;
#2729 = CARTESIAN_POINT ( 'NONE',  ( -2.391058697727700600, 7.991421356237304400, -1.135996394097186900 ) ) ;
#2730 = EDGE_CURVE ( 'NONE', #5062, #4328, #1784, .T. ) ;
#2731 = FACE_OUTER_BOUND ( 'NONE', #2884, .T. ) ;
#2732 = EDGE_LOOP ( 'NONE', ( #2813, #5549, #4180, #2801, #4992, #1948, #437 ) ) ;
#2733 = APPLICATION_CONTEXT ( 'configuration controlled 3d designs of mechanical parts and assemblies' ) ;
#2734 = CARTESIAN_POINT ( 'NONE',  ( 0.8905738499576928400, 4.139394236072687900, 1.452915595367629400 ) ) ;
#2735 = CARTESIAN_POINT ( 'NONE',  ( -2.238155578050000200, 0.0000000000000000000, 0.0000000000000000000 ) ) ;
#2736 = CARTESIAN_POINT ( 'NONE',  ( 1.724879451465787900, 7.991421356237305300, -2.017022719215251200 ) ) ;
#2737 = ORIENTED_EDGE ( 'NONE', *, *, #2752, .T. ) ;
#2738 = EDGE_LOOP ( 'NONE', ( #229, #309 ) ) ;
#2739 = ORIENTED_EDGE ( 'NONE', *, *, #431, .T. ) ;
#2740 = EDGE_CURVE ( 'NONE', #5817, #814, #1825, .T. ) ;
#2741 = B_SPLINE_CURVE_WITH_KNOTS ( 'NONE', 3,
 ( #4395, #734, #4752, #2947, #2556, #2115, #2071, #1636, #265, #1066 ),
 .UNSPECIFIED., .F., .F.,
 ( 4, 2, 2, 2, 4 ),
 ( 0.0007884947729354329300, 0.0009854209005339203100, 0.001182347028132407700, 0.001379273155730895100, 0.001576199283329382400 ),
 .UNSPECIFIED. ) ;
#2742 = CARTESIAN_POINT ( 'NONE',  ( 1.636615942466832100, 0.6434418171282997300, 1.499682207976279000 ) ) ;
#2743 = CARTESIAN_POINT ( 'NONE',  ( -3.193835084015663700, -1.277740364410393500, 2.491722877466675100 ) ) ;
#2744 = EDGE_LOOP ( 'NONE', ( #2652, #1394 ) ) ;
#2745 = CARTESIAN_POINT ( 'NONE',  ( -7.180779144684000100, 8.082668874371306600E-017, -0.6599999999999000000 ) ) ;
#2746 = LINE ( 'NONE', #219, #2803 ) ;
#2747 = CARTESIAN_POINT ( 'NONE',  ( -0.6500000000008026000, 7.882012196147732300, -2.107292600198559900 ) ) ;
#2748 = EDGE_LOOP ( 'NONE', ( #3689, #5343, #5420, #1300, #2858 ) ) ;
#2749 = ORIENTED_EDGE ( 'NONE', *, *, #4695, .T. ) ;
#2750 = ORIENTED_EDGE ( 'NONE', *, *, #209, .F. ) ;
#2751 = CARTESIAN_POINT ( 'NONE',  ( -0.4386094557178187300, 0.7000000000000000700, 2.155834350165873200 ) ) ;
#2752 = EDGE_CURVE ( 'NONE', #571, #138, #1487, .T. ) ;
#2753 = CARTESIAN_POINT ( 'NONE',  ( -5.738155578050000600, 2.933029083957911200E-016, -2.395000000000000000 ) ) ;
#2754 = PERSON_AND_ORGANIZATION_ROLE ( 'design_supplier' ) ;
#2755 = ADVANCED_FACE ( 'NONE', ( #1503, #1320 ), #5720, .T. ) ;
#2756 = CARTESIAN_POINT ( 'NONE',  ( 0.9871950247085982100, 4.139394236072687900, 1.383996381205743600 ) ) ;
#2757 = CARTESIAN_POINT ( 'NONE',  ( -1.333552132493655000, 4.139394236072632800, 1.061001517158460400 ) ) ;
#2758 = ADVANCED_FACE ( 'NONE', ( #1495 ), #1481, .F. ) ;
#2759 = CARTESIAN_POINT ( 'NONE',  ( 1.531918373415776900, 0.6434418171282997300, 1.613939555122981600 ) ) ;
#2760 = CARTESIAN_POINT ( 'NONE',  ( -3.116780642481614500, -1.685033351704130900, -2.482071961975765200 ) ) ;
#2761 = CARTESIAN_POINT ( 'NONE',  ( -3.376216086873060200, -1.351197731233707100, 2.452442486007533300 ) ) ;
#2762 = LINE ( 'NONE', #1395, #2689 ) ;
#2763 = EDGE_CURVE ( 'NONE', #356, #423, #1835, .T. ) ;
#2764 = CARTESIAN_POINT ( 'NONE',  ( -5.180779144684002800, 5.510910596160485100E-017, 0.4499999999997873500 ) ) ;
#2765 = DIRECTION ( 'NONE',  ( 0.0000000000000000000, 0.0000000000000000000, 1.000000000000000000 ) ) ;
#2766 = EDGE_LOOP ( 'NONE', ( #2140, #5498 ) ) ;
#2767 = CARTESIAN_POINT ( 'NONE',  ( -0.4056963721432996800, 1.171318190597629300, 1.994061376020135800 ) ) ;
#2768 = DIRECTION ( 'NONE',  ( 0.0000000000000000000, 1.000000000000000000, 0.0000000000000000000 ) ) ;
#2769 = PERSON_AND_ORGANIZATION_ROLE ( 'creator' ) ;
#2770 = EDGE_CURVE ( 'NONE', #3238, #3960, #4333, .T. ) ;
#2771 = CARTESIAN_POINT ( 'NONE',  ( 1.083816199459503200, 4.139394236072687900, 1.315077167043857900 ) ) ;
#2772 = LOCAL_TIME ( 14, 32, 24.00000000000000000, #2775 ) ;
#2773 = CARTESIAN_POINT ( 'NONE',  ( -1.404533707256429200, 4.139394236072632800, 0.9650754243433207200 ) ) ;
#2774 = CARTESIAN_POINT ( 'NONE',  ( 0.6499999999991347100, 7.952046688074719100, -2.230450951978986600 ) ) ;
#2775 = COORDINATED_UNIVERSAL_TIME_OFFSET ( 8, 0, .BEHIND. ) ;
#2776 = CARTESIAN_POINT ( 'NONE',  ( -4.500000000000000900, 7.750000000000000000, 0.0000000000000000000 ) ) ;
#2777 = DIRECTION ( 'NONE',  ( 0.0000000000000000000, 1.000000000000000000, -0.0000000000000000000 ) ) ;
#2778 = DIRECTION ( 'NONE',  ( 0.0000000000000000000, 0.0000000000000000000, -1.000000000000000000 ) ) ;
#2779 = APPROVAL_PERSON_ORGANIZATION ( #2780, #1136, #2833 ) ;
#2780 = PERSON_AND_ORGANIZATION ( #4182, #5189 ) ;
#2781 = DIRECTION ( 'NONE',  ( -1.000000000000000000, 0.0000000000000000000, 0.0000000000000000000 ) ) ;
#2782 = DIRECTION ( 'NONE',  ( -0.9731906288081462200, 0.0000000000000000000, 0.2300000000000108600 ) ) ;
#2783 = EDGE_LOOP ( 'NONE', ( #3746, #4926, #2504, #2136 ) ) ;
#2784 = ADVANCED_FACE ( 'NONE', ( #1423 ), #1707, .T. ) ;
#2785 = ORIENTED_EDGE ( 'NONE', *, *, #5377, .F. ) ;
#2786 = CARTESIAN_POINT ( 'NONE',  ( -7.180779144684000100, 6.123233995736766000E-017, -0.5000000000000000000 ) ) ;
#2787 = DIRECTION ( 'NONE',  ( 0.0000000000000000000, 1.000000000000000000, 0.0000000000000000000 ) ) ;
#2788 = PERSON_AND_ORGANIZATION_ROLE ( 'design_owner' ) ;
#2789 = DIRECTION ( 'NONE',  ( -1.000000000000000000, 0.0000000000000000000, 0.0000000000000000000 ) ) ;
#2790 = CARTESIAN_POINT ( 'NONE',  ( 1.173190812660755500, 4.139394236072687900, 1.236005188734795100 ) ) ;
#2791 = ORIENTED_EDGE ( 'NONE', *, *, #4419, .F. ) ;
#2792 = ORIENTED_EDGE ( 'NONE', *, *, #978, .T. ) ;
#2793 = LINE ( 'NONE', #3815, #3684 ) ;
#2794 = AXIS2_PLACEMENT_3D ( 'NONE', #5631, #5220, #4761 ) ;
#2795 = SECURITY_CLASSIFICATION ( '', '', #51 ) ;
#2796 = CC_DESIGN_PERSON_AND_ORGANIZATION_ASSIGNMENT ( #475, #4207, ( #1212 ) ) ;
#2797 = VERTEX_POINT ( 'NONE', #5774 ) ;
#2798 = CARTESIAN_POINT ( 'NONE',  ( -3.007077320351383000, -1.314002179498506200, -2.472787212312486500 ) ) ;
#2799 = CARTESIAN_POINT ( 'NONE',  ( 0.6500000000000003600, 7.950000000000000200, -2.206241147291500700 ) ) ;
#2800 = ORIENTED_EDGE ( 'NONE', *, *, #2438, .F. ) ;
#2801 = ORIENTED_EDGE ( 'NONE', *, *, #5490, .T. ) ;
#2802 = CARTESIAN_POINT ( 'NONE',  ( -17.68077914467999900, 0.0000000000000000000, 0.0000000000000000000 ) ) ;
#2803 = VECTOR ( 'NONE', #3466, 1000.000000000000000 ) ;
#2804 = EDGE_LOOP ( 'NONE', ( #1623, #5841, #5554, #2208 ) ) ;
#2805 = EDGE_LOOP ( 'NONE', ( #5223, #2664, #1198, #2665 ) ) ;
#2806 = CARTESIAN_POINT ( 'NONE',  ( -0.6500000000000001300, 9.250000000000000000, -2.310303010429791900 ) ) ;
#2807 = PLANE ( 'NONE',  #3534 ) ;
#2808 = CARTESIAN_POINT ( 'NONE',  ( -2.680779144684000100, 0.6599999999999000000, 0.0000000000000000000 ) ) ;
#2809 = ORIENTED_EDGE ( 'NONE', *, *, #5406, .T. ) ;
#2810 = ORIENTED_EDGE ( 'NONE', *, *, #2971, .F. ) ;
#2811 = DATE_TIME_ROLE ( 'classification_date' ) ;
#2812 = CARTESIAN_POINT ( 'NONE',  ( -3.487794584502692500, 2.799969938772675100, -0.01343005797876041200 ) ) ;
#2813 = ORIENTED_EDGE ( 'NONE', *, *, #2877, .F. ) ;
#2814 = ADVANCED_FACE ( 'NONE', ( #1472 ), #4532, .F. ) ;
#2815 = VERTEX_POINT ( 'NONE', #2715 ) ;
#2816 = CARTESIAN_POINT ( 'NONE',  ( 1.253371472577206500, 4.139394236072687900, 1.148503352946628900 ) ) ;
#2817 = CARTESIAN_POINT ( 'NONE',  ( -1.464769572750584100, 4.139394236072632800, 0.8628152170332097400 ) ) ;
#2818 = LINE ( 'NONE', #2551, #2622 ) ;
#2819 = CARTESIAN_POINT ( 'NONE',  ( -2.988543345679084000, -1.488561698856745600, -2.604646630289825900 ) ) ;
#2820 = AXIS2_PLACEMENT_3D ( 'NONE', #2172, #5304, #2659 ) ;
#2821 = DIRECTION ( 'NONE',  ( -0.0000000000000000000, -1.000000000000000000, -0.0000000000000000000 ) ) ;
#2822 = CARTESIAN_POINT ( 'NONE',  ( -3.310983407731535400, -1.186909959885159600, -2.536773230072084200 ) ) ;
#2823 = CARTESIAN_POINT ( 'NONE',  ( -7.238155578049999800, 0.0000000000000000000, 0.0000000000000000000 ) ) ;
#2824 = DIRECTION ( 'NONE',  ( 0.0000000000000000000, 1.000000000000000000, 0.0000000000000000000 ) ) ;
#2825 = CARTESIAN_POINT ( 'NONE',  ( 0.0000000000000000000, 9.449999999999999300, 0.0000000000000000000 ) ) ;
#2826 = ORIENTED_EDGE ( 'NONE', *, *, #1584, .F. ) ;
#2827 = AXIS2_PLACEMENT_3D ( 'NONE', #1502, #4653, #1949 ) ;
#2828 = ORIENTED_EDGE ( 'NONE', *, *, #5706, .T. ) ;
#2829 = CARTESIAN_POINT ( 'NONE',  ( -0.3807169516091248300, 1.656567835938057300, 1.871283601549508200 ) ) ;
#2830 = PLANE ( 'NONE',  #4678 ) ;
#2831 = FACE_OUTER_BOUND ( 'NONE', #5205, .T. ) ;
#2832 = DIRECTION ( 'NONE',  ( 1.000000000000000000, 0.0000000000000000000, -0.0000000000000000000 ) ) ;
#2833 = APPROVAL_ROLE ( '' ) ;
#2834 = DIRECTION ( 'NONE',  ( 1.000000000000000000, -0.0000000000000000000, -0.0000000000000000000 ) ) ;
#2835 = AXIS2_PLACEMENT_3D ( 'NONE', #3409, #608, #3837 ) ;
#2836 = CARTESIAN_POINT ( 'NONE',  ( -0.3389254885092495800, 3.639999999999967300, 1.665871997855407300 ) ) ;
#2837 = VERTEX_POINT ( 'NONE', #395 ) ;
#2838 = CARTESIAN_POINT ( 'NONE',  ( -2.999085936548897100, -1.336849340526598900, -2.460321826760142100 ) ) ;
#2839 = DIRECTION ( 'NONE',  ( 0.0000000000000000000, 0.0000000000000000000, 1.000000000000000000 ) ) ;
#2840 = CARTESIAN_POINT ( 'NONE',  ( -3.487794584502677400, -1.411615740770365800, -2.418130067820462700 ) ) ;
#2841 = EDGE_LOOP ( 'NONE', ( #191, #129, #1732, #2584 ) ) ;
#2842 = DIRECTION ( 'NONE',  ( 0.8616291604415209400, -0.0000000000000000000, 0.5075383629607123100 ) ) ;
#2843 = EDGE_CURVE ( 'NONE', #3019, #739, #1418, .T. ) ;
#2844 = CARTESIAN_POINT ( 'NONE',  ( -2.239583333333100300, 7.750000000000000900, 1.110975469151049800 ) ) ;
#2845 = ADVANCED_FACE ( 'NONE', ( #1397 ), #1349, .T. ) ;
#2846 = EDGE_CURVE ( 'NONE', #3238, #1248, #4621, .T. ) ;
#2847 = DIRECTION ( 'NONE',  ( 0.0000000000000000000, 1.000000000000000000, 0.0000000000000000000 ) ) ;
#2848 = CARTESIAN_POINT ( 'NONE',  ( -3.090899133123616400, -1.428317091884156300, 2.408376935118136800 ) ) ;
#2849 = DIRECTION ( 'NONE',  ( 0.2300000000000102800, -0.0000000000000000000, -0.9731906288081462200 ) ) ;
#2850 = CARTESIAN_POINT ( 'NONE',  ( -15.23815557805000000, 0.0000000000000000000, 0.0000000000000000000 ) ) ;
#2851 = DATE_AND_TIME ( #2856, #2918 ) ;
#2852 = APPROVAL_STATUS ( 'not_yet_approved' ) ;
#2853 = CARTESIAN_POINT ( 'NONE',  ( -3.221670929945074300, 2.789474650100820100, -0.2511353686651324700 ) ) ;
#2854 = EDGE_CURVE ( 'NONE', #3237, #5480, #1429, .T. ) ;
#2855 = CARTESIAN_POINT ( 'NONE',  ( -0.4552252936266580900, 3.639999999999967300, 1.642210535081741300 ) ) ;
#2856 = CALENDAR_DATE ( 2016, 15, 9 ) ;
#2857 = CARTESIAN_POINT ( 'NONE',  ( 2.183621268883680700, 7.728087059751205200, 1.083214733535064800 ) ) ;
#2858 = ORIENTED_EDGE ( 'NONE', *, *, #4708, .F. ) ;
#2859 = CARTESIAN_POINT ( 'NONE',  ( -3.019410960405843900, -1.291843986120473600, -2.484474919460117900 ) ) ;
#2860 = DIRECTION ( 'NONE',  ( -1.000000000000000000, 0.0000000000000000000, 0.0000000000000000000 ) ) ;
#2861 = DIRECTION ( 'NONE',  ( -1.000000000000000000, 0.0000000000000000000, 0.0000000000000000000 ) ) ;
#2862 = DIRECTION ( 'NONE',  ( -1.000000000000000000, 0.0000000000000000000, 0.0000000000000000000 ) ) ;
#2863 = AXIS2_PLACEMENT_3D ( 'NONE', #63, #3326, #522 ) ;
#2864 = ORIENTED_EDGE ( 'NONE', *, *, #4128, .F. ) ;
#2865 = CARTESIAN_POINT ( 'NONE',  ( -0.3640241188313868000, 2.148893028652830500, 1.789235707153516500 ) ) ;
#2866 = ORIENTED_EDGE ( 'NONE', *, *, #399, .F. ) ;
#2867 = DIRECTION ( 'NONE',  ( 0.0000000000000000000, 0.0000000000000000000, 1.000000000000000000 ) ) ;
#2868 = EDGE_LOOP ( 'NONE', ( #5612, #5794 ) ) ;
#2869 =( REPRESENTATION_RELATIONSHIP ('NONE','NONE', #3044, #2990 ) REPRESENTATION_RELATIONSHIP_WITH_TRANSFORMATION ( #1594 )SHAPE_REPRESENTATION_RELATIONSHIP( ) );
#2870 = CARTESIAN_POINT ( 'NONE',  ( -1.588155578050000100, 0.0000000000000000000, 0.0000000000000000000 ) ) ;
#2871 = CARTESIAN_POINT ( 'NONE',  ( 0.5000000000043876000, 13.84999999999993600, 2.373887304911560700 ) ) ;
#2872 = CARTESIAN_POINT ( 'NONE',  ( -0.5690345365640164800, 3.639999999999967300, 1.606326618620357100 ) ) ;
#2873 = EDGE_LOOP ( 'NONE', ( #3556, #3161 ) ) ;
#2874 = CC_DESIGN_PERSON_AND_ORGANIZATION_ASSIGNMENT ( #3609, #903, ( #1899 ) ) ;
#2875 = EDGE_LOOP ( 'NONE', ( #2723, #1525 ) ) ;
#2876 = ORIENTED_EDGE ( 'NONE', *, *, #1296, .F. ) ;
#2877 = EDGE_CURVE ( 'NONE', #2576, #5001, #1404, .T. ) ;
#2878 = CARTESIAN_POINT ( 'NONE',  ( -3.170786061005175700, -1.286922153996934400, -2.709953870405736000 ) ) ;
#2879 = CARTESIAN_POINT ( 'NONE',  ( -6.238155578049999800, 0.0000000000000000000, 0.0000000000000000000 ) ) ;
#2880 = CARTESIAN_POINT ( 'NONE',  ( -3.488204135338866000, -1.448313799575899000, 2.512448430358485300 ) ) ;
#2881 = DIRECTION ( 'NONE',  ( 0.0000000000000000000, 1.000000000000000000, 0.0000000000000000000 ) ) ;
#2882 = CIRCLE ( 'NONE', #4185, 2.400000000000040300 ) ;
#2883 = B_SPLINE_CURVE_WITH_KNOTS ( 'NONE', 3,
 ( #3729, #1922, #2420, #5516, #2902, #86, #3347, #544, #3777, #1019, #4220, #1498, #4643, #1945, #5105, #2445, #5535, #2921 ),
 .UNSPECIFIED., .F., .F.,
 ( 4, 2, 2, 2, 2, 2, 2, 2, 4 ),
 ( 0.0000000000000000000, 0.1250000000000000000, 0.2500000000000000000, 0.3750000000000000000, 0.5000000000000000000, 0.6250000000000000000, 0.7500000000000000000, 0.8750000000000000000, 1.000000000000000000 ),
 .UNSPECIFIED. ) ;
#2884 = EDGE_LOOP ( 'NONE', ( #4447, #1079, #5784 ) ) ;
#2885 = DIRECTION ( 'NONE',  ( -0.0000000000000000000, -1.000000000000000000, -0.0000000000000000000 ) ) ;
#2886 = ORIENTED_EDGE ( 'NONE', *, *, #4235, .F. ) ;
#2887 = EDGE_CURVE ( 'NONE', #417, #1460, #1408, .T. ) ;
#2888 = VERTEX_POINT ( 'NONE', #4204 ) ;
#2889 = CARTESIAN_POINT ( 'NONE',  ( -0.3473312860536487100, 2.641218221367604500, 1.707187812757524800 ) ) ;
#2890 = EDGE_LOOP ( 'NONE', ( #2791, #3143, #3224, #4087 ) ) ;
#2891 = DIRECTION ( 'NONE',  ( 0.0000000000000000000, 1.000000000000000000, 0.0000000000000000000 ) ) ;
#2892 = CARTESIAN_POINT ( 'NONE',  ( -3.486284461173812400, 2.799844245856295500, -0.04150700085245564300 ) ) ;
#2893 = CARTESIAN_POINT ( 'NONE',  ( -0.6778734171729246000, 3.639999999999967300, 1.559002126454707600 ) ) ;
#2894 = VECTOR ( 'NONE', #4105, 1000.000000000000000 ) ;
#2895 = MANIFOLD_SOLID_BREP ( 'Cut-Extrude4', #963 ) ;
#2896 = DIRECTION ( 'NONE',  ( 0.0000000000000000000, 0.0000000000000000000, 1.000000000000000000 ) ) ;
#2897 = PLANE ( 'NONE',  #5235 ) ;
#2898 = CARTESIAN_POINT ( 'NONE',  ( -3.198206370688885200, -1.279907175950252300, -2.713285192322205200 ) ) ;
#2899 = AXIS2_PLACEMENT_3D ( 'NONE', #3572, #325, #770 ) ;
#2900 = DIRECTION ( 'NONE',  ( 0.009928975696852814600, 0.0000000000000000000, 0.9999507065058813600 ) ) ;
#2901 = CARTESIAN_POINT ( 'NONE',  ( 1.333552132493657200, 4.139394236072687900, 1.061001517158462600 ) ) ;
#2902 = CARTESIAN_POINT ( 'NONE',  ( -2.238155578050000200, 1.843640159924744500, 2.399000527194540900 ) ) ;
#2903 = CARTESIAN_POINT ( 'NONE',  ( -2.199848535029894900, 7.849999999999999600, 0.02581516854147041000 ) ) ;
#2904 = FACE_OUTER_BOUND ( 'NONE', #4858, .T. ) ;
#2905 = DIRECTION ( 'NONE',  ( 0.0000000000000000000, 1.000000000000000000, 0.0000000000000000000 ) ) ;
#2906 = CARTESIAN_POINT ( 'NONE',  ( -1.238155578050000000, 1.215420335064819800, 2.742763826712029100 ) ) ;
#2907 = CIRCLE ( 'NONE', #1492, 2.395000000000000000 ) ;
#2908 = PERSON_AND_ORGANIZATION_ROLE ( 'classification_officer' ) ;
#2909 = CARTESIAN_POINT ( 'NONE',  ( 0.2601205966161853100, 13.40304093875502800, 2.393861170737057200 ) ) ;
#2910 = AXIS2_PLACEMENT_3D ( 'NONE', #749, #5296, #2650 ) ;
#2911 = CARTESIAN_POINT ( 'NONE',  ( -0.7867122977818330500, 3.639999999999967300, 1.511677634289058300 ) ) ;
#2912 = CC_DESIGN_APPROVAL ( #2605, ( #1638 ) ) ;
#2913 = CARTESIAN_POINT ( 'NONE',  ( 1.404533707256432100, 4.139394236072687900, 0.9650754243433226100 ) ) ;
#2914 = CARTESIAN_POINT ( 'NONE',  ( -3.486284461173812400, 2.999847357563997900, -0.04150700085245564300 ) ) ;
#2915 = CARTESIAN_POINT ( 'NONE',  ( -3.007077320351272400, 2.798497633762315300, 0.09843433808201326700 ) ) ;
#2916 = DIRECTION ( 'NONE',  ( 0.0000000000000000000, 0.0000000000000000000, 1.000000000000000000 ) ) ;
#2917 = CARTESIAN_POINT ( 'NONE',  ( -1.150000000000164000, 9.250000000000000000, 2.465953144040758700 ) ) ;
#2918 = LOCAL_TIME ( 14, 32, 24.00000000000000000, #2919 ) ;
#2919 = COORDINATED_UNIVERSAL_TIME_OFFSET ( 8, 0, .BEHIND. ) ;
#2920 = PLANE ( 'NONE',  #4607 ) ;
#2921 = CARTESIAN_POINT ( 'NONE',  ( -2.238155578050000200, 3.551475717527324300E-016, -2.900000000000000800 ) ) ;
#2922 = CARTESIAN_POINT ( 'NONE',  ( 2.251478872112834900, 7.849999999999999600, 4.373881901518318600 ) ) ;
#2923 = PERSON_AND_ORGANIZATION ( #4182, #5189 ) ;
#2924 = APPROVAL_DATE_TIME ( #2997, #5466 ) ;
#2925 = VERTEX_POINT ( 'NONE', #2404 ) ;
#2926 = PRODUCT_DEFINITION_SHAPE ( 'NONE', 'NONE',  #5849 ) ;
#2927 = DIRECTION ( 'NONE',  ( 1.000000000000000000, -0.0000000000000000000, -0.0000000000000000000 ) ) ;
#2928 = ORIENTED_EDGE ( 'NONE', *, *, #1979, .T. ) ;
#2929 = CARTESIAN_POINT ( 'NONE',  ( -3.424156022742610000, 2.795351030112236400, -0.1669497121987768600 ) ) ;
#2930 = CARTESIAN_POINT ( 'NONE',  ( 0.4468834982659502500, 13.58974960866401500, 2.380069328792415300 ) ) ;
#2931 = ORIENTED_EDGE ( 'NONE', *, *, #4136, .T. ) ;
#2932 = CARTESIAN_POINT ( 'NONE',  ( -0.8905738499576920700, 3.639999999999967300, 1.452915595367628500 ) ) ;
#2933 = CARTESIAN_POINT ( 'NONE',  ( 1.464769572750586900, 4.139394236072687900, 0.8628152170332114000 ) ) ;
#2934 = CARTESIAN_POINT ( 'NONE',  ( -3.405224287103615100, 2.794165968246568300, -0.1882116612299256100 ) ) ;
#2935 = CARTESIAN_POINT ( 'NONE',  ( -3.144498528597477400, 2.990946735831103300, 0.2330486323633339000 ) ) ;
#2936 = DIRECTION ( 'NONE',  ( -1.000000000000000000, 0.0000000000000000000, 0.0000000000000000000 ) ) ;
#2937 = EDGE_LOOP ( 'NONE', ( #5614, #2828, #1385 ) ) ;
#2938 = CARTESIAN_POINT ( 'NONE',  ( -0.6299199387970589900, 7.849999999999999600, -2.522538576653667400 ) ) ;
#2939 = DIRECTION ( 'NONE',  ( 0.0000000000000000000, 0.0000000000000000000, 1.000000000000000000 ) ) ;
#2940 = FACE_OUTER_BOUND ( 'NONE', #2577, .T. ) ;
#2941 = AXIS2_PLACEMENT_3D ( 'NONE', #4976, #408, #2302 ) ;
#2942 = CARTESIAN_POINT ( 'NONE',  ( 2.299841650258516600, 7.949999999999998400, -0.02698858529335502300 ) ) ;
#2943 = VERTEX_POINT ( 'NONE', #2425 ) ;
#2944 = DIRECTION ( 'NONE',  ( 0.0000000000000000000, 0.0000000000000000000, 1.000000000000000000 ) ) ;
#2945 = VERTEX_POINT ( 'NONE', #5086 ) ;
#2946 = AXIS2_PLACEMENT_3D ( 'NONE', #4946, #2270, #3622 ) ;
#2947 = CARTESIAN_POINT ( 'NONE',  ( -3.356233269948093200, 2.991506563844146300, -0.2298494484592750700 ) ) ;
#2948 = DIRECTION ( 'NONE',  ( -1.000000000000000000, 0.0000000000000000000, 0.0000000000000000000 ) ) ;
#2949 = CARTESIAN_POINT ( 'NONE',  ( -3.261795467239928700, -1.665537279927642000, 2.382807565578534800 ) ) ;
#2950 = DIRECTION ( 'NONE',  ( -1.000000000000000000, 0.0000000000000000000, 0.0000000000000000000 ) ) ;
#2951 = CIRCLE ( 'NONE', #3896, 0.5000000000000000000 ) ;
#2952 = CARTESIAN_POINT ( 'NONE',  ( 0.4999999999999044700, 13.71942578155828800, 2.373887304912039000 ) ) ;
#2953 = EDGE_LOOP ( 'NONE', ( #9, #4157 ) ) ;
#2954 = EDGE_LOOP ( 'NONE', ( #665, #732, #1192, #4980, #5291, #2185 ) ) ;
#2955 = CARTESIAN_POINT ( 'NONE',  ( -0.9871950247085973200, 3.639999999999967300, 1.383996381205742500 ) ) ;
#2956 = CARTESIAN_POINT ( 'NONE',  ( 0.3473312860536488800, 4.638781778632381500, 1.707187812757522600 ) ) ;
#2957 = ORIENTED_EDGE ( 'NONE', *, *, #1383, .F. ) ;
#2958 = CARTESIAN_POINT ( 'NONE',  ( -3.221670929945074300, 2.989477761808522400, -0.2511353686651324700 ) ) ;
#2959 = EDGE_CURVE ( 'NONE', #2797, #1021, #1766, .T. ) ;
#2960 = CARTESIAN_POINT ( 'NONE',  ( -3.310983407731264500, 2.790365040822445400, 0.2404924377706600700 ) ) ;
#2961 = CARTESIAN_POINT ( 'NONE',  ( -3.144498528597740700, -1.293647331971461900, -2.706760170777653400 ) ) ;
#2962 = ORIENTED_EDGE ( 'NONE', *, *, #4422, .F. ) ;
#2963 = CARTESIAN_POINT ( 'NONE',  ( 0.4665154791838032600, 4.638781778632381500, 1.682939514610233300 ) ) ;
#2964 = EDGE_CURVE ( 'NONE', #1185, #2258, #1353, .T. ) ;
#2965 = CARTESIAN_POINT ( 'NONE',  ( -3.170786061004902600, 2.790346860146112100, 0.2404696571483167800 ) ) ;
#2966 = FACE_OUTER_BOUND ( 'NONE', #1458, .T. ) ;
#2967 = DIRECTION ( 'NONE',  ( -1.000000000000000000, 0.0000000000000000000, 0.0000000000000000000 ) ) ;
#2968 = CARTESIAN_POINT ( 'NONE',  ( -0.6499999999999872500, 7.967055169054906300, -2.264413512351904700 ) ) ;
#2969 = B_SPLINE_CURVE_WITH_KNOTS ( 'NONE', 3,
 ( #228, #3495, #5254, #2608, #5679, #3085, #268, #3516, #724, #3951, #1197, #4386, #1659, #4818, #2144, #5275, #2626, #5699 ),
 .UNSPECIFIED., .F., .F.,
 ( 4, 2, 2, 2, 2, 2, 2, 2, 4 ),
 ( 0.0000000000000000000, 0.1250000000000000000, 0.2500000000000000000, 0.3750000000000000000, 0.5000000000000000000, 0.6250000000000000000, 0.7500000000000000000, 0.8750000000000000000, 1.000000000000000000 ),
 .UNSPECIFIED. ) ;
#2970 = EDGE_CURVE ( 'NONE', #2103, #4863, #1344, .T. ) ;
#2971 = EDGE_CURVE ( 'NONE', #1946, #5212, #1754, .T. ) ;
#2972 = VECTOR ( 'NONE', #1372, 1000.000000000000000 ) ;
#2973 = CARTESIAN_POINT ( 'NONE',  ( -3.458364079663783600, -1.516737040334792200, 2.354828115779068500 ) ) ;
#2974 = CARTESIAN_POINT ( 'NONE',  ( -3.356994986764430000, 2.791943002141585900, -0.2197204403956552500 ) ) ;
#2975 = CARTESIAN_POINT ( 'NONE',  ( -0.1307275093575419900, 13.35004748313019900, 2.399995053840959800 ) ) ;
#2976 = CARTESIAN_POINT ( 'NONE',  ( -1.083816199459502400, 3.639999999999967300, 1.315077167043856800 ) ) ;
#2977 = VECTOR ( 'NONE', #3303, 1000.000000000000000 ) ;
#2978 = CARTESIAN_POINT ( 'NONE',  ( 0.5831473409186460600, 4.638781778632381500, 1.646165629860535400 ) ) ;
#2979 = CARTESIAN_POINT ( 'NONE',  ( -3.068973815973483600, 2.794288481321698400, -0.1862663136146500100 ) ) ;
#2980 = CARTESIAN_POINT ( 'NONE',  ( -3.458821134815539500, 2.997718728291589600, 0.1170516214812076200 ) ) ;
#2981 = CARTESIAN_POINT ( 'NONE',  ( -3.096514028779997500, -1.218149745097889800, -2.521694035995647000 ) ) ;
#2982 = CARTESIAN_POINT ( 'NONE',  ( -15.03815557810020000, 0.0000000000000000000, 0.0000000000000000000 ) ) ;
#2983 = CARTESIAN_POINT ( 'NONE',  ( 0.6946855688070452400, 4.638781778632381500, 1.597667428093446400 ) ) ;
#2984 = CARTESIAN_POINT ( 'NONE',  ( -1.173190812660754400, 3.639999999999967300, 1.236005188734794500 ) ) ;
#2985 = CIRCLE ( 'NONE', #540, 2.200000000000000200 ) ;
#2986 = CARTESIAN_POINT ( 'NONE',  ( -3.471537303023774200, 2.798660466987578800, 0.09285381221859111100 ) ) ;
#2987 = CARTESIAN_POINT ( 'NONE',  ( -3.007462250551401700, -1.582044339631531300, 2.548951621394850900 ) ) ;
#2988 = DIRECTION ( 'NONE',  ( 0.0000000000000000000, 0.0000000000000000000, 1.000000000000000000 ) ) ;
#2989 = CIRCLE ( 'NONE', #2710, 2.400000000000199800 ) ;
#2990 = SHAPE_REPRESENTATION ( '50-00045 spring contact', ( #3218 ), #2602 ) ;
#2991 = CARTESIAN_POINT ( 'NONE',  ( 2.587645004932706900, 7.849999999999998800, -1.257184721234978900 ) ) ;
#2992 = DIRECTION ( 'NONE',  ( -1.000000000000000000, 0.0000000000000000000, 0.0000000000000000000 ) ) ;
#2993 = CARTESIAN_POINT ( 'NONE',  ( 0.1303640345558776100, 13.34995258292679300, 2.400004939278162400 ) ) ;
#2994 = APPROVAL ( #2288, 'UNSPECIFIED' ) ;
#2995 = CARTESIAN_POINT ( 'NONE',  ( -1.253371472577205400, 3.639999999999967300, 1.148503352946628000 ) ) ;
#2996 = EDGE_CURVE ( 'NONE', #2511, #4938, #1750, .T. ) ;
#2997 = DATE_AND_TIME ( #2999, #3006 ) ;
#2998 = CARTESIAN_POINT ( 'NONE',  ( 0.8062237966954445300, 4.638781778632381500, 1.549169226326357200 ) ) ;
#2999 = CALENDAR_DATE ( 2016, 15, 9 ) ;
#3000 = CARTESIAN_POINT ( 'NONE',  ( -2.988506319570679800, 2.999978808734198800, -0.01207548152440075800 ) ) ;
#3001 = CARTESIAN_POINT ( 'NONE',  ( -3.487794584502692500, 2.799969938769825400, -0.01343005797876033400 ) ) ;
#3002 = CARTESIAN_POINT ( 'NONE',  ( -3.007077320351383000, -1.314002179497080400, -2.472787212310017400 ) ) ;
#3003 = CARTESIAN_POINT ( 'NONE',  ( -2.988543345728947600, -1.388560914192388900, -2.431440205975711400 ) ) ;
#3004 = B_SPLINE_CURVE_WITH_KNOTS ( 'NONE', 3,
 ( #4956, #3735, #3549, #3333, #3312, #3246, #3207, #3121, #2889, #2865, #2829, #2767, #2751 ),
 .UNSPECIFIED., .F., .F.,
 ( 4, 3, 3, 3, 4 ),
 ( 7.063142377787515200E-018, 0.001491056770728884900, 0.002982113541457766400, 0.004473170312186648300, 0.005964227082915525900 ),
 .UNSPECIFIED. ) ;
#3005 = DIRECTION ( 'NONE',  ( 0.1993679344172056800, 0.0000000000000000000, -0.9799247046208279200 ) ) ;
#3006 = LOCAL_TIME ( 14, 32, 24.00000000000000000, #3072 ) ;
#3007 = CARTESIAN_POINT ( 'NONE',  ( -1.333552132493656300, 3.639999999999967300, 1.061001517158461700 ) ) ;
#3008 = CARTESIAN_POINT ( 'NONE',  ( 0.5000000000000766100, 13.71945992558387700, 2.574937185533115800 ) ) ;
#3009 = ORIENTED_EDGE ( 'NONE', *, *, #2959, .F. ) ;
#3010 = CARTESIAN_POINT ( 'NONE',  ( -3.119316169458281600, -1.635954265085531900, 2.394115025067321800 ) ) ;
#3011 = CARTESIAN_POINT ( 'NONE',  ( -8.180779144683999200, 0.0000000000000000000, 0.0000000000000000000 ) ) ;
#3012 = ADVANCED_BREP_SHAPE_REPRESENTATION ( '', ( #2625, #2895, #3218 ), #3509 ) ;
#3013 = ORIENTED_EDGE ( 'NONE', *, *, #949, .T. ) ;
#3014 = CARTESIAN_POINT ( 'NONE',  ( 1.754737711849727400, 7.750000000000000000, -2.138436621192657800 ) ) ;
#3015 = CIRCLE ( 'NONE', #2835, 0.5000000000000000000 ) ;
#3016 = CARTESIAN_POINT ( 'NONE',  ( -0.2612720709068781500, 13.40420095505784200, 2.393775808301403400 ) ) ;
#3017 = CARTESIAN_POINT ( 'NONE',  ( -1.404533707256430800, 3.639999999999967300, 0.9650754243433218300 ) ) ;
#3018 = AXIS2_PLACEMENT_3D ( 'NONE', #3274, #2316, #460 ) ;
#3019 = VERTEX_POINT ( 'NONE', #3798 ) ;
#3020 = CARTESIAN_POINT ( 'NONE',  ( 0.9126612518642518400, 4.638781778632381500, 1.488949811612264600 ) ) ;
#3021 = CARTESIAN_POINT ( 'NONE',  ( 0.6113987657256281200, 14.69999999999999900, 2.360902388126572500 ) ) ;
#3022 = EDGE_LOOP ( 'NONE', ( #4883, #3683, #2739, #4715 ) ) ;
#3023 = DIRECTION ( 'NONE',  ( 1.000000000000000000, -0.0000000000000000000, -0.0000000000000000000 ) ) ;
#3024 = CARTESIAN_POINT ( 'NONE',  ( 0.4425590257467971200, 0.6434418171282997300, 2.175247107063298400 ) ) ;
#3025 = CARTESIAN_POINT ( 'NONE',  ( -3.303826428899814300, -1.664224713022432400, 2.383616801570494400 ) ) ;
#3026 = CARTESIAN_POINT ( 'NONE',  ( -1.018098267717673300, 0.6999999999999515500, 1.956288703197618600 ) ) ;
#3027 = DIRECTION ( 'NONE',  ( 0.0000000000000000000, 0.0000000000000000000, 1.000000000000000000 ) ) ;
#3028 = ORIENTED_EDGE ( 'NONE', *, *, #1753, .T. ) ;
#3029 = EDGE_LOOP ( 'NONE', ( #800, #1520, #94, #5368 ) ) ;
#3030 = CARTESIAN_POINT ( 'NONE',  ( -15.23815557805000000, 3.429011037674069600E-016, 2.800000000050202800 ) ) ;
#3031 = CARTESIAN_POINT ( 'NONE',  ( -3.309542942035702300, -1.703802664130327900, 2.469230647329464700 ) ) ;
#3032 = SHAPE_REPRESENTATION ( '50-00045 shell', ( #3218 ), #3509 ) ;
#3033 = CARTESIAN_POINT ( 'NONE',  ( 2.399924400003736700, 7.991421356237305300, 0.01904925895414297600 ) ) ;
#3034 = VECTOR ( 'NONE', #1120, 1000.000000000000000 ) ;
#3035 = AXIS2_PLACEMENT_3D ( 'NONE', #1504, #2002, #5091 ) ;
#3036 = AXIS2_PLACEMENT_3D ( 'NONE', #1494, #4641, #1942 ) ;
#3037 = ORIENTED_EDGE ( 'NONE', *, *, #2204, .T. ) ;
#3038 = DIRECTION ( 'NONE',  ( -0.0000000000000000000, -1.000000000000000000, -0.0000000000000000000 ) ) ;
#3039 = CC_DESIGN_DATE_AND_TIME_ASSIGNMENT ( #2553, #945, ( #2390 ) ) ;
#3040 = CARTESIAN_POINT ( 'NONE',  ( -3.332915737764789100, -1.696955508811540200, -2.473970078903870600 ) ) ;
#3041 = ORIENTED_EDGE ( 'NONE', *, *, #5501, .T. ) ;
#3042 = CARTESIAN_POINT ( 'NONE',  ( -0.4456979769546460200, 13.58855555686562700, 2.380157205430625900 ) ) ;
#3043 = LINE ( 'NONE', #897, #2972 ) ;
#3044 = SHAPE_REPRESENTATION ( '50-00045', ( #1210, #5268, #5544, #5823, #280 ), #576 ) ;
#3045 = ORIENTED_EDGE ( 'NONE', *, *, #1501, .T. ) ;
#3046 = CARTESIAN_POINT ( 'NONE',  ( -1.238155578050000000, -1.104000000000223900, 2.271315018279005400 ) ) ;
#3047 = EDGE_CURVE ( 'NONE', #2298, #928, #1711, .T. ) ;
#3048 = DIRECTION ( 'NONE',  ( 0.0000000000000000000, 0.0000000000000000000, 1.000000000000000000 ) ) ;
#3049 = DIRECTION ( 'NONE',  ( 0.0000000000000000000, 0.0000000000000000000, 1.000000000000000000 ) ) ;
#3050 = LINE ( 'NONE', #1486, #3117 ) ;
#3051 = CARTESIAN_POINT ( 'NONE',  ( 1.011678758732374100, 4.638781778632381500, 1.418321310362789000 ) ) ;
#3052 = CARTESIAN_POINT ( 'NONE',  ( -0.7363976355534381800, 0.6999999999999515500, 2.078775624096947300 ) ) ;
#3053 = EDGE_CURVE ( 'NONE', #1250, #3430, #5442, .T. ) ;
#3054 = DIRECTION ( 'NONE',  ( 0.0000000000000000000, 0.0000000000000000000, 1.000000000000000000 ) ) ;
#3055 = CARTESIAN_POINT ( 'NONE',  ( -3.483092149183014500, -1.403321900481676800, 2.537251746114711700 ) ) ;
#3056 = CARTESIAN_POINT ( 'NONE',  ( -3.444390901199451300, -1.572695137319908500, 2.436033910238402100 ) ) ;
#3057 = CIRCLE ( 'NONE', #3597, 0.5000000000000000000 ) ;
#3058 = EDGE_CURVE ( 'NONE', #2561, #3296, #1700, .T. ) ;
#3059 = CARTESIAN_POINT ( 'NONE',  ( 0.6499999999999988000, 7.843728986060829900, -2.517439175034820800 ) ) ;
#3060 = CYLINDRICAL_SURFACE ( 'NONE', #2118, 2.594999999999000100 ) ;
#3061 = CARTESIAN_POINT ( 'NONE',  ( -2.988397714842505600, -1.441557495260475500, 2.516341224857669500 ) ) ;
#3062 = VECTOR ( 'NONE', #3223, 1000.000000000000300 ) ;
#3063 = CARTESIAN_POINT ( 'NONE',  ( 0.0000000000000000000, 6.580000000000000100, 0.0000000000000000000 ) ) ;
#3064 = CARTESIAN_POINT ( 'NONE',  ( 0.5944199219977385200, 0.6434418171282997300, 2.144350658528499900 ) ) ;
#3065 = EDGE_CURVE ( 'NONE', #2326, #3019, #1566, .T. ) ;
#3066 = CARTESIAN_POINT ( 'NONE',  ( 1.110696265600495900, 4.638781778632381500, 1.347692809113313400 ) ) ;
#3067 = CARTESIAN_POINT ( 'NONE',  ( -0.7362818165676120500, 0.6999997927459277200, 2.078804192541464000 ) ) ;
#3068 = DIRECTION ( 'NONE',  ( 0.0000000000000000000, 1.000000000000000000, 0.0000000000000000000 ) ) ;
#3069 = CARTESIAN_POINT ( 'NONE',  ( -3.379797127210001100, -1.318151300881031500, 2.694901811608187100 ) ) ;
#3070 = ADVANCED_FACE ( 'NONE', ( #1562 ), #1632, .F. ) ;
#3071 = CARTESIAN_POINT ( 'NONE',  ( -3.488225812361083200, -1.495887294928336800, 2.600461415098780800 ) ) ;
#3072 = COORDINATED_UNIVERSAL_TIME_OFFSET ( 8, 0, .BEHIND. ) ;
#3073 = CARTESIAN_POINT ( 'NONE',  ( -3.315198801412988900, -1.182134365029605900, 2.540989365554892700 ) ) ;
#3074 = CARTESIAN_POINT ( 'NONE',  ( 0.5926516432884225700, 0.6622945447522068400, 2.137971650230729500 ) ) ;
#3075 = APPROVAL_PERSON_ORGANIZATION ( #3079, #5466, #1856 ) ;
#3076 = DIRECTION ( 'NONE',  ( 0.9799247046208279200, 0.0000000000000000000, -0.1993679344172056800 ) ) ;
#3077 = CARTESIAN_POINT ( 'NONE',  ( 0.4386094557178395500, 6.580000000000000100, 2.155834350165866100 ) ) ;
#3078 = VERTEX_POINT ( 'NONE', #1583 ) ;
#3079 = PERSON_AND_ORGANIZATION ( #4182, #5189 ) ;
#3080 = PERSON_AND_ORGANIZATION ( #4182, #5189 ) ;
#3081 = EDGE_CURVE ( 'NONE', #3636, #5400, #1698, .T. ) ;
#3082 = ORIENTED_EDGE ( 'NONE', *, *, #2104, .F. ) ;
#3083 = AXIS2_PLACEMENT_3D ( 'NONE', #2228, #1988, #2005 ) ;
#3084 = B_SPLINE_CURVE_WITH_KNOTS ( 'NONE', 3,
 ( #5021, #1886, #46, #3309, #494, #3728 ),
 .UNSPECIFIED., .F., .F.,
 ( 4, 2, 4 ),
 ( 5.446645842323702200E-017, 0.002982098262657482000, 0.005964196525314909400 ),
 .UNSPECIFIED. ) ;
#3085 = CARTESIAN_POINT ( 'NONE',  ( -7.238155578050000600, 2.399000527194540900, -1.843640159924744700 ) ) ;
#3086 = CARTESIAN_POINT ( 'NONE',  ( -0.1317639979563842400, 14.35010003590004300, 2.400010420403322400 ) ) ;
#3087 = CARTESIAN_POINT ( 'NONE',  ( -3.484872418925601500, -1.465866400870698700, -2.617490088511361400 ) ) ;
#3088 = ORIENTED_EDGE ( 'NONE', *, *, #4784, .F. ) ;
#3089 = DIRECTION ( 'NONE',  ( -1.000000000000000000, 0.0000000000000000000, 0.0000000000000000000 ) ) ;
#3090 = CARTESIAN_POINT ( 'NONE',  ( 1.202287486668813600, 4.638781778632381500, 1.266659741822644400 ) ) ;
#3091 = CARTESIAN_POINT ( 'NONE',  ( -1.464769572750585600, 3.639999999999967300, 0.8628152170332107400 ) ) ;
#3092 = CARTESIAN_POINT ( 'NONE',  ( -1.596260279305902200, 7.908578643762684400, -1.831491698575766100 ) ) ;
#3093 = CARTESIAN_POINT ( 'NONE',  ( -3.220496730939184100, -1.228544330685636100, 2.626647753422486800 ) ) ;
#3094 = EDGE_CURVE ( 'NONE', #3237, #1248, #1681, .T. ) ;
#3095 = CARTESIAN_POINT ( 'NONE',  ( -2.175893828692284400, 7.721209080974748700, 1.079381432776107300 ) ) ;
#3096 = ORIENTED_EDGE ( 'NONE', *, *, #4940, .T. ) ;
#3097 = CARTESIAN_POINT ( 'NONE',  ( -3.150584783781337400, -1.295620152494826100, 2.482431883743249300 ) ) ;
#3098 = CARTESIAN_POINT ( 'NONE',  ( 1.575798311649731800, 7.908578643763125800, -1.837199810494101200 ) ) ;
#3099 = VECTOR ( 'NONE', #2637, 1000.000000000000100 ) ;
#3100 = CARTESIAN_POINT ( 'NONE',  ( -1.431177936956777400, 0.6999999999998958200, 1.510930821591810000 ) ) ;
#3101 = EDGE_LOOP ( 'NONE', ( #1042, #4033, #4303, #5191 ) ) ;
#3102 = ADVANCED_FACE ( 'NONE', ( #1691 ), #5093, .F. ) ;
#3103 = CARTESIAN_POINT ( 'NONE',  ( -0.6499999999999788200, 9.250000000000000000, -2.517439175034827100 ) ) ;
#3104 = FACE_OUTER_BOUND ( 'NONE', #970, .T. ) ;
#3105 = CARTESIAN_POINT ( 'NONE',  ( -8.238155578050001500, 0.0000000000000000000, 0.0000000000000000000 ) ) ;
#3106 = ORIENTED_EDGE ( 'NONE', *, *, #260, .T. ) ;
#3107 = CARTESIAN_POINT ( 'NONE',  ( 1.284456732327808000, 4.638781778632381500, 1.176987745508535400 ) ) ;
#3108 = CARTESIAN_POINT ( 'NONE',  ( -0.3389254885092499200, 3.140605763927301700, 1.665871997855408800 ) ) ;
#3109 = ORIENTED_EDGE ( 'NONE', *, *, #20, .F. ) ;
#3110 = CARTESIAN_POINT ( 'NONE',  ( -3.048546318514559200, -1.354438272890682500, 2.676916410254652300 ) ) ;
#3111 = VECTOR ( 'NONE', #4832, 1000.000000000000000 ) ;
#3112 = CARTESIAN_POINT ( 'NONE',  ( -3.098632546956401300, -1.354288888877539700, 2.450731623449433600 ) ) ;
#3113 = DIRECTION ( 'NONE',  ( -0.2300000000000102800, -0.0000000000000000000, 0.9731906288081462200 ) ) ;
#3114 = CARTESIAN_POINT ( 'NONE',  ( -2.238155578050000200, 3.673940397442059900E-016, -3.000000000000000000 ) ) ;
#3115 = AXIS2_PLACEMENT_3D ( 'NONE', #407, #447, #503 ) ;
#3116 = CC_DESIGN_PERSON_AND_ORGANIZATION_ASSIGNMENT ( #5184, #369, ( #5500 ) ) ;
#3117 = VECTOR ( 'NONE', #1569, 1000.000000000000000 ) ;
#3118 = CARTESIAN_POINT ( 'NONE',  ( -0.3987358688343801100, 0.6999999999998960400, 1.959849409241700900 ) ) ;
#3119 = SECURITY_CLASSIFICATION ( '', '', #1927 ) ;
#3120 = CONICAL_SURFACE ( 'NONE', #803, 1.804999999999000100, 0.7853981633974482800 ) ;
#3121 = CARTESIAN_POINT ( 'NONE',  ( -0.3389254885092491400, 3.140605763927301700, 1.665871997855408800 ) ) ;
#3122 = CARTESIAN_POINT ( 'NONE',  ( -1.895584152971299300, 6.580000000000000100, 1.116584398513607500 ) ) ;
#3123 = DIRECTION ( 'NONE',  ( -1.000000000000000000, 0.0000000000000000000, 0.0000000000000000000 ) ) ;
#3124 =( LENGTH_UNIT ( ) NAMED_UNIT ( * ) SI_UNIT ( .MILLI., .METRE. ) );
#3125 = CARTESIAN_POINT ( 'NONE',  ( 1.366625977986802600, 4.638781778632381500, 1.087315749194426300 ) ) ;
#3126 = CARTESIAN_POINT ( 'NONE',  ( -0.4552252936266585900, 3.140605763927301700, 1.642210535081743100 ) ) ;
#3127 = CYLINDRICAL_SURFACE ( 'NONE', #2441, 0.6599999999999000000 ) ;
#3128 = DIRECTION ( 'NONE',  ( 1.000000000000000000, -0.0000000000000000000, -0.0000000000000000000 ) ) ;
#3129 = CARTESIAN_POINT ( 'NONE',  ( -2.988598798252296800, -1.430712512697337500, 2.521880200115360200 ) ) ;
#3130 = ADVANCED_FACE ( 'NONE', ( #1622 ), #3244, .F. ) ;
#3131 = DIRECTION ( 'NONE',  ( -1.000000000000000000, 0.0000000000000000000, 0.0000000000000000000 ) ) ;
#3132 = DIRECTION ( 'NONE',  ( -0.7071067811865474600, 8.659560562354932900E-017, -0.7071067811865474600 ) ) ;
#3133 = LINE ( 'NONE', #5426, #2894 ) ;
#3134 = LINE ( 'NONE', #682, #3539 ) ;
#3135 = CARTESIAN_POINT ( 'NONE',  ( -2.238155578050000200, 0.0000000000000000000, 0.0000000000000000000 ) ) ;
#3136 = DIRECTION ( 'NONE',  ( 0.0000000000000000000, 0.0000000000000000000, 1.000000000000000000 ) ) ;
#3137 = DIRECTION ( 'NONE',  ( -0.8958333333338410800, 0.0000000000000000000, -0.4443901876594251700 ) ) ;
#3138 = CARTESIAN_POINT ( 'NONE',  ( -17.68077914467999900, 0.0000000000000000000, -0.5000000000000000000 ) ) ;
#3139 = AXIS2_PLACEMENT_3D ( 'NONE', #5540, #2927, #113 ) ;
#3140 = CARTESIAN_POINT ( 'NONE',  ( 1.439367989090505600, 4.638781778632381500, 0.9890105632075806300 ) ) ;
#3141 = APPROVAL_DATE_TIME ( #3203, #4014 ) ;
#3142 = CARTESIAN_POINT ( 'NONE',  ( -0.5690345365640171500, 3.140605763927301700, 1.606326618620358900 ) ) ;
#3143 = ORIENTED_EDGE ( 'NONE', *, *, #3263, .T. ) ;
#3144 = UNCERTAINTY_MEASURE_WITH_UNIT (LENGTH_MEASURE( 1.000000000000000100E-005 ), #3124, 'distance_accuracy_value', 'NONE');
#3145 = CARTESIAN_POINT ( 'NONE',  ( -3.487610924279305600, -1.514312391891612600, -2.589764217482754200 ) ) ;
#3146 = DIRECTION ( 'NONE',  ( 0.0000000000000000000, 1.000000000000000000, 0.0000000000000000000 ) ) ;
#3147 = ORIENTED_EDGE ( 'NONE', *, *, #4235, .T. ) ;
#3148 = CARTESIAN_POINT ( 'NONE',  ( -1.150000000000164000, 9.250000000000000000, 2.465953144040758700 ) ) ;
#3149 = EDGE_CURVE ( 'NONE', #1330, #162, #1639, .T. ) ;
#3150 = ADVANCED_FACE ( 'NONE', ( #1272, #1177 ), #838, .F. ) ;
#3151 = ORIENTED_EDGE ( 'NONE', *, *, #118, .T. ) ;
#3152 = CARTESIAN_POINT ( 'NONE',  ( 2.150000000000000400, 6.580000000000000100, 1.066536450385000100 ) ) ;
#3153 = CARTESIAN_POINT ( 'NONE',  ( -0.6500000000000004700, 7.750000000000026600, -2.422738180737477700 ) ) ;
#3154 = EDGE_CURVE ( 'NONE', #3285, #2216, #1269, .T. ) ;
#3155 = CARTESIAN_POINT ( 'NONE',  ( -19.68077914467999500, 0.9999999999999998900, 0.4999999999999999400 ) ) ;
#3156 = CARTESIAN_POINT ( 'NONE',  ( -1.521946258264961200, -7.630076849107543200, 0.9248882501781314800 ) ) ;
#3157 = ORIENTED_EDGE ( 'NONE', *, *, #1878, .T. ) ;
#3158 = CARTESIAN_POINT ( 'NONE',  ( -0.6778734171729253700, 3.140605763927301700, 1.559002126454709400 ) ) ;
#3159 = CARTESIAN_POINT ( 'NONE',  ( 0.6500000000044015000, 7.933945421399808900, -2.148213684480763300 ) ) ;
#3160 = CARTESIAN_POINT ( 'NONE',  ( -17.68077914467999500, 0.0000000000000000000, -0.5000000000000000000 ) ) ;
#3161 = ORIENTED_EDGE ( 'NONE', *, *, #836, .T. ) ;
#3162 = ORIENTED_EDGE ( 'NONE', *, *, #4049, .F. ) ;
#3163 = EDGE_CURVE ( 'NONE', #2475, #2353, #1570, .T. ) ;
#3164 = CIRCLE ( 'NONE', #2062, 2.004999999948799500 ) ;
#3165 = EDGE_LOOP ( 'NONE', ( #3183, #2719, #1541, #441 ) ) ;
#3166 = ORIENTED_EDGE ( 'NONE', *, *, #1059, .F. ) ;
#3167 = CARTESIAN_POINT ( 'NONE',  ( -3.279474328544763000, -1.608301363327290200, -2.292906524999852400 ) ) ;
#3168 = DESIGN_CONTEXT ( 'detailed design', #4135, 'design' ) ;
#3169 = VERTEX_POINT ( 'NONE', #2745 ) ;
#3170 = CYLINDRICAL_SURFACE ( 'NONE', #121, 2.395000000000000000 ) ;
#3171 = AXIS2_PLACEMENT_3D ( 'NONE', #3776, #1018, #4219 ) ;
#3172 = EDGE_LOOP ( 'NONE', ( #4487, #5053 ) ) ;
#3173 = CARTESIAN_POINT ( 'NONE',  ( -0.5000000000003967900, 13.71775875624362600, 2.373887304912003100 ) ) ;
#3174 = DIRECTION ( 'NONE',  ( 0.0000000000000000000, 0.0000000000000000000, 1.000000000000000000 ) ) ;
#3175 = ORIENTED_EDGE ( 'NONE', *, *, #12, .T. ) ;
#3176 = ORIENTED_EDGE ( 'NONE', *, *, #2887, .F. ) ;
#3177 =( NAMED_UNIT ( * ) PLANE_ANGLE_UNIT ( ) SI_UNIT ( $, .RADIAN. ) );
#3178 = LINE ( 'NONE', #2764, #3062 ) ;
#3179 = EDGE_LOOP ( 'NONE', ( #3496, #5676, #3426, #5272, #1694 ) ) ;
#3180 = CARTESIAN_POINT ( 'NONE',  ( 1.501097783213287700, 4.638781778632381500, 0.8842141683617430500 ) ) ;
#3181 = CARTESIAN_POINT ( 'NONE',  ( 0.0000000000000000000, 9.250000000000000000, 0.0000000000000000000 ) ) ;
#3182 = CARTESIAN_POINT ( 'NONE',  ( -19.68077914467999500, -0.9999999999999998900, -0.5000000000000000000 ) ) ;
#3183 = ORIENTED_EDGE ( 'NONE', *, *, #4019, .T. ) ;
#3184 = ADVANCED_FACE ( 'NONE', ( #1260, #1265 ), #854, .T. ) ;
#3185 = FACE_OUTER_BOUND ( 'NONE', #2142, .T. ) ;
#3186 = CARTESIAN_POINT ( 'NONE',  ( 2.188006652560716200, 7.908578643763125800, -1.034925287654986100 ) ) ;
#3187 = CC_DESIGN_DATE_AND_TIME_ASSIGNMENT ( #3550, #4117, ( #1899 ) ) ;
#3188 = CLOSED_SHELL ( 'NONE', ( #4451, #452, #3947, #3102, #799, #5322, #4997, #4942, #338, #2252, #3201, #3701, #1315, #2667, #717, #4477, #4001, #913, #362, #1858, #5688, #3648, #4554, #3575, #4947, #4856, #742, #857, #1355, #1836, #392, #314, #2307, #2131, #4799, #2814, #2699, #1417, #4500, #4071, #11, #3671, #2727, #2784, #1745, #4889, #2636, #3284, #2281, #4078, #4971, #4052, #5245, #4973, #4505, #2339 ) ) ;
#3189 = EDGE_CURVE ( 'NONE', #154, #4129, #1246, .T. ) ;
#3190 = CARTESIAN_POINT ( 'NONE',  ( -2.996271507499850700, -1.458464034163606100, -2.390358683616897700 ) ) ;
#3191 = FACE_OUTER_BOUND ( 'NONE', #1464, .T. ) ;
#3192 = CARTESIAN_POINT ( 'NONE',  ( -0.6212087381177054900, 7.949999999999990400, -2.275300622445220800 ) ) ;
#3193 = MECHANICAL_CONTEXT ( 'NONE', #2733, 'mechanical' ) ;
#3194 = EDGE_CURVE ( 'NONE', #3814, #5216, #1137, .T. ) ;
#3195 = CARTESIAN_POINT ( 'NONE',  ( -0.7867122977818338200, 3.140605763927301700, 1.511677634289059900 ) ) ;
#3196 = CARTESIAN_POINT ( 'NONE',  ( 2.358504348539079300, 7.949999999999995700, 0.01872048972864389900 ) ) ;
#3197 = CARTESIAN_POINT ( 'NONE',  ( -3.487794584502677400, -1.411615740768941100, -2.418130067817994000 ) ) ;
#3198 = CARTESIAN_POINT ( 'NONE',  ( -3.226716147949535900, -1.272003247377829800, 2.494681428778216400 ) ) ;
#3199 = CARTESIAN_POINT ( 'NONE',  ( -2.238155578050000200, 0.0000000000000000000, 0.0000000000000000000 ) ) ;
#3200 = CARTESIAN_POINT ( 'NONE',  ( -0.6500000000004374500, 7.901923394216264100, -2.116307057240169900 ) ) ;
#3201 = ADVANCED_FACE ( 'NONE', ( #1196 ), #1188, .T. ) ;
#3202 = AXIS2_PLACEMENT_3D ( 'NONE', #3181, #354, #3601 ) ;
#3203 = DATE_AND_TIME ( #3204, #3208 ) ;
#3204 = CALENDAR_DATE ( 2016, 15, 9 ) ;
#3205 = PERSON ( 'NAUO-PER1', 'UNSPECIFIED', 'UNSPECIFIED', ('UNSPECIFIED'), ('UNSPECIFIED'), ('UNSPECIFIED') ) ;
#3206 = ADVANCED_FACE ( 'NONE', ( #1200 ), #1122, .T. ) ;
#3207 = CARTESIAN_POINT ( 'NONE',  ( -0.3389254885092487500, 3.639999999999967300, 1.665871997855407300 ) ) ;
#3208 = LOCAL_TIME ( 14, 32, 24.00000000000000000, #3209 ) ;
#3209 = COORDINATED_UNIVERSAL_TIME_OFFSET ( 8, 0, .BEHIND. ) ;
#3210 = ORIENTED_EDGE ( 'NONE', *, *, #5768, .T. ) ;
#3211 = PRODUCT_DEFINITION_SHAPE ( 'NONE', 'NONE',  #3399 ) ;
#3212 = PERSON_AND_ORGANIZATION_ROLE ( 'classification_officer' ) ;
#3213 = CARTESIAN_POINT ( 'NONE',  ( -3.251232803121601100, 2.789465685333260700, -0.2512343008932638700 ) ) ;
#3214 = CARTESIAN_POINT ( 'NONE',  ( 0.4386094557178163400, 0.7000000000000105000, 2.155834350165863000 ) ) ;
#3215 = CARTESIAN_POINT ( 'NONE',  ( -0.8905738499576930600, 3.140605763927301700, 1.452915595367629800 ) ) ;
#3216 = DIRECTION ( 'NONE',  ( -1.000000000000000000, 0.0000000000000000000, 0.0000000000000000000 ) ) ;
#3217 = AXIS2_PLACEMENT_3D ( 'NONE', #1601, #1271, #1113 ) ;
#3218 = AXIS2_PLACEMENT_3D ( 'NONE', #1236, #4424, #1703 ) ;
#3219 = ORIENTED_EDGE ( 'NONE', *, *, #2094, .F. ) ;
#3220 = CARTESIAN_POINT ( 'NONE',  ( 0.8851473531932809700, 0.6434418171282997300, 2.035699543447445000 ) ) ;
#3221 = CC_DESIGN_SECURITY_CLASSIFICATION ( #1638, ( #76 ) ) ;
#3222 = CARTESIAN_POINT ( 'NONE',  ( -3.386920230517736800, -1.378845950126927000, 2.437022181063797100 ) ) ;
#3223 = DIRECTION ( 'NONE',  ( 0.5399490689235477700, 1.030782383084753500E-016, 0.8416976909607116800 ) ) ;
#3224 = ORIENTED_EDGE ( 'NONE', *, *, #424, .T. ) ;
#3225 = EDGE_LOOP ( 'NONE', ( #5660, #5228, #5330, #4188, #941, #5079 ) ) ;
#3226 = VECTOR ( 'NONE', #5084, 1000.000000000000000 ) ;
#3227 = CARTESIAN_POINT ( 'NONE',  ( -1.895584152971195900, 0.6999999999999906300, 1.116584398513796900 ) ) ;
#3228 = DIRECTION ( 'NONE',  ( -1.000000000000000000, 0.0000000000000000000, 0.0000000000000000000 ) ) ;
#3229 = ORIENTED_EDGE ( 'NONE', *, *, #4223, .T. ) ;
#3230 = ORIENTED_EDGE ( 'NONE', *, *, #4784, .T. ) ;
#3231 = APPROVAL_STATUS ( 'not_yet_approved' ) ;
#3232 = ADVANCED_FACE ( 'NONE', ( #1213, #1115 ), #3658, .T. ) ;
#3233 = CARTESIAN_POINT ( 'NONE',  ( 0.3987358688343734500, 0.6999999999999838600, 1.959849409241670500 ) ) ;
#3234 = CARTESIAN_POINT ( 'NONE',  ( 0.6499999999991347100, 7.959967321298340600, -2.253161122944380000 ) ) ;
#3235 = VECTOR ( 'NONE', #3887, 1000.000000000000000 ) ;
#3236 = ADVANCED_FACE ( 'NONE', ( #1193 ), #1109, .T. ) ;
#3237 = VERTEX_POINT ( 'NONE', #5425 ) ;
#3238 = VERTEX_POINT ( 'NONE', #2799 ) ;
#3239 = CARTESIAN_POINT ( 'NONE',  ( -3.487767810382752700, -1.488560142337531400, 2.604643935852628500 ) ) ;
#3240 = DIRECTION ( 'NONE',  ( 0.0000000000000000000, 0.0000000000000000000, 1.000000000000000000 ) ) ;
#3241 = CIRCLE ( 'NONE', #3948, 0.5000000000000000000 ) ;
#3242 = CARTESIAN_POINT ( 'NONE',  ( 0.2990492514931205600, 4.648146930149904300, 1.469874031112928800 ) ) ;
#3243 = EDGE_LOOP ( 'NONE', ( #4161, #14 ) ) ;
#3244 =( BOUNDED_SURFACE ( )  B_SPLINE_SURFACE ( 3, 2, ( 
 ( #243, #5647, #4729 ),
 ( #698, #3925, #1169 ),
 ( #4362, #1633, #4790 ),
 ( #2112, #5248, #2598 ),
 ( #5670, #3073, #263 ),
 ( #3506, #719, #3942 ),
 ( #1190, #4379, #1649 ),
 ( #4811, #2133, #5264 ),
 ( #2619, #5692, #3097 ),
 ( #277, #3526, #735 ),
 ( #3963, #1206, #4398 ),
 ( #1669, #4830, #2153 ) ),
 .UNSPECIFIED., .F., .F., .T. ) 
 B_SPLINE_SURFACE_WITH_KNOTS ( ( 4, 2, 2, 2, 2, 4 ),
 ( 3, 3 ),
 ( 0.0004688292689612019800, 0.0005860365862014609200, 0.0007032439034417197500, 0.0007618475620618492800, 0.0008204512206819787000, 0.0009376585379222376400 ),
 ( 0.0000000000000000000, 1.000000000000000000 ),
 .UNSPECIFIED. ) 
 GEOMETRIC_REPRESENTATION_ITEM ( )  RATIONAL_B_SPLINE_SURFACE ( (
 ( 1.000000000000000000, 0.7070827610282506300, 1.000000000000000000),
 ( 1.000000000000000000, 0.7074971636862402700, 1.000000000000000000),
 ( 1.000000000000000000, 0.7037301257643141500, 1.000000000000000000),
 ( 1.000000000000000000, 0.6945804201036190900, 1.000000000000000000),
 ( 1.000000000000000000, 0.6902273991299611200, 1.000000000000000000),
 ( 1.000000000000000000, 0.6896210538874515400, 1.000000000000000000),
 ( 1.000000000000000000, 0.6904781040713768900, 1.000000000000000000),
 ( 1.000000000000000000, 0.6934244052900256900, 1.000000000000000000),
 ( 1.000000000000000000, 0.6954128609683185600, 1.000000000000000000),
 ( 1.000000000000000000, 0.7025833657608247000, 1.000000000000000000),
 ( 1.000000000000000000, 0.7068284482929324500, 1.000000000000000000),
 ( 1.000000000000000000, 0.7070801120304584000, 1.000000000000000000) ) ) 
 REPRESENTATION_ITEM ( '' )  SURFACE ( )  );
#3245 = LINE ( 'NONE', #3935, #3235 ) ;
#3246 = CARTESIAN_POINT ( 'NONE',  ( -0.3389254885092483600, 4.139394236072632800, 1.665871997855405500 ) ) ;
#3247 = CARTESIAN_POINT ( 'NONE',  ( 2.499891988695563500, 7.750000000000000000, -0.02482256029406810700 ) ) ;
#3248 = APPLICATION_PROTOCOL_DEFINITION ( 'international standard', 'config_control_design', 1994, #5835 ) ;
#3249 = CARTESIAN_POINT ( 'NONE',  ( -3.166768214199575200, 2.790314688744500900, -0.2409210665493329600 ) ) ;
#3250 = AXIS2_PLACEMENT_3D ( 'NONE', #5821, #5399, #3723 ) ;
#3251 = DIRECTION ( 'NONE',  ( 0.0000000000000000000, 0.0000000000000000000, 1.000000000000000000 ) ) ;
#3252 = CARTESIAN_POINT ( 'NONE',  ( -0.9871950247085984300, 3.140605763927301700, 1.383996381205744100 ) ) ;
#3253 = CIRCLE ( 'NONE', #1435, 2.594999999999000100 ) ;
#3254 = CARTESIAN_POINT ( 'NONE',  ( -3.072827796595655000, -1.232686082616547100, -2.514583910991053700 ) ) ;
#3255 = CARTESIAN_POINT ( 'NONE',  ( -4.238155578049999800, 8.082668874371306600E-017, -0.6599999999999000000 ) ) ;
#3256 = CARTESIAN_POINT ( 'NONE',  ( -3.035177239196304600, -1.272105530834484400, -2.494626700343920400 ) ) ;
#3257 = CIRCLE ( 'NONE', #3083, 2.200000000000000200 ) ;
#3258 = EDGE_CURVE ( 'NONE', #5766, #4237, #1102, .T. ) ;
#3259 = AXIS2_PLACEMENT_3D ( 'NONE', #1747, #2092, #4984 ) ;
#3260 = DIRECTION ( 'NONE',  ( 0.0000000000000000000, 0.0000000000000000000, 1.000000000000000000 ) ) ;
#3261 = ADVANCED_FACE ( 'NONE', ( #1139 ), #1033, .T. ) ;
#3262 = CIRCLE ( 'NONE', #701, 0.6599999999999000000 ) ;
#3263 = EDGE_CURVE ( 'NONE', #3296, #2561, #1063, .T. ) ;
#3264 = DIRECTION ( 'NONE',  ( 0.0000000000000000000, -1.000000000000000000, 0.0000000000000000000 ) ) ;
#3265 = CARTESIAN_POINT ( 'NONE',  ( 1.525927071794303900, 0.7000002125115377700, 1.613911148834437100 ) ) ;
#3266 = APPROVAL_ROLE ( '' ) ;
#3267 = CARTESIAN_POINT ( 'NONE',  ( -3.279474328545042300, 2.789865980816590900, -0.2463765750827537300 ) ) ;
#3268 = EDGE_CURVE ( 'NONE', #4938, #3960, #1253, .T. ) ;
#3269 = EDGE_CURVE ( 'NONE', #1155, #2680, #1130, .T. ) ;
#3270 = CARTESIAN_POINT ( 'NONE',  ( -3.361965845118041900, -1.206706819464775900, -2.527283502058147700 ) ) ;
#3271 = APPROVAL_PERSON_ORGANIZATION ( #3272, #4014, #3266 ) ;
#3272 = PERSON_AND_ORGANIZATION ( #4182, #5189 ) ;
#3273 = DIRECTION ( 'NONE',  ( 0.0000000000000000000, 0.0000000000000000000, 1.000000000000000000 ) ) ;
#3274 = CARTESIAN_POINT ( 'NONE',  ( 0.4865953144039604800, 14.19999999999999900, -2.284999999999966400 ) ) ;
#3275 = ORIENTED_EDGE ( 'NONE', *, *, #48, .T. ) ;
#3276 = DIRECTION ( 'NONE',  ( 0.0000000000000000000, 0.0000000000000000000, 1.000000000000000000 ) ) ;
#3277 = DATE_AND_TIME ( #3334, #3336 ) ;
#3278 = VERTEX_POINT ( 'NONE', #4568 ) ;
#3279 = B_SPLINE_CURVE_WITH_KNOTS ( 'NONE', 3,
 ( #2354, #1142, #2393, #2346, #2336, #2325, #2311, #2294 ),
 .UNSPECIFIED., .F., .F.,
 ( 4, 2, 2, 4 ),
 ( 5.672605446983743200E-017, 0.0009229685156841863600, 0.001384452773526251700, 0.001845937031368317000 ),
 .UNSPECIFIED. ) ;
#3280 = DIRECTION ( 'NONE',  ( 0.0000000000000000000, 1.000000000000000000, 0.0000000000000000000 ) ) ;
#3281 = CARTESIAN_POINT ( 'NONE',  ( -17.68077914467999900, 1.530808498934176100E-017, -0.5000000000000000000 ) ) ;
#3282 = PERSON_AND_ORGANIZATION_ROLE ( 'design_supplier' ) ;
#3283 = CARTESIAN_POINT ( 'NONE',  ( -3.458060923544937500, 2.797649677281790500, -0.1215255699023954900 ) ) ;
#3284 = ADVANCED_FACE ( 'NONE', ( #982, #974 ), #951, .T. ) ;
#3285 = VERTEX_POINT ( 'NONE', #2360 ) ;
#3286 = LINE ( 'NONE', #4625, #3226 ) ;
#3287 = CC_DESIGN_APPROVAL ( #2994, ( #2683 ) ) ;
#3288 = EDGE_CURVE ( 'NONE', #282, #3960, #967, .T. ) ;
#3289 = CARTESIAN_POINT ( 'NONE',  ( -3.487710664199362500, -1.412963496320453100, -2.417343875222453000 ) ) ;
#3290 = ORIENTED_EDGE ( 'NONE', *, *, #4906, .T. ) ;
#3291 = DIRECTION ( 'NONE',  ( -1.000000000000000000, 0.0000000000000000000, 0.0000000000000000000 ) ) ;
#3292 = ORIENTED_EDGE ( 'NONE', *, *, #4520, .F. ) ;
#3293 = ORIENTED_EDGE ( 'NONE', *, *, #3065, .T. ) ;
#3294 = CARTESIAN_POINT ( 'NONE',  ( 1.185729882942466100, 7.750000000000000900, 3.235408176089437300 ) ) ;
#3295 = ORIENTED_EDGE ( 'NONE', *, *, #8, .T. ) ;
#3296 = VERTEX_POINT ( 'NONE', #476 ) ;
#3297 = PLANE ( 'NONE',  #5543 ) ;
#3298 = DIRECTION ( 'NONE',  ( 0.0000000000000000000, 0.0000000000000000000, 1.000000000000000000 ) ) ;
#3299 = ORIENTED_EDGE ( 'NONE', *, *, #3581, .F. ) ;
#3300 = PERSON_AND_ORGANIZATION_ROLE ( 'creator' ) ;
#3301 = DIRECTION ( 'NONE',  ( 0.0000000000000000000, -0.0000000000000000000, -1.000000000000000000 ) ) ;
#3302 = CYLINDRICAL_SURFACE ( 'NONE', #1735, 0.4999999999999998900 ) ;
#3303 = DIRECTION ( 'NONE',  ( -1.000000000000000000, 0.0000000000000000000, 0.0000000000000000000 ) ) ;
#3304 = CARTESIAN_POINT ( 'NONE',  ( 2.168935888835857600, 7.712498101771795500, 1.075929853019362600 ) ) ;
#3305 = FACE_OUTER_BOUND ( 'NONE', #2054, .T. ) ;
#3306 = CARTESIAN_POINT ( 'NONE',  ( 0.7430287147352709900, 0.6434418171282997300, 2.097494486161586700 ) ) ;
#3307 = ORIENTED_EDGE ( 'NONE', *, *, #5695, .T. ) ;
#3308 = AXIS2_PLACEMENT_3D ( 'NONE', #3751, #993, #4199 ) ;
#3309 = CARTESIAN_POINT ( 'NONE',  ( -0.2990492514931195100, 4.648146930149867900, 1.469874031112924800 ) ) ;
#3310 = LINE ( 'NONE', #4875, #3111 ) ;
#3311 = CARTESIAN_POINT ( 'NONE',  ( -17.68077914467999900, -6.123233995736766000E-017, 0.5000000000000000000 ) ) ;
#3312 = CARTESIAN_POINT ( 'NONE',  ( -0.3473312860536467700, 4.638781778632330000, 1.707187812757516200 ) ) ;
#3313 = DIRECTION ( 'NONE',  ( -0.2300000000000108300, -0.0000000000000000000, -0.9731906288081461100 ) ) ;
#3314 = CYLINDRICAL_SURFACE ( 'NONE', #3361, 2.399999999999999900 ) ;
#3315 = APPROVAL_STATUS ( 'not_yet_approved' ) ;
#3316 = CARTESIAN_POINT ( 'NONE',  ( -3.332915737765052500, 2.790995579231412300, -0.2326215402708402000 ) ) ;
#3317 = AXIS2_PLACEMENT_3D ( 'NONE', #4669, #3398, #3375 ) ;
#3318 = DIRECTION ( 'NONE',  ( -0.8958333333338424100, 0.0000000000000000000, -0.4443901876594225600 ) ) ;
#3319 = AXIS2_PLACEMENT_3D ( 'NONE', #562, #3793, #1036 ) ;
#3320 = CARTESIAN_POINT ( 'NONE',  ( -1.083816199459503500, 3.140605763927301700, 1.315077167043858400 ) ) ;
#3321 = APPROVAL ( #4153, 'UNSPECIFIED' ) ;
#3322 = LINE ( 'NONE', #2604, #3519 ) ;
#3323 = CARTESIAN_POINT ( 'NONE',  ( -8.180779144683999200, 6.123233995736766000E-017, -0.5000000000000000000 ) ) ;
#3324 = CARTESIAN_POINT ( 'NONE',  ( -3.487767810380045600, -1.438570830302780200, 2.518059907612777000 ) ) ;
#3325 = CARTESIAN_POINT ( 'NONE',  ( 0.3640241188313867400, 5.131106971347153800, 1.789235707153513200 ) ) ;
#3326 = DIRECTION ( 'NONE',  ( -1.000000000000000000, -0.0000000000000000000, -0.0000000000000000000 ) ) ;
#3327 = FACE_OUTER_BOUND ( 'NONE', #2427, .T. ) ;
#3328 = CARTESIAN_POINT ( 'NONE',  ( 1.970833333333311900, 7.750000000000000000, 0.9776584128530305700 ) ) ;
#3329 = EDGE_CURVE ( 'NONE', #5740, #96, #961, .T. ) ;
#3330 = CARTESIAN_POINT ( 'NONE',  ( 0.3807169516091214500, 1.656567835938123700, 1.871283601549492000 ) ) ;
#3331 = EDGE_CURVE ( 'NONE', #2353, #3814, #3084, .T. ) ;
#3332 = CARTESIAN_POINT ( 'NONE',  ( 2.299927550003581600, 8.050000000000000700, 0.01825553983105312000 ) ) ;
#3333 = CARTESIAN_POINT ( 'NONE',  ( -0.3640241188313841900, 5.131106971347104900, 1.789235707153504600 ) ) ;
#3334 = CALENDAR_DATE ( 2016, 15, 9 ) ;
#3335 = CARTESIAN_POINT ( 'NONE',  ( 1.723258320883118500, 0.7000000000000398100, 1.015076725921269900 ) ) ;
#3336 = LOCAL_TIME ( 14, 32, 24.00000000000000000, #3340 ) ;
#3337 = SECURITY_CLASSIFICATION_LEVEL ( 'unclassified' ) ;
#3338 = EDGE_CURVE ( 'NONE', #2531, #1955, #957, .T. ) ;
#3339 = CARTESIAN_POINT ( 'NONE',  ( -3.491347769199591800, -1.545817261397046700, 2.571924941483994000 ) ) ;
#3340 = COORDINATED_UNIVERSAL_TIME_OFFSET ( 8, 0, .BEHIND. ) ;
#3341 = CARTESIAN_POINT ( 'NONE',  ( -15.23815557805000000, 2.455416832227740700E-016, -2.004999999948799500 ) ) ;
#3342 = PERSON_AND_ORGANIZATION ( #4182, #5189 ) ;
#3343 = DIRECTION ( 'NONE',  ( -0.0000000000000000000, -1.000000000000000000, -0.0000000000000000000 ) ) ;
#3344 = ORIENTED_EDGE ( 'NONE', *, *, #130, .F. ) ;
#3345 = CARTESIAN_POINT ( 'NONE',  ( 0.7386079952807108600, 0.6811472723761138300, 2.085015244785147100 ) ) ;
#3346 = CARTESIAN_POINT ( 'NONE',  ( 0.4889363355676955000, 5.131106971347153800, 1.763822029432398500 ) ) ;
#3347 = CARTESIAN_POINT ( 'NONE',  ( -2.238155578050000200, 2.621359165062774100, 1.510856941112698400 ) ) ;
#3348 = AXIS2_PLACEMENT_3D ( 'NONE', #1010, #2414, #988 ) ;
#3349 = ORIENTED_EDGE ( 'NONE', *, *, #1374, .T. ) ;
#3350 = CARTESIAN_POINT ( 'NONE',  ( 0.3473312860536468800, 2.641218221367667600, 1.707187812757516600 ) ) ;
#3351 = EDGE_CURVE ( 'NONE', #1483, #2672, #1040, .T. ) ;
#3352 = ORIENTED_EDGE ( 'NONE', *, *, #3047, .F. ) ;
#3353 = ORIENTED_EDGE ( 'NONE', *, *, #3616, .T. ) ;
#3354 = CARTESIAN_POINT ( 'NONE',  ( 0.0000000000000000000, 7.650000000000000400, 2.400000000000000400 ) ) ;
#3355 = CARTESIAN_POINT ( 'NONE',  ( 0.6500000000000001300, 8.050000000000000700, -2.310303010429791900 ) ) ;
#3356 = CARTESIAN_POINT ( 'NONE',  ( -3.487767810382752700, -1.488561698192561300, 2.604646630672589100 ) ) ;
#3357 = CARTESIAN_POINT ( 'NONE',  ( 0.6111735551918798800, 5.131106971347153800, 1.725280782128958000 ) ) ;
#3358 = CARTESIAN_POINT ( 'NONE',  ( -3.479651782002679100, 2.999306405679612800, -0.06966821099907448400 ) ) ;
#3359 = EDGE_CURVE ( 'NONE', #3019, #2815, #912, .T. ) ;
#3360 = CARTESIAN_POINT ( 'NONE',  ( -3.019410960405707100, 2.797540388377993500, 0.1234677500231884500 ) ) ;
#3361 = AXIS2_PLACEMENT_3D ( 'NONE', #3598, #4315, #3867 ) ;
#3362 = CARTESIAN_POINT ( 'NONE',  ( 1.411005628696622200, 0.6622945447522068400, 1.712081149732460800 ) ) ;
#3363 = CARTESIAN_POINT ( 'NONE',  ( -1.436048585340408400, 1.651655379810294000, 0.8458972625325683600 ) ) ;
#3364 = CARTESIAN_POINT ( 'NONE',  ( 1.723258320883162200, 6.580000000000104000, 1.015076725921295400 ) ) ;
#3365 = FACE_OUTER_BOUND ( 'NONE', #4797, .T. ) ;
#3366 = EDGE_LOOP ( 'NONE', ( #5727, #5196 ) ) ;
#3367 = ORIENTED_EDGE ( 'NONE', *, *, #5035, .F. ) ;
#3368 = CARTESIAN_POINT ( 'NONE',  ( -2.199848535029894900, 7.908578643762685300, 0.02581516854147041700 ) ) ;
#3369 = DIRECTION ( 'NONE',  ( -1.000000000000000000, 0.0000000000000000000, 0.0000000000000000000 ) ) ;
#3370 = ORIENTED_EDGE ( 'NONE', *, *, #4528, .T. ) ;
#3371 = EDGE_CURVE ( 'NONE', #5634, #5531, #3981, .T. ) ;
#3372 = FACE_OUTER_BOUND ( 'NONE', #2841, .T. ) ;
#3373 = EDGE_LOOP ( 'NONE', ( #2600, #518, #2583, #3275, #4652 ) ) ;
#3374 = CARTESIAN_POINT ( 'NONE',  ( -3.014837018440403900, -1.499746619266370900, 2.365267243279536300 ) ) ;
#3375 = DIRECTION ( 'NONE',  ( 0.9999685000015571300, 0.0000000000000000000, 0.007937191230892658800 ) ) ;
#3376 = CARTESIAN_POINT ( 'NONE',  ( 0.6500000000000001300, 9.250000000000000000, -2.310303010429791900 ) ) ;
#3377 = CARTESIAN_POINT ( 'NONE',  ( -1.173190812660755800, 3.140605763927301700, 1.236005188734795600 ) ) ;
#3378 = FACE_OUTER_BOUND ( 'NONE', #248, .T. ) ;
#3379 = CARTESIAN_POINT ( 'NONE',  ( 0.7280723395899471000, 5.131106971347153800, 1.674451744054787900 ) ) ;
#3380 = CARTESIAN_POINT ( 'NONE',  ( -3.382095784162833900, 2.792930618925267200, -0.2062720187197150900 ) ) ;
#3381 = CARTESIAN_POINT ( 'NONE',  ( -3.170786061004902600, 2.990349971853814500, 0.2404696571483167800 ) ) ;
#3382 = B_SPLINE_CURVE_WITH_KNOTS ( 'NONE', 3,
 ( #4740, #3872, #5197, #2547, #5628, #3025, #213, #3461, #671, #3892 ),
 .UNSPECIFIED., .F., .F.,
 ( 4, 2, 2, 2, 4 ),
 ( 0.001572510740057812800, 0.001763374705971089200, 0.001954238671884365500, 0.002145102637797641800, 0.002335966603710918100 ),
 .UNSPECIFIED. ) ;
#3383 = CARTESIAN_POINT ( 'NONE',  ( 1.162885379693403600, 0.6434418171282997300, 1.897174842784590900 ) ) ;
#3384 = CARTESIAN_POINT ( 'NONE',  ( 0.5000000000042055200, 13.85000000000009000, 2.574937185532692600 ) ) ;
#3385 = DIRECTION ( 'NONE',  ( -1.000000000000000000, 0.0000000000000000000, 0.0000000000000000000 ) ) ;
#3386 = CIRCLE ( 'NONE', #1789, 2.399999999999999900 ) ;
#3387 = CONICAL_SURFACE ( 'NONE', #1005, 2.800000000050202800, 0.7853981633974386200 ) ;
#3388 = CARTESIAN_POINT ( 'NONE',  ( 0.8449711239880144400, 5.131106971347153800, 1.623622705980617400 ) ) ;
#3389 = DIRECTION ( 'NONE',  ( 0.0000000000000000000, 0.0000000000000000000, 1.000000000000000000 ) ) ;
#3390 = CARTESIAN_POINT ( 'NONE',  ( -2.989633557648048200, 2.799876730482946400, 0.03327363953292489900 ) ) ;
#3391 = LINE ( 'NONE', #1600, #3530 ) ;
#3392 = CARTESIAN_POINT ( 'NONE',  ( -0.6500000000000001300, 8.050000000000000700, -2.310303010429791900 ) ) ;
#3393 = PLANE ( 'NONE',  #5838 ) ;
#3394 = DIRECTION ( 'NONE',  ( -1.000000000000000000, 0.0000000000000000000, 0.0000000000000000000 ) ) ;
#3395 = VECTOR ( 'NONE', #5661, 1000.000000000000000 ) ;
#3396 = LINE ( 'NONE', #909, #3513 ) ;
#3397 = CARTESIAN_POINT ( 'NONE',  ( -3.252459399977277500, -1.524416461090652300, 2.348951076975147600 ) ) ;
#3398 = DIRECTION ( 'NONE',  ( 0.0000000000000000000, 1.000000000000000000, 0.0000000000000000000 ) ) ;
#3399 = PRODUCT_DEFINITION ( 'UNKNOWN', '', #4851, #5667 ) ;
#3400 = CARTESIAN_POINT ( 'NONE',  ( -1.253371472577206700, 3.140605763927301700, 1.148503352946629300 ) ) ;
#3401 = CC_DESIGN_SECURITY_CLASSIFICATION ( #3119, ( #5850 ) ) ;
#3402 = CARTESIAN_POINT ( 'NONE',  ( 0.9565239911906989700, 5.131106971347153800, 1.560509130388543200 ) ) ;
#3403 = CARTESIAN_POINT ( 'NONE',  ( -3.193498523430862600, 2.989908813530392200, -0.2458940710797964900 ) ) ;
#3404 = FACE_OUTER_BOUND ( 'NONE', #2748, .T. ) ;
#3405 = CARTESIAN_POINT ( 'NONE',  ( -3.336389583426369000, 2.791202280427814500, 0.2295842275528200400 ) ) ;
#3406 = CARTESIAN_POINT ( 'NONE',  ( 0.0000000000000000000, 0.4060000000000000800, 0.0000000000000000000 ) ) ;
#3407 = CARTESIAN_POINT ( 'NONE',  ( -5.738155578050000600, 0.0000000000000000000, 0.0000000000000000000 ) ) ;
#3408 = CARTESIAN_POINT ( 'NONE',  ( -3.227389301399947700, 2.789447309342448100, 0.2514139574525350300 ) ) ;
#3409 = CARTESIAN_POINT ( 'NONE',  ( -4.238155578049999800, 0.0000000000000000000, 0.0000000000000000000 ) ) ;
#3410 = PERSON_AND_ORGANIZATION ( #4182, #5189 ) ;
#3411 = CARTESIAN_POINT ( 'NONE',  ( -0.6499999999999677100, 7.956164407499147600, -2.244038454260732800 ) ) ;
#3412 = PERSON_AND_ORGANIZATION ( #4182, #5189 ) ;
#3413 = ORIENTED_EDGE ( 'NONE', *, *, #1140, .F. ) ;
#3414 = APPROVAL_DATE_TIME ( #3475, #3742 ) ;
#3415 = CARTESIAN_POINT ( 'NONE',  ( -3.485333322490790300, -1.514154171152863900, 2.474356137519835300 ) ) ;
#3416 = PLANE ( 'NONE',  #1003 ) ;
#3417 = ORIENTED_EDGE ( 'NONE', *, *, #5777, .F. ) ;
#3418 = CARTESIAN_POINT ( 'NONE',  ( -3.467490893141842400, -1.602055881740760000, 2.536880657325111300 ) ) ;
#3419 = CARTESIAN_POINT ( 'NONE',  ( -3.050237574999142600, 2.795465528224353200, -0.1648825921701828100 ) ) ;
#3420 = CARTESIAN_POINT ( 'NONE',  ( -3.471537303023774200, 2.998663578695281100, 0.09285381221859111100 ) ) ;
#3421 = ORIENTED_EDGE ( 'NONE', *, *, #5593, .T. ) ;
#3422 = DIRECTION ( 'NONE',  ( 0.0000000000000000000, 0.0000000000000000000, 1.000000000000000000 ) ) ;
#3423 = CARTESIAN_POINT ( 'NONE',  ( -8.238155578050001500, 0.0000000000000000000, 0.0000000000000000000 ) ) ;
#3424 = CARTESIAN_POINT ( 'NONE',  ( -3.316359697317161600, -1.708189780723725200, 2.466191197673220700 ) ) ;
#3425 = CARTESIAN_POINT ( 'NONE',  ( -3.484872418925560200, 2.799742999532465400, 0.03926750254772781000 ) ) ;
#3426 = ORIENTED_EDGE ( 'NONE', *, *, #3612, .T. ) ;
#3427 = LINE ( 'NONE', #5499, #3970 ) ;
#3428 = AXIS2_PLACEMENT_3D ( 'NONE', #1542, #4686, #1999 ) ;
#3429 = CARTESIAN_POINT ( 'NONE',  ( -3.018250232624828800, -1.604070625339468800, 2.535280681975729400 ) ) ;
#3430 = VERTEX_POINT ( 'NONE', #1452 ) ;
#3431 = CARTESIAN_POINT ( 'NONE',  ( -2.680779144684000100, 0.0000000000000000000, 0.0000000000000000000 ) ) ;
#3432 = VERTEX_POINT ( 'NONE', #5515 ) ;
#3433 = AXIS2_PLACEMENT_3D ( 'NONE', #5553, #4928, #5659 ) ;
#3434 = AXIS2_PLACEMENT_3D ( 'NONE', #2164, #3552, #2648 ) ;
#3435 = CARTESIAN_POINT ( 'NONE',  ( 0.6302204938776281300, 7.849999999999999600, -2.522463504016784900 ) ) ;
#3436 = FACE_OUTER_BOUND ( 'NONE', #1247, .T. ) ;
#3437 = VERTEX_POINT ( 'NONE', #28 ) ;
#3438 = CARTESIAN_POINT ( 'NONE',  ( -3.186318900317040900, -1.713724601049167600, 2.462348338925408600 ) ) ;
#3439 = DIRECTION ( 'NONE',  ( -1.000000000000000000, 0.0000000000000000000, 0.0000000000000000000 ) ) ;
#3440 = CARTESIAN_POINT ( 'NONE',  ( -2.988067718840158100, 3.000012561931946200, -0.003689996214047333300 ) ) ;
#3441 = EDGE_CURVE ( 'NONE', #4164, #4184, #1060, .T. ) ;
#3442 = CONICAL_SURFACE ( 'NONE', #3703, 1.804999999999000100, 0.7853981633974482800 ) ;
#3443 = CARTESIAN_POINT ( 'NONE',  ( -3.487710664199379400, 2.799962953785575700, -0.01499034482223186500 ) ) ;
#3444 = CARTESIAN_POINT ( 'NONE',  ( 0.8825142193407029500, 0.6622945447522068400, 2.029643750180717600 ) ) ;
#3445 = ORIENTED_EDGE ( 'NONE', *, *, #5127, .T. ) ;
#3446 = CARTESIAN_POINT ( 'NONE',  ( -1.333552132493657400, 3.140605763927301700, 1.061001517158463000 ) ) ;
#3447 = EDGE_CURVE ( 'NONE', #4628, #4522, #1043, .T. ) ;
#3448 = CARTESIAN_POINT ( 'NONE',  ( 0.2616803686089310700, 13.40444699254131300, 2.594001546622977100 ) ) ;
#3449 = VECTOR ( 'NONE', #491, 1000.000000000000100 ) ;
#3450 = CARTESIAN_POINT ( 'NONE',  ( -3.143395418464728100, -1.646653233847951600, 2.386843982828648500 ) ) ;
#3451 = ORIENTED_EDGE ( 'NONE', *, *, #823, .T. ) ;
#3452 = DIRECTION ( 'NONE',  ( 0.0000000000000000000, 0.0000000000000000000, 1.000000000000000000 ) ) ;
#3453 = EDGE_CURVE ( 'NONE', #1086, #5212, #901, .T. ) ;
#3454 = CIRCLE ( 'NONE', #4573, 3.000000000000000000 ) ;
#3455 = DIRECTION ( 'NONE',  ( -0.0000000000000000000, 0.0000000000000000000, -1.000000000000000000 ) ) ;
#3456 = CARTESIAN_POINT ( 'NONE',  ( -1.404533707256432300, 3.140605763927301700, 0.9650754243433228300 ) ) ;
#3457 = LINE ( 'NONE', #2134, #3449 ) ;
#3458 = CARTESIAN_POINT ( 'NONE',  ( 1.060300305429726400, 5.131106971347153800, 1.486486204829943600 ) ) ;
#3459 = DIRECTION ( 'NONE',  ( 0.0000000000000000000, -0.0000000000000000000, -1.000000000000000000 ) ) ;
#3460 = AXIS2_PLACEMENT_3D ( 'NONE', #1944, #5103, #2444 ) ;
#3461 = CARTESIAN_POINT ( 'NONE',  ( -3.458430295316530200, -1.566221545168615900, 2.443272895193868300 ) ) ;
#3462 = CARTESIAN_POINT ( 'NONE',  ( -3.108161133018344300, -1.463219499964888900, 2.387362086141571200 ) ) ;
#3463 = FACE_OUTER_BOUND ( 'NONE', #5004, .T. ) ;
#3464 = CARTESIAN_POINT ( 'NONE',  ( -7.180779144684000100, 0.0000000000000000000, 0.0000000000000000000 ) ) ;
#3465 = B_SPLINE_CURVE_WITH_KNOTS ( 'NONE', 3,
 ( #2488, #5154, #4709, #2021, #5169, #2514 ),
 .UNSPECIFIED., .F., .F.,
 ( 4, 2, 4 ),
 ( 0.0000000000000000000, 0.0003909746316630520900, 0.0007819492633261038600 ),
 .UNSPECIFIED. ) ;
#3466 = DIRECTION ( 'NONE',  ( 0.0000000000000000000, 1.000000000000000000, 0.0000000000000000000 ) ) ;
#3467 = CARTESIAN_POINT ( 'NONE',  ( -3.335756610343525000, -1.695953484649857000, 2.474658481831992300 ) ) ;
#3468 = CARTESIAN_POINT ( 'NONE',  ( -2.395945327996367200, 7.949999999999994000, 4.698288207349513400 ) ) ;
#3469 = CIRCLE ( 'NONE', #5697, 2.600000000000000500 ) ;
#3470 = CARTESIAN_POINT ( 'NONE',  ( 0.6499999999992908100, 7.755944859625933500, -2.449179315270916500 ) ) ;
#3471 = CARTESIAN_POINT ( 'NONE',  ( -3.356994986764183100, -1.586254984182705400, -2.308033345572529300 ) ) ;
#3472 = CARTESIAN_POINT ( 'NONE',  ( -0.6500000000000001300, 8.050000000000000700, -2.310303010429791900 ) ) ;
#3473 = PRODUCT_DEFINITION_FORMATION_WITH_SPECIFIED_SOURCE ( 'ANY', '', #66, .NOT_KNOWN. ) ;
#3474 = EDGE_CURVE ( 'NONE', #2566, #347, #131, .T. ) ;
#3475 = DATE_AND_TIME ( #3477, #3480 ) ;
#3476 = B_SPLINE_SURFACE_WITH_KNOTS ( 'NONE', 3, 3, ( 
 ( #786, #751, #206, #185, #140, #106, #77, #5719, #5642, #5629, #5621, #5603, #5586 ),
 ( #5581, #5567, #5548, #5528, #5514, #5421, #5396, #5362, #5328, #5193, #5179, #5174, #5163 ),
 ( #5144, #5101, #5081, #4960, #4944, #4843, #4806, #4783, #4737, #4722, #4714, #4699, #4676 ),
 ( #4671, #4663, #4636, #4512, #4489, #4471, #4457, #4442, #4425, #4408, #4373, #4355, #4322 ),
 ( #4281, #4275, #4262, #4253, #4239, #4232, #4211, #4121, #4094, #4072, #4059, #4025, #4005 ),
 ( #3973, #3954, #3916, #3893, #3873, #3855, #3850, #3831, #3824, #3775, #3766, #3749, #3618 ),
 ( #3585, #3571, #3555, #3536, #3500, #3479, #3458, #3402, #3388, #3379, #3357, #3346, #3325 ),
 ( #3180, #3140, #3125, #3107, #3090, #3066, #3051, #3020, #2998, #2983, #2978, #2963, #2956 ),
 ( #2933, #2913, #2901, #2816, #2790, #2771, #2756, #2734, #2713, #2693, #2676, #2613, #2590 ),
 ( #2568, #2548, #2540, #2526, #2518, #2501, #2495, #2478, #2435, #2419, #2331, #2267, #2247 ),
 ( #2210, #2187, #2124, #2105, #2082, #2057, #2052, #2034, #2028, #1977, #1935, #1919, #1843 ),
 ( #1823, #1737, #1718, #1704, #1685, #1663, #1643, #1611, #1592, #1588, #1576, #1534, #1527 ),
 ( #1506, #1496, #1488, #1384, #1359, #1342, #1316, #1297, #1275, #1261, #1237, #1182, #1163 ),
 ( #1117, #1099, #1094, #1080, #1073, #1056, #1017, #1009, #905, #886, #866, #847, #830 ),
 ( #806, #711, #672, #664, #647, #640, #625, #618, #604, #586, #580, #564, #555 ),
 ( #541, #521, #433, #414, #393, #351, #334, #323, #303, #289, #235, #214, #193 ),
 ( #174, #165, #148, #101, #85, #62, #4812, #4831, #3627, #1510, #3345, #1493, #3487 ),
 ( #1326, #3890, #1410, #3498, #1903, #3362, #1847, #3478, #1786, #3444, #1555, #3074, #2009 ),
 ( #1959, #2720, #2523, #2742, #2759, #2455, #2599, #3383, #3589, #3220, #3306, #3064, #3024 ) ),
 .UNSPECIFIED., .F., .F., .F.,
 ( 4, 3, 3, 3, 3, 3, 4 ),
 ( 4, 3, 3, 3, 4 ),
 ( 2.797874474466827800, 2.804680107889964400, 2.973136380739877200, 3.141592653589790500, 3.310048926439703700, 3.478505199289616500, 3.485243450203613100 ),
 ( 2.303834612632533300, 2.513274122871848300, 2.722713633111163200, 2.932153143350478600, 3.141592653589793600 ),
 .UNSPECIFIED. ) ;
#3477 = CALENDAR_DATE ( 2016, 15, 9 ) ;
#3478 = CARTESIAN_POINT ( 'NONE',  ( 1.159426031542056600, 0.6622945447522068400, 1.891531132407134000 ) ) ;
#3479 = CARTESIAN_POINT ( 'NONE',  ( 1.164076619668753300, 5.131106971347153800, 1.412463279271344300 ) ) ;
#3480 = LOCAL_TIME ( 14, 32, 24.00000000000000000, #3482 ) ;
#3481 = CARTESIAN_POINT ( 'NONE',  ( -1.464769572750587200, 3.140605763927301700, 0.8628152170332116200 ) ) ;
#3482 = COORDINATED_UNIVERSAL_TIME_OFFSET ( 8, 0, .BEHIND. ) ;
#3483 = CARTESIAN_POINT ( 'NONE',  ( -3.477225219513041800, -1.386548499281855300, 2.546403295081618400 ) ) ;
#3484 = ORIENTED_EDGE ( 'NONE', *, *, #5418, .F. ) ;
#3485 = EDGE_CURVE ( 'NONE', #4314, #558, #898, .T. ) ;
#3486 = CARTESIAN_POINT ( 'NONE',  ( -3.459204289561878200, -1.552083077449844200, 2.449218813508789800 ) ) ;
#3487 = CARTESIAN_POINT ( 'NONE',  ( 0.4399259790608328600, 0.6811472723761138300, 2.162305269131643100 ) ) ;
#3488 = ORIENTED_EDGE ( 'NONE', *, *, #5043, .F. ) ;
#3489 =( BOUNDED_SURFACE ( )  B_SPLINE_SURFACE ( 3, 3, ( 
 ( #3919, #4807, #5260, #2616 ),
 ( #5685, #3092, #272, #3521 ),
 ( #729, #3957, #1201, #4390 ),
 ( #1665, #4823, #2148, #5281 ) ),
 .UNSPECIFIED., .F., .F., .F. ) 
 B_SPLINE_SURFACE_WITH_KNOTS ( ( 4, 4 ),
 ( 4, 4 ),
 ( 0.0000000000000000000, 1.000000000000000000 ),
 ( 0.0000000000000000000, 1.000000000000000000 ),
 .UNSPECIFIED. ) 
 GEOMETRIC_REPRESENTATION_ITEM ( )  RATIONAL_B_SPLINE_SURFACE ( (
 ( 1.000000000000000000, 0.8632894932787653600, 0.8632894932787653600, 1.000000000000000000),
 ( 0.8047378541243884700, 0.6947217343092843000, 0.6947217343092843000, 0.8047378541243884700),
 ( 0.8047378541243884700, 0.6947217343092843000, 0.6947217343092843000, 0.8047378541243884700),
 ( 1.000000000000000000, 0.8632894932787653600, 0.8632894932787653600, 1.000000000000000000) ) ) 
 REPRESENTATION_ITEM ( '' )  SURFACE ( )  );
#3490 = ORIENTED_EDGE ( 'NONE', *, *, #4899, .T. ) ;
#3491 = DIRECTION ( 'NONE',  ( -0.2300000000000108600, 0.0000000000000000000, -0.9731906288081462200 ) ) ;
#3492 = ADVANCED_FACE ( 'NONE', ( #890, #841 ), #2920, .T. ) ;
#3493 = ORIENTED_EDGE ( 'NONE', *, *, #2887, .T. ) ;
#3494 = B_SPLINE_SURFACE_WITH_KNOTS ( 'NONE', 3, 1, ( 
 ( #5225, #5201 ),
 ( #4747, #4727 ),
 ( #4679, #4329 ),
 ( #2574, #2089 ),
 ( #2064, #2039 ),
 ( #1993, #1615 ),
 ( #1597, #1581 ),
 ( #1128, #5653 ),
 ( #5232, #4776 ),
 ( #3907, #3471 ),
 ( #3040, #2581 ),
 ( #2559, #2096 ),
 ( #1620, #684 ),
 ( #226, #4950 ),
 ( #5383, #2275 ),
 ( #401, #5806 ),
 ( #4588, #4496 ),
 ( #4082, #3694 ),
 ( #2760, #2356 ),
 ( #26, #5533 ),
 ( #5055, #4217 ),
 ( #520, #1514 ),
 ( #1037, #5812 ),
 ( #5388, #4912 ),
 ( #5373, #5359 ),
 ( #4107, #2241 ),
 ( #1286, #1304 ),
 ( #361, #4955 ),
 ( #5843, #5793 ),
 ( #5763, #5430 ),
 ( #5338, #4988 ) ),
 .UNSPECIFIED., .F., .F., .F.,
 ( 4, 3, 3, 3, 3, 3, 3, 3, 3, 3, 4 ),
 ( 2, 2 ),
 ( 0.0000000000000000000, 0.05398547138808113700, 0.1078687631320138500, 0.1626377911165135000, 0.2150605640337607500, 0.2701683683781001500, 0.3223059562821073400, 0.3769582833954384600, 0.4303422509708376700, 0.4838617943776331600, 0.5000000000000000000 ),
 ( 0.0000000000000000000, 1.000000000000000000 ),
 .UNSPECIFIED. ) ;
#3495 = CARTESIAN_POINT ( 'NONE',  ( -7.238155578049998900, 0.3926990816987244700, -3.000000000000000000 ) ) ;
#3496 = ORIENTED_EDGE ( 'NONE', *, *, #2563, .T. ) ;
#3497 = DIRECTION ( 'NONE',  ( 0.0000000000000000000, 0.0000000000000000000, 1.000000000000000000 ) ) ;
#3498 = CARTESIAN_POINT ( 'NONE',  ( 1.631747341971975000, 0.6622945447522068400, 1.495220957569004700 ) ) ;
#3499 = DIRECTION ( 'NONE',  ( 0.0000000000000000000, 0.0000000000000000000, 1.000000000000000000 ) ) ;
#3500 = CARTESIAN_POINT ( 'NONE',  ( 1.260069738863133200, 5.131106971347153800, 1.327535741496546500 ) ) ;
#3501 = CARTESIAN_POINT ( 'NONE',  ( -0.3473312860536494900, 2.641218221367604500, 1.707187812757524800 ) ) ;
#3502 = B_SPLINE_CURVE_WITH_KNOTS ( 'NONE', 3,
 ( #1770, #4480, #5370, #2747, #5791, #3200, #383, #3632, #856, #4066, #1332, #4499, #1790, #4952, #2280, #5387 ),
 .UNSPECIFIED., .F., .F.,
 ( 4, 3, 3, 3, 3, 4 ),
 ( 3.496446946337351300E-018, 3.248253146141048200E-005, 6.492391739830801100E-005, 9.800251138385706900E-005, 0.0001324921720498979900, 0.0001596947115071615600 ),
 .UNSPECIFIED. ) ;
#3503 = CARTESIAN_POINT ( 'NONE',  ( -3.357237743387890800, -1.304306514824874500, 2.701673679651846800 ) ) ;
#3504 = EDGE_LOOP ( 'NONE', ( #4436, #3088 ) ) ;
#3505 = CARTESIAN_POINT ( 'NONE',  ( -3.487767810415717500, -1.488561698718388100, 2.604646630368892000 ) ) ;
#3506 = CARTESIAN_POINT ( 'NONE',  ( -3.215237576273106200, -1.230640463464873100, 2.633888331171184900 ) ) ;
#3507 = FACE_OUTER_BOUND ( 'NONE', #723, .T. ) ;
#3508 = AXIS2_PLACEMENT_3D ( 'NONE', #616, #364, #348 ) ;
#3509 =( GEOMETRIC_REPRESENTATION_CONTEXT ( 3 ) GLOBAL_UNCERTAINTY_ASSIGNED_CONTEXT ( ( #3144 ) ) GLOBAL_UNIT_ASSIGNED_CONTEXT ( ( #3124, #2674, #5734 ) ) REPRESENTATION_CONTEXT ( 'NONE', 'WORKASPACE' ) );
#3510 = ORIENTED_EDGE ( 'NONE', *, *, #432, .T. ) ;
#3511 = PRODUCT_RELATED_PRODUCT_CATEGORY ( 'detail', '', ( #4647 ) ) ;
#3512 = ORIENTED_EDGE ( 'NONE', *, *, #3194, .T. ) ;
#3513 = VECTOR ( 'NONE', #720, 1000.000000000000000 ) ;
#3514 = EDGE_LOOP ( 'NONE', ( #3488, #3965 ) ) ;
#3515 = ORIENTED_EDGE ( 'NONE', *, *, #2970, .F. ) ;
#3516 = CARTESIAN_POINT ( 'NONE',  ( -7.238155578050000600, 2.921918030004946800, -0.7852436530778402800 ) ) ;
#3517 = CARTESIAN_POINT ( 'NONE',  ( -0.4455576994068430300, 14.11167665189833900, 2.380170983934736500 ) ) ;
#3518 = CARTESIAN_POINT ( 'NONE',  ( -15.03815557810020000, 2.210487472459747700E-016, -1.804999999999000100 ) ) ;
#3519 = VECTOR ( 'NONE', #722, 1000.000000000000000 ) ;
#3520 = CARTESIAN_POINT ( 'NONE',  ( -3.021965429073621300, -1.621351845863971500, 2.524511929540201600 ) ) ;
#3521 = CARTESIAN_POINT ( 'NONE',  ( -2.199848535029894400, 7.908578643762685300, 0.02581516854146984100 ) ) ;
#3522 = CARTESIAN_POINT ( 'NONE',  ( -3.192906638795809800, -1.230342305033002200, 2.625800470986667800 ) ) ;
#3523 = ADVANCED_FACE ( 'NONE', ( #825 ), #2452, .F. ) ;
#3524 = CARTESIAN_POINT ( 'NONE',  ( -2.192097433066412000, 7.734795065813667500, 1.087419448912212200 ) ) ;
#3525 = VECTOR ( 'NONE', #736, 1000.000000000000000 ) ;
#3526 = CARTESIAN_POINT ( 'NONE',  ( -3.016989460940521000, -1.281652512327325000, 2.490572901811763700 ) ) ;
#3527 = CARTESIAN_POINT ( 'NONE',  ( -3.487710664199361200, -1.512965052175726300, -2.590551650799709700 ) ) ;
#3528 = DIRECTION ( 'NONE',  ( -1.000000000000000000, 0.0000000000000000000, 0.0000000000000000000 ) ) ;
#3529 = FACE_OUTER_BOUND ( 'NONE', #2937, .T. ) ;
#3530 = VECTOR ( 'NONE', #3038, 1000.000000000000000 ) ;
#3531 = CARTESIAN_POINT ( 'NONE',  ( -0.6500000000000001300, 7.750000000000000000, -2.778418443610000100 ) ) ;
#3532 = CIRCLE ( 'NONE', #250, 2.200000000000000200 ) ;
#3533 = DIRECTION ( 'NONE',  ( 0.0000000000000000000, 0.0000000000000000000, 1.000000000000000000 ) ) ;
#3534 = AXIS2_PLACEMENT_3D ( 'NONE', #1518, #3264, #448 ) ;
#3535 = DIRECTION ( 'NONE',  ( 1.000000000000000000, -0.0000000000000000000, -0.0000000000000000000 ) ) ;
#3536 = CARTESIAN_POINT ( 'NONE',  ( 1.346188060036869900, 5.131106971347153800, 1.233554085501834800 ) ) ;
#3537 = CARTESIAN_POINT ( 'NONE',  ( -1.289050493896990400, 0.6434418171282300100, 1.807182141412765300 ) ) ;
#3538 = CARTESIAN_POINT ( 'NONE',  ( 2.149999999999999900, 0.0000000000000000000, 1.066536450385000100 ) ) ;
#3539 = VECTOR ( 'NONE', #1013, 1000.000000000000000 ) ;
#3540 = CARTESIAN_POINT ( 'NONE',  ( -3.030719221119804200, -1.375196820807015100, 2.666362138530662400 ) ) ;
#3541 = CARTESIAN_POINT ( 'NONE',  ( -3.098771187990298200, -1.353986071066287400, 2.450899439843846000 ) ) ;
#3542 = AXIS2_PLACEMENT_3D ( 'NONE', #375, #4515, #1805 ) ;
#3543 = CARTESIAN_POINT ( 'NONE',  ( -0.9494745003083822100, 2.621839195040589000, 1.002384294633479300 ) ) ;
#3544 = APPROVAL_PERSON_ORGANIZATION ( #3545, #3742, #4540 ) ;
#3545 = PERSON_AND_ORGANIZATION ( #4182, #5189 ) ;
#3546 = EDGE_CURVE ( 'NONE', #2925, #4712, #4848, .T. ) ;
#3547 = ORIENTED_EDGE ( 'NONE', *, *, #935, .F. ) ;
#3548 = ADVANCED_FACE ( 'NONE', ( #832 ), #2432, .F. ) ;
#3549 = CARTESIAN_POINT ( 'NONE',  ( -0.3807169516091215600, 5.623432164061879000, 1.871283601549492500 ) ) ;
#3550 = DATE_AND_TIME ( #3599, #3602 ) ;
#3551 = EDGE_CURVE ( 'NONE', #5187, #2271, #876, .T. ) ;
#3552 = DIRECTION ( 'NONE',  ( -0.0000000000000000000, -0.0000000000000000000, -1.000000000000000000 ) ) ;
#3553 = VERTEX_POINT ( 'NONE', #4700 ) ;
#3554 =( NAMED_UNIT ( * ) PLANE_ANGLE_UNIT ( ) SI_UNIT ( $, .RADIAN. ) );
#3555 = CARTESIAN_POINT ( 'NONE',  ( 1.432306381210606700, 5.131106971347153800, 1.139572429507123000 ) ) ;
#3556 = ORIENTED_EDGE ( 'NONE', *, *, #5594, .T. ) ;
#3557 = CARTESIAN_POINT ( 'NONE',  ( -2.987571704029674500, -1.446140377520433800, 2.513063361556932200 ) ) ;
#3558 = EDGE_CURVE ( 'NONE', #5805, #1676, #2439, .T. ) ;
#3559 = EDGE_CURVE ( 'NONE', #563, #2222, #2426, .T. ) ;
#3560 = ORIENTED_EDGE ( 'NONE', *, *, #4422, .T. ) ;
#3561 = CARTESIAN_POINT ( 'NONE',  ( 2.199848535029895300, 7.908578643763124900, -0.02581516854147013900 ) ) ;
#3562 = DIRECTION ( 'NONE',  ( 1.000000000000000000, -0.0000000000000000000, -0.0000000000000000000 ) ) ;
#3563 = FACE_OUTER_BOUND ( 'NONE', #2954, .T. ) ;
#3564 = VERTEX_POINT ( 'NONE', #605 ) ;
#3565 = EDGE_LOOP ( 'NONE', ( #1872, #1020, #4765, #4397 ) ) ;
#3566 = CARTESIAN_POINT ( 'NONE',  ( -0.6499999999990455600, 7.817692800296947900, -2.511900364166754800 ) ) ;
#3567 = FACE_OUTER_BOUND ( 'NONE', #4170, .T. ) ;
#3568 = CARTESIAN_POINT ( 'NONE',  ( -17.68077914467999900, 0.0000000000000000000, -0.5000000000000000000 ) ) ;
#3569 = ORIENTED_EDGE ( 'NONE', *, *, #3826, .F. ) ;
#3570 =( NAMED_UNIT ( * ) PLANE_ANGLE_UNIT ( ) SI_UNIT ( $, .RADIAN. ) );
#3571 = CARTESIAN_POINT ( 'NONE',  ( 1.508544392461796900, 5.131106971347153800, 1.036542670477901500 ) ) ;
#3572 = CARTESIAN_POINT ( 'NONE',  ( -2.238155578050000200, 0.0000000000000000000, 0.0000000000000000000 ) ) ;
#3573 = VERTEX_POINT ( 'NONE', #4299 ) ;
#3574 = FACE_OUTER_BOUND ( 'NONE', #2732, .T. ) ;
#3575 = ADVANCED_FACE ( 'NONE', ( #837 ), #4283, .F. ) ;
#3576 = B_SPLINE_SURFACE_WITH_KNOTS ( 'NONE', 3, 1, ( 
 ( #5098, #513 ),
 ( #2914, #102 ),
 ( #3358, #557 ),
 ( #3788, #1032 ),
 ( #4234, #1507 ),
 ( #4659, #1954 ),
 ( #5118, #2453 ),
 ( #5551, #2934 ),
 ( #117, #3380 ),
 ( #581, #3805 ),
 ( #1050, #4256 ),
 ( #1528, #4672 ),
 ( #1978, #5140 ),
 ( #2474, #5568 ),
 ( #2958, #142 ),
 ( #3403, #600 ),
 ( #3825, #1075 ),
 ( #4276, #1552 ),
 ( #4694, #2006 ),
 ( #5160, #2496 ),
 ( #5582, #2979 ),
 ( #167, #3419 ),
 ( #619, #3851 ),
 ( #1095, #4294 ),
 ( #1572, #4716 ),
 ( #2029, #5175 ),
 ( #2519, #5599 ),
 ( #3000, #186 ),
 ( #3440, #641 ),
 ( #3868, #1118 ),
 ( #4316, #1589 ) ),
 .UNSPECIFIED., .F., .F., .F.,
 ( 4, 3, 3, 3, 3, 3, 3, 3, 3, 3, 4 ),
 ( 2, 2 ),
 ( 0.0000000000000000000, 0.05398547138808072000, 0.1078687631320130500, 0.1626377911165144100, 0.2150605640337598100, 0.2701683683781022600, 0.3223059562821094500, 0.3769582833954391300, 0.4303422509708367300, 0.4838617943776336600, 0.5000000000000000000 ),
 ( 0.0000000000000000000, 1.000000000000000000 ),
 .UNSPECIFIED. ) ;
#3577 = CARTESIAN_POINT ( 'NONE',  ( -3.487610924279307000, -1.414310836036339400, -2.416556441905497500 ) ) ;
#3578 = CARTESIAN_POINT ( 'NONE',  ( 2.299841650258526800, 7.849999999999999600, -0.02698858529335514500 ) ) ;
#3579 = CC_DESIGN_PERSON_AND_ORGANIZATION_ASSIGNMENT ( #4300, #2769, ( #2683 ) ) ;
#3580 = VECTOR ( 'NONE', #3394, 1000.000000000000000 ) ;
#3581 = EDGE_CURVE ( 'NONE', #5561, #2728, #5803, .T. ) ;
#3582 = CARTESIAN_POINT ( 'NONE',  ( -0.6576402382687039900, 14.69999999999999900, 2.556562247870021400 ) ) ;
#3583 = DIRECTION ( 'NONE',  ( 0.7071067811865544600, 0.0000000000000000000, -0.7071067811865406900 ) ) ;
#3584 = DIRECTION ( 'NONE',  ( 1.000000000000000000, 0.0000000000000000000, 0.0000000000000000000 ) ) ;
#3585 = CARTESIAN_POINT ( 'NONE',  ( 1.573240936693397700, 5.131106971347153800, 0.9267097333880658400 ) ) ;
#3586 = CARTESIAN_POINT ( 'NONE',  ( -0.4665154791838039800, 2.641218221367604500, 1.682939514610235700 ) ) ;
#3587 = CARTESIAN_POINT ( 'NONE',  ( 0.6500000000044015000, 7.918883861641929500, -2.129608494318192800 ) ) ;
#3588 = CARTESIAN_POINT ( 'NONE',  ( 0.0000000000000000000, 9.250000000000000000, 0.0000000000000000000 ) ) ;
#3589 = CARTESIAN_POINT ( 'NONE',  ( 1.027265991651291200, 0.6434418171282997300, 1.973904600733302300 ) ) ;
#3590 = VECTOR ( 'NONE', #1940, 1000.000000000000000 ) ;
#3591 = CARTESIAN_POINT ( 'NONE',  ( -3.221670929944792800, -1.612226934103057500, -2.290188225867560800 ) ) ;
#3592 = DIRECTION ( 'NONE',  ( -1.000000000000000000, 0.0000000000000000000, 0.0000000000000000000 ) ) ;
#3593 = CYLINDRICAL_SURFACE ( 'NONE', #4302, 0.6599999999999000000 ) ;
#3594 = ADVANCED_FACE ( 'NONE', ( #5815 ), #5694, .T. ) ;
#3595 = CARTESIAN_POINT ( 'NONE',  ( -0.4999999999999880700, 13.84999999999990400, 2.373887304912046100 ) ) ;
#3596 = CARTESIAN_POINT ( 'NONE',  ( -1.150000000000164000, 9.449999999999999300, 2.465953144040758700 ) ) ;
#3597 = AXIS2_PLACEMENT_3D ( 'NONE', #2802, #5842, #3260 ) ;
#3598 = CARTESIAN_POINT ( 'NONE',  ( 0.0000000000000000000, 7.750000000000000000, 0.0000000000000000000 ) ) ;
#3599 = CALENDAR_DATE ( 2016, 15, 9 ) ;
#3600 = CARTESIAN_POINT ( 'NONE',  ( -2.988516571607772800, -1.511615740886151000, 2.591335148510359500 ) ) ;
#3601 = DIRECTION ( 'NONE',  ( 0.0000000000000000000, -0.0000000000000000000, 1.000000000000000000 ) ) ;
#3602 = LOCAL_TIME ( 14, 32, 24.00000000000000000, #3608 ) ;
#3603 = CARTESIAN_POINT ( 'NONE',  ( -17.68077914467999500, 0.9999999999999998900, -0.5000000000000000000 ) ) ;
#3604 = AXIS2_PLACEMENT_3D ( 'NONE', #5308, #5210, #5190 ) ;
#3605 = AXIS2_PLACEMENT_3D ( 'NONE', #1557, #4698, #2011 ) ;
#3606 = CARTESIAN_POINT ( 'NONE',  ( -3.119073412593649700, -1.304306514886049100, -2.701673679622382800 ) ) ;
#3607 = CC_DESIGN_APPROVAL ( #3321, ( #2390 ) ) ;
#3608 = COORDINATED_UNIVERSAL_TIME_OFFSET ( 8, 0, .BEHIND. ) ;
#3609 = PERSON_AND_ORGANIZATION ( #4182, #5189 ) ;
#3610 = ORIENTED_EDGE ( 'NONE', *, *, #4746, .F. ) ;
#3611 = CARTESIAN_POINT ( 'NONE',  ( -2.988506319570664700, -1.410445522275949300, -2.418812342842017800 ) ) ;
#3612 = EDGE_CURVE ( 'NONE', #4916, #2271, #181, .T. ) ;
#3613 = ORIENTED_EDGE ( 'NONE', *, *, #4896, .F. ) ;
#3614 = CARTESIAN_POINT ( 'NONE',  ( -2.238155578050000200, 3.000000000000000000, 0.0000000000000000000 ) ) ;
#3615 = CARTESIAN_POINT ( 'NONE',  ( -2.349791658518150000, 7.949999999999989500, -1.116390347712098900 ) ) ;
#3616 = EDGE_CURVE ( 'NONE', #1560, #1946, #5769, .T. ) ;
#3617 = APPLICATION_CONTEXT ( 'configuration controlled 3d designs of mechanical parts and assemblies' ) ;
#3618 = CARTESIAN_POINT ( 'NONE',  ( 0.3807169516091245500, 5.623432164061924300, 1.871283601549503400 ) ) ;
#3619 = ORIENTED_EDGE ( 'NONE', *, *, #3714, .F. ) ;
#3620 = CARTESIAN_POINT ( 'NONE',  ( -0.5831473409186471700, 2.641218221367604500, 1.646165629860537200 ) ) ;
#3621 = CARTESIAN_POINT ( 'NONE',  ( 1.695109932205125700, 7.949999999999995700, -1.982211128968845800 ) ) ;
#3622 = DIRECTION ( 'NONE',  ( 0.0000000000000000000, 0.0000000000000000000, 1.000000000000000000 ) ) ;
#3623 = ORIENTED_EDGE ( 'NONE', *, *, #2854, .F. ) ;
#3624 = CYLINDRICAL_SURFACE ( 'NONE', #3707, 3.000000000000000000 ) ;
#3625 = ADVANCED_FACE ( 'NONE', ( #5755 ), #5476, .T. ) ;
#3626 = EDGE_CURVE ( 'NONE', #952, #1371, #5481, .T. ) ;
#3627 = CARTESIAN_POINT ( 'NONE',  ( 1.021154175695539300, 0.6811472723761138300, 1.962160669042833900 ) ) ;
#3628 = CARTESIAN_POINT ( 'NONE',  ( -3.261998084193885400, -1.274341429719559200, 2.493475559017922700 ) ) ;
#3629 = DIRECTION ( 'NONE',  ( 0.0000000000000000000, 0.0000000000000000000, -1.000000000000000000 ) ) ;
#3630 = CIRCLE ( 'NONE', #743, 2.299999999999980700 ) ;
#3631 = EDGE_LOOP ( 'NONE', ( #731, #3569, #1821, #1398 ) ) ;
#3632 = CARTESIAN_POINT ( 'NONE',  ( -0.6500000000004374500, 7.919050417085173900, -2.129882550579606600 ) ) ;
#3633 = ORIENTED_EDGE ( 'NONE', *, *, #5381, .T. ) ;
#3634 = LINE ( 'NONE', #3801, #3580 ) ;
#3635 = AXIS2_PLACEMENT_3D ( 'NONE', #4778, #2098, #5237 ) ;
#3636 = VERTEX_POINT ( 'NONE', #3323 ) ;
#3637 = EDGE_CURVE ( 'NONE', #2177, #154, #5611, .T. ) ;
#3638 = CARTESIAN_POINT ( 'NONE',  ( -1.238155578050000200, 0.0000000000000000000, 0.5000000000000000000 ) ) ;
#3639 = ORIENTED_EDGE ( 'NONE', *, *, #2573, .T. ) ;
#3640 = APPROVAL_STATUS ( 'not_yet_approved' ) ;
#3641 = LINE ( 'NONE', #5824, #3590 ) ;
#3642 = DIRECTION ( 'NONE',  ( -1.000000000000000000, -0.0000000000000000000, -0.0000000000000000000 ) ) ;
#3643 = DIRECTION ( 'NONE',  ( -0.0000000000000000000, -1.000000000000000000, -0.0000000000000000000 ) ) ;
#3644 = CYLINDRICAL_SURFACE ( 'NONE', #4004, 3.000000000000000000 ) ;
#3645 = CARTESIAN_POINT ( 'NONE',  ( -3.388148562126508600, -1.396894035896876400, 2.426665483703138300 ) ) ;
#3646 = CARTESIAN_POINT ( 'NONE',  ( 0.0000000000000000000, 6.580000000000000100, 0.0000000000000000000 ) ) ;
#3647 = EDGE_CURVE ( 'NONE', #1480, #3573, #5492, .T. ) ;
#3648 = ADVANCED_FACE ( 'NONE', ( #5775 ), #5292, .F. ) ;
#3649 = VECTOR ( 'NONE', #2777, 1000.000000000000000 ) ;
#3650 = ADVANCED_FACE ( 'NONE', ( #5440 ), #3576, .F. ) ;
#3651 = DIRECTION ( 'NONE',  ( 0.9999685000015571300, 0.0000000000000000000, 0.007937191230892658800 ) ) ;
#3652 = CIRCLE ( 'NONE', #3428, 4.800000000000000700 ) ;
#3653 = PERSON_AND_ORGANIZATION_ROLE ( 'creator' ) ;
#3654 = EDGE_CURVE ( 'NONE', #1396, #5413, #5170, .T. ) ;
#3655 = CARTESIAN_POINT ( 'NONE',  ( 0.6499999999953943700, 7.973537710062405600, -2.273348493517227000 ) ) ;
#3656 = CIRCLE ( 'NONE', #5409, 2.399999999999999900 ) ;
#3657 = PLANE ( 'NONE',  #1441 ) ;
#3658 = PLANE ( 'NONE',  #644 ) ;
#3659 = VECTOR ( 'NONE', #2948, 1000.000000000000000 ) ;
#3660 = DIRECTION ( 'NONE',  ( -1.000000000000000000, 0.0000000000000000000, 0.0000000000000000000 ) ) ;
#3661 = CARTESIAN_POINT ( 'NONE',  ( 0.3987358688344250800, 6.580000000000034700, 1.959849409241723800 ) ) ;
#3662 = APPROVAL_DATE_TIME ( #3666, #2237 ) ;
#3663 = DIRECTION ( 'NONE',  ( -0.2300000000000102800, -0.0000000000000000000, 0.9731906288081462200 ) ) ;
#3664 = EDGE_LOOP ( 'NONE', ( #1446, #1668 ) ) ;
#3665 = CARTESIAN_POINT ( 'NONE',  ( -2.680779144684000100, 0.0000000000000000000, -0.4499999999997882400 ) ) ;
#3666 = DATE_AND_TIME ( #3668, #3673 ) ;
#3667 = CARTESIAN_POINT ( 'NONE',  ( 1.121568541725302300, 9.250000000000000000, 2.345652149448460600 ) ) ;
#3668 = CALENDAR_DATE ( 2016, 15, 9 ) ;
#3669 = ORIENTED_EDGE ( 'NONE', *, *, #5412, .T. ) ;
#3670 = APPROVAL_ROLE ( '' ) ;
#3671 = ADVANCED_FACE ( 'NONE', ( #5431 ), #5194, .T. ) ;
#3672 = CARTESIAN_POINT ( 'NONE',  ( -0.6946855688070463500, 2.641218221367604500, 1.597667428093448000 ) ) ;
#3673 = LOCAL_TIME ( 14, 32, 24.00000000000000000, #3726 ) ;
#3674 = AXIS2_PLACEMENT_3D ( 'NONE', #528, #3592, #2765 ) ;
#3675 = APPROVAL ( #4056, 'UNSPECIFIED' ) ;
#3676 = EDGE_LOOP ( 'NONE', ( #661, #5789, #943, #4517 ) ) ;
#3677 = CARTESIAN_POINT ( 'NONE',  ( -3.072827796595653600, -1.332687638471820000, -2.687791686568310500 ) ) ;
#3678 = APPROVAL ( #5090, 'UNKNOWN' ) ;
#3679 = CARTESIAN_POINT ( 'NONE',  ( -3.072827796595655000, -1.232686082617972900, -2.514583910993523300 ) ) ;
#3680 = DIRECTION ( 'NONE',  ( 1.565188034487842400E-011, 0.4999999999901239000, -0.8660254037901407000 ) ) ;
#3681 = CARTESIAN_POINT ( 'NONE',  ( -4.188155578049999900, -1.104000000000224600, 2.271315018279005400 ) ) ;
#3682 = CARTESIAN_POINT ( 'NONE',  ( -1.138300687624739000, 7.649999999999999500, 3.105991849046209700 ) ) ;
#3683 = ORIENTED_EDGE ( 'NONE', *, *, #865, .F. ) ;
#3684 = VECTOR ( 'NONE', #1994, 1000.000000000000000 ) ;
#3685 = DIRECTION ( 'NONE',  ( 0.0000000000000000000, 1.000000000000000000, 0.0000000000000000000 ) ) ;
#3686 = ORIENTED_EDGE ( 'NONE', *, *, #48, .F. ) ;
#3687 = CARTESIAN_POINT ( 'NONE',  ( -3.088305365732804600, -1.395411783151008400, 2.427514742447283200 ) ) ;
#3688 = CARTESIAN_POINT ( 'NONE',  ( 1.017688975175926600, 0.7000002068674375800, 1.956488419117639700 ) ) ;
#3689 = ORIENTED_EDGE ( 'NONE', *, *, #5479, .T. ) ;
#3690 = MECHANICAL_CONTEXT ( 'NONE', #4920, 'mechanical' ) ;
#3691 = CARTESIAN_POINT ( 'NONE',  ( -3.216745314226469700, -1.523370100435679000, 2.349628311532244900 ) ) ;
#3692 = LINE ( 'NONE', #5723, #3649 ) ;
#3693 = VERTEX_POINT ( 'NONE', #3021 ) ;
#3694 = CARTESIAN_POINT ( 'NONE',  ( -3.140554545886249400, -1.595951928840648300, -2.301450706223093300 ) ) ;
#3695 = CARTESIAN_POINT ( 'NONE',  ( 0.4999999999998999100, 13.98057070604986400, 2.574937185533132700 ) ) ;
#3696 = CARTESIAN_POINT ( 'NONE',  ( -3.406697061168628700, -1.237314818909834000, -2.512235120610615300 ) ) ;
#3697 = EDGE_LOOP ( 'NONE', ( #4233, #5759, #1375, #2128 ) ) ;
#3698 = CARTESIAN_POINT ( 'NONE',  ( -2.680779144684000100, 0.0000000000000000000, 0.6599999999999000000 ) ) ;
#3699 = CARTESIAN_POINT ( 'NONE',  ( -1.137435954728039400E-013, 9.299999999999998900, -2.399999999999972800 ) ) ;
#3700 = CARTESIAN_POINT ( 'NONE',  ( 2.150000000000031000, 7.650000000000000400, 1.066536450385014800 ) ) ;
#3701 = ADVANCED_FACE ( 'NONE', ( #5148 ), #5088, .T. ) ;
#3702 = ORIENTED_EDGE ( 'NONE', *, *, #1383, .T. ) ;
#3703 = AXIS2_PLACEMENT_3D ( 'NONE', #3819, #1068, #133 ) ;
#3704 = FACE_OUTER_BOUND ( 'NONE', #3565, .T. ) ;
#3705 = CARTESIAN_POINT ( 'NONE',  ( 0.0000000000000000000, 7.849999999999999600, 2.200000000000000200 ) ) ;
#3706 = PERSON_AND_ORGANIZATION_ROLE ( 'classification_officer' ) ;
#3707 = AXIS2_PLACEMENT_3D ( 'NONE', #5313, #5733, #2182 ) ;
#3708 = CARTESIAN_POINT ( 'NONE',  ( -0.8062237966954458600, 2.641218221367604500, 1.549169226326358800 ) ) ;
#3709 = CARTESIAN_POINT ( 'NONE',  ( -3.487495528184785700, -1.515658985149095600, -2.588975759859924800 ) ) ;
#3710 = CARTESIAN_POINT ( 'NONE',  ( 0.4468912327242041100, 14.11024416879130600, 2.580868811366283200 ) ) ;
#3711 = CIRCLE ( 'NONE', #2643, 2.594999999999000100 ) ;
#3712 = CARTESIAN_POINT ( 'NONE',  ( 0.0000000000000000000, 7.849999999999999600, 0.0000000000000000000 ) ) ;
#3713 = CARTESIAN_POINT ( 'NONE',  ( -0.7886722824621539300, 14.69999999999999600, 2.539176822154601200 ) ) ;
#3714 = EDGE_CURVE ( 'NONE', #376, #4385, #5097, .T. ) ;
#3715 = EDGE_CURVE ( 'NONE', #5326, #5062, #5285, .T. ) ;
#3716 = FACE_OUTER_BOUND ( 'NONE', #680, .T. ) ;
#3717 = CARTESIAN_POINT ( 'NONE',  ( 0.0000000000000000000, 7.950000000000002000, 0.0000000000000000000 ) ) ;
#3718 = DIRECTION ( 'NONE',  ( -0.8958333333338410800, 0.0000000000000000000, 0.4443901876594251700 ) ) ;
#3719 = LINE ( 'NONE', #4063, #3525 ) ;
#3720 = APPROVAL_STATUS ( 'not_yet_approved' ) ;
#3721 = EDGE_CURVE ( 'NONE', #567, #579, #5104, .T. ) ;
#3722 = CARTESIAN_POINT ( 'NONE',  ( 2.158306284914412100, 7.693516931381564600, 1.070656894863373200 ) ) ;
#3723 = DIRECTION ( 'NONE',  ( 0.0000000000000000000, 0.0000000000000000000, 1.000000000000000000 ) ) ;
#3724 = CARTESIAN_POINT ( 'NONE',  ( 0.2601071443764100800, 14.29697099986463400, 2.594107544233656500 ) ) ;
#3725 = CARTESIAN_POINT ( 'NONE',  ( -15.23815557805000000, 0.0000000000000000000, 0.0000000000000000000 ) ) ;
#3726 = COORDINATED_UNIVERSAL_TIME_OFFSET ( 8, 0, .BEHIND. ) ;
#3727 = APPROVAL_PERSON_ORGANIZATION ( #3733, #2237, #3670 ) ;
#3728 = CARTESIAN_POINT ( 'NONE',  ( -0.3987358688344125900, 6.580000000000010700, 1.959849409241662700 ) ) ;
#3729 = CARTESIAN_POINT ( 'NONE',  ( -2.238155578050000200, 0.0000000000000000000, 2.900000000000000800 ) ) ;
#3730 = AXIS2_PLACEMENT_3D ( 'NONE', #2458, #5556, #2939 ) ;
#3731 = CARTESIAN_POINT ( 'NONE',  ( -17.68077914467999500, 6.123233995736752500E-017, 0.5000000000000000000 ) ) ;
#3732 = ORIENTED_EDGE ( 'NONE', *, *, #4627, .F. ) ;
#3733 = PERSON_AND_ORGANIZATION ( #4182, #5189 ) ;
#3734 = ORIENTED_EDGE ( 'NONE', *, *, #5764, .T. ) ;
#3735 = CARTESIAN_POINT ( 'NONE',  ( -0.4056963721432962400, 6.108681809402307600, 1.994061376020120000 ) ) ;
#3736 = DIRECTION ( 'NONE',  ( -1.000000000000000000, 0.0000000000000000000, 0.0000000000000000000 ) ) ;
#3737 = DATE_TIME_ROLE ( 'classification_date' ) ;
#3738 = DIRECTION ( 'NONE',  ( -1.000000000000000000, 0.0000000000000000000, 0.0000000000000000000 ) ) ;
#3739 = VERTEX_POINT ( 'NONE', #3046 ) ;
#3740 = CARTESIAN_POINT ( 'NONE',  ( -0.9126612518642532900, 2.641218221367604500, 1.488949811612266400 ) ) ;
#3741 = ORIENTED_EDGE ( 'NONE', *, *, #3331, .F. ) ;
#3742 = APPROVAL ( #1379, 'UNSPECIFIED' ) ;
#3743 = DIRECTION ( 'NONE',  ( -1.000000000000000000, -0.0000000000000000000, -0.0000000000000000000 ) ) ;
#3744 = EDGE_CURVE ( 'NONE', #716, #1014, #5018, .T. ) ;
#3745 = CARTESIAN_POINT ( 'NONE',  ( -3.051789248556119500, -1.351309826387362900, -2.678530815953082300 ) ) ;
#3746 = ORIENTED_EDGE ( 'NONE', *, *, #496, .F. ) ;
#3747 = DIRECTION ( 'NONE',  ( 0.0000000000000000000, 1.000000000000000000, 0.0000000000000000000 ) ) ;
#3748 = CARTESIAN_POINT ( 'NONE',  ( 2.299927550003571400, 7.950000000000002000, 0.01825553983105304400 ) ) ;
#3749 = CARTESIAN_POINT ( 'NONE',  ( 0.5113571919515876900, 5.623432164061924300, 1.844704544254563500 ) ) ;
#3750 = CARTESIAN_POINT ( 'NONE',  ( -5.571488911383333700, 0.0000000000000000000, 3.000000000000000000 ) ) ;
#3751 = CARTESIAN_POINT ( 'NONE',  ( 0.0000000000000000000, 9.250000000000000000, 0.0000000000000000000 ) ) ;
#3752 = ORIENTED_EDGE ( 'NONE', *, *, #5311, .F. ) ;
#3753 = CYLINDRICAL_SURFACE ( 'NONE', #3434, 0.4999999999999880700 ) ;
#3754 = CARTESIAN_POINT ( 'NONE',  ( 1.097305569337075000, 14.46145956601669100, 2.478980358168642700 ) ) ;
#3755 = DIRECTION ( 'NONE',  ( 0.9999685000015571300, 0.0000000000000000000, 0.007937191230892683100 ) ) ;
#3756 = VECTOR ( 'NONE', #95, 1000.000000000000200 ) ;
#3757 = OPEN_SHELL ( 'NONE', ( #5301 ) ) ;
#3758 = EDGE_CURVE ( 'NONE', #3564, #5413, #5030, .T. ) ;
#3759 = CARTESIAN_POINT ( 'NONE',  ( -1.970833333333000100, 0.0000000000000000000, 0.9776584128530000400 ) ) ;
#3760 = APPROVAL_ROLE ( '' ) ;
#3761 = CARTESIAN_POINT ( 'NONE',  ( 2.299841650258516600, 7.950000000000000200, -0.02698858529335502700 ) ) ;
#3762 = CIRCLE ( 'NONE', #2717, 2.400000000000000400 ) ;
#3763 = DIRECTION ( 'NONE',  ( 0.0000000000000000000, 0.0000000000000000000, 1.000000000000000000 ) ) ;
#3764 = ORIENTED_EDGE ( 'NONE', *, *, #3934, .T. ) ;
#3765 = EDGE_LOOP ( 'NONE', ( #512, #3924 ) ) ;
#3766 = CARTESIAN_POINT ( 'NONE',  ( 0.6391997694651137000, 5.623432164061924300, 1.804395934397380300 ) ) ;
#3767 = ORIENTED_EDGE ( 'NONE', *, *, #1147, .T. ) ;
#3768 = LINE ( 'NONE', #1925, #3756 ) ;
#3769 = DIRECTION ( 'NONE',  ( 0.0000000000000000000, 1.000000000000000000, 0.0000000000000000000 ) ) ;
#3770 = CARTESIAN_POINT ( 'NONE',  ( -3.406697061168627400, -1.337316374763681400, -2.685442896185402400 ) ) ;
#3771 = ORIENTED_EDGE ( 'NONE', *, *, #1573, .T. ) ;
#3772 = AXIS2_PLACEMENT_3D ( 'NONE', #3332, #527, #3755 ) ;
#3773 = CARTESIAN_POINT ( 'NONE',  ( 0.1303566018351829900, 14.35004732072989800, 2.600004732072706200 ) ) ;
#3774 = CARTESIAN_POINT ( 'NONE',  ( 0.6499999999999652700, 7.750000000000000000, -2.414021540914868400 ) ) ;
#3775 = CARTESIAN_POINT ( 'NONE',  ( 0.7614591103728488600, 5.623432164061924300, 1.751236060016129000 ) ) ;
#3776 = CARTESIAN_POINT ( 'NONE',  ( -17.68077914467999900, 0.0000000000000000000, 0.0000000000000000000 ) ) ;
#3777 = CARTESIAN_POINT ( 'NONE',  ( -2.238155578050000200, 3.000000000000000000, 0.3926990816987242500 ) ) ;
#3778 = CIRCLE ( 'NONE', #3317, 2.299999999999980700 ) ;
#3779 = CARTESIAN_POINT ( 'NONE',  ( 0.3389254885092487500, 3.640000000000024500, 1.665871997855407300 ) ) ;
#3780 = CARTESIAN_POINT ( 'NONE',  ( 0.0000000000000000000, 0.0000000000000000000, 2.600000000000000500 ) ) ;
#3781 = CARTESIAN_POINT ( 'NONE',  ( -2.238155578050000200, 0.0000000000000000000, 0.0000000000000000000 ) ) ;
#3782 = AXIS2_PLACEMENT_3D ( 'NONE', #985, #1004, #1523 ) ;
#3783 = CARTESIAN_POINT ( 'NONE',  ( -1.238155578050000000, 1.906207602793561400E-012, -2.399999999999549200 ) ) ;
#3784 =( GEOMETRIC_REPRESENTATION_CONTEXT ( 3 ) GLOBAL_UNCERTAINTY_ASSIGNED_CONTEXT ( ( #2705 ) ) GLOBAL_UNIT_ASSIGNED_CONTEXT ( ( #322, #3570, #785 ) ) REPRESENTATION_CONTEXT ( 'NONE', 'WORKASPACE' ) );
#3785 = CARTESIAN_POINT ( 'NONE',  ( -1.011678758732375400, 2.641218221367604500, 1.418321310362790700 ) ) ;
#3786 = CC_DESIGN_SECURITY_CLASSIFICATION ( #2795, ( #5847 ) ) ;
#3787 = CIRCLE ( 'NONE', #3139, 0.4499999999997873500 ) ;
#3788 = CARTESIAN_POINT ( 'NONE',  ( -3.468848905604123200, 2.998479026965194600, -0.09561477721294670000 ) ) ;
#3789 = CARTESIAN_POINT ( 'NONE',  ( -3.035177239196143800, 2.796462860871175700, 0.1456376441742385800 ) ) ;
#3790 =( BOUNDED_SURFACE ( )  B_SPLINE_SURFACE ( 3, 3, ( 
 ( #4288, #2991, #182, #3435 ),
 ( #635, #3862, #1111, #4308 ),
 ( #1585, #4732, #2044, #5186 ),
 ( #2536, #5613, #3014, #202 ) ),
 .UNSPECIFIED., .F., .F., .F. ) 
 B_SPLINE_SURFACE_WITH_KNOTS ( ( 4, 4 ),
 ( 4, 4 ),
 ( 0.0000000000000000000, 1.000000000000000000 ),
 ( 0.0000000000000000000, 1.000000000000000000 ),
 .UNSPECIFIED. ) 
 GEOMETRIC_REPRESENTATION_ITEM ( )  RATIONAL_B_SPLINE_SURFACE ( (
 ( 1.000000000000000000, 0.8608039054285638900, 0.8608039054285638900, 1.000000000000000000),
 ( 0.8047378541235318300, 0.6927214876757381600, 0.6927214876757381600, 0.8047378541235318300),
 ( 0.8047378541235318300, 0.6927214876757381600, 0.6927214876757381600, 0.8047378541235318300),
 ( 1.000000000000000000, 0.8608039054285638900, 0.8608039054285638900, 1.000000000000000000) ) ) 
 REPRESENTATION_ITEM ( '' )  SURFACE ( )  );
#3791 = CARTESIAN_POINT ( 'NONE',  ( -3.096514028779996200, -1.318151300953162900, -2.694901811572903800 ) ) ;
#3792 = CARTESIAN_POINT ( 'NONE',  ( -0.1307193592857880700, 14.34995261347359600, 2.599995261347698900 ) ) ;
#3793 = DIRECTION ( 'NONE',  ( -1.000000000000000000, 0.0000000000000000000, 0.0000000000000000000 ) ) ;
#3794 = CARTESIAN_POINT ( 'NONE',  ( -0.8703048410995519700, 14.64595669191800900, 2.321345265998500600 ) ) ;
#3795 = FACE_OUTER_BOUND ( 'NONE', #1189, .T. ) ;
#3796 = CARTESIAN_POINT ( 'NONE',  ( -3.022770222328154100, 2.996933459824626200, 0.1424674043396259900 ) ) ;
#3797 = CARTESIAN_POINT ( 'NONE',  ( 2.251478872112834900, 7.908578643762684400, 4.373881901518319500 ) ) ;
#3798 = CARTESIAN_POINT ( 'NONE',  ( -4.188155578049999900, 1.104000000004037100, 2.271315018279005400 ) ) ;
#3799 = B_SPLINE_CURVE_WITH_KNOTS ( 'NONE', 3,
 ( #367, #470, #390, #332, #320, #301, #254, #231, #211, #189, #170, #144, #120, #82, #57, #41, #2, #3691, #1361, #3956, #4324, #3975, #2026, #1824, #1092, #3462, #5509, #5329, #5259, #5219, #434, #4865, #4961, #2084 ),
 .UNSPECIFIED., .F., .F.,
 ( 4, 3, 3, 3, 3, 3, 3, 3, 3, 3, 3, 4 ),
 ( 0.0004813461669930333400, 0.0004967404518942544000, 0.0005446374305813591400, 0.0005960214463057342000, 0.0006463042317150230300, 0.0006966473353812645400, 0.0007491906352289162900, 0.0007980730256808587500, 0.0008505994502545816200, 0.0008985003579101961600, 0.0009356779031220023100, 0.0009490188077640749600 ),
 .UNSPECIFIED. ) ;
#3800 = PERSON_AND_ORGANIZATION ( #4182, #5189 ) ;
#3801 = CARTESIAN_POINT ( 'NONE',  ( -2.238155578050000200, 2.933029083957911200E-016, -2.395000000000000000 ) ) ;
#3802 = CARTESIAN_POINT ( 'NONE',  ( -3.031864200870453300, -1.575016287064619200, 2.437892552173678500 ) ) ;
#3803 = DIRECTION ( 'NONE',  ( -1.000000000000000000, 0.0000000000000000000, 0.0000000000000000000 ) ) ;
#3804 = APPROVAL_DATE_TIME ( #3812, #659 ) ;
#3805 = CARTESIAN_POINT ( 'NONE',  ( -3.356994986764430000, 2.791943002138734800, -0.2197204403956552500 ) ) ;
#3806 = VERTEX_POINT ( 'NONE', #3061 ) ;
#3807 = CARTESIAN_POINT ( 'NONE',  ( -3.198206370688603700, 2.989727492238317900, 0.2482104673019993000 ) ) ;
#3808 = CARTESIAN_POINT ( 'NONE',  ( -3.051789248556120900, -1.251308270532089700, -2.505323040375825500 ) ) ;
#3809 = CARTESIAN_POINT ( 'NONE',  ( -3.454345727106767200, -1.621351845766965300, -2.524511929602968300 ) ) ;
#3810 = ORIENTED_EDGE ( 'NONE', *, *, #3094, .F. ) ;
#3811 = DIRECTION ( 'NONE',  ( -1.000000000000000000, 0.0000000000000000000, 0.0000000000000000000 ) ) ;
#3812 = DATE_AND_TIME ( #3880, #3882 ) ;
#3813 = CARTESIAN_POINT ( 'NONE',  ( -2.999085936548816300, 2.799125873725762900, 0.07241542345114812500 ) ) ;
#3814 = VERTEX_POINT ( 'NONE', #705 ) ;
#3815 = CARTESIAN_POINT ( 'NONE',  ( -2.238155578050000200, 0.0000000000000000000, 2.594999999999000100 ) ) ;
#3816 = ORIENTED_EDGE ( 'NONE', *, *, #3149, .T. ) ;
#3817 = AXIS2_PLACEMENT_3D ( 'NONE', #539, #3769, #1011 ) ;
#3818 = EDGE_LOOP ( 'NONE', ( #2290, #2025, #2137, #1673 ) ) ;
#3819 = CARTESIAN_POINT ( 'NONE',  ( -15.03815557810020000, 0.0000000000000000000, 0.0000000000000000000 ) ) ;
#3820 = CARTESIAN_POINT ( 'NONE',  ( -3.297175764100978200, -1.607968204519974100, 2.295291362591246100 ) ) ;
#3821 = B_SPLINE_CURVE_WITH_KNOTS ( 'NONE', 3,
 ( #4704, #1647, #5707, #3112, #292, #3541, #756, #3980, #1223, #4412, #1693, #4846, #2170, #5302, #2743, #5790, #3198, #381, #3628, #853, #4064, #1328, #4497, #1787, #4951, #2276, #5384, #2761, #5807, #3222, #403, #3645, #872, #4083 ),
 .UNSPECIFIED., .F., .F.,
 ( 4, 3, 3, 3, 3, 3, 3, 3, 3, 3, 3, 4 ),
 ( 1.334090464207262800E-005, 6.233725189879233500E-005, 6.289656583272781600E-005, 0.0001118621532093676400, 0.0001640486419408987400, 0.0002127730286397639000, 0.0002661474580425097400, 0.0003154716468117700500, 0.0003671421310741613900, 0.0004178355498044021700, 0.0004682703296359049600, 0.0004813461669930333400 ),
 .UNSPECIFIED. ) ;
#3822 = CARTESIAN_POINT ( 'NONE',  ( -1.110696265600497500, 2.641218221367604500, 1.347692809113315300 ) ) ;
#3823 = ORIENTED_EDGE ( 'NONE', *, *, #757, .T. ) ;
#3824 = CARTESIAN_POINT ( 'NONE',  ( 0.8837184512805843500, 5.623432164061924300, 1.698076185634877400 ) ) ;
#3825 = CARTESIAN_POINT ( 'NONE',  ( -3.166768214199575200, 2.990317800452203300, -0.2409210665493329600 ) ) ;
#3826 = EDGE_CURVE ( 'NONE', #5247, #5634, #2969, .T. ) ;
#3827 = ORIENTED_EDGE ( 'NONE', *, *, #4591, .T. ) ;
#3828 = CARTESIAN_POINT ( 'NONE',  ( -3.361965845117797200, 2.792045125077175600, 0.2186029904526474400 ) ) ;
#3829 = CARTESIAN_POINT ( 'NONE',  ( 0.6056082647253318000, 7.849999999999999600, -2.115003222147987700 ) ) ;
#3830 = B_SPLINE_CURVE_WITH_KNOTS ( 'NONE', 3,
 ( #4801, #1640, #744, #3969, #1215, #4405, #1679, #4838, #2161, #5295, #2645, #5716, #3122 ),
 .UNSPECIFIED., .F., .F.,
 ( 4, 3, 3, 3, 4 ),
 ( 1.210039570999329400E-017, 0.001491056770728894300, 0.002982113541457779900, 0.004473170312186666500, 0.005964227082915547600 ),
 .UNSPECIFIED. ) ;
#3831 = CARTESIAN_POINT ( 'NONE',  ( 1.000386730517146100, 5.623432164061924300, 1.632068449164821200 ) ) ;
#3832 = DIRECTION ( 'NONE',  ( -1.000000000000000000, 0.0000000000000000000, 0.0000000000000000000 ) ) ;
#3833 = EDGE_CURVE ( 'NONE', #1955, #852, #3830, .T. ) ;
#3834 = CARTESIAN_POINT ( 'NONE',  ( -3.283404517169889100, 2.789782747918762200, 0.2473925440076186200 ) ) ;
#3835 = VECTOR ( 'NONE', #999, 1000.000000000000000 ) ;
#3836 = VERTEX_POINT ( 'NONE', #2120 ) ;
#3837 = DIRECTION ( 'NONE',  ( 0.0000000000000000000, 0.0000000000000000000, 1.000000000000000000 ) ) ;
#3838 = CARTESIAN_POINT ( 'NONE',  ( -0.6499999999999677100, 7.951127219358164100, -2.224256539532070100 ) ) ;
#3839 = VERTEX_POINT ( 'NONE', #3103 ) ;
#3840 = B_SPLINE_CURVE_WITH_KNOTS ( 'NONE', 3,
 ( #1608, #1819, #1626, #1530, #1509, #1491, #1466, #1448, #1430, #1409, #1402, #1338, #1293 ),
 .UNSPECIFIED., .F., .F.,
 ( 4, 3, 3, 3, 4 ),
 ( 2.418135459135899600E-017, 0.001496556982870058600, 0.002993113965740096800, 0.004489670948610135200, 0.005986227931480169300 ),
 .UNSPECIFIED. ) ;
#3841 = EDGE_CURVE ( 'NONE', #2925, #1980, #4930, .T. ) ;
#3842 = FACE_OUTER_BOUND ( 'NONE', #746, .T. ) ;
#3843 = ORIENTED_EDGE ( 'NONE', *, *, #3758, .F. ) ;
#3844 = EDGE_LOOP ( 'NONE', ( #1971, #4492, #1547, #5625 ) ) ;
#3845 = EDGE_CURVE ( 'NONE', #4255, #1138, #4954, .T. ) ;
#3846 = DIRECTION ( 'NONE',  ( 1.000000000000000000, 0.0000000000000000000, 0.0000000000000000000 ) ) ;
#3847 = CARTESIAN_POINT ( 'NONE',  ( -3.386434937075253800, -1.437403906351346600, 2.403196337057346400 ) ) ;
#3848 = CARTESIAN_POINT ( 'NONE',  ( -1.202287486668815400, 2.641218221367604500, 1.266659741822645700 ) ) ;
#3849 = FACE_OUTER_BOUND ( 'NONE', #428, .T. ) ;
#3850 = CARTESIAN_POINT ( 'NONE',  ( 1.108921852127078500, 5.623432164061924300, 1.554651099297098100 ) ) ;
#3851 = CARTESIAN_POINT ( 'NONE',  ( -3.031920254981371500, 2.796616257702127000, -0.1439769863229051500 ) ) ;
#3852 = CARTESIAN_POINT ( 'NONE',  ( -3.480457152632175700, 2.999392792668634100, 0.06625839432330553300 ) ) ;
#3853 = AXIS2_PLACEMENT_3D ( 'NONE', #4046, #4479, #1769 ) ;
#3854 = CIRCLE ( 'NONE', #2827, 2.499999999999647400 ) ;
#3855 = CARTESIAN_POINT ( 'NONE',  ( 1.217456973737010700, 5.623432164061924300, 1.477233749429375000 ) ) ;
#3856 = DIRECTION ( 'NONE',  ( 0.0000000000000000000, 0.0000000000000000000, 1.000000000000000000 ) ) ;
#3857 = CARTESIAN_POINT ( 'NONE',  ( -1.284456732327809800, 2.641218221367604500, 1.176987745508536700 ) ) ;
#3858 = CARTESIAN_POINT ( 'NONE',  ( -3.488739452069638900, 2.800048583448784700, 0.004137376543308189100 ) ) ;
#3859 = CARTESIAN_POINT ( 'NONE',  ( -3.033498843550366700, -1.624698188968695600, 2.522065585705846500 ) ) ;
#3860 = CIRCLE ( 'NONE', #5465, 3.000000000000000000 ) ;
#3861 = DIRECTION ( 'NONE',  ( -1.000000000000000000, 0.0000000000000000000, 0.0000000000000000000 ) ) ;
#3862 = CARTESIAN_POINT ( 'NONE',  ( 2.587645004932706900, 7.791421356237146200, -1.257184721234978900 ) ) ;
#3863 = CARTESIAN_POINT ( 'NONE',  ( -3.306410078423285700, 2.790247768232628500, -0.2417434511474445800 ) ) ;
#3864 = CC_DESIGN_DATE_AND_TIME_ASSIGNMENT ( #4224, #5818, ( #2683 ) ) ;
#3865 = CARTESIAN_POINT ( 'NONE',  ( -1.366625977986804200, 2.641218221367604500, 1.087315749194427600 ) ) ;
#3866 = EDGE_CURVE ( 'NONE', #5740, #2925, #2119, .T. ) ;
#3867 = DIRECTION ( 'NONE',  ( 0.0000000000000000000, 0.0000000000000000000, 1.000000000000000000 ) ) ;
#3868 = CARTESIAN_POINT ( 'NONE',  ( -2.988085343740281500, 3.000009294501011100, 0.004754309208913697900 ) ) ;
#3869 = CYLINDRICAL_SURFACE ( 'NONE', #485, 2.799999999999999800 ) ;
#3870 = CARTESIAN_POINT ( 'NONE',  ( -3.487610924279325600, 2.799954686387249300, -0.01655089190219518500 ) ) ;
#3871 = CARTESIAN_POINT ( 'NONE',  ( -3.035177239196303200, -1.372107086688331600, -2.667834475918707600 ) ) ;
#3872 = CARTESIAN_POINT ( 'NONE',  ( -2.991961159128011100, -1.517040882851004000, 2.472644945236731000 ) ) ;
#3873 = CARTESIAN_POINT ( 'NONE',  ( 1.317851991057452700, 5.623432164061924300, 1.388411741170448600 ) ) ;
#3874 = CARTESIAN_POINT ( 'NONE',  ( -3.487794584502676100, -1.511615740770610300, -2.591335148577760300 ) ) ;
#3875 = CARTESIAN_POINT ( 'NONE',  ( -1.439367989090507300, 2.641218221367604500, 0.9890105632075815200 ) ) ;
#3876 = CARTESIAN_POINT ( 'NONE',  ( -0.1317377923148773900, 13.34989901603463700, 2.600010098393635600 ) ) ;
#3877 = B_SPLINE_CURVE_WITH_KNOTS ( 'NONE', 3,
 ( #1846, #2207, #1797, #1734, #1716 ),
 .UNSPECIFIED., .F., .F.,
 ( 4, 1, 4 ),
 ( 0.001549495017338746700, 0.001561002878698279600, 0.001572510740057812800 ),
 .UNSPECIFIED. ) ;
#3878 = CARTESIAN_POINT ( 'NONE',  ( -2.238155578050000200, 1.120391659893821900, 2.340672452188724300 ) ) ;
#3879 = CARTESIAN_POINT ( 'NONE',  ( -3.169901077811482900, -1.654179134886624600, 2.381635404076404100 ) ) ;
#3880 = CALENDAR_DATE ( 2016, 15, 9 ) ;
#3881 = CARTESIAN_POINT ( 'NONE',  ( -2.438022917912022500, 8.050000000000000700, 4.780799541053330200 ) ) ;
#3882 = LOCAL_TIME ( 14, 32, 24.00000000000000000, #3883 ) ;
#3883 = COORDINATED_UNIVERSAL_TIME_OFFSET ( 8, 0, .BEHIND. ) ;
#3884 = DIRECTION ( 'NONE',  ( 1.000000000000000000, 0.0000000000000000000, -0.0000000000000000000 ) ) ;
#3885 = ORIENTED_EDGE ( 'NONE', *, *, #3918, .T. ) ;
#3886 = CARTESIAN_POINT ( 'NONE',  ( -1.501097783213289700, 2.641218221367604500, 0.8842141683617439400 ) ) ;
#3887 = DIRECTION ( 'NONE',  ( -1.000000000000000000, 0.0000000000000000000, 0.0000000000000000000 ) ) ;
#3888 = DIRECTION ( 'NONE',  ( 0.0000000000000000000, 0.0000000000000000000, 1.000000000000000000 ) ) ;
#3889 = CARTESIAN_POINT ( 'NONE',  ( -17.68077914467999900, 0.0000000000000000000, 0.0000000000000000000 ) ) ;
#3890 = CARTESIAN_POINT ( 'NONE',  ( 1.828543407656465900, 0.6622945447522068400, 1.256418622036006500 ) ) ;
#3891 = ORIENTED_EDGE ( 'NONE', *, *, #5009, .T. ) ;
#3892 = CARTESIAN_POINT ( 'NONE',  ( -3.487934786194732100, -1.458018978071634200, 2.506837616998244500 ) ) ;
#3893 = CARTESIAN_POINT ( 'NONE',  ( 1.407919387745931500, 5.623432164061924300, 1.290120425495133900 ) ) ;
#3894 = CARTESIAN_POINT ( 'NONE',  ( -0.3640241188313876300, 2.148893028652830500, 1.789235707153516500 ) ) ;
#3895 = DIRECTION ( 'NONE',  ( -1.000000000000000000, 0.0000000000000000000, 0.0000000000000000000 ) ) ;
#3896 = AXIS2_PLACEMENT_3D ( 'NONE', #4553, #1851, #5007 ) ;
#3897 = CARTESIAN_POINT ( 'NONE',  ( -3.359530513740941200, -1.685033351647131200, 2.482071962014464500 ) ) ;
#3898 = ORIENTED_EDGE ( 'NONE', *, *, #1604, .T. ) ;
#3899 = CARTESIAN_POINT ( 'NONE',  ( 2.358504348539079300, 7.949999999999995700, 0.01872048972864446800 ) ) ;
#3900 = CARTESIAN_POINT ( 'NONE',  ( -0.6500000000000524200, 7.849999999999999600, -2.101784955698354600 ) ) ;
#3901 = ORIENTED_EDGE ( 'NONE', *, *, #5777, .T. ) ;
#3902 = AXIS2_PLACEMENT_3D ( 'NONE', #4560, #5526, #5564 ) ;
#3903 = B_SPLINE_CURVE_WITH_KNOTS ( 'NONE', 3,
 ( #2557, #5209, #225, #3470, #683, #3905, #1154, #4348, #1619, #4774, #2095, #5231, #2580, #5651, #3059, #247 ),
 .UNSPECIFIED., .F., .F.,
 ( 4, 3, 3, 3, 3, 4 ),
 ( 8.673617379884035500E-019, 3.565684301284805800E-005, 7.135301945611977300E-005, 0.0001064045362530585800, 0.0001402989439185461800, 0.0001589178625689973600 ),
 .UNSPECIFIED. ) ;
#3904 = AXIS2_PLACEMENT_3D ( 'NONE', #2982, #173, #3422 ) ;
#3905 = CARTESIAN_POINT ( 'NONE',  ( 0.6499999999967427400, 7.765790524153882900, -2.471122147693431100 ) ) ;
#3906 = CC_DESIGN_SECURITY_CLASSIFICATION ( #2390, ( #816 ) ) ;
#3907 = CARTESIAN_POINT ( 'NONE',  ( -3.356994986764181700, -1.686256540037978800, -2.481241121149786500 ) ) ;
#3908 = VECTOR ( 'NONE', #2891, 1000.000000000000000 ) ;
#3909 = ORIENTED_EDGE ( 'NONE', *, *, #3189, .F. ) ;
#3910 = DIRECTION ( 'NONE',  ( 1.000000000000000000, -0.0000000000000000000, -0.0000000000000000000 ) ) ;
#3911 = CIRCLE ( 'NONE', #3902, 4.999999999999999100 ) ;
#3912 = DIRECTION ( 'NONE',  ( -0.0000000000000000000, -1.000000000000000000, -0.0000000000000000000 ) ) ;
#3913 = PLANE ( 'NONE',  #4306 ) ;
#3914 = ORIENTED_EDGE ( 'NONE', *, *, #3474, .T. ) ;
#3915 = CARTESIAN_POINT ( 'NONE',  ( -6.238155578049998900, 0.0000000000000000000, 0.6599999999999000000 ) ) ;
#3916 = CARTESIAN_POINT ( 'NONE',  ( 1.497986784434410600, 5.623432164061924300, 1.191829109819819500 ) ) ;
#3917 = CARTESIAN_POINT ( 'NONE',  ( -0.4889363355676966100, 2.148893028652830500, 1.763822029432402100 ) ) ;
#3918 = EDGE_CURVE ( 'NONE', #2672, #1483, #4941, .T. ) ;
#3919 = CARTESIAN_POINT ( 'NONE',  ( -0.6053104382623389900, 7.849999999999999600, -2.115088478842115400 ) ) ;
#3920 = ORIENTED_EDGE ( 'NONE', *, *, #627, .T. ) ;
#3921 = CARTESIAN_POINT ( 'NONE',  ( -3.469233835696307700, -1.363701338255553400, 2.558868680628422900 ) ) ;
#3922 = FACE_OUTER_BOUND ( 'NONE', #3631, .T. ) ;
#3923 = CARTESIAN_POINT ( 'NONE',  ( -3.469607696569276400, -1.530153281864699900, 2.462810941195123800 ) ) ;
#3924 = ORIENTED_EDGE ( 'NONE', *, *, #1765, .F. ) ;
#3925 = CARTESIAN_POINT ( 'NONE',  ( -3.490561141597331700, -1.350274789018951000, 2.453755139821800900 ) ) ;
#3926 = CARTESIAN_POINT ( 'NONE',  ( -3.487495528184787000, -1.415657429293822700, -2.415767984282668000 ) ) ;
#3927 = EDGE_CURVE ( 'NONE', #1155, #1605, #5061, .T. ) ;
#3928 = LINE ( 'NONE', #4596, #3908 ) ;
#3929 = PLANE ( 'NONE',  #1127 ) ;
#3930 = FACE_BOUND ( 'NONE', #343, .T. ) ;
#3931 = CARTESIAN_POINT ( 'NONE',  ( 0.0000000000000000000, 6.580000000000000100, 0.0000000000000000000 ) ) ;
#3932 = AXIS2_PLACEMENT_3D ( 'NONE', #2437, #208, #3459 ) ;
#3933 = CARTESIAN_POINT ( 'NONE',  ( -10.18077914468000100, 0.0000000000000000000, 0.0000000000000000000 ) ) ;
#3934 = EDGE_CURVE ( 'NONE', #1006, #4697, #4892, .T. ) ;
#3935 = CARTESIAN_POINT ( 'NONE',  ( -2.238155578050000200, 0.0000000000000000000, 3.000000000000000000 ) ) ;
#3936 = CARTESIAN_POINT ( 'NONE',  ( -0.6111735551918814300, 2.148893028652830500, 1.725280782128961100 ) ) ;
#3937 = CIRCLE ( 'NONE', #2505, 3.000000000000000000 ) ;
#3938 = CARTESIAN_POINT ( 'NONE',  ( -7.180779144684000100, 0.0000000000000000000, 0.6599999999999000000 ) ) ;
#3939 = CARTESIAN_POINT ( 'NONE',  ( -3.331812627377310300, -1.293647331922801000, 2.706760170800869100 ) ) ;
#3940 = PRODUCT_DEFINITION_SHAPE ( 'NONE', 'NONE',  #1899 ) ;
#3941 = CARTESIAN_POINT ( 'NONE',  ( -2.149999999999932000, 7.661192379065678200, 1.066536450385215100 ) ) ;
#3942 = CARTESIAN_POINT ( 'NONE',  ( -3.224192482189230300, -1.271934783833779600, 2.494714639416324900 ) ) ;
#3943 = CARTESIAN_POINT ( 'NONE',  ( -3.035177239196304600, -1.272105530833058700, -2.494626700341450800 ) ) ;
#3944 = FACE_OUTER_BOUND ( 'NONE', #5416, .T. ) ;
#3945 = CARTESIAN_POINT ( 'NONE',  ( 1.029189709989330300, 6.579999787488467300, 1.968230465575342600 ) ) ;
#3946 = EDGE_CURVE ( 'NONE', #4841, #4620, #4887, .T. ) ;
#3947 = ADVANCED_FACE ( 'NONE', ( #4731 ), #187, .F. ) ;
#3948 = AXIS2_PLACEMENT_3D ( 'NONE', #791, #774, #759 ) ;
#3949 = APPROVAL_PERSON_ORGANIZATION ( #3950, #659, #4981 ) ;
#3950 = PERSON_AND_ORGANIZATION ( #4182, #5189 ) ;
#3951 = CARTESIAN_POINT ( 'NONE',  ( -7.238155578050000600, 2.999999999999999100, 0.3926990816987242500 ) ) ;
#3952 = CARTESIAN_POINT ( 'NONE',  ( -0.4999999999999880700, 13.84999999999990400, 2.373887304912046100 ) ) ;
#3953 = CARTESIAN_POINT ( 'NONE',  ( -15.23815557805000000, 0.0000000000000000000, 0.0000000000000000000 ) ) ;
#3954 = CARTESIAN_POINT ( 'NONE',  ( 1.577720795833088100, 5.623432164061924300, 1.084074777748222000 ) ) ;
#3955 = DATE_AND_TIME ( #3958, #4016 ) ;
#3956 = CARTESIAN_POINT ( 'NONE',  ( -3.184467941646377000, -1.516314017257563500, 2.354154285860828200 ) ) ;
#3957 = CARTESIAN_POINT ( 'NONE',  ( -1.626314490977078800, 7.949999999999994000, -1.865974821345026200 ) ) ;
#3958 = CALENDAR_DATE ( 2016, 15, 9 ) ;
#3959 = CARTESIAN_POINT ( 'NONE',  ( -3.165327748238330400, -1.236609118789974800, 2.622854698311180200 ) ) ;
#3960 = VERTEX_POINT ( 'NONE', #1290 ) ;
#3961 = EDGE_CURVE ( 'NONE', #2359, #558, #4673, .T. ) ;
#3962 = CARTESIAN_POINT ( 'NONE',  ( -2.210136254151279500, 7.745103923739231200, 1.096367849009414000 ) ) ;
#3963 = CARTESIAN_POINT ( 'NONE',  ( -2.991200908131527400, -1.384767247529326200, 2.549049938224513800 ) ) ;
#3964 = CARTESIAN_POINT ( 'NONE',  ( -3.386079917192711600, -1.320560708126864400, -2.693787003524943400 ) ) ;
#3965 = ORIENTED_EDGE ( 'NONE', *, *, #4735, .F. ) ;
#3966 = EDGE_LOOP ( 'NONE', ( #3292, #2660, #1661, #302 ) ) ;
#3967 = ORIENTED_EDGE ( 'NONE', *, *, #2971, .T. ) ;
#3968 = ORIENTED_EDGE ( 'NONE', *, *, #4917, .F. ) ;
#3969 = CARTESIAN_POINT ( 'NONE',  ( -1.573240936693400100, 2.148893028652830500, 0.9267097333880689500 ) ) ;
#3970 = VECTOR ( 'NONE', #2885, 1000.000000000000000 ) ;
#3971 = CARTESIAN_POINT ( 'NONE',  ( 0.4056963721432960100, 1.171318190597697300, 1.994061376020119600 ) ) ;
#3972 = CARTESIAN_POINT ( 'NONE',  ( -5.180779144684002800, 0.0000000000000000000, 0.0000000000000000000 ) ) ;
#3973 = CARTESIAN_POINT ( 'NONE',  ( 1.645384090173507700, 5.623432164061924300, 0.9692052984143885200 ) ) ;
#3974 = VERTEX_POINT ( 'NONE', #2753 ) ;
#3975 = CARTESIAN_POINT ( 'NONE',  ( -3.155677446759170400, -1.503650191003323300, 2.362205352464842500 ) ) ;
#3976 = CARTESIAN_POINT ( 'NONE',  ( 0.0000000000000000000, 9.250000000000000000, 0.0000000000000000000 ) ) ;
#3977 = CARTESIAN_POINT ( 'NONE',  ( -3.017490021223116600, -1.397489686494398600, 2.654626382785964200 ) ) ;
#3978 = ORIENTED_EDGE ( 'NONE', *, *, #3485, .F. ) ;
#3979 = ADVANCED_FACE ( 'NONE', ( #4710, #4786 ), #387, .T. ) ;
#3980 = CARTESIAN_POINT ( 'NONE',  ( -3.104867324469065400, -1.340776647204587400, 2.458217634297030300 ) ) ;
#3981 = B_SPLINE_CURVE_WITH_KNOTS ( 'NONE', 3,
 ( #4198, #3750, #4622, #1920 ),
 .UNSPECIFIED., .F., .F.,
 ( 4, 4 ),
 ( 0.0000000000000000000, 1.000000000000000000 ),
 .UNSPECIFIED. ) ;
#3982 = DIRECTION ( 'NONE',  ( 0.0000000000000000000, -1.000000000000000000, 0.0000000000000000000 ) ) ;
#3983 = LINE ( 'NONE', #2408, #3835 ) ;
#3984 = AXIS2_PLACEMENT_3D ( 'NONE', #1772, #1373, #1335 ) ;
#3985 = CC_DESIGN_APPROVAL ( #3675, ( #3399 ) ) ;
#3986 = ORIENTED_EDGE ( 'NONE', *, *, #5316, .F. ) ;
#3987 = CARTESIAN_POINT ( 'NONE',  ( -0.2645300280561727100, 2.621839195040588200, 1.300206627329834500 ) ) ;
#3988 = CC_DESIGN_APPROVAL ( #3678, ( #3119 ) ) ;
#3989 =( BOUNDED_SURFACE ( )  B_SPLINE_SURFACE ( 3, 3, ( 
 ( #2338, #3682, #461, #3700 ),
 ( #936, #4146, #1416, #4571 ),
 ( #1869, #5023, #2363, #5455 ),
 ( #2844, #30, #3294, #478 ) ),
 .UNSPECIFIED., .F., .F., .F. ) 
 B_SPLINE_SURFACE_WITH_KNOTS ( ( 4, 4 ),
 ( 4, 4 ),
 ( 0.0000000000000000000, 1.000000000000000000 ),
 ( 0.0000000000000000000, 1.000000000000000000 ),
 .UNSPECIFIED. ) 
 GEOMETRIC_REPRESENTATION_ITEM ( )  RATIONAL_B_SPLINE_SURFACE ( (
 ( 1.000000000000000000, 0.6295934584402952400, 0.6295934584402952400, 1.000000000000000000),
 ( 0.8047378541249330400, 0.5066576887163384300, 0.5066576887163384300, 0.8047378541249330400),
 ( 0.8047378541249330400, 0.5066576887163384300, 0.5066576887163384300, 0.8047378541249330400),
 ( 1.000000000000000000, 0.6295934584402952400, 0.6295934584402952400, 1.000000000000000000) ) ) 
 REPRESENTATION_ITEM ( '' )  SURFACE ( )  );
#3990 = ORIENTED_EDGE ( 'NONE', *, *, #3833, .T. ) ;
#3991 = VERTEX_POINT ( 'NONE', #5392 ) ;
#3992 = DIRECTION ( 'NONE',  ( -0.0000000000000000000, -1.000000000000000000, -0.0000000000000000000 ) ) ;
#3993 = CARTESIAN_POINT ( 'NONE',  ( 2.149999999999999900, 0.0000000000000000000, 1.066536450385000100 ) ) ;
#3994 = CARTESIAN_POINT ( 'NONE',  ( -8.180779144683999200, 0.0000000000000000000, 0.0000000000000000000 ) ) ;
#3995 = CYLINDRICAL_SURFACE ( 'NONE', #5185, 2.200000000000000200 ) ;
#3996 = CARTESIAN_POINT ( 'NONE',  ( -0.7280723395899487700, 2.148893028652830500, 1.674451744054790600 ) ) ;
#3997 = CARTESIAN_POINT ( 'NONE',  ( -2.988516571606198100, -1.461314899756635200, 2.504211536008293900 ) ) ;
#3998 = CIRCLE ( 'NONE', #1853, 0.6599999999999000000 ) ;
#3999 = CARTESIAN_POINT ( 'NONE',  ( 0.0000000000000000000, 7.750000000000000000, 0.0000000000000000000 ) ) ;
#4000 = VECTOR ( 'NONE', #2834, 1000.000000000000000 ) ;
#4001 = ADVANCED_FACE ( 'NONE', ( #4606 ), #4572, .T. ) ;
#4002 = CARTESIAN_POINT ( 'NONE',  ( -0.6499999999998248300, 7.797585028746320600, -2.502815718550549700 ) ) ;
#4003 = CARTESIAN_POINT ( 'NONE',  ( 0.4386094557178163400, 0.7000000000000105000, 2.155834350165863000 ) ) ;
#4004 = AXIS2_PLACEMENT_3D ( 'NONE', #3781, #4630, #5110 ) ;
#4005 = CARTESIAN_POINT ( 'NONE',  ( 0.4056963721432996200, 6.108681809402349400, 1.994061376020130900 ) ) ;
#4006 = ORIENTED_EDGE ( 'NONE', *, *, #4627, .T. ) ;
#4007 = CARTESIAN_POINT ( 'NONE',  ( -0.8449711239880164400, 2.148893028652830500, 1.623622705980620300 ) ) ;
#4008 = CARTESIAN_POINT ( 'NONE',  ( 0.6500000000000006900, 7.950000000000107600, -2.194162494194581600 ) ) ;
#4009 = VECTOR ( 'NONE', #4169, 1000.000000000000000 ) ;
#4010 = DIRECTION ( 'NONE',  ( 0.0000000000000000000, -0.0000000000000000000, 1.000000000000000000 ) ) ;
#4011 = AXIS2_PLACEMENT_3D ( 'NONE', #5002, #1170, #1609 ) ;
#4012 =( BOUNDED_SURFACE ( )  B_SPLINE_SURFACE ( 3, 3, ( 
 ( #2903, #5537, #2922, #110 ),
 ( #3368, #568, #3797, #1041 ),
 ( #4243, #1517, #4665, #1967 ),
 ( #5130, #2461, #5559, #2942 ) ),
 .UNSPECIFIED., .F., .F., .F. ) 
 B_SPLINE_SURFACE_WITH_KNOTS ( ( 4, 4 ),
 ( 4, 4 ),
 ( 0.0000000000000000000, 1.000000000000000000 ),
 ( 0.0000000000000000000, 1.000000000000000000 ),
 .UNSPECIFIED. ) 
 GEOMETRIC_REPRESENTATION_ITEM ( )  RATIONAL_B_SPLINE_SURFACE ( (
 ( 1.000000000000000000, 0.3333333333333334300, 0.3333333333333334300, 1.000000000000000000),
 ( 0.8047378541243884700, 0.2682459513747962300, 0.2682459513747962300, 0.8047378541243884700),
 ( 0.8047378541243884700, 0.2682459513747962300, 0.2682459513747962300, 0.8047378541243884700),
 ( 1.000000000000000000, 0.3333333333333334300, 0.3333333333333334300, 1.000000000000000000) ) ) 
 REPRESENTATION_ITEM ( '' )  SURFACE ( )  );
#4013 = DIRECTION ( 'NONE',  ( 0.9999311522863159100, 0.0000000000000000000, -0.01173416751885003600 ) ) ;
#4014 = APPROVAL ( #714, 'UNSPECIFIED' ) ;
#4015 = CARTESIAN_POINT ( 'NONE',  ( -3.468848905604014400, -1.482042783672452100, -2.375743845885376800 ) ) ;
#4016 = LOCAL_TIME ( 14, 32, 24.00000000000000000, #4017 ) ;
#4017 = COORDINATED_UNIVERSAL_TIME_OFFSET ( 8, 0, .BEHIND. ) ;
#4018 = B_SPLINE_CURVE_WITH_KNOTS ( 'NONE', 3,
 ( #778, #1376, #5816, #5503, #5309, #5044, #5027, #5011, #4991, #4974 ),
 .UNSPECIFIED., .F., .F.,
 ( 4, 2, 2, 2, 4 ),
 ( 0.0000000000000000000, 0.0001971236932338258700, 0.0003942473864676517400, 0.0005913710797014776600, 0.0007884947729353034800 ),
 .UNSPECIFIED. ) ;
#4019 = EDGE_CURVE ( 'NONE', #4975, #2298, #4592, .T. ) ;
#4020 = CARTESIAN_POINT ( 'NONE',  ( 0.0000000000000000000, 7.849999999999999600, 2.600000000000000500 ) ) ;
#4021 = PERSON_AND_ORGANIZATION ( #4182, #5189 ) ;
#4022 = EDGE_CURVE ( 'NONE', #2475, #1955, #1067, .T. ) ;
#4023 = ORIENTED_EDGE ( 'NONE', *, *, #4917, .T. ) ;
#4024 = DIRECTION ( 'NONE',  ( -0.9999597584857266000, 0.0000000000000000000, -0.008971143136035317600 ) ) ;
#4025 = CARTESIAN_POINT ( 'NONE',  ( 0.5449081181368966600, 6.108681809402349400, 1.965738426190944300 ) ) ;
#4026 = CARTESIAN_POINT ( 'NONE',  ( -0.9565239911907009700, 2.148893028652830500, 1.560509130388545900 ) ) ;
#4027 = CARTESIAN_POINT ( 'NONE',  ( 0.6500000000000018000, 7.899499004502402500, -2.115503834040853600 ) ) ;
#4028 = DIRECTION ( 'NONE',  ( 0.0000000000000000000, 0.0000000000000000000, -1.000000000000000000 ) ) ;
#4029 = ADVANCED_FACE ( 'NONE', ( #4662 ), #4474, .T. ) ;
#4030 = EDGE_CURVE ( 'NONE', #4434, #1415, #4516, .T. ) ;
#4031 = ORIENTED_EDGE ( 'NONE', *, *, #4325, .F. ) ;
#4032 = CARTESIAN_POINT ( 'NONE',  ( -3.166768214199306100, -1.603801108310635800, -2.296022871731082700 ) ) ;
#4033 = ORIENTED_EDGE ( 'NONE', *, *, #5583, .T. ) ;
#4034 = EDGE_LOOP ( 'NONE', ( #4167, #4307 ) ) ;
#4035 = DIRECTION ( 'NONE',  ( -0.0000000000000000000, -1.000000000000000000, -0.0000000000000000000 ) ) ;
#4036 = LINE ( 'NONE', #58, #4000 ) ;
#4037 = VERTEX_POINT ( 'NONE', #2786 ) ;
#4038 = VERTEX_POINT ( 'NONE', #5833 ) ;
#4039 = DIRECTION ( 'NONE',  ( 0.0000000000000000000, 0.0000000000000000000, 1.000000000000000000 ) ) ;
#4040 = B_SPLINE_CURVE_WITH_KNOTS ( 'NONE', 3,
 ( #1084, #3941, #4809, #2132, #5263, #2618, #5689, #3095, #275, #3524, #733, #3962, #1204, #4394, #1667, #4828 ),
 .UNSPECIFIED., .F., .F.,
 ( 4, 3, 3, 3, 3, 4 ),
 ( 2.646874823428722800E-018, 3.357713719703337700E-005, 6.715427439406773100E-005, 0.0001007314115919727900, 0.0001343085487898789900, 0.0001562159305391457900 ),
 .UNSPECIFIED. ) ;
#4041 = CARTESIAN_POINT ( 'NONE',  ( -1.060300305429728400, 2.148893028652830500, 1.486486204829946300 ) ) ;
#4042 = CARTESIAN_POINT ( 'NONE',  ( 2.408916890092225300, 8.050000000000000700, -1.113871262106983700 ) ) ;
#4043 = CARTESIAN_POINT ( 'NONE',  ( -19.68077914467999500, -0.9999999999999998900, 0.4999999999999999400 ) ) ;
#4044 = CARTESIAN_POINT ( 'NONE',  ( 1.575798311649732100, 7.850000000000001400, -1.837199810494100700 ) ) ;
#4045 = ORIENTED_EDGE ( 'NONE', *, *, #3053, .F. ) ;
#4046 = CARTESIAN_POINT ( 'NONE',  ( -4.238155578049999800, 0.6599999999999000000, 0.0000000000000000000 ) ) ;
#4047 = CC_DESIGN_APPROVAL ( #3742, ( #3473 ) ) ;
#4048 = CIRCLE ( 'NONE', #1561, 3.000000000000000000 ) ;
#4049 = EDGE_CURVE ( 'NONE', #5326, #92, #4657, .T. ) ;
#4050 = CARTESIAN_POINT ( 'NONE',  ( -2.988085343740298800, -1.395885738838419600, -2.427253639660363700 ) ) ;
#4051 = VERTEX_POINT ( 'NONE', #900 ) ;
#4052 = ADVANCED_FACE ( 'NONE', ( #4595 ), #2807, .F. ) ;
#4053 = CARTESIAN_POINT ( 'NONE',  ( -6.238155578049999800, 0.0000000000000000000, 2.200000000000000200 ) ) ;
#4054 = VECTOR ( 'NONE', #1280, 999.9999999999998900 ) ;
#4055 = CARTESIAN_POINT ( 'NONE',  ( -0.6057801385801380200, 7.950000000000002000, -2.218790306383579200 ) ) ;
#4056 = APPROVAL_STATUS ( 'not_yet_approved' ) ;
#4057 = CARTESIAN_POINT ( 'NONE',  ( -3.382095784162833900, 2.792930618928118200, -0.2062720187197150900 ) ) ;
#4058 = EDGE_CURVE ( 'NONE', #2943, #1168, #4403, .T. ) ;
#4059 = CARTESIAN_POINT ( 'NONE',  ( 0.6811386423714339600, 6.108681809402349400, 1.922785106891444600 ) ) ;
#4060 = CARTESIAN_POINT ( 'NONE',  ( -1.164076619668755800, 2.148893028652830500, 1.412463279271347000 ) ) ;
#4061 = CARTESIAN_POINT ( 'NONE',  ( 2.299927550003571000, 7.950000000000002000, 0.01825553983105304400 ) ) ;
#4062 = CARTESIAN_POINT ( 'NONE',  ( -6.238155578049998900, 8.082668874371306600E-017, -0.6599999999999000000 ) ) ;
#4063 = CARTESIAN_POINT ( 'NONE',  ( -2.988543345713189600, -1.488560142457640900, -2.604643935783987500 ) ) ;
#4064 = CARTESIAN_POINT ( 'NONE',  ( -3.293770477868507700, -1.281224513156517400, 2.489926938367448700 ) ) ;
#4065 = LINE ( 'NONE', #5461, #4009 ) ;
#4066 = CARTESIAN_POINT ( 'NONE',  ( -0.6500000000002409400, 7.932671140386565500, -2.147523556310590600 ) ) ;
#4067 = VECTOR ( 'NONE', #1244, 1000.000000000000000 ) ;
#4068 = B_SPLINE_CURVE_WITH_KNOTS ( 'NONE', 3,
 ( #2401, #525, #3754, #994, #4201, #1476 ),
 .UNSPECIFIED., .F., .F.,
 ( 4, 2, 4 ),
 ( 0.0000000000000000000, 0.0003909354639147789000, 0.0007818709278295575900 ),
 .UNSPECIFIED. ) ;
#4069 = APPLICATION_PROTOCOL_DEFINITION ( 'international standard', 'config_control_design', 1994, #4470 ) ;
#4070 = CARTESIAN_POINT ( 'NONE',  ( -3.119736118014929000, -1.296883828197251700, -2.705549751912928800 ) ) ;
#4071 = ADVANCED_FACE ( 'NONE', ( #4416 ), #4132, .F. ) ;
#4072 = CARTESIAN_POINT ( 'NONE',  ( 0.8114196053211022400, 6.108681809402349400, 1.866137331979101300 ) ) ;
#4073 = PERSON_AND_ORGANIZATION ( #4182, #5189 ) ;
#4074 = CARTESIAN_POINT ( 'NONE',  ( -1.260069738863135400, 2.148893028652830500, 1.327535741496549000 ) ) ;
#4075 = CARTESIAN_POINT ( 'NONE',  ( -2.238155578050000200, 0.0000000000000000000, 0.0000000000000000000 ) ) ;
#4076 = PERSON_AND_ORGANIZATION ( #4182, #5189 ) ;
#4077 = PLANE ( 'NONE',  #3542 ) ;
#4078 = ADVANCED_FACE ( 'NONE', ( #4352 ), #2830, .T. ) ;
#4079 = AXIS2_PLACEMENT_3D ( 'NONE', #1259, #4441, #1717 ) ;
#4080 = CARTESIAN_POINT ( 'NONE',  ( -8.238155578050001500, 0.0000000000000000000, 3.000000000000000000 ) ) ;
#4081 = APPROVAL ( #3315, 'UNKNOWN' ) ;
#4082 = CARTESIAN_POINT ( 'NONE',  ( -3.140554545886248100, -1.695953484695921400, -2.474658481800350500 ) ) ;
#4083 = CARTESIAN_POINT ( 'NONE',  ( -3.388016134336897100, -1.404401790006338100, 2.422324779256244600 ) ) ;
#4084 = APPROVAL_DATE_TIME ( #4085, #4446 ) ;
#4085 = DATE_AND_TIME ( #4149, #4151 ) ;
#4086 = DIRECTION ( 'NONE',  ( -0.0000000000000000000, 1.000000000000000000, -0.0000000000000000000 ) ) ;
#4087 = ORIENTED_EDGE ( 'NONE', *, *, #5199, .F. ) ;
#4088 = ORIENTED_EDGE ( 'NONE', *, *, #4128, .T. ) ;
#4089 = ORIENTED_EDGE ( 'NONE', *, *, #5207, .T. ) ;
#4090 = CARTESIAN_POINT ( 'NONE',  ( -7.238155578049999800, 2.849999999999000000, 0.0000000000000000000 ) ) ;
#4091 = CARTESIAN_POINT ( 'NONE',  ( -1.895584152971195900, 0.6999999999999906300, 1.116584398513796900 ) ) ;
#4092 = SECURITY_CLASSIFICATION_LEVEL ( 'unclassified' ) ;
#4093 = CARTESIAN_POINT ( 'NONE',  ( -3.193498523430862600, 2.789905701822689800, -0.2458940710797964900 ) ) ;
#4094 = CARTESIAN_POINT ( 'NONE',  ( 0.9417005682707708700, 6.108681809402349400, 1.809489557066757700 ) ) ;
#4095 = ORIENTED_EDGE ( 'NONE', *, *, #2449, .T. ) ;
#4096 = CARTESIAN_POINT ( 'NONE',  ( -1.346188060036872500, 2.148893028652830500, 1.233554085501837000 ) ) ;
#4097 = CARTESIAN_POINT ( 'NONE',  ( 0.6499999999909975600, 7.990083848005499000, -2.290461958415065600 ) ) ;
#4098 = FACE_OUTER_BOUND ( 'NONE', #5071, .T. ) ;
#4099 = AXIS2_PLACEMENT_3D ( 'NONE', #947, #690, #769 ) ;
#4100 = ORIENTED_EDGE ( 'NONE', *, *, #3961, .F. ) ;
#4101 = DIRECTION ( 'NONE',  ( -0.0000000000000000000, 0.0000000000000000000, -1.000000000000000000 ) ) ;
#4102 = CARTESIAN_POINT ( 'NONE',  ( -15.23815557805000000, 0.0000000000000000000, 0.0000000000000000000 ) ) ;
#4103 = DIRECTION ( 'NONE',  ( 0.8958333333338414100, 0.0000000000000000000, -0.4443901876594242900 ) ) ;
#4104 = ORIENTED_EDGE ( 'NONE', *, *, #1902, .T. ) ;
#4105 = DIRECTION ( 'NONE',  ( -0.0000000000000000000, -1.000000000000000000, -0.0000000000000000000 ) ) ;
#4106 = ADVANCED_FACE ( 'NONE', ( #4284 ), #5060, .F. ) ;
#4107 = CARTESIAN_POINT ( 'NONE',  ( -2.996271507499849400, -1.558465590017453600, -2.563566459191685400 ) ) ;
#4108 = ORIENTED_EDGE ( 'NONE', *, *, #2403, .T. ) ;
#4109 = FACE_OUTER_BOUND ( 'NONE', #5339, .T. ) ;
#4110 = AXIS2_PLACEMENT_3D ( 'NONE', #4993, #5012, #2344 ) ;
#4111 = ORIENTED_EDGE ( 'NONE', *, *, #2438, .T. ) ;
#4112 = CARTESIAN_POINT ( 'NONE',  ( -1.150000000000164000, 9.250000000000000000, 2.465953144040758700 ) ) ;
#4113 = CARTESIAN_POINT ( 'NONE',  ( 0.0000000000000000000, 9.250000000000000000, 0.0000000000000000000 ) ) ;
#4114 = CARTESIAN_POINT ( 'NONE',  ( 1.775026302646557800, 7.749999999999998200, -2.111096697732040900 ) ) ;
#4115 = EDGE_LOOP ( 'NONE', ( #5772, #5792 ) ) ;
#4116 = ORIENTED_EDGE ( 'NONE', *, *, #663, .T. ) ;
#4117 = DATE_TIME_ROLE ( 'creation_date' ) ;
#4118 = CIRCLE ( 'NONE', #1235, 2.800000000050202800 ) ;
#4119 = AXIS2_PLACEMENT_3D ( 'NONE', #4963, #3643, #1346 ) ;
#4120 = ORIENTED_EDGE ( 'NONE', *, *, #2130, .F. ) ;
#4121 = CARTESIAN_POINT ( 'NONE',  ( 1.066023631455698600, 6.108681809402349400, 1.739150952215807500 ) ) ;
#4122 = CARTESIAN_POINT ( 'NONE',  ( -1.432306381210609400, 2.148893028652830500, 1.139572429507125000 ) ) ;
#4123 = LINE ( 'NONE', #1467, #4054 ) ;
#4124 = CARTESIAN_POINT ( 'NONE',  ( -10.18077914468000100, 0.0000000000000000000, -0.5000000000000000000 ) ) ;
#4125 = CARTESIAN_POINT ( 'NONE',  ( -3.119073412593651000, -1.204304959032201700, -2.528465904047595200 ) ) ;
#4126 = DIRECTION ( 'NONE',  ( 0.0000000000000000000, 0.0000000000000000000, 1.000000000000000000 ) ) ;
#4127 = CARTESIAN_POINT ( 'NONE',  ( -6.238155578049999800, 0.0000000000000000000, 0.0000000000000000000 ) ) ;
#4128 = EDGE_CURVE ( 'NONE', #5001, #5550, #5520, .T. ) ;
#4129 = VERTEX_POINT ( 'NONE', #3667 ) ;
#4130 = CIRCLE ( 'NONE', #607, 4.800000000000000700 ) ;
#4131 = EDGE_CURVE ( 'NONE', #5813, #4691, #1283, .T. ) ;
#4132 = PLANE ( 'NONE',  #4110 ) ;
#4133 = CIRCLE ( 'NONE', #4011, 0.4499999999997891200 ) ;
#4134 = CARTESIAN_POINT ( 'NONE',  ( 0.5902016492725126200, 0.7000000000000209400, 2.124992569812435700 ) ) ;
#4135 = APPLICATION_CONTEXT ( 'configuration controlled 3d designs of mechanical parts and assemblies' ) ;
#4136 = EDGE_CURVE ( 'NONE', #1755, #1480, #4193, .T. ) ;
#4137 = ADVANCED_FACE ( 'NONE', ( #4257, #4327 ), #5444, .T. ) ;
#4138 = EDGE_CURVE ( 'NONE', #855, #1427, #4130, .T. ) ;
#4139 = CARTESIAN_POINT ( 'NONE',  ( -0.5902016492725146200, 0.6999999999999917400, 2.124992569812442800 ) ) ;
#4140 = LINE ( 'NONE', #5562, #3659 ) ;
#4141 = CARTESIAN_POINT ( 'NONE',  ( -3.445591934905211800, -1.275195264853814500, -2.493154363007050700 ) ) ;
#4142 = DIRECTION ( 'NONE',  ( -1.000000000000000000, 0.0000000000000000000, 0.0000000000000000000 ) ) ;
#4143 = FACE_OUTER_BOUND ( 'NONE', #5200, .T. ) ;
#4144 = DIRECTION ( 'NONE',  ( 0.0000000000000000000, 0.0000000000000000000, 1.000000000000000000 ) ) ;
#4145 =( BOUNDED_SURFACE ( )  B_SPLINE_SURFACE ( 3, 3, ( 
 ( #3568, #782, #1257, #4440 ),
 ( #1715, #4881, #2206, #5325 ),
 ( #2690, #5753, #3155, #47 ),
 ( #3311, #498, #3731, #976 ) ),
 .UNSPECIFIED., .F., .F., .F. ) 
 B_SPLINE_SURFACE_WITH_KNOTS ( ( 4, 4 ),
 ( 4, 4 ),
 ( 0.0000000000000000000, 1.000000000000000000 ),
 ( 0.0000000000000000000, 1.000000000000000000 ),
 .UNSPECIFIED. ) 
 GEOMETRIC_REPRESENTATION_ITEM ( )  RATIONAL_B_SPLINE_SURFACE ( (
 ( 1.000000000000000000, 0.3333333333333334300, 0.3333333333333334300, 1.000000000000000000),
 ( 0.3333333333333333700, 0.1111111111111111600, 0.1111111111111111600, 0.3333333333333333700),
 ( 0.3333333333333333700, 0.1111111111111111600, 0.1111111111111111600, 0.3333333333333333700),
 ( 1.000000000000000000, 0.3333333333333334300, 0.3333333333333334300, 1.000000000000000000) ) ) 
 REPRESENTATION_ITEM ( '' )  SURFACE ( )  );
#4146 = CARTESIAN_POINT ( 'NONE',  ( -1.138300687624738800, 7.708578643762578500, 3.105991849046209700 ) ) ;
#4147 = AXIS2_PLACEMENT_3D ( 'NONE', #1331, #4498, #1788 ) ;
#4148 = CARTESIAN_POINT ( 'NONE',  ( -2.988397714842505600, -1.441557495260475500, 2.516341224857669500 ) ) ;
#4149 = CALENDAR_DATE ( 2016, 15, 9 ) ;
#4150 = CARTESIAN_POINT ( 'NONE',  ( -17.68077914467999900, -1.265735467702501100E-031, 0.5000000000000000000 ) ) ;
#4151 = LOCAL_TIME ( 14, 32, 24.00000000000000000, #4155 ) ;
#4152 = VERTEX_POINT ( 'NONE', #942 ) ;
#4153 = APPROVAL_STATUS ( 'not_yet_approved' ) ;
#4154 = CARTESIAN_POINT ( 'NONE',  ( -1.508544392461799800, 2.148893028652830500, 1.036542670477903000 ) ) ;
#4155 = COORDINATED_UNIVERSAL_TIME_OFFSET ( 8, 0, .BEHIND. ) ;
#4156 = PRODUCT_DEFINITION_FORMATION_WITH_SPECIFIED_SOURCE ( 'ANY', '', #2017, .NOT_KNOWN. ) ;
#4157 = ORIENTED_EDGE ( 'NONE', *, *, #5782, .F. ) ;
#4158 = EDGE_CURVE ( 'NONE', #3836, #1798, #4118, .T. ) ;
#4159 = CARTESIAN_POINT ( 'NONE',  ( -3.019410960405842600, -1.391845541975746700, -2.657682695037374600 ) ) ;
#4160 = CARTESIAN_POINT ( 'NONE',  ( 0.0000000000000000000, 0.7000000000000000700, 0.0000000000000000000 ) ) ;
#4161 = ORIENTED_EDGE ( 'NONE', *, *, #223, .T. ) ;
#4162 = DIRECTION ( 'NONE',  ( 0.0000000000000000000, 0.0000000000000000000, 1.000000000000000000 ) ) ;
#4163 = CARTESIAN_POINT ( 'NONE',  ( 0.0000000000000000000, 8.050000000000000700, 0.0000000000000000000 ) ) ;
#4164 = VERTEX_POINT ( 'NONE', #4150 ) ;
#4165 = FACE_OUTER_BOUND ( 'NONE', #3029, .T. ) ;
#4166 = DIRECTION ( 'NONE',  ( 0.0000000000000000000, 0.0000000000000000000, 1.000000000000000000 ) ) ;
#4167 = ORIENTED_EDGE ( 'NONE', *, *, #3721, .T. ) ;
#4168 = CARTESIAN_POINT ( 'NONE',  ( -2.149999999999966200, 0.0000000000000000000, 1.066536450385107400 ) ) ;
#4169 = DIRECTION ( 'NONE',  ( -0.0000000000000000000, -1.000000000000000000, -0.0000000000000000000 ) ) ;
#4170 = EDGE_LOOP ( 'NONE', ( #438, #1683, #5620, #3413 ) ) ;
#4171 = PERSON_AND_ORGANIZATION_ROLE ( 'creator' ) ;
#4172 = ORIENTED_EDGE ( 'NONE', *, *, #1778, .F. ) ;
#4173 = CARTESIAN_POINT ( 'NONE',  ( 2.152185071923423500, 7.671951778010404500, 1.067620384735252600 ) ) ;
#4174 = CIRCLE ( 'NONE', #2318, 2.594999999999000100 ) ;
#4175 = ORIENTED_EDGE ( 'NONE', *, *, #1998, .F. ) ;
#4176 = DIRECTION ( 'NONE',  ( 0.0000000000000000000, 0.2300000000007608500, -0.9731906288079690300 ) ) ;
#4177 = AXIS2_PLACEMENT_3D ( 'NONE', #5606, #5632, #3027 ) ;
#4178 = CARTESIAN_POINT ( 'NONE',  ( -0.2612668197913898800, 14.29580449436161500, 2.594025093591420200 ) ) ;
#4179 = DIRECTION ( 'NONE',  ( 1.000000000000000000, 0.0000000000000000000, 0.0000000000000000000 ) ) ;
#4180 = ORIENTED_EDGE ( 'NONE', *, *, #5016, .F. ) ;
#4181 = CIRCLE ( 'NONE', #2184, 2.399999999999999900 ) ;
#4182 = PERSON ( 'UNSPECIFIED', 'UNSPECIFIED', 'UNSPECIFIED', ('UNSPECIFIED'), ('UNSPECIFIED'), ('UNSPECIFIED') ) ;
#4183 = CARTESIAN_POINT ( 'NONE',  ( 0.6499999999933618900, 8.020778830727909500, -2.306459256383300600 ) ) ;
#4184 = VERTEX_POINT ( 'NONE', #3281 ) ;
#4185 = AXIS2_PLACEMENT_3D ( 'NONE', #2825, #10, #3276 ) ;
#4186 = CIRCLE ( 'NONE', #1983, 2.600000000000000500 ) ;
#4187 = CARTESIAN_POINT ( 'NONE',  ( -3.487767810380045600, -1.438570830302780200, 2.518059907612777000 ) ) ;
#4188 = ORIENTED_EDGE ( 'NONE', *, *, #2843, .T. ) ;
#4189 = AXIS2_PLACEMENT_3D ( 'NONE', #5065, #4654, #2469 ) ;
#4190 = CARTESIAN_POINT ( 'NONE',  ( -2.680779144684000100, 0.0000000000000000000, 0.0000000000000000000 ) ) ;
#4191 = AXIS2_PLACEMENT_3D ( 'NONE', #1575, #4721, #2033 ) ;
#4192 = CARTESIAN_POINT ( 'NONE',  ( -1.017688975175925700, 0.7000002068674330300, 1.956488419117640200 ) ) ;
#4193 = LINE ( 'NONE', #4558, #4523 ) ;
#4194 = PRODUCT_RELATED_PRODUCT_CATEGORY ( 'detail', '', ( #1477 ) ) ;
#4195 = CARTESIAN_POINT ( 'NONE',  ( 0.6499999999999787100, 9.250000000000000000, -2.517439175034826600 ) ) ;
#4196 = CARTESIAN_POINT ( 'NONE',  ( -14.23815557805000200, 0.0000000000000000000, 2.395000000000000000 ) ) ;
#4197 = FACE_OUTER_BOUND ( 'NONE', #3165, .T. ) ;
#4198 = CARTESIAN_POINT ( 'NONE',  ( -7.238155578049999800, 0.0000000000000000000, 2.900000000000000800 ) ) ;
#4199 = DIRECTION ( 'NONE',  ( 0.0000000000000000000, 0.0000000000000000000, -1.000000000000000000 ) ) ;
#4200 = VERTEX_POINT ( 'NONE', #3705 ) ;
#4201 = CARTESIAN_POINT ( 'NONE',  ( 0.7886773686170418500, 14.69999999999999900, 2.539176147319885100 ) ) ;
#4202 = EDGE_CURVE ( 'NONE', #3839, #5740, #4065, .T. ) ;
#4203 = VECTOR ( 'NONE', #5214, 1000.000000000000200 ) ;
#4204 = CARTESIAN_POINT ( 'NONE',  ( -2.988543345713190000, -1.488561698312670200, -2.604646630603948000 ) ) ;
#4205 = DIRECTION ( 'NONE',  ( -1.000000000000000000, 0.0000000000000000000, 0.0000000000000000000 ) ) ;
#4206 = CARTESIAN_POINT ( 'NONE',  ( 1.074402454204138600, 9.250000000000000000, 2.146080000000028900 ) ) ;
#4207 = PERSON_AND_ORGANIZATION_ROLE ( 'classification_officer' ) ;
#4208 = DIRECTION ( 'NONE',  ( 0.0000000000000000000, 0.0000000000000000000, 1.000000000000000000 ) ) ;
#4209 = EDGE_CURVE ( 'NONE', #3553, #5411, #4048, .T. ) ;
#4210 = CARTESIAN_POINT ( 'NONE',  ( -1.573240936693400800, 2.148893028652830500, 0.9267097333880673900 ) ) ;
#4211 = CARTESIAN_POINT ( 'NONE',  ( 1.181679908123118200, 6.108681809402349400, 1.656654131810159100 ) ) ;
#4212 = CARTESIAN_POINT ( 'NONE',  ( -10.18077914468000100, 0.0000000000000000000, 0.0000000000000000000 ) ) ;
#4213 = CARTESIAN_POINT ( 'NONE',  ( -2.989633557572137300, 2.999879842196780700, 0.03327363910864852100 ) ) ;
#4214 = CARTESIAN_POINT ( 'NONE',  ( 0.0000000000000000000, 7.950000000000002000, 0.0000000000000000000 ) ) ;
#4215 = CARTESIAN_POINT ( 'NONE',  ( -3.487794584502676100, -1.511615740770609900, -2.591335148577758900 ) ) ;
#4216 = APPROVAL_PERSON_ORGANIZATION ( #4218, #4446, #412 ) ;
#4217 = CARTESIAN_POINT ( 'NONE',  ( -3.068973815973274500, -1.558455600120140400, -2.326791653519700600 ) ) ;
#4218 = PERSON_AND_ORGANIZATION ( #4182, #5189 ) ;
#4219 = DIRECTION ( 'NONE',  ( 0.0000000000000000000, 0.0000000000000000000, 1.000000000000000000 ) ) ;
#4220 = CARTESIAN_POINT ( 'NONE',  ( -2.238155578050000200, 2.921918030004946800, -0.7852436530778406100 ) ) ;
#4221 = AXIS2_PLACEMENT_3D ( 'NONE', #687, #3910, #1157 ) ;
#4222 = CARTESIAN_POINT ( 'NONE',  ( 0.3473312860536481000, 4.638781778632381500, 1.707187812757522600 ) ) ;
#4223 = EDGE_CURVE ( 'NONE', #1371, #952, #3998, .T. ) ;
#4224 = DATE_AND_TIME ( #4226, #4291 ) ;
#4225 = DIRECTION ( 'NONE',  ( 0.0000000000000000000, 1.000000000000000000, 0.0000000000000000000 ) ) ;
#4226 = CALENDAR_DATE ( 2016, 15, 9 ) ;
#4227 = ORIENTED_EDGE ( 'NONE', *, *, #3551, .T. ) ;
#4228 = CARTESIAN_POINT ( 'NONE',  ( -2.238155578050000200, 0.0000000000000000000, 2.594999999999000100 ) ) ;
#4229 = CARTESIAN_POINT ( 'NONE',  ( 0.6500000000000003600, 7.750000000000000000, 0.0000000000000000000 ) ) ;
#4230 = ORIENTED_EDGE ( 'NONE', *, *, #1909, .F. ) ;
#4231 = DIRECTION ( 'NONE',  ( -1.000000000000000000, 0.0000000000000000000, 0.0000000000000000000 ) ) ;
#4232 = CARTESIAN_POINT ( 'NONE',  ( 1.297336184790537100, 6.108681809402349400, 1.574157311404510900 ) ) ;
#4233 = ORIENTED_EDGE ( 'NONE', *, *, #3474, .F. ) ;
#4234 = CARTESIAN_POINT ( 'NONE',  ( -3.458060923544937500, 2.997652788989492800, -0.1215255699023954900 ) ) ;
#4235 = EDGE_CURVE ( 'NONE', #5332, #1006, #4181, .T. ) ;
#4236 = CARTESIAN_POINT ( 'NONE',  ( -3.051789248555933500, 2.795327532917977600, 0.1689967699411996400 ) ) ;
#4237 = VERTEX_POINT ( 'NONE', #4187 ) ;
#4238 = DIRECTION ( 'NONE',  ( -0.2300000000000102800, -0.0000000000000000000, 0.9731906288081462200 ) ) ;
#4239 = CARTESIAN_POINT ( 'NONE',  ( 1.404318272496428700, 6.108681809402349400, 1.479507555556169900 ) ) ;
#4240 = CARTESIAN_POINT ( 'NONE',  ( -0.6113987657258498400, 14.69999999999999900, 2.360902388126574300 ) ) ;
#4241 = CARTESIAN_POINT ( 'NONE',  ( -3.186052550658323900, 2.989295549379411600, 0.2532296024722150400 ) ) ;
#4242 = FACE_OUTER_BOUND ( 'NONE', #3844, .T. ) ;
#4243 = CARTESIAN_POINT ( 'NONE',  ( -2.241267039501524400, 7.949999999999994800, 0.02630121367441690500 ) ) ;
#4244 = CARTESIAN_POINT ( 'NONE',  ( -1.238155578050000000, 0.0000000000000000000, 0.0000000000000000000 ) ) ;
#4245 = VERTEX_POINT ( 'NONE', #50 ) ;
#4246 = EDGE_CURVE ( 'NONE', #3564, #4200, #3928, .T. ) ;
#4247 = DIRECTION ( 'NONE',  ( 0.0000000000000000000, 0.0000000000000000000, 1.000000000000000000 ) ) ;
#4248 = CARTESIAN_POINT ( 'NONE',  ( -3.115231827190609000, -1.473103449606579400, 2.381308287036235400 ) ) ;
#4249 = CIRCLE ( 'NONE', #3259, 3.000000000000000000 ) ;
#4250 = B_SPLINE_CURVE_WITH_KNOTS ( 'NONE', 3,
 ( #5423, #2375, #4463, #4178, #3792, #3773, #3724, #3710, #3695, #3384 ),
 .UNSPECIFIED., .F., .F.,
 ( 4, 2, 2, 2, 4 ),
 ( 0.0000000000000000000, 0.0003910511436213555900, 0.0007821022872427111800, 0.001173153430864066800, 0.001564204574485422400 ),
 .UNSPECIFIED. ) ;
#4251 = ORIENTED_EDGE ( 'NONE', *, *, #740, .T. ) ;
#4252 = CARTESIAN_POINT ( 'NONE',  ( -0.3807169516091256600, 1.656567835938057300, 1.871283601549508200 ) ) ;
#4253 = CARTESIAN_POINT ( 'NONE',  ( 1.500295128610842800, 6.108681809402349400, 1.374767196572608000 ) ) ;
#4254 = ORIENTED_EDGE ( 'NONE', *, *, #1604, .F. ) ;
#4255 = VERTEX_POINT ( 'NONE', #3335 ) ;
#4256 = CARTESIAN_POINT ( 'NONE',  ( -3.332915737765052500, 2.790995579228561200, -0.2326215402708402000 ) ) ;
#4257 = FACE_BOUND ( 'NONE', #4115, .T. ) ;
#4258 = CARTESIAN_POINT ( 'NONE',  ( -3.227389301399947700, 2.989450421050150500, 0.2514139574525350300 ) ) ;
#4259 = DIRECTION ( 'NONE',  ( 0.0000000000000000000, 1.000000000000000000, 0.0000000000000000000 ) ) ;
#4260 = EDGE_LOOP ( 'NONE', ( #2433, #4495, #4847, #5722 ) ) ;
#4261 = CARTESIAN_POINT ( 'NONE',  ( -3.289992255923966700, -1.713724601027757400, -2.462348338940259800 ) ) ;
#4262 = CARTESIAN_POINT ( 'NONE',  ( 1.596271984725257100, 6.108681809402349400, 1.270026837589046700 ) ) ;
#4263 = CARTESIAN_POINT ( 'NONE',  ( -2.238155578050000200, 0.0000000000000000000, 0.0000000000000000000 ) ) ;
#4264 = CARTESIAN_POINT ( 'NONE',  ( -3.019410960405707100, 2.797540388380845000, 0.1234677500231884500 ) ) ;
#4265 = FACE_OUTER_BOUND ( 'NONE', #1482, .T. ) ;
#4266 = CARTESIAN_POINT ( 'NONE',  ( 0.0000000000000000000, 0.0000000000000000000, 2.399999999999999900 ) ) ;
#4267 = CARTESIAN_POINT ( 'NONE',  ( -0.6499999999989971600, 8.028092069163742300, -2.308402541699110100 ) ) ;
#4268 = VECTOR ( 'NONE', #3131, 1000.000000000000000 ) ;
#4269 = CARTESIAN_POINT ( 'NONE',  ( -3.355937110473172300, -1.641206457084715400, 2.397777609776687900 ) ) ;
#4270 = AXIS2_PLACEMENT_3D ( 'NONE', #3464, #2570, #2087 ) ;
#4271 = CC_DESIGN_PERSON_AND_ORGANIZATION_ASSIGNMENT ( #5037, #4488, ( #3399 ) ) ;
#4272 = CARTESIAN_POINT ( 'NONE',  ( -0.5113571919515892400, 1.656567835938057300, 1.844704544254568000 ) ) ;
#4273 = CC_DESIGN_DATE_AND_TIME_ASSIGNMENT ( #278, #5525, ( #3119 ) ) ;
#4274 = LINE ( 'NONE', #3114, #4268 ) ;
#4275 = CARTESIAN_POINT ( 'NONE',  ( 1.681237466362352400, 6.108681809402349400, 1.155202579253805200 ) ) ;
#4276 = CARTESIAN_POINT ( 'NONE',  ( -3.140554545886507400, 2.991093853277680700, -0.2314095604834839300 ) ) ;
#4277 = CARTESIAN_POINT ( 'NONE',  ( -3.386079917192486000, 2.793165219789843300, 0.2032543812850651800 ) ) ;
#4278 = DIRECTION ( 'NONE',  ( 0.9999685000015571300, 0.0000000000000000000, 0.007937191230892658800 ) ) ;
#4279 = ORIENTED_EDGE ( 'NONE', *, *, #2642, .F. ) ;
#4280 = CARTESIAN_POINT ( 'NONE',  ( 1.074402454204138600, 9.449999999999999300, 2.146080000000028900 ) ) ;
#4281 = CARTESIAN_POINT ( 'NONE',  ( 1.753340252763509600, 6.108681809402349400, 1.032796337979916500 ) ) ;
#4282 = CYLINDRICAL_SURFACE ( 'NONE', #377, 0.6599999999999000000 ) ;
#4283 = PLANE ( 'NONE',  #1160 ) ;
#4284 = FACE_OUTER_BOUND ( 'NONE', #1103, .T. ) ;
#4285 = CARTESIAN_POINT ( 'NONE',  ( -3.336389583426369000, 2.791202280430666000, 0.2295842275528200400 ) ) ;
#4286 = CARTESIAN_POINT ( 'NONE',  ( -0.6499999999999996900, 7.950000000000000200, -2.206241147291000200 ) ) ;
#4287 = LINE ( 'NONE', #1207, #4067 ) ;
#4288 = CARTESIAN_POINT ( 'NONE',  ( 2.599871837070684100, 7.849999999999999600, -0.02581532116214592000 ) ) ;
#4289 = CARTESIAN_POINT ( 'NONE',  ( -3.487941574940602400, -1.407869580893821100, 2.420314803991130000 ) ) ;
#4290 = AXIS2_PLACEMENT_3D ( 'NONE', #519, #1849, #561 ) ;
#4291 = LOCAL_TIME ( 14, 32, 24.00000000000000000, #4293 ) ;
#4292 = CARTESIAN_POINT ( 'NONE',  ( -0.4425985214470871100, 6.637123764700425500, 2.175441234632275600 ) ) ;
#4293 = COORDINATED_UNIVERSAL_TIME_OFFSET ( 8, 0, .BEHIND. ) ;
#4294 = CARTESIAN_POINT ( 'NONE',  ( -3.017106866605533200, 2.797728688946328200, -0.1195339672241469400 ) ) ;
#4295 = ORIENTED_EDGE ( 'NONE', *, *, #2330, .F. ) ;
#4296 = CARTESIAN_POINT ( 'NONE',  ( -3.484872418925560200, 2.999746111240167800, 0.03926750254772781000 ) ) ;
#4297 = CARTESIAN_POINT ( 'NONE',  ( -7.238155578049999800, 0.0000000000000000000, 3.000000000000000000 ) ) ;
#4298 = PLANE ( 'NONE',  #5069 ) ;
#4299 = CARTESIAN_POINT ( 'NONE',  ( -10.18077914468000100, 8.082668874371306600E-017, -0.6599999999999000000 ) ) ;
#4300 = PERSON_AND_ORGANIZATION ( #4182, #5189 ) ;
#4301 = CARTESIAN_POINT ( 'NONE',  ( -0.6391997694651155900, 1.656567835938057300, 1.804395934397384300 ) ) ;
#4302 = AXIS2_PLACEMENT_3D ( 'NONE', #1521, #572, #4247 ) ;
#4303 = ORIENTED_EDGE ( 'NONE', *, *, #3269, .T. ) ;
#4304 = CARTESIAN_POINT ( 'NONE',  ( -3.052155133452231400, -1.642259762912192400, 2.510577923992938700 ) ) ;
#4305 = CARTESIAN_POINT ( 'NONE',  ( -2.399924400003737200, 8.050000000000000700, -0.01904925895414268100 ) ) ;
#4306 = AXIS2_PLACEMENT_3D ( 'NONE', #244, #212, #190 ) ;
#4307 = ORIENTED_EDGE ( 'NONE', *, *, #621, .T. ) ;
#4308 = CARTESIAN_POINT ( 'NONE',  ( 0.6302204938776282400, 7.791421356237146200, -2.522463504016784900 ) ) ;
#4309 = CC_DESIGN_APPROVAL ( #4014, ( #4932 ) ) ;
#4310 = ORIENTED_EDGE ( 'NONE', *, *, #42, .F. ) ;
#4311 = CIRCLE ( 'NONE', #2513, 0.5000000000000000000 ) ;
#4312 = DIRECTION ( 'NONE',  ( 0.0000000000000000000, 1.000000000000000000, 0.0000000000000000000 ) ) ;
#4313 = CARTESIAN_POINT ( 'NONE',  ( -0.7614591103728510800, 1.656567835938057300, 1.751236060016133000 ) ) ;
#4314 = VERTEX_POINT ( 'NONE', #530 ) ;
#4315 = DIRECTION ( 'NONE',  ( 0.0000000000000000000, 1.000000000000000000, 0.0000000000000000000 ) ) ;
#4316 = CARTESIAN_POINT ( 'NONE',  ( -2.988543345713178000, 2.999970999138046800, 0.01319106946227205200 ) ) ;
#4317 = EDGE_CURVE ( 'NONE', #4995, #3991, #3983, .T. ) ;
#4318 = ORIENTED_EDGE ( 'NONE', *, *, #496, .T. ) ;
#4319 = CARTESIAN_POINT ( 'NONE',  ( -3.487495528184807500, 2.799945158684813400, -0.01811130468315505900 ) ) ;
#4320 = CARTESIAN_POINT ( 'NONE',  ( -7.238155578049999800, 3.673940397442059900E-016, -3.000000000000000000 ) ) ;
#4321 = DIRECTION ( 'NONE',  ( -1.000000000000000000, 0.0000000000000000000, 0.0000000000000000000 ) ) ;
#4322 = CARTESIAN_POINT ( 'NONE',  ( 0.4386094557178539800, 6.580000000000024900, 2.155834350165829200 ) ) ;
#4323 = DIRECTION ( 'NONE',  ( 1.000000000000000000, -0.0000000000000000000, -0.0000000000000000000 ) ) ;
#4324 = CARTESIAN_POINT ( 'NONE',  ( -3.169283902157852900, -1.510917112220983500, 2.357609015932505200 ) ) ;
#4325 = EDGE_CURVE ( 'NONE', #1560, #1086, #3937, .T. ) ;
#4326 = CARTESIAN_POINT ( 'NONE',  ( -0.4455670039032720300, 13.58833235795974800, 2.580966223249581100 ) ) ;
#4327 = FACE_OUTER_BOUND ( 'NONE', #2497, .T. ) ;
#4328 = VERTEX_POINT ( 'NONE', #5505 ) ;
#4329 = CARTESIAN_POINT ( 'NONE',  ( -3.479651782002599600, -1.459986087546057500, -2.389433659975074500 ) ) ;
#4330 = CARTESIAN_POINT ( 'NONE',  ( -3.196836827692223000, -1.658000644193199600, 2.378988204516073500 ) ) ;
#4331 = DIRECTION ( 'NONE',  ( 0.0000000000000000000, 1.000000000000000000, 0.0000000000000000000 ) ) ;
#4332 = LINE ( 'NONE', #4719, #4203 ) ;
#4333 = B_SPLINE_CURVE_WITH_KNOTS ( 'NONE', 3,
 ( #2212, #4008, #788, #2696, #5757, #3159, #336, #3587, #809, #4027, #1278, #4459, #1740, #4903, #2231, #5348 ),
 .UNSPECIFIED., .F., .F.,
 ( 4, 3, 3, 3, 3, 4 ),
 ( 4.920902119173596000E-016, 3.623595929225605100E-005, 7.251206875429609300E-005, 0.0001080952538513220200, 0.0001421637614309917700, 0.0001596978084330592000 ),
 .UNSPECIFIED. ) ;
#4334 = ORIENTED_EDGE ( 'NONE', *, *, #3758, .T. ) ;
#4335 = EDGE_CURVE ( 'NONE', #855, #5672, #3768, .T. ) ;
#4336 = PLANE ( 'NONE',  #480 ) ;
#4337 = ORIENTED_EDGE ( 'NONE', *, *, #4494, .F. ) ;
#4338 = VERTEX_POINT ( 'NONE', #550 ) ;
#4339 = DIRECTION ( 'NONE',  ( 0.0000000000000000000, 0.0000000000000000000, 1.000000000000000000 ) ) ;
#4340 = CARTESIAN_POINT ( 'NONE',  ( -0.8837184512805867900, 1.656567835938057300, 1.698076185634881400 ) ) ;
#4341 = CIRCLE ( 'NONE', #1677, 3.000000000000000000 ) ;
#4342 = ORIENTED_EDGE ( 'NONE', *, *, #5311, .T. ) ;
#4343 = DIRECTION ( 'NONE',  ( 0.0000000000000000000, 1.000000000000000000, 0.0000000000000000000 ) ) ;
#4344 = DIRECTION ( 'NONE',  ( 0.0000000000000000000, 0.0000000000000000000, 1.000000000000000000 ) ) ;
#4345 = DIRECTION ( 'NONE',  ( 0.0000000000000000000, 0.0000000000000000000, 1.000000000000000000 ) ) ;
#4346 = CARTESIAN_POINT ( 'NONE',  ( -3.384408744604050100, -1.673605964845887600, 2.489829807598150000 ) ) ;
#4347 = CARTESIAN_POINT ( 'NONE',  ( -2.336438629665677600, 7.950000000000002000, 4.581599560176088400 ) ) ;
#4348 = CARTESIAN_POINT ( 'NONE',  ( 0.6499999999967427400, 7.780608135224716700, -2.489451613170886400 ) ) ;
#4349 = LINE ( 'NONE', #4229, #4393 ) ;
#4350 = CC_DESIGN_PERSON_AND_ORGANIZATION_ASSIGNMENT ( #3412, #1842, ( #3473 ) ) ;
#4351 = EDGE_CURVE ( 'NONE', #5655, #4916, #3854, .T. ) ;
#4352 = FACE_OUTER_BOUND ( 'NONE', #2091, .T. ) ;
#4353 = CARTESIAN_POINT ( 'NONE',  ( 0.5000000000000721600, 13.98054348692318900, 2.373887304912021700 ) ) ;
#4354 = DIRECTION ( 'NONE',  ( 0.0000000000000000000, 1.000000000000000000, 0.0000000000000000000 ) ) ;
#4355 = CARTESIAN_POINT ( 'NONE',  ( 0.5891150858697951100, 6.580000000000024900, 2.125213633635202500 ) ) ;
#4356 = CARTESIAN_POINT ( 'NONE',  ( -1.000386730517148800, 1.656567835938057300, 1.632068449164825400 ) ) ;
#4357 = CARTESIAN_POINT ( 'NONE',  ( 0.0000000000000000000, 6.580000000000000100, 0.0000000000000000000 ) ) ;
#4358 = CARTESIAN_POINT ( 'NONE',  ( -3.456900195628120900, -1.341543144884342000, 2.570556387774453300 ) ) ;
#4359 = EDGE_CURVE ( 'NONE', #5062, #5326, #3787, .T. ) ;
#4360 = CARTESIAN_POINT ( 'NONE',  ( -3.480039648639013300, -1.508163314897081700, 2.476440363215117700 ) ) ;
#4361 = APPROVAL_DATE_TIME ( #4363, #2994 ) ;
#4362 = CARTESIAN_POINT ( 'NONE',  ( -3.466213983218654700, -1.344454019221921400, 2.571569857607524800 ) ) ;
#4363 = DATE_AND_TIME ( #4366, #4367 ) ;
#4364 = DIRECTION ( 'NONE',  ( -0.9731906288081463300, 0.0000000000000000000, 0.2300000000000106400 ) ) ;
#4365 = ORIENTED_EDGE ( 'NONE', *, *, #2200, .T. ) ;
#4366 = CALENDAR_DATE ( 2016, 15, 9 ) ;
#4367 = LOCAL_TIME ( 14, 32, 24.00000000000000000, #4426 ) ;
#4368 = VERTEX_POINT ( 'NONE', #4228 ) ;
#4369 = DIRECTION ( 'NONE',  ( 0.0000000000000000000, 0.0000000000000000000, 1.000000000000000000 ) ) ;
#4370 = CARTESIAN_POINT ( 'NONE',  ( -15.23815557805000000, 0.0000000000000000000, 0.0000000000000000000 ) ) ;
#4371 = ORIENTED_EDGE ( 'NONE', *, *, #5587, .T. ) ;
#4372 = DIRECTION ( 'NONE',  ( 0.0000000000000000000, 0.0000000000000000000, 1.000000000000000000 ) ) ;
#4373 = CARTESIAN_POINT ( 'NONE',  ( 0.7363976355534359600, 6.580000000000024900, 2.078775624096940600 ) ) ;
#4374 = CARTESIAN_POINT ( 'NONE',  ( -1.108921852127081400, 1.656567835938057300, 1.554651099297101900 ) ) ;
#4375 = CARTESIAN_POINT ( 'NONE',  ( -3.305525094965786200, -1.286922153961310700, 2.709953870422652700 ) ) ;
#4376 = ADVANCED_FACE ( 'NONE', ( #3704 ), #3644, .T. ) ;
#4377 = CARTESIAN_POINT ( 'NONE',  ( -8.180779144683999200, 0.0000000000000000000, 0.5000000000000000000 ) ) ;
#4378 = ORIENTED_EDGE ( 'NONE', *, *, #4794, .T. ) ;
#4379 = CARTESIAN_POINT ( 'NONE',  ( -3.179983418547778700, -1.183594068412420000, 2.540288812739082100 ) ) ;
#4380 = VECTOR ( 'NONE', #4820, 1000.000000000000000 ) ;
#4381 = AXIS2_PLACEMENT_3D ( 'NONE', #1586, #330, #315 ) ;
#4382 =( GEOMETRIC_REPRESENTATION_CONTEXT ( 3 ) GLOBAL_UNCERTAINTY_ASSIGNED_CONTEXT ( ( #1323 ) ) GLOBAL_UNIT_ASSIGNED_CONTEXT ( ( #2186, #4864, #4884 ) ) REPRESENTATION_CONTEXT ( 'NONE', 'WORKASPACE' ) );
#4383 = CARTESIAN_POINT ( 'NONE',  ( 1.518569021761133600, 6.579999793132563100, 1.599214154040508700 ) ) ;
#4384 = CC_DESIGN_APPROVAL ( #4081, ( #2795 ) ) ;
#4385 = VERTEX_POINT ( 'NONE', #1045 ) ;
#4386 = CARTESIAN_POINT ( 'NONE',  ( -7.238155578050000600, 2.621359165062774600, 1.510856941112698000 ) ) ;
#4387 = FACE_OUTER_BOUND ( 'NONE', #4260, .T. ) ;
#4388 = CARTESIAN_POINT ( 'NONE',  ( -8.238155578050001500, 0.0000000000000000000, 2.849999999999000000 ) ) ;
#4389 = CARTESIAN_POINT ( 'NONE',  ( -1.217456973737014000, 1.656567835938057300, 1.477233749429378400 ) ) ;
#4390 = CARTESIAN_POINT ( 'NONE',  ( -2.241267039501525300, 7.949999999999994800, 0.02630121367441632900 ) ) ;
#4391 = ORIENTED_EDGE ( 'NONE', *, *, #548, .F. ) ;
#4392 = CARTESIAN_POINT ( 'NONE',  ( -3.139921572549301500, -1.246474525763598500, 2.618125663963378500 ) ) ;
#4393 = VECTOR ( 'NONE', #3301, 1000.000000000000000 ) ;
#4394 = CARTESIAN_POINT ( 'NONE',  ( -2.226352713541481300, 7.749177003808685300, 1.104412242049338700 ) ) ;
#4395 = CARTESIAN_POINT ( 'NONE',  ( -3.487794584502692500, 2.999969938773166900, -0.01343005797876033000 ) ) ;
#4396 = ORIENTED_EDGE ( 'NONE', *, *, #3268, .T. ) ;
#4397 = ORIENTED_EDGE ( 'NONE', *, *, #4593, .F. ) ;
#4398 = CARTESIAN_POINT ( 'NONE',  ( -3.089974844245884500, -1.362679669852027400, 2.446335680972809600 ) ) ;
#4399 = LINE ( 'NONE', #1380, #4869 ) ;
#4400 = DIRECTION ( 'NONE',  ( -1.000000000000000000, 0.0000000000000000000, 0.0000000000000000000 ) ) ;
#4401 = AXIS2_PLACEMENT_3D ( 'NONE', #840, #385, #4345 ) ;
#4402 = ADVANCED_FACE ( 'NONE', ( #3716 ), #3593, .T. ) ;
#4403 = LINE ( 'NONE', #1399, #4462 ) ;
#4404 = DIRECTION ( 'NONE',  ( 0.0000000000000000000, -0.0000000000000000000, 1.000000000000000000 ) ) ;
#4405 = CARTESIAN_POINT ( 'NONE',  ( -1.464769572750586500, 3.140605763927301700, 0.8628152170332129600 ) ) ;
#4406 = DIRECTION ( 'NONE',  ( 0.0000000000000000000, 1.000000000000000000, 0.0000000000000000000 ) ) ;
#4407 = CARTESIAN_POINT ( 'NONE',  ( 1.103999999999940400, 14.19999999999999900, 2.271315018279128400 ) ) ;
#4408 = CARTESIAN_POINT ( 'NONE',  ( 0.8772479516355529100, 6.580000000000024900, 2.017532163647276700 ) ) ;
#4409 = CARTESIAN_POINT ( 'NONE',  ( -1.317851991057455500, 1.656567835938057300, 1.388411741170452200 ) ) ;
#4410 = CYLINDRICAL_SURFACE ( 'NONE', #700, 0.5000000000000000000 ) ;
#4411 = CARTESIAN_POINT ( 'NONE',  ( -3.004773853028210000, -1.418918029239314600, 2.643345742602933400 ) ) ;
#4412 = CARTESIAN_POINT ( 'NONE',  ( -3.124088722468026700, -1.317685028989411100, 2.470687723154213700 ) ) ;
#4413 = AXIS2_PLACEMENT_3D ( 'NONE', #2415, #5510, #2896 ) ;
#4414 = CARTESIAN_POINT ( 'NONE',  ( -15.03815557810020000, 2.210487472459747700E-016, -1.804999999999000100 ) ) ;
#4415 = LINE ( 'NONE', #5641, #5240 ) ;
#4416 = FACE_OUTER_BOUND ( 'NONE', #3179, .T. ) ;
#4417 = CARTESIAN_POINT ( 'NONE',  ( -0.9494745003083749900, 4.658160804959332600, 1.002384294633472500 ) ) ;
#4418 = VECTOR ( 'NONE', #2321, 1000.000000000000000 ) ;
#4419 = EDGE_CURVE ( 'NONE', #3296, #1676, #4140, .T. ) ;
#4420 = CARTESIAN_POINT ( 'NONE',  ( -0.4999999999999880700, 13.84999999999990400, 2.373887304912046100 ) ) ;
#4421 = CARTESIAN_POINT ( 'NONE',  ( -8.180779144683999200, 0.0000000000000000000, 0.0000000000000000000 ) ) ;
#4422 = EDGE_CURVE ( 'NONE', #3974, #4854, #3634, .T. ) ;
#4423 = DIRECTION ( 'NONE',  ( 0.0000000000000000000, 0.0000000000000000000, 1.000000000000000000 ) ) ;
#4424 = DIRECTION ( 'NONE',  ( 0.0000000000000000000, 0.0000000000000000000, 1.000000000000000000 ) ) ;
#4425 = CARTESIAN_POINT ( 'NONE',  ( 1.018098267717670400, 6.580000000000024900, 1.956288703197612200 ) ) ;
#4426 = COORDINATED_UNIVERSAL_TIME_OFFSET ( 8, 0, .BEHIND. ) ;
#4427 = APPROVAL_PERSON_ORGANIZATION ( #4433, #2994, #5394 ) ;
#4428 = CARTESIAN_POINT ( 'NONE',  ( -14.23815557805000200, 2.933029083957911200E-016, -2.395000000000000000 ) ) ;
#4429 = ORIENTED_EDGE ( 'NONE', *, *, #5306, .F. ) ;
#4430 = EDGE_CURVE ( 'NONE', #3693, #347, #3652, .T. ) ;
#4431 = ADVANCED_FACE ( 'NONE', ( #3567 ), #3442, .F. ) ;
#4432 = EDGE_CURVE ( 'NONE', #2945, #4338, #3454, .T. ) ;
#4433 = PERSON_AND_ORGANIZATION ( #4182, #5189 ) ;
#4434 = VERTEX_POINT ( 'NONE', #156 ) ;
#4435 = CARTESIAN_POINT ( 'NONE',  ( -2.238155578050000200, 3.551475717527324300E-016, -2.900000000000000800 ) ) ;
#4436 = ORIENTED_EDGE ( 'NONE', *, *, #2752, .F. ) ;
#4437 = CARTESIAN_POINT ( 'NONE',  ( 0.0000000000000000000, 6.580000000000000100, 0.0000000000000000000 ) ) ;
#4438 = CARTESIAN_POINT ( 'NONE',  ( -0.6499999999998248300, 7.780369542592350000, -2.489133662229128200 ) ) ;
#4439 = LINE ( 'NONE', #2122, #4380 ) ;
#4440 = CARTESIAN_POINT ( 'NONE',  ( -17.68077914467999900, 0.0000000000000000000, -0.5000000000000000000 ) ) ;
#4441 = DIRECTION ( 'NONE',  ( 0.0000000000000000000, 0.0000000000000000000, 1.000000000000000000 ) ) ;
#4442 = CARTESIAN_POINT ( 'NONE',  ( 1.152507335239370700, 6.580000000000024900, 1.880243711652232400 ) ) ;
#4443 = ORIENTED_EDGE ( 'NONE', *, *, #5345, .F. ) ;
#4444 = CARTESIAN_POINT ( 'NONE',  ( -1.407919387745935100, 1.656567835938057300, 1.290120425495137300 ) ) ;
#4445 = CARTESIAN_POINT ( 'NONE',  ( 1.232222284288723800E-013, 9.250000000000000000, 2.600000000000000500 ) ) ;
#4446 = APPROVAL ( #3231, 'UNSPECIFIED' ) ;
#4447 = ORIENTED_EDGE ( 'NONE', *, *, #5501, .F. ) ;
#4448 = EDGE_CURVE ( 'NONE', #3693, #5817, #3465, .T. ) ;
#4449 = CARTESIAN_POINT ( 'NONE',  ( -3.442812312632715300, -1.524696633022494500, -2.348857810190633400 ) ) ;
#4450 = CYLINDRICAL_SURFACE ( 'NONE', #73, 3.000000000000000000 ) ;
#4451 = ADVANCED_FACE ( 'NONE', ( #3507 ), #3790, .T. ) ;
#4452 = DIRECTION ( 'NONE',  ( 0.0000000000000000000, 0.0000000000000000000, 1.000000000000000000 ) ) ;
#4453 = CARTESIAN_POINT ( 'NONE',  ( -14.23815557805000200, 0.0000000000000000000, 0.0000000000000000000 ) ) ;
#4454 = CARTESIAN_POINT ( 'NONE',  ( -1.970833333333262400, 7.750000000000000000, 0.9776584128531307100 ) ) ;
#4455 = CARTESIAN_POINT ( 'NONE',  ( -1.521946258264245300, 9.764284361281284000, 0.9248882501777071500 ) ) ;
#4456 = CIRCLE ( 'NONE', #5366, 2.200000000000000200 ) ;
#4457 = CARTESIAN_POINT ( 'NONE',  ( 1.277546502564072000, 6.580000000000024900, 1.791054140383909100 ) ) ;
#4458 = CARTESIAN_POINT ( 'NONE',  ( -1.525927071794302800, 0.7000002125115285500, 1.613911148834438600 ) ) ;
#4459 = CARTESIAN_POINT ( 'NONE',  ( 0.6500000000000015800, 7.878811257508378900, -2.105523391376393300 ) ) ;
#4460 = CARTESIAN_POINT ( 'NONE',  ( 2.239583333333034600, 7.750000000000000000, 1.110975469150996500 ) ) ;
#4461 = ORIENTED_EDGE ( 'NONE', *, *, #1256, .F. ) ;
#4462 = VECTOR ( 'NONE', #4557, 1000.000000000000000 ) ;
#4463 = CARTESIAN_POINT ( 'NONE',  ( -0.4457039965698425500, 14.11143822551148800, 2.580953215398275300 ) ) ;
#4464 = CARTESIAN_POINT ( 'NONE',  ( -3.116780642481615800, -1.585031795850283800, -2.308864186400978000 ) ) ;
#4465 = AXIS2_PLACEMENT_3D ( 'NONE', #2571, #5643, #3054 ) ;
#4466 = VECTOR ( 'NONE', #3663, 1000.000000000000200 ) ;
#4467 = CARTESIAN_POINT ( 'NONE',  ( -1.709661685564106000, 8.050000000000000700, -2.021065665507976000 ) ) ;
#4468 = FACE_OUTER_BOUND ( 'NONE', #1276, .T. ) ;
#4469 = AXIS2_PLACEMENT_3D ( 'NONE', #5331, #2698, #5758 ) ;
#4470 = APPLICATION_CONTEXT ( 'configuration controlled 3d designs of mechanical parts and assemblies' ) ;
#4471 = CARTESIAN_POINT ( 'NONE',  ( 1.402585669888772900, 6.580000000000024900, 1.701864569115586300 ) ) ;
#4472 = CARTESIAN_POINT ( 'NONE',  ( -0.4386094557178187300, 0.7000000000000000700, 2.155834350165873200 ) ) ;
#4473 = CARTESIAN_POINT ( 'NONE',  ( 2.399924400003737200, 8.050000000000000700, 0.01904925895414239000 ) ) ;
#4474 = CYLINDRICAL_SURFACE ( 'NONE', #2941, 3.000000000000000000 ) ;
#4475 = CARTESIAN_POINT ( 'NONE',  ( -17.68077914467999500, 0.9999999999999998900, 0.4999999999999999400 ) ) ;
#4476 = AXIS2_PLACEMENT_3D ( 'NONE', #5137, #5092, #5068 ) ;
#4477 = ADVANCED_FACE ( 'NONE', ( #3463 ), #4336, .F. ) ;
#4478 = PRODUCT_DEFINITION ( 'UNKNOWN', '', #76, #4649 ) ;
#4479 = DIRECTION ( 'NONE',  ( 1.000000000000000000, 0.0000000000000000000, -0.0000000000000000000 ) ) ;
#4480 = CARTESIAN_POINT ( 'NONE',  ( -0.6500000000000014700, 7.860827510487135700, -2.101784955698370100 ) ) ;
#4481 = PERSON_AND_ORGANIZATION ( #4182, #5189 ) ;
#4482 = DIRECTION ( 'NONE',  ( -0.9999311522863159100, 0.0000000000000000000, 0.01173416751885013800 ) ) ;
#4483 = CARTESIAN_POINT ( 'NONE',  ( -2.291431251989027200, 7.950000000000002800, -1.088663211009794700 ) ) ;
#4484 = APPROVAL_DATE_TIME ( #4486, #1407 ) ;
#4485 = EDGE_CURVE ( 'NONE', #5550, #5665, #3903, .T. ) ;
#4486 = DATE_AND_TIME ( #4548, #4549 ) ;
#4487 = ORIENTED_EDGE ( 'NONE', *, *, #3058, .F. ) ;
#4488 = PERSON_AND_ORGANIZATION_ROLE ( 'creator' ) ;
#4489 = CARTESIAN_POINT ( 'NONE',  ( 1.518246934031570300, 6.580000000000024900, 1.599536126597975500 ) ) ;
#4490 = CARTESIAN_POINT ( 'NONE',  ( -1.497986784434414600, 1.656567835938057300, 1.191829109819822200 ) ) ;
#4491 = CARTESIAN_POINT ( 'NONE',  ( 1.653009474321372600, 7.950000000000002800, -1.932980105914607000 ) ) ;
#4492 = ORIENTED_EDGE ( 'NONE', *, *, #2027, .T. ) ;
#4493 = DIRECTION ( 'NONE',  ( 0.0000000000000000000, 0.2300000000004465400, -0.9731906288080431900 ) ) ;
#4494 = EDGE_CURVE ( 'NONE', #1330, #4434, #3391, .T. ) ;
#4495 = ORIENTED_EDGE ( 'NONE', *, *, #4419, .T. ) ;
#4496 = CARTESIAN_POINT ( 'NONE',  ( -3.166768214199306100, -1.603801108309209900, -2.296022871728613100 ) ) ;
#4497 = CARTESIAN_POINT ( 'NONE',  ( -3.323351683662912200, -1.294454715199176500, 2.483024226805964100 ) ) ;
#4498 = DIRECTION ( 'NONE',  ( 0.0000000000000000000, 1.000000000000000000, 0.0000000000000000000 ) ) ;
#4499 = CARTESIAN_POINT ( 'NONE',  ( -0.6500000000001030500, 7.943682031199055700, -2.167972246877258000 ) ) ;
#4500 = ADVANCED_FACE ( 'NONE', ( #3404 ), #3929, .F. ) ;
#4501 = EDGE_LOOP ( 'NONE', ( #2711, #155, #2792, #1031 ) ) ;
#4502 = CARTESIAN_POINT ( 'NONE',  ( -15.23815557805000000, 0.0000000000000000000, -2.800000000050202800 ) ) ;
#4503 = PERSON ( 'NAUO-PER2', 'UNSPECIFIED', 'UNSPECIFIED', ('UNSPECIFIED'), ('UNSPECIFIED'), ('UNSPECIFIED') ) ;
#4504 = ORIENTED_EDGE ( 'NONE', *, *, #1579, .T. ) ;
#4505 = ADVANCED_FACE ( 'NONE', ( #3378 ), #3302, .T. ) ;
#4506 = AXIS2_PLACEMENT_3D ( 'NONE', #4738, #4343, #3888 ) ;
#4507 = CARTESIAN_POINT ( 'NONE',  ( -2.238155578050000200, 1.215420335060610300, 2.742763826712237000 ) ) ;
#4508 = EDGE_CURVE ( 'NONE', #5413, #2837, #570, .T. ) ;
#4509 = DIRECTION ( 'NONE',  ( 1.000000000000000000, 0.0000000000000000000, -0.0000000000000000000 ) ) ;
#4510 = EDGE_LOOP ( 'NONE', ( #287, #486, #29, #3613, #1000 ) ) ;
#4511 = PERSON_AND_ORGANIZATION_ROLE ( 'design_owner' ) ;
#4512 = CARTESIAN_POINT ( 'NONE',  ( 1.622010140982271800, 6.580000000000024900, 1.486298456754465900 ) ) ;
#4513 = CARTESIAN_POINT ( 'NONE',  ( -1.577720795833092300, 1.656567835938057300, 1.084074777748224500 ) ) ;
#4514 = CARTESIAN_POINT ( 'NONE',  ( 0.6500000000000005800, 7.950000000000109400, -2.218262544298560200 ) ) ;
#4515 = DIRECTION ( 'NONE',  ( 0.5075383629607123100, 0.0000000000000000000, 0.8616291604415209400 ) ) ;
#4516 = CIRCLE ( 'NONE', #2627, 2.400000000000199800 ) ;
#4517 = ORIENTED_EDGE ( 'NONE', *, *, #319, .F. ) ;
#4518 = ORIENTED_EDGE ( 'NONE', *, *, #431, .F. ) ;
#4519 = DIRECTION ( 'NONE',  ( 0.0000000000000000000, 0.0000000000000000000, -1.000000000000000000 ) ) ;
#4520 = EDGE_CURVE ( 'NONE', #1371, #5120, #3322, .T. ) ;
#4521 = LINE ( 'NONE', #3152, #4736 ) ;
#4522 = VERTEX_POINT ( 'NONE', #2623 ) ;
#4523 = VECTOR ( 'NONE', #5013, 1000.000000000000000 ) ;
#4524 = CARTESIAN_POINT ( 'NONE',  ( -2.991140903093425100, -1.385982907246853000, 2.548349794290311300 ) ) ;
#4525 = DIRECTION ( 'NONE',  ( -1.000000000000000000, 0.0000000000000000000, 0.0000000000000000000 ) ) ;
#4526 = DATE_TIME_ROLE ( 'classification_date' ) ;
#4527 = CARTESIAN_POINT ( 'NONE',  ( -3.186052550658607300, -1.275344505958353200, -2.715420686418522000 ) ) ;
#4528 = EDGE_CURVE ( 'NONE', #3078, #2661, #3253, .T. ) ;
#4529 = ADVANCED_FACE ( 'NONE', ( #3365 ), #3120, .F. ) ;
#4530 = CARTESIAN_POINT ( 'NONE',  ( -0.7430950255270902800, 6.637123764700425500, 2.097681674782235600 ) ) ;
#4531 = CIRCLE ( 'NONE', #5649, 4.799999999999944800 ) ;
#4532 =( BOUNDED_SURFACE ( )  B_SPLINE_SURFACE ( 3, 3, ( 
 ( #4473, #4042, #1763, #4923 ),
 ( #2250, #5364, #2736, #5787 ),
 ( #3196, #374, #3621, #850 ),
 ( #4061, #1318, #4491, #1783 ) ),
 .UNSPECIFIED., .F., .F., .F. ) 
 B_SPLINE_SURFACE_WITH_KNOTS ( ( 4, 4 ),
 ( 4, 4 ),
 ( 0.0000000000000000000, 1.000000000000000000 ),
 ( 0.0000000000000000000, 1.000000000000000000 ),
 .UNSPECIFIED. ) 
 GEOMETRIC_REPRESENTATION_ITEM ( )  RATIONAL_B_SPLINE_SURFACE ( (
 ( 1.000000000000000000, 0.8615642067513918900, 0.8615642067513918900, 1.000000000000000000),
 ( 0.8047378541243404000, 0.6933333309314546600, 0.6933333309314546600, 0.8047378541243404000),
 ( 0.8047378541243404000, 0.6933333309314546600, 0.6933333309314546600, 0.8047378541243404000),
 ( 1.000000000000000000, 0.8615642067513918900, 0.8615642067513918900, 1.000000000000000000) ) ) 
 REPRESENTATION_ITEM ( '' )  SURFACE ( )  );
#4533 = CARTESIAN_POINT ( 'NONE',  ( -2.988543345728947600, -1.388560914192388900, -2.431440205975711400 ) ) ;
#4534 = FACE_OUTER_BOUND ( 'NONE', #5408, .T. ) ;
#4535 = CARTESIAN_POINT ( 'NONE',  ( 0.0000000000000000000, 7.750000000000000000, 0.0000000000000000000 ) ) ;
#4536 = CYLINDRICAL_SURFACE ( 'NONE', #74, 3.000000000000000000 ) ;
#4537 = FACE_OUTER_BOUND ( 'NONE', #4034, .T. ) ;
#4538 = DIRECTION ( 'NONE',  ( 0.0000000000000000000, 0.0000000000000000000, 1.000000000000000000 ) ) ;
#4539 = VECTOR ( 'NONE', #3992, 1000.000000000000000 ) ;
#4540 = APPROVAL_ROLE ( '' ) ;
#4541 = CARTESIAN_POINT ( 'NONE',  ( -1.121568541725501200, 9.250000000000000000, 2.345652149448365100 ) ) ;
#4542 = CARTESIAN_POINT ( 'NONE',  ( -0.5944729703590186900, 6.637123764700425500, 2.144542028777434600 ) ) ;
#4543 = CARTESIAN_POINT ( 'NONE',  ( -1.645384090173511900, 1.656567835938057300, 0.9692052984143906300 ) ) ;
#4544 = AXIS2_PLACEMENT_3D ( 'NONE', #4244, #1519, #4666 ) ;
#4545 = CC_DESIGN_DATE_AND_TIME_ASSIGNMENT ( #4908, #1781, ( #3399 ) ) ;
#4546 = CC_DESIGN_PERSON_AND_ORGANIZATION_ASSIGNMENT ( #127, #2908, ( #3119 ) ) ;
#4547 = CARTESIAN_POINT ( 'NONE',  ( -3.170786061005177000, -1.186920598143087000, -2.536746094830948400 ) ) ;
#4548 = CALENDAR_DATE ( 2016, 15, 9 ) ;
#4549 = LOCAL_TIME ( 14, 32, 24.00000000000000000, #4555 ) ;
#4550 = CARTESIAN_POINT ( 'NONE',  ( 0.6500000000000001300, 9.250000000000000000, -2.101784955698338100 ) ) ;
#4551 = DIRECTION ( 'NONE',  ( 0.0000000000000000000, 0.0000000000000000000, 1.000000000000000000 ) ) ;
#4552 = ORIENTED_EDGE ( 'NONE', *, *, #388, .F. ) ;
#4553 = CARTESIAN_POINT ( 'NONE',  ( -10.18077914468000100, 0.0000000000000000000, 0.0000000000000000000 ) ) ;
#4554 = ADVANCED_FACE ( 'NONE', ( #3191 ), #2462, .F. ) ;
#4555 = COORDINATED_UNIVERSAL_TIME_OFFSET ( 8, 0, .BEHIND. ) ;
#4556 = ORIENTED_EDGE ( 'NONE', *, *, #4335, .T. ) ;
#4557 = DIRECTION ( 'NONE',  ( -0.0000000000000000000, -0.0000000000000000000, -1.000000000000000000 ) ) ;
#4558 = CARTESIAN_POINT ( 'NONE',  ( -2.680779144684000100, 0.0000000000000000000, 0.6599999999999000000 ) ) ;
#4559 = APPROVAL_STATUS ( 'not_yet_approved' ) ;
#4560 = CARTESIAN_POINT ( 'NONE',  ( -1.137435954728039400E-013, 9.250000000000000000, -2.399999999999972800 ) ) ;
#4561 = ORIENTED_EDGE ( 'NONE', *, *, #1909, .T. ) ;
#4562 = CARTESIAN_POINT ( 'NONE',  ( -3.380276732557151200, -1.683125156930895400, 2.483834983213820500 ) ) ;
#4563 = EDGE_LOOP ( 'NONE', ( #3986, #4251, #5414, #5484 ) ) ;
#4564 = CIRCLE ( 'NONE', #1565, 2.849999999999000000 ) ;
#4565 = AXIS2_PLACEMENT_3D ( 'NONE', #1809, #4, #482 ) ;
#4566 = ORIENTED_EDGE ( 'NONE', *, *, #2085, .F. ) ;
#4567 = CARTESIAN_POINT ( 'NONE',  ( -3.471537303023878100, -1.318916473274371900, -2.470137967087719900 ) ) ;
#4568 = CARTESIAN_POINT ( 'NONE',  ( -3.088305365732804600, -1.395411783151008700, 2.427514742447283600 ) ) ;
#4569 = CARTESIAN_POINT ( 'NONE',  ( -1.723258320882998800, 6.579999999999974300, 1.015076725921399300 ) ) ;
#4570 = VERTEX_POINT ( 'NONE', #4435 ) ;
#4571 = CARTESIAN_POINT ( 'NONE',  ( 2.150000000000031000, 7.708578643762580300, 1.066536450385014800 ) ) ;
#4572 = CYLINDRICAL_SURFACE ( 'NONE', #2301, 2.600000000000000500 ) ;
#4573 = AXIS2_PLACEMENT_3D ( 'NONE', #612, #3846, #1087 ) ;
#4574 = ORIENTED_EDGE ( 'NONE', *, *, #4794, .F. ) ;
#4575 = CARTESIAN_POINT ( 'NONE',  ( -3.173620456481422100, -1.231867490945602200, 2.633226063831664500 ) ) ;
#4576 = CARTESIAN_POINT ( 'NONE',  ( -2.986925753698512300, -1.471378134412784500, 2.499165814850410800 ) ) ;
#4577 = DIRECTION ( 'NONE',  ( -0.0000000000000000000, -1.000000000000000000, -0.0000000000000000000 ) ) ;
#4578 = APPLICATION_PROTOCOL_DEFINITION ( 'international standard', 'config_control_design', 1994, #2245 ) ;
#4579 = CARTESIAN_POINT ( 'NONE',  ( 0.0000000000000000000, 7.650000000000000400, 0.0000000000000000000 ) ) ;
#4580 = LINE ( 'NONE', #4112, #4466 ) ;
#4581 = ORIENTED_EDGE ( 'NONE', *, *, #4485, .T. ) ;
#4582 = EDGE_LOOP ( 'NONE', ( #2459, #5686, #2826, #937 ) ) ;
#4583 = CARTESIAN_POINT ( 'NONE',  ( -1.895584152971195900, 0.6999999999999906300, 1.116584398513796900 ) ) ;
#4584 = CC_DESIGN_SECURITY_CLASSIFICATION ( #4932, ( #3473 ) ) ;
#4585 = CARTESIAN_POINT ( 'NONE',  ( -4.188155578049999900, 1.215420335064819800, 2.742763826712029100 ) ) ;
#4586 = FACE_BOUND ( 'NONE', #3172, .T. ) ;
#4587 = CARTESIAN_POINT ( 'NONE',  ( -3.007077320351381600, -1.414003735352353600, -2.645994987887274200 ) ) ;
#4588 = CARTESIAN_POINT ( 'NONE',  ( -3.166768214199304800, -1.703802664164483000, -2.469230647305870300 ) ) ;
#4589 = DIRECTION ( 'NONE',  ( 0.0000000000000000000, 0.0000000000000000000, 1.000000000000000000 ) ) ;
#4590 = DIRECTION ( 'NONE',  ( 0.0000000000000000000, 0.0000000000000000000, 1.000000000000000000 ) ) ;
#4591 = EDGE_CURVE ( 'NONE', #339, #4051, #3164, .T. ) ;
#4592 = CIRCLE ( 'NONE', #1965, 2.200000000000000200 ) ;
#4593 = EDGE_CURVE ( 'NONE', #563, #2945, #3310, .T. ) ;
#4594 = LINE ( 'NONE', #2056, #5709 ) ;
#4595 = FACE_OUTER_BOUND ( 'NONE', #2804, .T. ) ;
#4596 = CARTESIAN_POINT ( 'NONE',  ( 0.0000000000000000000, 7.750000000000000000, 2.200000000000000200 ) ) ;
#4597 = B_SPLINE_CURVE_WITH_KNOTS ( 'NONE', 3,
 ( #2812, #2892, #484, #5112, #3283, #2491, #2929, #2431, #4057, #2974, #3316, #3863, #3267, #3213, #2853, #4093, #3249, #5489, #5464, #5508, #5541, #72, #413, #468, #507, #532, #552, #864, #882, #946, #1026 ),
 .UNSPECIFIED., .F., .F.,
 ( 4, 3, 3, 3, 3, 3, 3, 3, 3, 3, 4 ),
 ( 0.0000000000000000000, 0.05398547138742477300, 0.1078687631307023900, 0.1626377911145382700, 0.2150605640311467100, 0.2701683683748195600, 0.3223059562781932500, 0.3769582833908589100, 0.4303422509656078500, 0.4838617943717544700, 0.5000000000000000000 ),
 .UNSPECIFIED. ) ;
#4598 = SECURITY_CLASSIFICATION_LEVEL ( 'unclassified' ) ;
#4599 = EDGE_CURVE ( 'NONE', #2728, #5690, #177, .T. ) ;
#4600 = CARTESIAN_POINT ( 'NONE',  ( -0.4056963721433005100, 1.171318190597629300, 1.994061376020135800 ) ) ;
#4601 = VECTOR ( 'NONE', #1777, 1000.000000000000000 ) ;
#4602 = CARTESIAN_POINT ( 'NONE',  ( 2.150000000000030600, 7.657362291391530500, 1.066536450385015000 ) ) ;
#4603 = DIRECTION ( 'NONE',  ( -1.000000000000000000, 0.0000000000000000000, 0.0000000000000000000 ) ) ;
#4604 = CARTESIAN_POINT ( 'NONE',  ( -3.487934786194732100, -1.458018978071634200, 2.506837616998244500 ) ) ;
#4605 = CARTESIAN_POINT ( 'NONE',  ( -4.188155578049999900, 1.104000000004037100, 2.271315018279005400 ) ) ;
#4606 = FACE_OUTER_BOUND ( 'NONE', #1811, .T. ) ;
#4607 = AXIS2_PLACEMENT_3D ( 'NONE', #1962, #125, #3389 ) ;
#4608 = CARTESIAN_POINT ( 'NONE',  ( 0.6499999999933618900, 8.037843747466334700, -2.309724406538173000 ) ) ;
#4609 = CARTESIAN_POINT ( 'NONE',  ( 1.149999999999941700, 9.449999999999999300, 2.465953144040757800 ) ) ;
#4610 = APPROVAL_PERSON_ORGANIZATION ( #4612, #1407, #863 ) ;
#4611 = CARTESIAN_POINT ( 'NONE',  ( 0.0000000000000000000, 0.0000000000000000000, 0.0000000000000000000 ) ) ;
#4612 = PERSON_AND_ORGANIZATION ( #4182, #5189 ) ;
#4613 = SECURITY_CLASSIFICATION_LEVEL ( 'unclassified' ) ;
#4614 = DIRECTION ( 'NONE',  ( -0.0000000000000000000, -1.000000000000000000, -0.0000000000000000000 ) ) ;
#4615 = DIRECTION ( 'NONE',  ( 0.01173416751885018500, 0.0000000000000000000, 0.9999311522863159100 ) ) ;
#4616 = CARTESIAN_POINT ( 'NONE',  ( -1.738554020946352600, 0.6999999999999952900, 1.383168662275243700 ) ) ;
#4617 = DATE_AND_TIME ( #4681, #4683 ) ;
#4618 = CARTESIAN_POINT ( 'NONE',  ( -1.238155578050000000, 0.0000000000000000000, 0.0000000000000000000 ) ) ;
#4619 = CC_DESIGN_PERSON_AND_ORGANIZATION_ASSIGNMENT ( #3410, #4996, ( #3473 ) ) ;
#4620 = VERTEX_POINT ( 'NONE', #3148 ) ;
#4621 = B_SPLINE_CURVE_WITH_KNOTS ( 'NONE', 3,
 ( #1804, #4514, #2774, #5820, #3234, #416, #3655, #888, #4097, #1362, #44, #4183, #1457, #4608, #1908, #5059 ),
 .UNSPECIFIED., .F., .F.,
 ( 4, 3, 3, 3, 3, 4 ),
 ( 4.929456065485737500E-016, 3.606419101968530500E-005, 7.217638328298279400E-005, 0.0001074975785980717600, 0.0001414330469512557100, 0.0001594319813760028400 ),
 .UNSPECIFIED. ) ;
#4622 = CARTESIAN_POINT ( 'NONE',  ( -3.904822244716666700, 0.0000000000000000000, 3.000000000000000000 ) ) ;
#4623 = CARTESIAN_POINT ( 'NONE',  ( -2.988543345728934800, 2.799969443254013400, 0.01319107659467575100 ) ) ;
#4624 = ORIENTED_EDGE ( 'NONE', *, *, #634, .F. ) ;
#4625 = CARTESIAN_POINT ( 'NONE',  ( -2.238155578050000200, 3.673940397442059900E-016, -3.000000000000000000 ) ) ;
#4626 = DIRECTION ( 'NONE',  ( -0.009928975696852691500, 0.0000000000000000000, -0.9999507065058813600 ) ) ;
#4627 = EDGE_CURVE ( 'NONE', #417, #3430, #3502, .T. ) ;
#4628 = VERTEX_POINT ( 'NONE', #3582 ) ;
#4629 = DIRECTION ( 'NONE',  ( 0.0000000000000000000, 0.0000000000000000000, 1.000000000000000000 ) ) ;
#4630 = DIRECTION ( 'NONE',  ( -1.000000000000000000, 0.0000000000000000000, 0.0000000000000000000 ) ) ;
#4631 = ORIENTED_EDGE ( 'NONE', *, *, #1252, .F. ) ;
#4632 =( REPRESENTATION_RELATIONSHIP ('NONE','NONE', #3044, #979 ) REPRESENTATION_RELATIONSHIP_WITH_TRANSFORMATION ( #409 )SHAPE_REPRESENTATION_RELATIONSHIP( ) );
#4633 = DIRECTION ( 'NONE',  ( -0.9733966932151777400, 0.0000000000000000000, 0.2291263355394947700 ) ) ;
#4634 = CARTESIAN_POINT ( 'NONE',  ( -2.299841650258526800, 7.849999999999999600, 0.02698858529335542600 ) ) ;
#4635 = CARTESIAN_POINT ( 'NONE',  ( -2.992011678313625500, -1.567746965772697000, 2.558591856643039000 ) ) ;
#4636 = CARTESIAN_POINT ( 'NONE',  ( 1.725773347932973300, 6.580000000000024900, 1.373060786910956300 ) ) ;
#4637 = DIRECTION ( 'NONE',  ( 0.0000000000000000000, 0.0000000000000000000, 1.000000000000000000 ) ) ;
#4638 = ORIENTED_EDGE ( 'NONE', *, *, #3612, .F. ) ;
#4639 = CARTESIAN_POINT ( 'NONE',  ( -2.993219006889367200, 2.999590212143280300, 0.05331345741773535500 ) ) ;
#4640 = AXIS2_PLACEMENT_3D ( 'NONE', #4075, #3642, #1345 ) ;
#4641 = DIRECTION ( 'NONE',  ( -0.0000000000000000000, -1.000000000000000000, -0.0000000000000000000 ) ) ;
#4642 = CARTESIAN_POINT ( 'NONE',  ( -4.188155578049999900, -1.215420335061007100, 2.742763826712029100 ) ) ;
#4643 = CARTESIAN_POINT ( 'NONE',  ( -2.238155578050000200, 2.399000527194540900, -1.843640159924744300 ) ) ;
#4644 = FACE_OUTER_BOUND ( 'NONE', #3225, .T. ) ;
#4645 = EDGE_LOOP ( 'NONE', ( #2287, #152, #4631, #2041 ) ) ;
#4646 = CARTESIAN_POINT ( 'NONE',  ( 0.3807169516091237200, 5.623432164061924300, 1.871283601549503400 ) ) ;
#4647 = PRODUCT ( '50-00045 spring contact', '50-00045 spring contact', '', ( #1876 ) ) ;
#4648 = EDGE_LOOP ( 'NONE', ( #4230, #4095, #1333, #2485 ) ) ;
#4649 = DESIGN_CONTEXT ( 'detailed design', #2368, 'design' ) ;
#4650 = CYLINDRICAL_SURFACE ( 'NONE', #1634, 2.594999999999000100 ) ;
#4651 = ORIENTED_EDGE ( 'NONE', *, *, #1454, .F. ) ;
#4652 = ORIENTED_EDGE ( 'NONE', *, *, #757, .F. ) ;
#4653 = DIRECTION ( 'NONE',  ( 0.0000000000000000000, 1.000000000000000000, 0.0000000000000000000 ) ) ;
#4654 = DIRECTION ( 'NONE',  ( -1.000000000000000000, 0.0000000000000000000, 0.0000000000000000000 ) ) ;
#4655 = CARTESIAN_POINT ( 'NONE',  ( -2.238155578046869800, 0.09999999999852142400, -0.1732050807588883500 ) ) ;
#4656 = CARTESIAN_POINT ( 'NONE',  ( -0.5449081181368976600, 1.171318190597629300, 1.965738426190949200 ) ) ;
#4657 = LINE ( 'NONE', #3665, #4418 ) ;
#4658 = CC_DESIGN_DATE_AND_TIME_ASSIGNMENT ( #1437, #3737, ( #2795 ) ) ;
#4659 = CARTESIAN_POINT ( 'NONE',  ( -3.442812312632880900, 2.996521961721515700, -0.1459971121666791300 ) ) ;
#4660 = CARTESIAN_POINT ( 'NONE',  ( -3.072827796595443100, 2.794036588174157600, 0.1897544930577438100 ) ) ;
#4661 = CARTESIAN_POINT ( 'NONE',  ( -1.292432287307909000, 4.648146930149851900, 0.7613007978997548000 ) ) ;
#4662 = FACE_OUTER_BOUND ( 'NONE', #4563, .T. ) ;
#4663 = CARTESIAN_POINT ( 'NONE',  ( 1.817631856449505800, 6.580000000000024900, 1.248921137385480100 ) ) ;
#4664 = CARTESIAN_POINT ( 'NONE',  ( -3.381022883636211100, 2.992659368398855200, 0.2152894486686062200 ) ) ;
#4665 = CARTESIAN_POINT ( 'NONE',  ( 2.293869466850357900, 7.949999999999992200, 4.456232865328630900 ) ) ;
#4666 = DIRECTION ( 'NONE',  ( 0.0000000000000000000, 0.0000000000000000000, 1.000000000000000000 ) ) ;
#4667 = B_SPLINE_CURVE_WITH_KNOTS ( 'NONE', 3,
 ( #5658, #4353, #5255, #2609, #5681, #3086, #269, #3517, #726, #3952 ),
 .UNSPECIFIED., .F., .F.,
 ( 4, 2, 2, 2, 4 ),
 ( 0.001564287963572060800, 0.001955267913049629500, 0.002346247862527198200, 0.002737227812004766400, 0.003128207761482335100 ),
 .UNSPECIFIED. ) ;
#4668 = CARTESIAN_POINT ( 'NONE',  ( -3.099517890931900300, -1.586814245361118900, 2.309793188997635700 ) ) ;
#4669 = CARTESIAN_POINT ( 'NONE',  ( 0.0000000000000000000, 7.950000000000002000, 0.0000000000000000000 ) ) ;
#4670 = CARTESIAN_POINT ( 'NONE',  ( -0.6811386423714354000, 1.171318190597629300, 1.922785106891449200 ) ) ;
#4671 = CARTESIAN_POINT ( 'NONE',  ( 1.895584152971353300, 6.580000000000024900, 1.116584398513571100 ) ) ;
#4672 = CARTESIAN_POINT ( 'NONE',  ( -3.306410078423285700, 2.790247768229777500, -0.2417434511474445800 ) ) ;
#4673 = LINE ( 'NONE', #3638, #5083 ) ;
#4674 = CARTESIAN_POINT ( 'NONE',  ( -3.255814425025343800, 2.989620640567640200, 0.2493732766705479600 ) ) ;
#4675 = CARTESIAN_POINT ( 'NONE',  ( -3.096034423663430500, -1.683125156996843300, -2.483834983168669000 ) ) ;
#4676 = CARTESIAN_POINT ( 'NONE',  ( 0.4399391442942659500, 6.599041254900170900, 2.162369978321315500 ) ) ;
#4677 = CARTESIAN_POINT ( 'NONE',  ( -3.051789248555933500, 2.795327532920829100, 0.1689967699411996400 ) ) ;
#4678 = AXIS2_PLACEMENT_3D ( 'NONE', #1855, #3280, #465 ) ;
#4679 = CARTESIAN_POINT ( 'NONE',  ( -3.479651782002598300, -1.559987643401330900, -2.562641435552331700 ) ) ;
#4680 = CARTESIAN_POINT ( 'NONE',  ( -2.990026694952002000, -1.535869796069572400, 2.577190518631599800 ) ) ;
#4681 = CALENDAR_DATE ( 2016, 15, 9 ) ;
#4682 = CARTESIAN_POINT ( 'NONE',  ( -0.6499999999989971600, 8.007580353791313500, -2.301162451563570200 ) ) ;
#4683 = LOCAL_TIME ( 14, 32, 24.00000000000000000, #4688 ) ;
#4684 = ORIENTED_EDGE ( 'NONE', *, *, #1997, .T. ) ;
#4685 = AXIS2_PLACEMENT_3D ( 'NONE', #1901, #5050, #4603 ) ;
#4686 = DIRECTION ( 'NONE',  ( -0.0000000000000000000, -1.000000000000000000, -0.0000000000000000000 ) ) ;
#4687 = EDGE_LOOP ( 'NONE', ( #352, #4365, #810, #5341 ) ) ;
#4688 = COORDINATED_UNIVERSAL_TIME_OFFSET ( 8, 0, .BEHIND. ) ;
#4689 = CARTESIAN_POINT ( 'NONE',  ( -3.308948684981654500, -1.510333164459846300, 2.357974955544827700 ) ) ;
#4690 = CARTESIAN_POINT ( 'NONE',  ( -1.238155578050000000, 0.0000000000000000000, 0.6599999999999000000 ) ) ;
#4691 = VERTEX_POINT ( 'NONE', #5810 ) ;
#4692 = CARTESIAN_POINT ( 'NONE',  ( -0.8114196053211041300, 1.171318190597629300, 1.866137331979105700 ) ) ;
#4693 = B_SPLINE_CURVE_WITH_KNOTS ( 'NONE', 3,
 ( #3595, #3173, #3042, #3016, #2975, #2993, #2909, #2930, #2952, #2871 ),
 .UNSPECIFIED., .F., .F.,
 ( 4, 2, 2, 2, 4 ),
 ( 1.636471644089122400E-016, 0.0003910719908931379400, 0.0007821439817861121600, 0.001173215972679086600, 0.001564287963572060800 ),
 .UNSPECIFIED. ) ;
#4694 = CARTESIAN_POINT ( 'NONE',  ( -3.116780642481859200, 2.992054048944146100, -0.2182457078122081700 ) ) ;
#4695 = EDGE_CURVE ( 'NONE', #293, #5062, #3178, .T. ) ;
#4696 = CARTESIAN_POINT ( 'NONE',  ( -3.406697061168422600, 2.794316844180304100, 0.1845714946504905500 ) ) ;
#4697 = VERTEX_POINT ( 'NONE', #405 ) ;
#4698 = DIRECTION ( 'NONE',  ( 0.9731906288081462200, -0.0000000000000000000, -0.2300000000000108600 ) ) ;
#4699 = CARTESIAN_POINT ( 'NONE',  ( 0.5909010473662041900, 6.599041254900170900, 2.131656432015950600 ) ) ;
#4700 = CARTESIAN_POINT ( 'NONE',  ( -2.238155578050000200, 0.0000000000000000000, 3.000000000000000000 ) ) ;
#4701 = EDGE_CURVE ( 'NONE', #1245, #5080, #2989, .T. ) ;
#4702 = CARTESIAN_POINT ( 'NONE',  ( -3.386079917192486000, 2.793165219792694800, 0.2032543812850651800 ) ) ;
#4703 = CIRCLE ( 'NONE', #2192, 1.804999999999000100 ) ;
#4704 = CARTESIAN_POINT ( 'NONE',  ( -3.088305365732804600, -1.395411783151008700, 2.427514742447283600 ) ) ;
#4705 = ORIENTED_EDGE ( 'NONE', *, *, #1374, .F. ) ;
#4706 = ORIENTED_EDGE ( 'NONE', *, *, #344, .F. ) ;
#4707 = EDGE_CURVE ( 'NONE', #1138, #1396, #4815, .T. ) ;
#4708 = EDGE_CURVE ( 'NONE', #777, #3437, #3043, .T. ) ;
#4709 = CARTESIAN_POINT ( 'NONE',  ( 0.8699818578216270700, 14.64615020101974700, 2.321406178322488400 ) ) ;
#4710 = FACE_BOUND ( 'NONE', #2143, .T. ) ;
#4711 = CARTESIAN_POINT ( 'NONE',  ( -2.680779144684000100, 0.0000000000000000000, 0.6599999999999000000 ) ) ;
#4712 = VERTEX_POINT ( 'NONE', #1813 ) ;
#4713 = CARTESIAN_POINT ( 'NONE',  ( -0.9417005682707729800, 1.171318190597629300, 1.809489557066762400 ) ) ;
#4714 = CARTESIAN_POINT ( 'NONE',  ( 0.7386300988779888100, 6.599041254900170900, 2.085077640992042600 ) ) ;
#4715 = ORIENTED_EDGE ( 'NONE', *, *, #90, .F. ) ;
#4716 = CARTESIAN_POINT ( 'NONE',  ( -3.006703459583953000, 2.798534919022540400, -0.09374614331025800400 ) ) ;
#4717 = FACE_OUTER_BOUND ( 'NONE', #1334, .T. ) ;
#4718 = CARTESIAN_POINT ( 'NONE',  ( -3.487712357837242600, 2.999973368916793800, 0.02190671868530848200 ) ) ;
#4719 = CARTESIAN_POINT ( 'NONE',  ( -1.238155578050000000, 1.104000000004037100, 2.271315018279005400 ) ) ;
#4720 = AXIS2_PLACEMENT_3D ( 'NONE', #873, #4086, #1350 ) ;
#4721 = DIRECTION ( 'NONE',  ( -0.007937191230892783700, 0.0000000000000000000, 0.9999685000015571300 ) ) ;
#4722 = CARTESIAN_POINT ( 'NONE',  ( 0.8799074168266568500, 6.599041254900170900, 2.023648514846670700 ) ) ;
#4723 = DIRECTION ( 'NONE',  ( -1.000000000000000000, 0.0000000000000000000, 0.0000000000000000000 ) ) ;
#4724 = CARTESIAN_POINT ( 'NONE',  ( -1.066023631455701200, 1.171318190597629300, 1.739150952215811500 ) ) ;
#4725 = CARTESIAN_POINT ( 'NONE',  ( -1.104000000000172400, 14.19999999999999900, 2.271315018279128400 ) ) ;
#4726 = FACE_OUTER_BOUND ( 'NONE', #1389, .T. ) ;
#4727 = CARTESIAN_POINT ( 'NONE',  ( -3.486284461173764900, -1.435868240099972900, -2.403982743122483600 ) ) ;
#4728 = CARTESIAN_POINT ( 'NONE',  ( -3.071086869103003100, -1.660080619966763700, 2.498920655804126100 ) ) ;
#4729 = CARTESIAN_POINT ( 'NONE',  ( -3.388016134336900200, -1.404401790006257500, 2.422324779256263200 ) ) ;
#4730 = UNCERTAINTY_MEASURE_WITH_UNIT (LENGTH_MEASURE( 1.000000000000000100E-005 ), #2165, 'distance_accuracy_value', 'NONE');
#4731 = FACE_OUTER_BOUND ( 'NONE', #5151, .T. ) ;
#4732 = CARTESIAN_POINT ( 'NONE',  ( 2.546420479715206100, 7.749999999999793100, -1.237156145775511800 ) ) ;
#4733 = CC_DESIGN_APPROVAL ( #4446, ( #4156 ) ) ;
#4734 = CARTESIAN_POINT ( 'NONE',  ( -1.181679908123120800, 1.171318190597629300, 1.656654131810163100 ) ) ;
#4735 = EDGE_CURVE ( 'NONE', #5293, #3432, #3057, .T. ) ;
#4736 = VECTOR ( 'NONE', #3318, 1000.000000000000100 ) ;
#4737 = CARTESIAN_POINT ( 'NONE',  ( 1.021184734775325100, 6.599041254900170900, 1.962219388701298900 ) ) ;
#4738 = CARTESIAN_POINT ( 'NONE',  ( 0.0000000000000000000, 0.0000000000000000000, 0.0000000000000000000 ) ) ;
#4739 = ORIENTED_EDGE ( 'NONE', *, *, #2646, .T. ) ;
#4740 = CARTESIAN_POINT ( 'NONE',  ( -2.988516571847853200, -1.461625038278316200, 2.504748702699698600 ) ) ;
#4741 = CARTESIAN_POINT ( 'NONE',  ( -0.8852263472088590700, 6.637123764700425500, 2.035881217245447700 ) ) ;
#4742 = CARTESIAN_POINT ( 'NONE',  ( 2.229556827086738700, 7.749999999999964500, 1.106001685717550500 ) ) ;
#4743 = CARTESIAN_POINT ( 'NONE',  ( -1.297336184790540200, 1.171318190597629300, 1.574157311404514600 ) ) ;
#4744 = CYLINDRICAL_SURFACE ( 'NONE', #2601, 0.5000000000000000000 ) ;
#4745 = CARTESIAN_POINT ( 'NONE',  ( -0.4999999999999880700, 13.85000000000000000, 2.574937185533140200 ) ) ;
#4746 = EDGE_CURVE ( 'NONE', #1415, #1250, #3133, .T. ) ;
#4747 = CARTESIAN_POINT ( 'NONE',  ( -3.486284461173763600, -1.535869795955246100, -2.577190518699740800 ) ) ;
#4748 = CARTESIAN_POINT ( 'NONE',  ( -3.225078353118175500, -1.662007410395180100, 2.376212675562112700 ) ) ;
#4749 = ORIENTED_EDGE ( 'NONE', *, *, #23, .T. ) ;
#4750 = CARTESIAN_POINT ( 'NONE',  ( 2.361825882095451400, 8.050000000000000700, 4.818898058961615900 ) ) ;
#4751 = CIRCLE ( 'NONE', #2272, 2.594999999999000100 ) ;
#4752 = CARTESIAN_POINT ( 'NONE',  ( -3.454345727106926700, 2.996967386076530500, -0.1418759221053936300 ) ) ;
#4753 = DIRECTION ( 'NONE',  ( -1.000000000000000000, 0.0000000000000000000, 0.0000000000000000000 ) ) ;
#4754 = AXIS2_PLACEMENT_3D ( 'NONE', #566, #2060, #1148 ) ;
#4755 = PERSON_AND_ORGANIZATION ( #4182, #5189 ) ;
#4756 = PERSON_AND_ORGANIZATION ( #4182, #5189 ) ;
#4757 = CARTESIAN_POINT ( 'NONE',  ( -2.999085936548896200, -1.436850896381871800, -2.633529602337398900 ) ) ;
#4758 = DIRECTION ( 'NONE',  ( 0.0000000000000000000, 0.0000000000000000000, 1.000000000000000000 ) ) ;
#4759 = PERSON_AND_ORGANIZATION ( #4182, #5189 ) ;
#4760 = CARTESIAN_POINT ( 'NONE',  ( -1.404318272496431800, 1.171318190597629300, 1.479507555556173200 ) ) ;
#4761 = DIRECTION ( 'NONE',  ( 0.0000000000000000000, 0.0000000000000000000, 1.000000000000000000 ) ) ;
#4762 = CARTESIAN_POINT ( 'NONE',  ( -2.238155578050000200, 2.210487472459747700E-016, -1.804999999999000100 ) ) ;
#4763 = APPROVAL_DATE_TIME ( #4829, #5156 ) ;
#4764 = CARTESIAN_POINT ( 'NONE',  ( 0.0000000000000000000, 7.750000000000000000, 0.0000000000000000000 ) ) ;
#4765 = ORIENTED_EDGE ( 'NONE', *, *, #5108, .T. ) ;
#4766 = DIRECTION ( 'NONE',  ( 0.0000000000000000000, 0.0000000000000000000, 1.000000000000000000 ) ) ;
#4767 = CARTESIAN_POINT ( 'NONE',  ( -3.407337340232027100, -1.658457155896085700, 2.499999429149671200 ) ) ;
#4768 = CARTESIAN_POINT ( 'NONE',  ( 2.299927550003571000, 7.950000000000002000, 0.01825553983105360200 ) ) ;
#4769 = CARTESIAN_POINT ( 'NONE',  ( -2.993219006889425800, -1.453624297583937300, -2.624378053368301900 ) ) ;
#4770 = ORIENTED_EDGE ( 'NONE', *, *, #4735, .T. ) ;
#4771 = AXIS2_PLACEMENT_3D ( 'NONE', #4634, #4615, #4482 ) ;
#4772 = AXIS2_PLACEMENT_3D ( 'NONE', #1121, #4321, #1591 ) ;
#4773 = ORIENTED_EDGE ( 'NONE', *, *, #972, .F. ) ;
#4774 = CARTESIAN_POINT ( 'NONE',  ( 0.6499999999938284000, 7.799664678578849900, -2.503399035351028300 ) ) ;
#4775 = APPROVAL ( #2852, 'UNSPECIFIED' ) ;
#4776 = CARTESIAN_POINT ( 'NONE',  ( -3.382095784162601600, -1.575102117763825800, -2.315612857636824500 ) ) ;
#4777 = ORIENTED_EDGE ( 'NONE', *, *, #20, .T. ) ;
#4778 = CARTESIAN_POINT ( 'NONE',  ( -7.238155578049999800, 0.0000000000000000000, 0.0000000000000000000 ) ) ;
#4779 = ORIENTED_EDGE ( 'NONE', *, *, #4131, .F. ) ;
#4780 = CIRCLE ( 'NONE', #1243, 2.004999999948799500 ) ;
#4781 = CARTESIAN_POINT ( 'NONE',  ( -15.03815557810019900, 0.0000000000000000000, 0.0000000000000000000 ) ) ;
#4782 = CARTESIAN_POINT ( 'NONE',  ( -5.180779144684002800, 0.0000000000000000000, 0.0000000000000000000 ) ) ;
#4783 = CARTESIAN_POINT ( 'NONE',  ( 1.156001276872231000, 6.599041254900170900, 1.885943859133464100 ) ) ;
#4784 = EDGE_CURVE ( 'NONE', #138, #571, #2951, .T. ) ;
#4785 = DIRECTION ( 'NONE',  ( 0.0000000000000000000, 0.0000000000000000000, -1.000000000000000000 ) ) ;
#4786 = FACE_OUTER_BOUND ( 'NONE', #4788, .T. ) ;
#4787 = CARTESIAN_POINT ( 'NONE',  ( -3.441133916825477100, -1.321804689604154600, 2.580708168651123700 ) ) ;
#4788 = EDGE_LOOP ( 'NONE', ( #1108, #1076, #4837, #2810 ) ) ;
#4789 = CARTESIAN_POINT ( 'NONE',  ( -3.486347785517780500, -1.484213567394814000, 2.490868438713269100 ) ) ;
#4790 = CARTESIAN_POINT ( 'NONE',  ( -3.374696372486027100, -1.338352519989088900, 2.459650772131188200 ) ) ;
#4791 = DIRECTION ( 'NONE',  ( -1.000000000000000000, 0.0000000000000000000, 0.0000000000000000000 ) ) ;
#4792 = ORIENTED_EDGE ( 'NONE', *, *, #388, .T. ) ;
#4793 = ORIENTED_EDGE ( 'NONE', *, *, #3654, .T. ) ;
#4794 = EDGE_CURVE ( 'NONE', #5672, #1427, #2882, .T. ) ;
#4795 = CARTESIAN_POINT ( 'NONE',  ( -1.238155578050000200, 0.0000000000000000000, 0.0000000000000000000 ) ) ;
#4796 = DIRECTION ( 'NONE',  ( 0.8958333333333461400, 0.0000000000000000000, -0.4443901876604228800 ) ) ;
#4797 = EDGE_LOOP ( 'NONE', ( #790, #5149, #859, #784 ) ) ;
#4798 = VECTOR ( 'NONE', #4035, 1000.000000000000000 ) ;
#4799 = ADVANCED_FACE ( 'NONE', ( #2831 ), #3989, .F. ) ;
#4800 = EDGE_LOOP ( 'NONE', ( #3623, #1329, #1992, #591, #4172 ) ) ;
#4801 = CARTESIAN_POINT ( 'NONE',  ( -1.895584152971195900, 0.6999999999999906300, 1.116584398513796900 ) ) ;
#4802 = DIRECTION ( 'NONE',  ( 0.0000000000000000000, 0.0000000000000000000, 1.000000000000000000 ) ) ;
#4803 = CARTESIAN_POINT ( 'NONE',  ( -7.238155578049999800, 0.0000000000000000000, 0.0000000000000000000 ) ) ;
#4804 = AXIS2_PLACEMENT_3D ( 'NONE', #3931, #1176, #4369 ) ;
#4805 = EDGE_CURVE ( 'NONE', #2258, #4871, #2746, .T. ) ;
#4806 = CARTESIAN_POINT ( 'NONE',  ( 1.281419512979486500, 6.599041254900170900, 1.796483900730288600 ) ) ;
#4807 = CARTESIAN_POINT ( 'NONE',  ( -1.596260279305902000, 7.849999999999998800, -1.831491698575766300 ) ) ;
#4808 = CARTESIAN_POINT ( 'NONE',  ( -3.278104785277910200, -1.279907175928252800, 2.713285192332539200 ) ) ;
#4809 = CARTESIAN_POINT ( 'NONE',  ( -2.151731091012259300, 7.672539107948194800, 1.067395181391531200 ) ) ;
#4810 = FACE_OUTER_BOUND ( 'NONE', #3966, .T. ) ;
#4811 = CARTESIAN_POINT ( 'NONE',  ( -3.120866827691032100, -1.255665322027268900, 2.620358240984268900 ) ) ;
#4812 = CARTESIAN_POINT ( 'NONE',  ( 1.281381166341701600, 0.6811472723761138300, 1.796430140726847500 ) ) ;
#4813 = CARTESIAN_POINT ( 'NONE',  ( 1.817069086056903200, 6.580000000000023200, 1.249876531925633700 ) ) ;
#4814 = FACE_OUTER_BOUND ( 'NONE', #2284, .T. ) ;
#4815 = B_SPLINE_CURVE_WITH_KNOTS ( 'NONE', 3,
 ( #4935, #875, #5830, #3242, #421, #3661 ),
 .UNSPECIFIED., .F., .F.,
 ( 4, 2, 4 ),
 ( 1.562342478294205400E-017, 0.002982098262657441700, 0.005964196525314867700 ),
 .UNSPECIFIED. ) ;
#4816 = EDGE_CURVE ( 'NONE', #2672, #2150, #2762, .T. ) ;
#4817 = B_SPLINE_SURFACE_WITH_KNOTS ( 'NONE', 3, 1, ( 
 ( #81, #5077 ),
 ( #4213, #1490 ),
 ( #4639, #1938 ),
 ( #5099, #2440 ),
 ( #5529, #2915 ),
 ( #103, #3360 ),
 ( #559, #3789 ),
 ( #1034, #4236 ),
 ( #1508, #4660 ),
 ( #1957, #5121 ),
 ( #2454, #5552 ),
 ( #2935, #119 ),
 ( #3381, #584 ),
 ( #3807, #1052 ),
 ( #4258, #1529 ),
 ( #4674, #1981 ),
 ( #5141, #2476 ),
 ( #5569, #2960 ),
 ( #143, #3405 ),
 ( #601, #3828 ),
 ( #1077, #4277 ),
 ( #1554, #4696 ),
 ( #2008, #5161 ),
 ( #2498, #5585 ),
 ( #2980, #169 ),
 ( #3420, #622 ),
 ( #3852, #1097 ),
 ( #4296, #1574 ),
 ( #4718, #2030 ),
 ( #5176, #2522 ),
 ( #5601, #3001 ),
 ( #188, #3443 ),
 ( #642, #3870 ),
 ( #1119, #4319 ) ),
 .UNSPECIFIED., .F., .F., .F.,
 ( 4, 3, 3, 3, 3, 3, 3, 3, 3, 3, 3, 4 ),
 ( 2, 2 ),
 ( 0.4999999995994223200, 0.5384148222055347200, 0.5906190727315388000, 0.6457700782736127700, 0.6981573959730571500, 0.7528990905605403800, 0.8059682131084622300, 0.8593831291913735000, 0.9140636652141516100, 0.9665116997961422700, 1.000000000000000000, 1.003000070952323900 ),
 ( 0.0000000000000000000, 1.000000000000000000 ),
 .UNSPECIFIED. ) ;
#4818 = CARTESIAN_POINT ( 'NONE',  ( -7.238155578050000600, 1.843640159924744700, 2.399000527194540900 ) ) ;
#4819 = VECTOR ( 'NONE', #3137, 1000.000000000000100 ) ;
#4820 = DIRECTION ( 'NONE',  ( -0.8958333333335117800, 0.0000000000000000000, 0.4443901876600890300 ) ) ;
#4821 = CARTESIAN_POINT ( 'NONE',  ( -3.388016134336896600, -1.454548015939664400, 2.508841577921176600 ) ) ;
#4822 = CARTESIAN_POINT ( 'NONE',  ( -1.500295128610846400, 1.171318190597629300, 1.374767196572611400 ) ) ;
#4823 = CARTESIAN_POINT ( 'NONE',  ( -1.668817564728890500, 7.949999999999997500, -1.914741321238292900 ) ) ;
#4824 = CIRCLE ( 'NONE', #1321, 0.6599999999999000000 ) ;
#4825 = CARTESIAN_POINT ( 'NONE',  ( -3.114345310863817900, -1.256405978394627100, 2.613364970284823800 ) ) ;
#4826 = EDGE_CURVE ( 'NONE', #1980, #417, #2818, .T. ) ;
#4827 = ADVANCED_FACE ( 'NONE', ( #2582 ), #807, .F. ) ;
#4828 = CARTESIAN_POINT ( 'NONE',  ( -2.239583333333100800, 7.750000000000000000, 1.110975469151050700 ) ) ;
#4829 = DATE_AND_TIME ( #4834, #4835 ) ;
#4830 = CARTESIAN_POINT ( 'NONE',  ( -2.988390178205741200, -1.391706893827735500, 2.429645050794938800 ) ) ;
#4831 = CARTESIAN_POINT ( 'NONE',  ( 1.155966683390709600, 0.6811472723761138300, 1.885887422029677100 ) ) ;
#4832 = DIRECTION ( 'NONE',  ( -1.000000000000000000, 0.0000000000000000000, 0.0000000000000000000 ) ) ;
#4833 = ORIENTED_EDGE ( 'NONE', *, *, #3053, .T. ) ;
#4834 = CALENDAR_DATE ( 2016, 15, 9 ) ;
#4835 = LOCAL_TIME ( 14, 32, 24.00000000000000000, #4839 ) ;
#4836 = ORIENTED_EDGE ( 'NONE', *, *, #3288, .F. ) ;
#4837 = ORIENTED_EDGE ( 'NONE', *, *, #755, .F. ) ;
#4838 = CARTESIAN_POINT ( 'NONE',  ( -1.464769572750583400, 4.139394236072632800, 0.8628152170332110700 ) ) ;
#4839 = COORDINATED_UNIVERSAL_TIME_OFFSET ( 8, 0, .BEHIND. ) ;
#4840 =( BOUNDED_SURFACE ( )  B_SPLINE_SURFACE ( 3, 3, ( 
 ( #171, #4966, #4044, #3829 ),
 ( #3561, #3186, #3098, #2638 ),
 ( #2610, #1650, #1642, #1388 ),
 ( #1224, #1179, #1053, #891 ) ),
 .UNSPECIFIED., .F., .F., .F. ) 
 B_SPLINE_SURFACE_WITH_KNOTS ( ( 4, 4 ),
 ( 4, 4 ),
 ( 0.0000000000000000000, 1.000000000000000000 ),
 ( 0.0000000000000000000, 1.000000000000000000 ),
 .UNSPECIFIED. ) 
 GEOMETRIC_REPRESENTATION_ITEM ( )  RATIONAL_B_SPLINE_SURFACE ( (
 ( 1.000000000000000000, 0.8680270880401521600, 0.8680270880401521600, 1.000000000000000000),
 ( 0.8047378541221507100, 0.6985342561493312900, 0.6985342561493312900, 0.8047378541221507100),
 ( 0.8047378541221507100, 0.6985342561493312900, 0.6985342561493312900, 0.8047378541221507100),
 ( 1.000000000000000000, 0.8680270880401521600, 0.8680270880401521600, 1.000000000000000000) ) ) 
 REPRESENTATION_ITEM ( '' )  SURFACE ( )  );
#4841 = VERTEX_POINT ( 'NONE', #4868 ) ;
#4842 = PLANE ( 'NONE',  #2910 ) ;
#4843 = CARTESIAN_POINT ( 'NONE',  ( 1.406837749086741600, 6.599041254900170900, 1.707023942327113600 ) ) ;
#4844 = ORIENTED_EDGE ( 'NONE', *, *, #4508, .F. ) ;
#4845 = CARTESIAN_POINT ( 'NONE',  ( -2.995854003434447900, -1.442314943751303600, 2.630679551477647800 ) ) ;
#4846 = CARTESIAN_POINT ( 'NONE',  ( -3.149314702220997700, -1.296770113907798500, 2.481809122266962900 ) ) ;
#4847 = ORIENTED_EDGE ( 'NONE', *, *, #3558, .F. ) ;
#4848 =( BOUNDED_CURVE ( )  B_SPLINE_CURVE ( 3, ( #1535, #5126, #2479, #5572 ),
 .UNSPECIFIED., .F., .F. ) 
 B_SPLINE_CURVE_WITH_KNOTS ( ( 4, 4 ),
 ( 0.0000000000000000000, 0.7451945066101791600 ),
 .UNSPECIFIED. ) 
 CURVE ( )  GEOMETRIC_REPRESENTATION_ITEM ( )  RATIONAL_B_SPLINE_CURVE ( ( 1.000000000000000000, 0.8604638628729908100, 0.8604638628729908100, 1.000000000000000000 ) ) 
 REPRESENTATION_ITEM ( '' )  );
#4849 = CARTESIAN_POINT ( 'NONE',  ( -2.989633557572172900, -1.471124104353579000, -2.614608971197795600 ) ) ;
#4850 = CIRCLE ( 'NONE', #1859, 2.399999999999999900 ) ;
#4851 = PRODUCT_DEFINITION_FORMATION_WITH_SPECIFIED_SOURCE ( 'ANY', '', #5500, .NOT_KNOWN. ) ;
#4852 = CARTESIAN_POINT ( 'NONE',  ( -0.2645300280561703700, 4.658160804959333500, 1.300206627329825200 ) ) ;
#4853 = ORIENTED_EDGE ( 'NONE', *, *, #1614, .F. ) ;
#4854 = VERTEX_POINT ( 'NONE', #4428 ) ;
#4855 = ORIENTED_EDGE ( 'NONE', *, *, #4906, .F. ) ;
#4856 = ADVANCED_FACE ( 'NONE', ( #2537 ), #2512, .T. ) ;
#4857 = DIRECTION ( 'NONE',  ( -1.000000000000000000, 0.0000000000000000000, 0.0000000000000000000 ) ) ;
#4858 = EDGE_LOOP ( 'NONE', ( #3990, #4777, #4504, #1173 ) ) ;
#4859 = CARTESIAN_POINT ( 'NONE',  ( -0.6499999999999790400, 7.849999999999999600, -2.517439175034826600 ) ) ;
#4860 = FACE_OUTER_BOUND ( 'NONE', #2214, .T. ) ;
#4861 = CARTESIAN_POINT ( 'NONE',  ( -7.238155578049999800, 3.551475717527324300E-016, -2.900000000000000800 ) ) ;
#4862 = ORIENTED_EDGE ( 'NONE', *, *, #2094, .T. ) ;
#4863 = VERTEX_POINT ( 'NONE', #5739 ) ;
#4864 =( NAMED_UNIT ( * ) PLANE_ANGLE_UNIT ( ) SI_UNIT ( $, .RADIAN. ) );
#4865 = CARTESIAN_POINT ( 'NONE',  ( -3.088129557449185400, -1.403123226706723100, 2.423069225922114300 ) ) ;
#4866 = CARTESIAN_POINT ( 'NONE',  ( -10.18077914468000100, 0.0000000000000000000, 0.0000000000000000000 ) ) ;
#4867 = EDGE_LOOP ( 'NONE', ( #5407, #5521, #793, #4254, #240 ) ) ;
#4868 = CARTESIAN_POINT ( 'NONE',  ( -1.150000000000164000, 14.19999999999999900, 2.465953144040758700 ) ) ;
#4869 = VECTOR ( 'NONE', #5448, 1000.000000000000000 ) ;
#4870 = ORIENTED_EDGE ( 'NONE', *, *, #3154, .F. ) ;
#4871 = VERTEX_POINT ( 'NONE', #326 ) ;
#4872 = PLANE ( 'NONE',  #3433 ) ;
#4873 = DIRECTION ( 'NONE',  ( 0.0000000000000000000, 0.0000000000000000000, 1.000000000000000000 ) ) ;
#4874 = LINE ( 'NONE', #1341, #5502 ) ;
#4875 = CARTESIAN_POINT ( 'NONE',  ( -2.238155578050000200, 0.0000000000000000000, 3.000000000000000000 ) ) ;
#4876 = AXIS2_PLACEMENT_3D ( 'NONE', #3578, #792, #4013 ) ;
#4877 = DIRECTION ( 'NONE',  ( -1.000000000000000000, 0.0000000000000000000, 0.0000000000000000000 ) ) ;
#4878 = CIRCLE ( 'NONE', #4476, 0.4499999999997891200 ) ;
#4879 = CARTESIAN_POINT ( 'NONE',  ( -3.455651845282575500, -1.329691676970693200, 2.579765563489390300 ) ) ;
#4880 = CARTESIAN_POINT ( 'NONE',  ( -0.6499999999999547300, 7.766769923792343100, -2.471383197679124100 ) ) ;
#4881 = CARTESIAN_POINT ( 'NONE',  ( -19.68077914467999500, -0.9999999999999998900, -0.5000000000000000000 ) ) ;
#4882 = FACE_OUTER_BOUND ( 'NONE', #3022, .T. ) ;
#4883 = ORIENTED_EDGE ( 'NONE', *, *, #2355, .F. ) ;
#4884 =( NAMED_UNIT ( * ) SI_UNIT ( $, .STERADIAN. ) SOLID_ANGLE_UNIT ( ) );
#4885 = B_SPLINE_CURVE_WITH_KNOTS ( 'NONE', 3,
 ( #53, #49, #4879, #5482, #5415, #4575, #5715, #5845, #4524, #4148 ),
 .UNSPECIFIED., .F., .F.,
 ( 4, 2, 2, 2, 4 ),
 ( 0.0007854158837702284700, 0.0009764356671623580200, 0.001167455450554487600, 0.001358475233946617100, 0.001549495017338746700 ),
 .UNSPECIFIED. ) ;
#4886 = CARTESIAN_POINT ( 'NONE',  ( -1.596271984725260900, 1.171318190597629300, 1.270026837589049300 ) ) ;
#4887 = LINE ( 'NONE', #3596, #4798 ) ;
#4888 = DIRECTION ( 'NONE',  ( 0.0000000000000000000, -1.000000000000000000, 0.0000000000000000000 ) ) ;
#4889 = ADVANCED_FACE ( 'NONE', ( #2731 ), #2190, .F. ) ;
#4890 = CARTESIAN_POINT ( 'NONE',  ( 1.074402454204138600, 9.449999999999999300, 2.146080000000028900 ) ) ;
#4891 = PRODUCT_RELATED_PRODUCT_CATEGORY ( 'detail', '', ( #66 ) ) ;
#4892 = LINE ( 'NONE', #3993, #4819 ) ;
#4893 = B_SPLINE_CURVE_WITH_KNOTS ( 'NONE', 3,
 ( #2328, #1314, #1112, #4070, #4527, #2410, #115, #2386, #5580, #2306 ),
 .UNSPECIFIED., .F., .F.,
 ( 4, 2, 2, 2, 4 ),
 ( 0.0000000000000000000, 0.0001971236932338549000, 0.0003942473864677098000, 0.0005913710797015647200, 0.0007884947729354196000 ),
 .UNSPECIFIED. ) ;
#4894 = CARTESIAN_POINT ( 'NONE',  ( -3.405224287103402000, -1.560079064038336800, -2.325712880278967300 ) ) ;
#4895 = VECTOR ( 'NONE', #299, 1000.000000000000000 ) ;
#4896 = EDGE_CURVE ( 'NONE', #2196, #5480, #2595, .T. ) ;
#4897 = CARTESIAN_POINT ( 'NONE',  ( 0.3987358688343734500, 0.6999999999999838600, 1.959849409241670500 ) ) ;
#4898 = DIRECTION ( 'NONE',  ( 0.0000000000000000000, 0.0000000000000000000, -1.000000000000000000 ) ) ;
#4899 = EDGE_CURVE ( 'NONE', #3839, #980, #2464, .T. ) ;
#4900 = DIRECTION ( 'NONE',  ( 0.0000000000000000000, 1.000000000000000000, 0.0000000000000000000 ) ) ;
#4901 = APPROVAL_PERSON_ORGANIZATION ( #4904, #5156, #2266 ) ;
#4902 = CARTESIAN_POINT ( 'NONE',  ( -1.681237466362356200, 1.171318190597629300, 1.155202579253808300 ) ) ;
#4903 = CARTESIAN_POINT ( 'NONE',  ( 0.6500000000000015800, 7.861845009860813200, -2.102338483662441200 ) ) ;
#4904 = PERSON_AND_ORGANIZATION ( #4182, #5189 ) ;
#4905 = DIRECTION ( 'NONE',  ( 0.0000000000000000000, 1.000000000000000000, 0.0000000000000000000 ) ) ;
#4906 = EDGE_CURVE ( 'NONE', #1932, #4697, #2525, .T. ) ;
#4907 = CARTESIAN_POINT ( 'NONE',  ( -2.993219006889427100, -1.353622741728664100, -2.451170277791045100 ) ) ;
#4908 = DATE_AND_TIME ( #4972, #4977 ) ;
#4909 = ORIENTED_EDGE ( 'NONE', *, *, #2246, .T. ) ;
#4910 = CARTESIAN_POINT ( 'NONE',  ( -3.068973815973274500, -1.558455600121566400, -2.326791653522170200 ) ) ;
#4911 = SHAPE_REPRESENTATION ( '50-00045 pin', ( #4079 ), #3784 ) ;
#4912 = CARTESIAN_POINT ( 'NONE',  ( -3.017106866605397300, -1.502383796704083800, -2.363137133912203100 ) ) ;
#4913 = ADVANCED_FACE ( 'NONE', ( #2675 ), #4914, .T. ) ;
#4914 =( BOUNDED_SURFACE ( )  B_SPLINE_SURFACE ( 3, 3, ( 
 ( #2213, #3160, #5349, #2716 ),
 ( #5776, #3182, #355, #3603 ),
 ( #834, #4043, #1299, #4475 ),
 ( #1764, #4925, #2251, #5365 ) ),
 .UNSPECIFIED., .F., .F., .T. ) 
 B_SPLINE_SURFACE_WITH_KNOTS ( ( 4, 4 ),
 ( 4, 4 ),
 ( 0.0000000000000000000, 1.000000000000000000 ),
 ( 0.0000000000000000000, 1.000000000000000000 ),
 .UNSPECIFIED. ) 
 GEOMETRIC_REPRESENTATION_ITEM ( )  RATIONAL_B_SPLINE_SURFACE ( (
 ( 1.000000000000000000, 0.3333333333333334300, 0.3333333333333334300, 1.000000000000000000),
 ( 0.3333333333333333700, 0.1111111111111111600, 0.1111111111111111600, 0.3333333333333333700),
 ( 0.3333333333333333700, 0.1111111111111111600, 0.1111111111111111600, 0.3333333333333333700),
 ( 1.000000000000000000, 0.3333333333333334300, 0.3333333333333334300, 1.000000000000000000) ) ) 
 REPRESENTATION_ITEM ( '' )  SURFACE ( )  );
#4915 = AXIS2_PLACEMENT_3D ( 'NONE', #1577, #4723, #2035 ) ;
#4916 = VERTEX_POINT ( 'NONE', #4460 ) ;
#4917 = EDGE_CURVE ( 'NONE', #4245, #2326, #2167, .T. ) ;
#4918 = CARTESIAN_POINT ( 'NONE',  ( -2.399924400003737200, 8.050000000000000700, -0.01904925895414256700 ) ) ;
#4919 = ORIENTED_EDGE ( 'NONE', *, *, #5009, .F. ) ;
#4920 = APPLICATION_CONTEXT ( 'configuration controlled 3d designs of mechanical parts and assemblies' ) ;
#4921 = ORIENTED_EDGE ( 'NONE', *, *, #3845, .T. ) ;
#4922 = CARTESIAN_POINT ( 'NONE',  ( -1.753340252763513600, 1.171318190597629300, 1.032796337979919200 ) ) ;
#4923 = CARTESIAN_POINT ( 'NONE',  ( 0.6318978804084147700, 8.050000000000000700, -2.315319647205403200 ) ) ;
#4924 = ADVANCED_BREP_SHAPE_REPRESENTATION ( '', ( #4931, #3218 ), #2602 ) ;
#4925 = CARTESIAN_POINT ( 'NONE',  ( -17.68077914467999500, -6.123233995736766000E-017, 0.5000000000000000000 ) ) ;
#4926 = ORIENTED_EDGE ( 'NONE', *, *, #5594, .F. ) ;
#4927 = ORIENTED_EDGE ( 'NONE', *, *, #3163, .T. ) ;
#4928 = DIRECTION ( 'NONE',  ( 1.000000000000000000, 0.0000000000000000000, 0.0000000000000000000 ) ) ;
#4929 = CARTESIAN_POINT ( 'NONE',  ( -2.299927550003571400, 7.950000000000002000, -0.01825553983105332800 ) ) ;
#4930 = LINE ( 'NONE', #3531, #4895 ) ;
#4931 = MANIFOLD_SOLID_BREP ( 'Fillet3', #3188 ) ;
#4932 = SECURITY_CLASSIFICATION ( '', '', #2327 ) ;
#4933 = ORIENTED_EDGE ( 'NONE', *, *, #1695, .T. ) ;
#4934 = AXIS2_PLACEMENT_3D ( 'NONE', #1012, #953, #929 ) ;
#4935 = CARTESIAN_POINT ( 'NONE',  ( 0.3987358688343734500, 0.6999999999999838600, 1.959849409241670500 ) ) ;
#4936 = VECTOR ( 'NONE', #5819, 1000.000000000000000 ) ;
#4937 = VERTEX_POINT ( 'NONE', #4062 ) ;
#4938 = VERTEX_POINT ( 'NONE', #1785 ) ;
#4939 = APPROVAL_STATUS ( 'not_yet_approved' ) ;
#4940 = EDGE_CURVE ( 'NONE', #2359, #1294, #2205, .T. ) ;
#4941 = CIRCLE ( 'NONE', #5389, 1.804999999999000100 ) ;
#4942 = ADVANCED_FACE ( 'NONE', ( #2381 ), #2141, .F. ) ;
#4943 = ORIENTED_EDGE ( 'NONE', *, *, #327, .F. ) ;
#4944 = CARTESIAN_POINT ( 'NONE',  ( 1.522849651957589800, 6.599041254900170900, 1.604385280868064500 ) ) ;
#4945 = CARTESIAN_POINT ( 'NONE',  ( -0.4386094557178553100, 0.6999999999999515500, 2.155834350165836400 ) ) ;
#4946 = CARTESIAN_POINT ( 'NONE',  ( 0.0000000000000000000, 7.750000000000000000, 0.0000000000000000000 ) ) ;
#4947 = ADVANCED_FACE ( 'NONE', ( #2163 ), #4077, .T. ) ;
#4948 = LINE ( 'NONE', #5433, #5010 ) ;
#4949 = CARTESIAN_POINT ( 'NONE',  ( 0.5000000000042055200, 13.85000000000009000, 2.574937185532692600 ) ) ;
#4950 = CARTESIAN_POINT ( 'NONE',  ( -3.251232803121317800, -1.612308129540693600, -2.290130996034561900 ) ) ;
#4951 = CARTESIAN_POINT ( 'NONE',  ( -3.348922055364289100, -1.314551741532082400, 2.472365438152436000 ) ) ;
#4952 = CARTESIAN_POINT ( 'NONE',  ( -0.6500000000001030500, 7.948836066937147400, -2.187935255338139500 ) ) ;
#4953 = AXIS2_PLACEMENT_3D ( 'NONE', #5518, #2905, #91 ) ;
#4954 = CIRCLE ( 'NONE', #5106, 2.000000000000001300 ) ;
#4955 = CARTESIAN_POINT ( 'NONE',  ( -2.988506319570664700, -1.410445522274523400, -2.418812342839548300 ) ) ;
#4956 = CARTESIAN_POINT ( 'NONE',  ( -0.4386094557178516500, 6.579999999999993900, 2.155834350165817700 ) ) ;
#4957 = DIRECTION ( 'NONE',  ( 0.0000000000000000000, 0.0000000000000000000, 1.000000000000000000 ) ) ;
#4958 = LINE ( 'NONE', #2369, #4936 ) ;
#4959 = APPLICATION_PROTOCOL_DEFINITION ( 'international standard', 'config_control_design', 1994, #1799 ) ;
#4960 = CARTESIAN_POINT ( 'NONE',  ( 1.626927427482077500, 6.599041254900170900, 1.490804319665812900 ) ) ;
#4961 = CARTESIAN_POINT ( 'NONE',  ( -3.088109006218535700, -1.399263129226539200, 2.425300221586196100 ) ) ;
#4962 = SHAPE_DEFINITION_REPRESENTATION ( #3211, #3044 ) ;
#4963 = CARTESIAN_POINT ( 'NONE',  ( -1.164869474971943800E-013, 14.69999999999999900, -2.399999999999972400 ) ) ;
#4964 = AXIS2_PLACEMENT_3D ( 'NONE', #658, #160, #4404 ) ;
#4965 = AXIS2_PLACEMENT_3D ( 'NONE', #5327, #2692, #5754 ) ;
#4966 = CARTESIAN_POINT ( 'NONE',  ( 2.188006652560716700, 7.850000000000001400, -1.034925287654986400 ) ) ;
#4967 = CC_DESIGN_PERSON_AND_ORGANIZATION_ASSIGNMENT ( #1285, #983, ( #2795 ) ) ;
#4968 = CARTESIAN_POINT ( 'NONE',  ( -14.23815557805000200, 0.0000000000000000000, 0.0000000000000000000 ) ) ;
#4969 = DIRECTION ( 'NONE',  ( 0.0000000000000000000, 0.0000000000000000000, 1.000000000000000000 ) ) ;
#4970 = CARTESIAN_POINT ( 'NONE',  ( 0.0000000000000000000, 9.250000000000000000, 0.0000000000000000000 ) ) ;
#4971 = ADVANCED_FACE ( 'NONE', ( #2158, #2093 ), #2076, .F. ) ;
#4972 = CALENDAR_DATE ( 2016, 15, 9 ) ;
#4973 = ADVANCED_FACE ( 'NONE', ( #2152 ), #2146, .T. ) ;
#4974 = CARTESIAN_POINT ( 'NONE',  ( -2.988516571607772800, -1.511615740886151000, 2.591335148510359500 ) ) ;
#4975 = VERTEX_POINT ( 'NONE', #490 ) ;
#4976 = CARTESIAN_POINT ( 'NONE',  ( -2.238155578050000200, 0.0000000000000000000, 0.0000000000000000000 ) ) ;
#4977 = LOCAL_TIME ( 14, 32, 24.00000000000000000, #4979 ) ;
#4978 = DIRECTION ( 'NONE',  ( 0.0000000000000000000, 1.000000000000000000, 0.0000000000000000000 ) ) ;
#4979 = COORDINATED_UNIVERSAL_TIME_OFFSET ( 8, 0, .BEHIND. ) ;
#4980 = ORIENTED_EDGE ( 'NONE', *, *, #1153, .T. ) ;
#4981 = APPROVAL_ROLE ( '' ) ;
#4982 = CARTESIAN_POINT ( 'NONE',  ( -1.027357668890628500, 6.637123764700425500, 1.974080759708659800 ) ) ;
#4983 = VERTEX_POINT ( 'NONE', #1447 ) ;
#4984 = DIRECTION ( 'NONE',  ( 0.0000000000000000000, 0.0000000000000000000, 1.000000000000000000 ) ) ;
#4985 = CARTESIAN_POINT ( 'NONE',  ( -2.680779144684000100, 0.0000000000000000000, 0.0000000000000000000 ) ) ;
#4986 = CARTESIAN_POINT ( 'NONE',  ( -2.149999999999999900, 0.6999999999999999600, 1.066536450385000100 ) ) ;
#4987 = ORIENTED_EDGE ( 'NONE', *, *, #4707, .T. ) ;
#4988 = CARTESIAN_POINT ( 'NONE',  ( -2.988543345713190900, -1.388560142455971700, -2.431438855024220700 ) ) ;
#4989 = EDGE_LOOP ( 'NONE', ( #2367, #2308 ) ) ;
#4990 = CIRCLE ( 'NONE', #611, 3.000000000000000000 ) ;
#4991 = CARTESIAN_POINT ( 'NONE',  ( -2.985017958445030000, -1.455428202491369600, 2.624111290001753400 ) ) ;
#4992 = ORIENTED_EDGE ( 'NONE', *, *, #42, .T. ) ;
#4993 = CARTESIAN_POINT ( 'NONE',  ( 2.149999999999999900, 6.580000000000000100, 1.066536450385000100 ) ) ;
#4994 = ORIENTED_EDGE ( 'NONE', *, *, #1162, .T. ) ;
#4995 = VERTEX_POINT ( 'NONE', #971 ) ;
#4996 = PERSON_AND_ORGANIZATION_ROLE ( 'design_supplier' ) ;
#4997 = ADVANCED_FACE ( 'NONE', ( #2063 ), #2046, .F. ) ;
#4998 = AXIS2_PLACEMENT_3D ( 'NONE', #5626, #3023, #210 ) ;
#4999 = CARTESIAN_POINT ( 'NONE',  ( -0.5891150858697967700, 0.6999999999999515500, 2.125213633635209200 ) ) ;
#5000 = VECTOR ( 'NONE', #5657, 1000.000000000000000 ) ;
#5001 = VERTEX_POINT ( 'NONE', #5494 ) ;
#5002 = CARTESIAN_POINT ( 'NONE',  ( -2.680779144683999200, 0.0000000000000000000, 0.0000000000000000000 ) ) ;
#5003 = CARTESIAN_POINT ( 'NONE',  ( -3.227389301400234200, -1.176992780651211900, -2.541439211135057000 ) ) ;
#5004 = EDGE_LOOP ( 'NONE', ( #363, #88, #5057, #4833, #3732, #246, #141, #1751 ) ) ;
#5005 = DIRECTION ( 'NONE',  ( 0.0000000000000000000, 0.0000000000000000000, -1.000000000000000000 ) ) ;
#5006 = EDGE_CURVE ( 'NONE', #2216, #2815, #2086, .T. ) ;
#5007 = DIRECTION ( 'NONE',  ( 0.0000000000000000000, 0.0000000000000000000, 1.000000000000000000 ) ) ;
#5008 = ORIENTED_EDGE ( 'NONE', *, *, #2204, .F. ) ;
#5009 = EDGE_CURVE ( 'NONE', #1086, #3285, #2135, .T. ) ;
#5010 = VECTOR ( 'NONE', #2992, 1000.000000000000000 ) ;
#5011 = CARTESIAN_POINT ( 'NONE',  ( -3.008665213997351500, -1.396590421700294700, 2.655540403757917100 ) ) ;
#5012 = DIRECTION ( 'NONE',  ( -0.4443901876604229300, 0.0000000000000000000, 0.8958333333333462500 ) ) ;
#5013 = DIRECTION ( 'NONE',  ( -1.000000000000000000, 0.0000000000000000000, 0.0000000000000000000 ) ) ;
#5014 = PERSON_AND_ORGANIZATION_ROLE ( 'creator' ) ;
#5015 = EDGE_CURVE ( 'NONE', #2298, #4975, #5536, .T. ) ;
#5016 = EDGE_CURVE ( 'NONE', #96, #1185, #5597, .T. ) ;
#5017 = CARTESIAN_POINT ( 'NONE',  ( -1.152507335239374200, 0.6999999999999515500, 1.880243711652238100 ) ) ;
#5018 = LINE ( 'NONE', #2077, #5000 ) ;
#5019 = CARTESIAN_POINT ( 'NONE',  ( -3.484872418925602800, -1.365864845016851600, -2.444282312936574300 ) ) ;
#5020 = CYLINDRICAL_SURFACE ( 'NONE', #4189, 2.849999999999000000 ) ;
#5021 = CARTESIAN_POINT ( 'NONE',  ( -0.3987358688343760100, 0.6999999999999481100, 1.959849409241683600 ) ) ;
#5022 = CARTESIAN_POINT ( 'NONE',  ( -0.3987358688343760100, 0.6999999999999481100, 1.959849409241683600 ) ) ;
#5023 = CARTESIAN_POINT ( 'NONE',  ( -1.157946503577710300, 7.749999999999858800, 3.159597846900010300 ) ) ;
#5024 = ADVANCED_FACE ( 'NONE', ( #2053 ), #4817, .F. ) ;
#5025 = AXIS2_PLACEMENT_3D ( 'NONE', #2257, #2277, #5385 ) ;
#5026 = FACE_OUTER_BOUND ( 'NONE', #499, .T. ) ;
#5027 = CARTESIAN_POINT ( 'NONE',  ( -3.095288272349448800, -1.309883552553969400, 2.699363762208487400 ) ) ;
#5028 = CARTESIAN_POINT ( 'NONE',  ( -3.087463121988085000, -1.411930898331223800, 2.418016264653837200 ) ) ;
#5029 = CARTESIAN_POINT ( 'NONE',  ( 0.0000000000000000000, 0.7000000000000000700, 0.0000000000000000000 ) ) ;
#5030 = CIRCLE ( 'NONE', #4804, 2.200000000000000200 ) ;
#5031 = PERSON_AND_ORGANIZATION_ROLE ( 'design_owner' ) ;
#5032 = CARTESIAN_POINT ( 'NONE',  ( -1.277546502564076000, 0.6999999999999515500, 1.791054140383914900 ) ) ;
#5033 = CARTESIAN_POINT ( 'NONE',  ( 2.209930749143441500, 7.744362879288151400, 1.096265905482841400 ) ) ;
#5034 = CC_DESIGN_PERSON_AND_ORGANIZATION_ASSIGNMENT ( #4076, #3653, ( #4156 ) ) ;
#5035 = EDGE_CURVE ( 'NONE', #4184, #4164, #5277, .T. ) ;
#5036 = CARTESIAN_POINT ( 'NONE',  ( -2.988543345713178000, 2.999970999140899600, 0.01319106946227205400 ) ) ;
#5037 = PERSON_AND_ORGANIZATION ( #4182, #5189 ) ;
#5038 = APPROVAL_DATE_TIME ( #5041, #3675 ) ;
#5039 = CARTESIAN_POINT ( 'NONE',  ( 0.0000000000000000000, 7.849999999999999600, 0.0000000000000000000 ) ) ;
#5040 = CARTESIAN_POINT ( 'NONE',  ( -1.097123437131748000, 14.46178034973991600, 2.479022651509648100 ) ) ;
#5041 = DATE_AND_TIME ( #5109, #5111 ) ;
#5042 = EDGE_LOOP ( 'NONE', ( #1475, #2644, #1110, #3162 ) ) ;
#5043 = EDGE_CURVE ( 'NONE', #3432, #5293, #5136, .T. ) ;
#5044 = CARTESIAN_POINT ( 'NONE',  ( -3.158563316884714500, -1.281896172245525300, 2.712333924259756400 ) ) ;
#5045 = EDGE_LOOP ( 'NONE', ( #5600, #5358, #2066, #5478 ) ) ;
#5046 = DATE_TIME_ROLE ( 'classification_date' ) ;
#5047 = ORIENTED_EDGE ( 'NONE', *, *, #2996, .T. ) ;
#5048 = CARTESIAN_POINT ( 'NONE',  ( -1.402585669888777300, 0.6999999999999515500, 1.701864569115591400 ) ) ;
#5049 = DIRECTION ( 'NONE',  ( 1.000000000000000000, -0.0000000000000000000, -0.0000000000000000000 ) ) ;
#5050 = DIRECTION ( 'NONE',  ( -0.0000000000000000000, -0.0000000000000000000, -1.000000000000000000 ) ) ;
#5051 = B_SPLINE_CURVE_WITH_KNOTS ( 'NONE', 3,
 ( #4623, #3390, #588, #3813, #1061, #4264, #1536, #4677, #1991, #5147, #2481, #5573, #2965, #149, #3408, #606, #3834, #1082, #4285, #1559, #4702, #2015, #5166, #2503, #5588, #2986, #176, #3425, #628, #3858, #1101 ),
 .UNSPECIFIED., .F., .F.,
 ( 4, 3, 3, 3, 3, 3, 3, 3, 3, 3, 4 ),
 ( 0.5000000000000000000, 0.5384148221999262000, 0.5906190727265645500, 0.6457700782693086600, 0.6981573959693896400, 0.7528990905575380100, 0.8059682131061046700, 0.8593831291896649700, 0.9140636652131074500, 0.9665116997957353700, 1.000000000000000000 ),
 .UNSPECIFIED. ) ;
#5052 = AXIS2_PLACEMENT_3D ( 'NONE', #4357, #1627, #4785 ) ;
#5053 = ORIENTED_EDGE ( 'NONE', *, *, #3263, .F. ) ;
#5054 = CARTESIAN_POINT ( 'NONE',  ( -2.988543345728934800, 2.799969443254013400, 0.01319107659467575100 ) ) ;
#5055 = CARTESIAN_POINT ( 'NONE',  ( -3.068973815973273100, -1.658457155975413800, -2.499999429096957800 ) ) ;
#5056 = DIRECTION ( 'NONE',  ( 0.0000000000000000000, 1.000000000000000000, 0.0000000000000000000 ) ) ;
#5057 = ORIENTED_EDGE ( 'NONE', *, *, #4746, .T. ) ;
#5058 = ORIENTED_EDGE ( 'NONE', *, *, #978, .F. ) ;
#5059 = CARTESIAN_POINT ( 'NONE',  ( 0.6500000000000001300, 8.050000000000000700, -2.310303010429791900 ) ) ;
#5060 =( BOUNDED_SURFACE ( )  B_SPLINE_SURFACE ( 3, 2, ( 
 ( #16, #1422, #3687 ),
 ( #4576, #1874, #5028 ),
 ( #2366, #5459, #2848 ),
 ( #33, #3374, #573 ),
 ( #3802, #1046, #4248 ),
 ( #1522, #4668, #1973 ),
 ( #5135, #2468, #5563 ),
 ( #2949, #136, #3397 ),
 ( #595, #3820, #1069 ),
 ( #4269, #1543, #4689 ),
 ( #2001, #5155, #2489 ),
 ( #5579, #2973, #157 ),
 ( #3415, #614, #3847 ),
 ( #1088, #4289, #1567 ) ),
 .UNSPECIFIED., .F., .F., .F. ) 
 B_SPLINE_SURFACE_WITH_KNOTS ( ( 4, 2, 2, 2, 2, 2, 4 ),
 ( 3, 3 ),
 ( 0.0000000000000000000, 5.860365862227714000E-005, 0.0001172073172445542800, 0.0002344146344891085600, 0.0002930182931113856700, 0.0003516219517336628400, 0.0004688292689782171200 ),
 ( 0.0000000000000000000, 1.000000000000000000 ),
 .UNSPECIFIED. ) 
 GEOMETRIC_REPRESENTATION_ITEM ( )  RATIONAL_B_SPLINE_SURFACE ( (
 ( 1.000000000000000000, 0.7070801120304584000, 1.000000000000000000),
 ( 1.000000000000000000, 0.7072612357056463600, 1.000000000000000000),
 ( 1.000000000000000000, 0.7064609533486592200, 1.000000000000000000),
 ( 1.000000000000000000, 0.7035392890567908600, 1.000000000000000000),
 ( 1.000000000000000000, 0.7015355578776575300, 1.000000000000000000),
 ( 1.000000000000000000, 0.6943615352705916300, 1.000000000000000000),
 ( 1.000000000000000000, 0.6901719129629982900, 1.000000000000000000),
 ( 1.000000000000000000, 0.6896459678962310000, 1.000000000000000000),
 ( 1.000000000000000000, 0.6905110897430588600, 1.000000000000000000),
 ( 1.000000000000000000, 0.6934597695844211300, 1.000000000000000000),
 ( 1.000000000000000000, 0.6955415720847411000, 1.000000000000000000),
 ( 1.000000000000000000, 0.7024536278448063600, 1.000000000000000000),
 ( 1.000000000000000000, 0.7069687893262511800, 1.000000000000000000),
 ( 1.000000000000000000, 0.7070827610284062800, 1.000000000000000000) ) ) 
 REPRESENTATION_ITEM ( '' )  SURFACE ( )  );
#5061 = CIRCLE ( 'NONE', #5682, 0.6599999999999000000 ) ;
#5062 = VERTEX_POINT ( 'NONE', #668 ) ;
#5063 = DIRECTION ( 'NONE',  ( 0.0000000000000000000, 0.0000000000000000000, 1.000000000000000000 ) ) ;
#5064 = APPROVAL_ROLE ( '' ) ;
#5065 = CARTESIAN_POINT ( 'NONE',  ( -2.238155578050000200, 0.0000000000000000000, 0.0000000000000000000 ) ) ;
#5066 = CIRCLE ( 'NONE', #3508, 2.395000000000000000 ) ;
#5067 = AXIS2_PLACEMENT_3D ( 'NONE', #4437, #4312, #4339 ) ;
#5068 = DIRECTION ( 'NONE',  ( 0.0000000000000000000, 0.0000000000000000000, -1.000000000000000000 ) ) ;
#5069 = AXIS2_PLACEMENT_3D ( 'NONE', #3406, #5178, #2524 ) ;
#5070 = ORIENTED_EDGE ( 'NONE', *, *, #2740, .F. ) ;
#5071 = EDGE_LOOP ( 'NONE', ( #444, #3367 ) ) ;
#5072 = CARTESIAN_POINT ( 'NONE',  ( -1.518246934031575000, 0.6999999999999515500, 1.599536126597980600 ) ) ;
#5073 = CC_DESIGN_APPROVAL ( #4775, ( #4478 ) ) ;
#5074 = EDGE_LOOP ( 'NONE', ( #251, #955, #3157, #1966, #2286, #4429, #3914 ) ) ;
#5075 = DIRECTION ( 'NONE',  ( 0.0000000000000000000, 0.0000000000000000000, 1.000000000000000000 ) ) ;
#5076 = LINE ( 'NONE', #4609, #4539 ) ;
#5077 = CARTESIAN_POINT ( 'NONE',  ( -2.988543345679072000, 2.799967887430344900, 0.01319106883402788000 ) ) ;
#5078 = DIRECTION ( 'NONE',  ( 0.0000000000000000000, 0.0000000000000000000, -1.000000000000000000 ) ) ;
#5079 = ORIENTED_EDGE ( 'NONE', *, *, #3616, .F. ) ;
#5080 = VERTEX_POINT ( 'NONE', #2543 ) ;
#5081 = CARTESIAN_POINT ( 'NONE',  ( 1.731005203006565000, 6.599041254900170900, 1.377223358463561400 ) ) ;
#5082 = CARTESIAN_POINT ( 'NONE',  ( -2.992126897560422700, 2.999680740604567600, 0.07920287337111056600 ) ) ;
#5083 = VECTOR ( 'NONE', #861, 1000.000000000000000 ) ;
#5084 = DIRECTION ( 'NONE',  ( -1.000000000000000000, 0.0000000000000000000, 0.0000000000000000000 ) ) ;
#5085 = EDGE_CURVE ( 'NONE', #1460, #4200, #5333, .T. ) ;
#5086 = CARTESIAN_POINT ( 'NONE',  ( -15.03815557810019900, 0.0000000000000000000, 3.000000000000000000 ) ) ;
#5087 = CARTESIAN_POINT ( 'NONE',  ( 0.0000000000000000000, 0.0000000000000000000, 2.200000000000000200 ) ) ;
#5088 = CYLINDRICAL_SURFACE ( 'NONE', #4506, 2.600000000000000500 ) ;
#5089 = CARTESIAN_POINT ( 'NONE',  ( -2.238155578050000200, 0.0000000000000000000, 0.0000000000000000000 ) ) ;
#5090 = APPROVAL_STATUS ( 'not_yet_approved' ) ;
#5091 = DIRECTION ( 'NONE',  ( 0.0000000000000000000, -0.0000000000000000000, -1.000000000000000000 ) ) ;
#5092 = DIRECTION ( 'NONE',  ( 1.000000000000000000, -0.0000000000000000000, -0.0000000000000000000 ) ) ;
#5093 =( BOUNDED_SURFACE ( )  B_SPLINE_SURFACE ( 3, 3, ( 
 ( #4305, #3881, #4750, #2068 ),
 ( #5204, #2554, #5638, #3033 ),
 ( #221, #3468, #681, #3899 ),
 ( #1152, #4347, #1617, #4768 ) ),
 .UNSPECIFIED., .F., .F., .F. ) 
 B_SPLINE_SURFACE_WITH_KNOTS ( ( 4, 4 ),
 ( 4, 4 ),
 ( 0.0000000000000000000, 1.000000000000000000 ),
 ( 0.0000000000000000000, 1.000000000000000000 ),
 .UNSPECIFIED. ) 
 GEOMETRIC_REPRESENTATION_ITEM ( )  RATIONAL_B_SPLINE_SURFACE ( (
 ( 1.000000000000000000, 0.3333333333333334300, 0.3333333333333334300, 1.000000000000000000),
 ( 0.8047378541243404000, 0.2682459513747801900, 0.2682459513747801900, 0.8047378541243404000),
 ( 0.8047378541243404000, 0.2682459513747801900, 0.2682459513747801900, 0.8047378541243404000),
 ( 1.000000000000000000, 0.3333333333333334300, 0.3333333333333334300, 1.000000000000000000) ) ) 
 REPRESENTATION_ITEM ( '' )  SURFACE ( )  );
#5094 = EDGE_CURVE ( 'NONE', #2271, #1021, #5457, .T. ) ;
#5095 = CARTESIAN_POINT ( 'NONE',  ( -1.622010140982276900, 0.6999999999999515500, 1.486298456754470600 ) ) ;
#5096 = LINE ( 'NONE', #709, #3395 ) ;
#5097 = LINE ( 'NONE', #1606, #5429 ) ;
#5098 = CARTESIAN_POINT ( 'NONE',  ( -3.487794584502692500, 2.999973050480378800, -0.01343005797876033400 ) ) ;
#5099 = CARTESIAN_POINT ( 'NONE',  ( -2.999085936548816300, 2.999128985433465300, 0.07241542345114812500 ) ) ;
#5100 = CARTESIAN_POINT ( 'NONE',  ( -3.484299477832252500, -1.567746965660284900, -2.558591856711967900 ) ) ;
#5101 = CARTESIAN_POINT ( 'NONE',  ( 1.823142189809026800, 6.599041254900170900, 1.252707367133999700 ) ) ;
#5102 = SHAPE_REPRESENTATION_RELATIONSHIP ( 'NONE' , 'NONE' ,  #2990, #4924 ) ;
#5103 = DIRECTION ( 'NONE',  ( -0.0000000000000000000, 1.000000000000000000, -0.0000000000000000000 ) ) ;
#5104 = CIRCLE ( 'NONE', #3635, 3.000000000000000000 ) ;
#5105 = CARTESIAN_POINT ( 'NONE',  ( -2.238155578050000200, 1.510856941112698600, -2.621359165062774100 ) ) ;
#5106 = AXIS2_PLACEMENT_3D ( 'NONE', #5310, #2671, #5731 ) ;
#5107 = CARTESIAN_POINT ( 'NONE',  ( 0.4386094557178395500, 6.580000000000000100, 2.155834350165866100 ) ) ;
#5108 = EDGE_CURVE ( 'NONE', #4338, #2945, #4990, .T. ) ;
#5109 = CALENDAR_DATE ( 2016, 15, 9 ) ;
#5110 = DIRECTION ( 'NONE',  ( 0.0000000000000000000, 0.0000000000000000000, 1.000000000000000000 ) ) ;
#5111 = LOCAL_TIME ( 14, 32, 24.00000000000000000, #5116 ) ;
#5112 = CARTESIAN_POINT ( 'NONE',  ( -3.468848905604123200, 2.798475915257492300, -0.09561477721294670000 ) ) ;
#5113 = CARTESIAN_POINT ( 'NONE',  ( -2.238155578050000200, -1.215420335061007100, 2.742763826712029100 ) ) ;
#5114 = CARTESIAN_POINT ( 'NONE',  ( -1.725773347932978900, 0.6999999999999515500, 1.373060786910960600 ) ) ;
#5115 = ORIENTED_EDGE ( 'NONE', *, *, #3833, .F. ) ;
#5116 = COORDINATED_UNIVERSAL_TIME_OFFSET ( 8, 0, .BEHIND. ) ;
#5117 = APPROVAL_PERSON_ORGANIZATION ( #5183, #3675, #1313 ) ;
#5118 = CARTESIAN_POINT ( 'NONE',  ( -3.424156022742610000, 2.995354141819938800, -0.1669497121987768600 ) ) ;
#5119 = EDGE_CURVE ( 'NONE', #3991, #2797, #5401, .T. ) ;
#5120 = VERTEX_POINT ( 'NONE', #230 ) ;
#5121 = CARTESIAN_POINT ( 'NONE',  ( -3.096514028779766100, 2.792925968292889700, 0.2058983931292079600 ) ) ;
#5122 = CARTESIAN_POINT ( 'NONE',  ( -4.188155578049999900, 0.0000000000000000000, 0.0000000000000000000 ) ) ;
#5123 = CARTESIAN_POINT ( 'NONE',  ( -1.723258320882998800, 6.579999999999974300, 1.015076725921399300 ) ) ;
#5124 = ORIENTED_EDGE ( 'NONE', *, *, #621, .F. ) ;
#5125 = CARTESIAN_POINT ( 'NONE',  ( -1.162989160137945000, 6.637123764700425500, 1.897344154095916600 ) ) ;
#5126 = CARTESIAN_POINT ( 'NONE',  ( -1.795030698832911000, 7.750000000000000000, -2.105710309375911700 ) ) ;
#5127 = EDGE_CURVE ( 'NONE', #4051, #339, #4780, .T. ) ;
#5128 = CARTESIAN_POINT ( 'NONE',  ( -3.491293197629897500, 3.000261140742464000, 0.05161784839488398800 ) ) ;
#5129 = ORIENTED_EDGE ( 'NONE', *, *, #1051, .T. ) ;
#5130 = CARTESIAN_POINT ( 'NONE',  ( -2.299841650258516600, 7.949999999999998400, 0.02698858529335530400 ) ) ;
#5131 = CARTESIAN_POINT ( 'NONE',  ( -4.188155578049999900, 2.694222958124177000E-016, -2.200000000000000200 ) ) ;
#5132 = EDGE_CURVE ( 'NONE', #1014, #1168, #4667, .T. ) ;
#5133 = ORIENTED_EDGE ( 'NONE', *, *, #3453, .T. ) ;
#5134 = DIRECTION ( 'NONE',  ( 0.0000000000000000000, 0.0000000000000000000, 1.000000000000000000 ) ) ;
#5135 = CARTESIAN_POINT ( 'NONE',  ( -3.163758671842842300, -1.662344971393978900, 2.384775757294443500 ) ) ;
#5136 = CIRCLE ( 'NONE', #5577, 0.5000000000000000000 ) ;
#5137 = CARTESIAN_POINT ( 'NONE',  ( -2.680779144683999200, 0.0000000000000000000, 0.0000000000000000000 ) ) ;
#5138 = CARTESIAN_POINT ( 'NONE',  ( -1.817631856449511500, 0.6999999999999515500, 1.248921137385484000 ) ) ;
#5139 = ORIENTED_EDGE ( 'NONE', *, *, #3453, .F. ) ;
#5140 = CARTESIAN_POINT ( 'NONE',  ( -3.279474328545042300, 2.789865980813739800, -0.2463765750827537300 ) ) ;
#5141 = CARTESIAN_POINT ( 'NONE',  ( -3.283404517169889100, 2.989785859626464600, 0.2473925440076186200 ) ) ;
#5142 = DIRECTION ( 'NONE',  ( 1.000000000000000000, 0.0000000000000000000, 0.0000000000000000000 ) ) ;
#5143 = CARTESIAN_POINT ( 'NONE',  ( -2.984963386932279100, -1.545817261517335800, -2.571924941411746400 ) ) ;
#5144 = CARTESIAN_POINT ( 'NONE',  ( 1.901330806539750300, 6.599041254900170900, 1.119969436159130600 ) ) ;
#5145 = ORIENTED_EDGE ( 'NONE', *, *, #209, .T. ) ;
#5146 = CARTESIAN_POINT ( 'NONE',  ( -1.238155578050000200, 0.0000000000000000000, 0.0000000000000000000 ) ) ;
#5147 = CARTESIAN_POINT ( 'NONE',  ( -3.096514028779766100, 2.792925968295741200, 0.2058983931292079600 ) ) ;
#5148 = FACE_OUTER_BOUND ( 'NONE', #1024, .T. ) ;
#5149 = ORIENTED_EDGE ( 'NONE', *, *, #5218, .F. ) ;
#5150 = CARTESIAN_POINT ( 'NONE',  ( -0.6499999999998821200, 7.989302435085800600, -2.288970773790208700 ) ) ;
#5151 = EDGE_LOOP ( 'NONE', ( #821, #5350, #4391, #4045 ) ) ;
#5152 = VECTOR ( 'NONE', #860, 1000.000000000000000 ) ;
#5153 = ORIENTED_EDGE ( 'NONE', *, *, #5706, .F. ) ;
#5154 = CARTESIAN_POINT ( 'NONE',  ( 0.7425131889983767100, 14.70000000000000300, 2.344064572514616500 ) ) ;
#5155 = CARTESIAN_POINT ( 'NONE',  ( -3.385537350227766600, -1.574249868487608300, 2.317702530980466900 ) ) ;
#5156 = APPROVAL ( #4939, 'UNSPECIFIED' ) ;
#5157 = CARTESIAN_POINT ( 'NONE',  ( -1.895584152971359100, 0.6999999999999515500, 1.116584398513574600 ) ) ;
#5158 = CIRCLE ( 'NONE', #5822, 0.6599999999999000000 ) ;
#5159 = CARTESIAN_POINT ( 'NONE',  ( -1.289165533810308300, 6.637123764700425500, 1.807343421423037700 ) ) ;
#5160 = CARTESIAN_POINT ( 'NONE',  ( -3.091902411611323400, 2.993058846896952600, -0.2044703777653260300 ) ) ;
#5161 = CARTESIAN_POINT ( 'NONE',  ( -3.427764837497584000, 2.795493639817068700, 0.1654802530478851900 ) ) ;
#5162 = CARTESIAN_POINT ( 'NONE',  ( -3.388016134336897100, -1.404401790006338100, 2.422324779256244600 ) ) ;
#5163 = CARTESIAN_POINT ( 'NONE',  ( 0.4412688328706779700, 6.618082509800317800, 2.168905606476801800 ) ) ;
#5164 = DIRECTION ( 'NONE',  ( 0.0000000000000000000, 1.000000000000000000, -0.0000000000000000000 ) ) ;
#5165 = CARTESIAN_POINT ( 'NONE',  ( -0.4399259790608374700, 0.6811472723760443300, 2.162305269131664400 ) ) ;
#5166 = CARTESIAN_POINT ( 'NONE',  ( -3.427764837497584000, 2.795493639819920200, 0.1654802530478851900 ) ) ;
#5167 = CARTESIAN_POINT ( 'NONE',  ( -2.990026694950427300, -1.485567521064784100, 2.490064422584710200 ) ) ;
#5168 = B_SPLINE_CURVE_WITH_KNOTS ( 'NONE', 3,
 ( #2530, #3008, #197, #3448, #650, #3876, #1126, #4326, #1595, #4745 ),
 .UNSPECIFIED., .F., .F.,
 ( 4, 2, 2, 2, 4 ),
 ( 0.001564204574485422400, 0.001955163978270917200, 0.002346123382056412000, 0.002737082785841906800, 0.003128042189627401600 ),
 .UNSPECIFIED. ) ;
#5169 = CARTESIAN_POINT ( 'NONE',  ( 1.103999999999940400, 14.33219790544253400, 2.271315018279127100 ) ) ;
#5170 = LINE ( 'NONE', #2541, #5374 ) ;
#5171 = CARTESIAN_POINT ( 'NONE',  ( -8.180779144683999200, 8.082668874371306600E-017, -0.6599999999999000000 ) ) ;
#5172 = CARTESIAN_POINT ( 'NONE',  ( -0.5908833645791128400, 0.6811472723760443300, 2.131592641932979600 ) ) ;
#5173 = AXIS2_PLACEMENT_3D ( 'NONE', #5318, #2682, #5743 ) ;
#5174 = CARTESIAN_POINT ( 'NONE',  ( 0.5926870088626132700, 6.618082509800317800, 2.138099230396698100 ) ) ;
#5175 = CARTESIAN_POINT ( 'NONE',  ( -2.996271507499928400, 2.799343361247890200, -0.06788756228358947000 ) ) ;
#5176 = CARTESIAN_POINT ( 'NONE',  ( -3.488739452069638900, 3.000051695156487100, 0.004137376543308189100 ) ) ;
#5177 = DIRECTION ( 'NONE',  ( 0.0000000000000000000, 0.0000000000000000000, 1.000000000000000000 ) ) ;
#5178 = DIRECTION ( 'NONE',  ( 0.5075383629607123100, 0.0000000000000000000, -0.8616291604415209400 ) ) ;
#5179 = CARTESIAN_POINT ( 'NONE',  ( 0.7408625622025416500, 6.618082509800317800, 2.091379657887145100 ) ) ;
#5180 = CARTESIAN_POINT ( 'NONE',  ( -0.7386079952807183000, 0.6811472723760443300, 2.085015244785167500 ) ) ;
#5181 = CARTESIAN_POINT ( 'NONE',  ( 2.599871836915291600, 7.849999999999999600, -0.02581533681181700000 ) ) ;
#5182 = CARTESIAN_POINT ( 'NONE',  ( -3.094215372053871400, -1.675103673682959900, 2.488820633171022300 ) ) ;
#5183 = PERSON_AND_ORGANIZATION ( #4182, #5189 ) ;
#5184 = PERSON_AND_ORGANIZATION ( #4182, #5189 ) ;
#5185 = AXIS2_PLACEMENT_3D ( 'NONE', #264, #1670, #1696 ) ;
#5186 = CARTESIAN_POINT ( 'NONE',  ( 0.6201802678833674400, 7.749999999999792200, -2.482277404249104700 ) ) ;
#5187 = VERTEX_POINT ( 'NONE', #706 ) ;
#5188 = PRODUCT_DEFINITION ( 'UNKNOWN', '', #816, #3168 ) ;
#5189 = ORGANIZATION ( 'UNSPECIFIED', 'UNSPECIFIED', '' ) ;
#5190 = DIRECTION ( 'NONE',  ( 0.0000000000000000000, 0.0000000000000000000, 1.000000000000000000 ) ) ;
#5191 = ORIENTED_EDGE ( 'NONE', *, *, #1757, .F. ) ;
#5192 = CARTESIAN_POINT ( 'NONE',  ( -0.8798810854881337100, 0.6811472723760443300, 2.023587956914010300 ) ) ;
#5193 = CARTESIAN_POINT ( 'NONE',  ( 0.8825668820177606800, 6.618082509800317800, 2.029764866046065200 ) ) ;
#5194 = PLANE ( 'NONE',  #3932 ) ;
#5195 = EDGE_CURVE ( 'NONE', #3437, #5655, #4439, .T. ) ;
#5196 = ORIENTED_EDGE ( 'NONE', *, *, #2534, .F. ) ;
#5197 = CARTESIAN_POINT ( 'NONE',  ( -3.021167915897398100, -1.570108203462536000, 2.440930267937496900 ) ) ;
#5198 = CARTESIAN_POINT ( 'NONE',  ( -1.021154175695549600, 0.6811472723760443300, 1.962160669042853000 ) ) ;
#5199 = EDGE_CURVE ( 'NONE', #1676, #5805, #4564, .T. ) ;
#5200 = EDGE_LOOP ( 'NONE', ( #3764, #1470, #1539, #241 ) ) ;
#5201 = CARTESIAN_POINT ( 'NONE',  ( -3.487794584502677400, -1.411615740768940900, -2.418130067817993600 ) ) ;
#5202 = CARTESIAN_POINT ( 'NONE',  ( -3.254640226294444300, -1.661926214942770900, 2.376269905401984200 ) ) ;
#5203 = ORIENTED_EDGE ( 'NONE', *, *, #5522, .F. ) ;
#5204 = CARTESIAN_POINT ( 'NONE',  ( -2.399924400003736700, 7.991421356237305300, -0.01904925895414268100 ) ) ;
#5205 = EDGE_LOOP ( 'NONE', ( #5262, #2785, #3547, #1352, #4638 ) ) ;
#5206 = ORIENTED_EDGE ( 'NONE', *, *, #755, .T. ) ;
#5207 = EDGE_CURVE ( 'NONE', #2797, #5187, #4850, .T. ) ;
#5208 = DIRECTION ( 'NONE',  ( 0.0000000000000000000, 1.000000000000000000, 0.0000000000000000000 ) ) ;
#5209 = CARTESIAN_POINT ( 'NONE',  ( 0.6499999999999995800, 7.750000000000021300, -2.425907155252484200 ) ) ;
#5210 = DIRECTION ( 'NONE',  ( -1.000000000000000000, 0.0000000000000000000, 0.0000000000000000000 ) ) ;
#5211 = DIRECTION ( 'NONE',  ( 0.0000000000000000000, 1.000000000000000000, 0.0000000000000000000 ) ) ;
#5212 = VERTEX_POINT ( 'NONE', #5701 ) ;
#5213 = CARTESIAN_POINT ( 'NONE',  ( -1.155966683390721000, 0.6811472723760443300, 1.885887422029695300 ) ) ;
#5214 = DIRECTION ( 'NONE',  ( 0.0000000000000000000, 0.2300000000004466800, 0.9731906288080431900 ) ) ;
#5215 = AXIS2_PLACEMENT_3D ( 'NONE', #4263, #3811, #1058 ) ;
#5216 = VERTEX_POINT ( 'NONE', #747 ) ;
#5217 = CARTESIAN_POINT ( 'NONE',  ( -0.6499999999999790400, 7.849999999999999600, -2.517439175034826600 ) ) ;
#5218 = EDGE_CURVE ( 'NONE', #2150, #5808, #4703, .T. ) ;
#5219 = CARTESIAN_POINT ( 'NONE',  ( -3.089092386038445200, -1.417583692061241000, 2.414668685564947300 ) ) ;
#5220 = DIRECTION ( 'NONE',  ( -1.000000000000000000, 0.0000000000000000000, 0.0000000000000000000 ) ) ;
#5221 = DIRECTION ( 'NONE',  ( -1.000000000000000000, 0.0000000000000000000, 0.0000000000000000000 ) ) ;
#5222 = ORIENTED_EDGE ( 'NONE', *, *, #3351, .T. ) ;
#5223 = ORIENTED_EDGE ( 'NONE', *, *, #2200, .F. ) ;
#5224 = CARTESIAN_POINT ( 'NONE',  ( -3.486677598512818700, -1.471124104233358700, 2.614608971265433500 ) ) ;
#5225 = CARTESIAN_POINT ( 'NONE',  ( -3.487794584502676100, -1.511617296624214100, -2.591337843395250800 ) ) ;
#5226 = CARTESIAN_POINT ( 'NONE',  ( -3.426073581194716100, -1.640526833339920100, 2.511710642396111700 ) ) ;
#5227 = EDGE_LOOP ( 'NONE', ( #305, #4023, #3293, #2320 ) ) ;
#5228 = ORIENTED_EDGE ( 'NONE', *, *, #5006, .T. ) ;
#5229 = DIRECTION ( 'NONE',  ( -0.0000000000000000000, 1.000000000000000000, -0.0000000000000000000 ) ) ;
#5230 = CIRCLE ( 'NONE', #1209, 2.400000000000040300 ) ;
#5231 = CARTESIAN_POINT ( 'NONE',  ( 0.6499999999951157100, 7.820192406587819000, -2.513430492513095200 ) ) ;
#5232 = CARTESIAN_POINT ( 'NONE',  ( -3.382095784162600300, -1.675103673619099000, -2.488820633214081600 ) ) ;
#5233 = CC_DESIGN_PERSON_AND_ORGANIZATION_ASSIGNMENT ( #3342, #5432, ( #4932 ) ) ;
#5234 = ORIENTED_EDGE ( 'NONE', *, *, #5782, .T. ) ;
#5235 = AXIS2_PLACEMENT_3D ( 'NONE', #2776, #2673, #2649 ) ;
#5236 = CIRCLE ( 'NONE', #575, 0.6599999999999000000 ) ;
#5237 = DIRECTION ( 'NONE',  ( 0.0000000000000000000, 0.0000000000000000000, 1.000000000000000000 ) ) ;
#5238 = DIRECTION ( 'NONE',  ( 0.0000000000000000000, 0.0000000000000000000, 1.000000000000000000 ) ) ;
#5239 = ORIENTED_EDGE ( 'NONE', *, *, #1153, .F. ) ;
#5240 = VECTOR ( 'NONE', #4354, 1000.000000000000000 ) ;
#5241 = CARTESIAN_POINT ( 'NONE',  ( -1.281381166341714100, 0.6811472723760443300, 1.796430140726865000 ) ) ;
#5242 = CYLINDRICAL_SURFACE ( 'NONE', #3782, 0.6599999999999000000 ) ;
#5243 = CARTESIAN_POINT ( 'NONE',  ( -3.424521907452795100, -1.301007429310765400, 2.591404508680603200 ) ) ;
#5244 = EDGE_CURVE ( 'NONE', #5400, #3636, #4311, .T. ) ;
#5245 = ADVANCED_FACE ( 'NONE', ( #4165 ), #3753, .F. ) ;
#5246 = CARTESIAN_POINT ( 'NONE',  ( -3.487804836537518000, -1.460144803004633100, 2.504894022440058000 ) ) ;
#5247 = VERTEX_POINT ( 'NONE', #4861 ) ;
#5248 = CARTESIAN_POINT ( 'NONE',  ( -3.378391219652358700, -1.208606086921564200, 2.528223150148611400 ) ) ;
#5249 = CARTESIAN_POINT ( 'NONE',  ( 0.0000000000000000000, 9.250000000000000000, 0.0000000000000000000 ) ) ;
#5250 = LINE ( 'NONE', #2263, #5152 ) ;
#5251 = DIRECTION ( 'NONE',  ( -1.000000000000000000, 0.0000000000000000000, 0.0000000000000000000 ) ) ;
#5252 = AXIS2_PLACEMENT_3D ( 'NONE', #112, #3369, #569 ) ;
#5253 = SHAPE_DEFINITION_REPRESENTATION ( #2129, #2990 ) ;
#5254 = CARTESIAN_POINT ( 'NONE',  ( -7.238155578050000600, 0.7852436530778412700, -2.921918030004947200 ) ) ;
#5255 = CARTESIAN_POINT ( 'NONE',  ( 0.4459110769737068500, 14.11106910908727100, 2.380135447016392900 ) ) ;
#5256 = DIRECTION ( 'NONE',  ( 0.0000000000000000000, 0.0000000000000000000, -1.000000000000000000 ) ) ;
#5257 = DIRECTION ( 'NONE',  ( -1.000000000000000000, 0.0000000000000000000, 0.0000000000000000000 ) ) ;
#5258 = SHAPE_DEFINITION_REPRESENTATION ( #1339, #3032 ) ;
#5259 = CARTESIAN_POINT ( 'NONE',  ( -3.091610341579153200, -1.428153337111878400, 2.408438452902888400 ) ) ;
#5260 = CARTESIAN_POINT ( 'NONE',  ( -2.211943318495731300, 7.849999999999998800, -1.004845996660079800 ) ) ;
#5261 = CARTESIAN_POINT ( 'NONE',  ( -3.248921854564911000, -1.276994336497629500, 2.714646986713352000 ) ) ;
#5262 = ORIENTED_EDGE ( 'NONE', *, *, #4351, .F. ) ;
#5263 = CARTESIAN_POINT ( 'NONE',  ( -2.158368750262809500, 7.693662010242654500, 1.070687881640808700 ) ) ;
#5264 = CARTESIAN_POINT ( 'NONE',  ( -3.167772225001423500, -1.286702140948706500, 2.487077115764828600 ) ) ;
#5265 = DIRECTION ( 'NONE',  ( 0.0000000000000000000, 0.0000000000000000000, 1.000000000000000000 ) ) ;
#5266 = EDGE_LOOP ( 'NONE', ( #4116, #867, #4870, #2515 ) ) ;
#5267 = AXIS2_PLACEMENT_3D ( 'NONE', #3717, #3685, #3651 ) ;
#5268 = AXIS2_PLACEMENT_3D ( 'NONE', #3156, #333, #3584 ) ;
#5269 = ORIENTED_EDGE ( 'NONE', *, *, #627, .F. ) ;
#5270 = DIRECTION ( 'NONE',  ( 0.0000000000000000000, 0.0000000000000000000, 1.000000000000000000 ) ) ;
#5271 = SECURITY_CLASSIFICATION ( '', '', #4613 ) ;
#5272 = ORIENTED_EDGE ( 'NONE', *, *, #3551, .F. ) ;
#5273 = ADVANCED_FACE ( 'NONE', ( #4242 ), #3624, .T. ) ;
#5274 = ORIENTED_EDGE ( 'NONE', *, *, #4805, .F. ) ;
#5275 = CARTESIAN_POINT ( 'NONE',  ( -7.238155578050000600, 0.7852436530778407200, 2.921918030004946800 ) ) ;
#5276 = EDGE_LOOP ( 'NONE', ( #1195, #4739, #5592, #675 ) ) ;
#5277 = CIRCLE ( 'NONE', #4998, 0.5000000000000000000 ) ;
#5278 = DIRECTION ( 'NONE',  ( 0.0000000000000000000, 0.5014672633349528400, -0.8651766200050444700 ) ) ;
#5279 = ORIENTED_EDGE ( 'NONE', *, *, #2238, .T. ) ;
#5280 = CARTESIAN_POINT ( 'NONE',  ( -1.406795649292706700, 0.6811472723760443300, 1.706972859424034500 ) ) ;
#5281 = CARTESIAN_POINT ( 'NONE',  ( -2.299841650258516600, 7.949999999999998400, 0.02698858529335472500 ) ) ;
#5282 = CARTESIAN_POINT ( 'NONE',  ( -3.090231238797475700, -1.270258311214642200, 2.606660696170710200 ) ) ;
#5283 = EDGE_LOOP ( 'NONE', ( #5451, #896 ) ) ;
#5284 = B_SPLINE_CURVE_WITH_KNOTS ( 'NONE', 3,
 ( #122, #2443, #60, #27 ),
 .UNSPECIFIED., .F., .F.,
 ( 4, 4 ),
 ( 0.0000000000000000000, 1.000000000000000000 ),
 .UNSPECIFIED. ) ;
#5285 = CIRCLE ( 'NONE', #4221, 0.4499999999997873500 ) ;
#5286 = ORIENTED_EDGE ( 'NONE', *, *, #5490, .F. ) ;
#5287 = EDGE_LOOP ( 'NONE', ( #5047, #3013, #2864, #3344, #3151 ) ) ;
#5288 = CARTESIAN_POINT ( 'NONE',  ( -1.723258320883162200, 0.6999999999998960400, 1.015076725921295400 ) ) ;
#5289 = AXIS2_PLACEMENT_3D ( 'NONE', #674, #5674, #5134 ) ;
#5290 = VERTEX_POINT ( 'NONE', #1702 ) ;
#5291 = ORIENTED_EDGE ( 'NONE', *, *, #4896, .T. ) ;
#5292 = CYLINDRICAL_SURFACE ( 'NONE', #3348, 2.200000000000000200 ) ;
#5293 = VERTEX_POINT ( 'NONE', #3138 ) ;
#5294 = ORIENTED_EDGE ( 'NONE', *, *, #3626, .T. ) ;
#5295 = CARTESIAN_POINT ( 'NONE',  ( -1.573240936693389300, 5.131106971347104900, 0.9267097333880627300 ) ) ;
#5296 = DIRECTION ( 'NONE',  ( -1.000000000000000000, 0.0000000000000000000, 0.0000000000000000000 ) ) ;
#5297 = FACE_OUTER_BOUND ( 'NONE', #2578, .T. ) ;
#5298 = CARTESIAN_POINT ( 'NONE',  ( 1.074402454204138600, 14.19999999999999900, 2.146080000000028900 ) ) ;
#5299 = CARTESIAN_POINT ( 'NONE',  ( -2.991438737155931400, -1.465866400987025300, 2.617490088446214900 ) ) ;
#5300 = ORIENTED_EDGE ( 'NONE', *, *, #4826, .T. ) ;
#5301 = ADVANCED_FACE ( 'NONE', ( #4098 ), #4145, .T. ) ;
#5302 = CARTESIAN_POINT ( 'NONE',  ( -3.178413922589002500, -1.282704621720921900, 2.489159813609533000 ) ) ;
#5303 = CARTESIAN_POINT ( 'NONE',  ( -3.445591934905211800, -1.275195264852388800, -2.493154363004581200 ) ) ;
#5304 = DIRECTION ( 'NONE',  ( -1.000000000000000000, 0.0000000000000000000, 0.0000000000000000000 ) ) ;
#5305 = CARTESIAN_POINT ( 'NONE',  ( -1.431177936956758500, 6.580000000000032000, 1.510930821591790300 ) ) ;
#5306 = EDGE_CURVE ( 'NONE', #2566, #162, #3427, .T. ) ;
#5307 = ORIENTED_EDGE ( 'NONE', *, *, #1462, .T. ) ;
#5308 = CARTESIAN_POINT ( 'NONE',  ( -15.23815557805000000, 0.0000000000000000000, 0.0000000000000000000 ) ) ;
#5309 = CARTESIAN_POINT ( 'NONE',  ( -3.290258605306517900, -1.275344505930514000, 2.715420686431645700 ) ) ;
#5310 = CARTESIAN_POINT ( 'NONE',  ( 0.0000000000000000000, 0.6999999999999988500, 0.0000000000000000000 ) ) ;
#5311 = EDGE_CURVE ( 'NONE', #814, #4522, #4068, .T. ) ;
#5312 = CYLINDRICAL_SURFACE ( 'NONE', #279, 2.399999999999999900 ) ;
#5313 = CARTESIAN_POINT ( 'NONE',  ( -1.588155578050000100, 0.0000000000000000000, 0.0000000000000000000 ) ) ;
#5314 = CARTESIAN_POINT ( 'NONE',  ( -1.522804080492980800, 0.6811472723760443300, 1.604337269439653200 ) ) ;
#5315 = DIRECTION ( 'NONE',  ( 0.0000000000000000000, 0.0000000000000000000, 1.000000000000000000 ) ) ;
#5316 = EDGE_CURVE ( 'NONE', #2222, #4338, #3286, .T. ) ;
#5317 = EDGE_CURVE ( 'NONE', #4691, #5413, #1025, .T. ) ;
#5318 = CARTESIAN_POINT ( 'NONE',  ( -6.238155578049998900, 0.0000000000000000000, 0.0000000000000000000 ) ) ;
#5319 = DIRECTION ( 'NONE',  ( 1.000000000000000000, -0.0000000000000000000, -0.0000000000000000000 ) ) ;
#5320 = SHAPE_DEFINITION_REPRESENTATION ( #3940, #4911 ) ;
#5321 = SHAPE_DEFINITION_REPRESENTATION ( #547, #979 ) ;
#5322 = ADVANCED_FACE ( 'NONE', ( #3563 ), #4012, .T. ) ;
#5323 = EDGE_LOOP ( 'NONE', ( #5397, #3210 ) ) ;
#5324 = CARTESIAN_POINT ( 'NONE',  ( -0.6499999999999356300, 7.755962475264665200, -2.451039906753584000 ) ) ;
#5325 = CARTESIAN_POINT ( 'NONE',  ( -17.68077914467999500, 0.9999999999999998900, -0.5000000000000000000 ) ) ;
#5326 = VERTEX_POINT ( 'NONE', #2448 ) ;
#5327 = CARTESIAN_POINT ( 'NONE',  ( 0.0000000000000000000, 0.0000000000000000000, 0.0000000000000000000 ) ) ;
#5328 = CARTESIAN_POINT ( 'NONE',  ( 1.024271201832979800, 6.618082509800317800, 1.968150074204985600 ) ) ;
#5329 = CARTESIAN_POINT ( 'NONE',  ( -3.095539257415180800, -1.438164126638884500, 2.402460099253021800 ) ) ;
#5330 = ORIENTED_EDGE ( 'NONE', *, *, #3359, .F. ) ;
#5331 = CARTESIAN_POINT ( 'NONE',  ( 0.0000000000000000000, 7.950000000000002000, 0.0000000000000000000 ) ) ;
#5332 = VERTEX_POINT ( 'NONE', #4266 ) ;
#5333 = CIRCLE ( 'NONE', #406, 2.200000000000000200 ) ;
#5334 = CC_DESIGN_PERSON_AND_ORGANIZATION_ASSIGNMENT ( #4073, #881, ( #4156 ) ) ;
#5335 = EDGE_CURVE ( 'NONE', #4368, #2661, #2793, .T. ) ;
#5336 = CARTESIAN_POINT ( 'NONE',  ( -3.356994986764183100, -1.586254984184131400, -2.308033345574998800 ) ) ;
#5337 = VERTEX_POINT ( 'NONE', #1538 ) ;
#5338 = CARTESIAN_POINT ( 'NONE',  ( -2.988543345713189600, -1.488561698311245100, -2.604646630601477900 ) ) ;
#5339 = EDGE_LOOP ( 'NONE', ( #4836, #4909, #737, #2521 ) ) ;
#5340 = CARTESIAN_POINT ( 'NONE',  ( -2.238155578050000200, 3.177958443786157100E-016, -2.594999999999000100 ) ) ;
#5341 = ORIENTED_EDGE ( 'NONE', *, *, #2763, .F. ) ;
#5342 = VECTOR ( 'NONE', #2407, 1000.000000000000000 ) ;
#5343 = ORIENTED_EDGE ( 'NONE', *, *, #4317, .F. ) ;
#5344 = DIRECTION ( 'NONE',  ( -4.477529458313256300E-013, 0.0000000000000000000, 1.000000000000000200 ) ) ;
#5345 = EDGE_CURVE ( 'NONE', #558, #4314, #3015, .T. ) ;
#5346 = CARTESIAN_POINT ( 'NONE',  ( -1.626878741477134200, 0.6811472723760443300, 1.490759707161745100 ) ) ;
#5347 = B_SPLINE_SURFACE_WITH_KNOTS ( 'NONE', 3, 3, ( 
 ( #1386, #1298, #1030, #950, #868, #849, #3537, #831, #2538, #649, #271, #37, #5837 ),
 ( #5800, #5786, #5737, #5704, #5662, #5630, #5616, #5605, #5527, #5491, #5450, #5435, #5422 ),
 ( #5398, #5380, #5363, #5346, #5314, #5280, #5241, #5213, #5198, #5192, #5180, #5172, #5165 ),
 ( #5157, #5138, #5114, #5095, #5072, #5048, #5032, #5017, #3026, #2014, #3052, #4999, #4945 ),
 ( #4922, #4902, #4886, #4822, #4760, #4743, #4734, #4724, #4713, #4692, #4670, #4656, #4600 ),
 ( #4543, #4513, #4490, #4444, #4409, #4389, #4374, #4356, #4340, #4313, #4301, #4272, #4252 ),
 ( #4210, #4154, #4122, #4096, #4074, #4060, #4041, #4026, #4007, #3996, #3936, #3917, #3894 ),
 ( #3886, #3875, #3865, #3857, #3848, #3822, #3785, #3740, #3708, #3672, #3620, #3586, #3501 ),
 ( #3481, #3456, #3446, #3400, #3377, #3320, #3252, #3215, #3195, #3158, #3142, #3126, #3108 ),
 ( #3091, #3017, #3007, #2995, #2984, #2976, #2955, #2932, #2911, #2893, #2872, #2855, #2836 ),
 ( #2817, #2773, #2757, #2714, #2695, #2677, #2653, #2631, #2614, #2591, #2569, #2562, #2528 ),
 ( #2516, #2502, #2451, #2434, #2413, #2389, #2370, #2350, #2332, #2269, #2188, #2147, #2125 ),
 ( #2075, #2059, #2036, #2004, #1931, #1880, #1860, #1844, #1803, #1782, #1762, #1720, #1706 ),
 ( #1686, #1664, #1644, #1603, #1587, #1578, #1548, #1505, #1463, #1442, #1428, #1406, #1343 ),
 ( #1317, #1277, #1262, #1239, #1218, #1183, #1164, #1146, #1125, #1114, #1071, #1007, #986 ),
 ( #966, #925, #906, #887, #808, #787, #752, #728, #712, #692, #673, #662, #639 ),
 ( #617, #597, #577, #553, #534, #511, #487, #469, #453, #415, #394, #373, #353 ),
 ( #335, #324, #257, #236, #216, #204, #195, #183, #175, #164, #139, #116, #99 ),
 ( #75, #24, #5735, #1469, #5379, #5534, #5159, #5125, #4982, #4741, #4530, #4542, #4292 ) ),
 .UNSPECIFIED., .F., .F., .F.,
 ( 4, 3, 3, 3, 3, 3, 4 ),
 ( 4, 3, 3, 3, 4 ),
 ( 2.797941856975965100, 2.804680107889961700, 2.973136380739875400, 3.141592653589789600, 3.310048926439703700, 3.478505199289617400, 3.485310832712754000 ),
 ( 2.303834612632533300, 2.513274122871848300, 2.722713633111163200, 2.932153143350478600, 3.141592653589793600 ),
 .UNSPECIFIED. ) ;
#5348 = CARTESIAN_POINT ( 'NONE',  ( 0.6500000000000001300, 7.849999999999999600, -2.101784955698354600 ) ) ;
#5349 = CARTESIAN_POINT ( 'NONE',  ( -17.68077914467999500, 0.0000000000000000000, -0.5000000000000000000 ) ) ;
#5350 = ORIENTED_EDGE ( 'NONE', *, *, #5673, .T. ) ;
#5351 = LINE ( 'NONE', #1816, #4601 ) ;
#5352 = ADVANCED_FACE ( 'NONE', ( #2647 ), #2422, .T. ) ;
#5353 = ORIENTED_EDGE ( 'NONE', *, *, #526, .F. ) ;
#5354 = CARTESIAN_POINT ( 'NONE',  ( -1.238155578050000000, 1.104000000004037100, 2.271315018279005400 ) ) ;
#5355 = EDGE_LOOP ( 'NONE', ( #1838, #2067 ) ) ;
#5356 = CARTESIAN_POINT ( 'NONE',  ( -3.031920254981208100, -1.522995856568136700, -2.349952230647842200 ) ) ;
#5357 = ORIENTED_EDGE ( 'NONE', *, *, #1147, .F. ) ;
#5358 = ORIENTED_EDGE ( 'NONE', *, *, #3715, .F. ) ;
#5359 = CARTESIAN_POINT ( 'NONE',  ( -3.006703459583845600, -1.480454001124430000, -2.376729261596445900 ) ) ;
#5360 = CARTESIAN_POINT ( 'NONE',  ( -1.709661685564106200, 7.991421356237304400, -2.021065665507976000 ) ) ;
#5361 = ORIENTED_EDGE ( 'NONE', *, *, #1990, .T. ) ;
#5362 = CARTESIAN_POINT ( 'NONE',  ( 1.159495218505091100, 6.618082509800317800, 1.891644006614695600 ) ) ;
#5363 = CARTESIAN_POINT ( 'NONE',  ( -1.730953402461287800, 0.6811472723760443300, 1.377182144883837100 ) ) ;
#5364 = CARTESIAN_POINT ( 'NONE',  ( 2.408916890092225800, 7.991421356237305300, -1.113871262106983700 ) ) ;
#5365 = CARTESIAN_POINT ( 'NONE',  ( -17.68077914467999900, 6.123233995736752500E-017, 0.5000000000000000000 ) ) ;
#5366 = AXIS2_PLACEMENT_3D ( 'NONE', #1929, #1913, #1776 ) ;
#5367 = AXIS2_PLACEMENT_3D ( 'NONE', #4782, #689, #2102 ) ;
#5368 = ORIENTED_EDGE ( 'NONE', *, *, #5132, .F. ) ;
#5369 = CC_DESIGN_PERSON_AND_ORGANIZATION_ASSIGNMENT ( #2176, #3300, ( #4478 ) ) ;
#5370 = CARTESIAN_POINT ( 'NONE',  ( -0.6500000000008026000, 7.871804112964809100, -2.103682888149162300 ) ) ;
#5371 = ORIENTED_EDGE ( 'NONE', *, *, #1381, .T. ) ;
#5372 = B_SPLINE_SURFACE_WITH_KNOTS ( 'NONE', 3, 1, ( 
 ( #2819, #2701 ),
 ( #4849, #5627 ),
 ( #4769, #4907 ),
 ( #4757, #2838 ),
 ( #4587, #3002 ),
 ( #4159, #2859 ),
 ( #3871, #3943 ),
 ( #3745, #3808 ),
 ( #3677, #3254 ),
 ( #3791, #2981 ),
 ( #3606, #2658 ),
 ( #2961, #5778 ),
 ( #2878, #2681 ),
 ( #2898, #2080 ),
 ( #1808, #2273 ),
 ( #2253, #2194 ),
 ( #2171, #2312 ),
 ( #104, #2100 ),
 ( #2373, #2587 ),
 ( #2565, #2031 ),
 ( #3964, #2620 ),
 ( #3770, #418 ),
 ( #560, #5708 ),
 ( #5530, #5303 ),
 ( #5382, #5452 ),
 ( #5648, #5671 ),
 ( #2234, #357 ),
 ( #3087, #222 ),
 ( #1144, #1767 ),
 ( #1191, #1861 ),
 ( #1830, #3197 ),
 ( #3527, #3289 ),
 ( #3145, #3577 ),
 ( #3709, #3926 ) ),
 .UNSPECIFIED., .F., .F., .F.,
 ( 4, 3, 3, 3, 3, 3, 3, 3, 3, 3, 3, 4 ),
 ( 2, 2 ),
 ( 0.4999999995994225400, 0.5384148222055339400, 0.5906190727315346900, 0.6457700782736115500, 0.6981573959730590400, 0.7528990905605417200, 0.8059682131084606700, 0.8593831291913716100, 0.9140636652141525000, 0.9665116997961408200, 1.000000000000000000, 1.003000070952323900 ),
 ( 0.0000000000000000000, 1.000000000000000000 ),
 .UNSPECIFIED. ) ;
#5373 = CARTESIAN_POINT ( 'NONE',  ( -3.006703459583844200, -1.580455556979703200, -2.549937037173703100 ) ) ;
#5374 = VECTOR ( 'NONE', #5623, 1000.000000000000000 ) ;
#5375 = ADVANCED_FACE ( 'NONE', ( #2940 ), #914, .F. ) ;
#5376 = CARTESIAN_POINT ( 'NONE',  ( -15.03815557810020000, 0.0000000000000000000, 1.804999999999000100 ) ) ;
#5377 = EDGE_CURVE ( 'NONE', #4995, #5655, #4040, .T. ) ;
#5378 = PERSON_AND_ORGANIZATION_ROLE ( 'creator' ) ;
#5379 = CARTESIAN_POINT ( 'NONE',  ( -1.532055087809620400, 6.637123764700425500, 1.614083589408233500 ) ) ;
#5380 = CARTESIAN_POINT ( 'NONE',  ( -1.823087632052997800, 0.6811472723760443300, 1.252669879710751200 ) ) ;
#5381 = EDGE_CURVE ( 'NONE', #3278, #425, #3821, .T. ) ;
#5382 = CARTESIAN_POINT ( 'NONE',  ( -3.458821134815670600, -1.397489686389005800, -2.654626382841449600 ) ) ;
#5383 = CARTESIAN_POINT ( 'NONE',  ( -3.221670929944791400, -1.712228489956904700, -2.463396001442347900 ) ) ;
#5384 = CARTESIAN_POINT ( 'NONE',  ( -3.369561990281099400, -1.337872192665228400, 2.459807522954148100 ) ) ;
#5385 = DIRECTION ( 'NONE',  ( -0.0000000000000000000, 0.0000000000000000000, -1.000000000000000000 ) ) ;
#5386 = ORIENTED_EDGE ( 'NONE', *, *, #4448, .F. ) ;
#5387 = CARTESIAN_POINT ( 'NONE',  ( -0.6499999999999996900, 7.950000000000000200, -2.206241147291000200 ) ) ;
#5388 = CARTESIAN_POINT ( 'NONE',  ( -3.017106866605396000, -1.602385352559357200, -2.536344909489460800 ) ) ;
#5389 = AXIS2_PLACEMENT_3D ( 'NONE', #4453, #1731, #4898 ) ;
#5390 = ORIENTED_EDGE ( 'NONE', *, *, #2970, .T. ) ;
#5391 = EDGE_CURVE ( 'NONE', #347, #4628, #2197, .T. ) ;
#5392 = CARTESIAN_POINT ( 'NONE',  ( -2.149999999999965700, 6.580000000000000100, 1.066536450385107400 ) ) ;
#5393 = PRODUCT_DEFINITION_SHAPE ( 'NONE', 'NONE',  #5848 ) ;
#5394 = APPROVAL_ROLE ( '' ) ;
#5395 = ADVANCED_FACE ( 'NONE', ( #2121, #2579 ), #1810, .T. ) ;
#5396 = CARTESIAN_POINT ( 'NONE',  ( 1.285292523394901100, 6.618082509800317800, 1.801913661076668200 ) ) ;
#5397 = ORIENTED_EDGE ( 'NONE', *, *, #3647, .T. ) ;
#5398 = CARTESIAN_POINT ( 'NONE',  ( -1.901273908979673100, 0.6811472723760443300, 1.119935920934920900 ) ) ;
#5399 = DIRECTION ( 'NONE',  ( 0.0000000000000000000, 1.000000000000000000, 0.0000000000000000000 ) ) ;
#5400 = VERTEX_POINT ( 'NONE', #4377 ) ;
#5401 = CIRCLE ( 'NONE', #924, 2.399999999999999900 ) ;
#5402 = ADVANCED_FACE ( 'NONE', ( #2341, #2038 ), #3657, .T. ) ;
#5403 = CARTESIAN_POINT ( 'NONE',  ( 0.0000000000000000000, 6.580000000000000100, 0.0000000000000000000 ) ) ;
#5404 = DIRECTION ( 'NONE',  ( 1.000000000000000000, 0.0000000000000000000, 0.0000000000000000000 ) ) ;
#5405 = DIRECTION ( 'NONE',  ( 1.000000000000000000, -0.0000000000000000000, -0.0000000000000000000 ) ) ;
#5406 = EDGE_CURVE ( 'NONE', #5690, #2728, #545, .T. ) ;
#5407 = ORIENTED_EDGE ( 'NONE', *, *, #5475, .F. ) ;
#5408 = EDGE_LOOP ( 'NONE', ( #3633, #5145 ) ) ;
#5409 = AXIS2_PLACEMENT_3D ( 'NONE', #2123, #1266, #1449 ) ;
#5410 = DIRECTION ( 'NONE',  ( 0.0000000000000000000, 0.0000000000000000000, 1.000000000000000000 ) ) ;
#5411 = VERTEX_POINT ( 'NONE', #2296 ) ;
#5412 = EDGE_CURVE ( 'NONE', #5565, #4691, #1951, .T. ) ;
#5413 = VERTEX_POINT ( 'NONE', #473 ) ;
#5414 = ORIENTED_EDGE ( 'NONE', *, *, #4593, .T. ) ;
#5415 = CARTESIAN_POINT ( 'NONE',  ( -3.299702036384083700, -1.231535502367756100, 2.633405417225586300 ) ) ;
#5416 = EDGE_LOOP ( 'NONE', ( #804, #5361, #3619, #2668, #4518, #4921, #4706, #779, #321, #411, #1451, #2202, #2032, #670 ) ) ;
#5417 = MECHANICAL_CONTEXT ( 'NONE', #1759, 'mechanical' ) ;
#5418 = EDGE_CURVE ( 'NONE', #3974, #4152, #1881, .T. ) ;
#5419 = VERTEX_POINT ( 'NONE', #5036 ) ;
#5420 = ORIENTED_EDGE ( 'NONE', *, *, #5377, .T. ) ;
#5421 = CARTESIAN_POINT ( 'NONE',  ( 1.411089828284710200, 6.618082509800317800, 1.712183315538641200 ) ) ;
#5422 = CARTESIAN_POINT ( 'NONE',  ( -0.4412425024038196800, 0.6622945447521372300, 2.168776188097492500 ) ) ;
#5423 = CARTESIAN_POINT ( 'NONE',  ( -0.4999999999999880700, 13.85000000000000000, 2.574937185533140200 ) ) ;
#5424 = CARTESIAN_POINT ( 'NONE',  ( -2.999085936548897100, -1.336849340528024600, -2.460321826762611700 ) ) ;
#5425 = CARTESIAN_POINT ( 'NONE',  ( 2.399924400003737200, 8.050000000000000700, 0.01904925895414238300 ) ) ;
#5426 = CARTESIAN_POINT ( 'NONE',  ( -0.6500000000000001300, 9.250000000000000000, -2.310303010429791900 ) ) ;
#5427 = ADVANCED_FACE ( 'NONE', ( #1815 ), #1387, .F. ) ;
#5428 = AXIS2_PLACEMENT_3D ( 'NONE', #2463, #5560, #2944 ) ;
#5429 = VECTOR ( 'NONE', #666, 1000.000000000000100 ) ;
#5430 = CARTESIAN_POINT ( 'NONE',  ( -2.988085343740285400, -1.395885738842501200, -2.427253639654716600 ) ) ;
#5431 = FACE_OUTER_BOUND ( 'NONE', #5287, .T. ) ;
#5432 = PERSON_AND_ORGANIZATION_ROLE ( 'classification_officer' ) ;
#5433 = CARTESIAN_POINT ( 'NONE',  ( -2.680779144684000100, 0.0000000000000000000, 0.5000000000000000000 ) ) ;
#5434 = ORIENTED_EDGE ( 'NONE', *, *, #1282, .T. ) ;
#5435 = CARTESIAN_POINT ( 'NONE',  ( -0.5926516432884289000, 0.6622945447521372300, 2.137971650230750000 ) ) ;
#5436 = FACE_BOUND ( 'NONE', #2766, .T. ) ;
#5437 = FACE_BOUND ( 'NONE', #2738, .T. ) ;
#5438 = CC_DESIGN_APPROVAL ( #5156, ( #4851 ) ) ;
#5439 = CARTESIAN_POINT ( 'NONE',  ( -3.283404517170168900, -1.180643146141845000, -2.539719002741069400 ) ) ;
#5440 = FACE_OUTER_BOUND ( 'NONE', #2805, .T. ) ;
#5441 = CARTESIAN_POINT ( 'NONE',  ( 0.0000000000000000000, 8.050000000000000700, 0.0000000000000000000 ) ) ;
#5442 = B_SPLINE_CURVE_WITH_KNOTS ( 'NONE', 3,
 ( #3392, #5538, #4267, #1540, #4682, #1996, #5150, #2484, #5576, #2968, #153, #3411, #610, #3838, #1085, #4286 ),
 .UNSPECIFIED., .F., .F.,
 ( 4, 3, 3, 3, 3, 4 ),
 ( 3.522172224755355900E-017, 3.263710737046890600E-005, 6.524153408849644600E-005, 9.835553259514453000E-005, 0.0001326631705531944700, 0.0001594296871930554100 ),
 .UNSPECIFIED. ) ;
#5443 = DIRECTION ( 'NONE',  ( -0.0000000000000000000, -1.000000000000000000, -0.0000000000000000000 ) ) ;
#5444 = PLANE ( 'NONE',  #916 ) ;
#5445 =( BOUNDED_SURFACE ( )  B_SPLINE_SURFACE ( 3, 3, ( 
 ( #3364, #2291, #1961, #1953 ),
 ( #2012, #1802, #5771, #1761 ),
 ( #1943, #1571, #1558, #1515 ),
 ( #1550, #1199, #1123, #1049 ) ),
 .UNSPECIFIED., .F., .F., .F. ) 
 B_SPLINE_SURFACE_WITH_KNOTS ( ( 4, 4 ),
 ( 4, 4 ),
 ( 0.0000000000000000000, 1.000000000000000000 ),
 ( 0.0000000000000000000, 1.000000000000000000 ),
 .UNSPECIFIED. ) 
 GEOMETRIC_REPRESENTATION_ITEM ( )  RATIONAL_B_SPLINE_SURFACE ( (
 ( 1.000000000000000000, 0.9423636384283886600, 0.9423636384283886600, 1.000000000000000000),
 ( 0.9625198644718280200, 0.9070437215432714000, 0.9070437215432714000, 0.9625198644718280200),
 ( 0.9625198644718280200, 0.9070437215432714000, 0.9070437215432714000, 0.9625198644718280200),
 ( 1.000000000000000000, 0.9423636384283886600, 0.9423636384283886600, 1.000000000000000000) ) ) 
 REPRESENTATION_ITEM ( '' )  SURFACE ( )  );
#5446 = ORIENTED_EDGE ( 'NONE', *, *, #2319, .T. ) ;
#5447 = APPROVAL_STATUS ( 'not_yet_approved' ) ;
#5448 = DIRECTION ( 'NONE',  ( 0.0000000000000000000, -1.000000000000000000, -0.0000000000000000000 ) ) ;
#5449 = ADVANCED_FACE ( 'NONE', ( #1671 ), #939, .T. ) ;
#5450 = CARTESIAN_POINT ( 'NONE',  ( -0.7408183550079983100, 0.6622945447521372300, 2.091254865473387300 ) ) ;
#5451 = ORIENTED_EDGE ( 'NONE', *, *, #327, .T. ) ;
#5452 = CARTESIAN_POINT ( 'NONE',  ( -3.458821134815671900, -1.297488130533732700, -2.481418607264192800 ) ) ;
#5453 = AXIS2_PLACEMENT_3D ( 'NONE', #5725, #3562, #311 ) ;
#5454 = CARTESIAN_POINT ( 'NONE',  ( -3.488739452069643300, -1.396441218532990900, -2.426981893368880300 ) ) ;
#5455 = CARTESIAN_POINT ( 'NONE',  ( 2.187106631629172100, 7.749999999999860600, 1.084943694656404400 ) ) ;
#5456 = ORIENTED_EDGE ( 'NONE', *, *, #2317, .T. ) ;
#5457 = CIRCLE ( 'NONE', #308, 2.400000000000000400 ) ;
#5458 = VERTEX_POINT ( 'NONE', #5054 ) ;
#5459 = CARTESIAN_POINT ( 'NONE',  ( -2.992634568279215000, -1.448433337276322500, 2.396551330973816000 ) ) ;
#5460 = CARTESIAN_POINT ( 'NONE',  ( 1.103999999999940400, 14.69999999999999900, 2.271315018279128400 ) ) ;
#5461 = CARTESIAN_POINT ( 'NONE',  ( -0.6499999999999566100, 0.0000000000000000000, -2.517439175034832800 ) ) ;
#5462 = ORIENTED_EDGE ( 'NONE', *, *, #2104, .T. ) ;
#5463 = APPLICATION_PROTOCOL_DEFINITION ( 'international standard', 'config_control_design', 1994, #2368 ) ;
#5464 = CARTESIAN_POINT ( 'NONE',  ( -3.116780642481859200, 2.792050937236443700, -0.2182457078122081700 ) ) ;
#5465 = AXIS2_PLACEMENT_3D ( 'NONE', #1857, #2789, #1002 ) ;
#5466 = APPROVAL ( #4559, 'UNSPECIFIED' ) ;
#5467 = ORIENTED_EDGE ( 'NONE', *, *, #500, .F. ) ;
#5468 = CARTESIAN_POINT ( 'NONE',  ( 2.191450672807215800, 7.735078858507879600, 1.087098614776570700 ) ) ;
#5469 = FACE_OUTER_BOUND ( 'NONE', #656, .T. ) ;
#5470 = ORIENTED_EDGE ( 'NONE', *, *, #2424, .F. ) ;
#5471 = DIRECTION ( 'NONE',  ( -1.000000000000000000, 0.0000000000000000000, 0.0000000000000000000 ) ) ;
#5472 = CARTESIAN_POINT ( 'NONE',  ( -5.738155578050000600, 0.0000000000000000000, 0.0000000000000000000 ) ) ;
#5473 = DIRECTION ( 'NONE',  ( 0.0000000000000000000, 0.0000000000000000000, 1.000000000000000000 ) ) ;
#5474 = CARTESIAN_POINT ( 'NONE',  ( -1.150000000000164000, 14.19999999999999900, 2.465953144040758700 ) ) ;
#5475 = EDGE_CURVE ( 'NONE', #3, #4237, #108, .T. ) ;
#5476 = CYLINDRICAL_SURFACE ( 'NONE', #2101, 0.5000000000000000000 ) ;
#5477 = ORIENTED_EDGE ( 'NONE', *, *, #3841, .T. ) ;
#5478 = ORIENTED_EDGE ( 'NONE', *, *, #745, .T. ) ;
#5479 = EDGE_CURVE ( 'NONE', #777, #3991, #1733, .T. ) ;
#5480 = VERTEX_POINT ( 'NONE', #3748 ) ;
#5481 = CIRCLE ( 'NONE', #842, 0.6599999999999000000 ) ;
#5482 = CARTESIAN_POINT ( 'NONE',  ( -3.363520161222212300, -1.253358273760938300, 2.621726880079178600 ) ) ;
#5483 = ORIENTED_EDGE ( 'NONE', *, *, #2685, .T. ) ;
#5484 = ORIENTED_EDGE ( 'NONE', *, *, #4432, .T. ) ;
#5485 = DIRECTION ( 'NONE',  ( 0.0000000000000000000, 0.0000000000000000000, 1.000000000000000000 ) ) ;
#5486 = DIRECTION ( 'NONE',  ( -1.000000000000000000, 0.0000000000000000000, 0.0000000000000000000 ) ) ;
#5487 = VERTEX_POINT ( 'NONE', #4196 ) ;
#5488 = APPROVAL_ROLE ( '' ) ;
#5489 = CARTESIAN_POINT ( 'NONE',  ( -3.140554545886507400, 2.791090741569978400, -0.2314095604834839300 ) ) ;
#5490 = EDGE_CURVE ( 'NONE', #96, #4712, #2490, .T. ) ;
#5491 = CARTESIAN_POINT ( 'NONE',  ( -0.8825142193407117300, 0.6622945447521372300, 2.029643750180737200 ) ) ;
#5492 = CIRCLE ( 'NONE', #2423, 0.6599999999999000000 ) ;
#5493 = ORIENTED_EDGE ( 'NONE', *, *, #3927, .F. ) ;
#5494 = CARTESIAN_POINT ( 'NONE',  ( 2.499891988695563500, 7.750000000000000000, -0.02482256029406810700 ) ) ;
#5495 = VECTOR ( 'NONE', #5750, 1000.000000000000100 ) ;
#5496 = DIRECTION ( 'NONE',  ( 0.0000000000000000000, 0.2300000000004466800, 0.9731906288080431900 ) ) ;
#5497 = CARTESIAN_POINT ( 'NONE',  ( 0.0000000000000000000, 7.849999999999999600, 0.0000000000000000000 ) ) ;
#5498 = ORIENTED_EDGE ( 'NONE', *, *, #2529, .T. ) ;
#5499 = CARTESIAN_POINT ( 'NONE',  ( -1.104000000000172400, 14.69999999999999900, 2.271315018279128400 ) ) ;
#5500 = PRODUCT ( '50-00045', '50-00045', '', ( #3193 ) ) ;
#5501 = EDGE_CURVE ( 'NONE', #2177, #4129, #1089, .T. ) ;
#5502 = VECTOR ( 'NONE', #5730, 1000.000000000000000 ) ;
#5503 = CARTESIAN_POINT ( 'NONE',  ( -3.356575037963117000, -1.296883828136661900, 2.705549751941547700 ) ) ;
#5504 = ORIENTED_EDGE ( 'NONE', *, *, #3866, .T. ) ;
#5505 = CARTESIAN_POINT ( 'NONE',  ( -2.680779144683999200, 5.510910596160506700E-017, 0.4499999999997891800 ) ) ;
#5506 = LINE ( 'NONE', #5376, #5495 ) ;
#5507 = PERSON_AND_ORGANIZATION_ROLE ( 'classification_officer' ) ;
#5508 = CARTESIAN_POINT ( 'NONE',  ( -3.091902411611323400, 2.793055735189250200, -0.2044703777653260300 ) ) ;
#5509 = CARTESIAN_POINT ( 'NONE',  ( -3.100578911323783200, -1.451005051889902500, 2.394791613951738900 ) ) ;
#5510 = DIRECTION ( 'NONE',  ( -1.000000000000000000, 0.0000000000000000000, 0.0000000000000000000 ) ) ;
#5511 = CARTESIAN_POINT ( 'NONE',  ( -2.238155578050000200, 0.0000000000000000000, 0.0000000000000000000 ) ) ;
#5512 = CARTESIAN_POINT ( 'NONE',  ( -2.499876766264703200, 7.849999999999999600, 0.02482243924213203800 ) ) ;
#5513 = B_SPLINE_CURVE_WITH_KNOTS ( 'NONE', 3,
 ( #904, #846, #158, #923, #965, #2349 ),
 .UNSPECIFIED., .F., .F.,
 ( 4, 2, 4 ),
 ( 4.276940523487655400E-017, 0.002982098262657369700, 0.005964196525314696000 ),
 .UNSPECIFIED. ) ;
#5514 = CARTESIAN_POINT ( 'NONE',  ( 1.527452369883609600, 6.618082509800317800, 1.609234435138153600 ) ) ;
#5515 = CARTESIAN_POINT ( 'NONE',  ( -17.68077914467999900, -1.265735467702501100E-031, 0.5000000000000000000 ) ) ;
#5516 = CARTESIAN_POINT ( 'NONE',  ( -2.238155578049999300, 1.510856941112697700, 2.621359165062773200 ) ) ;
#5517 = EDGE_LOOP ( 'NONE', ( #5286, #5736, #5504, #2406 ) ) ;
#5518 = CARTESIAN_POINT ( 'NONE',  ( 0.0000000000000000000, 7.849999999999999600, 0.0000000000000000000 ) ) ;
#5519 = SHAPE_REPRESENTATION_RELATIONSHIP ( 'NONE' , 'NONE' ,  #979, #2467 ) ;
#5520 =( BOUNDED_CURVE ( )  B_SPLINE_CURVE ( 3, ( #3247, #902, #4114, #1378 ),
 .UNSPECIFIED., .F., .F. ) 
 B_SPLINE_CURVE_WITH_KNOTS ( ( 4, 4 ),
 ( 0.2660358485710513900, 1.000000000000000000 ),
 .UNSPECIFIED. ) 
 CURVE ( )  GEOMETRIC_REPRESENTATION_ITEM ( )  RATIONAL_B_SPLINE_CURVE ( ( 1.000000000000000000, 0.8644902848979771900, 0.8644902848979771900, 1.000000000000000000 ) ) 
 REPRESENTATION_ITEM ( '' )  );
#5521 = ORIENTED_EDGE ( 'NONE', *, *, #5799, .T. ) ;
#5522 = EDGE_CURVE ( 'NONE', #1427, #162, #1232, .T. ) ;
#5523 = DIRECTION ( 'NONE',  ( 0.0000000000000000000, 1.000000000000000000, 0.0000000000000000000 ) ) ;
#5524 = DIRECTION ( 'NONE',  ( 0.0000000000000000000, 0.0000000000000000000, 1.000000000000000000 ) ) ;
#5525 = DATE_TIME_ROLE ( 'classification_date' ) ;
#5526 = DIRECTION ( 'NONE',  ( -0.0000000000000000000, 1.000000000000000000, -0.0000000000000000000 ) ) ;
#5527 = CARTESIAN_POINT ( 'NONE',  ( -1.024210083673425600, 0.6622945447521372300, 1.968032634888087200 ) ) ;
#5528 = CARTESIAN_POINT ( 'NONE',  ( 1.631844713981883200, 6.618082509800317800, 1.495310182577160200 ) ) ;
#5529 = CARTESIAN_POINT ( 'NONE',  ( -3.007077320351272400, 2.998500745472869200, 0.09843433808201326700 ) ) ;
#5530 = CARTESIAN_POINT ( 'NONE',  ( -3.445591934905210400, -1.375196820707661700, -2.666362138581837900 ) ) ;
#5531 = VERTEX_POINT ( 'NONE', #1016 ) ;
#5532 = CARTESIAN_POINT ( 'NONE',  ( 0.0000000000000000000, 0.7000000000000000700, 2.200000000000000200 ) ) ;
#5533 = CARTESIAN_POINT ( 'NONE',  ( -3.091902411611094200, -1.573604409059121900, -2.316622031974764800 ) ) ;
#5534 = CARTESIAN_POINT ( 'NONE',  ( -1.415341907482671000, 6.637123764700425500, 1.717342688750158800 ) ) ;
#5535 = CARTESIAN_POINT ( 'NONE',  ( -2.238155578050000600, 0.3926990816987245800, -3.000000000000000400 ) ) ;
#5536 = CIRCLE ( 'NONE', #4413, 2.200000000000000200 ) ;
#5537 = CARTESIAN_POINT ( 'NONE',  ( -2.148218197946953500, 7.849999999999999600, 4.425512238601259100 ) ) ;
#5538 = CARTESIAN_POINT ( 'NONE',  ( -0.6500000000000000200, 8.039120964209846700, -2.310303010429584100 ) ) ;
#5539 = ORIENTED_EDGE ( 'NONE', *, *, #3194, .F. ) ;
#5540 = CARTESIAN_POINT ( 'NONE',  ( -5.180779144684002800, 0.0000000000000000000, 0.0000000000000000000 ) ) ;
#5541 = CARTESIAN_POINT ( 'NONE',  ( -3.068973815973483600, 2.794288481324549400, -0.1862663136146500100 ) ) ;
#5542 = CIRCLE ( 'NONE', #4771, 0.1000000000000002100 ) ;
#5543 = AXIS2_PLACEMENT_3D ( 'NONE', #4090, #3228, #3136 ) ;
#5544 = AXIS2_PLACEMENT_3D ( 'NONE', #805, #4024, #1274 ) ;
#5545 = EDGE_LOOP ( 'NONE', ( #5539, #3741, #2539, #1455 ) ) ;
#5546 = ORIENTED_EDGE ( 'NONE', *, *, #3329, .T. ) ;
#5547 = CC_DESIGN_SECURITY_CLASSIFICATION ( #5271, ( #5848 ) ) ;
#5548 = CARTESIAN_POINT ( 'NONE',  ( 1.736237058080156700, 6.618082509800317800, 1.381385930016166600 ) ) ;
#5549 = ORIENTED_EDGE ( 'NONE', *, *, #432, .F. ) ;
#5550 = VERTEX_POINT ( 'NONE', #3774 ) ;
#5551 = CARTESIAN_POINT ( 'NONE',  ( -3.405224287103615100, 2.994169079957121700, -0.1882116612299256100 ) ) ;
#5552 = CARTESIAN_POINT ( 'NONE',  ( -3.119073412593401400, 2.791868185021257400, 0.2212742635980527500 ) ) ;
#5553 = CARTESIAN_POINT ( 'NONE',  ( 0.6500000000000001300, 9.250000000000000000, -1.370356419434000100 ) ) ;
#5554 = ORIENTED_EDGE ( 'NONE', *, *, #4430, .T. ) ;
#5555 = CARTESIAN_POINT ( 'NONE',  ( -3.487794584502676100, -1.511615740770609900, -2.591335148577758900 ) ) ;
#5556 = DIRECTION ( 'NONE',  ( -1.000000000000000000, 0.0000000000000000000, 0.0000000000000000000 ) ) ;
#5557 = CARTESIAN_POINT ( 'NONE',  ( 1.970833333333361400, 6.580000000000000100, 0.9776584128529306500 ) ) ;
#5558 = B_SPLINE_CURVE_WITH_KNOTS ( 'NONE', 3,
 ( #2295, #2254, #2235, #1985 ),
 .UNSPECIFIED., .F., .F.,
 ( 4, 4 ),
 ( 0.0000000000000000000, 0.0007395797523721140200 ),
 .UNSPECIFIED. ) ;
#5559 = CARTESIAN_POINT ( 'NONE',  ( 2.353818820845226400, 7.949999999999999300, 4.572694715223677900 ) ) ;
#5560 = DIRECTION ( 'NONE',  ( 0.0000000000000000000, 1.000000000000000000, 0.0000000000000000000 ) ) ;
#5561 = VERTEX_POINT ( 'NONE', #4215 ) ;
#5562 = CARTESIAN_POINT ( 'NONE',  ( -2.238155578050000200, 3.490243377568731800E-016, -2.849999999999000000 ) ) ;
#5563 = CARTESIAN_POINT ( 'NONE',  ( -3.193893669440006200, -1.522592093701735000, 2.350125454401770700 ) ) ;
#5564 = DIRECTION ( 'NONE',  ( 0.0000000000000000000, 0.0000000000000000000, -1.000000000000000000 ) ) ;
#5565 = VERTEX_POINT ( 'NONE', #5532 ) ;
#5566 = AXIS2_PLACEMENT_3D ( 'NONE', #4795, #5251, #5578 ) ;
#5567 = CARTESIAN_POINT ( 'NONE',  ( 1.828652523168547800, 6.618082509800317800, 1.256493596882519300 ) ) ;
#5568 = CARTESIAN_POINT ( 'NONE',  ( -3.251232803121601100, 2.789465685330409600, -0.2512343008932638700 ) ) ;
#5569 = CARTESIAN_POINT ( 'NONE',  ( -3.310983407731264500, 2.990368152532999300, 0.2404924377706600700 ) ) ;
#5570 = ORIENTED_EDGE ( 'NONE', *, *, #3268, .F. ) ;
#5571 = FACE_OUTER_BOUND ( 'NONE', #2043, .T. ) ;
#5572 = CARTESIAN_POINT ( 'NONE',  ( -2.499880955835193300, 7.750000000000000000, 0.02482248564304253100 ) ) ;
#5573 = CARTESIAN_POINT ( 'NONE',  ( -3.144498528597477400, 2.790943624123400900, 0.2330486323633339000 ) ) ;
#5574 = CARTESIAN_POINT ( 'NONE',  ( 0.6500000000000001300, 9.250000000000000000, -2.310303010429791900 ) ) ;
#5575 = DIRECTION ( 'NONE',  ( 0.0000000000000000000, 0.0000000000000000000, 1.000000000000000000 ) ) ;
#5576 = CARTESIAN_POINT ( 'NONE',  ( -0.6499999999999872500, 7.973057148817241900, -2.273685849259737600 ) ) ;
#5577 = AXIS2_PLACEMENT_3D ( 'NONE', #3889, #1141, #4344 ) ;
#5578 = DIRECTION ( 'NONE',  ( 0.0000000000000000000, 0.0000000000000000000, 1.000000000000000000 ) ) ;
#5579 = CARTESIAN_POINT ( 'NONE',  ( -3.457258893112940000, -1.569048950364325000, 2.441594437730613800 ) ) ;
#5580 = CARTESIAN_POINT ( 'NONE',  ( -3.491293197629953900, -1.455428202372695200, -2.624111290067623800 ) ) ;
#5581 = CARTESIAN_POINT ( 'NONE',  ( 1.907077460108147300, 6.618082509800317800, 1.123354473804690300 ) ) ;
#5582 = CARTESIAN_POINT ( 'NONE',  ( -3.068973815973483600, 2.994291593032251800, -0.1862663136146500100 ) ) ;
#5583 = EDGE_CURVE ( 'NONE', #1605, #1155, #725, .T. ) ;
#5584 = EDGE_LOOP ( 'NONE', ( #2510, #68, #4933, #1104 ) ) ;
#5585 = CARTESIAN_POINT ( 'NONE',  ( -3.445591934905051400, 2.796732646344148900, 0.1422256873545836900 ) ) ;
#5586 = CARTESIAN_POINT ( 'NONE',  ( 0.4425985214470899400, 6.637123764700463700, 2.175441234632287600 ) ) ;
#5587 = EDGE_CURVE ( 'NONE', #2475, #2340, #535, .T. ) ;
#5588 = CARTESIAN_POINT ( 'NONE',  ( -3.458821134815539500, 2.797715616583887200, 0.1170516214812076200 ) ) ;
#5589 = EDGE_LOOP ( 'NONE', ( #3445, #3827 ) ) ;
#5590 = CARTESIAN_POINT ( 'NONE',  ( -2.996659374137009100, -1.509685368507235600, 2.475515339438000100 ) ) ;
#5591 = DIRECTION ( 'NONE',  ( -1.000000000000000000, 0.0000000000000000000, 0.0000000000000000000 ) ) ;
#5592 = ORIENTED_EDGE ( 'NONE', *, *, #5663, .T. ) ;
#5593 = EDGE_CURVE ( 'NONE', #980, #4620, #1537, .T. ) ;
#5594 = EDGE_CURVE ( 'NONE', #5561, #2888, #987, .T. ) ;
#5595 = ORIENTED_EDGE ( 'NONE', *, *, #2656, .T. ) ;
#5596 = CARTESIAN_POINT ( 'NONE',  ( -0.6500000000000001300, 9.250000000000000000, -2.778418443610000100 ) ) ;
#5597 = CIRCLE ( 'NONE', #3817, 2.600000000000000500 ) ;
#5598 = ORIENTED_EDGE ( 'NONE', *, *, #1347, .F. ) ;
#5599 = CARTESIAN_POINT ( 'NONE',  ( -2.989963370605744200, 2.799863567407136200, -0.03993243478670510700 ) ) ;
#5600 = ORIENTED_EDGE ( 'NONE', *, *, #2730, .F. ) ;
#5601 = CARTESIAN_POINT ( 'NONE',  ( -3.487794584502692500, 2.999973050480378800, -0.01343005797876033400 ) ) ;
#5602 = AXIS2_PLACEMENT_3D ( 'NONE', #2823, #6, #3273 ) ;
#5603 = CARTESIAN_POINT ( 'NONE',  ( 0.5944729703590223600, 6.637123764700463700, 2.144542028777446200 ) ) ;
#5604 = DIRECTION ( 'NONE',  ( 0.9799247046208279200, 0.0000000000000000000, 0.1993679344172056800 ) ) ;
#5605 = CARTESIAN_POINT ( 'NONE',  ( -1.159426031542067900, 0.6622945447521372300, 1.891531132407152200 ) ) ;
#5606 = CARTESIAN_POINT ( 'NONE',  ( -10.18077914468000100, 0.0000000000000000000, 0.0000000000000000000 ) ) ;
#5607 = CIRCLE ( 'NONE', #5067, 2.200000000000000200 ) ;
#5608 = ORIENTED_EDGE ( 'NONE', *, *, #420, .F. ) ;
#5609 = CARTESIAN_POINT ( 'NONE',  ( -3.119316169459856300, -1.686256540090320200, 2.481241121114211800 ) ) ;
#5610 = ORIENTED_EDGE ( 'NONE', *, *, #23, .F. ) ;
#5611 = CIRCLE ( 'NONE', #1473, 4.950000000000000200 ) ;
#5612 = ORIENTED_EDGE ( 'NONE', *, *, #3558, .T. ) ;
#5613 = CARTESIAN_POINT ( 'NONE',  ( 2.488120197050327100, 7.750000000000000000, -1.208831462725770600 ) ) ;
#5614 = ORIENTED_EDGE ( 'NONE', *, *, #4695, .F. ) ;
#5615 = SECURITY_CLASSIFICATION ( '', '', #4092 ) ;
#5616 = CARTESIAN_POINT ( 'NONE',  ( -1.285215830119352400, 0.6622945447521372300, 1.801806141069815200 ) ) ;
#5617 = LINE ( 'NONE', #5340, #5680 ) ;
#5618 = EDGE_CURVE ( 'NONE', #4037, #3636, #652, .T. ) ;
#5619 = ORIENTED_EDGE ( 'NONE', *, *, #949, .F. ) ;
#5620 = ORIENTED_EDGE ( 'NONE', *, *, #5127, .F. ) ;
#5621 = CARTESIAN_POINT ( 'NONE',  ( 0.7430950255270946100, 6.637123764700463700, 2.097681674782247100 ) ) ;
#5622 = DESIGN_CONTEXT ( 'detailed design', #5835, 'design' ) ;
#5623 = DIRECTION ( 'NONE',  ( 0.1993679344172056800, -0.0000000000000000000, 0.9799247046208279200 ) ) ;
#5624 = B_SPLINE_CURVE_WITH_KNOTS ( 'NONE', 1,
 ( #3214, #3233 ),
 .UNSPECIFIED., .F., .F.,
 ( 2, 2 ),
 ( 0.0000000000000000000, 1.000000000000000000 ),
 .UNSPECIFIED. ) ;
#5625 = ORIENTED_EDGE ( 'NONE', *, *, #3371, .T. ) ;
#5626 = CARTESIAN_POINT ( 'NONE',  ( -17.68077914467999900, 0.0000000000000000000, 0.0000000000000000000 ) ) ;
#5627 = CARTESIAN_POINT ( 'NONE',  ( -2.989633557572174200, -1.371122548498306100, -2.441401195620538800 ) ) ;
#5628 = CARTESIAN_POINT ( 'NONE',  ( -3.177026708771397700, -1.665019092025882300, 2.383127062233030700 ) ) ;
#5629 = CARTESIAN_POINT ( 'NONE',  ( 0.8852263472088645100, 6.637123764700463700, 2.035881217245459200 ) ) ;
#5630 = CARTESIAN_POINT ( 'NONE',  ( -1.411005628696636400, 0.6622945447521372300, 1.712081149732477500 ) ) ;
#5631 = CARTESIAN_POINT ( 'NONE',  ( -7.180779144684000100, 0.0000000000000000000, 0.0000000000000000000 ) ) ;
#5632 = DIRECTION ( 'NONE',  ( -1.000000000000000000, 0.0000000000000000000, 0.0000000000000000000 ) ) ;
#5633 = FACE_OUTER_BOUND ( 'NONE', #3676, .T. ) ;
#5634 = VERTEX_POINT ( 'NONE', #123 ) ;
#5635 = EDGE_CURVE ( 'NONE', #2486, #2177, #574, .T. ) ;
#5636 = DIRECTION ( 'NONE',  ( 0.7071067811865544600, 8.659560562354849000E-017, 0.7071067811865406900 ) ) ;
#5637 = CARTESIAN_POINT ( 'NONE',  ( -3.282812632805579800, -1.657602643933268300, 2.379263855944902400 ) ) ;
#5638 = CARTESIAN_POINT ( 'NONE',  ( 2.361825882095451000, 7.991421356237305300, 4.818898058961616800 ) ) ;
#5639 = ORIENTED_EDGE ( 'NONE', *, *, #2740, .T. ) ;
#5640 = DIRECTION ( 'NONE',  ( 0.0000000000000000000, 1.000000000000000000, 0.0000000000000000000 ) ) ;
#5641 = CARTESIAN_POINT ( 'NONE',  ( 0.0000000000000000000, 7.750000000000000000, 2.200000000000000200 ) ) ;
#5642 = CARTESIAN_POINT ( 'NONE',  ( 1.027357668890634500, 6.637123764700463700, 1.974080759708672300 ) ) ;
#5643 = DIRECTION ( 'NONE',  ( -1.000000000000000000, 0.0000000000000000000, 0.0000000000000000000 ) ) ;
#5644 = CARTESIAN_POINT ( 'NONE',  ( -3.483092149184589200, -1.453624297464796200, 2.624378053434268200 ) ) ;
#5645 = CARTESIAN_POINT ( 'NONE',  ( -3.444390901201026100, -1.622997412324696900, 2.523160006285292100 ) ) ;
#5646 =( BOUNDED_SURFACE ( )  B_SPLINE_SURFACE ( 3, 3, ( 
 ( #439, #871, #517, #602 ),
 ( #379, #400, #1916, #310 ),
 ( #930, #1098, #2113, #989 ),
 ( #1159, #1883, #2545, #2154 ) ),
 .UNSPECIFIED., .F., .F., .F. ) 
 B_SPLINE_SURFACE_WITH_KNOTS ( ( 4, 4 ),
 ( 4, 4 ),
 ( 0.0000000000000000000, 1.000000000000000000 ),
 ( 0.0000000000000000000, 1.000000000000000000 ),
 .UNSPECIFIED. ) 
 GEOMETRIC_REPRESENTATION_ITEM ( )  RATIONAL_B_SPLINE_SURFACE ( (
 ( 1.000000000000000000, 0.3333333333333334300, 0.3333333333333334300, 1.000000000000000000),
 ( 0.8047378541235318300, 0.2682459513745106800, 0.2682459513745106800, 0.8047378541235318300),
 ( 0.8047378541235318300, 0.2682459513745106800, 0.2682459513745106800, 0.8047378541235318300),
 ( 1.000000000000000000, 0.3333333333333334300, 0.3333333333333334300, 1.000000000000000000) ) ) 
 REPRESENTATION_ITEM ( '' )  SURFACE ( )  );
#5647 = CARTESIAN_POINT ( 'NONE',  ( -3.487941574939440200, -1.407869580919337800, 2.420314803976313800 ) ) ;
#5648 = CARTESIAN_POINT ( 'NONE',  ( -3.471537303023876800, -1.418918029128219100, -2.643345742662507500 ) ) ;
#5649 = AXIS2_PLACEMENT_3D ( 'NONE', #3783, #3738, #3763 ) ;
#5650 = AXIS2_PLACEMENT_3D ( 'NONE', #3933, #1181, #4372 ) ;
#5651 = CARTESIAN_POINT ( 'NONE',  ( 0.6499999999951157100, 7.837428755070159300, -2.516823862517322000 ) ) ;
#5652 = CC_DESIGN_DATE_AND_TIME_ASSIGNMENT ( #2097, #483, ( #4478 ) ) ;
#5653 = CARTESIAN_POINT ( 'NONE',  ( -3.405224287103402000, -1.560079064036911100, -2.325712880276497300 ) ) ;
#5654 = B_SPLINE_CURVE_WITH_KNOTS ( 'NONE', 3,
 ( #4583, #4616, #4458, #2492, #4192, #3067, #4139, #4472 ),
 .UNSPECIFIED., .F., .F.,
 ( 4, 2, 2, 4 ),
 ( 7.984234405412538200E-017, 0.0009229685156841837500, 0.001384452773526235900, 0.001845937031368288600 ),
 .UNSPECIFIED. ) ;
#5655 = VERTEX_POINT ( 'NONE', #147 ) ;
#5656 = EDGE_LOOP ( 'NONE', ( #4371, #3901, #5115, #5846 ) ) ;
#5657 = DIRECTION ( 'NONE',  ( -0.0000000000000000000, -0.0000000000000000000, -1.000000000000000000 ) ) ;
#5658 = CARTESIAN_POINT ( 'NONE',  ( 0.5000000000043876000, 13.84999999999993600, 2.373887304911560700 ) ) ;
#5659 = DIRECTION ( 'NONE',  ( 0.0000000000000000000, 0.0000000000000000000, -1.000000000000000000 ) ) ;
#5660 = ORIENTED_EDGE ( 'NONE', *, *, #1674, .F. ) ;
#5661 = DIRECTION ( 'NONE',  ( -0.8616291604415209400, -0.0000000000000000000, 0.5075383629607123100 ) ) ;
#5662 = CARTESIAN_POINT ( 'NONE',  ( -1.527361226954386600, 0.6622945447521372300, 1.609138412281325500 ) ) ;
#5663 = EDGE_CURVE ( 'NONE', #5808, #2150, #70, .T. ) ;
#5664 = CARTESIAN_POINT ( 'NONE',  ( -14.23815557805000200, 0.0000000000000000000, 1.804999999999000100 ) ) ;
#5665 = VERTEX_POINT ( 'NONE', #2500 ) ;
#5666 = CARTESIAN_POINT ( 'NONE',  ( -3.403483359401765300, -1.282385241405137300, 2.600665379290110700 ) ) ;
#5667 = DESIGN_CONTEXT ( 'detailed design', #3617, 'design' ) ;
#5668 = CARTESIAN_POINT ( 'NONE',  ( -3.488243437252889200, -1.452899636475369900, 2.509115996120276000 ) ) ;
#5669 = EDGE_LOOP ( 'NONE', ( #2482, #645 ) ) ;
#5670 = CARTESIAN_POINT ( 'NONE',  ( -3.313667945687042100, -1.234440270752947400, 2.631837640725748000 ) ) ;
#5671 = CARTESIAN_POINT ( 'NONE',  ( -3.471537303023878100, -1.318916473272946100, -2.470137967085250800 ) ) ;
#5672 = VERTEX_POINT ( 'NONE', #4280 ) ;
#5673 = EDGE_CURVE ( 'NONE', #1725, #2055, #1, .T. ) ;
#5674 = DIRECTION ( 'NONE',  ( -1.000000000000000000, 0.0000000000000000000, 0.0000000000000000000 ) ) ;
#5675 = CARTESIAN_POINT ( 'NONE',  ( 0.7417938393443684900, 6.580000000000026700, 2.094150790167659300 ) ) ;
#5676 = ORIENTED_EDGE ( 'NONE', *, *, #118, .F. ) ;
#5677 = EDGE_LOOP ( 'NONE', ( #3484, #3560, #5796, #227 ) ) ;
#5678 = ORIENTED_EDGE ( 'NONE', *, *, #234, .T. ) ;
#5679 = CARTESIAN_POINT ( 'NONE',  ( -7.238155578049999800, 1.843640159924744900, -2.399000527194540900 ) ) ;
#5680 = VECTOR ( 'NONE', #4857, 1000.000000000000000 ) ;
#5681 = CARTESIAN_POINT ( 'NONE',  ( 0.1325221123766212300, 14.34989967673115500, 2.399989549662489500 ) ) ;
#5682 = AXIS2_PLACEMENT_3D ( 'NONE', #2708, #5767, #3174 ) ;
#5683 = ORIENTED_EDGE ( 'NONE', *, *, #8, .F. ) ;
#5684 = CARTESIAN_POINT ( 'NONE',  ( -8.180779144683999200, 0.0000000000000000000, 0.0000000000000000000 ) ) ;
#5685 = CARTESIAN_POINT ( 'NONE',  ( -0.6053104382623391000, 7.908578643762685300, -2.115088478842115400 ) ) ;
#5686 = ORIENTED_EDGE ( 'NONE', *, *, #2411, .T. ) ;
#5687 = CARTESIAN_POINT ( 'NONE',  ( -3.220496730940758800, -1.278846727668755400, 2.713774060742043700 ) ) ;
#5688 = ADVANCED_FACE ( 'NONE', ( #4882 ), #4298, .F. ) ;
#5689 = CARTESIAN_POINT ( 'NONE',  ( -2.169630342305964200, 7.712469281245907900, 1.076274346014479000 ) ) ;
#5690 = VERTEX_POINT ( 'NONE', #3003 ) ;
#5691 = ORIENTED_EDGE ( 'NONE', *, *, #5016, .T. ) ;
#5692 = CARTESIAN_POINT ( 'NONE',  ( -3.091955344991572700, -1.219116780575381500, 2.522687622429842700 ) ) ;
#5693 = B_SPLINE_CURVE_WITH_KNOTS ( 'NONE', 3,
 ( #3600, #4635, #3520, #5773, #3438, #3424, #4562, #3418, #3339, #3356 ),
 .UNSPECIFIED., .F., .F.,
 ( 4, 2, 2, 2, 4 ),
 ( 0.0007884947729353034800, 0.0009854209005337674400, 0.001182347028132231600, 0.001379273155730695600, 0.001576199283329159500 ),
 .UNSPECIFIED. ) ;
#5694 = CYLINDRICAL_SURFACE ( 'NONE', #1775, 3.000000000000000000 ) ;
#5695 = EDGE_CURVE ( 'NONE', #146, #4037, #1419, .T. ) ;
#5696 = VERTEX_POINT ( 'NONE', #646 ) ;
#5697 = AXIS2_PLACEMENT_3D ( 'NONE', #669, #624, #643 ) ;
#5698 = CIRCLE ( 'NONE', #3604, 2.800000000050202800 ) ;
#5699 = CARTESIAN_POINT ( 'NONE',  ( -7.238155578049999800, 0.0000000000000000000, 2.900000000000000800 ) ) ;
#5700 = EDGE_CURVE ( 'NONE', #22, #3, #3382, .T. ) ;
#5701 = CARTESIAN_POINT ( 'NONE',  ( -1.238155578050000000, -1.215420335061007100, 2.742763826712029100 ) ) ;
#5702 = ORIENTED_EDGE ( 'NONE', *, *, #223, .F. ) ;
#5703 = DIRECTION ( 'NONE',  ( 0.0000000000000000000, 0.0000000000000000000, -1.000000000000000000 ) ) ;
#5704 = CARTESIAN_POINT ( 'NONE',  ( -1.631747341971991400, 0.6622945447521372300, 1.495220957569019600 ) ) ;
#5705 = CARTESIAN_POINT ( 'NONE',  ( -3.069614094831729200, -1.287013977861381600, 2.598316588825598600 ) ) ;
#5706 = EDGE_CURVE ( 'NONE', #293, #5326, #4594, .T. ) ;
#5707 = CARTESIAN_POINT ( 'NONE',  ( -3.092656207130967300, -1.367377167200669200, 2.443477585000519300 ) ) ;
#5708 = CARTESIAN_POINT ( 'NONE',  ( -3.427764837497770100, -1.254436716944454800, -2.503708634723332600 ) ) ;
#5709 = VECTOR ( 'NONE', #1145, 1000.000000000000300 ) ;
#5710 = VECTOR ( 'NONE', #1893, 1000.000000000000000 ) ;
#5711 = CARTESIAN_POINT ( 'NONE',  ( -0.9626671986258954500, 0.6999999999998958200, 1.845116283478559000 ) ) ;
#5712 = LINE ( 'NONE', #1873, #5710 ) ;
#5713 = ADVANCED_FACE ( 'NONE', ( #5436, #5633 ), #4536, .T. ) ;
#5714 = AXIS2_PLACEMENT_3D ( 'NONE', #2508, #5591, #2988 ) ;
#5715 = CARTESIAN_POINT ( 'NONE',  ( -3.110112738791309000, -1.254891019583486400, 2.620944337180957500 ) ) ;
#5716 = CARTESIAN_POINT ( 'NONE',  ( -1.753340252763498900, 6.108681809402307600, 1.032796337979912800 ) ) ;
#5717 = CARTESIAN_POINT ( 'NONE',  ( -15.03815557810020000, 0.0000000000000000000, 0.0000000000000000000 ) ) ;
#5718 =( BOUNDED_CURVE ( )  B_SPLINE_CURVE ( 3, ( #727, #1234, #880, #707 ),
 .UNSPECIFIED., .F., .F. ) 
 B_SPLINE_CURVE_WITH_KNOTS ( ( 4, 4 ),
 ( 0.0000000000000000000, 0.2660358485710513900 ),
 .UNSPECIFIED. ) 
 CURVE ( )  GEOMETRIC_REPRESENTATION_ITEM ( )  RATIONAL_B_SPLINE_CURVE ( ( 1.000000000000000000, 0.9816434165382675900, 0.9816434165382675900, 1.000000000000000000 ) ) 
 REPRESENTATION_ITEM ( '' )  );
#5719 = CARTESIAN_POINT ( 'NONE',  ( 1.162989160137951400, 6.637123764700463700, 1.897344154095927300 ) ) ;
#5720 = PLANE ( 'NONE',  #2259 ) ;
#5721 = CARTESIAN_POINT ( 'NONE',  ( -2.988598798253871100, -1.481014909680457000, 2.609006507434917100 ) ) ;
#5722 = ORIENTED_EDGE ( 'NONE', *, *, #424, .F. ) ;
#5723 = CARTESIAN_POINT ( 'NONE',  ( 1.970833333333361600, 0.0000000000000000000, 0.9776584128529308700 ) ) ;
#5724 = ORIENTED_EDGE ( 'NONE', *, *, #1753, .F. ) ;
#5725 = CARTESIAN_POINT ( 'NONE',  ( -2.680779144684000100, 0.0000000000000000000, 0.0000000000000000000 ) ) ;
#5726 = CC_DESIGN_PERSON_AND_ORGANIZATION_ASSIGNMENT ( #4759, #5378, ( #4851 ) ) ;
#5727 = ORIENTED_EDGE ( 'NONE', *, *, #827, .F. ) ;
#5728 = CARTESIAN_POINT ( 'NONE',  ( -0.3987358688343749000, 6.580000000000031200, 1.959849409241675400 ) ) ;
#5729 = EDGE_LOOP ( 'NONE', ( #505, #633, #3295, #2292, #2199, #877 ) ) ;
#5730 = DIRECTION ( 'NONE',  ( -1.000000000000000000, -0.0000000000000000000, -0.0000000000000000000 ) ) ;
#5731 = DIRECTION ( 'NONE',  ( 0.0000000000000000000, 0.0000000000000000000, -1.000000000000000000 ) ) ;
#5732 = VECTOR ( 'NONE', #4176, 1000.000000000000000 ) ;
#5733 = DIRECTION ( 'NONE',  ( -1.000000000000000000, 0.0000000000000000000, 0.0000000000000000000 ) ) ;
#5734 =( NAMED_UNIT ( * ) SI_UNIT ( $, .STERADIAN. ) SOLID_ANGLE_UNIT ( ) );
#5735 = CARTESIAN_POINT ( 'NONE',  ( -1.741468913153738400, 6.637123764700425500, 1.385548501568764100 ) ) ;
#5736 = ORIENTED_EDGE ( 'NONE', *, *, #3329, .F. ) ;
#5737 = CARTESIAN_POINT ( 'NONE',  ( -1.736133456989596500, 0.6622945447521372300, 1.381303502856713800 ) ) ;
#5738 = DIRECTION ( 'NONE',  ( 0.0000000000000000000, 0.0000000000000000000, 1.000000000000000000 ) ) ;
#5739 = CARTESIAN_POINT ( 'NONE',  ( -4.238155578049999800, 0.0000000000000000000, 0.6599999999999000000 ) ) ;
#5740 = VERTEX_POINT ( 'NONE', #5217 ) ;
#5741 = ORIENTED_EDGE ( 'NONE', *, *, #1614, .T. ) ;
#5742 = ADVANCED_FACE ( 'NONE', ( #5571 ), #4282, .F. ) ;
#5743 = DIRECTION ( 'NONE',  ( 0.0000000000000000000, 0.0000000000000000000, 1.000000000000000000 ) ) ;
#5744 = ORIENTED_EDGE ( 'NONE', *, *, #2685, .F. ) ;
#5745 = EDGE_LOOP ( 'NONE', ( #1897, #2663, #2117, #5124 ) ) ;
#5746 = VERTEX_POINT ( 'NONE', #3915 ) ;
#5747 = AXIS2_PLACEMENT_3D ( 'NONE', #4127, #1393, #4551 ) ;
#5748 = EDGE_LOOP ( 'NONE', ( #2694, #1656 ) ) ;
#5749 = ORIENTED_EDGE ( 'NONE', *, *, #2085, .T. ) ;
#5750 = DIRECTION ( 'NONE',  ( -0.7071067811865474600, 0.0000000000000000000, 0.7071067811865474600 ) ) ;
#5751 = CARTESIAN_POINT ( 'NONE',  ( -0.6499999999999356300, 7.751077589744543400, -2.431519820887841900 ) ) ;
#5752 = ORIENTED_EDGE ( 'NONE', *, *, #5043, .T. ) ;
#5753 = CARTESIAN_POINT ( 'NONE',  ( -19.68077914467999500, -0.9999999999999998900, 0.4999999999999999400 ) ) ;
#5754 = DIRECTION ( 'NONE',  ( 1.000000000000000000, 0.0000000000000000000, 0.0000000000000000000 ) ) ;
#5755 = FACE_OUTER_BOUND ( 'NONE', #660, .T. ) ;
#5756 = ORIENTED_EDGE ( 'NONE', *, *, #865, .T. ) ;
#5757 = CARTESIAN_POINT ( 'NONE',  ( 0.6500000000006590500, 7.939967642917808100, -2.159103199913224200 ) ) ;
#5758 = DIRECTION ( 'NONE',  ( 0.9999685000015571300, 0.0000000000000000000, 0.007937191230892658800 ) ) ;
#5759 = ORIENTED_EDGE ( 'NONE', *, *, #1979, .F. ) ;
#5760 = CIRCLE ( 'NONE', #5267, 2.299999999999980700 ) ;
#5761 = CC_DESIGN_APPROVAL ( #5466, ( #5188 ) ) ;
#5762 = CARTESIAN_POINT ( 'NONE',  ( -3.306410078423012600, -1.604479854008474800, -2.295553724568623700 ) ) ;
#5763 = CARTESIAN_POINT ( 'NONE',  ( -2.988085343740284100, -1.495887294697774400, -2.600461415231973800 ) ) ;
#5764 = EDGE_CURVE ( 'NONE', #1932, #5565, #4415, .T. ) ;
#5765 = ADVANCED_FACE ( 'NONE', ( #3529 ), #2083, .F. ) ;
#5766 = VERTEX_POINT ( 'NONE', #2589 ) ;
#5767 = DIRECTION ( 'NONE',  ( -1.000000000000000000, 0.0000000000000000000, 0.0000000000000000000 ) ) ;
#5768 = EDGE_CURVE ( 'NONE', #3573, #1480, #2162, .T. ) ;
#5769 = LINE ( 'NONE', #4585, #5834 ) ;
#5770 =( LENGTH_UNIT ( ) NAMED_UNIT ( * ) SI_UNIT ( .MILLI., .METRE. ) );
#5771 = CARTESIAN_POINT ( 'NONE',  ( 0.6386543096955221700, 4.658160804959410800, 1.224090181960073400 ) ) ;
#5772 = ORIENTED_EDGE ( 'NONE', *, *, #745, .F. ) ;
#5773 = CARTESIAN_POINT ( 'NONE',  ( -3.120077886280484800, -1.694808743384803400, 2.475795955611794800 ) ) ;
#5774 = CARTESIAN_POINT ( 'NONE',  ( 0.0000000000000000000, 6.580000000000000100, 2.399999999999999900 ) ) ;
#5775 = FACE_OUTER_BOUND ( 'NONE', #5729, .T. ) ;
#5776 = CARTESIAN_POINT ( 'NONE',  ( -17.68077914467999500, -0.9999999999999998900, -0.5000000000000000000 ) ) ;
#5777 = EDGE_CURVE ( 'NONE', #2340, #852, #5096, .T. ) ;
#5778 = CARTESIAN_POINT ( 'NONE',  ( -3.144498528597742000, -1.193645776116188700, -2.533552395200396200 ) ) ;
#5779 = CARTESIAN_POINT ( 'NONE',  ( -3.006703459583845600, -1.480454001125855800, -2.376729261598916000 ) ) ;
#5780 = AXIS2_PLACEMENT_3D ( 'NONE', #3423, #626, #3856 ) ;
#5781 = EDGE_LOOP ( 'NONE', ( #4705, #4342, #1474, #4108, #65, #1742, #2611, #1738 ) ) ;
#5782 = EDGE_CURVE ( 'NONE', #1093, #1755, #3262, .T. ) ;
#5783 = CARTESIAN_POINT ( 'NONE',  ( -2.399924400003737200, 7.991421356237301800, -0.01904925895414256700 ) ) ;
#5784 = ORIENTED_EDGE ( 'NONE', *, *, #3189, .T. ) ;
#5785 = APPLICATION_PROTOCOL_DEFINITION ( 'international standard', 'config_control_design', 1994, #2733 ) ;
#5786 = CARTESIAN_POINT ( 'NONE',  ( -1.828543407656484200, 0.6622945447521372300, 1.256418622036018300 ) ) ;
#5787 = CARTESIAN_POINT ( 'NONE',  ( 0.6318978804084147700, 7.991421356237305300, -2.315319647205403200 ) ) ;
#5788 = ADVANCED_FACE ( 'NONE', ( #4814 ), #907, .T. ) ;
#5789 = ORIENTED_EDGE ( 'NONE', *, *, #721, .T. ) ;
#5790 = CARTESIAN_POINT ( 'NONE',  ( -3.209563692390525100, -1.274996022950293000, 2.493138096117438500 ) ) ;
#5791 = CARTESIAN_POINT ( 'NONE',  ( -0.6500000000008026000, 7.892213050055212300, -2.110899755881380000 ) ) ;
#5792 = ORIENTED_EDGE ( 'NONE', *, *, #1065, .F. ) ;
#5793 = CARTESIAN_POINT ( 'NONE',  ( -2.988067718840151900, -1.403200355571568400, -2.423034316621432500 ) ) ;
#5794 = ORIENTED_EDGE ( 'NONE', *, *, #5199, .T. ) ;
#5795 = EDGE_LOOP ( 'NONE', ( #5153, #2749, #5804 ) ) ;
#5796 = ORIENTED_EDGE ( 'NONE', *, *, #1652, .F. ) ;
#5797 = SECURITY_CLASSIFICATION_LEVEL ( 'unclassified' ) ;
#5798 = CARTESIAN_POINT ( 'NONE',  ( 0.5000000000043876000, 13.84999999999993600, 2.373887304911560700 ) ) ;
#5799 = EDGE_CURVE ( 'NONE', #3, #425, #1705, .T. ) ;
#5800 = CARTESIAN_POINT ( 'NONE',  ( -1.906963664987986900, 0.6622945447521372300, 1.123287443356267000 ) ) ;
#5801 = CARTESIAN_POINT ( 'NONE',  ( -4.188155578049999900, 1.104000000004037100, 2.271315018279005400 ) ) ;
#5802 = CARTESIAN_POINT ( 'NONE',  ( -3.238155578050000200, 0.0000000000000000000, 0.0000000000000000000 ) ) ;
#5803 = LINE ( 'NONE', #3874, #2215 ) ;
#5804 = ORIENTED_EDGE ( 'NONE', *, *, #4359, .T. ) ;
#5805 = VERTEX_POINT ( 'NONE', #4388 ) ;
#5806 = CARTESIAN_POINT ( 'NONE',  ( -3.193498523430588600, -1.607903363104845600, -2.293182176399260800 ) ) ;
#5807 = CARTESIAN_POINT ( 'NONE',  ( -3.382828582401615300, -1.364439959232939500, 2.445123494886188200 ) ) ;
#5808 = VERTEX_POINT ( 'NONE', #3518 ) ;
#5809 = DIRECTION ( 'NONE',  ( -0.1993679344172056800, -0.0000000000000000000, 0.9799247046208279200 ) ) ;
#5810 = CARTESIAN_POINT ( 'NONE',  ( 0.4386094557178163400, 0.7000000000000105000, 2.155834350165863000 ) ) ;
#5811 = ADVANCED_FACE ( 'NONE', ( #2000 ), #3387, .T. ) ;
#5812 = CARTESIAN_POINT ( 'NONE',  ( -3.031920254981208100, -1.522995856566710800, -2.349952230645372200 ) ) ;
#5813 = VERTEX_POINT ( 'NONE', #288 ) ;
#5814 = ADVANCED_FACE ( 'NONE', ( #1057 ), #1044, .F. ) ;
#5815 = FACE_OUTER_BOUND ( 'NONE', #1096, .T. ) ;
#5816 = CARTESIAN_POINT ( 'NONE',  ( -3.453540933697250900, -1.375086338436019700, 2.666654211884247800 ) ) ;
#5817 = VERTEX_POINT ( 'NONE', #4407 ) ;
#5818 = DATE_TIME_ROLE ( 'creation_date' ) ;
#5819 = DIRECTION ( 'NONE',  ( 1.000000000000000000, -0.0000000000000000000, -0.0000000000000000000 ) ) ;
#5820 = CARTESIAN_POINT ( 'NONE',  ( 0.6499999999991347100, 7.956005524474398300, -2.241801793372905700 ) ) ;
#5821 = CARTESIAN_POINT ( 'NONE',  ( -1.137435954728039400E-013, 9.299999999999998900, -2.399999999999972800 ) ) ;
#5822 = AXIS2_PLACEMENT_3D ( 'NONE', #4421, #4205, #4166 ) ;
#5823 = AXIS2_PLACEMENT_3D ( 'NONE', #4455, #1736, #4900 ) ;
#5824 = CARTESIAN_POINT ( 'NONE',  ( -1.238155578050000200, 0.0000000000000000000, 0.6599999999999000000 ) ) ;
#5825 = APPROVAL ( #1912, 'UNKNOWN' ) ;
#5826 = CARTESIAN_POINT ( 'NONE',  ( -8.180779144683999200, 0.6599999999999000000, 0.0000000000000000000 ) ) ;
#5827 = LINE ( 'NONE', #2670, #5342 ) ;
#5828 = CARTESIAN_POINT ( 'NONE',  ( -4.188155578049999900, 1.906207602793561400E-012, -2.399999999999549200 ) ) ;
#5829 = DIRECTION ( 'NONE',  ( 0.2300000000000108300, 0.0000000000000000000, 0.9731906288081461100 ) ) ;
#5830 = CARTESIAN_POINT ( 'NONE',  ( 0.2990545520667153800, 2.631618554750719200, 1.469900084264503600 ) ) ;
#5831 = CIRCLE ( 'NONE', #889, 0.09999900212796718200 ) ;
#5832 = CARTESIAN_POINT ( 'NONE',  ( -1.238155578050000000, 8.082668874371306600E-017, -0.6599999999999000000 ) ) ;
#5833 = CARTESIAN_POINT ( 'NONE',  ( -2.149999999999965700, 0.7000000000000000700, 1.066536450385107100 ) ) ;
#5834 = VECTOR ( 'NONE', #5049, 1000.000000000000000 ) ;
#5835 = APPLICATION_CONTEXT ( 'configuration controlled 3d designs of mechanical parts and assemblies' ) ;
#5836 = ADVANCED_FACE ( 'NONE', ( #765, #691 ), #4842, .F. ) ;
#5837 = CARTESIAN_POINT ( 'NONE',  ( -0.4425590257468018400, 0.6434418171282300100, 2.175247107063320600 ) ) ;
#5838 = AXIS2_PLACEMENT_3D ( 'NONE', #2487, #5208, #2466 ) ;
#5839 = CARTESIAN_POINT ( 'NONE',  ( -3.019410960405843900, -1.291843986121899300, -2.484474919462587000 ) ) ;
#5840 = DIRECTION ( 'NONE',  ( -1.000000000000000000, 0.0000000000000000000, 0.0000000000000000000 ) ) ;
#5841 = ORIENTED_EDGE ( 'NONE', *, *, #2424, .T. ) ;
#5842 = DIRECTION ( 'NONE',  ( 1.000000000000000000, -0.0000000000000000000, -0.0000000000000000000 ) ) ;
#5843 = CARTESIAN_POINT ( 'NONE',  ( -2.988067718840150500, -1.503201911426841600, -2.596242092198689700 ) ) ;
#5844 = ORIENTED_EDGE ( 'NONE', *, *, #5583, .F. ) ;
#5845 = CARTESIAN_POINT ( 'NONE',  ( -3.018865668983745600, -1.331839585030782700, 2.578541607822491900 ) ) ;
#5846 = ORIENTED_EDGE ( 'NONE', *, *, #4022, .F. ) ;
#5847 = NEXT_ASSEMBLY_USAGE_OCCURRENCE ( 'NAUO1', ' ', ' ', #3399, #4478, $ ) ;
#5848 = NEXT_ASSEMBLY_USAGE_OCCURRENCE ( 'NAUO2', ' ', ' ', #3399, #5188, $ ) ;
#5849 = NEXT_ASSEMBLY_USAGE_OCCURRENCE ( 'NAUO3', ' ', ' ', #3399, #1899, $ ) ;
#5850 = NEXT_ASSEMBLY_USAGE_OCCURRENCE ( 'NAUO4', ' ', ' ', #3399, #2683, $ ) ;
ENDSEC;
END-ISO-10303-21;
