ISO-10303-21;
HEADER;
FILE_DESCRIPTION (( 'STEP AP214' ),
    '1' );
FILE_NAME ('533980271.STEP',
    '2021-11-27T22:10:21',
    ( 'AVRASM1234' ),
    ( '' ),
    'SwSTEP 2.0',
    'SolidWorks 2017',
    '' );
FILE_SCHEMA (( 'AUTOMOTIVE_DESIGN' ));
ENDSEC;

DATA;
#1 = ORIENTED_EDGE ( 'NONE', *, *, #4389, .T. ) ;
#2 = ORIENTED_EDGE ( 'NONE', *, *, #2206, .T. ) ;
#3 = EDGE_LOOP ( 'NONE', ( #3507, #5372, #4327, #2300, #4620 ) ) ;
#4 = UNCERTAINTY_MEASURE_WITH_UNIT (LENGTH_MEASURE( 1.000000000000000100E-005 ), #5926, 'distance_accuracy_value', 'NONE');
#5 = CARTESIAN_POINT ( 'NONE',  ( -3.145000000000000000, 1.100000000000000100, 1.529999999999999800 ) ) ;
#6 = DIRECTION ( 'NONE',  ( 0.0000000000000000000, 0.0000000000000000000, -1.000000000000000000 ) ) ;
#7 =( LENGTH_UNIT ( ) NAMED_UNIT ( * ) SI_UNIT ( .MILLI., .METRE. ) );
#8 = EDGE_LOOP ( 'NONE', ( #4899, #5719, #1616, #930 ) ) ;
#9 = ADVANCED_FACE ( 'NONE', ( #2841 ), #98, .T. ) ;
#10 = LINE ( 'NONE', #247, #1379 ) ;
#11 = DIRECTION ( 'NONE',  ( 0.0000000000000000000, 0.0000000000000000000, -1.000000000000000000 ) ) ;
#12 = ORIENTED_EDGE ( 'NONE', *, *, #3301, .T. ) ;
#13 = CARTESIAN_POINT ( 'NONE',  ( -2.124999999999999100, -0.8000000000000003800, 2.400000000000002100 ) ) ;
#14 = DIRECTION ( 'NONE',  ( -0.7071067811865456900, 0.0000000000000000000, -0.7071067811865494600 ) ) ;
#15 = PLANE ( 'NONE',  #6254 ) ;
#16 = ORIENTED_EDGE ( 'NONE', *, *, #4516, .T. ) ;
#17 = ORIENTED_EDGE ( 'NONE', *, *, #6230, .F. ) ;
#18 = DIRECTION ( 'NONE',  ( -1.000000000000000000, 0.0000000000000000000, 0.0000000000000000000 ) ) ;
#19 = DIRECTION ( 'NONE',  ( 0.0000000000000000000, 0.7071067811865433500, -0.7071067811865517900 ) ) ;
#20 = CARTESIAN_POINT ( 'NONE',  ( -2.243333333333335800, 0.02166666666666788200, 0.6283333333333359600 ) ) ;
#21 = EDGE_CURVE ( 'NONE', #4971, #53, #6985, .T. ) ;
#22 = SURFACE_STYLE_FILL_AREA ( #965 ) ;
#23 = VERTEX_POINT ( 'NONE', #4923 ) ;
#24 = ORIENTED_EDGE ( 'NONE', *, *, #5958, .F. ) ;
#25 = PLANE ( 'NONE',  #4822 ) ;
#26 = ORIENTED_EDGE ( 'NONE', *, *, #3242, .F. ) ;
#27 = AXIS2_PLACEMENT_3D ( 'NONE', #5515, #5792, #5873 ) ;
#28 = DIRECTION ( 'NONE',  ( 0.0000000000000000000, 0.7071067811865496800, 0.7071067811865453500 ) ) ;
#29 = FACE_OUTER_BOUND ( 'NONE', #3963, .T. ) ;
#30 = EDGE_CURVE ( 'NONE', #4749, #5580, #5570, .T. ) ;
#31 = ORIENTED_EDGE ( 'NONE', *, *, #2185, .F. ) ;
#32 = VECTOR ( 'NONE', #6373, 1000.000000000000000 ) ;
#33 = EDGE_CURVE ( 'NONE', #2830, #4427, #2657, .T. ) ;
#34 = STYLED_ITEM ( 'NONE', ( #1550 ), #6563 ) ;
#35 = ORIENTED_EDGE ( 'NONE', *, *, #172, .T. ) ;
#36 = AXIS2_PLACEMENT_3D ( 'NONE', #2677, #4476, #3136 ) ;
#37 = AXIS2_PLACEMENT_3D ( 'NONE', #4229, #4730, #1471 ) ;
#38 = CARTESIAN_POINT ( 'NONE',  ( -3.324999999999999700, -0.8000000000000001600, 2.200000000000000200 ) ) ;
#39 = VECTOR ( 'NONE', #4308, 1000.000000000000100 ) ;
#40 = VERTEX_POINT ( 'NONE', #708 ) ;
#41 = DIRECTION ( 'NONE',  ( -0.0000000000000000000, -1.000000000000000000, -0.0000000000000000000 ) ) ;
#42 = UNCERTAINTY_MEASURE_WITH_UNIT (LENGTH_MEASURE( 1.000000000000000100E-005 ), #1212, 'distance_accuracy_value', 'NONE');
#43 = ADVANCED_FACE ( 'NONE', ( #3961 ), #939, .T. ) ;
#44 = FILL_AREA_STYLE_COLOUR ( '', #5326 ) ;
#45 = ORIENTED_EDGE ( 'NONE', *, *, #6530, .F. ) ;
#46 = PLANE ( 'NONE',  #319 ) ;
#47 =( NAMED_UNIT ( * ) SI_UNIT ( $, .STERADIAN. ) SOLID_ANGLE_UNIT ( ) );
#48 = COLOUR_RGB ( '',0.8000000000000000400, 0.8078431372549019800, 0.8000000000000000400 ) ;
#49 = ORIENTED_EDGE ( 'NONE', *, *, #4868, .F. ) ;
#50 = EDGE_CURVE ( 'NONE', #6744, #5431, #4145, .T. ) ;
#51 = DIRECTION ( 'NONE',  ( 0.0000000000000000000, 1.000000000000000000, 1.464376960240159700E-015 ) ) ;
#52 = ORIENTED_EDGE ( 'NONE', *, *, #1202, .F. ) ;
#53 = VERTEX_POINT ( 'NONE', #3173 ) ;
#54 = VECTOR ( 'NONE', #5778, 1000.000000000000000 ) ;
#55 = DIRECTION ( 'NONE',  ( 1.000000000000000000, 0.0000000000000000000, 0.0000000000000000000 ) ) ;
#56 = ORIENTED_EDGE ( 'NONE', *, *, #4015, .F. ) ;
#57 = DIRECTION ( 'NONE',  ( 0.0000000000000000000, -1.000000000000000000, 0.0000000000000000000 ) ) ;
#58 = DIRECTION ( 'NONE',  ( 1.000000000000000000, 0.0000000000000000000, 0.0000000000000000000 ) ) ;
#59 = PRESENTATION_STYLE_ASSIGNMENT (( #3594 ) ) ;
#60 = ORIENTED_EDGE ( 'NONE', *, *, #21, .T. ) ;
#61 = PRESENTATION_STYLE_ASSIGNMENT (( #2220 ) ) ;
#62 = EDGE_CURVE ( 'NONE', #3330, #5481, #983, .T. ) ;
#63 = DIRECTION ( 'NONE',  ( -1.000000000000000000, 0.0000000000000000000, 0.0000000000000000000 ) ) ;
#64 = LINE ( 'NONE', #6302, #4371 ) ;
#65 = EDGE_CURVE ( 'NONE', #4768, #3160, #6634, .T. ) ;
#66 = DIRECTION ( 'NONE',  ( -1.885568995626964300E-016, 0.0000000000000000000, -1.000000000000000000 ) ) ;
#67 = ORIENTED_EDGE ( 'NONE', *, *, #21, .F. ) ;
#68 = FACE_OUTER_BOUND ( 'NONE', #3836, .T. ) ;
#69 = AXIS2_PLACEMENT_3D ( 'NONE', #4514, #5863, #6949 ) ;
#70 = ORIENTED_EDGE ( 'NONE', *, *, #1863, .F. ) ;
#71 = CARTESIAN_POINT ( 'NONE',  ( -2.124999999999999600, -1.100000000000000100, 1.749999999999999600 ) ) ;
#72 = VECTOR ( 'NONE', #1598, 1000.000000000000000 ) ;
#73 = ADVANCED_FACE ( 'NONE', ( #791 ), #1613, .F. ) ;
#74 = CARTESIAN_POINT ( 'NONE',  ( 1.524999999999993000, -0.6999999999999988500, 1.749999999999996400 ) ) ;
#75 =( LENGTH_UNIT ( ) NAMED_UNIT ( * ) SI_UNIT ( .MILLI., .METRE. ) );
#76 = EDGE_CURVE ( 'NONE', #1244, #4248, #5021, .T. ) ;
#77 = VECTOR ( 'NONE', #5854, 1000.000000000000000 ) ;
#78 = ORIENTED_EDGE ( 'NONE', *, *, #2612, .F. ) ;
#79 = EDGE_LOOP ( 'NONE', ( #5732, #7053, #214, #7074 ) ) ;
#80 = VECTOR ( 'NONE', #1444, 1000.000000000000000 ) ;
#81 = DIRECTION ( 'NONE',  ( 1.000000000000000000, 0.0000000000000000000, 0.0000000000000000000 ) ) ;
#82 = CARTESIAN_POINT ( 'NONE',  ( -3.824999999999999700, -0.8999999999999995800, -5.421010862427522200E-017 ) ) ;
#83 = DIRECTION ( 'NONE',  ( -1.495451272393799300E-016, 0.0000000000000000000, -1.000000000000000000 ) ) ;
#84 = CARTESIAN_POINT ( 'NONE',  ( 1.625000000000000200, -0.4000000000000006300, 0.2999999999999988200 ) ) ;
#85 = MECHANICAL_DESIGN_GEOMETRIC_PRESENTATION_REPRESENTATION (  '', ( #6169 ), #479 ) ;
#86 = DIRECTION ( 'NONE',  ( 0.0000000000000000000, 0.0000000000000000000, -1.000000000000000000 ) ) ;
#87 = EDGE_LOOP ( 'NONE', ( #2188, #6953, #2289, #4606 ) ) ;
#88 = ORIENTED_EDGE ( 'NONE', *, *, #6285, .T. ) ;
#89 = VECTOR ( 'NONE', #2332, 1000.000000000000000 ) ;
#90 = LINE ( 'NONE', #2138, #1467 ) ;
#91 = FACE_OUTER_BOUND ( 'NONE', #6962, .T. ) ;
#92 = EDGE_LOOP ( 'NONE', ( #4719, #5911, #5557, #3063, #4296, #2095, #4360, #402 ) ) ;
#93 =( NAMED_UNIT ( * ) PLANE_ANGLE_UNIT ( ) SI_UNIT ( $, .RADIAN. ) );
#94 = CARTESIAN_POINT ( 'NONE',  ( 2.128248708953007900E-017, 0.0000000000000000000, 0.04999999999999937100 ) ) ;
#95 = DIRECTION ( 'NONE',  ( 1.000000000000000000, 0.0000000000000000000, 2.304851557154560100E-017 ) ) ;
#96 = CARTESIAN_POINT ( 'NONE',  ( 0.7850000000000003600, 0.2499999999999996700, 0.2999999999999966000 ) ) ;
#97 = LINE ( 'NONE', #2382, #2944 ) ;
#98 = PLANE ( 'NONE',  #2933 ) ;
#99 = CARTESIAN_POINT ( 'NONE',  ( 3.145000000000000000, -1.100000000000000100, 1.529999999999999800 ) ) ;
#100 = EDGE_CURVE ( 'NONE', #872, #5325, #3778, .T. ) ;
#101 = PRESENTATION_STYLE_ASSIGNMENT (( #4630 ) ) ;
#102 = CARTESIAN_POINT ( 'NONE',  ( 1.624999999999999800, -1.100000000000000500, 0.04999999999999883000 ) ) ;
#103 = ORIENTED_EDGE ( 'NONE', *, *, #4160, .T. ) ;
#104 = ORIENTED_EDGE ( 'NONE', *, *, #6635, .F. ) ;
#105 = CARTESIAN_POINT ( 'NONE',  ( -0.4649999999999996400, -0.3750000000000005000, 3.499999999999986700 ) ) ;
#106 = VECTOR ( 'NONE', #480, 1000.000000000000000 ) ;
#107 = CARTESIAN_POINT ( 'NONE',  ( 2.125000000000000000, 1.700000000000000000, 2.400000000000001200 ) ) ;
#108 = VECTOR ( 'NONE', #6619, 1000.000000000000000 ) ;
#109 = CARTESIAN_POINT ( 'NONE',  ( 1.624999999999999800, 2.600000000000000100, 0.04999999999999883000 ) ) ;
#110 = DIRECTION ( 'NONE',  ( -1.000000000000000000, 0.0000000000000000000, 3.252606517456513300E-016 ) ) ;
#111 = CARTESIAN_POINT ( 'NONE',  ( -2.599000000000000200, 1.100000000000000100, 0.3039999999999999400 ) ) ;
#112 = LINE ( 'NONE', #3093, #1487 ) ;
#113 = CARTESIAN_POINT ( 'NONE',  ( -0.7849999999999997000, 0.2499999999999996700, 0.2999999999999966000 ) ) ;
#114 = EDGE_CURVE ( 'NONE', #5047, #3270, #3590, .T. ) ;
#115 = EDGE_CURVE ( 'NONE', #4248, #331, #619, .T. ) ;
#116 = ADVANCED_FACE ( 'NONE', ( #433 ), #7115, .T. ) ;
#117 = VERTEX_POINT ( 'NONE', #715 ) ;
#118 = ORIENTED_EDGE ( 'NONE', *, *, #1727, .F. ) ;
#119 = DIRECTION ( 'NONE',  ( 0.5773502691896272900, -0.5773502691896250600, -0.5773502691896248400 ) ) ;
#120 = PRESENTATION_LAYER_ASSIGNMENT (  '', '', ( #5837 ) ) ;
#121 = DIRECTION ( 'NONE',  ( -0.0000000000000000000, -1.000000000000000000, -0.0000000000000000000 ) ) ;
#122 = DIRECTION ( 'NONE',  ( 0.0000000000000000000, -1.000000000000000000, 0.0000000000000000000 ) ) ;
#123 = DIRECTION ( 'NONE',  ( -4.329299058870684000E-016, 0.7071067811865506800, 0.7071067811865443500 ) ) ;
#124 = LINE ( 'NONE', #6090, #2970 ) ;
#125 = DIRECTION ( 'NONE',  ( 0.0000000000000000000, -0.9889363528682980600, -0.1483404529302414000 ) ) ;
#126 = EDGE_CURVE ( 'NONE', #275, #5567, #4844, .T. ) ;
#127 = DIRECTION ( 'NONE',  ( 1.000000000000000000, 0.0000000000000000000, 0.0000000000000000000 ) ) ;
#128 = DIRECTION ( 'NONE',  ( -1.172110456741086100E-016, 1.000000000000000000, -0.0000000000000000000 ) ) ;
#129 = FACE_OUTER_BOUND ( 'NONE', #3840, .T. ) ;
#130 = CARTESIAN_POINT ( 'NONE',  ( 0.4650000000000003600, 0.2499999999999996700, 0.1799999999999966600 ) ) ;
#131 = ORIENTED_EDGE ( 'NONE', *, *, #3427, .F. ) ;
#132 = AXIS2_PLACEMENT_3D ( 'NONE', #2518, #6298, #3066 ) ;
#133 = FILL_AREA_STYLE_COLOUR ( '', #1258 ) ;
#134 = CARTESIAN_POINT ( 'NONE',  ( 2.124999999999999600, -1.100000000000000300, 0.04999999999999867100 ) ) ;
#135 = ORIENTED_EDGE ( 'NONE', *, *, #6118, .F. ) ;
#136 = DIRECTION ( 'NONE',  ( -1.000000000000000000, 0.0000000000000000000, -0.0000000000000000000 ) ) ;
#137 = DIRECTION ( 'NONE',  ( 0.0000000000000000000, -1.294569758191648900E-016, 1.000000000000000000 ) ) ;
#138 = DIRECTION ( 'NONE',  ( 0.0000000000000000000, -0.7071067811865496800, -0.7071067811865453500 ) ) ;
#139 = LINE ( 'NONE', #6127, #2818 ) ;
#140 = VERTEX_POINT ( 'NONE', #74 ) ;
#141 = ORIENTED_EDGE ( 'NONE', *, *, #114, .F. ) ;
#142 = UNCERTAINTY_MEASURE_WITH_UNIT (LENGTH_MEASURE( 1.000000000000000100E-005 ), #1912, 'distance_accuracy_value', 'NONE');
#143 = ORIENTED_EDGE ( 'NONE', *, *, #4649, .F. ) ;
#144 = CARTESIAN_POINT ( 'NONE',  ( 3.358333333333333800, 0.1333333333333342500, 1.533333333333331400 ) ) ;
#145 = LINE ( 'NONE', #2795, #5867 ) ;
#146 = CARTESIAN_POINT ( 'NONE',  ( -1.824999999999999500, 0.09999999999999982500, 1.749999999999996400 ) ) ;
#147 = CARTESIAN_POINT ( 'NONE',  ( 1.050000000000000000, -1.100000000000000100, 0.6499999999999990200 ) ) ;
#148 = LINE ( 'NONE', #3168, #6044 ) ;
#149 = PLANE ( 'NONE',  #5454 ) ;
#150 = DIRECTION ( 'NONE',  ( -1.000000000000000000, -0.0000000000000000000, 0.0000000000000000000 ) ) ;
#151 = VERTEX_POINT ( 'NONE', #102 ) ;
#152 = CARTESIAN_POINT ( 'NONE',  ( 1.524999999999992600, 0.8499999999999996400, 1.749999999999996400 ) ) ;
#153 = LINE ( 'NONE', #3152, #5717 ) ;
#154 = ADVANCED_FACE ( 'NONE', ( #6461 ), #464, .F. ) ;
#155 = DIRECTION ( 'NONE',  ( -3.051828337366604500E-016, 0.0000000000000000000, -1.000000000000000000 ) ) ;
#156 = ORIENTED_EDGE ( 'NONE', *, *, #941, .F. ) ;
#157 = EDGE_CURVE ( 'NONE', #6195, #3635, #1970, .T. ) ;
#158 = DIRECTION ( 'NONE',  ( -1.000000000000000000, -4.336808689942017700E-016, 3.252606517456513300E-016 ) ) ;
#159 = DIRECTION ( 'NONE',  ( 1.000000000000000000, 0.0000000000000000000, 0.0000000000000000000 ) ) ;
#160 = DIRECTION ( 'NONE',  ( 1.000000000000000000, 0.0000000000000000000, 6.122553444624025000E-016 ) ) ;
#161 = ORIENTED_EDGE ( 'NONE', *, *, #3483, .F. ) ;
#162 = DIRECTION ( 'NONE',  ( 0.0000000000000000000, 1.000000000000000000, 0.0000000000000000000 ) ) ;
#163 = CARTESIAN_POINT ( 'NONE',  ( -2.124999999999999600, -1.100000000000000100, 0.0000000000000000000 ) ) ;
#164 = ORIENTED_EDGE ( 'NONE', *, *, #2369, .T. ) ;
#165 = AXIS2_PLACEMENT_3D ( 'NONE', #5744, #6823, #6847 ) ;
#166 = VECTOR ( 'NONE', #645, 1000.000000000000000 ) ;
#167 = CARTESIAN_POINT ( 'NONE',  ( 3.124999999999999100, 1.700000000000000000, 0.2999999999999999300 ) ) ;
#168 = VERTEX_POINT ( 'NONE', #1204 ) ;
#169 = EDGE_CURVE ( 'NONE', #6869, #2858, #5976, .T. ) ;
#170 = LINE ( 'NONE', #6241, #7152 ) ;
#171 = ORIENTED_EDGE ( 'NONE', *, *, #1727, .T. ) ;
#172 = EDGE_CURVE ( 'NONE', #2201, #1473, #1791, .T. ) ;
#173 = LINE ( 'NONE', #5456, #5402 ) ;
#174 = VECTOR ( 'NONE', #1435, 1000.000000000000100 ) ;
#175 = ORIENTED_EDGE ( 'NONE', *, *, #1718, .F. ) ;
#176 = DIRECTION ( 'NONE',  ( -7.228014483236698500E-016, 1.000000000000000000, -0.0000000000000000000 ) ) ;
#177 = AXIS2_PLACEMENT_3D ( 'NONE', #1940, #5755, #2505 ) ;
#178 = CARTESIAN_POINT ( 'NONE',  ( 1.624999999999999800, 2.600000000000000100, 0.04999999999999883000 ) ) ;
#179 =( GEOMETRIC_REPRESENTATION_CONTEXT ( 3 ) GLOBAL_UNCERTAINTY_ASSIGNED_CONTEXT ( ( #42 ) ) GLOBAL_UNIT_ASSIGNED_CONTEXT ( ( #1212, #1285, #1310 ) ) REPRESENTATION_CONTEXT ( 'NONE', 'WORKASPACE' ) );
#180 = VERTEX_POINT ( 'NONE', #1686 ) ;
#181 = PRESENTATION_LAYER_ASSIGNMENT (  '', '', ( #6605 ) ) ;
#182 = VERTEX_POINT ( 'NONE', #1597 ) ;
#183 = ORIENTED_EDGE ( 'NONE', *, *, #1729, .T. ) ;
#184 = CARTESIAN_POINT ( 'NONE',  ( 2.649000000000000500, 1.100000000000000100, 0.3039999999999999400 ) ) ;
#185 = CYLINDRICAL_SURFACE ( 'NONE', #3033, 0.3039999999999999900 ) ;
#186 = ORIENTED_EDGE ( 'NONE', *, *, #76, .T. ) ;
#187 = VECTOR ( 'NONE', #2509, 1000.000000000000000 ) ;
#188 = DIRECTION ( 'NONE',  ( 3.051828337366604500E-016, -0.0000000000000000000, 1.000000000000000000 ) ) ;
#189 = PLANE ( 'NONE',  #5500 ) ;
#190 = DIRECTION ( 'NONE',  ( 0.0000000000000000000, 1.000000000000000000, 2.032879073410321300E-016 ) ) ;
#191 = CARTESIAN_POINT ( 'NONE',  ( 0.4650000000000003600, 0.3499999999999997000, 3.499999999999984000 ) ) ;
#192 = DIRECTION ( 'NONE',  ( 0.0000000000000000000, 0.0000000000000000000, 1.000000000000000000 ) ) ;
#193 = ADVANCED_FACE ( 'NONE', ( #3095 ), #1668, .F. ) ;
#194 = ORIENTED_EDGE ( 'NONE', *, *, #4105, .F. ) ;
#195 = EDGE_LOOP ( 'NONE', ( #5188, #141, #5520, #4938 ) ) ;
#196 = CARTESIAN_POINT ( 'NONE',  ( -0.7849999999999997000, 3.100000000000000100, 0.09999999999999947800 ) ) ;
#197 = SURFACE_SIDE_STYLE ('',( #2087 ) ) ;
#198 =( NAMED_UNIT ( * ) PLANE_ANGLE_UNIT ( ) SI_UNIT ( $, .RADIAN. ) );
#199 = CARTESIAN_POINT ( 'NONE',  ( -0.7849999999999997000, -0.3750000000000001100, 0.04999999999999861500 ) ) ;
#200 = FACE_OUTER_BOUND ( 'NONE', #2341, .T. ) ;
#201 = CARTESIAN_POINT ( 'NONE',  ( 0.4650000000000003600, -0.1500000000000003000, 0.1799999999999965800 ) ) ;
#202 = VERTEX_POINT ( 'NONE', #1125 ) ;
#203 = FACE_OUTER_BOUND ( 'NONE', #2025, .T. ) ;
#204 = DIRECTION ( 'NONE',  ( 0.5773502691896257300, 0.5773502691896257300, -0.5773502691896257300 ) ) ;
#205 = EDGE_LOOP ( 'NONE', ( #6570, #4171, #360, #5365 ) ) ;
#206 = LINE ( 'NONE', #1990, #5764 ) ;
#207 = ORIENTED_EDGE ( 'NONE', *, *, #1048, .T. ) ;
#208 = PLANE ( 'NONE',  #132 ) ;
#209 = LINE ( 'NONE', #5610, #32 ) ;
#210 = DIRECTION ( 'NONE',  ( 0.0000000000000000000, -0.7071067811865496800, -0.7071067811865453500 ) ) ;
#211 =( LENGTH_UNIT ( ) NAMED_UNIT ( * ) SI_UNIT ( .MILLI., .METRE. ) );
#212 = FILL_AREA_STYLE ('',( #6825 ) ) ;
#213 = CARTESIAN_POINT ( 'NONE',  ( -2.124999999999999100, 2.299999999999999800, 3.699999999999996600 ) ) ;
#214 = ORIENTED_EDGE ( 'NONE', *, *, #6342, .T. ) ;
#215 = EDGE_CURVE ( 'NONE', #5758, #1731, #1077, .T. ) ;
#216 = CARTESIAN_POINT ( 'NONE',  ( 0.1999999999999998700, 2.600000000000000100, 0.6499999999999990200 ) ) ;
#217 = EDGE_CURVE ( 'NONE', #3584, #5171, #6714, .T. ) ;
#218 = DIRECTION ( 'NONE',  ( 0.0000000000000000000, -0.0000000000000000000, -1.000000000000000000 ) ) ;
#219 = VERTEX_POINT ( 'NONE', #3484 ) ;
#220 = SURFACE_SIDE_STYLE ('',( #3982 ) ) ;
#221 = CARTESIAN_POINT ( 'NONE',  ( -2.649000000000000500, -1.100000000000000100, 1.276000000000000000 ) ) ;
#222 = STYLED_ITEM ( 'NONE', ( #5233 ), #3099 ) ;
#223 = CARTESIAN_POINT ( 'NONE',  ( 0.4650000000000003600, -0.6250000000000003300, 0.2999999999999964900 ) ) ;
#224 = EDGE_CURVE ( 'NONE', #6258, #3922, #884, .T. ) ;
#225 = LINE ( 'NONE', #3022, #2718 ) ;
#226 = ADVANCED_FACE ( 'NONE', ( #2396 ), #3930, .T. ) ;
#227 = ORIENTED_EDGE ( 'NONE', *, *, #6964, .T. ) ;
#228 =( LENGTH_UNIT ( ) NAMED_UNIT ( * ) SI_UNIT ( .MILLI., .METRE. ) );
#229 = EDGE_LOOP ( 'NONE', ( #2659, #6821, #2224, #5268 ) ) ;
#230 = CARTESIAN_POINT ( 'NONE',  ( -0.4649999999999996400, 2.350000000000002800, 0.6499999999999993600 ) ) ;
#231 = FACE_OUTER_BOUND ( 'NONE', #6362, .T. ) ;
#232 =( GEOMETRIC_REPRESENTATION_CONTEXT ( 3 ) GLOBAL_UNCERTAINTY_ASSIGNED_CONTEXT ( ( #1911 ) ) GLOBAL_UNIT_ASSIGNED_CONTEXT ( ( #5946, #2699, #6475 ) ) REPRESENTATION_CONTEXT ( 'NONE', 'WORKASPACE' ) );
#233 = VECTOR ( 'NONE', #5961, 1000.000000000000000 ) ;
#234 = ORIENTED_EDGE ( 'NONE', *, *, #100, .T. ) ;
#235 = DIRECTION ( 'NONE',  ( 0.0000000000000000000, -1.000000000000000000, 0.0000000000000000000 ) ) ;
#236 = DIRECTION ( 'NONE',  ( -1.172110456741086100E-016, 1.000000000000000000, -0.0000000000000000000 ) ) ;
#237 = ORIENTED_EDGE ( 'NONE', *, *, #1014, .T. ) ;
#238 = CARTESIAN_POINT ( 'NONE',  ( -2.124999999999999100, 1.700000000000000200, 3.699999999999996600 ) ) ;
#239 = DIRECTION ( 'NONE',  ( 1.000000000000000000, 0.0000000000000000000, 4.371782953570583600E-016 ) ) ;
#240 = ORIENTED_EDGE ( 'NONE', *, *, #4735, .F. ) ;
#241 = ORIENTED_EDGE ( 'NONE', *, *, #6448, .T. ) ;
#242 = LINE ( 'NONE', #3571, #4515 ) ;
#243 = DIRECTION ( 'NONE',  ( -0.0000000000000000000, -1.000000000000000000, -0.0000000000000000000 ) ) ;
#244 =( NAMED_UNIT ( * ) SI_UNIT ( $, .STERADIAN. ) SOLID_ANGLE_UNIT ( ) );
#245 = EDGE_CURVE ( 'NONE', #3216, #6016, #5284, .T. ) ;
#246 = VECTOR ( 'NONE', #1931, 1000.000000000000000 ) ;
#247 = CARTESIAN_POINT ( 'NONE',  ( -2.125000000000000000, -1.100000000000000100, 0.2999999999999999900 ) ) ;
#248 = DIRECTION ( 'NONE',  ( -1.000000000000000000, -0.0000000000000000000, -0.0000000000000000000 ) ) ;
#249 = DIRECTION ( 'NONE',  ( 0.0000000000000000000, 0.0000000000000000000, 1.000000000000000000 ) ) ;
#250 = PRESENTATION_STYLE_ASSIGNMENT (( #5391 ) ) ;
#251 = VECTOR ( 'NONE', #1644, 1000.000000000000000 ) ;
#252 = CARTESIAN_POINT ( 'NONE',  ( 0.0000000000000000000, 1.700000000000000000, 0.0000000000000000000 ) ) ;
#253 = ORIENTED_EDGE ( 'NONE', *, *, #1100, .F. ) ;
#254 = SURFACE_STYLE_FILL_AREA ( #4168 ) ;
#255 = CARTESIAN_POINT ( 'NONE',  ( -3.624999999999999100, 1.100000000000000100, -4.960040550996609200E-017 ) ) ;
#256 = ORIENTED_EDGE ( 'NONE', *, *, #2908, .T. ) ;
#257 = LINE ( 'NONE', #5842, #4526 ) ;
#258 = ORIENTED_EDGE ( 'NONE', *, *, #3166, .F. ) ;
#259 = SURFACE_STYLE_USAGE ( .BOTH. , #3627 ) ;
#260 = EDGE_CURVE ( 'NONE', #5231, #1130, #3681, .T. ) ;
#261 = LINE ( 'NONE', #3235, #1801 ) ;
#262 = ORIENTED_EDGE ( 'NONE', *, *, #6163, .T. ) ;
#263 = ORIENTED_EDGE ( 'NONE', *, *, #5496, .T. ) ;
#264 = EDGE_CURVE ( 'NONE', #6549, #3187, #2226, .T. ) ;
#265 = DIRECTION ( 'NONE',  ( 1.000000000000000000, -1.807003620809173200E-016, 0.0000000000000000000 ) ) ;
#266 = MANIFOLD_SOLID_BREP ( 'MP2', #6581 ) ;
#267 = CARTESIAN_POINT ( 'NONE',  ( -0.7849999999999997000, -0.1500000000000003300, 0.2999999999999965500 ) ) ;
#268 = DIRECTION ( 'NONE',  ( 1.000000000000000000, -6.195440985631608200E-016, 0.0000000000000000000 ) ) ;
#269 = CARTESIAN_POINT ( 'NONE',  ( -0.7849999999999997000, -0.1500000000000003000, 0.1799999999999965800 ) ) ;
#270 = PRESENTATION_LAYER_ASSIGNMENT (  '', '', ( #6686 ) ) ;
#271 = ORIENTED_EDGE ( 'NONE', *, *, #1482, .T. ) ;
#272 = DIRECTION ( 'NONE',  ( -1.000000000000000000, 0.0000000000000000000, 0.0000000000000000000 ) ) ;
#273 = ADVANCED_FACE ( 'NONE', ( #3486 ), #4888, .F. ) ;
#274 = LINE ( 'NONE', #4714, #448 ) ;
#275 = VERTEX_POINT ( 'NONE', #4567 ) ;
#276 = EDGE_CURVE ( 'NONE', #5973, #5487, #3003, .T. ) ;
#277 = EDGE_CURVE ( 'NONE', #3922, #2878, #4442, .T. ) ;
#278 = ORIENTED_EDGE ( 'NONE', *, *, #2543, .T. ) ;
#279 = DIRECTION ( 'NONE',  ( 1.000000000000000000, -1.807003620809173200E-016, 0.0000000000000000000 ) ) ;
#280 = ORIENTED_EDGE ( 'NONE', *, *, #3337, .T. ) ;
#281 = DIRECTION ( 'NONE',  ( -1.000000000000000000, 1.807003620809173200E-016, -0.0000000000000000000 ) ) ;
#282 = PLANE ( 'NONE',  #2754 ) ;
#283 = MECHANICAL_DESIGN_GEOMETRIC_PRESENTATION_REPRESENTATION (  '', ( #5631 ), #662 ) ;
#284 = FACE_OUTER_BOUND ( 'NONE', #5209, .T. ) ;
#285 = ORIENTED_EDGE ( 'NONE', *, *, #3279, .F. ) ;
#286 = DIRECTION ( 'NONE',  ( -1.000000000000000000, 0.0000000000000000000, 3.252606517456517200E-016 ) ) ;
#287 = VECTOR ( 'NONE', #1846, 1000.000000000000100 ) ;
#288 = ORIENTED_EDGE ( 'NONE', *, *, #3450, .F. ) ;
#289 =( NAMED_UNIT ( * ) SI_UNIT ( $, .STERADIAN. ) SOLID_ANGLE_UNIT ( ) );
#290 = FACE_OUTER_BOUND ( 'NONE', #3623, .T. ) ;
#291 = VERTEX_POINT ( 'NONE', #6098 ) ;
#292 = DIRECTION ( 'NONE',  ( -1.000000000000000000, -0.0000000000000000000, -0.0000000000000000000 ) ) ;
#293 = ORIENTED_EDGE ( 'NONE', *, *, #5444, .F. ) ;
#294 = LINE ( 'NONE', #196, #5835 ) ;
#295 = PLANE ( 'NONE',  #37 ) ;
#296 = LINE ( 'NONE', #2073, #4407 ) ;
#297 = CARTESIAN_POINT ( 'NONE',  ( 1.824999999999992600, 0.09999999999999982500, 1.749999999999996400 ) ) ;
#298 = ORIENTED_EDGE ( 'NONE', *, *, #941, .T. ) ;
#299 = CARTESIAN_POINT ( 'NONE',  ( -3.824999999999999700, -0.8999999999999995800, 0.2539999999999999500 ) ) ;
#300 = DIRECTION ( 'NONE',  ( 0.0000000000000000000, 1.000000000000000000, -1.204669080539448900E-016 ) ) ;
#301 = FILL_AREA_STYLE ('',( #7143 ) ) ;
#302 = ORIENTED_EDGE ( 'NONE', *, *, #3070, .T. ) ;
#303 = EDGE_CURVE ( 'NONE', #4493, #778, #1529, .T. ) ;
#304 = DIRECTION ( 'NONE',  ( 0.0000000000000000000, 0.0000000000000000000, -1.000000000000000000 ) ) ;
#305 = FACE_OUTER_BOUND ( 'NONE', #2589, .T. ) ;
#306 = ORIENTED_EDGE ( 'NONE', *, *, #4948, .F. ) ;
#307 = PRESENTATION_LAYER_ASSIGNMENT (  '', '', ( #6726 ) ) ;
#308 = CARTESIAN_POINT ( 'NONE',  ( -2.124999999999999100, 1.700000000000000200, 3.699999999999996600 ) ) ;
#309 = PLANE ( 'NONE',  #3858 ) ;
#310 = DIRECTION ( 'NONE',  ( -0.0000000000000000000, -1.000000000000000000, -0.0000000000000000000 ) ) ;
#311 = CARTESIAN_POINT ( 'NONE',  ( -0.7849999999999997000, 2.500000000000000000, -1.084202172485504400E-016 ) ) ;
#313 = ADVANCED_FACE ( 'NONE', ( #4293 ), #4495, .T. ) ;
#312 = CARTESIAN_POINT ( 'NONE',  ( 2.124999999999998200, -0.4000000000000006300, 0.2999999999999986600 ) ) ;
#314 = EDGE_CURVE ( 'NONE', #3160, #6500, #5561, .T. ) ;
#315 = VECTOR ( 'NONE', #5240, 1000.000000000000000 ) ;
#316 = VERTEX_POINT ( 'NONE', #82 ) ;
#317 = PLANE ( 'NONE',  #321 ) ;
#318 = EDGE_CURVE ( 'NONE', #6750, #635, #2649, .T. ) ;
#319 = AXIS2_PLACEMENT_3D ( 'NONE', #4004, #4511, #1220 ) ;
#320 = ORIENTED_EDGE ( 'NONE', *, *, #4150, .F. ) ;
#321 = AXIS2_PLACEMENT_3D ( 'NONE', #1208, #7116, #1316 ) ;
#322 = CARTESIAN_POINT ( 'NONE',  ( -2.649000000000000500, -1.100000000000000100, 0.3039999999999999400 ) ) ;
#323 = CARTESIAN_POINT ( 'NONE',  ( 2.125000000000001300, 1.700000000000000200, 3.699999999999996600 ) ) ;
#324 = CARTESIAN_POINT ( 'NONE',  ( 0.1999999999999998700, 2.600000000000000100, 0.6499999999999990200 ) ) ;
#325 = ORIENTED_EDGE ( 'NONE', *, *, #6110, .T. ) ;
#326 =( GEOMETRIC_REPRESENTATION_CONTEXT ( 3 ) GLOBAL_UNCERTAINTY_ASSIGNED_CONTEXT ( ( #2385 ) ) GLOBAL_UNIT_ASSIGNED_CONTEXT ( ( #5996, #2730, #6516 ) ) REPRESENTATION_CONTEXT ( 'NONE', 'WORKASPACE' ) );
#327 = DIRECTION ( 'NONE',  ( -1.495451272393799300E-016, 0.0000000000000000000, -1.000000000000000000 ) ) ;
#328 = ORIENTED_EDGE ( 'NONE', *, *, #245, .F. ) ;
#329 = VECTOR ( 'NONE', #6040, 1000.000000000000000 ) ;
#330 = VECTOR ( 'NONE', #2038, 1000.000000000000000 ) ;
#331 = VERTEX_POINT ( 'NONE', #668 ) ;
#332 = DIRECTION ( 'NONE',  ( 0.0000000000000000000, -1.000000000000000000, 0.0000000000000000000 ) ) ;
#333 = CLOSED_SHELL ( 'NONE', ( #4446, #2530, #681, #4538, #6046, #7000, #2557, #4087, #4998, #1622, #4748, #1336, #2777, #273, #3407, #6430 ) ) ;
#334 = CARTESIAN_POINT ( 'NONE',  ( 2.325000000000000200, 1.399999999999999200, 2.200000000000000200 ) ) ;
#335 = AXIS2_PLACEMENT_3D ( 'NONE', #4651, #1377, #5197 ) ;
#336 = EDGE_LOOP ( 'NONE', ( #4537, #3814, #2776, #7092 ) ) ;
#337 = VECTOR ( 'NONE', #304, 1000.000000000000000 ) ;
#338 = PLANE ( 'NONE',  #1150 ) ;
#339 = PLANE ( 'NONE',  #2806 ) ;
#340 = VERTEX_POINT ( 'NONE', #6278 ) ;
#341 = FACE_OUTER_BOUND ( 'NONE', #336, .T. ) ;
#342 = SURFACE_STYLE_FILL_AREA ( #6051 ) ;
#343 = DIRECTION ( 'NONE',  ( 0.0000000000000000000, 1.000000000000000000, 0.0000000000000000000 ) ) ;
#344 = ORIENTED_EDGE ( 'NONE', *, *, #5591, .F. ) ;
#345 = DIRECTION ( 'NONE',  ( 1.000000000000000000, 0.0000000000000000000, 0.0000000000000000000 ) ) ;
#346 = DIRECTION ( 'NONE',  ( -1.000000000000000000, -0.0000000000000000000, -0.0000000000000000000 ) ) ;
#347 = LINE ( 'NONE', #5067, #166 ) ;
#348 = CARTESIAN_POINT ( 'NONE',  ( -0.7849999999999997000, 0.4249999999999998200, 0.04999999999999861500 ) ) ;
#349 = ORIENTED_EDGE ( 'NONE', *, *, #7034, .T. ) ;
#350 = DIRECTION ( 'NONE',  ( -0.7071067811865460200, 0.0000000000000000000, 0.7071067811865490200 ) ) ;
#351 = ADVANCED_FACE ( 'NONE', ( #4135 ), #868, .T. ) ;
#352 = EDGE_LOOP ( 'NONE', ( #398, #7078, #5986, #1543 ) ) ;
#353 = LINE ( 'NONE', #3239, #1893 ) ;
#354 = LINE ( 'NONE', #5217, #3190 ) ;
#355 = CARTESIAN_POINT ( 'NONE',  ( -2.345000000000000200, 1.100000000000000100, 0.3039999999999999400 ) ) ;
#356 = DIRECTION ( 'NONE',  ( -1.000000000000000000, -0.0000000000000000000, -6.122553444624025000E-016 ) ) ;
#357 = DIRECTION ( 'NONE',  ( 0.0000000000000000000, 0.0000000000000000000, 1.000000000000000000 ) ) ;
#358 = EDGE_CURVE ( 'NONE', #1010, #6381, #5380, .T. ) ;
#359 = FACE_OUTER_BOUND ( 'NONE', #7062, .T. ) ;
#360 = ORIENTED_EDGE ( 'NONE', *, *, #3380, .F. ) ;
#361 = VERTEX_POINT ( 'NONE', #1982 ) ;
#362 = CARTESIAN_POINT ( 'NONE',  ( -3.038333333333334900, -0.1866666666666683100, 1.213333333333330900 ) ) ;
#363 = EDGE_CURVE ( 'NONE', #4680, #2201, #2486, .T. ) ;
#364 = DIRECTION ( 'NONE',  ( -1.000000000000000000, 4.565061778886335000E-016, 0.0000000000000000000 ) ) ;
#365 = COLOUR_RGB ( '',0.8000000000000000400, 0.8078431372549019800, 0.8000000000000000400 ) ;
#366 =( LENGTH_UNIT ( ) NAMED_UNIT ( * ) SI_UNIT ( .MILLI., .METRE. ) );
#367 = ORIENTED_EDGE ( 'NONE', *, *, #2563, .F. ) ;
#368 = CARTESIAN_POINT ( 'NONE',  ( -1.524999999999999500, 1.700000000000000200, 3.699999999999996600 ) ) ;
#369 =( GEOMETRIC_REPRESENTATION_CONTEXT ( 3 ) GLOBAL_UNCERTAINTY_ASSIGNED_CONTEXT ( ( #3762 ) ) GLOBAL_UNIT_ASSIGNED_CONTEXT ( ( #5083, #5119, #5144 ) ) REPRESENTATION_CONTEXT ( 'NONE', 'WORKASPACE' ) );
#370 = DIRECTION ( 'NONE',  ( 1.000000000000000000, 0.0000000000000000000, -3.061276722312012500E-016 ) ) ;
#371 = LINE ( 'NONE', #6383, #3198 ) ;
#372 = ORIENTED_EDGE ( 'NONE', *, *, #5401, .F. ) ;
#373 = VERTEX_POINT ( 'NONE', #1882 ) ;
#374 = AXIS2_PLACEMENT_3D ( 'NONE', #690, #596, #589 ) ;
#375 = EDGE_CURVE ( 'NONE', #3369, #1961, #1337, .T. ) ;
#376 = CARTESIAN_POINT ( 'NONE',  ( 2.649000000000000500, 1.100000000000000100, 1.530000000000000000 ) ) ;
#377 = DIRECTION ( 'NONE',  ( 1.000000000000000000, -6.195440985631608200E-016, 0.0000000000000000000 ) ) ;
#378 = VERTEX_POINT ( 'NONE', #2880 ) ;
#379 = VECTOR ( 'NONE', #652, 1000.000000000000000 ) ;
#380 = DIRECTION ( 'NONE',  ( 0.0000000000000000000, -1.000000000000000000, 0.0000000000000000000 ) ) ;
#381 = ORIENTED_EDGE ( 'NONE', *, *, #375, .T. ) ;
#382 = AXIS2_PLACEMENT_3D ( 'NONE', #1406, #5232, #1974 ) ;
#383 = DIRECTION ( 'NONE',  ( 0.0000000000000000000, 0.0000000000000000000, 1.000000000000000000 ) ) ;
#384 = VERTEX_POINT ( 'NONE', #2895 ) ;
#385 = ORIENTED_EDGE ( 'NONE', *, *, #473, .F. ) ;
#386 = DIRECTION ( 'NONE',  ( -1.000000000000000000, -0.0000000000000000000, -0.0000000000000000000 ) ) ;
#387 = VECTOR ( 'NONE', #3143, 1000.000000000000000 ) ;
#388 = LINE ( 'NONE', #6874, #6266 ) ;
#389 = ADVANCED_FACE ( 'NONE', ( #3951 ), #4142, .F. ) ;
#390 = ORIENTED_EDGE ( 'NONE', *, *, #4858, .F. ) ;
#391 = ORIENTED_EDGE ( 'NONE', *, *, #224, .T. ) ;
#392 = CARTESIAN_POINT ( 'NONE',  ( 0.7850000000000003600, 3.100000000000000100, 0.3499999999999989800 ) ) ;
#393 = DIRECTION ( 'NONE',  ( -3.051828337366604500E-016, 0.0000000000000000000, -1.000000000000000000 ) ) ;
#394 = DIRECTION ( 'NONE',  ( -1.000000000000000000, 0.0000000000000000000, 0.0000000000000000000 ) ) ;
#395 = ORIENTED_EDGE ( 'NONE', *, *, #877, .F. ) ;
#396 = DIRECTION ( 'NONE',  ( 0.0000000000000000000, -0.0000000000000000000, -1.000000000000000000 ) ) ;
#397 = VERTEX_POINT ( 'NONE', #3602 ) ;
#398 = ORIENTED_EDGE ( 'NONE', *, *, #5924, .T. ) ;
#399 = EDGE_CURVE ( 'NONE', #759, #3532, #427, .T. ) ;
#400 = CARTESIAN_POINT ( 'NONE',  ( -2.345000000000000200, -0.8799999999999994500, 1.529999999999999800 ) ) ;
#401 = PLANE ( 'NONE',  #465 ) ;
#402 = ORIENTED_EDGE ( 'NONE', *, *, #5970, .T. ) ;
#403 = AXIS2_PLACEMENT_3D ( 'NONE', #2850, #2890, #2982 ) ;
#404 = VECTOR ( 'NONE', #1886, 999.9999999999998900 ) ;
#405 = ORIENTED_EDGE ( 'NONE', *, *, #1339, .T. ) ;
#406 = CARTESIAN_POINT ( 'NONE',  ( 2.649000000000000500, 1.100000000000000100, 1.530000000000000000 ) ) ;
#407 =( NAMED_UNIT ( * ) SI_UNIT ( $, .STERADIAN. ) SOLID_ANGLE_UNIT ( ) );
#408 = CARTESIAN_POINT ( 'NONE',  ( -3.124999999999999100, 1.700000000000000000, 0.2999999999999999300 ) ) ;
#409 = ORIENTED_EDGE ( 'NONE', *, *, #7147, .T. ) ;
#410 = CARTESIAN_POINT ( 'NONE',  ( 1.049999999999999800, 2.600000000000000100, 0.6499999999999990200 ) ) ;
#411 = EDGE_CURVE ( 'NONE', #6292, #6925, #4676, .T. ) ;
#412 = VECTOR ( 'NONE', #2903, 1000.000000000000000 ) ;
#413 = EDGE_CURVE ( 'NONE', #6623, #6147, #242, .T. ) ;
#414 = FACE_OUTER_BOUND ( 'NONE', #92, .T. ) ;
#415 = ORIENTED_EDGE ( 'NONE', *, *, #4268, .F. ) ;
#416 = AXIS2_PLACEMENT_3D ( 'NONE', #1556, #3769, #393 ) ;
#417 = PRESENTATION_LAYER_ASSIGNMENT (  '', '', ( #6841 ) ) ;
#418 = DIRECTION ( 'NONE',  ( 0.0000000000000000000, -1.000000000000000000, 0.0000000000000000000 ) ) ;
#419 = CARTESIAN_POINT ( 'NONE',  ( -0.7849999999999997000, -0.3750000000000001100, 1.749999999999996400 ) ) ;
#420 = DIRECTION ( 'NONE',  ( 0.0000000000000000000, 0.7071067811865439100, -0.7071067811865512400 ) ) ;
#421 = DIRECTION ( 'NONE',  ( 0.0000000000000000000, 0.0000000000000000000, 1.000000000000000000 ) ) ;
#422 = LINE ( 'NONE', #5872, #1425 ) ;
#423 = CARTESIAN_POINT ( 'NONE',  ( -3.324999999999999700, 1.700000000000000000, 2.200000000000000200 ) ) ;
#424 = ORIENTED_EDGE ( 'NONE', *, *, #2069, .F. ) ;
#425 = ORIENTED_EDGE ( 'NONE', *, *, #3108, .F. ) ;
#426 = ADVANCED_FACE ( 'NONE', ( #3087 ), #1312, .F. ) ;
#427 = LINE ( 'NONE', #3053, #1782 ) ;
#428 = ORIENTED_EDGE ( 'NONE', *, *, #5617, .T. ) ;
#429 = ORIENTED_EDGE ( 'NONE', *, *, #5825, .F. ) ;
#430 = CARTESIAN_POINT ( 'NONE',  ( 0.4820068027210883700, -0.3537414965986410700, 3.585034013605425500 ) ) ;
#431 = ORIENTED_EDGE ( 'NONE', *, *, #7147, .F. ) ;
#432 = VECTOR ( 'NONE', #588, 1000.000000000000000 ) ;
#433 = FACE_OUTER_BOUND ( 'NONE', #5255, .T. ) ;
#434 = FACE_OUTER_BOUND ( 'NONE', #6828, .T. ) ;
#435 = CARTESIAN_POINT ( 'NONE',  ( 2.649000000000000500, 1.100000000000000100, 0.2540000000000000000 ) ) ;
#436 = DIRECTION ( 'NONE',  ( 1.000000000000000000, 0.0000000000000000000, 0.0000000000000000000 ) ) ;
#437 = VECTOR ( 'NONE', #6454, 1000.000000000000000 ) ;
#438 = ORIENTED_EDGE ( 'NONE', *, *, #5984, .F. ) ;
#439 = COLOUR_RGB ( '',0.8000000000000000400, 0.8078431372549019800, 0.8000000000000000400 ) ;
#440 = LINE ( 'NONE', #3764, #4697 ) ;
#441 = ORIENTED_EDGE ( 'NONE', *, *, #6495, .F. ) ;
#442 = CARTESIAN_POINT ( 'NONE',  ( 3.145000000000000000, 1.200000000000000000, 1.529999999999999800 ) ) ;
#443 = ORIENTED_EDGE ( 'NONE', *, *, #7041, .F. ) ;
#444 = CARTESIAN_POINT ( 'NONE',  ( -1.049999999999999800, -1.099999999999999900, 0.6499999999999993600 ) ) ;
#445 = VERTEX_POINT ( 'NONE', #4500 ) ;
#446 = FILL_AREA_STYLE_COLOUR ( '', #4076 ) ;
#447 = EDGE_CURVE ( 'NONE', #5327, #4659, #5965, .T. ) ;
#448 = VECTOR ( 'NONE', #856, 1000.000000000000000 ) ;
#449 = VERTEX_POINT ( 'NONE', #5185 ) ;
#450 = ORIENTED_EDGE ( 'NONE', *, *, #6379, .F. ) ;
#451 = VECTOR ( 'NONE', #577, 1000.000000000000000 ) ;
#452 = ORIENTED_EDGE ( 'NONE', *, *, #6317, .F. ) ;
#453 = VERTEX_POINT ( 'NONE', #5550 ) ;
#454 = CARTESIAN_POINT ( 'NONE',  ( -2.599000000000000200, 1.100000000000000100, 1.226000000000000000 ) ) ;
#455 = CARTESIAN_POINT ( 'NONE',  ( 0.7850000000000003600, 3.100000000000000100, 0.3499999999999989800 ) ) ;
#456 = LINE ( 'NONE', #2098, #1996 ) ;
#457 = ORIENTED_EDGE ( 'NONE', *, *, #3390, .F. ) ;
#458 = ORIENTED_EDGE ( 'NONE', *, *, #5626, .T. ) ;
#459 = EDGE_CURVE ( 'NONE', #3278, #6529, #6136, .T. ) ;
#460 = SURFACE_STYLE_USAGE ( .BOTH. , #4237 ) ;
#461 = EDGE_CURVE ( 'NONE', #5113, #2046, #1623, .T. ) ;
#462 = ORIENTED_EDGE ( 'NONE', *, *, #2465, .F. ) ;
#463 = ADVANCED_FACE ( 'NONE', ( #4366 ), #6798, .T. ) ;
#464 = PLANE ( 'NONE',  #4224 ) ;
#465 = AXIS2_PLACEMENT_3D ( 'NONE', #2121, #4332, #994 ) ;
#466 = LINE ( 'NONE', #2237, #2000 ) ;
#467 = PRESENTATION_LAYER_ASSIGNMENT (  '', '', ( #6155 ) ) ;
#468 = AXIS2_PLACEMENT_3D ( 'NONE', #4159, #777, #4652 ) ;
#469 = ORIENTED_EDGE ( 'NONE', *, *, #30, .T. ) ;
#470 = EDGE_LOOP ( 'NONE', ( #458, #438, #4141, #3295 ) ) ;
#471 = DIRECTION ( 'NONE',  ( 1.000000000000000000, 0.0000000000000000000, 0.0000000000000000000 ) ) ;
#472 = VECTOR ( 'NONE', #1123, 1000.000000000000000 ) ;
#473 = EDGE_CURVE ( 'NONE', #5408, #6380, #5636, .T. ) ;
#474 = PLANE ( 'NONE',  #3430 ) ;
#475 = CARTESIAN_POINT ( 'NONE',  ( 0.7850000000000003600, 3.100000000000000100, 0.3499999999999989800 ) ) ;
#476 = DIRECTION ( 'NONE',  ( 1.000000000000000000, 0.0000000000000000000, -4.371782953570583600E-016 ) ) ;
#477 = ORIENTED_EDGE ( 'NONE', *, *, #6914, .F. ) ;
#478 = LINE ( 'NONE', #968, #6020 ) ;
#479 =( GEOMETRIC_REPRESENTATION_CONTEXT ( 3 ) GLOBAL_UNCERTAINTY_ASSIGNED_CONTEXT ( ( #2997 ) ) GLOBAL_UNIT_ASSIGNED_CONTEXT ( ( #6668, #3423, #47 ) ) REPRESENTATION_CONTEXT ( 'NONE', 'WORKASPACE' ) );
#480 = DIRECTION ( 'NONE',  ( -1.000000000000000000, 0.0000000000000000000, 0.0000000000000000000 ) ) ;
#481 = DIRECTION ( 'NONE',  ( 0.0000000000000000000, 1.000000000000000000, 0.0000000000000000000 ) ) ;
#482 = DIRECTION ( 'NONE',  ( -0.0000000000000000000, 0.0000000000000000000, -1.000000000000000000 ) ) ;
#483 = ORIENTED_EDGE ( 'NONE', *, *, #5608, .T. ) ;
#484 = VERTEX_POINT ( 'NONE', #2419 ) ;
#485 = CARTESIAN_POINT ( 'NONE',  ( 3.824999999999999700, 0.9000000000000000200, -1.084202172485504400E-016 ) ) ;
#486 = ORIENTED_EDGE ( 'NONE', *, *, #62, .F. ) ;
#487 = DIRECTION ( 'NONE',  ( -1.000000000000000000, -0.0000000000000000000, -0.0000000000000000000 ) ) ;
#488 = VERTEX_POINT ( 'NONE', #5680 ) ;
#489 = LINE ( 'NONE', #4927, #3309 ) ;
#490 = ORIENTED_EDGE ( 'NONE', *, *, #4909, .T. ) ;
#491 = EDGE_CURVE ( 'NONE', #1566, #1184, #1245, .T. ) ;
#492 = PLANE ( 'NONE',  #1351 ) ;
#493 = DIRECTION ( 'NONE',  ( 2.891205793294679300E-016, 1.000000000000000000, 0.0000000000000000000 ) ) ;
#494 = PLANE ( 'NONE',  #4780 ) ;
#495 = CARTESIAN_POINT ( 'NONE',  ( -4.237000000000002800, -0.4879999999999951600, 0.2539999999999999500 ) ) ;
#496 =( NAMED_UNIT ( * ) PLANE_ANGLE_UNIT ( ) SI_UNIT ( $, .RADIAN. ) );
#497 = VECTOR ( 'NONE', #3604, 1000.000000000000000 ) ;
#498 = DIRECTION ( 'NONE',  ( -0.5773502691896258400, -0.5773502691896280600, -0.5773502691896234000 ) ) ;
#499 = VERTEX_POINT ( 'NONE', #3071 ) ;
#500 = DIRECTION ( 'NONE',  ( 0.0000000000000000000, 0.0000000000000000000, 1.000000000000000000 ) ) ;
#501 = DIRECTION ( 'NONE',  ( 0.0000000000000000000, 0.0000000000000000000, 1.000000000000000000 ) ) ;
#502 = ADVANCED_FACE ( 'NONE', ( #4214 ), #4726, .T. ) ;
#503 = FACE_OUTER_BOUND ( 'NONE', #893, .T. ) ;
#504 = EDGE_CURVE ( 'NONE', #2623, #1013, #3384, .T. ) ;
#505 = CARTESIAN_POINT ( 'NONE',  ( 2.599000000000000200, 1.100000000000000100, 1.226000000000000000 ) ) ;
#506 = ORIENTED_EDGE ( 'NONE', *, *, #4597, .T. ) ;
#507 = VERTEX_POINT ( 'NONE', #5346 ) ;
#508 = EDGE_CURVE ( 'NONE', #2674, #5602, #6105, .T. ) ;
#509 = DIRECTION ( 'NONE',  ( 3.051828337366604500E-016, -0.0000000000000000000, 1.000000000000000000 ) ) ;
#510 = CARTESIAN_POINT ( 'NONE',  ( 3.624999999999999100, 1.100000000000000100, 0.3039999999999999400 ) ) ;
#511 = MECHANICAL_DESIGN_GEOMETRIC_PRESENTATION_REPRESENTATION (  '', ( #5837 ), #901 ) ;
#512 = LINE ( 'NONE', #2771, #1865 ) ;
#513 = LINE ( 'NONE', #4243, #330 ) ;
#514 = ORIENTED_EDGE ( 'NONE', *, *, #4042, .F. ) ;
#515 =( NAMED_UNIT ( * ) SI_UNIT ( $, .STERADIAN. ) SOLID_ANGLE_UNIT ( ) );
#516 = ORIENTED_EDGE ( 'NONE', *, *, #1914, .T. ) ;
#517 = EDGE_CURVE ( 'NONE', #711, #4669, #388, .T. ) ;
#518 = AXIS2_PLACEMENT_3D ( 'NONE', #4639, #2495, #1388 ) ;
#519 = AXIS2_PLACEMENT_3D ( 'NONE', #2162, #5883, #5902 ) ;
#520 = PRESENTATION_STYLE_ASSIGNMENT (( #5009 ) ) ;
#521 = CARTESIAN_POINT ( 'NONE',  ( -2.125000000000000000, 2.600000000000000100, 0.2999999999999999900 ) ) ;
#522 = DIRECTION ( 'NONE',  ( -0.7071067811865483500, -0.7071067811865468000, -1.629776165692364900E-017 ) ) ;
#523 = CARTESIAN_POINT ( 'NONE',  ( -0.4649999999999996400, 2.999999999999999600, -1.761828530288944700E-016 ) ) ;
#524 = FACE_OUTER_BOUND ( 'NONE', #5967, .T. ) ;
#525 = PRESENTATION_LAYER_ASSIGNMENT (  '', '', ( #6936 ) ) ;
#526 =( NAMED_UNIT ( * ) SI_UNIT ( $, .STERADIAN. ) SOLID_ANGLE_UNIT ( ) );
#527 = SURFACE_STYLE_FILL_AREA ( #6862 ) ;
#528 = CARTESIAN_POINT ( 'NONE',  ( 0.4650000000000003600, -0.6250000000000003300, 0.6499999999999964700 ) ) ;
#529 = VECTOR ( 'NONE', #4062, 1000.000000000000000 ) ;
#530 = ORIENTED_EDGE ( 'NONE', *, *, #5099, .T. ) ;
#531 = FACE_OUTER_BOUND ( 'NONE', #229, .T. ) ;
#532 = ORIENTED_EDGE ( 'NONE', *, *, #5526, .T. ) ;
#533 = CARTESIAN_POINT ( 'NONE',  ( 0.7850000000000003600, 2.999999999999999600, -1.761828530288944700E-016 ) ) ;
#534 = DIRECTION ( 'NONE',  ( 0.0000000000000000000, 0.0000000000000000000, -1.000000000000000000 ) ) ;
#535 = DIRECTION ( 'NONE',  ( 0.0000000000000000000, 0.0000000000000000000, 1.000000000000000000 ) ) ;
#536 = ORIENTED_EDGE ( 'NONE', *, *, #3158, .F. ) ;
#537 = ORIENTED_EDGE ( 'NONE', *, *, #2977, .T. ) ;
#538 = CARTESIAN_POINT ( 'NONE',  ( -1.824999999999999500, 0.09999999999999982500, 1.749999999999996400 ) ) ;
#539 = CARTESIAN_POINT ( 'NONE',  ( 1.524999999999993000, 0.09999999999999982500, 1.749999999999996400 ) ) ;
#540 = FACE_OUTER_BOUND ( 'NONE', #6624, .T. ) ;
#541 = LINE ( 'NONE', #2526, #4616 ) ;
#542 = VERTEX_POINT ( 'NONE', #5373 ) ;
#543 = ADVANCED_FACE ( 'NONE', ( #4808 ), #5935, .T. ) ;
#544 = CARTESIAN_POINT ( 'NONE',  ( 0.7850000000000003600, -0.1500000000000003300, 0.2999999999999965500 ) ) ;
#545 = FACE_OUTER_BOUND ( 'NONE', #6403, .T. ) ;
#546 = ORIENTED_EDGE ( 'NONE', *, *, #5537, .T. ) ;
#547 = ORIENTED_EDGE ( 'NONE', *, *, #33, .T. ) ;
#548 = DIRECTION ( 'NONE',  ( -0.7071067811865490200, 0.0000000000000000000, -0.7071067811865460200 ) ) ;
#549 = PRESENTATION_STYLE_ASSIGNMENT (( #5172 ) ) ;
#550 = FACE_OUTER_BOUND ( 'NONE', #6722, .T. ) ;
#551 = CARTESIAN_POINT ( 'NONE',  ( -2.125000000000000400, -0.8000000000000001600, 2.400000000000000800 ) ) ;
#552 = EDGE_CURVE ( 'NONE', #7150, #3347, #1752, .T. ) ;
#553 = VECTOR ( 'NONE', #6280, 1000.000000000000000 ) ;
#554 = EDGE_LOOP ( 'NONE', ( #4466, #4112, #679, #3652, #6270, #4883 ) ) ;
#555 = DIRECTION ( 'NONE',  ( -1.172110456741086100E-016, 1.000000000000000000, 0.0000000000000000000 ) ) ;
#556 = PRESENTATION_LAYER_ASSIGNMENT (  '', '', ( #6955 ) ) ;
#557 = VECTOR ( 'NONE', #4810, 1000.000000000000000 ) ;
#558 = CARTESIAN_POINT ( 'NONE',  ( -0.7849999999999997000, 0.2499999999999996700, 0.1799999999999966600 ) ) ;
#559 = ORIENTED_EDGE ( 'NONE', *, *, #3817, .T. ) ;
#560 = CARTESIAN_POINT ( 'NONE',  ( 0.7850000000000003600, 2.500000000000000000, -1.084202172485504400E-016 ) ) ;
#561 = VECTOR ( 'NONE', #1746, 1000.000000000000000 ) ;
#562 = EDGE_LOOP ( 'NONE', ( #1030, #6627, #6674, #1509 ) ) ;
#563 = EDGE_CURVE ( 'NONE', #331, #2653, #5925, .T. ) ;
#564 = CARTESIAN_POINT ( 'NONE',  ( -2.125000000000000000, 1.700000000000000000, 2.400000000000001200 ) ) ;
#565 = EDGE_CURVE ( 'NONE', #3611, #1945, #4484, .T. ) ;
#566 = CARTESIAN_POINT ( 'NONE',  ( -3.145000000000000000, 1.100000000000000100, 1.529999999999999800 ) ) ;
#567 = VERTEX_POINT ( 'NONE', #2116 ) ;
#568 = PRESENTATION_LAYER_ASSIGNMENT (  '', '', ( #6967 ) ) ;
#569 = LINE ( 'NONE', #4172, #387 ) ;
#570 = CARTESIAN_POINT ( 'NONE',  ( 0.7850000000000003600, -0.6250000000000003300, 0.6499999999999964700 ) ) ;
#571 = MECHANICAL_DESIGN_GEOMETRIC_PRESENTATION_REPRESENTATION (  '', ( #6605 ), #959 ) ;
#572 = DIRECTION ( 'NONE',  ( -0.7071067811865460200, 0.0000000000000000000, 0.7071067811865490200 ) ) ;
#573 = CARTESIAN_POINT ( 'NONE',  ( 0.7850000000000003600, 3.000000000000000000, 0.4499999999999998400 ) ) ;
#574 = DIRECTION ( 'NONE',  ( 0.0000000000000000000, 1.000000000000000000, -0.0000000000000000000 ) ) ;
#575 = CARTESIAN_POINT ( 'NONE',  ( -0.7849999999999997000, 2.500000000000000000, -1.084202172485504400E-016 ) ) ;
#576 = DIRECTION ( 'NONE',  ( 0.0000000000000000000, -1.000000000000000000, -2.258754526011468200E-016 ) ) ;
#577 = DIRECTION ( 'NONE',  ( 1.000000000000000000, 0.0000000000000000000, 0.0000000000000000000 ) ) ;
#578 = CARTESIAN_POINT ( 'NONE',  ( 2.128248708953004500E-017, 0.0000000000000000000, 0.04999999999999926700 ) ) ;
#579 = ADVANCED_FACE ( 'NONE', ( #1584 ), #3101, .T. ) ;
#580 = AXIS2_PLACEMENT_3D ( 'NONE', #7020, #3798, #420 ) ;
#581 = FILL_AREA_STYLE_COLOUR ( '', #5691 ) ;
#582 = DIRECTION ( 'NONE',  ( 0.0000000000000000000, -1.000000000000000000, 0.0000000000000000000 ) ) ;
#583 = CARTESIAN_POINT ( 'NONE',  ( 3.624999999999999600, 1.700000000000000000, 0.7999999999999976000 ) ) ;
#584 = PLANE ( 'NONE',  #2985 ) ;
#585 = VECTOR ( 'NONE', #356, 1000.000000000000000 ) ;
#586 = ORIENTED_EDGE ( 'NONE', *, *, #1254, .F. ) ;
#587 = ORIENTED_EDGE ( 'NONE', *, *, #126, .T. ) ;
#588 = DIRECTION ( 'NONE',  ( 0.0000000000000000000, -1.000000000000000000, 0.0000000000000000000 ) ) ;
#589 = DIRECTION ( 'NONE',  ( -1.000000000000000000, 0.0000000000000000000, 3.252606517456510300E-016 ) ) ;
#590 = DIRECTION ( 'NONE',  ( -0.0000000000000000000, 1.000000000000000000, 0.0000000000000000000 ) ) ;
#591 = ORIENTED_EDGE ( 'NONE', *, *, #4725, .T. ) ;
#592 = LINE ( 'NONE', #4594, #404 ) ;
#593 = ORIENTED_EDGE ( 'NONE', *, *, #5399, .F. ) ;
#594 = VERTEX_POINT ( 'NONE', #933 ) ;
#595 = CARTESIAN_POINT ( 'NONE',  ( 2.125000000000000900, -1.100000000000000100, 4.699999999999998400 ) ) ;
#596 = DIRECTION ( 'NONE',  ( -3.252606517456510300E-016, 0.0000000000000000000, -1.000000000000000000 ) ) ;
#597 = EDGE_LOOP ( 'NONE', ( #6558, #1458, #7068, #5294 ) ) ;
#598 = ORIENTED_EDGE ( 'NONE', *, *, #260, .T. ) ;
#599 = DIRECTION ( 'NONE',  ( 1.885568995626964500E-016, 0.0000000000000000000, 1.000000000000000000 ) ) ;
#600 = LINE ( 'NONE', #2170, #1950 ) ;
#601 = VERTEX_POINT ( 'NONE', #905 ) ;
#602 = DIRECTION ( 'NONE',  ( 1.000000000000000000, 1.172110456741086100E-016, 0.0000000000000000000 ) ) ;
#603 = EDGE_CURVE ( 'NONE', #1268, #542, #4336, .T. ) ;
#604 = EDGE_LOOP ( 'NONE', ( #2783, #3141, #6203, #2457 ) ) ;
#605 = EDGE_CURVE ( 'NONE', #5157, #3630, #206, .T. ) ;
#606 = CARTESIAN_POINT ( 'NONE',  ( 2.649000000000000500, -1.100000000000000100, 0.2540000000000000000 ) ) ;
#607 = CARTESIAN_POINT ( 'NONE',  ( 0.1999999999999998700, 2.600000000000000100, 0.2999999999999989900 ) ) ;
#608 = ORIENTED_EDGE ( 'NONE', *, *, #303, .F. ) ;
#609 = ORIENTED_EDGE ( 'NONE', *, *, #647, .T. ) ;
#610 = DIRECTION ( 'NONE',  ( -0.0000000000000000000, -1.000000000000000000, -0.0000000000000000000 ) ) ;
#611 = STYLED_ITEM ( 'NONE', ( #6034 ), #5831 ) ;
#612 = AXIS2_PLACEMENT_3D ( 'NONE', #2454, #2595, #2552 ) ;
#613 = ORIENTED_EDGE ( 'NONE', *, *, #5190, .F. ) ;
#614 = CARTESIAN_POINT ( 'NONE',  ( 1.824999999999992400, 0.8499999999999996400, 1.749999999999996400 ) ) ;
#615 = PRESENTATION_LAYER_ASSIGNMENT (  '', '', ( #222 ) ) ;
#616 = ADVANCED_FACE ( 'NONE', ( #7023 ), #1132, .F. ) ;
#617 = ORIENTED_EDGE ( 'NONE', *, *, #1325, .F. ) ;
#618 = VECTOR ( 'NONE', #3677, 1000.000000000000000 ) ;
#619 = LINE ( 'NONE', #1081, #3418 ) ;
#620 = DIRECTION ( 'NONE',  ( 0.0000000000000000000, -1.000000000000000000, 0.0000000000000000000 ) ) ;
#621 = EDGE_CURVE ( 'NONE', #6478, #1210, #5605, .T. ) ;
#622 = FACE_OUTER_BOUND ( 'NONE', #3636, .T. ) ;
#623 = VECTOR ( 'NONE', #5695, 1000.000000000000000 ) ;
#624 = CARTESIAN_POINT ( 'NONE',  ( -0.7849999999999997000, -0.6250000000000003300, 0.2999999999999964900 ) ) ;
#625 = FACE_OUTER_BOUND ( 'NONE', #2942, .T. ) ;
#626 = DIRECTION ( 'NONE',  ( -0.0000000000000000000, 0.7071067811865517900, 0.7071067811865433500 ) ) ;
#627 = VERTEX_POINT ( 'NONE', #1523 ) ;
#628 = CARTESIAN_POINT ( 'NONE',  ( 2.599000000000000200, 1.100000000000000100, 1.226000000000000000 ) ) ;
#629 = STYLED_ITEM ( 'NONE', ( #6132 ), #4817 ) ;
#630 = CARTESIAN_POINT ( 'NONE',  ( 2.125000000000000900, 2.600000000000000100, 1.749999999999996400 ) ) ;
#631 = SURFACE_STYLE_FILL_AREA ( #4942 ) ;
#632 = VECTOR ( 'NONE', #3185, 1000.000000000000100 ) ;
#633 = ORIENTED_EDGE ( 'NONE', *, *, #5752, .T. ) ;
#634 = PRESENTATION_STYLE_ASSIGNMENT (( #5312 ) ) ;
#635 = VERTEX_POINT ( 'NONE', #2163 ) ;
#636 = DIRECTION ( 'NONE',  ( -0.0000000000000000000, 1.000000000000000000, -0.0000000000000000000 ) ) ;
#637 = CARTESIAN_POINT ( 'NONE',  ( 0.4650000000000003600, 0.0000000000000000000, 0.0000000000000000000 ) ) ;
#638 = VECTOR ( 'NONE', #6146, 1000.000000000000000 ) ;
#639 = COLOUR_RGB ( '',0.8000000000000000400, 0.8078431372549019800, 0.8000000000000000400 ) ;
#640 = ORIENTED_EDGE ( 'NONE', *, *, #6019, .F. ) ;
#641 = EDGE_CURVE ( 'NONE', #6338, #2972, #2701, .T. ) ;
#642 = LINE ( 'NONE', #938, #5048 ) ;
#643 = ORIENTED_EDGE ( 'NONE', *, *, #5616, .F. ) ;
#644 = ORIENTED_EDGE ( 'NONE', *, *, #4420, .F. ) ;
#645 = DIRECTION ( 'NONE',  ( 0.0000000000000000000, 0.0000000000000000000, -1.000000000000000000 ) ) ;
#646 = CARTESIAN_POINT ( 'NONE',  ( 0.0000000000000000000, 2.000000000000000000, 3.699999999999996600 ) ) ;
#647 = EDGE_CURVE ( 'NONE', #6818, #5102, #4185, .T. ) ;
#648 = EDGE_CURVE ( 'NONE', #700, #4086, #6852, .T. ) ;
#649 = ADVANCED_FACE ( 'NONE', ( #29 ), #6556, .T. ) ;
#650 = ORIENTED_EDGE ( 'NONE', *, *, #621, .F. ) ;
#651 = ORIENTED_EDGE ( 'NONE', *, *, #907, .F. ) ;
#652 = DIRECTION ( 'NONE',  ( 0.0000000000000000000, 0.0000000000000000000, 1.000000000000000000 ) ) ;
#653 = VERTEX_POINT ( 'NONE', #3703 ) ;
#654 = MECHANICAL_DESIGN_GEOMETRIC_PRESENTATION_REPRESENTATION (  '', ( #6686 ), #1050 ) ;
#655 = CARTESIAN_POINT ( 'NONE',  ( -2.649000000000000500, 1.100000000000000100, 0.2540000000000000000 ) ) ;
#656 = ORIENTED_EDGE ( 'NONE', *, *, #277, .F. ) ;
#657 = EDGE_CURVE ( 'NONE', #2308, #3614, #4885, .T. ) ;
#658 = DIRECTION ( 'NONE',  ( 0.0000000000000000000, 1.000000000000000000, 4.336808689942013800E-015 ) ) ;
#659 = LINE ( 'NONE', #4934, #6354 ) ;
#660 = EDGE_CURVE ( 'NONE', #5208, #7037, #2011, .T. ) ;
#661 = DIRECTION ( 'NONE',  ( 0.0000000000000000000, -1.000000000000000000, 0.0000000000000000000 ) ) ;
#662 =( GEOMETRIC_REPRESENTATION_CONTEXT ( 3 ) GLOBAL_UNCERTAINTY_ASSIGNED_CONTEXT ( ( #6537 ) ) GLOBAL_UNIT_ASSIGNED_CONTEXT ( ( #6126, #2881, #6656 ) ) REPRESENTATION_CONTEXT ( 'NONE', 'WORKASPACE' ) );
#663 = CARTESIAN_POINT ( 'NONE',  ( -1.825000000000001300, -1.000000000000000000, 4.699999999999995700 ) ) ;
#664 = ORIENTED_EDGE ( 'NONE', *, *, #699, .F. ) ;
#665 = CARTESIAN_POINT ( 'NONE',  ( 0.4650000000000003600, 0.4249999999999998200, 0.6499999999999964700 ) ) ;
#666 = ORIENTED_EDGE ( 'NONE', *, *, #3499, .F. ) ;
#667 = DIRECTION ( 'NONE',  ( 0.0000000000000000000, -1.000000000000000000, -0.0000000000000000000 ) ) ;
#668 = CARTESIAN_POINT ( 'NONE',  ( 3.145000000000000000, 1.200000000000000000, 1.529999999999999800 ) ) ;
#669 = DIRECTION ( 'NONE',  ( 0.5773502691896266200, 0.5773502691896264000, -0.5773502691896242900 ) ) ;
#670 = LINE ( 'NONE', #3878, #3644 ) ;
#671 = DIRECTION ( 'NONE',  ( 1.000000000000000000, 0.0000000000000000000, 0.0000000000000000000 ) ) ;
#672 = CARTESIAN_POINT ( 'NONE',  ( 0.7850000000000003600, -0.3750000000000005000, 3.499999999999986700 ) ) ;
#673 = CARTESIAN_POINT ( 'NONE',  ( -1.625000000000000900, 1.700000000000000000, 0.04999999999999980800 ) ) ;
#674 = CARTESIAN_POINT ( 'NONE',  ( 2.125000000000000000, 1.700000000000000000, 0.2999999999999999900 ) ) ;
#675 = DIRECTION ( 'NONE',  ( 1.000000000000000000, -1.807003620809174600E-016, 0.0000000000000000000 ) ) ;
#676 = VECTOR ( 'NONE', #3504, 1000.000000000000000 ) ;
#677 = DIRECTION ( 'NONE',  ( -0.7071067811865483500, 0.7071067811865468000, 1.629776165692364900E-017 ) ) ;
#678 = PRESENTATION_STYLE_ASSIGNMENT (( #6083 ) ) ;
#679 = ORIENTED_EDGE ( 'NONE', *, *, #4686, .T. ) ;
#680 = ORIENTED_EDGE ( 'NONE', *, *, #5780, .F. ) ;
#681 = ADVANCED_FACE ( 'NONE', ( #3453 ), #5333, .T. ) ;
#682 = CARTESIAN_POINT ( 'NONE',  ( 2.125000000000000000, -0.8000000000000009300, 4.699999999999998400 ) ) ;
#683 =( NAMED_UNIT ( * ) PLANE_ANGLE_UNIT ( ) SI_UNIT ( $, .RADIAN. ) );
#684 = ORIENTED_EDGE ( 'NONE', *, *, #837, .T. ) ;
#685 = CARTESIAN_POINT ( 'NONE',  ( 3.324999999999999700, 1.399999999999999000, 1.699999999999989700 ) ) ;
#686 = CARTESIAN_POINT ( 'NONE',  ( 1.824999999999992600, 0.09999999999999982500, 1.749999999999996400 ) ) ;
#687 = LINE ( 'NONE', #5484, #6207 ) ;
#688 = EDGE_CURVE ( 'NONE', #2052, #1731, #3298, .T. ) ;
#689 = ORIENTED_EDGE ( 'NONE', *, *, #6774, .F. ) ;
#690 = CARTESIAN_POINT ( 'NONE',  ( 2.128248708952999600E-017, 0.0000000000000000000, 0.04999999999999937100 ) ) ;
#691 = ORIENTED_EDGE ( 'NONE', *, *, #1438, .F. ) ;
#692 = DIRECTION ( 'NONE',  ( 0.7071067811865493500, 0.0000000000000000000, 0.7071067811865455700 ) ) ;
#693 = CARTESIAN_POINT ( 'NONE',  ( 1.824999999999992600, 0.09999999999999982500, 1.749999999999996400 ) ) ;
#694 = DIRECTION ( 'NONE',  ( 0.0000000000000000000, 0.0000000000000000000, -1.000000000000000000 ) ) ;
#695 = MECHANICAL_DESIGN_GEOMETRIC_PRESENTATION_REPRESENTATION (  '', ( #6726 ), #1095 ) ;
#696 = ORIENTED_EDGE ( 'NONE', *, *, #6539, .F. ) ;
#697 = LINE ( 'NONE', #1154, #4928 ) ;
#698 = VECTOR ( 'NONE', #2861, 1000.000000000000000 ) ;
#699 = EDGE_CURVE ( 'NONE', #594, #6715, #478, .T. ) ;
#700 = VERTEX_POINT ( 'NONE', #1618 ) ;
#701 = LINE ( 'NONE', #1491, #3489 ) ;
#702 = EDGE_CURVE ( 'NONE', #3750, #1665, #3132, .T. ) ;
#703 = DIRECTION ( 'NONE',  ( -1.000000000000000000, -0.0000000000000000000, -0.0000000000000000000 ) ) ;
#704 = VECTOR ( 'NONE', #1978, 1000.000000000000000 ) ;
#705 = DIRECTION ( 'NONE',  ( 0.0000000000000000000, 0.0000000000000000000, -1.000000000000000000 ) ) ;
#706 = VERTEX_POINT ( 'NONE', #2336 ) ;
#707 = CARTESIAN_POINT ( 'NONE',  ( 2.124999999999999600, -0.4000000000000005200, 0.2999999999999986600 ) ) ;
#708 = CARTESIAN_POINT ( 'NONE',  ( -1.524999999999999900, -0.6999999999999988500, 1.749999999999996400 ) ) ;
#709 = LINE ( 'NONE', #2298, #529 ) ;
#710 = STYLED_ITEM ( 'NONE', ( #5574 ), #1861 ) ;
#711 = VERTEX_POINT ( 'NONE', #4929 ) ;
#712 = CARTESIAN_POINT ( 'NONE',  ( 0.1999999999999998700, 2.600000000000000100, 0.6499999999999990200 ) ) ;
#713 = LINE ( 'NONE', #1106, #3013 ) ;
#714 = ORIENTED_EDGE ( 'NONE', *, *, #100, .F. ) ;
#715 = CARTESIAN_POINT ( 'NONE',  ( -3.145000000000000000, 1.200000000000000000, 1.529999999999999800 ) ) ;
#716 = DIRECTION ( 'NONE',  ( 3.051828337366604500E-016, -0.0000000000000000000, 1.000000000000000000 ) ) ;
#717 = ORIENTED_EDGE ( 'NONE', *, *, #3716, .F. ) ;
#718 = CARTESIAN_POINT ( 'NONE',  ( 1.175000000000001200, 2.299999999999999800, 1.749999999999996400 ) ) ;
#719 = DIRECTION ( 'NONE',  ( -0.7071067811865460200, 1.277744513902808100E-016, -0.7071067811865490200 ) ) ;
#720 = VECTOR ( 'NONE', #5375, 1000.000000000000000 ) ;
#721 = LINE ( 'NONE', #5725, #2080 ) ;
#722 = PLANE ( 'NONE',  #374 ) ;
#723 = DIRECTION ( 'NONE',  ( 0.0000000000000000000, -0.7071067811865465700, -0.7071067811865485700 ) ) ;
#724 = STYLED_ITEM ( 'NONE', ( #5363 ), #5257 ) ;
#725 = DIRECTION ( 'NONE',  ( 0.0000000000000000000, 1.000000000000000000, 4.336808689942013800E-015 ) ) ;
#726 = ORIENTED_EDGE ( 'NONE', *, *, #50, .T. ) ;
#727 = ORIENTED_EDGE ( 'NONE', *, *, #6415, .F. ) ;
#728 = ADVANCED_FACE ( 'NONE', ( #4564 ), #758, .T. ) ;
#729 = ORIENTED_EDGE ( 'NONE', *, *, #3069, .T. ) ;
#730 = CIRCLE ( 'NONE', #3340, 0.3039999999999999900 ) ;
#731 = VECTOR ( 'NONE', #1090, 1000.000000000000000 ) ;
#732 = DIRECTION ( 'NONE',  ( 0.0000000000000000000, -1.000000000000000000, 0.0000000000000000000 ) ) ;
#733 = LINE ( 'NONE', #5683, #553 ) ;
#734 = ORIENTED_EDGE ( 'NONE', *, *, #6635, .T. ) ;
#735 = CARTESIAN_POINT ( 'NONE',  ( -2.649000000000000500, 1.100000000000000100, 1.226000000000000000 ) ) ;
#736 = VERTEX_POINT ( 'NONE', #4310 ) ;
#737 = CARTESIAN_POINT ( 'NONE',  ( 2.345000000000000200, -1.100000000000000100, 1.226000000000000000 ) ) ;
#738 = CARTESIAN_POINT ( 'NONE',  ( 2.125000000000000900, 2.299999999999999800, 3.699999999999996600 ) ) ;
#739 = CARTESIAN_POINT ( 'NONE',  ( -2.599000000000000200, 1.100000000000000100, 1.226000000000000000 ) ) ;
#740 = SURFACE_STYLE_FILL_AREA ( #5735 ) ;
#741 = LINE ( 'NONE', #1635, #2434 ) ;
#742 = ORIENTED_EDGE ( 'NONE', *, *, #2527, .F. ) ;
#743 = PLANE ( 'NONE',  #5587 ) ;
#744 = CARTESIAN_POINT ( 'NONE',  ( 2.124999999999999600, -1.100000000000000300, 0.2999999999999986600 ) ) ;
#745 = DIRECTION ( 'NONE',  ( -1.000000000000000000, -0.0000000000000000000, 0.0000000000000000000 ) ) ;
#746 = LINE ( 'NONE', #1372, #6422 ) ;
#747 = LINE ( 'NONE', #1881, #4980 ) ;
#748 = EDGE_CURVE ( 'NONE', #2076, #6151, #296, .T. ) ;
#749 = CARTESIAN_POINT ( 'NONE',  ( 2.649000000000000500, -1.100000000000000100, 0.3039999999999999400 ) ) ;
#750 = EDGE_CURVE ( 'NONE', #5782, #911, #5839, .T. ) ;
#751 = ORIENTED_EDGE ( 'NONE', *, *, #3605, .T. ) ;
#752 = AXIS2_PLACEMENT_3D ( 'NONE', #4488, #1761, #5598 ) ;
#753 = DIRECTION ( 'NONE',  ( -1.000000000000000000, 6.776263578034385000E-016, -0.0000000000000000000 ) ) ;
#754 = COLOUR_RGB ( '',0.8000000000000000400, 0.8078431372549019800, 0.8000000000000000400 ) ;
#755 = FILL_AREA_STYLE_COLOUR ( '', #2256 ) ;
#756 = CARTESIAN_POINT ( 'NONE',  ( 0.1500000000000010500, 3.673118842698620300, 3.249999999999996000 ) ) ;
#757 = CARTESIAN_POINT ( 'NONE',  ( -3.145000000000000000, -1.100000000000000100, 1.529999999999999800 ) ) ;
#758 = PLANE ( 'NONE',  #2330 ) ;
#759 = VERTEX_POINT ( 'NONE', #71 ) ;
#760 = CARTESIAN_POINT ( 'NONE',  ( 0.4650000000000003600, 3.100000000000000100, 0.3499999999999989800 ) ) ;
#761 = EDGE_CURVE ( 'NONE', #3264, #3675, #7096, .T. ) ;
#762 = CARTESIAN_POINT ( 'NONE',  ( -0.7849999999999997000, 0.4249999999999998200, 1.749999999999996400 ) ) ;
#763 = ADVANCED_FACE ( 'NONE', ( #1484 ), #990, .F. ) ;
#764 =( NAMED_UNIT ( * ) SI_UNIT ( $, .STERADIAN. ) SOLID_ANGLE_UNIT ( ) );
#765 = CARTESIAN_POINT ( 'NONE',  ( -2.345000000000000200, -0.8800000000000003400, 1.529999999999999800 ) ) ;
#766 = VECTOR ( 'NONE', #2621, 1000.000000000000100 ) ;
#767 = DIRECTION ( 'NONE',  ( 1.000000000000000000, 0.0000000000000000000, 2.304851557154560100E-017 ) ) ;
#768 = PRESENTATION_LAYER_ASSIGNMENT (  '', '', ( #7155 ) ) ;
#769 = DIRECTION ( 'NONE',  ( 0.0000000000000000000, -1.000000000000000000, -1.464376960240160100E-015 ) ) ;
#770 = DIRECTION ( 'NONE',  ( 0.0000000000000000000, 0.0000000000000000000, 1.000000000000000000 ) ) ;
#771 = DIRECTION ( 'NONE',  ( 1.000000000000000000, 0.0000000000000000000, 0.0000000000000000000 ) ) ;
#772 = LINE ( 'NONE', #1290, #2124 ) ;
#773 = EDGE_LOOP ( 'NONE', ( #5498, #2726, #5415, #3052 ) ) ;
#774 = ORIENTED_EDGE ( 'NONE', *, *, #3390, .T. ) ;
#775 = DIRECTION ( 'NONE',  ( -1.971276677246372000E-016, 0.0000000000000000000, -1.000000000000000000 ) ) ;
#776 =( LENGTH_UNIT ( ) NAMED_UNIT ( * ) SI_UNIT ( .MILLI., .METRE. ) );
#777 = DIRECTION ( 'NONE',  ( 0.0000000000000000000, -4.336808689942014600E-015, 1.000000000000000000 ) ) ;
#778 = VERTEX_POINT ( 'NONE', #152 ) ;
#779 = PLANE ( 'NONE',  #3809 ) ;
#780 = ORIENTED_EDGE ( 'NONE', *, *, #3334, .T. ) ;
#781 = CARTESIAN_POINT ( 'NONE',  ( -0.4649999999999996400, -0.3750000000000001100, 0.6499999999999975800 ) ) ;
#782 = PLANE ( 'NONE',  #4820 ) ;
#783 = SURFACE_SIDE_STYLE ('',( #254 ) ) ;
#784 = EDGE_CURVE ( 'NONE', #6205, #5813, #1835, .T. ) ;
#785 = VECTOR ( 'NONE', #6939, 1000.000000000000000 ) ;
#786 = DIRECTION ( 'NONE',  ( 0.0000000000000000000, -1.464376960240160100E-015, 1.000000000000000000 ) ) ;
#787 = ORIENTED_EDGE ( 'NONE', *, *, #2743, .F. ) ;
#788 =( LENGTH_UNIT ( ) NAMED_UNIT ( * ) SI_UNIT ( .MILLI., .METRE. ) );
#789 = LINE ( 'NONE', #2027, #6459 ) ;
#790 =( NAMED_UNIT ( * ) SI_UNIT ( $, .STERADIAN. ) SOLID_ANGLE_UNIT ( ) );
#791 = FACE_OUTER_BOUND ( 'NONE', #3111, .T. ) ;
#792 = SURFACE_STYLE_USAGE ( .BOTH. , #4176 ) ;
#793 = DIRECTION ( 'NONE',  ( -1.000000000000000000, -0.0000000000000000000, -0.0000000000000000000 ) ) ;
#794 = VECTOR ( 'NONE', #5745, 1000.000000000000000 ) ;
#795 = FACE_OUTER_BOUND ( 'NONE', #604, .T. ) ;
#796 = DIRECTION ( 'NONE',  ( -0.0000000000000000000, -1.000000000000000000, -0.0000000000000000000 ) ) ;
#797 = ADVANCED_FACE ( 'NONE', ( #2958 ), #779, .T. ) ;
#798 = DIRECTION ( 'NONE',  ( 0.0000000000000000000, -1.000000000000000000, 0.0000000000000000000 ) ) ;
#799 = EDGE_LOOP ( 'NONE', ( #344, #4788, #1278, #4619 ) ) ;
#800 = EDGE_CURVE ( 'NONE', #2830, #1140, #5517, .T. ) ;
#801 = VECTOR ( 'NONE', #3787, 1000.000000000000000 ) ;
#802 = ORIENTED_EDGE ( 'NONE', *, *, #5246, .T. ) ;
#803 = EDGE_CURVE ( 'NONE', #3412, #2674, #6938, .T. ) ;
#804 =( LENGTH_UNIT ( ) NAMED_UNIT ( * ) SI_UNIT ( .MILLI., .METRE. ) );
#805 = CARTESIAN_POINT ( 'NONE',  ( 3.145000000000000000, -1.100000000000000100, 1.276000000000000000 ) ) ;
#806 = LINE ( 'NONE', #495, #5212 ) ;
#807 = VECTOR ( 'NONE', #3714, 1000.000000000000000 ) ;
#808 = PRESENTATION_LAYER_ASSIGNMENT (  '', '', ( #34 ) ) ;
#809 = MECHANICAL_DESIGN_GEOMETRIC_PRESENTATION_REPRESENTATION (  '', ( #6841 ), #1207 ) ;
#810 = LINE ( 'NONE', #4983, #6476 ) ;
#811 = ORIENTED_EDGE ( 'NONE', *, *, #3212, .F. ) ;
#812 = AXIS2_PLACEMENT_3D ( 'NONE', #6922, #4257, #899 ) ;
#813 = LINE ( 'NONE', #2899, #4864 ) ;
#814 = ORIENTED_EDGE ( 'NONE', *, *, #1555, .T. ) ;
#815 =( NAMED_UNIT ( * ) SI_UNIT ( $, .STERADIAN. ) SOLID_ANGLE_UNIT ( ) );
#816 = DIRECTION ( 'NONE',  ( 0.0000000000000000000, -1.000000000000000000, 0.0000000000000000000 ) ) ;
#817 = VECTOR ( 'NONE', #2963, 1000.000000000000000 ) ;
#818 = ORIENTED_EDGE ( 'NONE', *, *, #3898, .T. ) ;
#819 = ORIENTED_EDGE ( 'NONE', *, *, #4105, .T. ) ;
#820 = ORIENTED_EDGE ( 'NONE', *, *, #4230, .T. ) ;
#821 = CARTESIAN_POINT ( 'NONE',  ( -1.524999999999999500, 2.000000000000000000, 3.699999999999996600 ) ) ;
#822 = LINE ( 'NONE', #3696, #2181 ) ;
#823 = DIRECTION ( 'NONE',  ( -0.0000000000000000000, -1.000000000000000000, -0.0000000000000000000 ) ) ;
#824 = CARTESIAN_POINT ( 'NONE',  ( 3.624999999999999100, 1.100000000000000100, -4.960040550996609200E-017 ) ) ;
#825 = CARTESIAN_POINT ( 'NONE',  ( -2.124999999999999100, 1.700000000000000200, 3.699999999999996600 ) ) ;
#826 = ORIENTED_EDGE ( 'NONE', *, *, #6282, .F. ) ;
#827 = CARTESIAN_POINT ( 'NONE',  ( 0.1500000000000008300, -0.6999999999999988500, 3.249999999999996000 ) ) ;
#828 = ORIENTED_EDGE ( 'NONE', *, *, #837, .F. ) ;
#829 = PRESENTATION_STYLE_ASSIGNMENT (( #3039 ) ) ;
#830 = ORIENTED_EDGE ( 'NONE', *, *, #4150, .T. ) ;
#831 = PLANE ( 'NONE',  #3258 ) ;
#832 = UNCERTAINTY_MEASURE_WITH_UNIT (LENGTH_MEASURE( 1.000000000000000100E-005 ), #6786, 'distance_accuracy_value', 'NONE');
#833 = CARTESIAN_POINT ( 'NONE',  ( 0.4650000000000003600, 3.100000000000000100, 0.09999999999999947800 ) ) ;
#834 = CARTESIAN_POINT ( 'NONE',  ( -0.7849999999999997000, -0.1500000000000003300, 0.2999999999999965500 ) ) ;
#835 = VECTOR ( 'NONE', #383, 1000.000000000000000 ) ;
#836 = VERTEX_POINT ( 'NONE', #6880 ) ;
#837 = EDGE_CURVE ( 'NONE', #5466, #653, #6766, .T. ) ;
#838 = ADVANCED_FACE ( 'NONE', ( #4259 ), #6522, .T. ) ;
#839 = ORIENTED_EDGE ( 'NONE', *, *, #3149, .F. ) ;
#840 = ORIENTED_EDGE ( 'NONE', *, *, #5754, .F. ) ;
#841 = FILL_AREA_STYLE_COLOUR ( '', #5100 ) ;
#842 =( NAMED_UNIT ( * ) PLANE_ANGLE_UNIT ( ) SI_UNIT ( $, .RADIAN. ) );
#843 = LINE ( 'NONE', #6942, #3637 ) ;
#844 = CARTESIAN_POINT ( 'NONE',  ( 0.0000000000000000000, 2.000000000000000000, 3.699999999999996600 ) ) ;
#845 = DIRECTION ( 'NONE',  ( 0.0000000000000000000, 0.0000000000000000000, -1.000000000000000000 ) ) ;
#846 = SURFACE_SIDE_STYLE ('',( #4577 ) ) ;
#847 = CARTESIAN_POINT ( 'NONE',  ( -1.524999999999999900, -0.6999999999999988500, 1.749999999999996400 ) ) ;
#848 = EDGE_CURVE ( 'NONE', #6162, #5231, #4094, .T. ) ;
#849 = EDGE_CURVE ( 'NONE', #6752, #5916, #2441, .T. ) ;
#850 = CARTESIAN_POINT ( 'NONE',  ( 0.7850000000000003600, 0.4249999999999998200, 0.6499999999999964700 ) ) ;
#851 = MECHANICAL_DESIGN_GEOMETRIC_PRESENTATION_REPRESENTATION (  '', ( #6155 ), #1248 ) ;
#852 = DIRECTION ( 'NONE',  ( 0.0000000000000000000, 0.0000000000000000000, 1.000000000000000000 ) ) ;
#853 = FACE_OUTER_BOUND ( 'NONE', #3560, .T. ) ;
#854 = VERTEX_POINT ( 'NONE', #762 ) ;
#855 = ORIENTED_EDGE ( 'NONE', *, *, #3545, .T. ) ;
#856 = DIRECTION ( 'NONE',  ( -1.000000000000000000, -0.0000000000000000000, -0.0000000000000000000 ) ) ;
#857 = FILL_AREA_STYLE_COLOUR ( '', #5175 ) ;
#858 = CARTESIAN_POINT ( 'NONE',  ( 1.524999999999992600, 1.700000000000000200, 1.749999999999996400 ) ) ;
#859 = EDGE_CURVE ( 'NONE', #5708, #5299, #5155, .T. ) ;
#860 = DIRECTION ( 'NONE',  ( -1.000000000000000000, -2.891205793294679300E-016, 0.0000000000000000000 ) ) ;
#861 = CARTESIAN_POINT ( 'NONE',  ( -0.4649999999999996400, 0.4249999999999998200, 0.6499999999999964700 ) ) ;
#862 = CARTESIAN_POINT ( 'NONE',  ( -2.599000000000000200, -1.100000000000000100, 0.3039999999999999400 ) ) ;
#863 = FACE_OUTER_BOUND ( 'NONE', #1842, .T. ) ;
#864 = VECTOR ( 'NONE', #6054, 1000.000000000000000 ) ;
#865 = ORIENTED_EDGE ( 'NONE', *, *, #3424, .T. ) ;
#866 = DIRECTION ( 'NONE',  ( 0.0000000000000000000, 1.000000000000000000, 0.0000000000000000000 ) ) ;
#867 = CARTESIAN_POINT ( 'NONE',  ( -0.4649999999999996400, -0.3750000000000005600, 3.999999999999993300 ) ) ;
#868 = PLANE ( 'NONE',  #3705 ) ;
#869 = DIRECTION ( 'NONE',  ( 0.0000000000000000000, 1.000000000000000000, 1.464376960240159700E-015 ) ) ;
#870 = ORIENTED_EDGE ( 'NONE', *, *, #3913, .F. ) ;
#871 = DIRECTION ( 'NONE',  ( 0.5773502691896267300, 0.5773502691896252900, -0.5773502691896254000 ) ) ;
#872 = VERTEX_POINT ( 'NONE', #1496 ) ;
#873 = VERTEX_POINT ( 'NONE', #1548 ) ;
#874 = DIRECTION ( 'NONE',  ( 3.061276722312012500E-016, -0.0000000000000000000, 1.000000000000000000 ) ) ;
#875 = DIRECTION ( 'NONE',  ( 0.0000000000000000000, 0.0000000000000000000, -1.000000000000000000 ) ) ;
#876 = CARTESIAN_POINT ( 'NONE',  ( 3.324999999999999700, 1.399999999999999000, 1.699999999999989700 ) ) ;
#877 = EDGE_CURVE ( 'NONE', #944, #6511, #746, .T. ) ;
#878 = SURFACE_STYLE_FILL_AREA ( #2558 ) ;
#879 = DIRECTION ( 'NONE',  ( 0.0000000000000000000, 0.0000000000000000000, -1.000000000000000000 ) ) ;
#880 = MANIFOLD_SOLID_BREP ( 'Линейный массив4', #1382 ) ;
#881 = VERTEX_POINT ( 'NONE', #2091 ) ;
#882 = LINE ( 'NONE', #435, #2576 ) ;
#883 = ADVANCED_FACE ( 'NONE', ( #1113 ), #2446, .F. ) ;
#884 = LINE ( 'NONE', #1826, #6546 ) ;
#885 = VECTOR ( 'NONE', #869, 1000.000000000000000 ) ;
#886 = ORIENTED_EDGE ( 'NONE', *, *, #4858, .T. ) ;
#887 = ORIENTED_EDGE ( 'NONE', *, *, #5149, .T. ) ;
#888 = CARTESIAN_POINT ( 'NONE',  ( -2.345000000000000200, 1.100000000000000100, 1.226000000000000000 ) ) ;
#889 = EDGE_CURVE ( 'NONE', #6250, #4287, #4978, .T. ) ;
#890 = SURFACE_STYLE_FILL_AREA ( #1188 ) ;
#891 = VECTOR ( 'NONE', #3835, 1000.000000000000000 ) ;
#892 = VERTEX_POINT ( 'NONE', #1959 ) ;
#893 = EDGE_LOOP ( 'NONE', ( #5783, #452, #4852, #4793 ) ) ;
#894 =( NAMED_UNIT ( * ) SI_UNIT ( $, .STERADIAN. ) SOLID_ANGLE_UNIT ( ) );
#895 = EDGE_CURVE ( 'NONE', #2829, #1259, #3050, .T. ) ;
#896 = DIRECTION ( 'NONE',  ( 0.0000000000000000000, -0.7071067811865441300, 0.7071067811865507900 ) ) ;
#897 = DIRECTION ( 'NONE',  ( 0.0000000000000000000, -1.000000000000000000, 0.0000000000000000000 ) ) ;
#898 = CARTESIAN_POINT ( 'NONE',  ( -0.4649999999999996400, 3.100000000000000100, 0.09999999999999947800 ) ) ;
#899 = DIRECTION ( 'NONE',  ( 0.0000000000000000000, 0.0000000000000000000, 1.000000000000000000 ) ) ;
#900 = VECTOR ( 'NONE', #3307, 1000.000000000000000 ) ;
#901 =( GEOMETRIC_REPRESENTATION_CONTEXT ( 3 ) GLOBAL_UNCERTAINTY_ASSIGNED_CONTEXT ( ( #4931 ) ) GLOBAL_UNIT_ASSIGNED_CONTEXT ( ( #75, #683, #764 ) ) REPRESENTATION_CONTEXT ( 'NONE', 'WORKASPACE' ) );
#902 = ORIENTED_EDGE ( 'NONE', *, *, #2008, .F. ) ;
#903 = FACE_BOUND ( 'NONE', #5090, .T. ) ;
#904 =( NAMED_UNIT ( * ) PLANE_ANGLE_UNIT ( ) SI_UNIT ( $, .RADIAN. ) );
#905 = CARTESIAN_POINT ( 'NONE',  ( -0.4649999999999996400, -0.1500000000000003300, 0.2999999999999965500 ) ) ;
#906 = DIRECTION ( 'NONE',  ( 1.000000000000000000, 0.0000000000000000000, -3.061276722312012500E-016 ) ) ;
#907 = EDGE_CURVE ( 'NONE', #6143, #4994, #4478, .T. ) ;
#908 = CARTESIAN_POINT ( 'NONE',  ( -0.4649999999999996400, 2.999999999999999600, -1.761828530288944700E-016 ) ) ;
#909 = ORIENTED_EDGE ( 'NONE', *, *, #399, .F. ) ;
#910 = DIRECTION ( 'NONE',  ( 0.0000000000000000000, -1.000000000000000000, 0.0000000000000000000 ) ) ;
#911 = VERTEX_POINT ( 'NONE', #2671 ) ;
#912 = DIRECTION ( 'NONE',  ( -1.000000000000000000, 0.0000000000000000000, 0.0000000000000000000 ) ) ;
#913 = ORIENTED_EDGE ( 'NONE', *, *, #1590, .F. ) ;
#914 = AXIS2_PLACEMENT_3D ( 'NONE', #6848, #823, #1954 ) ;
#915 = VECTOR ( 'NONE', #2402, 1000.000000000000000 ) ;
#916 = ORIENTED_EDGE ( 'NONE', *, *, #1443, .T. ) ;
#917 = MECHANICAL_DESIGN_GEOMETRIC_PRESENTATION_REPRESENTATION (  '', ( #6936 ), #1309 ) ;
#918 = VERTEX_POINT ( 'NONE', #6449 ) ;
#919 = ORIENTED_EDGE ( 'NONE', *, *, #4868, .T. ) ;
#920 = ORIENTED_EDGE ( 'NONE', *, *, #461, .F. ) ;
#921 = DIRECTION ( 'NONE',  ( 3.051828337366604500E-016, 0.0000000000000000000, 1.000000000000000000 ) ) ;
#922 = COLOUR_RGB ( '',0.8000000000000000400, 0.8078431372549019800, 0.8000000000000000400 ) ;
#923 = CYLINDRICAL_SURFACE ( 'NONE', #6547, 0.3040000000000002100 ) ;
#924 = ORIENTED_EDGE ( 'NONE', *, *, #5662, .T. ) ;
#926 = ADVANCED_FACE ( 'NONE', ( #200 ), #3229, .T. ) ;
#925 = CARTESIAN_POINT ( 'NONE',  ( 3.145000000000000000, 1.200000000000000000, 1.275999999999999800 ) ) ;
#927 = VERTEX_POINT ( 'NONE', #400 ) ;
#928 = DIRECTION ( 'NONE',  ( 1.000000000000000000, 0.0000000000000000000, -1.971276677246373500E-016 ) ) ;
#929 = ORIENTED_EDGE ( 'NONE', *, *, #6414, .F. ) ;
#930 = ORIENTED_EDGE ( 'NONE', *, *, #7095, .T. ) ;
#931 = PRESENTATION_STYLE_ASSIGNMENT (( #3076 ) ) ;
#932 =( LENGTH_UNIT ( ) NAMED_UNIT ( * ) SI_UNIT ( .MILLI., .METRE. ) );
#933 = CARTESIAN_POINT ( 'NONE',  ( -0.4649999999999996400, 2.500000000000000000, -1.084202172485504400E-016 ) ) ;
#934 = CARTESIAN_POINT ( 'NONE',  ( -2.125000000000000000, -1.100000000000000100, 0.2999999999999999900 ) ) ;
#935 = LINE ( 'NONE', #4797, #6424 ) ;
#936 = SURFACE_SIDE_STYLE ('',( #4234 ) ) ;
#937 = CARTESIAN_POINT ( 'NONE',  ( 1.239088197126322000E-015, 2.000000000000000900, 3.699999999999996600 ) ) ;
#938 = CARTESIAN_POINT ( 'NONE',  ( 2.599000000000000200, 1.200000000000000000, 0.5199999999999998000 ) ) ;
#939 = PLANE ( 'NONE',  #3656 ) ;
#940 = LINE ( 'NONE', #2205, #3919 ) ;
#941 = EDGE_CURVE ( 'NONE', #4862, #2491, #5237, .T. ) ;
#942 = DIRECTION ( 'NONE',  ( 0.0000000000000000000, 0.0000000000000000000, -1.000000000000000000 ) ) ;
#943 = DIRECTION ( 'NONE',  ( 1.000000000000000000, 0.0000000000000000000, 0.0000000000000000000 ) ) ;
#944 = VERTEX_POINT ( 'NONE', #4834 ) ;
#945 = ORIENTED_EDGE ( 'NONE', *, *, #3149, .T. ) ;
#946 = MECHANICAL_DESIGN_GEOMETRIC_PRESENTATION_REPRESENTATION (  '', ( #6955 ), #1333 ) ;
#947 =( NAMED_UNIT ( * ) SI_UNIT ( $, .STERADIAN. ) SOLID_ANGLE_UNIT ( ) );
#948 = EDGE_CURVE ( 'NONE', #6381, #5126, #3818, .T. ) ;
#949 = VECTOR ( 'NONE', #6921, 1000.000000000000000 ) ;
#950 = ORIENTED_EDGE ( 'NONE', *, *, #5582, .F. ) ;
#951 = ORIENTED_EDGE ( 'NONE', *, *, #375, .F. ) ;
#952 = EDGE_LOOP ( 'NONE', ( #5786, #2598, #1153, #2839, #395, #3968, #6436, #4074, #4072, #3792, #2034, #5594 ) ) ;
#953 = EDGE_CURVE ( 'NONE', #2569, #6007, #2357, .T. ) ;
#954 = MECHANICAL_DESIGN_GEOMETRIC_PRESENTATION_REPRESENTATION (  '', ( #6967 ), #1349 ) ;
#955 = SURFACE_STYLE_FILL_AREA ( #1445 ) ;
#956 = CARTESIAN_POINT ( 'NONE',  ( 2.125000000000000000, -1.100000000000000100, 2.400000000000001200 ) ) ;
#957 = FACE_OUTER_BOUND ( 'NONE', #4637, .T. ) ;
#958 = ORIENTED_EDGE ( 'NONE', *, *, #2919, .F. ) ;
#959 =( GEOMETRIC_REPRESENTATION_CONTEXT ( 3 ) GLOBAL_UNCERTAINTY_ASSIGNED_CONTEXT ( ( #4668 ) ) GLOBAL_UNIT_ASSIGNED_CONTEXT ( ( #6170, #2918, #6701 ) ) REPRESENTATION_CONTEXT ( 'NONE', 'WORKASPACE' ) );
#960 = DIRECTION ( 'NONE',  ( 0.0000000000000000000, 0.0000000000000000000, -1.000000000000000000 ) ) ;
#961 = ADVANCED_FACE ( 'NONE', ( #1026 ), #4329, .F. ) ;
#962 = VERTEX_POINT ( 'NONE', #4307 ) ;
#963 = DIRECTION ( 'NONE',  ( 2.891205793294679300E-016, -1.000000000000000000, 0.0000000000000000000 ) ) ;
#964 = PRESENTATION_STYLE_ASSIGNMENT (( #2889 ) ) ;
#965 = FILL_AREA_STYLE ('',( #5897 ) ) ;
#966 = CARTESIAN_POINT ( 'NONE',  ( -2.708333333333333000, -0.5166666666666691600, 1.166666666666671200 ) ) ;
#967 = FILL_AREA_STYLE_COLOUR ( '', #1335 ) ;
#968 = CARTESIAN_POINT ( 'NONE',  ( -0.4649999999999996400, 2.500000000000000000, -1.084202172485504400E-016 ) ) ;
#969 = STYLED_ITEM ( 'NONE', ( #3082 ), #5492 ) ;
#970 = UNCERTAINTY_MEASURE_WITH_UNIT (LENGTH_MEASURE( 1.000000000000000100E-005 ), #3188, 'distance_accuracy_value', 'NONE');
#971 = CARTESIAN_POINT ( 'NONE',  ( -1.049999999999999800, -1.099999999999999900, 0.6499999999999993600 ) ) ;
#972 = FACE_OUTER_BOUND ( 'NONE', #5811, .T. ) ;
#973 = SURFACE_STYLE_USAGE ( .BOTH. , #999 ) ;
#974 = CARTESIAN_POINT ( 'NONE',  ( 2.649000000000000500, -1.100000000000000100, 1.226000000000000000 ) ) ;
#975 = DIRECTION ( 'NONE',  ( 2.304851557154560100E-017, 0.0000000000000000000, 1.000000000000000000 ) ) ;
#976 = VECTOR ( 'NONE', #2372, 1000.000000000000000 ) ;
#977 = DIRECTION ( 'NONE',  ( 0.0000000000000000000, -1.000000000000000000, 0.0000000000000000000 ) ) ;
#978 = ORIENTED_EDGE ( 'NONE', *, *, #1432, .F. ) ;
#979 = CARTESIAN_POINT ( 'NONE',  ( 1.591863895602243300E-016, 1.200000000000000000, 0.5199999999999990200 ) ) ;
#980 = FACE_OUTER_BOUND ( 'NONE', #3316, .T. ) ;
#981 = ORIENTED_EDGE ( 'NONE', *, *, #7006, .T. ) ;
#982 = VECTOR ( 'NONE', #2855, 1000.000000000000000 ) ;
#983 = LINE ( 'NONE', #3827, #5203 ) ;
#984 = CARTESIAN_POINT ( 'NONE',  ( -3.624999999999999600, 1.700000000000000000, 0.7999999999999976000 ) ) ;
#985 = PLANE ( 'NONE',  #580 ) ;
#986 = LINE ( 'NONE', #3494, #4148 ) ;
#987 = CARTESIAN_POINT ( 'NONE',  ( -3.145000000000000000, 1.200000000000000000, 1.529999999999999800 ) ) ;
#988 = FACE_OUTER_BOUND ( 'NONE', #4089, .T. ) ;
#989 = DIRECTION ( 'NONE',  ( -0.7071067811865454600, 0.0000000000000000000, 0.7071067811865495700 ) ) ;
#990 = PLANE ( 'NONE',  #3074 ) ;
#991 = ORIENTED_EDGE ( 'NONE', *, *, #7050, .F. ) ;
#992 = LINE ( 'NONE', #7055, #2323 ) ;
#993 = VECTOR ( 'NONE', #5857, 1000.000000000000000 ) ;
#994 = DIRECTION ( 'NONE',  ( 0.0000000000000000000, 0.0000000000000000000, 1.000000000000000000 ) ) ;
#995 = EDGE_CURVE ( 'NONE', #1908, #1355, #3128, .T. ) ;
#996 = FACE_OUTER_BOUND ( 'NONE', #1843, .T. ) ;
#997 = EDGE_LOOP ( 'NONE', ( #5044, #5445, #3620, #1754, #5992 ) ) ;
#998 = ORIENTED_EDGE ( 'NONE', *, *, #1101, .F. ) ;
#999 = SURFACE_SIDE_STYLE ('',( #3823 ) ) ;
#1000 = EDGE_CURVE ( 'NONE', #2871, #3611, #1662, .T. ) ;
#1001 = DIRECTION ( 'NONE',  ( 0.0000000000000000000, 1.000000000000000000, 1.464376960240159700E-015 ) ) ;
#1002 = VECTOR ( 'NONE', #6109, 1000.000000000000000 ) ;
#1004 = ADVANCED_FACE ( 'NONE', ( #2948 ), #923, .T. ) ;
#1003 = APPLICATION_PROTOCOL_DEFINITION ( 'draft international standard', 'automotive_design', 1998, #1596 ) ;
#1005 = AXIS2_PLACEMENT_3D ( 'NONE', #5766, #2524, #6304 ) ;
#1006 = FILL_AREA_STYLE_COLOUR ( '', #5802 ) ;
#1007 = STYLED_ITEM ( 'NONE', ( #1094 ), #1508 ) ;
#1008 = ORIENTED_EDGE ( 'NONE', *, *, #3853, .T. ) ;
#1009 = LINE ( 'NONE', #6259, #5224 ) ;
#1010 = VERTEX_POINT ( 'NONE', #760 ) ;
#1011 = MECHANICAL_DESIGN_GEOMETRIC_PRESENTATION_REPRESENTATION (  '', ( #222 ), #1402 ) ;
#1012 = VECTOR ( 'NONE', #4757, 1000.000000000000000 ) ;
#1013 = VERTEX_POINT ( 'NONE', #1848 ) ;
#1014 = EDGE_CURVE ( 'NONE', #5299, #3495, #6578, .T. ) ;
#1015 = FILL_AREA_STYLE_COLOUR ( '', #3017 ) ;
#1016 = CARTESIAN_POINT ( 'NONE',  ( -1.625000000000000900, 1.700000000000000000, 0.04999999999999980800 ) ) ;
#1017 =( LENGTH_UNIT ( ) NAMED_UNIT ( * ) SI_UNIT ( .MILLI., .METRE. ) );
#1018 = DIRECTION ( 'NONE',  ( -0.7071067811865461300, 0.0000000000000000000, -0.7071067811865490200 ) ) ;
#1019 = VECTOR ( 'NONE', #6125, 1000.000000000000000 ) ;
#1020 = FILL_AREA_STYLE ('',( #3894 ) ) ;
#1021 = ORIENTED_EDGE ( 'NONE', *, *, #1482, .F. ) ;
#1022 = COLOUR_RGB ( '',0.8000000000000000400, 0.8078431372549019800, 0.8000000000000000400 ) ;
#1023 = ORIENTED_EDGE ( 'NONE', *, *, #114, .T. ) ;
#1024 = CARTESIAN_POINT ( 'NONE',  ( 0.7850000000000003600, 0.4249999999999998200, 0.6499999999999964700 ) ) ;
#1025 = PRESENTATION_LAYER_ASSIGNMENT (  '', '', ( #629 ) ) ;
#1026 = FACE_OUTER_BOUND ( 'NONE', #4494, .T. ) ;
#1027 = EDGE_LOOP ( 'NONE', ( #5273, #3206, #2275, #2132 ) ) ;
#1028 = PLANE ( 'NONE',  #2898 ) ;
#1029 = FACE_OUTER_BOUND ( 'NONE', #6238, .T. ) ;
#1030 = ORIENTED_EDGE ( 'NONE', *, *, #2528, .F. ) ;
#1031 = FILL_AREA_STYLE ('',( #1340 ) ) ;
#1032 = PRESENTATION_STYLE_ASSIGNMENT (( #7043 ) ) ;
#1033 = APPLICATION_CONTEXT ( 'automotive_design' ) ;
#1034 = CARTESIAN_POINT ( 'NONE',  ( -1.824999999999998000, 1.700000000000000200, 4.699999999999995700 ) ) ;
#1035 = DIRECTION ( 'NONE',  ( 1.000000000000000000, 0.0000000000000000000, 0.0000000000000000000 ) ) ;
#1036 = FACE_OUTER_BOUND ( 'NONE', #5915, .T. ) ;
#1037 = EDGE_CURVE ( 'NONE', #1115, #3580, #6759, .T. ) ;
#1038 = FILL_AREA_STYLE ('',( #133 ) ) ;
#1039 = CARTESIAN_POINT ( 'NONE',  ( -3.324999999999999700, 1.399999999999999900, 4.699999999999998400 ) ) ;
#1040 = DIRECTION ( 'NONE',  ( 0.0000000000000000000, 1.141265444721583800E-016, -1.000000000000000000 ) ) ;
#1041 = PLANE ( 'NONE',  #1368 ) ;
#1042 = CARTESIAN_POINT ( 'NONE',  ( -0.7849999999999997000, 3.100000000000000100, 0.3499999999999989800 ) ) ;
#1043 = ADVANCED_FACE ( 'NONE', ( #3728 ), #1744, .T. ) ;
#1044 = VECTOR ( 'NONE', #4859, 1000.000000000000100 ) ;
#1045 = EDGE_CURVE ( 'NONE', #4625, #1268, #741, .T. ) ;
#1046 = PLANE ( 'NONE',  #6785 ) ;
#1047 = DIRECTION ( 'NONE',  ( 0.0000000000000000000, -1.294569758191648900E-016, 1.000000000000000000 ) ) ;
#1048 = EDGE_CURVE ( 'NONE', #3293, #168, #5324, .T. ) ;
#1049 = DIRECTION ( 'NONE',  ( 0.0000000000000000000, 0.7071067811865439100, -0.7071067811865512400 ) ) ;
#1050 =( GEOMETRIC_REPRESENTATION_CONTEXT ( 3 ) GLOBAL_UNCERTAINTY_ASSIGNED_CONTEXT ( ( #3521 ) ) GLOBAL_UNIT_ASSIGNED_CONTEXT ( ( #2104, #2141, #2620 ) ) REPRESENTATION_CONTEXT ( 'NONE', 'WORKASPACE' ) );
#1051 = VECTOR ( 'NONE', #3055, 1000.000000000000000 ) ;
#1052 = ORIENTED_EDGE ( 'NONE', *, *, #413, .F. ) ;
#1053 = VERTEX_POINT ( 'NONE', #3807 ) ;
#1054 = DIRECTION ( 'NONE',  ( -1.000000000000000000, 0.0000000000000000000, -0.0000000000000000000 ) ) ;
#1055 = PLANE ( 'NONE',  #6202 ) ;
#1056 = CARTESIAN_POINT ( 'NONE',  ( 2.125000000000000000, 1.700000000000000000, 0.2999999999999986600 ) ) ;
#1057 = DIRECTION ( 'NONE',  ( 0.0000000000000000000, -0.0000000000000000000, -1.000000000000000000 ) ) ;
#1058 = CARTESIAN_POINT ( 'NONE',  ( -2.649000000000000500, 1.100000000000000100, 1.276000000000000000 ) ) ;
#1059 = EDGE_CURVE ( 'NONE', #2569, #182, #2099, .T. ) ;
#1060 = LINE ( 'NONE', #2403, #6527 ) ;
#1061 = EDGE_CURVE ( 'NONE', #488, #1096, #3529, .T. ) ;
#1062 = FACE_OUTER_BOUND ( 'NONE', #6780, .T. ) ;
#1063 = ORIENTED_EDGE ( 'NONE', *, *, #2894, .T. ) ;
#1064 = AXIS2_PLACEMENT_3D ( 'NONE', #867, #5980, #1692 ) ;
#1065 = PLANE ( 'NONE',  #4204 ) ;
#1066 = CARTESIAN_POINT ( 'NONE',  ( 1.624999999999999800, 1.700000000000000000, 0.04999999999999883000 ) ) ;
#1067 = AXIS2_PLACEMENT_3D ( 'NONE', #4936, #1687, #5518 ) ;
#1068 = CARTESIAN_POINT ( 'NONE',  ( 0.5732823529411769100, 0.3437882352941176200, 4.041411764705874700 ) ) ;
#1069 = SURFACE_SIDE_STYLE ('',( #6557 ) ) ;
#1070 = VERTEX_POINT ( 'NONE', #539 ) ;
#1071 = ORIENTED_EDGE ( 'NONE', *, *, #6879, .F. ) ;
#1072 = CARTESIAN_POINT ( 'NONE',  ( -1.625000000000000700, 2.600000000000000100, 0.04999999999999980800 ) ) ;
#1073 = LINE ( 'NONE', #6324, #6540 ) ;
#1074 = CARTESIAN_POINT ( 'NONE',  ( -2.599000000000000200, 1.200000000000000000, 0.2999999999999999900 ) ) ;
#1075 = VERTEX_POINT ( 'NONE', #3153 ) ;
#1076 = VECTOR ( 'NONE', #4986, 1000.000000000000000 ) ;
#1077 = LINE ( 'NONE', #3234, #2578 ) ;
#1078 = LINE ( 'NONE', #1983, #6716 ) ;
#1079 = CARTESIAN_POINT ( 'NONE',  ( -0.7849999999999997000, 2.350000000000002800, 0.6499999999999993600 ) ) ;
#1080 = ADVANCED_FACE ( 'NONE', ( #2263 ), #1226, .T. ) ;
#1081 = CARTESIAN_POINT ( 'NONE',  ( 3.145000000000000000, 1.200000000000000000, 1.275999999999999800 ) ) ;
#1082 = VERTEX_POINT ( 'NONE', #1182 ) ;
#1083 = FILL_AREA_STYLE_COLOUR ( '', #2070 ) ;
#1084 = ORIENTED_EDGE ( 'NONE', *, *, #1670, .T. ) ;
#1085 = FACE_OUTER_BOUND ( 'NONE', #997, .T. ) ;
#1086 = LINE ( 'NONE', #4373, #5122 ) ;
#1087 = CARTESIAN_POINT ( 'NONE',  ( -2.649000000000000500, -1.100000000000000100, -2.710505431213761100E-017 ) ) ;
#1088 = VECTOR ( 'NONE', #1698, 1000.000000000000000 ) ;
#1089 = EDGE_LOOP ( 'NONE', ( #6035, #734, #4162, #6018, #5355, #5665 ) ) ;
#1090 = DIRECTION ( 'NONE',  ( 0.0000000000000000000, -1.000000000000000000, -2.032879073410321300E-016 ) ) ;
#1091 = EDGE_CURVE ( 'NONE', #5750, #4918, #4798, .T. ) ;
#1092 = LINE ( 'NONE', #3496, #6906 ) ;
#1093 = DIRECTION ( 'NONE',  ( 0.0000000000000000000, -0.9889363528682980600, -0.1483404529302414000 ) ) ;
#1094 = PRESENTATION_STYLE_ASSIGNMENT (( #4995 ) ) ;
#1095 =( GEOMETRIC_REPRESENTATION_CONTEXT ( 3 ) GLOBAL_UNCERTAINTY_ASSIGNED_CONTEXT ( ( #1295 ) ) GLOBAL_UNIT_ASSIGNED_CONTEXT ( ( #5493, #5467, #5447 ) ) REPRESENTATION_CONTEXT ( 'NONE', 'WORKASPACE' ) );
#1096 = VERTEX_POINT ( 'NONE', #3518 ) ;
#1097 = PLANE ( 'NONE',  #4367 ) ;
#1098 = LINE ( 'NONE', #2429, #6568 ) ;
#1099 = VERTEX_POINT ( 'NONE', #4481 ) ;
#1100 = EDGE_CURVE ( 'NONE', #4427, #6549, #5592, .T. ) ;
#1101 = EDGE_CURVE ( 'NONE', #1731, #6485, #2874, .T. ) ;
#1102 = ORIENTED_EDGE ( 'NONE', *, *, #3851, .F. ) ;
#1103 = ORIENTED_EDGE ( 'NONE', *, *, #5526, .F. ) ;
#1104 = AXIS2_PLACEMENT_3D ( 'NONE', #2902, #5075, #1820 ) ;
#1105 = FACE_OUTER_BOUND ( 'NONE', #3904, .T. ) ;
#1106 = CARTESIAN_POINT ( 'NONE',  ( 2.599000000000000200, -1.100000000000000100, 1.055999999999998300 ) ) ;
#1107 = PRESENTATION_LAYER_ASSIGNMENT (  '', '', ( #710 ) ) ;
#1108 = STYLED_ITEM ( 'NONE', ( #6079 ), #3624 ) ;
#1109 = ORIENTED_EDGE ( 'NONE', *, *, #2705, .F. ) ;
#1110 = SURFACE_STYLE_FILL_AREA ( #1764 ) ;
#1111 = DIRECTION ( 'NONE',  ( 0.0000000000000000000, 0.0000000000000000000, 1.000000000000000000 ) ) ;
#1112 = CARTESIAN_POINT ( 'NONE',  ( 2.649000000000000500, -1.100000000000000100, 0.3039999999999999400 ) ) ;
#1113 = FACE_OUTER_BOUND ( 'NONE', #5808, .T. ) ;
#1114 = ADVANCED_FACE ( 'NONE', ( #4326 ), #5061, .F. ) ;
#1115 = VERTEX_POINT ( 'NONE', #663 ) ;
#1116 = CARTESIAN_POINT ( 'NONE',  ( 0.1999999999999998700, 2.600000000000000100, 0.6499999999999990200 ) ) ;
#1117 = VECTOR ( 'NONE', #5705, 1000.000000000000000 ) ;
#1118 = AXIS2_PLACEMENT_3D ( 'NONE', #2537, #6313, #3081 ) ;
#1119 = CARTESIAN_POINT ( 'NONE',  ( -2.345000000000000200, 1.100000000000000100, 0.3039999999999999400 ) ) ;
#1120 = PLANE ( 'NONE',  #4565 ) ;
#1121 = UNCERTAINTY_MEASURE_WITH_UNIT (LENGTH_MEASURE( 1.000000000000000100E-005 ), #1899, 'distance_accuracy_value', 'NONE');
#1122 = DIRECTION ( 'NONE',  ( -1.000000000000000000, 0.0000000000000000000, 0.0000000000000000000 ) ) ;
#1123 = DIRECTION ( 'NONE',  ( -1.000000000000000000, -0.0000000000000000000, -0.0000000000000000000 ) ) ;
#1124 = CARTESIAN_POINT ( 'NONE',  ( -1.524999999999999500, 0.8499999999999996400, 1.749999999999996400 ) ) ;
#1125 = CARTESIAN_POINT ( 'NONE',  ( -0.7849999999999997000, 0.4249999999999998200, 0.6499999999999993600 ) ) ;
#1126 = DIRECTION ( 'NONE',  ( 0.0000000000000000000, -1.000000000000000000, -1.141265444721583800E-016 ) ) ;
#1127 = EDGE_LOOP ( 'NONE', ( #3866, #2541, #6685, #4988 ) ) ;
#1128 = CARTESIAN_POINT ( 'NONE',  ( 2.128248708953016500E-017, -2.350988701644572000E-032, 0.04999999999999926700 ) ) ;
#1129 = EDGE_LOOP ( 'NONE', ( #3910, #3419, #486, #7064 ) ) ;
#1130 = VERTEX_POINT ( 'NONE', #4655 ) ;
#1131 = SURFACE_SIDE_STYLE ('',( #2915 ) ) ;
#1132 = PLANE ( 'NONE',  #5000 ) ;
#1133 = FILL_AREA_STYLE_COLOUR ( '', #6528 ) ;
#1134 = LINE ( 'NONE', #6892, #4113 ) ;
#1135 = EDGE_LOOP ( 'NONE', ( #3830, #5950, #5032, #7124 ) ) ;
#1136 = ORIENTED_EDGE ( 'NONE', *, *, #6951, .F. ) ;
#1137 = VECTOR ( 'NONE', #2551, 1000.000000000000000 ) ;
#1138 = EDGE_CURVE ( 'NONE', #6397, #706, #2691, .T. ) ;
#1139 = VECTOR ( 'NONE', #2897, 1000.000000000000200 ) ;
#1140 = VERTEX_POINT ( 'NONE', #6815 ) ;
#1141 = EDGE_LOOP ( 'NONE', ( #5428, #5614, #2368, #1296, #1971, #6733, #2167, #4057 ) ) ;
#1142 = EDGE_CURVE ( 'NONE', #6344, #397, #5421, .T. ) ;
#1143 = CARTESIAN_POINT ( 'NONE',  ( 0.0000000000000000000, -1.100000000000000100, 1.056000000000000000 ) ) ;
#1144 = CARTESIAN_POINT ( 'NONE',  ( 3.124999999999999100, 1.700000000000000000, 0.2999999999999999300 ) ) ;
#1145 = DIRECTION ( 'NONE',  ( 0.0000000000000000000, 0.0000000000000000000, 1.000000000000000000 ) ) ;
#1147 = VERTEX_POINT ( 'NONE', #1809 ) ;
#1146 = VECTOR ( 'NONE', #2307, 1000.000000000000000 ) ;
#1148 = DIRECTION ( 'NONE',  ( 0.0000000000000000000, -1.000000000000000000, 0.0000000000000000000 ) ) ;
#1149 = FACE_OUTER_BOUND ( 'NONE', #6311, .T. ) ;
#1150 = AXIS2_PLACEMENT_3D ( 'NONE', #308, #235, #218 ) ;
#1151 = ADVANCED_FACE ( 'NONE', ( #6842 ), #4036, .F. ) ;
#1152 = ORIENTED_EDGE ( 'NONE', *, *, #4317, .T. ) ;
#1153 = ORIENTED_EDGE ( 'NONE', *, *, #6342, .F. ) ;
#1154 = CARTESIAN_POINT ( 'NONE',  ( 2.649000000000000500, -1.100000000000000100, -2.710505431213761100E-017 ) ) ;
#1155 = EDGE_CURVE ( 'NONE', #2467, #3922, #3992, .T. ) ;
#1156 = PRESENTATION_STYLE_ASSIGNMENT (( #5385 ) ) ;
#1157 = CARTESIAN_POINT ( 'NONE',  ( -2.125000000000000000, 1.700000000000000000, 0.04999999999999996800 ) ) ;
#1158 = AXIS2_PLACEMENT_3D ( 'NONE', #2679, #3813, #436 ) ;
#1159 = VECTOR ( 'NONE', #265, 1000.000000000000000 ) ;
#1160 = CARTESIAN_POINT ( 'NONE',  ( -2.649000000000000500, 1.100000000000000100, 0.3039999999999999400 ) ) ;
#1161 = DIRECTION ( 'NONE',  ( -1.000000000000000000, 1.807003620809173200E-016, 0.0000000000000000000 ) ) ;
#1162 = EDGE_LOOP ( 'NONE', ( #237, #6996, #7069, #924, #3394, #2693, #462, #5360, #5065, #5356, #1648, #2363, #5178, #3695, #5771, #5223 ) ) ;
#1163 = CARTESIAN_POINT ( 'NONE',  ( -0.4649999999999996400, 3.100000000000000100, 0.09999999999999947800 ) ) ;
#1164 = MECHANICAL_DESIGN_GEOMETRIC_PRESENTATION_REPRESENTATION (  '', ( #7155 ), #1563 ) ;
#1165 = DIRECTION ( 'NONE',  ( 3.252606517456513300E-016, -0.0000000000000000000, 1.000000000000000000 ) ) ;
#1166 = VECTOR ( 'NONE', #6910, 1000.000000000000000 ) ;
#1167 = VERTEX_POINT ( 'NONE', #6655 ) ;
#1168 = VECTOR ( 'NONE', #1442, 1000.000000000000000 ) ;
#1169 = VECTOR ( 'NONE', #658, 1000.000000000000000 ) ;
#1170 = CARTESIAN_POINT ( 'NONE',  ( -0.7849999999999997000, -0.3750000000000001100, 1.749999999999996400 ) ) ;
#1171 = DIRECTION ( 'NONE',  ( -0.7071067811865490200, 0.0000000000000000000, 0.7071067811865460200 ) ) ;
#1172 = LINE ( 'NONE', #6721, #6812 ) ;
#1173 = VECTOR ( 'NONE', #3932, 1000.000000000000000 ) ;
#1174 = FILL_AREA_STYLE ('',( #581 ) ) ;
#1175 = PLANE ( 'NONE',  #2286 ) ;
#1176 = ORIENTED_EDGE ( 'NONE', *, *, #3715, .F. ) ;
#1177 = VECTOR ( 'NONE', #6893, 1000.000000000000000 ) ;
#1178 = VERTEX_POINT ( 'NONE', #6678 ) ;
#1179 = ORIENTED_EDGE ( 'NONE', *, *, #5775, .F. ) ;
#1180 = CARTESIAN_POINT ( 'NONE',  ( 1.175000000000001200, 1.174999999999999600, 2.874999999999993300 ) ) ;
#1181 = ORIENTED_EDGE ( 'NONE', *, *, #2423, .F. ) ;
#1182 = CARTESIAN_POINT ( 'NONE',  ( -2.345000000000000200, -0.8800000000000003400, 0.5199999999999995700 ) ) ;
#1183 = VECTOR ( 'NONE', #1447, 1000.000000000000000 ) ;
#1184 = VERTEX_POINT ( 'NONE', #6165 ) ;
#1185 = SURFACE_STYLE_USAGE ( .BOTH. , #1131 ) ;
#1186 = FACE_OUTER_BOUND ( 'NONE', #352, .T. ) ;
#1187 = CARTESIAN_POINT ( 'NONE',  ( 1.824999999999994000, -0.6999999999999988500, 4.699999999999998400 ) ) ;
#1188 = FILL_AREA_STYLE ('',( #6626 ) ) ;
#1189 = PLANE ( 'NONE',  #6974 ) ;
#1190 = EDGE_CURVE ( 'NONE', #6870, #836, #3811, .T. ) ;
#1191 = ORIENTED_EDGE ( 'NONE', *, *, #1423, .T. ) ;
#1192 = ORIENTED_EDGE ( 'NONE', *, *, #1343, .F. ) ;
#1193 = EDGE_CURVE ( 'NONE', #4086, #3614, #6665, .T. ) ;
#1194 = ADVANCED_FACE ( 'NONE', ( #5052 ), #1898, .T. ) ;
#1195 = LINE ( 'NONE', #5816, #2522 ) ;
#1196 = ORIENTED_EDGE ( 'NONE', *, *, #2051, .F. ) ;
#1197 = VECTOR ( 'NONE', #1968, 1000.000000000000000 ) ;
#1198 = ORIENTED_EDGE ( 'NONE', *, *, #1438, .T. ) ;
#1199 = DIRECTION ( 'NONE',  ( 1.172110456741086100E-016, -1.000000000000000000, 0.0000000000000000000 ) ) ;
#1200 = LINE ( 'NONE', #4999, #2533 ) ;
#1201 = VERTEX_POINT ( 'NONE', #5736 ) ;
#1202 = EDGE_CURVE ( 'NONE', #3917, #2972, #1819, .T. ) ;
#1203 = EDGE_CURVE ( 'NONE', #2630, #316, #4545, .T. ) ;
#1204 = CARTESIAN_POINT ( 'NONE',  ( -1.524999999999999500, 1.700000000000000200, 1.749999999999996400 ) ) ;
#1205 = ORIENTED_EDGE ( 'NONE', *, *, #3070, .F. ) ;
#1206 = MECHANICAL_DESIGN_GEOMETRIC_PRESENTATION_REPRESENTATION (  '', ( #34 ), #1602 ) ;
#1207 =( GEOMETRIC_REPRESENTATION_CONTEXT ( 3 ) GLOBAL_UNCERTAINTY_ASSIGNED_CONTEXT ( ( #4551 ) ) GLOBAL_UNIT_ASSIGNED_CONTEXT ( ( #3953, #3928, #3781 ) ) REPRESENTATION_CONTEXT ( 'NONE', 'WORKASPACE' ) );
#1208 = CARTESIAN_POINT ( 'NONE',  ( 2.125000000000000900, 2.600000000000000100, 4.699999999999998400 ) ) ;
#1209 = LINE ( 'NONE', #2722, #6849 ) ;
#1210 = VERTEX_POINT ( 'NONE', #739 ) ;
#1211 = ORIENTED_EDGE ( 'NONE', *, *, #3155, .T. ) ;
#1212 =( LENGTH_UNIT ( ) NAMED_UNIT ( * ) SI_UNIT ( .MILLI., .METRE. ) );
#1213 = VECTOR ( 'NONE', #5885, 1000.000000000000000 ) ;
#1214 = ORIENTED_EDGE ( 'NONE', *, *, #2894, .F. ) ;
#1215 = CARTESIAN_POINT ( 'NONE',  ( 1.524999999999993000, 0.09999999999999982500, 1.749999999999996400 ) ) ;
#1216 = LINE ( 'NONE', #3946, #4188 ) ;
#1217 = DIRECTION ( 'NONE',  ( 1.000000000000000000, 0.0000000000000000000, -3.061276722312012500E-016 ) ) ;
#1218 = ORIENTED_EDGE ( 'NONE', *, *, #4813, .F. ) ;
#1219 = DIRECTION ( 'NONE',  ( -0.0000000000000000000, 1.000000000000000000, 0.0000000000000000000 ) ) ;
#1220 = DIRECTION ( 'NONE',  ( -0.0000000000000000000, 0.0000000000000000000, -1.000000000000000000 ) ) ;
#1221 = DIRECTION ( 'NONE',  ( 0.0000000000000000000, 0.0000000000000000000, -1.000000000000000000 ) ) ;
#1222 = LINE ( 'NONE', #2142, #2715 ) ;
#1223 = ORIENTED_EDGE ( 'NONE', *, *, #6074, .T. ) ;
#1224 = ADVANCED_FACE ( 'NONE', ( #91 ), #2932, .F. ) ;
#1225 = ORIENTED_EDGE ( 'NONE', *, *, #4199, .F. ) ;
#1226 = PLANE ( 'NONE',  #2060 ) ;
#1227 = LINE ( 'NONE', #5187, #4023 ) ;
#1228 = EDGE_LOOP ( 'NONE', ( #3597, #5905, #4804, #855 ) ) ;
#1229 = ORIENTED_EDGE ( 'NONE', *, *, #4948, .T. ) ;
#1230 = EDGE_LOOP ( 'NONE', ( #3732, #2746, #2798, #1418 ) ) ;
#1231 = EDGE_CURVE ( 'NONE', #601, #2635, #6009, .T. ) ;
#1232 = CARTESIAN_POINT ( 'NONE',  ( 1.175000000000001200, 2.000000000000000000, 3.699999999999996600 ) ) ;
#1233 = ORIENTED_EDGE ( 'NONE', *, *, #6731, .T. ) ;
#1234 = CARTESIAN_POINT ( 'NONE',  ( -0.4649999999999996400, 2.200000000000003300, 0.2999999999999996600 ) ) ;
#1235 = DIRECTION ( 'NONE',  ( 0.0000000000000000000, -0.0000000000000000000, -1.000000000000000000 ) ) ;
#1236 = DIRECTION ( 'NONE',  ( 1.172110456741086100E-016, -1.000000000000000000, 0.0000000000000000000 ) ) ;
#1237 = VERTEX_POINT ( 'NONE', #111 ) ;
#1238 = ORIENTED_EDGE ( 'NONE', *, *, #5204, .F. ) ;
#1239 = CARTESIAN_POINT ( 'NONE',  ( -3.145000000000000000, -1.100000000000000100, 1.276000000000000000 ) ) ;
#1240 = ORIENTED_EDGE ( 'NONE', *, *, #1688, .F. ) ;
#1241 = EDGE_CURVE ( 'NONE', #836, #1998, #4395, .T. ) ;
#1242 = EDGE_CURVE ( 'NONE', #5267, #1908, #5820, .T. ) ;
#1243 = PLANE ( 'NONE',  #1104 ) ;
#1244 = VERTEX_POINT ( 'NONE', #2456 ) ;
#1245 = LINE ( 'NONE', #3021, #6885 ) ;
#1246 = AXIS2_PLACEMENT_3D ( 'NONE', #4346, #2179, #5971 ) ;
#1247 = EDGE_LOOP ( 'NONE', ( #4285, #6111, #3283, #4839, #5966 ) ) ;
#1248 =( GEOMETRIC_REPRESENTATION_CONTEXT ( 3 ) GLOBAL_UNCERTAINTY_ASSIGNED_CONTEXT ( ( #1986 ) ) GLOBAL_UNIT_ASSIGNED_CONTEXT ( ( #5830, #5855, #6374 ) ) REPRESENTATION_CONTEXT ( 'NONE', 'WORKASPACE' ) );
#1249 = ORIENTED_EDGE ( 'NONE', *, *, #3659, .F. ) ;
#1250 = AXIS2_PLACEMENT_3D ( 'NONE', #5773, #6318, #3083 ) ;
#1251 = ORIENTED_EDGE ( 'NONE', *, *, #3249, .F. ) ;
#1252 = LINE ( 'NONE', #3986, #1076 ) ;
#1253 = DIRECTION ( 'NONE',  ( 0.0000000000000000000, -1.000000000000000000, 0.0000000000000000000 ) ) ;
#1254 = EDGE_CURVE ( 'NONE', #1115, #397, #7084, .T. ) ;
#1255 = LINE ( 'NONE', #1413, #5796 ) ;
#1256 = CARTESIAN_POINT ( 'NONE',  ( 3.136999999999998700, 1.587999999999999600, 0.2540000000000000000 ) ) ;
#1257 = EDGE_LOOP ( 'NONE', ( #78, #840, #2175, #4411, #1360, #1901, #7126, #608, #3068, #643, #5908, #4333, #3268, #70, #2914, #6907, #1724, #3625, #4590, #3179 ) ) ;
#1258 = COLOUR_RGB ( '',0.8000000000000000400, 0.8078431372549019800, 0.8000000000000000400 ) ;
#1259 = VERTEX_POINT ( 'NONE', #2947 ) ;
#1260 = DIRECTION ( 'NONE',  ( -1.000000000000000000, -0.0000000000000000000, -0.0000000000000000000 ) ) ;
#1261 = DIRECTION ( 'NONE',  ( 0.0000000000000000000, -1.000000000000000000, 0.0000000000000000000 ) ) ;
#1262 = STYLED_ITEM ( 'NONE', ( #3078 ), #5072 ) ;
#1263 = VERTEX_POINT ( 'NONE', #1887 ) ;
#1264 = LINE ( 'NONE', #6606, #4056 ) ;
#1265 = ADVANCED_FACE ( 'NONE', ( #5507 ), #3574, .T. ) ;
#1266 = LINE ( 'NONE', #3761, #6902 ) ;
#1267 = VECTOR ( 'NONE', #5394, 999.9999999999998900 ) ;
#1268 = VERTEX_POINT ( 'NONE', #5241 ) ;
#1269 = DIRECTION ( 'NONE',  ( 0.0000000000000000000, 1.000000000000000000, 0.0000000000000000000 ) ) ;
#1270 = DIRECTION ( 'NONE',  ( 2.304851557154560100E-017, 0.0000000000000000000, 1.000000000000000000 ) ) ;
#1271 = FACE_OUTER_BOUND ( 'NONE', #3025, .T. ) ;
#1272 = PLANE ( 'NONE',  #612 ) ;
#1273 = VECTOR ( 'NONE', #2356, 1000.000000000000000 ) ;
#1274 = DIRECTION ( 'NONE',  ( 3.252606517456513300E-016, -0.0000000000000000000, 1.000000000000000000 ) ) ;
#1275 = ORIENTED_EDGE ( 'NONE', *, *, #3913, .T. ) ;
#1276 = CARTESIAN_POINT ( 'NONE',  ( 0.7850000000000003600, 0.3499999999999997000, 3.999999999999993300 ) ) ;
#1277 = VECTOR ( 'NONE', #3692, 1000.000000000000000 ) ;
#1278 = ORIENTED_EDGE ( 'NONE', *, *, #4220, .F. ) ;
#1279 = EDGE_CURVE ( 'NONE', #4223, #1473, #6924, .T. ) ;
#1280 = CARTESIAN_POINT ( 'NONE',  ( -3.624999999999999600, -1.100000000000000100, 2.200000000000000200 ) ) ;
#1281 = LINE ( 'NONE', #6175, #7076 ) ;
#1282 = PRESENTATION_STYLE_ASSIGNMENT (( #2191 ) ) ;
#1283 = CARTESIAN_POINT ( 'NONE',  ( 2.599000000000000200, 1.100000000000000100, 1.226000000000000000 ) ) ;
#1284 = COLOUR_RGB ( '',0.8000000000000000400, 0.8078431372549019800, 0.8000000000000000400 ) ;
#1285 =( NAMED_UNIT ( * ) PLANE_ANGLE_UNIT ( ) SI_UNIT ( $, .RADIAN. ) );
#1286 = ORIENTED_EDGE ( 'NONE', *, *, #4398, .F. ) ;
#1287 = FACE_OUTER_BOUND ( 'NONE', #2900, .T. ) ;
#1288 = CARTESIAN_POINT ( 'NONE',  ( -3.624999999999999600, 1.700000000000000000, 2.200000000000000200 ) ) ;
#1289 = CARTESIAN_POINT ( 'NONE',  ( 3.060333333333333800, -0.7953333333333318900, 1.445333333333333100 ) ) ;
#1290 = CARTESIAN_POINT ( 'NONE',  ( -1.824999999999999300, 0.8499999999999996400, 1.749999999999996400 ) ) ;
#1291 = CARTESIAN_POINT ( 'NONE',  ( 2.125000000000000000, 1.399999999999999200, 4.699999999999998400 ) ) ;
#1292 = EDGE_CURVE ( 'NONE', #1263, #7145, #6411, .T. ) ;
#1293 = EDGE_CURVE ( 'NONE', #6185, #872, #733, .T. ) ;
#1294 = ORIENTED_EDGE ( 'NONE', *, *, #4855, .F. ) ;
#1295 = UNCERTAINTY_MEASURE_WITH_UNIT (LENGTH_MEASURE( 1.000000000000000100E-005 ), #5493, 'distance_accuracy_value', 'NONE');
#1296 = ORIENTED_EDGE ( 'NONE', *, *, #6775, .F. ) ;
#1297 = LINE ( 'NONE', #3861, #2785 ) ;
#1298 = PLANE ( 'NONE',  #2983 ) ;
#1299 = CARTESIAN_POINT ( 'NONE',  ( -2.124999999999999100, -0.8000000000000003800, 1.699999999999989700 ) ) ;
#1300 = VECTOR ( 'NONE', #677, 1000.000000000000000 ) ;
#1301 = ORIENTED_EDGE ( 'NONE', *, *, #3415, .T. ) ;
#1302 = LINE ( 'NONE', #3783, #5519 ) ;
#1303 = EDGE_CURVE ( 'NONE', #1664, #3537, #4961, .T. ) ;
#1304 = ADVANCED_FACE ( 'NONE', ( #6247, #2092 ), #1175, .F. ) ;
#1305 = DIRECTION ( 'NONE',  ( -0.0000000000000000000, 0.7071067811865464600, 0.7071067811865486800 ) ) ;
#1306 = AXIS2_PLACEMENT_3D ( 'NONE', #3094, #5263, #2004 ) ;
#1307 = AXIS2_PLACEMENT_3D ( 'NONE', #3685, #1171, #6382 ) ;
#1308 = CARTESIAN_POINT ( 'NONE',  ( 1.624999999999999800, 2.600000000000000100, 0.04999999999999883000 ) ) ;
#1309 =( GEOMETRIC_REPRESENTATION_CONTEXT ( 3 ) GLOBAL_UNCERTAINTY_ASSIGNED_CONTEXT ( ( #1797 ) ) GLOBAL_UNIT_ASSIGNED_CONTEXT ( ( #4209, #842, #4702 ) ) REPRESENTATION_CONTEXT ( 'NONE', 'WORKASPACE' ) );
#1310 =( NAMED_UNIT ( * ) SI_UNIT ( $, .STERADIAN. ) SOLID_ANGLE_UNIT ( ) );
#1311 = DIRECTION ( 'NONE',  ( 0.0000000000000000000, 0.0000000000000000000, 1.000000000000000000 ) ) ;
#1312 = PLANE ( 'NONE',  #6590 ) ;
#1313 = EDGE_LOOP ( 'NONE', ( #2492, #1218, #3115, #633 ) ) ;
#1314 = ORIENTED_EDGE ( 'NONE', *, *, #6951, .T. ) ;
#1315 = CARTESIAN_POINT ( 'NONE',  ( -1.524999999999999900, -0.6999999999999988500, 4.399999999999994100 ) ) ;
#1316 = DIRECTION ( 'NONE',  ( 1.971276677246372000E-016, 0.0000000000000000000, 1.000000000000000000 ) ) ;
#1317 = DIRECTION ( 'NONE',  ( 1.000000000000000000, 0.0000000000000000000, 0.0000000000000000000 ) ) ;
#1318 = CARTESIAN_POINT ( 'NONE',  ( -2.124999999999999600, -1.100000000000000100, 2.400000000000001200 ) ) ;
#1319 = DIRECTION ( 'NONE',  ( -0.0000000000000000000, 0.7071067811865462400, 0.7071067811865489100 ) ) ;
#1320 = SURFACE_STYLE_USAGE ( .BOTH. , #6473 ) ;
#1321 = LINE ( 'NONE', #4695, #2470 ) ;
#1322 = LINE ( 'NONE', #6108, #1139 ) ;
#1323 = ORIENTED_EDGE ( 'NONE', *, *, #2805, .F. ) ;
#1324 = LINE ( 'NONE', #4474, #2640 ) ;
#1325 = EDGE_CURVE ( 'NONE', #4167, #2981, #1907, .T. ) ;
#1326 = LINE ( 'NONE', #6443, #6965 ) ;
#1327 = ORIENTED_EDGE ( 'NONE', *, *, #5446, .F. ) ;
#1328 = CARTESIAN_POINT ( 'NONE',  ( -0.7849999999999997000, 0.0000000000000000000, 0.0000000000000000000 ) ) ;
#1329 = CARTESIAN_POINT ( 'NONE',  ( -0.4649999999999996400, -0.1500000000000003000, 0.1799999999999965800 ) ) ;
#1330 = ORIENTED_EDGE ( 'NONE', *, *, #1631, .F. ) ;
#1331 = SURFACE_SIDE_STYLE ('',( #3240 ) ) ;
#1332 = CARTESIAN_POINT ( 'NONE',  ( -0.7849999999999997000, -0.3750000000000001100, 0.6499999999999975800 ) ) ;
#1333 =( GEOMETRIC_REPRESENTATION_CONTEXT ( 3 ) GLOBAL_UNCERTAINTY_ASSIGNED_CONTEXT ( ( #2749 ) ) GLOBAL_UNIT_ASSIGNED_CONTEXT ( ( #4260, #4276, #4416 ) ) REPRESENTATION_CONTEXT ( 'NONE', 'WORKASPACE' ) );
#1334 = ORIENTED_EDGE ( 'NONE', *, *, #6775, .T. ) ;
#1335 = COLOUR_RGB ( '',0.8000000000000000400, 0.8078431372549019800, 0.8000000000000000400 ) ;
#1336 = ADVANCED_FACE ( 'NONE', ( #4623 ), #185, .T. ) ;
#1337 = LINE ( 'NONE', #1234, #5194 ) ;
#1338 = DIRECTION ( 'NONE',  ( 1.885568995626964500E-016, 0.0000000000000000000, 1.000000000000000000 ) ) ;
#1339 = EDGE_CURVE ( 'NONE', #291, #4024, #371, .T. ) ;
#1340 = FILL_AREA_STYLE_COLOUR ( '', #5242 ) ;
#1341 = ORIENTED_EDGE ( 'NONE', *, *, #6639, .F. ) ;
#1342 = VECTOR ( 'NONE', #6990, 1000.000000000000000 ) ;
#1343 = EDGE_CURVE ( 'NONE', #6979, #4962, #6086, .T. ) ;
#1344 = SURFACE_SIDE_STYLE ('',( #3516 ) ) ;
#1345 = DIRECTION ( 'NONE',  ( 0.0000000000000000000, -1.000000000000000000, 0.0000000000000000000 ) ) ;
#1346 = CARTESIAN_POINT ( 'NONE',  ( 0.4650000000000003600, 0.2499999999999996700, 0.2999999999999966000 ) ) ;
#1347 = LINE ( 'NONE', #888, #3955 ) ;
#1348 = DIRECTION ( 'NONE',  ( 0.0000000000000000000, -1.000000000000000000, 1.204669080539448600E-016 ) ) ;
#1349 =( GEOMETRIC_REPRESENTATION_CONTEXT ( 3 ) GLOBAL_UNCERTAINTY_ASSIGNED_CONTEXT ( ( #2164 ) ) GLOBAL_UNIT_ASSIGNED_CONTEXT ( ( #804, #4664, #1400 ) ) REPRESENTATION_CONTEXT ( 'NONE', 'WORKASPACE' ) );
#1350 = LINE ( 'NONE', #1705, #3777 ) ;
#1351 = AXIS2_PLACEMENT_3D ( 'NONE', #1736, #1758, #1834 ) ;
#1352 = VECTOR ( 'NONE', #2764, 1000.000000000000000 ) ;
#1353 = VECTOR ( 'NONE', #6187, 1000.000000000000000 ) ;
#1354 = VECTOR ( 'NONE', #1126, 1000.000000000000000 ) ;
#1355 = VERTEX_POINT ( 'NONE', #685 ) ;
#1356 = UNCERTAINTY_MEASURE_WITH_UNIT (LENGTH_MEASURE( 1.000000000000000100E-005 ), #2210, 'distance_accuracy_value', 'NONE');
#1357 = CARTESIAN_POINT ( 'NONE',  ( -0.2000000000000003200, 2.600000000000000100, 0.2999999999999993200 ) ) ;
#1358 = DIRECTION ( 'NONE',  ( 0.0000000000000000000, -1.000000000000000000, -0.0000000000000000000 ) ) ;
#1359 = FACE_OUTER_BOUND ( 'NONE', #4101, .T. ) ;
#1360 = ORIENTED_EDGE ( 'NONE', *, *, #5716, .F. ) ;
#1361 = CARTESIAN_POINT ( 'NONE',  ( 3.624999999999999600, -1.100000000000000100, 0.7999999999999976000 ) ) ;
#1362 = ORIENTED_EDGE ( 'NONE', *, *, #6142, .F. ) ;
#1363 = LINE ( 'NONE', #2007, #4306 ) ;
#1364 = EDGE_LOOP ( 'NONE', ( #5963, #5803, #902, #1709 ) ) ;
#1365 = PLANE ( 'NONE',  #1064 ) ;
#1366 = FILL_AREA_STYLE ('',( #1953 ) ) ;
#1367 = FILL_AREA_STYLE_COLOUR ( '', #1284 ) ;
#1368 = AXIS2_PLACEMENT_3D ( 'NONE', #7036, #1628, #5457 ) ;
#1369 = PLANE ( 'NONE',  #5014 ) ;
#1370 = LINE ( 'NONE', #1346, #5406 ) ;
#1371 = ORIENTED_EDGE ( 'NONE', *, *, #1997, .F. ) ;
#1372 = CARTESIAN_POINT ( 'NONE',  ( 3.145000000000000000, 1.100000000000000100, 1.529999999999999800 ) ) ;
#1373 = LINE ( 'NONE', #4406, #4164 ) ;
#1374 = CARTESIAN_POINT ( 'NONE',  ( -0.6849999999999993900, -0.3750000000000005600, 3.999999999999993300 ) ) ;
#1375 =( NAMED_UNIT ( * ) SI_UNIT ( $, .STERADIAN. ) SOLID_ANGLE_UNIT ( ) );
#1376 = ORIENTED_EDGE ( 'NONE', *, *, #1292, .T. ) ;
#1377 = DIRECTION ( 'NONE',  ( 0.0000000000000000000, -4.336808689942014600E-015, 1.000000000000000000 ) ) ;
#1378 = CARTESIAN_POINT ( 'NONE',  ( 0.7850000000000003600, 3.000000000000000000, 0.4499999999999998400 ) ) ;
#1379 = VECTOR ( 'NONE', #2554, 1000.000000000000000 ) ;
#1380 = VECTOR ( 'NONE', #4014, 1000.000000000000000 ) ;
#1381 = ADVANCED_FACE ( 'NONE', ( #3034 ), #782, .T. ) ;
#1382 = CLOSED_SHELL ( 'NONE', ( #4789, #1508, #1789, #502, #4292, #3064, #6182, #7127, #4817, #5257, #6746, #2860, #6499, #2599, #1381, #5180, #649, #6563, #4221, #5033, #961, #2989, #193, #2813 ) ) ;
#1383 = FILL_AREA_STYLE_COLOUR ( '', #1624 ) ;
#1384 =( LENGTH_UNIT ( ) NAMED_UNIT ( * ) SI_UNIT ( .MILLI., .METRE. ) );
#1385 = DIRECTION ( 'NONE',  ( 0.7071067811865460200, 0.0000000000000000000, 0.7071067811865490200 ) ) ;
#1386 = ORIENTED_EDGE ( 'NONE', *, *, #5289, .F. ) ;
#1387 = DIRECTION ( 'NONE',  ( -1.000000000000000000, 0.0000000000000000000, -0.0000000000000000000 ) ) ;
#1388 = DIRECTION ( 'NONE',  ( 0.0000000000000000000, 0.0000000000000000000, -1.000000000000000000 ) ) ;
#1389 =( NAMED_UNIT ( * ) PLANE_ANGLE_UNIT ( ) SI_UNIT ( $, .RADIAN. ) );
#1390 = EDGE_CURVE ( 'NONE', #3653, #892, #2519, .T. ) ;
#1391 = DIRECTION ( 'NONE',  ( -1.000000000000000000, -0.0000000000000000000, -0.0000000000000000000 ) ) ;
#1392 = EDGE_CURVE ( 'NONE', #5487, #6863, #1009, .T. ) ;
#1393 = VERTEX_POINT ( 'NONE', #6273 ) ;
#1394 = VECTOR ( 'NONE', #3260, 1000.000000000000000 ) ;
#1395 = PRESENTATION_LAYER_ASSIGNMENT (  '', '', ( #611 ) ) ;
#1396 = DIRECTION ( 'NONE',  ( 0.0000000000000000000, -1.000000000000000000, 0.0000000000000000000 ) ) ;
#1397 = AXIS2_PLACEMENT_3D ( 'NONE', #2662, #2929, #2956 ) ;
#1398 = ORIENTED_EDGE ( 'NONE', *, *, #6074, .F. ) ;
#1399 = LINE ( 'NONE', #4361, #2883 ) ;
#1400 =( NAMED_UNIT ( * ) SI_UNIT ( $, .STERADIAN. ) SOLID_ANGLE_UNIT ( ) );
#1401 = PLANE ( 'NONE',  #1118 ) ;
#1402 =( GEOMETRIC_REPRESENTATION_CONTEXT ( 3 ) GLOBAL_UNCERTAINTY_ASSIGNED_CONTEXT ( ( #5304 ) ) GLOBAL_UNIT_ASSIGNED_CONTEXT ( ( #2901, #2815, #2790 ) ) REPRESENTATION_CONTEXT ( 'NONE', 'WORKASPACE' ) );
#1403 = CARTESIAN_POINT ( 'NONE',  ( -2.125000000000000000, 2.600000000000000100, 0.04999999999999996800 ) ) ;
#1404 = EDGE_LOOP ( 'NONE', ( #729, #1885, #4206, #3352, #1619, #2667, #6103 ) ) ;
#1405 = EDGE_CURVE ( 'NONE', #1082, #927, #2340, .T. ) ;
#1406 = CARTESIAN_POINT ( 'NONE',  ( 3.824999999999999700, 1.100000000000000100, 0.2539999999999999500 ) ) ;
#1407 = FILL_AREA_STYLE_COLOUR ( '', #1564 ) ;
#1408 = VECTOR ( 'NONE', #942, 1000.000000000000000 ) ;
#1409 = CARTESIAN_POINT ( 'NONE',  ( -2.541098841762898600E-016, -0.3750000000000006700, 0.6499999999999993600 ) ) ;
#1410 = MECHANICAL_DESIGN_GEOMETRIC_PRESENTATION_REPRESENTATION (  '', ( #629 ), #1786 ) ;
#1411 = ORIENTED_EDGE ( 'NONE', *, *, #2009, .T. ) ;
#1412 = SURFACE_SIDE_STYLE ('',( #2734 ) ) ;
#1413 = CARTESIAN_POINT ( 'NONE',  ( 1.049999999999999800, 2.600000000000000100, 0.2999999999999989900 ) ) ;
#1414 = CARTESIAN_POINT ( 'NONE',  ( -2.124999999999999100, 2.600000000000000100, 4.699999999999995700 ) ) ;
#1415 = CARTESIAN_POINT ( 'NONE',  ( -0.4649999999999988600, 0.4249999999999998200, 0.04999999999999861500 ) ) ;
#1416 = DIRECTION ( 'NONE',  ( -0.0000000000000000000, -0.0000000000000000000, -1.000000000000000000 ) ) ;
#1417 = CARTESIAN_POINT ( 'NONE',  ( 2.819000000000002200, 2.600000000000000100, 0.2999999999999984300 ) ) ;
#1418 = ORIENTED_EDGE ( 'NONE', *, *, #748, .F. ) ;
#1419 = ADVANCED_FACE ( 'NONE', ( #6484 ), #743, .F. ) ;
#1420 = CARTESIAN_POINT ( 'NONE',  ( 2.125000000000000000, 1.700000000000000000, 0.2999999999999986600 ) ) ;
#1421 = CARTESIAN_POINT ( 'NONE',  ( 0.7850000000000011400, -0.3750000000000003300, 0.04999999999999861500 ) ) ;
#1422 = ORIENTED_EDGE ( 'NONE', *, *, #3640, .T. ) ;
#1423 = EDGE_CURVE ( 'NONE', #5102, #1557, #3987, .T. ) ;
#1424 = VERTEX_POINT ( 'NONE', #3487 ) ;
#1425 = VECTOR ( 'NONE', #7027, 1000.000000000000000 ) ;
#1426 = VECTOR ( 'NONE', #5804, 1000.000000000000000 ) ;
#1427 = PLANE ( 'NONE',  #2669 ) ;
#1428 = ORIENTED_EDGE ( 'NONE', *, *, #688, .F. ) ;
#1429 = ORIENTED_EDGE ( 'NONE', *, *, #264, .T. ) ;
#1430 = EDGE_CURVE ( 'NONE', #180, #373, #5045, .T. ) ;
#1431 = CARTESIAN_POINT ( 'NONE',  ( -0.5499999999999994900, -0.6999999999999992900, 2.099999999999996100 ) ) ;
#1432 = EDGE_CURVE ( 'NONE', #4509, #6559, #3613, .T. ) ;
#1433 = DIRECTION ( 'NONE',  ( -0.0000000000000000000, 0.0000000000000000000, 1.000000000000000000 ) ) ;
#1434 =( LENGTH_UNIT ( ) NAMED_UNIT ( * ) SI_UNIT ( .MILLI., .METRE. ) );
#1435 = DIRECTION ( 'NONE',  ( 0.5773502691896261800, -0.5773502691896261800, -0.5773502691896249500 ) ) ;
#1436 = ORIENTED_EDGE ( 'NONE', *, *, #5287, .F. ) ;
#1437 = CYLINDRICAL_SURFACE ( 'NONE', #518, 0.05000000000000012800 ) ;
#1438 = EDGE_CURVE ( 'NONE', #202, #854, #2176, .T. ) ;
#1439 = DIRECTION ( 'NONE',  ( -1.000000000000000000, 0.0000000000000000000, 0.0000000000000000000 ) ) ;
#1440 = LINE ( 'NONE', #665, #5643 ) ;
#1441 = ORIENTED_EDGE ( 'NONE', *, *, #5617, .F. ) ;
#1442 = DIRECTION ( 'NONE',  ( -1.000000000000000000, -0.0000000000000000000, -0.0000000000000000000 ) ) ;
#1443 = EDGE_CURVE ( 'NONE', #117, #5894, #4869, .T. ) ;
#1444 = DIRECTION ( 'NONE',  ( 3.051828337366604500E-016, -0.0000000000000000000, 1.000000000000000000 ) ) ;
#1445 = FILL_AREA_STYLE ('',( #857 ) ) ;
#1446 = LINE ( 'NONE', #3916, #2920 ) ;
#1447 = DIRECTION ( 'NONE',  ( 1.000000000000000000, -1.807003620809173200E-016, 0.0000000000000000000 ) ) ;
#1448 = ORIENTED_EDGE ( 'NONE', *, *, #62, .T. ) ;
#1449 = CARTESIAN_POINT ( 'NONE',  ( 3.824999999999999700, -0.8999999999999995800, -5.421010862427522200E-017 ) ) ;
#1450 = VECTOR ( 'NONE', #2085, 1000.000000000000000 ) ;
#1451 = ORIENTED_EDGE ( 'NONE', *, *, #3416, .F. ) ;
#1452 = EDGE_LOOP ( 'NONE', ( #2347, #1008, #5957, #5852 ) ) ;
#1453 = AXIS2_PLACEMENT_3D ( 'NONE', #2291, #6101, #2862 ) ;
#1454 = ADVANCED_FACE ( 'NONE', ( #6156 ), #1272, .T. ) ;
#1455 = LINE ( 'NONE', #3689, #2762 ) ;
#1456 = LINE ( 'NONE', #113, #5491 ) ;
#1457 = DIRECTION ( 'NONE',  ( 0.0000000000000000000, -1.000000000000000000, -1.464376960240160100E-015 ) ) ;
#1458 = ORIENTED_EDGE ( 'NONE', *, *, #3458, .T. ) ;
#1459 = CARTESIAN_POINT ( 'NONE',  ( -2.649000000000000500, 1.100000000000000100, 0.3039999999999999400 ) ) ;
#1460 = VECTOR ( 'NONE', #4667, 1000.000000000000000 ) ;
#1461 = VERTEX_POINT ( 'NONE', #1751 ) ;
#1462 = EDGE_LOOP ( 'NONE', ( #6082, #5471, #367, #6209, #2296, #4437 ) ) ;
#1463 = CARTESIAN_POINT ( 'NONE',  ( 2.124999999999999600, -0.4000000000000005200, 0.04999999999999867100 ) ) ;
#1464 = DIRECTION ( 'NONE',  ( 0.0000000000000000000, 1.000000000000000000, 0.0000000000000000000 ) ) ;
#1465 = ORIENTED_EDGE ( 'NONE', *, *, #6116, .T. ) ;
#1466 = FACE_OUTER_BOUND ( 'NONE', #4459, .T. ) ;
#1467 = VECTOR ( 'NONE', #989, 1000.000000000000000 ) ;
#1469 = ADVANCED_FACE ( 'NONE', ( #5657 ), #1559, .T. ) ;
#1468 = CARTESIAN_POINT ( 'NONE',  ( 1.824999999999992600, 0.09999999999999982500, 1.749999999999996400 ) ) ;
#1470 = CARTESIAN_POINT ( 'NONE',  ( 1.624999999999999800, -1.100000000000000100, 0.2999999999999988200 ) ) ;
#1471 = DIRECTION ( 'NONE',  ( 0.0000000000000000000, 0.0000000000000000000, 1.000000000000000000 ) ) ;
#1472 = VECTOR ( 'NONE', #1261, 1000.000000000000000 ) ;
#1473 = VERTEX_POINT ( 'NONE', #2849 ) ;
#1474 = VECTOR ( 'NONE', #705, 1000.000000000000000 ) ;
#1475 = CARTESIAN_POINT ( 'NONE',  ( -2.125000000000000000, 1.700000000000000000, 2.400000000000001200 ) ) ;
#1476 = DIRECTION ( 'NONE',  ( -1.000000000000000000, -0.0000000000000000000, -0.0000000000000000000 ) ) ;
#1477 = CARTESIAN_POINT ( 'NONE',  ( -3.625000000000000000, -1.100000000000000100, 0.3039999999999999400 ) ) ;
#1478 = ORIENTED_EDGE ( 'NONE', *, *, #4595, .F. ) ;
#1479 = CARTESIAN_POINT ( 'NONE',  ( -0.4649999999999996400, -0.1500000000000003300, 0.2999999999999965500 ) ) ;
#1480 = LINE ( 'NONE', #3501, #561 ) ;
#1481 = VERTEX_POINT ( 'NONE', #3383 ) ;
#1482 = EDGE_CURVE ( 'NONE', #3713, #5514, #4240, .T. ) ;
#1483 = VERTEX_POINT ( 'NONE', #3535 ) ;
#1484 = FACE_OUTER_BOUND ( 'NONE', #1462, .T. ) ;
#1485 = PLANE ( 'NONE',  #3395 ) ;
#1486 = DIRECTION ( 'NONE',  ( 0.0000000000000000000, 0.0000000000000000000, -1.000000000000000000 ) ) ;
#1487 = VECTOR ( 'NONE', #5531, 1000.000000000000000 ) ;
#1488 = CARTESIAN_POINT ( 'NONE',  ( 2.125000000000000900, 2.299999999999999400, 1.749999999999996400 ) ) ;
#1489 = ORIENTED_EDGE ( 'NONE', *, *, #1497, .F. ) ;
#1490 = CARTESIAN_POINT ( 'NONE',  ( 1.824999999999994200, 2.600000000000000100, 4.699999999999998400 ) ) ;
#1491 = CARTESIAN_POINT ( 'NONE',  ( -2.599000000000000200, -0.8799999999999994500, 0.2999999999999999900 ) ) ;
#1492 = DIRECTION ( 'NONE',  ( -1.000000000000000000, -0.0000000000000000000, -0.0000000000000000000 ) ) ;
#1493 = PLANE ( 'NONE',  #1610 ) ;
#1494 = EDGE_CURVE ( 'NONE', #2635, #1664, #2766, .T. ) ;
#1495 = PRESENTATION_STYLE_ASSIGNMENT (( #4415 ) ) ;
#1496 = CARTESIAN_POINT ( 'NONE',  ( -0.4649999999999988600, -0.3750000000000003300, 0.6499999999999993600 ) ) ;
#1497 = EDGE_CURVE ( 'NONE', #1210, #7037, #7073, .T. ) ;
#1498 = UNCERTAINTY_MEASURE_WITH_UNIT (LENGTH_MEASURE( 1.000000000000000100E-005 ), #7106, 'distance_accuracy_value', 'NONE');
#1499 = AXIS2_PLACEMENT_3D ( 'NONE', #3479, #121, #4081 ) ;
#1500 = MECHANICAL_DESIGN_GEOMETRIC_PRESENTATION_REPRESENTATION (  '', ( #710 ), #1874 ) ;
#1501 = CARTESIAN_POINT ( 'NONE',  ( -0.4649999999999999700, -0.3750000000000005000, 3.499999999999986700 ) ) ;
#1502 = VECTOR ( 'NONE', #6615, 1000.000000000000000 ) ;
#1503 = ORIENTED_EDGE ( 'NONE', *, *, #3816, .F. ) ;
#1504 = EDGE_LOOP ( 'NONE', ( #5368, #1722, #405, #4557 ) ) ;
#1505 = CARTESIAN_POINT ( 'NONE',  ( 3.824999999999999700, -0.8999999999999995800, 0.2539999999999999500 ) ) ;
#1506 = AXIS2_PLACEMENT_3D ( 'NONE', #7058, #3842, #476 ) ;
#1507 = DIRECTION ( 'NONE',  ( 0.0000000000000000000, 1.000000000000000000, 0.0000000000000000000 ) ) ;
#1508 = ADVANCED_FACE ( 'NONE', ( #6912 ), #2980, .T. ) ;
#1509 = ORIENTED_EDGE ( 'NONE', *, *, #1303, .T. ) ;
#1510 = CARTESIAN_POINT ( 'NONE',  ( 2.649000000000000500, -1.100000000000000100, 0.2540000000000000000 ) ) ;
#1511 = PLANE ( 'NONE',  #4169 ) ;
#1512 = VERTEX_POINT ( 'NONE', #3663 ) ;
#1513 = CARTESIAN_POINT ( 'NONE',  ( -1.524999999999999900, 0.09999999999999982500, 1.749999999999996400 ) ) ;
#1514 = LINE ( 'NONE', #3061, #4277 ) ;
#1515 = PRESENTATION_LAYER_ASSIGNMENT (  '', '', ( #724 ) ) ;
#1516 = LINE ( 'NONE', #1215, #5544 ) ;
#1517 = CARTESIAN_POINT ( 'NONE',  ( 0.7850000000000003600, 2.500000000000000000, -1.084202172485504400E-016 ) ) ;
#1518 = DIRECTION ( 'NONE',  ( 1.000000000000000000, 0.0000000000000000000, -0.0000000000000000000 ) ) ;
#1519 = ORIENTED_EDGE ( 'NONE', *, *, #6061, .T. ) ;
#1520 = LINE ( 'NONE', #7133, #2993 ) ;
#1521 = ORIENTED_EDGE ( 'NONE', *, *, #3301, .F. ) ;
#1522 = FACE_OUTER_BOUND ( 'NONE', #5422, .T. ) ;
#1523 = CARTESIAN_POINT ( 'NONE',  ( -3.824999999999999700, 0.9000000000000000200, -5.421010862427522200E-017 ) ) ;
#1524 =( LENGTH_UNIT ( ) NAMED_UNIT ( * ) SI_UNIT ( .MILLI., .METRE. ) );
#1525 = DIRECTION ( 'NONE',  ( -1.000000000000000000, 0.0000000000000000000, -0.0000000000000000000 ) ) ;
#1526 = LINE ( 'NONE', #3702, #6973 ) ;
#1527 = CARTESIAN_POINT ( 'NONE',  ( -2.649000000000000500, -1.100000000000000100, 0.2540000000000000000 ) ) ;
#1528 = ORIENTED_EDGE ( 'NONE', *, *, #6650, .T. ) ;
#1529 = LINE ( 'NONE', #6599, #2833 ) ;
#1530 = VECTOR ( 'NONE', #292, 1000.000000000000000 ) ;
#1531 = SURFACE_SIDE_STYLE ('',( #2119 ) ) ;
#1532 = CARTESIAN_POINT ( 'NONE',  ( 1.624999999999999800, 2.600000000000000100, 0.2999999999999988200 ) ) ;
#1533 = ORIENTED_EDGE ( 'NONE', *, *, #784, .F. ) ;
#1534 = ORIENTED_EDGE ( 'NONE', *, *, #647, .F. ) ;
#1535 = EDGE_CURVE ( 'NONE', #2297, #6052, #2081, .T. ) ;
#1536 = VECTOR ( 'NONE', #669, 1000.000000000000100 ) ;
#1537 = FACE_OUTER_BOUND ( 'NONE', #205, .T. ) ;
#1538 = DIRECTION ( 'NONE',  ( 1.000000000000000000, -0.0000000000000000000, -3.252606517456513300E-016 ) ) ;
#1539 = EDGE_CURVE ( 'NONE', #4542, #6485, #4949, .T. ) ;
#1541 = ADVANCED_FACE ( 'NONE', ( #545 ), #2538, .T. ) ;
#1540 = CARTESIAN_POINT ( 'NONE',  ( 0.7850000000000003600, 3.100000000000000100, 0.3499999999999989800 ) ) ;
#1542 = AXIS2_PLACEMENT_3D ( 'NONE', #3440, #4529, #1236 ) ;
#1543 = ORIENTED_EDGE ( 'NONE', *, *, #1964, .T. ) ;
#1544 = DIRECTION ( 'NONE',  ( -1.000000000000000000, 0.0000000000000000000, 0.0000000000000000000 ) ) ;
#1545 = LINE ( 'NONE', #3345, #4303 ) ;
#1546 = AXIS2_PLACEMENT_3D ( 'NONE', #5656, #5698, #5747 ) ;
#1547 = ORIENTED_EDGE ( 'NONE', *, *, #4671, .F. ) ;
#1548 = CARTESIAN_POINT ( 'NONE',  ( 2.599000000000000200, -0.8799999999999986700, 0.5199999999999998000 ) ) ;
#1549 = ORIENTED_EDGE ( 'NONE', *, *, #3899, .T. ) ;
#1550 = PRESENTATION_STYLE_ASSIGNMENT (( #2709 ) ) ;
#1551 = FACE_OUTER_BOUND ( 'NONE', #5338, .T. ) ;
#1552 = ORIENTED_EDGE ( 'NONE', *, *, #6296, .F. ) ;
#1553 = STYLED_ITEM ( 'NONE', ( #3905 ), #2989 ) ;
#1554 = DIRECTION ( 'NONE',  ( -0.1904761904761878600, 0.2380952380952350300, 0.9523809523809537700 ) ) ;
#1555 = EDGE_CURVE ( 'NONE', #627, #316, #6237, .T. ) ;
#1556 = CARTESIAN_POINT ( 'NONE',  ( 1.624999999999999800, -1.100000000000000500, 0.04999999999999883000 ) ) ;
#1557 = VERTEX_POINT ( 'NONE', #1871 ) ;
#1558 = CARTESIAN_POINT ( 'NONE',  ( 0.5500000000000006000, -1.100000000000000100, 2.099999999999996100 ) ) ;
#1559 = PLANE ( 'NONE',  #1397 ) ;
#1560 = CARTESIAN_POINT ( 'NONE',  ( -2.599000000000000200, 1.200000000000000000, 1.275999999999999800 ) ) ;
#1561 = PRODUCT_DEFINITION ( 'UNKNOWN', '', #1928, #2428 ) ;
#1562 = ORIENTED_EDGE ( 'NONE', *, *, #5382, .F. ) ;
#1563 =( GEOMETRIC_REPRESENTATION_CONTEXT ( 3 ) GLOBAL_UNCERTAINTY_ASSIGNED_CONTEXT ( ( #3006 ) ) GLOBAL_UNIT_ASSIGNED_CONTEXT ( ( #6886, #3643, #289 ) ) REPRESENTATION_CONTEXT ( 'NONE', 'WORKASPACE' ) );
#1564 = COLOUR_RGB ( '',0.8000000000000000400, 0.8078431372549019800, 0.8000000000000000400 ) ;
#1565 = CARTESIAN_POINT ( 'NONE',  ( -2.124999999999999100, 2.299999999999999800, 3.699999999999996600 ) ) ;
#1566 = VERTEX_POINT ( 'NONE', #7021 ) ;
#1567 = SURFACE_SIDE_STYLE ('',( #22 ) ) ;
#1568 = CARTESIAN_POINT ( 'NONE',  ( -0.4649999999999996400, 0.2499999999999996700, 0.2999999999999966000 ) ) ;
#1569 = SURFACE_SIDE_STYLE ('',( #3947 ) ) ;
#1570 = LINE ( 'NONE', #3618, #2872 ) ;
#1571 = DIRECTION ( 'NONE',  ( 0.0000000000000000000, -1.000000000000000000, 0.0000000000000000000 ) ) ;
#1572 = DIRECTION ( 'NONE',  ( -0.9805806756909207800, 0.0000000000000000000, -0.1961161351381811300 ) ) ;
#1573 = ORIENTED_EDGE ( 'NONE', *, *, #1652, .T. ) ;
#1574 = EDGE_LOOP ( 'NONE', ( #6057, #3520, #3616, #4941 ) ) ;
#1575 = DIRECTION ( 'NONE',  ( -1.000000000000000000, 0.0000000000000000000, 0.0000000000000000000 ) ) ;
#1576 = DIRECTION ( 'NONE',  ( -1.000000000000000000, 0.0000000000000000000, 2.304851557154560100E-017 ) ) ;
#1577 = ORIENTED_EDGE ( 'NONE', *, *, #7093, .F. ) ;
#1578 = PLANE ( 'NONE',  #3086 ) ;
#1579 = DIRECTION ( 'NONE',  ( 0.0000000000000000000, -1.000000000000000000, 1.355252715606881500E-016 ) ) ;
#1580 = VECTOR ( 'NONE', #3142, 1000.000000000000000 ) ;
#1581 = ORIENTED_EDGE ( 'NONE', *, *, #3323, .T. ) ;
#1582 = FILL_AREA_STYLE ('',( #4825 ) ) ;
#1583 = DIRECTION ( 'NONE',  ( 0.7071067811865475700, -0.7071067811865475700, 0.0000000000000000000 ) ) ;
#1584 = FACE_OUTER_BOUND ( 'NONE', #4534, .T. ) ;
#1585 = ADVANCED_FACE ( 'NONE', ( #359 ), #5524, .T. ) ;
#1586 = ADVANCED_BREP_SHAPE_REPRESENTATION ( '533980271', ( #4800, #880, #6356, #3784, #266, #1158 ), #5353 ) ;
#1587 = VECTOR ( 'NONE', #6618, 1000.000000000000000 ) ;
#1588 = EDGE_CURVE ( 'NONE', #1461, #1244, #4161, .T. ) ;
#1589 = SURFACE_STYLE_USAGE ( .BOTH. , #1567 ) ;
#1590 = EDGE_CURVE ( 'NONE', #2448, #6818, #5579, .T. ) ;
#1591 = FILL_AREA_STYLE ('',( #4836 ) ) ;
#1592 = ORIENTED_EDGE ( 'NONE', *, *, #6379, .T. ) ;
#1593 = AXIS2_PLACEMENT_3D ( 'NONE', #5948, #5975, #95 ) ;
#1594 = DIRECTION ( 'NONE',  ( -1.000000000000000000, -0.0000000000000000000, -0.0000000000000000000 ) ) ;
#1595 = CARTESIAN_POINT ( 'NONE',  ( -2.124999999999999100, -1.100000000000000100, 4.699999999999995700 ) ) ;
#1596 = APPLICATION_CONTEXT ( 'automotive_design' ) ;
#1597 = CARTESIAN_POINT ( 'NONE',  ( -1.174999999999999400, 2.299999999999999800, 1.749999999999996400 ) ) ;
#1598 = DIRECTION ( 'NONE',  ( -1.172110456741086100E-016, 1.000000000000000000, -0.0000000000000000000 ) ) ;
#1599 = EDGE_CURVE ( 'NONE', #3614, #4393, #1370, .T. ) ;
#1600 = LINE ( 'NONE', #2672, #5612 ) ;
#1601 = EDGE_CURVE ( 'NONE', #4170, #6594, #2675, .T. ) ;
#1602 =( GEOMETRIC_REPRESENTATION_CONTEXT ( 3 ) GLOBAL_UNCERTAINTY_ASSIGNED_CONTEXT ( ( #5162 ) ) GLOBAL_UNIT_ASSIGNED_CONTEXT ( ( #6490, #3263, #7035 ) ) REPRESENTATION_CONTEXT ( 'NONE', 'WORKASPACE' ) );
#1603 = ORIENTED_EDGE ( 'NONE', *, *, #4505, .F. ) ;
#1604 = DIRECTION ( 'NONE',  ( -1.000000000000000000, -0.0000000000000000000, -0.0000000000000000000 ) ) ;
#1605 = CARTESIAN_POINT ( 'NONE',  ( -2.819000000000000800, 1.420000000000000400, 0.3000000000000002100 ) ) ;
#1606 = CARTESIAN_POINT ( 'NONE',  ( -0.1499999999999990800, -0.9999999999999991100, 4.699999999999995700 ) ) ;
#1607 = CARTESIAN_POINT ( 'NONE',  ( 2.599000000000000200, 1.200000000000000000, 0.2999999999999999900 ) ) ;
#1608 = ORIENTED_EDGE ( 'NONE', *, *, #6683, .F. ) ;
#1609 = ORIENTED_EDGE ( 'NONE', *, *, #5444, .T. ) ;
#1610 = AXIS2_PLACEMENT_3D ( 'NONE', #6944, #928, #4770 ) ;
#1611 = CARTESIAN_POINT ( 'NONE',  ( 1.524999999999992600, 1.700000000000000200, 1.749999999999996400 ) ) ;
#1612 = CARTESIAN_POINT ( 'NONE',  ( 0.4650000000000003600, -0.1500000000000003300, 0.2999999999999965500 ) ) ;
#1613 = PLANE ( 'NONE',  #2736 ) ;
#1614 = ORIENTED_EDGE ( 'NONE', *, *, #702, .F. ) ;
#1615 = VECTOR ( 'NONE', #5475, 1000.000000000000000 ) ;
#1616 = ORIENTED_EDGE ( 'NONE', *, *, #4352, .T. ) ;
#1617 = FILL_AREA_STYLE_COLOUR ( '', #4213 ) ;
#1618 = CARTESIAN_POINT ( 'NONE',  ( 0.7850000000000003600, 2.200000000000003300, 0.2999999999999996600 ) ) ;
#1619 = ORIENTED_EDGE ( 'NONE', *, *, #6377, .T. ) ;
#1620 = CARTESIAN_POINT ( 'NONE',  ( 0.6850000000000002800, -0.3750000000000005600, 3.999999999999993300 ) ) ;
#1621 = ORIENTED_EDGE ( 'NONE', *, *, #1405, .T. ) ;
#1622 = ADVANCED_FACE ( 'NONE', ( #996 ), #3795, .T. ) ;
#1623 = LINE ( 'NONE', #4226, #1426 ) ;
#1624 = COLOUR_RGB ( '',0.8000000000000000400, 0.8078431372549019800, 0.8000000000000000400 ) ;
#1625 = ORIENTED_EDGE ( 'NONE', *, *, #5794, .F. ) ;
#1626 = COLOUR_RGB ( '',0.8000000000000000400, 0.8078431372549019800, 0.8000000000000000400 ) ;
#1627 = DIRECTION ( 'NONE',  ( 1.000000000000000000, 0.0000000000000000000, 0.0000000000000000000 ) ) ;
#1628 = DIRECTION ( 'NONE',  ( 6.122553444624025000E-016, 0.0000000000000000000, -1.000000000000000000 ) ) ;
#1629 = FILL_AREA_STYLE_COLOUR ( '', #639 ) ;
#1630 = FILL_AREA_STYLE ('',( #446 ) ) ;
#1631 = EDGE_CURVE ( 'NONE', #3635, #4956, #5218, .T. ) ;
#1632 = CARTESIAN_POINT ( 'NONE',  ( 0.4650000000000003600, 2.999999999999999600, -1.761828530288944700E-016 ) ) ;
#1633 = VECTOR ( 'NONE', #1693, 1000.000000000000000 ) ;
#1634 = VERTEX_POINT ( 'NONE', #6252 ) ;
#1635 = CARTESIAN_POINT ( 'NONE',  ( -0.4649999999999996400, -0.3750000000000001100, 0.6499999999999975800 ) ) ;
#1636 = LINE ( 'NONE', #410, #72 ) ;
#1637 = DIRECTION ( 'NONE',  ( -1.000000000000000000, 0.0000000000000000000, 0.0000000000000000000 ) ) ;
#1638 = EDGE_CURVE ( 'NONE', #6250, #6594, #810, .T. ) ;
#1639 = LINE ( 'NONE', #311, #4379 ) ;
#1640 = ORIENTED_EDGE ( 'NONE', *, *, #6541, .F. ) ;
#1641 = VERTEX_POINT ( 'NONE', #4104 ) ;
#1642 = EDGE_CURVE ( 'NONE', #3470, #5737, #6651, .T. ) ;
#1643 = LINE ( 'NONE', #299, #5809 ) ;
#1644 = DIRECTION ( 'NONE',  ( 0.0000000000000000000, 0.0000000000000000000, -1.000000000000000000 ) ) ;
#1645 = DIRECTION ( 'NONE',  ( 1.000000000000000000, 0.0000000000000000000, 0.0000000000000000000 ) ) ;
#1646 = DIRECTION ( 'NONE',  ( -1.000000000000000000, 0.0000000000000000000, -2.304851557154560100E-017 ) ) ;
#1647 = ORIENTED_EDGE ( 'NONE', *, *, #6552, .F. ) ;
#1648 = ORIENTED_EDGE ( 'NONE', *, *, #3024, .T. ) ;
#1649 = LINE ( 'NONE', #606, #89 ) ;
#1650 = VECTOR ( 'NONE', #6998, 1000.000000000000000 ) ;
#1651 = DIRECTION ( 'NONE',  ( 0.0000000000000000000, 0.0000000000000000000, -1.000000000000000000 ) ) ;
#1652 = EDGE_CURVE ( 'NONE', #5392, #2318, #5036, .T. ) ;
#1653 = DIRECTION ( 'NONE',  ( 0.7071067811865461300, 0.0000000000000000000, -0.7071067811865490200 ) ) ;
#1654 = CARTESIAN_POINT ( 'NONE',  ( 1.524999999999993000, -0.6999999999999988500, 4.399999999999995900 ) ) ;
#1655 = VECTOR ( 'NONE', #6179, 1000.000000000000000 ) ;
#1656 = DIRECTION ( 'NONE',  ( 0.0000000000000000000, 0.0000000000000000000, -1.000000000000000000 ) ) ;
#1657 = EDGE_LOOP ( 'NONE', ( #4773, #234, #7031, #6644 ) ) ;
#1658 = DIRECTION ( 'NONE',  ( 1.000000000000000000, 0.0000000000000000000, 0.0000000000000000000 ) ) ;
#1659 = ADVANCED_FACE ( 'NONE', ( #2166 ), #6918, .T. ) ;
#1660 = LINE ( 'NONE', #5077, #5823 ) ;
#1661 = AXIS2_PLACEMENT_3D ( 'NONE', #637, #4512, #1221 ) ;
#1662 = LINE ( 'NONE', #355, #5828 ) ;
#1663 = DIRECTION ( 'NONE',  ( 0.0000000000000000000, 1.000000000000000000, 0.0000000000000000000 ) ) ;
#1664 = VERTEX_POINT ( 'NONE', #3583 ) ;
#1665 = VERTEX_POINT ( 'NONE', #3137 ) ;
#1666 = LINE ( 'NONE', #134, #4256 ) ;
#1667 = VECTOR ( 'NONE', #2455, 1000.000000000000000 ) ;
#1668 = PLANE ( 'NONE',  #6371 ) ;
#1669 = VECTOR ( 'NONE', #6705, 999.9999999999998900 ) ;
#1670 = EDGE_CURVE ( 'NONE', #6715, #5096, #1639, .T. ) ;
#1671 = CARTESIAN_POINT ( 'NONE',  ( -3.145000000000000000, 1.100000000000000100, 1.276000000000000000 ) ) ;
#1672 = ORIENTED_EDGE ( 'NONE', *, *, #6684, .T. ) ;
#1673 = DIRECTION ( 'NONE',  ( 1.000000000000000000, 0.0000000000000000000, 0.0000000000000000000 ) ) ;
#1674 = DIRECTION ( 'NONE',  ( 0.0000000000000000000, 1.000000000000000000, 0.0000000000000000000 ) ) ;
#1675 = LINE ( 'NONE', #558, #4733 ) ;
#1676 = ORIENTED_EDGE ( 'NONE', *, *, #657, .F. ) ;
#1677 = EDGE_CURVE ( 'NONE', #2769, #4741, #3106, .T. ) ;
#1678 =( NAMED_UNIT ( * ) SI_UNIT ( $, .STERADIAN. ) SOLID_ANGLE_UNIT ( ) );
#1679 = EDGE_CURVE ( 'NONE', #1683, #4674, #2923, .T. ) ;
#1680 = PLANE ( 'NONE',  #3466 ) ;
#1681 = DIRECTION ( 'NONE',  ( -1.000000000000000000, 0.0000000000000000000, 0.0000000000000000000 ) ) ;
#1682 = COLOUR_RGB ( '',0.8000000000000000400, 0.8078431372549019800, 0.8000000000000000400 ) ;
#1683 = VERTEX_POINT ( 'NONE', #2270 ) ;
#1684 = ORIENTED_EDGE ( 'NONE', *, *, #4507, .T. ) ;
#1685 = ADVANCED_FACE ( 'NONE', ( #7067 ), #2801, .T. ) ;
#1686 = CARTESIAN_POINT ( 'NONE',  ( -2.599000000000000200, -0.8799999999999994500, 0.5199999999999998000 ) ) ;
#1687 = DIRECTION ( 'NONE',  ( 0.0000000000000000000, -0.7071067811865509000, -0.7071067811865442400 ) ) ;
#1688 = EDGE_CURVE ( 'NONE', #219, #1512, #4231, .T. ) ;
#1689 = LINE ( 'NONE', #1163, #4425 ) ;
#1690 = ORIENTED_EDGE ( 'NONE', *, *, #4516, .F. ) ;
#1691 = ORIENTED_EDGE ( 'NONE', *, *, #3166, .T. ) ;
#1692 = DIRECTION ( 'NONE',  ( 1.000000000000000000, 0.0000000000000000000, -0.0000000000000000000 ) ) ;
#1693 = DIRECTION ( 'NONE',  ( -0.0000000000000000000, -0.0000000000000000000, -1.000000000000000000 ) ) ;
#1694 = SURFACE_SIDE_STYLE ('',( #631 ) ) ;
#1695 = CARTESIAN_POINT ( 'NONE',  ( -3.145000000000000000, 1.200000000000000000, 1.275999999999999800 ) ) ;
#1696 = LINE ( 'NONE', #4426, #3163 ) ;
#1697 = DIRECTION ( 'NONE',  ( -1.000000000000000000, 0.0000000000000000000, 0.0000000000000000000 ) ) ;
#1698 = DIRECTION ( 'NONE',  ( 0.0000000000000000000, -1.000000000000000000, 1.355252715606881500E-016 ) ) ;
#1699 = VECTOR ( 'NONE', #2097, 1000.000000000000000 ) ;
#1700 = ORIENTED_EDGE ( 'NONE', *, *, #2433, .T. ) ;
#1701 = LINE ( 'NONE', #6390, #3001 ) ;
#1702 = DIRECTION ( 'NONE',  ( -0.0000000000000000000, -1.000000000000000000, -0.0000000000000000000 ) ) ;
#1703 = CARTESIAN_POINT ( 'NONE',  ( -0.7849999999999997000, 0.4249999999999998200, 0.04999999999999861500 ) ) ;
#1704 = ORIENTED_EDGE ( 'NONE', *, *, #3511, .F. ) ;
#1705 = CARTESIAN_POINT ( 'NONE',  ( 2.124999999999999600, -0.4000000000000005200, 0.04999999999999867100 ) ) ;
#1706 =( NAMED_UNIT ( * ) PLANE_ANGLE_UNIT ( ) SI_UNIT ( $, .RADIAN. ) );
#1707 = ORIENTED_EDGE ( 'NONE', *, *, #2612, .T. ) ;
#1708 = DIRECTION ( 'NONE',  ( -3.252606517456517200E-016, 7.836629005481925800E-032, -1.000000000000000000 ) ) ;
#1709 = ORIENTED_EDGE ( 'NONE', *, *, #4103, .F. ) ;
#1710 = DIRECTION ( 'NONE',  ( 1.000000000000000000, 0.0000000000000000000, -3.061276722312012500E-016 ) ) ;
#1711 = LINE ( 'NONE', #1837, #1536 ) ;
#1712 = ORIENTED_EDGE ( 'NONE', *, *, #6820, .F. ) ;
#1713 =( LENGTH_UNIT ( ) NAMED_UNIT ( * ) SI_UNIT ( .MILLI., .METRE. ) );
#1714 = LINE ( 'NONE', #7142, #5893 ) ;
#1715 = ORIENTED_EDGE ( 'NONE', *, *, #3944, .T. ) ;
#1716 = DIRECTION ( 'NONE',  ( 0.0000000000000000000, -0.7071067811865496800, -0.7071067811865453500 ) ) ;
#1717 = PLANE ( 'NONE',  #4439 ) ;
#1718 = EDGE_CURVE ( 'NONE', #2878, #5431, #4533, .T. ) ;
#1719 = SURFACE_STYLE_FILL_AREA ( #4341 ) ;
#1720 = FACE_OUTER_BOUND ( 'NONE', #4593, .T. ) ;
#1721 = ADVANCED_FACE ( 'NONE', ( #2755 ), #309, .T. ) ;
#1722 = ORIENTED_EDGE ( 'NONE', *, *, #1803, .F. ) ;
#1723 = ORIENTED_EDGE ( 'NONE', *, *, #2282, .F. ) ;
#1724 = ORIENTED_EDGE ( 'NONE', *, *, #6900, .F. ) ;
#1725 = DIRECTION ( 'NONE',  ( 0.0000000000000000000, -1.000000000000000000, -0.0000000000000000000 ) ) ;
#1726 = CARTESIAN_POINT ( 'NONE',  ( 0.0000000000000000000, 0.0000000000000000000, 0.6499999999999993600 ) ) ;
#1727 = EDGE_CURVE ( 'NONE', #140, #3584, #5648, .T. ) ;
#1728 = DIRECTION ( 'NONE',  ( -1.000000000000000000, -0.0000000000000000000, 3.061276722312012500E-016 ) ) ;
#1729 = EDGE_CURVE ( 'NONE', #4232, #6536, #5486, .T. ) ;
#1730 = SURFACE_STYLE_FILL_AREA ( #1932 ) ;
#1731 = VERTEX_POINT ( 'NONE', #1612 ) ;
#1732 = ORIENTED_EDGE ( 'NONE', *, *, #1430, .T. ) ;
#1733 = LINE ( 'NONE', #6838, #4322 ) ;
#1734 = STYLED_ITEM ( 'NONE', ( #6224 ), #2101 ) ;
#1735 = DIRECTION ( 'NONE',  ( 0.0000000000000000000, 0.7071067811865496800, 0.7071067811865453500 ) ) ;
#1736 = CARTESIAN_POINT ( 'NONE',  ( -0.4649999999999996400, -0.1500000000000003300, 0.2999999999999965500 ) ) ;
#1737 = ORIENTED_EDGE ( 'NONE', *, *, #2049, .T. ) ;
#1738 = SURFACE_STYLE_USAGE ( .BOTH. , #1759 ) ;
#1739 = DIRECTION ( 'NONE',  ( 0.0000000000000000000, 1.000000000000000000, 0.0000000000000000000 ) ) ;
#1740 = PRESENTATION_STYLE_ASSIGNMENT (( #6131 ) ) ;
#1741 = CARTESIAN_POINT ( 'NONE',  ( 0.7850000000000003600, 2.350000000000002800, 0.6499999999999993600 ) ) ;
#1742 = CARTESIAN_POINT ( 'NONE',  ( -1.625000000000000700, 2.600000000000000100, 0.2999999999999998200 ) ) ;
#1743 = VECTOR ( 'NONE', #370, 1000.000000000000000 ) ;
#1744 = PLANE ( 'NONE',  #6923 ) ;
#1745 = ORIENTED_EDGE ( 'NONE', *, *, #5496, .F. ) ;
#1746 = DIRECTION ( 'NONE',  ( -1.971276677246372000E-016, 0.0000000000000000000, -1.000000000000000000 ) ) ;
#1747 = VECTOR ( 'NONE', #3182, 1000.000000000000000 ) ;
#1748 = PRESENTATION_LAYER_ASSIGNMENT (  '', '', ( #969 ) ) ;
#1749 = SURFACE_STYLE_USAGE ( .BOTH. , #5003 ) ;
#1750 = DIRECTION ( 'NONE',  ( -0.0000000000000000000, -0.0000000000000000000, -1.000000000000000000 ) ) ;
#1751 = CARTESIAN_POINT ( 'NONE',  ( 2.599000000000000200, 1.200000000000000000, 0.5199999999999998000 ) ) ;
#1752 = LINE ( 'NONE', #3657, #3226 ) ;
#1753 = DIRECTION ( 'NONE',  ( -0.0000000000000000000, 0.0000000000000000000, 1.000000000000000000 ) ) ;
#1754 = ORIENTED_EDGE ( 'NONE', *, *, #4997, .F. ) ;
#1755 = VECTOR ( 'NONE', #6341, 1000.000000000000000 ) ;
#1756 = ADVANCED_FACE ( 'NONE', ( #6732 ), #2212, .F. ) ;
#1757 = ORIENTED_EDGE ( 'NONE', *, *, #5663, .F. ) ;
#1758 = DIRECTION ( 'NONE',  ( 0.0000000000000000000, 1.141265444721583800E-016, -1.000000000000000000 ) ) ;
#1759 = SURFACE_SIDE_STYLE ('',( #3220 ) ) ;
#1760 = CARTESIAN_POINT ( 'NONE',  ( -2.124999999999999100, 1.700000000000000200, 4.699999999999996600 ) ) ;
#1761 = DIRECTION ( 'NONE',  ( -1.000000000000000000, 0.0000000000000000000, 0.0000000000000000000 ) ) ;
#1762 = CARTESIAN_POINT ( 'NONE',  ( 3.145000000000000000, 1.100000000000000100, 1.276000000000000000 ) ) ;
#1763 = EDGE_CURVE ( 'NONE', #4772, #6205, #4060, .T. ) ;
#1764 = FILL_AREA_STYLE ('',( #44 ) ) ;
#1765 = COLOUR_RGB ( '',0.8000000000000000400, 0.8078431372549019800, 0.8000000000000000400 ) ;
#1766 = ORIENTED_EDGE ( 'NONE', *, *, #2965, .F. ) ;
#1767 = EDGE_CURVE ( 'NONE', #6979, #6529, #2587, .T. ) ;
#1768 = CARTESIAN_POINT ( 'NONE',  ( -2.125000000000000000, -1.100000000000000100, 0.2999999999999999900 ) ) ;
#1769 = FILL_AREA_STYLE_COLOUR ( '', #4126 ) ;
#1770 = EDGE_LOOP ( 'NONE', ( #5411, #1778, #4894, #4830 ) ) ;
#1771 = MECHANICAL_DESIGN_GEOMETRIC_PRESENTATION_REPRESENTATION (  '', ( #611 ), #2153 ) ;
#1772 = DIRECTION ( 'NONE',  ( 1.000000000000000000, 0.0000000000000000000, -0.0000000000000000000 ) ) ;
#1773 = PRESENTATION_LAYER_ASSIGNMENT (  '', '', ( #1007 ) ) ;
#1774 = SURFACE_STYLE_FILL_AREA ( #6176 ) ;
#1775 = SURFACE_STYLE_FILL_AREA ( #6533 ) ;
#1776 = ORIENTED_EDGE ( 'NONE', *, *, #6692, .F. ) ;
#1777 = FILL_AREA_STYLE_COLOUR ( '', #1626 ) ;
#1778 = ORIENTED_EDGE ( 'NONE', *, *, #1014, .F. ) ;
#1779 = EDGE_CURVE ( 'NONE', #5029, #7051, #3880, .T. ) ;
#1780 = CARTESIAN_POINT ( 'NONE',  ( 2.124999999999999600, -1.100000000000000300, 0.04999999999999867100 ) ) ;
#1781 = CARTESIAN_POINT ( 'NONE',  ( -0.7849999999999997000, 0.4249999999999998200, 0.6499999999999964700 ) ) ;
#1782 = VECTOR ( 'NONE', #3492, 1000.000000000000000 ) ;
#1783 = CARTESIAN_POINT ( 'NONE',  ( 2.599000000000000200, -1.100000000000000100, 0.3039999999999999400 ) ) ;
#1784 = ORIENTED_EDGE ( 'NONE', *, *, #1854, .F. ) ;
#1785 = DIRECTION ( 'NONE',  ( 0.0000000000000000000, 0.0000000000000000000, 1.000000000000000000 ) ) ;
#1786 =( GEOMETRIC_REPRESENTATION_CONTEXT ( 3 ) GLOBAL_UNCERTAINTY_ASSIGNED_CONTEXT ( ( #3044 ) ) GLOBAL_UNIT_ASSIGNED_CONTEXT ( ( #6504, #3271, #7042 ) ) REPRESENTATION_CONTEXT ( 'NONE', 'WORKASPACE' ) );
#1787 = CARTESIAN_POINT ( 'NONE',  ( -0.7849999999999997000, 3.000000000000000000, 0.4499999999999998400 ) ) ;
#1788 = SURFACE_STYLE_FILL_AREA ( #3065 ) ;
#1789 = ADVANCED_FACE ( 'NONE', ( #2414 ), #5962, .T. ) ;
#1790 = COLOUR_RGB ( '',0.8000000000000000400, 0.8078431372549019800, 0.8000000000000000400 ) ;
#1791 = LINE ( 'NONE', #1280, #251 ) ;
#1792 = CARTESIAN_POINT ( 'NONE',  ( -2.125000000000000000, 1.700000000000000000, 2.400000000000001200 ) ) ;
#1793 = VECTOR ( 'NONE', #2488, 1000.000000000000100 ) ;
#1794 = CARTESIAN_POINT ( 'NONE',  ( 0.4650000000000003600, 3.100000000000000100, 0.3499999999999989800 ) ) ;
#1795 = CARTESIAN_POINT ( 'NONE',  ( 1.524999999999992600, 0.8499999999999996400, 1.749999999999996400 ) ) ;
#1796 = ORIENTED_EDGE ( 'NONE', *, *, #6152, .F. ) ;
#1797 = UNCERTAINTY_MEASURE_WITH_UNIT (LENGTH_MEASURE( 1.000000000000000100E-005 ), #4209, 'distance_accuracy_value', 'NONE');
#1798 = VECTOR ( 'NONE', #1604, 1000.000000000000000 ) ;
#1799 = ORIENTED_EDGE ( 'NONE', *, *, #5868, .F. ) ;
#1800 = EDGE_LOOP ( 'NONE', ( #3181, #6106, #5088, #1314 ) ) ;
#1801 = VECTOR ( 'NONE', #7013, 1000.000000000000000 ) ;
#1802 = ORIENTED_EDGE ( 'NONE', *, *, #1390, .F. ) ;
#1803 = EDGE_CURVE ( 'NONE', #291, #488, #4612, .T. ) ;
#1804 = CARTESIAN_POINT ( 'NONE',  ( -0.4649999999999996400, 0.2499999999999996700, 0.1799999999999966600 ) ) ;
#1805 = DIRECTION ( 'NONE',  ( 1.000000000000000000, 0.0000000000000000000, -0.0000000000000000000 ) ) ;
#1806 = VERTEX_POINT ( 'NONE', #1841 ) ;
#1807 = LINE ( 'NONE', #2550, #80 ) ;
#1808 = CARTESIAN_POINT ( 'NONE',  ( -1.524999999999999500, 0.8499999999999996400, 1.749999999999996400 ) ) ;
#1809 = CARTESIAN_POINT ( 'NONE',  ( 2.345000000000000200, 1.200000000000000000, 1.529999999999999800 ) ) ;
#1810 = CARTESIAN_POINT ( 'NONE',  ( 2.599000000000000200, -0.8799999999999986700, 1.275999999999999800 ) ) ;
#1811 = FILL_AREA_STYLE ('',( #5071 ) ) ;
#1812 = EDGE_CURVE ( 'NONE', #6134, #6744, #3186, .T. ) ;
#1813 = ORIENTED_EDGE ( 'NONE', *, *, #2069, .T. ) ;
#1814 = EDGE_CURVE ( 'NONE', #5847, #2019, #1714, .T. ) ;
#1815 = VECTOR ( 'NONE', #3747, 1000.000000000000000 ) ;
#1816 = CARTESIAN_POINT ( 'NONE',  ( -0.5499999999999992700, -0.6999999999999988500, 3.249999999999996000 ) ) ;
#1817 = EDGE_LOOP ( 'NONE', ( #2048, #1225, #285, #6359 ) ) ;
#1818 = STYLED_ITEM ( 'NONE', ( #2187 ), #961 ) ;
#1819 = LINE ( 'NONE', #5669, #3121 ) ;
#1820 = DIRECTION ( 'NONE',  ( 0.0000000000000000000, -1.000000000000000000, 0.0000000000000000000 ) ) ;
#1821 = EDGE_LOOP ( 'NONE', ( #4734, #5658, #1448, #5459 ) ) ;
#1822 = VECTOR ( 'NONE', #1862, 1000.000000000000100 ) ;
#1823 = EDGE_CURVE ( 'NONE', #2019, #1201, #170, .T. ) ;
#1824 = EDGE_CURVE ( 'NONE', #7145, #5193, #1545, .T. ) ;
#1825 = ADVANCED_FACE ( 'NONE', ( #3014 ), #317, .F. ) ;
#1826 = CARTESIAN_POINT ( 'NONE',  ( 0.6887647058823531700, 0.3528235294117643100, 3.981176470588228400 ) ) ;
#1827 = ORIENTED_EDGE ( 'NONE', *, *, #1638, .T. ) ;
#1828 = AXIS2_PLACEMENT_3D ( 'NONE', #3996, #626, #4501 ) ;
#1829 = ORIENTED_EDGE ( 'NONE', *, *, #1303, .F. ) ;
#1830 = AXIS2_PLACEMENT_3D ( 'NONE', #2654, #1093, #745 ) ;
#1831 = ORIENTED_EDGE ( 'NONE', *, *, #4505, .T. ) ;
#1832 = LINE ( 'NONE', #538, #6017 ) ;
#1833 = AXIS2_PLACEMENT_3D ( 'NONE', #6577, #2269, #6073 ) ;
#1834 = DIRECTION ( 'NONE',  ( 0.0000000000000000000, 1.000000000000000000, 1.141265444721583800E-016 ) ) ;
#1835 = LINE ( 'NONE', #485, #1300 ) ;
#1836 = CARTESIAN_POINT ( 'NONE',  ( -3.624999999999999600, 1.700000000000000000, 2.200000000000000200 ) ) ;
#1837 = CARTESIAN_POINT ( 'NONE',  ( -2.124999999999999600, 1.420000000000000200, 0.3000000000000001600 ) ) ;
#1838 = DIRECTION ( 'NONE',  ( 0.0000000000000000000, -0.7071067811865441300, 0.7071067811865507900 ) ) ;
#1839 = DIRECTION ( 'NONE',  ( 0.0000000000000000000, 0.7071067811865433500, -0.7071067811865517900 ) ) ;
#1840 = FILL_AREA_STYLE_COLOUR ( '', #6587 ) ;
#1841 = CARTESIAN_POINT ( 'NONE',  ( -1.174999999999999400, 2.000000000000000000, 3.699999999999996600 ) ) ;
#1842 = EDGE_LOOP ( 'NONE', ( #2925, #3385, #3191, #916 ) ) ;
#1843 = EDGE_LOOP ( 'NONE', ( #3170, #6575, #5132, #3090 ) ) ;
#1844 = DIRECTION ( 'NONE',  ( -0.0000000000000000000, -1.000000000000000000, -0.0000000000000000000 ) ) ;
#1845 = PLANE ( 'NONE',  #4698 ) ;
#1846 = DIRECTION ( 'NONE',  ( -0.7071067811865460200, 0.7071067811865490200, -1.629776165692359100E-017 ) ) ;
#1847 = FACE_BOUND ( 'NONE', #1230, .T. ) ;
#1848 = CARTESIAN_POINT ( 'NONE',  ( -2.124999999999999100, 2.600000000000000100, 1.749999999999996400 ) ) ;
#1849 = ORIENTED_EDGE ( 'NONE', *, *, #3888, .F. ) ;
#1850 = UNCERTAINTY_MEASURE_WITH_UNIT (LENGTH_MEASURE( 1.000000000000000100E-005 ), #3557, 'distance_accuracy_value', 'NONE');
#1851 = FILL_AREA_STYLE ('',( #1777 ) ) ;
#1852 = LINE ( 'NONE', #4193, #315 ) ;
#1853 = ORIENTED_EDGE ( 'NONE', *, *, #3197, .T. ) ;
#1854 = EDGE_CURVE ( 'NONE', #1167, #5618, #5731, .T. ) ;
#1855 = FILL_AREA_STYLE ('',( #4636 ) ) ;
#1856 = DIRECTION ( 'NONE',  ( 0.0000000000000000000, -1.000000000000000000, -1.556803119466362600E-015 ) ) ;
#1857 = CARTESIAN_POINT ( 'NONE',  ( 2.125000000000000000, -0.8000000000000010400, 2.400000000000002100 ) ) ;
#1858 = DIRECTION ( 'NONE',  ( 1.000000000000000000, 0.0000000000000000000, 0.0000000000000000000 ) ) ;
#1859 = DIRECTION ( 'NONE',  ( -1.000000000000000000, 0.0000000000000000000, 1.495451272393799300E-016 ) ) ;
#1860 = ORIENTED_EDGE ( 'NONE', *, *, #6927, .F. ) ;
#1861 = ADVANCED_FACE ( 'NONE', ( #1359 ), #584, .F. ) ;
#1862 = DIRECTION ( 'NONE',  ( -0.7071067811865460200, 0.0000000000000000000, -0.7071067811865490200 ) ) ;
#1863 = EDGE_CURVE ( 'NONE', #4253, #1013, #5027, .T. ) ;
#1864 = UNCERTAINTY_MEASURE_WITH_UNIT (LENGTH_MEASURE( 1.000000000000000100E-005 ), #2257, 'distance_accuracy_value', 'NONE');
#1865 = VECTOR ( 'NONE', #7090, 1000.000000000000000 ) ;
#1866 = EDGE_CURVE ( 'NONE', #5690, #7060, #6469, .T. ) ;
#1867 = DIRECTION ( 'NONE',  ( -0.0000000000000000000, 0.0000000000000000000, -1.000000000000000000 ) ) ;
#1868 = DIRECTION ( 'NONE',  ( -0.0000000000000000000, -1.000000000000000000, 0.0000000000000000000 ) ) ;
#1869 = ORIENTED_EDGE ( 'NONE', *, *, #5650, .F. ) ;
#1870 = LINE ( 'NONE', #6384, #4589 ) ;
#1871 = CARTESIAN_POINT ( 'NONE',  ( -3.324999999999999700, -0.8000000000000001600, 1.699999999999989700 ) ) ;
#1872 = DIRECTION ( 'NONE',  ( 1.000000000000000000, 0.0000000000000000000, 4.371782953570583600E-016 ) ) ;
#1873 = AXIS2_PLACEMENT_3D ( 'NONE', #673, #1269, #5094 ) ;
#1874 =( GEOMETRIC_REPRESENTATION_CONTEXT ( 3 ) GLOBAL_UNCERTAINTY_ASSIGNED_CONTEXT ( ( #832 ) ) GLOBAL_UNIT_ASSIGNED_CONTEXT ( ( #6786, #7138, #4028 ) ) REPRESENTATION_CONTEXT ( 'NONE', 'WORKASPACE' ) );
#1875 = CARTESIAN_POINT ( 'NONE',  ( 2.125000000000000000, 1.399999999999999200, 1.699999999999989700 ) ) ;
#1876 = LINE ( 'NONE', #5278, #3169 ) ;
#1877 = PRESENTATION_LAYER_ASSIGNMENT (  '', '', ( #1108 ) ) ;
#1878 = ORIENTED_EDGE ( 'NONE', *, *, #6505, .T. ) ;
#1879 = ORIENTED_EDGE ( 'NONE', *, *, #5086, .T. ) ;
#1880 = PRESENTATION_STYLE_ASSIGNMENT (( #3740 ) ) ;
#1881 = CARTESIAN_POINT ( 'NONE',  ( -2.125000000000000000, 2.600000000000000100, 0.2999999999999999900 ) ) ;
#1882 = CARTESIAN_POINT ( 'NONE',  ( -2.819000000000000800, -1.100000000000000100, 0.3000000000000002100 ) ) ;
#1883 = COLOUR_RGB ( '',0.8000000000000000400, 0.8078431372549019800, 0.8000000000000000400 ) ;
#1884 = CARTESIAN_POINT ( 'NONE',  ( 0.0000000000000000000, 1.200000000000000000, 0.0000000000000000000 ) ) ;
#1885 = ORIENTED_EDGE ( 'NONE', *, *, #6539, .T. ) ;
#1886 = DIRECTION ( 'NONE',  ( -0.5773502691896257300, 0.5773502691896257300, 0.5773502691896257300 ) ) ;
#1887 = CARTESIAN_POINT ( 'NONE',  ( -0.7849999999999997000, -0.3750000000000001100, 0.6499999999999975800 ) ) ;
#1888 = MECHANICAL_DESIGN_GEOMETRIC_PRESENTATION_REPRESENTATION (  '', ( #724 ), #2261 ) ;
#1889 = DIRECTION ( 'NONE',  ( 0.0000000000000000000, -1.000000000000000000, 0.0000000000000000000 ) ) ;
#1890 = ORIENTED_EDGE ( 'NONE', *, *, #3622, .F. ) ;
#1891 = PLANE ( 'NONE',  #177 ) ;
#1892 = DIRECTION ( 'NONE',  ( 0.0000000000000000000, 1.000000000000000000, 1.464376960240159700E-015 ) ) ;
#1893 = VECTOR ( 'NONE', #3796, 1000.000000000000000 ) ;
#1894 = FILL_AREA_STYLE ('',( #1629 ) ) ;
#1895 = LINE ( 'NONE', #5189, #6071 ) ;
#1896 = ORIENTED_EDGE ( 'NONE', *, *, #517, .F. ) ;
#1897 = CARTESIAN_POINT ( 'NONE',  ( -1.050000000000000000, 2.600000000000000100, 0.6499999999999993600 ) ) ;
#1898 = PLANE ( 'NONE',  #5706 ) ;
#1899 =( LENGTH_UNIT ( ) NAMED_UNIT ( * ) SI_UNIT ( .MILLI., .METRE. ) );
#1900 = SURFACE_STYLE_FILL_AREA ( #5153 ) ;
#1901 = ORIENTED_EDGE ( 'NONE', *, *, #1779, .F. ) ;
#1902 = ORIENTED_EDGE ( 'NONE', *, *, #65, .T. ) ;
#1903 = ADVANCED_FACE ( 'NONE', ( #625 ), #2131, .T. ) ;
#1904 = LINE ( 'NONE', #4922, #731 ) ;
#1905 = EDGE_LOOP ( 'NONE', ( #6154, #5696, #5177, #4080 ) ) ;
#1906 = CARTESIAN_POINT ( 'NONE',  ( -2.649000000000000500, 1.100000000000000100, -2.710505431213761100E-017 ) ) ;
#1907 = LINE ( 'NONE', #4084, #3363 ) ;
#1908 = VERTEX_POINT ( 'NONE', #4840 ) ;
#1909 = CARTESIAN_POINT ( 'NONE',  ( 0.4650000000000003600, 3.100000000000000100, 0.3499999999999989800 ) ) ;
#1910 = CARTESIAN_POINT ( 'NONE',  ( -3.624999999999999100, 1.100000000000000100, 0.2540000000000000000 ) ) ;
#1911 = UNCERTAINTY_MEASURE_WITH_UNIT (LENGTH_MEASURE( 1.000000000000000100E-005 ), #5946, 'distance_accuracy_value', 'NONE');
#1912 =( LENGTH_UNIT ( ) NAMED_UNIT ( * ) SI_UNIT ( .MILLI., .METRE. ) );
#1913 = DIRECTION ( 'NONE',  ( 0.0000000000000000000, 0.0000000000000000000, -1.000000000000000000 ) ) ;
#1914 = EDGE_CURVE ( 'NONE', #1178, #5214, #6310, .T. ) ;
#1915 = EDGE_CURVE ( 'NONE', #1237, #6292, #2319, .T. ) ;
#1916 = PRESENTATION_STYLE_ASSIGNMENT (( #5647 ) ) ;
#1917 = ORIENTED_EDGE ( 'NONE', *, *, #3715, .T. ) ;
#1918 = VECTOR ( 'NONE', #753, 1000.000000000000000 ) ;
#1919 = ORIENTED_EDGE ( 'NONE', *, *, #1231, .F. ) ;
#1920 = PRESENTATION_LAYER_ASSIGNMENT (  '', '', ( #2650 ) ) ;
#1921 =( LENGTH_UNIT ( ) NAMED_UNIT ( * ) SI_UNIT ( .MILLI., .METRE. ) );
#1922 = PLANE ( 'NONE',  #335 ) ;
#1923 = AXIS2_PLACEMENT_3D ( 'NONE', #3738, #3924, #3875 ) ;
#1924 = PLANE ( 'NONE',  #468 ) ;
#1925 = ORIENTED_EDGE ( 'NONE', *, *, #2888, .T. ) ;
#1926 = LINE ( 'NONE', #4314, #1747 ) ;
#1927 = EDGE_CURVE ( 'NONE', #3289, #6729, #4853, .T. ) ;
#1928 = PRODUCT_DEFINITION_FORMATION_WITH_SPECIFIED_SOURCE ( 'ANY', '', #6884, .NOT_KNOWN. ) ;
#1929 = DIRECTION ( 'NONE',  ( 0.0000000000000000000, 0.0000000000000000000, 1.000000000000000000 ) ) ;
#1930 = VECTOR ( 'NONE', #5293, 1000.000000000000000 ) ;
#1931 = DIRECTION ( 'NONE',  ( 0.0000000000000000000, -1.000000000000000000, -0.0000000000000000000 ) ) ;
#1932 = FILL_AREA_STYLE ('',( #1407 ) ) ;
#1933 = FILL_AREA_STYLE_COLOUR ( '', #5979 ) ;
#1934 = DIRECTION ( 'NONE',  ( 0.0000000000000000000, -0.7071067811865439100, 0.7071067811865512400 ) ) ;
#1935 = CARTESIAN_POINT ( 'NONE',  ( 1.824999999999993300, 1.700000000000000200, 4.699999999999998400 ) ) ;
#1936 = CARTESIAN_POINT ( 'NONE',  ( -0.7849999999999997000, 3.100000000000000100, 0.3499999999999989800 ) ) ;
#1937 = DIRECTION ( 'NONE',  ( -1.000000000000000000, 0.0000000000000000000, 4.371782953570583600E-016 ) ) ;
#1938 = ADVANCED_FACE ( 'NONE', ( #3596 ), #494, .F. ) ;
#1939 = PLANE ( 'NONE',  #519 ) ;
#1940 = CARTESIAN_POINT ( 'NONE',  ( -0.4649999999999996400, 0.2499999999999996700, 0.2999999999999966000 ) ) ;
#1941 = UNCERTAINTY_MEASURE_WITH_UNIT (LENGTH_MEASURE( 1.000000000000000100E-005 ), #1524, 'distance_accuracy_value', 'NONE');
#1942 = DIRECTION ( 'NONE',  ( -0.0000000000000000000, -0.0000000000000000000, 1.000000000000000000 ) ) ;
#1943 = CARTESIAN_POINT ( 'NONE',  ( 3.324999999999999700, 1.399999999999999000, 4.699999999999998400 ) ) ;
#1944 = VECTOR ( 'NONE', #162, 1000.000000000000000 ) ;
#1945 = VERTEX_POINT ( 'NONE', #1087 ) ;
#1946 = SURFACE_SIDE_STYLE ('',( #1730 ) ) ;
#1947 =( NAMED_UNIT ( * ) SI_UNIT ( $, .STERADIAN. ) SOLID_ANGLE_UNIT ( ) );
#1948 = LINE ( 'NONE', #3447, #5955 ) ;
#1949 = EDGE_CURVE ( 'NONE', #5508, #1010, #4692, .T. ) ;
#1950 = VECTOR ( 'NONE', #6491, 1000.000000000000000 ) ;
#1951 = DIRECTION ( 'NONE',  ( -1.000000000000000000, 0.0000000000000000000, 0.0000000000000000000 ) ) ;
#1952 = EDGE_CURVE ( 'NONE', #2753, #488, #3267, .T. ) ;
#1953 = FILL_AREA_STYLE_COLOUR ( '', #5468 ) ;
#1954 = DIRECTION ( 'NONE',  ( 0.0000000000000000000, 0.0000000000000000000, -1.000000000000000000 ) ) ;
#1955 = ORIENTED_EDGE ( 'NONE', *, *, #1729, .F. ) ;
#1956 = CARTESIAN_POINT ( 'NONE',  ( -1.825000000000001300, 0.09999999999999982500, 4.699999999999995700 ) ) ;
#1957 = CARTESIAN_POINT ( 'NONE',  ( 1.824999999999993100, 0.8499999999999996400, 4.699999999999998400 ) ) ;
#1958 = SURFACE_STYLE_FILL_AREA ( #1591 ) ;
#1959 = CARTESIAN_POINT ( 'NONE',  ( -1.625000000000000700, -1.100000000000000100, 0.2999999999999998200 ) ) ;
#1960 = VERTEX_POINT ( 'NONE', #2013 ) ;
#1961 = VERTEX_POINT ( 'NONE', #2227 ) ;
#1962 = EDGE_CURVE ( 'NONE', #453, #2448, #3100, .T. ) ;
#1963 = CARTESIAN_POINT ( 'NONE',  ( -3.324999999999999700, 1.399999999999999900, 4.699999999999998400 ) ) ;
#1964 = EDGE_CURVE ( 'NONE', #706, #3210, #257, .T. ) ;
#1965 = CARTESIAN_POINT ( 'NONE',  ( 2.345000000000000200, 1.100000000000000100, 1.226000000000000000 ) ) ;
#1966 = CARTESIAN_POINT ( 'NONE',  ( 2.649000000000000500, 1.100000000000000100, 0.2540000000000000000 ) ) ;
#1967 = DIRECTION ( 'NONE',  ( 0.0000000000000000000, 0.0000000000000000000, -1.000000000000000000 ) ) ;
#1968 = DIRECTION ( 'NONE',  ( -1.000000000000000000, -0.0000000000000000000, -0.0000000000000000000 ) ) ;
#1969 = SURFACE_STYLE_FILL_AREA ( #5366 ) ;
#1970 = LINE ( 'NONE', #1034, #3261 ) ;
#1971 = ORIENTED_EDGE ( 'NONE', *, *, #4003, .T. ) ;
#1972 = VECTOR ( 'NONE', #2463, 1000.000000000000000 ) ;
#1973 = ADVANCED_FACE ( 'NONE', ( #68 ), #3238, .T. ) ;
#1974 = DIRECTION ( 'NONE',  ( 0.0000000000000000000, 0.0000000000000000000, 1.000000000000000000 ) ) ;
#1975 = ORIENTED_EDGE ( 'NONE', *, *, #4040, .F. ) ;
#1976 = VECTOR ( 'NONE', #6718, 1000.000000000000000 ) ;
#1977 = ORIENTED_EDGE ( 'NONE', *, *, #3768, .F. ) ;
#1978 = DIRECTION ( 'NONE',  ( -1.000000000000000000, 6.776263578034385000E-016, 0.0000000000000000000 ) ) ;
#1979 = VECTOR ( 'NONE', #522, 1000.000000000000000 ) ;
#1980 = VECTOR ( 'NONE', #6438, 1000.000000000000000 ) ;
#1981 = CARTESIAN_POINT ( 'NONE',  ( -2.125000000000000000, 2.600000000000000100, 0.04999999999999996800 ) ) ;
#1982 = CARTESIAN_POINT ( 'NONE',  ( -3.364999999999999800, -1.100000000000000100, 1.749999999999999600 ) ) ;
#1983 = CARTESIAN_POINT ( 'NONE',  ( -1.524999999999999500, 1.700000000000000200, 1.749999999999996400 ) ) ;
#1984 = DIRECTION ( 'NONE',  ( -0.0000000000000000000, -1.000000000000000000, -0.0000000000000000000 ) ) ;
#1985 = DIRECTION ( 'NONE',  ( 0.0000000000000000000, -1.000000000000000000, 0.0000000000000000000 ) ) ;
#1986 = UNCERTAINTY_MEASURE_WITH_UNIT (LENGTH_MEASURE( 1.000000000000000100E-005 ), #5830, 'distance_accuracy_value', 'NONE');
#1987 = ORIENTED_EDGE ( 'NONE', *, *, #1000, .T. ) ;
#1988 = LINE ( 'NONE', #3615, #4863 ) ;
#1989 = SURFACE_STYLE_FILL_AREA ( #1811 ) ;
#1990 = CARTESIAN_POINT ( 'NONE',  ( -2.125000000000000000, -1.100000000000000100, 2.400000000000001200 ) ) ;
#1991 = SURFACE_STYLE_FILL_AREA ( #1894 ) ;
#1992 = CARTESIAN_POINT ( 'NONE',  ( 0.4650000000000003600, 3.000000000000000000, 0.4499999999999998400 ) ) ;
#1993 = ORIENTED_EDGE ( 'NONE', *, *, #2165, .T. ) ;
#1994 = DIRECTION ( 'NONE',  ( 0.0000000000000000000, 0.0000000000000000000, -1.000000000000000000 ) ) ;
#1995 = CARTESIAN_POINT ( 'NONE',  ( 3.625000000000000000, -1.100000000000000100, -4.960040550996611700E-017 ) ) ;
#1996 = VECTOR ( 'NONE', #6428, 1000.000000000000000 ) ;
#1997 = EDGE_CURVE ( 'NONE', #4790, #361, #5985, .T. ) ;
#1998 = VERTEX_POINT ( 'NONE', #3391 ) ;
#1999 = CARTESIAN_POINT ( 'NONE',  ( -0.1499999999999990800, -0.6999999999999988500, 4.399999999999993200 ) ) ;
#2000 = VECTOR ( 'NONE', #2305, 1000.000000000000000 ) ;
#2001 = ORIENTED_EDGE ( 'NONE', *, *, #3024, .F. ) ;
#2002 = DIRECTION ( 'NONE',  ( 1.000000000000000000, 0.0000000000000000000, 0.0000000000000000000 ) ) ;
#2003 = ORIENTED_EDGE ( 'NONE', *, *, #5936, .F. ) ;
#2004 = DIRECTION ( 'NONE',  ( 1.000000000000000000, 0.0000000000000000000, -0.0000000000000000000 ) ) ;
#2005 =( NAMED_UNIT ( * ) SI_UNIT ( $, .STERADIAN. ) SOLID_ANGLE_UNIT ( ) );
#2006 = ORIENTED_EDGE ( 'NONE', *, *, #1293, .F. ) ;
#2007 = CARTESIAN_POINT ( 'NONE',  ( 3.824999999999999700, 1.100000000000000100, -5.421010862427522200E-017 ) ) ;
#2008 = EDGE_CURVE ( 'NONE', #5580, #3829, #5798, .T. ) ;
#2009 = EDGE_CURVE ( 'NONE', #1960, #5602, #1440, .T. ) ;
#2010 = ADVANCED_FACE ( 'NONE', ( #2748 ), #15, .F. ) ;
#2011 = CIRCLE ( 'NONE', #27, 0.05000000000000012800 ) ;
#2012 = AXIS2_PLACEMENT_3D ( 'NONE', #454, #1637, #5463 ) ;
#2013 = CARTESIAN_POINT ( 'NONE',  ( 0.4650000000000003600, 0.4249999999999998200, 0.6499999999999964700 ) ) ;
#2014 = CARTESIAN_POINT ( 'NONE',  ( 0.7850000000000011400, 0.4249999999999998200, 0.04999999999999861500 ) ) ;
#2015 = SURFACE_STYLE_USAGE ( .BOTH. , #5270 ) ;
#2016 = AXIS2_PLACEMENT_3D ( 'NONE', #6343, #6877, #3641 ) ;
#2017 = DIRECTION ( 'NONE',  ( 1.000000000000000000, -6.195440985631608200E-016, 0.0000000000000000000 ) ) ;
#2018 = ADVANCED_FACE ( 'NONE', ( #4222 ), #492, .T. ) ;
#2019 = VERTEX_POINT ( 'NONE', #595 ) ;
#2020 = ORIENTED_EDGE ( 'NONE', *, *, #2658, .F. ) ;
#2021 = EDGE_CURVE ( 'NONE', #567, #5681, #3686, .T. ) ;
#2022 = ORIENTED_EDGE ( 'NONE', *, *, #6859, .T. ) ;
#2023 = CARTESIAN_POINT ( 'NONE',  ( -3.624999999999999600, 1.700000000000000000, 2.200000000000000200 ) ) ;
#2024 = LINE ( 'NONE', #6542, #6188 ) ;
#2025 = EDGE_LOOP ( 'NONE', ( #175, #656, #6843, #1766 ) ) ;
#2026 = PRESENTATION_LAYER_ASSIGNMENT (  '', '', ( #1262 ) ) ;
#2027 = CARTESIAN_POINT ( 'NONE',  ( -3.824999999999999700, 1.100000000000000100, 0.2539999999999999500 ) ) ;
#2028 = CARTESIAN_POINT ( 'NONE',  ( -2.345000000000000200, -1.100000000000000100, 1.226000000000000000 ) ) ;
#2029 = CARTESIAN_POINT ( 'NONE',  ( -0.4649999999999996400, 0.4249999999999998200, 0.6499999999999964700 ) ) ;
#2030 = DIRECTION ( 'NONE',  ( -0.0000000000000000000, 0.0000000000000000000, -1.000000000000000000 ) ) ;
#2031 = CARTESIAN_POINT ( 'NONE',  ( 0.7850000000000003600, 0.2499999999999996700, 0.2999999999999966000 ) ) ;
#2032 = LINE ( 'NONE', #6334, #3151 ) ;
#2033 = ORIENTED_EDGE ( 'NONE', *, *, #2147, .T. ) ;
#2034 = ORIENTED_EDGE ( 'NONE', *, *, #2185, .T. ) ;
#2035 = ORIENTED_EDGE ( 'NONE', *, *, #4147, .T. ) ;
#2036 = SURFACE_STYLE_FILL_AREA ( #6267 ) ;
#2037 = DIRECTION ( 'NONE',  ( 0.0000000000000000000, -0.0000000000000000000, 1.000000000000000000 ) ) ;
#2038 = DIRECTION ( 'NONE',  ( 0.0000000000000000000, -0.7071067811865439100, 0.7071067811865512400 ) ) ;
#2039 = SURFACE_SIDE_STYLE ('',( #1991 ) ) ;
#2040 = VERTEX_POINT ( 'NONE', #2255 ) ;
#2041 = ORIENTED_EDGE ( 'NONE', *, *, #3380, .T. ) ;
#2042 = EDGE_CURVE ( 'NONE', #3532, #4320, #5115, .T. ) ;
#2043 = CARTESIAN_POINT ( 'NONE',  ( 3.145000000000000000, -0.8799999999999986700, 1.529999999999999800 ) ) ;
#2044 = CARTESIAN_POINT ( 'NONE',  ( -2.125000000000000000, 1.420000000000000400, 0.2999999999999999900 ) ) ;
#2045 = LINE ( 'NONE', #510, #329 ) ;
#2046 = VERTEX_POINT ( 'NONE', #4588 ) ;
#2047 = VERTEX_POINT ( 'NONE', #3914 ) ;
#2048 = ORIENTED_EDGE ( 'NONE', *, *, #948, .T. ) ;
#2049 = EDGE_CURVE ( 'NONE', #2676, #378, #709, .T. ) ;
#2050 = CARTESIAN_POINT ( 'NONE',  ( -3.624999999999999600, -1.100000000000000100, 2.200000000000000200 ) ) ;
#2051 = EDGE_CURVE ( 'NONE', #3923, #5135, #2067, .T. ) ;
#2052 = VERTEX_POINT ( 'NONE', #3993 ) ;
#2053 = FACE_OUTER_BOUND ( 'NONE', #6001, .T. ) ;
#2054 = DIRECTION ( 'NONE',  ( -1.000000000000000000, 0.0000000000000000000, 0.0000000000000000000 ) ) ;
#2056 = ADVANCED_FACE ( 'NONE', ( #2235 ), #4483, .F. ) ;
#2055 = CARTESIAN_POINT ( 'NONE',  ( -2.649000000000000500, 1.100000000000000100, 1.530000000000000000 ) ) ;
#2057 = COLOUR_RGB ( '',0.8000000000000000400, 0.8078431372549019800, 0.8000000000000000400 ) ;
#2058 = DIRECTION ( 'NONE',  ( 0.0000000000000000000, -1.000000000000000000, 0.0000000000000000000 ) ) ;
#2059 = CARTESIAN_POINT ( 'NONE',  ( -0.4649999999999996400, -0.3750000000000005000, 3.499999999999986700 ) ) ;
#2060 = AXIS2_PLACEMENT_3D ( 'NONE', #1283, #1805, #1929 ) ;
#2061 = ORIENTED_EDGE ( 'NONE', *, *, #4470, .T. ) ;
#2062 = LINE ( 'NONE', #3711, #3335 ) ;
#2063 = ORIENTED_EDGE ( 'NONE', *, *, #1000, .F. ) ;
#2064 = VECTOR ( 'NONE', #5234, 1000.000000000000000 ) ;
#2065 = ORIENTED_EDGE ( 'NONE', *, *, #5350, .T. ) ;
#2066 = CARTESIAN_POINT ( 'NONE',  ( 2.124999999999998700, -1.100000000000000100, 1.529999999999999800 ) ) ;
#2067 = LINE ( 'NONE', #3937, #4937 ) ;
#2068 = ORIENTED_EDGE ( 'NONE', *, *, #4517, .F. ) ;
#2069 = EDGE_CURVE ( 'NONE', #3757, #911, #3342, .T. ) ;
#2070 = COLOUR_RGB ( '',0.8000000000000000400, 0.8078431372549019800, 0.8000000000000000400 ) ;
#2071 = VERTEX_POINT ( 'NONE', #4569 ) ;
#2072 = PLANE ( 'NONE',  #4244 ) ;
#2073 = CARTESIAN_POINT ( 'NONE',  ( 0.7850000000000011400, -1.165808787618822900E-016, 0.6499999999999990200 ) ) ;
#2074 = AXIS2_PLACEMENT_3D ( 'NONE', #4727, #897, #4747 ) ;
#2075 = AXIS2_PLACEMENT_3D ( 'NONE', #1963, #1439, #2207 ) ;
#2076 = VERTEX_POINT ( 'NONE', #6579 ) ;
#2077 = STYLED_ITEM ( 'NONE', ( #2312 ), #4610 ) ;
#2078 = ORIENTED_EDGE ( 'NONE', *, *, #6734, .F. ) ;
#2079 = VECTOR ( 'NONE', #6402, 1000.000000000000000 ) ;
#2080 = VECTOR ( 'NONE', #3528, 1000.000000000000000 ) ;
#2081 = LINE ( 'NONE', #6569, #3512 ) ;
#2082 = ORIENTED_EDGE ( 'NONE', *, *, #5922, .F. ) ;
#2083 = ORIENTED_EDGE ( 'NONE', *, *, #5968, .F. ) ;
#2084 = PLANE ( 'NONE',  #6460 ) ;
#2085 = DIRECTION ( 'NONE',  ( 2.990902544787599100E-016, 0.0000000000000000000, 1.000000000000000000 ) ) ;
#2086 = ORIENTED_EDGE ( 'NONE', *, *, #6879, .T. ) ;
#2087 = SURFACE_STYLE_FILL_AREA ( #3556 ) ;
#2088 = VECTOR ( 'NONE', #2211, 1000.000000000000100 ) ;
#2089 = CARTESIAN_POINT ( 'NONE',  ( -0.5499999999999994900, -0.6999999999999992900, 3.249999999999996000 ) ) ;
#2090 = DIRECTION ( 'NONE',  ( 0.0000000000000000000, 0.0000000000000000000, -1.000000000000000000 ) ) ;
#2091 = CARTESIAN_POINT ( 'NONE',  ( 0.7850000000000003600, -0.6250000000000003300, 0.6499999999999964700 ) ) ;
#2092 = FACE_BOUND ( 'NONE', #2638, .T. ) ;
#2093 = ORIENTED_EDGE ( 'NONE', *, *, #411, .F. ) ;
#2094 = CARTESIAN_POINT ( 'NONE',  ( 2.124999999999998200, 2.600000000000000100, 0.2999999999999986600 ) ) ;
#2095 = ORIENTED_EDGE ( 'NONE', *, *, #2695, .F. ) ;
#2096 =( NAMED_UNIT ( * ) SI_UNIT ( $, .STERADIAN. ) SOLID_ANGLE_UNIT ( ) );
#2097 = DIRECTION ( 'NONE',  ( 0.0000000000000000000, -1.000000000000000000, 0.0000000000000000000 ) ) ;
#2098 = CARTESIAN_POINT ( 'NONE',  ( -0.4649999999999996400, 0.4249999999999998200, 0.6499999999999964700 ) ) ;
#2099 = LINE ( 'NONE', #2737, #557 ) ;
#2100 = ORIENTED_EDGE ( 'NONE', *, *, #6455, .F. ) ;
#2101 = ADVANCED_FACE ( 'NONE', ( #6058 ), #5112, .F. ) ;
#2102 = ORIENTED_EDGE ( 'NONE', *, *, #3853, .F. ) ;
#2103 = EDGE_CURVE ( 'NONE', #5575, #6478, #6984, .T. ) ;
#2104 =( LENGTH_UNIT ( ) NAMED_UNIT ( * ) SI_UNIT ( .MILLI., .METRE. ) );
#2105 =( LENGTH_UNIT ( ) NAMED_UNIT ( * ) SI_UNIT ( .MILLI., .METRE. ) );
#2106 = VERTEX_POINT ( 'NONE', #1780 ) ;
#2107 = CIRCLE ( 'NONE', #2437, 0.05000000000000012800 ) ;
#2108 = CARTESIAN_POINT ( 'NONE',  ( 1.524999999999993000, 0.09999999999999982500, 1.749999999999996400 ) ) ;
#2109 = CARTESIAN_POINT ( 'NONE',  ( -1.524999999999999900, 0.09999999999999982500, 1.749999999999996400 ) ) ;
#2110 = DIRECTION ( 'NONE',  ( 0.0000000000000000000, -0.0000000000000000000, 1.000000000000000000 ) ) ;
#2111 = CARTESIAN_POINT ( 'NONE',  ( -3.145000000000000000, 1.200000000000000000, 1.275999999999999800 ) ) ;
#2112 = EDGE_CURVE ( 'NONE', #6052, #911, #2655, .T. ) ;
#2113 = VERTEX_POINT ( 'NONE', #1157 ) ;
#2114 = EDGE_CURVE ( 'NONE', #1634, #3503, #5569, .T. ) ;
#2115 = AXIS2_PLACEMENT_3D ( 'NONE', #4497, #4970, #5015 ) ;
#2116 = CARTESIAN_POINT ( 'NONE',  ( -2.125000000000000000, 1.399999999999999700, 2.400000000000001200 ) ) ;
#2117 = CARTESIAN_POINT ( 'NONE',  ( -0.1499999999999997400, -1.100000000000000100, 3.249999999999996000 ) ) ;
#2118 = AXIS2_PLACEMENT_3D ( 'NONE', #646, #4039, #671 ) ;
#2119 = SURFACE_STYLE_FILL_AREA ( #4794 ) ;
#2120 = ORIENTED_EDGE ( 'NONE', *, *, #4420, .T. ) ;
#2121 = CARTESIAN_POINT ( 'NONE',  ( -2.819000000000000000, -1.100000000000000100, 0.0000000000000000000 ) ) ;
#2122 =( LENGTH_UNIT ( ) NAMED_UNIT ( * ) SI_UNIT ( .MILLI., .METRE. ) );
#2123 = MECHANICAL_DESIGN_GEOMETRIC_PRESENTATION_REPRESENTATION (  '', ( #969 ), #2498 ) ;
#2124 = VECTOR ( 'NONE', #1858, 1000.000000000000000 ) ;
#2125 = ORIENTED_EDGE ( 'NONE', *, *, #2475, .T. ) ;
#2126 = ORIENTED_EDGE ( 'NONE', *, *, #260, .F. ) ;
#2127 = PLANE ( 'NONE',  #36 ) ;
#2128 = CARTESIAN_POINT ( 'NONE',  ( -1.625000000000000700, -0.4000000000000005200, 0.2999999999999998200 ) ) ;
#2130 = ADVANCED_FACE ( 'NONE', ( #3960 ), #6305, .T. ) ;
#2129 = DIRECTION ( 'NONE',  ( 0.0000000000000000000, -1.000000000000000000, 0.0000000000000000000 ) ) ;
#2131 = PLANE ( 'NONE',  #3722 ) ;
#2132 = ORIENTED_EDGE ( 'NONE', *, *, #2196, .T. ) ;
#2133 = DIRECTION ( 'NONE',  ( -0.0000000000000000000, 0.0000000000000000000, -1.000000000000000000 ) ) ;
#2134 = LINE ( 'NONE', #3223, #3568 ) ;
#2135 = DIRECTION ( 'NONE',  ( -1.000000000000000000, -0.0000000000000000000, 3.061276722312012500E-016 ) ) ;
#2136 = CARTESIAN_POINT ( 'NONE',  ( 1.524999999999992600, 1.700000000000000200, 4.399999999999995900 ) ) ;
#2137 = SURFACE_STYLE_USAGE ( .BOTH. , #5409 ) ;
#2138 = CARTESIAN_POINT ( 'NONE',  ( -0.3499999999999985300, 0.8499999999999996400, 3.224999999999988100 ) ) ;
#2139 = ORIENTED_EDGE ( 'NONE', *, *, #6833, .T. ) ;
#2140 = ORIENTED_EDGE ( 'NONE', *, *, #849, .F. ) ;
#2141 =( NAMED_UNIT ( * ) PLANE_ANGLE_UNIT ( ) SI_UNIT ( $, .RADIAN. ) );
#2142 = CARTESIAN_POINT ( 'NONE',  ( -0.5499999999999994900, -1.100000000000000100, 3.249999999999996000 ) ) ;
#2143 = SURFACE_STYLE_USAGE ( .BOTH. , #5418 ) ;
#2144 = ORIENTED_EDGE ( 'NONE', *, *, #6152, .T. ) ;
#2145 = VECTOR ( 'NONE', #1571, 1000.000000000000000 ) ;
#2146 = VECTOR ( 'NONE', #3287, 1000.000000000000000 ) ;
#2147 = EDGE_CURVE ( 'NONE', #2769, #507, #4143, .T. ) ;
#2148 = ORIENTED_EDGE ( 'NONE', *, *, #2707, .F. ) ;
#2149 = VECTOR ( 'NONE', #6799, 1000.000000000000000 ) ;
#2150 = VECTOR ( 'NONE', #6229, 1000.000000000000000 ) ;
#2151 = EDGE_CURVE ( 'NONE', #4994, #6536, #2494, .T. ) ;
#2152 = SURFACE_SIDE_STYLE ('',( #3697 ) ) ;
#2153 =( GEOMETRIC_REPRESENTATION_CONTEXT ( 3 ) GLOBAL_UNCERTAINTY_ASSIGNED_CONTEXT ( ( #3642 ) ) GLOBAL_UNIT_ASSIGNED_CONTEXT ( ( #1434, #5264, #2005 ) ) REPRESENTATION_CONTEXT ( 'NONE', 'WORKASPACE' ) );
#2154 = ORIENTED_EDGE ( 'NONE', *, *, #2475, .F. ) ;
#2155 = CARTESIAN_POINT ( 'NONE',  ( 3.824999999999999700, 1.100000000000000100, 0.2539999999999999500 ) ) ;
#2156 = VECTOR ( 'NONE', #4818, 1000.000000000000000 ) ;
#2157 = MECHANICAL_DESIGN_GEOMETRIC_PRESENTATION_REPRESENTATION (  '', ( #1007 ), #2535 ) ;
#2158 = ORIENTED_EDGE ( 'NONE', *, *, #748, .T. ) ;
#2159 = VECTOR ( 'NONE', #1673, 1000.000000000000000 ) ;
#2160 = FACE_OUTER_BOUND ( 'NONE', #5108, .T. ) ;
#2161 = ORIENTED_EDGE ( 'NONE', *, *, #2707, .T. ) ;
#2162 = CARTESIAN_POINT ( 'NONE',  ( -1.824999999999999500, 0.09999999999999982500, 1.749999999999996400 ) ) ;
#2163 = CARTESIAN_POINT ( 'NONE',  ( -2.325000000000000200, -0.8000000000000001600, 2.200000000000000200 ) ) ;
#2164 = UNCERTAINTY_MEASURE_WITH_UNIT (LENGTH_MEASURE( 1.000000000000000100E-005 ), #804, 'distance_accuracy_value', 'NONE');
#2165 = EDGE_CURVE ( 'NONE', #5941, #2244, #1350, .T. ) ;
#2166 = FACE_OUTER_BOUND ( 'NONE', #4870, .T. ) ;
#2167 = ORIENTED_EDGE ( 'NONE', *, *, #2856, .T. ) ;
#2168 = PLANE ( 'NONE',  #2708 ) ;
#2169 = ORIENTED_EDGE ( 'NONE', *, *, #3952, .F. ) ;
#2170 = CARTESIAN_POINT ( 'NONE',  ( 0.7850000000000003600, -0.6250000000000003300, 0.2999999999999964900 ) ) ;
#2171 = SURFACE_STYLE_USAGE ( .BOTH. , #2039 ) ;
#2172 = EDGE_LOOP ( 'NONE', ( #2253, #2906, #6909, #3581 ) ) ;
#2173 = LINE ( 'NONE', #4021, #3800 ) ;
#2174 = ADVANCED_FACE ( 'NONE', ( #2313 ), #2823, .F. ) ;
#2175 = ORIENTED_EDGE ( 'NONE', *, *, #4867, .F. ) ;
#2176 = LINE ( 'NONE', #348, #3441 ) ;
#2177 = ORIENTED_EDGE ( 'NONE', *, *, #1718, .T. ) ;
#2178 = ORIENTED_EDGE ( 'NONE', *, *, #1405, .F. ) ;
#2179 = DIRECTION ( 'NONE',  ( -0.9805806756909207800, 0.0000000000000000000, 0.1961161351381811000 ) ) ;
#2180 = FILL_AREA_STYLE ('',( #1617 ) ) ;
#2181 = VECTOR ( 'NONE', #4264, 1000.000000000000000 ) ;
#2182 = ORIENTED_EDGE ( 'NONE', *, *, #1803, .T. ) ;
#2183 = ORIENTED_EDGE ( 'NONE', *, *, #6689, .F. ) ;
#2184 = SURFACE_SIDE_STYLE ('',( #6140 ) ) ;
#2185 = EDGE_CURVE ( 'NONE', #5220, #5041, #5202, .T. ) ;
#2186 = VERTEX_POINT ( 'NONE', #2721 ) ;
#2187 = PRESENTATION_STYLE_ASSIGNMENT (( #1320 ) ) ;
#2188 = ORIENTED_EDGE ( 'NONE', *, *, #3805, .F. ) ;
#2189 = CARTESIAN_POINT ( 'NONE',  ( -2.819000000000000800, 2.600000000000000100, 0.3000000000000002100 ) ) ;
#2190 = CARTESIAN_POINT ( 'NONE',  ( -2.325000000000000200, 1.700000000000000000, 2.200000000000000200 ) ) ;
#2191 = SURFACE_STYLE_USAGE ( .BOTH. , #5460 ) ;
#2192 = ORIENTED_EDGE ( 'NONE', *, *, #5079, .T. ) ;
#2193 = ORIENTED_EDGE ( 'NONE', *, *, #2793, .T. ) ;
#2194 = COLOUR_RGB ( '',0.8000000000000000400, 0.8078431372549019800, 0.8000000000000000400 ) ;
#2195 = EDGE_CURVE ( 'NONE', #5474, #5374, #789, .T. ) ;
#2196 = EDGE_CURVE ( 'NONE', #6511, #2040, #3589, .T. ) ;
#2197 = CARTESIAN_POINT ( 'NONE',  ( 0.4650000000000003600, 3.100000000000000100, 0.09999999999999947800 ) ) ;
#2198 = ORIENTED_EDGE ( 'NONE', *, *, #4561, .F. ) ;
#2199 = AXIS2_PLACEMENT_3D ( 'NONE', #2696, #3177, #3201 ) ;
#2200 = ORIENTED_EDGE ( 'NONE', *, *, #2369, .F. ) ;
#2201 = VERTEX_POINT ( 'NONE', #2050 ) ;
#2202 = ADVANCED_FACE ( 'NONE', ( #6301 ), #2084, .T. ) ;
#2203 = DIRECTION ( 'NONE',  ( 0.0000000000000000000, -1.294569758191648900E-016, 1.000000000000000000 ) ) ;
#2204 = VECTOR ( 'NONE', #481, 1000.000000000000000 ) ;
#2205 = CARTESIAN_POINT ( 'NONE',  ( -2.649000000000000500, -1.100000000000000100, 0.2540000000000000000 ) ) ;
#2206 = EDGE_CURVE ( 'NONE', #1070, #140, #3417, .T. ) ;
#2207 = DIRECTION ( 'NONE',  ( 0.0000000000000000000, 0.0000000000000000000, 1.000000000000000000 ) ) ;
#2208 = CARTESIAN_POINT ( 'NONE',  ( 2.345000000000000200, 1.200000000000000000, 0.5200000000000000200 ) ) ;
#2209 = FILL_AREA_STYLE_COLOUR ( '', #48 ) ;
#2210 =( LENGTH_UNIT ( ) NAMED_UNIT ( * ) SI_UNIT ( .MILLI., .METRE. ) );
#2211 = DIRECTION ( 'NONE',  ( 0.1940285000290635500, -0.1455213750217966800, 0.9701425001453328800 ) ) ;
#2212 = PLANE ( 'NONE',  #4566 ) ;
#2213 = CARTESIAN_POINT ( 'NONE',  ( 0.5500000000000006000, 3.673118842698620300, 2.099999999999996100 ) ) ;
#2214 = LINE ( 'NONE', #4601, #676 ) ;
#2215 = DIRECTION ( 'NONE',  ( -1.000000000000000000, 0.0000000000000000000, -4.371782953570583600E-016 ) ) ;
#2216 = FACE_OUTER_BOUND ( 'NONE', #4031, .T. ) ;
#2217 = PLANE ( 'NONE',  #2745 ) ;
#2218 = CARTESIAN_POINT ( 'NONE',  ( 0.0000000000000000000, 2.600000000000000100, 0.0000000000000000000 ) ) ;
#2219 = LINE ( 'NONE', #2197, #5093 ) ;
#2220 = SURFACE_STYLE_USAGE ( .BOTH. , #2184 ) ;
#2221 = EDGE_LOOP ( 'NONE', ( #6753, #6081, #5714, #6846 ) ) ;
#2222 = CARTESIAN_POINT ( 'NONE',  ( -2.125000000000000400, -0.4000000000000005200, 0.2999999999999999900 ) ) ;
#2223 = CARTESIAN_POINT ( 'NONE',  ( -2.125000000000000000, 1.399999999999999700, 2.400000000000001200 ) ) ;
#2224 = ORIENTED_EDGE ( 'NONE', *, *, #5663, .T. ) ;
#2225 = VECTOR ( 'NONE', #4960, 1000.000000000000000 ) ;
#2226 = LINE ( 'NONE', #4585, #4930 ) ;
#2227 = CARTESIAN_POINT ( 'NONE',  ( -0.4649999999999996400, 0.2499999999999996700, 0.2999999999999966000 ) ) ;
#2228 = CARTESIAN_POINT ( 'NONE',  ( -2.325000000000000200, 1.700000000000000000, 2.200000000000000200 ) ) ;
#2229 = CARTESIAN_POINT ( 'NONE',  ( 3.365000000000001500, -1.100000000000000100, 1.055999999999998300 ) ) ;
#2230 = LINE ( 'NONE', #6375, #6388 ) ;
#2231 = DIRECTION ( 'NONE',  ( 3.051828337366604500E-016, -0.0000000000000000000, 1.000000000000000000 ) ) ;
#2232 = EDGE_CURVE ( 'NONE', #5546, #567, #5020, .T. ) ;
#2233 = VECTOR ( 'NONE', #816, 1000.000000000000000 ) ;
#2234 = ADVANCED_FACE ( 'NONE', ( #4683 ), #2127, .F. ) ;
#2235 = FACE_OUTER_BOUND ( 'NONE', #5439, .T. ) ;
#2236 = ORIENTED_EDGE ( 'NONE', *, *, #3805, .T. ) ;
#2237 = CARTESIAN_POINT ( 'NONE',  ( -0.4649999999999996400, 2.500000000000000000, -1.084202172485504400E-016 ) ) ;
#2238 = AXIS2_PLACEMENT_3D ( 'NONE', #5538, #5928, #5982 ) ;
#2239 = LINE ( 'NONE', #1058, #3498 ) ;
#2240 = CARTESIAN_POINT ( 'NONE',  ( -0.5649999999999997200, -0.3750000000000005600, 3.999999999999993300 ) ) ;
#2241 = PRESENTATION_STYLE_ASSIGNMENT (( #5952 ) ) ;
#2242 = EDGE_CURVE ( 'NONE', #5481, #2676, #4843, .T. ) ;
#2243 = PRESENTATION_STYLE_ASSIGNMENT (( #3349 ) ) ;
#2244 = VERTEX_POINT ( 'NONE', #1463 ) ;
#2245 = EDGE_LOOP ( 'NONE', ( #1552, #1323, #1573, #4487 ) ) ;
#2246 = DIRECTION ( 'NONE',  ( 1.000000000000000000, -0.0000000000000000000, -3.252606517456513300E-016 ) ) ;
#2247 = PLANE ( 'NONE',  #2807 ) ;
#2248 = EDGE_CURVE ( 'NONE', #5894, #927, #3259, .T. ) ;
#2249 = FACE_OUTER_BOUND ( 'NONE', #2756, .T. ) ;
#2250 = EDGE_LOOP ( 'NONE', ( #998, #3102, #3655, #6719 ) ) ;
#2251 =( LENGTH_UNIT ( ) NAMED_UNIT ( * ) SI_UNIT ( .MILLI., .METRE. ) );
#2252 = ORIENTED_EDGE ( 'NONE', *, *, #5470, .T. ) ;
#2253 = ORIENTED_EDGE ( 'NONE', *, *, #1599, .F. ) ;
#2254 = MECHANICAL_DESIGN_GEOMETRIC_PRESENTATION_REPRESENTATION (  '', ( #1108 ), #2618 ) ;
#2255 = CARTESIAN_POINT ( 'NONE',  ( 2.649000000000000500, -1.100000000000000100, 1.530000000000000000 ) ) ;
#2256 = COLOUR_RGB ( '',0.9803921568627450600, 0.9803921568627450600, 0.8235294117647058400 ) ;
#2257 =( LENGTH_UNIT ( ) NAMED_UNIT ( * ) SI_UNIT ( .MILLI., .METRE. ) );
#2258 = DIRECTION ( 'NONE',  ( 1.000000000000000000, 0.0000000000000000000, -0.0000000000000000000 ) ) ;
#2259 = ORIENTED_EDGE ( 'NONE', *, *, #5235, .F. ) ;
#2260 = FACE_OUTER_BOUND ( 'NONE', #4318, .T. ) ;
#2261 =( GEOMETRIC_REPRESENTATION_CONTEXT ( 3 ) GLOBAL_UNCERTAINTY_ASSIGNED_CONTEXT ( ( #6008 ) ) GLOBAL_UNIT_ASSIGNED_CONTEXT ( ( #5814, #2572, #6363 ) ) REPRESENTATION_CONTEXT ( 'NONE', 'WORKASPACE' ) );
#2262 = DIRECTION ( 'NONE',  ( 0.0000000000000000000, 1.000000000000000000, 4.336808689942013800E-015 ) ) ;
#2263 = FACE_OUTER_BOUND ( 'NONE', #5332, .T. ) ;
#2264 = ORIENTED_EDGE ( 'NONE', *, *, #3647, .F. ) ;
#2265 = DIRECTION ( 'NONE',  ( 0.0000000000000000000, -0.7071067811865441300, 0.7071067811865507900 ) ) ;
#2266 = CARTESIAN_POINT ( 'NONE',  ( 2.125000000000000900, 2.299999999999999400, 1.749999999999996400 ) ) ;
#2267 = SURFACE_STYLE_FILL_AREA ( #2684 ) ;
#2268 = ADVANCED_FACE ( 'NONE', ( #4520 ), #4933, .F. ) ;
#2269 = DIRECTION ( 'NONE',  ( 0.0000000000000000000, 1.000000000000000000, 0.0000000000000000000 ) ) ;
#2270 = CARTESIAN_POINT ( 'NONE',  ( -0.1499999999999997400, -0.6999999999999992900, 3.249999999999996000 ) ) ;
#2271 = VECTOR ( 'NONE', #6276, 1000.000000000000100 ) ;
#2272 = CARTESIAN_POINT ( 'NONE',  ( -0.4649999999999996400, 2.549999999999999800, 0.4499999999999999000 ) ) ;
#2273 = DIRECTION ( 'NONE',  ( -0.7071067811865468000, 0.0000000000000000000, 0.7071067811865483500 ) ) ;
#2274 = DIRECTION ( 'NONE',  ( 0.7071067811865460200, -1.277744513902808100E-016, 0.7071067811865490200 ) ) ;
#2275 = ORIENTED_EDGE ( 'NONE', *, *, #877, .T. ) ;
#2276 = SURFACE_SIDE_STYLE ('',( #3662 ) ) ;
#2277 = VECTOR ( 'NONE', #2262, 1000.000000000000000 ) ;
#2278 = CARTESIAN_POINT ( 'NONE',  ( 0.0000000000000000000, 1.700000000000000000, 0.0000000000000000000 ) ) ;
#2279 = VERTEX_POINT ( 'NONE', #3388 ) ;
#2280 = ORIENTED_EDGE ( 'NONE', *, *, #4201, .T. ) ;
#2281 = ORIENTED_EDGE ( 'NONE', *, *, #1059, .T. ) ;
#2282 = EDGE_CURVE ( 'NONE', #6972, #340, #5472, .T. ) ;
#2283 = EDGE_CURVE ( 'NONE', #3562, #6147, #1252, .T. ) ;
#2284 = CARTESIAN_POINT ( 'NONE',  ( 0.0000000000000000000, 0.0000000000000000000, 3.699999999999996600 ) ) ;
#2285 = AXIS2_PLACEMENT_3D ( 'NONE', #1810, #6699, #3455 ) ;
#2286 = AXIS2_PLACEMENT_3D ( 'NONE', #1726, #1753, #3402 ) ;
#2287 = LINE ( 'NONE', #5871, #766 ) ;
#2288 = ORIENTED_EDGE ( 'NONE', *, *, #1599, .T. ) ;
#2289 = ORIENTED_EDGE ( 'NONE', *, *, #5582, .T. ) ;
#2290 = PRESENTATION_LAYER_ASSIGNMENT (  '', '', ( #1553 ) ) ;
#2291 = CARTESIAN_POINT ( 'NONE',  ( 2.649000000000000500, 1.100000000000000100, 1.226000000000000000 ) ) ;
#2292 = FILL_AREA_STYLE_COLOUR ( '', #754 ) ;
#2293 = EDGE_CURVE ( 'NONE', #6339, #3584, #4044, .T. ) ;
#2294 = DIRECTION ( 'NONE',  ( -0.7071067811865493500, 0.0000000000000000000, 0.7071067811865455700 ) ) ;
#2295 = VECTOR ( 'NONE', #1838, 1000.000000000000000 ) ;
#2296 = ORIENTED_EDGE ( 'NONE', *, *, #6650, .F. ) ;
#2297 = VERTEX_POINT ( 'NONE', #7114 ) ;
#2298 = CARTESIAN_POINT ( 'NONE',  ( -1.625000000000000700, -0.4000000000000005200, 0.04999999999999980800 ) ) ;
#2299 = PRODUCT_RELATED_PRODUCT_CATEGORY ( 'part', '', ( #6884 ) ) ;
#2300 = ORIENTED_EDGE ( 'NONE', *, *, #2922, .F. ) ;
#2301 = DIRECTION ( 'NONE',  ( 2.891205793294679300E-016, -1.000000000000000000, 0.0000000000000000000 ) ) ;
#2302 = CARTESIAN_POINT ( 'NONE',  ( 0.4650000000000003600, -0.3750000000000001100, 0.6499999999999975800 ) ) ;
#2303 =( NAMED_UNIT ( * ) PLANE_ANGLE_UNIT ( ) SI_UNIT ( $, .RADIAN. ) );
#2304 = ADVANCED_FACE ( 'NONE', ( #3862 ), #4814, .T. ) ;
#2305 = DIRECTION ( 'NONE',  ( 0.0000000000000000000, -0.7071067811865441300, 0.7071067811865507900 ) ) ;
#2306 =( NAMED_UNIT ( * ) PLANE_ANGLE_UNIT ( ) SI_UNIT ( $, .RADIAN. ) );
#2307 = DIRECTION ( 'NONE',  ( 0.0000000000000000000, 0.0000000000000000000, 1.000000000000000000 ) ) ;
#2308 = VERTEX_POINT ( 'NONE', #7094 ) ;
#2309 = ORIENTED_EDGE ( 'NONE', *, *, #6507, .T. ) ;
#2310 = EDGE_LOOP ( 'NONE', ( #6760, #5423, #1860, #6194 ) ) ;
#2311 = CARTESIAN_POINT ( 'NONE',  ( 0.2000000000000003200, -1.100000000000000100, 0.2999999999999989900 ) ) ;
#2312 = PRESENTATION_STYLE_ASSIGNMENT (( #6272 ) ) ;
#2313 = FACE_OUTER_BOUND ( 'NONE', #1162, .T. ) ;
#2314 = VECTOR ( 'NONE', #3984, 1000.000000000000000 ) ;
#2315 = DIRECTION ( 'NONE',  ( 3.061276722312012500E-016, -0.0000000000000000000, 1.000000000000000000 ) ) ;
#2316 = VECTOR ( 'NONE', #160, 1000.000000000000000 ) ;
#2317 = LINE ( 'NONE', #718, #3965 ) ;
#2318 = VERTEX_POINT ( 'NONE', #6617 ) ;
#2319 = CIRCLE ( 'NONE', #3343, 0.05000000000000012800 ) ;
#2320 = SURFACE_STYLE_USAGE ( .BOTH. , #5597 ) ;
#2321 = ORIENTED_EDGE ( 'NONE', *, *, #3279, .T. ) ;
#2322 = EDGE_CURVE ( 'NONE', #5613, #384, #2395, .T. ) ;
#2323 = VECTOR ( 'NONE', #4380, 1000.000000000000000 ) ;
#2324 = VECTOR ( 'NONE', #5342, 1000.000000000000000 ) ;
#2325 = ORIENTED_EDGE ( 'NONE', *, *, #4482, .F. ) ;
#2326 = EDGE_CURVE ( 'NONE', #5220, #5916, #882, .T. ) ;
#2327 = DIRECTION ( 'NONE',  ( 0.0000000000000000000, 1.000000000000000000, -1.204669080539448900E-016 ) ) ;
#2328 = CARTESIAN_POINT ( 'NONE',  ( -2.819000000000000000, -1.100000000000000100, 1.056000000000000000 ) ) ;
#2329 = SURFACE_STYLE_FILL_AREA ( #3710 ) ;
#2330 = AXIS2_PLACEMENT_3D ( 'NONE', #4984, #6710, #6006 ) ;
#2331 = ORIENTED_EDGE ( 'NONE', *, *, #1863, .T. ) ;
#2332 = DIRECTION ( 'NONE',  ( 1.000000000000000000, 0.0000000000000000000, -2.304851557154560100E-017 ) ) ;
#2333 = FILL_AREA_STYLE ('',( #1769 ) ) ;
#2334 = DIRECTION ( 'NONE',  ( 6.776263578034385000E-016, 1.000000000000000000, -0.0000000000000000000 ) ) ;
#2335 = CIRCLE ( 'NONE', #5547, 0.05000000000000012800 ) ;
#2336 = CARTESIAN_POINT ( 'NONE',  ( 0.5500000000000008200, -0.6999999999999992900, 3.249999999999996000 ) ) ;
#2337 = EDGE_CURVE ( 'NONE', #7039, #291, #5105, .T. ) ;
#2338 = CARTESIAN_POINT ( 'NONE',  ( 2.125000000000000000, -0.8000000000000009300, 1.699999999999989700 ) ) ;
#2339 = EDGE_CURVE ( 'NONE', #1178, #4175, #6712, .T. ) ;
#2340 = LINE ( 'NONE', #765, #817 ) ;
#2341 = EDGE_LOOP ( 'NONE', ( #1205, #2100, #3410, #6330 ) ) ;
#2342 = EDGE_LOOP ( 'NONE', ( #6325, #2565, #2698, #6480 ) ) ;
#2343 = ADVANCED_FACE ( 'NONE', ( #3678 ), #3885, .F. ) ;
#2344 = DIRECTION ( 'NONE',  ( 1.000000000000000000, 0.0000000000000000000, 0.0000000000000000000 ) ) ;
#2345 = LINE ( 'NONE', #2043, #1012 ) ;
#2346 = AXIS2_PLACEMENT_3D ( 'NONE', #5536, #5853, #4431 ) ;
#2347 = ORIENTED_EDGE ( 'NONE', *, *, #702, .T. ) ;
#2348 = EDGE_LOOP ( 'NONE', ( #5596, #3449, #2353, #4598 ) ) ;
#2349 = AXIS2_PLACEMENT_3D ( 'NONE', #3741, #4803, #1544 ) ;
#2350 = VECTOR ( 'NONE', #248, 1000.000000000000000 ) ;
#2351 = UNCERTAINTY_MEASURE_WITH_UNIT (LENGTH_MEASURE( 1.000000000000000100E-005 ), #211, 'distance_accuracy_value', 'NONE');
#2352 = DIRECTION ( 'NONE',  ( -0.7071067811865466800, -0.7071067811865483500, -0.0000000000000000000 ) ) ;
#2353 = ORIENTED_EDGE ( 'NONE', *, *, #4201, .F. ) ;
#2354 = DIRECTION ( 'NONE',  ( 0.0000000000000000000, 0.0000000000000000000, 1.000000000000000000 ) ) ;
#2355 = PLANE ( 'NONE',  #1542 ) ;
#2356 = DIRECTION ( 'NONE',  ( -1.000000000000000000, 0.0000000000000000000, 0.0000000000000000000 ) ) ;
#2357 = LINE ( 'NONE', #6434, #835 ) ;
#2358 = EDGE_LOOP ( 'NONE', ( #684, #3049, #2814, #4133 ) ) ;
#2359 = ORIENTED_EDGE ( 'NONE', *, *, #5616, .T. ) ;
#2360 = CARTESIAN_POINT ( 'NONE',  ( 0.7850000000000003600, 0.2499999999999996700, 0.1799999999999966600 ) ) ;
#2361 = CARTESIAN_POINT ( 'NONE',  ( -3.145000000000000000, 1.100000000000000100, 1.529999999999999800 ) ) ;
#2362 =( NAMED_UNIT ( * ) SI_UNIT ( $, .STERADIAN. ) SOLID_ANGLE_UNIT ( ) );
#2363 = ORIENTED_EDGE ( 'NONE', *, *, #5779, .F. ) ;
#2364 = DIRECTION ( 'NONE',  ( 0.0000000000000000000, 1.000000000000000000, 0.0000000000000000000 ) ) ;
#2365 = PRESENTATION_STYLE_ASSIGNMENT (( #5432 ) ) ;
#2366 =( NAMED_UNIT ( * ) PLANE_ANGLE_UNIT ( ) SI_UNIT ( $, .RADIAN. ) );
#2367 = ORIENTED_EDGE ( 'NONE', *, *, #3622, .T. ) ;
#2368 = ORIENTED_EDGE ( 'NONE', *, *, #1814, .F. ) ;
#2369 = EDGE_CURVE ( 'NONE', #6372, #3347, #697, .T. ) ;
#2370 = CARTESIAN_POINT ( 'NONE',  ( -3.145000000000000000, 1.100000000000000100, 1.276000000000000000 ) ) ;
#2371 = CARTESIAN_POINT ( 'NONE',  ( -1.174999999999999400, 2.299999999999999800, 1.749999999999996400 ) ) ;
#2372 = DIRECTION ( 'NONE',  ( 0.0000000000000000000, -1.000000000000000000, 0.0000000000000000000 ) ) ;
#2373 = DIRECTION ( 'NONE',  ( -1.000000000000000000, -0.0000000000000000000, 3.061276722312012500E-016 ) ) ;
#2374 = CARTESIAN_POINT ( 'NONE',  ( -1.524999999999999500, 2.000000000000000000, 3.699999999999996600 ) ) ;
#2375 = VECTOR ( 'NONE', #4368, 1000.000000000000000 ) ;
#2376 = SURFACE_STYLE_USAGE ( .BOTH. , #5638 ) ;
#2377 = ADVANCED_FACE ( 'NONE', ( #2053 ), #5013, .T. ) ;
#2378 = EDGE_CURVE ( 'NONE', #3451, #449, #940, .T. ) ;
#2379 = EDGE_CURVE ( 'NONE', #706, #340, #2451, .T. ) ;
#2380 = DIRECTION ( 'NONE',  ( -1.000000000000000000, 0.0000000000000000000, 0.0000000000000000000 ) ) ;
#2381 = PLANE ( 'NONE',  #3874 ) ;
#2382 = CARTESIAN_POINT ( 'NONE',  ( -2.345000000000000200, -1.100000000000000100, 1.226000000000000000 ) ) ;
#2383 = AXIS2_PLACEMENT_3D ( 'NONE', #6943, #3059, #6289 ) ;
#2384 = COLOUR_RGB ( '',0.8000000000000000400, 0.8078431372549019800, 0.8000000000000000400 ) ;
#2385 = UNCERTAINTY_MEASURE_WITH_UNIT (LENGTH_MEASURE( 1.000000000000000100E-005 ), #5996, 'distance_accuracy_value', 'NONE');
#2386 = VECTOR ( 'NONE', #1111, 1000.000000000000000 ) ;
#2387 = ORIENTED_EDGE ( 'NONE', *, *, #1997, .T. ) ;
#2388 = CARTESIAN_POINT ( 'NONE',  ( -1.585666666666662100, 0.1333333333333424900, 1.533333333333333700 ) ) ;
#2389 = ORIENTED_EDGE ( 'NONE', *, *, #2601, .F. ) ;
#2390 = CARTESIAN_POINT ( 'NONE',  ( 3.624999999999999600, 1.700000000000000000, 0.7999999999999976000 ) ) ;
#2391 = MECHANICAL_DESIGN_GEOMETRIC_PRESENTATION_REPRESENTATION (  '', ( #1262 ), #2765 ) ;
#2392 = CARTESIAN_POINT ( 'NONE',  ( 2.345000000000000200, -0.8799999999999986700, 1.529999999999999800 ) ) ;
#2393 = FACE_OUTER_BOUND ( 'NONE', #5062, .T. ) ;
#2394 = VERTEX_POINT ( 'NONE', #13 ) ;
#2395 = LINE ( 'NONE', #6572, #6545 ) ;
#2396 = FACE_OUTER_BOUND ( 'NONE', #6307, .T. ) ;
#2397 = DIRECTION ( 'NONE',  ( 0.0000000000000000000, -1.204669080539448900E-016, -1.000000000000000000 ) ) ;
#2398 = CARTESIAN_POINT ( 'NONE',  ( -0.4649999999999996400, -0.6250000000000003300, 0.2999999999999964900 ) ) ;
#2399 = EDGE_LOOP ( 'NONE', ( #532, #6239, #6335, #4179 ) ) ;
#2400 = LINE ( 'NONE', #4707, #3683 ) ;
#2401 = ORIENTED_EDGE ( 'NONE', *, *, #800, .F. ) ;
#2402 = DIRECTION ( 'NONE',  ( -1.000000000000000000, -0.0000000000000000000, -0.0000000000000000000 ) ) ;
#2403 = CARTESIAN_POINT ( 'NONE',  ( -2.819000000000000800, -1.100000000000000100, 0.3000000000000002100 ) ) ;
#2404 = CARTESIAN_POINT ( 'NONE',  ( 3.624999999999999600, 1.700000000000000000, 2.200000000000000200 ) ) ;
#2405 = ORIENTED_EDGE ( 'NONE', *, *, #5987, .F. ) ;
#2406 = CARTESIAN_POINT ( 'NONE',  ( 0.7850000000000003600, -0.2500000000000006700, 3.999999999999993300 ) ) ;
#2407 = ORIENTED_EDGE ( 'NONE', *, *, #1392, .F. ) ;
#2408 =( NAMED_UNIT ( * ) PLANE_ANGLE_UNIT ( ) SI_UNIT ( $, .RADIAN. ) );
#2409 = VECTOR ( 'NONE', #18, 1000.000000000000000 ) ;
#2410 = LINE ( 'NONE', #3300, #6394 ) ;
#2411 = EDGE_CURVE ( 'NONE', #881, #6437, #5344, .T. ) ;
#2412 = ADVANCED_FACE ( 'NONE', ( #3742 ), #1365, .T. ) ;
#2413 =( NAMED_UNIT ( * ) SI_UNIT ( $, .STERADIAN. ) SOLID_ANGLE_UNIT ( ) );
#2414 = FACE_OUTER_BOUND ( 'NONE', #2172, .T. ) ;
#2415 = EDGE_LOOP ( 'NONE', ( #3976, #3248, #3376, #3669 ) ) ;
#2416 = CARTESIAN_POINT ( 'NONE',  ( -3.145000000000000000, 1.200000000000000000, 1.529999999999999800 ) ) ;
#2417 = CARTESIAN_POINT ( 'NONE',  ( 3.824999999999999700, 0.9000000000000000200, 0.2539999999999999500 ) ) ;
#2418 = VECTOR ( 'NONE', #1889, 1000.000000000000000 ) ;
#2419 = CARTESIAN_POINT ( 'NONE',  ( -0.4649999999999996400, 0.4249999999999998200, 3.499999999999981300 ) ) ;
#2420 = CARTESIAN_POINT ( 'NONE',  ( 1.175000000000001200, 1.700000000000000400, 3.399999999999995900 ) ) ;
#2421 = CARTESIAN_POINT ( 'NONE',  ( -1.625000000000000700, 2.600000000000000100, 0.04999999999999980800 ) ) ;
#2422 = DIRECTION ( 'NONE',  ( 0.0000000000000000000, -1.000000000000000000, 0.0000000000000000000 ) ) ;
#2423 = EDGE_CURVE ( 'NONE', #3236, #3821, #5932, .T. ) ;
#2424 = ORIENTED_EDGE ( 'NONE', *, *, #1193, .T. ) ;
#2425 = EDGE_CURVE ( 'NONE', #5171, #6350, #3227, .T. ) ;
#2426 = ORIENTED_EDGE ( 'NONE', *, *, #3215, .T. ) ;
#2427 = CIRCLE ( 'NONE', #1499, 0.3039999999999999900 ) ;
#2428 = PRODUCT_DEFINITION_CONTEXT ( 'detailed design', #1033, 'design' ) ;
#2429 = CARTESIAN_POINT ( 'NONE',  ( 0.7850000000000003600, -0.1500000000000003000, 0.1799999999999965800 ) ) ;
#2430 = ORIENTED_EDGE ( 'NONE', *, *, #3700, .F. ) ;
#2431 = FILL_AREA_STYLE_COLOUR ( '', #6496 ) ;
#2432 = LINE ( 'NONE', #738, #3720 ) ;
#2433 = EDGE_CURVE ( 'NONE', #2936, #1099, #209, .T. ) ;
#2434 = VECTOR ( 'NONE', #1047, 1000.000000000000000 ) ;
#2435 = ORIENTED_EDGE ( 'NONE', *, *, #5879, .T. ) ;
#2436 = STYLED_ITEM ( 'NONE', ( #1880 ), #7127 ) ;
#2437 = AXIS2_PLACEMENT_3D ( 'NONE', #5140, #2466, #4423 ) ;
#2438 = ORIENTED_EDGE ( 'NONE', *, *, #5151, .F. ) ;
#2439 = CARTESIAN_POINT ( 'NONE',  ( 2.125000000000000000, 1.700000000000000000, 2.400000000000001200 ) ) ;
#2440 = AXIS2_PLACEMENT_3D ( 'NONE', #5261, #2002, #5800 ) ;
#2441 = CIRCLE ( 'NONE', #4196, 0.05000000000000012800 ) ;
#2442 = DIRECTION ( 'NONE',  ( 0.0000000000000000000, 1.000000000000000000, 0.0000000000000000000 ) ) ;
#2443 = FILL_AREA_STYLE_COLOUR ( '', #1765 ) ;
#2444 = VECTOR ( 'NONE', #4351, 1000.000000000000000 ) ;
#2445 = CARTESIAN_POINT ( 'NONE',  ( 2.325000000000000200, 1.399999999999999200, 2.200000000000000200 ) ) ;
#2446 = PLANE ( 'NONE',  #7044 ) ;
#2447 = ADVANCED_FACE ( 'NONE', ( #4489 ), #2586, .F. ) ;
#2448 = VERTEX_POINT ( 'NONE', #2591 ) ;
#2449 = EDGE_LOOP ( 'NONE', ( #2642, #696, #6316, #5310 ) ) ;
#2450 = CARTESIAN_POINT ( 'NONE',  ( -0.4649999999999996400, 3.000000000000000000, 0.4499999999999998400 ) ) ;
#2451 = LINE ( 'NONE', #6049, #5164 ) ;
#2452 = CARTESIAN_POINT ( 'NONE',  ( 2.345000000000000200, 1.100000000000000100, 1.226000000000000000 ) ) ;
#2453 = PLANE ( 'NONE',  #5308 ) ;
#2454 = CARTESIAN_POINT ( 'NONE',  ( -0.4649999999999996400, 2.500000000000000000, -1.084202172485504400E-016 ) ) ;
#2455 = DIRECTION ( 'NONE',  ( 0.0000000000000000000, 0.0000000000000000000, 1.000000000000000000 ) ) ;
#2456 = CARTESIAN_POINT ( 'NONE',  ( 2.599000000000000200, 1.200000000000000000, 1.275999999999999800 ) ) ;
#2457 = ORIENTED_EDGE ( 'NONE', *, *, #5482, .T. ) ;
#2458 = ORIENTED_EDGE ( 'NONE', *, *, #3291, .T. ) ;
#2459 = DIRECTION ( 'NONE',  ( -0.0000000000000000000, -1.000000000000000000, -0.0000000000000000000 ) ) ;
#2460 = CARTESIAN_POINT ( 'NONE',  ( -1.625000000000000700, 2.600000000000000100, 0.04999999999999980800 ) ) ;
#2461 = SURFACE_STYLE_USAGE ( .BOTH. , #1946 ) ;
#2462 = LINE ( 'NONE', #5856, #3553 ) ;
#2463 = DIRECTION ( 'NONE',  ( -0.0000000000000000000, -1.000000000000000000, -0.0000000000000000000 ) ) ;
#2464 = ORIENTED_EDGE ( 'NONE', *, *, #4608, .F. ) ;
#2465 = EDGE_CURVE ( 'NONE', #5750, #5998, #4340, .T. ) ;
#2466 = DIRECTION ( 'NONE',  ( 0.0000000000000000000, 1.000000000000000000, 0.0000000000000000000 ) ) ;
#2467 = VERTEX_POINT ( 'NONE', #2774 ) ;
#2468 = CARTESIAN_POINT ( 'NONE',  ( -1.524999999999999500, 1.700000000000000200, 1.749999999999996400 ) ) ;
#2469 =( NAMED_UNIT ( * ) SI_UNIT ( $, .STERADIAN. ) SOLID_ANGLE_UNIT ( ) );
#2470 = VECTOR ( 'NONE', #1994, 1000.000000000000000 ) ;
#2471 = AXIS2_PLACEMENT_3D ( 'NONE', #3144, #5320, #4713 ) ;
#2472 = VECTOR ( 'NONE', #1260, 1000.000000000000000 ) ;
#2473 = EDGE_CURVE ( 'NONE', #5029, #736, #7024, .T. ) ;
#2474 = SURFACE_STYLE_FILL_AREA ( #2333 ) ;
#2475 = EDGE_CURVE ( 'NONE', #5613, #219, #1399, .T. ) ;
#2476 =( NAMED_UNIT ( * ) SI_UNIT ( $, .STERADIAN. ) SOLID_ANGLE_UNIT ( ) );
#2477 = ORIENTED_EDGE ( 'NONE', *, *, #6028, .F. ) ;
#2478 = SURFACE_SIDE_STYLE ('',( #740 ) ) ;
#2479 = AXIS2_PLACEMENT_3D ( 'NONE', #1965, #5772, #2536 ) ;
#2480 = PRESENTATION_LAYER_ASSIGNMENT (  '', '', ( #1734 ) ) ;
#2481 = ORIENTED_EDGE ( 'NONE', *, *, #5716, .T. ) ;
#2482 = VECTOR ( 'NONE', #386, 1000.000000000000000 ) ;
#2483 = ADVANCED_FACE ( 'NONE', ( #2706 ), #2913, .F. ) ;
#2484 = ORIENTED_EDGE ( 'NONE', *, *, #2611, .F. ) ;
#2485 = UNCERTAINTY_MEASURE_WITH_UNIT (LENGTH_MEASURE( 1.000000000000000100E-005 ), #2834, 'distance_accuracy_value', 'NONE');
#2486 = LINE ( 'NONE', #1836, #976 ) ;
#2487 = SURFACE_SIDE_STYLE ('',( #5198 ) ) ;
#2488 = DIRECTION ( 'NONE',  ( -0.7071067811865493500, 0.0000000000000000000, -0.7071067811865455700 ) ) ;
#2489 = ORIENTED_EDGE ( 'NONE', *, *, #4319, .F. ) ;
#2490 = VECTOR ( 'NONE', #3154, 1000.000000000000000 ) ;
#2491 = VERTEX_POINT ( 'NONE', #1781 ) ;
#2492 = ORIENTED_EDGE ( 'NONE', *, *, #848, .T. ) ;
#2493 =( NAMED_UNIT ( * ) SI_UNIT ( $, .STERADIAN. ) SOLID_ANGLE_UNIT ( ) );
#2494 = LINE ( 'NONE', #1517, #6633 ) ;
#2495 = DIRECTION ( 'NONE',  ( 0.0000000000000000000, -1.000000000000000000, -0.0000000000000000000 ) ) ;
#2496 = VECTOR ( 'NONE', #127, 1000.000000000000000 ) ;
#2497 = CARTESIAN_POINT ( 'NONE',  ( -2.599000000000000200, -1.100000000000000100, 1.226000000000000000 ) ) ;
#2498 =( GEOMETRIC_REPRESENTATION_CONTEXT ( 3 ) GLOBAL_UNCERTAINTY_ASSIGNED_CONTEXT ( ( #5066 ) ) GLOBAL_UNIT_ASSIGNED_CONTEXT ( ( #3867, #496, #4404 ) ) REPRESENTATION_CONTEXT ( 'NONE', 'WORKASPACE' ) );
#2499 = CARTESIAN_POINT ( 'NONE',  ( 2.125000000000000900, 2.299999999999999400, 1.749999999999996400 ) ) ;
#2500 = VECTOR ( 'NONE', #5116, 1000.000000000000000 ) ;
#2501 = LINE ( 'NONE', #2416, #6466 ) ;
#2502 =( NAMED_UNIT ( * ) SI_UNIT ( $, .STERADIAN. ) SOLID_ANGLE_UNIT ( ) );
#2504 = ORIENTED_EDGE ( 'NONE', *, *, #4909, .F. ) ;
#2503 = DIRECTION ( 'NONE',  ( 0.5773502691896261800, 0.5773502691896261800, 0.5773502691896249500 ) ) ;
#2505 = DIRECTION ( 'NONE',  ( 0.0000000000000000000, -0.0000000000000000000, 1.000000000000000000 ) ) ;
#2506 = CARTESIAN_POINT ( 'NONE',  ( -0.6849999999999993900, -0.2500000000000006700, 3.999999999999993300 ) ) ;
#2507 = LINE ( 'NONE', #444, #6646 ) ;
#2508 = VECTOR ( 'NONE', #871, 1000.000000000000000 ) ;
#2509 = DIRECTION ( 'NONE',  ( 0.0000000000000000000, 0.0000000000000000000, 1.000000000000000000 ) ) ;
#2510 = FILL_AREA_STYLE ('',( #2431 ) ) ;
#2511 = VERTEX_POINT ( 'NONE', #5040 ) ;
#2512 = VECTOR ( 'NONE', #6364, 1000.000000000000000 ) ;
#2513 = ORIENTED_EDGE ( 'NONE', *, *, #5335, .T. ) ;
#2514 = COLOUR_RGB ( '',0.8000000000000000400, 0.8078431372549019800, 0.8000000000000000400 ) ;
#2515 = LINE ( 'NONE', #1742, #1002 ) ;
#2516 = DIRECTION ( 'NONE',  ( 0.0000000000000000000, 0.0000000000000000000, -1.000000000000000000 ) ) ;
#2517 =( LENGTH_UNIT ( ) NAMED_UNIT ( * ) SI_UNIT ( .MILLI., .METRE. ) );
#2518 = CARTESIAN_POINT ( 'NONE',  ( -0.4649999999999996400, 3.100000000000000100, 0.3499999999999989800 ) ) ;
#2519 = LINE ( 'NONE', #5081, #5414 ) ;
#2520 = ORIENTED_EDGE ( 'NONE', *, *, #907, .T. ) ;
#2521 = CARTESIAN_POINT ( 'NONE',  ( 0.7850000000000003600, -0.3750000000000005600, 3.999999999999993300 ) ) ;
#2522 = VECTOR ( 'NONE', #4217, 1000.000000000000100 ) ;
#2523 = ORIENTED_EDGE ( 'NONE', *, *, #1679, .F. ) ;
#2524 = DIRECTION ( 'NONE',  ( -0.0000000000000000000, 1.000000000000000000, 0.0000000000000000000 ) ) ;
#2525 = DIRECTION ( 'NONE',  ( 0.0000000000000000000, -1.000000000000000000, 0.0000000000000000000 ) ) ;
#2526 = CARTESIAN_POINT ( 'NONE',  ( -3.145000000000000000, -1.100000000000000100, 1.276000000000000000 ) ) ;
#2527 = EDGE_CURVE ( 'NONE', #5737, #6623, #1216, .T. ) ;
#2528 = EDGE_CURVE ( 'NONE', #4375, #3537, #5765, .T. ) ;
#2529 = VECTOR ( 'NONE', #2354, 1000.000000000000000 ) ;
#2530 = ADVANCED_FACE ( 'NONE', ( #1036 ), #6211, .T. ) ;
#2531 = VERTEX_POINT ( 'NONE', #5742 ) ;
#2532 = ORIENTED_EDGE ( 'NONE', *, *, #1339, .F. ) ;
#2533 = VECTOR ( 'NONE', #4492, 1000.000000000000000 ) ;
#2534 = ORIENTED_EDGE ( 'NONE', *, *, #5455, .T. ) ;
#2535 =( GEOMETRIC_REPRESENTATION_CONTEXT ( 3 ) GLOBAL_UNCERTAINTY_ASSIGNED_CONTEXT ( ( #6506 ) ) GLOBAL_UNIT_ASSIGNED_CONTEXT ( ( #5026, #5272, #5533 ) ) REPRESENTATION_CONTEXT ( 'NONE', 'WORKASPACE' ) );
#2536 = DIRECTION ( 'NONE',  ( 0.0000000000000000000, 0.0000000000000000000, 1.000000000000000000 ) ) ;
#2537 = CARTESIAN_POINT ( 'NONE',  ( -0.5499999999999994900, 3.673118842698620300, 2.099999999999996100 ) ) ;
#2538 = PLANE ( 'NONE',  #4358 ) ;
#2539 = AXIS2_PLACEMENT_3D ( 'NONE', #2450, #2397, #2327 ) ;
#2540 = ORIENTED_EDGE ( 'NONE', *, *, #7007, .F. ) ;
#2541 = ORIENTED_EDGE ( 'NONE', *, *, #6717, .F. ) ;
#2542 = VECTOR ( 'NONE', #1396, 1000.000000000000000 ) ;
#2543 = EDGE_CURVE ( 'NONE', #3470, #3264, #6854, .T. ) ;
#2544 = COLOUR_RGB ( '',0.8000000000000000400, 0.8078431372549019800, 0.8000000000000000400 ) ;
#2545 = ORIENTED_EDGE ( 'NONE', *, *, #3851, .T. ) ;
#2546 = PLANE ( 'NONE',  #2440 ) ;
#2547 = LINE ( 'NONE', #3397, #3831 ) ;
#2548 = ORIENTED_EDGE ( 'NONE', *, *, #6244, .F. ) ;
#2549 = LINE ( 'NONE', #6502, #6691 ) ;
#2550 = CARTESIAN_POINT ( 'NONE',  ( 2.124999999999999600, -1.100000000000000300, 0.04999999999999867100 ) ) ;
#2551 = DIRECTION ( 'NONE',  ( 0.0000000000000000000, 1.000000000000000000, 4.336808689942013800E-015 ) ) ;
#2552 = DIRECTION ( 'NONE',  ( 0.0000000000000000000, 0.7071067811865441300, -0.7071067811865507900 ) ) ;
#2553 = EDGE_CURVE ( 'NONE', #4493, #6945, #2547, .T. ) ;
#2554 = DIRECTION ( 'NONE',  ( -1.000000000000000000, -0.0000000000000000000, 3.061276722312012500E-016 ) ) ;
#2555 = SURFACE_STYLE_FILL_AREA ( #212 ) ;
#2556 = EDGE_LOOP ( 'NONE', ( #6456, #5281, #2389, #1799 ) ) ;
#2557 = ADVANCED_FACE ( 'NONE', ( #5249 ), #6832, .T. ) ;
#2558 = FILL_AREA_STYLE ('',( #841 ) ) ;
#2559 = CARTESIAN_POINT ( 'NONE',  ( -0.0000000000000000000, 0.4249999999999998200, 0.6499999999999993600 ) ) ;
#2560 = LINE ( 'NONE', #5076, #3845 ) ;
#2561 = EDGE_CURVE ( 'NONE', #6772, #4901, #6512, .T. ) ;
#2562 = VECTOR ( 'NONE', #3320, 1000.000000000000100 ) ;
#2563 = EDGE_CURVE ( 'NONE', #4223, #3289, #843, .T. ) ;
#2564 = CARTESIAN_POINT ( 'NONE',  ( 3.124999999999999100, 1.700000000000000000, 0.2999999999999999300 ) ) ;
#2565 = ORIENTED_EDGE ( 'NONE', *, *, #3648, .F. ) ;
#2566 = CARTESIAN_POINT ( 'NONE',  ( -0.4649999999999996400, 2.350000000000002800, 0.6499999999999993600 ) ) ;
#2567 = DIRECTION ( 'NONE',  ( 0.0000000000000000000, -1.000000000000000000, -0.0000000000000000000 ) ) ;
#2568 = PRESENTATION_LAYER_ASSIGNMENT (  '', '', ( #1818 ) ) ;
#2569 = VERTEX_POINT ( 'NONE', #4525 ) ;
#2570 = EDGE_CURVE ( 'NONE', #5941, #5690, #659, .T. ) ;
#2571 = DIRECTION ( 'NONE',  ( 0.0000000000000000000, 0.0000000000000000000, 1.000000000000000000 ) ) ;
#2572 =( NAMED_UNIT ( * ) PLANE_ANGLE_UNIT ( ) SI_UNIT ( $, .RADIAN. ) );
#2573 = VECTOR ( 'NONE', #6860, 1000.000000000000000 ) ;
#2574 = DIRECTION ( 'NONE',  ( -1.000000000000000000, 0.0000000000000000000, 3.252606517456510300E-016 ) ) ;
#2575 = AXIS2_PLACEMENT_3D ( 'NONE', #4018, #4527, #1235 ) ;
#2576 = VECTOR ( 'NONE', #5006, 1000.000000000000000 ) ;
#2577 = AXIS2_PLACEMENT_3D ( 'NONE', #3313, #3707, #4647 ) ;
#2578 = VECTOR ( 'NONE', #3339, 1000.000000000000000 ) ;
#2579 = LINE ( 'NONE', #6891, #6548 ) ;
#2580 = DIRECTION ( 'NONE',  ( 1.495451272393799300E-016, 0.0000000000000000000, 1.000000000000000000 ) ) ;
#2581 = ORIENTED_EDGE ( 'NONE', *, *, #6495, .T. ) ;
#2582 = VERTEX_POINT ( 'NONE', #2028 ) ;
#2583 = CARTESIAN_POINT ( 'NONE',  ( 1.175000000000001200, 1.700000000000000400, 1.749999999999996400 ) ) ;
#2584 = LINE ( 'NONE', #4443, #5297 ) ;
#2585 = LINE ( 'NONE', #6509, #891 ) ;
#2586 = PLANE ( 'NONE',  #1830 ) ;
#2587 = LINE ( 'NONE', #2761, #900 ) ;
#2588 = ORIENTED_EDGE ( 'NONE', *, *, #5446, .T. ) ;
#2589 = EDGE_LOOP ( 'NONE', ( #6091, #3758, #1238, #3129 ) ) ;
#2590 = FACE_OUTER_BOUND ( 'NONE', #3688, .T. ) ;
#2591 = CARTESIAN_POINT ( 'NONE',  ( -3.324999999999999700, 1.399999999999999900, 1.699999999999989700 ) ) ;
#2592 = COLOUR_RGB ( '',0.8000000000000000400, 0.8078431372549019800, 0.8000000000000000400 ) ;
#2593 = PLANE ( 'NONE',  #4653 ) ;
#2594 = ORIENTED_EDGE ( 'NONE', *, *, #6541, .T. ) ;
#2595 = DIRECTION ( 'NONE',  ( 0.0000000000000000000, -0.7071067811865509000, -0.7071067811865442400 ) ) ;
#2596 = DIRECTION ( 'NONE',  ( 0.0000000000000000000, -0.0000000000000000000, 1.000000000000000000 ) ) ;
#2597 = LINE ( 'NONE', #2926, #6748 ) ;
#2598 = ORIENTED_EDGE ( 'NONE', *, *, #1652, .F. ) ;
#2599 = ADVANCED_FACE ( 'NONE', ( #4891 ), #1055, .T. ) ;
#2600 = ORIENTED_EDGE ( 'NONE', *, *, #848, .F. ) ;
#2601 = EDGE_CURVE ( 'NONE', #711, #3051, #5843, .T. ) ;
#2602 = ORIENTED_EDGE ( 'NONE', *, *, #2232, .T. ) ;
#2603 = DIRECTION ( 'NONE',  ( 0.0000000000000000000, -0.0000000000000000000, -1.000000000000000000 ) ) ;
#2604 = LINE ( 'NONE', #5712, #6576 ) ;
#2605 = DIRECTION ( 'NONE',  ( 0.0000000000000000000, 0.0000000000000000000, 1.000000000000000000 ) ) ;
#2606 = DIRECTION ( 'NONE',  ( 0.0000000000000000000, -1.000000000000000000, 0.0000000000000000000 ) ) ;
#2607 = ORIENTED_EDGE ( 'NONE', *, *, #4968, .T. ) ;
#2608 = FILL_AREA_STYLE_COLOUR ( '', #3979 ) ;
#2609 = PLANE ( 'NONE',  #4689 ) ;
#2610 = VECTOR ( 'NONE', #4140, 1000.000000000000000 ) ;
#2611 = EDGE_CURVE ( 'NONE', #962, #3278, #112, .T. ) ;
#2612 = EDGE_CURVE ( 'NONE', #3750, #6344, #4408, .T. ) ;
#2613 = VECTOR ( 'NONE', #1001, 1000.000000000000000 ) ;
#2614 = AXIS2_PLACEMENT_3D ( 'NONE', #735, #4600, #1317 ) ;
#2615 = DIRECTION ( 'NONE',  ( -0.7071067811865460200, 0.0000000000000000000, -0.7071067811865490200 ) ) ;
#2616 = LINE ( 'NONE', #844, #1117 ) ;
#2617 = FILL_AREA_STYLE_COLOUR ( '', #4063 ) ;
#2618 =( GEOMETRIC_REPRESENTATION_CONTEXT ( 3 ) GLOBAL_UNCERTAINTY_ASSIGNED_CONTEXT ( ( #1498 ) ) GLOBAL_UNIT_ASSIGNED_CONTEXT ( ( #7106, #3893, #526 ) ) REPRESENTATION_CONTEXT ( 'NONE', 'WORKASPACE' ) );
#2619 = ORIENTED_EDGE ( 'NONE', *, *, #660, .T. ) ;
#2620 =( NAMED_UNIT ( * ) SI_UNIT ( $, .STERADIAN. ) SOLID_ANGLE_UNIT ( ) );
#2621 = DIRECTION ( 'NONE',  ( 0.5773502691896249500, 0.5773502691896272900, 0.5773502691896249500 ) ) ;
#2622 = CARTESIAN_POINT ( 'NONE',  ( 1.175000000000001200, 2.299999999999999800, 1.749999999999996400 ) ) ;
#2623 = VERTEX_POINT ( 'NONE', #1981 ) ;
#2624 = DIRECTION ( 'NONE',  ( 0.0000000000000000000, 0.0000000000000000000, -1.000000000000000000 ) ) ;
#2625 = DIRECTION ( 'NONE',  ( 0.0000000000000000000, 0.0000000000000000000, 1.000000000000000000 ) ) ;
#2627 = ADVANCED_FACE ( 'NONE', ( #2791 ), #4691, .F. ) ;
#2626 = PLANE ( 'NONE',  #4972 ) ;
#2628 = CARTESIAN_POINT ( 'NONE',  ( 4.237000000000002800, -0.4879999999999951600, 0.2539999999999999500 ) ) ;
#2629 = LINE ( 'NONE', #4728, #949 ) ;
#2630 = VERTEX_POINT ( 'NONE', #3004 ) ;
#2631 = LINE ( 'NONE', #3617, #1137 ) ;
#2632 = CARTESIAN_POINT ( 'NONE',  ( 0.7850000000000003600, 0.4249999999999998200, 3.999999999999993300 ) ) ;
#2633 = DIRECTION ( 'NONE',  ( 0.0000000000000000000, -2.258754526011467700E-016, 1.000000000000000000 ) ) ;
#2634 = VECTOR ( 'NONE', #57, 1000.000000000000000 ) ;
#2635 = VERTEX_POINT ( 'NONE', #2398 ) ;
#2636 = ORIENTED_EDGE ( 'NONE', *, *, #3323, .F. ) ;
#2637 = DIRECTION ( 'NONE',  ( -0.0000000000000000000, -0.0000000000000000000, -1.000000000000000000 ) ) ;
#2638 = EDGE_LOOP ( 'NONE', ( #1690, #6470, #3043, #2006 ) ) ;
#2639 = EDGE_LOOP ( 'NONE', ( #547, #6858, #1429, #6446, #3107, #349 ) ) ;
#2640 = VECTOR ( 'NONE', #1750, 1000.000000000000000 ) ;
#2641 = SURFACE_STYLE_FILL_AREA ( #1582 ) ;
#2642 = ORIENTED_EDGE ( 'NONE', *, *, #6964, .F. ) ;
#2643 =( NAMED_UNIT ( * ) SI_UNIT ( $, .STERADIAN. ) SOLID_ANGLE_UNIT ( ) );
#2644 = CARTESIAN_POINT ( 'NONE',  ( 3.824999999999999700, 0.9000000000000000200, 0.2539999999999999500 ) ) ;
#2645 = EDGE_CURVE ( 'NONE', #5047, #5575, #4261, .T. ) ;
#2646 = LINE ( 'NONE', #5899, #2482 ) ;
#2647 = DIRECTION ( 'NONE',  ( -1.000000000000000000, 1.807003620809174400E-016, 0.0000000000000000000 ) ) ;
#2648 = EDGE_CURVE ( 'NONE', #4194, #3917, #1302, .T. ) ;
#2649 = LINE ( 'NONE', #7010, #1159 ) ;
#2650 = STYLED_ITEM ( 'NONE', ( #5909 ), #1381 ) ;
#2651 = CYLINDRICAL_SURFACE ( 'NONE', #3176, 0.05000000000000002400 ) ;
#2652 = MECHANICAL_DESIGN_GEOMETRIC_PRESENTATION_REPRESENTATION (  '', ( #1553 ), #3037 ) ;
#2653 = VERTEX_POINT ( 'NONE', #5022 ) ;
#2654 = CARTESIAN_POINT ( 'NONE',  ( -0.4649999999999996400, 0.3499999999999997000, 3.999999999999993300 ) ) ;
#2655 = LINE ( 'NONE', #2272, #1168 ) ;
#2656 = FILL_AREA_STYLE_COLOUR ( '', #2544 ) ;
#2657 = LINE ( 'NONE', #674, #5387 ) ;
#2658 = EDGE_CURVE ( 'NONE', #2981, #1806, #2616, .T. ) ;
#2659 = ORIENTED_EDGE ( 'NONE', *, *, #4953, .F. ) ;
#2660 = CARTESIAN_POINT ( 'NONE',  ( 3.624999999999999600, -1.100000000000000100, 0.7999999999999976000 ) ) ;
#2661 = VECTOR ( 'NONE', #723, 1000.000000000000000 ) ;
#2662 = CARTESIAN_POINT ( 'NONE',  ( -1.524999999999999900, 0.09999999999999982500, 1.749999999999996400 ) ) ;
#2663 = LINE ( 'NONE', #3959, #5390 ) ;
#2664 = EDGE_LOOP ( 'NONE', ( #6482, #4658, #3172, #3994 ) ) ;
#2665 = ORIENTED_EDGE ( 'NONE', *, *, #7083, .F. ) ;
#2666 = ADVANCED_FACE ( 'NONE', ( #2962 ), #1939, .T. ) ;
#2667 = ORIENTED_EDGE ( 'NONE', *, *, #2553, .F. ) ;
#2668 = ORIENTED_EDGE ( 'NONE', *, *, #508, .T. ) ;
#2669 = AXIS2_PLACEMENT_3D ( 'NONE', #861, #4722, #1457 ) ;
#2670 = LINE ( 'NONE', #5286, #2508 ) ;
#2671 = CARTESIAN_POINT ( 'NONE',  ( -0.7849999999999997000, 2.549999999999999800, 0.4499999999999999000 ) ) ;
#2672 = CARTESIAN_POINT ( 'NONE',  ( -2.124999999999999100, -1.100000000000000100, 4.699999999999995700 ) ) ;
#2673 =( NAMED_UNIT ( * ) SI_UNIT ( $, .STERADIAN. ) SOLID_ANGLE_UNIT ( ) );
#2674 = VERTEX_POINT ( 'NONE', #6027 ) ;
#2675 = LINE ( 'NONE', #7134, #2512 ) ;
#2676 = VERTEX_POINT ( 'NONE', #3032 ) ;
#2677 = CARTESIAN_POINT ( 'NONE',  ( 2.325000000000000200, 1.700000000000000000, 2.200000000000000200 ) ) ;
#2678 = LINE ( 'NONE', #4445, #6830 ) ;
#2679 = CARTESIAN_POINT ( 'NONE',  ( 0.0000000000000000000, 0.0000000000000000000, 0.0000000000000000000 ) ) ;
#2680 = CARTESIAN_POINT ( 'NONE',  ( -2.124999999999999100, 2.299999999999999800, 1.749999999999996400 ) ) ;
#2681 = VERTEX_POINT ( 'NONE', #5753 ) ;
#2682 = PLANE ( 'NONE',  #5256 ) ;
#2683 = ORIENTED_EDGE ( 'NONE', *, *, #5089, .T. ) ;
#2684 = FILL_AREA_STYLE ('',( #1840 ) ) ;
#2685 = ORIENTED_EDGE ( 'NONE', *, *, #33, .F. ) ;
#2686 = LINE ( 'NONE', #3664, #7005 ) ;
#2687 = UNCERTAINTY_MEASURE_WITH_UNIT (LENGTH_MEASURE( 1.000000000000000100E-005 ), #5548, 'distance_accuracy_value', 'NONE');
#2688 = PLANE ( 'NONE',  #4603 ) ;
#2689 =( NAMED_UNIT ( * ) PLANE_ANGLE_UNIT ( ) SI_UNIT ( $, .RADIAN. ) );
#2690 = DIRECTION ( 'NONE',  ( 1.000000000000000000, -6.195440985631608200E-016, -0.0000000000000000000 ) ) ;
#2691 = LINE ( 'NONE', #4134, #7008 ) ;
#2692 = ORIENTED_EDGE ( 'NONE', *, *, #5650, .T. ) ;
#2693 = ORIENTED_EDGE ( 'NONE', *, *, #6820, .T. ) ;
#2694 = LINE ( 'NONE', #4621, #5427 ) ;
#2695 = EDGE_CURVE ( 'NONE', #6369, #3635, #4097, .T. ) ;
#2696 = CARTESIAN_POINT ( 'NONE',  ( -0.4649999999999996400, 2.999999999999999600, -1.761828530288944700E-016 ) ) ;
#2697 = EDGE_CURVE ( 'NONE', #6945, #6869, #6940, .T. ) ;
#2698 = ORIENTED_EDGE ( 'NONE', *, *, #1915, .T. ) ;
#2699 =( NAMED_UNIT ( * ) PLANE_ANGLE_UNIT ( ) SI_UNIT ( $, .RADIAN. ) );
#2700 = LINE ( 'NONE', #1187, #6675 ) ;
#2701 = LINE ( 'NONE', #3863, #1213 ) ;
#2703 = ADVANCED_FACE ( 'NONE', ( #5334 ), #3192, .T. ) ;
#2702 =( LENGTH_UNIT ( ) NAMED_UNIT ( * ) SI_UNIT ( .MILLI., .METRE. ) );
#2704 = SURFACE_SIDE_STYLE ('',( #6148 ) ) ;
#2705 = EDGE_CURVE ( 'NONE', #5041, #4772, #5159, .T. ) ;
#2706 = FACE_OUTER_BOUND ( 'NONE', #5886, .T. ) ;
#2707 = EDGE_CURVE ( 'NONE', #1473, #6729, #6589, .T. ) ;
#2708 = AXIS2_PLACEMENT_3D ( 'NONE', #4363, #1040, #4876 ) ;
#2709 = SURFACE_STYLE_USAGE ( .BOTH. , #5959 ) ;
#2710 = DIRECTION ( 'NONE',  ( 1.000000000000000000, 0.0000000000000000000, 4.371782953570583600E-016 ) ) ;
#2711 = DIRECTION ( 'NONE',  ( -1.000000000000000000, 6.776263578034385000E-016, 0.0000000000000000000 ) ) ;
#2712 = STYLED_ITEM ( 'NONE', ( #5988 ), #4221 ) ;
#2713 = CARTESIAN_POINT ( 'NONE',  ( 1.049999999999999800, 2.600000000000000100, 0.6499999999999990200 ) ) ;
#2714 = DIRECTION ( 'NONE',  ( -0.0000000000000000000, 0.0000000000000000000, -1.000000000000000000 ) ) ;
#2715 = VECTOR ( 'NONE', #5945, 1000.000000000000000 ) ;
#2716 = DIRECTION ( 'NONE',  ( 1.000000000000000000, 0.0000000000000000000, 6.122553444624025000E-016 ) ) ;
#2717 = SURFACE_STYLE_USAGE ( .BOTH. , #5972 ) ;
#2718 = VECTOR ( 'NONE', #771, 1000.000000000000000 ) ;
#2719 = ORIENTED_EDGE ( 'NONE', *, *, #1601, .T. ) ;
#2720 = ORIENTED_EDGE ( 'NONE', *, *, #6340, .F. ) ;
#2721 = CARTESIAN_POINT ( 'NONE',  ( -0.5499999999999994900, -1.100000000000000100, 3.249999999999996000 ) ) ;
#2722 = CARTESIAN_POINT ( 'NONE',  ( -0.5499999999999994900, -1.100000000000000100, 2.099999999999996100 ) ) ;
#2723 = DIRECTION ( 'NONE',  ( 0.0000000000000000000, -1.000000000000000000, -0.0000000000000000000 ) ) ;
#2724 = EDGE_LOOP ( 'NONE', ( #2800, #929, #6648, #6521 ) ) ;
#2725 = DIRECTION ( 'NONE',  ( 1.000000000000000000, -0.0000000000000000000, -3.252606517456513300E-016 ) ) ;
#2726 = ORIENTED_EDGE ( 'NONE', *, *, #7129, .F. ) ;
#2727 = ORIENTED_EDGE ( 'NONE', *, *, #5662, .F. ) ;
#2728 = DIRECTION ( 'NONE',  ( 0.0000000000000000000, 0.0000000000000000000, -1.000000000000000000 ) ) ;
#2729 = FACE_OUTER_BOUND ( 'NONE', #4456, .T. ) ;
#2730 =( NAMED_UNIT ( * ) PLANE_ANGLE_UNIT ( ) SI_UNIT ( $, .RADIAN. ) );
#2731 = EDGE_CURVE ( 'NONE', #182, #6870, #935, .T. ) ;
#2732 = CARTESIAN_POINT ( 'NONE',  ( 3.824999999999999700, 0.9000000000000000200, 0.2539999999999999500 ) ) ;
#2733 = ADVANCED_FACE ( 'NONE', ( #3540 ), #4908, .F. ) ;
#2734 = SURFACE_STYLE_FILL_AREA ( #1366 ) ;
#2735 = ORIENTED_EDGE ( 'NONE', *, *, #1866, .F. ) ;
#2736 = AXIS2_PLACEMENT_3D ( 'NONE', #2044, #3730, #3665 ) ;
#2737 = CARTESIAN_POINT ( 'NONE',  ( -1.174999999999999400, 1.700000000000000200, 1.749999999999996400 ) ) ;
#2738 = CARTESIAN_POINT ( 'NONE',  ( 1.624999999999999800, -1.100000000000000500, 0.04999999999999883000 ) ) ;
#2739 = DIRECTION ( 'NONE',  ( -1.000000000000000000, 0.0000000000000000000, 4.371782953570583600E-016 ) ) ;
#2740 = EDGE_CURVE ( 'NONE', #6500, #23, #747, .T. ) ;
#2741 = ORIENTED_EDGE ( 'NONE', *, *, #4263, .F. ) ;
#2742 = LINE ( 'NONE', #2564, #5288 ) ;
#2743 = EDGE_CURVE ( 'NONE', #4320, #378, #3736, .T. ) ;
#2744 = DIRECTION ( 'NONE',  ( -1.000000000000000000, 0.0000000000000000000, 0.0000000000000000000 ) ) ;
#2745 = AXIS2_PLACEMENT_3D ( 'NONE', #5483, #6023, #2770 ) ;
#2746 = ORIENTED_EDGE ( 'NONE', *, *, #2322, .F. ) ;
#2747 = DIRECTION ( 'NONE',  ( -0.0000000000000000000, 0.0000000000000000000, -1.000000000000000000 ) ) ;
#2748 = FACE_OUTER_BOUND ( 'NONE', #3788, .T. ) ;
#2749 = UNCERTAINTY_MEASURE_WITH_UNIT (LENGTH_MEASURE( 1.000000000000000100E-005 ), #4260, 'distance_accuracy_value', 'NONE');
#2750 = ORIENTED_EDGE ( 'NONE', *, *, #6199, .F. ) ;
#2751 = CARTESIAN_POINT ( 'NONE',  ( -2.125000000000000000, 2.600000000000000100, 0.2999999999999999900 ) ) ;
#2752 = VECTOR ( 'NONE', #5551, 1000.000000000000000 ) ;
#2753 = VERTEX_POINT ( 'NONE', #2311 ) ;
#2754 = AXIS2_PLACEMENT_3D ( 'NONE', #858, #5275, #2017 ) ;
#2755 = FACE_OUTER_BOUND ( 'NONE', #4799, .T. ) ;
#2756 = EDGE_LOOP ( 'NONE', ( #4950, #2178, #5348, #909 ) ) ;
#2757 = CARTESIAN_POINT ( 'NONE',  ( 0.7850000000000003600, -0.1500000000000003000, 0.1799999999999965800 ) ) ;
#2758 = ORIENTED_EDGE ( 'NONE', *, *, #6448, .F. ) ;
#2759 = PLANE ( 'NONE',  #3576 ) ;
#2760 = CARTESIAN_POINT ( 'NONE',  ( 0.4650000000000003600, 0.4249999999999998200, 0.04999999999999861500 ) ) ;
#2761 = CARTESIAN_POINT ( 'NONE',  ( 3.624999999999999600, 1.700000000000000000, 0.7999999999999976000 ) ) ;
#2762 = VECTOR ( 'NONE', #4736, 1000.000000000000000 ) ;
#2763 = LINE ( 'NONE', #6215, #6737 ) ;
#2764 = DIRECTION ( 'NONE',  ( -1.000000000000000000, -0.0000000000000000000, -0.0000000000000000000 ) ) ;
#2765 =( GEOMETRIC_REPRESENTATION_CONTEXT ( 3 ) GLOBAL_UNCERTAINTY_ASSIGNED_CONTEXT ( ( #6204 ) ) GLOBAL_UNIT_ASSIGNED_CONTEXT ( ( #3463, #93, #4049 ) ) REPRESENTATION_CONTEXT ( 'NONE', 'WORKASPACE' ) );
#2766 = LINE ( 'NONE', #3725, #5497 ) ;
#2767 = ORIENTED_EDGE ( 'NONE', *, *, #6961, .F. ) ;
#2768 = ORIENTED_EDGE ( 'NONE', *, *, #5149, .F. ) ;
#2769 = VERTEX_POINT ( 'NONE', #2266 ) ;
#2770 = DIRECTION ( 'NONE',  ( -0.0000000000000000000, 0.0000000000000000000, 1.000000000000000000 ) ) ;
#2771 = CARTESIAN_POINT ( 'NONE',  ( 1.524999999999993000, -0.6999999999999988500, 1.749999999999996400 ) ) ;
#2772 = VECTOR ( 'NONE', #636, 1000.000000000000000 ) ;
#2773 = VECTOR ( 'NONE', #3266, 1000.000000000000000 ) ;
#2774 = CARTESIAN_POINT ( 'NONE',  ( 0.4650000000000003600, 0.4249999999999998200, 3.499999999999981300 ) ) ;
#2775 = SURFACE_STYLE_FILL_AREA ( #4096 ) ;
#2776 = ORIENTED_EDGE ( 'NONE', *, *, #563, .F. ) ;
#2777 = ADVANCED_FACE ( 'NONE', ( #4805 ), #2247, .T. ) ;
#2778 = CARTESIAN_POINT ( 'NONE',  ( 0.7850000000000003600, -0.3750000000000005000, 3.499999999999986700 ) ) ;
#2779 = LINE ( 'NONE', #5689, #1474 ) ;
#2780 = VERTEX_POINT ( 'NONE', #2328 ) ;
#2781 = PLANE ( 'NONE',  #1067 ) ;
#2782 = EDGE_CURVE ( 'NONE', #4528, #3451, #2107, .T. ) ;
#2783 = ORIENTED_EDGE ( 'NONE', *, *, #4771, .T. ) ;
#2784 = DIRECTION ( 'NONE',  ( 1.971276677246373500E-016, -0.0000000000000000000, 1.000000000000000000 ) ) ;
#2785 = VECTOR ( 'NONE', #3570, 1000.000000000000000 ) ;
#2786 = CARTESIAN_POINT ( 'NONE',  ( -0.4649999999999988600, 0.4249999999999998200, 1.749999999999996400 ) ) ;
#2787 = CARTESIAN_POINT ( 'NONE',  ( 1.824999999999993300, 1.700000000000000200, 4.699999999999996600 ) ) ;
#2788 = FILL_AREA_STYLE ('',( #4897 ) ) ;
#2789 = VECTOR ( 'NONE', #6271, 1000.000000000000000 ) ;
#2790 =( NAMED_UNIT ( * ) SI_UNIT ( $, .STERADIAN. ) SOLID_ANGLE_UNIT ( ) );
#2791 = FACE_OUTER_BOUND ( 'NONE', #1247, .T. ) ;
#2792 = EDGE_CURVE ( 'NONE', #3731, #1167, #569, .T. ) ;
#2793 = EDGE_CURVE ( 'NONE', #5157, #6072, #3378, .T. ) ;
#2794 = DIRECTION ( 'NONE',  ( -0.9805806756909207800, 0.0000000000000000000, -0.1961161351381811300 ) ) ;
#2795 = CARTESIAN_POINT ( 'NONE',  ( 2.345000000000000200, 1.200000000000000000, 1.529999999999999800 ) ) ;
#2796 = CARTESIAN_POINT ( 'NONE',  ( -3.324999999999999700, -0.8000000000000001600, 1.699999999999989700 ) ) ;
#2797 = AXIS2_PLACEMENT_3D ( 'NONE', #6323, #1253, #2990 ) ;
#2798 = ORIENTED_EDGE ( 'NONE', *, *, #5479, .F. ) ;
#2799 = CARTESIAN_POINT ( 'NONE',  ( 3.324999999999999700, 1.700000000000000000, 2.200000000000000200 ) ) ;
#2800 = ORIENTED_EDGE ( 'NONE', *, *, #4387, .T. ) ;
#2801 = PLANE ( 'NONE',  #3126 ) ;
#2802 = ORIENTED_EDGE ( 'NONE', *, *, #6515, .F. ) ;
#2803 = DIRECTION ( 'NONE',  ( -0.0000000000000000000, -1.000000000000000000, -0.0000000000000000000 ) ) ;
#2804 = DIRECTION ( 'NONE',  ( 0.0000000000000000000, 0.7071067811865453500, -0.7071067811865496800 ) ) ;
#2805 = EDGE_CURVE ( 'NONE', #5392, #1483, #1926, .T. ) ;
#2806 = AXIS2_PLACEMENT_3D ( 'NONE', #925, #1518, #5339 ) ;
#2807 = AXIS2_PLACEMENT_3D ( 'NONE', #3303, #1219, #4576 ) ;
#2808 =( NAMED_UNIT ( * ) SI_UNIT ( $, .STERADIAN. ) SOLID_ANGLE_UNIT ( ) );
#2809 = CARTESIAN_POINT ( 'NONE',  ( -0.7849999999999997000, 0.2499999999999996700, 0.1799999999999966600 ) ) ;
#2810 = ORIENTED_EDGE ( 'NONE', *, *, #1539, .F. ) ;
#2811 = ORIENTED_EDGE ( 'NONE', *, *, #3888, .T. ) ;
#2812 = DIRECTION ( 'NONE',  ( 3.051828337366604500E-016, -0.0000000000000000000, 1.000000000000000000 ) ) ;
#2813 = ADVANCED_FACE ( 'NONE', ( #203 ), #2688, .F. ) ;
#2814 = ORIENTED_EDGE ( 'NONE', *, *, #3944, .F. ) ;
#2815 =( NAMED_UNIT ( * ) PLANE_ANGLE_UNIT ( ) SI_UNIT ( $, .RADIAN. ) );
#2816 = LINE ( 'NONE', #834, #6787 ) ;
#2817 = PLANE ( 'NONE',  #4158 ) ;
#2818 = VECTOR ( 'NONE', #3413, 1000.000000000000000 ) ;
#2819 = ORIENTED_EDGE ( 'NONE', *, *, #2425, .T. ) ;
#2820 = DIRECTION ( 'NONE',  ( -0.0000000000000000000, 0.0000000000000000000, 1.000000000000000000 ) ) ;
#2821 = DIRECTION ( 'NONE',  ( -0.0000000000000000000, 0.0000000000000000000, -1.000000000000000000 ) ) ;
#2822 = ORIENTED_EDGE ( 'NONE', *, *, #1390, .T. ) ;
#2823 = PLANE ( 'NONE',  #5760 ) ;
#2824 = LINE ( 'NONE', #6641, #1146 ) ;
#2825 = PRESENTATION_STYLE_ASSIGNMENT (( #2137 ) ) ;
#2826 = ORIENTED_EDGE ( 'NONE', *, *, #6181, .F. ) ;
#2827 = DIRECTION ( 'NONE',  ( -0.0000000000000000000, 0.0000000000000000000, 1.000000000000000000 ) ) ;
#2828 = CARTESIAN_POINT ( 'NONE',  ( -0.2000000000000003200, 2.600000000000000100, 0.6499999999999993600 ) ) ;
#2829 = VERTEX_POINT ( 'NONE', #1431 ) ;
#2830 = VERTEX_POINT ( 'NONE', #1420 ) ;
#2831 = CARTESIAN_POINT ( 'NONE',  ( -0.4649999999999996400, 3.100000000000000100, 0.09999999999999947800 ) ) ;
#2832 = VECTOR ( 'NONE', #5331, 1000.000000000000000 ) ;
#2833 = VECTOR ( 'NONE', #5566, 1000.000000000000000 ) ;
#2834 =( LENGTH_UNIT ( ) NAMED_UNIT ( * ) SI_UNIT ( .MILLI., .METRE. ) );
#2835 = COLOUR_RGB ( '',0.7921568627450980000, 0.8196078431372548800, 0.9333333333333333500 ) ;
#2836 = DIRECTION ( 'NONE',  ( 0.0000000000000000000, -1.000000000000000000, 0.0000000000000000000 ) ) ;
#2837 = EDGE_CURVE ( 'NONE', #6016, #5193, #4001, .T. ) ;
#2838 = VECTOR ( 'NONE', #3091, 1000.000000000000000 ) ;
#2839 = ORIENTED_EDGE ( 'NONE', *, *, #4352, .F. ) ;
#2840 = VECTOR ( 'NONE', #6531, 1000.000000000000000 ) ;
#2841 = FACE_OUTER_BOUND ( 'NONE', #2415, .T. ) ;
#2842 = FILL_AREA_STYLE ('',( #2292 ) ) ;
#2843 = ORIENTED_EDGE ( 'NONE', *, *, #363, .T. ) ;
#2844 = AXIS2_PLACEMENT_3D ( 'NONE', #322, #343, #471 ) ;
#2845 = FACE_OUTER_BOUND ( 'NONE', #3464, .T. ) ;
#2846 = LINE ( 'NONE', #2828, #6988 ) ;
#2847 = CARTESIAN_POINT ( 'NONE',  ( -0.4649999999999988600, 0.4249999999999998200, 0.6499999999999993600 ) ) ;
#2848 = DIRECTION ( 'NONE',  ( 1.000000000000000000, 0.0000000000000000000, 0.0000000000000000000 ) ) ;
#2849 = CARTESIAN_POINT ( 'NONE',  ( -3.624999999999999600, -1.100000000000000100, 0.7999999999999976000 ) ) ;
#2850 = CARTESIAN_POINT ( 'NONE',  ( 0.7850000000000003600, -0.6250000000000003300, 0.2999999999999964900 ) ) ;
#2851 = EDGE_CURVE ( 'NONE', #1259, #2186, #1209, .T. ) ;
#2852 = COLOUR_RGB ( '',0.8000000000000000400, 0.8078431372549019800, 0.8000000000000000400 ) ;
#2853 = UNCERTAINTY_MEASURE_WITH_UNIT (LENGTH_MEASURE( 1.000000000000000100E-005 ), #5393, 'distance_accuracy_value', 'NONE');
#2854 = EDGE_LOOP ( 'NONE', ( #1196, #5017, #103, #3936 ) ) ;
#2855 = DIRECTION ( 'NONE',  ( 1.000000000000000000, 0.0000000000000000000, -2.304851557154560100E-017 ) ) ;
#2856 = EDGE_CURVE ( 'NONE', #6350, #6339, #2700, .T. ) ;
#2857 = LINE ( 'NONE', #4709, #174 ) ;
#2858 = VERTEX_POINT ( 'NONE', #1232 ) ;
#2859 = ORIENTED_EDGE ( 'NONE', *, *, #5479, .T. ) ;
#2860 = ADVANCED_FACE ( 'NONE', ( #1029 ), #1046, .T. ) ;
#2861 = DIRECTION ( 'NONE',  ( -1.000000000000000000, 0.0000000000000000000, 4.371782953570583600E-016 ) ) ;
#2862 = DIRECTION ( 'NONE',  ( -1.000000000000000000, 0.0000000000000000000, 0.0000000000000000000 ) ) ;
#2863 = MECHANICAL_DESIGN_GEOMETRIC_PRESENTATION_REPRESENTATION (  '', ( #1734 ), #3219 ) ;
#2864 = EDGE_LOOP ( 'NONE', ( #2607, #1621, #6915, #3195 ) ) ;
#2865 = AXIS2_PLACEMENT_3D ( 'NONE', #6189, #1859, #5686 ) ;
#2866 = ORIENTED_EDGE ( 'NONE', *, *, #5086, .F. ) ;
#2867 = VECTOR ( 'NONE', #2231, 1000.000000000000000 ) ;
#2868 = CARTESIAN_POINT ( 'NONE',  ( -1.050000000000000000, 2.600000000000000100, 0.2999999999999993200 ) ) ;
#2869 = CARTESIAN_POINT ( 'NONE',  ( 0.5500000000000006000, -1.100000000000000100, 2.099999999999996100 ) ) ;
#2870 = PLANE ( 'NONE',  #5891 ) ;
#2871 = VERTEX_POINT ( 'NONE', #1119 ) ;
#2872 = VECTOR ( 'NONE', #6857, 1000.000000000000000 ) ;
#2873 = CARTESIAN_POINT ( 'NONE',  ( -1.050000000000000000, 2.600000000000000100, 0.6499999999999993600 ) ) ;
#2874 = LINE ( 'NONE', #4989, #5749 ) ;
#2875 = ORIENTED_EDGE ( 'NONE', *, *, #5038, .T. ) ;
#2876 = DIRECTION ( 'NONE',  ( -1.000000000000000000, 0.0000000000000000000, -4.371782953570583600E-016 ) ) ;
#2877 = DIRECTION ( 'NONE',  ( 0.0000000000000000000, 0.9701425001453327600, -0.2425356250363297200 ) ) ;
#2878 = VERTEX_POINT ( 'NONE', #672 ) ;
#2879 = VECTOR ( 'NONE', #1554, 999.9999999999998900 ) ;
#2880 = CARTESIAN_POINT ( 'NONE',  ( -1.625000000000000700, -0.4000000000000006300, 0.2999999999999998200 ) ) ;
#2881 =( NAMED_UNIT ( * ) PLANE_ANGLE_UNIT ( ) SI_UNIT ( $, .RADIAN. ) );
#2882 = ORIENTED_EDGE ( 'NONE', *, *, #6230, .T. ) ;
#2883 = VECTOR ( 'NONE', #2625, 1000.000000000000000 ) ;
#2884 = CARTESIAN_POINT ( 'NONE',  ( -1.524999999999999900, 0.09999999999999982500, 1.749999999999996400 ) ) ;
#2885 = ADVANCED_FACE ( 'NONE', ( #3296 ), #722, .T. ) ;
#2886 = ORIENTED_EDGE ( 'NONE', *, *, #4774, .T. ) ;
#2887 = EDGE_CURVE ( 'NONE', #4219, #6381, #6174, .T. ) ;
#2888 = EDGE_CURVE ( 'NONE', #6344, #1641, #1832, .T. ) ;
#2889 = SURFACE_STYLE_USAGE ( .BOTH. , #6133 ) ;
#2890 = DIRECTION ( 'NONE',  ( 0.0000000000000000000, -1.000000000000000000, 0.0000000000000000000 ) ) ;
#2891 = FACE_OUTER_BOUND ( 'NONE', #3844, .T. ) ;
#2892 = ORIENTED_EDGE ( 'NONE', *, *, #895, .F. ) ;
#2893 = ORIENTED_EDGE ( 'NONE', *, *, #4189, .T. ) ;
#2894 = EDGE_CURVE ( 'NONE', #5618, #2511, #4720, .T. ) ;
#2895 = CARTESIAN_POINT ( 'NONE',  ( 0.4650000000000003600, 0.4249999999999998200, 0.6499999999999990200 ) ) ;
#2896 = DIRECTION ( 'NONE',  ( 0.0000000000000000000, -2.258754526011467700E-016, 1.000000000000000000 ) ) ;
#2897 = DIRECTION ( 'NONE',  ( -0.7071067811865454600, 0.0000000000000000000, -0.7071067811865495700 ) ) ;
#2898 = AXIS2_PLACEMENT_3D ( 'NONE', #455, #4369, #1049 ) ;
#2899 = CARTESIAN_POINT ( 'NONE',  ( 0.2000000000000003200, -1.100000000000000100, 0.6499999999999990200 ) ) ;
#2900 = EDGE_LOOP ( 'NONE', ( #6337, #263, #2405, #6076 ) ) ;
#2901 =( LENGTH_UNIT ( ) NAMED_UNIT ( * ) SI_UNIT ( .MILLI., .METRE. ) );
#2902 = CARTESIAN_POINT ( 'NONE',  ( -1.824999999999997700, 2.600000000000000100, 4.699999999999995700 ) ) ;
#2903 = DIRECTION ( 'NONE',  ( 0.7071067811865470200, -0.0000000000000000000, -0.7071067811865480200 ) ) ;
#2904 = ORIENTED_EDGE ( 'NONE', *, *, #6552, .T. ) ;
#2905 = COLOUR_RGB ( '',0.8000000000000000400, 0.8078431372549019800, 0.8000000000000000400 ) ;
#2906 = ORIENTED_EDGE ( 'NONE', *, *, #1193, .F. ) ;
#2907 = UNCERTAINTY_MEASURE_WITH_UNIT (LENGTH_MEASURE( 1.000000000000000100E-005 ), #3962, 'distance_accuracy_value', 'NONE');
#2908 = EDGE_CURVE ( 'NONE', #331, #1147, #4559, .T. ) ;
#2909 = ADVANCED_FACE ( 'NONE', ( #4402 ), #338, .F. ) ;
#2910 = DIRECTION ( 'NONE',  ( 0.7071067811865460200, 0.0000000000000000000, -0.7071067811865490200 ) ) ;
#2911 = LINE ( 'NONE', #1935, #5640 ) ;
#2912 = DIRECTION ( 'NONE',  ( 0.0000000000000000000, 1.000000000000000000, -0.0000000000000000000 ) ) ;
#2913 = PLANE ( 'NONE',  #2577 ) ;
#2914 = ORIENTED_EDGE ( 'NONE', *, *, #4646, .F. ) ;
#2915 = SURFACE_STYLE_FILL_AREA ( #1038 ) ;
#2916 = PLANE ( 'NONE',  #3302 ) ;
#2917 = ORIENTED_EDGE ( 'NONE', *, *, #4717, .F. ) ;
#2918 =( NAMED_UNIT ( * ) PLANE_ANGLE_UNIT ( ) SI_UNIT ( $, .RADIAN. ) );
#2919 = EDGE_CURVE ( 'NONE', #5135, #2279, #294, .T. ) ;
#2920 = VECTOR ( 'NONE', #7120, 1000.000000000000000 ) ;
#2921 = ORIENTED_EDGE ( 'NONE', *, *, #172, .F. ) ;
#2922 = EDGE_CURVE ( 'NONE', #1082, #3532, #2953, .T. ) ;
#2923 = LINE ( 'NONE', #6919, #1450 ) ;
#2924 = MECHANICAL_DESIGN_GEOMETRIC_PRESENTATION_REPRESENTATION (  '', ( #1818 ), #3297 ) ;
#2925 = ORIENTED_EDGE ( 'NONE', *, *, #2248, .T. ) ;
#2926 = CARTESIAN_POINT ( 'NONE',  ( -1.625000000000000700, -1.100000000000000300, 0.2999999999999998200 ) ) ;
#2927 = SURFACE_SIDE_STYLE ('',( #1774 ) ) ;
#2928 = VECTOR ( 'NONE', #4755, 1000.000000000000000 ) ;
#2929 = DIRECTION ( 'NONE',  ( 0.0000000000000000000, 1.000000000000000000, -0.0000000000000000000 ) ) ;
#2930 = LINE ( 'NONE', #5085, #4385 ) ;
#2931 = DIRECTION ( 'NONE',  ( 0.0000000000000000000, 0.0000000000000000000, -1.000000000000000000 ) ) ;
#2932 = PLANE ( 'NONE',  #6420 ) ;
#2933 = AXIS2_PLACEMENT_3D ( 'NONE', #2213, #4421, #1772 ) ;
#2934 = EDGE_CURVE ( 'NONE', #2106, #151, #1666, .T. ) ;
#2935 = VERTEX_POINT ( 'NONE', #3721 ) ;
#2936 = VERTEX_POINT ( 'NONE', #3601 ) ;
#2937 = VECTOR ( 'NONE', #3422, 1000.000000000000000 ) ;
#2938 = LINE ( 'NONE', #423, #6917 ) ;
#2939 =( NAMED_UNIT ( * ) PLANE_ANGLE_UNIT ( ) SI_UNIT ( $, .RADIAN. ) );
#2940 = AXIS2_PLACEMENT_3D ( 'NONE', #5568, #6622, #3389 ) ;
#2941 = VECTOR ( 'NONE', #2999, 1000.000000000000000 ) ;
#2942 = EDGE_LOOP ( 'NONE', ( #1684, #6747, #3887, #714 ) ) ;
#2943 = CARTESIAN_POINT ( 'NONE',  ( 2.125000000000000000, 1.399999999999999200, 4.699999999999998400 ) ) ;
#2944 = VECTOR ( 'NONE', #2931, 1000.000000000000000 ) ;
#2945 = DIRECTION ( 'NONE',  ( 0.0000000000000000000, 0.0000000000000000000, -1.000000000000000000 ) ) ;
#2946 = CARTESIAN_POINT ( 'NONE',  ( 3.624999999999999600, 1.700000000000000000, 2.200000000000000200 ) ) ;
#2947 = CARTESIAN_POINT ( 'NONE',  ( -0.5499999999999994900, -1.100000000000000100, 2.099999999999996100 ) ) ;
#2948 = FACE_OUTER_BOUND ( 'NONE', #8, .T. ) ;
#2949 = ADVANCED_FACE ( 'NONE', ( #6935 ), #3759, .F. ) ;
#2950 = EDGE_LOOP ( 'NONE', ( #2548, #4100, #1534, #913 ) ) ;
#2951 = SURFACE_STYLE_USAGE ( .BOTH. , #3031 ) ;
#2952 = ORIENTED_EDGE ( 'NONE', *, *, #1964, .F. ) ;
#2953 = LINE ( 'NONE', #362, #7091 ) ;
#2954 = CARTESIAN_POINT ( 'NONE',  ( 3.324999999999999700, 1.399999999999999000, 4.699999999999998400 ) ) ;
#2955 = CARTESIAN_POINT ( 'NONE',  ( 0.7850000000000003600, 3.100000000000000100, 0.3499999999999989800 ) ) ;
#2956 = DIRECTION ( 'NONE',  ( 0.0000000000000000000, 0.0000000000000000000, 1.000000000000000000 ) ) ;
#2957 = DIRECTION ( 'NONE',  ( 0.0000000000000000000, 1.000000000000000000, 0.0000000000000000000 ) ) ;
#2958 = FACE_OUTER_BOUND ( 'NONE', #6014, .T. ) ;
#2959 = SURFACE_SIDE_STYLE ('',( #5230 ) ) ;
#2960 = CARTESIAN_POINT ( 'NONE',  ( 2.649000000000000500, 1.100000000000000100, 1.226000000000000000 ) ) ;
#2961 =( NAMED_UNIT ( * ) SI_UNIT ( $, .STERADIAN. ) SOLID_ANGLE_UNIT ( ) );
#2962 = FACE_OUTER_BOUND ( 'NONE', #6797, .T. ) ;
#2963 = DIRECTION ( 'NONE',  ( 0.0000000000000000000, 0.0000000000000000000, 1.000000000000000000 ) ) ;
#2964 = DIRECTION ( 'NONE',  ( 0.7071067811865468000, 0.0000000000000000000, 0.7071067811865483500 ) ) ;
#2965 = EDGE_CURVE ( 'NONE', #5431, #6258, #1297, .T. ) ;
#2966 = DIRECTION ( 'NONE',  ( -1.000000000000000000, 0.0000000000000000000, -2.304851557154560100E-017 ) ) ;
#2967 = DIRECTION ( 'NONE',  ( 1.000000000000000000, 0.0000000000000000000, 0.0000000000000000000 ) ) ;
#2968 = ORIENTED_EDGE ( 'NONE', *, *, #4387, .F. ) ;
#2969 = DIRECTION ( 'NONE',  ( -1.000000000000000000, 0.0000000000000000000, 0.0000000000000000000 ) ) ;
#2970 = VECTOR ( 'NONE', #3381, 1000.000000000000000 ) ;
#2971 = ORIENTED_EDGE ( 'NONE', *, *, #1638, .F. ) ;
#2972 = VERTEX_POINT ( 'NONE', #3460 ) ;
#2973 = AXIS2_PLACEMENT_3D ( 'NONE', #6621, #5609, #5630 ) ;
#2974 = CARTESIAN_POINT ( 'NONE',  ( 0.7850000000000003600, 2.999999999999999600, -1.761828530288944700E-016 ) ) ;
#2975 = EDGE_CURVE ( 'NONE', #944, #3731, #4092, .T. ) ;
#2976 = VERTEX_POINT ( 'NONE', #3436 ) ;
#2977 = EDGE_CURVE ( 'NONE', #2244, #2106, #5676, .T. ) ;
#2978 = CARTESIAN_POINT ( 'NONE',  ( 1.824999999999994000, -1.000000000000000000, 4.699999999999998400 ) ) ;
#2979 = DIRECTION ( 'NONE',  ( -1.000000000000000000, 0.0000000000000000000, -0.0000000000000000000 ) ) ;
#2980 = PLANE ( 'NONE',  #3612 ) ;
#2981 = VERTEX_POINT ( 'NONE', #821 ) ;
#2982 = DIRECTION ( 'NONE',  ( 0.0000000000000000000, -0.0000000000000000000, -1.000000000000000000 ) ) ;
#2983 = AXIS2_PLACEMENT_3D ( 'NONE', #2954, #5127, #1867 ) ;
#2984 = CARTESIAN_POINT ( 'NONE',  ( 1.824999999999993300, 2.600000000000000100, 4.699999999999998400 ) ) ;
#2985 = AXIS2_PLACEMENT_3D ( 'NONE', #6137, #975, #1576 ) ;
#2986 = CARTESIAN_POINT ( 'NONE',  ( 2.649000000000000500, 1.100000000000000100, 1.226000000000000000 ) ) ;
#2987 = LINE ( 'NONE', #5756, #4422 ) ;
#2988 = LINE ( 'NONE', #6628, #3156 ) ;
#2989 = ADVANCED_FACE ( 'NONE', ( #5516 ), #2817, .T. ) ;
#2990 = DIRECTION ( 'NONE',  ( 0.0000000000000000000, -0.0000000000000000000, -1.000000000000000000 ) ) ;
#2991 = ORIENTED_EDGE ( 'NONE', *, *, #6110, .F. ) ;
#2992 = PLANE ( 'NONE',  #4405 ) ;
#2993 = VECTOR ( 'NONE', #7112, 1000.000000000000000 ) ;
#2994 = EDGE_LOOP ( 'NONE', ( #6709, #7016, #6992, #2035 ) ) ;
#2995 = LINE ( 'NONE', #6948, #1699 ) ;
#2996 = CARTESIAN_POINT ( 'NONE',  ( -2.649000000000000500, 1.100000000000000100, 0.2540000000000000000 ) ) ;
#2997 = UNCERTAINTY_MEASURE_WITH_UNIT (LENGTH_MEASURE( 1.000000000000000100E-005 ), #6668, 'distance_accuracy_value', 'NONE');
#2998 = DIRECTION ( 'NONE',  ( 0.0000000000000000000, -1.000000000000000000, -0.0000000000000000000 ) ) ;
#2999 = DIRECTION ( 'NONE',  ( -0.0000000000000000000, 1.000000000000000000, 0.0000000000000000000 ) ) ;
#3000 = DIRECTION ( 'NONE',  ( -1.000000000000000000, 0.0000000000000000000, -0.0000000000000000000 ) ) ;
#3001 = VECTOR ( 'NONE', #2580, 1000.000000000000000 ) ;
#3002 = EDGE_LOOP ( 'NONE', ( #1732, #6172, #2971, #5628 ) ) ;
#3003 = LINE ( 'NONE', #5034, #7136 ) ;
#3004 = CARTESIAN_POINT ( 'NONE',  ( -3.625000000000000000, -1.100000000000000100, -4.960040550996611700E-017 ) ) ;
#3005 = DIRECTION ( 'NONE',  ( 0.0000000000000000000, 1.000000000000000000, 0.0000000000000000000 ) ) ;
#3006 = UNCERTAINTY_MEASURE_WITH_UNIT (LENGTH_MEASURE( 1.000000000000000100E-005 ), #6886, 'distance_accuracy_value', 'NONE');
#3007 = DIRECTION ( 'NONE',  ( 1.000000000000000000, 0.0000000000000000000, 6.122553444624025000E-016 ) ) ;
#3008 = DIRECTION ( 'NONE',  ( 0.0000000000000000000, -1.000000000000000000, -2.032879073410321300E-016 ) ) ;
#3009 = ORIENTED_EDGE ( 'NONE', *, *, #7034, .F. ) ;
#3010 = ORIENTED_EDGE ( 'NONE', *, *, #6331, .T. ) ;
#3011 = DIRECTION ( 'NONE',  ( 0.5773502691896268400, 0.5773502691896228400, -0.5773502691896276200 ) ) ;
#3012 = FACE_OUTER_BOUND ( 'NONE', #6392, .T. ) ;
#3013 = VECTOR ( 'NONE', #6048, 1000.000000000000000 ) ;
#3014 = FACE_OUTER_BOUND ( 'NONE', #4783, .T. ) ;
#3015 = ORIENTED_EDGE ( 'NONE', *, *, #3843, .F. ) ;
#3016 = CARTESIAN_POINT ( 'NONE',  ( 3.324999999999999700, 1.399999999999999000, 2.200000000000000200 ) ) ;
#3017 = COLOUR_RGB ( '',0.8000000000000000400, 0.8078431372549019800, 0.8000000000000000400 ) ;
#3018 = VECTOR ( 'NONE', #4195, 1000.000000000000000 ) ;
#3019 = ORIENTED_EDGE ( 'NONE', *, *, #5984, .T. ) ;
#3020 = ORIENTED_EDGE ( 'NONE', *, *, #2561, .T. ) ;
#3021 = CARTESIAN_POINT ( 'NONE',  ( 0.1500000000000012700, 3.673118842698620300, 4.699999999999995700 ) ) ;
#3022 = CARTESIAN_POINT ( 'NONE',  ( 3.145000000000000000, -1.100000000000000100, 1.750000000000001300 ) ) ;
#3023 = CARTESIAN_POINT ( 'NONE',  ( -3.170999999999998900, -1.452000000000000600, 0.7040000000000009600 ) ) ;
#3024 = EDGE_CURVE ( 'NONE', #2531, #6157, #1480, .T. ) ;
#3025 = EDGE_LOOP ( 'NONE', ( #1286, #4473, #4400, #2886 ) ) ;
#3026 = CLOSED_SHELL ( 'NONE', ( #5300, #3308, #5461, #3338, #3208, #5147, #3855, #6149, #1304, #1938, #2343, #1151, #2174, #6453, #2010, #728, #3975, #1043, #3929, #4574, #3375, #1825, #4124, #1973, #351, #463, #2703, #763, #5528, #4198, #5101, #6089, #4851, #883, #3443, #2234, #5693, #6851, #1756, #5340, #4265, #5728, #1224, #7097, #6881, #616, #3748, #3500, #4386, #226, #2304, #5865, #5659, #5981, #4163, #6598, #6933, #73, #3244, #3541, #3896, #1469, #2666, #6776, #838, #4886, #7059, #797, #579, #4043, #4354, #2483, #4965, #313, #2909, #3786, #6256, #1685, #3654, #43, #5379, #154, #6320, #2627, #116, #2733, #6395, #6703, #7029, #3028, #543, #3138, #5629, #4328, #4413, #2885, #5904, #6523, #6631, #3175, #2949, #6286, #1721, #2056, #426, #1114, #3667, #4013, #2130, #1903, #4924, #4710, #5600, #1541, #6216, #2202, #5221, #9, #3712, #3472, #3828, #6814 ) ) ;
#3027 = EDGE_CURVE ( 'NONE', #5325, #6559, #6260, .T. ) ;
#3028 = ADVANCED_FACE ( 'NONE', ( #4802 ), #25, .T. ) ;
#3029 = PRESENTATION_STYLE_ASSIGNMENT (( #4154 ) ) ;
#3030 = AXIS2_PLACEMENT_3D ( 'NONE', #2946, #6723, #3476 ) ;
#3031 = SURFACE_SIDE_STYLE ('',( #6845 ) ) ;
#3032 = CARTESIAN_POINT ( 'NONE',  ( -1.625000000000000700, -0.4000000000000005200, 0.04999999999999980800 ) ) ;
#3033 = AXIS2_PLACEMENT_3D ( 'NONE', #6669, #610, #6095 ) ;
#3034 = FACE_OUTER_BOUND ( 'NONE', #1364, .T. ) ;
#3035 = ORIENTED_EDGE ( 'NONE', *, *, #4270, .T. ) ;
#3036 = SURFACE_SIDE_STYLE ('',( #2036 ) ) ;
#3037 =( GEOMETRIC_REPRESENTATION_CONTEXT ( 3 ) GLOBAL_UNCERTAINTY_ASSIGNED_CONTEXT ( ( #4469 ) ) GLOBAL_UNIT_ASSIGNED_CONTEXT ( ( #7, #6730, #4558 ) ) REPRESENTATION_CONTEXT ( 'NONE', 'WORKASPACE' ) );
#3038 =( LENGTH_UNIT ( ) NAMED_UNIT ( * ) SI_UNIT ( .MILLI., .METRE. ) );
#3039 = SURFACE_STYLE_USAGE ( .BOTH. , #2959 ) ;
#3040 = VECTOR ( 'NONE', #3586, 1000.000000000000000 ) ;
#3041 = DIRECTION ( 'NONE',  ( -0.7071067811865495700, 0.0000000000000000000, 0.7071067811865454600 ) ) ;
#3042 = EDGE_CURVE ( 'NONE', #373, #2780, #6096, .T. ) ;
#3043 = ORIENTED_EDGE ( 'NONE', *, *, #4507, .F. ) ;
#3044 = UNCERTAINTY_MEASURE_WITH_UNIT (LENGTH_MEASURE( 1.000000000000000100E-005 ), #6504, 'distance_accuracy_value', 'NONE');
#3045 = CARTESIAN_POINT ( 'NONE',  ( 2.125000000000000000, 1.700000000000000000, 2.400000000000001200 ) ) ;
#3046 =( LENGTH_UNIT ( ) NAMED_UNIT ( * ) SI_UNIT ( .MILLI., .METRE. ) );
#3047 = ORIENTED_EDGE ( 'NONE', *, *, #3379, .T. ) ;
#3048 = EDGE_LOOP ( 'NONE', ( #5098, #6763, #1614, #1707 ) ) ;
#3049 = ORIENTED_EDGE ( 'NONE', *, *, #6116, .F. ) ;
#3050 = LINE ( 'NONE', #3766, #1580 ) ;
#3051 = VERTEX_POINT ( 'NONE', #6564 ) ;
#3052 = ORIENTED_EDGE ( 'NONE', *, *, #2543, .F. ) ;
#3053 = CARTESIAN_POINT ( 'NONE',  ( -2.124999999999999600, -1.100000000000000100, 0.0000000000000000000 ) ) ;
#3054 = FILL_AREA_STYLE ('',( #5166 ) ) ;
#3055 = DIRECTION ( 'NONE',  ( 0.0000000000000000000, 0.0000000000000000000, -1.000000000000000000 ) ) ;
#3056 = DIRECTION ( 'NONE',  ( -1.000000000000000000, 4.565061778886335000E-016, 0.0000000000000000000 ) ) ;
#3057 = SURFACE_SIDE_STYLE ('',( #2267 ) ) ;
#3058 = VECTOR ( 'NONE', #5860, 1000.000000000000000 ) ;
#3059 = DIRECTION ( 'NONE',  ( 0.0000000000000000000, -1.000000000000000000, -1.294569758191649100E-016 ) ) ;
#3060 = VECTOR ( 'NONE', #1385, 1000.000000000000100 ) ;
#3061 = CARTESIAN_POINT ( 'NONE',  ( 1.591863895602248700E-016, 1.200000000000000000, 0.5200000000000006800 ) ) ;
#3062 = CARTESIAN_POINT ( 'NONE',  ( -3.124999999999999100, 1.700000000000000000, 0.2999999999999999300 ) ) ;
#3063 = ORIENTED_EDGE ( 'NONE', *, *, #4544, .T. ) ;
#3064 = ADVANCED_FACE ( 'NONE', ( #4633 ), #6588, .T. ) ;
#3065 = FILL_AREA_STYLE ('',( #1383 ) ) ;
#3066 = DIRECTION ( 'NONE',  ( 0.0000000000000000000, -0.0000000000000000000, 1.000000000000000000 ) ) ;
#3067 = ORIENTED_EDGE ( 'NONE', *, *, #3551, .T. ) ;
#3068 = ORIENTED_EDGE ( 'NONE', *, *, #3545, .F. ) ;
#3069 = EDGE_CURVE ( 'NONE', #778, #2681, #4180, .T. ) ;
#3070 = EDGE_CURVE ( 'NONE', #2279, #6715, #2694, .T. ) ;
#3071 = CARTESIAN_POINT ( 'NONE',  ( -2.325000000000000200, 1.700000000000000000, 2.200000000000000200 ) ) ;
#3072 = DIRECTION ( 'NONE',  ( 0.0000000000000000000, 0.0000000000000000000, 1.000000000000000000 ) ) ;
#3073 = DIRECTION ( 'NONE',  ( 1.000000000000000000, 0.0000000000000000000, 0.0000000000000000000 ) ) ;
#3074 = AXIS2_PLACEMENT_3D ( 'NONE', #252, #380, #396 ) ;
#3075 = ORIENTED_EDGE ( 'NONE', *, *, #5436, .F. ) ;
#3076 = SURFACE_STYLE_USAGE ( .BOTH. , #3057 ) ;
#3077 = EDGE_CURVE ( 'NONE', #2858, #6489, #1200, .T. ) ;
#3078 = PRESENTATION_STYLE_ASSIGNMENT (( #6706 ) ) ;
#3079 = EDGE_CURVE ( 'NONE', #2871, #5327, #3995, .T. ) ;
#3080 = CARTESIAN_POINT ( 'NONE',  ( 1.524999999999992600, 2.000000000000000400, 3.699999999999997100 ) ) ;
#3081 = DIRECTION ( 'NONE',  ( -0.0000000000000000000, 0.0000000000000000000, -1.000000000000000000 ) ) ;
#3082 = PRESENTATION_STYLE_ASSIGNMENT (( #7080 ) ) ;
#3083 = DIRECTION ( 'NONE',  ( -1.000000000000000000, 0.0000000000000000000, -6.122553444624025000E-016 ) ) ;
#3084 = AXIS2_PLACEMENT_3D ( 'NONE', #4767, #6595, #6941 ) ;
#3085 = ORIENTED_EDGE ( 'NONE', *, *, #2326, .T. ) ;
#3086 = AXIS2_PLACEMENT_3D ( 'NONE', #2111, #5398, #2133 ) ;
#3087 = FACE_OUTER_BOUND ( 'NONE', #1129, .T. ) ;
#3088 = CARTESIAN_POINT ( 'NONE',  ( -1.174999999999999400, 2.299999999999999800, 1.749999999999996400 ) ) ;
#3089 = UNCERTAINTY_MEASURE_WITH_UNIT (LENGTH_MEASURE( 1.000000000000000100E-005 ), #3674, 'distance_accuracy_value', 'NONE');
#3090 = ORIENTED_EDGE ( 'NONE', *, *, #7093, .T. ) ;
#3091 = DIRECTION ( 'NONE',  ( 1.000000000000000000, 0.0000000000000000000, 0.0000000000000000000 ) ) ;
#3092 = CYLINDRICAL_SURFACE ( 'NONE', #5720, 0.3039999999999999900 ) ;
#3093 = CARTESIAN_POINT ( 'NONE',  ( 2.325000000000000200, -1.100000000000000100, 2.200000000000000200 ) ) ;
#3094 = CARTESIAN_POINT ( 'NONE',  ( 0.0000000000000000000, 0.0000000000000000000, 1.699999999999989700 ) ) ;
#3095 = FACE_OUTER_BOUND ( 'NONE', #3588, .T. ) ;
#3096 = PLANE ( 'NONE',  #3256 ) ;
#3097 = ORIENTED_EDGE ( 'NONE', *, *, #7041, .T. ) ;
#3098 = SURFACE_SIDE_STYLE ('',( #3367 ) ) ;
#3099 = ADVANCED_FACE ( 'NONE', ( #6670 ), #3610, .F. ) ;
#3100 = LINE ( 'NONE', #1039, #1633 ) ;
#3101 = PLANE ( 'NONE',  #4311 ) ;
#3102 = ORIENTED_EDGE ( 'NONE', *, *, #215, .F. ) ;
#3103 = PLANE ( 'NONE',  #3217 ) ;
#3104 = CARTESIAN_POINT ( 'NONE',  ( 2.125000000000000000, 1.399999999999999200, 2.400000000000002100 ) ) ;
#3105 = FACE_OUTER_BOUND ( 'NONE', #5404, .T. ) ;
#3106 = LINE ( 'NONE', #3679, #5807 ) ;
#3107 = ORIENTED_EDGE ( 'NONE', *, *, #1343, .T. ) ;
#3108 = EDGE_CURVE ( 'NONE', #594, #3369, #466, .T. ) ;
#3109 = VECTOR ( 'NONE', #2571, 1000.000000000000000 ) ;
#3110 = ORIENTED_EDGE ( 'NONE', *, *, #1601, .F. ) ;
#3111 = EDGE_LOOP ( 'NONE', ( #1827, #3110, #6663, #3810 ) ) ;
#3112 = SURFACE_STYLE_USAGE ( .BOTH. , #6352 ) ;
#3113 = ORIENTED_EDGE ( 'NONE', *, *, #3954, .T. ) ;
#3114 = CARTESIAN_POINT ( 'NONE',  ( -1.824999999999999500, 0.09999999999999982500, 4.699999999999996600 ) ) ;
#3115 = ORIENTED_EDGE ( 'NONE', *, *, #2975, .F. ) ;
#3116 = LINE ( 'NONE', #1794, #5817 ) ;
#3117 = LINE ( 'NONE', #5378, #1650 ) ;
#3118 = DIRECTION ( 'NONE',  ( 0.0000000000000000000, -0.7071067811865433500, 0.7071067811865517900 ) ) ;
#3119 = EDGE_CURVE ( 'NONE', #5546, #499, #4712, .T. ) ;
#3120 = EDGE_CURVE ( 'NONE', #2829, #7119, #3288, .T. ) ;
#3121 = VECTOR ( 'NONE', #6269, 1000.000000000000000 ) ;
#3122 = VERTEX_POINT ( 'NONE', #1239 ) ;
#3123 = AXIS2_PLACEMENT_3D ( 'NONE', #4954, #1702, #5532 ) ;
#3124 = LINE ( 'NONE', #167, #6166 ) ;
#3125 = ORIENTED_EDGE ( 'NONE', *, *, #4348, .F. ) ;
#3126 = AXIS2_PLACEMENT_3D ( 'NONE', #1490, #3933, #4290 ) ;
#3127 = CARTESIAN_POINT ( 'NONE',  ( -0.2000000000000003200, 2.600000000000000100, 0.6499999999999993600 ) ) ;
#3128 = LINE ( 'NONE', #1875, #4556 ) ;
#3129 = ORIENTED_EDGE ( 'NONE', *, *, #6063, .F. ) ;
#3130 = VECTOR ( 'NONE', #667, 1000.000000000000000 ) ;
#3131 = ORIENTED_EDGE ( 'NONE', *, *, #2851, .T. ) ;
#3132 = LINE ( 'NONE', #1513, #1667 ) ;
#3133 = DIRECTION ( 'NONE',  ( 0.0000000000000000000, -1.000000000000000000, 0.0000000000000000000 ) ) ;
#3134 = ORIENTED_EDGE ( 'NONE', *, *, #6191, .F. ) ;
#3135 = CARTESIAN_POINT ( 'NONE',  ( -3.824999999999999700, 0.9000000000000000200, 0.2539999999999999500 ) ) ;
#3136 = DIRECTION ( 'NONE',  ( -1.000000000000000000, 0.0000000000000000000, -0.0000000000000000000 ) ) ;
#3137 = CARTESIAN_POINT ( 'NONE',  ( -1.524999999999999900, 0.09999999999999982500, 4.399999999999994100 ) ) ;
#3138 = ADVANCED_FACE ( 'NONE', ( #4547 ), #831, .T. ) ;
#3139 = CARTESIAN_POINT ( 'NONE',  ( 2.125000000000000000, 1.700000000000000000, 0.04999999999999867100 ) ) ;
#3140 = CARTESIAN_POINT ( 'NONE',  ( 1.524999999999992600, 2.000000000000000000, 3.699999999999996600 ) ) ;
#3141 = ORIENTED_EDGE ( 'NONE', *, *, #314, .F. ) ;
#3142 = DIRECTION ( 'NONE',  ( 0.0000000000000000000, -1.000000000000000000, 0.0000000000000000000 ) ) ;
#3143 = DIRECTION ( 'NONE',  ( -1.000000000000000000, 0.0000000000000000000, 4.371782953570583600E-016 ) ) ;
#3144 = CARTESIAN_POINT ( 'NONE',  ( 0.7850000000000003600, 2.200000000000003300, 0.2999999999999996600 ) ) ;
#3145 = LINE ( 'NONE', #6064, #4414 ) ;
#3146 = DIRECTION ( 'NONE',  ( -0.7071067811865490200, 0.0000000000000000000, 0.7071067811865460200 ) ) ;
#3147 = CARTESIAN_POINT ( 'NONE',  ( -0.4649999999999988600, -0.3750000000000003300, 1.749999999999996400 ) ) ;
#3148 = CARTESIAN_POINT ( 'NONE',  ( 3.365000000000001500, -1.100000000000000100, 1.275999999999999800 ) ) ;
#3149 = EDGE_CURVE ( 'NONE', #4962, #3236, #3124, .T. ) ;
#3150 = CARTESIAN_POINT ( 'NONE',  ( 0.1500000000000012700, -1.100000000000000100, 4.699999999999995700 ) ) ;
#3151 = VECTOR ( 'NONE', #6865, 1000.000000000000000 ) ;
#3152 = CARTESIAN_POINT ( 'NONE',  ( 2.345000000000000200, 1.200000000000000000, 1.529999999999999800 ) ) ;
#3153 = CARTESIAN_POINT ( 'NONE',  ( -1.524999999999999500, 1.700000000000000200, 3.399999999999995900 ) ) ;
#3154 = DIRECTION ( 'NONE',  ( 0.0000000000000000000, 0.0000000000000000000, -1.000000000000000000 ) ) ;
#3155 = EDGE_CURVE ( 'NONE', #2394, #5102, #1660, .T. ) ;
#3156 = VECTOR ( 'NONE', #3969, 1000.000000000000000 ) ;
#3157 = CARTESIAN_POINT ( 'NONE',  ( -1.625000000000000700, -0.4000000000000005200, 0.04999999999999980800 ) ) ;
#3158 = EDGE_CURVE ( 'NONE', #2582, #3611, #97, .T. ) ;
#3159 = ORIENTED_EDGE ( 'NONE', *, *, #1823, .T. ) ;
#3160 = VERTEX_POINT ( 'NONE', #3465 ) ;
#3161 = CARTESIAN_POINT ( 'NONE',  ( 2.125000000000000000, 1.700000000000000000, 2.400000000000001200 ) ) ;
#3162 = STYLED_ITEM ( 'NONE', ( #829 ), #1194 ) ;
#3163 = VECTOR ( 'NONE', #6567, 1000.000000000000000 ) ;
#3164 = FACE_OUTER_BOUND ( 'NONE', #4681, .T. ) ;
#3165 = MECHANICAL_DESIGN_GEOMETRIC_PRESENTATION_REPRESENTATION (  '', ( #3174 ), #3508 ) ;
#3166 = EDGE_CURVE ( 'NONE', #499, #5681, #7086, .T. ) ;
#3167 = CARTESIAN_POINT ( 'NONE',  ( 1.624999999999999800, 2.600000000000000100, 0.2999999999999988200 ) ) ;
#3168 = CARTESIAN_POINT ( 'NONE',  ( -0.4649999999999996400, -0.3750000000000001100, 0.6499999999999975800 ) ) ;
#3169 = VECTOR ( 'NONE', #3133, 1000.000000000000000 ) ;
#3170 = ORIENTED_EDGE ( 'NONE', *, *, #6340, .T. ) ;
#3171 = PRESENTATION_LAYER_ASSIGNMENT (  '', '', ( #2436 ) ) ;
#3172 = ORIENTED_EDGE ( 'NONE', *, *, #4815, .F. ) ;
#3173 = CARTESIAN_POINT ( 'NONE',  ( 2.125000000000000000, -0.8000000000000009300, 1.699999999999989700 ) ) ;
#3174 = STYLED_ITEM ( 'NONE', ( #5921 ), #2813 ) ;
#3175 = ADVANCED_FACE ( 'NONE', ( #290 ), #6177, .F. ) ;
#3176 = AXIS2_PLACEMENT_3D ( 'NONE', #1459, #4723, #3645 ) ;
#3177 = DIRECTION ( 'NONE',  ( 0.0000000000000000000, -1.355252715606881500E-016, -1.000000000000000000 ) ) ;
#3178 = CARTESIAN_POINT ( 'NONE',  ( -2.345000000000000200, 1.100000000000000100, 1.226000000000000000 ) ) ;
#3179 = ORIENTED_EDGE ( 'NONE', *, *, #2888, .F. ) ;
#3180 = VECTOR ( 'NONE', #2896, 1000.000000000000000 ) ;
#3181 = ORIENTED_EDGE ( 'NONE', *, *, #5879, .F. ) ;
#3182 = DIRECTION ( 'NONE',  ( 0.0000000000000000000, -1.000000000000000000, -0.0000000000000000000 ) ) ;
#3183 = DIRECTION ( 'NONE',  ( -1.000000000000000000, 0.0000000000000000000, 3.252606517456517200E-016 ) ) ;
#3184 = FILL_AREA_STYLE ('',( #4769 ) ) ;
#3185 = DIRECTION ( 'NONE',  ( -0.7071067811865460200, -0.7071067811865490200, 1.629776165692359100E-017 ) ) ;
#3186 = LINE ( 'NONE', #5729, #4452 ) ;
#3187 = VERTEX_POINT ( 'NONE', #2404 ) ;
#3188 =( LENGTH_UNIT ( ) NAMED_UNIT ( * ) SI_UNIT ( .MILLI., .METRE. ) );
#3189 = VECTOR ( 'NONE', #6462, 1000.000000000000000 ) ;
#3190 = VECTOR ( 'NONE', #5768, 1000.000000000000000 ) ;
#3191 = ORIENTED_EDGE ( 'NONE', *, *, #4389, .F. ) ;
#3192 = PLANE ( 'NONE',  #1307 ) ;
#3193 = CARTESIAN_POINT ( 'NONE',  ( 3.145000000000000000, 1.200000000000000000, 1.529999999999999800 ) ) ;
#3194 = DIRECTION ( 'NONE',  ( 0.0000000000000000000, -0.0000000000000000000, 1.000000000000000000 ) ) ;
#3195 = ORIENTED_EDGE ( 'NONE', *, *, #4671, .T. ) ;
#3196 = CARTESIAN_POINT ( 'NONE',  ( 2.345000000000000200, 1.100000000000000100, 0.3039999999999999400 ) ) ;
#3197 = EDGE_CURVE ( 'NONE', #180, #6250, #4397, .T. ) ;
#3198 = VECTOR ( 'NONE', #128, 1000.000000000000000 ) ;
#3199 = ORIENTED_EDGE ( 'NONE', *, *, #6190, .F. ) ;
#3200 = ORIENTED_EDGE ( 'NONE', *, *, #565, .F. ) ;
#3201 = DIRECTION ( 'NONE',  ( 0.0000000000000000000, 1.000000000000000000, -1.355252715606881500E-016 ) ) ;
#3202 = CARTESIAN_POINT ( 'NONE',  ( -0.4649999999999996400, -0.6250000000000003300, 0.2999999999999964900 ) ) ;
#3203 = LINE ( 'NONE', #1378, #5912 ) ;
#3204 = ORIENTED_EDGE ( 'NONE', *, *, #552, .T. ) ;
#3205 = AXIS2_PLACEMENT_3D ( 'NONE', #3127, #6582, #6360 ) ;
#3206 = ORIENTED_EDGE ( 'NONE', *, *, #5752, .F. ) ;
#3208 = ADVANCED_FACE ( 'NONE', ( #1287 ), #1845, .T. ) ;
#3207 = CARTESIAN_POINT ( 'NONE',  ( 2.345000000000000200, -0.8799999999999986700, 0.2999999999999999300 ) ) ;
#3209 = COLOUR_RGB ( '',0.8000000000000000400, 0.8078431372549019800, 0.8000000000000000400 ) ;
#3210 = VERTEX_POINT ( 'NONE', #6738 ) ;
#3211 = CARTESIAN_POINT ( 'NONE',  ( -3.145000000000000000, -0.8799999999999994500, 1.529999999999999800 ) ) ;
#3212 = EDGE_CURVE ( 'NONE', #5047, #6913, #6926, .T. ) ;
#3213 = ORIENTED_EDGE ( 'NONE', *, *, #4635, .T. ) ;
#3214 =( NAMED_UNIT ( * ) PLANE_ANGLE_UNIT ( ) SI_UNIT ( $, .RADIAN. ) );
#3215 = EDGE_CURVE ( 'NONE', #5134, #1483, #2779, .T. ) ;
#3216 = VERTEX_POINT ( 'NONE', #5131 ) ;
#3217 = AXIS2_PLACEMENT_3D ( 'NONE', #6876, #3638, #279 ) ;
#3218 = ORIENTED_EDGE ( 'NONE', *, *, #5235, .T. ) ;
#3219 =( GEOMETRIC_REPRESENTATION_CONTEXT ( 3 ) GLOBAL_UNCERTAINTY_ASSIGNED_CONTEXT ( ( #2687 ) ) GLOBAL_UNIT_ASSIGNED_CONTEXT ( ( #5548, #4990, #4917 ) ) REPRESENTATION_CONTEXT ( 'NONE', 'WORKASPACE' ) );
#3220 = SURFACE_STYLE_FILL_AREA ( #1855 ) ;
#3221 = ORIENTED_EDGE ( 'NONE', *, *, #621, .T. ) ;
#3222 = PLANE ( 'NONE',  #416 ) ;
#3223 = CARTESIAN_POINT ( 'NONE',  ( -3.145000000000000000, -1.100000000000000100, 1.529999999999999800 ) ) ;
#3224 = CARTESIAN_POINT ( 'NONE',  ( 0.7850000000000011400, -0.3750000000000003300, 1.749999999999996400 ) ) ;
#3225 = CARTESIAN_POINT ( 'NONE',  ( -0.4649999999999988600, -0.3750000000000003300, 0.04999999999999861500 ) ) ;
#3226 = VECTOR ( 'NONE', #3237, 1000.000000000000000 ) ;
#3227 = LINE ( 'NONE', #3282, #3060 ) ;
#3228 = UNCERTAINTY_MEASURE_WITH_UNIT (LENGTH_MEASURE( 1.000000000000000100E-005 ), #1713, 'distance_accuracy_value', 'NONE');
#3229 = PLANE ( 'NONE',  #2199 ) ;
#3230 = DIRECTION ( 'NONE',  ( 1.000000000000000000, 0.0000000000000000000, 6.122553444624025000E-016 ) ) ;
#3231 = CARTESIAN_POINT ( 'NONE',  ( 0.7850000000000003600, -0.1500000000000003000, 0.1799999999999965800 ) ) ;
#3232 = ORIENTED_EDGE ( 'NONE', *, *, #5190, .T. ) ;
#3233 = FILL_AREA_STYLE_COLOUR ( '', #2835 ) ;
#3234 = CARTESIAN_POINT ( 'NONE',  ( 0.7850000000000003600, -0.1500000000000003300, 0.2999999999999965500 ) ) ;
#3235 = CARTESIAN_POINT ( 'NONE',  ( 0.7850000000000003600, 2.549999999999999800, 0.4499999999999999000 ) ) ;
#3236 = VERTEX_POINT ( 'NONE', #4580 ) ;
#3237 = DIRECTION ( 'NONE',  ( 0.0000000000000000000, 0.0000000000000000000, -1.000000000000000000 ) ) ;
#3238 = PLANE ( 'NONE',  #5541 ) ;
#3239 = CARTESIAN_POINT ( 'NONE',  ( 2.125000000000000000, -0.8000000000000009300, 4.699999999999998400 ) ) ;
#3240 = SURFACE_STYLE_FILL_AREA ( #4119 ) ;
#3241 = CARTESIAN_POINT ( 'NONE',  ( -2.124999999999999600, -1.100000000000000100, 0.2999999999999999900 ) ) ;
#3242 = EDGE_CURVE ( 'NONE', #4956, #1053, #5509, .T. ) ;
#3243 = DIRECTION ( 'NONE',  ( 2.891205793294679300E-016, -1.000000000000000000, 0.0000000000000000000 ) ) ;
#3244 = ADVANCED_FACE ( 'NONE', ( #1105 ), #149, .F. ) ;
#3245 = VECTOR ( 'NONE', #66, 1000.000000000000000 ) ;
#3246 = LINE ( 'NONE', #1066, #1615 ) ;
#3247 = CARTESIAN_POINT ( 'NONE',  ( -1.625000000000000700, 2.600000000000000100, 0.2999999999999998200 ) ) ;
#3248 = ORIENTED_EDGE ( 'NONE', *, *, #6731, .F. ) ;
#3249 = EDGE_CURVE ( 'NONE', #2071, #7039, #6755, .T. ) ;
#3250 = CARTESIAN_POINT ( 'NONE',  ( -3.624999999999999600, -1.100000000000000100, 0.7999999999999976000 ) ) ;
#3251 = EDGE_CURVE ( 'NONE', #918, #6614, #2604, .T. ) ;
#3252 = EDGE_LOOP ( 'NONE', ( #6409, #4315, #1176, #1371 ) ) ;
#3253 =( NAMED_UNIT ( * ) SI_UNIT ( $, .STERADIAN. ) SOLID_ANGLE_UNIT ( ) );
#3254 = DIRECTION ( 'NONE',  ( -1.000000000000000000, -0.0000000000000000000, -0.0000000000000000000 ) ) ;
#3255 = VECTOR ( 'NONE', #2966, 1000.000000000000000 ) ;
#3256 = AXIS2_PLACEMENT_3D ( 'NONE', #2566, #6357, #3118 ) ;
#3257 =( LENGTH_UNIT ( ) NAMED_UNIT ( * ) SI_UNIT ( .MILLI., .METRE. ) );
#3258 = AXIS2_PLACEMENT_3D ( 'NONE', #1116, #602, #555 ) ;
#3259 = LINE ( 'NONE', #5336, #5974 ) ;
#3260 = DIRECTION ( 'NONE',  ( 0.0000000000000000000, -1.000000000000000000, 0.0000000000000000000 ) ) ;
#3261 = VECTOR ( 'NONE', #590, 1000.000000000000000 ) ;
#3262 = EDGE_CURVE ( 'NONE', #4175, #507, #2432, .T. ) ;
#3263 =( NAMED_UNIT ( * ) PLANE_ANGLE_UNIT ( ) SI_UNIT ( $, .RADIAN. ) );
#3264 = VERTEX_POINT ( 'NONE', #3536 ) ;
#3265 = FACE_OUTER_BOUND ( 'NONE', #2854, .T. ) ;
#3266 = DIRECTION ( 'NONE',  ( 0.0000000000000000000, 0.0000000000000000000, -1.000000000000000000 ) ) ;
#3267 = LINE ( 'NONE', #934, #6144 ) ;
#3268 = ORIENTED_EDGE ( 'NONE', *, *, #6867, .F. ) ;
#3269 = LINE ( 'NONE', #5930, #4531 ) ;
#3270 = VERTEX_POINT ( 'NONE', #757 ) ;
#3271 =( NAMED_UNIT ( * ) PLANE_ANGLE_UNIT ( ) SI_UNIT ( $, .RADIAN. ) );
#3272 = ORIENTED_EDGE ( 'NONE', *, *, #2051, .T. ) ;
#3273 = ORIENTED_EDGE ( 'NONE', *, *, #4263, .T. ) ;
#3274 = EDGE_LOOP ( 'NONE', ( #328, #5196, #5205, #919 ) ) ;
#3275 = VECTOR ( 'NONE', #6312, 999.9999999999998900 ) ;
#3276 = ADVANCED_FACE ( 'NONE', ( #2260 ), #1924, .T. ) ;
#3277 = ORIENTED_EDGE ( 'NONE', *, *, #5191, .F. ) ;
#3278 = VERTEX_POINT ( 'NONE', #4627 ) ;
#3279 = EDGE_CURVE ( 'NONE', #4219, #6790, #3203, .T. ) ;
#3280 = CARTESIAN_POINT ( 'NONE',  ( -2.124999999999999600, 1.200000000000000000, 0.2999999999999999900 ) ) ;
#3281 = LINE ( 'NONE', #1560, #1815 ) ;
#3282 = CARTESIAN_POINT ( 'NONE',  ( 0.3499999999999918200, 0.09999999999999982500, 3.224999999999990800 ) ) ;
#3283 = ORIENTED_EDGE ( 'NONE', *, *, #3290, .F. ) ;
#3284 = CARTESIAN_POINT ( 'NONE',  ( 1.249999999999999800, -0.3750000000000006700, 0.6499999999999990200 ) ) ;
#3285 = DIRECTION ( 'NONE',  ( 0.0000000000000000000, -1.000000000000000000, -0.0000000000000000000 ) ) ;
#3286 = ORIENTED_EDGE ( 'NONE', *, *, #5151, .T. ) ;
#3287 = DIRECTION ( 'NONE',  ( 0.0000000000000000000, 0.0000000000000000000, 1.000000000000000000 ) ) ;
#3288 = LINE ( 'NONE', #1816, #6011 ) ;
#3289 = VERTEX_POINT ( 'NONE', #3062 ) ;
#3290 = EDGE_CURVE ( 'NONE', #4448, #1355, #4629, .T. ) ;
#3291 = EDGE_CURVE ( 'NONE', #6485, #4749, #4468, .T. ) ;
#3292 = DIRECTION ( 'NONE',  ( 0.7071067811865460200, 0.7071067811865490200, -1.629776165692359100E-017 ) ) ;
#3293 = VERTEX_POINT ( 'NONE', #5200 ) ;
#3294 = CARTESIAN_POINT ( 'NONE',  ( -2.599000000000000200, 1.200000000000000000, 0.2999999999999999900 ) ) ;
#3295 = ORIENTED_EDGE ( 'NONE', *, *, #6639, .T. ) ;
#3296 = FACE_OUTER_BOUND ( 'NONE', #4005, .T. ) ;
#3297 =( GEOMETRIC_REPRESENTATION_CONTEXT ( 3 ) GLOBAL_UNCERTAINTY_ASSIGNED_CONTEXT ( ( #1121 ) ) GLOBAL_UNIT_ASSIGNED_CONTEXT ( ( #1899, #2408, #2961 ) ) REPRESENTATION_CONTEXT ( 'NONE', 'WORKASPACE' ) );
#3298 = LINE ( 'NONE', #201, #4721 ) ;
#3299 = CARTESIAN_POINT ( 'NONE',  ( 1.524999999999993000, 0.09999999999999982500, 4.399999999999995900 ) ) ;
#3300 = CARTESIAN_POINT ( 'NONE',  ( -0.4649999999999996400, 3.100000000000000100, 0.3499999999999989800 ) ) ;
#3301 = EDGE_CURVE ( 'NONE', #2511, #6752, #1733, .T. ) ;
#3302 = AXIS2_PLACEMENT_3D ( 'NONE', #6698, #3454, #83 ) ;
#3303 = CARTESIAN_POINT ( 'NONE',  ( -2.649000000000000500, 1.100000000000000100, 0.3039999999999999400 ) ) ;
#3304 = AXIS2_PLACEMENT_3D ( 'NONE', #3852, #63, #4903 ) ;
#3305 = DIRECTION ( 'NONE',  ( 0.7071067811865460200, -0.7071067811865490200, 1.629776165692359100E-017 ) ) ;
#3306 = SURFACE_SIDE_STYLE ('',( #1775 ) ) ;
#3307 = DIRECTION ( 'NONE',  ( 0.0000000000000000000, -1.000000000000000000, 0.0000000000000000000 ) ) ;
#3308 = ADVANCED_FACE ( 'NONE', ( #5743 ), #5228, .F. ) ;
#3309 = VECTOR ( 'NONE', #5511, 1000.000000000000000 ) ;
#3310 = CARTESIAN_POINT ( 'NONE',  ( 1.250000000000000000, -1.165808787618822900E-016, 0.6499999999999990200 ) ) ;
#3311 = VECTOR ( 'NONE', #1984, 1000.000000000000000 ) ;
#3312 = DIRECTION ( 'NONE',  ( 0.0000000000000000000, 0.0000000000000000000, 1.000000000000000000 ) ) ;
#3313 = CARTESIAN_POINT ( 'NONE',  ( -2.124999999999999100, 1.700000000000000200, 3.699999999999996600 ) ) ;
#3314 = ORIENTED_EDGE ( 'NONE', *, *, #5827, .F. ) ;
#3315 = SURFACE_STYLE_USAGE ( .BOTH. , #6550 ) ;
#3316 = EDGE_LOOP ( 'NONE', ( #4350, #3564, #5674, #2968, #2359 ) ) ;
#3317 = CARTESIAN_POINT ( 'NONE',  ( -2.649000000000000500, 1.100000000000000100, 1.226000000000000000 ) ) ;
#3318 = ORIENTED_EDGE ( 'NONE', *, *, #6457, .T. ) ;
#3319 = FILL_AREA_STYLE_COLOUR ( '', #439 ) ;
#3320 = DIRECTION ( 'NONE',  ( 0.0000000000000000000, -0.7071067811865443500, 0.7071067811865506800 ) ) ;
#3321 = VECTOR ( 'NONE', #4409, 1000.000000000000100 ) ;
#3322 = SURFACE_STYLE_USAGE ( .BOTH. , #6561 ) ;
#3323 = EDGE_CURVE ( 'NONE', #5327, #1945, #1570, .T. ) ;
#3324 = ORIENTED_EDGE ( 'NONE', *, *, #1497, .T. ) ;
#3325 = FACE_OUTER_BOUND ( 'NONE', #4548, .T. ) ;
#3326 = EDGE_LOOP ( 'NONE', ( #2183, #2252, #3442, #6080 ) ) ;
#3327 = FILL_AREA_STYLE ('',( #4000 ) ) ;
#3328 = CARTESIAN_POINT ( 'NONE',  ( 3.145000000000000000, 1.100000000000000100, 1.529999999999999800 ) ) ;
#3329 = STYLED_ITEM ( 'NONE', ( #6625 ), #389 ) ;
#3330 = VERTEX_POINT ( 'NONE', #4203 ) ;
#3331 = CARTESIAN_POINT ( 'NONE',  ( 2.124999999999998200, 1.420000000000001300, 0.2999999999999986600 ) ) ;
#3332 = DIRECTION ( 'NONE',  ( 0.0000000000000000000, 1.556803119466363000E-015, -1.000000000000000000 ) ) ;
#3333 = UNCERTAINTY_MEASURE_WITH_UNIT (LENGTH_MEASURE( 1.000000000000000100E-005 ), #932, 'distance_accuracy_value', 'NONE');
#3334 = EDGE_CURVE ( 'NONE', #2113, #2623, #5590, .T. ) ;
#3335 = VECTOR ( 'NONE', #4271, 1000.000000000000000 ) ;
#3336 = DIRECTION ( 'NONE',  ( -0.0000000000000000000, -1.000000000000000000, -0.0000000000000000000 ) ) ;
#3337 = EDGE_CURVE ( 'NONE', #5866, #2046, #10, .T. ) ;
#3338 = ADVANCED_FACE ( 'NONE', ( #6840 ), #5791, .T. ) ;
#3339 = DIRECTION ( 'NONE',  ( -1.000000000000000000, -0.0000000000000000000, -0.0000000000000000000 ) ) ;
#3340 = AXIS2_PLACEMENT_3D ( 'NONE', #6249, #3005, #6782 ) ;
#3341 = DIRECTION ( 'NONE',  ( 0.0000000000000000000, -1.000000000000000000, 0.0000000000000000000 ) ) ;
#3342 = LINE ( 'NONE', #5593, #4764 ) ;
#3343 = AXIS2_PLACEMENT_3D ( 'NONE', #1160, #1739, #345 ) ;
#3344 = ORIENTED_EDGE ( 'NONE', *, *, #565, .T. ) ;
#3345 = CARTESIAN_POINT ( 'NONE',  ( -0.7679931972789116900, -0.3537414965986410700, 3.585034013605425500 ) ) ;
#3346 = DIRECTION ( 'NONE',  ( 0.0000000000000000000, 0.0000000000000000000, -1.000000000000000000 ) ) ;
#3347 = VERTEX_POINT ( 'NONE', #1995 ) ;
#3348 = DIRECTION ( 'NONE',  ( 0.0000000000000000000, 1.000000000000000000, 0.0000000000000000000 ) ) ;
#3349 = SURFACE_STYLE_USAGE ( .BOTH. , #1069 ) ;
#3350 = VECTOR ( 'NONE', #6442, 1000.000000000000000 ) ;
#3351 = VECTOR ( 'NONE', #6826, 1000.000000000000000 ) ;
#3352 = ORIENTED_EDGE ( 'NONE', *, *, #4686, .F. ) ;
#3353 = ORIENTED_EDGE ( 'NONE', *, *, #4517, .T. ) ;
#3354 = DIRECTION ( 'NONE',  ( 1.000000000000000000, 0.0000000000000000000, 0.0000000000000000000 ) ) ;
#3355 = AXIS2_PLACEMENT_3D ( 'NONE', #6898, #3661, #300 ) ;
#3356 = VECTOR ( 'NONE', #7081, 1000.000000000000000 ) ;
#3357 = ORIENTED_EDGE ( 'NONE', *, *, #4191, .T. ) ;
#3358 = ORIENTED_EDGE ( 'NONE', *, *, #2151, .T. ) ;
#3359 = CARTESIAN_POINT ( 'NONE',  ( 3.145000000000000000, -1.100000000000000100, 1.529999999999999800 ) ) ;
#3360 = VECTOR ( 'NONE', #500, 1000.000000000000000 ) ;
#3361 = ORIENTED_EDGE ( 'NONE', *, *, #461, .T. ) ;
#3362 = CARTESIAN_POINT ( 'NONE',  ( 2.649000000000000500, 1.100000000000000100, 0.2540000000000000000 ) ) ;
#3363 = VECTOR ( 'NONE', #4051, 1000.000000000000000 ) ;
#3364 = ORIENTED_EDGE ( 'NONE', *, *, #6911, .F. ) ;
#3365 = DIRECTION ( 'NONE',  ( 0.0000000000000000000, 1.000000000000000000, 0.0000000000000000000 ) ) ;
#3366 =( NAMED_UNIT ( * ) SI_UNIT ( $, .STERADIAN. ) SOLID_ANGLE_UNIT ( ) );
#3367 = SURFACE_STYLE_FILL_AREA ( #301 ) ;
#3368 = DIRECTION ( 'NONE',  ( 0.0000000000000000000, 0.0000000000000000000, -1.000000000000000000 ) ) ;
#3369 = VERTEX_POINT ( 'NONE', #4718 ) ;
#3370 = ORIENTED_EDGE ( 'NONE', *, *, #4040, .T. ) ;
#3371 = SURFACE_STYLE_FILL_AREA ( #6192 ) ;
#3372 = PLANE ( 'NONE',  #6693 ) ;
#3373 =( NAMED_UNIT ( * ) SI_UNIT ( $, .STERADIAN. ) SOLID_ANGLE_UNIT ( ) );
#3374 = CARTESIAN_POINT ( 'NONE',  ( 0.2000000000000003200, -1.100000000000000100, 0.6499999999999990200 ) ) ;
#3375 = ADVANCED_FACE ( 'NONE', ( #5419 ), #282, .T. ) ;
#3376 = ORIENTED_EDGE ( 'NONE', *, *, #5924, .F. ) ;
#3377 = VERTEX_POINT ( 'NONE', #1449 ) ;
#3378 = LINE ( 'NONE', #1595, #4641 ) ;
#3379 = EDGE_CURVE ( 'NONE', #5267, #3859, #1195, .T. ) ;
#3380 = EDGE_CURVE ( 'NONE', #5882, #4768, #2686, .T. ) ;
#3381 = DIRECTION ( 'NONE',  ( -1.000000000000000000, -0.0000000000000000000, -0.0000000000000000000 ) ) ;
#3382 = CARTESIAN_POINT ( 'NONE',  ( 3.324999999999999700, -0.8000000000000009300, 1.699999999999989700 ) ) ;
#3383 = CARTESIAN_POINT ( 'NONE',  ( -0.4649999999999996400, 0.4249999999999998200, 0.6499999999999964700 ) ) ;
#3384 = LINE ( 'NONE', #5247, #1930 ) ;
#3385 = ORIENTED_EDGE ( 'NONE', *, *, #5401, .T. ) ;
#3386 = STYLED_ITEM ( 'NONE', ( #5949 ), #5762 ) ;
#3387 = MECHANICAL_DESIGN_GEOMETRIC_PRESENTATION_REPRESENTATION (  '', ( #2650 ), #3765 ) ;
#3388 = CARTESIAN_POINT ( 'NONE',  ( -0.7849999999999997000, 2.999999999999999600, -1.761828530288944700E-016 ) ) ;
#3389 = DIRECTION ( 'NONE',  ( 0.0000000000000000000, 0.0000000000000000000, -1.000000000000000000 ) ) ;
#3390 = EDGE_CURVE ( 'NONE', #449, #2630, #3990, .T. ) ;
#3391 = CARTESIAN_POINT ( 'NONE',  ( -2.124999999999999100, 1.700000000000000200, 3.699999999999996600 ) ) ;
#3392 = CARTESIAN_POINT ( 'NONE',  ( 0.5650000000000006100, -0.2500000000000006700, 3.999999999999993300 ) ) ;
#3393 = PLANE ( 'NONE',  #752 ) ;
#3394 = ORIENTED_EDGE ( 'NONE', *, *, #6717, .T. ) ;
#3395 = AXIS2_PLACEMENT_3D ( 'NONE', #5306, #5849, #2603 ) ;
#3396 = DIRECTION ( 'NONE',  ( 0.0000000000000000000, 1.000000000000000000, 0.0000000000000000000 ) ) ;
#3397 = CARTESIAN_POINT ( 'NONE',  ( 1.524999999999992600, 1.700000000000000200, 1.749999999999996400 ) ) ;
#3398 = LINE ( 'NONE', #5143, #4661 ) ;
#3399 = ORIENTED_EDGE ( 'NONE', *, *, #1952, .F. ) ;
#3400 = ORIENTED_EDGE ( 'NONE', *, *, #1045, .F. ) ;
#3401 = DIRECTION ( 'NONE',  ( 0.0000000000000000000, 0.7071067811865453500, -0.7071067811865496800 ) ) ;
#3402 = DIRECTION ( 'NONE',  ( 1.000000000000000000, 0.0000000000000000000, 0.0000000000000000000 ) ) ;
#3403 = DIRECTION ( 'NONE',  ( -0.0000000000000000000, -1.000000000000000000, -0.0000000000000000000 ) ) ;
#3404 = CARTESIAN_POINT ( 'NONE',  ( -0.5499999999999994900, 3.673118842698620300, 3.249999999999996000 ) ) ;
#3405 = LINE ( 'NONE', #1795, #4831 ) ;
#3406 = LINE ( 'NONE', #2190, #233 ) ;
#3407 = ADVANCED_FACE ( 'NONE', ( #3808 ), #6901, .T. ) ;
#3408 = CARTESIAN_POINT ( 'NONE',  ( 0.0000000000000000000, 0.0000000000000000000, 1.699999999999989700 ) ) ;
#3409 = ORIENTED_EDGE ( 'NONE', *, *, #3042, .T. ) ;
#3410 = ORIENTED_EDGE ( 'NONE', *, *, #4348, .T. ) ;
#3411 = COLOUR_RGB ( '',0.8000000000000000400, 0.8078431372549019800, 0.8000000000000000400 ) ;
#3412 = VERTEX_POINT ( 'NONE', #6930 ) ;
#3413 = DIRECTION ( 'NONE',  ( 1.000000000000000000, 0.0000000000000000000, 0.0000000000000000000 ) ) ;
#3414 = CARTESIAN_POINT ( 'NONE',  ( 2.649000000000000500, 1.100000000000000100, 0.3039999999999999400 ) ) ;
#3415 = EDGE_CURVE ( 'NONE', #1184, #6972, #6662, .T. ) ;
#3416 = EDGE_CURVE ( 'NONE', #4669, #2653, #2345, .T. ) ;
#3417 = LINE ( 'NONE', #2108, #2145 ) ;
#3418 = VECTOR ( 'NONE', #6524, 1000.000000000000000 ) ;
#3419 = ORIENTED_EDGE ( 'NONE', *, *, #4147, .F. ) ;
#3420 = PRESENTATION_STYLE_ASSIGNMENT (( #3572 ) ) ;
#3421 = VECTOR ( 'NONE', #6794, 1000.000000000000000 ) ;
#3422 = DIRECTION ( 'NONE',  ( -1.000000000000000000, -0.0000000000000000000, 3.061276722312012500E-016 ) ) ;
#3423 =( NAMED_UNIT ( * ) PLANE_ANGLE_UNIT ( ) SI_UNIT ( $, .RADIAN. ) );
#3424 = EDGE_CURVE ( 'NONE', #601, #7017, #822, .T. ) ;
#3425 = VECTOR ( 'NONE', #5396, 1000.000000000000000 ) ;
#3426 = ORIENTED_EDGE ( 'NONE', *, *, #4898, .T. ) ;
#3427 = EDGE_CURVE ( 'NONE', #6007, #1075, #3619, .T. ) ;
#3428 = LINE ( 'NONE', #7104, #1979 ) ;
#3429 = LINE ( 'NONE', #5369, #1980 ) ;
#3430 = AXIS2_PLACEMENT_3D ( 'NONE', #2189, #1653, #5473 ) ;
#3431 = STYLED_ITEM ( 'NONE', ( #1495 ), #2377 ) ;
#3432 = ORIENTED_EDGE ( 'NONE', *, *, #4055, .F. ) ;
#3433 = PRESENTATION_LAYER_ASSIGNMENT (  '', '', ( #2712 ) ) ;
#3434 = LINE ( 'NONE', #1421, #6153 ) ;
#3435 = COLOUR_RGB ( '',0.8000000000000000400, 0.8078431372549019800, 0.8000000000000000400 ) ;
#3436 = CARTESIAN_POINT ( 'NONE',  ( -0.4649999999999996400, 3.100000000000000100, 0.3499999999999989800 ) ) ;
#3437 = ORIENTED_EDGE ( 'NONE', *, *, #217, .T. ) ;
#3438 = CARTESIAN_POINT ( 'NONE',  ( -2.125000000000000000, 2.600000000000000100, 0.2999999999999999900 ) ) ;
#3439 = PLANE ( 'NONE',  #2575 ) ;
#3440 = CARTESIAN_POINT ( 'NONE',  ( 1.049999999999999800, 2.600000000000000100, 0.6499999999999990200 ) ) ;
#3441 = VECTOR ( 'NONE', #421, 1000.000000000000000 ) ;
#3442 = ORIENTED_EDGE ( 'NONE', *, *, #605, .F. ) ;
#3443 = ADVANCED_FACE ( 'NONE', ( #4874 ), #2072, .F. ) ;
#3444 = VECTOR ( 'NONE', #5352, 1000.000000000000000 ) ;
#3445 = DIRECTION ( 'NONE',  ( -1.000000000000000000, -0.0000000000000000000, -0.0000000000000000000 ) ) ;
#3446 = EDGE_LOOP ( 'NONE', ( #6122, #2065, #3400, #5074, #3834, #1919, #689, #1890, #2083, #951, #425, #3125, #5309, #6883, #4212, #4694, #5420, #7135 ) ) ;
#3447 = CARTESIAN_POINT ( 'NONE',  ( -3.124999999999999100, 1.700000000000000000, 0.2999999999999999300 ) ) ;
#3448 = ORIENTED_EDGE ( 'NONE', *, *, #2425, .F. ) ;
#3449 = ORIENTED_EDGE ( 'NONE', *, *, #5868, .T. ) ;
#3450 = EDGE_CURVE ( 'NONE', #1461, #873, #642, .T. ) ;
#3451 = VERTEX_POINT ( 'NONE', #1527 ) ;
#3452 = DIRECTION ( 'NONE',  ( 0.0000000000000000000, 1.000000000000000000, 0.0000000000000000000 ) ) ;
#3453 = FACE_OUTER_BOUND ( 'NONE', #1089, .T. ) ;
#3454 = DIRECTION ( 'NONE',  ( 1.000000000000000000, 0.0000000000000000000, -1.495451272393799300E-016 ) ) ;
#3455 = DIRECTION ( 'NONE',  ( -1.000000000000000000, 0.0000000000000000000, 0.0000000000000000000 ) ) ;
#3456 = AXIS2_PLACEMENT_3D ( 'NONE', #3408, #2827, #2344 ) ;
#3457 = ORIENTED_EDGE ( 'NONE', *, *, #1812, .T. ) ;
#3458 = EDGE_CURVE ( 'NONE', #6750, #1557, #6161, .T. ) ;
#3459 = UNCERTAINTY_MEASURE_WITH_UNIT (LENGTH_MEASURE( 1.000000000000000100E-005 ), #6112, 'distance_accuracy_value', 'NONE');
#3460 = CARTESIAN_POINT ( 'NONE',  ( -2.599000000000000200, -0.8799999999999994500, 1.275999999999999800 ) ) ;
#3461 = EDGE_CURVE ( 'NONE', #1481, #2491, #456, .T. ) ;
#3462 = DIRECTION ( 'NONE',  ( -0.0000000000000000000, -1.000000000000000000, -0.0000000000000000000 ) ) ;
#3463 =( LENGTH_UNIT ( ) NAMED_UNIT ( * ) SI_UNIT ( .MILLI., .METRE. ) );
#3464 = EDGE_LOOP ( 'NONE', ( #2061, #839, #1192, #4054 ) ) ;
#3465 = CARTESIAN_POINT ( 'NONE',  ( 1.624999999999999800, 2.600000000000000100, 0.04999999999999883000 ) ) ;
#3466 = AXIS2_PLACEMENT_3D ( 'NONE', #2240, #2794, #6566 ) ;
#3467 =( LENGTH_UNIT ( ) NAMED_UNIT ( * ) SI_UNIT ( .MILLI., .METRE. ) );
#3468 = FACE_OUTER_BOUND ( 'NONE', #2864, .T. ) ;
#3469 = EDGE_LOOP ( 'NONE', ( #306, #280, #981, #6477, #3793, #2401, #3009, #945, #3717, #4298, #6225, #2144, #2735 ) ) ;
#3470 = VERTEX_POINT ( 'NONE', #6975 ) ;
#3471 = AXIS2_PLACEMENT_3D ( 'NONE', #1477, #5845, #2596 ) ;
#3472 = ADVANCED_FACE ( 'NONE', ( #284 ), #4302, .T. ) ;
#3473 = ORIENTED_EDGE ( 'NONE', *, *, #688, .T. ) ;
#3474 = EDGE_LOOP ( 'NONE', ( #4184, #3873, #6184, #1896 ) ) ;
#3475 = PLANE ( 'NONE',  #4058 ) ;
#3476 = DIRECTION ( 'NONE',  ( -0.0000000000000000000, 0.0000000000000000000, 1.000000000000000000 ) ) ;
#3477 = VECTOR ( 'NONE', #1345, 1000.000000000000000 ) ;
#3478 = FACE_OUTER_BOUND ( 'NONE', #4330, .T. ) ;
#3479 = CARTESIAN_POINT ( 'NONE',  ( 2.649000000000000500, -1.100000000000000100, 0.3039999999999999400 ) ) ;
#3480 = DIRECTION ( 'NONE',  ( 0.0000000000000000000, 0.0000000000000000000, -1.000000000000000000 ) ) ;
#3481 = CARTESIAN_POINT ( 'NONE',  ( -2.124999999999999100, -1.000000000000000000, 4.699999999999995700 ) ) ;
#3482 = EDGE_LOOP ( 'NONE', ( #104, #2758, #5793, #457 ) ) ;
#3483 = EDGE_CURVE ( 'NONE', #6338, #4700, #3281, .T. ) ;
#3484 = CARTESIAN_POINT ( 'NONE',  ( 0.4650000000000003600, -0.3750000000000001100, 1.749999999999996400 ) ) ;
#3485 = SURFACE_STYLE_FILL_AREA ( #4967 ) ;
#3486 = FACE_OUTER_BOUND ( 'NONE', #6039, .T. ) ;
#3487 = CARTESIAN_POINT ( 'NONE',  ( -0.4649999999999996400, 3.100000000000000100, 0.09999999999999947800 ) ) ;
#3488 = ORIENTED_EDGE ( 'NONE', *, *, #6859, .F. ) ;
#3489 = VECTOR ( 'NONE', #3680, 1000.000000000000000 ) ;
#3490 = CARTESIAN_POINT ( 'NONE',  ( 0.4650000000000003600, 0.4249999999999998200, 3.999999999999993300 ) ) ;
#3491 = LINE ( 'NONE', #230, #2064 ) ;
#3492 = DIRECTION ( 'NONE',  ( 0.0000000000000000000, 0.0000000000000000000, -1.000000000000000000 ) ) ;
#3493 = VECTOR ( 'NONE', #3452, 1000.000000000000000 ) ;
#3494 = CARTESIAN_POINT ( 'NONE',  ( -1.524999999999999500, 1.700000000000000200, 1.749999999999996400 ) ) ;
#3495 = VERTEX_POINT ( 'NONE', #5914 ) ;
#3496 = CARTESIAN_POINT ( 'NONE',  ( -2.125000000000000000, -1.100000000000000100, 0.2999999999999999900 ) ) ;
#3497 = EDGE_CURVE ( 'NONE', #3838, #6052, #3117, .T. ) ;
#3498 = VECTOR ( 'NONE', #4912, 1000.000000000000000 ) ;
#3499 = EDGE_CURVE ( 'NONE', #4086, #918, #4541, .T. ) ;
#3500 = ADVANCED_FACE ( 'NONE', ( #6005 ), #4828, .T. ) ;
#3501 = CARTESIAN_POINT ( 'NONE',  ( 2.125000000000000900, 2.600000000000000100, 4.699999999999998400 ) ) ;
#3502 = AXIS2_PLACEMENT_3D ( 'NONE', #3438, #4499, #5042 ) ;
#3503 = VERTEX_POINT ( 'NONE', #3224 ) ;
#3504 = DIRECTION ( 'NONE',  ( 1.000000000000000000, 0.0000000000000000000, -2.304851557154560100E-017 ) ) ;
#3505 = LINE ( 'NONE', #4806, #720 ) ;
#3506 = LINE ( 'NONE', #3577, #3351 ) ;
#3507 = ORIENTED_EDGE ( 'NONE', *, *, #6831, .T. ) ;
#3508 =( GEOMETRIC_REPRESENTATION_CONTEXT ( 3 ) GLOBAL_UNCERTAINTY_ASSIGNED_CONTEXT ( ( #3228 ) ) GLOBAL_UNIT_ASSIGNED_CONTEXT ( ( #1713, #1706, #1678 ) ) REPRESENTATION_CONTEXT ( 'NONE', 'WORKASPACE' ) );
#3509 = CARTESIAN_POINT ( 'NONE',  ( 0.0000000000000000000, -1.100000000000000100, 1.749999999999999600 ) ) ;
#3510 =( NAMED_UNIT ( * ) PLANE_ANGLE_UNIT ( ) SI_UNIT ( $, .RADIAN. ) );
#3511 = EDGE_CURVE ( 'NONE', #1053, #6195, #90, .T. ) ;
#3512 = VECTOR ( 'NONE', #4696, 1000.000000000000000 ) ;
#3513 = ORIENTED_EDGE ( 'NONE', *, *, #2856, .F. ) ;
#3514 = ORIENTED_EDGE ( 'NONE', *, *, #5051, .F. ) ;
#3515 = MECHANICAL_DESIGN_GEOMETRIC_PRESENTATION_REPRESENTATION (  '', ( #2436 ), #3915 ) ;
#3516 = SURFACE_STYLE_FILL_AREA ( #4624 ) ;
#3517 = LINE ( 'NONE', #1042, #4958 ) ;
#3518 = CARTESIAN_POINT ( 'NONE',  ( -0.2000000000000003200, 2.600000000000000100, 0.2999999999999993200 ) ) ;
#3519 = PRESENTATION_LAYER_ASSIGNMENT (  '', '', ( #3174 ) ) ;
#3520 = ORIENTED_EDGE ( 'NONE', *, *, #6425, .F. ) ;
#3521 = UNCERTAINTY_MEASURE_WITH_UNIT (LENGTH_MEASURE( 1.000000000000000100E-005 ), #2104, 'distance_accuracy_value', 'NONE');
#3522 =( NAMED_UNIT ( * ) SI_UNIT ( $, .STERADIAN. ) SOLID_ANGLE_UNIT ( ) );
#3523 = DIRECTION ( 'NONE',  ( 1.000000000000000000, 0.0000000000000000000, -3.051828337366604500E-016 ) ) ;
#3524 = AXIS2_PLACEMENT_3D ( 'NONE', #5307, #5851, #2605 ) ;
#3525 = VECTOR ( 'NONE', #137, 1000.000000000000000 ) ;
#3526 = ORIENTED_EDGE ( 'NONE', *, *, #6597, .F. ) ;
#3527 = PLANE ( 'NONE',  #5929 ) ;
#3528 = DIRECTION ( 'NONE',  ( 0.0000000000000000000, -1.000000000000000000, 0.0000000000000000000 ) ) ;
#3529 = LINE ( 'NONE', #1357, #6416 ) ;
#3530 = ORIENTED_EDGE ( 'NONE', *, *, #1091, .F. ) ;
#3531 = CARTESIAN_POINT ( 'NONE',  ( -2.649000000000000500, 1.100000000000000100, 0.3039999999999999400 ) ) ;
#3532 = VERTEX_POINT ( 'NONE', #3241 ) ;
#3533 = ORIENTED_EDGE ( 'NONE', *, *, #5007, .T. ) ;
#3534 = CARTESIAN_POINT ( 'NONE',  ( 1.824999999999992600, 0.09999999999999982500, 4.699999999999996600 ) ) ;
#3535 = CARTESIAN_POINT ( 'NONE',  ( 2.345000000000000200, -1.100000000000000100, 0.3039999999999999400 ) ) ;
#3536 = CARTESIAN_POINT ( 'NONE',  ( 2.124999999999998700, -1.100000000000000100, 1.750000000000001300 ) ) ;
#3537 = VERTEX_POINT ( 'NONE', #7022 ) ;
#3538 = CARTESIAN_POINT ( 'NONE',  ( 2.599000000000000200, 1.200000000000000000, 1.275999999999999800 ) ) ;
#3539 = DIRECTION ( 'NONE',  ( 0.0000000000000000000, -1.000000000000000000, -0.0000000000000000000 ) ) ;
#3540 = FACE_OUTER_BOUND ( 'NONE', #597, .T. ) ;
#3541 = ADVANCED_FACE ( 'NONE', ( #4392 ), #5938, .T. ) ;
#3542 = ORIENTED_EDGE ( 'NONE', *, *, #3483, .T. ) ;
#3543 = DIRECTION ( 'NONE',  ( -1.000000000000000000, 0.0000000000000000000, 0.0000000000000000000 ) ) ;
#3544 = PLANE ( 'NONE',  #5111 ) ;
#3545 = EDGE_CURVE ( 'NONE', #4791, #4493, #5818, .T. ) ;
#3546 = SURFACE_SIDE_STYLE ('',( #1110 ) ) ;
#3547 = CARTESIAN_POINT ( 'NONE',  ( -3.364999999999999800, -1.100000000000000100, 0.0000000000000000000 ) ) ;
#3548 = DIRECTION ( 'NONE',  ( 0.0000000000000000000, 2.032879073410321300E-016, -1.000000000000000000 ) ) ;
#3549 = EDGE_LOOP ( 'NONE', ( #1704, #26, #1330, #4111 ) ) ;
#3550 = DIRECTION ( 'NONE',  ( -1.000000000000000000, -0.0000000000000000000, -0.0000000000000000000 ) ) ;
#3551 = EDGE_CURVE ( 'NONE', #5708, #23, #5661, .T. ) ;
#3552 = SURFACE_STYLE_USAGE ( .BOTH. , #3546 ) ;
#3553 = VECTOR ( 'NONE', #2058, 1000.000000000000000 ) ;
#3554 = ORIENTED_EDGE ( 'NONE', *, *, #276, .T. ) ;
#3555 = EDGE_CURVE ( 'NONE', #453, #6750, #2938, .T. ) ;
#3556 = FILL_AREA_STYLE ('',( #6805 ) ) ;
#3557 =( LENGTH_UNIT ( ) NAMED_UNIT ( * ) SI_UNIT ( .MILLI., .METRE. ) );
#3558 =( NAMED_UNIT ( * ) SI_UNIT ( $, .STERADIAN. ) SOLID_ANGLE_UNIT ( ) );
#3559 = DIRECTION ( 'NONE',  ( 0.0000000000000000000, 0.0000000000000000000, 1.000000000000000000 ) ) ;
#3560 = EDGE_LOOP ( 'NONE', ( #680, #1489, #5117, #3771 ) ) ;
#3561 = FACE_OUTER_BOUND ( 'NONE', #1905, .T. ) ;
#3562 = VERTEX_POINT ( 'NONE', #3826 ) ;
#3563 = ORIENTED_EDGE ( 'NONE', *, *, #4724, .F. ) ;
#3564 = ORIENTED_EDGE ( 'NONE', *, *, #169, .T. ) ;
#3565 = AXIS2_PLACEMENT_3D ( 'NONE', #5145, #6236, #3000 ) ;
#3566 =( NAMED_UNIT ( * ) SI_UNIT ( $, .STERADIAN. ) SOLID_ANGLE_UNIT ( ) );
#3567 = CARTESIAN_POINT ( 'NONE',  ( -0.7849999999999997000, -0.3750000000000001100, 0.6499999999999993600 ) ) ;
#3568 = VECTOR ( 'NONE', #2710, 1000.000000000000000 ) ;
#3569 = EDGE_LOOP ( 'NONE', ( #3575, #787, #546, #2719, #530, #7012, #5763, #4210, #828, #2430, #1712, #3020, #2545 ) ) ;
#3570 = DIRECTION ( 'NONE',  ( 0.0000000000000000000, 1.000000000000000000, 0.0000000000000000000 ) ) ;
#3571 = CARTESIAN_POINT ( 'NONE',  ( 1.731666666666665100, 1.813333333333333900, -0.09333333333333361500 ) ) ;
#3572 = SURFACE_STYLE_USAGE ( .BOTH. , #6824 ) ;
#3573 = CARTESIAN_POINT ( 'NONE',  ( 2.125000000000001300, 1.700000000000000200, 4.699999999999996600 ) ) ;
#3574 = PLANE ( 'NONE',  #1546 ) ;
#3575 = ORIENTED_EDGE ( 'NONE', *, *, #6285, .F. ) ;
#3576 = AXIS2_PLACEMENT_3D ( 'NONE', #4920, #1674, #5505 ) ;
#3577 = CARTESIAN_POINT ( 'NONE',  ( -1.625000000000000900, 1.700000000000000000, 0.04999999999999980800 ) ) ;
#3578 =( NAMED_UNIT ( * ) SI_UNIT ( $, .STERADIAN. ) SOLID_ANGLE_UNIT ( ) );
#3579 = ADVANCED_FACE ( 'NONE', ( #5502 ), #6494, .T. ) ;
#3580 = VERTEX_POINT ( 'NONE', #4878 ) ;
#3581 = ORIENTED_EDGE ( 'NONE', *, *, #6246, .T. ) ;
#3582 = ORIENTED_EDGE ( 'NONE', *, *, #2648, .T. ) ;
#3583 = CARTESIAN_POINT ( 'NONE',  ( -0.4649999999999996400, -0.6250000000000003300, 0.6499999999999964700 ) ) ;
#3584 = VERTEX_POINT ( 'NONE', #1654 ) ;
#3585 = DIRECTION ( 'NONE',  ( 1.000000000000000000, 0.0000000000000000000, -3.061276722312012500E-016 ) ) ;
#3586 = DIRECTION ( 'NONE',  ( -0.0000000000000000000, -0.0000000000000000000, -1.000000000000000000 ) ) ;
#3587 = CARTESIAN_POINT ( 'NONE',  ( 3.145000000000000000, 1.200000000000000000, 1.529999999999999800 ) ) ;
#3588 = EDGE_LOOP ( 'NONE', ( #826, #2177, #4779, #640 ) ) ;
#3589 = LINE ( 'NONE', #406, #618 ) ;
#3590 = LINE ( 'NONE', #566, #6303 ) ;
#3591 = FACE_OUTER_BOUND ( 'NONE', #3252, .T. ) ;
#3592 = LINE ( 'NONE', #4114, #623 ) ;
#3593 = EDGE_CURVE ( 'NONE', #2467, #6134, #6408, .T. ) ;
#3594 = SURFACE_STYLE_USAGE ( .BOTH. , #6844 ) ;
#3595 = ORIENTED_EDGE ( 'NONE', *, *, #3458, .F. ) ;
#3596 = FACE_OUTER_BOUND ( 'NONE', #3569, .T. ) ;
#3597 = ORIENTED_EDGE ( 'NONE', *, *, #2553, .T. ) ;
#3598 = PRESENTATION_STYLE_ASSIGNMENT (( #5522 ) ) ;
#3599 = LINE ( 'NONE', #5878, #4857 ) ;
#3600 = ORIENTED_EDGE ( 'NONE', *, *, #4362, .F. ) ;
#3601 = CARTESIAN_POINT ( 'NONE',  ( -0.1499999999999995200, -0.9999999999999983300, 4.699999999999995700 ) ) ;
#3602 = CARTESIAN_POINT ( 'NONE',  ( -1.824999999999999500, 0.09999999999999982500, 4.699999999999996600 ) ) ;
#3603 = DIRECTION ( 'NONE',  ( 0.7071067811865454600, 0.0000000000000000000, 0.7071067811865495700 ) ) ;
#3604 = DIRECTION ( 'NONE',  ( 1.000000000000000000, 0.0000000000000000000, 0.0000000000000000000 ) ) ;
#3605 = EDGE_CURVE ( 'NONE', #3923, #3757, #3517, .T. ) ;
#3606 = VECTOR ( 'NONE', #2503, 1000.000000000000100 ) ;
#3607 = VERTEX_POINT ( 'NONE', #6535 ) ;
#3608 = EDGE_CURVE ( 'NONE', #384, #1512, #4787, .T. ) ;
#3609 = LINE ( 'NONE', #630, #638 ) ;
#3610 = PLANE ( 'NONE',  #2539 ) ;
#3611 = VERTEX_POINT ( 'NONE', #7082 ) ;
#3612 = AXIS2_PLACEMENT_3D ( 'NONE', #6093, #6196, #6465 ) ;
#3613 = LINE ( 'NONE', #199, #6329 ) ;
#3614 = VERTEX_POINT ( 'NONE', #3870 ) ;
#3615 = CARTESIAN_POINT ( 'NONE',  ( -3.145000000000000000, 1.100000000000000100, 1.276000000000000000 ) ) ;
#3616 = ORIENTED_EDGE ( 'NONE', *, *, #2977, .F. ) ;
#3617 = CARTESIAN_POINT ( 'NONE',  ( -0.4649999999999996400, -0.6250000000000003300, 0.6499999999999964700 ) ) ;
#3618 = CARTESIAN_POINT ( 'NONE',  ( -2.649000000000000500, 1.100000000000000100, -2.710505431213761100E-017 ) ) ;
#3619 = LINE ( 'NONE', #5323, #6332 ) ;
#3620 = ORIENTED_EDGE ( 'NONE', *, *, #1590, .T. ) ;
#3621 = ORIENTED_EDGE ( 'NONE', *, *, #3608, .F. ) ;
#3622 = EDGE_CURVE ( 'NONE', #275, #445, #1904, .T. ) ;
#3623 = EDGE_LOOP ( 'NONE', ( #537, #3958, #1223, #1993 ) ) ;
#3624 = ADVANCED_FACE ( 'NONE', ( #550 ), #6036, .F. ) ;
#3625 = ORIENTED_EDGE ( 'NONE', *, *, #1048, .F. ) ;
#3626 = ORIENTED_EDGE ( 'NONE', *, *, #4735, .T. ) ;
#3627 = SURFACE_SIDE_STYLE ('',( #527 ) ) ;
#3628 = AXIS2_PLACEMENT_3D ( 'NONE', #3294, #3850, #482 ) ;
#3629 = COLOUR_RGB ( '',0.8000000000000000400, 0.8078431372549019800, 0.8000000000000000400 ) ;
#3630 = VERTEX_POINT ( 'NONE', #6056 ) ;
#3631 = PLANE ( 'NONE',  #1306 ) ;
#3632 = FILL_AREA_STYLE_COLOUR ( '', #1682 ) ;
#3633 = ORIENTED_EDGE ( 'NONE', *, *, #3079, .F. ) ;
#3634 = DIRECTION ( 'NONE',  ( 0.0000000000000000000, -0.0000000000000000000, -1.000000000000000000 ) ) ;
#3635 = VERTEX_POINT ( 'NONE', #5525 ) ;
#3636 = EDGE_LOOP ( 'NONE', ( #6417, #1214, #1784, #3213 ) ) ;
#3637 = VECTOR ( 'NONE', #4335, 1000.000000000000100 ) ;
#3638 = DIRECTION ( 'NONE',  ( -1.807003620809173200E-016, -1.000000000000000000, 0.0000000000000000000 ) ) ;
#3639 = DIRECTION ( 'NONE',  ( -1.000000000000000000, 6.776263578034385000E-016, -0.0000000000000000000 ) ) ;
#3640 = EDGE_CURVE ( 'NONE', #4509, #202, #1373, .T. ) ;
#3641 = DIRECTION ( 'NONE',  ( 0.0000000000000000000, 0.0000000000000000000, 1.000000000000000000 ) ) ;
#3642 = UNCERTAINTY_MEASURE_WITH_UNIT (LENGTH_MEASURE( 1.000000000000000100E-005 ), #1434, 'distance_accuracy_value', 'NONE');
#3643 =( NAMED_UNIT ( * ) PLANE_ANGLE_UNIT ( ) SI_UNIT ( $, .RADIAN. ) );
#3644 = VECTOR ( 'NONE', #7088, 1000.000000000000000 ) ;
#3645 = DIRECTION ( 'NONE',  ( 0.0000000000000000000, 0.0000000000000000000, -1.000000000000000000 ) ) ;
#3646 = ORIENTED_EDGE ( 'NONE', *, *, #5455, .F. ) ;
#3647 = EDGE_CURVE ( 'NONE', #3330, #3532, #6999, .T. ) ;
#3648 = EDGE_CURVE ( 'NONE', #1237, #4528, #2678, .T. ) ;
#3649 = FILL_AREA_STYLE ('',( #6186 ) ) ;
#3650 = CARTESIAN_POINT ( 'NONE',  ( -1.049999999999999800, -1.099999999999999900, 0.6499999999999993600 ) ) ;
#3651 = PLANE ( 'NONE',  #4008 ) ;
#3652 = ORIENTED_EDGE ( 'NONE', *, *, #2339, .T. ) ;
#3653 = VERTEX_POINT ( 'NONE', #5554 ) ;
#3654 = ADVANCED_FACE ( 'NONE', ( #5413 ), #1717, .T. ) ;
#3655 = ORIENTED_EDGE ( 'NONE', *, *, #4319, .T. ) ;
#3656 = AXIS2_PLACEMENT_3D ( 'NONE', #2984, #3041, #2364 ) ;
#3657 = CARTESIAN_POINT ( 'NONE',  ( 3.625000000000000000, -1.100000000000000100, -5.421010862427522200E-017 ) ) ;
#3658 = FACE_OUTER_BOUND ( 'NONE', #5767, .T. ) ;
#3659 = EDGE_CURVE ( 'NONE', #5882, #2830, #3983, .T. ) ;
#3660 = CARTESIAN_POINT ( 'NONE',  ( -3.824999999999999700, 0.9000000000000000200, 0.2539999999999999500 ) ) ;
#3661 = DIRECTION ( 'NONE',  ( 0.0000000000000000000, -1.204669080539448900E-016, -1.000000000000000000 ) ) ;
#3662 = SURFACE_STYLE_FILL_AREA ( #5552 ) ;
#3663 = CARTESIAN_POINT ( 'NONE',  ( 0.4650000000000003600, 0.4249999999999998200, 1.749999999999996400 ) ) ;
#3664 = CARTESIAN_POINT ( 'NONE',  ( 2.125000000000000000, 1.700000000000000000, 0.04999999999999867100 ) ) ;
#3665 = DIRECTION ( 'NONE',  ( -1.000000000000000000, 0.0000000000000000000, 3.061276722312012500E-016 ) ) ;
#3666 = STYLED_ITEM ( 'NONE', ( #2365 ), #2599 ) ;
#3667 = ADVANCED_FACE ( 'NONE', ( #6654 ), #3943, .F. ) ;
#3668 = ORIENTED_EDGE ( 'NONE', *, *, #5236, .T. ) ;
#3669 = ORIENTED_EDGE ( 'NONE', *, *, #6597, .T. ) ;
#3670 = LINE ( 'NONE', #1074, #4921 ) ;
#3671 = AXIS2_PLACEMENT_3D ( 'NONE', #5110, #2964, #6751 ) ;
#3672 = CARTESIAN_POINT ( 'NONE',  ( -3.145000000000000000, 1.200000000000000000, 1.275999999999999800 ) ) ;
#3673 = ORIENTED_EDGE ( 'NONE', *, *, #4997, .T. ) ;
#3674 =( LENGTH_UNIT ( ) NAMED_UNIT ( * ) SI_UNIT ( .MILLI., .METRE. ) );
#3675 = VERTEX_POINT ( 'NONE', #4464 ) ;
#3676 = DIRECTION ( 'NONE',  ( 0.0000000000000000000, 0.0000000000000000000, 1.000000000000000000 ) ) ;
#3677 = DIRECTION ( 'NONE',  ( 0.0000000000000000000, -1.000000000000000000, -0.0000000000000000000 ) ) ;
#3678 = FACE_OUTER_BOUND ( 'NONE', #3469, .T. ) ;
#3679 = CARTESIAN_POINT ( 'NONE',  ( 2.125000000000000900, 2.299999999999999400, 1.749999999999996400 ) ) ;
#3680 = DIRECTION ( 'NONE',  ( 0.0000000000000000000, 0.0000000000000000000, -1.000000000000000000 ) ) ;
#3681 = LINE ( 'NONE', #4435, #698 ) ;
#3682 = CARTESIAN_POINT ( 'NONE',  ( 0.4650000000000003600, 0.2499999999999996700, 0.1799999999999966600 ) ) ;
#3683 = VECTOR ( 'NONE', #5283, 1000.000000000000000 ) ;
#3684 = PRESENTATION_STYLE_ASSIGNMENT (( #259 ) ) ;
#3685 = CARTESIAN_POINT ( 'NONE',  ( -2.125000000000000000, 1.700000000000000000, 2.400000000000001200 ) ) ;
#3686 = LINE ( 'NONE', #2223, #6391 ) ;
#3687 = FILL_AREA_STYLE ('',( #2656 ) ) ;
#3688 = EDGE_LOOP ( 'NONE', ( #3286, #4622, #5012, #1745, #3782 ) ) ;
#3689 = CARTESIAN_POINT ( 'NONE',  ( 1.624999999999999800, -1.100000000000000500, 0.04999999999999883000 ) ) ;
#3690 = PLANE ( 'NONE',  #4121 ) ;
#3691 = PRESENTATION_STYLE_ASSIGNMENT (( #2320 ) ) ;
#3692 = DIRECTION ( 'NONE',  ( -0.0000000000000000000, 0.0000000000000000000, -1.000000000000000000 ) ) ;
#3693 = VECTOR ( 'NONE', #2203, 1000.000000000000000 ) ;
#3694 = ORIENTED_EDGE ( 'NONE', *, *, #2705, .T. ) ;
#3695 = ORIENTED_EDGE ( 'NONE', *, *, #2740, .T. ) ;
#3696 = CARTESIAN_POINT ( 'NONE',  ( -0.4649999999999996400, -0.1500000000000003300, 0.2999999999999965500 ) ) ;
#3697 = SURFACE_STYLE_FILL_AREA ( #5424 ) ;
#3698 = COLOUR_RGB ( '',0.8000000000000000400, 0.8078431372549019800, 0.8000000000000000400 ) ;
#3699 = ORIENTED_EDGE ( 'NONE', *, *, #115, .T. ) ;
#3700 = EDGE_CURVE ( 'NONE', #5998, #5466, #2515, .T. ) ;
#3701 = LINE ( 'NONE', #6773, #5129 ) ;
#3702 = CARTESIAN_POINT ( 'NONE',  ( -2.649000000000000500, -1.100000000000000100, -2.710505431213761100E-017 ) ) ;
#3703 = CARTESIAN_POINT ( 'NONE',  ( -2.125000000000000000, 1.700000000000000000, 0.2999999999999999900 ) ) ;
#3704 = CARTESIAN_POINT ( 'NONE',  ( -2.125000000000000000, 2.600000000000000100, 0.2999999999999999900 ) ) ;
#3705 = AXIS2_PLACEMENT_3D ( 'NONE', #1288, #1387, #1433 ) ;
#3706 = VERTEX_POINT ( 'NONE', #3374 ) ;
#3707 = DIRECTION ( 'NONE',  ( 0.0000000000000000000, -1.000000000000000000, 0.0000000000000000000 ) ) ;
#3708 = UNCERTAINTY_MEASURE_WITH_UNIT (LENGTH_MEASURE( 1.000000000000000100E-005 ), #2251, 'distance_accuracy_value', 'NONE');
#3709 = CIRCLE ( 'NONE', #2614, 0.3039999999999999900 ) ;
#3710 = FILL_AREA_STYLE ('',( #2608 ) ) ;
#3712 = ADVANCED_FACE ( 'NONE', ( #1186 ), #2870, .T. ) ;
#3711 = CARTESIAN_POINT ( 'NONE',  ( 2.345000000000000200, 1.100000000000000100, 1.226000000000000000 ) ) ;
#3713 = VERTEX_POINT ( 'NONE', #5576 ) ;
#3714 = DIRECTION ( 'NONE',  ( 0.0000000000000000000, -1.000000000000000000, 0.0000000000000000000 ) ) ;
#3715 = EDGE_CURVE ( 'NONE', #361, #4194, #5222, .T. ) ;
#3716 = EDGE_CURVE ( 'NONE', #2935, #5220, #2335, .T. ) ;
#3717 = ORIENTED_EDGE ( 'NONE', *, *, #2423, .T. ) ;
#3718 = ORIENTED_EDGE ( 'NONE', *, *, #5625, .T. ) ;
#3719 = STYLED_ITEM ( 'NONE', ( #549 ), #6356 ) ;
#3720 = VECTOR ( 'NONE', #176, 1000.000000000000000 ) ;
#3721 = CARTESIAN_POINT ( 'NONE',  ( 2.599000000000000200, 1.100000000000000100, 0.3039999999999999400 ) ) ;
#3722 = AXIS2_PLACEMENT_3D ( 'NONE', #5426, #5927, #5953 ) ;
#3723 = PLANE ( 'NONE',  #6839 ) ;
#3724 = PLANE ( 'NONE',  #4796 ) ;
#3725 = CARTESIAN_POINT ( 'NONE',  ( -0.4649999999999996400, -0.6250000000000003300, 0.2999999999999964900 ) ) ;
#3726 = AXIS2_PLACEMENT_3D ( 'NONE', #1112, #4945, #1697 ) ;
#3727 = DIRECTION ( 'NONE',  ( -0.7071067811865490200, 0.0000000000000000000, -0.7071067811865460200 ) ) ;
#3728 = FACE_OUTER_BOUND ( 'NONE', #2399, .T. ) ;
#3729 = ORIENTED_EDGE ( 'NONE', *, *, #4317, .F. ) ;
#3730 = DIRECTION ( 'NONE',  ( 2.164649529435356100E-016, 0.7071067811865461300, 0.7071067811865490200 ) ) ;
#3731 = VERTEX_POINT ( 'NONE', #1762 ) ;
#3732 = ORIENTED_EDGE ( 'NONE', *, *, #6586, .F. ) ;
#3733 = VECTOR ( 'NONE', #1391, 1000.000000000000000 ) ;
#3734 = PLANE ( 'NONE',  #6872 ) ;
#3735 = DIRECTION ( 'NONE',  ( -1.000000000000000000, 0.0000000000000000000, 0.0000000000000000000 ) ) ;
#3736 = LINE ( 'NONE', #2128, #6263 ) ;
#3737 = SURFACE_SIDE_STYLE ('',( #1969 ) ) ;
#3738 = CARTESIAN_POINT ( 'NONE',  ( -1.625000000000000700, 2.600000000000000100, 0.04999999999999980800 ) ) ;
#3739 = ORIENTED_EDGE ( 'NONE', *, *, #2009, .F. ) ;
#3740 = SURFACE_STYLE_USAGE ( .BOTH. , #6959 ) ;
#3741 = CARTESIAN_POINT ( 'NONE',  ( 0.0000000000000000000, -1.100000000000000100, 1.056000000000000000 ) ) ;
#3742 = FACE_OUTER_BOUND ( 'NONE', #1135, .T. ) ;
#3743 = DIRECTION ( 'NONE',  ( 0.0000000000000000000, 1.000000000000000000, 0.0000000000000000000 ) ) ;
#3744 = ORIENTED_EDGE ( 'NONE', *, *, #318, .F. ) ;
#3745 = CARTESIAN_POINT ( 'NONE',  ( 2.649000000000000500, 1.100000000000000100, -2.710505431213761100E-017 ) ) ;
#3746 = DIRECTION ( 'NONE',  ( 4.380838333381185300E-016, 0.7071067811865486800, -0.7071067811865464600 ) ) ;
#3747 = DIRECTION ( 'NONE',  ( -1.000000000000000000, 0.0000000000000000000, 0.0000000000000000000 ) ) ;
#3748 = ADVANCED_FACE ( 'NONE', ( #5039 ), #1189, .F. ) ;
#3749 = VECTOR ( 'NONE', #1492, 1000.000000000000000 ) ;
#3750 = VERTEX_POINT ( 'NONE', #2884 ) ;
#3751 = DIRECTION ( 'NONE',  ( 0.0000000000000000000, -0.0000000000000000000, -1.000000000000000000 ) ) ;
#3752 = PLANE ( 'NONE',  #6299 ) ;
#3753 = EDGE_LOOP ( 'NONE', ( #45, #5694, #3988, #49 ) ) ;
#3754 = FACE_OUTER_BOUND ( 'NONE', #1817, .T. ) ;
#3755 = EDGE_CURVE ( 'NONE', #2531, #2769, #3609, .T. ) ;
#3756 = LINE ( 'NONE', #4069, #6444 ) ;
#3757 = VERTEX_POINT ( 'NONE', #1787 ) ;
#3758 = ORIENTED_EDGE ( 'NONE', *, *, #5350, .F. ) ;
#3759 = PLANE ( 'NONE',  #1923 ) ;
#3760 = EDGE_CURVE ( 'NONE', #3706, #5113, #813, .T. ) ;
#3761 = CARTESIAN_POINT ( 'NONE',  ( 2.125000000000000000, 2.600000000000000100, 0.04999999999999867100 ) ) ;
#3762 = UNCERTAINTY_MEASURE_WITH_UNIT (LENGTH_MEASURE( 1.000000000000000100E-005 ), #5083, 'distance_accuracy_value', 'NONE');
#3763 = AXIS2_PLACEMENT_3D ( 'NONE', #6214, #136, #4095 ) ;
#3764 = CARTESIAN_POINT ( 'NONE',  ( -0.5499999999999994900, 3.673118842698620300, 3.249999999999996000 ) ) ;
#3765 =( GEOMETRIC_REPRESENTATION_CONTEXT ( 3 ) GLOBAL_UNCERTAINTY_ASSIGNED_CONTEXT ( ( #4892 ) ) GLOBAL_UNIT_ASSIGNED_CONTEXT ( ( #2517, #2939, #3522 ) ) REPRESENTATION_CONTEXT ( 'NONE', 'WORKASPACE' ) );
#3766 = CARTESIAN_POINT ( 'NONE',  ( -0.5499999999999994900, 3.673118842698620300, 2.099999999999996100 ) ) ;
#3767 = DIRECTION ( 'NONE',  ( 4.371782953570583600E-016, 0.0000000000000000000, -1.000000000000000000 ) ) ;
#3768 = EDGE_CURVE ( 'NONE', #6870, #1806, #2173, .T. ) ;
#3769 = DIRECTION ( 'NONE',  ( 1.000000000000000000, 0.0000000000000000000, -3.051828337366604500E-016 ) ) ;
#3770 = CARTESIAN_POINT ( 'NONE',  ( 0.7850000000000003600, 0.2499999999999996700, 0.2999999999999966000 ) ) ;
#3771 = ORIENTED_EDGE ( 'NONE', *, *, #3648, .T. ) ;
#3772 = SURFACE_STYLE_FILL_AREA ( #3649 ) ;
#3773 = STYLED_ITEM ( 'NONE', ( #1156 ), #4789 ) ;
#3774 = CARTESIAN_POINT ( 'NONE',  ( -0.7849999999999997000, 0.4249999999999998200, 3.999999999999993300 ) ) ;
#3775 = VECTOR ( 'NONE', #4136, 1000.000000000000000 ) ;
#3776 = DIRECTION ( 'NONE',  ( 0.0000000000000000000, 2.258754526011468200E-016, -1.000000000000000000 ) ) ;
#3777 = VECTOR ( 'NONE', #1538, 1000.000000000000000 ) ;
#3778 = LINE ( 'NONE', #3225, #2146 ) ;
#3779 = LINE ( 'NONE', #5186, #794 ) ;
#3780 = LINE ( 'NONE', #3490, #2150 ) ;
#3781 =( NAMED_UNIT ( * ) SI_UNIT ( $, .STERADIAN. ) SOLID_ANGLE_UNIT ( ) );
#3782 = ORIENTED_EDGE ( 'NONE', *, *, #4002, .T. ) ;
#3783 = CARTESIAN_POINT ( 'NONE',  ( -3.145000000000000000, -0.8799999999999994500, 1.275999999999999800 ) ) ;
#3784 = MANIFOLD_SOLID_BREP ( 'MP1', #333 ) ;
#3786 = ADVANCED_FACE ( 'NONE', ( #5810 ), #6682, .F. ) ;
#3785 =( NAMED_UNIT ( * ) PLANE_ANGLE_UNIT ( ) SI_UNIT ( $, .RADIAN. ) );
#3787 = DIRECTION ( 'NONE',  ( 0.0000000000000000000, 1.000000000000000000, 0.0000000000000000000 ) ) ;
#3788 = EDGE_LOOP ( 'NONE', ( #4304, #6793, #490, #5588 ) ) ;
#3789 = EDGE_LOOP ( 'NONE', ( #6002, #7033, #5291, #587 ) ) ;
#3790 = FACE_OUTER_BOUND ( 'NONE', #3002, .T. ) ;
#3791 = VECTOR ( 'NONE', #6376, 1000.000000000000000 ) ;
#3792 = ORIENTED_EDGE ( 'NONE', *, *, #3716, .T. ) ;
#3793 = ORIENTED_EDGE ( 'NONE', *, *, #4771, .F. ) ;
#3794 = DIRECTION ( 'NONE',  ( 1.000000000000000000, 0.0000000000000000000, 0.0000000000000000000 ) ) ;
#3795 = CYLINDRICAL_SURFACE ( 'NONE', #69, 0.3040000000000002100 ) ;
#3796 = DIRECTION ( 'NONE',  ( -0.0000000000000000000, -0.0000000000000000000, -1.000000000000000000 ) ) ;
#3797 = ORIENTED_EDGE ( 'NONE', *, *, #1949, .T. ) ;
#3798 = DIRECTION ( 'NONE',  ( 0.0000000000000000000, -0.7071067811865512400, -0.7071067811865439100 ) ) ;
#3799 = ORIENTED_EDGE ( 'NONE', *, *, #7049, .T. ) ;
#3800 = VECTOR ( 'NONE', #4530, 1000.000000000000000 ) ;
#3801 = EDGE_CURVE ( 'NONE', #3270, #3122, #2930, .T. ) ;
#3802 = VECTOR ( 'NONE', #498, 1000.000000000000000 ) ;
#3803 = ORIENTED_EDGE ( 'NONE', *, *, #5470, .F. ) ;
#3804 = ORIENTED_EDGE ( 'NONE', *, *, #3337, .F. ) ;
#3805 = EDGE_CURVE ( 'NONE', #5602, #5126, #7072, .T. ) ;
#3806 = PLANE ( 'NONE',  #2012 ) ;
#3807 = CARTESIAN_POINT ( 'NONE',  ( -1.524999999999999500, 0.8499999999999996400, 4.399999999999995900 ) ) ;
#3808 = FACE_OUTER_BOUND ( 'NONE', #3482, .T. ) ;
#3809 = AXIS2_PLACEMENT_3D ( 'NONE', #614, #860, #963 ) ;
#3810 = ORIENTED_EDGE ( 'NONE', *, *, #889, .F. ) ;
#3811 = LINE ( 'NONE', #1565, #2350 ) ;
#3812 = EDGE_LOOP ( 'NONE', ( #6796, #5381, #2477, #3621 ) ) ;
#3813 = DIRECTION ( 'NONE',  ( 0.0000000000000000000, 0.0000000000000000000, 1.000000000000000000 ) ) ;
#3814 = ORIENTED_EDGE ( 'NONE', *, *, #3416, .T. ) ;
#3815 =( NAMED_UNIT ( * ) SI_UNIT ( $, .STERADIAN. ) SOLID_ANGLE_UNIT ( ) );
#3816 = EDGE_CURVE ( 'NONE', #2653, #3675, #5653, .T. ) ;
#3817 = EDGE_CURVE ( 'NONE', #1393, #5567, #1456, .T. ) ;
#3818 = LINE ( 'NONE', #4811, #6501 ) ;
#3819 = ORIENTED_EDGE ( 'NONE', *, *, #3158, .T. ) ;
#3820 = STYLED_ITEM ( 'NONE', ( #3598 ), #6673 ) ;
#3821 = VERTEX_POINT ( 'NONE', #4070 ) ;
#3822 = AXIS2_PLACEMENT_3D ( 'NONE', #2751, #2315, #1710 ) ;
#3823 = SURFACE_STYLE_FILL_AREA ( #1031 ) ;
#3824 = DIRECTION ( 'NONE',  ( -2.114887471287422300E-016, 0.7071067811865443500, -0.7071067811865506800 ) ) ;
#3825 = MECHANICAL_DESIGN_GEOMETRIC_PRESENTATION_REPRESENTATION (  '', ( #2712 ), #4207 ) ;
#3826 = CARTESIAN_POINT ( 'NONE',  ( 2.819000000000002200, 1.420000000000001300, 0.2999999999999984300 ) ) ;
#3827 = CARTESIAN_POINT ( 'NONE',  ( -2.125000000000000400, -1.100000000000000300, 0.04999999999999996800 ) ) ;
#3828 = ADVANCED_FACE ( 'NONE', ( #2590 ), #5120, .T. ) ;
#3829 = VERTEX_POINT ( 'NONE', #6725 ) ;
#3830 = ORIENTED_EDGE ( 'NONE', *, *, #4815, .T. ) ;
#3831 = VECTOR ( 'NONE', #5923, 1000.000000000000000 ) ;
#3832 = CARTESIAN_POINT ( 'NONE',  ( 0.4650000000000003600, 0.4249999999999998200, 1.749999999999996400 ) ) ;
#3833 = EDGE_LOOP ( 'NONE', ( #4115, #4274, #4758, #186, #3699, #256 ) ) ;
#3834 = ORIENTED_EDGE ( 'NONE', *, *, #1494, .F. ) ;
#3835 = DIRECTION ( 'NONE',  ( -1.000000000000000000, 0.0000000000000000000, 0.0000000000000000000 ) ) ;
#3836 = EDGE_LOOP ( 'NONE', ( #2148, #3974, #6571, #4711 ) ) ;
#3837 = LINE ( 'NONE', #7066, #2204 ) ;
#3838 = VERTEX_POINT ( 'NONE', #6758 ) ;
#3839 = CARTESIAN_POINT ( 'NONE',  ( -3.824999999999999700, 0.9000000000000000200, 0.2539999999999999500 ) ) ;
#3840 = EDGE_LOOP ( 'NONE', ( #4010, #1603, #5703, #4907 ) ) ;
#3841 = DIRECTION ( 'NONE',  ( 0.0000000000000000000, 0.0000000000000000000, 1.000000000000000000 ) ) ;
#3842 = DIRECTION ( 'NONE',  ( -4.371782953570583600E-016, 0.0000000000000000000, -1.000000000000000000 ) ) ;
#3843 = EDGE_CURVE ( 'NONE', #5408, #6143, #2763, .T. ) ;
#3844 = EDGE_LOOP ( 'NONE', ( #5535, #2665, #4854, #4887 ) ) ;
#3845 = VECTOR ( 'NONE', #122, 1000.000000000000000 ) ;
#3846 = STYLED_ITEM ( 'NONE', ( #61 ), #193 ) ;
#3847 = LINE ( 'NONE', #3892, #2386 ) ;
#3848 = ORIENTED_EDGE ( 'NONE', *, *, #5250, .T. ) ;
#3849 = CARTESIAN_POINT ( 'NONE',  ( -2.124999999999999100, -1.100000000000000100, 4.699999999999995700 ) ) ;
#3850 = DIRECTION ( 'NONE',  ( 1.000000000000000000, 0.0000000000000000000, -0.0000000000000000000 ) ) ;
#3851 = EDGE_CURVE ( 'NONE', #4901, #892, #1092, .T. ) ;
#3852 = CARTESIAN_POINT ( 'NONE',  ( -3.824999999999999700, 1.100000000000000100, 0.2539999999999999500 ) ) ;
#3853 = EDGE_CURVE ( 'NONE', #1665, #3580, #4064, .T. ) ;
#3854 = ORIENTED_EDGE ( 'NONE', *, *, #6328, .T. ) ;
#3855 = ADVANCED_FACE ( 'NONE', ( #5305, #3882, #903 ), #4573, .F. ) ;
#3856 = ORIENTED_EDGE ( 'NONE', *, *, #2611, .T. ) ;
#3857 = FILL_AREA_STYLE ('',( #1083 ) ) ;
#3858 = AXIS2_PLACEMENT_3D ( 'NONE', #1128, #1708, #3183 ) ;
#3859 = VERTEX_POINT ( 'NONE', #2445 ) ;
#3860 = VECTOR ( 'NONE', #2516, 1000.000000000000000 ) ;
#3861 = CARTESIAN_POINT ( 'NONE',  ( 0.6850000000000002800, -0.3750000000000005600, 3.999999999999993300 ) ) ;
#3862 = FACE_OUTER_BOUND ( 'NONE', #2556, .T. ) ;
#3863 = CARTESIAN_POINT ( 'NONE',  ( -2.599000000000000200, 1.200000000000000000, 1.275999999999999800 ) ) ;
#3864 = VECTOR ( 'NONE', #3365, 1000.000000000000000 ) ;
#3865 = DIRECTION ( 'NONE',  ( 0.0000000000000000000, -0.0000000000000000000, -1.000000000000000000 ) ) ;
#3866 = ORIENTED_EDGE ( 'NONE', *, *, #2561, .F. ) ;
#3867 =( LENGTH_UNIT ( ) NAMED_UNIT ( * ) SI_UNIT ( .MILLI., .METRE. ) );
#3868 = LINE ( 'NONE', #2029, #885 ) ;
#3869 = DIRECTION ( 'NONE',  ( 0.7071067811865454600, 0.0000000000000000000, -0.7071067811865495700 ) ) ;
#3870 = CARTESIAN_POINT ( 'NONE',  ( 0.4650000000000003600, 0.2499999999999996700, 0.2999999999999966000 ) ) ;
#3871 = CARTESIAN_POINT ( 'NONE',  ( 1.824999999999992400, 0.8499999999999996400, 1.749999999999996400 ) ) ;
#3872 = ORIENTED_EDGE ( 'NONE', *, *, #4233, .T. ) ;
#3873 = ORIENTED_EDGE ( 'NONE', *, *, #4305, .F. ) ;
#3874 = AXIS2_PLACEMENT_3D ( 'NONE', #4563, #1270, #5095 ) ;
#3875 = DIRECTION ( 'NONE',  ( 3.051828337366604500E-016, 0.0000000000000000000, 1.000000000000000000 ) ) ;
#3876 = LINE ( 'NONE', #3967, #4225 ) ;
#3877 = VECTOR ( 'NONE', #2723, 1000.000000000000000 ) ;
#3878 = CARTESIAN_POINT ( 'NONE',  ( 0.7850000000000003600, 0.3499999999999997000, 3.999999999999993300 ) ) ;
#3879 = CARTESIAN_POINT ( 'NONE',  ( -1.049999999999999800, -1.099999999999999900, 0.2999999999999993200 ) ) ;
#3880 = LINE ( 'NONE', #3871, #5124 ) ;
#3881 = ORIENTED_EDGE ( 'NONE', *, *, #5779, .T. ) ;
#3882 = FACE_OUTER_BOUND ( 'NONE', #1257, .T. ) ;
#3883 = DIRECTION ( 'NONE',  ( 0.1940285000290635800, 0.1455213750217966800, -0.9701425001453328800 ) ) ;
#3884 =( NAMED_UNIT ( * ) PLANE_ANGLE_UNIT ( ) SI_UNIT ( $, .RADIAN. ) );
#3885 = PLANE ( 'NONE',  #3822 ) ;
#3886 = UNCERTAINTY_MEASURE_WITH_UNIT (LENGTH_MEASURE( 1.000000000000000100E-005 ), #1384, 'distance_accuracy_value', 'NONE');
#3887 = ORIENTED_EDGE ( 'NONE', *, *, #3027, .F. ) ;
#3888 = EDGE_CURVE ( 'NONE', #3537, #1263, #3701, .T. ) ;
#3889 = DIRECTION ( 'NONE',  ( 0.0000000000000000000, -1.000000000000000000, 1.204669080539448600E-016 ) ) ;
#3890 = FACE_OUTER_BOUND ( 'NONE', #2358, .T. ) ;
#3891 = ORIENTED_EDGE ( 'NONE', *, *, #784, .T. ) ;
#3892 = CARTESIAN_POINT ( 'NONE',  ( -2.124999999999999100, 2.299999999999999800, 1.749999999999996400 ) ) ;
#3893 =( NAMED_UNIT ( * ) PLANE_ANGLE_UNIT ( ) SI_UNIT ( $, .RADIAN. ) );
#3894 = FILL_AREA_STYLE_COLOUR ( '', #3698 ) ;
#3895 = ORIENTED_EDGE ( 'NONE', *, *, #6328, .F. ) ;
#3896 = ADVANCED_FACE ( 'NONE', ( #2249 ), #4617, .F. ) ;
#3897 = VECTOR ( 'NONE', #4604, 1000.000000000000000 ) ;
#3898 = EDGE_CURVE ( 'NONE', #2780, #2972, #4947, .T. ) ;
#3899 = EDGE_CURVE ( 'NONE', #5487, #962, #721, .T. ) ;
#3900 = VECTOR ( 'NONE', #3011, 1000.000000000000000 ) ;
#3901 = ORIENTED_EDGE ( 'NONE', *, *, #2570, .F. ) ;
#3902 = CARTESIAN_POINT ( 'NONE',  ( -1.625000000000000900, 1.700000000000000000, 0.04999999999999980800 ) ) ;
#3903 = ORIENTED_EDGE ( 'NONE', *, *, #1949, .F. ) ;
#3904 = EDGE_LOOP ( 'NONE', ( #1917, #372, #24, #6045 ) ) ;
#3905 = PRESENTATION_STYLE_ASSIGNMENT (( #3552 ) ) ;
#3906 = PRESENTATION_LAYER_ASSIGNMENT (  '', '', ( #3162 ) ) ;
#3907 = CARTESIAN_POINT ( 'NONE',  ( 1.524999999999992600, 1.700000000000000200, 3.399999999999995900 ) ) ;
#3908 = VECTOR ( 'NONE', #6978, 1000.000000000000000 ) ;
#3909 = CARTESIAN_POINT ( 'NONE',  ( 3.145000000000000000, -0.8799999999999986700, 1.529999999999999800 ) ) ;
#3910 = ORIENTED_EDGE ( 'NONE', *, *, #2042, .T. ) ;
#3911 = VECTOR ( 'NONE', #4940, 1000.000000000000000 ) ;
#3912 =( NAMED_UNIT ( * ) PLANE_ANGLE_UNIT ( ) SI_UNIT ( $, .RADIAN. ) );
#3913 = EDGE_CURVE ( 'NONE', #3829, #2467, #6400, .T. ) ;
#3914 = CARTESIAN_POINT ( 'NONE',  ( -2.649000000000000500, -1.100000000000000100, 1.530000000000000000 ) ) ;
#3915 =( GEOMETRIC_REPRESENTATION_CONTEXT ( 3 ) GLOBAL_UNCERTAINTY_ASSIGNED_CONTEXT ( ( #5947 ) ) GLOBAL_UNIT_ASSIGNED_CONTEXT ( ( #366, #4291, #947 ) ) REPRESENTATION_CONTEXT ( 'NONE', 'WORKASPACE' ) );
#3916 = CARTESIAN_POINT ( 'NONE',  ( -1.625000000000000700, -1.100000000000000300, 0.04999999999999980800 ) ) ;
#3917 = VERTEX_POINT ( 'NONE', #4146 ) ;
#3918 = CARTESIAN_POINT ( 'NONE',  ( -2.124999999999999600, 1.200000000000000000, 0.2999999999999999900 ) ) ;
#3919 = VECTOR ( 'NONE', #1646, 1000.000000000000000 ) ;
#3920 = PRESENTATION_LAYER_ASSIGNMENT (  '', '', ( #2077 ) ) ;
#3921 = ORIENTED_EDGE ( 'NONE', *, *, #3120, .F. ) ;
#3922 = VERTEX_POINT ( 'NONE', #4642 ) ;
#3923 = VERTEX_POINT ( 'NONE', #1936 ) ;
#3924 = DIRECTION ( 'NONE',  ( -1.000000000000000000, 2.409338161078898700E-016, 3.051828337366604500E-016 ) ) ;
#3925 = CARTESIAN_POINT ( 'NONE',  ( -1.524999999999999500, 1.700000000000000200, 4.399999999999995900 ) ) ;
#3926 = CARTESIAN_POINT ( 'NONE',  ( -1.824999999999997700, 1.700000000000000200, 4.699999999999995700 ) ) ;
#3927 = VECTOR ( 'NONE', #5833, 1000.000000000000000 ) ;
#3928 =( NAMED_UNIT ( * ) PLANE_ANGLE_UNIT ( ) SI_UNIT ( $, .RADIAN. ) );
#3929 = ADVANCED_FACE ( 'NONE', ( #4776 ), #1369, .T. ) ;
#3930 = PLANE ( 'NONE',  #7087 ) ;
#3931 = ORIENTED_EDGE ( 'NONE', *, *, #3291, .F. ) ;
#3932 = DIRECTION ( 'NONE',  ( 0.0000000000000000000, -1.000000000000000000, 1.355252715606881500E-016 ) ) ;
#3933 = DIRECTION ( 'NONE',  ( -0.7071067811865490200, 0.0000000000000000000, 0.7071067811865460200 ) ) ;
#3934 = LINE ( 'NONE', #5789, #6610 ) ;
#3935 = FACE_OUTER_BOUND ( 'NONE', #3474, .T. ) ;
#3936 = ORIENTED_EDGE ( 'NONE', *, *, #5880, .T. ) ;
#3937 = CARTESIAN_POINT ( 'NONE',  ( -0.7849999999999997000, 3.100000000000000100, 0.3499999999999989800 ) ) ;
#3938 = CARTESIAN_POINT ( 'NONE',  ( 2.124999999999999600, -1.100000000000000300, 0.04999999999999867100 ) ) ;
#3939 = CARTESIAN_POINT ( 'NONE',  ( -2.124999999999999100, 1.399999999999999700, 1.699999999999989700 ) ) ;
#3940 = CARTESIAN_POINT ( 'NONE',  ( -3.324999999999999700, 1.399999999999999900, 4.699999999999998400 ) ) ;
#3941 = CARTESIAN_POINT ( 'NONE',  ( -0.4649999999999996400, -0.1500000000000003000, 0.1799999999999965800 ) ) ;
#3942 = VECTOR ( 'NONE', #1199, 1000.000000000000000 ) ;
#3943 = PLANE ( 'NONE',  #5160 ) ;
#3944 = EDGE_CURVE ( 'NONE', #4918, #2113, #3506, .T. ) ;
#3945 = ORIENTED_EDGE ( 'NONE', *, *, #3108, .T. ) ;
#3946 = CARTESIAN_POINT ( 'NONE',  ( 2.345000000000000200, 1.200000000000000000, 0.5200000000000000200 ) ) ;
#3947 = SURFACE_STYLE_FILL_AREA ( #4812 ) ;
#3948 = PLANE ( 'NONE',  #6740 ) ;
#3949 = CARTESIAN_POINT ( 'NONE',  ( -2.345000000000000200, -1.100000000000000100, 0.5199999999999995700 ) ) ;
#3950 = CARTESIAN_POINT ( 'NONE',  ( -3.824999999999999700, 1.100000000000000100, -5.421010862427522200E-017 ) ) ;
#3951 = FACE_OUTER_BOUND ( 'NONE', #4809, .T. ) ;
#3952 = EDGE_CURVE ( 'NONE', #3369, #5096, #1895, .T. ) ;
#3953 =( LENGTH_UNIT ( ) NAMED_UNIT ( * ) SI_UNIT ( .MILLI., .METRE. ) );
#3954 = EDGE_CURVE ( 'NONE', #1641, #6195, #354, .T. ) ;
#3955 = VECTOR ( 'NONE', #1486, 1000.000000000000000 ) ;
#3956 = DIRECTION ( 'NONE',  ( 1.000000000000000000, 0.0000000000000000000, 0.0000000000000000000 ) ) ;
#3957 = AXIS2_PLACEMENT_3D ( 'NONE', #3660, #4241, #875 ) ;
#3958 = ORIENTED_EDGE ( 'NONE', *, *, #2934, .T. ) ;
#3959 = CARTESIAN_POINT ( 'NONE',  ( 0.7850000000000003600, 0.4249999999999998200, 3.999999999999993300 ) ) ;
#3960 = FACE_OUTER_BOUND ( 'NONE', #1657, .T. ) ;
#3961 = FACE_OUTER_BOUND ( 'NONE', #2449, .T. ) ;
#3962 =( LENGTH_UNIT ( ) NAMED_UNIT ( * ) SI_UNIT ( .MILLI., .METRE. ) );
#3963 = EDGE_LOOP ( 'NONE', ( #3931, #2810, #2588, #6664 ) ) ;
#3964 = LINE ( 'NONE', #6756, #2500 ) ;
#3965 = VECTOR ( 'NONE', #4586, 1000.000000000000000 ) ;
#3966 = DIRECTION ( 'NONE',  ( 0.0000000000000000000, -1.000000000000000000, 0.0000000000000000000 ) ) ;
#3967 = CARTESIAN_POINT ( 'NONE',  ( 1.824999999999992400, 0.8499999999999996400, 4.699999999999996600 ) ) ;
#3968 = ORIENTED_EDGE ( 'NONE', *, *, #2975, .T. ) ;
#3969 = DIRECTION ( 'NONE',  ( 1.172110456741086100E-016, -1.000000000000000000, 0.0000000000000000000 ) ) ;
#3970 = DIRECTION ( 'NONE',  ( -1.000000000000000000, 0.0000000000000000000, 1.885568995626964500E-016 ) ) ;
#3971 = FACE_OUTER_BOUND ( 'NONE', #5960, .T. ) ;
#3972 = FACE_OUTER_BOUND ( 'NONE', #195, .T. ) ;
#3973 = ORIENTED_EDGE ( 'NONE', *, *, #3952, .T. ) ;
#3974 = ORIENTED_EDGE ( 'NONE', *, *, #1279, .F. ) ;
#3975 = ADVANCED_FACE ( 'NONE', ( #1720 ), #4177, .T. ) ;
#3976 = ORIENTED_EDGE ( 'NONE', *, *, #895, .T. ) ;
#3977 = DIRECTION ( 'NONE',  ( 0.0000000000000000000, -1.000000000000000000, 0.0000000000000000000 ) ) ;
#3978 = STYLED_ITEM ( 'NONE', ( #678 ), #5565 ) ;
#3979 = COLOUR_RGB ( '',0.8000000000000000400, 0.8078431372549019800, 0.8000000000000000400 ) ;
#3980 = ORIENTED_EDGE ( 'NONE', *, *, #4823, .T. ) ;
#3981 = CARTESIAN_POINT ( 'NONE',  ( -0.4649999999999996400, 3.000000000000000000, 0.4499999999999998400 ) ) ;
#3982 = SURFACE_STYLE_FILL_AREA ( #4127 ) ;
#3983 = LINE ( 'NONE', #6609, #2867 ) ;
#3984 = DIRECTION ( 'NONE',  ( -0.0000000000000000000, 1.000000000000000000, -0.0000000000000000000 ) ) ;
#3985 = EDGE_LOOP ( 'NONE', ( #6574, #6652, #3221, #3324 ) ) ;
#3986 = CARTESIAN_POINT ( 'NONE',  ( -2.125000000000000000, 1.420000000000001300, 0.2999999999999999900 ) ) ;
#3987 = LINE ( 'NONE', #2796, #6660 ) ;
#3988 = ORIENTED_EDGE ( 'NONE', *, *, #2837, .F. ) ;
#3989 = DIRECTION ( 'NONE',  ( 0.0000000000000000000, -0.7071067811865475700, -0.7071067811865475700 ) ) ;
#3990 = LINE ( 'NONE', #6365, #5229 ) ;
#3991 = EDGE_CURVE ( 'NONE', #3122, #5208, #541, .T. ) ;
#3992 = LINE ( 'NONE', #4017, #1019 ) ;
#3993 = CARTESIAN_POINT ( 'NONE',  ( 0.4650000000000003600, -0.1500000000000003000, 0.1799999999999965800 ) ) ;
#3994 = ORIENTED_EDGE ( 'NONE', *, *, #1824, .F. ) ;
#3995 = CIRCLE ( 'NONE', #6649, 0.3039999999999999900 ) ;
#3996 = CARTESIAN_POINT ( 'NONE',  ( 0.7850000000000003600, 2.350000000000002800, 0.6499999999999993600 ) ) ;
#3997 = CARTESIAN_POINT ( 'NONE',  ( 1.175000000000001200, 2.299999999999999800, 1.749999999999996400 ) ) ;
#3998 = DIRECTION ( 'NONE',  ( -1.000000000000000000, 0.0000000000000000000, 0.0000000000000000000 ) ) ;
#3999 = ORIENTED_EDGE ( 'NONE', *, *, #3511, .T. ) ;
#4000 = FILL_AREA_STYLE_COLOUR ( '', #1022 ) ;
#4001 = LINE ( 'NONE', #1374, #2542 ) ;
#4002 = EDGE_CURVE ( 'NONE', #4461, #6397, #5896, .T. ) ;
#4003 = EDGE_CURVE ( 'NONE', #5499, #736, #4455, .T. ) ;
#4004 = CARTESIAN_POINT ( 'NONE',  ( 0.4650000000000003600, 0.4249999999999998200, 0.04999999999999861500 ) ) ;
#4005 = EDGE_LOOP ( 'NONE', ( #409, #2041, #1902, #3881 ) ) ;
#4006 = VECTOR ( 'NONE', #6969, 1000.000000000000000 ) ;
#4007 = ORIENTED_EDGE ( 'NONE', *, *, #3212, .T. ) ;
#4008 = AXIS2_PLACEMENT_3D ( 'NONE', #4228, #5285, #2030 ) ;
#4009 = STYLED_ITEM ( 'NONE', ( #4618 ), #1585 ) ;
#4010 = ORIENTED_EDGE ( 'NONE', *, *, #750, .F. ) ;
#4011 = VECTOR ( 'NONE', #5840, 1000.000000000000000 ) ;
#4012 = AXIS2_PLACEMENT_3D ( 'NONE', #94, #1274, #5097 ) ;
#4013 = ADVANCED_FACE ( 'NONE', ( #1551 ), #6336, .T. ) ;
#4014 = DIRECTION ( 'NONE',  ( -2.409338161078898700E-016, -1.000000000000000000, 0.0000000000000000000 ) ) ;
#4015 = EDGE_CURVE ( 'NONE', #873, #3821, #2857, .T. ) ;
#4016 = CARTESIAN_POINT ( 'NONE',  ( -3.364999999999999800, -1.100000000000000100, 0.0000000000000000000 ) ) ;
#4017 = CARTESIAN_POINT ( 'NONE',  ( 0.7850000000000003600, 0.4249999999999998200, 3.499999999999981300 ) ) ;
#4018 = CARTESIAN_POINT ( 'NONE',  ( -1.824999999999999300, 0.8499999999999996400, 1.749999999999996400 ) ) ;
#4019 = FACE_OUTER_BOUND ( 'NONE', #3753, .T. ) ;
#4020 = ORIENTED_EDGE ( 'NONE', *, *, #6914, .T. ) ;
#4021 = CARTESIAN_POINT ( 'NONE',  ( -1.174999999999999400, 1.700000000000000200, 3.699999999999996600 ) ) ;
#4022 = DIRECTION ( 'NONE',  ( -0.9805806756909207800, 0.0000000000000000000, 0.1961161351381811000 ) ) ;
#4023 = VECTOR ( 'NONE', #5746, 1000.000000000000000 ) ;
#4024 = VERTEX_POINT ( 'NONE', #5265 ) ;
#4025 = CARTESIAN_POINT ( 'NONE',  ( -2.599000000000000200, 1.200000000000000000, 0.5199999999999998000 ) ) ;
#4026 = CARTESIAN_POINT ( 'NONE',  ( -0.2000000000000009500, 0.09999999999999982500, 3.074999999999993500 ) ) ;
#4027 = FILL_AREA_STYLE_COLOUR ( '', #2592 ) ;
#4028 =( NAMED_UNIT ( * ) SI_UNIT ( $, .STERADIAN. ) SOLID_ANGLE_UNIT ( ) );
#4029 = LINE ( 'NONE', #2955, #6700 ) ;
#4030 = LINE ( 'NONE', #1695, #5087 ) ;
#4031 = EDGE_LOOP ( 'NONE', ( #1562, #477, #6412, #865 ) ) ;
#4032 = ORIENTED_EDGE ( 'NONE', *, *, #5337, .F. ) ;
#4033 = EDGE_CURVE ( 'NONE', #40, #3580, #6994, .T. ) ;
#4034 = DIRECTION ( 'NONE',  ( -1.000000000000000000, 0.0000000000000000000, 0.0000000000000000000 ) ) ;
#4035 = PRESENTATION_STYLE_ASSIGNMENT (( #4215 ) ) ;
#4036 = PLANE ( 'NONE',  #3502 ) ;
#4037 = CARTESIAN_POINT ( 'NONE',  ( -2.125000000000000000, 2.600000000000000100, 0.2999999999999999900 ) ) ;
#4038 = PLANE ( 'NONE',  #3030 ) ;
#4039 = DIRECTION ( 'NONE',  ( 0.0000000000000000000, 0.7071067811865485700, -0.7071067811865465700 ) ) ;
#4040 = EDGE_CURVE ( 'NONE', #6205, #3377, #1363, .T. ) ;
#4041 = LINE ( 'NONE', #5776, #3860 ) ;
#4042 = EDGE_CURVE ( 'NONE', #3821, #3562, #5734, .T. ) ;
#4043 = ADVANCED_FACE ( 'NONE', ( #5403 ), #295, .T. ) ;
#4044 = LINE ( 'NONE', #4269, #5282 ) ;
#4045 = VECTOR ( 'NONE', #6047, 1000.000000000000000 ) ;
#4046 = STYLED_ITEM ( 'NONE', ( #101 ), #1004 ) ;
#4047 = VECTOR ( 'NONE', #6864, 1000.000000000000000 ) ;
#4048 = PLANE ( 'NONE',  #1873 ) ;
#4049 =( NAMED_UNIT ( * ) SI_UNIT ( $, .STERADIAN. ) SOLID_ANGLE_UNIT ( ) );
#4050 = DIRECTION ( 'NONE',  ( 0.0000000000000000000, -1.000000000000000000, 0.0000000000000000000 ) ) ;
#4051 = DIRECTION ( 'NONE',  ( 0.0000000000000000000, 1.000000000000000000, -0.0000000000000000000 ) ) ;
#4052 = VERTEX_POINT ( 'NONE', #269 ) ;
#4053 = FILL_AREA_STYLE_COLOUR ( '', #4399 ) ;
#4054 = ORIENTED_EDGE ( 'NONE', *, *, #1767, .T. ) ;
#4055 = EDGE_CURVE ( 'NONE', #1461, #3562, #2670, .T. ) ;
#4056 = VECTOR ( 'NONE', #7153, 1000.000000000000000 ) ;
#4057 = ORIENTED_EDGE ( 'NONE', *, *, #5987, .T. ) ;
#4058 = AXIS2_PLACEMENT_3D ( 'NONE', #2390, #4067, #692 ) ;
#4059 = AXIS2_PLACEMENT_3D ( 'NONE', #1671, #3767, #2215 ) ;
#4060 = LINE ( 'NONE', #2732, #5301 ) ;
#4061 = ORIENTED_EDGE ( 'NONE', *, *, #3027, .T. ) ;
#4062 = DIRECTION ( 'NONE',  ( 3.051828337366604500E-016, -0.0000000000000000000, 1.000000000000000000 ) ) ;
#4063 = COLOUR_RGB ( '',0.8000000000000000400, 0.8078431372549019800, 0.8000000000000000400 ) ;
#4064 = LINE ( 'NONE', #1315, #2418 ) ;
#4065 = EDGE_LOOP ( 'NONE', ( #3448, #4419, #4377, #3513 ) ) ;
#4066 = SURFACE_SIDE_STYLE ('',( #3772 ) ) ;
#4067 = DIRECTION ( 'NONE',  ( -0.7071067811865456900, 0.0000000000000000000, 0.7071067811865494600 ) ) ;
#4068 = VERTEX_POINT ( 'NONE', #3140 ) ;
#4069 = CARTESIAN_POINT ( 'NONE',  ( -1.625000000000000700, -1.100000000000000300, 0.04999999999999980800 ) ) ;
#4070 = CARTESIAN_POINT ( 'NONE',  ( 2.819000000000002200, -1.100000000000000100, 0.2999999999999984300 ) ) ;
#4071 = SURFACE_STYLE_FILL_AREA ( #4716 ) ;
#4072 = ORIENTED_EDGE ( 'NONE', *, *, #6788, .T. ) ;
#4073 = ORIENTED_EDGE ( 'NONE', *, *, #605, .T. ) ;
#4074 = ORIENTED_EDGE ( 'NONE', *, *, #1854, .T. ) ;
#4075 = FACE_OUTER_BOUND ( 'NONE', #3549, .T. ) ;
#4076 = COLOUR_RGB ( '',0.8000000000000000400, 0.8078431372549019800, 0.8000000000000000400 ) ;
#4077 = ORIENTED_EDGE ( 'NONE', *, *, #1763, .F. ) ;
#4078 = CARTESIAN_POINT ( 'NONE',  ( 2.924333333333333700, -1.205333333333331800, 0.9506666666666665500 ) ) ;
#4079 = PRESENTATION_STYLE_ASSIGNMENT (( #4685 ) ) ;
#4080 = ORIENTED_EDGE ( 'NONE', *, *, #4906, .F. ) ;
#4081 = DIRECTION ( 'NONE',  ( -1.000000000000000000, 0.0000000000000000000, 0.0000000000000000000 ) ) ;
#4082 = ORIENTED_EDGE ( 'NONE', *, *, #4470, .F. ) ;
#4083 = DIRECTION ( 'NONE',  ( 1.000000000000000000, 0.0000000000000000000, 6.122553444624025000E-016 ) ) ;
#4084 = CARTESIAN_POINT ( 'NONE',  ( -1.524999999999999500, 0.0000000000000000000, 3.699999999999996600 ) ) ;
#4085 = VECTOR ( 'NONE', #1872, 1000.000000000000000 ) ;
#4086 = VERTEX_POINT ( 'NONE', #2031 ) ;
#4087 = ADVANCED_FACE ( 'NONE', ( #3972 ), #5836, .T. ) ;
#4088 = DIRECTION ( 'NONE',  ( 1.000000000000000000, 0.0000000000000000000, 0.0000000000000000000 ) ) ;
#4089 = EDGE_LOOP ( 'NONE', ( #6551, #514, #56, #288 ) ) ;
#4090 = CARTESIAN_POINT ( 'NONE',  ( 0.7850000000000003600, -0.3750000000000001100, 0.6499999999999975800 ) ) ;
#4091 = EDGE_LOOP ( 'NONE', ( #830, #3204, #1519, #6493 ) ) ;
#4092 = LINE ( 'NONE', #3328, #2610 ) ;
#4093 = EDGE_CURVE ( 'NONE', #1268, #7145, #6647, .T. ) ;
#4094 = LINE ( 'NONE', #99, #3908 ) ;
#4095 = DIRECTION ( 'NONE',  ( -0.0000000000000000000, 0.0000000000000000000, 1.000000000000000000 ) ) ;
#4096 = FILL_AREA_STYLE ('',( #1367 ) ) ;
#4097 = LINE ( 'NONE', #5999, #6767 ) ;
#4098 = DIRECTION ( 'NONE',  ( -1.000000000000000000, -0.0000000000000000000, 3.061276722312012500E-016 ) ) ;
#4099 = PRESENTATION_LAYER_ASSIGNMENT (  '', '', ( #3329 ) ) ;
#4100 = ORIENTED_EDGE ( 'NONE', *, *, #1423, .F. ) ;
#4101 = EDGE_LOOP ( 'NONE', ( #2200, #2802, #5182, #1533, #3370, #5302 ) ) ;
#4102 = CARTESIAN_POINT ( 'NONE',  ( 0.4650000000000003600, 0.0000000000000000000, 3.499999999999984000 ) ) ;
#4103 = EDGE_CURVE ( 'NONE', #6437, #5580, #4157, .T. ) ;
#4104 = CARTESIAN_POINT ( 'NONE',  ( -1.824999999999999300, 0.8499999999999996400, 1.749999999999996400 ) ) ;
#4105 = EDGE_CURVE ( 'NONE', #4427, #5267, #5213, .T. ) ;
#4106 = CARTESIAN_POINT ( 'NONE',  ( -0.7849999999999997000, 3.100000000000000100, 0.09999999999999947800 ) ) ;
#4107 = SURFACE_SIDE_STYLE ('',( #1900 ) ) ;
#4108 = DIRECTION ( 'NONE',  ( 0.0000000000000000000, -1.000000000000000000, 0.0000000000000000000 ) ) ;
#4109 = DIRECTION ( 'NONE',  ( 0.0000000000000000000, -2.258754526011467700E-016, 1.000000000000000000 ) ) ;
#4110 = PRESENTATION_LAYER_ASSIGNMENT (  '', '', ( #3719 ) ) ;
#4111 = ORIENTED_EDGE ( 'NONE', *, *, #157, .F. ) ;
#4112 = ORIENTED_EDGE ( 'NONE', *, *, #5844, .T. ) ;
#4113 = VECTOR ( 'NONE', #268, 1000.000000000000000 ) ;
#4114 = CARTESIAN_POINT ( 'NONE',  ( 3.324999999999999700, -0.8000000000000009300, 4.699999999999998400 ) ) ;
#4115 = ORIENTED_EDGE ( 'NONE', *, *, #4906, .T. ) ;
#4116 = DIRECTION ( 'NONE',  ( 1.000000000000000000, 0.0000000000000000000, -0.0000000000000000000 ) ) ;
#4117 = DIRECTION ( 'NONE',  ( -0.5773502691896265100, 0.5773502691896255100, -0.5773502691896251800 ) ) ;
#4118 = CARTESIAN_POINT ( 'NONE',  ( -2.649000000000000500, 1.100000000000000100, 1.530000000000000000 ) ) ;
#4119 = FILL_AREA_STYLE ('',( #2443 ) ) ;
#4120 = VECTOR ( 'NONE', #6836, 1000.000000000000000 ) ;
#4121 = AXIS2_PLACEMENT_3D ( 'NONE', #5296, #910, #4756 ) ;
#4122 = LINE ( 'NONE', #2374, #6789 ) ;
#4123 = EDGE_LOOP ( 'NONE', ( #1813, #6976, #5347, #5901 ) ) ;
#4124 = ADVANCED_FACE ( 'NONE', ( #6472 ), #1493, .F. ) ;
#4125 = DIRECTION ( 'NONE',  ( 0.0000000000000000000, 0.0000000000000000000, 1.000000000000000000 ) ) ;
#4126 = COLOUR_RGB ( '',0.8000000000000000400, 0.8078431372549019800, 0.8000000000000000400 ) ;
#4127 = FILL_AREA_STYLE ('',( #6290 ) ) ;
#4128 = VECTOR ( 'NONE', #5376, 1000.000000000000100 ) ;
#4129 = SURFACE_SIDE_STYLE ('',( #5438 ) ) ;
#4130 =( NAMED_UNIT ( * ) SI_UNIT ( $, .STERADIAN. ) SOLID_ANGLE_UNIT ( ) );
#4131 = ORIENTED_EDGE ( 'NONE', *, *, #2195, .F. ) ;
#4132 = LINE ( 'NONE', #4795, #4289 ) ;
#4133 = ORIENTED_EDGE ( 'NONE', *, *, #5436, .T. ) ;
#4134 = CARTESIAN_POINT ( 'NONE',  ( 0.5500000000000006000, -0.6999999999999988500, 3.249999999999996000 ) ) ;
#4135 = FACE_OUTER_BOUND ( 'NONE', #5416, .T. ) ;
#4136 = DIRECTION ( 'NONE',  ( 1.000000000000000000, -1.807003620809174400E-016, 0.0000000000000000000 ) ) ;
#4137 = SHAPE_DEFINITION_REPRESENTATION ( #6398, #1586 ) ;
#4138 = DIRECTION ( 'NONE',  ( -2.304851557154560100E-017, 0.0000000000000000000, 1.000000000000000000 ) ) ;
#4139 = LINE ( 'NONE', #3114, #1166 ) ;
#4140 = DIRECTION ( 'NONE',  ( 0.0000000000000000000, 0.0000000000000000000, -1.000000000000000000 ) ) ;
#4141 = ORIENTED_EDGE ( 'NONE', *, *, #4191, .F. ) ;
#4142 = PLANE ( 'NONE',  #5874 ) ;
#4143 = LINE ( 'NONE', #1488, #6809 ) ;
#4144 = DIRECTION ( 'NONE',  ( -0.7071067811865489100, 0.7071067811865462400, 0.0000000000000000000 ) ) ;
#4145 = LINE ( 'NONE', #2406, #6810 ) ;
#4146 = CARTESIAN_POINT ( 'NONE',  ( -3.145000000000000000, -0.8799999999999994500, 1.275999999999999800 ) ) ;
#4147 = EDGE_CURVE ( 'NONE', #5481, #4320, #6822, .T. ) ;
#4148 = VECTOR ( 'NONE', #6770, 1000.000000000000000 ) ;
#4149 = CIRCLE ( 'NONE', #1453, 0.3039999999999999900 ) ;
#4150 = EDGE_CURVE ( 'NONE', #5314, #7150, #5031, .T. ) ;
#4151 = PRESENTATION_LAYER_ASSIGNMENT (  '', '', ( #3386 ) ) ;
#4152 = ORIENTED_EDGE ( 'NONE', *, *, #803, .T. ) ;
#4153 = ORIENTED_EDGE ( 'NONE', *, *, #1241, .T. ) ;
#4154 = SURFACE_STYLE_USAGE ( .BOTH. , #197 ) ;
#4155 =( NAMED_UNIT ( * ) SI_UNIT ( $, .STERADIAN. ) SOLID_ANGLE_UNIT ( ) );
#4156 = CARTESIAN_POINT ( 'NONE',  ( -3.324999999999999700, 1.399999999999999900, 1.699999999999989700 ) ) ;
#4157 = LINE ( 'NONE', #4751, #3791 ) ;
#4158 = AXIS2_PLACEMENT_3D ( 'NONE', #4102, #4022, #3977 ) ;
#4159 = CARTESIAN_POINT ( 'NONE',  ( -0.4649999999999996400, -0.6250000000000003300, 0.6499999999999964700 ) ) ;
#4160 = EDGE_CURVE ( 'NONE', #2976, #1424, #3599, .T. ) ;
#4161 = LINE ( 'NONE', #1607, #6995 ) ;
#4162 = ORIENTED_EDGE ( 'NONE', *, *, #2378, .F. ) ;
#4163 = ADVANCED_FACE ( 'NONE', ( #2160 ), #4294, .F. ) ;
#4164 = VECTOR ( 'NONE', #3348, 1000.000000000000000 ) ;
#4165 = DIRECTION ( 'NONE',  ( 0.0000000000000000000, 0.0000000000000000000, -1.000000000000000000 ) ) ;
#4166 = ORIENTED_EDGE ( 'NONE', *, *, #6163, .F. ) ;
#4167 = VERTEX_POINT ( 'NONE', #368 ) ;
#4168 = FILL_AREA_STYLE ('',( #1933 ) ) ;
#4169 = AXIS2_PLACEMENT_3D ( 'NONE', #3178, #3735, #357 ) ;
#4170 = VERTEX_POINT ( 'NONE', #5907 ) ;
#4171 = ORIENTED_EDGE ( 'NONE', *, *, #5482, .F. ) ;
#4172 = CARTESIAN_POINT ( 'NONE',  ( 3.145000000000000000, 1.100000000000000100, 1.276000000000000000 ) ) ;
#4173 = VECTOR ( 'NONE', #5253, 1000.000000000000000 ) ;
#4174 =( NAMED_UNIT ( * ) PLANE_ANGLE_UNIT ( ) SI_UNIT ( $, .RADIAN. ) );
#4175 = VERTEX_POINT ( 'NONE', #6419 ) ;
#4176 = SURFACE_SIDE_STYLE ('',( #2555 ) ) ;
#4177 = PLANE ( 'NONE',  #5761 ) ;
#4178 = VECTOR ( 'NONE', #2910, 1000.000000000000100 ) ;
#4179 = ORIENTED_EDGE ( 'NONE', *, *, #4646, .T. ) ;
#4180 = LINE ( 'NONE', #5091, #5595 ) ;
#4181 = ORIENTED_EDGE ( 'NONE', *, *, #3755, .T. ) ;
#4182 = SURFACE_STYLE_USAGE ( .BOTH. , #220 ) ;
#4183 = CARTESIAN_POINT ( 'NONE',  ( -0.5612352941176469400, 0.3528235294117643100, 3.981176470588228400 ) ) ;
#4184 = ORIENTED_EDGE ( 'NONE', *, *, #2601, .T. ) ;
#4185 = LINE ( 'NONE', #3939, #1394 ) ;
#4186 =( NAMED_UNIT ( * ) PLANE_ANGLE_UNIT ( ) SI_UNIT ( $, .RADIAN. ) );
#4187 = CARTESIAN_POINT ( 'NONE',  ( 3.145000000000000000, 1.200000000000000000, 1.275999999999999800 ) ) ;
#4188 = VECTOR ( 'NONE', #4441, 1000.000000000000000 ) ;
#4189 = EDGE_CURVE ( 'NONE', #2623, #5750, #3429, .T. ) ;
#4190 = SURFACE_SIDE_STYLE ('',( #5069 ) ) ;
#4191 = EDGE_CURVE ( 'NONE', #7119, #2186, #440, .T. ) ;
#4192 = CARTESIAN_POINT ( 'NONE',  ( 0.1500000000000010500, -1.100000000000000100, 3.249999999999996000 ) ) ;
#4193 = CARTESIAN_POINT ( 'NONE',  ( 3.624999999999999600, 1.700000000000000000, 2.200000000000000200 ) ) ;
#4194 = VERTEX_POINT ( 'NONE', #3211 ) ;
#4195 = DIRECTION ( 'NONE',  ( 0.0000000000000000000, 0.0000000000000000000, -1.000000000000000000 ) ) ;
#4196 = AXIS2_PLACEMENT_3D ( 'NONE', #749, #796, #272 ) ;
#4197 = ORIENTED_EDGE ( 'NONE', *, *, #4761, .T. ) ;
#4198 = ADVANCED_FACE ( 'NONE', ( #6315 ), #1578, .T. ) ;
#4199 = EDGE_CURVE ( 'NONE', #6790, #5126, #261, .T. ) ;
#4200 = LINE ( 'NONE', #4835, #5451 ) ;
#4201 = EDGE_CURVE ( 'NONE', #1244, #711, #3269, .T. ) ;
#4202 = CARTESIAN_POINT ( 'NONE',  ( 2.649000000000000500, -1.100000000000000100, -2.710505431213761100E-017 ) ) ;
#4203 = CARTESIAN_POINT ( 'NONE',  ( -2.125000000000000400, -1.100000000000000300, 0.04999999999999996800 ) ) ;
#4204 = AXIS2_PLACEMENT_3D ( 'NONE', #6532, #7079, #3865 ) ;
#4205 = PRESENTATION_LAYER_ASSIGNMENT (  '', '', ( #3431 ) ) ;
#4206 = ORIENTED_EDGE ( 'NONE', *, *, #1914, .F. ) ;
#4207 =( GEOMETRIC_REPRESENTATION_CONTEXT ( 3 ) GLOBAL_UNCERTAINTY_ASSIGNED_CONTEXT ( ( #5443 ) ) GLOBAL_UNIT_ASSIGNED_CONTEXT ( ( #3257, #7030, #3815 ) ) REPRESENTATION_CONTEXT ( 'NONE', 'WORKASPACE' ) );
#4208 = CARTESIAN_POINT ( 'NONE',  ( 3.145000000000000000, -0.8799999999999986700, 1.275999999999999800 ) ) ;
#4209 =( LENGTH_UNIT ( ) NAMED_UNIT ( * ) SI_UNIT ( .MILLI., .METRE. ) );
#4210 = ORIENTED_EDGE ( 'NONE', *, *, #5063, .T. ) ;
#4211 = FILL_AREA_STYLE ('',( #3632 ) ) ;
#4212 = ORIENTED_EDGE ( 'NONE', *, *, #7007, .T. ) ;
#4213 = COLOUR_RGB ( '',0.8000000000000000400, 0.8078431372549019800, 0.8000000000000000400 ) ;
#4214 = FACE_OUTER_BOUND ( 'NONE', #4532, .T. ) ;
#4215 = SURFACE_STYLE_USAGE ( .BOTH. , #1412 ) ;
#4216 = PLANE ( 'NONE',  #3355 ) ;
#4217 = DIRECTION ( 'NONE',  ( 0.7071067811865460200, -1.277744513902809100E-016, -0.7071067811865490200 ) ) ;
#4218 = LINE ( 'NONE', #6333, #4047 ) ;
#4219 = VERTEX_POINT ( 'NONE', #4338 ) ;
#4220 = EDGE_CURVE ( 'NONE', #5113, #5708, #1636, .T. ) ;
#4221 = ADVANCED_FACE ( 'NONE', ( #3105 ), #2682, .T. ) ;
#4222 = FACE_OUTER_BOUND ( 'NONE', #4480, .T. ) ;
#4223 = VERTEX_POINT ( 'NONE', #5429 ) ;
#4224 = AXIS2_PLACEMENT_3D ( 'NONE', #682, #661, #1057 ) ;
#4225 = VECTOR ( 'NONE', #2301, 1000.000000000000000 ) ;
#4226 = CARTESIAN_POINT ( 'NONE',  ( 1.050000000000000000, -1.100000000000000100, 0.6499999999999990200 ) ) ;
#4227 = DIRECTION ( 'NONE',  ( -0.0000000000000000000, 0.0000000000000000000, -1.000000000000000000 ) ) ;
#4228 = CARTESIAN_POINT ( 'NONE',  ( 3.145000000000000000, -0.8799999999999986700, 1.275999999999999800 ) ) ;
#4229 = CARTESIAN_POINT ( 'NONE',  ( 1.524999999999993000, 0.09999999999999982500, 1.749999999999996400 ) ) ;
#4230 = EDGE_CURVE ( 'NONE', #4772, #5314, #6728, .T. ) ;
#4231 = LINE ( 'NONE', #5542, #77 ) ;
#4232 = VERTEX_POINT ( 'NONE', #5983 ) ;
#4233 = EDGE_CURVE ( 'NONE', #3630, #2201, #2585, .T. ) ;
#4234 = SURFACE_STYLE_FILL_AREA ( #4279 ) ;
#4235 = VECTOR ( 'NONE', #1839, 1000.000000000000000 ) ;
#4236 = STYLED_ITEM ( 'NONE', ( #7108 ), #6182 ) ;
#4237 = SURFACE_SIDE_STYLE ('',( #6596 ) ) ;
#4238 = STYLED_ITEM ( 'NONE', ( #2243 ), #1789 ) ;
#4239 = CARTESIAN_POINT ( 'NONE',  ( 0.7850000000000003600, 2.350000000000002800, 0.6499999999999993600 ) ) ;
#4240 = LINE ( 'NONE', #3148, #1277 ) ;
#4241 = DIRECTION ( 'NONE',  ( 0.7071067811865466800, -0.7071067811865483500, 0.0000000000000000000 ) ) ;
#4242 = ORIENTED_EDGE ( 'NONE', *, *, #6028, .T. ) ;
#4243 = CARTESIAN_POINT ( 'NONE',  ( 0.7850000000000003600, 3.100000000000000100, 0.3499999999999989800 ) ) ;
#4244 = AXIS2_PLACEMENT_3D ( 'NONE', #6405, #3727, #350 ) ;
#4245 = LINE ( 'NONE', #2360, #6916 ) ;
#4246 = SURFACE_STYLE_FILL_AREA ( #1630 ) ;
#4247 = VECTOR ( 'NONE', #2422, 1000.000000000000000 ) ;
#4248 = VERTEX_POINT ( 'NONE', #7048 ) ;
#4249 = DIRECTION ( 'NONE',  ( 0.7071067811865483500, 0.7071067811865468000, 1.629776165692364900E-017 ) ) ;
#4250 = VECTOR ( 'NONE', #2957, 1000.000000000000000 ) ;
#4251 = DIRECTION ( 'NONE',  ( 0.0000000000000000000, -1.000000000000000000, -1.556803119466362600E-015 ) ) ;
#4252 = ORIENTED_EDGE ( 'NONE', *, *, #4378, .F. ) ;
#4253 = VERTEX_POINT ( 'NONE', #5449 ) ;
#4254 = SURFACE_SIDE_STYLE ('',( #2329 ) ) ;
#4255 = PLANE ( 'NONE',  #2074 ) ;
#4256 = VECTOR ( 'NONE', #158, 1000.000000000000000 ) ;
#4257 = DIRECTION ( 'NONE',  ( -1.000000000000000000, 0.0000000000000000000, 0.0000000000000000000 ) ) ;
#4258 = ORIENTED_EDGE ( 'NONE', *, *, #1091, .T. ) ;
#4259 = FACE_OUTER_BOUND ( 'NONE', #6351, .T. ) ;
#4260 =( LENGTH_UNIT ( ) NAMED_UNIT ( * ) SI_UNIT ( .MILLI., .METRE. ) );
#4261 = LINE ( 'NONE', #5510, #7101 ) ;
#4262 = CARTESIAN_POINT ( 'NONE',  ( 0.4650000000000003600, -0.6250000000000003300, 0.2999999999999964900 ) ) ;
#4263 = EDGE_CURVE ( 'NONE', #854, #6667, #1086, .T. ) ;
#4264 = DIRECTION ( 'NONE',  ( -1.000000000000000000, -0.0000000000000000000, -0.0000000000000000000 ) ) ;
#4265 = ADVANCED_FACE ( 'NONE', ( #6554 ), #4889, .F. ) ;
#4266 = ORIENTED_EDGE ( 'NONE', *, *, #4855, .T. ) ;
#4267 = FACE_OUTER_BOUND ( 'NONE', #4648, .T. ) ;
#4268 = EDGE_CURVE ( 'NONE', #6437, #2878, #5298, .T. ) ;
#4269 = CARTESIAN_POINT ( 'NONE',  ( 0.5083333333333285300, 0.3166666666666591000, 3.383333333333326600 ) ) ;
#4270 = EDGE_CURVE ( 'NONE', #2976, #3923, #2410, .T. ) ;
#4271 = DIRECTION ( 'NONE',  ( 0.0000000000000000000, -1.000000000000000000, -0.0000000000000000000 ) ) ;
#4272 = CARTESIAN_POINT ( 'NONE',  ( -2.125000000000000400, -0.4000000000000005200, 0.04999999999999996800 ) ) ;
#4273 = MECHANICAL_DESIGN_GEOMETRIC_PRESENTATION_REPRESENTATION (  '', ( #3162 ), #4599 ) ;
#4274 = ORIENTED_EDGE ( 'NONE', *, *, #5191, .T. ) ;
#4275 = STYLED_ITEM ( 'NONE', ( #5433 ), #2860 ) ;
#4276 =( NAMED_UNIT ( * ) PLANE_ANGLE_UNIT ( ) SI_UNIT ( $, .RADIAN. ) );
#4277 = VECTOR ( 'NONE', #3585, 1000.000000000000000 ) ;
#4278 = EDGE_CURVE ( 'NONE', #6478, #5208, #2239, .T. ) ;
#4279 = FILL_AREA_STYLE ('',( #2617 ) ) ;
#4280 = CARTESIAN_POINT ( 'NONE',  ( 2.599000000000000200, 1.200000000000000000, 1.275999999999999800 ) ) ;
#4281 = VECTOR ( 'NONE', #4502, 1000.000000000000000 ) ;
#4282 = DIRECTION ( 'NONE',  ( 0.0000000000000000000, -1.000000000000000000, 0.0000000000000000000 ) ) ;
#4283 = VECTOR ( 'NONE', #2265, 1000.000000000000000 ) ;
#4284 = MECHANICAL_DESIGN_GEOMETRIC_PRESENTATION_REPRESENTATION (  '', ( #2077 ), #4614 ) ;
#4285 = ORIENTED_EDGE ( 'NONE', *, *, #1242, .T. ) ;
#4286 = LINE ( 'NONE', #4299, #7125 ) ;
#4287 = VERTEX_POINT ( 'NONE', #5494 ) ;
#4288 = FILL_AREA_STYLE_COLOUR ( '', #6274 ) ;
#4289 = VECTOR ( 'NONE', #943, 1000.000000000000000 ) ;
#4290 = DIRECTION ( 'NONE',  ( 0.0000000000000000000, 1.000000000000000000, 0.0000000000000000000 ) ) ;
#4292 = ADVANCED_FACE ( 'NONE', ( #531 ), #2781, .T. ) ;
#4291 =( NAMED_UNIT ( * ) PLANE_ANGLE_UNIT ( ) SI_UNIT ( $, .RADIAN. ) );
#4293 = FACE_OUTER_BOUND ( 'NONE', #4297, .T. ) ;
#4294 = PLANE ( 'NONE',  #2349 ) ;
#4295 = VECTOR ( 'NONE', #3676, 1000.000000000000000 ) ;
#4296 = ORIENTED_EDGE ( 'NONE', *, *, #157, .T. ) ;
#4297 = EDGE_LOOP ( 'NONE', ( #4349, #6704, #1977, #4584, #4153, #6761 ) ) ;
#4298 = ORIENTED_EDGE ( 'NONE', *, *, #4042, .T. ) ;
#4299 = CARTESIAN_POINT ( 'NONE',  ( -0.7849999999999997000, -0.1500000000000003000, 0.1799999999999965800 ) ) ;
#4300 = LINE ( 'NONE', #1289, #6987 ) ;
#4301 = VECTOR ( 'NONE', #3341, 1000.000000000000000 ) ;
#4302 = PLANE ( 'NONE',  #4916 ) ;
#4303 = VECTOR ( 'NONE', #4359, 1000.000000000000100 ) ;
#4304 = ORIENTED_EDGE ( 'NONE', *, *, #3899, .F. ) ;
#4305 = EDGE_CURVE ( 'NONE', #5514, #3051, #713, .T. ) ;
#4306 = VECTOR ( 'NONE', #2567, 1000.000000000000000 ) ;
#4307 = CARTESIAN_POINT ( 'NONE',  ( 2.325000000000000200, -1.100000000000000100, 2.200000000000000200 ) ) ;
#4308 = DIRECTION ( 'NONE',  ( -0.5773502691896281700, 0.5773502691896257300, -0.5773502691896235100 ) ) ;
#4309 = CARTESIAN_POINT ( 'NONE',  ( -3.364999999999999800, -1.100000000000000100, 1.056000000000000000 ) ) ;
#4310 = CARTESIAN_POINT ( 'NONE',  ( 1.824999999999992400, 0.8499999999999996400, 4.699999999999996600 ) ) ;
#4311 = AXIS2_PLACEMENT_3D ( 'NONE', #297, #574, #852 ) ;
#4312 = EDGE_LOOP ( 'NONE', ( #3357, #5123, #2892, #4879 ) ) ;
#4313 = DIRECTION ( 'NONE',  ( 1.000000000000000000, 0.0000000000000000000, 0.0000000000000000000 ) ) ;
#4314 = CARTESIAN_POINT ( 'NONE',  ( 2.345000000000000200, 1.100000000000000100, 0.3039999999999999400 ) ) ;
#4315 = ORIENTED_EDGE ( 'NONE', *, *, #2648, .F. ) ;
#4316 = DIRECTION ( 'NONE',  ( 0.0000000000000000000, -1.000000000000000000, 0.0000000000000000000 ) ) ;
#4317 = EDGE_CURVE ( 'NONE', #4448, #5973, #7149, .T. ) ;
#4318 = EDGE_LOOP ( 'NONE', ( #1849, #1829, #3668, #4523 ) ) ;
#4319 = EDGE_CURVE ( 'NONE', #5758, #4542, #5727, .T. ) ;
#4320 = VERTEX_POINT ( 'NONE', #2222 ) ;
#4321 = STYLED_ITEM ( 'NONE', ( #7071 ), #6499 ) ;
#4322 = VECTOR ( 'NONE', #1967, 1000.000000000000000 ) ;
#4323 = AXIS2_PLACEMENT_3D ( 'NONE', #2417, #2352, #3368 ) ;
#4324 = CARTESIAN_POINT ( 'NONE',  ( -0.7849999999999997000, 0.3499999999999997000, 3.499999999999984000 ) ) ;
#4325 = AXIS2_PLACEMENT_3D ( 'NONE', #163, #5169, #1913 ) ;
#4326 = FACE_OUTER_BOUND ( 'NONE', #2994, .T. ) ;
#4327 = ORIENTED_EDGE ( 'NONE', *, *, #2042, .F. ) ;
#4328 = ADVANCED_FACE ( 'NONE', ( #1537 ), #5540, .F. ) ;
#4329 = PLANE ( 'NONE',  #4394 ) ;
#4330 = EDGE_LOOP ( 'NONE', ( #6059, #7110, #1853, #4266 ) ) ;
#4331 = PRESENTATION_STYLE_ASSIGNMENT (( #1589 ) ) ;
#4332 = DIRECTION ( 'NONE',  ( -0.7071067811865489100, 0.7071067811865462400, 0.0000000000000000000 ) ) ;
#4333 = ORIENTED_EDGE ( 'NONE', *, *, #3755, .F. ) ;
#4334 = CARTESIAN_POINT ( 'NONE',  ( 1.175000000000001200, 1.700000000000000400, 1.749999999999996400 ) ) ;
#4335 = DIRECTION ( 'NONE',  ( 0.7071067811865493500, 0.0000000000000000000, -0.7071067811865455700 ) ) ;
#4336 = LINE ( 'NONE', #1501, #2879 ) ;
#4337 = CARTESIAN_POINT ( 'NONE',  ( 1.524999999999992600, 1.700000000000000200, 1.749999999999996400 ) ) ;
#4338 = CARTESIAN_POINT ( 'NONE',  ( 0.7850000000000003600, 3.000000000000000000, 0.4499999999999998400 ) ) ;
#4339 = UNCERTAINTY_MEASURE_WITH_UNIT (LENGTH_MEASURE( 1.000000000000000100E-005 ), #3467, 'distance_accuracy_value', 'NONE');
#4340 = LINE ( 'NONE', #1072, #1587 ) ;
#4341 = FILL_AREA_STYLE ('',( #1015 ) ) ;
#4342 = CARTESIAN_POINT ( 'NONE',  ( -2.345000000000000200, 1.200000000000000000, 0.5199999999999995700 ) ) ;
#4343 = EDGE_CURVE ( 'NONE', #4024, #1096, #2846, .T. ) ;
#4344 = ORIENTED_EDGE ( 'NONE', *, *, #2570, .T. ) ;
#4345 = LINE ( 'NONE', #1568, #1408 ) ;
#4346 = CARTESIAN_POINT ( 'NONE',  ( -0.7849999999999997000, 0.0000000000000000000, 3.499999999999984000 ) ) ;
#4347 = CARTESIAN_POINT ( 'NONE',  ( -0.4649999999999996400, -0.2500000000000006700, 3.999999999999993300 ) ) ;
#4348 = EDGE_CURVE ( 'NONE', #5529, #594, #5572, .T. ) ;
#4349 = ORIENTED_EDGE ( 'NONE', *, *, #1325, .T. ) ;
#4350 = ORIENTED_EDGE ( 'NONE', *, *, #4560, .T. ) ;
#4351 = DIRECTION ( 'NONE',  ( -1.000000000000000000, 6.195440985631608200E-016, -0.0000000000000000000 ) ) ;
#4352 = EDGE_CURVE ( 'NONE', #6511, #5989, #4149, .T. ) ;
#4354 = ADVANCED_FACE ( 'NONE', ( #6813 ), #4457, .T. ) ;
#4353 = PRODUCT_CONTEXT ( 'NONE', #1596, 'mechanical' ) ;
#4355 = STYLED_ITEM ( 'NONE', ( #6439 ), #5940 ) ;
#4356 = ORIENTED_EDGE ( 'NONE', *, *, #517, .T. ) ;
#4357 = CARTESIAN_POINT ( 'NONE',  ( 0.7850000000000003600, 0.0000000000000000000, 0.0000000000000000000 ) ) ;
#4358 = AXIS2_PLACEMENT_3D ( 'NONE', #6837, #2334, #2711 ) ;
#4359 = DIRECTION ( 'NONE',  ( 0.1904761904761878000, 0.2380952380952350000, 0.9523809523809536600 ) ) ;
#4360 = ORIENTED_EDGE ( 'NONE', *, *, #5825, .T. ) ;
#4361 = CARTESIAN_POINT ( 'NONE',  ( 0.4650000000000003600, -0.3750000000000001100, 0.04999999999999861500 ) ) ;
#4362 = EDGE_CURVE ( 'NONE', #3922, #3412, #2663, .T. ) ;
#4363 = CARTESIAN_POINT ( 'NONE',  ( 0.7850000000000003600, -0.1500000000000003300, 0.2999999999999965500 ) ) ;
#4364 = CARTESIAN_POINT ( 'NONE',  ( -1.625000000000000900, 1.700000000000000000, 0.2999999999999998200 ) ) ;
#4365 = UNCERTAINTY_MEASURE_WITH_UNIT (LENGTH_MEASURE( 1.000000000000000100E-005 ), #2105, 'distance_accuracy_value', 'NONE');
#4366 = FACE_OUTER_BOUND ( 'NONE', #5192, .T. ) ;
#4367 = AXIS2_PLACEMENT_3D ( 'NONE', #6543, #1681, #5513 ) ;
#4368 = DIRECTION ( 'NONE',  ( 1.000000000000000000, 0.0000000000000000000, 0.0000000000000000000 ) ) ;
#4369 = DIRECTION ( 'NONE',  ( 0.0000000000000000000, -0.7071067811865512400, -0.7071067811865439100 ) ) ;
#4370 = ORIENTED_EDGE ( 'NONE', *, *, #6150, .F. ) ;
#4371 = VECTOR ( 'NONE', #3072, 1000.000000000000000 ) ;
#4372 = CARTESIAN_POINT ( 'NONE',  ( -0.4649999999999996400, 0.3499999999999997000, 3.999999999999993300 ) ) ;
#4373 = CARTESIAN_POINT ( 'NONE',  ( -0.7849999999999997000, 0.4249999999999998200, 1.749999999999996400 ) ) ;
#4374 = VECTOR ( 'NONE', #7075, 1000.000000000000000 ) ;
#4375 = VERTEX_POINT ( 'NONE', #4568 ) ;
#4376 = LINE ( 'NONE', #551, #6899 ) ;
#4377 = ORIENTED_EDGE ( 'NONE', *, *, #2293, .F. ) ;
#4378 = EDGE_CURVE ( 'NONE', #7051, #6350, #6637, .T. ) ;
#4379 = VECTOR ( 'NONE', #896, 1000.000000000000000 ) ;
#4380 = DIRECTION ( 'NONE',  ( -1.000000000000000000, 0.0000000000000000000, 0.0000000000000000000 ) ) ;
#4381 = ORIENTED_EDGE ( 'NONE', *, *, #4305, .T. ) ;
#4382 = DIRECTION ( 'NONE',  ( -1.000000000000000000, 6.776263578034385000E-016, 0.0000000000000000000 ) ) ;
#4383 =( LENGTH_UNIT ( ) NAMED_UNIT ( * ) SI_UNIT ( .MILLI., .METRE. ) );
#4384 = FACE_OUTER_BOUND ( 'NONE', #5859, .T. ) ;
#4385 = VECTOR ( 'NONE', #86, 1000.000000000000000 ) ;
#4386 = ADVANCED_FACE ( 'NONE', ( #988 ), #6206, .F. ) ;
#4387 = EDGE_CURVE ( 'NONE', #4741, #6489, #2317, .T. ) ;
#4388 = CLOSED_SHELL ( 'NONE', ( #5565, #5762, #6358, #1585, #1454, #926, #2377, #4479, #5425, #3099, #5831, #4672, #5781, #2412, #1659, #3276, #5940, #2018, #4508, #389, #2447, #6021, #1419, #6119 ) ) ;
#4389 = EDGE_CURVE ( 'NONE', #117, #4194, #2501, .T. ) ;
#4390 = DIRECTION ( 'NONE',  ( 0.0000000000000000000, 0.0000000000000000000, 1.000000000000000000 ) ) ;
#4391 = LINE ( 'NONE', #1768, #2937 ) ;
#4392 = FACE_OUTER_BOUND ( 'NONE', #3, .T. ) ;
#4393 = VERTEX_POINT ( 'NONE', #130 ) ;
#4394 = AXIS2_PLACEMENT_3D ( 'NONE', #1276, #125, #150 ) ;
#4395 = LINE ( 'NONE', #213, #1472 ) ;
#4396 = ORIENTED_EDGE ( 'NONE', *, *, #1138, .F. ) ;
#4397 = LINE ( 'NONE', #6197, #4250 ) ;
#4398 = EDGE_CURVE ( 'NONE', #2467, #1960, #3780, .T. ) ;
#4399 = COLOUR_RGB ( '',0.8000000000000000400, 0.8078431372549019800, 0.8000000000000000400 ) ;
#4400 = ORIENTED_EDGE ( 'NONE', *, *, #4362, .T. ) ;
#4401 = PRESENTATION_LAYER_ASSIGNMENT (  '', '', ( #3666 ) ) ;
#4402 = FACE_OUTER_BOUND ( 'NONE', #6088, .T. ) ;
#4403 = CARTESIAN_POINT ( 'NONE',  ( -0.1499999999999995200, -0.6999999999999988500, 3.249999999999996000 ) ) ;
#4404 =( NAMED_UNIT ( * ) SI_UNIT ( $, .STERADIAN. ) SOLID_ANGLE_UNIT ( ) );
#4405 = AXIS2_PLACEMENT_3D ( 'NONE', #1308, #3523, #155 ) ;
#4406 = CARTESIAN_POINT ( 'NONE',  ( -0.7849999999999997000, 0.0000000000000000000, 0.6499999999999993600 ) ) ;
#4407 = VECTOR ( 'NONE', #6410, 1000.000000000000000 ) ;
#4408 = LINE ( 'NONE', #2109, #5684 ) ;
#4409 = DIRECTION ( 'NONE',  ( 0.1940285000290635500, -0.1455213750217966800, 0.9701425001453328800 ) ) ;
#4410 = UNCERTAINTY_MEASURE_WITH_UNIT (LENGTH_MEASURE( 1.000000000000000100E-005 ), #1017, 'distance_accuracy_value', 'NONE');
#4411 = ORIENTED_EDGE ( 'NONE', *, *, #2206, .F. ) ;
#4412 = CARTESIAN_POINT ( 'NONE',  ( 0.1500000000000010500, -1.100000000000000100, 3.249999999999996000 ) ) ;
#4413 = ADVANCED_FACE ( 'NONE', ( #795 ), #2992, .F. ) ;
#4414 = VECTOR ( 'NONE', #1725, 1000.000000000000000 ) ;
#4415 = SURFACE_STYLE_USAGE ( .BOTH. , #4496 ) ;
#4416 =( NAMED_UNIT ( * ) SI_UNIT ( $, .STERADIAN. ) SOLID_ANGLE_UNIT ( ) );
#4417 = CARTESIAN_POINT ( 'NONE',  ( 2.649000000000000500, 1.100000000000000100, 0.3039999999999999400 ) ) ;
#4418 = PLANE ( 'NONE',  #4959 ) ;
#4419 = ORIENTED_EDGE ( 'NONE', *, *, #217, .F. ) ;
#4420 = EDGE_CURVE ( 'NONE', #5973, #4971, #3592, .T. ) ;
#4421 = DIRECTION ( 'NONE',  ( 0.0000000000000000000, 0.0000000000000000000, 1.000000000000000000 ) ) ;
#4422 = VECTOR ( 'NONE', #1942, 1000.000000000000000 ) ;
#4423 = DIRECTION ( 'NONE',  ( 1.000000000000000000, 0.0000000000000000000, 0.0000000000000000000 ) ) ;
#4424 = MECHANICAL_DESIGN_GEOMETRIC_PRESENTATION_REPRESENTATION (  '', ( #3329 ), #4766 ) ;
#4425 = VECTOR ( 'NONE', #1716, 1000.000000000000000 ) ;
#4426 = CARTESIAN_POINT ( 'NONE',  ( 2.125000000000000000, 1.700000000000000000, 2.400000000000001200 ) ) ;
#4427 = VERTEX_POINT ( 'NONE', #2439 ) ;
#4428 = EDGE_CURVE ( 'NONE', #6292, #3451, #6309, .T. ) ;
#4429 = UNCERTAINTY_MEASURE_WITH_UNIT (LENGTH_MEASURE( 1.000000000000000100E-005 ), #7099, 'distance_accuracy_value', 'NONE');
#4430 = EDGE_LOOP ( 'NONE', ( #1, #3582, #4877, #2309 ) ) ;
#4431 = DIRECTION ( 'NONE',  ( 1.000000000000000000, 0.0000000000000000000, -4.371782953570583600E-016 ) ) ;
#4432 = FACE_OUTER_BOUND ( 'NONE', #554, .T. ) ;
#4433 = EDGE_CURVE ( 'NONE', #7060, #3470, #4849, .T. ) ;
#4434 = VECTOR ( 'NONE', #6404, 1000.000000000000000 ) ;
#4435 = CARTESIAN_POINT ( 'NONE',  ( 3.145000000000000000, -1.100000000000000100, 1.276000000000000000 ) ) ;
#4436 = MECHANICAL_DESIGN_GEOMETRIC_PRESENTATION_REPRESENTATION (  '', ( #3719 ), #4778 ) ;
#4437 = ORIENTED_EDGE ( 'NONE', *, *, #3119, .F. ) ;
#4438 = FACE_OUTER_BOUND ( 'NONE', #3812, .T. ) ;
#4439 = AXIS2_PLACEMENT_3D ( 'NONE', #6585, #6085, #2836 ) ;
#4440 = DIRECTION ( 'NONE',  ( 0.0000000000000000000, 0.0000000000000000000, -1.000000000000000000 ) ) ;
#4441 = DIRECTION ( 'NONE',  ( 0.0000000000000000000, 1.000000000000000000, 0.0000000000000000000 ) ) ;
#4442 = LINE ( 'NONE', #6200, #4045 ) ;
#4443 = CARTESIAN_POINT ( 'NONE',  ( -1.050000000000000000, 2.600000000000000100, 0.6499999999999993600 ) ) ;
#4444 = CARTESIAN_POINT ( 'NONE',  ( -2.125000000000000000, 1.700000000000000000, 2.400000000000001200 ) ) ;
#4445 = CARTESIAN_POINT ( 'NONE',  ( -2.599000000000000200, 1.100000000000000100, 0.3039999999999999400 ) ) ;
#4446 = ADVANCED_FACE ( 'NONE', ( #434 ), #3544, .F. ) ;
#4447 = ORIENTED_EDGE ( 'NONE', *, *, #6026, .T. ) ;
#4448 = VERTEX_POINT ( 'NONE', #3016 ) ;
#4449 = LINE ( 'NONE', #4037, #5726 ) ;
#4450 = DIRECTION ( 'NONE',  ( 0.0000000000000000000, -1.000000000000000000, -2.032879073410321300E-016 ) ) ;
#4451 = CARTESIAN_POINT ( 'NONE',  ( 0.4650000000000003600, 2.500000000000000000, -1.084202172485504400E-016 ) ) ;
#4452 = VECTOR ( 'NONE', #798, 1000.000000000000000 ) ;
#4453 = EDGE_LOOP ( 'NONE', ( #1152, #3554, #1549, #3856, #5430, #6661, #1878, #506 ) ) ;
#4454 = VECTOR ( 'NONE', #4845, 1000.000000000000000 ) ;
#4455 = LINE ( 'NONE', #1957, #7156 ) ;
#4456 = EDGE_LOOP ( 'NONE', ( #6525, #5037, #1436, #3797 ) ) ;
#4457 = PLANE ( 'NONE',  #2940 ) ;
#4458 = CARTESIAN_POINT ( 'NONE',  ( 1.524999999999993000, -0.6999999999999988500, 1.749999999999996400 ) ) ;
#4459 = EDGE_LOOP ( 'NONE', ( #5562, #5050, #1240, #2154 ) ) ;
#4460 = FACE_OUTER_BOUND ( 'NONE', #3789, .T. ) ;
#4461 = VERTEX_POINT ( 'NONE', #5183 ) ;
#4462 = DIRECTION ( 'NONE',  ( 1.807003620809173200E-016, 1.000000000000000000, -0.0000000000000000000 ) ) ;
#4463 = DIRECTION ( 'NONE',  ( 0.0000000000000000000, 2.258754526011468200E-016, -1.000000000000000000 ) ) ;
#4464 = CARTESIAN_POINT ( 'NONE',  ( 2.345000000000000200, -0.8799999999999986700, 1.529999999999999800 ) ) ;
#4465 = VECTOR ( 'NONE', #6739, 1000.000000000000100 ) ;
#4466 = ORIENTED_EDGE ( 'NONE', *, *, #3077, .F. ) ;
#4467 = EDGE_LOOP ( 'NONE', ( #171, #3437, #1441, #2 ) ) ;
#4468 = LINE ( 'NONE', #223, #187 ) ;
#4469 = UNCERTAINTY_MEASURE_WITH_UNIT (LENGTH_MEASURE( 1.000000000000000100E-005 ), #7, 'distance_accuracy_value', 'NONE');
#4470 = EDGE_CURVE ( 'NONE', #6529, #3236, #6141, .T. ) ;
#4471 = EDGE_CURVE ( 'NONE', #53, #1908, #4687, .T. ) ;
#4472 = DIRECTION ( 'NONE',  ( -1.000000000000000000, -0.0000000000000000000, -0.0000000000000000000 ) ) ;
#4473 = ORIENTED_EDGE ( 'NONE', *, *, #1155, .T. ) ;
#4474 = CARTESIAN_POINT ( 'NONE',  ( -2.124999999999999100, 1.399999999999999700, 4.699999999999998400 ) ) ;
#4475 = MECHANICAL_DESIGN_GEOMETRIC_PRESENTATION_REPRESENTATION (  '', ( #3386 ), #4819 ) ;
#4476 = DIRECTION ( 'NONE',  ( 0.0000000000000000000, 0.0000000000000000000, -1.000000000000000000 ) ) ;
#4477 = STYLED_ITEM ( 'NONE', ( #1740 ), #3064 ) ;
#4478 = LINE ( 'NONE', #2974, #5918 ) ;
#4479 = ADVANCED_FACE ( 'NONE', ( #3265 ), #208, .T. ) ;
#4480 = EDGE_LOOP ( 'NONE', ( #2259, #6989, #6319, #591 ) ) ;
#4481 = CARTESIAN_POINT ( 'NONE',  ( -0.1499999999999995200, -1.100000000000000100, 4.699999999999995700 ) ) ;
#4482 = EDGE_CURVE ( 'NONE', #4248, #4669, #6389, .T. ) ;
#4483 = PLANE ( 'NONE',  #2115 ) ;
#4484 = CIRCLE ( 'NONE', #2844, 0.3039999999999999900 ) ;
#4485 = SURFACE_STYLE_USAGE ( .BOTH. , #4066 ) ;
#4486 = PLANE ( 'NONE',  #1828 ) ;
#4487 = ORIENTED_EDGE ( 'NONE', *, *, #6515, .T. ) ;
#4488 = CARTESIAN_POINT ( 'NONE',  ( 0.7850000000000011400, 0.4249999999999998200, 0.04999999999999861500 ) ) ;
#4489 = FACE_OUTER_BOUND ( 'NONE', #3274, .T. ) ;
#4490 = PRESENTATION_LAYER_ASSIGNMENT (  '', '', ( #3773 ) ) ;
#4491 = ORIENTED_EDGE ( 'NONE', *, *, #3251, .F. ) ;
#4492 = DIRECTION ( 'NONE',  ( 0.0000000000000000000, 1.000000000000000000, 0.0000000000000000000 ) ) ;
#4493 = VERTEX_POINT ( 'NONE', #4679 ) ;
#4494 = EDGE_LOOP ( 'NONE', ( #2991, #391, #5858, #6645 ) ) ;
#4495 = PLANE ( 'NONE',  #2973 ) ;
#4496 = SURFACE_SIDE_STYLE ('',( #3485 ) ) ;
#4497 = CARTESIAN_POINT ( 'NONE',  ( -1.625000000000000700, -1.100000000000000300, 0.04999999999999980800 ) ) ;
#4498 = ORIENTED_EDGE ( 'NONE', *, *, #1866, .T. ) ;
#4499 = DIRECTION ( 'NONE',  ( 3.061276722312012500E-016, -0.0000000000000000000, 1.000000000000000000 ) ) ;
#4500 = CARTESIAN_POINT ( 'NONE',  ( -0.4649999999999996400, -0.1500000000000003000, 0.1799999999999965800 ) ) ;
#4501 = DIRECTION ( 'NONE',  ( 0.0000000000000000000, -0.7071067811865433500, 0.7071067811865517900 ) ) ;
#4502 = DIRECTION ( 'NONE',  ( 0.0000000000000000000, -1.000000000000000000, 0.0000000000000000000 ) ) ;
#4503 = COLOUR_RGB ( '',0.8000000000000000400, 0.8078431372549019800, 0.8000000000000000400 ) ;
#4504 = DIRECTION ( 'NONE',  ( 2.164649529435351900E-016, 0.7071067811865474600, 0.7071067811865475700 ) ) ;
#4505 = EDGE_CURVE ( 'NONE', #2297, #5782, #3491, .T. ) ;
#4506 = VECTOR ( 'NONE', #4382, 1000.000000000000000 ) ;
#4507 = EDGE_CURVE ( 'NONE', #872, #4509, #4935, .T. ) ;
#4508 = ADVANCED_FACE ( 'NONE', ( #4762 ), #2546, .T. ) ;
#4509 = VERTEX_POINT ( 'NONE', #3567 ) ;
#4510 = AXIS2_PLACEMENT_3D ( 'NONE', #1124, #7028, #7140 ) ;
#4511 = DIRECTION ( 'NONE',  ( 1.000000000000000000, 0.0000000000000000000, -0.0000000000000000000 ) ) ;
#4512 = DIRECTION ( 'NONE',  ( 1.000000000000000000, 0.0000000000000000000, 0.0000000000000000000 ) ) ;
#4513 = ORIENTED_EDGE ( 'NONE', *, *, #5534, .T. ) ;
#4514 = CARTESIAN_POINT ( 'NONE',  ( -2.649000000000000500, 1.100000000000000100, 1.226000000000000000 ) ) ;
#4515 = VECTOR ( 'NONE', #4117, 1000.000000000000100 ) ;
#4516 = EDGE_CURVE ( 'NONE', #202, #6185, #7141, .T. ) ;
#4517 = EDGE_CURVE ( 'NONE', #6143, #4232, #5721, .T. ) ;
#4518 = FACE_OUTER_BOUND ( 'NONE', #5642, .T. ) ;
#4519 = PRESENTATION_LAYER_ASSIGNMENT (  '', '', ( #3820 ) ) ;
#4520 = FACE_OUTER_BOUND ( 'NONE', #1027, .T. ) ;
#4521 = MECHANICAL_DESIGN_GEOMETRIC_PRESENTATION_REPRESENTATION (  '', ( #3431 ), #4875 ) ;
#4522 = VECTOR ( 'NONE', #1305, 999.9999999999998900 ) ;
#4523 = ORIENTED_EDGE ( 'NONE', *, *, #5337, .T. ) ;
#4524 = PRESENTATION_STYLE_ASSIGNMENT (( #4657 ) ) ;
#4525 = CARTESIAN_POINT ( 'NONE',  ( -1.174999999999999400, 1.700000000000000200, 1.749999999999996400 ) ) ;
#4526 = VECTOR ( 'NONE', #1651, 1000.000000000000000 ) ;
#4527 = DIRECTION ( 'NONE',  ( 0.0000000000000000000, -1.000000000000000000, 0.0000000000000000000 ) ) ;
#4528 = VERTEX_POINT ( 'NONE', #862 ) ;
#4529 = DIRECTION ( 'NONE',  ( -1.000000000000000000, -1.172110456741086100E-016, 0.0000000000000000000 ) ) ;
#4530 = DIRECTION ( 'NONE',  ( 0.0000000000000000000, -1.000000000000000000, 0.0000000000000000000 ) ) ;
#4531 = VECTOR ( 'NONE', #977, 1000.000000000000000 ) ;
#4532 = EDGE_LOOP ( 'NONE', ( #1676, #2826, #5343, #2424 ) ) ;
#4533 = LINE ( 'NONE', #5951, #1267 ) ;
#4534 = EDGE_LOOP ( 'NONE', ( #428, #2819, #4252, #2481 ) ) ;
#4535 = FILL_AREA_STYLE_COLOUR ( '', #4503 ) ;
#4536 = FACE_OUTER_BOUND ( 'NONE', #3326, .T. ) ;
#4537 = ORIENTED_EDGE ( 'NONE', *, *, #4482, .T. ) ;
#4538 = ADVANCED_FACE ( 'NONE', ( #6982 ), #2651, .F. ) ;
#4539 = FILL_AREA_STYLE_COLOUR ( '', #2057 ) ;
#4540 = VECTOR ( 'NONE', #4472, 1000.000000000000000 ) ;
#4541 = LINE ( 'NONE', #3770, #3444 ) ;
#4542 = VERTEX_POINT ( 'NONE', #5824 ) ;
#4543 = DIRECTION ( 'NONE',  ( 0.0000000000000000000, -1.000000000000000000, -1.294569758191649100E-016 ) ) ;
#4544 = EDGE_CURVE ( 'NONE', #397, #6195, #4139, .T. ) ;
#4545 = LINE ( 'NONE', #6293, #287 ) ;
#4546 = ORIENTED_EDGE ( 'NONE', *, *, #1555, .F. ) ;
#4547 = FACE_OUTER_BOUND ( 'NONE', #1770, .T. ) ;
#4548 = EDGE_LOOP ( 'NONE', ( #6010, #4925, #4740, #6950 ) ) ;
#4549 = CARTESIAN_POINT ( 'NONE',  ( -2.125000000000000400, -1.100000000000000300, 0.04999999999999996800 ) ) ;
#4550 = CARTESIAN_POINT ( 'NONE',  ( 2.599000000000000200, 1.100000000000000100, 0.3039999999999999400 ) ) ;
#4551 = UNCERTAINTY_MEASURE_WITH_UNIT (LENGTH_MEASURE( 1.000000000000000100E-005 ), #3953, 'distance_accuracy_value', 'NONE');
#4552 = CARTESIAN_POINT ( 'NONE',  ( -1.050000000000000000, 2.600000000000000100, 0.6499999999999993600 ) ) ;
#4553 = SURFACE_SIDE_STYLE ('',( #2775 ) ) ;
#4554 = CARTESIAN_POINT ( 'NONE',  ( 0.4650000000000003600, 2.350000000000002800, 0.6499999999999993600 ) ) ;
#4555 = PRESENTATION_LAYER_ASSIGNMENT (  '', '', ( #3846 ) ) ;
#4556 = VECTOR ( 'NONE', #675, 1000.000000000000000 ) ;
#4557 = ORIENTED_EDGE ( 'NONE', *, *, #4343, .T. ) ;
#4558 =( NAMED_UNIT ( * ) SI_UNIT ( $, .STERADIAN. ) SOLID_ANGLE_UNIT ( ) );
#4559 = LINE ( 'NONE', #442, #106 ) ;
#4560 = EDGE_CURVE ( 'NONE', #4791, #6869, #5564, .T. ) ;
#4561 = EDGE_CURVE ( 'NONE', #3607, #2871, #1347, .T. ) ;
#4562 = UNCERTAINTY_MEASURE_WITH_UNIT (LENGTH_MEASURE( 1.000000000000000100E-005 ), #4660, 'distance_accuracy_value', 'NONE');
#4563 = CARTESIAN_POINT ( 'NONE',  ( 2.649000000000000500, 1.100000000000000100, 0.2540000000000000000 ) ) ;
#4564 = FACE_OUTER_BOUND ( 'NONE', #2310, .T. ) ;
#4565 = AXIS2_PLACEMENT_3D ( 'NONE', #3310, #2820, #6591 ) ;
#4566 = AXIS2_PLACEMENT_3D ( 'NONE', #2278, #3285, #2714 ) ;
#4567 = CARTESIAN_POINT ( 'NONE',  ( -0.4649999999999996400, 0.2499999999999996700, 0.1799999999999966600 ) ) ;
#4568 = CARTESIAN_POINT ( 'NONE',  ( -0.7849999999999997000, -0.6250000000000003300, 0.2999999999999964900 ) ) ;
#4569 = CARTESIAN_POINT ( 'NONE',  ( -1.050000000000000000, 2.600000000000000100, 0.6499999999999993600 ) ) ;
#4570 = DIRECTION ( 'NONE',  ( -0.5773502691896257300, 0.5773502691896257300, -0.5773502691896257300 ) ) ;
#4571 = FACE_OUTER_BOUND ( 'NONE', #799, .T. ) ;
#4572 = AXIS2_PLACEMENT_3D ( 'NONE', #5688, #6220, #2979 ) ;
#4573 = PLANE ( 'NONE',  #3565 ) ;
#4574 = ADVANCED_FACE ( 'NONE', ( #980 ), #4745, .T. ) ;
#4575 = DIRECTION ( 'NONE',  ( 0.0000000000000000000, -1.000000000000000000, 1.355252715606881500E-016 ) ) ;
#4576 = DIRECTION ( 'NONE',  ( 1.000000000000000000, 0.0000000000000000000, 0.0000000000000000000 ) ) ;
#4577 = SURFACE_STYLE_FILL_AREA ( #4211 ) ;
#4578 = ORIENTED_EDGE ( 'NONE', *, *, #3760, .T. ) ;
#4579 = DIRECTION ( 'NONE',  ( 0.0000000000000000000, 0.0000000000000000000, 1.000000000000000000 ) ) ;
#4580 = CARTESIAN_POINT ( 'NONE',  ( 3.124999999999999100, -1.100000000000000100, 0.2999999999999999300 ) ) ;
#4581 = CARTESIAN_POINT ( 'NONE',  ( 3.625000000000000000, -1.100000000000000100, 0.3039999999999999400 ) ) ;
#4582 = FILL_AREA_STYLE ('',( #4053 ) ) ;
#4583 = VECTOR ( 'NONE', #19, 1000.000000000000000 ) ;
#4584 = ORIENTED_EDGE ( 'NONE', *, *, #1190, .T. ) ;
#4585 = CARTESIAN_POINT ( 'NONE',  ( 2.325000000000000200, 1.700000000000000000, 2.200000000000000200 ) ) ;
#4586 = DIRECTION ( 'NONE',  ( 0.0000000000000000000, 0.0000000000000000000, 1.000000000000000000 ) ) ;
#4587 = FACE_OUTER_BOUND ( 'NONE', #6835, .T. ) ;
#4588 = CARTESIAN_POINT ( 'NONE',  ( 1.050000000000000000, -1.100000000000000100, 0.2999999999999989900 ) ) ;
#4589 = VECTOR ( 'NONE', #6929, 1000.000000000000000 ) ;
#4590 = ORIENTED_EDGE ( 'NONE', *, *, #5702, .F. ) ;
#4591 = DIRECTION ( 'NONE',  ( 1.172110456741086100E-016, -1.000000000000000000, 0.0000000000000000000 ) ) ;
#4592 = CARTESIAN_POINT ( 'NONE',  ( -1.174999999999999400, 0.8750000000000002200, 2.574999999999994000 ) ) ;
#4593 = EDGE_LOOP ( 'NONE', ( #6087, #2086, #4759, #2281, #4754 ) ) ;
#4594 = CARTESIAN_POINT ( 'NONE',  ( 2.963000000000000500, -0.6979999999999986200, 1.458000000000000000 ) ) ;
#4595 = EDGE_CURVE ( 'NONE', #5474, #627, #5383, .T. ) ;
#4596 = LINE ( 'NONE', #6908, #5876 ) ;
#4597 = EDGE_CURVE ( 'NONE', #3859, #4448, #6807, .T. ) ;
#4598 = ORIENTED_EDGE ( 'NONE', *, *, #1588, .F. ) ;
#4599 =( GEOMETRIC_REPRESENTATION_CONTEXT ( 3 ) GLOBAL_UNCERTAINTY_ASSIGNED_CONTEXT ( ( #4339 ) ) GLOBAL_UNIT_ASSIGNED_CONTEXT ( ( #3467, #3510, #4130 ) ) REPRESENTATION_CONTEXT ( 'NONE', 'WORKASPACE' ) );
#4600 = DIRECTION ( 'NONE',  ( 0.0000000000000000000, 1.000000000000000000, 0.0000000000000000000 ) ) ;
#4601 = CARTESIAN_POINT ( 'NONE',  ( 2.649000000000000500, 1.100000000000000100, -2.710505431213761100E-017 ) ) ;
#4602 = CARTESIAN_POINT ( 'NONE',  ( -2.599000000000000200, 1.100000000000000100, 1.226000000000000000 ) ) ;
#4603 = AXIS2_PLACEMENT_3D ( 'NONE', #1620, #1572, #1464 ) ;
#4604 = DIRECTION ( 'NONE',  ( 1.172110456741086100E-016, -1.000000000000000000, 0.0000000000000000000 ) ) ;
#4605 = DIRECTION ( 'NONE',  ( 0.7071067811865491300, -0.7071067811865460200, 0.0000000000000000000 ) ) ;
#4606 = ORIENTED_EDGE ( 'NONE', *, *, #4199, .T. ) ;
#4607 = SURFACE_SIDE_STYLE ('',( #6013 ) ) ;
#4608 = EDGE_CURVE ( 'NONE', #3495, #1096, #6630, .T. ) ;
#4609 = LINE ( 'NONE', #1760, #5121 ) ;
#4610 = ADVANCED_FACE ( 'NONE', ( #5019 ), #3092, .T. ) ;
#4611 = AXIS2_PLACEMENT_3D ( 'NONE', #974, #4816, #1575 ) ;
#4612 = LINE ( 'NONE', #5939, #6067 ) ;
#4613 = ORIENTED_EDGE ( 'NONE', *, *, #4813, .T. ) ;
#4614 =( GEOMETRIC_REPRESENTATION_CONTEXT ( 3 ) GLOBAL_UNCERTAINTY_ASSIGNED_CONTEXT ( ( #5349 ) ) GLOBAL_UNIT_ASSIGNED_CONTEXT ( ( #3046, #6816, #3566 ) ) REPRESENTATION_CONTEXT ( 'NONE', 'WORKASPACE' ) );
#4615 = FACE_OUTER_BOUND ( 'NONE', #2250, .T. ) ;
#4616 = VECTOR ( 'NONE', #239, 1000.000000000000000 ) ;
#4617 = PLANE ( 'NONE',  #4325 ) ;
#4618 = PRESENTATION_STYLE_ASSIGNMENT (( #6584 ) ) ;
#4619 = ORIENTED_EDGE ( 'NONE', *, *, #3760, .F. ) ;
#4620 = ORIENTED_EDGE ( 'NONE', *, *, #4968, .F. ) ;
#4621 = CARTESIAN_POINT ( 'NONE',  ( -0.7849999999999997000, 2.999999999999999600, -1.761828530288944700E-016 ) ) ;
#4622 = ORIENTED_EDGE ( 'NONE', *, *, #3415, .F. ) ;
#4623 = FACE_OUTER_BOUND ( 'NONE', #5452, .T. ) ;
#4624 = FILL_AREA_STYLE ('',( #755 ) ) ;
#4625 = VERTEX_POINT ( 'NONE', #781 ) ;
#4626 = CARTESIAN_POINT ( 'NONE',  ( 1.524999999999993000, 0.09999999999999982500, 4.399999999999995900 ) ) ;
#4627 = CARTESIAN_POINT ( 'NONE',  ( 3.624999999999999600, -1.100000000000000100, 2.200000000000000200 ) ) ;
#4628 = DIRECTION ( 'NONE',  ( 1.000000000000000000, 0.0000000000000000000, -0.0000000000000000000 ) ) ;
#4629 = LINE ( 'NONE', #1943, #3040 ) ;
#4630 = SURFACE_STYLE_USAGE ( .BOTH. , #4607 ) ;
#4631 = ORIENTED_EDGE ( 'NONE', *, *, #3119, .T. ) ;
#4632 = ORIENTED_EDGE ( 'NONE', *, *, #3461, .T. ) ;
#4633 = FACE_OUTER_BOUND ( 'NONE', #4895, .T. ) ;
#4634 = ORIENTED_EDGE ( 'NONE', *, *, #5227, .T. ) ;
#4635 = EDGE_CURVE ( 'NONE', #1167, #1130, #5969, .T. ) ;
#4636 = FILL_AREA_STYLE_COLOUR ( '', #6102 ) ;
#4637 = EDGE_LOOP ( 'NONE', ( #6895, #6261, #1386, #5276 ) ) ;
#4638 = DIRECTION ( 'NONE',  ( 1.000000000000000000, 0.0000000000000000000, -3.051828337366604500E-016 ) ) ;
#4639 = CARTESIAN_POINT ( 'NONE',  ( 2.649000000000000500, 1.100000000000000100, 1.226000000000000000 ) ) ;
#4640 = CARTESIAN_POINT ( 'NONE',  ( -0.7849999999999997000, 2.350000000000002800, 0.6499999999999993600 ) ) ;
#4641 = VECTOR ( 'NONE', #2784, 1000.000000000000000 ) ;
#4642 = CARTESIAN_POINT ( 'NONE',  ( 0.7850000000000003600, 0.4249999999999998200, 3.499999999999981300 ) ) ;
#4643 = AXIS2_PLACEMENT_3D ( 'NONE', #3317, #3743, #3794 ) ;
#4644 = ADVANCED_FACE ( 'NONE', ( #4518 ), #6297, .T. ) ;
#4645 = VECTOR ( 'NONE', #5991, 1000.000000000000000 ) ;
#4646 = EDGE_CURVE ( 'NONE', #182, #4253, #6711, .T. ) ;
#4647 = DIRECTION ( 'NONE',  ( 0.0000000000000000000, -0.0000000000000000000, -1.000000000000000000 ) ) ;
#4648 = EDGE_LOOP ( 'NONE', ( #6124, #385, #5549, #3353 ) ) ;
#4649 = EDGE_CURVE ( 'NONE', #1210, #1237, #4041, .T. ) ;
#4650 =( NAMED_UNIT ( * ) PLANE_ANGLE_UNIT ( ) SI_UNIT ( $, .RADIAN. ) );
#4651 = CARTESIAN_POINT ( 'NONE',  ( 0.7850000000000003600, -0.6250000000000003300, 0.6499999999999964700 ) ) ;
#4652 = DIRECTION ( 'NONE',  ( 0.0000000000000000000, -1.000000000000000000, -4.336808689942014600E-015 ) ) ;
#4653 = AXIS2_PLACEMENT_3D ( 'NONE', #1475, #3146, #6928 ) ;
#4654 = DIRECTION ( 'NONE',  ( 0.0000000000000000000, 0.0000000000000000000, 1.000000000000000000 ) ) ;
#4655 = CARTESIAN_POINT ( 'NONE',  ( 2.649000000000000500, -1.100000000000000100, 1.276000000000000000 ) ) ;
#4656 = CARTESIAN_POINT ( 'NONE',  ( 2.649000000000000500, 1.100000000000000100, 1.276000000000000000 ) ) ;
#4657 = SURFACE_STYLE_USAGE ( .BOTH. , #783 ) ;
#4658 = ORIENTED_EDGE ( 'NONE', *, *, #603, .T. ) ;
#4659 = VERTEX_POINT ( 'NONE', #255 ) ;
#4660 =( LENGTH_UNIT ( ) NAMED_UNIT ( * ) SI_UNIT ( .MILLI., .METRE. ) );
#4661 = VECTOR ( 'NONE', #2998, 1000.000000000000000 ) ;
#4662 = ORIENTED_EDGE ( 'NONE', *, *, #276, .F. ) ;
#4663 = LINE ( 'NONE', #5604, #3245 ) ;
#4664 =( NAMED_UNIT ( * ) PLANE_ANGLE_UNIT ( ) SI_UNIT ( $, .RADIAN. ) );
#4665 = DIRECTION ( 'NONE',  ( 0.1940285000290635800, 0.1455213750217966800, -0.9701425001453328800 ) ) ;
#4666 = LINE ( 'NONE', #3284, #4506 ) ;
#4667 = DIRECTION ( 'NONE',  ( -0.0000000000000000000, -1.000000000000000000, -0.0000000000000000000 ) ) ;
#4668 = UNCERTAINTY_MEASURE_WITH_UNIT (LENGTH_MEASURE( 1.000000000000000100E-005 ), #6170, 'distance_accuracy_value', 'NONE');
#4669 = VERTEX_POINT ( 'NONE', #4208 ) ;
#4670 = PRESENTATION_STYLE_ASSIGNMENT (( #2143 ) ) ;
#4671 = EDGE_CURVE ( 'NONE', #5894, #4287, #1073, .T. ) ;
#4672 = ADVANCED_FACE ( 'NONE', ( #2393 ), #1427, .T. ) ;
#4673 = DIRECTION ( 'NONE',  ( 0.0000000000000000000, 1.000000000000000000, 0.0000000000000000000 ) ) ;
#4674 = VERTEX_POINT ( 'NONE', #1999 ) ;
#4675 = CARTESIAN_POINT ( 'NONE',  ( -1.824999999999999500, 0.09999999999999982500, 1.749999999999996400 ) ) ;
#4676 = LINE ( 'NONE', #2996, #3255 ) ;
#4677 = DIRECTION ( 'NONE',  ( 0.0000000000000000000, 1.294569758191649100E-016, -1.000000000000000000 ) ) ;
#4678 = ORIENTED_EDGE ( 'NONE', *, *, #3991, .T. ) ;
#4679 = CARTESIAN_POINT ( 'NONE',  ( 1.524999999999992600, 1.700000000000000200, 1.749999999999996400 ) ) ;
#4680 = VERTEX_POINT ( 'NONE', #5822 ) ;
#4681 = EDGE_LOOP ( 'NONE', ( #3364, #1301, #7154, #7085, #1233, #3131, #3019, #5787, #4742, #4765, #4073, #3872, #35, #2161, #2750, #3409, #262, #2387, #4197, #6213, #2264, #6503, #2822, #1102, #6878, #4801, #2182, #3399, #3314, #4578, #3361, #3804, #5179, #5621, #6145, #278, #4890, #271, #4381, #6580, #1181, #4082, #5738, #2484, #593, #6000 ) ) ;
#4682 =( NAMED_UNIT ( * ) PLANE_ANGLE_UNIT ( ) SI_UNIT ( $, .RADIAN. ) );
#4683 = FACE_OUTER_BOUND ( 'NONE', #4453, .T. ) ;
#4684 = VECTOR ( 'NONE', #3254, 1000.000000000000000 ) ;
#4685 = SURFACE_STYLE_USAGE ( .BOTH. , #4553 ) ;
#4686 = EDGE_CURVE ( 'NONE', #4068, #1178, #1876, .T. ) ;
#4687 = LINE ( 'NONE', #6275, #5024 ) ;
#4688 = EDGE_CURVE ( 'NONE', #4680, #4223, #6050, .T. ) ;
#4689 = AXIS2_PLACEMENT_3D ( 'NONE', #4750, #6396, #921 ) ;
#4690 = EDGE_LOOP ( 'NONE', ( #3819, #2063, #2198, #2192 ) ) ;
#4691 = PLANE ( 'NONE',  #6932 ) ;
#4692 = LINE ( 'NONE', #392, #1798 ) ;
#4693 = PRESENTATION_LAYER_ASSIGNMENT (  '', '', ( #4009 ) ) ;
#4694 = ORIENTED_EDGE ( 'NONE', *, *, #3497, .T. ) ;
#4695 = CARTESIAN_POINT ( 'NONE',  ( -0.4649999999999996400, 0.4249999999999998200, 3.999999999999993300 ) ) ;
#4696 = DIRECTION ( 'NONE',  ( 0.0000000000000000000, 0.7071067811865433500, -0.7071067811865517900 ) ) ;
#4697 = VECTOR ( 'NONE', #4316, 1000.000000000000000 ) ;
#4698 = AXIS2_PLACEMENT_3D ( 'NONE', #3481, #123, #4083 ) ;
#4699 = EDGE_CURVE ( 'NONE', #627, #4659, #4596, .T. ) ;
#4700 = VERTEX_POINT ( 'NONE', #3672 ) ;
#4701 = LINE ( 'NONE', #3080, #3275 ) ;
#4702 =( NAMED_UNIT ( * ) SI_UNIT ( $, .STERADIAN. ) SOLID_ANGLE_UNIT ( ) );
#4703 = PRESENTATION_STYLE_ASSIGNMENT (( #2171 ) ) ;
#4704 = ORIENTED_EDGE ( 'NONE', *, *, #1915, .F. ) ;
#4705 = ORIENTED_EDGE ( 'NONE', *, *, #358, .F. ) ;
#4706 = VECTOR ( 'NONE', #2637, 1000.000000000000000 ) ;
#4707 = CARTESIAN_POINT ( 'NONE',  ( -0.7849999999999997000, 2.200000000000003300, 0.2999999999999996600 ) ) ;
#4708 = SURFACE_STYLE_USAGE ( .BOTH. , #846 ) ;
#4709 = CARTESIAN_POINT ( 'NONE',  ( 1.905666666666666200, -0.1866666666666648400, 1.213333333333332300 ) ) ;
#4710 = ADVANCED_FACE ( 'NONE', ( #4438 ), #1485, .T. ) ;
#4711 = ORIENTED_EDGE ( 'NONE', *, *, #1927, .T. ) ;
#4712 = LINE ( 'NONE', #1792, #1822 ) ;
#4713 = DIRECTION ( 'NONE',  ( 0.0000000000000000000, 1.000000000000000000, 1.556803119466363000E-015 ) ) ;
#4714 = CARTESIAN_POINT ( 'NONE',  ( -2.124999999999999100, 2.299999999999999800, 3.699999999999996600 ) ) ;
#4715 = CARTESIAN_POINT ( 'NONE',  ( -0.4649999999999996400, 0.2499999999999996700, 0.2999999999999966000 ) ) ;
#4716 = FILL_AREA_STYLE ('',( #4027 ) ) ;
#4717 = EDGE_CURVE ( 'NONE', #5400, #1099, #1701, .T. ) ;
#4718 = CARTESIAN_POINT ( 'NONE',  ( -0.4649999999999996400, 2.200000000000003300, 0.2999999999999996600 ) ) ;
#4719 = ORIENTED_EDGE ( 'NONE', *, *, #2433, .F. ) ;
#4720 = LINE ( 'NONE', #505, #3130 ) ;
#4721 = VECTOR ( 'NONE', #4109, 1000.000000000000000 ) ;
#4722 = DIRECTION ( 'NONE',  ( 0.0000000000000000000, -1.464376960240160100E-015, 1.000000000000000000 ) ) ;
#4723 = DIRECTION ( 'NONE',  ( -0.0000000000000000000, -1.000000000000000000, -0.0000000000000000000 ) ) ;
#4724 = EDGE_CURVE ( 'NONE', #1147, #3675, #153, .T. ) ;
#4725 = EDGE_CURVE ( 'NONE', #2635, #4375, #7130, .T. ) ;
#4726 = PLANE ( 'NONE',  #2471 ) ;
#4727 = CARTESIAN_POINT ( 'NONE',  ( 1.524999999999992600, 0.8499999999999996400, 1.749999999999996400 ) ) ;
#4728 = CARTESIAN_POINT ( 'NONE',  ( 2.599000000000000200, -0.8799999999999986700, 1.275999999999999800 ) ) ;
#4729 = EDGE_LOOP ( 'NONE', ( #4396, #6069, #4447, #118, #5371, #5978, #886, #2523, #1341, #3921, #3526, #2952 ) ) ;
#4730 = DIRECTION ( 'NONE',  ( -1.000000000000000000, 0.0000000000000000000, 0.0000000000000000000 ) ) ;
#4731 = PRESENTATION_LAYER_ASSIGNMENT (  '', '', ( #4046 ) ) ;
#4732 = ORIENTED_EDGE ( 'NONE', *, *, #4953, .T. ) ;
#4733 = VECTOR ( 'NONE', #4450, 1000.000000000000000 ) ;
#4734 = ORIENTED_EDGE ( 'NONE', *, *, #6683, .T. ) ;
#4735 = EDGE_CURVE ( 'NONE', #1945, #2630, #1526, .T. ) ;
#4736 = DIRECTION ( 'NONE',  ( 3.051828337366604500E-016, -0.0000000000000000000, 1.000000000000000000 ) ) ;
#4737 = AXIS2_PLACEMENT_3D ( 'NONE', #1884, #2442, #6233 ) ;
#4738 = MECHANICAL_DESIGN_GEOMETRIC_PRESENTATION_REPRESENTATION (  '', ( #3666 ), #5106 ) ;
#4739 = LINE ( 'NONE', #1414, #3311 ) ;
#4740 = ORIENTED_EDGE ( 'NONE', *, *, #6377, .F. ) ;
#4741 = VERTEX_POINT ( 'NONE', #2622 ) ;
#4742 = ORIENTED_EDGE ( 'NONE', *, *, #5970, .F. ) ;
#4743 = STYLED_ITEM ( 'NONE', ( #4524 ), #4479 ) ;
#4744 = DIRECTION ( 'NONE',  ( -1.000000000000000000, 0.0000000000000000000, -2.304851557154560100E-017 ) ) ;
#4745 = PLANE ( 'NONE',  #3524 ) ;
#4746 = ORIENTED_EDGE ( 'NONE', *, *, #5382, .T. ) ;
#4748 = ADVANCED_FACE ( 'NONE', ( #5559 ), #1511, .F. ) ;
#4747 = DIRECTION ( 'NONE',  ( 0.0000000000000000000, -0.0000000000000000000, -1.000000000000000000 ) ) ;
#4749 = VERTEX_POINT ( 'NONE', #6952 ) ;
#4750 = CARTESIAN_POINT ( 'NONE',  ( 2.124999999999999600, -1.100000000000000300, 0.04999999999999867100 ) ) ;
#4751 = CARTESIAN_POINT ( 'NONE',  ( 0.7850000000000003600, -0.3750000000000001100, 0.6499999999999975800 ) ) ;
#4752 = LINE ( 'NONE', #4882, #3321 ) ;
#4753 = LINE ( 'NONE', #4715, #6210 ) ;
#4754 = ORIENTED_EDGE ( 'NONE', *, *, #2731, .T. ) ;
#4755 = DIRECTION ( 'NONE',  ( -1.000000000000000000, -0.0000000000000000000, -0.0000000000000000000 ) ) ;
#4756 = DIRECTION ( 'NONE',  ( 0.0000000000000000000, 0.0000000000000000000, -1.000000000000000000 ) ) ;
#4757 = DIRECTION ( 'NONE',  ( 0.0000000000000000000, 0.0000000000000000000, 1.000000000000000000 ) ) ;
#4758 = ORIENTED_EDGE ( 'NONE', *, *, #1588, .T. ) ;
#4759 = ORIENTED_EDGE ( 'NONE', *, *, #953, .F. ) ;
#4760 = SURFACE_STYLE_FILL_AREA ( #3184 ) ;
#4761 = EDGE_CURVE ( 'NONE', #361, #759, #4132, .T. ) ;
#4762 = FACE_OUTER_BOUND ( 'NONE', #3446, .T. ) ;
#4763 = CARTESIAN_POINT ( 'NONE',  ( -0.4649999999999996400, -0.6250000000000003300, 0.2999999999999964900 ) ) ;
#4764 = VECTOR ( 'NONE', #3889, 1000.000000000000000 ) ;
#4765 = ORIENTED_EDGE ( 'NONE', *, *, #2793, .F. ) ;
#4766 =( GEOMETRIC_REPRESENTATION_CONTEXT ( 3 ) GLOBAL_UNCERTAINTY_ASSIGNED_CONTEXT ( ( #6993 ) ) GLOBAL_UNIT_ASSIGNED_CONTEXT ( ( #788, #4682, #2493 ) ) REPRESENTATION_CONTEXT ( 'NONE', 'WORKASPACE' ) );
#4767 = CARTESIAN_POINT ( 'NONE',  ( 2.599000000000000200, -0.8799999999999986700, 0.2999999999999999900 ) ) ;
#4768 = VERTEX_POINT ( 'NONE', #5361 ) ;
#4769 = FILL_AREA_STYLE_COLOUR ( '', #6055 ) ;
#4770 = DIRECTION ( 'NONE',  ( -1.971276677246373500E-016, 0.0000000000000000000, -1.000000000000000000 ) ) ;
#4771 = EDGE_CURVE ( 'NONE', #1140, #6500, #6802, .T. ) ;
#4772 = VERTEX_POINT ( 'NONE', #2644 ) ;
#4773 = ORIENTED_EDGE ( 'NONE', *, *, #1293, .T. ) ;
#4774 = EDGE_CURVE ( 'NONE', #3412, #1960, #2646, .T. ) ;
#4775 = LINE ( 'NONE', #2136, #3189 ) ;
#4776 = FACE_OUTER_BOUND ( 'NONE', #2724, .T. ) ;
#4777 = ORIENTED_EDGE ( 'NONE', *, *, #1670, .F. ) ;
#4778 =( GEOMETRIC_REPRESENTATION_CONTEXT ( 3 ) GLOBAL_UNCERTAINTY_ASSIGNED_CONTEXT ( ( #6896 ) ) GLOBAL_UNIT_ASSIGNED_CONTEXT ( ( #1921, #5733, #2476 ) ) REPRESENTATION_CONTEXT ( 'NONE', 'WORKASPACE' ) );
#4779 = ORIENTED_EDGE ( 'NONE', *, *, #50, .F. ) ;
#4780 = AXIS2_PLACEMENT_3D ( 'NONE', #521, #874, #906 ) ;
#4781 = VECTOR ( 'NONE', #703, 1000.000000000000000 ) ;
#4782 = SURFACE_STYLE_USAGE ( .BOTH. , #936 ) ;
#4783 = EDGE_LOOP ( 'NONE', ( #6497, #3159, #2504, #2594, #5741, #6970, #194, #2685, #1249, #431, #2001, #4181, #2033, #5130, #2581 ) ) ;
#4784 = DIRECTION ( 'NONE',  ( 0.0000000000000000000, 0.0000000000000000000, -1.000000000000000000 ) ) ;
#4785 = CARTESIAN_POINT ( 'NONE',  ( -3.324999999999999700, -0.8000000000000001600, 4.699999999999998400 ) ) ;
#4786 = ORIENTED_EDGE ( 'NONE', *, *, #2114, .F. ) ;
#4787 = LINE ( 'NONE', #2760, #3360 ) ;
#4788 = ORIENTED_EDGE ( 'NONE', *, *, #859, .F. ) ;
#4789 = ADVANCED_FACE ( 'NONE', ( #972 ), #3752, .T. ) ;
#4790 = VERTEX_POINT ( 'NONE', #4309 ) ;
#4791 = VERTEX_POINT ( 'NONE', #4334 ) ;
#4792 = VECTOR ( 'NONE', #3550, 1000.000000000000000 ) ;
#4793 = ORIENTED_EDGE ( 'NONE', *, *, #4103, .T. ) ;
#4794 = FILL_AREA_STYLE ('',( #4288 ) ) ;
#4795 = CARTESIAN_POINT ( 'NONE',  ( -0.0000000000000000000, -1.100000000000000100, 1.749999999999999600 ) ) ;
#4796 = AXIS2_PLACEMENT_3D ( 'NONE', #4280, #4784, #1525 ) ;
#4797 = CARTESIAN_POINT ( 'NONE',  ( -1.174999999999999400, 2.299999999999999800, 1.749999999999996400 ) ) ;
#4798 = LINE ( 'NONE', #2460, #1380 ) ;
#4799 = EDGE_LOOP ( 'NONE', ( #4258, #1715, #780, #2893 ) ) ;
#4800 = MANIFOLD_SOLID_BREP ( 'Фаска7', #4388 ) ;
#4801 = ORIENTED_EDGE ( 'NONE', *, *, #2337, .T. ) ;
#4802 = FACE_OUTER_BOUND ( 'NONE', #1127, .T. ) ;
#4803 = DIRECTION ( 'NONE',  ( 0.0000000000000000000, 0.7071067811865462400, -0.7071067811865489100 ) ) ;
#4804 = ORIENTED_EDGE ( 'NONE', *, *, #4560, .F. ) ;
#4805 = FACE_OUTER_BOUND ( 'NONE', #6164, .T. ) ;
#4806 = CARTESIAN_POINT ( 'NONE',  ( -3.145000000000000000, 1.200000000000000000, 1.275999999999999800 ) ) ;
#4807 = DIRECTION ( 'NONE',  ( -1.000000000000000000, 0.0000000000000000000, -0.0000000000000000000 ) ) ;
#4808 = FACE_OUTER_BOUND ( 'NONE', #1504, .T. ) ;
#4809 = EDGE_LOOP ( 'NONE', ( #1376, #5649, #298, #887, #6931, #424, #6604, #3272, #5639, #302, #1084, #3097, #559, #5060, #4746, #3218, #6544, #2811 ) ) ;
#4810 = DIRECTION ( 'NONE',  ( 0.0000000000000000000, 1.000000000000000000, 0.0000000000000000000 ) ) ;
#4811 = CARTESIAN_POINT ( 'NONE',  ( 0.4650000000000003600, 3.000000000000000000, 0.4499999999999998400 ) ) ;
#4812 = FILL_AREA_STYLE ('',( #967 ) ) ;
#4813 = EDGE_CURVE ( 'NONE', #3731, #5231, #422, .T. ) ;
#4814 = PLANE ( 'NONE',  #3084 ) ;
#4815 = EDGE_CURVE ( 'NONE', #5193, #542, #4838, .T. ) ;
#4817 = ADVANCED_FACE ( 'NONE', ( #2729 ), #1028, .F. ) ;
#4816 = DIRECTION ( 'NONE',  ( -0.0000000000000000000, -1.000000000000000000, -0.0000000000000000000 ) ) ;
#4818 = DIRECTION ( 'NONE',  ( 1.000000000000000000, -0.0000000000000000000, -3.252606517456513300E-016 ) ) ;
#4819 =( GEOMETRIC_REPRESENTATION_CONTEXT ( 3 ) GLOBAL_UNCERTAINTY_ASSIGNED_CONTEXT ( ( #142 ) ) GLOBAL_UNIT_ASSIGNED_CONTEXT ( ( #1912, #5724, #2469 ) ) REPRESENTATION_CONTEXT ( 'NONE', 'WORKASPACE' ) );
#4820 = AXIS2_PLACEMENT_3D ( 'NONE', #4090, #4543, #4677 ) ;
#4821 = FACE_OUTER_BOUND ( 'NONE', #562, .T. ) ;
#4822 = AXIS2_PLACEMENT_3D ( 'NONE', #2873, #7128, #7109 ) ;
#4823 = EDGE_CURVE ( 'NONE', #6380, #4232, #2219, .T. ) ;
#4824 = CARTESIAN_POINT ( 'NONE',  ( 0.4650000000000003600, 2.500000000000000000, -1.084202172485504400E-016 ) ) ;
#4825 = FILL_AREA_STYLE_COLOUR ( '', #5710 ) ;
#4826 = VECTOR ( 'NONE', #2969, 1000.000000000000000 ) ;
#4827 = ORIENTED_EDGE ( 'NONE', *, *, #1631, .T. ) ;
#4828 = PLANE ( 'NONE',  #5673 ) ;
#4829 = EDGE_LOOP ( 'NONE', ( #3533, #6158, #6099, #2464 ) ) ;
#4830 = ORIENTED_EDGE ( 'NONE', *, *, #5827, .T. ) ;
#4831 = VECTOR ( 'NONE', #5055, 1000.000000000000000 ) ;
#4832 = MECHANICAL_DESIGN_GEOMETRIC_PRESENTATION_REPRESENTATION (  '', ( #3773 ), #5211 ) ;
#4833 = LINE ( 'NONE', #1606, #6129 ) ;
#4834 = CARTESIAN_POINT ( 'NONE',  ( 3.145000000000000000, 1.100000000000000100, 1.529999999999999800 ) ) ;
#4835 = CARTESIAN_POINT ( 'NONE',  ( -1.525000000000000100, -1.000000000000000000, 4.699999999999995700 ) ) ;
#4836 = FILL_AREA_STYLE_COLOUR ( '', #3411 ) ;
#4837 = ORIENTED_EDGE ( 'NONE', *, *, #4233, .F. ) ;
#4838 = LINE ( 'NONE', #4347, #5633 ) ;
#4839 = ORIENTED_EDGE ( 'NONE', *, *, #4597, .F. ) ;
#4840 = CARTESIAN_POINT ( 'NONE',  ( 2.125000000000000000, 1.399999999999999200, 1.699999999999989700 ) ) ;
#4841 = ORIENTED_EDGE ( 'NONE', *, *, #504, .F. ) ;
#4842 = EDGE_CURVE ( 'NONE', #6162, #2040, #6534, .T. ) ;
#4843 = LINE ( 'NONE', #3157, #6139 ) ;
#4844 = LINE ( 'NONE', #1804, #4684 ) ;
#4845 = DIRECTION ( 'NONE',  ( 0.0000000000000000000, 0.0000000000000000000, 1.000000000000000000 ) ) ;
#4846 = CARTESIAN_POINT ( 'NONE',  ( 0.6850000000000002800, -0.2500000000000006700, 3.999999999999993300 ) ) ;
#4847 = COLOUR_RGB ( '',0.8000000000000000400, 0.8078431372549019800, 0.8000000000000000400 ) ;
#4848 = SURFACE_SIDE_STYLE ('',( #4071 ) ) ;
#4849 = LINE ( 'NONE', #744, #3421 ) ;
#4850 = DIRECTION ( 'NONE',  ( 0.0000000000000000000, 1.000000000000000000, 0.0000000000000000000 ) ) ;
#4851 = ADVANCED_FACE ( 'NONE', ( #3478 ), #6519, .T. ) ;
#4852 = ORIENTED_EDGE ( 'NONE', *, *, #2411, .T. ) ;
#4853 = LINE ( 'NONE', #408, #437 ) ;
#4854 = ORIENTED_EDGE ( 'NONE', *, *, #3898, .F. ) ;
#4855 = EDGE_CURVE ( 'NONE', #6250, #6338, #3670, .T. ) ;
#4856 = FACE_OUTER_BOUND ( 'NONE', #6348, .T. ) ;
#4857 = VECTOR ( 'NONE', #2090, 1000.000000000000000 ) ;
#4858 = EDGE_CURVE ( 'NONE', #3580, #4674, #687, .T. ) ;
#4859 = DIRECTION ( 'NONE',  ( 0.1904761904761878000, 0.2380952380952350000, 0.9523809523809536600 ) ) ;
#4860 = DIRECTION ( 'NONE',  ( 1.000000000000000000, 0.0000000000000000000, 0.0000000000000000000 ) ) ;
#4861 = STYLED_ITEM ( 'NONE', ( #931 ), #880 ) ;
#4862 = VERTEX_POINT ( 'NONE', #4905 ) ;
#4863 = VECTOR ( 'NONE', #243, 1000.000000000000000 ) ;
#4864 = VECTOR ( 'NONE', #58, 1000.000000000000000 ) ;
#4865 = APPLICATION_PROTOCOL_DEFINITION ( 'draft international standard', 'automotive_design', 1998, #1033 ) ;
#4866 = DIRECTION ( 'NONE',  ( 0.0000000000000000000, 0.0000000000000000000, -1.000000000000000000 ) ) ;
#4867 = EDGE_CURVE ( 'NONE', #140, #40, #512, .T. ) ;
#4868 = EDGE_CURVE ( 'NONE', #4862, #6016, #4752, .T. ) ;
#4869 = LINE ( 'NONE', #987, #451 ) ;
#4870 = EDGE_LOOP ( 'NONE', ( #6248, #6707, #6440, #4032 ) ) ;
#4871 = ORIENTED_EDGE ( 'NONE', *, *, #2379, .T. ) ;
#4872 = ORIENTED_EDGE ( 'NONE', *, *, #6833, .F. ) ;
#4873 = MECHANICAL_DESIGN_GEOMETRIC_PRESENTATION_REPRESENTATION (  '', ( #3820 ), #5254 ) ;
#4874 = FACE_OUTER_BOUND ( 'NONE', #7009, .T. ) ;
#4875 =( GEOMETRIC_REPRESENTATION_CONTEXT ( 3 ) GLOBAL_UNCERTAINTY_ASSIGNED_CONTEXT ( ( #2907 ) ) GLOBAL_UNIT_ASSIGNED_CONTEXT ( ( #3962, #3912, #3366 ) ) REPRESENTATION_CONTEXT ( 'NONE', 'WORKASPACE' ) );
#4876 = DIRECTION ( 'NONE',  ( 0.0000000000000000000, 1.000000000000000000, 1.141265444721583800E-016 ) ) ;
#4877 = ORIENTED_EDGE ( 'NONE', *, *, #5534, .F. ) ;
#4878 = CARTESIAN_POINT ( 'NONE',  ( -1.524999999999999900, -0.6999999999999988500, 4.399999999999992400 ) ) ;
#4879 = ORIENTED_EDGE ( 'NONE', *, *, #3120, .T. ) ;
#4880 = CARTESIAN_POINT ( 'NONE',  ( -0.4649999999999996400, 2.549999999999999800, 0.4499999999999999000 ) ) ;
#4881 = EDGE_LOOP ( 'NONE', ( #1869, #131, #1071, #2020 ) ) ;
#4882 = CARTESIAN_POINT ( 'NONE',  ( -0.6767176470588232000, 0.3437882352941176200, 4.041411764705874700 ) ) ;
#4883 = ORIENTED_EDGE ( 'NONE', *, *, #6414, .T. ) ;
#4884 = ORIENTED_EDGE ( 'NONE', *, *, #1688, .T. ) ;
#4885 = LINE ( 'NONE', #5841, #6178 ) ;
#4886 = ADVANCED_FACE ( 'NONE', ( #6043 ), #1097, .T. ) ;
#4887 = ORIENTED_EDGE ( 'NONE', *, *, #3042, .F. ) ;
#4888 = PLANE ( 'NONE',  #2238 ) ;
#4889 = PLANE ( 'NONE',  #5995 ) ;
#4890 = ORIENTED_EDGE ( 'NONE', *, *, #5775, .T. ) ;
#4891 = FACE_OUTER_BOUND ( 'NONE', #5046, .T. ) ;
#4892 = UNCERTAINTY_MEASURE_WITH_UNIT (LENGTH_MEASURE( 1.000000000000000100E-005 ), #2517, 'distance_accuracy_value', 'NONE');
#4893 = DIRECTION ( 'NONE',  ( 1.000000000000000000, 0.0000000000000000000, 0.0000000000000000000 ) ) ;
#4894 = ORIENTED_EDGE ( 'NONE', *, *, #5591, .T. ) ;
#4895 = EDGE_LOOP ( 'NONE', ( #1955, #2068, #2520, #3358 ) ) ;
#4896 = CARTESIAN_POINT ( 'NONE',  ( 2.325000000000000200, -0.8000000000000010400, 2.200000000000000200 ) ) ;
#4897 = FILL_AREA_STYLE_COLOUR ( '', #365 ) ;
#4898 = EDGE_CURVE ( 'NONE', #5813, #5041, #2045, .T. ) ;
#4899 = ORIENTED_EDGE ( 'NONE', *, *, #7131, .F. ) ;
#4900 = UNCERTAINTY_MEASURE_WITH_UNIT (LENGTH_MEASURE( 1.000000000000000100E-005 ), #6441, 'distance_accuracy_value', 'NONE');
#4901 = VERTEX_POINT ( 'NONE', #3879 ) ;
#4902 = VECTOR ( 'NONE', #1663, 1000.000000000000000 ) ;
#4903 = DIRECTION ( 'NONE',  ( 0.0000000000000000000, 0.0000000000000000000, 1.000000000000000000 ) ) ;
#4904 = MECHANICAL_DESIGN_GEOMETRIC_PRESENTATION_REPRESENTATION (  '', ( #3846 ), #5279 ) ;
#4905 = CARTESIAN_POINT ( 'NONE',  ( -0.7849999999999997000, 0.4249999999999998200, 3.499999999999981300 ) ) ;
#4906 = EDGE_CURVE ( 'NONE', #1147, #6623, #145, .T. ) ;
#4907 = ORIENTED_EDGE ( 'NONE', *, *, #2112, .T. ) ;
#4908 = PLANE ( 'NONE',  #2075 ) ;
#4909 = EDGE_CURVE ( 'NONE', #6863, #1201, #1696, .T. ) ;
#4910 = FILL_AREA_STYLE ('',( #4539 ) ) ;
#4911 = PRESENTATION_LAYER_ASSIGNMENT (  '', '', ( #4236 ) ) ;
#4912 = DIRECTION ( 'NONE',  ( -0.0000000000000000000, -1.000000000000000000, -0.0000000000000000000 ) ) ;
#4913 = PRESENTATION_LAYER_ASSIGNMENT (  '', '', ( #4238 ) ) ;
#4914 = PRESENTATION_STYLE_ASSIGNMENT (( #6806 ) ) ;
#4915 = EDGE_LOOP ( 'NONE', ( #5615, #1275, #6958, #1411, #2236, #7107, #4705, #2882, #3980, #183, #4732, #6565, #2288, #2435, #3473, #6592, #2458, #469 ) ) ;
#4916 = AXIS2_PLACEMENT_3D ( 'NONE', #5892, #960, #4807 ) ;
#4917 =( NAMED_UNIT ( * ) SI_UNIT ( $, .STERADIAN. ) SOLID_ANGLE_UNIT ( ) );
#4918 = VERTEX_POINT ( 'NONE', #3902 ) ;
#4919 = DIRECTION ( 'NONE',  ( -1.000000000000000000, 0.0000000000000000000, 0.0000000000000000000 ) ) ;
#4920 = CARTESIAN_POINT ( 'NONE',  ( 2.649000000000000500, 1.100000000000000100, 0.3039999999999999400 ) ) ;
#4921 = VECTOR ( 'NONE', #4390, 1000.000000000000000 ) ;
#4922 = CARTESIAN_POINT ( 'NONE',  ( -0.4649999999999996400, 0.2499999999999996700, 0.1799999999999966600 ) ) ;
#4923 = CARTESIAN_POINT ( 'NONE',  ( 1.049999999999999800, 2.600000000000000100, 0.2999999999999989900 ) ) ;
#4924 = ADVANCED_FACE ( 'NONE', ( #4587 ), #4955, .T. ) ;
#4925 = ORIENTED_EDGE ( 'NONE', *, *, #2697, .F. ) ;
#4926 = STYLED_ITEM ( 'NONE', ( #4914 ), #5180 ) ;
#4927 = CARTESIAN_POINT ( 'NONE',  ( 2.124999999999999600, -0.4000000000000005200, 0.04999999999999867100 ) ) ;
#4928 = VECTOR ( 'NONE', #7102, 1000.000000000000000 ) ;
#4929 = CARTESIAN_POINT ( 'NONE',  ( 2.599000000000000200, -0.8799999999999986700, 1.275999999999999800 ) ) ;
#4930 = VECTOR ( 'NONE', #4088, 1000.000000000000000 ) ;
#4931 = UNCERTAINTY_MEASURE_WITH_UNIT (LENGTH_MEASURE( 1.000000000000000100E-005 ), #75, 'distance_accuracy_value', 'NONE');
#4932 = LINE ( 'NONE', #2055, #6218 ) ;
#4933 = PLANE ( 'NONE',  #2346 ) ;
#4934 = CARTESIAN_POINT ( 'NONE',  ( 1.624999999999999800, -0.4000000000000005200, 0.04999999999999883000 ) ) ;
#4935 = LINE ( 'NONE', #1409, #704 ) ;
#4936 = CARTESIAN_POINT ( 'NONE',  ( 0.7850000000000003600, 2.500000000000000000, -1.084202172485504400E-016 ) ) ;
#4937 = VECTOR ( 'NONE', #4440, 1000.000000000000000 ) ;
#4938 = ORIENTED_EDGE ( 'NONE', *, *, #6367, .T. ) ;
#4939 = SURFACE_STYLE_FILL_AREA ( #3857 ) ;
#4940 = DIRECTION ( 'NONE',  ( 0.7071067811865483500, -0.7071067811865468000, -1.629776165692364900E-017 ) ) ;
#4941 = ORIENTED_EDGE ( 'NONE', *, *, #6118, .T. ) ;
#4942 = FILL_AREA_STYLE ('',( #3319 ) ) ;
#4943 = ORIENTED_EDGE ( 'NONE', *, *, #3290, .T. ) ;
#4944 = CARTESIAN_POINT ( 'NONE',  ( -2.599000000000000200, 1.200000000000000000, 1.275999999999999800 ) ) ;
#4945 = DIRECTION ( 'NONE',  ( 0.0000000000000000000, 1.000000000000000000, 0.0000000000000000000 ) ) ;
#4946 = LINE ( 'NONE', #3745, #3350 ) ;
#4947 = LINE ( 'NONE', #3023, #6562 ) ;
#4948 = EDGE_CURVE ( 'NONE', #5866, #5690, #1520, .T. ) ;
#4949 = LINE ( 'NONE', #6784, #4781 ) ;
#4950 = ORIENTED_EDGE ( 'NONE', *, *, #5958, .T. ) ;
#4951 = ORIENTED_EDGE ( 'NONE', *, *, #6019, .T. ) ;
#4952 = ORIENTED_EDGE ( 'NONE', *, *, #2103, .F. ) ;
#4953 = EDGE_CURVE ( 'NONE', #6536, #2308, #7122, .T. ) ;
#4954 = CARTESIAN_POINT ( 'NONE',  ( 2.649000000000000500, -1.100000000000000100, 1.226000000000000000 ) ) ;
#4956 = VERTEX_POINT ( 'NONE', #3925 ) ;
#4955 = PLANE ( 'NONE',  #5070 ) ;
#4957 = VECTOR ( 'NONE', #5152, 1000.000000000000000 ) ;
#4958 = VECTOR ( 'NONE', #5477, 1000.000000000000000 ) ;
#4959 = AXIS2_PLACEMENT_3D ( 'NONE', #4944, #5523, #2258 ) ;
#4960 = DIRECTION ( 'NONE',  ( 1.000000000000000000, 0.0000000000000000000, 0.0000000000000000000 ) ) ;
#4961 = LINE ( 'NONE', #6235, #4792 ) ;
#4962 = VERTEX_POINT ( 'NONE', #1144 ) ;
#4963 = ORIENTED_EDGE ( 'NONE', *, *, #1443, .F. ) ;
#4964 = PRESENTATION_LAYER_ASSIGNMENT (  '', '', ( #4275 ) ) ;
#4965 = ADVANCED_FACE ( 'NONE', ( #4432 ), #4982, .T. ) ;
#4966 = DIRECTION ( 'NONE',  ( 0.0000000000000000000, 0.0000000000000000000, -1.000000000000000000 ) ) ;
#4967 = FILL_AREA_STYLE ('',( #7146 ) ) ;
#4968 = EDGE_CURVE ( 'NONE', #4287, #1082, #6963, .T. ) ;
#4969 = VECTOR ( 'NONE', #4673, 1000.000000000000000 ) ;
#4970 = DIRECTION ( 'NONE',  ( -1.000000000000000000, 0.0000000000000000000, 3.051828337366604500E-016 ) ) ;
#4971 = VERTEX_POINT ( 'NONE', #3382 ) ;
#4972 = AXIS2_PLACEMENT_3D ( 'NONE', #1540, #5367, #2110 ) ;
#4973 = DIRECTION ( 'NONE',  ( 0.0000000000000000000, 0.0000000000000000000, 1.000000000000000000 ) ) ;
#4974 = CARTESIAN_POINT ( 'NONE',  ( -2.125000000000000000, 1.700000000000000000, 2.400000000000001200 ) ) ;
#4975 = PLANE ( 'NONE',  #7137 ) ;
#4976 = PRESENTATION_LAYER_ASSIGNMENT (  '', '', ( #5357 ) ) ;
#4977 = DIRECTION ( 'NONE',  ( -0.0000000000000000000, -1.000000000000000000, -0.0000000000000000000 ) ) ;
#4978 = LINE ( 'NONE', #979, #1743 ) ;
#4979 = CARTESIAN_POINT ( 'NONE',  ( -2.325000000000000200, 1.700000000000000000, 2.200000000000000200 ) ) ;
#4980 = VECTOR ( 'NONE', #1728, 1000.000000000000000 ) ;
#4981 = CARTESIAN_POINT ( 'NONE',  ( 2.125000000000000000, 2.600000000000000100, 0.04999999999999867100 ) ) ;
#4982 = PLANE ( 'NONE',  #5801 ) ;
#4983 = CARTESIAN_POINT ( 'NONE',  ( -3.212333333333334800, 1.813333333333334800, -0.09333333333333242200 ) ) ;
#4984 = CARTESIAN_POINT ( 'NONE',  ( -1.524999999999999500, 1.700000000000000200, 1.749999999999996400 ) ) ;
#4985 = ORIENTED_EDGE ( 'NONE', *, *, #2021, .F. ) ;
#4986 = DIRECTION ( 'NONE',  ( -1.000000000000000000, 0.0000000000000000000, 3.061276722312012500E-016 ) ) ;
#4987 = UNCERTAINTY_MEASURE_WITH_UNIT (LENGTH_MEASURE( 1.000000000000000100E-005 ), #776, 'distance_accuracy_value', 'NONE');
#4988 = ORIENTED_EDGE ( 'NONE', *, *, #6593, .T. ) ;
#4989 = CARTESIAN_POINT ( 'NONE',  ( 0.4650000000000003600, -0.1500000000000003300, 0.2999999999999965500 ) ) ;
#4990 =( NAMED_UNIT ( * ) PLANE_ANGLE_UNIT ( ) SI_UNIT ( $, .RADIAN. ) );
#4991 = CARTESIAN_POINT ( 'NONE',  ( -3.124999999999999100, -1.100000000000000100, 0.2999999999999999300 ) ) ;
#4992 = CARTESIAN_POINT ( 'NONE',  ( -3.145000000000000000, 1.100000000000000100, 1.276000000000000000 ) ) ;
#4993 = LINE ( 'NONE', #6413, #585 ) ;
#4994 = VERTEX_POINT ( 'NONE', #560 ) ;
#4995 = SURFACE_STYLE_USAGE ( .BOTH. , #4848 ) ;
#4996 = DIRECTION ( 'NONE',  ( 1.000000000000000000, 0.0000000000000000000, -3.252606517456513300E-016 ) ) ;
#4997 = EDGE_CURVE ( 'NONE', #567, #6818, #1324, .T. ) ;
#4998 = ADVANCED_FACE ( 'NONE', ( #5553 ), #5004, .F. ) ;
#4999 = CARTESIAN_POINT ( 'NONE',  ( 1.175000000000001200, 2.299999999999999800, 3.699999999999996600 ) ) ;
#5000 = AXIS2_PLACEMENT_3D ( 'NONE', #2094, #2273, #418 ) ;
#5001 = LINE ( 'NONE', #6771, #1944 ) ;
#5002 = ORIENTED_EDGE ( 'NONE', *, *, #4699, .F. ) ;
#5003 = SURFACE_SIDE_STYLE ('',( #5850 ) ) ;
#5004 = PLANE ( 'NONE',  #6518 ) ;
#5005 = EDGE_CURVE ( 'NONE', #6185, #6667, #2824, .T. ) ;
#5006 = DIRECTION ( 'NONE',  ( 0.0000000000000000000, -1.000000000000000000, -0.0000000000000000000 ) ) ;
#5007 = EDGE_CURVE ( 'NONE', #3495, #2753, #6795, .T. ) ;
#5008 = LINE ( 'NONE', #1016, #6291 ) ;
#5009 = SURFACE_STYLE_USAGE ( .BOTH. , #5080 ) ;
#5010 = PRESENTATION_LAYER_ASSIGNMENT (  '', '', ( #4321 ) ) ;
#5011 = AXIS2_PLACEMENT_3D ( 'NONE', #1415, #1122, #1145 ) ;
#5012 = ORIENTED_EDGE ( 'NONE', *, *, #491, .F. ) ;
#5013 = PLANE ( 'NONE',  #5990 ) ;
#5014 = AXIS2_PLACEMENT_3D ( 'NONE', #2499, #6281, #3056 ) ;
#5015 = DIRECTION ( 'NONE',  ( 3.051828337366604500E-016, 0.0000000000000000000, 1.000000000000000000 ) ) ;
#5016 = EDGE_LOOP ( 'NONE', ( #870, #4951, #6677, #5303 ) ) ;
#5017 = ORIENTED_EDGE ( 'NONE', *, *, #4270, .F. ) ;
#5018 = CARTESIAN_POINT ( 'NONE',  ( 0.4650000000000003600, 2.350000000000002800, 0.6499999999999993600 ) ) ;
#5019 = FACE_OUTER_BOUND ( 'NONE', #2245, .T. ) ;
#5020 = LINE ( 'NONE', #564, #432 ) ;
#5021 = LINE ( 'NONE', #3538, #2496 ) ;
#5022 = CARTESIAN_POINT ( 'NONE',  ( 3.145000000000000000, -0.8799999999999986700, 1.529999999999999800 ) ) ;
#5023 = VECTOR ( 'NONE', #5722, 1000.000000000000000 ) ;
#5024 = VECTOR ( 'NONE', #6819, 1000.000000000000000 ) ;
#5025 = CARTESIAN_POINT ( 'NONE',  ( 1.824999999999992400, 0.8499999999999996400, 1.749999999999996400 ) ) ;
#5026 =( LENGTH_UNIT ( ) NAMED_UNIT ( * ) SI_UNIT ( .MILLI., .METRE. ) );
#5027 = LINE ( 'NONE', #2680, #801 ) ;
#5028 = ORIENTED_EDGE ( 'NONE', *, *, #4842, .T. ) ;
#5029 = VERTEX_POINT ( 'NONE', #5025 ) ;
#5030 = LINE ( 'NONE', #2228, #6314 ) ;
#5031 = LINE ( 'NONE', #2628, #632 ) ;
#5032 = ORIENTED_EDGE ( 'NONE', *, *, #245, .T. ) ;
#5033 = ADVANCED_FACE ( 'NONE', ( #5370 ), #5584, .F. ) ;
#5034 = CARTESIAN_POINT ( 'NONE',  ( 2.325000000000000200, -0.8000000000000010400, 2.200000000000000200 ) ) ;
#5035 = ORIENTED_EDGE ( 'NONE', *, *, #4699, .T. ) ;
#5036 = CIRCLE ( 'NONE', #6873, 0.3039999999999999900 ) ;
#5037 = ORIENTED_EDGE ( 'NONE', *, *, #2887, .F. ) ;
#5038 = EDGE_CURVE ( 'NONE', #778, #5029, #3405, .T. ) ;
#5039 = FACE_OUTER_BOUND ( 'NONE', #5799, .T. ) ;
#5040 = CARTESIAN_POINT ( 'NONE',  ( 2.599000000000000200, -1.100000000000000100, 1.226000000000000000 ) ) ;
#5041 = VERTEX_POINT ( 'NONE', #5623 ) ;
#5042 = DIRECTION ( 'NONE',  ( 1.000000000000000000, 0.0000000000000000000, -3.061276722312012500E-016 ) ) ;
#5043 = CARTESIAN_POINT ( 'NONE',  ( -0.4649999999999996400, -0.1500000000000003000, 0.1799999999999965800 ) ) ;
#5044 = ORIENTED_EDGE ( 'NONE', *, *, #6692, .T. ) ;
#5045 = LINE ( 'NONE', #2388, #3802 ) ;
#5046 = EDGE_LOOP ( 'NONE', ( #726, #6097, #325, #3457 ) ) ;
#5047 = VERTEX_POINT ( 'NONE', #2361 ) ;
#5048 = VECTOR ( 'NONE', #4282, 1000.000000000000000 ) ;
#5049 = EDGE_CURVE ( 'NONE', #340, #5397, #4663, .T. ) ;
#5050 = ORIENTED_EDGE ( 'NONE', *, *, #3608, .T. ) ;
#5051 = EDGE_CURVE ( 'NONE', #397, #1665, #6128, .T. ) ;
#5052 = FACE_OUTER_BOUND ( 'NONE', #4091, .T. ) ;
#5053 = DIRECTION ( 'NONE',  ( 0.0000000000000000000, 0.0000000000000000000, -1.000000000000000000 ) ) ;
#5054 = ORIENTED_EDGE ( 'NONE', *, *, #5250, .F. ) ;
#5055 = DIRECTION ( 'NONE',  ( 1.000000000000000000, 0.0000000000000000000, 0.0000000000000000000 ) ) ;
#5056 = PRESENTATION_LAYER_ASSIGNMENT (  '', '', ( #4355 ) ) ;
#5057 = MECHANICAL_DESIGN_GEOMETRIC_PRESENTATION_REPRESENTATION (  '', ( #4009 ), #5450 ) ;
#5058 = STYLED_ITEM ( 'NONE', ( #5141 ), #3276 ) ;
#5059 = SURFACE_STYLE_FILL_AREA ( #5944 ) ;
#5060 = ORIENTED_EDGE ( 'NONE', *, *, #6150, .T. ) ;
#5061 = PLANE ( 'NONE',  #2797 ) ;
#5062 = EDGE_LOOP ( 'NONE', ( #2768, #5627, #3799, #1831 ) ) ;
#5063 = EDGE_CURVE ( 'NONE', #3289, #653, #1948, .T. ) ;
#5064 = DIRECTION ( 'NONE',  ( 0.0000000000000000000, 0.0000000000000000000, 1.000000000000000000 ) ) ;
#5065 = ORIENTED_EDGE ( 'NONE', *, *, #504, .T. ) ;
#5066 = UNCERTAINTY_MEASURE_WITH_UNIT (LENGTH_MEASURE( 1.000000000000000100E-005 ), #3867, 'distance_accuracy_value', 'NONE');
#5067 = CARTESIAN_POINT ( 'NONE',  ( 2.599000000000000200, 1.100000000000000100, 1.226000000000000000 ) ) ;
#5068 = CARTESIAN_POINT ( 'NONE',  ( 0.7850000000000003600, 2.500000000000000000, -1.084202172485504400E-016 ) ) ;
#5069 = SURFACE_STYLE_FILL_AREA ( #6488 ) ;
#5070 = AXIS2_PLACEMENT_3D ( 'NONE', #1703, #6065, #2821 ) ;
#5071 = FILL_AREA_STYLE_COLOUR ( '', #3435 ) ;
#5072 = ADVANCED_FACE ( 'NONE', ( #231 ), #2381, .T. ) ;
#5073 = ORIENTED_EDGE ( 'NONE', *, *, #2326, .F. ) ;
#5074 = ORIENTED_EDGE ( 'NONE', *, *, #5236, .F. ) ;
#5075 = DIRECTION ( 'NONE',  ( 0.7071067811865495700, 0.0000000000000000000, 0.7071067811865454600 ) ) ;
#5076 = CARTESIAN_POINT ( 'NONE',  ( -0.4649999999999988600, 0.4249999999999998200, 1.749999999999996400 ) ) ;
#5077 = CARTESIAN_POINT ( 'NONE',  ( -2.124999999999999100, -0.8000000000000003800, 4.699999999999998400 ) ) ;
#5078 = LINE ( 'NONE', #1143, #1502 ) ;
#5079 = EDGE_CURVE ( 'NONE', #3607, #2582, #5462, .T. ) ;
#5080 = SURFACE_SIDE_STYLE ('',( #6387 ) ) ;
#5081 = CARTESIAN_POINT ( 'NONE',  ( -1.625000000000000700, -1.100000000000000300, 0.04999999999999980800 ) ) ;
#5082 = DIRECTION ( 'NONE',  ( -3.051828337366604500E-016, 0.0000000000000000000, -1.000000000000000000 ) ) ;
#5083 =( LENGTH_UNIT ( ) NAMED_UNIT ( * ) SI_UNIT ( .MILLI., .METRE. ) );
#5084 = LINE ( 'NONE', #6783, #6370 ) ;
#5085 = CARTESIAN_POINT ( 'NONE',  ( -3.145000000000000000, -1.100000000000000100, 1.529999999999999800 ) ) ;
#5086 = EDGE_CURVE ( 'NONE', #5508, #5408, #4029, .T. ) ;
#5087 = VECTOR ( 'NONE', #7121, 1000.000000000000000 ) ;
#5088 = ORIENTED_EDGE ( 'NONE', *, *, #3251, .T. ) ;
#5089 = EDGE_CURVE ( 'NONE', #6667, #5325, #2560, .T. ) ;
#5090 = EDGE_LOOP ( 'NONE', ( #4242, #5139, #3848, #4884 ) ) ;
#5091 = CARTESIAN_POINT ( 'NONE',  ( 1.524999999999992600, 0.8499999999999996400, 1.749999999999996400 ) ) ;
#5092 = MECHANICAL_DESIGN_GEOMETRIC_PRESENTATION_REPRESENTATION (  '', ( #4046 ), #5488 ) ;
#5093 = VECTOR ( 'NONE', #6004, 1000.000000000000000 ) ;
#5094 = DIRECTION ( 'NONE',  ( 0.0000000000000000000, -0.0000000000000000000, 1.000000000000000000 ) ) ;
#5095 = DIRECTION ( 'NONE',  ( -1.000000000000000000, 0.0000000000000000000, 2.304851557154560100E-017 ) ) ;
#5096 = VERTEX_POINT ( 'NONE', #6736 ) ;
#5097 = DIRECTION ( 'NONE',  ( 1.000000000000000000, 0.0000000000000000000, -3.252606517456513300E-016 ) ) ;
#5098 = ORIENTED_EDGE ( 'NONE', *, *, #1142, .T. ) ;
#5099 = EDGE_CURVE ( 'NONE', #6594, #373, #1060, .T. ) ;
#5100 = COLOUR_RGB ( '',0.8000000000000000400, 0.8078431372549019800, 0.8000000000000000400 ) ;
#5101 = ADVANCED_FACE ( 'NONE', ( #863 ), #5128, .T. ) ;
#5102 = VERTEX_POINT ( 'NONE', #1299 ) ;
#5103 = STYLED_ITEM ( 'NONE', ( #3420 ), #6960 ) ;
#5104 = ORIENTED_EDGE ( 'NONE', *, *, #2337, .F. ) ;
#5105 = LINE ( 'NONE', #971, #2225 ) ;
#5106 =( GEOMETRIC_REPRESENTATION_CONTEXT ( 3 ) GLOBAL_UNCERTAINTY_ASSIGNED_CONTEXT ( ( #2853 ) ) GLOBAL_UNIT_ASSIGNED_CONTEXT ( ( #5393, #5319, #2502 ) ) REPRESENTATION_CONTEXT ( 'NONE', 'WORKASPACE' ) );
#5107 = VECTOR ( 'NONE', #4034, 1000.000000000000000 ) ;
#5108 = EDGE_LOOP ( 'NONE', ( #818, #52, #2082, #4166 ) ) ;
#5109 = FACE_OUTER_BOUND ( 'NONE', #5219, .T. ) ;
#5110 = CARTESIAN_POINT ( 'NONE',  ( 2.599000000000000200, 1.200000000000000000, 0.5199999999999998000 ) ) ;
#5111 = AXIS2_PLACEMENT_3D ( 'NONE', #1906, #4138, #767 ) ;
#5112 = PLANE ( 'NONE',  #4323 ) ;
#5113 = VERTEX_POINT ( 'NONE', #147 ) ;
#5114 = CARTESIAN_POINT ( 'NONE',  ( -2.649000000000000500, 1.100000000000000100, -2.710505431213761100E-017 ) ) ;
#5115 = LINE ( 'NONE', #3280, #3493 ) ;
#5116 = DIRECTION ( 'NONE',  ( -0.0000000000000000000, 1.000000000000000000, -0.0000000000000000000 ) ) ;
#5117 = ORIENTED_EDGE ( 'NONE', *, *, #4649, .T. ) ;
#5118 = CARTESIAN_POINT ( 'NONE',  ( 1.049999999999999800, 2.600000000000000100, 0.6499999999999990200 ) ) ;
#5119 =( NAMED_UNIT ( * ) PLANE_ANGLE_UNIT ( ) SI_UNIT ( $, .RADIAN. ) );
#5120 = PLANE ( 'NONE',  #2865 ) ;
#5121 = VECTOR ( 'NONE', #55, 1000.000000000000000 ) ;
#5122 = VECTOR ( 'NONE', #1645, 1000.000000000000000 ) ;
#5123 = ORIENTED_EDGE ( 'NONE', *, *, #2851, .F. ) ;
#5124 = VECTOR ( 'NONE', #3243, 1000.000000000000000 ) ;
#5125 = DIRECTION ( 'NONE',  ( -0.5773502691896265100, 0.5773502691896266200, -0.5773502691896240700 ) ) ;
#5126 = VERTEX_POINT ( 'NONE', #6764 ) ;
#5127 = DIRECTION ( 'NONE',  ( 1.000000000000000000, 0.0000000000000000000, -0.0000000000000000000 ) ) ;
#5128 = PLANE ( 'NONE',  #4572 ) ;
#5129 = VECTOR ( 'NONE', #725, 1000.000000000000000 ) ;
#5130 = ORIENTED_EDGE ( 'NONE', *, *, #3262, .F. ) ;
#5131 = CARTESIAN_POINT ( 'NONE',  ( -0.5649999999999997200, 0.3499999999999997000, 3.999999999999993300 ) ) ;
#5132 = ORIENTED_EDGE ( 'NONE', *, *, #6331, .F. ) ;
#5133 = ORIENTED_EDGE ( 'NONE', *, *, #6296, .T. ) ;
#5134 = VERTEX_POINT ( 'NONE', #737 ) ;
#5135 = VERTEX_POINT ( 'NONE', #4106 ) ;
#5136 = LINE ( 'NONE', #2452, #4957 ) ;
#5137 = DIRECTION ( 'NONE',  ( 0.0000000000000000000, -1.000000000000000000, 0.0000000000000000000 ) ) ;
#5138 = EDGE_CURVE ( 'NONE', #2318, #5813, #2214, .T. ) ;
#5139 = ORIENTED_EDGE ( 'NONE', *, *, #2114, .T. ) ;
#5140 = CARTESIAN_POINT ( 'NONE',  ( -2.649000000000000500, -1.100000000000000100, 0.3039999999999999400 ) ) ;
#5141 = PRESENTATION_STYLE_ASSIGNMENT (( #6268 ) ) ;
#5142 = PLANE ( 'NONE',  #4737 ) ;
#5143 = CARTESIAN_POINT ( 'NONE',  ( 3.145000000000000000, 1.100000000000000100, 1.529999999999999800 ) ) ;
#5144 =( NAMED_UNIT ( * ) SI_UNIT ( $, .STERADIAN. ) SOLID_ANGLE_UNIT ( ) );
#5145 = CARTESIAN_POINT ( 'NONE',  ( 0.0000000000000000000, 0.0000000000000000000, 1.749999999999996400 ) ) ;
#5146 = VECTOR ( 'NONE', #6743, 1000.000000000000000 ) ;
#5147 = ADVANCED_FACE ( 'NONE', ( #3658 ), #2453, .T. ) ;
#5148 = ORIENTED_EDGE ( 'NONE', *, *, #6507, .F. ) ;
#5149 = EDGE_CURVE ( 'NONE', #2491, #5782, #5084, .T. ) ;
#5150 = DIRECTION ( 'NONE',  ( 0.0000000000000000000, 0.0000000000000000000, 1.000000000000000000 ) ) ;
#5151 = EDGE_CURVE ( 'NONE', #6397, #6972, #5269, .T. ) ;
#5152 = DIRECTION ( 'NONE',  ( 0.0000000000000000000, 0.0000000000000000000, -1.000000000000000000 ) ) ;
#5153 = FILL_AREA_STYLE ('',( #6041 ) ) ;
#5154 = DIRECTION ( 'NONE',  ( 1.000000000000000000, 0.0000000000000000000, 0.0000000000000000000 ) ) ;
#5155 = LINE ( 'NONE', #216, #3733 ) ;
#5156 = STYLED_ITEM ( 'NONE', ( #3029 ), #6358 ) ;
#5157 = VERTEX_POINT ( 'NONE', #1318 ) ;
#5158 =( LENGTH_UNIT ( ) NAMED_UNIT ( * ) SI_UNIT ( .MILLI., .METRE. ) );
#5159 = LINE ( 'NONE', #1256, #3911 ) ;
#5160 = AXIS2_PLACEMENT_3D ( 'NONE', #578, #1165, #4996 ) ;
#5161 = ORIENTED_EDGE ( 'NONE', *, *, #6689, .T. ) ;
#5162 = UNCERTAINTY_MEASURE_WITH_UNIT (LENGTH_MEASURE( 1.000000000000000100E-005 ), #6490, 'distance_accuracy_value', 'NONE');
#5163 = CARTESIAN_POINT ( 'NONE',  ( -2.649000000000000500, 1.100000000000000100, 0.2540000000000000000 ) ) ;
#5164 = VECTOR ( 'NONE', #620, 1000.000000000000000 ) ;
#5165 = CARTESIAN_POINT ( 'NONE',  ( 3.624999999999999600, -1.100000000000000100, 2.200000000000000200 ) ) ;
#5166 = FILL_AREA_STYLE_COLOUR ( '', #4847 ) ;
#5167 = SURFACE_STYLE_USAGE ( .BOTH. , #1331 ) ;
#5168 = STYLED_ITEM ( 'NONE', ( #2825 ), #5425 ) ;
#5169 = DIRECTION ( 'NONE',  ( 0.7071067811865462400, 0.7071067811865489100, 0.0000000000000000000 ) ) ;
#5170 = FACE_OUTER_BOUND ( 'NONE', #1574, .T. ) ;
#5171 = VERTEX_POINT ( 'NONE', #4626 ) ;
#5172 = SURFACE_STYLE_USAGE ( .BOTH. , #1344 ) ;
#5173 = FILL_AREA_STYLE_COLOUR ( '', #2384 ) ;
#5174 = FILL_AREA_STYLE_COLOUR ( '', #922 ) ;
#5175 = COLOUR_RGB ( '',0.8000000000000000400, 0.8078431372549019800, 0.8000000000000000400 ) ;
#5176 = LINE ( 'NONE', #4552, #2472 ) ;
#5177 = ORIENTED_EDGE ( 'NONE', *, *, #2527, .T. ) ;
#5178 = ORIENTED_EDGE ( 'NONE', *, *, #314, .T. ) ;
#5179 = ORIENTED_EDGE ( 'NONE', *, *, #6457, .F. ) ;
#5180 = ADVANCED_FACE ( 'NONE', ( #503 ), #1922, .T. ) ;
#5181 = FILL_AREA_STYLE_COLOUR ( '', #6458 ) ;
#5182 = ORIENTED_EDGE ( 'NONE', *, *, #5138, .T. ) ;
#5183 = CARTESIAN_POINT ( 'NONE',  ( 0.1500000000000012200, -0.6999999999999988500, 4.399999999999993200 ) ) ;
#5184 = EDGE_LOOP ( 'NONE', ( #5917, #5161, #1211, #1191, #3595 ) ) ;
#5185 = CARTESIAN_POINT ( 'NONE',  ( -3.625000000000000000, -1.100000000000000100, 0.2540000000000000000 ) ) ;
#5186 = CARTESIAN_POINT ( 'NONE',  ( 0.7850000000000003600, -0.1500000000000003000, 0.1799999999999965800 ) ) ;
#5187 = CARTESIAN_POINT ( 'NONE',  ( 2.125000000000000000, 2.600000000000000100, 0.04999999999999867100 ) ) ;
#5188 = ORIENTED_EDGE ( 'NONE', *, *, #3801, .F. ) ;
#5189 = CARTESIAN_POINT ( 'NONE',  ( -0.4649999999999996400, 2.200000000000003300, 0.2999999999999996600 ) ) ;
#5190 = EDGE_CURVE ( 'NONE', #1998, #6369, #2987, .T. ) ;
#5191 = EDGE_CURVE ( 'NONE', #6623, #1461, #1514, .T. ) ;
#5192 = EDGE_LOOP ( 'NONE', ( #3744, #7065, #1776, #258, #1528, #2843, #4837, #3803 ) ) ;
#5193 = VERTEX_POINT ( 'NONE', #2506 ) ;
#5194 = VECTOR ( 'NONE', #1856, 1000.000000000000000 ) ;
#5195 = STYLED_ITEM ( 'NONE', ( #4703 ), #1454 ) ;
#5196 = ORIENTED_EDGE ( 'NONE', *, *, #5204, .T. ) ;
#5197 = DIRECTION ( 'NONE',  ( 0.0000000000000000000, -1.000000000000000000, -4.336808689942014600E-015 ) ) ;
#5198 = SURFACE_STYLE_FILL_AREA ( #5739 ) ;
#5199 = PRESENTATION_LAYER_ASSIGNMENT (  '', '', ( #4477 ) ) ;
#5200 = CARTESIAN_POINT ( 'NONE',  ( -1.524999999999999500, 0.8499999999999996400, 1.749999999999996400 ) ) ;
#5201 = ORIENTED_EDGE ( 'NONE', *, *, #1763, .T. ) ;
#5202 = LINE ( 'NONE', #3362, #982 ) ;
#5203 = VECTOR ( 'NONE', #1507, 1000.000000000000000 ) ;
#5204 = EDGE_CURVE ( 'NONE', #3216, #484, #5699, .T. ) ;
#5205 = ORIENTED_EDGE ( 'NONE', *, *, #5608, .F. ) ;
#5206 = LINE ( 'NONE', #5697, #2316 ) ;
#5207 = VECTOR ( 'NONE', #5677, 1000.000000000000000 ) ;
#5208 = VERTEX_POINT ( 'NONE', #221 ) ;
#5209 = EDGE_LOOP ( 'NONE', ( #4871, #1723, #2438, #5942 ) ) ;
#5210 =( NAMED_UNIT ( * ) PLANE_ANGLE_UNIT ( ) SI_UNIT ( $, .RADIAN. ) );
#5211 =( GEOMETRIC_REPRESENTATION_CONTEXT ( 3 ) GLOBAL_UNCERTAINTY_ASSIGNED_CONTEXT ( ( #6742 ) ) GLOBAL_UNIT_ASSIGNED_CONTEXT ( ( #2122, #5920, #2673 ) ) REPRESENTATION_CONTEXT ( 'NONE', 'WORKASPACE' ) );
#5212 = VECTOR ( 'NONE', #3305, 1000.000000000000100 ) ;
#5213 = LINE ( 'NONE', #3161, #807 ) ;
#5214 = VERTEX_POINT ( 'NONE', #5226 ) ;
#5215 = CARTESIAN_POINT ( 'NONE',  ( 3.624999999999999600, 1.700000000000000000, 0.7999999999999976000 ) ) ;
#5216 =( NAMED_UNIT ( * ) SI_UNIT ( $, .STERADIAN. ) SOLID_ANGLE_UNIT ( ) );
#5217 = CARTESIAN_POINT ( 'NONE',  ( -1.824999999999999300, 0.8499999999999996400, 1.749999999999996400 ) ) ;
#5218 = LINE ( 'NONE', #3926, #6827 ) ;
#5219 = EDGE_LOOP ( 'NONE', ( #5906, #3718, #6853, #2875 ) ) ;
#5220 = VERTEX_POINT ( 'NONE', #1966 ) ;
#5221 = ADVANCED_FACE ( 'NONE', ( #6954 ), #1401, .T. ) ;
#5222 = LINE ( 'NONE', #20, #6479 ) ;
#5223 = ORIENTED_EDGE ( 'NONE', *, *, #859, .T. ) ;
#5224 = VECTOR ( 'NONE', #6749, 1000.000000000000100 ) ;
#5225 = EDGE_LOOP ( 'NONE', ( #6498, #2102, #3514, #586 ) ) ;
#5226 = CARTESIAN_POINT ( 'NONE',  ( 1.524999999999992600, 1.700000000000000200, 4.399999999999995900 ) ) ;
#5227 = EDGE_CURVE ( 'NONE', #653, #5546, #5543, .T. ) ;
#5228 = PLANE ( 'NONE',  #1250 ) ;
#5229 = VECTOR ( 'NONE', #879, 1000.000000000000000 ) ;
#5230 = SURFACE_STYLE_FILL_AREA ( #2510 ) ;
#5231 = VERTEX_POINT ( 'NONE', #805 ) ;
#5232 = DIRECTION ( 'NONE',  ( 1.000000000000000000, 0.0000000000000000000, -0.0000000000000000000 ) ) ;
#5233 = PRESENTATION_STYLE_ASSIGNMENT (( #2951 ) ) ;
#5234 = DIRECTION ( 'NONE',  ( -1.000000000000000000, -0.0000000000000000000, -0.0000000000000000000 ) ) ;
#5235 = EDGE_CURVE ( 'NONE', #7017, #4375, #2816, .T. ) ;
#5236 = EDGE_CURVE ( 'NONE', #1664, #4625, #2631, .T. ) ;
#5237 = LINE ( 'NONE', #3774, #6672 ) ;
#5238 = ORIENTED_EDGE ( 'NONE', *, *, #413, .T. ) ;
#5239 = DIRECTION ( 'NONE',  ( -1.000000000000000000, 0.0000000000000000000, -2.304851557154560100E-017 ) ) ;
#5240 = DIRECTION ( 'NONE',  ( 0.0000000000000000000, -1.000000000000000000, 0.0000000000000000000 ) ) ;
#5241 = CARTESIAN_POINT ( 'NONE',  ( -0.4649999999999996400, -0.3750000000000005000, 3.499999999999986700 ) ) ;
#5242 = COLOUR_RGB ( '',0.8000000000000000400, 0.8078431372549019800, 0.8000000000000000400 ) ;
#5243 = CARTESIAN_POINT ( 'NONE',  ( -0.7849999999999997000, 0.4249999999999998200, 0.04999999999999861500 ) ) ;
#5244 = PRESENTATION_LAYER_ASSIGNMENT (  '', '', ( #4861 ) ) ;
#5245 = DIRECTION ( 'NONE',  ( 0.0000000000000000000, 0.0000000000000000000, 1.000000000000000000 ) ) ;
#5246 = EDGE_CURVE ( 'NONE', #484, #1481, #1321, .T. ) ;
#5247 = CARTESIAN_POINT ( 'NONE',  ( -2.124999999999999100, 2.600000000000000100, 4.699999999999995700 ) ) ;
#5248 = ORIENTED_EDGE ( 'NONE', *, *, #1642, .F. ) ;
#5249 = FACE_OUTER_BOUND ( 'NONE', #2221, .T. ) ;
#5250 = EDGE_CURVE ( 'NONE', #3503, #219, #3934, .T. ) ;
#5251 = CARTESIAN_POINT ( 'NONE',  ( 0.1500000000000010500, -0.6999999999999992900, 3.249999999999996000 ) ) ;
#5252 = DIRECTION ( 'NONE',  ( 0.0000000000000000000, -1.000000000000000000, -1.141265444721583800E-016 ) ) ;
#5253 = DIRECTION ( 'NONE',  ( -0.0000000000000000000, 1.000000000000000000, -0.0000000000000000000 ) ) ;
#5254 =( GEOMETRIC_REPRESENTATION_CONTEXT ( 3 ) GLOBAL_UNCERTAINTY_ASSIGNED_CONTEXT ( ( #1864 ) ) GLOBAL_UNIT_ASSIGNED_CONTEXT ( ( #2257, #6053, #2808 ) ) REPRESENTATION_CONTEXT ( 'NONE', 'WORKASPACE' ) );
#5255 = EDGE_LOOP ( 'NONE', ( #6803, #67, #6284, #5964 ) ) ;
#5256 = AXIS2_PLACEMENT_3D ( 'NONE', #4357, #1035, #4866 ) ;
#5257 = ADVANCED_FACE ( 'NONE', ( #3754 ), #4216, .F. ) ;
#5258 = DIRECTION ( 'NONE',  ( 0.0000000000000000000, 0.0000000000000000000, -1.000000000000000000 ) ) ;
#5259 = VECTOR ( 'NONE', #3292, 1000.000000000000100 ) ;
#5260 = ORIENTED_EDGE ( 'NONE', *, *, #2473, .F. ) ;
#5261 = CARTESIAN_POINT ( 'NONE',  ( -0.4649999999999996400, 0.0000000000000000000, 0.0000000000000000000 ) ) ;
#5262 = DIRECTION ( 'NONE',  ( 3.051828337366604500E-016, -0.0000000000000000000, 1.000000000000000000 ) ) ;
#5263 = DIRECTION ( 'NONE',  ( 0.0000000000000000000, 0.0000000000000000000, 1.000000000000000000 ) ) ;
#5264 =( NAMED_UNIT ( * ) PLANE_ANGLE_UNIT ( ) SI_UNIT ( $, .RADIAN. ) );
#5265 = CARTESIAN_POINT ( 'NONE',  ( -0.2000000000000003200, 2.600000000000000100, 0.6499999999999993600 ) ) ;
#5266 = FACE_OUTER_BOUND ( 'NONE', #6100, .T. ) ;
#5267 = VERTEX_POINT ( 'NONE', #3104 ) ;
#5268 = ORIENTED_EDGE ( 'NONE', *, *, #6181, .T. ) ;
#5269 = LINE ( 'NONE', #756, #3477 ) ;
#5270 = SURFACE_SIDE_STYLE ('',( #955 ) ) ;
#5271 = LINE ( 'NONE', #3918, #864 ) ;
#5272 =( NAMED_UNIT ( * ) PLANE_ANGLE_UNIT ( ) SI_UNIT ( $, .RADIAN. ) );
#5273 = ORIENTED_EDGE ( 'NONE', *, *, #4842, .F. ) ;
#5274 = ORIENTED_EDGE ( 'NONE', *, *, #7131, .T. ) ;
#5275 = DIRECTION ( 'NONE',  ( -6.195440985631608200E-016, -1.000000000000000000, 0.0000000000000000000 ) ) ;
#5276 = ORIENTED_EDGE ( 'NONE', *, *, #5815, .T. ) ;
#5277 = EDGE_CURVE ( 'NONE', #1961, #1393, #4753, .T. ) ;
#5278 = CARTESIAN_POINT ( 'NONE',  ( 1.524999999999992600, 0.0000000000000000000, 3.699999999999996600 ) ) ;
#5279 =( GEOMETRIC_REPRESENTATION_CONTEXT ( 3 ) GLOBAL_UNCERTAINTY_ASSIGNED_CONTEXT ( ( #3708 ) ) GLOBAL_UNIT_ASSIGNED_CONTEXT ( ( #2251, #2366, #2413 ) ) REPRESENTATION_CONTEXT ( 'NONE', 'WORKASPACE' ) );
#5280 = PRESENTATION_STYLE_ASSIGNMENT (( #3112 ) ) ;
#5281 = ORIENTED_EDGE ( 'NONE', *, *, #7038, .F. ) ;
#5282 = VECTOR ( 'NONE', #5875, 1000.000000000000000 ) ;
#5283 = DIRECTION ( 'NONE',  ( 0.0000000000000000000, -1.000000000000000000, -1.556803119466362600E-015 ) ) ;
#5284 = LINE ( 'NONE', #4372, #5107 ) ;
#5285 = DIRECTION ( 'NONE',  ( -0.7071067811865475700, -0.7071067811865475700, 0.0000000000000000000 ) ) ;
#5286 = CARTESIAN_POINT ( 'NONE',  ( 1.732666666666663700, 0.3336666666666657200, 1.386333333333334300 ) ) ;
#5287 = EDGE_CURVE ( 'NONE', #5508, #4219, #513, .T. ) ;
#5288 = VECTOR ( 'NONE', #5805, 1000.000000000000000 ) ;
#5289 = EDGE_CURVE ( 'NONE', #3187, #6979, #1870, .T. ) ;
#5290 = MECHANICAL_DESIGN_GEOMETRIC_PRESENTATION_REPRESENTATION (  '', ( #4236 ), #5668 ) ;
#5291 = ORIENTED_EDGE ( 'NONE', *, *, #5968, .T. ) ;
#5292 = MECHANICAL_DESIGN_GEOMETRIC_PRESENTATION_REPRESENTATION (  '', ( #4238 ), #5671 ) ;
#5293 = DIRECTION ( 'NONE',  ( 1.971276677246373500E-016, -0.0000000000000000000, 1.000000000000000000 ) ) ;
#5294 = ORIENTED_EDGE ( 'NONE', *, *, #1962, .F. ) ;
#5295 = CARTESIAN_POINT ( 'NONE',  ( 0.7850000000000003600, -0.3750000000000001100, 0.6499999999999975800 ) ) ;
#5296 = CARTESIAN_POINT ( 'NONE',  ( 0.0000000000000000000, -1.100000000000000100, 0.0000000000000000000 ) ) ;
#5297 = VECTOR ( 'NONE', #6107, 1000.000000000000000 ) ;
#5298 = LINE ( 'NONE', #6526, #3693 ) ;
#5299 = VERTEX_POINT ( 'NONE', #324 ) ;
#5300 = ADVANCED_FACE ( 'NONE', ( #3164 ), #3690, .T. ) ;
#5301 = VECTOR ( 'NONE', #1656, 1000.000000000000000 ) ;
#5302 = ORIENTED_EDGE ( 'NONE', *, *, #6061, .F. ) ;
#5303 = ORIENTED_EDGE ( 'NONE', *, *, #3593, .F. ) ;
#5304 = UNCERTAINTY_MEASURE_WITH_UNIT (LENGTH_MEASURE( 1.000000000000000100E-005 ), #2901, 'distance_accuracy_value', 'NONE');
#5305 = FACE_BOUND ( 'NONE', #6986, .T. ) ;
#5306 = CARTESIAN_POINT ( 'NONE',  ( 0.4650000000000003600, 0.4249999999999998200, 0.04999999999999861500 ) ) ;
#5307 = CARTESIAN_POINT ( 'NONE',  ( 1.175000000000001200, 2.299999999999999800, 1.749999999999996400 ) ) ;
#5308 = AXIS2_PLACEMENT_3D ( 'NONE', #5709, #6251, #3007 ) ;
#5309 = ORIENTED_EDGE ( 'NONE', *, *, #5578, .F. ) ;
#5310 = ORIENTED_EDGE ( 'NONE', *, *, #4003, .F. ) ;
#5311 = FACE_OUTER_BOUND ( 'NONE', #5777, .T. ) ;
#5312 = SURFACE_STYLE_USAGE ( .BOTH. , #4254 ) ;
#5313 = DIRECTION ( 'NONE',  ( -0.0000000000000000000, -1.000000000000000000, -0.0000000000000000000 ) ) ;
#5314 = VERTEX_POINT ( 'NONE', #1505 ) ;
#5315 = CARTESIAN_POINT ( 'NONE',  ( -2.345000000000000200, 1.200000000000000000, 1.529999999999999800 ) ) ;
#5316 = EDGE_LOOP ( 'NONE', ( #5887, #3075, #3530, #5606 ) ) ;
#5317 = ORIENTED_EDGE ( 'NONE', *, *, #363, .F. ) ;
#5318 = VECTOR ( 'NONE', #4108, 1000.000000000000000 ) ;
#5319 =( NAMED_UNIT ( * ) PLANE_ANGLE_UNIT ( ) SI_UNIT ( $, .RADIAN. ) );
#5320 = DIRECTION ( 'NONE',  ( 0.0000000000000000000, 1.556803119466363000E-015, -1.000000000000000000 ) ) ;
#5321 = CARTESIAN_POINT ( 'NONE',  ( 1.175000000000001200, 2.299999999999999800, 3.699999999999996600 ) ) ;
#5322 = CARTESIAN_POINT ( 'NONE',  ( -2.649000000000000500, 1.100000000000000100, -2.710505431213761100E-017 ) ) ;
#5323 = CARTESIAN_POINT ( 'NONE',  ( -1.524999999999999500, 1.700000000000000200, 3.399999999999995900 ) ) ;
#5324 = LINE ( 'NONE', #1808, #4969 ) ;
#5325 = VERTEX_POINT ( 'NONE', #3147 ) ;
#5326 = COLOUR_RGB ( '',0.8000000000000000400, 0.8078431372549019800, 0.8000000000000000400 ) ;
#5327 = VERTEX_POINT ( 'NONE', #5322 ) ;
#5328 = EDGE_LOOP ( 'NONE', ( #5248, #6245, #1796, #1052, #742 ) ) ;
#5329 = VECTOR ( 'NONE', #286, 1000.000000000000000 ) ;
#5330 = CARTESIAN_POINT ( 'NONE',  ( 1.624999999999999800, -0.4000000000000005200, 0.04999999999999883000 ) ) ;
#5331 = DIRECTION ( 'NONE',  ( -1.000000000000000000, -0.0000000000000000000, -0.0000000000000000000 ) ) ;
#5332 = EDGE_LOOP ( 'NONE', ( #12, #4872, #5646, #1063 ) ) ;
#5333 = PLANE ( 'NONE',  #1593 ) ;
#5334 = FACE_OUTER_BOUND ( 'NONE', #6421, .T. ) ;
#5335 = EDGE_CURVE ( 'NONE', #1355, #4971, #5869, .T. ) ;
#5336 = CARTESIAN_POINT ( 'NONE',  ( -2.345000000000000200, 1.200000000000000000, 1.529999999999999800 ) ) ;
#5337 = EDGE_CURVE ( 'NONE', #4625, #1263, #148, .T. ) ;
#5338 = EDGE_LOOP ( 'NONE', ( #16, #6022, #2741, #691 ) ) ;
#5340 = ADVANCED_FACE ( 'NONE', ( #1522 ), #3724, .F. ) ;
#5339 = DIRECTION ( 'NONE',  ( -0.0000000000000000000, 0.0000000000000000000, -1.000000000000000000 ) ) ;
#5341 = PRESENTATION_LAYER_ASSIGNMENT (  '', '', ( #3978 ) ) ;
#5342 = DIRECTION ( 'NONE',  ( 3.051828337366604500E-016, -0.0000000000000000000, 1.000000000000000000 ) ) ;
#5343 = ORIENTED_EDGE ( 'NONE', *, *, #648, .T. ) ;
#5344 = LINE ( 'NONE', #570, #2277 ) ;
#5345 = MECHANICAL_DESIGN_GEOMETRIC_PRESENTATION_REPRESENTATION (  '', ( #4275 ), #5711 ) ;
#5346 = CARTESIAN_POINT ( 'NONE',  ( 2.125000000000000900, 2.299999999999999800, 3.699999999999996600 ) ) ;
#5347 = ORIENTED_EDGE ( 'NONE', *, *, #3497, .F. ) ;
#5348 = ORIENTED_EDGE ( 'NONE', *, *, #2922, .T. ) ;
#5349 = UNCERTAINTY_MEASURE_WITH_UNIT (LENGTH_MEASURE( 1.000000000000000100E-005 ), #3046, 'distance_accuracy_value', 'NONE');
#5350 = EDGE_CURVE ( 'NONE', #484, #1268, #2995, .T. ) ;
#5351 =( NAMED_UNIT ( * ) PLANE_ANGLE_UNIT ( ) SI_UNIT ( $, .RADIAN. ) );
#5352 = DIRECTION ( 'NONE',  ( 0.0000000000000000000, 0.0000000000000000000, -1.000000000000000000 ) ) ;
#5353 =( GEOMETRIC_REPRESENTATION_CONTEXT ( 3 ) GLOBAL_UNCERTAINTY_ASSIGNED_CONTEXT ( ( #4 ) ) GLOBAL_UNIT_ASSIGNED_CONTEXT ( ( #5926, #3785, #407 ) ) REPRESENTATION_CONTEXT ( 'NONE', 'WORKASPACE' ) );
#5354 = FACE_OUTER_BOUND ( 'NONE', #6300, .T. ) ;
#5355 = ORIENTED_EDGE ( 'NONE', *, *, #411, .T. ) ;
#5356 = ORIENTED_EDGE ( 'NONE', *, *, #6867, .T. ) ;
#5357 = STYLED_ITEM ( 'NONE', ( #59 ), #4644 ) ;
#5358 = DIRECTION ( 'NONE',  ( 0.0000000000000000000, 0.0000000000000000000, -1.000000000000000000 ) ) ;
#5359 = SURFACE_STYLE_USAGE ( .BOTH. , #1531 ) ;
#5360 = ORIENTED_EDGE ( 'NONE', *, *, #4189, .F. ) ;
#5361 = CARTESIAN_POINT ( 'NONE',  ( 1.624999999999999800, 1.700000000000000000, 0.04999999999999883000 ) ) ;
#5362 = ORIENTED_EDGE ( 'NONE', *, *, #76, .F. ) ;
#5363 = PRESENTATION_STYLE_ASSIGNMENT (( #2015 ) ) ;
#5364 = FACE_OUTER_BOUND ( 'NONE', #6937, .T. ) ;
#5365 = ORIENTED_EDGE ( 'NONE', *, *, #3659, .T. ) ;
#5366 = FILL_AREA_STYLE ('',( #6042 ) ) ;
#5367 = DIRECTION ( 'NONE',  ( -0.0000000000000000000, 1.000000000000000000, 0.0000000000000000000 ) ) ;
#5368 = ORIENTED_EDGE ( 'NONE', *, *, #1061, .F. ) ;
#5369 = CARTESIAN_POINT ( 'NONE',  ( -1.625000000000000700, 2.600000000000000100, 0.04999999999999980800 ) ) ;
#5371 = ORIENTED_EDGE ( 'NONE', *, *, #4867, .T. ) ;
#5370 = FACE_OUTER_BOUND ( 'NONE', #4915, .T. ) ;
#5372 = ORIENTED_EDGE ( 'NONE', *, *, #5537, .F. ) ;
#5373 = CARTESIAN_POINT ( 'NONE',  ( -0.5649999999999997200, -0.2500000000000006700, 3.999999999999993300 ) ) ;
#5374 = VERTEX_POINT ( 'NONE', #6427 ) ;
#5375 = DIRECTION ( 'NONE',  ( 0.0000000000000000000, 0.0000000000000000000, 1.000000000000000000 ) ) ;
#5376 = DIRECTION ( 'NONE',  ( 0.7071067811865460200, 0.0000000000000000000, -0.7071067811865490200 ) ) ;
#5377 = VECTOR ( 'NONE', #6435, 1000.000000000000000 ) ;
#5378 = CARTESIAN_POINT ( 'NONE',  ( -0.4649999999999996400, 3.000000000000000000, 0.4499999999999998400 ) ) ;
#5379 = ADVANCED_FACE ( 'NONE', ( #3325 ), #5888, .F. ) ;
#5380 = LINE ( 'NONE', #1909, #6804 ) ;
#5381 = ORIENTED_EDGE ( 'NONE', *, *, #6415, .T. ) ;
#5382 = EDGE_CURVE ( 'NONE', #4052, #7017, #4286, .T. ) ;
#5383 = LINE ( 'NONE', #3135, #2490 ) ;
#5384 = CARTESIAN_POINT ( 'NONE',  ( 3.324999999999999700, -0.8000000000000009300, 2.200000000000000200 ) ) ;
#5385 = SURFACE_STYLE_USAGE ( .BOTH. , #1569 ) ;
#5386 = VECTOR ( 'NONE', #2525, 1000.000000000000000 ) ;
#5387 = VECTOR ( 'NONE', #249, 1000.000000000000000 ) ;
#5388 = STYLED_ITEM ( 'NONE', ( #1032 ), #649 ) ;
#5389 = LINE ( 'NONE', #1329, #5023 ) ;
#5390 = VECTOR ( 'NONE', #11, 1000.000000000000000 ) ;
#5391 = SURFACE_STYLE_USAGE ( .BOTH. , #3737 ) ;
#5392 = VERTEX_POINT ( 'NONE', #3196 ) ;
#5393 =( LENGTH_UNIT ( ) NAMED_UNIT ( * ) SI_UNIT ( .MILLI., .METRE. ) );
#5394 = DIRECTION ( 'NONE',  ( -0.1904761904761878600, 0.2380952380952350300, 0.9523809523809537700 ) ) ;
#5395 = CARTESIAN_POINT ( 'NONE',  ( 3.625000000000000000, -1.100000000000000100, 0.2540000000000000000 ) ) ;
#5396 = DIRECTION ( 'NONE',  ( 0.0000000000000000000, 0.0000000000000000000, 1.000000000000000000 ) ) ;
#5397 = VERTEX_POINT ( 'NONE', #1558 ) ;
#5398 = DIRECTION ( 'NONE',  ( 1.000000000000000000, 0.0000000000000000000, -0.0000000000000000000 ) ) ;
#5399 = EDGE_CURVE ( 'NONE', #1201, #962, #5555, .T. ) ;
#5400 = VERTEX_POINT ( 'NONE', #2117 ) ;
#5401 = EDGE_CURVE ( 'NONE', #927, #4194, #1326, .T. ) ;
#5402 = VECTOR ( 'NONE', #1627, 1000.000000000000000 ) ;
#5403 = FACE_OUTER_BOUND ( 'NONE', #4467, .T. ) ;
#5404 = EDGE_LOOP ( 'NONE', ( #3600, #6616, #415, #5819, #1327, #2489, #3895, #4491, #666, #6228, #1757, #651, #3015, #2866, #5504, #2321, #950, #5581 ) ) ;
#5405 = MECHANICAL_DESIGN_GEOMETRIC_PRESENTATION_REPRESENTATION (  '', ( #4321 ), #5759 ) ;
#5406 = VECTOR ( 'NONE', #5624, 1000.000000000000000 ) ;
#5407 = CARTESIAN_POINT ( 'NONE',  ( -3.624999999999999100, 1.100000000000000100, 0.3039999999999999400 ) ) ;
#5408 = VERTEX_POINT ( 'NONE', #6997 ) ;
#5409 = SURFACE_SIDE_STYLE ('',( #2641 ) ) ;
#5410 = DIRECTION ( 'NONE',  ( 0.0000000000000000000, 0.0000000000000000000, 1.000000000000000000 ) ) ;
#5411 = ORIENTED_EDGE ( 'NONE', *, *, #5007, .F. ) ;
#5412 = PRESENTATION_STYLE_ASSIGNMENT (( #4182 ) ) ;
#5413 = FACE_OUTER_BOUND ( 'NONE', #5225, .T. ) ;
#5414 = VECTOR ( 'NONE', #716, 1000.000000000000000 ) ;
#5415 = ORIENTED_EDGE ( 'NONE', *, *, #761, .F. ) ;
#5416 = EDGE_LOOP ( 'NONE', ( #2921, #5317, #6768, #5654 ) ) ;
#5417 = CARTESIAN_POINT ( 'NONE',  ( 2.345000000000000200, 1.100000000000000100, 1.226000000000000000 ) ) ;
#5418 = SURFACE_SIDE_STYLE ('',( #1958 ) ) ;
#5419 = FACE_OUTER_BOUND ( 'NONE', #1228, .T. ) ;
#5420 = ORIENTED_EDGE ( 'NONE', *, *, #1535, .F. ) ;
#5421 = LINE ( 'NONE', #4675, #2529 ) ;
#5422 = EDGE_LOOP ( 'NONE', ( #2280, #4356, #2325, #5362 ) ) ;
#5423 = ORIENTED_EDGE ( 'NONE', *, *, #3427, .T. ) ;
#5425 = ADVANCED_FACE ( 'NONE', ( #1149 ), #985, .F. ) ;
#5424 = FILL_AREA_STYLE ('',( #3233 ) ) ;
#5426 = CARTESIAN_POINT ( 'NONE',  ( -0.7849999999999997000, -0.3750000000000001100, 0.04999999999999861500 ) ) ;
#5427 = VECTOR ( 'NONE', #4575, 1000.000000000000000 ) ;
#5428 = ORIENTED_EDGE ( 'NONE', *, *, #491, .T. ) ;
#5429 = CARTESIAN_POINT ( 'NONE',  ( -3.624999999999999600, 1.700000000000000000, 0.7999999999999976000 ) ) ;
#5430 = ORIENTED_EDGE ( 'NONE', *, *, #5815, .F. ) ;
#5431 = VERTEX_POINT ( 'NONE', #4846 ) ;
#5432 = SURFACE_STYLE_USAGE ( .BOTH. , #4190 ) ;
#5433 = PRESENTATION_STYLE_ASSIGNMENT (( #973 ) ) ;
#5434 = DIRECTION ( 'NONE',  ( 3.051828337366604500E-016, -0.0000000000000000000, 1.000000000000000000 ) ) ;
#5435 = DIRECTION ( 'NONE',  ( 0.0000000000000000000, -1.000000000000000000, 0.0000000000000000000 ) ) ;
#5436 = EDGE_CURVE ( 'NONE', #4918, #5466, #5008, .T. ) ;
#5437 =( NAMED_UNIT ( * ) PLANE_ANGLE_UNIT ( ) SI_UNIT ( $, .RADIAN. ) );
#5438 = SURFACE_STYLE_FILL_AREA ( #3687 ) ;
#5439 = EDGE_LOOP ( 'NONE', ( #88, #1802, #1608, #1737 ) ) ;
#5440 = VECTOR ( 'NONE', #5877, 1000.000000000000000 ) ;
#5441 = PLANE ( 'NONE',  #1246 ) ;
#5442 = CARTESIAN_POINT ( 'NONE',  ( 3.145000000000000000, -1.100000000000000100, 1.529999999999999800 ) ) ;
#5443 = UNCERTAINTY_MEASURE_WITH_UNIT (LENGTH_MEASURE( 1.000000000000000100E-005 ), #3257, 'distance_accuracy_value', 'NONE');
#5444 = EDGE_CURVE ( 'NONE', #3270, #2047, #2134, .T. ) ;
#5445 = ORIENTED_EDGE ( 'NONE', *, *, #1962, .T. ) ;
#5446 = EDGE_CURVE ( 'NONE', #4542, #881, #600, .T. ) ;
#5447 =( NAMED_UNIT ( * ) SI_UNIT ( $, .STERADIAN. ) SOLID_ANGLE_UNIT ( ) );
#5448 = MECHANICAL_DESIGN_GEOMETRIC_PRESENTATION_REPRESENTATION (  '', ( #4355 ), #5785 ) ;
#5449 = CARTESIAN_POINT ( 'NONE',  ( -2.124999999999999100, 2.299999999999999800, 1.749999999999996400 ) ) ;
#5450 =( GEOMETRIC_REPRESENTATION_CONTEXT ( 3 ) GLOBAL_UNCERTAINTY_ASSIGNED_CONTEXT ( ( #4410 ) ) GLOBAL_UNIT_ASSIGNED_CONTEXT ( ( #1017, #6708, #244 ) ) REPRESENTATION_CONTEXT ( 'NONE', 'WORKASPACE' ) );
#5451 = VECTOR ( 'NONE', #7003, 1000.000000000000000 ) ;
#5452 = EDGE_LOOP ( 'NONE', ( #3344, #2636, #3633, #1987 ) ) ;
#5453 = UNCERTAINTY_MEASURE_WITH_UNIT (LENGTH_MEASURE( 1.000000000000000100E-005 ), #5158, 'distance_accuracy_value', 'NONE');
#5454 = AXIS2_PLACEMENT_3D ( 'NONE', #3509, #1319, #5154 ) ;
#5455 = EDGE_CURVE ( 'NONE', #2936, #4674, #4833, .T. ) ;
#5456 = CARTESIAN_POINT ( 'NONE',  ( 1.250000000000000000, 0.4249999999999998200, 0.6499999999999990200 ) ) ;
#5457 = DIRECTION ( 'NONE',  ( -1.000000000000000000, 0.0000000000000000000, -6.122553444624025000E-016 ) ) ;
#5458 = LINE ( 'NONE', #2497, #1051 ) ;
#5459 = ORIENTED_EDGE ( 'NONE', *, *, #2242, .T. ) ;
#5460 = SURFACE_SIDE_STYLE ('',( #4246 ) ) ;
#5461 = ADVANCED_FACE ( 'NONE', ( #414 ), #1041, .F. ) ;
#5462 = LINE ( 'NONE', #5666, #6875 ) ;
#5463 = DIRECTION ( 'NONE',  ( 0.0000000000000000000, 0.0000000000000000000, 1.000000000000000000 ) ) ;
#5464 = DIRECTION ( 'NONE',  ( -1.000000000000000000, -0.0000000000000000000, -0.0000000000000000000 ) ) ;
#5465 = ORIENTED_EDGE ( 'NONE', *, *, #6927, .T. ) ;
#5466 = VERTEX_POINT ( 'NONE', #4364 ) ;
#5467 =( NAMED_UNIT ( * ) PLANE_ANGLE_UNIT ( ) SI_UNIT ( $, .RADIAN. ) );
#5468 = COLOUR_RGB ( '',0.8000000000000000400, 0.8078431372549019800, 0.8000000000000000400 ) ;
#5469 = CARTESIAN_POINT ( 'NONE',  ( 2.599000000000000200, 1.200000000000000000, 0.2999999999999999900 ) ) ;
#5470 = EDGE_CURVE ( 'NONE', #635, #3630, #3406, .T. ) ;
#5471 = ORIENTED_EDGE ( 'NONE', *, *, #5063, .F. ) ;
#5472 = LINE ( 'NONE', #4412, #6890 ) ;
#5473 = DIRECTION ( 'NONE',  ( 0.0000000000000000000, 1.000000000000000000, 0.0000000000000000000 ) ) ;
#5474 = VERTEX_POINT ( 'NONE', #3839 ) ;
#5475 = DIRECTION ( 'NONE',  ( 3.051828337366604500E-016, -0.0000000000000000000, 1.000000000000000000 ) ) ;
#5476 = FACE_OUTER_BOUND ( 'NONE', #2950, .T. ) ;
#5477 = DIRECTION ( 'NONE',  ( 0.0000000000000000000, -0.7071067811865439100, 0.7071067811865512400 ) ) ;
#5478 = ORIENTED_EDGE ( 'NONE', *, *, #4595, .T. ) ;
#5479 = EDGE_CURVE ( 'NONE', #6151, #5613, #4666, .T. ) ;
#5480 = FACE_OUTER_BOUND ( 'NONE', #87, .T. ) ;
#5481 = VERTEX_POINT ( 'NONE', #5994 ) ;
#5482 = EDGE_CURVE ( 'NONE', #4768, #1140, #3246, .T. ) ;
#5483 = CARTESIAN_POINT ( 'NONE',  ( -2.345000000000000200, 1.200000000000000000, 1.529999999999999800 ) ) ;
#5484 = CARTESIAN_POINT ( 'NONE',  ( 1.524999999999993000, -0.6999999999999988500, 4.399999999999994100 ) ) ;
#5485 = UNCERTAINTY_MEASURE_WITH_UNIT (LENGTH_MEASURE( 1.000000000000000100E-005 ), #5583, 'distance_accuracy_value', 'NONE');
#5486 = LINE ( 'NONE', #1632, #1088 ) ;
#5487 = VERTEX_POINT ( 'NONE', #4896 ) ;
#5488 =( GEOMETRIC_REPRESENTATION_CONTEXT ( 3 ) GLOBAL_UNCERTAINTY_ASSIGNED_CONTEXT ( ( #5453 ) ) GLOBAL_UNIT_ASSIGNED_CONTEXT ( ( #5158, #5692, #5715 ) ) REPRESENTATION_CONTEXT ( 'NONE', 'WORKASPACE' ) );
#5489 = ORIENTED_EDGE ( 'NONE', *, *, #3155, .F. ) ;
#5490 = VECTOR ( 'NONE', #6947, 1000.000000000000000 ) ;
#5491 = VECTOR ( 'NONE', #694, 1000.000000000000000 ) ;
#5492 = ADVANCED_FACE ( 'NONE', ( #5956 ), #2759, .T. ) ;
#5493 =( LENGTH_UNIT ( ) NAMED_UNIT ( * ) SI_UNIT ( .MILLI., .METRE. ) );
#5494 = CARTESIAN_POINT ( 'NONE',  ( -2.345000000000000200, 1.200000000000000000, 0.5199999999999995700 ) ) ;
#5495 = DIRECTION ( 'NONE',  ( 1.000000000000000000, 0.0000000000000000000, 0.0000000000000000000 ) ) ;
#5496 = EDGE_CURVE ( 'NONE', #4461, #1566, #6702, .T. ) ;
#5497 = VECTOR ( 'NONE', #4579, 1000.000000000000000 ) ;
#5498 = ORIENTED_EDGE ( 'NONE', *, *, #1642, .T. ) ;
#5499 = VERTEX_POINT ( 'NONE', #2787 ) ;
#5500 = AXIS2_PLACEMENT_3D ( 'NONE', #3547, #4144, #770 ) ;
#5501 = LINE ( 'NONE', #6735, #915 ) ;
#5502 = FACE_OUTER_BOUND ( 'NONE', #6418, .T. ) ;
#5503 = DIRECTION ( 'NONE',  ( -0.0000000000000000000, -1.000000000000000000, -0.0000000000000000000 ) ) ;
#5504 = ORIENTED_EDGE ( 'NONE', *, *, #5287, .T. ) ;
#5505 = DIRECTION ( 'NONE',  ( -1.000000000000000000, 0.0000000000000000000, 0.0000000000000000000 ) ) ;
#5506 = PRESENTATION_LAYER_ASSIGNMENT (  '', '', ( #4743 ) ) ;
#5507 = FACE_OUTER_BOUND ( 'NONE', #1313, .T. ) ;
#5508 = VERTEX_POINT ( 'NONE', #475 ) ;
#5509 = LINE ( 'NONE', #6222, #5318 ) ;
#5510 = CARTESIAN_POINT ( 'NONE',  ( -3.145000000000000000, 1.100000000000000100, 1.529999999999999800 ) ) ;
#5511 = DIRECTION ( 'NONE',  ( 3.051828337366604500E-016, -0.0000000000000000000, 1.000000000000000000 ) ) ;
#5512 = ORIENTED_EDGE ( 'NONE', *, *, #126, .F. ) ;
#5513 = DIRECTION ( 'NONE',  ( 0.0000000000000000000, 0.0000000000000000000, 1.000000000000000000 ) ) ;
#5514 = VERTEX_POINT ( 'NONE', #2229 ) ;
#5515 = CARTESIAN_POINT ( 'NONE',  ( -2.649000000000000500, -1.100000000000000100, 1.226000000000000000 ) ) ;
#5516 = FACE_OUTER_BOUND ( 'NONE', #5016, .T. ) ;
#5517 = LINE ( 'NONE', #1056, #2789 ) ;
#5518 = DIRECTION ( 'NONE',  ( 0.0000000000000000000, 0.7071067811865441300, -0.7071067811865507900 ) ) ;
#5519 = VECTOR ( 'NONE', #6754, 1000.000000000000000 ) ;
#5520 = ORIENTED_EDGE ( 'NONE', *, *, #2645, .T. ) ;
#5521 = DIRECTION ( 'NONE',  ( 1.807003620809174400E-016, 1.000000000000000000, -0.0000000000000000000 ) ) ;
#5522 = SURFACE_STYLE_USAGE ( .BOTH. , #1694 ) ;
#5523 = DIRECTION ( 'NONE',  ( 0.0000000000000000000, 0.0000000000000000000, 1.000000000000000000 ) ) ;
#5524 = PLANE ( 'NONE',  #6510 ) ;
#5525 = CARTESIAN_POINT ( 'NONE',  ( -1.824999999999998000, 1.700000000000000200, 4.699999999999996600 ) ) ;
#5526 = EDGE_CURVE ( 'NONE', #4253, #836, #3847, .T. ) ;
#5527 = DIRECTION ( 'NONE',  ( 0.0000000000000000000, 0.0000000000000000000, -1.000000000000000000 ) ) ;
#5528 = ADVANCED_FACE ( 'NONE', ( #1062 ), #4418, .T. ) ;
#5529 = VERTEX_POINT ( 'NONE', #523 ) ;
#5530 = DIRECTION ( 'NONE',  ( 0.0000000000000000000, 1.000000000000000000, -1.355252715606881500E-016 ) ) ;
#5531 = DIRECTION ( 'NONE',  ( 1.000000000000000000, 0.0000000000000000000, 0.0000000000000000000 ) ) ;
#5532 = DIRECTION ( 'NONE',  ( -1.000000000000000000, 0.0000000000000000000, 0.0000000000000000000 ) ) ;
#5533 =( NAMED_UNIT ( * ) SI_UNIT ( $, .STERADIAN. ) SOLID_ANGLE_UNIT ( ) );
#5534 = EDGE_CURVE ( 'NONE', #4700, #3917, #4030, .T. ) ;
#5535 = ORIENTED_EDGE ( 'NONE', *, *, #1430, .F. ) ;
#5536 = CARTESIAN_POINT ( 'NONE',  ( 3.145000000000000000, 1.100000000000000100, 1.529999999999999800 ) ) ;
#5537 = EDGE_CURVE ( 'NONE', #4320, #4170, #5271, .T. ) ;
#5538 = CARTESIAN_POINT ( 'NONE',  ( -2.649000000000000500, -1.100000000000000100, 0.3039999999999999400 ) ) ;
#5539 = PRESENTATION_LAYER_ASSIGNMENT (  '', '', ( #5156 ) ) ;
#5540 = PLANE ( 'NONE',  #1833 ) ;
#5541 = AXIS2_PLACEMENT_3D ( 'NONE', #984, #14, #2294 ) ;
#5542 = CARTESIAN_POINT ( 'NONE',  ( 0.4650000000000003600, 0.4249999999999998200, 1.749999999999996400 ) ) ;
#5543 = LINE ( 'NONE', #6856, #4120 ) ;
#5544 = VECTOR ( 'NONE', #1785, 1000.000000000000000 ) ;
#5545 = ORIENTED_EDGE ( 'NONE', *, *, #2232, .F. ) ;
#5546 = VERTEX_POINT ( 'NONE', #4444 ) ;
#5547 = AXIS2_PLACEMENT_3D ( 'NONE', #3414, #41, #3998 ) ;
#5548 =( LENGTH_UNIT ( ) NAMED_UNIT ( * ) SI_UNIT ( .MILLI., .METRE. ) );
#5549 = ORIENTED_EDGE ( 'NONE', *, *, #3843, .T. ) ;
#5550 = CARTESIAN_POINT ( 'NONE',  ( -3.324999999999999700, 1.399999999999999900, 2.200000000000000200 ) ) ;
#5551 = DIRECTION ( 'NONE',  ( 0.0000000000000000000, -1.000000000000000000, 0.0000000000000000000 ) ) ;
#5552 = FILL_AREA_STYLE ('',( #1133 ) ) ;
#5553 = FACE_OUTER_BOUND ( 'NONE', #6888, .T. ) ;
#5554 = CARTESIAN_POINT ( 'NONE',  ( -1.625000000000000700, -1.100000000000000300, 0.04999999999999980800 ) ) ;
#5555 = LINE ( 'NONE', #956, #4128 ) ;
#5556 = ORIENTED_EDGE ( 'NONE', *, *, #1241, .F. ) ;
#5557 = ORIENTED_EDGE ( 'NONE', *, *, #1254, .T. ) ;
#5558 = AXIS2_PLACEMENT_3D ( 'NONE', #937, #3746, #377 ) ;
#5559 = FACE_OUTER_BOUND ( 'NONE', #4690, .T. ) ;
#5560 = CARTESIAN_POINT ( 'NONE',  ( 2.649000000000000500, 1.100000000000000100, 0.3039999999999999400 ) ) ;
#5561 = LINE ( 'NONE', #109, #5718 ) ;
#5562 = ORIENTED_EDGE ( 'NONE', *, *, #2322, .T. ) ;
#5563 = LINE ( 'NONE', #3207, #1342 ) ;
#5564 = LINE ( 'NONE', #2583, #4295 ) ;
#5565 = ADVANCED_FACE ( 'NONE', ( #2216 ), #4975, .T. ) ;
#5566 = DIRECTION ( 'NONE',  ( -0.0000000000000000000, -1.000000000000000000, -0.0000000000000000000 ) ) ;
#5567 = VERTEX_POINT ( 'NONE', #2809 ) ;
#5568 = CARTESIAN_POINT ( 'NONE',  ( -1.524999999999999900, -0.6999999999999988500, 1.749999999999996400 ) ) ;
#5569 = LINE ( 'NONE', #6104, #5386 ) ;
#5570 = LINE ( 'NONE', #528, #1169 ) ;
#5571 = LINE ( 'NONE', #4592, #2661 ) ;
#5572 = LINE ( 'NONE', #6600, #1173 ) ;
#5573 = UNCERTAINTY_MEASURE_WITH_UNIT (LENGTH_MEASURE( 1.000000000000000100E-005 ), #5937, 'distance_accuracy_value', 'NONE');
#5574 = PRESENTATION_STYLE_ASSIGNMENT (( #6690 ) ) ;
#5575 = VERTEX_POINT ( 'NONE', #4992 ) ;
#5576 = CARTESIAN_POINT ( 'NONE',  ( 3.365000000000001500, -1.100000000000000100, 1.750000000000001300 ) ) ;
#5577 = VECTOR ( 'NONE', #5806, 1000.000000000000000 ) ;
#5578 = EDGE_CURVE ( 'NONE', #1424, #5529, #1689, .T. ) ;
#5579 = LINE ( 'NONE', #4156, #1183 ) ;
#5580 = VERTEX_POINT ( 'NONE', #2302 ) ;
#5581 = ORIENTED_EDGE ( 'NONE', *, *, #803, .F. ) ;
#5582 = EDGE_CURVE ( 'NONE', #2674, #6790, #5862, .T. ) ;
#5583 =( LENGTH_UNIT ( ) NAMED_UNIT ( * ) SI_UNIT ( .MILLI., .METRE. ) );
#5584 = PLANE ( 'NONE',  #1661 ) ;
#5585 = VECTOR ( 'NONE', #2812, 1000.000000000000000 ) ;
#5586 = STYLED_ITEM ( 'NONE', ( #6868 ), #5781 ) ;
#5587 = AXIS2_PLACEMENT_3D ( 'NONE', #105, #5675, #3543 ) ;
#5588 = ORIENTED_EDGE ( 'NONE', *, *, #5399, .T. ) ;
#5589 = MECHANICAL_DESIGN_GEOMETRIC_PRESENTATION_REPRESENTATION (  '', ( #4477 ), #5933 ) ;
#5590 = LINE ( 'NONE', #1403, #4173 ) ;
#5591 = EDGE_CURVE ( 'NONE', #5299, #3706, #2988, .T. ) ;
#5592 = LINE ( 'NONE', #3045, #4178 ) ;
#5593 = CARTESIAN_POINT ( 'NONE',  ( -0.7849999999999997000, 3.000000000000000000, 0.4499999999999998400 ) ) ;
#5594 = ORIENTED_EDGE ( 'NONE', *, *, #4898, .F. ) ;
#5595 = VECTOR ( 'NONE', #5245, 1000.000000000000000 ) ;
#5596 = ORIENTED_EDGE ( 'NONE', *, *, #3450, .T. ) ;
#5597 = SURFACE_SIDE_STYLE ('',( #890 ) ) ;
#5598 = DIRECTION ( 'NONE',  ( 0.0000000000000000000, 0.0000000000000000000, 1.000000000000000000 ) ) ;
#5599 = DIRECTION ( 'NONE',  ( 0.5773502691896249500, 0.5773502691896272900, -0.5773502691896249500 ) ) ;
#5600 = ADVANCED_FACE ( 'NONE', ( #7118 ), #3393, .T. ) ;
#5601 = ORIENTED_EDGE ( 'NONE', *, *, #1037, .F. ) ;
#5602 = VERTEX_POINT ( 'NONE', #5018 ) ;
#5603 = CARTESIAN_POINT ( 'NONE',  ( -1.824999999999999300, 0.8499999999999996400, 4.699999999999996600 ) ) ;
#5604 = CARTESIAN_POINT ( 'NONE',  ( 0.5500000000000008200, -1.100000000000000100, 3.249999999999996000 ) ) ;
#5605 = CIRCLE ( 'NONE', #4643, 0.05000000000000012800 ) ;
#5606 = ORIENTED_EDGE ( 'NONE', *, *, #2465, .T. ) ;
#5607 = VECTOR ( 'NONE', #5150, 1000.000000000000000 ) ;
#5608 = EDGE_CURVE ( 'NONE', #4862, #484, #139, .T. ) ;
#5609 = DIRECTION ( 'NONE',  ( -0.0000000000000000000, 0.0000000000000000000, 1.000000000000000000 ) ) ;
#5610 = CARTESIAN_POINT ( 'NONE',  ( -0.1499999999999995200, 3.673118842698620300, 4.699999999999995700 ) ) ;
#5611 = CARTESIAN_POINT ( 'NONE',  ( -1.050000000000000000, 2.600000000000000100, 0.2999999999999993200 ) ) ;
#5612 = VECTOR ( 'NONE', #3230, 1000.000000000000000 ) ;
#5613 = VERTEX_POINT ( 'NONE', #6657 ) ;
#5614 = ORIENTED_EDGE ( 'NONE', *, *, #6911, .T. ) ;
#5615 = ORIENTED_EDGE ( 'NONE', *, *, #2008, .T. ) ;
#5616 = EDGE_CURVE ( 'NONE', #4741, #4791, #5701, .T. ) ;
#5617 = EDGE_CURVE ( 'NONE', #1070, #5171, #1516, .T. ) ;
#5618 = VERTEX_POINT ( 'NONE', #628 ) ;
#5619 = DIRECTION ( 'NONE',  ( 0.0000000000000000000, -1.355252715606881500E-016, -1.000000000000000000 ) ) ;
#5620 = MECHANICAL_DESIGN_GEOMETRIC_PRESENTATION_REPRESENTATION (  '', ( #4861 ), #5977 ) ;
#5621 = ORIENTED_EDGE ( 'NONE', *, *, #2934, .F. ) ;
#5622 = CARTESIAN_POINT ( 'NONE',  ( -3.324999999999999700, 1.399999999999999900, 1.699999999999989700 ) ) ;
#5623 = CARTESIAN_POINT ( 'NONE',  ( 3.624999999999999100, 1.100000000000000100, 0.2540000000000000000 ) ) ;
#5624 = DIRECTION ( 'NONE',  ( 0.0000000000000000000, 0.0000000000000000000, -1.000000000000000000 ) ) ;
#5625 = EDGE_CURVE ( 'NONE', #736, #2681, #1322, .T. ) ;
#5626 = EDGE_CURVE ( 'NONE', #1683, #5400, #6956, .T. ) ;
#5627 = ORIENTED_EDGE ( 'NONE', *, *, #3461, .F. ) ;
#5628 = ORIENTED_EDGE ( 'NONE', *, *, #3197, .F. ) ;
#5629 = ADVANCED_FACE ( 'NONE', ( #5364 ), #2355, .T. ) ;
#5630 = DIRECTION ( 'NONE',  ( 1.000000000000000000, 0.0000000000000000000, 0.0000000000000000000 ) ) ;
#5631 = STYLED_ITEM ( 'NONE', ( #3691 ), #6746 ) ;
#5632 = STYLED_ITEM ( 'NONE', ( #6432 ), #2412 ) ;
#5633 = VECTOR ( 'NONE', #4860, 1000.000000000000000 ) ;
#5634 = STYLED_ITEM ( 'NONE', ( #6227 ), #4292 ) ;
#5635 = ORIENTED_EDGE ( 'NONE', *, *, #447, .T. ) ;
#5636 = LINE ( 'NONE', #6889, #7047 ) ;
#5637 = DIRECTION ( 'NONE',  ( -0.0000000000000000000, 0.7071067811865465700, 0.7071067811865485700 ) ) ;
#5638 = SURFACE_SIDE_STYLE ('',( #1989 ) ) ;
#5639 = ORIENTED_EDGE ( 'NONE', *, *, #2919, .T. ) ;
#5640 = VECTOR ( 'NONE', #3603, 1000.000000000000200 ) ;
#5641 = DIRECTION ( 'NONE',  ( -0.0000000000000000000, -0.0000000000000000000, -1.000000000000000000 ) ) ;
#5642 = EDGE_LOOP ( 'NONE', ( #1975, #4077, #820, #2767 ) ) ;
#5643 = VECTOR ( 'NONE', #51, 1000.000000000000000 ) ;
#5644 = ORIENTED_EDGE ( 'NONE', *, *, #4378, .T. ) ;
#5645 = CYLINDRICAL_SURFACE ( 'NONE', #6345, 0.05000000000000002400 ) ;
#5646 = ORIENTED_EDGE ( 'NONE', *, *, #6788, .F. ) ;
#5647 = SURFACE_STYLE_USAGE ( .BOTH. , #3098 ) ;
#5648 = LINE ( 'NONE', #4458, #6903 ) ;
#5649 = ORIENTED_EDGE ( 'NONE', *, *, #6530, .T. ) ;
#5650 = EDGE_CURVE ( 'NONE', #1075, #2981, #4122, .T. ) ;
#5651 = SURFACE_STYLE_USAGE ( .BOTH. , #5678 ) ;
#5652 = LINE ( 'NONE', #908, #2928 ) ;
#5653 = LINE ( 'NONE', #2392, #1273 ) ;
#5654 = ORIENTED_EDGE ( 'NONE', *, *, #1279, .T. ) ;
#5655 = CARTESIAN_POINT ( 'NONE',  ( -2.325000000000000200, 1.399999999999999700, 2.200000000000000200 ) ) ;
#5656 = CARTESIAN_POINT ( 'NONE',  ( 3.145000000000000000, 1.100000000000000100, 1.529999999999999800 ) ) ;
#5657 = FACE_OUTER_BOUND ( 'NONE', #3048, .T. ) ;
#5658 = ORIENTED_EDGE ( 'NONE', *, *, #5700, .T. ) ;
#5659 = ADVANCED_FACE ( 'NONE', ( #3935 ), #6168, .T. ) ;
#5660 = LINE ( 'NONE', #5622, #2772 ) ;
#5661 = LINE ( 'NONE', #2713, #2773 ) ;
#5662 = EDGE_CURVE ( 'NONE', #4024, #2071, #5176, .T. ) ;
#5663 = EDGE_CURVE ( 'NONE', #4994, #700, #6613, .T. ) ;
#5664 = VECTOR ( 'NONE', #1416, 1000.000000000000000 ) ;
#5665 = ORIENTED_EDGE ( 'NONE', *, *, #6671, .T. ) ;
#5666 = CARTESIAN_POINT ( 'NONE',  ( -2.345000000000000200, 1.100000000000000100, 1.226000000000000000 ) ) ;
#5667 = CARTESIAN_POINT ( 'NONE',  ( -3.145000000000000000, 1.100000000000000100, 1.529999999999999800 ) ) ;
#5668 =( GEOMETRIC_REPRESENTATION_CONTEXT ( 3 ) GLOBAL_UNCERTAINTY_ASSIGNED_CONTEXT ( ( #5485 ) ) GLOBAL_UNIT_ASSIGNED_CONTEXT ( ( #5583, #2306, #6114 ) ) REPRESENTATION_CONTEXT ( 'NONE', 'WORKASPACE' ) );
#5669 = CARTESIAN_POINT ( 'NONE',  ( -2.599000000000000200, -0.8799999999999994500, 1.275999999999999800 ) ) ;
#5670 = VECTOR ( 'NONE', #4050, 1000.000000000000000 ) ;
#5671 =( GEOMETRIC_REPRESENTATION_CONTEXT ( 3 ) GLOBAL_UNCERTAINTY_ASSIGNED_CONTEXT ( ( #6217 ) ) GLOBAL_UNIT_ASSIGNED_CONTEXT ( ( #4383, #5437, #6468 ) ) REPRESENTATION_CONTEXT ( 'NONE', 'WORKASPACE' ) );
#5672 = CARTESIAN_POINT ( 'NONE',  ( -0.6250000000000051100, 0.1999999999999883800, 3.499999999999997800 ) ) ;
#5673 = AXIS2_PLACEMENT_3D ( 'NONE', #6447, #1583, #5410 ) ;
#5674 = ORIENTED_EDGE ( 'NONE', *, *, #3077, .T. ) ;
#5675 = DIRECTION ( 'NONE',  ( 0.0000000000000000000, 0.9701425001453327600, -0.2425356250363297200 ) ) ;
#5676 = LINE ( 'NONE', #3938, #6762 ) ;
#5677 = DIRECTION ( 'NONE',  ( 0.0000000000000000000, 0.0000000000000000000, 1.000000000000000000 ) ) ;
#5678 = SURFACE_SIDE_STYLE ('',( #342 ) ) ;
#5679 = VECTOR ( 'NONE', #204, 999.9999999999998900 ) ;
#5680 = CARTESIAN_POINT ( 'NONE',  ( -0.1999999999999998700, -1.099999999999999900, 0.2999999999999993200 ) ) ;
#5681 = VERTEX_POINT ( 'NONE', #5655 ) ;
#5682 = CARTESIAN_POINT ( 'NONE',  ( 2.345000000000000200, -0.8799999999999986700, 0.5200000000000000200 ) ) ;
#5683 = CARTESIAN_POINT ( 'NONE',  ( -0.4649999999999988600, 0.0000000000000000000, 0.6499999999999993600 ) ) ;
#5684 = VECTOR ( 'NONE', #1951, 1000.000000000000000 ) ;
#5685 = PRESENTATION_LAYER_ASSIGNMENT (  '', '', ( #4926 ) ) ;
#5686 = DIRECTION ( 'NONE',  ( 1.495451272393799300E-016, 0.0000000000000000000, 1.000000000000000000 ) ) ;
#5687 = DIRECTION ( 'NONE',  ( 0.0000000000000000000, -2.258754526011467700E-016, 1.000000000000000000 ) ) ;
#5688 = CARTESIAN_POINT ( 'NONE',  ( -3.145000000000000000, 1.200000000000000000, 1.529999999999999800 ) ) ;
#5689 = CARTESIAN_POINT ( 'NONE',  ( 2.345000000000000200, -1.100000000000000100, 1.226000000000000000 ) ) ;
#5690 = VERTEX_POINT ( 'NONE', #84 ) ;
#5691 = COLOUR_RGB ( '',0.8000000000000000400, 0.8078431372549019800, 0.8000000000000000400 ) ;
#5692 =( NAMED_UNIT ( * ) PLANE_ANGLE_UNIT ( ) SI_UNIT ( $, .RADIAN. ) );
#5693 = ADVANCED_FACE ( 'NONE', ( #957 ), #4038, .F. ) ;
#5694 = ORIENTED_EDGE ( 'NONE', *, *, #1824, .T. ) ;
#5695 = DIRECTION ( 'NONE',  ( -0.0000000000000000000, -0.0000000000000000000, -1.000000000000000000 ) ) ;
#5696 = ORIENTED_EDGE ( 'NONE', *, *, #7129, .T. ) ;
#5697 = CARTESIAN_POINT ( 'NONE',  ( -2.124999999999999100, -1.100000000000000100, 4.699999999999995700 ) ) ;
#5698 = DIRECTION ( 'NONE',  ( 1.000000000000000000, 0.0000000000000000000, -0.0000000000000000000 ) ) ;
#5699 = LINE ( 'NONE', #4183, #7117 ) ;
#5700 = EDGE_CURVE ( 'NONE', #3653, #3330, #3756, .T. ) ;
#5701 = LINE ( 'NONE', #3997, #4281 ) ;
#5702 = EDGE_CURVE ( 'NONE', #1641, #3293, #772, .T. ) ;
#5703 = ORIENTED_EDGE ( 'NONE', *, *, #1535, .T. ) ;
#5704 = MECHANICAL_DESIGN_GEOMETRIC_PRESENTATION_REPRESENTATION (  '', ( #3978 ), #6066 ) ;
#5705 = DIRECTION ( 'NONE',  ( 1.000000000000000000, 0.0000000000000000000, 0.0000000000000000000 ) ) ;
#5706 = AXIS2_PLACEMENT_3D ( 'NONE', #4581, #4605, #4654 ) ;
#5707 = VECTOR ( 'NONE', #582, 1000.000000000000000 ) ;
#5708 = VERTEX_POINT ( 'NONE', #5118 ) ;
#5709 = CARTESIAN_POINT ( 'NONE',  ( -2.124999999999999100, -1.000000000000000000, 4.699999999999995700 ) ) ;
#5710 = COLOUR_RGB ( '',0.8000000000000000400, 0.8078431372549019800, 0.8000000000000000400 ) ;
#5711 =( GEOMETRIC_REPRESENTATION_CONTEXT ( 3 ) GLOBAL_UNCERTAINTY_ASSIGNED_CONTEXT ( ( #3333 ) ) GLOBAL_UNIT_ASSIGNED_CONTEXT ( ( #932, #904, #894 ) ) REPRESENTATION_CONTEXT ( 'NONE', 'WORKASPACE' ) );
#5712 = CARTESIAN_POINT ( 'NONE',  ( 0.7850000000000003600, 0.2499999999999996700, 0.1799999999999966600 ) ) ;
#5713 = DIRECTION ( 'NONE',  ( -1.000000000000000000, 0.0000000000000000000, 0.0000000000000000000 ) ) ;
#5714 = ORIENTED_EDGE ( 'NONE', *, *, #2103, .T. ) ;
#5715 =( NAMED_UNIT ( * ) SI_UNIT ( $, .STERADIAN. ) SOLID_ANGLE_UNIT ( ) );
#5716 = EDGE_CURVE ( 'NONE', #7051, #1070, #6283, .T. ) ;
#5717 = VECTOR ( 'NONE', #332, 1000.000000000000000 ) ;
#5718 = VECTOR ( 'NONE', #188, 1000.000000000000000 ) ;
#5719 = ORIENTED_EDGE ( 'NONE', *, *, #2196, .F. ) ;
#5720 = AXIS2_PLACEMENT_3D ( 'NONE', #184, #1358, #4165 ) ;
#5721 = LINE ( 'NONE', #6353, #1530 ) ;
#5722 = DIRECTION ( 'NONE',  ( -1.000000000000000000, -0.0000000000000000000, -0.0000000000000000000 ) ) ;
#5723 = ORIENTED_EDGE ( 'NONE', *, *, #5740, .F. ) ;
#5724 =( NAMED_UNIT ( * ) PLANE_ANGLE_UNIT ( ) SI_UNIT ( $, .RADIAN. ) );
#5725 = CARTESIAN_POINT ( 'NONE',  ( 2.325000000000000200, 1.700000000000000000, 2.200000000000000200 ) ) ;
#5726 = VECTOR ( 'NONE', #2373, 1000.000000000000000 ) ;
#5727 = LINE ( 'NONE', #544, #1354 ) ;
#5728 = ADVANCED_FACE ( 'NONE', ( #3561 ), #6757, .F. ) ;
#5729 = CARTESIAN_POINT ( 'NONE',  ( 0.5650000000000006100, -0.3750000000000005600, 3.999999999999993300 ) ) ;
#5730 = CARTESIAN_POINT ( 'NONE',  ( 0.7850000000000003600, 2.999999999999999600, -1.761828530288944700E-016 ) ) ;
#5731 = CIRCLE ( 'NONE', #7100, 0.05000000000000012800 ) ;
#5732 = ORIENTED_EDGE ( 'NONE', *, *, #3215, .F. ) ;
#5733 =( NAMED_UNIT ( * ) PLANE_ANGLE_UNIT ( ) SI_UNIT ( $, .RADIAN. ) );
#5734 = LINE ( 'NONE', #1417, #1177 ) ;
#5735 = FILL_AREA_STYLE ('',( #5174 ) ) ;
#5736 = CARTESIAN_POINT ( 'NONE',  ( 2.125000000000000400, -1.100000000000000100, 2.400000000000001200 ) ) ;
#5737 = VERTEX_POINT ( 'NONE', #5682 ) ;
#5738 = ORIENTED_EDGE ( 'NONE', *, *, #459, .F. ) ;
#5739 = FILL_AREA_STYLE ('',( #5181 ) ) ;
#5740 = EDGE_CURVE ( 'NONE', #5514, #4669, #592, .T. ) ;
#5741 = ORIENTED_EDGE ( 'NONE', *, *, #4471, .T. ) ;
#5742 = CARTESIAN_POINT ( 'NONE',  ( 2.125000000000000400, 2.600000000000000100, 1.749999999999996400 ) ) ;
#5743 = FACE_OUTER_BOUND ( 'NONE', #1141, .T. ) ;
#5744 = CARTESIAN_POINT ( 'NONE',  ( -2.325000000000000200, 1.700000000000000000, 2.200000000000000200 ) ) ;
#5745 = DIRECTION ( 'NONE',  ( -1.000000000000000000, -0.0000000000000000000, -0.0000000000000000000 ) ) ;
#5746 = DIRECTION ( 'NONE',  ( 1.000000000000000000, -0.0000000000000000000, -3.252606517456510300E-016 ) ) ;
#5747 = DIRECTION ( 'NONE',  ( 0.0000000000000000000, 0.0000000000000000000, 1.000000000000000000 ) ) ;
#5748 = PRESENTATION_LAYER_ASSIGNMENT (  '', '', ( #5388 ) ) ;
#5749 = VECTOR ( 'NONE', #6713, 1000.000000000000000 ) ;
#5750 = VERTEX_POINT ( 'NONE', #2421 ) ;
#5751 = ORIENTED_EDGE ( 'NONE', *, *, #4774, .F. ) ;
#5752 = EDGE_CURVE ( 'NONE', #944, #6162, #3398, .T. ) ;
#5753 = CARTESIAN_POINT ( 'NONE',  ( 1.524999999999992600, 0.8499999999999996400, 4.399999999999995900 ) ) ;
#5754 = EDGE_CURVE ( 'NONE', #40, #3750, #5001, .T. ) ;
#5755 = DIRECTION ( 'NONE',  ( -0.0000000000000000000, 1.000000000000000000, 0.0000000000000000000 ) ) ;
#5756 = CARTESIAN_POINT ( 'NONE',  ( -2.124999999999999100, 1.700000000000000200, 3.699999999999996600 ) ) ;
#5757 = COLOUR_RGB ( '',0.8000000000000000400, 0.8078431372549019800, 0.8000000000000000400 ) ;
#5758 = VERTEX_POINT ( 'NONE', #6234 ) ;
#5759 =( GEOMETRIC_REPRESENTATION_CONTEXT ( 3 ) GLOBAL_UNCERTAINTY_ASSIGNED_CONTEXT ( ( #1941 ) ) GLOBAL_UNIT_ASSIGNED_CONTEXT ( ( #1524, #5351, #2096 ) ) REPRESENTATION_CONTEXT ( 'NONE', 'WORKASPACE' ) );
#5760 = AXIS2_PLACEMENT_3D ( 'NONE', #2218, #2606, #2624 ) ;
#5761 = AXIS2_PLACEMENT_3D ( 'NONE', #6306, #3073, #6850 ) ;
#5762 = ADVANCED_FACE ( 'NONE', ( #6120 ), #3527, .T. ) ;
#5763 = ORIENTED_EDGE ( 'NONE', *, *, #1927, .F. ) ;
#5764 = VECTOR ( 'NONE', #2615, 1000.000000000000100 ) ;
#5765 = LINE ( 'NONE', #624, #4011 ) ;
#5766 = CARTESIAN_POINT ( 'NONE',  ( -0.4649999999999996400, 0.4249999999999998200, 3.999999999999993300 ) ) ;
#5767 = EDGE_LOOP ( 'NONE', ( #2003, #2534, #390, #5601 ) ) ;
#5768 = DIRECTION ( 'NONE',  ( 0.0000000000000000000, 0.0000000000000000000, 1.000000000000000000 ) ) ;
#5769 = CARTESIAN_POINT ( 'NONE',  ( 0.0000000000000000000, 1.200000000000000000, 0.0000000000000000000 ) ) ;
#5770 = LINE ( 'NONE', #966, #39 ) ;
#5771 = ORIENTED_EDGE ( 'NONE', *, *, #3551, .F. ) ;
#5772 = DIRECTION ( 'NONE',  ( 1.000000000000000000, 0.0000000000000000000, -0.0000000000000000000 ) ) ;
#5773 = CARTESIAN_POINT ( 'NONE',  ( -2.124999999999999100, 2.600000000000000100, 4.699999999999995700 ) ) ;
#5774 = ORIENTED_EDGE ( 'NONE', *, *, #2782, .T. ) ;
#5775 = EDGE_CURVE ( 'NONE', #3264, #3713, #225, .T. ) ;
#5776 = CARTESIAN_POINT ( 'NONE',  ( -2.599000000000000200, 1.100000000000000100, 1.226000000000000000 ) ) ;
#5777 = EDGE_LOOP ( 'NONE', ( #4943, #2513, #644, #3729 ) ) ;
#5778 = DIRECTION ( 'NONE',  ( 0.0000000000000000000, 0.0000000000000000000, -1.000000000000000000 ) ) ;
#5779 = EDGE_CURVE ( 'NONE', #3160, #6157, #1227, .T. ) ;
#5780 = EDGE_CURVE ( 'NONE', #7037, #4528, #5458, .T. ) ;
#5781 = ADVANCED_FACE ( 'NONE', ( #5266 ), #6279, .T. ) ;
#5782 = VERTEX_POINT ( 'NONE', #4640 ) ;
#5783 = ORIENTED_EDGE ( 'NONE', *, *, #30, .F. ) ;
#5784 = VECTOR ( 'NONE', #5239, 1000.000000000000000 ) ;
#5785 =( GEOMETRIC_REPRESENTATION_CONTEXT ( 3 ) GLOBAL_UNCERTAINTY_ASSIGNED_CONTEXT ( ( #4365 ) ) GLOBAL_UNIT_ASSIGNED_CONTEXT ( ( #2105, #5898, #2643 ) ) REPRESENTATION_CONTEXT ( 'NONE', 'WORKASPACE' ) );
#5786 = ORIENTED_EDGE ( 'NONE', *, *, #5138, .F. ) ;
#5787 = ORIENTED_EDGE ( 'NONE', *, *, #4717, .T. ) ;
#5788 = DIRECTION ( 'NONE',  ( 0.0000000000000000000, 0.0000000000000000000, 1.000000000000000000 ) ) ;
#5789 = CARTESIAN_POINT ( 'NONE',  ( 0.4650000000000003600, -0.3750000000000001100, 1.749999999999996400 ) ) ;
#5790 = PRESENTATION_LAYER_ASSIGNMENT (  '', '', ( #5058 ) ) ;
#5791 = PLANE ( 'NONE',  #2016 ) ;
#5792 = DIRECTION ( 'NONE',  ( 0.0000000000000000000, 1.000000000000000000, 0.0000000000000000000 ) ) ;
#5793 = ORIENTED_EDGE ( 'NONE', *, *, #1203, .F. ) ;
#5794 = EDGE_CURVE ( 'NONE', #1998, #4167, #6193, .T. ) ;
#5795 = ORIENTED_EDGE ( 'NONE', *, *, #563, .T. ) ;
#5796 = VECTOR ( 'NONE', #236, 1000.000000000000000 ) ;
#5797 = ORIENTED_EDGE ( 'NONE', *, *, #2165, .F. ) ;
#5798 = LINE ( 'NONE', #6653, #4374 ) ;
#5799 = EDGE_LOOP ( 'NONE', ( #5238, #7046, #3432, #3277 ) ) ;
#5800 = DIRECTION ( 'NONE',  ( 0.0000000000000000000, 0.0000000000000000000, -1.000000000000000000 ) ) ;
#5801 = AXIS2_PLACEMENT_3D ( 'NONE', #2284, #6092, #2848 ) ;
#5802 = COLOUR_RGB ( '',0.8000000000000000400, 0.8078431372549019800, 0.8000000000000000400 ) ;
#5803 = ORIENTED_EDGE ( 'NONE', *, *, #6282, .T. ) ;
#5804 = DIRECTION ( 'NONE',  ( 0.0000000000000000000, 0.0000000000000000000, -1.000000000000000000 ) ) ;
#5805 = DIRECTION ( 'NONE',  ( -1.000000000000000000, 0.0000000000000000000, 5.421010862427526500E-017 ) ) ;
#5806 = DIRECTION ( 'NONE',  ( 0.0000000000000000000, 0.0000000000000000000, 1.000000000000000000 ) ) ;
#5807 = VECTOR ( 'NONE', #364, 1000.000000000000000 ) ;
#5808 = EDGE_LOOP ( 'NONE', ( #1294, #6514, #1547, #4963, #5148, #161 ) ) ;
#5809 = VECTOR ( 'NONE', #2037, 1000.000000000000000 ) ;
#5810 = FACE_OUTER_BOUND ( 'NONE', #4881, .T. ) ;
#5811 = EDGE_LOOP ( 'NONE', ( #1428, #1136, #3854, #6583 ) ) ;
#5812 = UNCERTAINTY_MEASURE_WITH_UNIT (LENGTH_MEASURE( 1.000000000000000100E-005 ), #2702, 'distance_accuracy_value', 'NONE');
#5813 = VERTEX_POINT ( 'NONE', #824 ) ;
#5814 =( LENGTH_UNIT ( ) NAMED_UNIT ( * ) SI_UNIT ( .MILLI., .METRE. ) );
#5815 = EDGE_CURVE ( 'NONE', #3187, #3278, #1852, .T. ) ;
#5816 = CARTESIAN_POINT ( 'NONE',  ( 2.125000000000000000, 1.399999999999999200, 2.400000000000001200 ) ) ;
#5817 = VECTOR ( 'NONE', #5053, 1000.000000000000000 ) ;
#5818 = LINE ( 'NONE', #1611, #7077 ) ;
#5819 = ORIENTED_EDGE ( 'NONE', *, *, #2411, .F. ) ;
#5820 = LINE ( 'NONE', #1291, #5664 ) ;
#5821 = ORIENTED_EDGE ( 'NONE', *, *, #1779, .T. ) ;
#5822 = CARTESIAN_POINT ( 'NONE',  ( -3.624999999999999600, 1.700000000000000000, 2.200000000000000200 ) ) ;
#5823 = VECTOR ( 'NONE', #5641, 1000.000000000000000 ) ;
#5824 = CARTESIAN_POINT ( 'NONE',  ( 0.7850000000000003600, -0.6250000000000003300, 0.2999999999999964900 ) ) ;
#5825 = EDGE_CURVE ( 'NONE', #6369, #6072, #4739, .T. ) ;
#5826 = DIRECTION ( 'NONE',  ( 0.0000000000000000000, -1.000000000000000000, 0.0000000000000000000 ) ) ;
#5827 = EDGE_CURVE ( 'NONE', #3706, #2753, #2032, .T. ) ;
#5828 = VECTOR ( 'NONE', #2459, 1000.000000000000000 ) ;
#5829 = EDGE_LOOP ( 'NONE', ( #6632, #3999, #7105, #6486 ) ) ;
#5830 =( LENGTH_UNIT ( ) NAMED_UNIT ( * ) SI_UNIT ( .MILLI., .METRE. ) );
#5831 = ADVANCED_FACE ( 'NONE', ( #129 ), #3096, .T. ) ;
#5832 = UNCERTAINTY_MEASURE_WITH_UNIT (LENGTH_MEASURE( 1.000000000000000100E-005 ), #228, 'distance_accuracy_value', 'NONE');
#5833 = DIRECTION ( 'NONE',  ( 0.0000000000000000000, -1.000000000000000000, -2.032879073410321300E-016 ) ) ;
#5834 = ORIENTED_EDGE ( 'NONE', *, *, #641, .F. ) ;
#5835 = VECTOR ( 'NONE', #210, 1000.000000000000000 ) ;
#5836 = PLANE ( 'NONE',  #812 ) ;
#5837 = STYLED_ITEM ( 'NONE', ( #1916 ), #1080 ) ;
#5838 = FILL_AREA_STYLE_COLOUR ( '', #2852 ) ;
#5839 = LINE ( 'NONE', #1079, #108 ) ;
#5840 = DIRECTION ( 'NONE',  ( 0.0000000000000000000, 0.0000000000000000000, 1.000000000000000000 ) ) ;
#5841 = CARTESIAN_POINT ( 'NONE',  ( 0.4650000000000003600, 2.200000000000003300, 0.2999999999999996600 ) ) ;
#5842 = CARTESIAN_POINT ( 'NONE',  ( 0.5500000000000006000, -0.6999999999999988500, 2.099999999999996100 ) ) ;
#5843 = LINE ( 'NONE', #4078, #1669 ) ;
#5844 = EDGE_CURVE ( 'NONE', #2858, #4068, #1134, .T. ) ;
#5845 = DIRECTION ( 'NONE',  ( -0.7071067811865491300, -0.7071067811865460200, 0.0000000000000000000 ) ) ;
#5846 = PRESENTATION_LAYER_ASSIGNMENT (  '', '', ( #5103 ) ) ;
#5847 = VERTEX_POINT ( 'NONE', #3573 ) ;
#5848 = MECHANICAL_DESIGN_GEOMETRIC_PRESENTATION_REPRESENTATION (  '', ( #4743 ), #6208 ) ;
#5849 = DIRECTION ( 'NONE',  ( 0.0000000000000000000, -1.000000000000000000, 0.0000000000000000000 ) ) ;
#5850 = SURFACE_STYLE_FILL_AREA ( #1174 ) ;
#5851 = DIRECTION ( 'NONE',  ( -1.000000000000000000, 0.0000000000000000000, 0.0000000000000000000 ) ) ;
#5852 = ORIENTED_EDGE ( 'NONE', *, *, #5754, .T. ) ;
#5853 = DIRECTION ( 'NONE',  ( -4.371782953570583600E-016, 0.0000000000000000000, -1.000000000000000000 ) ) ;
#5854 = DIRECTION ( 'NONE',  ( -0.0000000000000000000, 1.000000000000000000, -0.0000000000000000000 ) ) ;
#5855 =( NAMED_UNIT ( * ) PLANE_ANGLE_UNIT ( ) SI_UNIT ( $, .RADIAN. ) );
#5856 = CARTESIAN_POINT ( 'NONE',  ( 0.5500000000000006000, 3.673118842698620300, 2.099999999999996100 ) ) ;
#5857 = DIRECTION ( 'NONE',  ( -1.000000000000000000, 0.0000000000000000000, 0.0000000000000000000 ) ) ;
#5858 = ORIENTED_EDGE ( 'NONE', *, *, #1155, .F. ) ;
#5859 = EDGE_LOOP ( 'NONE', ( #7001, #1647, #5002, #1478 ) ) ;
#5860 = DIRECTION ( 'NONE',  ( 0.0000000000000000000, -1.000000000000000000, 0.0000000000000000000 ) ) ;
#5861 = CARTESIAN_POINT ( 'NONE',  ( -2.649000000000000500, 1.100000000000000100, 1.276000000000000000 ) ) ;
#5862 = LINE ( 'NONE', #1741, #4583 ) ;
#5863 = DIRECTION ( 'NONE',  ( -0.0000000000000000000, -1.000000000000000000, -0.0000000000000000000 ) ) ;
#5864 = ORIENTED_EDGE ( 'NONE', *, *, #5880, .F. ) ;
#5865 = ADVANCED_FACE ( 'NONE', ( #5354 ), #3651, .T. ) ;
#5866 = VERTEX_POINT ( 'NONE', #1470 ) ;
#5867 = VECTOR ( 'NONE', #534, 1000.000000000000000 ) ;
#5868 = EDGE_CURVE ( 'NONE', #873, #711, #2629, .T. ) ;
#5869 = LINE ( 'NONE', #876, #4434 ) ;
#5870 = ORIENTED_EDGE ( 'NONE', *, *, #5626, .F. ) ;
#5871 = CARTESIAN_POINT ( 'NONE',  ( -3.716999999999998700, -1.452000000000000600, 0.7040000000000009600 ) ) ;
#5872 = CARTESIAN_POINT ( 'NONE',  ( 3.145000000000000000, 1.100000000000000100, 1.276000000000000000 ) ) ;
#5873 = DIRECTION ( 'NONE',  ( 1.000000000000000000, 0.0000000000000000000, 0.0000000000000000000 ) ) ;
#5874 = AXIS2_PLACEMENT_3D ( 'NONE', #1328, #159, #2945 ) ;
#5875 = DIRECTION ( 'NONE',  ( -0.5773502691896258400, 0.5773502691896229600, -0.5773502691896285100 ) ) ;
#5876 = VECTOR ( 'NONE', #4249, 1000.000000000000000 ) ;
#5877 = DIRECTION ( 'NONE',  ( 0.0000000000000000000, 0.0000000000000000000, 1.000000000000000000 ) ) ;
#5878 = CARTESIAN_POINT ( 'NONE',  ( -0.4649999999999996400, 3.100000000000000100, 0.3499999999999989800 ) ) ;
#5879 = EDGE_CURVE ( 'NONE', #4393, #2052, #6779, .T. ) ;
#5880 = EDGE_CURVE ( 'NONE', #1424, #5135, #6608, .T. ) ;
#5881 = MECHANICAL_DESIGN_GEOMETRIC_PRESENTATION_REPRESENTATION (  '', ( #5156 ), #6253 ) ;
#5882 = VERTEX_POINT ( 'NONE', #3139 ) ;
#5883 = DIRECTION ( 'NONE',  ( 1.000000000000000000, -2.891205793294679300E-016, 0.0000000000000000000 ) ) ;
#5884 = STYLED_ITEM ( 'NONE', ( #7061 ), #2018 ) ;
#5885 = DIRECTION ( 'NONE',  ( 0.0000000000000000000, -1.000000000000000000, 0.0000000000000000000 ) ) ;
#5886 = EDGE_LOOP ( 'NONE', ( #516, #227, #1334, #441, #5919 ) ) ;
#5887 = ORIENTED_EDGE ( 'NONE', *, *, #3700, .T. ) ;
#5888 = PLANE ( 'NONE',  #5558 ) ;
#5889 = FACE_OUTER_BOUND ( 'NONE', #5829, .T. ) ;
#5890 = ORIENTED_EDGE ( 'NONE', *, *, #7018, .F. ) ;
#5891 = AXIS2_PLACEMENT_3D ( 'NONE', #6629, #3970, #599 ) ;
#5892 = CARTESIAN_POINT ( 'NONE',  ( 0.1500000000000010500, 3.673118842698620300, 3.249999999999996000 ) ) ;
#5893 = VECTOR ( 'NONE', #2803, 1000.000000000000000 ) ;
#5894 = VERTEX_POINT ( 'NONE', #5315 ) ;
#5895 = LINE ( 'NONE', #5407, #4454 ) ;
#5896 = LINE ( 'NONE', #827, #3018 ) ;
#5897 = FILL_AREA_STYLE_COLOUR ( '', #5757 ) ;
#5898 =( NAMED_UNIT ( * ) PLANE_ANGLE_UNIT ( ) SI_UNIT ( $, .RADIAN. ) );
#5899 = CARTESIAN_POINT ( 'NONE',  ( 0.7850000000000003600, 0.4249999999999998200, 0.6499999999999964700 ) ) ;
#5900 = PRESENTATION_LAYER_ASSIGNMENT (  '', '', ( #5168 ) ) ;
#5901 = ORIENTED_EDGE ( 'NONE', *, *, #6190, .T. ) ;
#5902 = DIRECTION ( 'NONE',  ( 2.891205793294679300E-016, 1.000000000000000000, 0.0000000000000000000 ) ) ;
#5904 = ADVANCED_FACE ( 'NONE', ( #5170 ), #2609, .F. ) ;
#5903 = CARTESIAN_POINT ( 'NONE',  ( -0.7849999999999997000, -0.3750000000000005000, 3.499999999999984000 ) ) ;
#5905 = ORIENTED_EDGE ( 'NONE', *, *, #2697, .T. ) ;
#5906 = ORIENTED_EDGE ( 'NONE', *, *, #2473, .T. ) ;
#5907 = CARTESIAN_POINT ( 'NONE',  ( -2.124999999999999600, 1.420000000000000400, 0.2999999999999999900 ) ) ;
#5908 = ORIENTED_EDGE ( 'NONE', *, *, #1677, .F. ) ;
#5909 = PRESENTATION_STYLE_ASSIGNMENT (( #2461 ) ) ;
#5910 = ORIENTED_EDGE ( 'NONE', *, *, #1679, .T. ) ;
#5911 = ORIENTED_EDGE ( 'NONE', *, *, #5936, .T. ) ;
#5912 = VECTOR ( 'NONE', #1348, 1000.000000000000000 ) ;
#5913 = DIRECTION ( 'NONE',  ( 0.0000000000000000000, 1.000000000000000000, 0.0000000000000000000 ) ) ;
#5914 = CARTESIAN_POINT ( 'NONE',  ( 0.1999999999999998700, 2.600000000000000100, 0.2999999999999989900 ) ) ;
#5915 = EDGE_LOOP ( 'NONE', ( #814, #241, #4131, #5478 ) ) ;
#5916 = VERTEX_POINT ( 'NONE', #1510 ) ;
#5917 = ORIENTED_EDGE ( 'NONE', *, *, #318, .T. ) ;
#5918 = VECTOR ( 'NONE', #1579, 1000.000000000000000 ) ;
#5919 = ORIENTED_EDGE ( 'NONE', *, *, #2339, .F. ) ;
#5920 =( NAMED_UNIT ( * ) PLANE_ANGLE_UNIT ( ) SI_UNIT ( $, .RADIAN. ) );
#5921 = PRESENTATION_STYLE_ASSIGNMENT (( #1738 ) ) ;
#5922 = EDGE_CURVE ( 'NONE', #4790, #3917, #2287, .T. ) ;
#5923 = DIRECTION ( 'NONE',  ( 0.0000000000000000000, 0.0000000000000000000, 1.000000000000000000 ) ) ;
#5924 = EDGE_CURVE ( 'NONE', #3210, #5397, #2462, .T. ) ;
#5925 = LINE ( 'NONE', #3193, #3058 ) ;
#5926 =( LENGTH_UNIT ( ) NAMED_UNIT ( * ) SI_UNIT ( .MILLI., .METRE. ) );
#5927 = DIRECTION ( 'NONE',  ( 6.776263578034385000E-016, 1.000000000000000000, -0.0000000000000000000 ) ) ;
#5928 = DIRECTION ( 'NONE',  ( -0.0000000000000000000, 1.000000000000000000, 0.0000000000000000000 ) ) ;
#5929 = AXIS2_PLACEMENT_3D ( 'NONE', #6800, #3548, #190 ) ;
#5930 = CARTESIAN_POINT ( 'NONE',  ( 2.599000000000000200, 1.200000000000000000, 1.275999999999999800 ) ) ;
#5931 = PRESENTATION_LAYER_ASSIGNMENT (  '', '', ( #5195 ) ) ;
#5932 = LINE ( 'NONE', #6612, #1755 ) ;
#5933 =( GEOMETRIC_REPRESENTATION_CONTEXT ( 3 ) GLOBAL_UNCERTAINTY_ASSIGNED_CONTEXT ( ( #3459 ) ) GLOBAL_UNIT_ASSIGNED_CONTEXT ( ( #6112, #6060, #6037 ) ) REPRESENTATION_CONTEXT ( 'NONE', 'WORKASPACE' ) );
#5934 = DIRECTION ( 'NONE',  ( 1.000000000000000000, 0.0000000000000000000, 0.0000000000000000000 ) ) ;
#5935 = PLANE ( 'NONE',  #3205 ) ;
#5936 = EDGE_CURVE ( 'NONE', #2936, #1115, #4993, .T. ) ;
#5937 =( LENGTH_UNIT ( ) NAMED_UNIT ( * ) SI_UNIT ( .MILLI., .METRE. ) );
#5938 = PLANE ( 'NONE',  #6385 ) ;
#5939 = CARTESIAN_POINT ( 'NONE',  ( -0.1999999999999998700, -1.099999999999999900, 0.6499999999999993600 ) ) ;
#5940 = ADVANCED_FACE ( 'NONE', ( #4821 ), #3734, .T. ) ;
#5941 = VERTEX_POINT ( 'NONE', #5330 ) ;
#5942 = ORIENTED_EDGE ( 'NONE', *, *, #1138, .T. ) ;
#5943 = STYLED_ITEM ( 'NONE', ( #4670 ), #4800 ) ;
#5944 = FILL_AREA_STYLE ('',( #7002 ) ) ;
#5945 = DIRECTION ( 'NONE',  ( 1.000000000000000000, 0.0000000000000000000, 0.0000000000000000000 ) ) ;
#5946 =( LENGTH_UNIT ( ) NAMED_UNIT ( * ) SI_UNIT ( .MILLI., .METRE. ) );
#5947 = UNCERTAINTY_MEASURE_WITH_UNIT (LENGTH_MEASURE( 1.000000000000000100E-005 ), #366, 'distance_accuracy_value', 'NONE');
#5948 = CARTESIAN_POINT ( 'NONE',  ( -2.649000000000000500, 1.100000000000000100, 0.2540000000000000000 ) ) ;
#5949 = PRESENTATION_STYLE_ASSIGNMENT (( #5167 ) ) ;
#5950 = ORIENTED_EDGE ( 'NONE', *, *, #6063, .T. ) ;
#5951 = CARTESIAN_POINT ( 'NONE',  ( 0.7850000000000001400, -0.3750000000000005000, 3.499999999999986700 ) ) ;
#5952 = SURFACE_STYLE_USAGE ( .BOTH. , #2152 ) ;
#5953 = DIRECTION ( 'NONE',  ( -1.000000000000000000, 6.776263578034385000E-016, 0.0000000000000000000 ) ) ;
#5954 = FILL_AREA_STYLE ('',( #1006 ) ) ;
#5955 = VECTOR ( 'NONE', #6688, 1000.000000000000000 ) ;
#5956 = FACE_OUTER_BOUND ( 'NONE', #952, .T. ) ;
#5957 = ORIENTED_EDGE ( 'NONE', *, *, #4033, .F. ) ;
#5958 = EDGE_CURVE ( 'NONE', #759, #927, #5770, .T. ) ;
#5959 = SURFACE_SIDE_STYLE ('',( #1719 ) ) ;
#5960 = EDGE_LOOP ( 'NONE', ( #4498, #135, #5797, #4344 ) ) ;
#5961 = DIRECTION ( 'NONE',  ( 0.0000000000000000000, -1.000000000000000000, 0.0000000000000000000 ) ) ;
#5962 = PLANE ( 'NONE',  #6741 ) ;
#5963 = ORIENTED_EDGE ( 'NONE', *, *, #4268, .T. ) ;
#5964 = ORIENTED_EDGE ( 'NONE', *, *, #995, .F. ) ;
#5965 = LINE ( 'NONE', #5114, #5784 ) ;
#5966 = ORIENTED_EDGE ( 'NONE', *, *, #3379, .F. ) ;
#5967 = EDGE_LOOP ( 'NONE', ( #17, #3903, #1879, #7144 ) ) ;
#5968 = EDGE_CURVE ( 'NONE', #1961, #275, #4345, .T. ) ;
#5969 = LINE ( 'NONE', #4656, #246 ) ;
#5970 = EDGE_CURVE ( 'NONE', #6072, #1099, #1600, .T. ) ;
#5971 = DIRECTION ( 'NONE',  ( 0.0000000000000000000, -1.000000000000000000, 0.0000000000000000000 ) ) ;
#5972 = SURFACE_SIDE_STYLE ('',( #7045 ) ) ;
#5973 = VERTEX_POINT ( 'NONE', #5384 ) ;
#5974 = VECTOR ( 'NONE', #5826, 1000.000000000000000 ) ;
#5975 = DIRECTION ( 'NONE',  ( -2.304851557154560100E-017, 0.0000000000000000000, 1.000000000000000000 ) ) ;
#5976 = LINE ( 'NONE', #1180, #4522 ) ;
#5977 =( GEOMETRIC_REPRESENTATION_CONTEXT ( 3 ) GLOBAL_UNCERTAINTY_ASSIGNED_CONTEXT ( ( #970 ) ) GLOBAL_UNIT_ASSIGNED_CONTEXT ( ( #3188, #3214, #3578 ) ) REPRESENTATION_CONTEXT ( 'NONE', 'WORKASPACE' ) );
#5978 = ORIENTED_EDGE ( 'NONE', *, *, #4033, .T. ) ;
#5979 = COLOUR_RGB ( '',0.8000000000000000400, 0.8078431372549019800, 0.8000000000000000400 ) ;
#5980 = DIRECTION ( 'NONE',  ( 0.0000000000000000000, 0.0000000000000000000, 1.000000000000000000 ) ) ;
#5981 = ADVANCED_FACE ( 'NONE', ( #2891 ), #401, .F. ) ;
#5982 = DIRECTION ( 'NONE',  ( 1.000000000000000000, 0.0000000000000000000, 0.0000000000000000000 ) ) ;
#5983 = CARTESIAN_POINT ( 'NONE',  ( 0.4650000000000003600, 2.999999999999999600, -1.761828530288944700E-016 ) ) ;
#5984 = EDGE_CURVE ( 'NONE', #2186, #5400, #1222, .T. ) ;
#5985 = LINE ( 'NONE', #4016, #1976 ) ;
#5986 = ORIENTED_EDGE ( 'NONE', *, *, #2379, .F. ) ;
#5987 = EDGE_CURVE ( 'NONE', #6339, #1566, #4200, .T. ) ;
#5988 = PRESENTATION_STYLE_ASSIGNMENT (( #6483 ) ) ;
#5989 = VERTEX_POINT ( 'NONE', #5417 ) ;
#5990 = AXIS2_PLACEMENT_3D ( 'NONE', #2831, #2804, #1735 ) ;
#5991 = DIRECTION ( 'NONE',  ( -1.000000000000000000, -0.0000000000000000000, -0.0000000000000000000 ) ) ;
#5992 = ORIENTED_EDGE ( 'NONE', *, *, #2021, .T. ) ;
#5993 = ORIENTED_EDGE ( 'NONE', *, *, #2378, .T. ) ;
#5994 = CARTESIAN_POINT ( 'NONE',  ( -2.125000000000000400, -0.4000000000000005200, 0.04999999999999996800 ) ) ;
#5995 = AXIS2_PLACEMENT_3D ( 'NONE', #5469, #6012, #2747 ) ;
#5996 =( LENGTH_UNIT ( ) NAMED_UNIT ( * ) SI_UNIT ( .MILLI., .METRE. ) );
#5997 = FACE_OUTER_BOUND ( 'NONE', #5184, .T. ) ;
#5998 = VERTEX_POINT ( 'NONE', #3247 ) ;
#5999 = CARTESIAN_POINT ( 'NONE',  ( -2.124999999999999100, 1.700000000000000200, 4.699999999999996600 ) ) ;
#6000 = ORIENTED_EDGE ( 'NONE', *, *, #1823, .F. ) ;
#6001 = EDGE_LOOP ( 'NONE', ( #958, #5864, #6638, #6406 ) ) ;
#6002 = ORIENTED_EDGE ( 'NONE', *, *, #3817, .F. ) ;
#6003 = CARTESIAN_POINT ( 'NONE',  ( 3.625000000000000000, -1.100000000000000100, -5.421010862427522200E-017 ) ) ;
#6004 = DIRECTION ( 'NONE',  ( 0.0000000000000000000, -0.7071067811865496800, -0.7071067811865453500 ) ) ;
#6005 = FACE_OUTER_BOUND ( 'NONE', #773, .T. ) ;
#6006 = DIRECTION ( 'NONE',  ( 0.0000000000000000000, -0.0000000000000000000, -1.000000000000000000 ) ) ;
#6007 = VERTEX_POINT ( 'NONE', #7026 ) ;
#6008 = UNCERTAINTY_MEASURE_WITH_UNIT (LENGTH_MEASURE( 1.000000000000000100E-005 ), #5814, 'distance_accuracy_value', 'NONE');
#6009 = LINE ( 'NONE', #1479, #1655 ) ;
#6010 = ORIENTED_EDGE ( 'NONE', *, *, #169, .F. ) ;
#6011 = VECTOR ( 'NONE', #1338, 1000.000000000000000 ) ;
#6012 = DIRECTION ( 'NONE',  ( 1.000000000000000000, 0.0000000000000000000, -0.0000000000000000000 ) ) ;
#6013 = SURFACE_STYLE_FILL_AREA ( #4582 ) ;
#6014 = EDGE_LOOP ( 'NONE', ( #2078, #5260, #5821, #5644 ) ) ;
#6015 = CARTESIAN_POINT ( 'NONE',  ( 0.7850000000000003600, 2.200000000000003300, 0.2999999999999996600 ) ) ;
#6016 = VERTEX_POINT ( 'NONE', #6474 ) ;
#6017 = VECTOR ( 'NONE', #493, 1000.000000000000000 ) ;
#6018 = ORIENTED_EDGE ( 'NONE', *, *, #4428, .F. ) ;
#6019 = EDGE_CURVE ( 'NONE', #3829, #6744, #7032, .T. ) ;
#6020 = VECTOR ( 'NONE', #5464, 1000.000000000000000 ) ;
#6021 = ADVANCED_FACE ( 'NONE', ( #4019 ), #5441, .T. ) ;
#6022 = ORIENTED_EDGE ( 'NONE', *, *, #5005, .T. ) ;
#6023 = DIRECTION ( 'NONE',  ( -1.000000000000000000, 0.0000000000000000000, -0.0000000000000000000 ) ) ;
#6024 = DIRECTION ( 'NONE',  ( 1.000000000000000000, 0.0000000000000000000, 6.122553444624025000E-016 ) ) ;
#6025 = ORIENTED_EDGE ( 'NONE', *, *, #4561, .T. ) ;
#6026 = EDGE_CURVE ( 'NONE', #4461, #3584, #2549, .T. ) ;
#6027 = CARTESIAN_POINT ( 'NONE',  ( 0.7850000000000003600, 2.350000000000002800, 0.6499999999999993600 ) ) ;
#6028 = EDGE_CURVE ( 'NONE', #1512, #1634, #6861, .T. ) ;
#6029 = EDGE_LOOP ( 'NONE', ( #2602, #3673, #609, #5489, #1672, #2193, #429, #613, #5556, #1103, #2331, #4841, #6326, #1465, #4634 ) ) ;
#6030 = CIRCLE ( 'NONE', #3123, 0.05000000000000012800 ) ;
#6031 = ORIENTED_EDGE ( 'NONE', *, *, #7018, .T. ) ;
#6032 = STYLED_ITEM ( 'NONE', ( #1282 ), #3579 ) ;
#6033 = DIRECTION ( 'NONE',  ( 0.0000000000000000000, -1.000000000000000000, -0.0000000000000000000 ) ) ;
#6034 = PRESENTATION_STYLE_ASSIGNMENT (( #4708 ) ) ;
#6035 = ORIENTED_EDGE ( 'NONE', *, *, #2195, .T. ) ;
#6036 = PLANE ( 'NONE',  #3726 ) ;
#6037 =( NAMED_UNIT ( * ) SI_UNIT ( $, .STERADIAN. ) SOLID_ANGLE_UNIT ( ) );
#6038 = MECHANICAL_DESIGN_GEOMETRIC_PRESENTATION_REPRESENTATION (  '', ( #4926 ), #6393 ) ;
#6039 = EDGE_LOOP ( 'NONE', ( #5993, #774, #240, #3200, #536, #2720, #293, #6538, #4678, #2619, #6277, #5774 ) ) ;
#6040 = DIRECTION ( 'NONE',  ( 0.0000000000000000000, 0.0000000000000000000, 1.000000000000000000 ) ) ;
#6041 = FILL_AREA_STYLE_COLOUR ( '', #6075 ) ;
#6042 = FILL_AREA_STYLE_COLOUR ( '', #1790 ) ;
#6043 = FACE_OUTER_BOUND ( 'NONE', #1404, .T. ) ;
#6044 = VECTOR ( 'NONE', #346, 1000.000000000000000 ) ;
#6045 = ORIENTED_EDGE ( 'NONE', *, *, #4761, .F. ) ;
#6046 = ADVANCED_FACE ( 'NONE', ( #853 ), #3806, .T. ) ;
#6047 = DIRECTION ( 'NONE',  ( 0.0000000000000000000, -1.000000000000000000, 0.0000000000000000000 ) ) ;
#6048 = DIRECTION ( 'NONE',  ( -1.000000000000000000, 0.0000000000000000000, 0.0000000000000000000 ) ) ;
#6049 = CARTESIAN_POINT ( 'NONE',  ( 0.5500000000000008200, 3.673118842698620300, 3.249999999999996000 ) ) ;
#6050 = LINE ( 'NONE', #2023, #337 ) ;
#6051 = FILL_AREA_STYLE ('',( #6676 ) ) ;
#6052 = VERTEX_POINT ( 'NONE', #4880 ) ;
#6053 =( NAMED_UNIT ( * ) PLANE_ANGLE_UNIT ( ) SI_UNIT ( $, .RADIAN. ) );
#6054 = DIRECTION ( 'NONE',  ( 0.0000000000000000000, 1.000000000000000000, 0.0000000000000000000 ) ) ;
#6055 = COLOUR_RGB ( '',0.8000000000000000400, 0.8078431372549019800, 0.8000000000000000400 ) ;
#6056 = CARTESIAN_POINT ( 'NONE',  ( -2.325000000000000200, -1.100000000000000100, 2.200000000000000200 ) ) ;
#6057 = ORIENTED_EDGE ( 'NONE', *, *, #4433, .T. ) ;
#6058 = FACE_OUTER_BOUND ( 'NONE', #6117, .T. ) ;
#6059 = ORIENTED_EDGE ( 'NONE', *, *, #641, .T. ) ;
#6060 =( NAMED_UNIT ( * ) PLANE_ANGLE_UNIT ( ) SI_UNIT ( $, .RADIAN. ) );
#6061 = EDGE_CURVE ( 'NONE', #3347, #3377, #6517, .T. ) ;
#6062 = LINE ( 'NONE', #5043, #3180 ) ;
#6063 = EDGE_CURVE ( 'NONE', #542, #3216, #3837, .T. ) ;
#6064 = CARTESIAN_POINT ( 'NONE',  ( 2.124999999999998200, 2.600000000000000100, 0.2999999999999986600 ) ) ;
#6065 = DIRECTION ( 'NONE',  ( 1.000000000000000000, 0.0000000000000000000, -0.0000000000000000000 ) ) ;
#6066 =( GEOMETRIC_REPRESENTATION_CONTEXT ( 3 ) GLOBAL_UNCERTAINTY_ASSIGNED_CONTEXT ( ( #2485 ) ) GLOBAL_UNIT_ASSIGNED_CONTEXT ( ( #2834, #6607, #3373 ) ) REPRESENTATION_CONTEXT ( 'NONE', 'WORKASPACE' ) );
#6067 = VECTOR ( 'NONE', #5527, 1000.000000000000000 ) ;
#6068 = STYLED_ITEM ( 'NONE', ( #4079 ), #1265 ) ;
#6069 = ORIENTED_EDGE ( 'NONE', *, *, #4002, .F. ) ;
#6070 = VECTOR ( 'NONE', #5913, 1000.000000000000000 ) ;
#6071 = VECTOR ( 'NONE', #793, 1000.000000000000000 ) ;
#6072 = VERTEX_POINT ( 'NONE', #3849 ) ;
#6073 = DIRECTION ( 'NONE',  ( 0.0000000000000000000, -0.0000000000000000000, 1.000000000000000000 ) ) ;
#6074 = EDGE_CURVE ( 'NONE', #151, #5941, #6361, .T. ) ;
#6075 = COLOUR_RGB ( '',0.8000000000000000400, 0.8078431372549019800, 0.8000000000000000400 ) ;
#6076 = ORIENTED_EDGE ( 'NONE', *, *, #2293, .T. ) ;
#6077 = ORIENTED_EDGE ( 'NONE', *, *, #761, .T. ) ;
#6078 = STYLED_ITEM ( 'NONE', ( #2241 ), #1586 ) ;
#6079 = PRESENTATION_STYLE_ASSIGNMENT (( #3322 ) ) ;
#6080 = ORIENTED_EDGE ( 'NONE', *, *, #6684, .F. ) ;
#6081 = ORIENTED_EDGE ( 'NONE', *, *, #6367, .F. ) ;
#6082 = ORIENTED_EDGE ( 'NONE', *, *, #5227, .F. ) ;
#6083 = SURFACE_STYLE_USAGE ( .BOTH. , #2276 ) ;
#6084 = MECHANICAL_DESIGN_GEOMETRIC_PRESENTATION_REPRESENTATION (  '', ( #5357 ), #6433 ) ;
#6085 = DIRECTION ( 'NONE',  ( 0.7071067811865480200, 0.0000000000000000000, 0.7071067811865470200 ) ) ;
#6086 = LINE ( 'NONE', #583, #4465 ) ;
#6087 = ORIENTED_EDGE ( 'NONE', *, *, #3768, .T. ) ;
#6088 = EDGE_LOOP ( 'NONE', ( #6346, #4827, #6031, #1625, #3232 ) ) ;
#6089 = ADVANCED_FACE ( 'NONE', ( #3468 ), #2217, .T. ) ;
#6090 = CARTESIAN_POINT ( 'NONE',  ( 0.7850000000000003600, 2.200000000000003300, 0.2999999999999996600 ) ) ;
#6091 = ORIENTED_EDGE ( 'NONE', *, *, #603, .F. ) ;
#6092 = DIRECTION ( 'NONE',  ( -0.0000000000000000000, 0.0000000000000000000, 1.000000000000000000 ) ) ;
#6093 = CARTESIAN_POINT ( 'NONE',  ( 0.7850000000000003600, 0.2499999999999996700, 0.1799999999999966600 ) ) ;
#6094 =( NAMED_UNIT ( * ) SI_UNIT ( $, .STERADIAN. ) SOLID_ANGLE_UNIT ( ) );
#6095 = DIRECTION ( 'NONE',  ( 0.0000000000000000000, 0.0000000000000000000, -1.000000000000000000 ) ) ;
#6096 = LINE ( 'NONE', #6777, #379 ) ;
#6097 = ORIENTED_EDGE ( 'NONE', *, *, #2965, .T. ) ;
#6098 = CARTESIAN_POINT ( 'NONE',  ( -0.1999999999999998700, -1.099999999999999900, 0.6499999999999993600 ) ) ;
#6099 = ORIENTED_EDGE ( 'NONE', *, *, #1061, .T. ) ;
#6100 = EDGE_LOOP ( 'NONE', ( #156, #483, #802, #4632 ) ) ;
#6101 = DIRECTION ( 'NONE',  ( -0.0000000000000000000, -1.000000000000000000, -0.0000000000000000000 ) ) ;
#6102 = COLOUR_RGB ( '',0.8000000000000000400, 0.8078431372549019800, 0.8000000000000000400 ) ;
#6103 = ORIENTED_EDGE ( 'NONE', *, *, #303, .T. ) ;
#6104 = CARTESIAN_POINT ( 'NONE',  ( 0.7850000000000011400, 0.4249999999999998200, 1.749999999999996400 ) ) ;
#6105 = LINE ( 'NONE', #4239, #4645 ) ;
#6106 = ORIENTED_EDGE ( 'NONE', *, *, #6246, .F. ) ;
#6107 = DIRECTION ( 'NONE',  ( 0.0000000000000000000, 0.0000000000000000000, -1.000000000000000000 ) ) ;
#6108 = CARTESIAN_POINT ( 'NONE',  ( 0.1999999999999924900, 0.8499999999999996400, 3.074999999999988600 ) ) ;
#6109 = DIRECTION ( 'NONE',  ( -2.409338161078898700E-016, -1.000000000000000000, 0.0000000000000000000 ) ) ;
#6110 = EDGE_CURVE ( 'NONE', #6258, #6134, #670, .T. ) ;
#6111 = ORIENTED_EDGE ( 'NONE', *, *, #995, .T. ) ;
#6112 =( LENGTH_UNIT ( ) NAMED_UNIT ( * ) SI_UNIT ( .MILLI., .METRE. ) );
#6113 = MECHANICAL_DESIGN_GEOMETRIC_PRESENTATION_REPRESENTATION (  '', ( #5388 ), #6451 ) ;
#6114 =( NAMED_UNIT ( * ) SI_UNIT ( $, .STERADIAN. ) SOLID_ANGLE_UNIT ( ) );
#6115 = DIRECTION ( 'NONE',  ( 4.371782953570583600E-016, 0.0000000000000000000, -1.000000000000000000 ) ) ;
#6116 = EDGE_CURVE ( 'NONE', #2113, #653, #2024, .T. ) ;
#6117 = EDGE_LOOP ( 'NONE', ( #3694, #5201, #3891, #3426 ) ) ;
#6118 = EDGE_CURVE ( 'NONE', #2244, #7060, #489, .T. ) ;
#6119 = ADVANCED_FACE ( 'NONE', ( #305 ), #1680, .F. ) ;
#6120 = FACE_OUTER_BOUND ( 'NONE', #6957, .T. ) ;
#6121 = ORIENTED_EDGE ( 'NONE', *, *, #1203, .T. ) ;
#6122 = ORIENTED_EDGE ( 'NONE', *, *, #5246, .F. ) ;
#6123 = ORIENTED_EDGE ( 'NONE', *, *, #3242, .T. ) ;
#6124 = ORIENTED_EDGE ( 'NONE', *, *, #4823, .F. ) ;
#6125 = DIRECTION ( 'NONE',  ( 1.000000000000000000, 0.0000000000000000000, 0.0000000000000000000 ) ) ;
#6126 =( LENGTH_UNIT ( ) NAMED_UNIT ( * ) SI_UNIT ( .MILLI., .METRE. ) );
#6127 = CARTESIAN_POINT ( 'NONE',  ( -0.4649999999999996400, 0.4249999999999998200, 3.499999999999981300 ) ) ;
#6128 = LINE ( 'NONE', #4026, #412 ) ;
#6129 = VECTOR ( 'NONE', #3824, 1000.000000000000100 ) ;
#6130 = ORIENTED_EDGE ( 'NONE', *, *, #7006, .F. ) ;
#6131 = SURFACE_STYLE_USAGE ( .BOTH. , #6173 ) ;
#6132 = PRESENTATION_STYLE_ASSIGNMENT (( #2717 ) ) ;
#6133 = SURFACE_SIDE_STYLE ('',( #2474 ) ) ;
#6134 = VERTEX_POINT ( 'NONE', #7111 ) ;
#6135 = CARTESIAN_POINT ( 'NONE',  ( 2.611666666666667200, -0.6133333333333320600, 1.263333333333333400 ) ) ;
#6136 = LINE ( 'NONE', #5165, #54 ) ;
#6137 = CARTESIAN_POINT ( 'NONE',  ( 2.649000000000000500, 1.100000000000000100, -2.710505431213761100E-017 ) ) ;
#6138 = DIRECTION ( 'NONE',  ( -1.000000000000000000, 0.0000000000000000000, 0.0000000000000000000 ) ) ;
#6139 = VECTOR ( 'NONE', #2246, 1000.000000000000000 ) ;
#6140 = SURFACE_STYLE_FILL_AREA ( #1851 ) ;
#6141 = LINE ( 'NONE', #1361, #1793 ) ;
#6142 = EDGE_CURVE ( 'NONE', #1130, #2511, #6030, .T. ) ;
#6143 = VERTEX_POINT ( 'NONE', #533 ) ;
#6144 = VECTOR ( 'NONE', #2135, 1000.000000000000000 ) ;
#6145 = ORIENTED_EDGE ( 'NONE', *, *, #6425, .T. ) ;
#6146 = DIRECTION ( 'NONE',  ( 0.0000000000000000000, -1.000000000000000000, 0.0000000000000000000 ) ) ;
#6147 = VERTEX_POINT ( 'NONE', #3331 ) ;
#6148 = SURFACE_STYLE_FILL_AREA ( #5954 ) ;
#6149 = ADVANCED_FACE ( 'NONE', ( #4571, #1847 ), #1120, .F. ) ;
#6150 = EDGE_CURVE ( 'NONE', #5567, #4052, #1675, .T. ) ;
#6151 = VERTEX_POINT ( 'NONE', #7132 ) ;
#6152 = EDGE_CURVE ( 'NONE', #6147, #7060, #3145, .T. ) ;
#6153 = VECTOR ( 'NONE', #5788, 1000.000000000000000 ) ;
#6154 = ORIENTED_EDGE ( 'NONE', *, *, #4724, .T. ) ;
#6155 = STYLED_ITEM ( 'NONE', ( #634 ), #1659 ) ;
#6156 = FACE_OUTER_BOUND ( 'NONE', #7089, .T. ) ;
#6157 = VERTEX_POINT ( 'NONE', #4981 ) ;
#6158 = ORIENTED_EDGE ( 'NONE', *, *, #1952, .T. ) ;
#6159 = EDGE_LOOP ( 'NONE', ( #2158, #1592, #4786, #727 ) ) ;
#6160 = MECHANICAL_DESIGN_GEOMETRIC_PRESENTATION_REPRESENTATION (  '', ( #5058 ), #6513 ) ;
#6161 = LINE ( 'NONE', #4785, #4706 ) ;
#6162 = VERTEX_POINT ( 'NONE', #3359 ) ;
#6163 = EDGE_CURVE ( 'NONE', #2780, #4790, #5078, .T. ) ;
#6164 = EDGE_LOOP ( 'NONE', ( #5635, #2904, #2093, #4704, #143, #650, #4952, #6791, #4007, #3010, #6025, #6934 ) ) ;
#6165 = CARTESIAN_POINT ( 'NONE',  ( 0.1500000000000012700, -1.100000000000000100, 4.699999999999995700 ) ) ;
#6166 = VECTOR ( 'NONE', #732, 1000.000000000000000 ) ;
#6167 = CARTESIAN_POINT ( 'NONE',  ( -2.124999999999999100, 1.399999999999999700, 1.699999999999989700 ) ) ;
#6168 = PLANE ( 'NONE',  #2285 ) ;
#6169 = STYLED_ITEM ( 'NONE', ( #964 ), #5033 ) ;
#6170 =( LENGTH_UNIT ( ) NAMED_UNIT ( * ) SI_UNIT ( .MILLI., .METRE. ) );
#6171 = UNCERTAINTY_MEASURE_WITH_UNIT (LENGTH_MEASURE( 1.000000000000000100E-005 ), #3038, 'distance_accuracy_value', 'NONE');
#6172 = ORIENTED_EDGE ( 'NONE', *, *, #5099, .F. ) ;
#6173 = SURFACE_SIDE_STYLE ('',( #3371 ) ) ;
#6174 = LINE ( 'NONE', #573, #472 ) ;
#6175 = CARTESIAN_POINT ( 'NONE',  ( 0.7850000000000003600, -0.3750000000000005000, 3.499999999999986700 ) ) ;
#6176 = FILL_AREA_STYLE ('',( #4535 ) ) ;
#6177 = PLANE ( 'NONE',  #4012 ) ;
#6178 = VECTOR ( 'NONE', #4251, 1000.000000000000000 ) ;
#6179 = DIRECTION ( 'NONE',  ( 0.0000000000000000000, -1.000000000000000000, -1.141265444721583800E-016 ) ) ;
#6180 = ORIENTED_EDGE ( 'NONE', *, *, #6871, .F. ) ;
#6181 = EDGE_CURVE ( 'NONE', #700, #2308, #124, .T. ) ;
#6182 = ADVANCED_FACE ( 'NONE', ( #4267 ), #3948, .T. ) ;
#6183 = DIRECTION ( 'NONE',  ( -0.0000000000000000000, -1.000000000000000000, -0.0000000000000000000 ) ) ;
#6184 = ORIENTED_EDGE ( 'NONE', *, *, #5740, .T. ) ;
#6185 = VERTEX_POINT ( 'NONE', #2847 ) ;
#6186 = FILL_AREA_STYLE_COLOUR ( '', #6977 ) ;
#6187 = DIRECTION ( 'NONE',  ( 0.0000000000000000000, -1.000000000000000000, -0.0000000000000000000 ) ) ;
#6188 = VECTOR ( 'NONE', #509, 1000.000000000000000 ) ;
#6189 = CARTESIAN_POINT ( 'NONE',  ( 0.1500000000000012700, 3.673118842698620300, 4.699999999999995700 ) ) ;
#6190 = EDGE_CURVE ( 'NONE', #3838, #3757, #6603, .T. ) ;
#6191 = EDGE_CURVE ( 'NONE', #5916, #7150, #1649, .T. ) ;
#6192 = FILL_AREA_STYLE ('',( #6243 ) ) ;
#6193 = LINE ( 'NONE', #238, #497 ) ;
#6194 = ORIENTED_EDGE ( 'NONE', *, *, #6900, .T. ) ;
#6195 = VERTEX_POINT ( 'NONE', #5603 ) ;
#6196 = DIRECTION ( 'NONE',  ( 0.0000000000000000000, 2.032879073410321300E-016, -1.000000000000000000 ) ) ;
#6197 = CARTESIAN_POINT ( 'NONE',  ( -2.599000000000000200, 1.200000000000000000, 0.5199999999999998000 ) ) ;
#6198 =( NAMED_UNIT ( * ) PLANE_ANGLE_UNIT ( ) SI_UNIT ( $, .RADIAN. ) );
#6199 = EDGE_CURVE ( 'NONE', #373, #6729, #4391, .T. ) ;
#6200 = CARTESIAN_POINT ( 'NONE',  ( 0.7850000000000003600, 0.0000000000000000000, 3.499999999999984900 ) ) ;
#6201 = MECHANICAL_DESIGN_GEOMETRIC_PRESENTATION_REPRESENTATION (  '', ( #5103 ), #6555 ) ;
#6202 = AXIS2_PLACEMENT_3D ( 'NONE', #2521, #4125, #4116 ) ;
#6203 = ORIENTED_EDGE ( 'NONE', *, *, #65, .F. ) ;
#6204 = UNCERTAINTY_MEASURE_WITH_UNIT (LENGTH_MEASURE( 1.000000000000000100E-005 ), #3463, 'distance_accuracy_value', 'NONE');
#6205 = VERTEX_POINT ( 'NONE', #6666 ) ;
#6206 = PLANE ( 'NONE',  #3671 ) ;
#6207 = VECTOR ( 'NONE', #6024, 1000.000000000000000 ) ;
#6208 =( GEOMETRIC_REPRESENTATION_CONTEXT ( 3 ) GLOBAL_UNCERTAINTY_ASSIGNED_CONTEXT ( ( #3886 ) ) GLOBAL_UNIT_ASSIGNED_CONTEXT ( ( #1384, #5210, #1947 ) ) REPRESENTATION_CONTEXT ( 'NONE', 'WORKASPACE' ) );
#6209 = ORIENTED_EDGE ( 'NONE', *, *, #4688, .F. ) ;
#6210 = VECTOR ( 'NONE', #1476, 1000.000000000000000 ) ;
#6211 = PLANE ( 'NONE',  #3304 ) ;
#6212 = CARTESIAN_POINT ( 'NONE',  ( -1.174999999999999400, 2.299999999999999800, 3.699999999999996600 ) ) ;
#6213 = ORIENTED_EDGE ( 'NONE', *, *, #399, .T. ) ;
#6214 = CARTESIAN_POINT ( 'NONE',  ( 2.345000000000000200, 1.200000000000000000, 1.529999999999999800 ) ) ;
#6215 = CARTESIAN_POINT ( 'NONE',  ( 0.7850000000000003600, 3.100000000000000100, 0.09999999999999947800 ) ) ;
#6216 = ADVANCED_FACE ( 'NONE', ( #1466 ), #46, .T. ) ;
#6217 = UNCERTAINTY_MEASURE_WITH_UNIT (LENGTH_MEASURE( 1.000000000000000100E-005 ), #4383, 'distance_accuracy_value', 'NONE');
#6218 = VECTOR ( 'NONE', #5313, 1000.000000000000000 ) ;
#6219 = CARTESIAN_POINT ( 'NONE',  ( -2.599000000000000200, 1.200000000000000000, 1.275999999999999800 ) ) ;
#6220 = DIRECTION ( 'NONE',  ( 0.0000000000000000000, 0.0000000000000000000, -1.000000000000000000 ) ) ;
#6221 = COLOUR_RGB ( '',0.8000000000000000400, 0.8078431372549019800, 0.8000000000000000400 ) ;
#6222 = CARTESIAN_POINT ( 'NONE',  ( -1.524999999999999500, 0.8499999999999996400, 4.399999999999995900 ) ) ;
#6223 = FILL_AREA_STYLE ('',( #5838 ) ) ;
#6224 = PRESENTATION_STYLE_ASSIGNMENT (( #5651 ) ) ;
#6225 = ORIENTED_EDGE ( 'NONE', *, *, #2283, .T. ) ;
#6226 = DIRECTION ( 'NONE',  ( 0.0000000000000000000, 0.0000000000000000000, -1.000000000000000000 ) ) ;
#6227 = PRESENTATION_STYLE_ASSIGNMENT (( #3315 ) ) ;
#6228 = ORIENTED_EDGE ( 'NONE', *, *, #648, .F. ) ;
#6229 = DIRECTION ( 'NONE',  ( 0.0000000000000000000, 0.0000000000000000000, -1.000000000000000000 ) ) ;
#6230 = EDGE_CURVE ( 'NONE', #1010, #6380, #3116, .T. ) ;
#6231 = LINE ( 'NONE', #4324, #6070 ) ;
#6232 = VECTOR ( 'NONE', #6265, 1000.000000000000000 ) ;
#6233 = DIRECTION ( 'NONE',  ( 0.0000000000000000000, 0.0000000000000000000, 1.000000000000000000 ) ) ;
#6234 = CARTESIAN_POINT ( 'NONE',  ( 0.7850000000000003600, -0.1500000000000003300, 0.2999999999999965500 ) ) ;
#6235 = CARTESIAN_POINT ( 'NONE',  ( -0.4649999999999996400, -0.6250000000000003300, 0.6499999999999964700 ) ) ;
#6236 = DIRECTION ( 'NONE',  ( 0.0000000000000000000, 0.0000000000000000000, -1.000000000000000000 ) ) ;
#6237 = LINE ( 'NONE', #3950, #3356 ) ;
#6238 = EDGE_LOOP ( 'NONE', ( #3739, #5751, #4152, #2668 ) ) ;
#6239 = ORIENTED_EDGE ( 'NONE', *, *, #1190, .F. ) ;
#6240 = SURFACE_STYLE_FILL_AREA ( #2788 ) ;
#6241 = CARTESIAN_POINT ( 'NONE',  ( 2.125000000000000900, -1.100000000000000100, 4.699999999999998400 ) ) ;
#6242 = ORIENTED_EDGE ( 'NONE', *, *, #6505, .F. ) ;
#6243 = FILL_AREA_STYLE_COLOUR ( '', #3209 ) ;
#6244 = EDGE_CURVE ( 'NONE', #1557, #2448, #5660, .T. ) ;
#6245 = ORIENTED_EDGE ( 'NONE', *, *, #4433, .F. ) ;
#6246 = EDGE_CURVE ( 'NONE', #918, #4393, #4245, .T. ) ;
#6247 = FACE_OUTER_BOUND ( 'NONE', #7040, .T. ) ;
#6248 = ORIENTED_EDGE ( 'NONE', *, *, #1045, .T. ) ;
#6249 = CARTESIAN_POINT ( 'NONE',  ( -2.649000000000000500, -1.100000000000000100, 1.226000000000000000 ) ) ;
#6250 = VERTEX_POINT ( 'NONE', #4025 ) ;
#6251 = DIRECTION ( 'NONE',  ( -4.329299058870684000E-016, 0.7071067811865506800, 0.7071067811865443500 ) ) ;
#6252 = CARTESIAN_POINT ( 'NONE',  ( 0.7850000000000011400, 0.4249999999999998200, 1.749999999999996400 ) ) ;
#6253 =( GEOMETRIC_REPRESENTATION_CONTEXT ( 3 ) GLOBAL_UNCERTAINTY_ASSIGNED_CONTEXT ( ( #4987 ) ) GLOBAL_UNIT_ASSIGNED_CONTEXT ( ( #776, #4650, #1375 ) ) REPRESENTATION_CONTEXT ( 'NONE', 'WORKASPACE' ) );
#6254 = AXIS2_PLACEMENT_3D ( 'NONE', #107, #548, #572 ) ;
#6255 = COLOUR_RGB ( '',0.8000000000000000400, 0.8078431372549019800, 0.8000000000000000400 ) ;
#6256 = ADVANCED_FACE ( 'NONE', ( #4075 ), #1243, .T. ) ;
#6257 = DIRECTION ( 'NONE',  ( -1.172110456741086100E-016, 1.000000000000000000, -0.0000000000000000000 ) ) ;
#6258 = VERTEX_POINT ( 'NONE', #6687 ) ;
#6259 = CARTESIAN_POINT ( 'NONE',  ( 2.125000000000000000, -0.8000000000000010400, 2.400000000000001200 ) ) ;
#6260 = LINE ( 'NONE', #1170, #1918 ) ;
#6261 = ORIENTED_EDGE ( 'NONE', *, *, #1767, .F. ) ;
#6262 = CARTESIAN_POINT ( 'NONE',  ( 1.524999999999992600, 1.700000000000000200, 3.399999999999995900 ) ) ;
#6263 = VECTOR ( 'NONE', #2725, 1000.000000000000000 ) ;
#6264 = MECHANICAL_DESIGN_GEOMETRIC_PRESENTATION_REPRESENTATION (  '', ( #5168 ), #6611 ) ;
#6265 = DIRECTION ( 'NONE',  ( 0.0000000000000000000, 1.000000000000000000, 0.0000000000000000000 ) ) ;
#6266 = VECTOR ( 'NONE', #4893, 1000.000000000000000 ) ;
#6267 = FILL_AREA_STYLE ('',( #5173 ) ) ;
#6268 = SURFACE_STYLE_USAGE ( .BOTH. , #2478 ) ;
#6269 = DIRECTION ( 'NONE',  ( 1.000000000000000000, 0.0000000000000000000, 0.0000000000000000000 ) ) ;
#6270 = ORIENTED_EDGE ( 'NONE', *, *, #3262, .T. ) ;
#6271 = DIRECTION ( 'NONE',  ( -1.000000000000000000, 0.0000000000000000000, 3.252606517456510300E-016 ) ) ;
#6272 = SURFACE_STYLE_USAGE ( .BOTH. , #2487 ) ;
#6273 = CARTESIAN_POINT ( 'NONE',  ( -0.7849999999999997000, 0.2499999999999996700, 0.2999999999999966000 ) ) ;
#6274 = COLOUR_RGB ( '',0.8000000000000000400, 0.8078431372549019800, 0.8000000000000000400 ) ;
#6275 = CARTESIAN_POINT ( 'NONE',  ( 2.125000000000000000, 1.399999999999999200, 1.699999999999989700 ) ) ;
#6276 = DIRECTION ( 'NONE',  ( 0.7071067811865493500, 0.0000000000000000000, -0.7071067811865455700 ) ) ;
#6277 = ORIENTED_EDGE ( 'NONE', *, *, #5780, .T. ) ;
#6278 = CARTESIAN_POINT ( 'NONE',  ( 0.5500000000000008200, -1.100000000000000100, 3.249999999999996000 ) ) ;
#6279 = PLANE ( 'NONE',  #1005 ) ;
#6280 = DIRECTION ( 'NONE',  ( 0.0000000000000000000, -1.000000000000000000, 0.0000000000000000000 ) ) ;
#6281 = DIRECTION ( 'NONE',  ( 4.565061778886335000E-016, 1.000000000000000000, -0.0000000000000000000 ) ) ;
#6282 = EDGE_CURVE ( 'NONE', #2878, #3829, #1281, .T. ) ;
#6283 = LINE ( 'NONE', #693, #4826 ) ;
#6284 = ORIENTED_EDGE ( 'NONE', *, *, #5335, .F. ) ;
#6285 = EDGE_CURVE ( 'NONE', #378, #892, #2597, .T. ) ;
#6286 = ADVANCED_FACE ( 'NONE', ( #3890 ), #4048, .F. ) ;
#6287 = PRESENTATION_LAYER_ASSIGNMENT (  '', '', ( #5586 ) ) ;
#6288 = MECHANICAL_DESIGN_GEOMETRIC_PRESENTATION_REPRESENTATION (  '', ( #5195 ), #6643 ) ;
#6289 = DIRECTION ( 'NONE',  ( 0.0000000000000000000, 1.294569758191649100E-016, -1.000000000000000000 ) ) ;
#6290 = FILL_AREA_STYLE_COLOUR ( '', #2514 ) ;
#6291 = VECTOR ( 'NONE', #5434, 1000.000000000000000 ) ;
#6292 = VERTEX_POINT ( 'NONE', #655 ) ;
#6293 = CARTESIAN_POINT ( 'NONE',  ( -3.625000000000000000, -1.100000000000000100, -5.421010862427522200E-017 ) ) ;
#6294 = SURFACE_SIDE_STYLE ('',( #6991 ) ) ;
#6295 = ORIENTED_EDGE ( 'NONE', *, *, #1202, .T. ) ;
#6296 = EDGE_CURVE ( 'NONE', #1483, #6372, #2427, .T. ) ;
#6297 = PLANE ( 'NONE',  #382 ) ;
#6298 = DIRECTION ( 'NONE',  ( -0.0000000000000000000, 1.000000000000000000, 0.0000000000000000000 ) ) ;
#6299 = AXIS2_PLACEMENT_3D ( 'NONE', #3231, #7004, #3776 ) ;
#6300 = EDGE_LOOP ( 'NONE', ( #2022, #1451, #5723, #1021 ) ) ;
#6301 = FACE_OUTER_BOUND ( 'NONE', #470, .T. ) ;
#6302 = CARTESIAN_POINT ( 'NONE',  ( 3.824999999999999700, -0.8999999999999995800, 0.2539999999999999500 ) ) ;
#6303 = VECTOR ( 'NONE', #6183, 1000.000000000000000 ) ;
#6304 = DIRECTION ( 'NONE',  ( 0.0000000000000000000, -0.0000000000000000000, 1.000000000000000000 ) ) ;
#6305 = PLANE ( 'NONE',  #5011 ) ;
#6306 = CARTESIAN_POINT ( 'NONE',  ( -1.174999999999999400, 1.700000000000000200, 1.749999999999996400 ) ) ;
#6307 = EDGE_LOOP ( 'NONE', ( #6077, #1503, #3488, #1179 ) ) ;
#6308 = SURFACE_STYLE_FILL_AREA ( #3054 ) ;
#6309 = LINE ( 'NONE', #5163, #1972 ) ;
#6310 = LINE ( 'NONE', #4337, #3425 ) ;
#6311 = EDGE_LOOP ( 'NONE', ( #751, #3199, #2540, #3035 ) ) ;
#6312 = DIRECTION ( 'NONE',  ( -0.0000000000000000000, -0.7071067811865464600, -0.7071067811865486800 ) ) ;
#6313 = DIRECTION ( 'NONE',  ( 1.000000000000000000, 0.0000000000000000000, -0.0000000000000000000 ) ) ;
#6314 = VECTOR ( 'NONE', #4919, 1000.000000000000000 ) ;
#6315 = FACE_OUTER_BOUND ( 'NONE', #4430, .T. ) ;
#6316 = ORIENTED_EDGE ( 'NONE', *, *, #5625, .F. ) ;
#6317 = EDGE_CURVE ( 'NONE', #881, #4749, #5501, .T. ) ;
#6318 = DIRECTION ( 'NONE',  ( 6.122553444624025000E-016, 0.0000000000000000000, -1.000000000000000000 ) ) ;
#6319 = ORIENTED_EDGE ( 'NONE', *, *, #1231, .T. ) ;
#6320 = ADVANCED_FACE ( 'NONE', ( #5311 ), #1298, .F. ) ;
#6321 = LINE ( 'NONE', #2014, #3109 ) ;
#6322 = PRESENTATION_STYLE_ASSIGNMENT (( #2376 ) ) ;
#6323 = CARTESIAN_POINT ( 'NONE',  ( -1.625000000000000700, -0.4000000000000005200, 0.04999999999999980800 ) ) ;
#6324 = CARTESIAN_POINT ( 'NONE',  ( -2.345000000000000200, 1.200000000000000000, 1.529999999999999800 ) ) ;
#6325 = ORIENTED_EDGE ( 'NONE', *, *, #2782, .F. ) ;
#6326 = ORIENTED_EDGE ( 'NONE', *, *, #3334, .F. ) ;
#6327 = FILL_AREA_STYLE_COLOUR ( '', #6221 ) ;
#6328 = EDGE_CURVE ( 'NONE', #6614, #5758, #1098, .T. ) ;
#6329 = VECTOR ( 'NONE', #535, 1000.000000000000000 ) ;
#6330 = ORIENTED_EDGE ( 'NONE', *, *, #699, .T. ) ;
#6331 = EDGE_CURVE ( 'NONE', #6913, #3607, #3709, .T. ) ;
#6332 = VECTOR ( 'NONE', #912, 1000.000000000000000 ) ;
#6333 = CARTESIAN_POINT ( 'NONE',  ( -0.4649999999999996400, 3.100000000000000100, 0.3499999999999989800 ) ) ;
#6334 = CARTESIAN_POINT ( 'NONE',  ( 0.2000000000000003200, -1.100000000000000100, 0.6499999999999990200 ) ) ;
#6335 = ORIENTED_EDGE ( 'NONE', *, *, #2731, .F. ) ;
#6336 = PLANE ( 'NONE',  #6467 ) ;
#6337 = ORIENTED_EDGE ( 'NONE', *, *, #6026, .F. ) ;
#6338 = VERTEX_POINT ( 'NONE', #6219 ) ;
#6339 = VERTEX_POINT ( 'NONE', #2978 ) ;
#6340 = EDGE_CURVE ( 'NONE', #2047, #2582, #730, .T. ) ;
#6341 = DIRECTION ( 'NONE',  ( -1.000000000000000000, -0.0000000000000000000, 3.061276722312012500E-016 ) ) ;
#6342 = EDGE_CURVE ( 'NONE', #5989, #5392, #5136, .T. ) ;
#6343 = CARTESIAN_POINT ( 'NONE',  ( 1.524999999999993000, -0.6999999999999988500, 1.749999999999996400 ) ) ;
#6344 = VERTEX_POINT ( 'NONE', #146 ) ;
#6345 = AXIS2_PLACEMENT_3D ( 'NONE', #4417, #6033, #3346 ) ;
#6346 = ORIENTED_EDGE ( 'NONE', *, *, #2695, .T. ) ;
#6347 = PRESENTATION_LAYER_ASSIGNMENT (  '', '', ( #5632 ) ) ;
#6348 = EDGE_LOOP ( 'NONE', ( #6966, #5073, #717, #2139 ) ) ;
#6349 = PRESENTATION_LAYER_ASSIGNMENT (  '', '', ( #5634 ) ) ;
#6350 = VERTEX_POINT ( 'NONE', #3534 ) ;
#6351 = EDGE_LOOP ( 'NONE', ( #5890, #6123, #991, #207, #5465, #2692, #617 ) ) ;
#6352 = SURFACE_SIDE_STYLE ('',( #878 ) ) ;
#6353 = CARTESIAN_POINT ( 'NONE',  ( 0.7850000000000003600, 2.999999999999999600, -1.761828530288944700E-016 ) ) ;
#6354 = VECTOR ( 'NONE', #5262, 1000.000000000000000 ) ;
#6355 = CARTESIAN_POINT ( 'NONE',  ( -2.599000000000000200, -1.100000000000000100, 1.226000000000000000 ) ) ;
#6356 = MANIFOLD_SOLID_BREP ( 'Case', #3026 ) ;
#6357 = DIRECTION ( 'NONE',  ( -0.0000000000000000000, 0.7071067811865517900, 0.7071067811865433500 ) ) ;
#6358 = ADVANCED_FACE ( 'NONE', ( #4460 ), #1891, .T. ) ;
#6359 = ORIENTED_EDGE ( 'NONE', *, *, #2887, .T. ) ;
#6360 = DIRECTION ( 'NONE',  ( 1.172110456741086100E-016, -1.000000000000000000, 0.0000000000000000000 ) ) ;
#6361 = LINE ( 'NONE', #2738, #4902 ) ;
#6362 = EDGE_LOOP ( 'NONE', ( #7113, #1109, #31, #3085, #6368, #320 ) ) ;
#6363 =( NAMED_UNIT ( * ) SI_UNIT ( $, .STERADIAN. ) SOLID_ANGLE_UNIT ( ) );
#6364 = DIRECTION ( 'NONE',  ( -1.000000000000000000, 0.0000000000000000000, 3.061276722312012500E-016 ) ) ;
#6365 = CARTESIAN_POINT ( 'NONE',  ( -3.625000000000000000, -1.100000000000000100, -5.421010862427522200E-017 ) ) ;
#6366 = ADVANCED_FACE ( 'NONE', ( #6829 ), #6834, .F. ) ;
#6367 = EDGE_CURVE ( 'NONE', #5575, #3122, #1988, .T. ) ;
#6368 = ORIENTED_EDGE ( 'NONE', *, *, #6191, .T. ) ;
#6369 = VERTEX_POINT ( 'NONE', #6855 ) ;
#6370 = VECTOR ( 'NONE', #1892, 1000.000000000000000 ) ;
#6371 = AXIS2_PLACEMENT_3D ( 'NONE', #2778, #2877, #2744 ) ;
#6372 = VERTEX_POINT ( 'NONE', #4202 ) ;
#6373 = DIRECTION ( 'NONE',  ( 0.0000000000000000000, -1.000000000000000000, 0.0000000000000000000 ) ) ;
#6374 =( NAMED_UNIT ( * ) SI_UNIT ( $, .STERADIAN. ) SOLID_ANGLE_UNIT ( ) );
#6375 = CARTESIAN_POINT ( 'NONE',  ( -1.524999999999999500, 0.8499999999999996400, 1.749999999999996400 ) ) ;
#6376 = DIRECTION ( 'NONE',  ( -1.000000000000000000, -0.0000000000000000000, -0.0000000000000000000 ) ) ;
#6377 = EDGE_CURVE ( 'NONE', #4068, #6945, #4701, .T. ) ;
#6378 = VECTOR ( 'NONE', #2739, 1000.000000000000000 ) ;
#6379 = EDGE_CURVE ( 'NONE', #6151, #3503, #3434, .T. ) ;
#6380 = VERTEX_POINT ( 'NONE', #833 ) ;
#6381 = VERTEX_POINT ( 'NONE', #1992 ) ;
#6382 = DIRECTION ( 'NONE',  ( 0.7071067811865460200, 0.0000000000000000000, 0.7071067811865490200 ) ) ;
#6383 = CARTESIAN_POINT ( 'NONE',  ( -0.2000000000000003200, 2.600000000000000100, 0.6499999999999993600 ) ) ;
#6384 = CARTESIAN_POINT ( 'NONE',  ( 3.624999999999999600, 1.700000000000000000, 2.200000000000000200 ) ) ;
#6385 = AXIS2_PLACEMENT_3D ( 'NONE', #4342, #1018, #4850 ) ;
#6386 = VECTOR ( 'NONE', #5495, 1000.000000000000000 ) ;
#6387 = SURFACE_STYLE_FILL_AREA ( #4910 ) ;
#6388 = VECTOR ( 'NONE', #6920, 1000.000000000000000 ) ;
#6389 = LINE ( 'NONE', #4187, #2233 ) ;
#6390 = CARTESIAN_POINT ( 'NONE',  ( -0.1499999999999997400, -1.100000000000000100, 3.249999999999996000 ) ) ;
#6391 = VECTOR ( 'NONE', #719, 1000.000000000000100 ) ;
#6392 = EDGE_LOOP ( 'NONE', ( #3646, #1700, #2917, #5870, #5910 ) ) ;
#6393 =( GEOMETRIC_REPRESENTATION_CONTEXT ( 3 ) GLOBAL_UNCERTAINTY_ASSIGNED_CONTEXT ( ( #1850 ) ) GLOBAL_UNIT_ASSIGNED_CONTEXT ( ( #3557, #198, #4155 ) ) REPRESENTATION_CONTEXT ( 'NONE', 'WORKASPACE' ) );
#6394 = VECTOR ( 'NONE', #487, 1000.000000000000000 ) ;
#6395 = ADVANCED_FACE ( 'NONE', ( #5997 ), #3103, .F. ) ;
#6396 = DIRECTION ( 'NONE',  ( -1.000000000000000000, 0.0000000000000000000, 3.051828337366604500E-016 ) ) ;
#6397 = VERTEX_POINT ( 'NONE', #5251 ) ;
#6398 = PRODUCT_DEFINITION_SHAPE ( 'NONE', 'NONE',  #1561 ) ;
#6399 = LINE ( 'NONE', #6971, #2079 ) ;
#6400 = LINE ( 'NONE', #191, #6232 ) ;
#6401 = DIRECTION ( 'NONE',  ( 0.0000000000000000000, 0.0000000000000000000, -1.000000000000000000 ) ) ;
#6402 = DIRECTION ( 'NONE',  ( 0.0000000000000000000, -1.000000000000000000, 0.0000000000000000000 ) ) ;
#6403 = EDGE_LOOP ( 'NONE', ( #2859, #2125, #5054, #450 ) ) ;
#6404 = DIRECTION ( 'NONE',  ( 0.0000000000000000000, -1.000000000000000000, 0.0000000000000000000 ) ) ;
#6405 = CARTESIAN_POINT ( 'NONE',  ( 2.125000000000000000, 1.700000000000000000, 2.400000000000001200 ) ) ;
#6406 = ORIENTED_EDGE ( 'NONE', *, *, #6455, .T. ) ;
#6407 = COLOUR_RGB ( '',0.8000000000000000400, 0.8078431372549019800, 0.8000000000000000400 ) ;
#6408 = LINE ( 'NONE', #1068, #2088 ) ;
#6409 = ORIENTED_EDGE ( 'NONE', *, *, #5922, .T. ) ;
#6410 = DIRECTION ( 'NONE',  ( 0.0000000000000000000, -1.000000000000000000, 0.0000000000000000000 ) ) ;
#6411 = LINE ( 'NONE', #1332, #3525 ) ;
#6412 = ORIENTED_EDGE ( 'NONE', *, *, #6774, .T. ) ;
#6413 = CARTESIAN_POINT ( 'NONE',  ( -1.525000000000000100, -1.000000000000000000, 4.699999999999995700 ) ) ;
#6414 = EDGE_CURVE ( 'NONE', #507, #6489, #274, .T. ) ;
#6415 = EDGE_CURVE ( 'NONE', #2076, #1634, #6321, .T. ) ;
#6416 = VECTOR ( 'NONE', #6257, 1000.000000000000000 ) ;
#6417 = ORIENTED_EDGE ( 'NONE', *, *, #6142, .T. ) ;
#6418 = EDGE_LOOP ( 'NONE', ( #598, #6781, #6601, #4613 ) ) ;
#6419 = CARTESIAN_POINT ( 'NONE',  ( 2.125000000000001300, 1.700000000000000200, 3.699999999999996600 ) ) ;
#6420 = AXIS2_PLACEMENT_3D ( 'NONE', #3587, #3559, #4628 ) ;
#6421 = EDGE_LOOP ( 'NONE', ( #4985, #5545, #4631, #1691 ) ) ;
#6422 = VECTOR ( 'NONE', #1937, 1000.000000000000000 ) ;
#6423 = FILL_AREA_STYLE_COLOUR ( '', #2194 ) ;
#6424 = VECTOR ( 'NONE', #4973, 1000.000000000000000 ) ;
#6425 = EDGE_CURVE ( 'NONE', #2106, #3470, #1807, .T. ) ;
#6426 = DIRECTION ( 'NONE',  ( -0.0000000000000000000, 1.000000000000000000, 0.0000000000000000000 ) ) ;
#6427 = CARTESIAN_POINT ( 'NONE',  ( -3.824999999999999700, -0.8999999999999995800, 0.2539999999999999500 ) ) ;
#6428 = DIRECTION ( 'NONE',  ( -1.000000000000000000, -0.0000000000000000000, -0.0000000000000000000 ) ) ;
#6429 = PRESENTATION_LAYER_ASSIGNMENT (  '', '', ( #6078 ) ) ;
#6430 = ADVANCED_FACE ( 'NONE', ( #4384 ), #6897, .F. ) ;
#6431 = ORIENTED_EDGE ( 'NONE', *, *, #6871, .T. ) ;
#6432 = PRESENTATION_STYLE_ASSIGNMENT (( #460 ) ) ;
#6433 =( GEOMETRIC_REPRESENTATION_CONTEXT ( 3 ) GLOBAL_UNCERTAINTY_ASSIGNED_CONTEXT ( ( #5832 ) ) GLOBAL_UNIT_ASSIGNED_CONTEXT ( ( #228, #4186, #815 ) ) REPRESENTATION_CONTEXT ( 'NONE', 'WORKASPACE' ) );
#6434 = CARTESIAN_POINT ( 'NONE',  ( -1.174999999999999400, 1.700000000000000200, 1.749999999999996400 ) ) ;
#6435 = DIRECTION ( 'NONE',  ( -0.0000000000000000000, 1.000000000000000000, -0.0000000000000000000 ) ) ;
#6436 = ORIENTED_EDGE ( 'NONE', *, *, #2792, .T. ) ;
#6437 = VERTEX_POINT ( 'NONE', #5295 ) ;
#6438 = DIRECTION ( 'NONE',  ( 1.000000000000000000, -0.0000000000000000000, -3.252606517456515800E-016 ) ) ;
#6439 = PRESENTATION_STYLE_ASSIGNMENT (( #5359 ) ) ;
#6440 = ORIENTED_EDGE ( 'NONE', *, *, #1292, .F. ) ;
#6441 =( LENGTH_UNIT ( ) NAMED_UNIT ( * ) SI_UNIT ( .MILLI., .METRE. ) );
#6442 = DIRECTION ( 'NONE',  ( 0.0000000000000000000, -1.000000000000000000, -0.0000000000000000000 ) ) ;
#6443 = CARTESIAN_POINT ( 'NONE',  ( -3.145000000000000000, -0.8799999999999994500, 1.529999999999999800 ) ) ;
#6444 = VECTOR ( 'NONE', #110, 1000.000000000000000 ) ;
#6445 = ORIENTED_EDGE ( 'NONE', *, *, #552, .F. ) ;
#6446 = ORIENTED_EDGE ( 'NONE', *, *, #5289, .T. ) ;
#6447 = CARTESIAN_POINT ( 'NONE',  ( 2.345000000000000200, -0.8799999999999986700, 1.529999999999999800 ) ) ;
#6448 = EDGE_CURVE ( 'NONE', #316, #5374, #1643, .T. ) ;
#6449 = CARTESIAN_POINT ( 'NONE',  ( 0.7850000000000003600, 0.2499999999999996700, 0.1799999999999966600 ) ) ;
#6450 = ORIENTED_EDGE ( 'NONE', *, *, #447, .F. ) ;
#6451 =( GEOMETRIC_REPRESENTATION_CONTEXT ( 3 ) GLOBAL_UNCERTAINTY_ASSIGNED_CONTEXT ( ( #3089 ) ) GLOBAL_UNIT_ASSIGNED_CONTEXT ( ( #3674, #6198, #6094 ) ) REPRESENTATION_CONTEXT ( 'NONE', 'WORKASPACE' ) );
#6452 = ORIENTED_EDGE ( 'NONE', *, *, #2908, .F. ) ;
#6453 = ADVANCED_FACE ( 'NONE', ( #4536 ), #2593, .T. ) ;
#6454 = DIRECTION ( 'NONE',  ( 0.0000000000000000000, -1.000000000000000000, 0.0000000000000000000 ) ) ;
#6455 = EDGE_CURVE ( 'NONE', #5529, #2279, #5652, .T. ) ;
#6456 = ORIENTED_EDGE ( 'NONE', *, *, #4015, .T. ) ;
#6457 = EDGE_CURVE ( 'NONE', #151, #5866, #1455, .T. ) ;
#6458 = COLOUR_RGB ( '',0.8000000000000000400, 0.8078431372549019800, 0.8000000000000000400 ) ;
#6459 = VECTOR ( 'NONE', #3336, 1000.000000000000000 ) ;
#6460 = AXIS2_PLACEMENT_3D ( 'NONE', #3404, #6, #1054 ) ;
#6461 = FACE_OUTER_BOUND ( 'NONE', #6696, .T. ) ;
#6462 = DIRECTION ( 'NONE',  ( 0.0000000000000000000, 1.000000000000000000, 0.0000000000000000000 ) ) ;
#6463 =( NAMED_UNIT ( * ) SI_UNIT ( $, .STERADIAN. ) SOLID_ANGLE_UNIT ( ) );
#6464 = LINE ( 'NONE', #2468, #2149 ) ;
#6465 = DIRECTION ( 'NONE',  ( 0.0000000000000000000, 1.000000000000000000, 2.032879073410321300E-016 ) ) ;
#6466 = VECTOR ( 'NONE', #5137, 1000.000000000000000 ) ;
#6467 = AXIS2_PLACEMENT_3D ( 'NONE', #5243, #6866, #3634 ) ;
#6468 =( NAMED_UNIT ( * ) SI_UNIT ( $, .STERADIAN. ) SOLID_ANGLE_UNIT ( ) );
#6469 = LINE ( 'NONE', #707, #2156 ) ;
#6470 = ORIENTED_EDGE ( 'NONE', *, *, #3640, .F. ) ;
#6471 = LINE ( 'NONE', #4403, #2159 ) ;
#6472 = FACE_OUTER_BOUND ( 'NONE', #6029, .T. ) ;
#6473 = SURFACE_SIDE_STYLE ('',( #5059 ) ) ;
#6474 = CARTESIAN_POINT ( 'NONE',  ( -0.6849999999999993900, 0.3499999999999997000, 3.999999999999993300 ) ) ;
#6475 =( NAMED_UNIT ( * ) SI_UNIT ( $, .STERADIAN. ) SOLID_ANGLE_UNIT ( ) );
#6476 = VECTOR ( 'NONE', #5125, 1000.000000000000100 ) ;
#6477 = ORIENTED_EDGE ( 'NONE', *, *, #2740, .F. ) ;
#6478 = VERTEX_POINT ( 'NONE', #5861 ) ;
#6479 = VECTOR ( 'NONE', #5599, 1000.000000000000100 ) ;
#6480 = ORIENTED_EDGE ( 'NONE', *, *, #4428, .T. ) ;
#6481 =( NAMED_UNIT ( * ) PLANE_ANGLE_UNIT ( ) SI_UNIT ( $, .RADIAN. ) );
#6482 = ORIENTED_EDGE ( 'NONE', *, *, #4093, .F. ) ;
#6483 = SURFACE_STYLE_USAGE ( .BOTH. , #2704 ) ;
#6484 = FACE_OUTER_BOUND ( 'NONE', #2664, .T. ) ;
#6485 = VERTEX_POINT ( 'NONE', #4262 ) ;
#6486 = ORIENTED_EDGE ( 'NONE', *, *, #5702, .T. ) ;
#6487 = VECTOR ( 'NONE', #327, 1000.000000000000000 ) ;
#6488 = FILL_AREA_STYLE ('',( #6423 ) ) ;
#6489 = VERTEX_POINT ( 'NONE', #5321 ) ;
#6490 =( LENGTH_UNIT ( ) NAMED_UNIT ( * ) SI_UNIT ( .MILLI., .METRE. ) );
#6491 = DIRECTION ( 'NONE',  ( 0.0000000000000000000, 0.0000000000000000000, 1.000000000000000000 ) ) ;
#6492 = CARTESIAN_POINT ( 'NONE',  ( -0.4649999999999996400, 2.200000000000003300, 0.2999999999999996600 ) ) ;
#6493 = ORIENTED_EDGE ( 'NONE', *, *, #6961, .T. ) ;
#6494 = PLANE ( 'NONE',  #1506 ) ;
#6495 = EDGE_CURVE ( 'NONE', #4175, #5847, #6905, .T. ) ;
#6496 = COLOUR_RGB ( '',0.8000000000000000400, 0.8078431372549019800, 0.8000000000000000400 ) ;
#6497 = ORIENTED_EDGE ( 'NONE', *, *, #1814, .T. ) ;
#6498 = ORIENTED_EDGE ( 'NONE', *, *, #1037, .T. ) ;
#6499 = ADVANCED_FACE ( 'NONE', ( #1271 ), #3723, .T. ) ;
#6500 = VERTEX_POINT ( 'NONE', #3167 ) ;
#6501 = VECTOR ( 'NONE', #6981, 1000.000000000000000 ) ;
#6502 = CARTESIAN_POINT ( 'NONE',  ( 1.524999999999993000, -0.6999999999999988500, 4.399999999999994100 ) ) ;
#6503 = ORIENTED_EDGE ( 'NONE', *, *, #5700, .F. ) ;
#6504 =( LENGTH_UNIT ( ) NAMED_UNIT ( * ) SI_UNIT ( .MILLI., .METRE. ) );
#6505 = EDGE_CURVE ( 'NONE', #6549, #3859, #6399, .T. ) ;
#6506 = UNCERTAINTY_MEASURE_WITH_UNIT (LENGTH_MEASURE( 1.000000000000000100E-005 ), #5026, 'distance_accuracy_value', 'NONE');
#6507 = EDGE_CURVE ( 'NONE', #4700, #117, #3505, .T. ) ;
#6508 = CARTESIAN_POINT ( 'NONE',  ( 0.7850000000000003600, 0.2499999999999996700, 0.2999999999999966000 ) ) ;
#6509 = CARTESIAN_POINT ( 'NONE',  ( -2.325000000000000200, -1.100000000000000100, 2.200000000000000200 ) ) ;
#6510 = AXIS2_PLACEMENT_3D ( 'NONE', #6492, #3332, #6765 ) ;
#6511 = VERTEX_POINT ( 'NONE', #376 ) ;
#6512 = LINE ( 'NONE', #2868, #6681 ) ;
#6513 =( GEOMETRIC_REPRESENTATION_CONTEXT ( 3 ) GLOBAL_UNCERTAINTY_ASSIGNED_CONTEXT ( ( #6171 ) ) GLOBAL_UNIT_ASSIGNED_CONTEXT ( ( #3038, #6808, #3558 ) ) REPRESENTATION_CONTEXT ( 'NONE', 'WORKASPACE' ) );
#6514 = ORIENTED_EDGE ( 'NONE', *, *, #889, .T. ) ;
#6515 = EDGE_CURVE ( 'NONE', #2318, #6372, #4946, .T. ) ;
#6516 =( NAMED_UNIT ( * ) SI_UNIT ( $, .STERADIAN. ) SOLID_ANGLE_UNIT ( ) );
#6517 = LINE ( 'NONE', #6003, #5259 ) ;
#6518 = AXIS2_PLACEMENT_3D ( 'NONE', #5, #6115, #2876 ) ;
#6519 = PLANE ( 'NONE',  #3628 ) ;
#6520 = ORIENTED_EDGE ( 'NONE', *, *, #3816, .T. ) ;
#6521 = ORIENTED_EDGE ( 'NONE', *, *, #1677, .T. ) ;
#6522 = PLANE ( 'NONE',  #4510 ) ;
#6523 = ADVANCED_FACE ( 'NONE', ( #540 ), #3222, .F. ) ;
#6524 = DIRECTION ( 'NONE',  ( 0.0000000000000000000, 0.0000000000000000000, 1.000000000000000000 ) ) ;
#6525 = ORIENTED_EDGE ( 'NONE', *, *, #358, .T. ) ;
#6526 = CARTESIAN_POINT ( 'NONE',  ( 0.7850000000000003600, -0.3750000000000001100, 0.6499999999999975800 ) ) ;
#6527 = VECTOR ( 'NONE', #1868, 1000.000000000000000 ) ;
#6528 = COLOUR_RGB ( '',0.8000000000000000400, 0.8078431372549019800, 0.8000000000000000400 ) ;
#6529 = VERTEX_POINT ( 'NONE', #2660 ) ;
#6530 = EDGE_CURVE ( 'NONE', #7145, #4862, #6231, .T. ) ;
#6531 = DIRECTION ( 'NONE',  ( 1.000000000000000000, 0.0000000000000000000, 4.371782953570583600E-016 ) ) ;
#6532 = CARTESIAN_POINT ( 'NONE',  ( 2.124999999999999600, -0.4000000000000005200, 0.04999999999999867100 ) ) ;
#6533 = FILL_AREA_STYLE ('',( #2209 ) ) ;
#6534 = LINE ( 'NONE', #5442, #6378 ) ;
#6535 = CARTESIAN_POINT ( 'NONE',  ( -2.345000000000000200, 1.100000000000000100, 1.226000000000000000 ) ) ;
#6536 = VERTEX_POINT ( 'NONE', #4824 ) ;
#6537 = UNCERTAINTY_MEASURE_WITH_UNIT (LENGTH_MEASURE( 1.000000000000000100E-005 ), #6126, 'distance_accuracy_value', 'NONE');
#6538 = ORIENTED_EDGE ( 'NONE', *, *, #3801, .T. ) ;
#6539 = EDGE_CURVE ( 'NONE', #2681, #5214, #4775, .T. ) ;
#6540 = VECTOR ( 'NONE', #5258, 1000.000000000000000 ) ;
#6541 = EDGE_CURVE ( 'NONE', #6863, #53, #353, .T. ) ;
#6542 = CARTESIAN_POINT ( 'NONE',  ( -2.125000000000000000, 1.700000000000000000, 0.04999999999999996800 ) ) ;
#6543 = CARTESIAN_POINT ( 'NONE',  ( 1.524999999999992600, 0.8499999999999996400, 1.749999999999996400 ) ) ;
#6544 = ORIENTED_EDGE ( 'NONE', *, *, #2528, .T. ) ;
#6545 = VECTOR ( 'NONE', #866, 1000.000000000000000 ) ;
#6546 = VECTOR ( 'NONE', #3883, 1000.000000000000200 ) ;
#6547 = AXIS2_PLACEMENT_3D ( 'NONE', #2986, #3539, #6226 ) ;
#6548 = VECTOR ( 'NONE', #4227, 1000.000000000000000 ) ;
#6549 = VERTEX_POINT ( 'NONE', #7019 ) ;
#6550 = SURFACE_SIDE_STYLE ('',( #4939 ) ) ;
#6551 = ORIENTED_EDGE ( 'NONE', *, *, #4055, .T. ) ;
#6552 = EDGE_CURVE ( 'NONE', #4659, #6925, #5895, .T. ) ;
#6553 = COLOUR_RGB ( '',0.8000000000000000400, 0.8078431372549019800, 0.8000000000000000400 ) ;
#6554 = FACE_OUTER_BOUND ( 'NONE', #2348, .T. ) ;
#6555 =( GEOMETRIC_REPRESENTATION_CONTEXT ( 3 ) GLOBAL_UNCERTAINTY_ASSIGNED_CONTEXT ( ( #2351 ) ) GLOBAL_UNIT_ASSIGNED_CONTEXT ( ( #211, #4174, #790 ) ) REPRESENTATION_CONTEXT ( 'NONE', 'WORKASPACE' ) );
#6556 = PLANE ( 'NONE',  #403 ) ;
#6557 = SURFACE_STYLE_FILL_AREA ( #1020 ) ;
#6558 = ORIENTED_EDGE ( 'NONE', *, *, #3555, .T. ) ;
#6559 = VERTEX_POINT ( 'NONE', #419 ) ;
#6560 = CARTESIAN_POINT ( 'NONE',  ( 0.1500000000000008300, -0.9999999999999993300, 4.699999999999996600 ) ) ;
#6561 = SURFACE_SIDE_STYLE ('',( #6240 ) ) ;
#6562 = VECTOR ( 'NONE', #6801, 1000.000000000000100 ) ;
#6563 = ADVANCED_FACE ( 'NONE', ( #4615 ), #2168, .T. ) ;
#6564 = CARTESIAN_POINT ( 'NONE',  ( 2.819000000000001700, -1.100000000000000100, 1.055999999999998300 ) ) ;
#6565 = ORIENTED_EDGE ( 'NONE', *, *, #657, .T. ) ;
#6566 = DIRECTION ( 'NONE',  ( 0.0000000000000000000, 1.000000000000000000, 0.0000000000000000000 ) ) ;
#6567 = DIRECTION ( 'NONE',  ( 0.0000000000000000000, -1.000000000000000000, 0.0000000000000000000 ) ) ;
#6568 = VECTOR ( 'NONE', #5687, 1000.000000000000000 ) ;
#6569 = CARTESIAN_POINT ( 'NONE',  ( -0.4649999999999996400, 2.350000000000002800, 0.6499999999999993600 ) ) ;
#6570 = ORIENTED_EDGE ( 'NONE', *, *, #800, .T. ) ;
#6571 = ORIENTED_EDGE ( 'NONE', *, *, #2563, .T. ) ;
#6572 = CARTESIAN_POINT ( 'NONE',  ( 0.4650000000000003600, -1.165808787618822900E-016, 0.6499999999999990200 ) ) ;
#6573 =( NAMED_UNIT ( * ) PLANE_ANGLE_UNIT ( ) SI_UNIT ( $, .RADIAN. ) );
#6574 = ORIENTED_EDGE ( 'NONE', *, *, #660, .F. ) ;
#6575 = ORIENTED_EDGE ( 'NONE', *, *, #5079, .F. ) ;
#6576 = VECTOR ( 'NONE', #3008, 1000.000000000000000 ) ;
#6577 = CARTESIAN_POINT ( 'NONE',  ( 2.125000000000000000, 1.700000000000000000, 0.04999999999999867100 ) ) ;
#6578 = LINE ( 'NONE', #712, #5146 ) ;
#6579 = CARTESIAN_POINT ( 'NONE',  ( 0.7850000000000011400, 0.4249999999999998200, 0.6499999999999990200 ) ) ;
#6580 = ORIENTED_EDGE ( 'NONE', *, *, #7038, .T. ) ;
#6581 = CLOSED_SHELL ( 'NONE', ( #1861, #4644, #5072, #6673, #1080, #6960, #3579, #1265, #2268, #1004, #6366, #4610, #5492, #3624, #1194, #2101 ) ) ;
#6582 = DIRECTION ( 'NONE',  ( -1.000000000000000000, -1.172110456741086100E-016, 0.0000000000000000000 ) ) ;
#6583 = ORIENTED_EDGE ( 'NONE', *, *, #215, .T. ) ;
#6584 = SURFACE_STYLE_USAGE ( .BOTH. , #4107 ) ;
#6585 = CARTESIAN_POINT ( 'NONE',  ( -1.825000000000001100, 2.600000000000000100, 4.699999999999995700 ) ) ;
#6586 = EDGE_CURVE ( 'NONE', #384, #2076, #173, .T. ) ;
#6587 = COLOUR_RGB ( '',0.8000000000000000400, 0.8078431372549019800, 0.8000000000000000400 ) ;
#6588 = PLANE ( 'NONE',  #7015 ) ;
#6589 = LINE ( 'NONE', #3250, #2271 ) ;
#6590 = AXIS2_PLACEMENT_3D ( 'NONE', #4549, #4638, #5082 ) ;
#6591 = DIRECTION ( 'NONE',  ( 1.000000000000000000, 0.0000000000000000000, 0.0000000000000000000 ) ) ;
#6592 = ORIENTED_EDGE ( 'NONE', *, *, #1101, .T. ) ;
#6593 = EDGE_CURVE ( 'NONE', #7039, #4901, #2507, .T. ) ;
#6594 = VERTEX_POINT ( 'NONE', #1605 ) ;
#6595 = DIRECTION ( 'NONE',  ( -0.7071067811865475700, -0.7071067811865475700, 0.0000000000000000000 ) ) ;
#6596 = SURFACE_STYLE_FILL_AREA ( #2842 ) ;
#6597 = EDGE_CURVE ( 'NONE', #3210, #2829, #992, .T. ) ;
#6598 = ADVANCED_FACE ( 'NONE', ( #3790 ), #474, .T. ) ;
#6599 = CARTESIAN_POINT ( 'NONE',  ( 1.524999999999992600, 0.8499999999999996400, 1.749999999999996400 ) ) ;
#6600 = CARTESIAN_POINT ( 'NONE',  ( -0.4649999999999996400, 2.999999999999999600, -1.761828530288944700E-016 ) ) ;
#6601 = ORIENTED_EDGE ( 'NONE', *, *, #2792, .F. ) ;
#6602 = PRESENTATION_LAYER_ASSIGNMENT (  '', '', ( #5884 ) ) ;
#6603 = LINE ( 'NONE', #3981, #4540 ) ;
#6604 = ORIENTED_EDGE ( 'NONE', *, *, #3605, .F. ) ;
#6605 = STYLED_ITEM ( 'NONE', ( #6322 ), #3784 ) ;
#6606 = CARTESIAN_POINT ( 'NONE',  ( -2.325000000000000200, 1.399999999999999700, 2.200000000000000200 ) ) ;
#6607 =( NAMED_UNIT ( * ) PLANE_ANGLE_UNIT ( ) SI_UNIT ( $, .RADIAN. ) );
#6608 = LINE ( 'NONE', #898, #3749 ) ;
#6609 = CARTESIAN_POINT ( 'NONE',  ( 2.125000000000000000, 1.700000000000000000, 0.04999999999999867100 ) ) ;
#6610 = VECTOR ( 'NONE', #3639, 1000.000000000000000 ) ;
#6611 =( GEOMETRIC_REPRESENTATION_CONTEXT ( 3 ) GLOBAL_UNCERTAINTY_ASSIGNED_CONTEXT ( ( #5573 ) ) GLOBAL_UNIT_ASSIGNED_CONTEXT ( ( #5937, #2689, #6463 ) ) REPRESENTATION_CONTEXT ( 'NONE', 'WORKASPACE' ) );
#6612 = CARTESIAN_POINT ( 'NONE',  ( -2.125000000000000000, -1.100000000000000100, 0.2999999999999999900 ) ) ;
#6613 = LINE ( 'NONE', #5068, #2295 ) ;
#6614 = VERTEX_POINT ( 'NONE', #2757 ) ;
#6615 = DIRECTION ( 'NONE',  ( -1.000000000000000000, 0.0000000000000000000, 0.0000000000000000000 ) ) ;
#6616 = ORIENTED_EDGE ( 'NONE', *, *, #277, .T. ) ;
#6617 = CARTESIAN_POINT ( 'NONE',  ( 2.649000000000000500, 1.100000000000000100, -2.710505431213761100E-017 ) ) ;
#6618 = DIRECTION ( 'NONE',  ( 3.051828337366604500E-016, -0.0000000000000000000, 1.000000000000000000 ) ) ;
#6619 = DIRECTION ( 'NONE',  ( 0.0000000000000000000, 0.7071067811865433500, -0.7071067811865517900 ) ) ;
#6620 = DIRECTION ( 'NONE',  ( -0.0000000000000000000, 1.000000000000000000, 0.0000000000000000000 ) ) ;
#6621 = CARTESIAN_POINT ( 'NONE',  ( 0.0000000000000000000, 0.0000000000000000000, 3.699999999999996600 ) ) ;
#6622 = DIRECTION ( 'NONE',  ( 1.000000000000000000, 0.0000000000000000000, 0.0000000000000000000 ) ) ;
#6623 = VERTEX_POINT ( 'NONE', #2208 ) ;
#6624 = EDGE_LOOP ( 'NONE', ( #1229, #3901, #1398, #3318 ) ) ;
#6625 = PRESENTATION_STYLE_ASSIGNMENT (( #4485 ) ) ;
#6626 = FILL_AREA_STYLE_COLOUR ( '', #6553 ) ;
#6627 = ORIENTED_EDGE ( 'NONE', *, *, #4725, .F. ) ;
#6628 = CARTESIAN_POINT ( 'NONE',  ( 0.1999999999999998700, 2.600000000000000100, 0.6499999999999990200 ) ) ;
#6629 = CARTESIAN_POINT ( 'NONE',  ( 0.5500000000000008200, 3.673118842698620300, 3.249999999999996000 ) ) ;
#6630 = LINE ( 'NONE', #3704, #785 ) ;
#6631 = ADVANCED_FACE ( 'NONE', ( #3971 ), #1065, .F. ) ;
#6632 = ORIENTED_EDGE ( 'NONE', *, *, #7050, .T. ) ;
#6633 = VECTOR ( 'NONE', #1594, 1000.000000000000000 ) ;
#6634 = LINE ( 'NONE', #178, #2314 ) ;
#6635 = EDGE_CURVE ( 'NONE', #5374, #449, #806, .T. ) ;
#6636 = FACE_OUTER_BOUND ( 'NONE', #3833, .T. ) ;
#6637 = LINE ( 'NONE', #686, #5207 ) ;
#6638 = ORIENTED_EDGE ( 'NONE', *, *, #5578, .T. ) ;
#6639 = EDGE_CURVE ( 'NONE', #7119, #1683, #6471, .T. ) ;
#6640 = CARTESIAN_POINT ( 'NONE',  ( 0.7850000000000003600, 3.100000000000000100, 0.09999999999999947800 ) ) ;
#6641 = CARTESIAN_POINT ( 'NONE',  ( -0.4649999999999988600, 0.4249999999999998200, 0.04999999999999861500 ) ) ;
#6642 = MECHANICAL_DESIGN_GEOMETRIC_PRESENTATION_REPRESENTATION (  '', ( #5586 ), #7011 ) ;
#6643 =( GEOMETRIC_REPRESENTATION_CONTEXT ( 3 ) GLOBAL_UNCERTAINTY_ASSIGNED_CONTEXT ( ( #1356 ) ) GLOBAL_UNIT_ASSIGNED_CONTEXT ( ( #2210, #2303, #2362 ) ) REPRESENTATION_CONTEXT ( 'NONE', 'WORKASPACE' ) );
#6644 = ORIENTED_EDGE ( 'NONE', *, *, #5005, .F. ) ;
#6645 = ORIENTED_EDGE ( 'NONE', *, *, #3593, .T. ) ;
#6646 = VECTOR ( 'NONE', #2728, 1000.000000000000000 ) ;
#6647 = LINE ( 'NONE', #2059, #993 ) ;
#6648 = ORIENTED_EDGE ( 'NONE', *, *, #2147, .F. ) ;
#6649 = AXIS2_PLACEMENT_3D ( 'NONE', #3531, #3396, #3354 ) ;
#6650 = EDGE_CURVE ( 'NONE', #499, #4680, #5030, .T. ) ;
#6651 = LINE ( 'NONE', #144, #3606 ) ;
#6652 = ORIENTED_EDGE ( 'NONE', *, *, #4278, .F. ) ;
#6653 = CARTESIAN_POINT ( 'NONE',  ( 0.4650000000000003600, -0.3750000000000001100, 0.6499999999999975800 ) ) ;
#6654 = FACE_OUTER_BOUND ( 'NONE', #1821, .T. ) ;
#6655 = CARTESIAN_POINT ( 'NONE',  ( 2.649000000000000500, 1.100000000000000100, 1.276000000000000000 ) ) ;
#6656 =( NAMED_UNIT ( * ) SI_UNIT ( $, .STERADIAN. ) SOLID_ANGLE_UNIT ( ) );
#6657 = CARTESIAN_POINT ( 'NONE',  ( 0.4650000000000003600, -0.3750000000000001100, 0.6499999999999990200 ) ) ;
#6658 = PRESENTATION_LAYER_ASSIGNMENT (  '', '', ( #5943 ) ) ;
#6659 = CARTESIAN_POINT ( 'NONE',  ( 1.591863895602248700E-016, 1.200000000000000000, 0.5200000000000006800 ) ) ;
#6660 = VECTOR ( 'NONE', #281, 1000.000000000000000 ) ;
#6661 = ORIENTED_EDGE ( 'NONE', *, *, #264, .F. ) ;
#6662 = LINE ( 'NONE', #3150, #6487 ) ;
#6663 = ORIENTED_EDGE ( 'NONE', *, *, #6831, .F. ) ;
#6664 = ORIENTED_EDGE ( 'NONE', *, *, #6317, .T. ) ;
#6665 = LINE ( 'NONE', #96, #1197 ) ;
#6666 = CARTESIAN_POINT ( 'NONE',  ( 3.824999999999999700, 0.9000000000000000200, -5.421010862427522200E-017 ) ) ;
#6667 = VERTEX_POINT ( 'NONE', #2786 ) ;
#6668 =( LENGTH_UNIT ( ) NAMED_UNIT ( * ) SI_UNIT ( .MILLI., .METRE. ) );
#6669 = CARTESIAN_POINT ( 'NONE',  ( -2.649000000000000500, 1.100000000000000100, 0.3039999999999999400 ) ) ;
#6670 = FACE_OUTER_BOUND ( 'NONE', #4123, .T. ) ;
#6671 = EDGE_CURVE ( 'NONE', #6925, #5474, #3428, .T. ) ;
#6672 = VECTOR ( 'NONE', #5358, 1000.000000000000000 ) ;
#6673 = ADVANCED_FACE ( 'NONE', ( #4856 ), #5645, .F. ) ;
#6674 = ORIENTED_EDGE ( 'NONE', *, *, #1494, .T. ) ;
#6675 = VECTOR ( 'NONE', #1148, 1000.000000000000000 ) ;
#6676 = FILL_AREA_STYLE_COLOUR ( '', #1883 ) ;
#6677 = ORIENTED_EDGE ( 'NONE', *, *, #1812, .F. ) ;
#6678 = CARTESIAN_POINT ( 'NONE',  ( 1.524999999999992600, 1.700000000000000200, 3.699999999999996600 ) ) ;
#6679 = CARTESIAN_POINT ( 'NONE',  ( 0.7850000000000003600, 2.549999999999999800, 0.4499999999999999000 ) ) ;
#6680 = CARTESIAN_POINT ( 'NONE',  ( -0.1499999999999997400, 3.673118842698620300, 3.249999999999996000 ) ) ;
#6681 = VECTOR ( 'NONE', #4591, 1000.000000000000000 ) ;
#6682 = PLANE ( 'NONE',  #2118 ) ;
#6683 = EDGE_CURVE ( 'NONE', #2676, #3653, #1446, .T. ) ;
#6684 = EDGE_CURVE ( 'NONE', #2394, #5157, #7063, .T. ) ;
#6685 = ORIENTED_EDGE ( 'NONE', *, *, #3249, .T. ) ;
#6686 = STYLED_ITEM ( 'NONE', ( #4331 ), #926 ) ;
#6687 = CARTESIAN_POINT ( 'NONE',  ( 0.6850000000000002800, 0.3499999999999997000, 3.999999999999993300 ) ) ;
#6688 = DIRECTION ( 'NONE',  ( 1.000000000000000000, 0.0000000000000000000, 5.421010862427526500E-017 ) ) ;
#6689 = EDGE_CURVE ( 'NONE', #635, #2394, #4376, .T. ) ;
#6690 = SURFACE_STYLE_USAGE ( .BOTH. , #6294 ) ;
#6691 = VECTOR ( 'NONE', #2716, 1000.000000000000000 ) ;
#6692 = EDGE_CURVE ( 'NONE', #5681, #453, #1264, .T. ) ;
#6693 = AXIS2_PLACEMENT_3D ( 'NONE', #3940, #4462, #1161 ) ;
#6694 = MECHANICAL_DESIGN_GEOMETRIC_PRESENTATION_REPRESENTATION (  '', ( #5632 ), #7054 ) ;
#6695 = COLOUR_RGB ( '',0.8000000000000000400, 0.8078431372549019800, 0.8000000000000000400 ) ;
#6696 = EDGE_LOOP ( 'NONE', ( #4662, #2120, #60, #1640, #2407 ) ) ;
#6697 = MECHANICAL_DESIGN_GEOMETRIC_PRESENTATION_REPRESENTATION (  '', ( #5634 ), #7057 ) ;
#6698 = CARTESIAN_POINT ( 'NONE',  ( -0.1499999999999997400, 3.673118842698620300, 3.249999999999996000 ) ) ;
#6699 = DIRECTION ( 'NONE',  ( 0.0000000000000000000, -0.7071067811865475700, 0.7071067811865475700 ) ) ;
#6700 = VECTOR ( 'NONE', #3480, 1000.000000000000000 ) ;
#6701 =( NAMED_UNIT ( * ) SI_UNIT ( $, .STERADIAN. ) SOLID_ANGLE_UNIT ( ) );
#6702 = LINE ( 'NONE', #6560, #2562 ) ;
#6703 = ADVANCED_FACE ( 'NONE', ( #1085 ), #3372, .F. ) ;
#6704 = ORIENTED_EDGE ( 'NONE', *, *, #2658, .T. ) ;
#6705 = DIRECTION ( 'NONE',  ( 0.5773502691896257300, -0.5773502691896257300, -0.5773502691896257300 ) ) ;
#6706 = SURFACE_STYLE_USAGE ( .BOTH. , #2927 ) ;
#6707 = ORIENTED_EDGE ( 'NONE', *, *, #4093, .T. ) ;
#6708 =( NAMED_UNIT ( * ) PLANE_ANGLE_UNIT ( ) SI_UNIT ( $, .RADIAN. ) );
#6709 = ORIENTED_EDGE ( 'NONE', *, *, #2743, .T. ) ;
#6710 = DIRECTION ( 'NONE',  ( 0.0000000000000000000, -1.000000000000000000, 0.0000000000000000000 ) ) ;
#6711 = LINE ( 'NONE', #3088, #2573 ) ;
#6712 = LINE ( 'NONE', #825, #6386 ) ;
#6713 = DIRECTION ( 'NONE',  ( 0.0000000000000000000, -1.000000000000000000, -1.141265444721583800E-016 ) ) ;
#6714 = LINE ( 'NONE', #3299, #3864 ) ;
#6715 = VERTEX_POINT ( 'NONE', #575 ) ;
#6716 = VECTOR ( 'NONE', #845, 1000.000000000000000 ) ;
#6717 = EDGE_CURVE ( 'NONE', #2071, #6772, #2584, .T. ) ;
#6718 = DIRECTION ( 'NONE',  ( 0.0000000000000000000, 0.0000000000000000000, 1.000000000000000000 ) ) ;
#6719 = ORIENTED_EDGE ( 'NONE', *, *, #1539, .T. ) ;
#6720 = DIRECTION ( 'NONE',  ( -1.000000000000000000, -0.0000000000000000000, -0.0000000000000000000 ) ) ;
#6721 = CARTESIAN_POINT ( 'NONE',  ( -2.124999999999999100, 2.600000000000000100, 1.749999999999996400 ) ) ;
#6722 = EDGE_LOOP ( 'NONE', ( #3134, #2140, #1521, #1362, #2126, #2600, #5028, #5274, #2426, #5133, #164, #6445 ) ) ;
#6723 = DIRECTION ( 'NONE',  ( -1.000000000000000000, 0.0000000000000000000, -0.0000000000000000000 ) ) ;
#6724 = CARTESIAN_POINT ( 'NONE',  ( -3.624999999999999600, 1.700000000000000000, 0.7999999999999976000 ) ) ;
#6725 = CARTESIAN_POINT ( 'NONE',  ( 0.4650000000000003600, -0.3750000000000005000, 3.499999999999984000 ) ) ;
#6726 = STYLED_ITEM ( 'NONE', ( #520 ), #266 ) ;
#6727 = LINE ( 'NONE', #2869, #2409 ) ;
#6728 = LINE ( 'NONE', #2155, #3877 ) ;
#6729 = VERTEX_POINT ( 'NONE', #4991 ) ;
#6730 =( NAMED_UNIT ( * ) PLANE_ANGLE_UNIT ( ) SI_UNIT ( $, .RADIAN. ) );
#6731 = EDGE_CURVE ( 'NONE', #5397, #1259, #6727, .T. ) ;
#6732 = FACE_OUTER_BOUND ( 'NONE', #2639, .T. ) ;
#6733 = ORIENTED_EDGE ( 'NONE', *, *, #6734, .T. ) ;
#6734 = EDGE_CURVE ( 'NONE', #736, #6350, #3876, .T. ) ;
#6735 = CARTESIAN_POINT ( 'NONE',  ( 0.7850000000000003600, -0.6250000000000003300, 0.6499999999999964700 ) ) ;
#6736 = CARTESIAN_POINT ( 'NONE',  ( -0.7849999999999997000, 2.200000000000003300, 0.2999999999999996600 ) ) ;
#6737 = VECTOR ( 'NONE', #138, 1000.000000000000000 ) ;
#6738 = CARTESIAN_POINT ( 'NONE',  ( 0.5500000000000006000, -0.6999999999999992900, 2.099999999999996100 ) ) ;
#6739 = DIRECTION ( 'NONE',  ( -0.7071067811865493500, 0.0000000000000000000, -0.7071067811865455700 ) ) ;
#6740 = AXIS2_PLACEMENT_3D ( 'NONE', #6640, #3401, #28 ) ;
#6741 = AXIS2_PLACEMENT_3D ( 'NONE', #6508, #6620, #7098 ) ;
#6742 = UNCERTAINTY_MEASURE_WITH_UNIT (LENGTH_MEASURE( 1.000000000000000100E-005 ), #2122, 'distance_accuracy_value', 'NONE');
#6743 = DIRECTION ( 'NONE',  ( 0.0000000000000000000, 0.0000000000000000000, -1.000000000000000000 ) ) ;
#6744 = VERTEX_POINT ( 'NONE', #3392 ) ;
#6745 = PRESENTATION_LAYER_ASSIGNMENT (  '', '', ( #6032 ) ) ;
#6746 = ADVANCED_FACE ( 'NONE', ( #5480 ), #4486, .T. ) ;
#6747 = ORIENTED_EDGE ( 'NONE', *, *, #1432, .T. ) ;
#6748 = VECTOR ( 'NONE', #3462, 1000.000000000000000 ) ;
#6749 = DIRECTION ( 'NONE',  ( -0.7071067811865460200, 0.0000000000000000000, 0.7071067811865490200 ) ) ;
#6750 = VERTEX_POINT ( 'NONE', #38 ) ;
#6751 = DIRECTION ( 'NONE',  ( 0.0000000000000000000, -1.000000000000000000, 0.0000000000000000000 ) ) ;
#6752 = VERTEX_POINT ( 'NONE', #1783 ) ;
#6753 = ORIENTED_EDGE ( 'NONE', *, *, #3991, .F. ) ;
#6754 = DIRECTION ( 'NONE',  ( 0.0000000000000000000, 0.0000000000000000000, -1.000000000000000000 ) ) ;
#6755 = LINE ( 'NONE', #1897, #3897 ) ;
#6756 = CARTESIAN_POINT ( 'NONE',  ( -0.7849999999999997000, 0.4249999999999998200, 1.749999999999996400 ) ) ;
#6757 = PLANE ( 'NONE',  #3763 ) ;
#6758 = CARTESIAN_POINT ( 'NONE',  ( -0.4649999999999996400, 3.000000000000000000, 0.4499999999999998400 ) ) ;
#6759 = LINE ( 'NONE', #5672, #3900 ) ;
#6760 = ORIENTED_EDGE ( 'NONE', *, *, #953, .T. ) ;
#6761 = ORIENTED_EDGE ( 'NONE', *, *, #5794, .T. ) ;
#6762 = VECTOR ( 'NONE', #5503, 1000.000000000000000 ) ;
#6763 = ORIENTED_EDGE ( 'NONE', *, *, #5051, .T. ) ;
#6764 = CARTESIAN_POINT ( 'NONE',  ( 0.4650000000000003600, 2.549999999999999800, 0.4499999999999999000 ) ) ;
#6765 = DIRECTION ( 'NONE',  ( 0.0000000000000000000, 1.000000000000000000, 1.556803119466363000E-015 ) ) ;
#6766 = LINE ( 'NONE', #6811, #5329 ) ;
#6767 = VECTOR ( 'NONE', #5934, 1000.000000000000000 ) ;
#6768 = ORIENTED_EDGE ( 'NONE', *, *, #4688, .T. ) ;
#6769 = CARTESIAN_POINT ( 'NONE',  ( 1.824999999999992400, 0.8499999999999996400, 1.749999999999996400 ) ) ;
#6770 = DIRECTION ( 'NONE',  ( 1.000000000000000000, 0.0000000000000000000, 0.0000000000000000000 ) ) ;
#6771 = CARTESIAN_POINT ( 'NONE',  ( -1.524999999999999900, -0.6999999999999988500, 1.749999999999996400 ) ) ;
#6772 = VERTEX_POINT ( 'NONE', #5611 ) ;
#6773 = CARTESIAN_POINT ( 'NONE',  ( -0.7849999999999997000, -0.6250000000000003300, 0.6499999999999964700 ) ) ;
#6774 = EDGE_CURVE ( 'NONE', #445, #601, #6062, .T. ) ;
#6775 = EDGE_CURVE ( 'NONE', #5499, #5847, #4609, .T. ) ;
#6776 = ADVANCED_FACE ( 'NONE', ( #5889 ), #3439, .T. ) ;
#6777 = CARTESIAN_POINT ( 'NONE',  ( -2.819000000000000000, -1.100000000000000100, 0.0000000000000000000 ) ) ;
#6778 = PRESENTATION_LAYER_ASSIGNMENT (  '', '', ( #6068 ) ) ;
#6779 = LINE ( 'NONE', #3682, #3927 ) ;
#6780 = EDGE_LOOP ( 'NONE', ( #4513, #6295, #5834, #3542 ) ) ;
#6781 = ORIENTED_EDGE ( 'NONE', *, *, #4635, .F. ) ;
#6782 = DIRECTION ( 'NONE',  ( 1.000000000000000000, 0.0000000000000000000, 0.0000000000000000000 ) ) ;
#6783 = CARTESIAN_POINT ( 'NONE',  ( -0.7849999999999997000, 0.4249999999999998200, 0.6499999999999964700 ) ) ;
#6784 = CARTESIAN_POINT ( 'NONE',  ( 0.7850000000000003600, -0.6250000000000003300, 0.2999999999999964900 ) ) ;
#6785 = AXIS2_PLACEMENT_3D ( 'NONE', #850, #786, #769 ) ;
#6786 =( LENGTH_UNIT ( ) NAMED_UNIT ( * ) SI_UNIT ( .MILLI., .METRE. ) );
#6787 = VECTOR ( 'NONE', #5252, 1000.000000000000000 ) ;
#6788 = EDGE_CURVE ( 'NONE', #5618, #2935, #347, .T. ) ;
#6789 = VECTOR ( 'NONE', #5637, 1000.000000000000000 ) ;
#6790 = VERTEX_POINT ( 'NONE', #6679 ) ;
#6791 = ORIENTED_EDGE ( 'NONE', *, *, #2645, .F. ) ;
#6792 = MECHANICAL_DESIGN_GEOMETRIC_PRESENTATION_REPRESENTATION (  '', ( #6078 ), #7151 ) ;
#6793 = ORIENTED_EDGE ( 'NONE', *, *, #1392, .T. ) ;
#6794 = DIRECTION ( 'NONE',  ( -0.0000000000000000000, -1.000000000000000000, -0.0000000000000000000 ) ) ;
#6796 = ORIENTED_EDGE ( 'NONE', *, *, #6586, .T. ) ;
#6795 = LINE ( 'NONE', #607, #3942 ) ;
#6797 = EDGE_LOOP ( 'NONE', ( #6817, #6946, #1925, #3113 ) ) ;
#6798 = PLANE ( 'NONE',  #165 ) ;
#6799 = DIRECTION ( 'NONE',  ( 0.0000000000000000000, 0.0000000000000000000, 1.000000000000000000 ) ) ;
#6800 = CARTESIAN_POINT ( 'NONE',  ( -0.4649999999999996400, 0.2499999999999996700, 0.1799999999999966600 ) ) ;
#6801 = DIRECTION ( 'NONE',  ( 0.5773502691896249500, 0.5773502691896272900, 0.5773502691896249500 ) ) ;
#6802 = LINE ( 'NONE', #1532, #5377 ) ;
#6803 = ORIENTED_EDGE ( 'NONE', *, *, #4471, .F. ) ;
#6804 = VECTOR ( 'NONE', #1934, 1000.000000000000000 ) ;
#6805 = FILL_AREA_STYLE_COLOUR ( '', #6407 ) ;
#6806 = SURFACE_STYLE_USAGE ( .BOTH. , #3036 ) ;
#6807 = LINE ( 'NONE', #334, #3775 ) ;
#6808 =( NAMED_UNIT ( * ) PLANE_ANGLE_UNIT ( ) SI_UNIT ( $, .RADIAN. ) );
#6809 = VECTOR ( 'NONE', #3312, 1000.000000000000000 ) ;
#6810 = VECTOR ( 'NONE', #1658, 1000.000000000000000 ) ;
#6811 = CARTESIAN_POINT ( 'NONE',  ( -1.625000000000000900, 1.700000000000000000, 0.2999999999999998200 ) ) ;
#6812 = VECTOR ( 'NONE', #2967, 1000.000000000000000 ) ;
#6813 = FACE_OUTER_BOUND ( 'NONE', #1452, .T. ) ;
#6814 = ADVANCED_FACE ( 'NONE', ( #3012 ), #2916, .T. ) ;
#6815 = CARTESIAN_POINT ( 'NONE',  ( 1.624999999999999800, 1.700000000000000200, 0.2999999999999988200 ) ) ;
#6816 =( NAMED_UNIT ( * ) PLANE_ANGLE_UNIT ( ) SI_UNIT ( $, .RADIAN. ) );
#6817 = ORIENTED_EDGE ( 'NONE', *, *, #4544, .F. ) ;
#6818 = VERTEX_POINT ( 'NONE', #6167 ) ;
#6819 = DIRECTION ( 'NONE',  ( -0.0000000000000000000, 1.000000000000000000, -0.0000000000000000000 ) ) ;
#6820 = EDGE_CURVE ( 'NONE', #6772, #5998, #4449, .T. ) ;
#6821 = ORIENTED_EDGE ( 'NONE', *, *, #2151, .F. ) ;
#6822 = LINE ( 'NONE', #4272, #2324 ) ;
#6823 = DIRECTION ( 'NONE',  ( 0.0000000000000000000, 0.0000000000000000000, 1.000000000000000000 ) ) ;
#6824 = SURFACE_SIDE_STYLE ('',( #6308 ) ) ;
#6825 = FILL_AREA_STYLE_COLOUR ( '', #6695 ) ;
#6826 = DIRECTION ( 'NONE',  ( -1.000000000000000000, 0.0000000000000000000, 3.252606517456517200E-016 ) ) ;
#6827 = VECTOR ( 'NONE', #3869, 1000.000000000000000 ) ;
#6828 = EDGE_LOOP ( 'NONE', ( #3626, #6121, #4546, #5035, #6450, #1581 ) ) ;
#6829 = FACE_OUTER_BOUND ( 'NONE', #79, .T. ) ;
#6830 = VECTOR ( 'NONE', #4977, 1000.000000000000000 ) ;
#6831 = EDGE_CURVE ( 'NONE', #4287, #4170, #1711, .T. ) ;
#6832 = PLANE ( 'NONE',  #4059 ) ;
#6833 = EDGE_CURVE ( 'NONE', #2935, #6752, #7148, .T. ) ;
#6834 = PLANE ( 'NONE',  #2479 ) ;
#6835 = EDGE_LOOP ( 'NONE', ( #1422, #1198, #6180, #978 ) ) ;
#6836 = DIRECTION ( 'NONE',  ( 0.0000000000000000000, 0.0000000000000000000, 1.000000000000000000 ) ) ;
#6837 = CARTESIAN_POINT ( 'NONE',  ( 0.4650000000000003600, -0.3750000000000001100, 0.04999999999999861500 ) ) ;
#6838 = CARTESIAN_POINT ( 'NONE',  ( 2.599000000000000200, -1.100000000000000100, 1.226000000000000000 ) ) ;
#6839 = AXIS2_PLACEMENT_3D ( 'NONE', #2632, #6426, #3194 ) ;
#6840 = FACE_OUTER_BOUND ( 'NONE', #4729, .T. ) ;
#6841 = STYLED_ITEM ( 'NONE', ( #250 ), #2268 ) ;
#6842 = FACE_OUTER_BOUND ( 'NONE', #4829, .T. ) ;
#6843 = ORIENTED_EDGE ( 'NONE', *, *, #224, .F. ) ;
#6844 = SURFACE_SIDE_STYLE ('',( #1788 ) ) ;
#6845 = SURFACE_STYLE_FILL_AREA ( #3327 ) ;
#6846 = ORIENTED_EDGE ( 'NONE', *, *, #4278, .T. ) ;
#6847 = DIRECTION ( 'NONE',  ( 1.000000000000000000, 0.0000000000000000000, -0.0000000000000000000 ) ) ;
#6848 = CARTESIAN_POINT ( 'NONE',  ( -2.649000000000000500, 1.100000000000000100, 1.226000000000000000 ) ) ;
#6849 = VECTOR ( 'NONE', #1311, 1000.000000000000000 ) ;
#6850 = DIRECTION ( 'NONE',  ( 0.0000000000000000000, 0.0000000000000000000, -1.000000000000000000 ) ) ;
#6851 = ADVANCED_FACE ( 'NONE', ( #2845 ), #3475, .F. ) ;
#6852 = LINE ( 'NONE', #6015, #4006 ) ;
#6853 = ORIENTED_EDGE ( 'NONE', *, *, #3069, .F. ) ;
#6854 = LINE ( 'NONE', #2066, #5440 ) ;
#6855 = CARTESIAN_POINT ( 'NONE',  ( -2.124999999999999100, 1.700000000000000200, 4.699999999999996600 ) ) ;
#6856 = CARTESIAN_POINT ( 'NONE',  ( -2.125000000000000000, 1.700000000000000000, 0.2999999999999999900 ) ) ;
#6857 = DIRECTION ( 'NONE',  ( -0.0000000000000000000, -1.000000000000000000, -0.0000000000000000000 ) ) ;
#6858 = ORIENTED_EDGE ( 'NONE', *, *, #1100, .T. ) ;
#6859 = EDGE_CURVE ( 'NONE', #3713, #2653, #4300, .T. ) ;
#6860 = DIRECTION ( 'NONE',  ( -1.000000000000000000, 0.0000000000000000000, 0.0000000000000000000 ) ) ;
#6861 = LINE ( 'NONE', #3832, #2375 ) ;
#6862 = FILL_AREA_STYLE ('',( #6327 ) ) ;
#6863 = VERTEX_POINT ( 'NONE', #1857 ) ;
#6864 = DIRECTION ( 'NONE',  ( 0.0000000000000000000, -0.7071067811865439100, 0.7071067811865512400 ) ) ;
#6865 = DIRECTION ( 'NONE',  ( 0.0000000000000000000, 0.0000000000000000000, -1.000000000000000000 ) ) ;
#6866 = DIRECTION ( 'NONE',  ( 0.0000000000000000000, -1.000000000000000000, 0.0000000000000000000 ) ) ;
#6867 = EDGE_CURVE ( 'NONE', #1013, #2531, #1172, .T. ) ;
#6868 = PRESENTATION_STYLE_ASSIGNMENT (( #792 ) ) ;
#6869 = VERTEX_POINT ( 'NONE', #2420 ) ;
#6870 = VERTEX_POINT ( 'NONE', #6212 ) ;
#6871 = EDGE_CURVE ( 'NONE', #6559, #854, #3964, .T. ) ;
#6872 = AXIS2_PLACEMENT_3D ( 'NONE', #3202, #6983, #3751 ) ;
#6873 = AXIS2_PLACEMENT_3D ( 'NONE', #5560, #310, #2054 ) ;
#6874 = CARTESIAN_POINT ( 'NONE',  ( 3.145000000000000000, -0.8799999999999986700, 1.275999999999999800 ) ) ;
#6875 = VECTOR ( 'NONE', #1844, 1000.000000000000000 ) ;
#6876 = CARTESIAN_POINT ( 'NONE',  ( -3.324999999999999700, -0.8000000000000001600, 4.699999999999998400 ) ) ;
#6877 = DIRECTION ( 'NONE',  ( 0.0000000000000000000, 1.000000000000000000, -0.0000000000000000000 ) ) ;
#6878 = ORIENTED_EDGE ( 'NONE', *, *, #6593, .F. ) ;
#6879 = EDGE_CURVE ( 'NONE', #1806, #6007, #5571, .T. ) ;
#6880 = CARTESIAN_POINT ( 'NONE',  ( -2.124999999999999100, 2.299999999999999800, 3.699999999999996600 ) ) ;
#6881 = ADVANCED_FACE ( 'NONE', ( #6636 ), #5142, .F. ) ;
#6882 = ORIENTED_EDGE ( 'NONE', *, *, #5277, .T. ) ;
#6883 = ORIENTED_EDGE ( 'NONE', *, *, #4160, .F. ) ;
#6884 = PRODUCT ( '533980271', '533980271', '', ( #4353 ) ) ;
#6885 = VECTOR ( 'NONE', #3966, 1000.000000000000000 ) ;
#6886 =( LENGTH_UNIT ( ) NAMED_UNIT ( * ) SI_UNIT ( .MILLI., .METRE. ) );
#6887 = PRESENTATION_LAYER_ASSIGNMENT (  '', '', ( #6169 ) ) ;
#6888 = EDGE_LOOP ( 'NONE', ( #1609, #1577, #811, #1023 ) ) ;
#6889 = CARTESIAN_POINT ( 'NONE',  ( 0.7850000000000003600, 3.100000000000000100, 0.09999999999999947800 ) ) ;
#6890 = VECTOR ( 'NONE', #4313, 1000.000000000000000 ) ;
#6891 = CARTESIAN_POINT ( 'NONE',  ( 2.819000000000001700, -1.100000000000000100, 0.2999999999999999900 ) ) ;
#6892 = CARTESIAN_POINT ( 'NONE',  ( 1.239088197126322000E-015, 2.000000000000000900, 3.699999999999996600 ) ) ;
#6893 = DIRECTION ( 'NONE',  ( 0.0000000000000000000, 1.000000000000000000, 0.0000000000000000000 ) ) ;
#6894 = CYLINDRICAL_SURFACE ( 'NONE', #914, 0.05000000000000012800 ) ;
#6895 = ORIENTED_EDGE ( 'NONE', *, *, #459, .T. ) ;
#6896 = UNCERTAINTY_MEASURE_WITH_UNIT (LENGTH_MEASURE( 1.000000000000000100E-005 ), #1921, 'distance_accuracy_value', 'NONE');
#6897 = PLANE ( 'NONE',  #3957 ) ;
#6898 = CARTESIAN_POINT ( 'NONE',  ( 0.7850000000000003600, 3.000000000000000000, 0.4499999999999998400 ) ) ;
#6899 = VECTOR ( 'NONE', #2274, 1000.000000000000100 ) ;
#6900 = EDGE_CURVE ( 'NONE', #168, #2569, #986, .T. ) ;
#6901 = PLANE ( 'NONE',  #3471 ) ;
#6902 = VECTOR ( 'NONE', #2129, 1000.000000000000000 ) ;
#6903 = VECTOR ( 'NONE', #501, 1000.000000000000000 ) ;
#6904 = ORIENTED_EDGE ( 'NONE', *, *, #4220, .T. ) ;
#6905 = LINE ( 'NONE', #323, #5490 ) ;
#6906 = VECTOR ( 'NONE', #4098, 1000.000000000000000 ) ;
#6907 = ORIENTED_EDGE ( 'NONE', *, *, #1059, .F. ) ;
#6908 = CARTESIAN_POINT ( 'NONE',  ( -3.824999999999999700, 0.9000000000000000200, -1.084202172485504400E-016 ) ) ;
#6909 = ORIENTED_EDGE ( 'NONE', *, *, #3499, .T. ) ;
#6910 = DIRECTION ( 'NONE',  ( 2.891205793294679300E-016, 1.000000000000000000, 0.0000000000000000000 ) ) ;
#6911 = EDGE_CURVE ( 'NONE', #1184, #2019, #5206, .T. ) ;
#6912 = FACE_OUTER_BOUND ( 'NONE', #1800, .T. ) ;
#6913 = VERTEX_POINT ( 'NONE', #4118 ) ;
#6914 = EDGE_CURVE ( 'NONE', #445, #4052, #5389, .T. ) ;
#6915 = ORIENTED_EDGE ( 'NONE', *, *, #2248, .F. ) ;
#6916 = VECTOR ( 'NONE', #3445, 1000.000000000000000 ) ;
#6917 = VECTOR ( 'NONE', #5435, 1000.000000000000000 ) ;
#6918 = PLANE ( 'NONE',  #2383 ) ;
#6919 = CARTESIAN_POINT ( 'NONE',  ( -0.1499999999999990800, -0.6999999999999988500, 4.699999999999995700 ) ) ;
#6920 = DIRECTION ( 'NONE',  ( 0.0000000000000000000, 0.0000000000000000000, 1.000000000000000000 ) ) ;
#6921 = DIRECTION ( 'NONE',  ( 0.0000000000000000000, 0.0000000000000000000, 1.000000000000000000 ) ) ;
#6922 = CARTESIAN_POINT ( 'NONE',  ( -3.145000000000000000, 1.100000000000000100, 1.529999999999999800 ) ) ;
#6923 = AXIS2_PLACEMENT_3D ( 'NONE', #2371, #2912, #5064 ) ;
#6924 = LINE ( 'NONE', #6724, #4247 ) ;
#6925 = VERTEX_POINT ( 'NONE', #1910 ) ;
#6926 = LINE ( 'NONE', #5667, #4085 ) ;
#6927 = EDGE_CURVE ( 'NONE', #168, #1075, #6464, .T. ) ;
#6928 = DIRECTION ( 'NONE',  ( 0.7071067811865460200, 0.0000000000000000000, 0.7071067811865490200 ) ) ;
#6929 = DIRECTION ( 'NONE',  ( 0.0000000000000000000, 0.0000000000000000000, -1.000000000000000000 ) ) ;
#6930 = CARTESIAN_POINT ( 'NONE',  ( 0.7850000000000003600, 0.4249999999999998200, 0.6499999999999964700 ) ) ;
#6931 = ORIENTED_EDGE ( 'NONE', *, *, #750, .T. ) ;
#6932 = AXIS2_PLACEMENT_3D ( 'NONE', #2943, #5521, #2647 ) ;
#6933 = ADVANCED_FACE ( 'NONE', ( #3591 ), #189, .F. ) ;
#6934 = ORIENTED_EDGE ( 'NONE', *, *, #3079, .T. ) ;
#6935 = FACE_OUTER_BOUND ( 'NONE', #5316, .T. ) ;
#6936 = STYLED_ITEM ( 'NONE', ( #3684 ), #4508 ) ;
#6937 = EDGE_LOOP ( 'NONE', ( #6130, #920, #6904, #3067 ) ) ;
#6938 = LINE ( 'NONE', #1024, #2613 ) ;
#6939 = DIRECTION ( 'NONE',  ( -1.000000000000000000, -0.0000000000000000000, 3.061276722312012500E-016 ) ) ;
#6940 = LINE ( 'NONE', #3907, #2444 ) ;
#6941 = DIRECTION ( 'NONE',  ( -0.0000000000000000000, 0.0000000000000000000, -1.000000000000000000 ) ) ;
#6942 = CARTESIAN_POINT ( 'NONE',  ( -3.624999999999999600, 1.700000000000000000, 0.7999999999999976000 ) ) ;
#6943 = CARTESIAN_POINT ( 'NONE',  ( -0.4649999999999996400, -0.3750000000000001100, 0.6499999999999975800 ) ) ;
#6944 = CARTESIAN_POINT ( 'NONE',  ( -2.124999999999999100, 2.600000000000000100, 4.699999999999995700 ) ) ;
#6945 = VERTEX_POINT ( 'NONE', #6262 ) ;
#6946 = ORIENTED_EDGE ( 'NONE', *, *, #1142, .F. ) ;
#6947 = DIRECTION ( 'NONE',  ( -0.0000000000000000000, -0.0000000000000000000, 1.000000000000000000 ) ) ;
#6948 = CARTESIAN_POINT ( 'NONE',  ( -0.4649999999999996400, 0.0000000000000000000, 3.499999999999984900 ) ) ;
#6949 = DIRECTION ( 'NONE',  ( 0.0000000000000000000, 0.0000000000000000000, -1.000000000000000000 ) ) ;
#6950 = ORIENTED_EDGE ( 'NONE', *, *, #5844, .F. ) ;
#6951 = EDGE_CURVE ( 'NONE', #6614, #2052, #3779, .T. ) ;
#6952 = CARTESIAN_POINT ( 'NONE',  ( 0.4650000000000003600, -0.6250000000000003300, 0.6499999999999964700 ) ) ;
#6953 = ORIENTED_EDGE ( 'NONE', *, *, #508, .F. ) ;
#6954 = FACE_OUTER_BOUND ( 'NONE', #4312, .T. ) ;
#6955 = STYLED_ITEM ( 'NONE', ( #4035 ), #502 ) ;
#6956 = LINE ( 'NONE', #6680, #2634 ) ;
#6957 = EDGE_LOOP ( 'NONE', ( #4370, #5512, #2367, #4020 ) ) ;
#6958 = ORIENTED_EDGE ( 'NONE', *, *, #4398, .T. ) ;
#6960 = ADVANCED_FACE ( 'NONE', ( #622 ), #1437, .F. ) ;
#6959 = SURFACE_SIDE_STYLE ('',( #4760 ) ) ;
#6961 = EDGE_CURVE ( 'NONE', #3377, #5314, #64, .T. ) ;
#6962 = EDGE_LOOP ( 'NONE', ( #5795, #6520, #3563, #6452 ) ) ;
#6963 = LINE ( 'NONE', #3949, #5707 ) ;
#6964 = EDGE_CURVE ( 'NONE', #5214, #5499, #2911, .T. ) ;
#6965 = VECTOR ( 'NONE', #394, 1000.000000000000000 ) ;
#6966 = ORIENTED_EDGE ( 'NONE', *, *, #849, .T. ) ;
#6967 = STYLED_ITEM ( 'NONE', ( #5412 ), #6366 ) ;
#6968 = MECHANICAL_DESIGN_GEOMETRIC_PRESENTATION_REPRESENTATION (  '', ( #5884 ), #179 ) ;
#6969 = DIRECTION ( 'NONE',  ( 0.0000000000000000000, -1.000000000000000000, -1.556803119466362600E-015 ) ) ;
#6970 = ORIENTED_EDGE ( 'NONE', *, *, #1242, .F. ) ;
#6971 = CARTESIAN_POINT ( 'NONE',  ( 2.325000000000000200, 1.700000000000000000, 2.200000000000000200 ) ) ;
#6972 = VERTEX_POINT ( 'NONE', #4192 ) ;
#6973 = VECTOR ( 'NONE', #4744, 1000.000000000000000 ) ;
#6974 = AXIS2_PLACEMENT_3D ( 'NONE', #6659, #4504, #1217 ) ;
#6975 = CARTESIAN_POINT ( 'NONE',  ( 2.124999999999999600, -1.100000000000000300, 0.2999999999999986600 ) ) ;
#6976 = ORIENTED_EDGE ( 'NONE', *, *, #2112, .F. ) ;
#6977 = COLOUR_RGB ( '',0.8000000000000000400, 0.8078431372549019800, 0.8000000000000000400 ) ;
#6978 = DIRECTION ( 'NONE',  ( 0.0000000000000000000, 0.0000000000000000000, -1.000000000000000000 ) ) ;
#6979 = VERTEX_POINT ( 'NONE', #5215 ) ;
#6980 = CIRCLE ( 'NONE', #4611, 0.3039999999999999900 ) ;
#6981 = DIRECTION ( 'NONE',  ( 0.0000000000000000000, -1.000000000000000000, 1.204669080539448600E-016 ) ) ;
#6982 = FACE_OUTER_BOUND ( 'NONE', #2342, .T. ) ;
#6983 = DIRECTION ( 'NONE',  ( 0.0000000000000000000, -1.000000000000000000, 0.0000000000000000000 ) ) ;
#6984 = LINE ( 'NONE', #2370, #2840 ) ;
#6985 = LINE ( 'NONE', #2338, #1352 ) ;
#6986 = EDGE_LOOP ( 'NONE', ( #3273, #2683, #4061, #6431 ) ) ;
#6987 = VECTOR ( 'NONE', #4570, 999.9999999999998900 ) ;
#6988 = VECTOR ( 'NONE', #4966, 1000.000000000000000 ) ;
#6989 = ORIENTED_EDGE ( 'NONE', *, *, #3424, .F. ) ;
#6990 = DIRECTION ( 'NONE',  ( 0.0000000000000000000, 0.0000000000000000000, -1.000000000000000000 ) ) ;
#6991 = SURFACE_STYLE_FILL_AREA ( #6223 ) ;
#6992 = ORIENTED_EDGE ( 'NONE', *, *, #2242, .F. ) ;
#6993 = UNCERTAINTY_MEASURE_WITH_UNIT (LENGTH_MEASURE( 1.000000000000000100E-005 ), #788, 'distance_accuracy_value', 'NONE');
#6994 = LINE ( 'NONE', #847, #5577 ) ;
#6995 = VECTOR ( 'NONE', #3841, 1000.000000000000000 ) ;
#6996 = ORIENTED_EDGE ( 'NONE', *, *, #4608, .T. ) ;
#6997 = CARTESIAN_POINT ( 'NONE',  ( 0.7850000000000003600, 3.100000000000000100, 0.09999999999999947800 ) ) ;
#6998 = DIRECTION ( 'NONE',  ( 0.0000000000000000000, -1.000000000000000000, 1.204669080539448600E-016 ) ) ;
#6999 = LINE ( 'NONE', #7123, #5585 ) ;
#7000 = ADVANCED_FACE ( 'NONE', ( #7056 ), #6894, .F. ) ;
#7001 = ORIENTED_EDGE ( 'NONE', *, *, #6671, .F. ) ;
#7002 = FILL_AREA_STYLE_COLOUR ( '', #3629 ) ;
#7003 = DIRECTION ( 'NONE',  ( -1.000000000000000000, -0.0000000000000000000, -6.122553444624025000E-016 ) ) ;
#7004 = DIRECTION ( 'NONE',  ( 0.0000000000000000000, -1.000000000000000000, -2.258754526011468200E-016 ) ) ;
#7005 = VECTOR ( 'NONE', #2574, 1000.000000000000000 ) ;
#7006 = EDGE_CURVE ( 'NONE', #2046, #23, #1255, .T. ) ;
#7007 = EDGE_CURVE ( 'NONE', #2976, #3838, #4218, .T. ) ;
#7008 = VECTOR ( 'NONE', #81, 1000.000000000000000 ) ;
#7009 = EDGE_LOOP ( 'NONE', ( #819, #3047, #6242, #253 ) ) ;
#7010 = CARTESIAN_POINT ( 'NONE',  ( -2.325000000000000600, -0.8000000000000001600, 2.200000000000000200 ) ) ;
#7011 =( GEOMETRIC_REPRESENTATION_CONTEXT ( 3 ) GLOBAL_UNCERTAINTY_ASSIGNED_CONTEXT ( ( #4562 ) ) GLOBAL_UNIT_ASSIGNED_CONTEXT ( ( #4660, #1389, #5216 ) ) REPRESENTATION_CONTEXT ( 'NONE', 'WORKASPACE' ) );
#7012 = ORIENTED_EDGE ( 'NONE', *, *, #6199, .T. ) ;
#7013 = DIRECTION ( 'NONE',  ( -1.000000000000000000, -0.0000000000000000000, -0.0000000000000000000 ) ) ;
#7014 = DIRECTION ( 'NONE',  ( 0.0000000000000000000, 1.000000000000000000, -0.0000000000000000000 ) ) ;
#7015 = AXIS2_PLACEMENT_3D ( 'NONE', #5730, #5619, #5530 ) ;
#7016 = ORIENTED_EDGE ( 'NONE', *, *, #2049, .F. ) ;
#7017 = VERTEX_POINT ( 'NONE', #267 ) ;
#7018 = EDGE_CURVE ( 'NONE', #4956, #4167, #1078, .T. ) ;
#7019 = CARTESIAN_POINT ( 'NONE',  ( 2.325000000000000200, 1.700000000000000000, 2.200000000000000200 ) ) ;
#7020 = CARTESIAN_POINT ( 'NONE',  ( -0.4649999999999996400, 3.100000000000000100, 0.3499999999999989800 ) ) ;
#7021 = CARTESIAN_POINT ( 'NONE',  ( 0.1500000000000012700, -0.9999999999999974500, 4.699999999999995700 ) ) ;
#7022 = CARTESIAN_POINT ( 'NONE',  ( -0.7849999999999997000, -0.6250000000000003300, 0.6499999999999964700 ) ) ;
#7023 = FACE_OUTER_BOUND ( 'NONE', #5328, .T. ) ;
#7024 = LINE ( 'NONE', #6769, #5607 ) ;
#7025 = MECHANICAL_DESIGN_GEOMETRIC_PRESENTATION_REPRESENTATION (  '', ( #5943 ), #232 ) ;
#7026 = CARTESIAN_POINT ( 'NONE',  ( -1.174999999999999400, 1.700000000000000200, 3.399999999999995900 ) ) ;
#7027 = DIRECTION ( 'NONE',  ( 0.0000000000000000000, -1.000000000000000000, -0.0000000000000000000 ) ) ;
#7028 = DIRECTION ( 'NONE',  ( 1.000000000000000000, 0.0000000000000000000, 0.0000000000000000000 ) ) ;
#7029 = ADVANCED_FACE ( 'NONE', ( #5476 ), #3631, .T. ) ;
#7030 =( NAMED_UNIT ( * ) PLANE_ANGLE_UNIT ( ) SI_UNIT ( $, .RADIAN. ) );
#7031 = ORIENTED_EDGE ( 'NONE', *, *, #5089, .F. ) ;
#7032 = LINE ( 'NONE', #430, #1044 ) ;
#7033 = ORIENTED_EDGE ( 'NONE', *, *, #5277, .F. ) ;
#7034 = EDGE_CURVE ( 'NONE', #4962, #2830, #2742, .T. ) ;
#7035 =( NAMED_UNIT ( * ) SI_UNIT ( $, .STERADIAN. ) SOLID_ANGLE_UNIT ( ) );
#7036 = CARTESIAN_POINT ( 'NONE',  ( -2.124999999999999100, 2.600000000000000100, 4.699999999999995700 ) ) ;
#7037 = VERTEX_POINT ( 'NONE', #6355 ) ;
#7038 = EDGE_CURVE ( 'NONE', #3051, #3821, #2579, .T. ) ;
#7039 = VERTEX_POINT ( 'NONE', #3650 ) ;
#7040 = EDGE_LOOP ( 'NONE', ( #1251, #2727, #2532, #5104 ) ) ;
#7041 = EDGE_CURVE ( 'NONE', #5096, #1393, #2400, .T. ) ;
#7042 =( NAMED_UNIT ( * ) SI_UNIT ( $, .STERADIAN. ) SOLID_ANGLE_UNIT ( ) );
#7043 = SURFACE_STYLE_USAGE ( .BOTH. , #4129 ) ;
#7044 = AXIS2_PLACEMENT_3D ( 'NONE', #5769, #7014, #192 ) ;
#7045 = SURFACE_STYLE_FILL_AREA ( #2180 ) ;
#7046 = ORIENTED_EDGE ( 'NONE', *, *, #2283, .F. ) ;
#7047 = VECTOR ( 'NONE', #6720, 1000.000000000000000 ) ;
#7048 = CARTESIAN_POINT ( 'NONE',  ( 3.145000000000000000, 1.200000000000000000, 1.275999999999999800 ) ) ;
#7049 = EDGE_CURVE ( 'NONE', #1481, #2297, #3868, .T. ) ;
#7050 = EDGE_CURVE ( 'NONE', #3293, #1053, #2230, .T. ) ;
#7051 = VERTEX_POINT ( 'NONE', #1468 ) ;
#7052 = PRESENTATION_LAYER_ASSIGNMENT (  '', '', ( #5631 ) ) ;
#7053 = ORIENTED_EDGE ( 'NONE', *, *, #7095, .F. ) ;
#7054 =( GEOMETRIC_REPRESENTATION_CONTEXT ( 3 ) GLOBAL_UNCERTAINTY_ASSIGNED_CONTEXT ( ( #4900 ) ) GLOBAL_UNIT_ASSIGNED_CONTEXT ( ( #6441, #6573, #7070 ) ) REPRESENTATION_CONTEXT ( 'NONE', 'WORKASPACE' ) );
#7055 = CARTESIAN_POINT ( 'NONE',  ( -0.5499999999999994900, -0.6999999999999988500, 2.099999999999996100 ) ) ;
#7056 = FACE_OUTER_BOUND ( 'NONE', #3985, .T. ) ;
#7057 =( GEOMETRIC_REPRESENTATION_CONTEXT ( 3 ) GLOBAL_UNCERTAINTY_ASSIGNED_CONTEXT ( ( #4429 ) ) GLOBAL_UNIT_ASSIGNED_CONTEXT ( ( #7099, #3884, #515 ) ) REPRESENTATION_CONTEXT ( 'NONE', 'WORKASPACE' ) );
#7058 = CARTESIAN_POINT ( 'NONE',  ( 3.145000000000000000, 1.100000000000000100, 1.276000000000000000 ) ) ;
#7059 = ADVANCED_FACE ( 'NONE', ( #5109 ), #4255, .T. ) ;
#7060 = VERTEX_POINT ( 'NONE', #312 ) ;
#7061 = PRESENTATION_STYLE_ASSIGNMENT (( #1185 ) ) ;
#7062 = EDGE_LOOP ( 'NONE', ( #443, #2169, #381, #6882 ) ) ;
#7063 = LINE ( 'NONE', #4974, #2752 ) ;
#7064 = ORIENTED_EDGE ( 'NONE', *, *, #3647, .T. ) ;
#7065 = ORIENTED_EDGE ( 'NONE', *, *, #3555, .F. ) ;
#7066 = CARTESIAN_POINT ( 'NONE',  ( -0.5649999999999997200, -0.3750000000000005600, 3.999999999999993300 ) ) ;
#7067 = FACE_OUTER_BOUND ( 'NONE', #4065, .T. ) ;
#7068 = ORIENTED_EDGE ( 'NONE', *, *, #6244, .T. ) ;
#7069 = ORIENTED_EDGE ( 'NONE', *, *, #4343, .F. ) ;
#7070 =( NAMED_UNIT ( * ) SI_UNIT ( $, .STERADIAN. ) SOLID_ANGLE_UNIT ( ) );
#7071 = PRESENTATION_STYLE_ASSIGNMENT (( #4782 ) ) ;
#7072 = LINE ( 'NONE', #4554, #4235 ) ;
#7073 = LINE ( 'NONE', #4602, #1460 ) ;
#7074 = ORIENTED_EDGE ( 'NONE', *, *, #2805, .T. ) ;
#7075 = DIRECTION ( 'NONE',  ( 0.0000000000000000000, -1.294569758191648900E-016, 1.000000000000000000 ) ) ;
#7076 = VECTOR ( 'NONE', #2380, 1000.000000000000000 ) ;
#7077 = VECTOR ( 'NONE', #2690, 1000.000000000000000 ) ;
#7078 = ORIENTED_EDGE ( 'NONE', *, *, #5049, .F. ) ;
#7079 = DIRECTION ( 'NONE',  ( 0.0000000000000000000, -1.000000000000000000, 0.0000000000000000000 ) ) ;
#7080 = SURFACE_STYLE_USAGE ( .BOTH. , #3306 ) ;
#7081 = DIRECTION ( 'NONE',  ( -0.0000000000000000000, -1.000000000000000000, -0.0000000000000000000 ) ) ;
#7082 = CARTESIAN_POINT ( 'NONE',  ( -2.345000000000000200, -1.100000000000000100, 0.3039999999999999400 ) ) ;
#7083 = EDGE_CURVE ( 'NONE', #2972, #180, #701, .T. ) ;
#7084 = LINE ( 'NONE', #1956, #2941 ) ;
#7085 = ORIENTED_EDGE ( 'NONE', *, *, #5049, .T. ) ;
#7086 = LINE ( 'NONE', #4979, #5670 ) ;
#7087 = AXIS2_PLACEMENT_3D ( 'NONE', #3909, #3989, #3956 ) ;
#7088 = DIRECTION ( 'NONE',  ( -1.000000000000000000, 0.0000000000000000000, 0.0000000000000000000 ) ) ;
#7089 = EDGE_LOOP ( 'NONE', ( #4777, #664, #3945, #3973 ) ) ;
#7090 = DIRECTION ( 'NONE',  ( -1.000000000000000000, 0.0000000000000000000, 0.0000000000000000000 ) ) ;
#7091 = VECTOR ( 'NONE', #119, 1000.000000000000100 ) ;
#7092 = ORIENTED_EDGE ( 'NONE', *, *, #115, .F. ) ;
#7093 = EDGE_CURVE ( 'NONE', #6913, #2047, #4932, .T. ) ;
#7094 = CARTESIAN_POINT ( 'NONE',  ( 0.4650000000000003600, 2.200000000000003300, 0.2999999999999996600 ) ) ;
#7095 = EDGE_CURVE ( 'NONE', #5989, #5134, #2062, .T. ) ;
#7096 = LINE ( 'NONE', #6135, #5679 ) ;
#7097 = ADVANCED_FACE ( 'NONE', ( #341 ), #339, .F. ) ;
#7098 = DIRECTION ( 'NONE',  ( 0.0000000000000000000, -0.0000000000000000000, 1.000000000000000000 ) ) ;
#7099 =( LENGTH_UNIT ( ) NAMED_UNIT ( * ) SI_UNIT ( .MILLI., .METRE. ) );
#7100 = AXIS2_PLACEMENT_3D ( 'NONE', #2960, #3403, #5713 ) ;
#7101 = VECTOR ( 'NONE', #6401, 1000.000000000000000 ) ;
#7102 = DIRECTION ( 'NONE',  ( 1.000000000000000000, 0.0000000000000000000, -2.304851557154560100E-017 ) ) ;
#7103 = MECHANICAL_DESIGN_GEOMETRIC_PRESENTATION_REPRESENTATION (  '', ( #6032 ), #326 ) ;
#7104 = CARTESIAN_POINT ( 'NONE',  ( -3.136999999999998700, 1.587999999999999600, 0.2540000000000000000 ) ) ;
#7105 = ORIENTED_EDGE ( 'NONE', *, *, #3954, .F. ) ;
#7106 =( LENGTH_UNIT ( ) NAMED_UNIT ( * ) SI_UNIT ( .MILLI., .METRE. ) );
#7107 = ORIENTED_EDGE ( 'NONE', *, *, #948, .F. ) ;
#7108 = PRESENTATION_STYLE_ASSIGNMENT (( #1749 ) ) ;
#7109 = DIRECTION ( 'NONE',  ( -1.172110456741086100E-016, 1.000000000000000000, 0.0000000000000000000 ) ) ;
#7110 = ORIENTED_EDGE ( 'NONE', *, *, #7083, .T. ) ;
#7111 = CARTESIAN_POINT ( 'NONE',  ( 0.5650000000000006100, 0.3499999999999997000, 3.999999999999993300 ) ) ;
#7112 = DIRECTION ( 'NONE',  ( 0.0000000000000000000, 1.000000000000000000, 0.0000000000000000000 ) ) ;
#7113 = ORIENTED_EDGE ( 'NONE', *, *, #4230, .F. ) ;
#7114 = CARTESIAN_POINT ( 'NONE',  ( -0.4649999999999996400, 2.350000000000002800, 0.6499999999999993600 ) ) ;
#7115 = PLANE ( 'NONE',  #3456 ) ;
#7116 = DIRECTION ( 'NONE',  ( -1.000000000000000000, 0.0000000000000000000, 1.971276677246372000E-016 ) ) ;
#7117 = VECTOR ( 'NONE', #4665, 1000.000000000000200 ) ;
#7118 = FACE_OUTER_BOUND ( 'NONE', #6159, .T. ) ;
#7119 = VERTEX_POINT ( 'NONE', #2089 ) ;
#7120 = DIRECTION ( 'NONE',  ( -0.0000000000000000000, -1.000000000000000000, -0.0000000000000000000 ) ) ;
#7121 = DIRECTION ( 'NONE',  ( 0.0000000000000000000, -1.000000000000000000, 0.0000000000000000000 ) ) ;
#7122 = LINE ( 'NONE', #4451, #4283 ) ;
#7123 = CARTESIAN_POINT ( 'NONE',  ( -2.125000000000000400, -1.100000000000000300, 0.04999999999999996800 ) ) ;
#7124 = ORIENTED_EDGE ( 'NONE', *, *, #2837, .T. ) ;
#7125 = VECTOR ( 'NONE', #2633, 1000.000000000000000 ) ;
#7126 = ORIENTED_EDGE ( 'NONE', *, *, #5038, .F. ) ;
#7127 = ADVANCED_FACE ( 'NONE', ( #524 ), #2626, .T. ) ;
#7128 = DIRECTION ( 'NONE',  ( 1.000000000000000000, 1.172110456741086100E-016, 0.0000000000000000000 ) ) ;
#7129 = EDGE_CURVE ( 'NONE', #3675, #5737, #5563, .T. ) ;
#7130 = LINE ( 'NONE', #4763, #2832 ) ;
#7131 = EDGE_CURVE ( 'NONE', #2040, #5134, #6980, .T. ) ;
#7132 = CARTESIAN_POINT ( 'NONE',  ( 0.7850000000000011400, -0.3750000000000003300, 0.6499999999999990200 ) ) ;
#7133 = CARTESIAN_POINT ( 'NONE',  ( 1.624999999999999800, -1.100000000000000500, 0.2999999999999988200 ) ) ;
#7134 = CARTESIAN_POINT ( 'NONE',  ( -2.125000000000000000, 1.420000000000000400, 0.2999999999999999900 ) ) ;
#7135 = ORIENTED_EDGE ( 'NONE', *, *, #7049, .F. ) ;
#7136 = VECTOR ( 'NONE', #6138, 1000.000000000000000 ) ;
#7137 = AXIS2_PLACEMENT_3D ( 'NONE', #3941, #576, #4463 ) ;
#7138 =( NAMED_UNIT ( * ) PLANE_ANGLE_UNIT ( ) SI_UNIT ( $, .RADIAN. ) );
#7139 = MECHANICAL_DESIGN_GEOMETRIC_PRESENTATION_REPRESENTATION (  '', ( #6068 ), #369 ) ;
#7140 = DIRECTION ( 'NONE',  ( 0.0000000000000000000, 0.0000000000000000000, -1.000000000000000000 ) ) ;
#7141 = LINE ( 'NONE', #2559, #2838 ) ;
#7142 = CARTESIAN_POINT ( 'NONE',  ( 2.125000000000000900, 2.600000000000000100, 4.699999999999998400 ) ) ;
#7143 = FILL_AREA_STYLE_COLOUR ( '', #6255 ) ;
#7144 = ORIENTED_EDGE ( 'NONE', *, *, #473, .T. ) ;
#7145 = VERTEX_POINT ( 'NONE', #5903 ) ;
#7146 = FILL_AREA_STYLE_COLOUR ( '', #2905 ) ;
#7147 = EDGE_CURVE ( 'NONE', #6157, #5882, #1266, .T. ) ;
#7148 = LINE ( 'NONE', #4550, #1353 ) ;
#7149 = LINE ( 'NONE', #2799, #4301 ) ;
#7150 = VERTEX_POINT ( 'NONE', #5395 ) ;
#7151 =( GEOMETRIC_REPRESENTATION_CONTEXT ( 3 ) GLOBAL_UNCERTAINTY_ASSIGNED_CONTEXT ( ( #5812 ) ) GLOBAL_UNIT_ASSIGNED_CONTEXT ( ( #2702, #6481, #3253 ) ) REPRESENTATION_CONTEXT ( 'NONE', 'WORKASPACE' ) );
#7152 = VECTOR ( 'NONE', #775, 1000.000000000000000 ) ;
#7153 = DIRECTION ( 'NONE',  ( -1.000000000000000000, 1.807003620809173200E-016, 0.0000000000000000000 ) ) ;
#7154 = ORIENTED_EDGE ( 'NONE', *, *, #2282, .T. ) ;
#7155 = STYLED_ITEM ( 'NONE', ( #5280 ), #4672 ) ;
#7156 = VECTOR ( 'NONE', #1985, 1000.000000000000000 ) ;
ENDSEC;
END-ISO-10303-21;
