ISO-10303-21;
HEADER;
FILE_DESCRIPTION (( 'STEP AP214' ),
    '1' );
FILE_NAME ('533980671.STEP',
    '2021-11-27T22:08:43',
    ( 'AVRASM1234' ),
    ( '' ),
    'SwSTEP 2.0',
    'SolidWorks 2017',
    '' );
FILE_SCHEMA (( 'AUTOMOTIVE_DESIGN' ));
ENDSEC;

DATA;
#1 = CARTESIAN_POINT ( 'NONE',  ( -1.714999999999999000, 0.4249999999999998200, 3.999999999999993300 ) ) ;
#2 = MECHANICAL_DESIGN_GEOMETRIC_PRESENTATION_REPRESENTATION (  '', ( #10832 ), #668 ) ;
#3 = ORIENTED_EDGE ( 'NONE', *, *, #4100, .F. ) ;
#4 =( NAMED_UNIT ( * ) SI_UNIT ( $, .STERADIAN. ) SOLID_ANGLE_UNIT ( ) );
#5 = VERTEX_POINT ( 'NONE', #544 ) ;
#6 = VERTEX_POINT ( 'NONE', #9406 ) ;
#7 = CARTESIAN_POINT ( 'NONE',  ( 1.715000000000001200, 2.200000000000004200, 0.2999999999999988800 ) ) ;
#8 = LINE ( 'NONE', #2646, #10177 ) ;
#9 = CARTESIAN_POINT ( 'NONE',  ( -4.845000000000000600, 1.100000000000000100, 0.3039999999999999400 ) ) ;
#10 = EDGE_CURVE ( 'NONE', #11155, #6849, #9977, .T. ) ;
#11 = VECTOR ( 'NONE', #9008, 1000.000000000000000 ) ;
#12 = ADVANCED_FACE ( 'NONE', ( #2432 ), #6491, .F. ) ;
#13 = EDGE_CURVE ( 'NONE', #10626, #6178, #6447, .T. ) ;
#14 = PLANE ( 'NONE',  #10625 ) ;
#15 = EDGE_LOOP ( 'NONE', ( #2449, #8976, #7182, #7860, #4623 ) ) ;
#16 = ORIENTED_EDGE ( 'NONE', *, *, #3339, .T. ) ;
#17 = LINE ( 'NONE', #5080, #10509 ) ;
#18 = PLANE ( 'NONE',  #11303 ) ;
#19 =( NAMED_UNIT ( * ) PLANE_ANGLE_UNIT ( ) SI_UNIT ( $, .RADIAN. ) );
#20 =( NAMED_UNIT ( * ) SI_UNIT ( $, .STERADIAN. ) SOLID_ANGLE_UNIT ( ) );
#21 = EDGE_CURVE ( 'NONE', #5837, #4304, #1524, .T. ) ;
#22 = ORIENTED_EDGE ( 'NONE', *, *, #917, .T. ) ;
#23 = DIRECTION ( 'NONE',  ( 0.0000000000000000000, 0.0000000000000000000, -1.000000000000000000 ) ) ;
#24 = PRESENTATION_STYLE_ASSIGNMENT (( #11928 ) ) ;
#25 = EDGE_CURVE ( 'NONE', #7777, #2531, #3836, .T. ) ;
#26 = ORIENTED_EDGE ( 'NONE', *, *, #5851, .F. ) ;
#27 =( NAMED_UNIT ( * ) SI_UNIT ( $, .STERADIAN. ) SOLID_ANGLE_UNIT ( ) );
#28 = CARTESIAN_POINT ( 'NONE',  ( -2.700000000000000200, 2.600000000000000100, 0.2999999999999985500 ) ) ;
#29 = ORIENTED_EDGE ( 'NONE', *, *, #3237, .T. ) ;
#30 = EDGE_CURVE ( 'NONE', #1167, #11700, #1192, .T. ) ;
#31 = MECHANICAL_DESIGN_GEOMETRIC_PRESENTATION_REPRESENTATION (  '', ( #10863 ), #694 ) ;
#32 = DIRECTION ( 'NONE',  ( 0.0000000000000000000, -1.000000000000000000, 0.0000000000000000000 ) ) ;
#33 = CARTESIAN_POINT ( 'NONE',  ( -1.050000000000000000, -1.100000000000000300, 0.6499999999999980200 ) ) ;
#34 = VERTEX_POINT ( 'NONE', #3775 ) ;
#35 =( NAMED_UNIT ( * ) PLANE_ANGLE_UNIT ( ) SI_UNIT ( $, .RADIAN. ) );
#36 = CARTESIAN_POINT ( 'NONE',  ( 0.4650000000000010200, 2.350000000000003600, 0.6499999999999985800 ) ) ;
#37 = ORIENTED_EDGE ( 'NONE', *, *, #11793, .F. ) ;
#38 = EDGE_CURVE ( 'NONE', #4661, #3074, #887, .T. ) ;
#39 = ORIENTED_EDGE ( 'NONE', *, *, #10845, .T. ) ;
#40 = CARTESIAN_POINT ( 'NONE',  ( -0.4649999999999988600, 2.500000000000000000, -1.084202172485504400E-016 ) ) ;
#41 = CLOSED_SHELL ( 'NONE', ( #3557, #5564, #2846, #7357, #3974, #8893, #8189, #10405, #10389, #6096, #440, #913, #11012, #7293, #1629, #11729, #2226, #8957, #708, #4277, #10748, #12129, #3810, #2710, #5317, #2929, #4264, #12776, #1207, #1809, #458, #12583, #12852, #7077, #5418, #6861, #2565, #3881, #11071, #9941, #8303, #6960, #12522, #12142, #6166, #9734, #502, #2072, #1405, #4656, #10472, #9113, #8005, #11320, #1754, #8919, #1078, #393, #3355, #1690, #1950, #1992, #1297, #12189, #3569, #10453, #11800, #10067, #241, #12398, #11387, #827, #3752, #10946, #6328, #55, #954, #4221, #7148, #1543, #6784, #3126, #9026, #11336, #2430, #9610, #75, #5027, #8245, #11255, #9552, #9818, #9175, #7478, #5543, #2905, #5051, #9992, #4411, #12319, #7596, #6918, #2055, #6255, #5303, #7537, #12803, #3947, #7162, #10123, #5495, #8424, #2133, #11056, #5429, #7657, #7987, #10264, #5361, #7874, #4022, #12204, #649, #4900, #7413, #2497, #12718, #131, #1138, #3435, #3422, #11597, #1043, #5977, #1357, #8232, #2644, #11820, #2970, #6184, #308, #4538, #11454, #8760, #3184, #10052, #4478, #8362, #10663, #5996, #3107, #9298, #4396, #8564, #2994, #3038, #11204, #1343, #8504, #4860, #11933, #7238, #10190 ) ) ;
#42 = SURFACE_STYLE_FILL_AREA ( #4511 ) ;
#43 = EDGE_LOOP ( 'NONE', ( #334, #11773, #9697, #10203 ) ) ;
#44 = CARTESIAN_POINT ( 'NONE',  ( 5.645000000000000500, -1.100000000000000100, 1.276000000000000000 ) ) ;
#45 = DIRECTION ( 'NONE',  ( 3.051828337366604500E-016, -0.0000000000000000000, 1.000000000000000000 ) ) ;
#46 = ORIENTED_EDGE ( 'NONE', *, *, #11094, .F. ) ;
#47 = FILL_AREA_STYLE ('',( #476 ) ) ;
#48 = DIRECTION ( 'NONE',  ( 0.0000000000000000000, -1.000000000000000000, 0.0000000000000000000 ) ) ;
#49 = MECHANICAL_DESIGN_GEOMETRIC_PRESENTATION_REPRESENTATION (  '', ( #10880 ), #710 ) ;
#50 = VECTOR ( 'NONE', #11541, 1000.000000000000000 ) ;
#51 = VERTEX_POINT ( 'NONE', #753 ) ;
#52 = SURFACE_STYLE_USAGE ( .BOTH. , #5931 ) ;
#53 = VECTOR ( 'NONE', #2785, 1000.000000000000000 ) ;
#54 = VECTOR ( 'NONE', #7388, 1000.000000000000000 ) ;
#55 = ADVANCED_FACE ( 'NONE', ( #9058 ), #415, .T. ) ;
#56 = SURFACE_STYLE_USAGE ( .BOTH. , #280 ) ;
#57 = VERTEX_POINT ( 'NONE', #818 ) ;
#58 = LINE ( 'NONE', #11963, #12596 ) ;
#59 = DIRECTION ( 'NONE',  ( 0.0000000000000000000, 0.0000000000000000000, -1.000000000000000000 ) ) ;
#60 = MECHANICAL_DESIGN_GEOMETRIC_PRESENTATION_REPRESENTATION (  '', ( #10889 ), #723 ) ;
#61 = ORIENTED_EDGE ( 'NONE', *, *, #4337, .F. ) ;
#62 = DIRECTION ( 'NONE',  ( -1.000000000000000000, -0.0000000000000000000, -0.0000000000000000000 ) ) ;
#63 = DIRECTION ( 'NONE',  ( 3.252606517456510300E-016, -0.0000000000000000000, 1.000000000000000000 ) ) ;
#64 = ORIENTED_EDGE ( 'NONE', *, *, #6468, .T. ) ;
#65 = CARTESIAN_POINT ( 'NONE',  ( -0.7849999999999988100, 2.350000000000003600, 0.6499999999999985800 ) ) ;
#66 = VECTOR ( 'NONE', #795, 1000.000000000000000 ) ;
#67 =( GEOMETRIC_REPRESENTATION_CONTEXT ( 3 ) GLOBAL_UNCERTAINTY_ASSIGNED_CONTEXT ( ( #9469 ) ) GLOBAL_UNIT_ASSIGNED_CONTEXT ( ( #5904, #19, #6907 ) ) REPRESENTATION_CONTEXT ( 'NONE', 'WORKASPACE' ) );
#68 =( NAMED_UNIT ( * ) PLANE_ANGLE_UNIT ( ) SI_UNIT ( $, .RADIAN. ) );
#69 = CARTESIAN_POINT ( 'NONE',  ( 1.249999999999999800, -0.3750000000000023300, 0.6499999999999983600 ) ) ;
#70 = CARTESIAN_POINT ( 'NONE',  ( 0.7850000000000010300, 0.4249999999999998200, 3.999999999999993300 ) ) ;
#71 = ORIENTED_EDGE ( 'NONE', *, *, #2585, .T. ) ;
#72 = DIRECTION ( 'NONE',  ( 0.5773502691896288400, -0.5773502691896242900, -0.5773502691896240700 ) ) ;
#73 = DIRECTION ( 'NONE',  ( -1.000000000000000000, -0.0000000000000000000, -0.0000000000000000000 ) ) ;
#74 = VECTOR ( 'NONE', #9615, 1000.000000000000000 ) ;
#75 = ADVANCED_FACE ( 'NONE', ( #5816 ), #1112, .T. ) ;
#76 = LINE ( 'NONE', #8712, #5005 ) ;
#77 = VECTOR ( 'NONE', #1227, 1000.000000000000000 ) ;
#78 =( NAMED_UNIT ( * ) SI_UNIT ( $, .STERADIAN. ) SOLID_ANGLE_UNIT ( ) );
#79 = LINE ( 'NONE', #8629, #9925 ) ;
#80 = DIRECTION ( 'NONE',  ( 0.0000000000000000000, -0.9889363528682980600, -0.1483404529302414000 ) ) ;
#81 = AXIS2_PLACEMENT_3D ( 'NONE', #6851, #10730, #7815 ) ;
#82 = DIRECTION ( 'NONE',  ( 0.0000000000000000000, 1.000000000000000000, 0.0000000000000000000 ) ) ;
#83 = CARTESIAN_POINT ( 'NONE',  ( 5.149000000000000900, 1.100000000000000100, 0.3039999999999999400 ) ) ;
#84 = EDGE_CURVE ( 'NONE', #9712, #10497, #3222, .T. ) ;
#85 = CARTESIAN_POINT ( 'NONE',  ( -0.0000000000000000000, -1.100000000000000100, 1.749999999999999600 ) ) ;
#86 = DIRECTION ( 'NONE',  ( -1.000000000000000000, 0.0000000000000000000, 0.0000000000000000000 ) ) ;
#87 = LINE ( 'NONE', #2838, #5016 ) ;
#88 = EDGE_CURVE ( 'NONE', #1367, #5456, #3533, .T. ) ;
#89 = ORIENTED_EDGE ( 'NONE', *, *, #4571, .F. ) ;
#90 = ORIENTED_EDGE ( 'NONE', *, *, #11549, .F. ) ;
#91 = EDGE_CURVE ( 'NONE', #5765, #1153, #8425, .T. ) ;
#92 = VECTOR ( 'NONE', #1615, 1000.000000000000000 ) ;
#93 = VECTOR ( 'NONE', #8802, 1000.000000000000000 ) ;
#94 = CARTESIAN_POINT ( 'NONE',  ( -3.050000000000000300, -0.6999999999999988500, 2.099999999999996100 ) ) ;
#95 = VERTEX_POINT ( 'NONE', #2864 ) ;
#96 = EDGE_CURVE ( 'NONE', #5578, #3035, #2902, .T. ) ;
#97 = STYLED_ITEM ( 'NONE', ( #12397 ), #6845 ) ;
#98 = DIRECTION ( 'NONE',  ( 0.0000000000000000000, 1.000000000000000000, 0.0000000000000000000 ) ) ;
#99 = EDGE_LOOP ( 'NONE', ( #6338, #1752, #9827, #2340 ) ) ;
#100 = VECTOR ( 'NONE', #7438, 1000.000000000000000 ) ;
#101 = MECHANICAL_DESIGN_GEOMETRIC_PRESENTATION_REPRESENTATION (  '', ( #10937 ), #774 ) ;
#102 =( NAMED_UNIT ( * ) PLANE_ANGLE_UNIT ( ) SI_UNIT ( $, .RADIAN. ) );
#103 = FILL_AREA_STYLE_COLOUR ( '', #9270 ) ;
#104 = SURFACE_SIDE_STYLE ('',( #2863 ) ) ;
#105 = EDGE_CURVE ( 'NONE', #119, #8902, #5529, .T. ) ;
#106 = LINE ( 'NONE', #8725, #5674 ) ;
#107 = ORIENTED_EDGE ( 'NONE', *, *, #11873, .F. ) ;
#108 = ADVANCED_FACE ( 'NONE', ( #10454 ), #8541, .F. ) ;
#109 = DIRECTION ( 'NONE',  ( 0.0000000000000000000, -1.000000000000000000, -1.167602339599771500E-015 ) ) ;
#110 = VERTEX_POINT ( 'NONE', #861 ) ;
#111 = CARTESIAN_POINT ( 'NONE',  ( -2.541098841762910400E-016, -0.3750000000000023300, 0.6499999999999985800 ) ) ;
#112 = EDGE_CURVE ( 'NONE', #12825, #5093, #6897, .T. ) ;
#113 = LINE ( 'NONE', #12125, #12661 ) ;
#114 = VECTOR ( 'NONE', #6048, 999.9999999999998900 ) ;
#115 = PRESENTATION_LAYER_ASSIGNMENT (  '', '', ( #11638 ) ) ;
#116 = ORIENTED_EDGE ( 'NONE', *, *, #848, .F. ) ;
#117 = SURFACE_SIDE_STYLE ('',( #9647 ) ) ;
#118 = ORIENTED_EDGE ( 'NONE', *, *, #12521, .F. ) ;
#119 = VERTEX_POINT ( 'NONE', #3370 ) ;
#120 = DIRECTION ( 'NONE',  ( 0.0000000000000000000, 0.0000000000000000000, -1.000000000000000000 ) ) ;
#121 = DIRECTION ( 'NONE',  ( 0.0000000000000000000, 0.0000000000000000000, 1.000000000000000000 ) ) ;
#122 = LINE ( 'NONE', #7849, #5384 ) ;
#123 = STYLED_ITEM ( 'NONE', ( #8909 ), #1421 ) ;
#124 = SURFACE_STYLE_FILL_AREA ( #2692 ) ;
#125 =( NAMED_UNIT ( * ) PLANE_ANGLE_UNIT ( ) SI_UNIT ( $, .RADIAN. ) );
#126 = LINE ( 'NONE', #5826, #7661 ) ;
#127 =( NAMED_UNIT ( * ) PLANE_ANGLE_UNIT ( ) SI_UNIT ( $, .RADIAN. ) );
#128 = ORIENTED_EDGE ( 'NONE', *, *, #7672, .F. ) ;
#129 = ORIENTED_EDGE ( 'NONE', *, *, #11523, .F. ) ;
#130 = VECTOR ( 'NONE', #9483, 1000.000000000000000 ) ;
#131 = ADVANCED_FACE ( 'NONE', ( #4294 ), #3767, .T. ) ;
#132 = VERTEX_POINT ( 'NONE', #3804 ) ;
#133 = ORIENTED_EDGE ( 'NONE', *, *, #4316, .F. ) ;
#134 = LINE ( 'NONE', #9022, #12688 ) ;
#135 = CARTESIAN_POINT ( 'NONE',  ( -4.625000000000000900, -1.100000000000000100, 0.2999999999999999900 ) ) ;
#136 = PLANE ( 'NONE',  #550 ) ;
#137 = DIRECTION ( 'NONE',  ( -1.000000000000000000, -0.0000000000000000000, 0.0000000000000000000 ) ) ;
#138 = VECTOR ( 'NONE', #5622, 1000.000000000000000 ) ;
#139 = DIRECTION ( 'NONE',  ( -0.0000000000000000000, 1.000000000000000000, 0.0000000000000000000 ) ) ;
#140 = SURFACE_STYLE_FILL_AREA ( #3654 ) ;
#141 = UNCERTAINTY_MEASURE_WITH_UNIT (LENGTH_MEASURE( 1.000000000000000100E-005 ), #5792, 'distance_accuracy_value', 'NONE');
#142 = EDGE_LOOP ( 'NONE', ( #2037, #7262, #8298, #180 ) ) ;
#143 = VERTEX_POINT ( 'NONE', #4712 ) ;
#144 = SURFACE_STYLE_FILL_AREA ( #2744 ) ;
#145 = MECHANICAL_DESIGN_GEOMETRIC_PRESENTATION_REPRESENTATION (  '', ( #10984 ), #812 ) ;
#146 = CARTESIAN_POINT ( 'NONE',  ( -3.284999999999998800, 2.350000000000003600, 0.6499999999999985800 ) ) ;
#147 = PRESENTATION_STYLE_ASSIGNMENT (( #2298 ) ) ;
#148 = DIRECTION ( 'NONE',  ( -1.000000000000000000, -0.0000000000000000000, -0.0000000000000000000 ) ) ;
#149 = FILL_AREA_STYLE_COLOUR ( '', #6639 ) ;
#150 = DIRECTION ( 'NONE',  ( 1.000000000000000000, 0.0000000000000000000, -3.047487187526822800E-016 ) ) ;
#151 = CARTESIAN_POINT ( 'NONE',  ( 4.024999999999995900, 0.09999999999999982500, 1.749999999999996400 ) ) ;
#152 = DIRECTION ( 'NONE',  ( -0.0000000000000000000, -1.000000000000000000, -0.0000000000000000000 ) ) ;
#153 =( NAMED_UNIT ( * ) PLANE_ANGLE_UNIT ( ) SI_UNIT ( $, .RADIAN. ) );
#154 = VECTOR ( 'NONE', #12175, 1000.000000000000000 ) ;
#155 = LINE ( 'NONE', #3105, #10015 ) ;
#156 =( LENGTH_UNIT ( ) NAMED_UNIT ( * ) SI_UNIT ( .MILLI., .METRE. ) );
#157 = ORIENTED_EDGE ( 'NONE', *, *, #3584, .F. ) ;
#158 = ORIENTED_EDGE ( 'NONE', *, *, #12465, .F. ) ;
#159 = LINE ( 'NONE', #8157, #5414 ) ;
#160 = EDGE_CURVE ( 'NONE', #6187, #3707, #9215, .T. ) ;
#161 = UNCERTAINTY_MEASURE_WITH_UNIT (LENGTH_MEASURE( 1.000000000000000100E-005 ), #6562, 'distance_accuracy_value', 'NONE');
#162 = LINE ( 'NONE', #2952, #2474 ) ;
#163 = CARTESIAN_POINT ( 'NONE',  ( -0.7849999999999988100, 0.4249999999999998200, 0.04999999999999709500 ) ) ;
#164 = AXIS2_PLACEMENT_3D ( 'NONE', #1001, #7885, #2000 ) ;
#165 = COLOUR_RGB ( '',0.8000000000000000400, 0.8078431372549019800, 0.8000000000000000400 ) ;
#166 = ORIENTED_EDGE ( 'NONE', *, *, #9260, .F. ) ;
#167 = ORIENTED_EDGE ( 'NONE', *, *, #9664, .F. ) ;
#168 = FILL_AREA_STYLE ('',( #3122 ) ) ;
#169 = CARTESIAN_POINT ( 'NONE',  ( -5.149000000000000900, 1.100000000000000100, 0.2540000000000000000 ) ) ;
#170 = LINE ( 'NONE', #10778, #12726 ) ;
#171 =( LENGTH_UNIT ( ) NAMED_UNIT ( * ) SI_UNIT ( .MILLI., .METRE. ) );
#172 = EDGE_CURVE ( 'NONE', #11375, #8733, #11887, .T. ) ;
#173 = STYLED_ITEM ( 'NONE', ( #11635 ), #6379 ) ;
#174 =( NAMED_UNIT ( * ) SI_UNIT ( $, .STERADIAN. ) SOLID_ANGLE_UNIT ( ) );
#175 = ADVANCED_FACE ( 'NONE', ( #6602 ), #5558, .T. ) ;
#176 = UNCERTAINTY_MEASURE_WITH_UNIT (LENGTH_MEASURE( 1.000000000000000100E-005 ), #4231, 'distance_accuracy_value', 'NONE');
#177 = EDGE_CURVE ( 'NONE', #736, #5008, #10612, .T. ) ;
#178 = ORIENTED_EDGE ( 'NONE', *, *, #2070, .F. ) ;
#179 =( NAMED_UNIT ( * ) SI_UNIT ( $, .STERADIAN. ) SOLID_ANGLE_UNIT ( ) );
#180 = ORIENTED_EDGE ( 'NONE', *, *, #7534, .T. ) ;
#181 = MECHANICAL_DESIGN_GEOMETRIC_PRESENTATION_REPRESENTATION (  '', ( #11017 ), #845 ) ;
#182 = VERTEX_POINT ( 'NONE', #5541 ) ;
#183 = DIRECTION ( 'NONE',  ( 1.000000000000000000, 0.0000000000000000000, -3.942553354492747000E-016 ) ) ;
#184 = LINE ( 'NONE', #5534, #10363 ) ;
#185 = SURFACE_STYLE_USAGE ( .BOTH. , #6060 ) ;
#186 = EDGE_CURVE ( 'NONE', #6520, #12516, #5368, .T. ) ;
#187 = CARTESIAN_POINT ( 'NONE',  ( -0.6849999999999985000, 0.3499999999999997000, 3.999999999999993300 ) ) ;
#188 = EDGE_CURVE ( 'NONE', #6474, #815, #427, .T. ) ;
#189 =( LENGTH_UNIT ( ) NAMED_UNIT ( * ) SI_UNIT ( .MILLI., .METRE. ) );
#190 =( NAMED_UNIT ( * ) SI_UNIT ( $, .STERADIAN. ) SOLID_ANGLE_UNIT ( ) );
#191 = ORIENTED_EDGE ( 'NONE', *, *, #11784, .T. ) ;
#192 = AXIS2_PLACEMENT_3D ( 'NONE', #4754, #11680, #5740 ) ;
#193 = FACE_OUTER_BOUND ( 'NONE', #4486, .T. ) ;
#194 = CARTESIAN_POINT ( 'NONE',  ( 2.035000000000001000, 3.100000000000000100, 0.3499999999999989800 ) ) ;
#195 = VECTOR ( 'NONE', #62, 1000.000000000000000 ) ;
#196 = CARTESIAN_POINT ( 'NONE',  ( 1.049999999999999800, 2.600000000000000100, 0.2999999999999978800 ) ) ;
#197 = ORIENTED_EDGE ( 'NONE', *, *, #10444, .F. ) ;
#198 = LINE ( 'NONE', #1721, #2510 ) ;
#199 = CARTESIAN_POINT ( 'NONE',  ( -0.4649999999999988600, -0.3750000000000001100, 0.6499999999999975800 ) ) ;
#200 = CARTESIAN_POINT ( 'NONE',  ( 0.7850000000000010300, 3.100000000000000100, 0.09999999999999947800 ) ) ;
#201 = PRESENTATION_STYLE_ASSIGNMENT (( #11196 ) ) ;
#202 = CARTESIAN_POINT ( 'NONE',  ( 2.699999999999996600, 0.8499999999999996400, 3.074999999999987300 ) ) ;
#203 =( NAMED_UNIT ( * ) PLANE_ANGLE_UNIT ( ) SI_UNIT ( $, .RADIAN. ) );
#204 = CARTESIAN_POINT ( 'NONE',  ( 4.625000000000000900, 1.700000000000000000, 0.2999999999999971600 ) ) ;
#205 = MECHANICAL_DESIGN_GEOMETRIC_PRESENTATION_REPRESENTATION (  '', ( #11041 ), #864 ) ;
#206 = LINE ( 'NONE', #3424, #2834 ) ;
#207 = VERTEX_POINT ( 'NONE', #8242 ) ;
#208 = FACE_OUTER_BOUND ( 'NONE', #1323, .T. ) ;
#209 = ORIENTED_EDGE ( 'NONE', *, *, #5569, .F. ) ;
#210 =( NAMED_UNIT ( * ) PLANE_ANGLE_UNIT ( ) SI_UNIT ( $, .RADIAN. ) );
#211 = DIRECTION ( 'NONE',  ( 0.0000000000000000000, -1.294569758191648900E-016, 1.000000000000000000 ) ) ;
#212 = ORIENTED_EDGE ( 'NONE', *, *, #6544, .T. ) ;
#213 = VECTOR ( 'NONE', #6865, 1000.000000000000000 ) ;
#214 = FACE_OUTER_BOUND ( 'NONE', #5821, .T. ) ;
#215 = CARTESIAN_POINT ( 'NONE',  ( 5.099000000000001100, 1.100000000000000100, 1.225999999999999800 ) ) ;
#216 = PLANE ( 'NONE',  #2501 ) ;
#217 = LINE ( 'NONE', #10713, #10395 ) ;
#218 = STYLED_ITEM ( 'NONE', ( #10376 ), #9242 ) ;
#219 = FILL_AREA_STYLE_COLOUR ( '', #8267 ) ;
#220 = DIRECTION ( 'NONE',  ( 0.0000000000000000000, -0.7071067811865441300, 0.7071067811865510100 ) ) ;
#221 = ORIENTED_EDGE ( 'NONE', *, *, #4345, .F. ) ;
#222 = LINE ( 'NONE', #7944, #8068 ) ;
#223 = FACE_OUTER_BOUND ( 'NONE', #9962, .T. ) ;
#224 = DIRECTION ( 'NONE',  ( -1.000000000000000000, 0.0000000000000000000, 0.0000000000000000000 ) ) ;
#225 = CARTESIAN_POINT ( 'NONE',  ( -6.125000000000000000, 1.700000000000000000, 2.200000000000000200 ) ) ;
#226 = STYLED_ITEM ( 'NONE', ( #11708 ), #2013 ) ;
#227 = FILL_AREA_STYLE ('',( #8055 ) ) ;
#228 = CARTESIAN_POINT ( 'NONE',  ( 0.4650000000000010200, -0.6250000000000003300, 0.2999999999999964900 ) ) ;
#229 = CARTESIAN_POINT ( 'NONE',  ( 4.625000000000000900, 1.700000000000000200, 3.699999999999996600 ) ) ;
#230 = DIRECTION ( 'NONE',  ( 0.0000000000000000000, -1.070121624790885400E-015, 1.000000000000000000 ) ) ;
#231 = VECTOR ( 'NONE', #8397, 1000.000000000000000 ) ;
#232 = VECTOR ( 'NONE', #650, 1000.000000000000000 ) ;
#233 = VECTOR ( 'NONE', #5950, 1000.000000000000000 ) ;
#234 = ORIENTED_EDGE ( 'NONE', *, *, #38, .F. ) ;
#235 = SURFACE_STYLE_USAGE ( .BOTH. , #7845 ) ;
#236 = SURFACE_SIDE_STYLE ('',( #12721 ) ) ;
#237 = CARTESIAN_POINT ( 'NONE',  ( -0.4649999999999988600, 0.4249999999999998200, 3.999999999999993300 ) ) ;
#238 = VERTEX_POINT ( 'NONE', #8396 ) ;
#239 = ORIENTED_EDGE ( 'NONE', *, *, #3403, .F. ) ;
#240 = CARTESIAN_POINT ( 'NONE',  ( 1.715000000000001200, 2.350000000000003600, 0.6499999999999985800 ) ) ;
#241 = ADVANCED_FACE ( 'NONE', ( #10282 ), #7512, .F. ) ;
#242 = DIRECTION ( 'NONE',  ( 0.0000000000000000000, 0.0000000000000000000, -1.000000000000000000 ) ) ;
#243 = FILL_AREA_STYLE_COLOUR ( '', #6054 ) ;
#244 = FILL_AREA_STYLE_COLOUR ( '', #11293 ) ;
#245 = AXIS2_PLACEMENT_3D ( 'NONE', #9030, #3152, #10017 ) ;
#246 = DIRECTION ( 'NONE',  ( -0.0000000000000000000, -1.000000000000000000, -0.0000000000000000000 ) ) ;
#247 = VECTOR ( 'NONE', #1182, 1000.000000000000000 ) ;
#248 = VECTOR ( 'NONE', #8036, 1000.000000000000000 ) ;
#249 = COLOUR_RGB ( '',0.8000000000000000400, 0.8078431372549019800, 0.8000000000000000400 ) ;
#250 = DIRECTION ( 'NONE',  ( -1.000000000000000000, -0.0000000000000000000, -0.0000000000000000000 ) ) ;
#251 = ORIENTED_EDGE ( 'NONE', *, *, #4805, .F. ) ;
#252 = ORIENTED_EDGE ( 'NONE', *, *, #752, .T. ) ;
#253 = EDGE_LOOP ( 'NONE', ( #9240, #8014, #868, #7098 ) ) ;
#254 = DIRECTION ( 'NONE',  ( -1.000000000000000000, 0.0000000000000000000, 3.252606517456510300E-016 ) ) ;
#255 = EDGE_CURVE ( 'NONE', #11164, #7022, #106, .T. ) ;
#256 = ORIENTED_EDGE ( 'NONE', *, *, #1669, .F. ) ;
#257 = CARTESIAN_POINT ( 'NONE',  ( -5.319000000000000000, -1.100000000000000100, 1.055999999999999600 ) ) ;
#258 = DIRECTION ( 'NONE',  ( 2.154898855879345100E-016, 0.7071067811865446900, 0.7071067811865504600 ) ) ;
#259 = EDGE_CURVE ( 'NONE', #9380, #5806, #5046, .T. ) ;
#260 = ADVANCED_FACE ( 'NONE', ( #2416 ), #9572, .F. ) ;
#261 = VECTOR ( 'NONE', #2709, 1000.000000000000000 ) ;
#262 = LINE ( 'NONE', #9601, #5197 ) ;
#263 =( LENGTH_UNIT ( ) NAMED_UNIT ( * ) SI_UNIT ( .MILLI., .METRE. ) );
#264 = ORIENTED_EDGE ( 'NONE', *, *, #942, .F. ) ;
#265 = VECTOR ( 'NONE', #12338, 1000.000000000000000 ) ;
#266 = FILL_AREA_STYLE ('',( #11104 ) ) ;
#267 = ORIENTED_EDGE ( 'NONE', *, *, #11679, .T. ) ;
#268 = EDGE_CURVE ( 'NONE', #1600, #1934, #5417, .T. ) ;
#269 = ORIENTED_EDGE ( 'NONE', *, *, #2651, .T. ) ;
#270 = PLANE ( 'NONE',  #3888 ) ;
#271 = COLOUR_RGB ( '',0.8000000000000000400, 0.8078431372549019800, 0.8000000000000000400 ) ;
#272 = VECTOR ( 'NONE', #9170, 1000.000000000000000 ) ;
#273 = EDGE_CURVE ( 'NONE', #2953, #12174, #10345, .T. ) ;
#274 = CARTESIAN_POINT ( 'NONE',  ( 3.065000000000001700, -0.3750000000000005600, 3.999999999999993300 ) ) ;
#275 = EDGE_CURVE ( 'NONE', #8650, #11604, #162, .T. ) ;
#276 = CARTESIAN_POINT ( 'NONE',  ( 3.285000000000001500, -0.6250000000000003300, 0.6499999999999964700 ) ) ;
#277 = PRESENTATION_LAYER_ASSIGNMENT (  '', '', ( #11797 ) ) ;
#278 = VECTOR ( 'NONE', #6163, 1000.000000000000000 ) ;
#279 = ORIENTED_EDGE ( 'NONE', *, *, #8072, .T. ) ;
#280 = SURFACE_SIDE_STYLE ('',( #4301 ) ) ;
#281 = PLANE ( 'NONE',  #4014 ) ;
#282 = LINE ( 'NONE', #7802, #2906 ) ;
#283 = STYLED_ITEM ( 'NONE', ( #7031 ), #11402 ) ;
#284 = CARTESIAN_POINT ( 'NONE',  ( 4.024999999999995900, 0.8499999999999996400, 1.749999999999996400 ) ) ;
#285 = EDGE_CURVE ( 'NONE', #815, #6669, #8010, .T. ) ;
#286 = ORIENTED_EDGE ( 'NONE', *, *, #5775, .T. ) ;
#287 = CARTESIAN_POINT ( 'NONE',  ( -4.125000000000000000, 1.700000000000000000, 0.2999999999999998200 ) ) ;
#288 = DIRECTION ( 'NONE',  ( 0.0000000000000000000, -1.000000000000000000, 0.0000000000000000000 ) ) ;
#289 = DIRECTION ( 'NONE',  ( 0.0000000000000000000, 0.0000000000000000000, -1.000000000000000000 ) ) ;
#290 = ORIENTED_EDGE ( 'NONE', *, *, #10575, .F. ) ;
#291 = VERTEX_POINT ( 'NONE', #11730 ) ;
#292 = FILL_AREA_STYLE ('',( #7172 ) ) ;
#293 = CARTESIAN_POINT ( 'NONE',  ( -4.625000000000000900, -1.100000000000000100, 0.2999999999999999900 ) ) ;
#294 = DIRECTION ( 'NONE',  ( -0.0000000000000000000, 1.000000000000000000, 0.0000000000000000000 ) ) ;
#295 = FACE_OUTER_BOUND ( 'NONE', #428, .T. ) ;
#296 = UNCERTAINTY_MEASURE_WITH_UNIT (LENGTH_MEASURE( 1.000000000000000100E-005 ), #10639, 'distance_accuracy_value', 'NONE');
#297 =( LENGTH_UNIT ( ) NAMED_UNIT ( * ) SI_UNIT ( .MILLI., .METRE. ) );
#298 = DIRECTION ( 'NONE',  ( 0.0000000000000000000, 2.258754526011468200E-016, -1.000000000000000000 ) ) ;
#299 = EDGE_LOOP ( 'NONE', ( #4053, #9875, #10146, #10205 ) ) ;
#300 = LINE ( 'NONE', #8271, #2613 ) ;
#301 = DIRECTION ( 'NONE',  ( 3.051828337366604500E-016, -0.0000000000000000000, 1.000000000000000000 ) ) ;
#302 = ORIENTED_EDGE ( 'NONE', *, *, #9597, .T. ) ;
#303 = ORIENTED_EDGE ( 'NONE', *, *, #4720, .F. ) ;
#304 = CARTESIAN_POINT ( 'NONE',  ( 0.7850000000000018100, -0.3750000000000003300, 0.04999999999999709500 ) ) ;
#305 = VECTOR ( 'NONE', #8130, 1000.000000000000000 ) ;
#306 = CARTESIAN_POINT ( 'NONE',  ( 0.4650000000000010200, 0.4249999999999998200, 0.6499999999999978000 ) ) ;
#307 =( NAMED_UNIT ( * ) PLANE_ANGLE_UNIT ( ) SI_UNIT ( $, .RADIAN. ) );
#308 = ADVANCED_FACE ( 'NONE', ( #7401 ), #1558, .T. ) ;
#309 = COLOUR_RGB ( '',0.8000000000000000400, 0.8078431372549019800, 0.8000000000000000400 ) ;
#310 = CARTESIAN_POINT ( 'NONE',  ( 1.715000000000001200, 2.500000000000000000, -1.084202172485504400E-016 ) ) ;
#311 = AXIS2_PLACEMENT_3D ( 'NONE', #2654, #3650, #10549 ) ;
#312 = ORIENTED_EDGE ( 'NONE', *, *, #12127, .T. ) ;
#313 = VECTOR ( 'NONE', #4439, 1000.000000000000000 ) ;
#314 = DIRECTION ( 'NONE',  ( 0.0000000000000000000, -1.000000000000000000, 0.0000000000000000000 ) ) ;
#315 = FACE_BOUND ( 'NONE', #10912, .T. ) ;
#316 = ORIENTED_EDGE ( 'NONE', *, *, #12370, .T. ) ;
#317 = DIRECTION ( 'NONE',  ( -1.000000000000000000, 0.0000000000000000000, 0.0000000000000000000 ) ) ;
#318 = VECTOR ( 'NONE', #4299, 1000.000000000000000 ) ;
#319 =( GEOMETRIC_REPRESENTATION_CONTEXT ( 3 ) GLOBAL_UNCERTAINTY_ASSIGNED_CONTEXT ( ( #7351 ) ) GLOBAL_UNIT_ASSIGNED_CONTEXT ( ( #171, #7059, #1155 ) ) REPRESENTATION_CONTEXT ( 'NONE', 'WORKASPACE' ) );
#320 = ADVANCED_FACE ( 'NONE', ( #5098 ), #11798, .F. ) ;
#321 = ORIENTED_EDGE ( 'NONE', *, *, #8997, .F. ) ;
#322 = SURFACE_SIDE_STYLE ('',( #9112 ) ) ;
#323 = ORIENTED_EDGE ( 'NONE', *, *, #8023, .F. ) ;
#324 = LINE ( 'NONE', #10949, #6812 ) ;
#325 =( NAMED_UNIT ( * ) PLANE_ANGLE_UNIT ( ) SI_UNIT ( $, .RADIAN. ) );
#326 = DIRECTION ( 'NONE',  ( 0.0000000000000000000, 0.7071067811865453500, -0.7071067811865496800 ) ) ;
#327 = CARTESIAN_POINT ( 'NONE',  ( -0.7849999999999988100, 0.2499999999999996700, 0.2999999999999966000 ) ) ;
#328 = CARTESIAN_POINT ( 'NONE',  ( -2.300000000000000700, 2.600000000000000100, 0.6499999999999983600 ) ) ;
#329 = EDGE_CURVE ( 'NONE', #10150, #8627, #4797, .T. ) ;
#330 = DIRECTION ( 'NONE',  ( 0.0000000000000000000, 1.000000000000000000, -1.355252715606881500E-016 ) ) ;
#331 = DIRECTION ( 'NONE',  ( 1.000000000000000000, -9.035018104045859600E-017, 0.0000000000000000000 ) ) ;
#332 = COLOUR_RGB ( '',0.8000000000000000400, 0.8078431372549019800, 0.8000000000000000400 ) ;
#333 = EDGE_CURVE ( 'NONE', #6187, #11520, #12714, .T. ) ;
#334 = ORIENTED_EDGE ( 'NONE', *, *, #8269, .T. ) ;
#335 = ORIENTED_EDGE ( 'NONE', *, *, #4906, .F. ) ;
#336 = VECTOR ( 'NONE', #12585, 1000.000000000000000 ) ;
#337 = DIRECTION ( 'NONE',  ( -0.0000000000000000000, 0.7071067811865454600, 0.7071067811865495700 ) ) ;
#338 = SURFACE_STYLE_USAGE ( .BOTH. , #6230 ) ;
#339 = ORIENTED_EDGE ( 'NONE', *, *, #5781, .T. ) ;
#340 = MECHANICAL_DESIGN_GEOMETRIC_PRESENTATION_REPRESENTATION (  '', ( #11181 ), #991 ) ;
#341 = EDGE_CURVE ( 'NONE', #3697, #4848, #12404, .T. ) ;
#342 = DIRECTION ( 'NONE',  ( 1.000000000000000000, 0.0000000000000000000, -0.0000000000000000000 ) ) ;
#343 = EDGE_LOOP ( 'NONE', ( #6876, #7548, #12351, #11728 ) ) ;
#344 = DIRECTION ( 'NONE',  ( -2.304851557154560700E-017, 0.0000000000000000000, 1.000000000000000000 ) ) ;
#345 = PRESENTATION_STYLE_ASSIGNMENT (( #2661 ) ) ;
#346 = CARTESIAN_POINT ( 'NONE',  ( 2.499999999999999600, -0.3750000000000023300, 0.6499999999999980200 ) ) ;
#347 = ORIENTED_EDGE ( 'NONE', *, *, #1680, .F. ) ;
#348 = ORIENTED_EDGE ( 'NONE', *, *, #21, .T. ) ;
#349 = EDGE_CURVE ( 'NONE', #10126, #7484, #4506, .T. ) ;
#350 = FACE_OUTER_BOUND ( 'NONE', #10367, .T. ) ;
#351 = LINE ( 'NONE', #5780, #5466 ) ;
#352 = STYLED_ITEM ( 'NONE', ( #8783 ), #6633 ) ;
#353 =( LENGTH_UNIT ( ) NAMED_UNIT ( * ) SI_UNIT ( .MILLI., .METRE. ) );
#354 = EDGE_CURVE ( 'NONE', #10374, #5103, #12093, .T. ) ;
#355 = DIRECTION ( 'NONE',  ( -0.7071067811865483500, 0.0000000000000000000, 0.7071067811865468000 ) ) ;
#356 = FACE_OUTER_BOUND ( 'NONE', #7988, .T. ) ;
#357 = DIRECTION ( 'NONE',  ( 0.0000000000000000000, -1.000000000000000000, -1.070121624790885400E-015 ) ) ;
#358 =( GEOMETRIC_REPRESENTATION_CONTEXT ( 3 ) GLOBAL_UNCERTAINTY_ASSIGNED_CONTEXT ( ( #11965 ) ) GLOBAL_UNIT_ASSIGNED_CONTEXT ( ( #2727, #9603, #3725 ) ) REPRESENTATION_CONTEXT ( 'NONE', 'WORKASPACE' ) );
#359 = ORIENTED_EDGE ( 'NONE', *, *, #8234, .F. ) ;
#360 = DIRECTION ( 'NONE',  ( -1.000000000000000000, -0.0000000000000000000, -0.0000000000000000000 ) ) ;
#361 = ORIENTED_EDGE ( 'NONE', *, *, #30, .F. ) ;
#362 = EDGE_CURVE ( 'NONE', #11053, #7308, #9713, .T. ) ;
#363 = VECTOR ( 'NONE', #10632, 1000.000000000000100 ) ;
#364 = PRESENTATION_STYLE_ASSIGNMENT (( #5095 ) ) ;
#365 = LINE ( 'NONE', #1501, #54 ) ;
#366 = VERTEX_POINT ( 'NONE', #11444 ) ;
#367 = VECTOR ( 'NONE', #6947, 1000.000000000000000 ) ;
#368 = EDGE_CURVE ( 'NONE', #1053, #1575, #6489, .T. ) ;
#369 = SURFACE_SIDE_STYLE ('',( #7855 ) ) ;
#370 = CARTESIAN_POINT ( 'NONE',  ( 1.715000000000001200, -0.3750000000000001100, 0.04999999999999709500 ) ) ;
#371 = AXIS2_PLACEMENT_3D ( 'NONE', #5274, #6236, #342 ) ;
#372 =( NAMED_UNIT ( * ) SI_UNIT ( $, .STERADIAN. ) SOLID_ANGLE_UNIT ( ) );
#373 = DIRECTION ( 'NONE',  ( -1.000000000000000000, 0.0000000000000000000, 3.252606517456510300E-016 ) ) ;
#374 = MECHANICAL_DESIGN_GEOMETRIC_PRESENTATION_REPRESENTATION (  '', ( #11210 ), #1028 ) ;
#375 = ORIENTED_EDGE ( 'NONE', *, *, #9400, .T. ) ;
#376 = ADVANCED_FACE ( 'NONE', ( #6802 ), #9067, .T. ) ;
#377 = DIRECTION ( 'NONE',  ( 0.0000000000000000000, -0.0000000000000000000, -1.000000000000000000 ) ) ;
#378 = CARTESIAN_POINT ( 'NONE',  ( 0.7850000000000010300, 2.350000000000003600, 0.6499999999999985800 ) ) ;
#379 = LINE ( 'NONE', #10631, #66 ) ;
#380 = DIRECTION ( 'NONE',  ( 0.0000000000000000000, -1.000000000000000000, -2.032879073410321300E-016 ) ) ;
#381 = VERTEX_POINT ( 'NONE', #1417 ) ;
#382 = PLANE ( 'NONE',  #7495 ) ;
#383 = STYLED_ITEM ( 'NONE', ( #12300 ), #12384 ) ;
#384 = AXIS2_PLACEMENT_3D ( 'NONE', #8336, #517, #560 ) ;
#385 = DIRECTION ( 'NONE',  ( 0.0000000000000000000, -1.000000000000000000, 0.0000000000000000000 ) ) ;
#386 = FILL_AREA_STYLE ('',( #11179 ) ) ;
#387 = SURFACE_SIDE_STYLE ('',( #6587 ) ) ;
#388 = EDGE_LOOP ( 'NONE', ( #1397, #10207, #7543, #9881 ) ) ;
#389 = UNCERTAINTY_MEASURE_WITH_UNIT (LENGTH_MEASURE( 1.000000000000000100E-005 ), #6643, 'distance_accuracy_value', 'NONE');
#390 = SURFACE_SIDE_STYLE ('',( #12670 ) ) ;
#391 = LINE ( 'NONE', #4186, #2702 ) ;
#392 = FACE_OUTER_BOUND ( 'NONE', #4824, .T. ) ;
#393 = ADVANCED_FACE ( 'NONE', ( #10496 ), #10772, .T. ) ;
#394 = AXIS2_PLACEMENT_3D ( 'NONE', #2670, #9556, #3670 ) ;
#395 = SURFACE_SIDE_STYLE ('',( #9044 ) ) ;
#396 = VERTEX_POINT ( 'NONE', #6485 ) ;
#397 = VERTEX_POINT ( 'NONE', #5872 ) ;
#398 = FACE_OUTER_BOUND ( 'NONE', #2101, .T. ) ;
#399 = PLANE ( 'NONE',  #3903 ) ;
#400 = LINE ( 'NONE', #11657, #3030 ) ;
#401 = DIRECTION ( 'NONE',  ( 0.0000000000000000000, -0.0000000000000000000, 1.000000000000000000 ) ) ;
#402 = AXIS2_PLACEMENT_3D ( 'NONE', #11927, #11884, #11790 ) ;
#403 = ORIENTED_EDGE ( 'NONE', *, *, #5630, .F. ) ;
#404 = CARTESIAN_POINT ( 'NONE',  ( 0.7850000000000010300, 2.500000000000000000, -1.084202172485504400E-016 ) ) ;
#405 = EDGE_LOOP ( 'NONE', ( #11688, #4543, #4076, #6908 ) ) ;
#406 = ORIENTED_EDGE ( 'NONE', *, *, #7934, .T. ) ;
#407 = DIRECTION ( 'NONE',  ( -2.114887471287417600E-016, 0.7071067811865455700, -0.7071067811865493500 ) ) ;
#408 = ORIENTED_EDGE ( 'NONE', *, *, #9194, .F. ) ;
#409 = VECTOR ( 'NONE', #3880, 1000.000000000000000 ) ;
#410 = CARTESIAN_POINT ( 'NONE',  ( 1.715000000000001200, 0.4249999999999998200, 0.6499999999999964700 ) ) ;
#411 = FACE_OUTER_BOUND ( 'NONE', #6840, .T. ) ;
#412 = VERTEX_POINT ( 'NONE', #1832 ) ;
#413 = FACE_OUTER_BOUND ( 'NONE', #8998, .T. ) ;
#414 = EDGE_CURVE ( 'NONE', #2754, #12176, #2949, .T. ) ;
#415 = PLANE ( 'NONE',  #8686 ) ;
#416 = SURFACE_STYLE_USAGE ( .BOTH. , #6314 ) ;
#417 = EDGE_CURVE ( 'NONE', #3899, #6672, #7847, .T. ) ;
#418 = ORIENTED_EDGE ( 'NONE', *, *, #12698, .T. ) ;
#419 = DIRECTION ( 'NONE',  ( -1.000000000000000000, -0.0000000000000000000, -0.0000000000000000000 ) ) ;
#420 = PLANE ( 'NONE',  #7404 ) ;
#421 = STYLED_ITEM ( 'NONE', ( #3917 ), #5179 ) ;
#422 =( LENGTH_UNIT ( ) NAMED_UNIT ( * ) SI_UNIT ( .MILLI., .METRE. ) );
#423 = LINE ( 'NONE', #7393, #733 ) ;
#424 = ORIENTED_EDGE ( 'NONE', *, *, #604, .F. ) ;
#425 = VERTEX_POINT ( 'NONE', #5153 ) ;
#426 = PRESENTATION_STYLE_ASSIGNMENT (( #6144 ) ) ;
#427 = LINE ( 'NONE', #7801, #7964 ) ;
#428 = EDGE_LOOP ( 'NONE', ( #769, #1137, #9255, #9989 ) ) ;
#429 = CARTESIAN_POINT ( 'NONE',  ( 4.024999999999995900, 1.700000000000000200, 1.749999999999996400 ) ) ;
#430 = EDGE_CURVE ( 'NONE', #8341, #5551, #8, .T. ) ;
#431 = DIRECTION ( 'NONE',  ( 0.0000000000000000000, -2.258754526011467700E-016, 1.000000000000000000 ) ) ;
#432 =( NAMED_UNIT ( * ) SI_UNIT ( $, .STERADIAN. ) SOLID_ANGLE_UNIT ( ) );
#433 = DIRECTION ( 'NONE',  ( -1.084202172485505400E-015, 0.0000000000000000000, -1.000000000000000000 ) ) ;
#434 = ORIENTED_EDGE ( 'NONE', *, *, #6809, .F. ) ;
#435 = EDGE_CURVE ( 'NONE', #412, #11584, #5268, .T. ) ;
#436 = VECTOR ( 'NONE', #9382, 1000.000000000000000 ) ;
#437 = DIRECTION ( 'NONE',  ( 1.000000000000000000, 0.0000000000000000000, 2.304851557154560700E-017 ) ) ;
#438 = CARTESIAN_POINT ( 'NONE',  ( -6.325000000000000200, 1.100000000000000100, -5.421010862427522200E-017 ) ) ;
#439 = FACE_OUTER_BOUND ( 'NONE', #11588, .T. ) ;
#440 = ADVANCED_FACE ( 'NONE', ( #7542, #315 ), #2338, .F. ) ;
#441 = EDGE_CURVE ( 'NONE', #4018, #5939, #9855, .T. ) ;
#442 = ORIENTED_EDGE ( 'NONE', *, *, #11696, .T. ) ;
#443 = ORIENTED_EDGE ( 'NONE', *, *, #4971, .T. ) ;
#444 = ORIENTED_EDGE ( 'NONE', *, *, #6451, .F. ) ;
#445 = FILL_AREA_STYLE_COLOUR ( '', #860 ) ;
#446 = CARTESIAN_POINT ( 'NONE',  ( -0.7849999999999988100, -0.1500000000000003000, 0.1799999999999965800 ) ) ;
#447 = EDGE_CURVE ( 'NONE', #11066, #8731, #4939, .T. ) ;
#448 = LINE ( 'NONE', #5504, #3079 ) ;
#449 = DIRECTION ( 'NONE',  ( 0.0000000000000000000, -1.000000000000000000, -0.0000000000000000000 ) ) ;
#450 = LINE ( 'NONE', #3960, #12369 ) ;
#451 = CARTESIAN_POINT ( 'NONE',  ( -1.714999999999999000, -0.3750000000000005000, 3.499999999999986700 ) ) ;
#452 = SURFACE_SIDE_STYLE ('',( #12851 ) ) ;
#453 = ORIENTED_EDGE ( 'NONE', *, *, #9271, .F. ) ;
#454 = CLOSED_SHELL ( 'NONE', ( #6035, #10924, #3627, #3255, #4527, #12259, #6899, #8441, #7095, #12384, #10991, #3696, #2316, #8782, #572, #9346, #9878, #4333, #11529, #3905, #11861, #2241, #9156, #590 ) ) ;
#455 = LINE ( 'NONE', #1625, #5391 ) ;
#456 = ORIENTED_EDGE ( 'NONE', *, *, #11028, .F. ) ;
#457 = EDGE_LOOP ( 'NONE', ( #2246, #9006, #9414, #4102 ) ) ;
#458 = ADVANCED_FACE ( 'NONE', ( #2009 ), #6442, .T. ) ;
#459 =( GEOMETRIC_REPRESENTATION_CONTEXT ( 3 ) GLOBAL_UNCERTAINTY_ASSIGNED_CONTEXT ( ( #4651 ) ) GLOBAL_UNIT_ASSIGNED_CONTEXT ( ( #6216, #325, #7216 ) ) REPRESENTATION_CONTEXT ( 'NONE', 'WORKASPACE' ) );
#460 = DIRECTION ( 'NONE',  ( 1.000000000000000000, 0.0000000000000000000, 0.0000000000000000000 ) ) ;
#461 = LINE ( 'NONE', #5669, #5081 ) ;
#462 = CARTESIAN_POINT ( 'NONE',  ( -6.325000000000000200, -0.9000000000000000200, -5.421010862427522200E-017 ) ) ;
#463 =( LENGTH_UNIT ( ) NAMED_UNIT ( * ) SI_UNIT ( .MILLI., .METRE. ) );
#464 = DIRECTION ( 'NONE',  ( 0.0000000000000000000, 0.0000000000000000000, 1.000000000000000000 ) ) ;
#465 = UNCERTAINTY_MEASURE_WITH_UNIT (LENGTH_MEASURE( 1.000000000000000100E-005 ), #8411, 'distance_accuracy_value', 'NONE');
#466 = DIRECTION ( 'NONE',  ( 0.0000000000000000000, 0.0000000000000000000, -1.000000000000000000 ) ) ;
#467 = CARTESIAN_POINT ( 'NONE',  ( 3.285000000000001500, 0.2499999999999996700, 0.2999999999999966000 ) ) ;
#468 = CARTESIAN_POINT ( 'NONE',  ( 3.550000000000000300, 2.600000000000000100, 0.6499999999999973600 ) ) ;
#469 = DIRECTION ( 'NONE',  ( 0.0000000000000000000, -1.000000000000000000, 0.0000000000000000000 ) ) ;
#470 = AXIS2_PLACEMENT_3D ( 'NONE', #1717, #1911, #1782 ) ;
#471 = ORIENTED_EDGE ( 'NONE', *, *, #4254, .F. ) ;
#472 = VECTOR ( 'NONE', #1720, 1000.000000000000000 ) ;
#473 =( GEOMETRIC_REPRESENTATION_CONTEXT ( 3 ) GLOBAL_UNCERTAINTY_ASSIGNED_CONTEXT ( ( #10087 ) ) GLOBAL_UNIT_ASSIGNED_CONTEXT ( ( #2034, #8923, #3045 ) ) REPRESENTATION_CONTEXT ( 'NONE', 'WORKASPACE' ) );
#474 = FACE_OUTER_BOUND ( 'NONE', #12454, .T. ) ;
#475 = CARTESIAN_POINT ( 'NONE',  ( 2.035000000000001000, -0.6250000000000003300, 0.2999999999999964900 ) ) ;
#476 = FILL_AREA_STYLE_COLOUR ( '', #1386 ) ;
#478 = FACE_OUTER_BOUND ( 'NONE', #5446, .T. ) ;
#477 = PLANE ( 'NONE',  #9115 ) ;
#479 = LINE ( 'NONE', #6959, #8006 ) ;
#480 = ORIENTED_EDGE ( 'NONE', *, *, #3502, .T. ) ;
#481 = VERTEX_POINT ( 'NONE', #4031 ) ;
#482 = PLANE ( 'NONE',  #10206 ) ;
#483 = MECHANICAL_DESIGN_GEOMETRIC_PRESENTATION_REPRESENTATION (  '', ( #11316 ), #1122 ) ;
#484 = ORIENTED_EDGE ( 'NONE', *, *, #11172, .T. ) ;
#485 = CARTESIAN_POINT ( 'NONE',  ( 3.675000000000000700, 1.700000000000000400, 1.749999999999996400 ) ) ;
#486 = DIRECTION ( 'NONE',  ( -1.000000000000000000, 0.0000000000000000000, -1.875376730785737500E-016 ) ) ;
#487 = VECTOR ( 'NONE', #3141, 1000.000000000000000 ) ;
#488 = DIRECTION ( 'NONE',  ( 0.0000000000000000000, 1.000000000000000000, -1.355252715606881500E-016 ) ) ;
#489 = ORIENTED_EDGE ( 'NONE', *, *, #3254, .F. ) ;
#490 = ORIENTED_EDGE ( 'NONE', *, *, #12600, .F. ) ;
#491 = FACE_OUTER_BOUND ( 'NONE', #4500, .T. ) ;
#492 = PLANE ( 'NONE',  #3968 ) ;
#493 = DIRECTION ( 'NONE',  ( -1.000000000000000000, 1.807003620809171900E-016, 0.0000000000000000000 ) ) ;
#494 = ORIENTED_EDGE ( 'NONE', *, *, #21, .F. ) ;
#495 = STYLED_ITEM ( 'NONE', ( #1006 ), #3298 ) ;
#496 =( NAMED_UNIT ( * ) SI_UNIT ( $, .STERADIAN. ) SOLID_ANGLE_UNIT ( ) );
#497 = ORIENTED_EDGE ( 'NONE', *, *, #1705, .T. ) ;
#498 = LINE ( 'NONE', #4776, #1425 ) ;
#499 = CARTESIAN_POINT ( 'NONE',  ( -5.099000000000001100, 1.100000000000000100, 1.225999999999999800 ) ) ;
#500 = ORIENTED_EDGE ( 'NONE', *, *, #4799, .F. ) ;
#501 = ORIENTED_EDGE ( 'NONE', *, *, #12121, .F. ) ;
#502 = ADVANCED_FACE ( 'NONE', ( #7250 ), #3399, .F. ) ;
#503 = CARTESIAN_POINT ( 'NONE',  ( -4.024999999999999500, -1.000000000000000400, 4.699999999999995700 ) ) ;
#504 = EDGE_CURVE ( 'NONE', #143, #1410, #6935, .T. ) ;
#505 = SURFACE_SIDE_STYLE ('',( #4993 ) ) ;
#506 = PLANE ( 'NONE',  #10474 ) ;
#507 = EDGE_CURVE ( 'NONE', #10855, #8341, #9557, .T. ) ;
#508 = VECTOR ( 'NONE', #10696, 999.9999999999998900 ) ;
#509 = ORIENTED_EDGE ( 'NONE', *, *, #6726, .T. ) ;
#510 = LINE ( 'NONE', #429, #5749 ) ;
#511 = CIRCLE ( 'NONE', #8689, 0.05000000000000056500 ) ;
#512 = ORIENTED_EDGE ( 'NONE', *, *, #9003, .F. ) ;
#513 = DIRECTION ( 'NONE',  ( 0.0000000000000000000, -1.000000000000000000, -0.0000000000000000000 ) ) ;
#514 = CARTESIAN_POINT ( 'NONE',  ( 0.7850000000000010300, 2.999999999999999600, -1.761828530288944700E-016 ) ) ;
#515 = VECTOR ( 'NONE', #2656, 1000.000000000000000 ) ;
#516 = EDGE_CURVE ( 'NONE', #4909, #5665, #12551, .T. ) ;
#517 = DIRECTION ( 'NONE',  ( 0.0000000000000000000, 1.000000000000000000, -0.0000000000000000000 ) ) ;
#518 = DIRECTION ( 'NONE',  ( -0.5773502691896302800, 0.5773502691896257300, -0.5773502691896211800 ) ) ;
#519 = EDGE_LOOP ( 'NONE', ( #286, #5598, #2706, #6971 ) ) ;
#520 = LINE ( 'NONE', #4252, #2831 ) ;
#521 = ADVANCED_FACE ( 'NONE', ( #4038 ), #4099, .T. ) ;
#522 = SURFACE_STYLE_USAGE ( .BOTH. , #6419 ) ;
#523 = CARTESIAN_POINT ( 'NONE',  ( 1.049999999999999800, 2.600000000000000100, 0.2999999999999978800 ) ) ;
#524 = DIRECTION ( 'NONE',  ( 0.0000000000000000000, 1.000000000000000000, 1.141265444721583800E-016 ) ) ;
#525 = FACE_OUTER_BOUND ( 'NONE', #253, .T. ) ;
#526 = EDGE_CURVE ( 'NONE', #5349, #3742, #3100, .T. ) ;
#527 = EDGE_CURVE ( 'NONE', #1948, #1111, #10966, .T. ) ;
#528 = ORIENTED_EDGE ( 'NONE', *, *, #6199, .T. ) ;
#529 = MECHANICAL_DESIGN_GEOMETRIC_PRESENTATION_REPRESENTATION (  '', ( #11364 ), #1171 ) ;
#530 = LINE ( 'NONE', #12193, #8059 ) ;
#531 = ORIENTED_EDGE ( 'NONE', *, *, #1267, .F. ) ;
#532 = CARTESIAN_POINT ( 'NONE',  ( 2.035000000000001000, 3.100000000000000100, 0.3499999999999989800 ) ) ;
#533 =( GEOMETRIC_REPRESENTATION_CONTEXT ( 3 ) GLOBAL_UNCERTAINTY_ASSIGNED_CONTEXT ( ( #2126 ) ) GLOBAL_UNIT_ASSIGNED_CONTEXT ( ( #2220, #9132, #3251 ) ) REPRESENTATION_CONTEXT ( 'NONE', 'WORKASPACE' ) );
#534 = EDGE_CURVE ( 'NONE', #9425, #6507, #5708, .T. ) ;
#535 = CARTESIAN_POINT ( 'NONE',  ( -0.7849999999999988100, -0.3750000000000001100, 1.749999999999996400 ) ) ;
#536 = ORIENTED_EDGE ( 'NONE', *, *, #5656, .F. ) ;
#537 = LINE ( 'NONE', #9840, #2854 ) ;
#538 = COLOUR_RGB ( '',0.8000000000000000400, 0.8078431372549019800, 0.8000000000000000400 ) ;
#539 = VECTOR ( 'NONE', #1894, 1000.000000000000000 ) ;
#540 = CARTESIAN_POINT ( 'NONE',  ( -0.4649999999999988600, 0.2499999999999996700, 0.2999999999999966000 ) ) ;
#541 = DIRECTION ( 'NONE',  ( 0.0000000000000000000, 1.294569758191649100E-016, -1.000000000000000000 ) ) ;
#542 = ORIENTED_EDGE ( 'NONE', *, *, #1329, .T. ) ;
#544 = CARTESIAN_POINT ( 'NONE',  ( 4.324999999999995700, 0.09999999999999982500, 1.749999999999996400 ) ) ;
#543 = PLANE ( 'NONE',  #10726 ) ;
#545 = DIRECTION ( 'NONE',  ( -1.000000000000000000, -0.0000000000000000000, -0.0000000000000000000 ) ) ;
#546 = CARTESIAN_POINT ( 'NONE',  ( -3.284999999999998800, -0.1500000000000003000, 0.1799999999999965800 ) ) ;
#547 = UNCERTAINTY_MEASURE_WITH_UNIT (LENGTH_MEASURE( 1.000000000000000100E-005 ), #6270, 'distance_accuracy_value', 'NONE');
#548 = PLANE ( 'NONE',  #6612 ) ;
#549 = LINE ( 'NONE', #3531, #231 ) ;
#550 = AXIS2_PLACEMENT_3D ( 'NONE', #11997, #1124, #8011 ) ;
#551 = LINE ( 'NONE', #7479, #232 ) ;
#552 = ORIENTED_EDGE ( 'NONE', *, *, #12280, .T. ) ;
#553 = CARTESIAN_POINT ( 'NONE',  ( 4.625000000000000900, 2.299999999999998900, 1.749999999999996400 ) ) ;
#554 = LINE ( 'NONE', #69, #8079 ) ;
#555 = VERTEX_POINT ( 'NONE', #11685 ) ;
#556 = ORIENTED_EDGE ( 'NONE', *, *, #9761, .T. ) ;
#557 = EDGE_LOOP ( 'NONE', ( #10638, #3367, #11441, #6551 ) ) ;
#558 = FILL_AREA_STYLE ('',( #6456 ) ) ;
#559 = DIRECTION ( 'NONE',  ( 6.776263578034385000E-016, 1.000000000000000000, -0.0000000000000000000 ) ) ;
#560 = DIRECTION ( 'NONE',  ( 0.0000000000000000000, 0.0000000000000000000, 1.000000000000000000 ) ) ;
#561 = PLANE ( 'NONE',  #12471 ) ;
#562 = VECTOR ( 'NONE', #4382, 1000.000000000000000 ) ;
#563 = CARTESIAN_POINT ( 'NONE',  ( -4.625000000000000900, 2.600000000000000100, 0.2999999999999999900 ) ) ;
#564 = VECTOR ( 'NONE', #4058, 1000.000000000000000 ) ;
#565 = PRESENTATION_LAYER_ASSIGNMENT (  '', '', ( #12089 ) ) ;
#566 = CARTESIAN_POINT ( 'NONE',  ( 5.825000000000002000, 1.399999999999998600, 1.699999999999989700 ) ) ;
#567 = ORIENTED_EDGE ( 'NONE', *, *, #12474, .F. ) ;
#568 = VECTOR ( 'NONE', #5557, 1000.000000000000000 ) ;
#569 = DIRECTION ( 'NONE',  ( 0.0000000000000000000, 0.0000000000000000000, -1.000000000000000000 ) ) ;
#570 = UNCERTAINTY_MEASURE_WITH_UNIT (LENGTH_MEASURE( 1.000000000000000100E-005 ), #3025, 'distance_accuracy_value', 'NONE');
#571 = ORIENTED_EDGE ( 'NONE', *, *, #9344, .T. ) ;
#572 = ADVANCED_FACE ( 'NONE', ( #474 ), #12434, .T. ) ;
#573 = ORIENTED_EDGE ( 'NONE', *, *, #2562, .T. ) ;
#574 = VERTEX_POINT ( 'NONE', #10186 ) ;
#575 = FACE_OUTER_BOUND ( 'NONE', #8388, .T. ) ;
#576 = DIRECTION ( 'NONE',  ( 0.0000000000000000000, 1.000000000000000000, 0.0000000000000000000 ) ) ;
#577 = DIRECTION ( 'NONE',  ( -0.0000000000000000000, 1.000000000000000000, 0.0000000000000000000 ) ) ;
#578 = SURFACE_STYLE_FILL_AREA ( #9815 ) ;
#579 = MECHANICAL_DESIGN_GEOMETRIC_PRESENTATION_REPRESENTATION (  '', ( #11411 ), #1223 ) ;
#580 = VECTOR ( 'NONE', #8588, 1000.000000000000000 ) ;
#581 =( NAMED_UNIT ( * ) SI_UNIT ( $, .STERADIAN. ) SOLID_ANGLE_UNIT ( ) );
#582 = VECTOR ( 'NONE', #4698, 1000.000000000000000 ) ;
#583 = EDGE_LOOP ( 'NONE', ( #11006, #5507, #3492, #4792 ) ) ;
#584 = VECTOR ( 'NONE', #2402, 1000.000000000000000 ) ;
#585 = FACE_OUTER_BOUND ( 'NONE', #7053, .T. ) ;
#586 = ORIENTED_EDGE ( 'NONE', *, *, #7841, .T. ) ;
#587 = DIRECTION ( 'NONE',  ( 1.000000000000000000, 2.344220913482171700E-016, 0.0000000000000000000 ) ) ;
#588 = VERTEX_POINT ( 'NONE', #3547 ) ;
#589 = ORIENTED_EDGE ( 'NONE', *, *, #1523, .F. ) ;
#590 = ADVANCED_FACE ( 'NONE', ( #12085 ), #14, .F. ) ;
#591 = ORIENTED_EDGE ( 'NONE', *, *, #12203, .F. ) ;
#592 = DIRECTION ( 'NONE',  ( 0.0000000000000000000, -1.000000000000000000, -0.0000000000000000000 ) ) ;
#593 = CYLINDRICAL_SURFACE ( 'NONE', #1738, 0.05000000000000012800 ) ;
#594 = EDGE_CURVE ( 'NONE', #3096, #12534, #919, .T. ) ;
#595 = FILL_AREA_STYLE ('',( #12435 ) ) ;
#596 = ORIENTED_EDGE ( 'NONE', *, *, #38, .T. ) ;
#597 = VECTOR ( 'NONE', #9938, 1000.000000000000000 ) ;
#598 = CARTESIAN_POINT ( 'NONE',  ( 4.324999999999997500, 1.700000000000000200, 4.699999999999996600 ) ) ;
#599 = SURFACE_STYLE_FILL_AREA ( #9401 ) ;
#600 = ORIENTED_EDGE ( 'NONE', *, *, #5208, .F. ) ;
#601 = SURFACE_SIDE_STYLE ('',( #8666 ) ) ;
#602 =( GEOMETRIC_REPRESENTATION_CONTEXT ( 3 ) GLOBAL_UNCERTAINTY_ASSIGNED_CONTEXT ( ( #2115 ) ) GLOBAL_UNIT_ASSIGNED_CONTEXT ( ( #5279, #12214, #6242 ) ) REPRESENTATION_CONTEXT ( 'NONE', 'WORKASPACE' ) );
#603 = ORIENTED_EDGE ( 'NONE', *, *, #607, .T. ) ;
#604 = EDGE_CURVE ( 'NONE', #8299, #1600, #3564, .T. ) ;
#605 = VECTOR ( 'NONE', #250, 1000.000000000000000 ) ;
#606 = DIRECTION ( 'NONE',  ( 1.000000000000000000, 2.344220913482171700E-016, 0.0000000000000000000 ) ) ;
#607 = EDGE_CURVE ( 'NONE', #2276, #3186, #8456, .T. ) ;
#608 = CARTESIAN_POINT ( 'NONE',  ( 0.4650000000000010200, 0.4249999999999998200, 0.04999999999999709500 ) ) ;
#609 = ORIENTED_EDGE ( 'NONE', *, *, #3913, .T. ) ;
#610 = PRESENTATION_STYLE_ASSIGNMENT (( #1787 ) ) ;
#611 = AXIS2_PLACEMENT_3D ( 'NONE', #12797, #1965, #8842 ) ;
#612 = CARTESIAN_POINT ( 'NONE',  ( 3.550000000000000300, -1.100000000000000100, 0.6499999999999973600 ) ) ;
#613 = ORIENTED_EDGE ( 'NONE', *, *, #1067, .T. ) ;
#614 = ORIENTED_EDGE ( 'NONE', *, *, #5223, .F. ) ;
#615 = EDGE_CURVE ( 'NONE', #638, #10820, #11127, .T. ) ;
#616 = LINE ( 'NONE', #12828, #10791 ) ;
#617 = DIRECTION ( 'NONE',  ( 0.0000000000000000000, 1.000000000000000000, 2.032879073410321300E-016 ) ) ;
#618 = CARTESIAN_POINT ( 'NONE',  ( -1.714999999999998100, 0.4249999999999998200, 1.749999999999996400 ) ) ;
#619 = EDGE_CURVE ( 'NONE', #7445, #5349, #10803, .T. ) ;
#620 = SURFACE_STYLE_FILL_AREA ( #8728 ) ;
#621 = ORIENTED_EDGE ( 'NONE', *, *, #3098, .T. ) ;
#622 = FACE_OUTER_BOUND ( 'NONE', #4246, .T. ) ;
#623 = ORIENTED_EDGE ( 'NONE', *, *, #9433, .F. ) ;
#624 = ORIENTED_EDGE ( 'NONE', *, *, #6726, .F. ) ;
#625 = CARTESIAN_POINT ( 'NONE',  ( -4.845000000000000600, -1.100000000000000100, 1.225999999999999800 ) ) ;
#626 = EDGE_CURVE ( 'NONE', #4759, #9265, #3257, .T. ) ;
#627 = SURFACE_STYLE_USAGE ( .BOTH. , #6515 ) ;
#628 = VECTOR ( 'NONE', #9736, 1000.000000000000000 ) ;
#629 =( LENGTH_UNIT ( ) NAMED_UNIT ( * ) SI_UNIT ( .MILLI., .METRE. ) );
#630 =( GEOMETRIC_REPRESENTATION_CONTEXT ( 3 ) GLOBAL_UNCERTAINTY_ASSIGNED_CONTEXT ( ( #1667 ) ) GLOBAL_UNIT_ASSIGNED_CONTEXT ( ( #6009, #125, #7012 ) ) REPRESENTATION_CONTEXT ( 'NONE', 'WORKASPACE' ) );
#631 = VECTOR ( 'NONE', #5204, 1000.000000000000000 ) ;
#632 = ORIENTED_EDGE ( 'NONE', *, *, #11549, .T. ) ;
#633 = AXIS2_PLACEMENT_3D ( 'NONE', #8737, #9737, #3866 ) ;
#634 = VERTEX_POINT ( 'NONE', #2782 ) ;
#635 = PRESENTATION_LAYER_ASSIGNMENT (  '', '', ( #12154 ) ) ;
#636 = LINE ( 'NONE', #11347, #2946 ) ;
#637 = DIRECTION ( 'NONE',  ( -0.0000000000000000000, -1.000000000000000000, -0.0000000000000000000 ) ) ;
#638 = VERTEX_POINT ( 'NONE', #11850 ) ;
#639 = DIRECTION ( 'NONE',  ( 0.0000000000000000000, 0.0000000000000000000, -1.000000000000000000 ) ) ;
#640 = CARTESIAN_POINT ( 'NONE',  ( 2.035000000000001000, -0.1500000000000003300, 0.2999999999999965500 ) ) ;
#641 = SURFACE_SIDE_STYLE ('',( #11279 ) ) ;
#642 = CARTESIAN_POINT ( 'NONE',  ( -6.125000000000000000, -1.100000000000000100, -4.960040550996611700E-017 ) ) ;
#643 = EDGE_LOOP ( 'NONE', ( #12354, #803, #10851, #6920 ) ) ;
#644 = STYLED_ITEM ( 'NONE', ( #1430 ), #9357 ) ;
#645 = VERTEX_POINT ( 'NONE', #7313 ) ;
#646 = CARTESIAN_POINT ( 'NONE',  ( 0.7850000000000010300, 0.2499999999999996700, 0.2999999999999966000 ) ) ;
#647 = PLANE ( 'NONE',  #4363 ) ;
#648 = DIRECTION ( 'NONE',  ( 0.7071067811865446900, 0.7071067811865503500, 0.0000000000000000000 ) ) ;
#649 = ADVANCED_FACE ( 'NONE', ( #5254 ), #1889, .F. ) ;
#650 = DIRECTION ( 'NONE',  ( 0.0000000000000000000, 0.0000000000000000000, 1.000000000000000000 ) ) ;
#651 = ORIENTED_EDGE ( 'NONE', *, *, #11174, .T. ) ;
#652 = LINE ( 'NONE', #2965, #2963 ) ;
#653 = PRESENTATION_LAYER_ASSIGNMENT (  '', '', ( #12171 ) ) ;
#654 = CARTESIAN_POINT ( 'NONE',  ( 4.625000000000000900, -1.100000000000000300, 0.2999999999999971600 ) ) ;
#655 = VERTEX_POINT ( 'NONE', #6956 ) ;
#656 = PRESENTATION_LAYER_ASSIGNMENT (  '', '', ( #12173 ) ) ;
#657 = ORIENTED_EDGE ( 'NONE', *, *, #3333, .T. ) ;
#658 = DIRECTION ( 'NONE',  ( 0.0000000000000000000, 0.0000000000000000000, 1.000000000000000000 ) ) ;
#659 = VERTEX_POINT ( 'NONE', #9767 ) ;
#660 =( NAMED_UNIT ( * ) PLANE_ANGLE_UNIT ( ) SI_UNIT ( $, .RADIAN. ) );
#661 = ORIENTED_EDGE ( 'NONE', *, *, #9333, .T. ) ;
#662 = LINE ( 'NONE', #7508, #8492 ) ;
#663 = VERTEX_POINT ( 'NONE', #1583 ) ;
#664 = ORIENTED_EDGE ( 'NONE', *, *, #1329, .F. ) ;
#665 = ORIENTED_EDGE ( 'NONE', *, *, #12112, .F. ) ;
#666 = DIRECTION ( 'NONE',  ( -1.000000000000000000, -0.0000000000000000000, -0.0000000000000000000 ) ) ;
#667 = CARTESIAN_POINT ( 'NONE',  ( -5.149000000000000900, -1.100000000000000100, -2.710505431213761100E-017 ) ) ;
#668 =( GEOMETRIC_REPRESENTATION_CONTEXT ( 3 ) GLOBAL_UNCERTAINTY_ASSIGNED_CONTEXT ( ( #11068 ) ) GLOBAL_UNIT_ASSIGNED_CONTEXT ( ( #3448, #10325, #4440 ) ) REPRESENTATION_CONTEXT ( 'NONE', 'WORKASPACE' ) );
#669 =( NAMED_UNIT ( * ) PLANE_ANGLE_UNIT ( ) SI_UNIT ( $, .RADIAN. ) );
#670 = DIRECTION ( 'NONE',  ( 0.0000000000000000000, -1.294569758191648900E-016, 1.000000000000000000 ) ) ;
#671 = VECTOR ( 'NONE', #1618, 1000.000000000000000 ) ;
#672 = ORIENTED_EDGE ( 'NONE', *, *, #2506, .F. ) ;
#673 = LINE ( 'NONE', #2177, #10864 ) ;
#674 = VECTOR ( 'NONE', #5676, 1000.000000000000000 ) ;
#675 = EDGE_CURVE ( 'NONE', #11740, #4399, #2621, .T. ) ;
#676 =( NAMED_UNIT ( * ) PLANE_ANGLE_UNIT ( ) SI_UNIT ( $, .RADIAN. ) );
#677 = VECTOR ( 'NONE', #59, 1000.000000000000000 ) ;
#678 = DIRECTION ( 'NONE',  ( 1.000000000000000000, 0.0000000000000000000, 0.0000000000000000000 ) ) ;
#679 = DIRECTION ( 'NONE',  ( -1.000000000000000000, -0.0000000000000000000, -0.0000000000000000000 ) ) ;
#680 = ORIENTED_EDGE ( 'NONE', *, *, #3936, .F. ) ;
#681 = CARTESIAN_POINT ( 'NONE',  ( -0.7849999999999988100, 3.100000000000000100, 0.3499999999999989800 ) ) ;
#682 = EDGE_CURVE ( 'NONE', #11257, #10162, #7833, .T. ) ;
#683 = FILL_AREA_STYLE_COLOUR ( '', #7878 ) ;
#684 = SURFACE_SIDE_STYLE ('',( #2875 ) ) ;
#685 = VERTEX_POINT ( 'NONE', #9614 ) ;
#686 = EDGE_CURVE ( 'NONE', #10998, #9965, #5555, .T. ) ;
#687 = CARTESIAN_POINT ( 'NONE',  ( 2.035000000000001000, 3.000000000000000000, 0.4499999999999998400 ) ) ;
#688 = VECTOR ( 'NONE', #2516, 1000.000000000000000 ) ;
#689 = VECTOR ( 'NONE', #5030, 1000.000000000000000 ) ;
#690 = PLANE ( 'NONE',  #5281 ) ;
#691 =( NAMED_UNIT ( * ) PLANE_ANGLE_UNIT ( ) SI_UNIT ( $, .RADIAN. ) );
#692 = EDGE_CURVE ( 'NONE', #3488, #2765, #12857, .T. ) ;
#693 = EDGE_CURVE ( 'NONE', #3297, #8901, #7532, .T. ) ;
#694 =( GEOMETRIC_REPRESENTATION_CONTEXT ( 3 ) GLOBAL_UNCERTAINTY_ASSIGNED_CONTEXT ( ( #3319 ) ) GLOBAL_UNIT_ASSIGNED_CONTEXT ( ( #4177, #11067, #5148 ) ) REPRESENTATION_CONTEXT ( 'NONE', 'WORKASPACE' ) );
#695 = ORIENTED_EDGE ( 'NONE', *, *, #8165, .F. ) ;
#696 = ORIENTED_EDGE ( 'NONE', *, *, #8237, .T. ) ;
#697 = DIRECTION ( 'NONE',  ( -1.000000000000000000, 0.0000000000000000000, 0.0000000000000000000 ) ) ;
#698 = DIRECTION ( 'NONE',  ( 0.0000000000000000000, 0.0000000000000000000, -1.000000000000000000 ) ) ;
#699 = VERTEX_POINT ( 'NONE', #8210 ) ;
#700 = CARTESIAN_POINT ( 'NONE',  ( -2.964999999999998100, 0.4249999999999998200, 1.749999999999996400 ) ) ;
#701 = DIRECTION ( 'NONE',  ( 0.0000000000000000000, -0.0000000000000000000, -1.000000000000000000 ) ) ;
#702 = ORIENTED_EDGE ( 'NONE', *, *, #8343, .F. ) ;
#703 = CARTESIAN_POINT ( 'NONE',  ( 2.965000000000001600, 0.2499999999999996700, 0.2999999999999966000 ) ) ;
#704 = EDGE_CURVE ( 'NONE', #3648, #9763, #1997, .T. ) ;
#705 = VERTEX_POINT ( 'NONE', #7939 ) ;
#706 = DIRECTION ( 'NONE',  ( 0.0000000000000000000, 1.000000000000000000, 1.070121624790885400E-015 ) ) ;
#707 = DIRECTION ( 'NONE',  ( -3.051828337366604500E-016, 0.0000000000000000000, -1.000000000000000000 ) ) ;
#708 = ADVANCED_FACE ( 'NONE', ( #4632 ), #10407, .F. ) ;
#709 = VECTOR ( 'NONE', #6262, 1000.000000000000000 ) ;
#710 =( GEOMETRIC_REPRESENTATION_CONTEXT ( 3 ) GLOBAL_UNCERTAINTY_ASSIGNED_CONTEXT ( ( #6547 ) ) GLOBAL_UNIT_ASSIGNED_CONTEXT ( ( #10270, #2447, #9753 ) ) REPRESENTATION_CONTEXT ( 'NONE', 'WORKASPACE' ) );
#711 = ORIENTED_EDGE ( 'NONE', *, *, #9805, .T. ) ;
#712 = COLOUR_RGB ( '',0.8000000000000000400, 0.8078431372549019800, 0.8000000000000000400 ) ;
#713 = SURFACE_SIDE_STYLE ('',( #6557 ) ) ;
#714 = ORIENTED_EDGE ( 'NONE', *, *, #9735, .T. ) ;
#715 = AXIS2_PLACEMENT_3D ( 'NONE', #11424, #1760, #8613 ) ;
#716 = DIRECTION ( 'NONE',  ( -1.000000000000000000, 0.0000000000000000000, 0.0000000000000000000 ) ) ;
#717 = CARTESIAN_POINT ( 'NONE',  ( -4.624999999999999100, 2.299999999999999800, 3.699999999999996600 ) ) ;
#718 = CARTESIAN_POINT ( 'NONE',  ( 5.625000000000000000, 1.700000000000000000, 0.2999999999999999300 ) ) ;
#719 = CARTESIAN_POINT ( 'NONE',  ( -2.964999999999999000, -0.1500000000000003000, 0.1799999999999965800 ) ) ;
#720 = FACE_OUTER_BOUND ( 'NONE', #5339, .T. ) ;
#721 = EDGE_LOOP ( 'NONE', ( #6954, #11569, #614, #792 ) ) ;
#722 = LINE ( 'NONE', #11430, #10910 ) ;
#723 =( GEOMETRIC_REPRESENTATION_CONTEXT ( 3 ) GLOBAL_UNCERTAINTY_ASSIGNED_CONTEXT ( ( #8506 ) ) GLOBAL_UNIT_ASSIGNED_CONTEXT ( ( #4243, #4039, #4077 ) ) REPRESENTATION_CONTEXT ( 'NONE', 'WORKASPACE' ) );
#724 = ORIENTED_EDGE ( 'NONE', *, *, #6629, .F. ) ;
#725 = CARTESIAN_POINT ( 'NONE',  ( 2.299999999999999800, -1.100000000000000100, 0.6499999999999975800 ) ) ;
#726 = CARTESIAN_POINT ( 'NONE',  ( -1.814999999999998600, -0.3750000000000005600, 3.999999999999993300 ) ) ;
#727 = DIRECTION ( 'NONE',  ( 0.0000000000000000000, 0.0000000000000000000, -1.000000000000000000 ) ) ;
#728 = DIRECTION ( 'NONE',  ( 0.0000000000000000000, -0.0000000000000000000, -1.000000000000000000 ) ) ;
#729 = COLOUR_RGB ( '',0.8000000000000000400, 0.8078431372549019800, 0.8000000000000000400 ) ;
#730 = CARTESIAN_POINT ( 'NONE',  ( -0.7849999999999988100, -0.3750000000000001100, 0.6499999999999980200 ) ) ;
#731 = CARTESIAN_POINT ( 'NONE',  ( -0.7849999999999988100, 0.4249999999999998200, 1.749999999999996400 ) ) ;
#732 = CARTESIAN_POINT ( 'NONE',  ( -5.099000000000001100, -1.100000000000000100, 1.225999999999999800 ) ) ;
#733 = VECTOR ( 'NONE', #518, 1000.000000000000100 ) ;
#734 = ORIENTED_EDGE ( 'NONE', *, *, #7204, .F. ) ;
#735 = SURFACE_STYLE_FILL_AREA ( #5181 ) ;
#736 = VERTEX_POINT ( 'NONE', #1847 ) ;
#737 = CLOSED_SHELL ( 'NONE', ( #5251, #3503, #8981, #5934, #376, #7852, #9424, #3167, #12647, #2377, #12, #6239, #9487, #5818, #9793, #260 ) ) ;
#738 = ORIENTED_EDGE ( 'NONE', *, *, #3411, .F. ) ;
#739 = ORIENTED_EDGE ( 'NONE', *, *, #7373, .F. ) ;
#740 =( NAMED_UNIT ( * ) PLANE_ANGLE_UNIT ( ) SI_UNIT ( $, .RADIAN. ) );
#741 = LINE ( 'NONE', #9810, #3373 ) ;
#742 = PRESENTATION_LAYER_ASSIGNMENT (  '', '', ( #12269 ) ) ;
#743 = CARTESIAN_POINT ( 'NONE',  ( -4.625000000000000900, 2.600000000000000100, 0.2999999999999999900 ) ) ;
#744 = VECTOR ( 'NONE', #10915, 1000.000000000000000 ) ;
#745 = FILL_AREA_STYLE_COLOUR ( '', #4608 ) ;
#746 = FILL_AREA_STYLE_COLOUR ( '', #2131 ) ;
#747 = LINE ( 'NONE', #10839, #7364 ) ;
#748 = EDGE_LOOP ( 'NONE', ( #5530, #4949, #39, #10887 ) ) ;
#749 = ORIENTED_EDGE ( 'NONE', *, *, #3421, .F. ) ;
#750 = EDGE_CURVE ( 'NONE', #10390, #2468, #9846, .T. ) ;
#751 = ORIENTED_EDGE ( 'NONE', *, *, #1901, .F. ) ;
#752 = EDGE_CURVE ( 'NONE', #6284, #659, #12539, .T. ) ;
#753 = CARTESIAN_POINT ( 'NONE',  ( -5.865000000000000200, -1.100000000000000100, 1.055999999999999800 ) ) ;
#754 = COLOUR_RGB ( '',0.8000000000000000400, 0.8078431372549019800, 0.8000000000000000400 ) ;
#755 = CARTESIAN_POINT ( 'NONE',  ( 3.285000000000001500, -0.3750000000000005000, 3.499999999999986700 ) ) ;
#756 = ORIENTED_EDGE ( 'NONE', *, *, #1413, .T. ) ;
#757 = LINE ( 'NONE', #8436, #5693 ) ;
#758 = EDGE_CURVE ( 'NONE', #10028, #2945, #4329, .T. ) ;
#759 = ORIENTED_EDGE ( 'NONE', *, *, #7573, .T. ) ;
#760 = ORIENTED_EDGE ( 'NONE', *, *, #3844, .F. ) ;
#761 = FILL_AREA_STYLE_COLOUR ( '', #4066 ) ;
#762 = EDGE_CURVE ( 'NONE', #12224, #1653, #11916, .T. ) ;
#763 = CARTESIAN_POINT ( 'NONE',  ( 6.125000000000000000, 1.700000000000000000, 2.200000000000000200 ) ) ;
#764 = PRESENTATION_LAYER_ASSIGNMENT (  '', '', ( #97 ) ) ;
#766 = LINE ( 'NONE', #2641, #8304 ) ;
#765 = DIRECTION ( 'NONE',  ( 0.0000000000000000000, 0.0000000000000000000, 1.000000000000000000 ) ) ;
#767 = FACE_BOUND ( 'NONE', #3964, .T. ) ;
#768 = ADVANCED_FACE ( 'NONE', ( #6627 ), #10378, .T. ) ;
#769 = ORIENTED_EDGE ( 'NONE', *, *, #7355, .T. ) ;
#770 =( LENGTH_UNIT ( ) NAMED_UNIT ( * ) SI_UNIT ( .MILLI., .METRE. ) );
#771 = ORIENTED_EDGE ( 'NONE', *, *, #1669, .T. ) ;
#772 = LINE ( 'NONE', #4642, #472 ) ;
#773 = DIRECTION ( 'NONE',  ( 0.0000000000000000000, -1.000000000000000000, 1.355252715606881500E-016 ) ) ;
#774 =( GEOMETRIC_REPRESENTATION_CONTEXT ( 3 ) GLOBAL_UNCERTAINTY_ASSIGNED_CONTEXT ( ( #5437 ) ) GLOBAL_UNIT_ASSIGNED_CONTEXT ( ( #11851, #5887, #4 ) ) REPRESENTATION_CONTEXT ( 'NONE', 'WORKASPACE' ) );
#775 = EDGE_CURVE ( 'NONE', #5590, #3858, #3091, .T. ) ;
#776 = LINE ( 'NONE', #276, #10971 ) ;
#777 = CARTESIAN_POINT ( 'NONE',  ( 4.024999999999995900, 0.8499999999999996400, 4.399999999999994100 ) ) ;
#778 = DIRECTION ( 'NONE',  ( 0.5773502691896296200, -0.5773502691896250600, -0.5773502691896225100 ) ) ;
#779 = ORIENTED_EDGE ( 'NONE', *, *, #7188, .T. ) ;
#780 = FILL_AREA_STYLE_COLOUR ( '', #12679 ) ;
#781 = EDGE_CURVE ( 'NONE', #366, #6519, #10640, .T. ) ;
#782 = VERTEX_POINT ( 'NONE', #1541 ) ;
#783 = ORIENTED_EDGE ( 'NONE', *, *, #3082, .F. ) ;
#784 = DIRECTION ( 'NONE',  ( 0.0000000000000000000, 0.7071067811865439100, -0.7071067811865512400 ) ) ;
#785 = MECHANICAL_DESIGN_GEOMETRIC_PRESENTATION_REPRESENTATION (  '', ( #11638 ), #1451 ) ;
#786 = FILL_AREA_STYLE ('',( #6653 ) ) ;
#787 = ORIENTED_EDGE ( 'NONE', *, *, #6080, .T. ) ;
#788 = ORIENTED_EDGE ( 'NONE', *, *, #8904, .F. ) ;
#789 = AXIS2_PLACEMENT_3D ( 'NONE', #6459, #7477, #8373 ) ;
#790 = LINE ( 'NONE', #146, #487 ) ;
#791 = DIRECTION ( 'NONE',  ( 0.0000000000000000000, -1.204669080539448900E-016, -1.000000000000000000 ) ) ;
#792 = ORIENTED_EDGE ( 'NONE', *, *, #10952, .F. ) ;
#793 = ORIENTED_EDGE ( 'NONE', *, *, #8102, .F. ) ;
#794 = LINE ( 'NONE', #4737, #10988 ) ;
#795 = DIRECTION ( 'NONE',  ( -1.000000000000000000, 0.0000000000000000000, 0.0000000000000000000 ) ) ;
#796 = DIRECTION ( 'NONE',  ( 0.0000000000000000000, -0.0000000000000000000, 1.000000000000000000 ) ) ;
#797 =( NAMED_UNIT ( * ) PLANE_ANGLE_UNIT ( ) SI_UNIT ( $, .RADIAN. ) );
#798 = DIRECTION ( 'NONE',  ( 0.0000000000000000000, 1.000000000000000000, 1.141265444721583800E-016 ) ) ;
#799 = AXIS2_PLACEMENT_3D ( 'NONE', #7947, #2059, #8942 ) ;
#800 = ORIENTED_EDGE ( 'NONE', *, *, #8657, .T. ) ;
#801 = EDGE_LOOP ( 'NONE', ( #2459, #4281, #4216, #3909 ) ) ;
#802 = ORIENTED_EDGE ( 'NONE', *, *, #10503, .T. ) ;
#803 = ORIENTED_EDGE ( 'NONE', *, *, #5221, .F. ) ;
#804 = SURFACE_STYLE_USAGE ( .BOTH. , #6710 ) ;
#805 = FILL_AREA_STYLE_COLOUR ( '', #2595 ) ;
#806 = DIRECTION ( 'NONE',  ( -0.0000000000000000000, 1.000000000000000000, 0.0000000000000000000 ) ) ;
#807 = DIRECTION ( 'NONE',  ( 0.0000000000000000000, -2.258754526011467700E-016, 1.000000000000000000 ) ) ;
#808 = CARTESIAN_POINT ( 'NONE',  ( -1.050000000000000900, 2.600000000000000100, 0.6499999999999980200 ) ) ;
#809 = AXIS2_PLACEMENT_3D ( 'NONE', #5159, #6125, #242 ) ;
#810 = VECTOR ( 'NONE', #8771, 1000.000000000000000 ) ;
#811 = ORIENTED_EDGE ( 'NONE', *, *, #3011, .F. ) ;
#812 =( GEOMETRIC_REPRESENTATION_CONTEXT ( 3 ) GLOBAL_UNCERTAINTY_ASSIGNED_CONTEXT ( ( #11813 ) ) GLOBAL_UNIT_ASSIGNED_CONTEXT ( ( #353, #307, #174 ) ) REPRESENTATION_CONTEXT ( 'NONE', 'WORKASPACE' ) );
#813 = VERTEX_POINT ( 'NONE', #2517 ) ;
#814 = LINE ( 'NONE', #5594, #4082 ) ;
#815 = VERTEX_POINT ( 'NONE', #1245 ) ;
#816 = PLANE ( 'NONE',  #4321 ) ;
#817 = LINE ( 'NONE', #7115, #8355 ) ;
#818 = CARTESIAN_POINT ( 'NONE',  ( -3.064999999999998600, -0.2500000000000006700, 3.999999999999993300 ) ) ;
#819 = DIRECTION ( 'NONE',  ( 0.0000000000000000000, -0.7071067811865431300, 0.7071067811865520100 ) ) ;
#820 = CARTESIAN_POINT ( 'NONE',  ( 6.325000000000000200, 1.100000000000000100, -5.421010862427522200E-017 ) ) ;
#821 = EDGE_CURVE ( 'NONE', #1828, #11787, #10315, .T. ) ;
#822 = VECTOR ( 'NONE', #4339, 1000.000000000000100 ) ;
#823 = ORIENTED_EDGE ( 'NONE', *, *, #626, .T. ) ;
#824 = FACE_OUTER_BOUND ( 'NONE', #10096, .T. ) ;
#825 = EDGE_LOOP ( 'NONE', ( #4955, #11660, #2966, #3733 ) ) ;
#826 = AXIS2_PLACEMENT_3D ( 'NONE', #5983, #98, #6986 ) ;
#827 = ADVANCED_FACE ( 'NONE', ( #7993 ), #4857, .T. ) ;
#828 = ORIENTED_EDGE ( 'NONE', *, *, #12533, .T. ) ;
#829 = DIRECTION ( 'NONE',  ( 0.0000000000000000000, 0.0000000000000000000, 1.000000000000000000 ) ) ;
#830 = CARTESIAN_POINT ( 'NONE',  ( -0.4649999999999988600, 0.4249999999999998200, 0.6499999999999964700 ) ) ;
#831 = ORIENTED_EDGE ( 'NONE', *, *, #8421, .F. ) ;
#832 =( NAMED_UNIT ( * ) PLANE_ANGLE_UNIT ( ) SI_UNIT ( $, .RADIAN. ) );
#833 = EDGE_CURVE ( 'NONE', #9187, #6497, #461, .T. ) ;
#834 = ORIENTED_EDGE ( 'NONE', *, *, #10491, .T. ) ;
#835 = CARTESIAN_POINT ( 'NONE',  ( 4.625000000000000900, 2.600000000000000100, 4.699999999999997500 ) ) ;
#836 = CARTESIAN_POINT ( 'NONE',  ( 6.125000000000000000, 1.700000000000000000, 2.200000000000000200 ) ) ;
#837 = PRESENTATION_LAYER_ASSIGNMENT (  '', '', ( #173 ) ) ;
#838 = ORIENTED_EDGE ( 'NONE', *, *, #8519, .T. ) ;
#839 =( NAMED_UNIT ( * ) PLANE_ANGLE_UNIT ( ) SI_UNIT ( $, .RADIAN. ) );
#840 = PRESENTATION_STYLE_ASSIGNMENT (( #9121 ) ) ;
#841 = CARTESIAN_POINT ( 'NONE',  ( -0.4649999999999988600, 3.100000000000000100, 0.09999999999999947800 ) ) ;
#842 = VECTOR ( 'NONE', #1360, 1000.000000000000000 ) ;
#843 = LINE ( 'NONE', #892, #539 ) ;
#844 = EDGE_CURVE ( 'NONE', #7935, #5633, #134, .T. ) ;
#845 =( GEOMETRIC_REPRESENTATION_CONTEXT ( 3 ) GLOBAL_UNCERTAINTY_ASSIGNED_CONTEXT ( ( #1259 ) ) GLOBAL_UNIT_ASSIGNED_CONTEXT ( ( #9353, #3471, #10355 ) ) REPRESENTATION_CONTEXT ( 'NONE', 'WORKASPACE' ) );
#846 = SURFACE_STYLE_USAGE ( .BOTH. , #1094 ) ;
#847 = PLANE ( 'NONE',  #8083 ) ;
#848 = EDGE_CURVE ( 'NONE', #6504, #291, #2452, .T. ) ;
#849 = CARTESIAN_POINT ( 'NONE',  ( -3.284999999999998800, 0.4249999999999998200, 1.749999999999996400 ) ) ;
#850 = CARTESIAN_POINT ( 'NONE',  ( 6.325000000000000200, 1.100000000000000100, 0.2539999999999999500 ) ) ;
#851 = ORIENTED_EDGE ( 'NONE', *, *, #368, .F. ) ;
#852 = LINE ( 'NONE', #11834, #11048 ) ;
#853 = CARTESIAN_POINT ( 'NONE',  ( 2.965000000000001600, 0.4249999999999998200, 0.6499999999999964700 ) ) ;
#854 = CARTESIAN_POINT ( 'NONE',  ( 3.285000000000001500, 0.2499999999999996700, 0.1799999999999966600 ) ) ;
#855 = EDGE_CURVE ( 'NONE', #11683, #3678, #2773, .T. ) ;
#856 = ORIENTED_EDGE ( 'NONE', *, *, #2596, .F. ) ;
#857 = PRESENTATION_LAYER_ASSIGNMENT (  '', '', ( #12395 ) ) ;
#858 = ORIENTED_EDGE ( 'NONE', *, *, #9017, .T. ) ;
#859 = SURFACE_SIDE_STYLE ('',( #8345 ) ) ;
#860 = COLOUR_RGB ( '',0.8000000000000000400, 0.8078431372549019800, 0.8000000000000000400 ) ;
#861 = CARTESIAN_POINT ( 'NONE',  ( -2.649999999999999900, -1.100000000000000100, 3.249999999999996000 ) ) ;
#862 = LINE ( 'NONE', #3104, #564 ) ;
#863 = SURFACE_STYLE_USAGE ( .BOTH. , #6774 ) ;
#864 =( GEOMETRIC_REPRESENTATION_CONTEXT ( 3 ) GLOBAL_UNCERTAINTY_ASSIGNED_CONTEXT ( ( #2511 ) ) GLOBAL_UNIT_ASSIGNED_CONTEXT ( ( #8444, #2563, #9451 ) ) REPRESENTATION_CONTEXT ( 'NONE', 'WORKASPACE' ) );
#865 = ORIENTED_EDGE ( 'NONE', *, *, #2064, .F. ) ;
#866 = FACE_OUTER_BOUND ( 'NONE', #1466, .T. ) ;
#867 = VECTOR ( 'NONE', #10883, 1000.000000000000200 ) ;
#868 = ORIENTED_EDGE ( 'NONE', *, *, #1511, .F. ) ;
#869 = DIRECTION ( 'NONE',  ( -1.000000000000000000, -0.0000000000000000000, -0.0000000000000000000 ) ) ;
#870 = VECTOR ( 'NONE', #11581, 1000.000000000000000 ) ;
#872 = VECTOR ( 'NONE', #10560, 1000.000000000000000 ) ;
#871 = CARTESIAN_POINT ( 'NONE',  ( 3.049999999999999800, -1.100000000000000100, 2.099999999999996100 ) ) ;
#873 = AXIS2_PLACEMENT_3D ( 'NONE', #12218, #6247, #357 ) ;
#874 = VECTOR ( 'NONE', #8554, 999.9999999999998900 ) ;
#875 = LINE ( 'NONE', #7261, #5518 ) ;
#876 = EDGE_LOOP ( 'NONE', ( #10571, #11799, #12576, #5079 ) ) ;
#877 = CARTESIAN_POINT ( 'NONE',  ( 6.125000000000000000, -1.100000000000000100, 2.200000000000000200 ) ) ;
#878 = PLANE ( 'NONE',  #10893 ) ;
#879 = ORIENTED_EDGE ( 'NONE', *, *, #5454, .T. ) ;
#880 = DIRECTION ( 'NONE',  ( 0.0000000000000000000, -0.7071067811865512400, -0.7071067811865439100 ) ) ;
#881 = PRESENTATION_STYLE_ASSIGNMENT (( #2345 ) ) ;
#882 = LINE ( 'NONE', #11701, #6102 ) ;
#883 = AXIS2_PLACEMENT_3D ( 'NONE', #7156, #5322, #5193 ) ;
#884 = CARTESIAN_POINT ( 'NONE',  ( 4.625000000000000900, 1.399999999999998600, 1.699999999999989700 ) ) ;
#885 = PLANE ( 'NONE',  #10021 ) ;
#886 = DIRECTION ( 'NONE',  ( 1.000000000000000000, 0.0000000000000000000, 0.0000000000000000000 ) ) ;
#887 = LINE ( 'NONE', #3608, #11091 ) ;
#888 = EDGE_LOOP ( 'NONE', ( #1849, #12575, #3383, #11755, #7743, #3409, #6394, #6890 ) ) ;
#889 = ADVANCED_FACE ( 'NONE', ( #12381 ), #1670, .F. ) ;
#890 = LINE ( 'NONE', #8263, #605 ) ;
#891 = CARTESIAN_POINT ( 'NONE',  ( -0.5612352941176458300, 0.3528235294117643100, 3.981176470588228400 ) ) ;
#892 = CARTESIAN_POINT ( 'NONE',  ( -0.0000000000000000000, 0.4249999999999998200, 0.6499999999999985800 ) ) ;
#893 = FACE_OUTER_BOUND ( 'NONE', #5897, .T. ) ;
#894 = VECTOR ( 'NONE', #6521, 1000.000000000000000 ) ;
#895 = CARTESIAN_POINT ( 'NONE',  ( -2.964999999999999000, 3.100000000000000100, 0.09999999999999947800 ) ) ;
#896 = PRESENTATION_STYLE_ASSIGNMENT (( #10040 ) ) ;
#897 = DIRECTION ( 'NONE',  ( 1.000000000000000000, 0.0000000000000000000, -3.047487187526822800E-016 ) ) ;
#898 = ORIENTED_EDGE ( 'NONE', *, *, #10065, .F. ) ;
#899 = CARTESIAN_POINT ( 'NONE',  ( 5.645000000000000500, 1.100000000000000100, 1.529999999999999800 ) ) ;
#900 = ORIENTED_EDGE ( 'NONE', *, *, #8657, .F. ) ;
#901 = EDGE_LOOP ( 'NONE', ( #1701, #5721, #8706, #4803 ) ) ;
#902 = CARTESIAN_POINT ( 'NONE',  ( 4.845000000000000600, -1.100000000000000100, 0.3039999999999999400 ) ) ;
#903 = STYLED_ITEM ( 'NONE', ( #4094 ), #4842 ) ;
#904 = DIRECTION ( 'NONE',  ( 0.0000000000000000000, 1.000000000000000000, 0.0000000000000000000 ) ) ;
#905 = VECTOR ( 'NONE', #3748, 1000.000000000000000 ) ;
#906 = DIRECTION ( 'NONE',  ( 0.0000000000000000000, -1.000000000000000000, -2.258754526011468200E-016 ) ) ;
#907 = FACE_OUTER_BOUND ( 'NONE', #9098, .T. ) ;
#908 = DIRECTION ( 'NONE',  ( -0.0000000000000000000, 1.000000000000000000, -0.0000000000000000000 ) ) ;
#909 = VECTOR ( 'NONE', #10701, 1000.000000000000000 ) ;
#910 = EDGE_CURVE ( 'NONE', #6138, #1111, #1213, .T. ) ;
#911 = ORIENTED_EDGE ( 'NONE', *, *, #9571, .T. ) ;
#912 = ORIENTED_EDGE ( 'NONE', *, *, #526, .T. ) ;
#913 = ADVANCED_FACE ( 'NONE', ( #6132, #11423 ), #4613, .F. ) ;
#914 = ORIENTED_EDGE ( 'NONE', *, *, #7521, .F. ) ;
#915 = ORIENTED_EDGE ( 'NONE', *, *, #4741, .T. ) ;
#916 = SURFACE_STYLE_FILL_AREA ( #10760 ) ;
#917 = EDGE_CURVE ( 'NONE', #425, #1731, #3553, .T. ) ;
#918 = DIRECTION ( 'NONE',  ( -0.0000000000000000000, 0.0000000000000000000, 1.000000000000000000 ) ) ;
#919 = LINE ( 'NONE', #2203, #6145 ) ;
#920 = SURFACE_STYLE_USAGE ( .BOTH. , #6829 ) ;
#921 = DIRECTION ( 'NONE',  ( 0.0000000000000000000, -0.7071067811865441300, 0.7071067811865510100 ) ) ;
#922 = SURFACE_SIDE_STYLE ('',( #7738 ) ) ;
#923 = EDGE_CURVE ( 'NONE', #7510, #12667, #11112, .T. ) ;
#924 = CARTESIAN_POINT ( 'NONE',  ( -2.649999999999999900, -0.6999999999999988500, 3.249999999999996000 ) ) ;
#925 = LINE ( 'NONE', #10101, #5846 ) ;
#926 = VERTEX_POINT ( 'NONE', #8872 ) ;
#927 = EDGE_CURVE ( 'NONE', #10402, #9801, #616, .T. ) ;
#928 = FILL_AREA_STYLE ('',( #1010 ) ) ;
#929 = DIRECTION ( 'NONE',  ( -0.9805806756909207800, 0.0000000000000000000, -0.1961161351381809400 ) ) ;
#930 = EDGE_CURVE ( 'NONE', #5248, #10387, #3242, .T. ) ;
#931 =( LENGTH_UNIT ( ) NAMED_UNIT ( * ) SI_UNIT ( .MILLI., .METRE. ) );
#932 = MECHANICAL_DESIGN_GEOMETRIC_PRESENTATION_REPRESENTATION (  '', ( #11797 ), #1613 ) ;
#933 = FILL_AREA_STYLE ('',( #805 ) ) ;
#934 = PLANE ( 'NONE',  #2685 ) ;
#935 = CARTESIAN_POINT ( 'NONE',  ( -4.625000000000000900, 1.700000000000000000, 0.04999999999999996800 ) ) ;
#936 = SURFACE_STYLE_FILL_AREA ( #2078 ) ;
#937 = DIRECTION ( 'NONE',  ( 0.0000000000000000000, 0.0000000000000000000, -1.000000000000000000 ) ) ;
#938 = DIRECTION ( 'NONE',  ( -2.304851557154560700E-017, 0.0000000000000000000, 1.000000000000000000 ) ) ;
#939 = ORIENTED_EDGE ( 'NONE', *, *, #10503, .F. ) ;
#940 = AXIS2_PLACEMENT_3D ( 'NONE', #2583, #648, #7515 ) ;
#941 = ORIENTED_EDGE ( 'NONE', *, *, #12284, .T. ) ;
#942 = EDGE_CURVE ( 'NONE', #2639, #3862, #8443, .T. ) ;
#943 = CARTESIAN_POINT ( 'NONE',  ( 5.865000000000003800, -1.100000000000000100, 1.055999999999996500 ) ) ;
#944 = CARTESIAN_POINT ( 'NONE',  ( 2.965000000000001600, 2.500000000000000000, -1.084202172485504400E-016 ) ) ;
#945 = AXIS2_PLACEMENT_3D ( 'NONE', #2471, #4225, #2247 ) ;
#946 = ORIENTED_EDGE ( 'NONE', *, *, #12552, .F. ) ;
#947 = LINE ( 'NONE', #3925, #8477 ) ;
#948 = UNCERTAINTY_MEASURE_WITH_UNIT (LENGTH_MEASURE( 1.000000000000000100E-005 ), #5717, 'distance_accuracy_value', 'NONE');
#949 = ORIENTED_EDGE ( 'NONE', *, *, #11775, .T. ) ;
#950 = ORIENTED_EDGE ( 'NONE', *, *, #930, .F. ) ;
#951 =( NAMED_UNIT ( * ) SI_UNIT ( $, .STERADIAN. ) SOLID_ANGLE_UNIT ( ) );
#952 = DIRECTION ( 'NONE',  ( 0.0000000000000000000, -1.000000000000000000, 0.0000000000000000000 ) ) ;
#953 = ORIENTED_EDGE ( 'NONE', *, *, #160, .F. ) ;
#954 = ADVANCED_FACE ( 'NONE', ( #295 ), #9591, .T. ) ;
#955 = CARTESIAN_POINT ( 'NONE',  ( 3.285000000000001500, 3.100000000000000100, 0.3499999999999989800 ) ) ;
#956 = DIRECTION ( 'NONE',  ( 1.000000000000000000, 0.0000000000000000000, -3.047487187526822800E-016 ) ) ;
#957 = DIRECTION ( 'NONE',  ( -1.000000000000000000, 0.0000000000000000000, 0.0000000000000000000 ) ) ;
#958 = PRESENTATION_STYLE_ASSIGNMENT (( #8903 ) ) ;
#959 = ORIENTED_EDGE ( 'NONE', *, *, #6114, .F. ) ;
#960 = LINE ( 'NONE', #12493, #10847 ) ;
#961 = CARTESIAN_POINT ( 'NONE',  ( -0.4649999999999979700, 7.400697423109247700E-017, 0.6499999999999980200 ) ) ;
#962 = EDGE_LOOP ( 'NONE', ( #1907, #9379, #10967, #8867 ) ) ;
#963 = ORIENTED_EDGE ( 'NONE', *, *, #3594, .T. ) ;
#964 = DIRECTION ( 'NONE',  ( -4.371782953570583600E-016, 0.0000000000000000000, -1.000000000000000000 ) ) ;
#965 = CARTESIAN_POINT ( 'NONE',  ( -0.7849999999999988100, 2.350000000000003600, 0.6499999999999985800 ) ) ;
#966 = CARTESIAN_POINT ( 'NONE',  ( -0.2000000000000000900, 2.600000000000000100, 0.6499999999999980200 ) ) ;
#967 = STYLED_ITEM ( 'NONE', ( #8611 ), #10138 ) ;
#968 = LINE ( 'NONE', #10435, #8202 ) ;
#969 = VERTEX_POINT ( 'NONE', #5038 ) ;
#970 = LINE ( 'NONE', #11093, #5894 ) ;
#971 = VECTOR ( 'NONE', #3649, 1000.000000000000000 ) ;
#972 = SURFACE_STYLE_USAGE ( .BOTH. , #5682 ) ;
#973 = CARTESIAN_POINT ( 'NONE',  ( 0.7850000000000010300, 2.200000000000004200, 0.2999999999999988800 ) ) ;
#974 = LINE ( 'NONE', #11958, #677 ) ;
#975 = CARTESIAN_POINT ( 'NONE',  ( 2.035000000000001000, 3.100000000000000100, 0.3499999999999989800 ) ) ;
#976 = ADVANCED_FACE ( 'NONE', ( #10475 ), #5886, .T. ) ;
#977 = CARTESIAN_POINT ( 'NONE',  ( 2.965000000000001600, 0.4249999999999998200, 0.04999999999999709500 ) ) ;
#978 = DIRECTION ( 'NONE',  ( 0.0000000000000000000, 0.7071067811865495700, -0.7071067811865454600 ) ) ;
#979 = PLANE ( 'NONE',  #5114 ) ;
#980 = AXIS2_PLACEMENT_3D ( 'NONE', #4546, #5531, #12467 ) ;
#981 = VERTEX_POINT ( 'NONE', #9219 ) ;
#982 = SURFACE_STYLE_FILL_AREA ( #1407 ) ;
#983 = PLANE ( 'NONE',  #4064 ) ;
#984 = EDGE_CURVE ( 'NONE', #7484, #10795, #9533, .T. ) ;
#985 = LINE ( 'NONE', #6441, #5907 ) ;
#986 = LINE ( 'NONE', #6999, #8840 ) ;
#987 = CARTESIAN_POINT ( 'NONE',  ( 3.285000000000001500, 2.350000000000003600, 0.6499999999999985800 ) ) ;
#988 = EDGE_CURVE ( 'NONE', #5284, #4672, #6911, .T. ) ;
#989 = DIRECTION ( 'NONE',  ( 0.0000000000000000000, -1.000000000000000000, -1.167602339599771500E-015 ) ) ;
#990 = FILL_AREA_STYLE_COLOUR ( '', #9650 ) ;
#991 =( GEOMETRIC_REPRESENTATION_CONTEXT ( 3 ) GLOBAL_UNCERTAINTY_ASSIGNED_CONTEXT ( ( #389 ) ) GLOBAL_UNIT_ASSIGNED_CONTEXT ( ( #6643, #740, #7607 ) ) REPRESENTATION_CONTEXT ( 'NONE', 'WORKASPACE' ) );
#992 = EDGE_CURVE ( 'NONE', #12195, #12489, #5539, .T. ) ;
#993 = VECTOR ( 'NONE', #11555, 1000.000000000000000 ) ;
#994 = VECTOR ( 'NONE', #5722, 1000.000000000000000 ) ;
#995 = ORIENTED_EDGE ( 'NONE', *, *, #2223, .F. ) ;
#996 = DIRECTION ( 'NONE',  ( -0.0000000000000000000, 0.0000000000000000000, 1.000000000000000000 ) ) ;
#997 = ORIENTED_EDGE ( 'NONE', *, *, #5465, .T. ) ;
#998 = EDGE_CURVE ( 'NONE', #1134, #9652, #1692, .T. ) ;
#999 = PRESENTATION_LAYER_ASSIGNMENT (  '', '', ( #352 ) ) ;
#1000 = UNCERTAINTY_MEASURE_WITH_UNIT (LENGTH_MEASURE( 1.000000000000000100E-005 ), #9547, 'distance_accuracy_value', 'NONE');
#1001 = CARTESIAN_POINT ( 'NONE',  ( 5.149000000000000900, 1.100000000000000100, -2.710505431213761100E-017 ) ) ;
#1002 = UNCERTAINTY_MEASURE_WITH_UNIT (LENGTH_MEASURE( 1.000000000000000100E-005 ), #1226, 'distance_accuracy_value', 'NONE');
#1003 = CARTESIAN_POINT ( 'NONE',  ( -5.825000000000000200, -0.8000000000000001600, 2.200000000000000200 ) ) ;
#1004 = EDGE_CURVE ( 'NONE', #4577, #685, #6613, .T. ) ;
#1005 = LINE ( 'NONE', #3314, #8235 ) ;
#1006 = PRESENTATION_STYLE_ASSIGNMENT (( #6175 ) ) ;
#1007 = ORIENTED_EDGE ( 'NONE', *, *, #9733, .F. ) ;
#1008 = SURFACE_STYLE_FILL_AREA ( #266 ) ;
#1009 = ORIENTED_EDGE ( 'NONE', *, *, #354, .T. ) ;
#1010 = FILL_AREA_STYLE_COLOUR ( '', #3991 ) ;
#1011 = PLANE ( 'NONE',  #4573 ) ;
#1012 = PLANE ( 'NONE',  #2521 ) ;
#1013 = SURFACE_STYLE_USAGE ( .BOTH. , #6351 ) ;
#1014 = EDGE_CURVE ( 'NONE', #2353, #8639, #11905, .T. ) ;
#1015 = DIRECTION ( 'NONE',  ( 0.0000000000000000000, 0.0000000000000000000, -1.000000000000000000 ) ) ;
#1016 = ORIENTED_EDGE ( 'NONE', *, *, #2921, .F. ) ;
#1017 = ORIENTED_EDGE ( 'NONE', *, *, #6380, .T. ) ;
#1018 = ORIENTED_EDGE ( 'NONE', *, *, #5316, .F. ) ;
#1019 = ORIENTED_EDGE ( 'NONE', *, *, #7348, .T. ) ;
#1020 = ADVANCED_FACE ( 'NONE', ( #3698 ), #12232, .T. ) ;
#1021 = DIRECTION ( 'NONE',  ( 0.0000000000000000000, -1.000000000000000000, -2.032879073410321300E-016 ) ) ;
#1022 = EDGE_CURVE ( 'NONE', #9140, #3898, #122, .T. ) ;
#1023 = LINE ( 'NONE', #6769, #11230 ) ;
#1024 = ORIENTED_EDGE ( 'NONE', *, *, #11614, .F. ) ;
#1025 = PRESENTATION_LAYER_ASSIGNMENT (  '', '', ( #12562 ) ) ;
#1026 = SURFACE_STYLE_FILL_AREA ( #12486 ) ;
#1027 = ORIENTED_EDGE ( 'NONE', *, *, #10502, .T. ) ;
#1028 =( GEOMETRIC_REPRESENTATION_CONTEXT ( 3 ) GLOBAL_UNCERTAINTY_ASSIGNED_CONTEXT ( ( #10365 ) ) GLOBAL_UNIT_ASSIGNED_CONTEXT ( ( #1378, #8240, #2357 ) ) REPRESENTATION_CONTEXT ( 'NONE', 'WORKASPACE' ) );
#1029 = CARTESIAN_POINT ( 'NONE',  ( -3.550000000000001200, 2.600000000000000100, 0.2999999999999985500 ) ) ;
#1030 = DIRECTION ( 'NONE',  ( 0.0000000000000000000, 1.000000000000000000, 0.0000000000000000000 ) ) ;
#1031 = ORIENTED_EDGE ( 'NONE', *, *, #2919, .F. ) ;
#1032 = VECTOR ( 'NONE', #9161, 1000.000000000000000 ) ;
#1033 = AXIS2_PLACEMENT_3D ( 'NONE', #11297, #5380, #12321 ) ;
#1034 = PRESENTATION_LAYER_ASSIGNMENT (  '', '', ( #12564 ) ) ;
#1035 = LINE ( 'NONE', #9296, #11556 ) ;
#1036 = ORIENTED_EDGE ( 'NONE', *, *, #2233, .T. ) ;
#1037 = CARTESIAN_POINT ( 'NONE',  ( -5.099000000000000200, 1.200000000000000000, 1.275999999999999600 ) ) ;
#1038 = ORIENTED_EDGE ( 'NONE', *, *, #9751, .F. ) ;
#1039 = LINE ( 'NONE', #12084, #3675 ) ;
#1040 =( NAMED_UNIT ( * ) PLANE_ANGLE_UNIT ( ) SI_UNIT ( $, .RADIAN. ) );
#1041 = ORIENTED_EDGE ( 'NONE', *, *, #3827, .F. ) ;
#1042 = ORIENTED_EDGE ( 'NONE', *, *, #10874, .T. ) ;
#1043 = ADVANCED_FACE ( 'NONE', ( #10300 ), #7476, .T. ) ;
#1044 = VECTOR ( 'NONE', #8852, 1000.000000000000000 ) ;
#1045 = PRESENTATION_LAYER_ASSIGNMENT (  '', '', ( #12574 ) ) ;
#1046 = LINE ( 'NONE', #2982, #11253 ) ;
#1047 = SURFACE_SIDE_STYLE ('',( #4544 ) ) ;
#1048 = CARTESIAN_POINT ( 'NONE',  ( 0.7850000000000018100, -0.3750000000000003300, 0.6499999999999978000 ) ) ;
#1049 = ORIENTED_EDGE ( 'NONE', *, *, #2333, .T. ) ;
#1050 = CARTESIAN_POINT ( 'NONE',  ( 4.125000000000000000, -1.100000000000000500, 0.04999999999999731000 ) ) ;
#1051 = DIRECTION ( 'NONE',  ( -1.000000000000000000, 0.0000000000000000000, -0.0000000000000000000 ) ) ;
#1052 = ORIENTED_EDGE ( 'NONE', *, *, #1698, .T. ) ;
#1053 = VERTEX_POINT ( 'NONE', #7462 ) ;
#1054 = CARTESIAN_POINT ( 'NONE',  ( 0.4650000000000010200, 2.500000000000000000, -1.084202172485504400E-016 ) ) ;
#1055 = PRESENTATION_STYLE_ASSIGNMENT (( #1013 ) ) ;
#1056 = STYLED_ITEM ( 'NONE', ( #3217 ), #2316 ) ;
#1057 = FILL_AREA_STYLE_COLOUR ( '', #10090 ) ;
#1059 = VECTOR ( 'NONE', #2683, 1000.000000000000000 ) ;
#1058 = DIRECTION ( 'NONE',  ( 0.0000000000000000000, -0.0000000000000000000, 1.000000000000000000 ) ) ;
#1060 = VERTEX_POINT ( 'NONE', #9873 ) ;
#1061 = LINE ( 'NONE', #3524, #3393 ) ;
#1062 = CARTESIAN_POINT ( 'NONE',  ( 4.324999999999995700, 0.09999999999999982500, 4.699999999999996600 ) ) ;
#1063 = ORIENTED_EDGE ( 'NONE', *, *, #4952, .F. ) ;
#1064 = ORIENTED_EDGE ( 'NONE', *, *, #9260, .T. ) ;
#1065 = CARTESIAN_POINT ( 'NONE',  ( 0.7850000000000010300, 0.4249999999999998200, 0.6499999999999964700 ) ) ;
#1066 = EDGE_CURVE ( 'NONE', #9688, #11719, #7977, .T. ) ;
#1067 = EDGE_CURVE ( 'NONE', #10633, #6780, #5062, .T. ) ;
#1068 = DIRECTION ( 'NONE',  ( 1.000000000000000000, 0.0000000000000000000, -0.0000000000000000000 ) ) ;
#1069 = CARTESIAN_POINT ( 'NONE',  ( 4.024999999999995900, 1.700000000000000200, 4.399999999999994100 ) ) ;
#1070 = LINE ( 'NONE', #3619, #2776 ) ;
#1071 = AXIS2_PLACEMENT_3D ( 'NONE', #8656, #2787, #9667 ) ;
#1072 = CARTESIAN_POINT ( 'NONE',  ( -2.964999999999999000, 0.3499999999999997000, 3.999999999999993300 ) ) ;
#1073 = ORIENTED_EDGE ( 'NONE', *, *, #3168, .F. ) ;
#1074 = LINE ( 'NONE', #7545, #9256 ) ;
#1075 = CARTESIAN_POINT ( 'NONE',  ( -2.700000000000000200, -1.100000000000000300, 0.2999999999999985500 ) ) ;
#1076 = EDGE_CURVE ( 'NONE', #6506, #2675, #7659, .T. ) ;
#1077 = AXIS2_PLACEMENT_3D ( 'NONE', #5351, #4403, #11307 ) ;
#1078 = ADVANCED_FACE ( 'NONE', ( #2124 ), #11096, .F. ) ;
#1079 = FACE_OUTER_BOUND ( 'NONE', #5885, .T. ) ;
#1080 = EDGE_CURVE ( 'NONE', #5975, #10151, #12368, .T. ) ;
#1081 = VERTEX_POINT ( 'NONE', #5540 ) ;
#1082 = ORIENTED_EDGE ( 'NONE', *, *, #594, .T. ) ;
#1083 = SURFACE_STYLE_FILL_AREA ( #7129 ) ;
#1084 = DIRECTION ( 'NONE',  ( 0.0000000000000000000, 1.000000000000000000, 0.0000000000000000000 ) ) ;
#1085 = CARTESIAN_POINT ( 'NONE',  ( -2.964999999999999000, -0.6250000000000003300, 0.2999999999999964900 ) ) ;
#1086 = FILL_AREA_STYLE_COLOUR ( '', #11144 ) ;
#1087 = DIRECTION ( 'NONE',  ( -0.7071067811865483500, 0.0000000000000000000, -0.7071067811865468000 ) ) ;
#1088 = EDGE_CURVE ( 'NONE', #4399, #6138, #7055, .T. ) ;
#1089 = CARTESIAN_POINT ( 'NONE',  ( 2.650000000000000400, 3.673118842698620300, 4.699999999999995700 ) ) ;
#1090 = UNCERTAINTY_MEASURE_WITH_UNIT (LENGTH_MEASURE( 1.000000000000000100E-005 ), #7730, 'distance_accuracy_value', 'NONE');
#1091 = ORIENTED_EDGE ( 'NONE', *, *, #6080, .F. ) ;
#1092 = EDGE_CURVE ( 'NONE', #3489, #3887, #9682, .T. ) ;
#1093 = ORIENTED_EDGE ( 'NONE', *, *, #5236, .F. ) ;
#1094 = SURFACE_SIDE_STYLE ('',( #7050 ) ) ;
#1095 = FILL_AREA_STYLE ('',( #103 ) ) ;
#1096 = ORIENTED_EDGE ( 'NONE', *, *, #3259, .F. ) ;
#1097 =( LENGTH_UNIT ( ) NAMED_UNIT ( * ) SI_UNIT ( .MILLI., .METRE. ) );
#1098 = AXIS2_PLACEMENT_3D ( 'NONE', #3433, #10307, #4427 ) ;
#1099 = CARTESIAN_POINT ( 'NONE',  ( -0.4649999999999988600, 2.200000000000004200, 0.2999999999999988800 ) ) ;
#1100 = DIRECTION ( 'NONE',  ( 3.942553354492747000E-016, -0.0000000000000000000, 1.000000000000000000 ) ) ;
#1101 = ADVANCED_FACE ( 'NONE', ( #1830 ), #8145, .F. ) ;
#1102 = DIRECTION ( 'NONE',  ( -1.000000000000000000, 6.776263578034385000E-016, 0.0000000000000000000 ) ) ;
#1103 = CARTESIAN_POINT ( 'NONE',  ( -2.034999999999998800, 0.4249999999999998200, 3.499999999999981300 ) ) ;
#1104 = VERTEX_POINT ( 'NONE', #10921 ) ;
#1105 = ORIENTED_EDGE ( 'NONE', *, *, #1840, .F. ) ;
#1106 = ORIENTED_EDGE ( 'NONE', *, *, #7595, .F. ) ;
#1107 = ORIENTED_EDGE ( 'NONE', *, *, #105, .T. ) ;
#1108 = FACE_OUTER_BOUND ( 'NONE', #5748, .T. ) ;
#1109 =( LENGTH_UNIT ( ) NAMED_UNIT ( * ) SI_UNIT ( .MILLI., .METRE. ) );
#1110 = CARTESIAN_POINT ( 'NONE',  ( -0.4649999999999988600, 2.549999999999999800, 0.4499999999999999000 ) ) ;
#1111 = VERTEX_POINT ( 'NONE', #12077 ) ;
#1112 = PLANE ( 'NONE',  #10018 ) ;
#1113 = DIRECTION ( 'NONE',  ( 1.000000000000000000, 0.0000000000000000000, -3.971436529250929000E-016 ) ) ;
#1114 = PRESENTATION_LAYER_ASSIGNMENT (  '', '', ( #12648 ) ) ;
#1115 = FACE_OUTER_BOUND ( 'NONE', #2755, .T. ) ;
#1116 = EDGE_LOOP ( 'NONE', ( #11509, #7233, #2489, #2114, #9493, #2689 ) ) ;
#1117 = ORIENTED_EDGE ( 'NONE', *, *, #10842, .F. ) ;
#1118 = LINE ( 'NONE', #6151, #11332 ) ;
#1119 = FACE_OUTER_BOUND ( 'NONE', #6743, .T. ) ;
#1120 = DIRECTION ( 'NONE',  ( 0.7071067811865468000, 0.0000000000000000000, 0.7071067811865483500 ) ) ;
#1121 = LINE ( 'NONE', #229, #6037 ) ;
#1122 =( GEOMETRIC_REPRESENTATION_CONTEXT ( 3 ) GLOBAL_UNCERTAINTY_ASSIGNED_CONTEXT ( ( #11344 ) ) GLOBAL_UNIT_ASSIGNED_CONTEXT ( ( #6265, #7076, #4104 ) ) REPRESENTATION_CONTEXT ( 'NONE', 'WORKASPACE' ) );
#1123 = VERTEX_POINT ( 'NONE', #4245 ) ;
#1124 = DIRECTION ( 'NONE',  ( -1.000000000000000000, 0.0000000000000000000, -0.0000000000000000000 ) ) ;
#1125 = CARTESIAN_POINT ( 'NONE',  ( -4.825000000000000200, 1.700000000000000000, 2.200000000000000200 ) ) ;
#1126 = DIRECTION ( 'NONE',  ( -1.000000000000000000, 0.0000000000000000000, 3.051828337366604500E-016 ) ) ;
#1127 = FACE_OUTER_BOUND ( 'NONE', #8750, .T. ) ;
#1128 = FILL_AREA_STYLE ('',( #745 ) ) ;
#1129 = PLANE ( 'NONE',  #11538 ) ;
#1130 = VERTEX_POINT ( 'NONE', #3666 ) ;
#1131 = PRESENTATION_STYLE_ASSIGNMENT (( #920 ) ) ;
#1132 = FILL_AREA_STYLE ('',( #5912 ) ) ;
#1133 = CARTESIAN_POINT ( 'NONE',  ( 4.024999999999995900, -0.6999999999999988500, 3.249999999999995100 ) ) ;
#1134 = VERTEX_POINT ( 'NONE', #10586 ) ;
#1135 = CARTESIAN_POINT ( 'NONE',  ( -3.284999999999998800, -0.3750000000000001100, 1.749999999999996400 ) ) ;
#1136 = CARTESIAN_POINT ( 'NONE',  ( 0.1999999999999996500, -1.100000000000000100, 0.2999999999999978800 ) ) ;
#1137 = ORIENTED_EDGE ( 'NONE', *, *, #12210, .T. ) ;
#1138 = ADVANCED_FACE ( 'NONE', ( #5819 ), #1165, .T. ) ;
#1139 = LINE ( 'NONE', #4193, #6393 ) ;
#1140 = DIRECTION ( 'NONE',  ( 1.000000000000000000, 0.0000000000000000000, 0.0000000000000000000 ) ) ;
#1141 = FACE_OUTER_BOUND ( 'NONE', #901, .T. ) ;
#1142 = FILL_AREA_STYLE_COLOUR ( '', #7258 ) ;
#1143 = LINE ( 'NONE', #854, #8684 ) ;
#1144 = AXIS2_PLACEMENT_3D ( 'NONE', #7682, #1812, #8674 ) ;
#1145 =( NAMED_UNIT ( * ) SI_UNIT ( $, .STERADIAN. ) SOLID_ANGLE_UNIT ( ) );
#1146 = AXIS2_PLACEMENT_3D ( 'NONE', #8073, #2176, #9082 ) ;
#1147 = ORIENTED_EDGE ( 'NONE', *, *, #10237, .T. ) ;
#1148 = DIRECTION ( 'NONE',  ( -1.000000000000000000, -0.0000000000000000000, -0.0000000000000000000 ) ) ;
#1149 = EDGE_CURVE ( 'NONE', #7327, #7491, #3539, .T. ) ;
#1150 = LINE ( 'NONE', #6879, #11367 ) ;
#1151 = LINE ( 'NONE', #438, #11368 ) ;
#1152 = EDGE_CURVE ( 'NONE', #7567, #11816, #890, .T. ) ;
#1153 = VERTEX_POINT ( 'NONE', #642 ) ;
#1154 = SURFACE_STYLE_USAGE ( .BOTH. , #7057 ) ;
#1155 =( NAMED_UNIT ( * ) SI_UNIT ( $, .STERADIAN. ) SOLID_ANGLE_UNIT ( ) );
#1156 = ORIENTED_EDGE ( 'NONE', *, *, #2815, .F. ) ;
#1157 = UNCERTAINTY_MEASURE_WITH_UNIT (LENGTH_MEASURE( 1.000000000000000100E-005 ), #11877, 'distance_accuracy_value', 'NONE');
#1158 = DIRECTION ( 'NONE',  ( -0.7071067811865483500, 0.0000000000000000000, 0.7071067811865468000 ) ) ;
#1159 = EDGE_CURVE ( 'NONE', #9034, #10506, #8132, .T. ) ;
#1160 = VECTOR ( 'NONE', #6240, 1000.000000000000000 ) ;
#1161 = ORIENTED_EDGE ( 'NONE', *, *, #11848, .F. ) ;
#1162 = LINE ( 'NONE', #2530, #6078 ) ;
#1163 = LINE ( 'NONE', #4040, #867 ) ;
#1164 = EDGE_CURVE ( 'NONE', #2278, #11124, #10777, .T. ) ;
#1165 = PLANE ( 'NONE',  #11906 ) ;
#1166 = CARTESIAN_POINT ( 'NONE',  ( 3.285000000000001500, -0.3750000000000005000, 3.499999999999986700 ) ) ;
#1167 = VERTEX_POINT ( 'NONE', #6630 ) ;
#1168 = EDGE_CURVE ( 'NONE', #10422, #34, #10460, .T. ) ;
#1169 =( LENGTH_UNIT ( ) NAMED_UNIT ( * ) SI_UNIT ( .MILLI., .METRE. ) );
#1170 =( NAMED_UNIT ( * ) PLANE_ANGLE_UNIT ( ) SI_UNIT ( $, .RADIAN. ) );
#1171 =( GEOMETRIC_REPRESENTATION_CONTEXT ( 3 ) GLOBAL_UNCERTAINTY_ASSIGNED_CONTEXT ( ( #7555 ) ) GLOBAL_UNIT_ASSIGNED_CONTEXT ( ( #1639, #8490, #2618 ) ) REPRESENTATION_CONTEXT ( 'NONE', 'WORKASPACE' ) );
#1172 = CARTESIAN_POINT ( 'NONE',  ( -0.4649999999999988600, 3.100000000000000100, 0.3499999999999989800 ) ) ;
#1173 = EDGE_LOOP ( 'NONE', ( #11318, #4024, #11470, #5097, #1187, #959, #6276 ) ) ;
#1174 = CARTESIAN_POINT ( 'NONE',  ( 0.4650000000000010200, 0.2499999999999996700, 0.2999999999999966000 ) ) ;
#1175 = LINE ( 'NONE', #10970, #870 ) ;
#1176 = DIRECTION ( 'NONE',  ( 0.0000000000000000000, -1.000000000000000000, 0.0000000000000000000 ) ) ;
#1177 = VECTOR ( 'NONE', #3597, 1000.000000000000000 ) ;
#1178 = CARTESIAN_POINT ( 'NONE',  ( -0.7849999999999988100, 0.0000000000000000000, 3.499999999999982200 ) ) ;
#1179 = ORIENTED_EDGE ( 'NONE', *, *, #333, .T. ) ;
#1180 = LINE ( 'NONE', #2252, #4142 ) ;
#1181 = EDGE_CURVE ( 'NONE', #8289, #10522, #282, .T. ) ;
#1182 = DIRECTION ( 'NONE',  ( 0.0000000000000000000, -1.000000000000000000, 1.355252715606881500E-016 ) ) ;
#1183 = ORIENTED_EDGE ( 'NONE', *, *, #5554, .T. ) ;
#1184 = DIRECTION ( 'NONE',  ( 0.0000000000000000000, -0.7071067811865512400, -0.7071067811865439100 ) ) ;
#1185 = DIRECTION ( 'NONE',  ( 0.0000000000000000000, 0.0000000000000000000, -1.000000000000000000 ) ) ;
#1186 = DIRECTION ( 'NONE',  ( 0.0000000000000000000, -0.7071067811865496800, -0.7071067811865453500 ) ) ;
#1187 = ORIENTED_EDGE ( 'NONE', *, *, #12601, .T. ) ;
#1188 = VECTOR ( 'NONE', #12279, 1000.000000000000000 ) ;
#1189 = PRESENTATION_STYLE_ASSIGNMENT (( #8131 ) ) ;
#1190 = AXIS2_PLACEMENT_3D ( 'NONE', #2922, #9789, #3926 ) ;
#1191 = EDGE_LOOP ( 'NONE', ( #6898, #5600, #4072, #11898 ) ) ;
#1192 = LINE ( 'NONE', #2894, #6109 ) ;
#1193 = VERTEX_POINT ( 'NONE', #12375 ) ;
#1194 = DIRECTION ( 'NONE',  ( -3.771137991253931500E-016, 0.0000000000000000000, -1.000000000000000000 ) ) ;
#1195 = SURFACE_SIDE_STYLE ('',( #5055 ) ) ;
#1196 =( GEOMETRIC_REPRESENTATION_CONTEXT ( 3 ) GLOBAL_UNCERTAINTY_ASSIGNED_CONTEXT ( ( #4924 ) ) GLOBAL_UNIT_ASSIGNED_CONTEXT ( ( #1169, #10038, #4173 ) ) REPRESENTATION_CONTEXT ( 'NONE', 'WORKASPACE' ) );
#1197 = ORIENTED_EDGE ( 'NONE', *, *, #1770, .F. ) ;
#1198 = LINE ( 'NONE', #1693, #6115 ) ;
#1199 = CARTESIAN_POINT ( 'NONE',  ( 4.625000000000000900, 1.700000000000000000, 2.400000000000000400 ) ) ;
#1200 = DIRECTION ( 'NONE',  ( 0.0000000000000000000, 0.0000000000000000000, 1.000000000000000000 ) ) ;
#1201 = LINE ( 'NONE', #6567, #9066 ) ;
#1202 = VECTOR ( 'NONE', #9953, 1000.000000000000000 ) ;
#1203 = CARTESIAN_POINT ( 'NONE',  ( -3.284999999999998800, 2.500000000000000000, -1.084202172485504400E-016 ) ) ;
#1204 = SURFACE_STYLE_FILL_AREA ( #11720 ) ;
#1205 = ORIENTED_EDGE ( 'NONE', *, *, #7209, .F. ) ;
#1206 = ORIENTED_EDGE ( 'NONE', *, *, #8497, .T. ) ;
#1207 = ADVANCED_FACE ( 'NONE', ( #3225 ), #12452, .T. ) ;
#1208 = VERTEX_POINT ( 'NONE', #9334 ) ;
#1209 = ORIENTED_EDGE ( 'NONE', *, *, #10671, .F. ) ;
#1210 = DIRECTION ( 'NONE',  ( -1.000000000000000000, 0.0000000000000000000, 0.0000000000000000000 ) ) ;
#1211 = MECHANICAL_DESIGN_GEOMETRIC_PRESENTATION_REPRESENTATION (  '', ( #12089 ), #1881 ) ;
#1212 = DIRECTION ( 'NONE',  ( 1.000000000000000000, 0.0000000000000000000, 5.421010862427526500E-017 ) ) ;
#1213 = LINE ( 'NONE', #4371, #3853 ) ;
#1214 = SURFACE_STYLE_FILL_AREA ( #6713 ) ;
#1215 = SURFACE_STYLE_USAGE ( .BOTH. , #7113 ) ;
#1216 = LINE ( 'NONE', #820, #9081 ) ;
#1217 = CARTESIAN_POINT ( 'NONE',  ( 5.645000000000000500, 1.100000000000000100, 1.529999999999999800 ) ) ;
#1218 = ORIENTED_EDGE ( 'NONE', *, *, #8413, .T. ) ;
#1219 = VECTOR ( 'NONE', #9545, 1000.000000000000000 ) ;
#1220 = ORIENTED_EDGE ( 'NONE', *, *, #1595, .F. ) ;
#1221 = ORIENTED_EDGE ( 'NONE', *, *, #3921, .T. ) ;
#1222 = VECTOR ( 'NONE', #4807, 1000.000000000000000 ) ;
#1223 =( GEOMETRIC_REPRESENTATION_CONTEXT ( 3 ) GLOBAL_UNCERTAINTY_ASSIGNED_CONTEXT ( ( #6206 ) ) GLOBAL_UNIT_ASSIGNED_CONTEXT ( ( #8821, #2950, #9813 ) ) REPRESENTATION_CONTEXT ( 'NONE', 'WORKASPACE' ) );
#1224 = ADVANCED_FACE ( 'NONE', ( #10136 ), #647, .T. ) ;
#1225 = AXIS2_PLACEMENT_3D ( 'NONE', #2496, #1158, #1120 ) ;
#1226 =( LENGTH_UNIT ( ) NAMED_UNIT ( * ) SI_UNIT ( .MILLI., .METRE. ) );
#1227 = DIRECTION ( 'NONE',  ( -1.000000000000000000, 0.0000000000000000000, 0.0000000000000000000 ) ) ;
#1228 = FILL_AREA_STYLE_COLOUR ( '', #1371 ) ;
#1229 = DIRECTION ( 'NONE',  ( 0.0000000000000000000, 0.0000000000000000000, 1.000000000000000000 ) ) ;
#1230 = CARTESIAN_POINT ( 'NONE',  ( 4.825000000000000200, -0.8000000000000014900, 2.200000000000000200 ) ) ;
#1231 = PRESENTATION_STYLE_ASSIGNMENT (( #2461 ) ) ;
#1232 = EDGE_CURVE ( 'NONE', #10617, #10326, #9384, .T. ) ;
#1233 = CARTESIAN_POINT ( 'NONE',  ( -0.7849999999999988100, -0.3750000000000001100, 0.6499999999999975800 ) ) ;
#1234 = SURFACE_SIDE_STYLE ('',( #1083 ) ) ;
#1235 = LINE ( 'NONE', #10051, #6482 ) ;
#1236 = FILL_AREA_STYLE_COLOUR ( '', #11983 ) ;
#1237 = ORIENTED_EDGE ( 'NONE', *, *, #9417, .T. ) ;
#1238 = EDGE_LOOP ( 'NONE', ( #5761, #5695, #1117, #12796 ) ) ;
#1239 = EDGE_CURVE ( 'NONE', #1412, #3732, #4482, .T. ) ;
#1240 = ORIENTED_EDGE ( 'NONE', *, *, #9906, .T. ) ;
#1241 = COLOUR_RGB ( '',0.8000000000000000400, 0.8078431372549019800, 0.8000000000000000400 ) ;
#1242 = UNCERTAINTY_MEASURE_WITH_UNIT (LENGTH_MEASURE( 1.000000000000000100E-005 ), #3203, 'distance_accuracy_value', 'NONE');
#1243 = CARTESIAN_POINT ( 'NONE',  ( 2.035000000000001900, -0.3750000000000003300, 0.6499999999999975800 ) ) ;
#1244 = FILL_AREA_STYLE_COLOUR ( '', #8205 ) ;
#1245 = CARTESIAN_POINT ( 'NONE',  ( -0.4649999999999988600, -0.6250000000000003300, 0.2999999999999964900 ) ) ;
#1247 = VECTOR ( 'NONE', #3047, 1000.000000000000000 ) ;
#1246 = SURFACE_SIDE_STYLE ('',( #11724 ) ) ;
#1248 = EDGE_CURVE ( 'NONE', #9434, #4327, #6777, .T. ) ;
#1249 = FACE_OUTER_BOUND ( 'NONE', #12530, .T. ) ;
#1250 = ORIENTED_EDGE ( 'NONE', *, *, #8322, .F. ) ;
#1251 = ORIENTED_EDGE ( 'NONE', *, *, #7584, .T. ) ;
#1252 = VERTEX_POINT ( 'NONE', #4496 ) ;
#1253 =( NAMED_UNIT ( * ) SI_UNIT ( $, .STERADIAN. ) SOLID_ANGLE_UNIT ( ) );
#1254 = COLOUR_RGB ( '',0.8000000000000000400, 0.8078431372549019800, 0.8000000000000000400 ) ;
#1255 = SURFACE_STYLE_USAGE ( .BOTH. , #7145 ) ;
#1256 = EDGE_CURVE ( 'NONE', #1886, #1081, #6467, .T. ) ;
#1257 = PRESENTATION_LAYER_ASSIGNMENT (  '', '', ( #12789 ) ) ;
#1258 = EDGE_CURVE ( 'NONE', #2675, #11816, #12073, .T. ) ;
#1259 = UNCERTAINTY_MEASURE_WITH_UNIT (LENGTH_MEASURE( 1.000000000000000100E-005 ), #9353, 'distance_accuracy_value', 'NONE');
#1260 = DIRECTION ( 'NONE',  ( -0.0000000000000000000, 0.0000000000000000000, -1.000000000000000000 ) ) ;
#1261 = DIRECTION ( 'NONE',  ( -1.000000000000000000, 0.0000000000000000000, 3.051828337366604500E-016 ) ) ;
#1262 = ORIENTED_EDGE ( 'NONE', *, *, #10249, .T. ) ;
#1263 = CARTESIAN_POINT ( 'NONE',  ( 2.035000000000001000, 2.999999999999999600, -1.761828530288944700E-016 ) ) ;
#1264 = ORIENTED_EDGE ( 'NONE', *, *, #3243, .F. ) ;
#1265 = ORIENTED_EDGE ( 'NONE', *, *, #2674, .F. ) ;
#1266 = DIRECTION ( 'NONE',  ( 1.000000000000000000, 0.0000000000000000000, 1.875376730785737500E-016 ) ) ;
#1267 = EDGE_CURVE ( 'NONE', #3952, #6427, #1542, .T. ) ;
#1268 = CARTESIAN_POINT ( 'NONE',  ( -5.645000000000000500, 1.100000000000000100, 1.529999999999999800 ) ) ;
#1269 = DIRECTION ( 'NONE',  ( 0.0000000000000000000, 0.0000000000000000000, 1.000000000000000000 ) ) ;
#1270 = VECTOR ( 'NONE', #10831, 1000.000000000000000 ) ;
#1271 = EDGE_CURVE ( 'NONE', #8599, #9500, #11429, .T. ) ;
#1272 = CARTESIAN_POINT ( 'NONE',  ( -2.964999999999999000, -0.6250000000000003300, 0.6499999999999964700 ) ) ;
#1273 = FILL_AREA_STYLE ('',( #6162 ) ) ;
#1274 = ORIENTED_EDGE ( 'NONE', *, *, #6468, .F. ) ;
#1275 = LINE ( 'NONE', #3582, #11165 ) ;
#1276 = FILL_AREA_STYLE_COLOUR ( '', #7821 ) ;
#1277 = CARTESIAN_POINT ( 'NONE',  ( -3.550000000000001200, 2.600000000000000100, 0.6499999999999985800 ) ) ;
#1278 = ORIENTED_EDGE ( 'NONE', *, *, #10524, .F. ) ;
#1279 = VECTOR ( 'NONE', #12304, 1000.000000000000200 ) ;
#1280 = SURFACE_STYLE_FILL_AREA ( #10636 ) ;
#1281 = DIRECTION ( 'NONE',  ( -1.000000000000000000, 0.0000000000000000000, 3.252606517456510300E-016 ) ) ;
#1282 = ADVANCED_FACE ( 'NONE', ( #907 ), #5521, .F. ) ;
#1283 = DIRECTION ( 'NONE',  ( -2.990902544787597600E-016, 0.0000000000000000000, -1.000000000000000000 ) ) ;
#1284 = DIRECTION ( 'NONE',  ( -1.000000000000000000, 0.0000000000000000000, 0.0000000000000000000 ) ) ;
#1285 = PLANE ( 'NONE',  #6170 ) ;
#1286 = PRESENTATION_LAYER_ASSIGNMENT (  '', '', ( #12820 ) ) ;
#1287 = MECHANICAL_DESIGN_GEOMETRIC_PRESENTATION_REPRESENTATION (  '', ( #12154 ), #1943 ) ;
#1288 = LINE ( 'NONE', #4467, #11491 ) ;
#1289 = ORIENTED_EDGE ( 'NONE', *, *, #2673, .F. ) ;
#1290 = FACE_OUTER_BOUND ( 'NONE', #6392, .T. ) ;
#1291 = ORIENTED_EDGE ( 'NONE', *, *, #6563, .F. ) ;
#1292 = LINE ( 'NONE', #7580, #971 ) ;
#1293 = CARTESIAN_POINT ( 'NONE',  ( 4.625000000000000900, -0.8000000000000014900, 1.699999999999989700 ) ) ;
#1294 = COLOUR_RGB ( '',0.8000000000000000400, 0.8078431372549019800, 0.8000000000000000400 ) ;
#1295 = CARTESIAN_POINT ( 'NONE',  ( -3.284999999999998800, -0.6250000000000003300, 0.2999999999999964900 ) ) ;
#1296 = FACE_OUTER_BOUND ( 'NONE', #11236, .T. ) ;
#1297 = ADVANCED_FACE ( 'NONE', ( #2610 ), #8667, .T. ) ;
#1298 = AXIS2_PLACEMENT_3D ( 'NONE', #1574, #8431, #2549 ) ;
#1299 = DIRECTION ( 'NONE',  ( 0.0000000000000000000, 0.0000000000000000000, 1.000000000000000000 ) ) ;
#1300 = ORIENTED_EDGE ( 'NONE', *, *, #3177, .T. ) ;
#1301 = VECTOR ( 'NONE', #7263, 1000.000000000000000 ) ;
#1302 = VERTEX_POINT ( 'NONE', #6592 ) ;
#1303 = DIRECTION ( 'NONE',  ( 0.0000000000000000000, 0.7071067811865431300, -0.7071067811865519000 ) ) ;
#1304 = DIRECTION ( 'NONE',  ( -1.885568995626965000E-016, 0.0000000000000000000, 1.000000000000000000 ) ) ;
#1305 = MECHANICAL_DESIGN_GEOMETRIC_PRESENTATION_REPRESENTATION (  '', ( #12171 ), #1963 ) ;
#1306 = FILL_AREA_STYLE ('',( #2328 ) ) ;
#1307 = MECHANICAL_DESIGN_GEOMETRIC_PRESENTATION_REPRESENTATION (  '', ( #12173 ), #1964 ) ;
#1308 = CARTESIAN_POINT ( 'NONE',  ( -4.625000000000000900, -1.100000000000000100, 2.400000000000000400 ) ) ;
#1309 = SURFACE_SIDE_STYLE ('',( #1850 ) ) ;
#1310 = VECTOR ( 'NONE', #670, 1000.000000000000000 ) ;
#1311 = SURFACE_STYLE_FILL_AREA ( #3791 ) ;
#1312 = VECTOR ( 'NONE', #7034, 1000.000000000000000 ) ;
#1313 = FACE_OUTER_BOUND ( 'NONE', #1577, .T. ) ;
#1314 =( LENGTH_UNIT ( ) NAMED_UNIT ( * ) SI_UNIT ( .MILLI., .METRE. ) );
#1315 = CARTESIAN_POINT ( 'NONE',  ( 4.625000000000000900, -0.8000000000000014900, 4.699999999999997500 ) ) ;
#1316 = ORIENTED_EDGE ( 'NONE', *, *, #2248, .T. ) ;
#1317 = CARTESIAN_POINT ( 'NONE',  ( 0.4650000000000010200, -0.1500000000000003300, 0.2999999999999965500 ) ) ;
#1318 = CARTESIAN_POINT ( 'NONE',  ( -2.964999999999999000, 3.100000000000000100, 0.09999999999999947800 ) ) ;
#1319 = CARTESIAN_POINT ( 'NONE',  ( 4.625000000000000900, -0.8000000000000014900, 1.699999999999989700 ) ) ;
#1320 = CARTESIAN_POINT ( 'NONE',  ( 4.625000000000000900, -1.100000000000000300, 0.04999999999999715100 ) ) ;
#1321 = SURFACE_STYLE_FILL_AREA ( #3245 ) ;
#1322 = VERTEX_POINT ( 'NONE', #9548 ) ;
#1323 = EDGE_LOOP ( 'NONE', ( #9503, #12342, #10986, #9225 ) ) ;
#1324 = PRESENTATION_STYLE_ASSIGNMENT (( #804 ) ) ;
#1325 = LINE ( 'NONE', #2186, #11221 ) ;
#1326 = ORIENTED_EDGE ( 'NONE', *, *, #11426, .T. ) ;
#1327 = DIRECTION ( 'NONE',  ( 1.000000000000000000, 0.0000000000000000000, -0.0000000000000000000 ) ) ;
#1328 = DIRECTION ( 'NONE',  ( -0.0000000000000000000, 0.0000000000000000000, 1.000000000000000000 ) ) ;
#1329 = EDGE_CURVE ( 'NONE', #7941, #4271, #12844, .T. ) ;
#1330 =( NAMED_UNIT ( * ) PLANE_ANGLE_UNIT ( ) SI_UNIT ( $, .RADIAN. ) );
#1331 = AXIS2_PLACEMENT_3D ( 'NONE', #83, #8949, #120 ) ;
#1332 = UNCERTAINTY_MEASURE_WITH_UNIT (LENGTH_MEASURE( 1.000000000000000100E-005 ), #11564, 'distance_accuracy_value', 'NONE');
#1333 = CARTESIAN_POINT ( 'NONE',  ( -4.625000000000000900, -1.100000000000000300, 0.04999999999999996800 ) ) ;
#1334 = CARTESIAN_POINT ( 'NONE',  ( -4.625000000000000900, -0.4000000000000005200, 0.04999999999999996800 ) ) ;
#1335 = FACE_OUTER_BOUND ( 'NONE', #2352, .T. ) ;
#1336 = EDGE_CURVE ( 'NONE', #9763, #10770, #7520, .T. ) ;
#1337 = LINE ( 'NONE', #12683, #6258 ) ;
#1338 = FILL_AREA_STYLE_COLOUR ( '', #6744 ) ;
#1339 = CARTESIAN_POINT ( 'NONE',  ( 0.7850000000000018100, 0.4249999999999998200, 0.04999999999999709500 ) ) ;
#1340 = VECTOR ( 'NONE', #7383, 1000.000000000000000 ) ;
#1341 = DIRECTION ( 'NONE',  ( -1.000000000000000000, 6.776263578034385000E-016, 0.0000000000000000000 ) ) ;
#1342 = ORIENTED_EDGE ( 'NONE', *, *, #10086, .T. ) ;
#1343 = ADVANCED_FACE ( 'NONE', ( #2284 ), #10559, .T. ) ;
#1344 = EDGE_CURVE ( 'NONE', #8080, #10896, #7230, .T. ) ;
#1345 = ORIENTED_EDGE ( 'NONE', *, *, #6094, .F. ) ;
#1346 = LINE ( 'NONE', #5112, #1032 ) ;
#1347 = CARTESIAN_POINT ( 'NONE',  ( 3.285000000000001500, 3.000000000000000000, 0.4499999999999998400 ) ) ;
#1348 = DIRECTION ( 'NONE',  ( -0.0000000000000000000, 1.000000000000000000, 0.0000000000000000000 ) ) ;
#1349 = FACE_OUTER_BOUND ( 'NONE', #7633, .T. ) ;
#1350 = LINE ( 'NONE', #4372, #8884 ) ;
#1351 = EDGE_CURVE ( 'NONE', #2617, #381, #12526, .T. ) ;
#1352 = EDGE_CURVE ( 'NONE', #6346, #4305, #9835, .T. ) ;
#1353 = DIRECTION ( 'NONE',  ( 0.7071067811865446900, 0.0000000000000000000, -0.7071067811865504600 ) ) ;
#1354 = COLOUR_RGB ( '',0.8000000000000000400, 0.8078431372549019800, 0.8000000000000000400 ) ;
#1355 = ORIENTED_EDGE ( 'NONE', *, *, #5699, .T. ) ;
#1356 = DIRECTION ( 'NONE',  ( 1.000000000000000000, 0.0000000000000000000, -3.252606517456510300E-016 ) ) ;
#1357 = ADVANCED_FACE ( 'NONE', ( #4621 ), #2533, .T. ) ;
#1358 = AXIS2_PLACEMENT_3D ( 'NONE', #6805, #886, #7759 ) ;
#1359 =( LENGTH_UNIT ( ) NAMED_UNIT ( * ) SI_UNIT ( .MILLI., .METRE. ) );
#1360 = DIRECTION ( 'NONE',  ( 0.0000000000000000000, -1.294569758191648900E-016, 1.000000000000000000 ) ) ;
#1361 = CARTESIAN_POINT ( 'NONE',  ( -0.4649999999999988600, 3.000000000000000000, 0.4499999999999998400 ) ) ;
#1362 = VECTOR ( 'NONE', #12818, 1000.000000000000000 ) ;
#1363 = CARTESIAN_POINT ( 'NONE',  ( -4.125000000000000000, 2.600000000000000100, 0.04999999999999980800 ) ) ;
#1364 = DIRECTION ( 'NONE',  ( 3.051828337366604500E-016, -0.0000000000000000000, 1.000000000000000000 ) ) ;
#1365 = CARTESIAN_POINT ( 'NONE',  ( -4.625000000000000900, 1.700000000000000000, 0.2999999999999999900 ) ) ;
#1366 = VERTEX_POINT ( 'NONE', #11750 ) ;
#1367 = VERTEX_POINT ( 'NONE', #4654 ) ;
#1368 = DIRECTION ( 'NONE',  ( 1.000000000000000000, 0.0000000000000000000, 0.0000000000000000000 ) ) ;
#1369 = CARTESIAN_POINT ( 'NONE',  ( 4.231666666666662900, 1.813333333333337500, -0.09333333333333410100 ) ) ;
#1370 = DIRECTION ( 'NONE',  ( 0.0000000000000000000, -0.0000000000000000000, -1.000000000000000000 ) ) ;
#1371 = COLOUR_RGB ( '',0.8000000000000000400, 0.8078431372549019800, 0.8000000000000000400 ) ;
#1372 = VECTOR ( 'NONE', #8501, 1000.000000000000000 ) ;
#1373 = STYLED_ITEM ( 'NONE', ( #2368 ), #8922 ) ;
#1374 = DIRECTION ( 'NONE',  ( 0.0000000000000000000, 0.0000000000000000000, 1.000000000000000000 ) ) ;
#1375 = LINE ( 'NONE', #4774, #11582 ) ;
#1376 = LINE ( 'NONE', #12555, #11583 ) ;
#1377 = SURFACE_STYLE_USAGE ( .BOTH. , #7269 ) ;
#1378 =( LENGTH_UNIT ( ) NAMED_UNIT ( * ) SI_UNIT ( .MILLI., .METRE. ) );
#1379 = ORIENTED_EDGE ( 'NONE', *, *, #6480, .T. ) ;
#1380 = VECTOR ( 'NONE', #5449, 1000.000000000000000 ) ;
#1381 = CARTESIAN_POINT ( 'NONE',  ( -0.4649999999999988600, -0.6250000000000003300, 0.2999999999999964900 ) ) ;
#1382 = DIRECTION ( 'NONE',  ( 0.0000000000000000000, 2.032879073410321300E-016, -1.000000000000000000 ) ) ;
#1383 = ORIENTED_EDGE ( 'NONE', *, *, #6458, .F. ) ;
#1384 = VERTEX_POINT ( 'NONE', #1463 ) ;
#1385 =( LENGTH_UNIT ( ) NAMED_UNIT ( * ) SI_UNIT ( .MILLI., .METRE. ) );
#1386 = COLOUR_RGB ( '',0.8000000000000000400, 0.8078431372549019800, 0.8000000000000000400 ) ;
#1387 = DIRECTION ( 'NONE',  ( 1.000000000000000000, 0.0000000000000000000, 0.0000000000000000000 ) ) ;
#1388 = FACE_OUTER_BOUND ( 'NONE', #3365, .T. ) ;
#1389 = CARTESIAN_POINT ( 'NONE',  ( 3.285000000000001500, 0.2499999999999996700, 0.1799999999999966600 ) ) ;
#1390 = ORIENTED_EDGE ( 'NONE', *, *, #9581, .F. ) ;
#1391 = DIRECTION ( 'NONE',  ( -0.0000000000000000000, 0.0000000000000000000, 1.000000000000000000 ) ) ;
#1392 = LINE ( 'NONE', #11475, #4340 ) ;
#1393 = CARTESIAN_POINT ( 'NONE',  ( -1.934999999999998500, -0.3750000000000005600, 3.999999999999993300 ) ) ;
#1394 = LINE ( 'NONE', #228, #4041 ) ;
#1395 = COLOUR_RGB ( '',0.8000000000000000400, 0.8078431372549019800, 0.8000000000000000400 ) ;
#1396 = AXIS2_PLACEMENT_3D ( 'NONE', #12382, #6423, #524 ) ;
#1397 = ORIENTED_EDGE ( 'NONE', *, *, #12778, .T. ) ;
#1398 = VERTEX_POINT ( 'NONE', #5428 ) ;
#1399 = MECHANICAL_DESIGN_GEOMETRIC_PRESENTATION_REPRESENTATION (  '', ( #12269 ), #2060 ) ;
#1400 = DIRECTION ( 'NONE',  ( 0.0000000000000000000, 1.000000000000000000, 1.070121624790885400E-015 ) ) ;
#1401 = EDGE_LOOP ( 'NONE', ( #9749, #6203, #8749, #10328 ) ) ;
#1402 = CARTESIAN_POINT ( 'NONE',  ( -3.284999999999998800, 3.000000000000000000, 0.4499999999999998400 ) ) ;
#1403 =( NAMED_UNIT ( * ) PLANE_ANGLE_UNIT ( ) SI_UNIT ( $, .RADIAN. ) );
#1404 = CARTESIAN_POINT ( 'NONE',  ( -4.845000000000000600, 1.200000000000000000, 1.529999999999999800 ) ) ;
#1405 = ADVANCED_FACE ( 'NONE', ( #6912 ), #6416, .F. ) ;
#1406 = EDGE_CURVE ( 'NONE', #10440, #7088, #12217, .T. ) ;
#1408 = SURFACE_SIDE_STYLE ('',( #4317 ) ) ;
#1407 = FILL_AREA_STYLE ('',( #11259 ) ) ;
#1409 = SURFACE_SIDE_STYLE ('',( #9399 ) ) ;
#1410 = VERTEX_POINT ( 'NONE', #9421 ) ;
#1411 =( NAMED_UNIT ( * ) SI_UNIT ( $, .STERADIAN. ) SOLID_ANGLE_UNIT ( ) );
#1412 = VERTEX_POINT ( 'NONE', #10468 ) ;
#1413 = EDGE_CURVE ( 'NONE', #6727, #6138, #4012, .T. ) ;
#1414 = ORIENTED_EDGE ( 'NONE', *, *, #1840, .T. ) ;
#1415 = ORIENTED_EDGE ( 'NONE', *, *, #5630, .T. ) ;
#1416 = CARTESIAN_POINT ( 'NONE',  ( -1.714999999999999000, -0.6250000000000003300, 0.6499999999999964700 ) ) ;
#1417 = CARTESIAN_POINT ( 'NONE',  ( -1.450000000000000200, -1.100000000000000300, 0.2999999999999983200 ) ) ;
#1418 = EDGE_CURVE ( 'NONE', #10312, #9398, #9233, .T. ) ;
#1419 = CARTESIAN_POINT ( 'NONE',  ( 4.825000000000000200, 1.399999999999998600, 2.200000000000000200 ) ) ;
#1420 = UNCERTAINTY_MEASURE_WITH_UNIT (LENGTH_MEASURE( 1.000000000000000100E-005 ), #12356, 'distance_accuracy_value', 'NONE');
#1421 = ADVANCED_FACE ( 'NONE', ( #11580 ), #4749, .T. ) ;
#1422 = UNCERTAINTY_MEASURE_WITH_UNIT (LENGTH_MEASURE( 1.000000000000000100E-005 ), #10620, 'distance_accuracy_value', 'NONE');
#1423 = CARTESIAN_POINT ( 'NONE',  ( -0.5649999999999986100, -0.3750000000000005600, 3.999999999999993300 ) ) ;
#1424 = ORIENTED_EDGE ( 'NONE', *, *, #11679, .F. ) ;
#1425 = VECTOR ( 'NONE', #11702, 1000.000000000000000 ) ;
#1426 = PLANE ( 'NONE',  #1396 ) ;
#1427 = ORIENTED_EDGE ( 'NONE', *, *, #3261, .F. ) ;
#1428 = ORIENTED_EDGE ( 'NONE', *, *, #2481, .T. ) ;
#1429 = EDGE_CURVE ( 'NONE', #6646, #3391, #448, .T. ) ;
#1430 = PRESENTATION_STYLE_ASSIGNMENT (( #627 ) ) ;
#1431 = MECHANICAL_DESIGN_GEOMETRIC_PRESENTATION_REPRESENTATION (  '', ( #97 ), #2079 ) ;
#1432 = PLANE ( 'NONE',  #1225 ) ;
#1433 = SURFACE_SIDE_STYLE ('',( #8391 ) ) ;
#1434 = DIRECTION ( 'NONE',  ( 0.1940285000290628800, -0.1455213750217966800, 0.9701425001453329900 ) ) ;
#1435 = VECTOR ( 'NONE', #778, 1000.000000000000100 ) ;
#1436 = ORIENTED_EDGE ( 'NONE', *, *, #7819, .T. ) ;
#1437 = FILL_AREA_STYLE_COLOUR ( '', #11485 ) ;
#1438 = ORIENTED_EDGE ( 'NONE', *, *, #8985, .T. ) ;
#1439 = DIRECTION ( 'NONE',  ( 0.0000000000000000000, -1.000000000000000000, 0.0000000000000000000 ) ) ;
#1440 = PRESENTATION_STYLE_ASSIGNMENT (( #1377 ) ) ;
#1441 = EDGE_CURVE ( 'NONE', #12180, #6030, #7978, .T. ) ;
#1442 = COLOUR_RGB ( '',0.8000000000000000400, 0.8078431372549019800, 0.8000000000000000400 ) ;
#1443 = ORIENTED_EDGE ( 'NONE', *, *, #3684, .T. ) ;
#1444 = UNCERTAINTY_MEASURE_WITH_UNIT (LENGTH_MEASURE( 1.000000000000000100E-005 ), #7232, 'distance_accuracy_value', 'NONE');
#1445 =( LENGTH_UNIT ( ) NAMED_UNIT ( * ) SI_UNIT ( .MILLI., .METRE. ) );
#1446 = VECTOR ( 'NONE', #8142, 1000.000000000000000 ) ;
#1447 = VECTOR ( 'NONE', #8452, 1000.000000000000000 ) ;
#1448 = EDGE_CURVE ( 'NONE', #8650, #6178, #5386, .T. ) ;
#1449 = DIRECTION ( 'NONE',  ( 1.000000000000000000, 0.0000000000000000000, -0.0000000000000000000 ) ) ;
#1450 = CARTESIAN_POINT ( 'NONE',  ( 2.650000000000000400, 3.673118842698620300, 3.249999999999995100 ) ) ;
#1451 =( GEOMETRIC_REPRESENTATION_CONTEXT ( 3 ) GLOBAL_UNCERTAINTY_ASSIGNED_CONTEXT ( ( #9540 ) ) GLOBAL_UNIT_ASSIGNED_CONTEXT ( ( #1681, #8540, #2663 ) ) REPRESENTATION_CONTEXT ( 'NONE', 'WORKASPACE' ) );
#1452 = ORIENTED_EDGE ( 'NONE', *, *, #3921, .F. ) ;
#1453 = CARTESIAN_POINT ( 'NONE',  ( -0.4649999999999988600, -0.3750000000000005000, 3.499999999999986700 ) ) ;
#1454 = CARTESIAN_POINT ( 'NONE',  ( -3.049999999999999800, 2.123118842698621800, 3.249999999999996000 ) ) ;
#1455 = VECTOR ( 'NONE', #3817, 1000.000000000000000 ) ;
#1456 = CARTESIAN_POINT ( 'NONE',  ( 0.7850000000000010300, 2.999999999999999600, -1.761828530288944700E-016 ) ) ;
#1457 = AXIS2_PLACEMENT_3D ( 'NONE', #8533, #2652, #9537 ) ;
#1458 = PRESENTATION_LAYER_ASSIGNMENT (  '', '', ( #123 ) ) ;
#1459 = CARTESIAN_POINT ( 'NONE',  ( 4.624999999999997300, -1.100000000000000100, 1.750000000000003100 ) ) ;
#1460 = DIRECTION ( 'NONE',  ( 0.0000000000000000000, -0.0000000000000000000, -1.000000000000000000 ) ) ;
#1461 = EDGE_LOOP ( 'NONE', ( #7470, #9832, #2482, #7330, #6305, #1882, #11706, #1316 ) ) ;
#1462 = VECTOR ( 'NONE', #2170, 1000.000000000000000 ) ;
#1463 = CARTESIAN_POINT ( 'NONE',  ( -2.034999999999998800, 0.4249999999999998200, 0.6499999999999964700 ) ) ;
#1464 = DIRECTION ( 'NONE',  ( 0.0000000000000000000, 1.000000000000000000, 0.0000000000000000000 ) ) ;
#1465 = FACE_OUTER_BOUND ( 'NONE', #7205, .T. ) ;
#1466 = EDGE_LOOP ( 'NONE', ( #302, #10254, #5034, #1096 ) ) ;
#1467 = EDGE_LOOP ( 'NONE', ( #12006, #418, #2574, #3034, #711, #9375, #5979, #2791, #4617, #9787, #9279, #2405, #6331, #323, #4514, #10197, #8793, #10995, #11646, #6678 ) ) ;
#1468 = VECTOR ( 'NONE', #9244, 1000.000000000000000 ) ;
#1469 =( NAMED_UNIT ( * ) SI_UNIT ( $, .STERADIAN. ) SOLID_ANGLE_UNIT ( ) );
#1470 = STYLED_ITEM ( 'NONE', ( #4649 ), #9757 ) ;
#1471 = ADVANCED_FACE ( 'NONE', ( #10628 ), #7099, .T. ) ;
#1472 = FACE_OUTER_BOUND ( 'NONE', #11878, .T. ) ;
#1473 = DIRECTION ( 'NONE',  ( 0.0000000000000000000, -1.000000000000000000, 0.0000000000000000000 ) ) ;
#1475 = VECTOR ( 'NONE', #11361, 1000.000000000000000 ) ;
#1474 = CARTESIAN_POINT ( 'NONE',  ( -5.149000000000000900, -1.100000000000000100, 0.3039999999999999400 ) ) ;
#1476 = ORIENTED_EDGE ( 'NONE', *, *, #8512, .F. ) ;
#1477 = VECTOR ( 'NONE', #8302, 1000.000000000000000 ) ;
#1478 = CARTESIAN_POINT ( 'NONE',  ( -2.964999999999999000, -0.1500000000000003300, 0.2999999999999965500 ) ) ;
#1479 = STYLED_ITEM ( 'NONE', ( #5797 ), #2451 ) ;
#1480 = ORIENTED_EDGE ( 'NONE', *, *, #3261, .T. ) ;
#1481 = FILL_AREA_STYLE ('',( #6388 ) ) ;
#1482 = ORIENTED_EDGE ( 'NONE', *, *, #2746, .F. ) ;
#1483 = CARTESIAN_POINT ( 'NONE',  ( -3.284999999999998800, 0.4249999999999998200, 1.749999999999996400 ) ) ;
#1484 = VECTOR ( 'NONE', #1303, 1000.000000000000000 ) ;
#1485 = ADVANCED_FACE ( 'NONE', ( #4158 ), #482, .T. ) ;
#1486 = LINE ( 'NONE', #8900, #9032 ) ;
#1487 = CARTESIAN_POINT ( 'NONE',  ( -0.4649999999999988600, -0.6250000000000003300, 0.6499999999999964700 ) ) ;
#1488 = ORIENTED_EDGE ( 'NONE', *, *, #4894, .F. ) ;
#1489 = FACE_OUTER_BOUND ( 'NONE', #2403, .T. ) ;
#1490 = EDGE_CURVE ( 'NONE', #555, #11778, #12053, .T. ) ;
#1491 = DIRECTION ( 'NONE',  ( -0.0000000000000000000, 1.000000000000000000, -0.0000000000000000000 ) ) ;
#1492 = CARTESIAN_POINT ( 'NONE',  ( -0.7849999999999988100, 0.2499999999999996700, 0.1799999999999966600 ) ) ;
#1493 = ORIENTED_EDGE ( 'NONE', *, *, #8094, .T. ) ;
#1494 = DIRECTION ( 'NONE',  ( 1.000000000000000000, 0.0000000000000000000, 1.875376730785737500E-016 ) ) ;
#1495 = CARTESIAN_POINT ( 'NONE',  ( 5.149000000000000900, -1.100000000000000100, 1.226000000000000000 ) ) ;
#1496 = ORIENTED_EDGE ( 'NONE', *, *, #11023, .F. ) ;
#1497 = ORIENTED_EDGE ( 'NONE', *, *, #10662, .T. ) ;
#1498 =( LENGTH_UNIT ( ) NAMED_UNIT ( * ) SI_UNIT ( .MILLI., .METRE. ) );
#1499 = SURFACE_SIDE_STYLE ('',( #10493 ) ) ;
#1500 = AXIS2_PLACEMENT_3D ( 'NONE', #5942, #1051, #7928 ) ;
#1501 = CARTESIAN_POINT ( 'NONE',  ( -4.024999999999999500, 1.700000000000000200, 1.749999999999996400 ) ) ;
#1502 = UNCERTAINTY_MEASURE_WITH_UNIT (LENGTH_MEASURE( 1.000000000000000100E-005 ), #11055, 'distance_accuracy_value', 'NONE');
#1503 = COLOUR_RGB ( '',0.8000000000000000400, 0.8078431372549019800, 0.8000000000000000400 ) ;
#1504 = ORIENTED_EDGE ( 'NONE', *, *, #2937, .F. ) ;
#1505 = VECTOR ( 'NONE', #10481, 1000.000000000000000 ) ;
#1506 = ORIENTED_EDGE ( 'NONE', *, *, #8078, .F. ) ;
#1507 = VECTOR ( 'NONE', #4328, 1000.000000000000000 ) ;
#1508 = LINE ( 'NONE', #2208, #1815 ) ;
#1509 = VECTOR ( 'NONE', #8176, 1000.000000000000000 ) ;
#1510 = VERTEX_POINT ( 'NONE', #730 ) ;
#1511 = EDGE_CURVE ( 'NONE', #10613, #685, #9062, .T. ) ;
#1512 = MECHANICAL_DESIGN_GEOMETRIC_PRESENTATION_REPRESENTATION (  '', ( #173 ), #2148 ) ;
#1513 = DIRECTION ( 'NONE',  ( -1.000000000000000000, -0.0000000000000000000, -0.0000000000000000000 ) ) ;
#1514 =( LENGTH_UNIT ( ) NAMED_UNIT ( * ) SI_UNIT ( .MILLI., .METRE. ) );
#1515 = EDGE_CURVE ( 'NONE', #5294, #9814, #1529, .T. ) ;
#1516 =( NAMED_UNIT ( * ) PLANE_ANGLE_UNIT ( ) SI_UNIT ( $, .RADIAN. ) );
#1517 = LINE ( 'NONE', #2383, #1188 ) ;
#1518 = DIRECTION ( 'NONE',  ( 0.0000000000000000000, 2.032879073410321300E-016, -1.000000000000000000 ) ) ;
#1519 = CARTESIAN_POINT ( 'NONE',  ( -5.149000000000000900, 1.100000000000000100, 0.3039999999999999400 ) ) ;
#1520 = UNCERTAINTY_MEASURE_WITH_UNIT (LENGTH_MEASURE( 1.000000000000000100E-005 ), #2980, 'distance_accuracy_value', 'NONE');
#1521 = ORIENTED_EDGE ( 'NONE', *, *, #4711, .T. ) ;
#1522 = COLOUR_RGB ( '',0.8000000000000000400, 0.8078431372549019800, 0.8000000000000000400 ) ;
#1523 = EDGE_CURVE ( 'NONE', #34, #5369, #9371, .T. ) ;
#1524 = CIRCLE ( 'NONE', #6040, 0.3040000000000004400 ) ;
#1525 = ORIENTED_EDGE ( 'NONE', *, *, #7754, .F. ) ;
#1526 = CARTESIAN_POINT ( 'NONE',  ( -4.624999999999999100, 2.600000000000000100, 4.699999999999995700 ) ) ;
#1527 = FILL_AREA_STYLE ('',( #6429 ) ) ;
#1528 = EDGE_CURVE ( 'NONE', #3862, #3297, #1198, .T. ) ;
#1529 = LINE ( 'NONE', #1339, #11732 ) ;
#1530 = CARTESIAN_POINT ( 'NONE',  ( 4.024999999999995900, -0.6999999999999988500, 2.099999999999996100 ) ) ;
#1531 = MECHANICAL_DESIGN_GEOMETRIC_PRESENTATION_REPRESENTATION (  '', ( #12395 ), #2166 ) ;
#1532 = LINE ( 'NONE', #1054, #12058 ) ;
#1533 = DIRECTION ( 'NONE',  ( -1.000000000000000000, 6.776263578034385000E-016, -0.0000000000000000000 ) ) ;
#1534 = EDGE_LOOP ( 'NONE', ( #528, #456, #1443, #10109 ) ) ;
#1535 = ORIENTED_EDGE ( 'NONE', *, *, #354, .F. ) ;
#1536 = PRESENTATION_STYLE_ASSIGNMENT (( #9607 ) ) ;
#1537 = UNCERTAINTY_MEASURE_WITH_UNIT (LENGTH_MEASURE( 1.000000000000000100E-005 ), #6746, 'distance_accuracy_value', 'NONE');
#1538 = ORIENTED_EDGE ( 'NONE', *, *, #2476, .T. ) ;
#1539 = ORIENTED_EDGE ( 'NONE', *, *, #6809, .T. ) ;
#1540 = CARTESIAN_POINT ( 'NONE',  ( 2.500000000000000000, 0.4249999999999998200, 0.6499999999999980200 ) ) ;
#1541 = CARTESIAN_POINT ( 'NONE',  ( -2.649999999999999500, -0.6999999999999988500, 4.399999999999993200 ) ) ;
#1542 = LINE ( 'NONE', #5473, #8754 ) ;
#1543 = ADVANCED_FACE ( 'NONE', ( #3540 ), #2627, .T. ) ;
#1544 = DIRECTION ( 'NONE',  ( 1.000000000000000000, 0.0000000000000000000, 1.875376730785737500E-016 ) ) ;
#1545 = DIRECTION ( 'NONE',  ( -1.000000000000000000, 0.0000000000000000000, 0.0000000000000000000 ) ) ;
#1546 = VECTOR ( 'NONE', #9649, 1000.000000000000000 ) ;
#1547 = PLANE ( 'NONE',  #6320 ) ;
#1548 = VERTEX_POINT ( 'NONE', #2971 ) ;
#1549 = CARTESIAN_POINT ( 'NONE',  ( 0.7850000000000010300, 0.4249999999999998200, 3.999999999999993300 ) ) ;
#1550 = FACE_OUTER_BOUND ( 'NONE', #3674, .T. ) ;
#1551 = FILL_AREA_STYLE ('',( #12409 ) ) ;
#1552 = ORIENTED_EDGE ( 'NONE', *, *, #4169, .F. ) ;
#1553 = ORIENTED_EDGE ( 'NONE', *, *, #11807, .F. ) ;
#1554 = LINE ( 'NONE', #836, #9390 ) ;
#1555 = PRESENTATION_LAYER_ASSIGNMENT (  '', '', ( #218 ) ) ;
#1556 = SURFACE_STYLE_USAGE ( .BOTH. , #7432 ) ;
#1557 = DIRECTION ( 'NONE',  ( 1.000000000000000000, 0.0000000000000000000, 0.0000000000000000000 ) ) ;
#1558 = PLANE ( 'NONE',  #945 ) ;
#1559 = DIRECTION ( 'NONE',  ( 0.0000000000000000000, -1.000000000000000000, 0.0000000000000000000 ) ) ;
#1561 = LINE ( 'NONE', #5406, #12087 ) ;
#1560 = CARTESIAN_POINT ( 'NONE',  ( -4.324999999999999300, 0.09999999999999982500, 4.699999999999996600 ) ) ;
#1562 = ADVANCED_FACE ( 'NONE', ( #893 ), #2669, .T. ) ;
#1563 = DIRECTION ( 'NONE',  ( -1.000000000000000000, -0.0000000000000000000, -0.0000000000000000000 ) ) ;
#1564 = ORIENTED_EDGE ( 'NONE', *, *, #11893, .F. ) ;
#1565 = ORIENTED_EDGE ( 'NONE', *, *, #1441, .T. ) ;
#1566 = FACE_OUTER_BOUND ( 'NONE', #10528, .T. ) ;
#1567 = DIRECTION ( 'NONE',  ( 1.000000000000000000, 2.344220913482171800E-017, 0.0000000000000000000 ) ) ;
#1568 = PRESENTATION_LAYER_ASSIGNMENT (  '', '', ( #226 ) ) ;
#1569 = ORIENTED_EDGE ( 'NONE', *, *, #4183, .T. ) ;
#1570 = PRESENTATION_STYLE_ASSIGNMENT (( #11866 ) ) ;
#1571 = DIRECTION ( 'NONE',  ( 0.0000000000000000000, -1.000000000000000000, 0.0000000000000000000 ) ) ;
#1572 = VECTOR ( 'NONE', #7165, 1000.000000000000000 ) ;
#1573 = EDGE_LOOP ( 'NONE', ( #10757, #12419, #64, #3089 ) ) ;
#1574 = CARTESIAN_POINT ( 'NONE',  ( 3.285000000000001500, -0.6250000000000003300, 0.6499999999999964700 ) ) ;
#1575 = VERTEX_POINT ( 'NONE', #3210 ) ;
#1576 = VERTEX_POINT ( 'NONE', #4413 ) ;
#1577 = EDGE_LOOP ( 'NONE', ( #8562, #4991, #12437, #12420 ) ) ;
#1578 = SURFACE_STYLE_FILL_AREA ( #11840 ) ;
#1579 = CARTESIAN_POINT ( 'NONE',  ( -2.700000000000000200, 2.600000000000000100, 0.6499999999999985800 ) ) ;
#1580 = CARTESIAN_POINT ( 'NONE',  ( -3.550000000000000300, -1.100000000000000300, 0.6499999999999985800 ) ) ;
#1581 = PRESENTATION_LAYER_ASSIGNMENT (  '', '', ( #903 ) ) ;
#1582 = ORIENTED_EDGE ( 'NONE', *, *, #1528, .T. ) ;
#1583 = CARTESIAN_POINT ( 'NONE',  ( 5.645000000000000500, 1.200000000000000000, 1.275999999999999800 ) ) ;
#1584 = SURFACE_STYLE_USAGE ( .BOTH. , #7463 ) ;
#1585 = ORIENTED_EDGE ( 'NONE', *, *, #527, .T. ) ;
#1586 = ORIENTED_EDGE ( 'NONE', *, *, #7209, .T. ) ;
#1587 = LINE ( 'NONE', #11591, #9129 ) ;
#1588 = CARTESIAN_POINT ( 'NONE',  ( 2.128248708952969400E-017, 0.0000000000000000000, 0.04999999999999844800 ) ) ;
#1589 = EDGE_CURVE ( 'NONE', #1714, #3417, #2597, .T. ) ;
#1590 =( LENGTH_UNIT ( ) NAMED_UNIT ( * ) SI_UNIT ( .MILLI., .METRE. ) );
#1591 = CARTESIAN_POINT ( 'NONE',  ( 3.285000000000001500, -0.1500000000000003000, 0.1799999999999965800 ) ) ;
#1592 = ORIENTED_EDGE ( 'NONE', *, *, #1149, .T. ) ;
#1593 = CARTESIAN_POINT ( 'NONE',  ( 1.715000000000001200, 0.4249999999999998200, 1.749999999999996400 ) ) ;
#1594 = VERTEX_POINT ( 'NONE', #9843 ) ;
#1595 = EDGE_CURVE ( 'NONE', #2135, #7327, #4903, .T. ) ;
#1596 = LINE ( 'NONE', #1, #1270 ) ;
#1597 = EDGE_LOOP ( 'NONE', ( #3694, #2279, #5684, #279 ) ) ;
#1598 = ORIENTED_EDGE ( 'NONE', *, *, #349, .T. ) ;
#1599 = COLOUR_RGB ( '',0.7921568627450980000, 0.8196078431372548800, 0.9333333333333333500 ) ;
#1600 = VERTEX_POINT ( 'NONE', #5128 ) ;
#1601 = DIRECTION ( 'NONE',  ( 0.0000000000000000000, 1.000000000000000000, 0.0000000000000000000 ) ) ;
#1602 = DIRECTION ( 'NONE',  ( 0.0000000000000000000, -1.000000000000000000, 0.0000000000000000000 ) ) ;
#1603 = VECTOR ( 'NONE', #8264, 1000.000000000000000 ) ;
#1604 = CARTESIAN_POINT ( 'NONE',  ( 1.715000000000001200, 0.4249999999999998200, 1.749999999999996400 ) ) ;
#1605 = EDGE_CURVE ( 'NONE', #3898, #3799, #12829, .T. ) ;
#1606 =( NAMED_UNIT ( * ) PLANE_ANGLE_UNIT ( ) SI_UNIT ( $, .RADIAN. ) );
#1607 = DIRECTION ( 'NONE',  ( 0.0000000000000000000, -1.000000000000000000, 1.355252715606881500E-016 ) ) ;
#1608 = FILL_AREA_STYLE_COLOUR ( '', #9015 ) ;
#1609 = DIRECTION ( 'NONE',  ( -0.0000000000000000000, 0.0000000000000000000, -1.000000000000000000 ) ) ;
#1610 = EDGE_CURVE ( 'NONE', #5503, #9868, #7505, .T. ) ;
#1611 = EDGE_CURVE ( 'NONE', #1167, #1978, #12508, .T. ) ;
#1612 = ORIENTED_EDGE ( 'NONE', *, *, #5465, .F. ) ;
#1613 =( GEOMETRIC_REPRESENTATION_CONTEXT ( 3 ) GLOBAL_UNCERTAINTY_ASSIGNED_CONTEXT ( ( #10816 ) ) GLOBAL_UNIT_ASSIGNED_CONTEXT ( ( #4810, #11745, #5782 ) ) REPRESENTATION_CONTEXT ( 'NONE', 'WORKASPACE' ) );
#1614 = FACE_OUTER_BOUND ( 'NONE', #3927, .T. ) ;
#1615 = DIRECTION ( 'NONE',  ( -1.000000000000000000, -0.0000000000000000000, -0.0000000000000000000 ) ) ;
#1616 = ADVANCED_FACE ( 'NONE', ( #4606 ), #6895, .T. ) ;
#1617 = CARTESIAN_POINT ( 'NONE',  ( 3.750000000000000000, 0.4249999999999998200, 0.6499999999999978000 ) ) ;
#1618 = DIRECTION ( 'NONE',  ( 0.0000000000000000000, 0.0000000000000000000, -1.000000000000000000 ) ) ;
#1619 = LINE ( 'NONE', #5865, #4240 ) ;
#1620 =( NAMED_UNIT ( * ) PLANE_ANGLE_UNIT ( ) SI_UNIT ( $, .RADIAN. ) );
#1621 = PRESENTATION_LAYER_ASSIGNMENT (  '', '', ( #283 ) ) ;
#1622 =( NAMED_UNIT ( * ) SI_UNIT ( $, .STERADIAN. ) SOLID_ANGLE_UNIT ( ) );
#1623 = EDGE_CURVE ( 'NONE', #10508, #5422, #8582, .T. ) ;
#1624 = DIRECTION ( 'NONE',  ( 0.0000000000000000000, 0.0000000000000000000, -1.000000000000000000 ) ) ;
#1625 = CARTESIAN_POINT ( 'NONE',  ( 4.625000000000000900, -1.100000000000000100, 2.400000000000000400 ) ) ;
#1626 = ORIENTED_EDGE ( 'NONE', *, *, #1611, .F. ) ;
#1627 = LINE ( 'NONE', #9208, #6548 ) ;
#1628 = VERTEX_POINT ( 'NONE', #8911 ) ;
#1629 = ADVANCED_FACE ( 'NONE', ( #5960, #3685 ), #8339, .F. ) ;
#1630 = STYLED_ITEM ( 'NONE', ( #1570 ), #376 ) ;
#1631 = DIRECTION ( 'NONE',  ( 4.371782953570583600E-016, 0.0000000000000000000, -1.000000000000000000 ) ) ;
#1632 = AXIS2_PLACEMENT_3D ( 'NONE', #11163, #5255, #12184 ) ;
#1633 = SURFACE_STYLE_USAGE ( .BOTH. , #7499 ) ;
#1634 = DIRECTION ( 'NONE',  ( 2.344220913482171700E-016, -1.000000000000000000, 0.0000000000000000000 ) ) ;
#1635 = CARTESIAN_POINT ( 'NONE',  ( 1.049999999999999800, 2.600000000000000100, 0.6499999999999978000 ) ) ;
#1636 = DIRECTION ( 'NONE',  ( 0.0000000000000000000, 0.0000000000000000000, 1.000000000000000000 ) ) ;
#1637 = LINE ( 'NONE', #11512, #11517 ) ;
#1638 = ORIENTED_EDGE ( 'NONE', *, *, #5142, .T. ) ;
#1639 =( LENGTH_UNIT ( ) NAMED_UNIT ( * ) SI_UNIT ( .MILLI., .METRE. ) );
#1640 = SURFACE_STYLE_FILL_AREA ( #4140 ) ;
#1641 = ORIENTED_EDGE ( 'NONE', *, *, #7996, .T. ) ;
#1642 = FACE_OUTER_BOUND ( 'NONE', #5464, .T. ) ;
#1643 = CARTESIAN_POINT ( 'NONE',  ( 3.550000000000000300, -1.100000000000000100, 0.6499999999999973600 ) ) ;
#1644 = CARTESIAN_POINT ( 'NONE',  ( -4.625000000000000900, 1.700000000000000000, 0.04999999999999996800 ) ) ;
#1645 = CARTESIAN_POINT ( 'NONE',  ( -4.125000000000000000, 2.600000000000000100, 0.2999999999999998200 ) ) ;
#1646 = CARTESIAN_POINT ( 'NONE',  ( 1.450000000000000000, -1.100000000000000100, 0.6499999999999975800 ) ) ;
#1647 = FACE_OUTER_BOUND ( 'NONE', #5704, .T. ) ;
#1648 = CARTESIAN_POINT ( 'NONE',  ( 3.285000000000001500, 2.549999999999999800, 0.4499999999999999000 ) ) ;
#1649 = AXIS2_PLACEMENT_3D ( 'NONE', #7581, #12611, #6663 ) ;
#1650 = LINE ( 'NONE', #11090, #6872 ) ;
#1651 = VECTOR ( 'NONE', #3711, 1000.000000000000000 ) ;
#1652 = DIRECTION ( 'NONE',  ( -0.0000000000000000000, -1.000000000000000000, -0.0000000000000000000 ) ) ;
#1653 = VERTEX_POINT ( 'NONE', #9773 ) ;
#1654 = CARTESIAN_POINT ( 'NONE',  ( 4.845000000000000600, 1.100000000000000100, 1.225999999999999800 ) ) ;
#1655 = ORIENTED_EDGE ( 'NONE', *, *, #9494, .F. ) ;
#1656 = ORIENTED_EDGE ( 'NONE', *, *, #4988, .F. ) ;
#1657 = DIRECTION ( 'NONE',  ( 0.0000000000000000000, -1.000000000000000000, 0.0000000000000000000 ) ) ;
#1658 = DIRECTION ( 'NONE',  ( 0.7071067811865492400, 0.0000000000000000000, -0.7071067811865458000 ) ) ;
#1659 = VECTOR ( 'NONE', #5572, 1000.000000000000000 ) ;
#1660 = STYLED_ITEM ( 'NONE', ( #8547 ), #4212 ) ;
#1661 = VECTOR ( 'NONE', #1848, 1000.000000000000000 ) ;
#1662 = FILL_AREA_STYLE_COLOUR ( '', #7715 ) ;
#1663 = VECTOR ( 'NONE', #7341, 1000.000000000000000 ) ;
#1664 = EDGE_LOOP ( 'NONE', ( #11263, #9578, #10111, #4178, #5739, #6172, #939, #8961, #779, #8551, #4370, #10329, #1884, #3618, #7617, #3726, #12097, #4406 ) ) ;
#1665 = CARTESIAN_POINT ( 'NONE',  ( -1.450000000000000200, 2.600000000000000100, 0.2999999999999983200 ) ) ;
#1666 = EDGE_CURVE ( 'NONE', #9197, #9412, #741, .T. ) ;
#1667 = UNCERTAINTY_MEASURE_WITH_UNIT (LENGTH_MEASURE( 1.000000000000000100E-005 ), #6009, 'distance_accuracy_value', 'NONE');
#1668 = LINE ( 'NONE', #2006, #6596 ) ;
#1669 = EDGE_CURVE ( 'NONE', #9860, #1576, #10928, .T. ) ;
#1670 = PLANE ( 'NONE',  #6133 ) ;
#1671 = DIRECTION ( 'NONE',  ( 0.0000000000000000000, -1.000000000000000000, 0.0000000000000000000 ) ) ;
#1672 = VECTOR ( 'NONE', #3789, 1000.000000000000000 ) ;
#1673 = ORIENTED_EDGE ( 'NONE', *, *, #7519, .T. ) ;
#1674 = CARTESIAN_POINT ( 'NONE',  ( -5.099000000000000200, 1.200000000000000000, 0.5199999999999998000 ) ) ;
#1675 = EDGE_CURVE ( 'NONE', #5975, #12770, #11248, .T. ) ;
#1676 = ORIENTED_EDGE ( 'NONE', *, *, #7204, .T. ) ;
#1677 = DIRECTION ( 'NONE',  ( 0.0000000000000000000, 0.7071067811865431300, -0.7071067811865519000 ) ) ;
#1678 = PRESENTATION_STYLE_ASSIGNMENT (( #56 ) ) ;
#1679 = FILL_AREA_STYLE ('',( #683 ) ) ;
#1680 = EDGE_CURVE ( 'NONE', #5687, #4197, #3068, .T. ) ;
#1681 =( LENGTH_UNIT ( ) NAMED_UNIT ( * ) SI_UNIT ( .MILLI., .METRE. ) );
#1682 = ORIENTED_EDGE ( 'NONE', *, *, #6527, .F. ) ;
#1683 = FACE_OUTER_BOUND ( 'NONE', #3443, .T. ) ;
#1684 = MECHANICAL_DESIGN_GEOMETRIC_PRESENTATION_REPRESENTATION (  '', ( #352 ), #2323 ) ;
#1685 = DIRECTION ( 'NONE',  ( -1.000000000000000000, -0.0000000000000000000, -0.0000000000000000000 ) ) ;
#1686 = DIRECTION ( 'NONE',  ( 0.0000000000000000000, 1.000000000000000000, -1.204669080539448900E-016 ) ) ;
#1687 = EDGE_LOOP ( 'NONE', ( #9779, #8864, #509, #8283 ) ) ;
#1688 = EDGE_LOOP ( 'NONE', ( #5435, #500, #9440, #9817 ) ) ;
#1689 = EDGE_CURVE ( 'NONE', #10848, #9712, #8274, .T. ) ;
#1690 = ADVANCED_FACE ( 'NONE', ( #10291 ), #11770, .T. ) ;
#1691 = CARTESIAN_POINT ( 'NONE',  ( -1.714999999999998100, 0.4249999999999998200, 0.04999999999999709500 ) ) ;
#1692 = LINE ( 'NONE', #2856, #4010 ) ;
#1693 = CARTESIAN_POINT ( 'NONE',  ( 2.035000000000001900, 1.480139484621849500E-016, 0.6499999999999975800 ) ) ;
#1694 = CARTESIAN_POINT ( 'NONE',  ( -1.714999999999999000, -0.6250000000000003300, 0.6499999999999964700 ) ) ;
#1695 = COLOUR_RGB ( '',0.8000000000000000400, 0.8078431372549019800, 0.8000000000000000400 ) ;
#1696 = STYLED_ITEM ( 'NONE', ( #4764 ), #10886 ) ;
#1698 = EDGE_CURVE ( 'NONE', #8745, #207, #7650, .T. ) ;
#1697 = FACE_OUTER_BOUND ( 'NONE', #8921, .T. ) ;
#1699 = VERTEX_POINT ( 'NONE', #12255 ) ;
#1700 = VECTOR ( 'NONE', #10357, 1000.000000000000000 ) ;
#1701 = ORIENTED_EDGE ( 'NONE', *, *, #8841, .T. ) ;
#1702 = VERTEX_POINT ( 'NONE', #11838 ) ;
#1703 = CARTESIAN_POINT ( 'NONE',  ( -6.125000000000000000, -1.100000000000000100, 0.2540000000000000000 ) ) ;
#1704 = CARTESIAN_POINT ( 'NONE',  ( 0.7850000000000010300, -0.3750000000000005000, 3.499999999999986700 ) ) ;
#1705 = EDGE_CURVE ( 'NONE', #10402, #6187, #113, .T. ) ;
#1706 = VECTOR ( 'NONE', #10319, 1000.000000000000000 ) ;
#1707 = DIRECTION ( 'NONE',  ( 0.0000000000000000000, 0.0000000000000000000, -1.000000000000000000 ) ) ;
#1708 = MECHANICAL_DESIGN_GEOMETRIC_PRESENTATION_REPRESENTATION (  '', ( #12562 ), #2337 ) ;
#1709 = DIRECTION ( 'NONE',  ( 0.1904761904761871300, 0.2380952380952350300, 0.9523809523809537700 ) ) ;
#1710 = SURFACE_STYLE_FILL_AREA ( #5535 ) ;
#1711 = VECTOR ( 'NONE', #2344, 1000.000000000000000 ) ;
#1712 = VERTEX_POINT ( 'NONE', #12720 ) ;
#1713 = PRESENTATION_LAYER_ASSIGNMENT (  '', '', ( #383 ) ) ;
#1714 = VERTEX_POINT ( 'NONE', #5088 ) ;
#1715 = MECHANICAL_DESIGN_GEOMETRIC_PRESENTATION_REPRESENTATION (  '', ( #12564 ), #2350 ) ;
#1716 = LINE ( 'NONE', #1549, #9555 ) ;
#1717 = CARTESIAN_POINT ( 'NONE',  ( -4.625000000000000900, 2.600000000000000100, 0.2999999999999999900 ) ) ;
#1718 =( LENGTH_UNIT ( ) NAMED_UNIT ( * ) SI_UNIT ( .MILLI., .METRE. ) );
#1719 = VECTOR ( 'NONE', #6687, 1000.000000000000000 ) ;
#1720 = DIRECTION ( 'NONE',  ( -0.0000000000000000000, 1.000000000000000000, -0.0000000000000000000 ) ) ;
#1721 = CARTESIAN_POINT ( 'NONE',  ( 0.4650000000000010200, 0.4249999999999998200, 1.749999999999996400 ) ) ;
#1722 = DIRECTION ( 'NONE',  ( 0.0000000000000000000, 2.258754526011468200E-016, -1.000000000000000000 ) ) ;
#1723 = VECTOR ( 'NONE', #9277, 1000.000000000000000 ) ;
#1724 = ORIENTED_EDGE ( 'NONE', *, *, #5569, .T. ) ;
#1725 = MECHANICAL_DESIGN_GEOMETRIC_PRESENTATION_REPRESENTATION (  '', ( #12574 ), #2362 ) ;
#1726 = ORIENTED_EDGE ( 'NONE', *, *, #12633, .F. ) ;
#1727 = CARTESIAN_POINT ( 'NONE',  ( -4.324999999999999300, 1.700000000000000000, 4.699999999999995700 ) ) ;
#1728 = DIRECTION ( 'NONE',  ( 0.0000000000000000000, 0.0000000000000000000, -1.000000000000000000 ) ) ;
#1729 = CARTESIAN_POINT ( 'NONE',  ( -0.7849999999999988100, 3.000000000000000000, 0.4499999999999998400 ) ) ;
#1730 =( NAMED_UNIT ( * ) SI_UNIT ( $, .STERADIAN. ) SOLID_ANGLE_UNIT ( ) );
#1731 = VERTEX_POINT ( 'NONE', #12629 ) ;
#1732 = DIRECTION ( 'NONE',  ( 0.0000000000000000000, 1.000000000000000000, 0.0000000000000000000 ) ) ;
#1733 = DIRECTION ( 'NONE',  ( 0.0000000000000000000, 0.0000000000000000000, -1.000000000000000000 ) ) ;
#1734 = LINE ( 'NONE', #7937, #11947 ) ;
#1735 = AXIS2_PLACEMENT_3D ( 'NONE', #850, #7718, #1851 ) ;
#1736 = DIRECTION ( 'NONE',  ( 0.7071067811865468000, 0.0000000000000000000, -0.7071067811865483500 ) ) ;
#1737 = EDGE_LOOP ( 'NONE', ( #2433, #1749, #6498, #9482 ) ) ;
#1738 = AXIS2_PLACEMENT_3D ( 'NONE', #4937, #9870, #10767 ) ;
#1739 = ORIENTED_EDGE ( 'NONE', *, *, #12121, .T. ) ;
#1740 = CARTESIAN_POINT ( 'NONE',  ( -1.714999999999999000, 2.500000000000000000, -1.084202172485504400E-016 ) ) ;
#1741 = ORIENTED_EDGE ( 'NONE', *, *, #1761, .F. ) ;
#1742 = UNCERTAINTY_MEASURE_WITH_UNIT (LENGTH_MEASURE( 1.000000000000000100E-005 ), #8972, 'distance_accuracy_value', 'NONE');
#1743 = DIRECTION ( 'NONE',  ( -0.0000000000000000000, 0.0000000000000000000, -1.000000000000000000 ) ) ;
#1744 = SURFACE_SIDE_STYLE ('',( #3702 ) ) ;
#1745 = ORIENTED_EDGE ( 'NONE', *, *, #9501, .F. ) ;
#1746 = SURFACE_STYLE_FILL_AREA ( #9628 ) ;
#1747 = EDGE_CURVE ( 'NONE', #4262, #9385, #5053, .T. ) ;
#1748 = EDGE_CURVE ( 'NONE', #1123, #12264, #5373, .T. ) ;
#1749 = ORIENTED_EDGE ( 'NONE', *, *, #1152, .F. ) ;
#1750 = EDGE_LOOP ( 'NONE', ( #3895, #1956, #6362, #4790 ) ) ;
#1751 = DIRECTION ( 'NONE',  ( -0.0000000000000000000, -1.000000000000000000, -0.0000000000000000000 ) ) ;
#1752 = ORIENTED_EDGE ( 'NONE', *, *, #4074, .F. ) ;
#1753 = PRESENTATION_LAYER_ASSIGNMENT (  '', '', ( #421 ) ) ;
#1754 = ADVANCED_FACE ( 'NONE', ( #2117 ), #2094, .F. ) ;
#1755 = DIRECTION ( 'NONE',  ( 0.0000000000000000000, -1.000000000000000000, 0.0000000000000000000 ) ) ;
#1756 = CARTESIAN_POINT ( 'NONE',  ( 1.815000000000001500, 0.3499999999999997000, 3.999999999999993300 ) ) ;
#1757 = ORIENTED_EDGE ( 'NONE', *, *, #10260, .T. ) ;
#1758 = LINE ( 'NONE', #2310, #6974 ) ;
#1759 = VECTOR ( 'NONE', #10759, 1000.000000000000000 ) ;
#1760 = DIRECTION ( 'NONE',  ( -1.326091603618049900E-016, 0.7071067811865494600, 0.7071067811865456900 ) ) ;
#1761 = EDGE_CURVE ( 'NONE', #6504, #7026, #12355, .T. ) ;
#1762 = LINE ( 'NONE', #2193, #6683 ) ;
#1763 = STYLED_ITEM ( 'NONE', ( #9740 ), #6239 ) ;
#1764 = EDGE_CURVE ( 'NONE', #11740, #3693, #9670, .T. ) ;
#1765 = DIRECTION ( 'NONE',  ( 0.0000000000000000000, 0.0000000000000000000, -1.000000000000000000 ) ) ;
#1766 = DIRECTION ( 'NONE',  ( -0.0000000000000000000, -1.000000000000000000, -0.0000000000000000000 ) ) ;
#1767 = PLANE ( 'NONE',  #4753 ) ;
#1768 = ORIENTED_EDGE ( 'NONE', *, *, #12727, .T. ) ;
#1769 = SURFACE_SIDE_STYLE ('',( #4343 ) ) ;
#1770 = EDGE_CURVE ( 'NONE', #5369, #11624, #9970, .T. ) ;
#1771 = CARTESIAN_POINT ( 'NONE',  ( -3.674999999999998500, 1.999999999999998200, 3.699999999999996600 ) ) ;
#1772 = LINE ( 'NONE', #12109, #9304 ) ;
#1773 =( NAMED_UNIT ( * ) SI_UNIT ( $, .STERADIAN. ) SOLID_ANGLE_UNIT ( ) );
#1774 = SURFACE_SIDE_STYLE ('',( #6955 ) ) ;
#1775 = CARTESIAN_POINT ( 'NONE',  ( 5.319000000000003500, -1.100000000000000100, 1.055999999999996300 ) ) ;
#1776 = EDGE_CURVE ( 'NONE', #9145, #12180, #1822, .T. ) ;
#1777 = ORIENTED_EDGE ( 'NONE', *, *, #4495, .T. ) ;
#1778 = LINE ( 'NONE', #202, #1462 ) ;
#1779 = CARTESIAN_POINT ( 'NONE',  ( -2.964999999999999000, -0.3750000000000005000, 3.499999999999986700 ) ) ;
#1781 = VECTOR ( 'NONE', #4901, 1000.000000000000000 ) ;
#1780 = CARTESIAN_POINT ( 'NONE',  ( -3.284999999999998800, -0.3750000000000001100, 0.6499999999999975800 ) ) ;
#1782 = DIRECTION ( 'NONE',  ( 1.000000000000000000, 0.0000000000000000000, -3.047487187526822800E-016 ) ) ;
#1783 = DIRECTION ( 'NONE',  ( -0.0000000000000000000, 1.000000000000000000, -0.0000000000000000000 ) ) ;
#1784 =( NAMED_UNIT ( * ) SI_UNIT ( $, .STERADIAN. ) SOLID_ANGLE_UNIT ( ) );
#1785 = STYLED_ITEM ( 'NONE', ( #5346 ), #11891 ) ;
#1786 = CARTESIAN_POINT ( 'NONE',  ( 0.4650000000000010200, 0.4249999999999998200, 0.6499999999999964700 ) ) ;
#1787 = SURFACE_STYLE_USAGE ( .BOTH. , #7654 ) ;
#1788 = VECTOR ( 'NONE', #9318, 1000.000000000000000 ) ;
#1789 = MECHANICAL_DESIGN_GEOMETRIC_PRESENTATION_REPRESENTATION (  '', ( #12648 ), #2437 ) ;
#1790 = LINE ( 'NONE', #563, #1475 ) ;
#1791 = ORIENTED_EDGE ( 'NONE', *, *, #1239, .F. ) ;
#1792 = VECTOR ( 'NONE', #3332, 1000.000000000000000 ) ;
#1793 = DIRECTION ( 'NONE',  ( -0.9805806756909207800, 0.0000000000000000000, -0.1961161351381809400 ) ) ;
#1794 = CARTESIAN_POINT ( 'NONE',  ( -5.099000000000001100, 1.100000000000000100, 0.3039999999999999400 ) ) ;
#1795 = ORIENTED_EDGE ( 'NONE', *, *, #5310, .F. ) ;
#1796 = ORIENTED_EDGE ( 'NONE', *, *, #8756, .F. ) ;
#1797 = PLANE ( 'NONE',  #2027 ) ;
#1798 = CARTESIAN_POINT ( 'NONE',  ( 0.4650000000000010200, 0.3499999999999997000, 3.499999999999982200 ) ) ;
#1799 = CARTESIAN_POINT ( 'NONE',  ( 2.965000000000001600, 2.350000000000003600, 0.6499999999999985800 ) ) ;
#1800 = PLANE ( 'NONE',  #12466 ) ;
#1801 = LINE ( 'NONE', #8217, #3501 ) ;
#1802 = LINE ( 'NONE', #7905, #7021 ) ;
#1803 = LINE ( 'NONE', #3495, #4128 ) ;
#1804 = ORIENTED_EDGE ( 'NONE', *, *, #11284, .F. ) ;
#1805 = CARTESIAN_POINT ( 'NONE',  ( 0.4650000000000010200, 0.0000000000000000000, 0.0000000000000000000 ) ) ;
#1806 =( NAMED_UNIT ( * ) PLANE_ANGLE_UNIT ( ) SI_UNIT ( $, .RADIAN. ) );
#1807 = UNCERTAINTY_MEASURE_WITH_UNIT (LENGTH_MEASURE( 1.000000000000000100E-005 ), #10175, 'distance_accuracy_value', 'NONE');
#1808 = CARTESIAN_POINT ( 'NONE',  ( 4.845000000000000600, -0.8799999999999986700, 1.529999999999999800 ) ) ;
#1809 = ADVANCED_FACE ( 'NONE', ( #4149 ), #10273, .T. ) ;
#1810 = VECTOR ( 'NONE', #1993, 1000.000000000000000 ) ;
#1811 = CARTESIAN_POINT ( 'NONE',  ( 0.4650000000000010200, -0.3750000000000001100, 1.749999999999996400 ) ) ;
#1812 = DIRECTION ( 'NONE',  ( 0.0000000000000000000, -0.7071067811865510100, -0.7071067811865441300 ) ) ;
#1813 = CLOSED_SHELL ( 'NONE', ( #7017, #1471, #5916, #1871, #4146, #9285, #8115, #6715, #1282, #889, #9357, #5233, #4842, #521, #11954, #8688, #12336, #2013, #4925, #4960, #320, #7222, #2586, #2860 ) ) ;
#1814 = VECTOR ( 'NONE', #12206, 1000.000000000000000 ) ;
#1815 = VECTOR ( 'NONE', #9120, 1000.000000000000000 ) ;
#1816 = ORIENTED_EDGE ( 'NONE', *, *, #6541, .F. ) ;
#1817 = VERTEX_POINT ( 'NONE', #9792 ) ;
#1818 = SURFACE_SIDE_STYLE ('',( #2575 ) ) ;
#1819 = DIRECTION ( 'NONE',  ( 0.0000000000000000000, 0.0000000000000000000, 1.000000000000000000 ) ) ;
#1820 = DIRECTION ( 'NONE',  ( -0.0000000000000000000, 1.000000000000000000, -0.0000000000000000000 ) ) ;
#1821 = DIRECTION ( 'NONE',  ( 0.1940285000290634100, 0.1455213750217966800, -0.9701425001453328800 ) ) ;
#1822 = LINE ( 'NONE', #9284, #6754 ) ;
#1823 = PRESENTATION_LAYER_ASSIGNMENT (  '', '', ( #495 ) ) ;
#1824 = CARTESIAN_POINT ( 'NONE',  ( 2.965000000000001600, -0.1500000000000003000, 0.1799999999999965800 ) ) ;
#1825 = COLOUR_RGB ( '',0.8000000000000000400, 0.8078431372549019800, 0.8000000000000000400 ) ;
#1826 = DIRECTION ( 'NONE',  ( 0.0000000000000000000, -2.258754526011467700E-016, 1.000000000000000000 ) ) ;
#1827 = VECTOR ( 'NONE', #11909, 1000.000000000000000 ) ;
#1828 = VERTEX_POINT ( 'NONE', #12363 ) ;
#1829 = EDGE_CURVE ( 'NONE', #11897, #57, #9050, .T. ) ;
#1830 = FACE_OUTER_BOUND ( 'NONE', #11559, .T. ) ;
#1831 = EDGE_CURVE ( 'NONE', #1653, #182, #11721, .T. ) ;
#1832 = CARTESIAN_POINT ( 'NONE',  ( -0.4649999999999988600, 3.100000000000000100, 0.09999999999999947800 ) ) ;
#1833 = CARTESIAN_POINT ( 'NONE',  ( -0.7849999999999988100, 3.000000000000000000, 0.4499999999999998400 ) ) ;
#1834 = VECTOR ( 'NONE', #3003, 1000.000000000000000 ) ;
#1835 = CARTESIAN_POINT ( 'NONE',  ( 4.024999999999995900, 1.999999999999999600, 3.699999999999998000 ) ) ;
#1836 = ORIENTED_EDGE ( 'NONE', *, *, #10662, .F. ) ;
#1837 = ORIENTED_EDGE ( 'NONE', *, *, #8823, .F. ) ;
#1838 = VECTOR ( 'NONE', #4674, 1000.000000000000000 ) ;
#1839 = DIRECTION ( 'NONE',  ( 0.0000000000000000000, -2.258754526011467700E-016, 1.000000000000000000 ) ) ;
#1840 = EDGE_CURVE ( 'NONE', #10837, #12603, #1517, .T. ) ;
#1841 = VERTEX_POINT ( 'NONE', #6165 ) ;
#1842 = VERTEX_POINT ( 'NONE', #5956 ) ;
#1843 = EDGE_CURVE ( 'NONE', #8640, #4724, #6099, .T. ) ;
#1844 = VECTOR ( 'NONE', #3623, 1000.000000000000000 ) ;
#1845 = SURFACE_SIDE_STYLE ('',( #10674 ) ) ;
#1846 = EDGE_CURVE ( 'NONE', #7710, #9920, #3825, .T. ) ;
#1847 = CARTESIAN_POINT ( 'NONE',  ( 2.035000000000001000, 2.350000000000003600, 0.6499999999999985800 ) ) ;
#1848 = DIRECTION ( 'NONE',  ( -0.0000000000000000000, 1.000000000000000000, -0.0000000000000000000 ) ) ;
#1849 = ORIENTED_EDGE ( 'NONE', *, *, #3090, .F. ) ;
#1850 = SURFACE_STYLE_FILL_AREA ( #7207 ) ;
#1851 = DIRECTION ( 'NONE',  ( 0.0000000000000000000, 0.0000000000000000000, 1.000000000000000000 ) ) ;
#1852 = VERTEX_POINT ( 'NONE', #327 ) ;
#1853 = LINE ( 'NONE', #3821, #1222 ) ;
#1854 = DIRECTION ( 'NONE',  ( 0.0000000000000000000, 1.000000000000000000, 1.070121624790885400E-015 ) ) ;
#1855 = CARTESIAN_POINT ( 'NONE',  ( 4.625000000000000900, 1.700000000000000000, 2.400000000000000400 ) ) ;
#1856 = STYLED_ITEM ( 'NONE', ( #2262 ), #11189 ) ;
#1857 = SURFACE_STYLE_FILL_AREA ( #6788 ) ;
#1858 = EDGE_CURVE ( 'NONE', #9965, #1410, #11087, .T. ) ;
#1859 = LINE ( 'NONE', #6344, #9707 ) ;
#1860 = DIRECTION ( 'NONE',  ( 0.0000000000000000000, -1.000000000000000000, 1.355252715606881500E-016 ) ) ;
#1861 =( LENGTH_UNIT ( ) NAMED_UNIT ( * ) SI_UNIT ( .MILLI., .METRE. ) );
#1862 = DIRECTION ( 'NONE',  ( 0.0000000000000000000, 0.0000000000000000000, -1.000000000000000000 ) ) ;
#1863 =( NAMED_UNIT ( * ) PLANE_ANGLE_UNIT ( ) SI_UNIT ( $, .RADIAN. ) );
#1864 = AXIS2_PLACEMENT_3D ( 'NONE', #3278, #3313, #3328 ) ;
#1865 = ORIENTED_EDGE ( 'NONE', *, *, #7108, .T. ) ;
#1866 = VECTOR ( 'NONE', #380, 1000.000000000000000 ) ;
#1867 = FILL_AREA_STYLE_COLOUR ( '', #11120 ) ;
#1868 = FILL_AREA_STYLE_COLOUR ( '', #12209 ) ;
#1869 = VECTOR ( 'NONE', #10226, 1000.000000000000000 ) ;
#1870 = ORIENTED_EDGE ( 'NONE', *, *, #750, .F. ) ;
#1871 = ADVANCED_FACE ( 'NONE', ( #11405 ), #8282, .T. ) ;
#1872 = AXIS2_PLACEMENT_3D ( 'NONE', #9007, #183, #7065 ) ;
#1873 = DIRECTION ( 'NONE',  ( -1.000000000000000000, 0.0000000000000000000, 0.0000000000000000000 ) ) ;
#1874 = ORIENTED_EDGE ( 'NONE', *, *, #1843, .T. ) ;
#1875 = ORIENTED_EDGE ( 'NONE', *, *, #1004, .F. ) ;
#1876 = ORIENTED_EDGE ( 'NONE', *, *, #9745, .F. ) ;
#1877 = VECTOR ( 'NONE', #5877, 1000.000000000000000 ) ;
#1878 = CARTESIAN_POINT ( 'NONE',  ( 2.965000000000001600, 2.350000000000003600, 0.6499999999999985800 ) ) ;
#1879 = DIRECTION ( 'NONE',  ( 1.000000000000000000, 0.0000000000000000000, 1.875376730785737500E-016 ) ) ;
#1880 = DIRECTION ( 'NONE',  ( -2.990902544787597600E-016, 0.0000000000000000000, -1.000000000000000000 ) ) ;
#1881 =( GEOMETRIC_REPRESENTATION_CONTEXT ( 3 ) GLOBAL_UNCERTAINTY_ASSIGNED_CONTEXT ( ( #2043 ) ) GLOBAL_UNIT_ASSIGNED_CONTEXT ( ( #2387, #9288, #3406 ) ) REPRESENTATION_CONTEXT ( 'NONE', 'WORKASPACE' ) );
#1882 = ORIENTED_EDGE ( 'NONE', *, *, #12306, .F. ) ;
#1883 = FACE_OUTER_BOUND ( 'NONE', #1688, .T. ) ;
#1884 = ORIENTED_EDGE ( 'NONE', *, *, #11284, .T. ) ;
#1885 = CARTESIAN_POINT ( 'NONE',  ( -3.550000000000000300, -1.100000000000000300, 0.2999999999999985500 ) ) ;
#1886 = VERTEX_POINT ( 'NONE', #3233 ) ;
#1887 = DIRECTION ( 'NONE',  ( 0.0000000000000000000, -0.0000000000000000000, 1.000000000000000000 ) ) ;
#1888 = VECTOR ( 'NONE', #5577, 1000.000000000000000 ) ;
#1889 = PLANE ( 'NONE',  #11985 ) ;
#1890 = DIRECTION ( 'NONE',  ( -1.000000000000000000, -0.0000000000000000000, -0.0000000000000000000 ) ) ;
#1891 = DIRECTION ( 'NONE',  ( 0.0000000000000000000, -1.000000000000000000, 0.0000000000000000000 ) ) ;
#1892 = ADVANCED_FACE ( 'NONE', ( #7496 ), #8361, .T. ) ;
#1893 = DIRECTION ( 'NONE',  ( 0.0000000000000000000, -2.258754526011467700E-016, 1.000000000000000000 ) ) ;
#1894 = DIRECTION ( 'NONE',  ( 1.000000000000000000, 0.0000000000000000000, 0.0000000000000000000 ) ) ;
#1895 = LINE ( 'NONE', #6852, #4222 ) ;
#1896 = ORIENTED_EDGE ( 'NONE', *, *, #2304, .F. ) ;
#1897 = SHAPE_DEFINITION_REPRESENTATION ( #6666, #6939 ) ;
#1898 = ORIENTED_EDGE ( 'NONE', *, *, #8343, .T. ) ;
#1899 = ORIENTED_EDGE ( 'NONE', *, *, #2992, .F. ) ;
#1900 = CARTESIAN_POINT ( 'NONE',  ( -2.964999999999999000, 3.100000000000000100, 0.09999999999999947800 ) ) ;
#1901 = EDGE_CURVE ( 'NONE', #5105, #2483, #4890, .T. ) ;
#1902 = DIRECTION ( 'NONE',  ( 1.000000000000000000, -0.0000000000000000000, -0.0000000000000000000 ) ) ;
#1903 = FILL_AREA_STYLE_COLOUR ( '', #3244 ) ;
#1904 = EDGE_CURVE ( 'NONE', #2135, #4395, #3990, .T. ) ;
#1905 = UNCERTAINTY_MEASURE_WITH_UNIT (LENGTH_MEASURE( 1.000000000000000100E-005 ), #1514, 'distance_accuracy_value', 'NONE');
#1906 = DIRECTION ( 'NONE',  ( 0.0000000000000000000, 1.141265444721583800E-016, -1.000000000000000000 ) ) ;
#1907 = ORIENTED_EDGE ( 'NONE', *, *, #12693, .F. ) ;
#1908 = LINE ( 'NONE', #8988, #9454 ) ;
#1909 = PRESENTATION_STYLE_ASSIGNMENT (( #7923 ) ) ;
#1910 = EDGE_CURVE ( 'NONE', #10308, #12825, #6595, .T. ) ;
#1911 = DIRECTION ( 'NONE',  ( 3.047487187526822800E-016, -0.0000000000000000000, 1.000000000000000000 ) ) ;
#1912 =( NAMED_UNIT ( * ) PLANE_ANGLE_UNIT ( ) SI_UNIT ( $, .RADIAN. ) );
#1913 = EDGE_CURVE ( 'NONE', #10269, #3207, #1346, .T. ) ;
#1914 = ORIENTED_EDGE ( 'NONE', *, *, #11864, .F. ) ;
#1915 = DIRECTION ( 'NONE',  ( -0.0000000000000000000, 1.000000000000000000, 0.0000000000000000000 ) ) ;
#1916 = MECHANICAL_DESIGN_GEOMETRIC_PRESENTATION_REPRESENTATION (  '', ( #12789 ), #2580 ) ;
#1917 = ORIENTED_EDGE ( 'NONE', *, *, #4741, .F. ) ;
#1918 =( LENGTH_UNIT ( ) NAMED_UNIT ( * ) SI_UNIT ( .MILLI., .METRE. ) );
#1919 = ORIENTED_EDGE ( 'NONE', *, *, #3006, .F. ) ;
#1920 = DIRECTION ( 'NONE',  ( 0.0000000000000000000, -1.000000000000000000, 0.0000000000000000000 ) ) ;
#1921 = EDGE_CURVE ( 'NONE', #10948, #5884, #8882, .T. ) ;
#1922 = AXIS2_PLACEMENT_3D ( 'NONE', #12644, #6690, #784 ) ;
#1923 = CARTESIAN_POINT ( 'NONE',  ( -3.674999999999998500, 1.700000000000000200, 3.399999999999996800 ) ) ;
#1924 = CARTESIAN_POINT ( 'NONE',  ( 2.035000000000001000, 2.500000000000000000, -1.084202172485504400E-016 ) ) ;
#1925 =( NAMED_UNIT ( * ) SI_UNIT ( $, .STERADIAN. ) SOLID_ANGLE_UNIT ( ) );
#1926 = EDGE_CURVE ( 'NONE', #10470, #8482, #11237, .T. ) ;
#1927 = CARTESIAN_POINT ( 'NONE',  ( 2.699999999999999300, 2.600000000000000100, 0.2999999999999973800 ) ) ;
#1928 = ADVANCED_FACE ( 'NONE', ( #3669 ), #10193, .F. ) ;
#1929 = CARTESIAN_POINT ( 'NONE',  ( 3.285000000000001500, 3.100000000000000100, 0.3499999999999989800 ) ) ;
#1930 = ORIENTED_EDGE ( 'NONE', *, *, #9182, .F. ) ;
#1931 = PLANE ( 'NONE',  #9626 ) ;
#1932 = FACE_OUTER_BOUND ( 'NONE', #6415, .T. ) ;
#1933 = EDGE_CURVE ( 'NONE', #12176, #10763, #12649, .T. ) ;
#1934 = VERTEX_POINT ( 'NONE', #3239 ) ;
#1935 = STYLED_ITEM ( 'NONE', ( #9516 ), #7917 ) ;
#1936 =( NAMED_UNIT ( * ) SI_UNIT ( $, .STERADIAN. ) SOLID_ANGLE_UNIT ( ) );
#1937 = ORIENTED_EDGE ( 'NONE', *, *, #7595, .T. ) ;
#1938 = CARTESIAN_POINT ( 'NONE',  ( -3.049999999999999800, -0.6999999999999988500, 3.249999999999996000 ) ) ;
#1939 = VECTOR ( 'NONE', #4466, 1000.000000000000000 ) ;
#1940 = VECTOR ( 'NONE', #8153, 1000.000000000000000 ) ;
#1941 = CARTESIAN_POINT ( 'NONE',  ( 1.949999999999999500, -1.100000000000000100, 3.249999999999995600 ) ) ;
#1942 = MECHANICAL_DESIGN_GEOMETRIC_PRESENTATION_REPRESENTATION (  '', ( #12820 ), #2607 ) ;
#1943 =( GEOMETRIC_REPRESENTATION_CONTEXT ( 3 ) GLOBAL_UNCERTAINTY_ASSIGNED_CONTEXT ( ( #141 ) ) GLOBAL_UNIT_ASSIGNED_CONTEXT ( ( #5792, #2736, #432 ) ) REPRESENTATION_CONTEXT ( 'NONE', 'WORKASPACE' ) );
#1944 = ORIENTED_EDGE ( 'NONE', *, *, #11184, .T. ) ;
#1945 = LINE ( 'NONE', #726, #7180 ) ;
#1946 = EDGE_LOOP ( 'NONE', ( #4602, #665, #5607, #1682 ) ) ;
#1947 = CARTESIAN_POINT ( 'NONE',  ( -5.099000000000001100, -1.100000000000000100, 1.225999999999999800 ) ) ;
#1948 = VERTEX_POINT ( 'NONE', #2256 ) ;
#1949 = CARTESIAN_POINT ( 'NONE',  ( 0.1999999999999996500, -1.100000000000000100, 0.6499999999999978000 ) ) ;
#1950 = ADVANCED_FACE ( 'NONE', ( #9954 ), #3358, .T. ) ;
#1952 = EDGE_LOOP ( 'NONE', ( #158, #7670, #4524, #11937 ) ) ;
#1951 = VECTOR ( 'NONE', #6194, 1000.000000000000000 ) ;
#1953 = CARTESIAN_POINT ( 'NONE',  ( -2.964999999999999000, -0.3750000000000005600, 3.999999999999993300 ) ) ;
#1954 = PRESENTATION_STYLE_ASSIGNMENT (( #10719 ) ) ;
#1955 = PRESENTATION_LAYER_ASSIGNMENT (  '', '', ( #644 ) ) ;
#1956 = ORIENTED_EDGE ( 'NONE', *, *, #5392, .F. ) ;
#1957 = LINE ( 'NONE', #1453, #1663 ) ;
#1958 = CARTESIAN_POINT ( 'NONE',  ( 0.4650000000000010200, 1.110104613466387200E-016, 0.6499999999999978000 ) ) ;
#1959 = ORIENTED_EDGE ( 'NONE', *, *, #6874, .T. ) ;
#1960 = DIRECTION ( 'NONE',  ( 0.0000000000000000000, 0.7071067811865431300, -0.7071067811865519000 ) ) ;
#1961 = ORIENTED_EDGE ( 'NONE', *, *, #9896, .T. ) ;
#1962 = LINE ( 'NONE', #3008, #4289 ) ;
#1963 =( GEOMETRIC_REPRESENTATION_CONTEXT ( 3 ) GLOBAL_UNCERTAINTY_ASSIGNED_CONTEXT ( ( #3630 ) ) GLOBAL_UNIT_ASSIGNED_CONTEXT ( ( #9468, #3587, #10473 ) ) REPRESENTATION_CONTEXT ( 'NONE', 'WORKASPACE' ) );
#1964 =( GEOMETRIC_REPRESENTATION_CONTEXT ( 3 ) GLOBAL_UNCERTAINTY_ASSIGNED_CONTEXT ( ( #547 ) ) GLOBAL_UNIT_ASSIGNED_CONTEXT ( ( #6270, #9847, #1936 ) ) REPRESENTATION_CONTEXT ( 'NONE', 'WORKASPACE' ) );
#1965 = DIRECTION ( 'NONE',  ( -1.000000000000000000, 0.0000000000000000000, 0.0000000000000000000 ) ) ;
#1966 = SURFACE_STYLE_FILL_AREA ( #168 ) ;
#1967 = SURFACE_SIDE_STYLE ('',( #1214 ) ) ;
#1968 = DIRECTION ( 'NONE',  ( -1.000000000000000000, -0.0000000000000000000, -0.0000000000000000000 ) ) ;
#1969 = VERTEX_POINT ( 'NONE', #5210 ) ;
#1970 = PLANE ( 'NONE',  #8310 ) ;
#1971 = EDGE_LOOP ( 'NONE', ( #6766, #10624, #8473, #4415 ) ) ;
#1972 = DIRECTION ( 'NONE',  ( 0.0000000000000000000, -1.000000000000000000, 1.355252715606881500E-016 ) ) ;
#1973 = PLANE ( 'NONE',  #9078 ) ;
#1974 = VECTOR ( 'NONE', #6421, 1000.000000000000000 ) ;
#1975 = VECTOR ( 'NONE', #2324, 1000.000000000000000 ) ;
#1976 = DIRECTION ( 'NONE',  ( 0.0000000000000000000, -0.7071067811865441300, 0.7071067811865510100 ) ) ;
#1977 = EDGE_LOOP ( 'NONE', ( #2184, #11176, #9639, #11577 ) ) ;
#1978 = VERTEX_POINT ( 'NONE', #12514 ) ;
#1979 = VECTOR ( 'NONE', #5772, 1000.000000000000000 ) ;
#1980 = SURFACE_SIDE_STYLE ('',( #7950 ) ) ;
#1981 = ORIENTED_EDGE ( 'NONE', *, *, #5208, .T. ) ;
#1982 = VERTEX_POINT ( 'NONE', #12140 ) ;
#1983 = PLANE ( 'NONE',  #6179 ) ;
#1984 = STYLED_ITEM ( 'NONE', ( #9897 ), #4984 ) ;
#1985 = CARTESIAN_POINT ( 'NONE',  ( -6.125000000000000000, 1.700000000000000000, 0.7999999999999979300 ) ) ;
#1986 = DIRECTION ( 'NONE',  ( 0.0000000000000000000, -0.7071067811865431300, 0.7071067811865520100 ) ) ;
#1987 = VECTOR ( 'NONE', #11355, 1000.000000000000000 ) ;
#1988 = DIRECTION ( 'NONE',  ( 0.0000000000000000000, 0.0000000000000000000, -1.000000000000000000 ) ) ;
#1989 = EDGE_CURVE ( 'NONE', #10693, #8091, #4735, .T. ) ;
#1990 = VERTEX_POINT ( 'NONE', #8826 ) ;
#1991 = AXIS2_PLACEMENT_3D ( 'NONE', #163, #8037, #2141 ) ;
#1992 = ADVANCED_FACE ( 'NONE', ( #7346 ), #6302, .T. ) ;
#1993 = DIRECTION ( 'NONE',  ( 0.0000000000000000000, 1.000000000000000000, 0.0000000000000000000 ) ) ;
#1994 = ORIENTED_EDGE ( 'NONE', *, *, #1004, .T. ) ;
#1995 = ORIENTED_EDGE ( 'NONE', *, *, #11194, .F. ) ;
#1996 = EDGE_CURVE ( 'NONE', #7491, #8054, #2408, .T. ) ;
#1997 = LINE ( 'NONE', #12103, #12230 ) ;
#1998 = CARTESIAN_POINT ( 'NONE',  ( -2.964999999999999000, 2.500000000000000000, -1.084202172485504400E-016 ) ) ;
#1999 = DIRECTION ( 'NONE',  ( 0.0000000000000000000, -1.000000000000000000, -2.258754526011468200E-016 ) ) ;
#2000 = DIRECTION ( 'NONE',  ( -1.000000000000000000, 0.0000000000000000000, 2.304851557154560700E-017 ) ) ;
#2001 = EDGE_CURVE ( 'NONE', #57, #11474, #2105, .T. ) ;
#2002 = CARTESIAN_POINT ( 'NONE',  ( -1.714999999999999000, 2.350000000000003600, 0.6499999999999985800 ) ) ;
#2003 = VECTOR ( 'NONE', #4307, 1000.000000000000000 ) ;
#2004 = ORIENTED_EDGE ( 'NONE', *, *, #8756, .T. ) ;
#2005 = EDGE_CURVE ( 'NONE', #6901, #6161, #7030, .T. ) ;
#2006 = CARTESIAN_POINT ( 'NONE',  ( -3.284999999999998800, 0.2499999999999996700, 0.2999999999999966000 ) ) ;
#2007 = CARTESIAN_POINT ( 'NONE',  ( 4.125000000000000000, 2.600000000000000100, 0.2999999999999973200 ) ) ;
#2008 = EDGE_CURVE ( 'NONE', #1702, #10440, #4442, .T. ) ;
#2009 = FACE_OUTER_BOUND ( 'NONE', #4154, .T. ) ;
#2010 = CARTESIAN_POINT ( 'NONE',  ( 3.049999999999999800, 3.673118842698620300, 2.099999999999996100 ) ) ;
#2011 = DIRECTION ( 'NONE',  ( 0.0000000000000000000, -1.000000000000000000, 1.204669080539448600E-016 ) ) ;
#2012 = DIRECTION ( 'NONE',  ( -0.0000000000000000000, 1.000000000000000000, 0.0000000000000000000 ) ) ;
#2013 = ADVANCED_FACE ( 'NONE', ( #12028 ), #12260, .T. ) ;
#2014 = PLANE ( 'NONE',  #799 ) ;
#2015 = VECTOR ( 'NONE', #1400, 1000.000000000000000 ) ;
#2016 = DIRECTION ( 'NONE',  ( -1.000000000000000000, -0.0000000000000000000, -0.0000000000000000000 ) ) ;
#2017 = ORIENTED_EDGE ( 'NONE', *, *, #12626, .T. ) ;
#2018 = ORIENTED_EDGE ( 'NONE', *, *, #10925, .F. ) ;
#2019 = STYLED_ITEM ( 'NONE', ( #4429 ), #11663 ) ;
#2020 = ORIENTED_EDGE ( 'NONE', *, *, #10677, .F. ) ;
#2021 = VERTEX_POINT ( 'NONE', #12307 ) ;
#2022 = DIRECTION ( 'NONE',  ( 0.0000000000000000000, 0.0000000000000000000, 1.000000000000000000 ) ) ;
#2023 = SURFACE_SIDE_STYLE ('',( #3908 ) ) ;
#2024 = DIRECTION ( 'NONE',  ( 1.000000000000000000, 0.0000000000000000000, 0.0000000000000000000 ) ) ;
#2025 = STYLED_ITEM ( 'NONE', ( #147 ), #572 ) ;
#2026 = ORIENTED_EDGE ( 'NONE', *, *, #11711, .T. ) ;
#2027 = AXIS2_PLACEMENT_3D ( 'NONE', #8651, #9662, #3779 ) ;
#2028 = VERTEX_POINT ( 'NONE', #10209 ) ;
#2029 = DIRECTION ( 'NONE',  ( -1.000000000000000000, 0.0000000000000000000, 3.971436529250928500E-016 ) ) ;
#2030 = COLOUR_RGB ( '',0.8000000000000000400, 0.8078431372549019800, 0.8000000000000000400 ) ;
#2031 = UNCERTAINTY_MEASURE_WITH_UNIT (LENGTH_MEASURE( 1.000000000000000100E-005 ), #9287, 'distance_accuracy_value', 'NONE');
#2032 = ORIENTED_EDGE ( 'NONE', *, *, #7122, .T. ) ;
#2033 = EDGE_LOOP ( 'NONE', ( #802, #11462, #2083, #3496 ) ) ;
#2034 =( LENGTH_UNIT ( ) NAMED_UNIT ( * ) SI_UNIT ( .MILLI., .METRE. ) );
#2035 = VERTEX_POINT ( 'NONE', #1268 ) ;
#2036 = STYLED_ITEM ( 'NONE', ( #9522 ), #1616 ) ;
#2037 = ORIENTED_EDGE ( 'NONE', *, *, #3757, .F. ) ;
#2038 = CARTESIAN_POINT ( 'NONE',  ( -0.4649999999999979700, 0.4249999999999998200, 0.6499999999999980200 ) ) ;
#2039 = CARTESIAN_POINT ( 'NONE',  ( -4.624999999999999100, -1.100000000000000100, 4.699999999999995700 ) ) ;
#2040 = DIRECTION ( 'NONE',  ( -0.1904761904761876300, 0.2380952380952350000, 0.9523809523809536600 ) ) ;
#2041 = CARTESIAN_POINT ( 'NONE',  ( -4.024999999999999500, 0.8499999999999996400, 1.749999999999996400 ) ) ;
#2042 = ORIENTED_EDGE ( 'NONE', *, *, #3069, .F. ) ;
#2043 = UNCERTAINTY_MEASURE_WITH_UNIT (LENGTH_MEASURE( 1.000000000000000100E-005 ), #2387, 'distance_accuracy_value', 'NONE');
#2044 = AXIS2_PLACEMENT_3D ( 'NONE', #7884, #1999, #8879 ) ;
#2045 = ORIENTED_EDGE ( 'NONE', *, *, #9604, .T. ) ;
#2046 = CARTESIAN_POINT ( 'NONE',  ( -2.300000000000000700, 2.600000000000000100, 0.6499999999999983600 ) ) ;
#2047 = CARTESIAN_POINT ( 'NONE',  ( 0.7850000000000010300, 2.200000000000004200, 0.2999999999999988800 ) ) ;
#2048 = ORIENTED_EDGE ( 'NONE', *, *, #7999, .F. ) ;
#2049 = VECTOR ( 'NONE', #254, 1000.000000000000000 ) ;
#2050 = DIRECTION ( 'NONE',  ( 0.7071067811865495700, 0.0000000000000000000, 0.7071067811865454600 ) ) ;
#2051 = VECTOR ( 'NONE', #12745, 1000.000000000000100 ) ;
#2052 = CARTESIAN_POINT ( 'NONE',  ( -6.125000000000000000, 1.700000000000000000, 0.7999999999999979300 ) ) ;
#2053 = FACE_OUTER_BOUND ( 'NONE', #4581, .T. ) ;
#2054 = CARTESIAN_POINT ( 'NONE',  ( -4.324999999999999300, 1.700000000000000000, 4.699999999999996600 ) ) ;
#2055 = ADVANCED_FACE ( 'NONE', ( #575 ), #9899, .T. ) ;
#2056 = DIRECTION ( 'NONE',  ( 0.0000000000000000000, -1.000000000000000000, 0.0000000000000000000 ) ) ;
#2057 = ORIENTED_EDGE ( 'NONE', *, *, #1623, .F. ) ;
#2058 = PRESENTATION_STYLE_ASSIGNMENT (( #11022 ) ) ;
#2059 = DIRECTION ( 'NONE',  ( 0.0000000000000000000, 0.9701425001453327600, -0.2425356250363297200 ) ) ;
#2060 =( GEOMETRIC_REPRESENTATION_CONTEXT ( 3 ) GLOBAL_UNCERTAINTY_ASSIGNED_CONTEXT ( ( #1520 ) ) GLOBAL_UNIT_ASSIGNED_CONTEXT ( ( #2980, #9848, #3986 ) ) REPRESENTATION_CONTEXT ( 'NONE', 'WORKASPACE' ) );
#2061 = ORIENTED_EDGE ( 'NONE', *, *, #5321, .F. ) ;
#2062 = COLOUR_RGB ( '',0.8000000000000000400, 0.8078431372549019800, 0.8000000000000000400 ) ;
#2063 = CARTESIAN_POINT ( 'NONE',  ( 3.675000000000000700, 2.299999999999998900, 1.749999999999996400 ) ) ;
#2064 = EDGE_CURVE ( 'NONE', #5294, #12753, #10747, .T. ) ;
#2065 = VERTEX_POINT ( 'NONE', #8435 ) ;
#2066 = VECTOR ( 'NONE', #7083, 1000.000000000000000 ) ;
#2067 = EDGE_CURVE ( 'NONE', #3031, #10070, #2882, .T. ) ;
#2068 = FILL_AREA_STYLE_COLOUR ( '', #3197 ) ;
#2069 = EDGE_LOOP ( 'NONE', ( #3973, #7060, #12744, #9951 ) ) ;
#2070 = EDGE_CURVE ( 'NONE', #5728, #1384, #8099, .T. ) ;
#2071 = VECTOR ( 'NONE', #7701, 1000.000000000000000 ) ;
#2072 = ADVANCED_FACE ( 'NONE', ( #6453 ), #7411, .F. ) ;
#2073 = LINE ( 'NONE', #5836, #12311 ) ;
#2074 = ORIENTED_EDGE ( 'NONE', *, *, #9980, .F. ) ;
#2075 = EDGE_CURVE ( 'NONE', #9801, #11081, #1201, .T. ) ;
#2076 = DIRECTION ( 'NONE',  ( 0.0000000000000000000, -1.294569758191648900E-016, 1.000000000000000000 ) ) ;
#2077 = ORIENTED_EDGE ( 'NONE', *, *, #3823, .F. ) ;
#2078 = FILL_AREA_STYLE ('',( #1086 ) ) ;
#2079 =( GEOMETRIC_REPRESENTATION_CONTEXT ( 3 ) GLOBAL_UNCERTAINTY_ASSIGNED_CONTEXT ( ( #7003 ) ) GLOBAL_UNIT_ASSIGNED_CONTEXT ( ( #5110, #12064, #6071 ) ) REPRESENTATION_CONTEXT ( 'NONE', 'WORKASPACE' ) );
#2080 = CARTESIAN_POINT ( 'NONE',  ( 2.035000000000001000, 3.100000000000000100, 0.09999999999999947800 ) ) ;
#2081 = DIRECTION ( 'NONE',  ( 0.0000000000000000000, 0.0000000000000000000, 1.000000000000000000 ) ) ;
#2082 = CARTESIAN_POINT ( 'NONE',  ( -4.024999999999999500, -1.000000000000000400, 4.699999999999995700 ) ) ;
#2083 = ORIENTED_EDGE ( 'NONE', *, *, #5488, .F. ) ;
#2084 = ORIENTED_EDGE ( 'NONE', *, *, #3069, .T. ) ;
#2085 = VECTOR ( 'NONE', #10769, 1000.000000000000000 ) ;
#2086 = LINE ( 'NONE', #9224, #9327 ) ;
#2087 = ORIENTED_EDGE ( 'NONE', *, *, #1351, .F. ) ;
#2088 = SURFACE_STYLE_USAGE ( .BOTH. , #7979 ) ;
#2089 =( NAMED_UNIT ( * ) SI_UNIT ( $, .STERADIAN. ) SOLID_ANGLE_UNIT ( ) );
#2090 = DIRECTION ( 'NONE',  ( 0.0000000000000000000, -1.000000000000000000, 0.0000000000000000000 ) ) ;
#2091 = EDGE_CURVE ( 'NONE', #10837, #11468, #3842, .T. ) ;
#2092 = ORIENTED_EDGE ( 'NONE', *, *, #781, .T. ) ;
#2093 = CARTESIAN_POINT ( 'NONE',  ( -2.034999999999998800, -0.3750000000000001100, 0.04999999999999709500 ) ) ;
#2094 = PLANE ( 'NONE',  #10641 ) ;
#2095 = CARTESIAN_POINT ( 'NONE',  ( -1.714999999999999000, 3.100000000000000100, 0.09999999999999947800 ) ) ;
#2096 = FACE_OUTER_BOUND ( 'NONE', #7135, .T. ) ;
#2097 = PLANE ( 'NONE',  #245 ) ;
#2098 = FACE_OUTER_BOUND ( 'NONE', #7390, .T. ) ;
#2099 = EDGE_CURVE ( 'NONE', #11257, #12425, #8739, .T. ) ;
#2100 = VECTOR ( 'NONE', #8869, 1000.000000000000000 ) ;
#2101 = EDGE_LOOP ( 'NONE', ( #9854, #7698, #5282, #2175 ) ) ;
#2102 = VERTEX_POINT ( 'NONE', #5584 ) ;
#2103 =( NAMED_UNIT ( * ) SI_UNIT ( $, .STERADIAN. ) SOLID_ANGLE_UNIT ( ) );
#2104 = CARTESIAN_POINT ( 'NONE',  ( 4.845000000000000600, 1.200000000000000000, 0.5199999999999985700 ) ) ;
#2105 = LINE ( 'NONE', #2993, #1810 ) ;
#2106 = MECHANICAL_DESIGN_GEOMETRIC_PRESENTATION_REPRESENTATION (  '', ( #123 ), #2958 ) ;
#2107 = COLOUR_RGB ( '',0.8000000000000000400, 0.8078431372549019800, 0.8000000000000000400 ) ;
#2108 = VECTOR ( 'NONE', #3586, 1000.000000000000000 ) ;
#2109 = DIRECTION ( 'NONE',  ( 0.0000000000000000000, 1.000000000000000000, 0.0000000000000000000 ) ) ;
#2110 = LINE ( 'NONE', #7240, #1814 ) ;
#2111 = VECTOR ( 'NONE', #10012, 1000.000000000000000 ) ;
#2112 = DIRECTION ( 'NONE',  ( -0.0000000000000000000, 0.7071067811865520100, 0.7071067811865431300 ) ) ;
#2113 = CLOSED_SHELL ( 'NONE', ( #10250, #11189, #5481, #175, #768, #12268, #976, #3298, #6845, #11402, #4107, #7340, #9916, #6593, #4984, #10823, #8174, #7781, #6113, #9094, #8379, #7402, #9680, #1101 ) ) ;
#2114 = ORIENTED_EDGE ( 'NONE', *, *, #1066, .F. ) ;
#2115 = UNCERTAINTY_MEASURE_WITH_UNIT (LENGTH_MEASURE( 1.000000000000000100E-005 ), #5279, 'distance_accuracy_value', 'NONE');
#2116 = ADVANCED_FACE ( 'NONE', ( #11102 ), #5493, .T. ) ;
#2117 = FACE_OUTER_BOUND ( 'NONE', #10362, .T. ) ;
#2118 = AXIS2_PLACEMENT_3D ( 'NONE', #7990, #8983, #3110 ) ;
#2119 = LINE ( 'NONE', #12007, #4751 ) ;
#2120 = EDGE_LOOP ( 'NONE', ( #9048, #10811, #11398, #7780 ) ) ;
#2121 = LINE ( 'NONE', #2985, #7051 ) ;
#2122 = FILL_AREA_STYLE ('',( #9009 ) ) ;
#2123 = ORIENTED_EDGE ( 'NONE', *, *, #12447, .T. ) ;
#2124 = FACE_OUTER_BOUND ( 'NONE', #9041, .T. ) ;
#2125 = AXIS2_PLACEMENT_3D ( 'NONE', #5207, #6167, #289 ) ;
#2126 = UNCERTAINTY_MEASURE_WITH_UNIT (LENGTH_MEASURE( 1.000000000000000100E-005 ), #2220, 'distance_accuracy_value', 'NONE');
#2127 = PLANE ( 'NONE',  #10452 ) ;
#2128 = LINE ( 'NONE', #2002, #1834 ) ;
#2129 = ORIENTED_EDGE ( 'NONE', *, *, #8170, .F. ) ;
#2130 = ORIENTED_EDGE ( 'NONE', *, *, #12139, .T. ) ;
#2131 = COLOUR_RGB ( '',0.8000000000000000400, 0.8078431372549019800, 0.8000000000000000400 ) ;
#2132 = DIRECTION ( 'NONE',  ( 0.0000000000000000000, -1.070121624790885400E-015, 1.000000000000000000 ) ) ;
#2133 = ADVANCED_FACE ( 'NONE', ( #7506 ), #3432, .F. ) ;
#2134 = ORIENTED_EDGE ( 'NONE', *, *, #8243, .F. ) ;
#2135 = VERTEX_POINT ( 'NONE', #3299 ) ;
#2136 = DIRECTION ( 'NONE',  ( 0.0000000000000000000, -1.000000000000000000, 0.0000000000000000000 ) ) ;
#2137 = DIRECTION ( 'NONE',  ( -0.5773502691896272900, 0.5773502691896274000, -0.5773502691896225100 ) ) ;
#2138 = CARTESIAN_POINT ( 'NONE',  ( 0.1999999999999987900, 2.600000000000000100, 0.6499999999999978000 ) ) ;
#2139 = VECTOR ( 'NONE', #11822, 1000.000000000000000 ) ;
#2140 = EDGE_CURVE ( 'NONE', #7777, #8474, #12830, .T. ) ;
#2141 = DIRECTION ( 'NONE',  ( 0.0000000000000000000, -0.0000000000000000000, -1.000000000000000000 ) ) ;
#2142 = FACE_OUTER_BOUND ( 'NONE', #1467, .T. ) ;
#2143 = ORIENTED_EDGE ( 'NONE', *, *, #3653, .T. ) ;
#2144 =( NAMED_UNIT ( * ) PLANE_ANGLE_UNIT ( ) SI_UNIT ( $, .RADIAN. ) );
#2145 = CARTESIAN_POINT ( 'NONE',  ( -2.964999999999999000, 0.2499999999999996700, 0.1799999999999966600 ) ) ;
#2146 = CARTESIAN_POINT ( 'NONE',  ( -2.964999999999999000, 2.500000000000000000, -1.084202172485504400E-016 ) ) ;
#2147 = EDGE_CURVE ( 'NONE', #238, #4327, #2599, .T. ) ;
#2148 =( GEOMETRIC_REPRESENTATION_CONTEXT ( 3 ) GLOBAL_UNCERTAINTY_ASSIGNED_CONTEXT ( ( #948 ) ) GLOBAL_UNIT_ASSIGNED_CONTEXT ( ( #5717, #12665, #6708 ) ) REPRESENTATION_CONTEXT ( 'NONE', 'WORKASPACE' ) );
#2149 = LINE ( 'NONE', #3342, #10013 ) ;
#2150 = COLOUR_RGB ( '',0.8000000000000000400, 0.8078431372549019800, 0.8000000000000000400 ) ;
#2151 = EDGE_CURVE ( 'NONE', #8360, #11743, #4905, .T. ) ;
#2152 = ORIENTED_EDGE ( 'NONE', *, *, #11278, .F. ) ;
#2153 = LINE ( 'NONE', #12240, #1866 ) ;
#2154 = DIRECTION ( 'NONE',  ( -1.000000000000000000, 0.0000000000000000000, 0.0000000000000000000 ) ) ;
#2155 = STYLED_ITEM ( 'NONE', ( #5259 ), #10579 ) ;
#2156 = VECTOR ( 'NONE', #5681, 1000.000000000000000 ) ;
#2157 = DIRECTION ( 'NONE',  ( 0.0000000000000000000, -0.0000000000000000000, 1.000000000000000000 ) ) ;
#2158 = EDGE_CURVE ( 'NONE', #2065, #11358, #12512, .T. ) ;
#2159 = EDGE_CURVE ( 'NONE', #3572, #4888, #9822, .T. ) ;
#2160 = ORIENTED_EDGE ( 'NONE', *, *, #12143, .T. ) ;
#2161 = CARTESIAN_POINT ( 'NONE',  ( 5.645000000000000500, -0.8799999999999986700, 1.529999999999999800 ) ) ;
#2162 = CARTESIAN_POINT ( 'NONE',  ( -2.700000000000000200, -1.100000000000000300, 0.6499999999999985800 ) ) ;
#2163 = VERTEX_POINT ( 'NONE', #451 ) ;
#2164 = DIRECTION ( 'NONE',  ( 0.0000000000000000000, -1.000000000000000000, 0.0000000000000000000 ) ) ;
#2165 = VECTOR ( 'NONE', #8803, 1000.000000000000000 ) ;
#2166 =( GEOMETRIC_REPRESENTATION_CONTEXT ( 3 ) GLOBAL_UNCERTAINTY_ASSIGNED_CONTEXT ( ( #12050 ) ) GLOBAL_UNIT_ASSIGNED_CONTEXT ( ( #5812, #12774, #6821 ) ) REPRESENTATION_CONTEXT ( 'NONE', 'WORKASPACE' ) );
#2167 = DIRECTION ( 'NONE',  ( -0.0000000000000000000, -1.000000000000000000, -0.0000000000000000000 ) ) ;
#2168 = CARTESIAN_POINT ( 'NONE',  ( 2.965000000000001600, 0.4249999999999998200, 1.749999999999996400 ) ) ;
#2169 = ADVANCED_FACE ( 'NONE', ( #6902 ), #492, .T. ) ;
#2170 = DIRECTION ( 'NONE',  ( -0.7071067811865454600, 0.0000000000000000000, -0.7071067811865495700 ) ) ;
#2171 = CARTESIAN_POINT ( 'NONE',  ( 5.099000000000000200, -0.8799999999999986700, 0.2999999999999999900 ) ) ;
#2172 = DIRECTION ( 'NONE',  ( 0.0000000000000000000, 0.7071067811865453500, -0.7071067811865496800 ) ) ;
#2173 = ORIENTED_EDGE ( 'NONE', *, *, #1515, .F. ) ;
#2174 = ORIENTED_EDGE ( 'NONE', *, *, #1448, .T. ) ;
#2175 = ORIENTED_EDGE ( 'NONE', *, *, #4312, .T. ) ;
#2176 = DIRECTION ( 'NONE',  ( 0.0000000000000000000, 1.167602339599771500E-015, -1.000000000000000000 ) ) ;
#2177 = CARTESIAN_POINT ( 'NONE',  ( 3.188764705882354300, 0.3528235294117643100, 3.981176470588228400 ) ) ;
#2178 = ORIENTED_EDGE ( 'NONE', *, *, #177, .T. ) ;
#2179 = CARTESIAN_POINT ( 'NONE',  ( 5.645000000000000500, -1.100000000000000100, 1.529999999999999800 ) ) ;
#2180 =( LENGTH_UNIT ( ) NAMED_UNIT ( * ) SI_UNIT ( .MILLI., .METRE. ) );
#2181 = ADVANCED_FACE ( 'NONE', ( #3376 ), #10829, .T. ) ;
#2182 = MECHANICAL_DESIGN_GEOMETRIC_PRESENTATION_REPRESENTATION (  '', ( #218 ), #2867 ) ;
#2183 = CARTESIAN_POINT ( 'NONE',  ( 0.7850000000000018100, 0.4249999999999998200, 1.749999999999996400 ) ) ;
#2184 = ORIENTED_EDGE ( 'NONE', *, *, #11854, .F. ) ;
#2185 = VECTOR ( 'NONE', #10375, 1000.000000000000000 ) ;
#2186 = CARTESIAN_POINT ( 'NONE',  ( 4.324999999999995700, 0.09999999999999982500, 1.749999999999996400 ) ) ;
#2187 = VECTOR ( 'NONE', #6984, 1000.000000000000000 ) ;
#2188 = VERTEX_POINT ( 'NONE', #9929 ) ;
#2189 = COLOUR_RGB ( '',0.8000000000000000400, 0.8078431372549019800, 0.8000000000000000400 ) ;
#2190 = ORIENTED_EDGE ( 'NONE', *, *, #8488, .F. ) ;
#2191 = CARTESIAN_POINT ( 'NONE',  ( 2.650000000000000400, -0.6999999999999992900, 4.399999999999994100 ) ) ;
#2192 = LINE ( 'NONE', #10348, #12436 ) ;
#2193 = CARTESIAN_POINT ( 'NONE',  ( 6.125000000000000000, 1.700000000000000000, 0.7999999999999979300 ) ) ;
#2194 = MECHANICAL_DESIGN_GEOMETRIC_PRESENTATION_REPRESENTATION (  '', ( #226 ), #2876 ) ;
#2195 = ORIENTED_EDGE ( 'NONE', *, *, #1022, .T. ) ;
#2196 =( NAMED_UNIT ( * ) PLANE_ANGLE_UNIT ( ) SI_UNIT ( $, .RADIAN. ) );
#2197 = PLANE ( 'NONE',  #12674 ) ;
#2198 = SURFACE_STYLE_FILL_AREA ( #11514 ) ;
#2199 = CARTESIAN_POINT ( 'NONE',  ( 4.024999999999995900, -0.6999999999999988500, 1.749999999999996400 ) ) ;
#2200 = FACE_OUTER_BOUND ( 'NONE', #8025, .T. ) ;
#2201 =( NAMED_UNIT ( * ) SI_UNIT ( $, .STERADIAN. ) SOLID_ANGLE_UNIT ( ) );
#2202 = CARTESIAN_POINT ( 'NONE',  ( -4.024999999999999500, 0.8499999999999996400, 1.749999999999996400 ) ) ;
#2203 = CARTESIAN_POINT ( 'NONE',  ( 5.645000000000000500, 1.100000000000000100, 1.529999999999999800 ) ) ;
#2204 = FILL_AREA_STYLE_COLOUR ( '', #9488 ) ;
#2205 = VERTEX_POINT ( 'NONE', #5921 ) ;
#2206 = DIRECTION ( 'NONE',  ( 0.0000000000000000000, -1.000000000000000000, -1.167602339599771500E-015 ) ) ;
#2207 = CARTESIAN_POINT ( 'NONE',  ( 0.0000000000000000000, 1.200000000000000000, 0.0000000000000000000 ) ) ;
#2208 = CARTESIAN_POINT ( 'NONE',  ( 3.285000000000001500, 0.3499999999999997000, 3.999999999999993300 ) ) ;
#2209 = ORIENTED_EDGE ( 'NONE', *, *, #3749, .F. ) ;
#2210 = VECTOR ( 'NONE', #8979, 1000.000000000000000 ) ;
#2211 = SURFACE_SIDE_STYLE ('',( #8680 ) ) ;
#2212 = LINE ( 'NONE', #1402, #7151 ) ;
#2213 =( LENGTH_UNIT ( ) NAMED_UNIT ( * ) SI_UNIT ( .MILLI., .METRE. ) );
#2214 = LINE ( 'NONE', #4946, #2538 ) ;
#2215 = MECHANICAL_DESIGN_GEOMETRIC_PRESENTATION_REPRESENTATION (  '', ( #903 ), #2893 ) ;
#2216 = CARTESIAN_POINT ( 'NONE',  ( 3.050000000000000300, 3.673118842698620300, 3.249999999999995100 ) ) ;
#2217 = CARTESIAN_POINT ( 'NONE',  ( -4.024999999999999500, 0.8499999999999996400, 4.399999999999994100 ) ) ;
#2218 = FILL_AREA_STYLE ('',( #1244 ) ) ;
#2219 = EDGE_CURVE ( 'NONE', #2896, #5360, #7651, .T. ) ;
#2220 =( LENGTH_UNIT ( ) NAMED_UNIT ( * ) SI_UNIT ( .MILLI., .METRE. ) );
#2221 = SURFACE_STYLE_FILL_AREA ( #5686 ) ;
#2222 = LINE ( 'NONE', #9428, #9477 ) ;
#2223 = EDGE_CURVE ( 'NONE', #6849, #5778, #5054, .T. ) ;
#2224 = VERTEX_POINT ( 'NONE', #5843 ) ;
#2225 =( NAMED_UNIT ( * ) PLANE_ANGLE_UNIT ( ) SI_UNIT ( $, .RADIAN. ) );
#2226 = ADVANCED_FACE ( 'NONE', ( #10293 ), #2977, .F. ) ;
#2227 = EDGE_CURVE ( 'NONE', #10712, #5, #2119, .T. ) ;
#2228 = VECTOR ( 'NONE', #12388, 1000.000000000000200 ) ;
#2229 = LINE ( 'NONE', #8112, #4871 ) ;
#2230 = CARTESIAN_POINT ( 'NONE',  ( 0.4650000000000010200, -0.3750000000000001100, 0.04999999999999709500 ) ) ;
#2231 = DIRECTION ( 'NONE',  ( -1.000000000000000000, -0.0000000000000000000, -0.0000000000000000000 ) ) ;
#2232 = FACE_OUTER_BOUND ( 'NONE', #10037, .T. ) ;
#2233 = EDGE_CURVE ( 'NONE', #6574, #8427, #7360, .T. ) ;
#2234 = CARTESIAN_POINT ( 'NONE',  ( -2.700000000000000200, 2.600000000000000100, 0.6499999999999985800 ) ) ;
#2235 = ORIENTED_EDGE ( 'NONE', *, *, #4554, .F. ) ;
#2236 = EDGE_CURVE ( 'NONE', #7603, #1153, #9972, .T. ) ;
#2237 = CARTESIAN_POINT ( 'NONE',  ( -5.099000000000000200, -0.8799999999999986700, 1.275999999999999600 ) ) ;
#2238 = ORIENTED_EDGE ( 'NONE', *, *, #2983, .F. ) ;
#2239 = CARTESIAN_POINT ( 'NONE',  ( 2.700000000000000200, -1.100000000000000100, 0.6499999999999973600 ) ) ;
#2240 = DIRECTION ( 'NONE',  ( 0.0000000000000000000, -1.000000000000000000, 0.0000000000000000000 ) ) ;
#2241 = ADVANCED_FACE ( 'NONE', ( #12357 ), #3876, .T. ) ;
#2242 = MECHANICAL_DESIGN_GEOMETRIC_PRESENTATION_REPRESENTATION (  '', ( #283 ), #2934 ) ;
#2243 = CARTESIAN_POINT ( 'NONE',  ( 5.149000000000000900, 1.100000000000000100, 1.226000000000000000 ) ) ;
#2244 = PRESENTATION_STYLE_ASSIGNMENT (( #8681 ) ) ;
#2245 = SURFACE_STYLE_USAGE ( .BOTH. , #8151 ) ;
#2246 = ORIENTED_EDGE ( 'NONE', *, *, #9513, .F. ) ;
#2247 = DIRECTION ( 'NONE',  ( -0.0000000000000000000, 0.0000000000000000000, -1.000000000000000000 ) ) ;
#2248 = EDGE_CURVE ( 'NONE', #11247, #9172, #882, .T. ) ;
#2249 = CARTESIAN_POINT ( 'NONE',  ( -2.034999999999998800, 0.4249999999999998200, 0.04999999999999709500 ) ) ;
#2250 = ORIENTED_EDGE ( 'NONE', *, *, #2764, .T. ) ;
#2251 = CARTESIAN_POINT ( 'NONE',  ( -1.714999999999999000, -0.6250000000000003300, 0.2999999999999964900 ) ) ;
#2252 = CARTESIAN_POINT ( 'NONE',  ( 0.4650000000000010200, 2.999999999999999600, -1.761828530288944700E-016 ) ) ;
#2253 = ORIENTED_EDGE ( 'NONE', *, *, #848, .T. ) ;
#2254 = ORIENTED_EDGE ( 'NONE', *, *, #12713, .T. ) ;
#2255 = SURFACE_SIDE_STYLE ('',( #2532 ) ) ;
#2256 = CARTESIAN_POINT ( 'NONE',  ( -2.034999999999998800, 2.350000000000003600, 0.6499999999999985800 ) ) ;
#2257 = CARTESIAN_POINT ( 'NONE',  ( 0.7850000000000018100, 0.4249999999999998200, 1.749999999999996400 ) ) ;
#2258 = CARTESIAN_POINT ( 'NONE',  ( 5.099000000000001100, 1.100000000000000100, 0.3039999999999999400 ) ) ;
#2259 = AXIS2_PLACEMENT_3D ( 'NONE', #1072, #9037, #12699 ) ;
#2260 = EDGE_LOOP ( 'NONE', ( #1179, #6110, #8945, #953 ) ) ;
#2261 = PRESENTATION_STYLE_ASSIGNMENT (( #5111 ) ) ;
#2262 = PRESENTATION_STYLE_ASSIGNMENT (( #11227 ) ) ;
#2263 = STYLED_ITEM ( 'NONE', ( #3170 ), #8782 ) ;
#2264 = ORIENTED_EDGE ( 'NONE', *, *, #7091, .T. ) ;
#2265 = DIRECTION ( 'NONE',  ( 0.0000000000000000000, -1.000000000000000000, 0.0000000000000000000 ) ) ;
#2266 = CARTESIAN_POINT ( 'NONE',  ( 0.7850000000000010300, -0.1500000000000003000, 0.1799999999999965800 ) ) ;
#2267 = CARTESIAN_POINT ( 'NONE',  ( 2.035000000000001000, 2.500000000000000000, -1.084202172485504400E-016 ) ) ;
#2268 = UNCERTAINTY_MEASURE_WITH_UNIT (LENGTH_MEASURE( 1.000000000000000100E-005 ), #3398, 'distance_accuracy_value', 'NONE');
#2269 = ORIENTED_EDGE ( 'NONE', *, *, #9669, .F. ) ;
#2270 = VECTOR ( 'NONE', #8819, 1000.000000000000200 ) ;
#2271 = DIRECTION ( 'NONE',  ( 0.0000000000000000000, -0.7071067811865455700, 0.7071067811865493500 ) ) ;
#2272 = DIRECTION ( 'NONE',  ( 0.0000000000000000000, 0.0000000000000000000, 1.000000000000000000 ) ) ;
#2273 = VECTOR ( 'NONE', #3389, 1000.000000000000000 ) ;
#2274 = CARTESIAN_POINT ( 'NONE',  ( 6.125000000000000000, -1.100000000000000100, 2.200000000000000200 ) ) ;
#2275 = PRESENTATION_STYLE_ASSIGNMENT (( #4915 ) ) ;
#2276 = VERTEX_POINT ( 'NONE', #10042 ) ;
#2277 = LINE ( 'NONE', #2818, #4306 ) ;
#2278 = VERTEX_POINT ( 'NONE', #9957 ) ;
#2279 = ORIENTED_EDGE ( 'NONE', *, *, #177, .F. ) ;
#2280 = PRESENTATION_LAYER_ASSIGNMENT (  '', '', ( #967 ) ) ;
#2281 = PLANE ( 'NONE',  #2570 ) ;
#2282 = ORIENTED_EDGE ( 'NONE', *, *, #12392, .T. ) ;
#2283 = CARTESIAN_POINT ( 'NONE',  ( -0.6849999999999985000, -0.3750000000000005600, 3.999999999999993300 ) ) ;
#2284 = FACE_OUTER_BOUND ( 'NONE', #299, .T. ) ;
#2285 = FILL_AREA_STYLE ('',( #8180 ) ) ;
#2286 = FACE_OUTER_BOUND ( 'NONE', #10093, .T. ) ;
#2287 = DIRECTION ( 'NONE',  ( -0.0000000000000000000, -0.0000000000000000000, -1.000000000000000000 ) ) ;
#2288 =( LENGTH_UNIT ( ) NAMED_UNIT ( * ) SI_UNIT ( .MILLI., .METRE. ) );
#2289 = ORIENTED_EDGE ( 'NONE', *, *, #7752, .F. ) ;
#2290 = ORIENTED_EDGE ( 'NONE', *, *, #10230, .T. ) ;
#2291 = VERTEX_POINT ( 'NONE', #9788 ) ;
#2292 = VECTOR ( 'NONE', #12837, 1000.000000000000000 ) ;
#2293 = AXIS2_PLACEMENT_3D ( 'NONE', #2146, #9046, #3164 ) ;
#2294 = AXIS2_PLACEMENT_3D ( 'NONE', #4586, #1657, #8516 ) ;
#2295 =( NAMED_UNIT ( * ) SI_UNIT ( $, .STERADIAN. ) SOLID_ANGLE_UNIT ( ) );
#2296 = VECTOR ( 'NONE', #12026, 1000.000000000000000 ) ;
#2297 = DIRECTION ( 'NONE',  ( -0.0000000000000000000, 1.000000000000000000, -0.0000000000000000000 ) ) ;
#2298 = SURFACE_STYLE_USAGE ( .BOTH. , #4879 ) ;
#2299 = DIRECTION ( 'NONE',  ( 0.0000000000000000000, -0.9889363528682980600, -0.1483404529302414000 ) ) ;
#2300 = PLANE ( 'NONE',  #10679 ) ;
#2301 = CARTESIAN_POINT ( 'NONE',  ( -4.625000000000000900, 1.700000000000000000, 2.400000000000000400 ) ) ;
#2302 = ADVANCED_FACE ( 'NONE', ( #11088 ), #593, .F. ) ;
#2303 = PLANE ( 'NONE',  #3469 ) ;
#2304 = EDGE_CURVE ( 'NONE', #2812, #6785, #3530, .T. ) ;
#2305 = CARTESIAN_POINT ( 'NONE',  ( -5.645000000000000500, 1.100000000000000100, 1.529999999999999800 ) ) ;
#2306 = CARTESIAN_POINT ( 'NONE',  ( -4.125000000000000000, 2.600000000000000100, 0.04999999999999980800 ) ) ;
#2307 = ORIENTED_EDGE ( 'NONE', *, *, #8503, .F. ) ;
#2308 = EDGE_CURVE ( 'NONE', #574, #5060, #8418, .T. ) ;
#2309 = VECTOR ( 'NONE', #5108, 1000.000000000000000 ) ;
#2310 = CARTESIAN_POINT ( 'NONE',  ( -4.024999999999999500, 1.999999999999998200, 3.699999999999996600 ) ) ;
#2311 = DIRECTION ( 'NONE',  ( 0.0000000000000000000, 0.0000000000000000000, 1.000000000000000000 ) ) ;
#2312 = EDGE_CURVE ( 'NONE', #10655, #8650, #10765, .T. ) ;
#2314 = VECTOR ( 'NONE', #4132, 1000.000000000000000 ) ;
#2313 = DIRECTION ( 'NONE',  ( 3.051828337366604500E-016, -0.0000000000000000000, 1.000000000000000000 ) ) ;
#2315 = SURFACE_STYLE_USAGE ( .BOTH. , #390 ) ;
#2316 = ADVANCED_FACE ( 'NONE', ( #10448 ), #7798, .T. ) ;
#2317 = EDGE_LOOP ( 'NONE', ( #6963, #9510, #12801, #1914 ) ) ;
#2318 = ORIENTED_EDGE ( 'NONE', *, *, #8179, .F. ) ;
#2319 = CARTESIAN_POINT ( 'NONE',  ( -2.349999999999999600, -0.6999999999999988500, 3.249999999999996000 ) ) ;
#2320 = VECTOR ( 'NONE', #8030, 1000.000000000000000 ) ;
#2321 = CARTESIAN_POINT ( 'NONE',  ( 2.035000000000001000, -0.1500000000000003000, 0.1799999999999965800 ) ) ;
#2322 = EDGE_CURVE ( 'NONE', #51, #5390, #12194, .T. ) ;
#2323 =( GEOMETRIC_REPRESENTATION_CONTEXT ( 3 ) GLOBAL_UNCERTAINTY_ASSIGNED_CONTEXT ( ( #8448 ) ) GLOBAL_UNIT_ASSIGNED_CONTEXT ( ( #1314, #8191, #2295 ) ) REPRESENTATION_CONTEXT ( 'NONE', 'WORKASPACE' ) );
#2324 = DIRECTION ( 'NONE',  ( 1.000000000000000000, 0.0000000000000000000, 0.0000000000000000000 ) ) ;
#2325 = EDGE_CURVE ( 'NONE', #11687, #8054, #1962, .T. ) ;
#2326 = DIRECTION ( 'NONE',  ( 0.0000000000000000000, 0.0000000000000000000, -1.000000000000000000 ) ) ;
#2327 = CARTESIAN_POINT ( 'NONE',  ( 2.035000000000001000, 3.100000000000000100, 0.3499999999999989800 ) ) ;
#2328 = FILL_AREA_STYLE_COLOUR ( '', #5133 ) ;
#2329 = ORIENTED_EDGE ( 'NONE', *, *, #7283, .T. ) ;
#2330 = AXIS2_PLACEMENT_3D ( 'NONE', #4703, #11631, #5697 ) ;
#2331 = ORIENTED_EDGE ( 'NONE', *, *, #10412, .T. ) ;
#2332 = CARTESIAN_POINT ( 'NONE',  ( -5.625000000000000000, 1.700000000000000000, 0.2999999999999999300 ) ) ;
#2333 = EDGE_CURVE ( 'NONE', #5300, #3999, #9511, .T. ) ;
#2334 = EDGE_CURVE ( 'NONE', #2954, #12809, #1668, .T. ) ;
#2335 =( NAMED_UNIT ( * ) SI_UNIT ( $, .STERADIAN. ) SOLID_ANGLE_UNIT ( ) );
#2336 = VERTEX_POINT ( 'NONE', #1923 ) ;
#2337 =( GEOMETRIC_REPRESENTATION_CONTEXT ( 3 ) GLOBAL_UNCERTAINTY_ASSIGNED_CONTEXT ( ( #7252 ) ) GLOBAL_UNIT_ASSIGNED_CONTEXT ( ( #1385, #8248, #2363 ) ) REPRESENTATION_CONTEXT ( 'NONE', 'WORKASPACE' ) );
#2338 = PLANE ( 'NONE',  #8862 ) ;
#2339 = FILL_AREA_STYLE_COLOUR ( '', #7931 ) ;
#2340 = ORIENTED_EDGE ( 'NONE', *, *, #1831, .T. ) ;
#2341 = STYLED_ITEM ( 'NONE', ( #5358 ), #8174 ) ;
#2342 = ORIENTED_EDGE ( 'NONE', *, *, #447, .F. ) ;
#2343 = PRESENTATION_STYLE_ASSIGNMENT (( #5489 ) ) ;
#2344 = DIRECTION ( 'NONE',  ( 1.000000000000000000, -0.0000000000000000000, -3.252606517456510300E-016 ) ) ;
#2345 = SURFACE_STYLE_USAGE ( .BOTH. , #3106 ) ;
#2346 = MANIFOLD_SOLID_BREP ( 'Линейный массив4[3]', #8832 ) ;
#2347 = PLANE ( 'NONE',  #1033 ) ;
#2348 = DIRECTION ( 'NONE',  ( -0.5773502691896272900, 0.5773502691896274000, -0.5773502691896226200 ) ) ;
#2349 = MECHANICAL_DESIGN_GEOMETRIC_PRESENTATION_REPRESENTATION (  '', ( #383 ), #3028 ) ;
#2350 =( GEOMETRIC_REPRESENTATION_CONTEXT ( 3 ) GLOBAL_UNCERTAINTY_ASSIGNED_CONTEXT ( ( #1905 ) ) GLOBAL_UNIT_ASSIGNED_CONTEXT ( ( #1514, #1606, #1730 ) ) REPRESENTATION_CONTEXT ( 'NONE', 'WORKASPACE' ) );
#2351 = SURFACE_STYLE_FILL_AREA ( #11589 ) ;
#2352 = EDGE_LOOP ( 'NONE', ( #5589, #12095, #12182, #2974 ) ) ;
#2353 = VERTEX_POINT ( 'NONE', #2046 ) ;
#2354 = VECTOR ( 'NONE', #3289, 1000.000000000000000 ) ;
#2355 = VECTOR ( 'NONE', #5752, 1000.000000000000000 ) ;
#2356 =( NAMED_UNIT ( * ) PLANE_ANGLE_UNIT ( ) SI_UNIT ( $, .RADIAN. ) );
#2357 =( NAMED_UNIT ( * ) SI_UNIT ( $, .STERADIAN. ) SOLID_ANGLE_UNIT ( ) );
#2358 = VECTOR ( 'NONE', #9368, 1000.000000000000000 ) ;
#2359 = CARTESIAN_POINT ( 'NONE',  ( -4.625000000000000900, -1.100000000000000100, 0.2999999999999999900 ) ) ;
#2360 = ORIENTED_EDGE ( 'NONE', *, *, #112, .F. ) ;
#2361 = FACE_OUTER_BOUND ( 'NONE', #2438, .T. ) ;
#2362 =( GEOMETRIC_REPRESENTATION_CONTEXT ( 3 ) GLOBAL_UNCERTAINTY_ASSIGNED_CONTEXT ( ( #6252 ) ) GLOBAL_UNIT_ASSIGNED_CONTEXT ( ( #4694, #11623, #5688 ) ) REPRESENTATION_CONTEXT ( 'NONE', 'WORKASPACE' ) );
#2363 =( NAMED_UNIT ( * ) SI_UNIT ( $, .STERADIAN. ) SOLID_ANGLE_UNIT ( ) );
#2364 = CARTESIAN_POINT ( 'NONE',  ( 5.149000000000000900, -1.100000000000000100, -2.710505431213761100E-017 ) ) ;
#2365 = ORIENTED_EDGE ( 'NONE', *, *, #1271, .F. ) ;
#2366 = ADVANCED_FACE ( 'NONE', ( #1349 ), #12165, .T. ) ;
#2367 = LINE ( 'NONE', #6357, #7301 ) ;
#2368 = PRESENTATION_STYLE_ASSIGNMENT (( #12701 ) ) ;
#2369 = CARTESIAN_POINT ( 'NONE',  ( -5.149000000000000900, 1.100000000000000100, 0.3039999999999999400 ) ) ;
#2370 = MECHANICAL_DESIGN_GEOMETRIC_PRESENTATION_REPRESENTATION (  '', ( #1056 ), #3053 ) ;
#2371 = CARTESIAN_POINT ( 'NONE',  ( 0.4650000000000010200, 3.100000000000000100, 0.09999999999999947800 ) ) ;
#2372 = ORIENTED_EDGE ( 'NONE', *, *, #1448, .F. ) ;
#2373 = VECTOR ( 'NONE', #2737, 1000.000000000000000 ) ;
#2374 = FACE_OUTER_BOUND ( 'NONE', #12032, .T. ) ;
#2375 = SURFACE_STYLE_FILL_AREA ( #1273 ) ;
#2376 = VECTOR ( 'NONE', #773, 1000.000000000000000 ) ;
#2377 = ADVANCED_FACE ( 'NONE', ( #9955 ), #11391, .T. ) ;
#2378 = CARTESIAN_POINT ( 'NONE',  ( -2.300000000000000700, 2.600000000000000100, 0.2999999999999983200 ) ) ;
#2379 = SURFACE_SIDE_STYLE ('',( #5768 ) ) ;
#2380 = EDGE_CURVE ( 'NONE', #11077, #238, #9039, .T. ) ;
#2381 = EDGE_CURVE ( 'NONE', #11757, #11683, #6430, .T. ) ;
#2382 = ORIENTED_EDGE ( 'NONE', *, *, #3479, .F. ) ;
#2383 = CARTESIAN_POINT ( 'NONE',  ( -4.624999999999999100, 2.299999999999999800, 3.699999999999996600 ) ) ;
#2384 = FILL_AREA_STYLE ('',( #7300 ) ) ;
#2386 = CARTESIAN_POINT ( 'NONE',  ( 0.7850000000000010300, -0.3750000000000005600, 3.999999999999993300 ) ) ;
#2385 = SURFACE_STYLE_USAGE ( .BOTH. , #8285 ) ;
#2387 =( LENGTH_UNIT ( ) NAMED_UNIT ( * ) SI_UNIT ( .MILLI., .METRE. ) );
#2388 = MECHANICAL_DESIGN_GEOMETRIC_PRESENTATION_REPRESENTATION (  '', ( #421 ), #3076 ) ;
#2389 = CARTESIAN_POINT ( 'NONE',  ( -2.964999999999999000, 0.0000000000000000000, 0.0000000000000000000 ) ) ;
#2390 = LINE ( 'NONE', #12752, #2085 ) ;
#2391 = LINE ( 'NONE', #2274, #7325 ) ;
#2392 = ORIENTED_EDGE ( 'NONE', *, *, #4337, .T. ) ;
#2393 = ORIENTED_EDGE ( 'NONE', *, *, #12621, .T. ) ;
#2394 = EDGE_CURVE ( 'NONE', #5218, #1134, #1175, .T. ) ;
#2395 = PLANE ( 'NONE',  #6966 ) ;
#2396 = AXIS2_PLACEMENT_3D ( 'NONE', #9330, #10330, #4449 ) ;
#2397 = CARTESIAN_POINT ( 'NONE',  ( 2.035000000000001000, 2.500000000000000000, -1.084202172485504400E-016 ) ) ;
#2398 = CARTESIAN_POINT ( 'NONE',  ( -0.7849999999999988100, 0.4249999999999998200, 3.999999999999993300 ) ) ;
#2399 = LINE ( 'NONE', #10032, #5028 ) ;
#2400 = EDGE_CURVE ( 'NONE', #5360, #10922, #8713, .T. ) ;
#2401 = LINE ( 'NONE', #33, #9645 ) ;
#2402 = DIRECTION ( 'NONE',  ( 0.0000000000000000000, -1.000000000000000000, -1.167602339599771500E-015 ) ) ;
#2403 = EDGE_LOOP ( 'NONE', ( #7919, #9363, #11627, #11207, #613, #900, #10646, #8621 ) ) ;
#2404 = DIRECTION ( 'NONE',  ( 0.0000000000000000000, -1.000000000000000000, 0.0000000000000000000 ) ) ;
#2405 = ORIENTED_EDGE ( 'NONE', *, *, #12626, .F. ) ;
#2406 = EDGE_CURVE ( 'NONE', #5248, #4236, #3515, .T. ) ;
#2407 = ORIENTED_EDGE ( 'NONE', *, *, #11772, .F. ) ;
#2408 = LINE ( 'NONE', #4923, #9656 ) ;
#2409 =( LENGTH_UNIT ( ) NAMED_UNIT ( * ) SI_UNIT ( .MILLI., .METRE. ) );
#2410 = VECTOR ( 'NONE', #12453, 1000.000000000000000 ) ;
#2411 = EDGE_CURVE ( 'NONE', #11610, #11053, #11070, .T. ) ;
#2412 = FILL_AREA_STYLE ('',( #1437 ) ) ;
#2413 = CARTESIAN_POINT ( 'NONE',  ( 4.125000000000000000, 1.700000000000000200, 0.2999999999999973200 ) ) ;
#2414 = AXIS2_PLACEMENT_3D ( 'NONE', #5409, #5370, #493 ) ;
#2415 = UNCERTAINTY_MEASURE_WITH_UNIT (LENGTH_MEASURE( 1.000000000000000100E-005 ), #5026, 'distance_accuracy_value', 'NONE');
#2416 = FACE_OUTER_BOUND ( 'NONE', #11563, .T. ) ;
#2417 = ORIENTED_EDGE ( 'NONE', *, *, #4558, .T. ) ;
#2418 = CARTESIAN_POINT ( 'NONE',  ( -2.349999999999999600, -1.100000000000000100, 3.249999999999996000 ) ) ;
#2419 =( NAMED_UNIT ( * ) SI_UNIT ( $, .STERADIAN. ) SOLID_ANGLE_UNIT ( ) );
#2420 = VERTEX_POINT ( 'NONE', #9266 ) ;
#2421 = ORIENTED_EDGE ( 'NONE', *, *, #12792, .T. ) ;
#2422 = VECTOR ( 'NONE', #152, 1000.000000000000000 ) ;
#2423 = AXIS2_PLACEMENT_3D ( 'NONE', #8197, #2299, #9205 ) ;
#2424 = SURFACE_SIDE_STYLE ('',( #6644 ) ) ;
#2425 = FILL_AREA_STYLE_COLOUR ( '', #4556 ) ;
#2426 = VECTOR ( 'NONE', #2938, 1000.000000000000000 ) ;
#2427 = DIRECTION ( 'NONE',  ( 0.0000000000000000000, 0.0000000000000000000, 1.000000000000000000 ) ) ;
#2429 = VECTOR ( 'NONE', #10026, 1000.000000000000000 ) ;
#2428 = DIRECTION ( 'NONE',  ( -1.000000000000000000, 0.0000000000000000000, -0.0000000000000000000 ) ) ;
#2430 = ADVANCED_FACE ( 'NONE', ( #8100 ), #8956, .F. ) ;
#2431 = CARTESIAN_POINT ( 'NONE',  ( -1.050000000000000900, 2.600000000000000100, 0.2999999999999981000 ) ) ;
#2432 = FACE_OUTER_BOUND ( 'NONE', #10535, .T. ) ;
#2433 = ORIENTED_EDGE ( 'NONE', *, *, #7822, .F. ) ;
#2434 = DIRECTION ( 'NONE',  ( -1.000000000000000000, -0.0000000000000000000, -0.0000000000000000000 ) ) ;
#2435 = DIRECTION ( 'NONE',  ( -1.000000000000000000, -0.0000000000000000000, -0.0000000000000000000 ) ) ;
#2436 = SURFACE_SIDE_STYLE ('',( #3931 ) ) ;
#2437 =( GEOMETRIC_REPRESENTATION_CONTEXT ( 3 ) GLOBAL_UNCERTAINTY_ASSIGNED_CONTEXT ( ( #4464 ) ) GLOBAL_UNIT_ASSIGNED_CONTEXT ( ( #11032, #4354, #11676 ) ) REPRESENTATION_CONTEXT ( 'NONE', 'WORKASPACE' ) );
#2438 = EDGE_LOOP ( 'NONE', ( #9313, #4927, #10036, #10083 ) ) ;
#2439 = SURFACE_STYLE_FILL_AREA ( #12832 ) ;
#2440 = AXIS2_PLACEMENT_3D ( 'NONE', #4047, #10930, #5011 ) ;
#2441 = VECTOR ( 'NONE', #6869, 1000.000000000000000 ) ;
#2442 = VECTOR ( 'NONE', #1783, 1000.000000000000000 ) ;
#2443 = DIRECTION ( 'NONE',  ( 0.0000000000000000000, 1.000000000000000000, 1.070121624790885400E-015 ) ) ;
#2444 = CARTESIAN_POINT ( 'NONE',  ( 3.285000000000002400, -0.3750000000000003300, 1.749999999999996400 ) ) ;
#2445 = ORIENTED_EDGE ( 'NONE', *, *, #5229, .T. ) ;
#2446 = LINE ( 'NONE', #10538, #12682 ) ;
#2447 =( NAMED_UNIT ( * ) PLANE_ANGLE_UNIT ( ) SI_UNIT ( $, .RADIAN. ) );
#2448 = CARTESIAN_POINT ( 'NONE',  ( 1.584693337513942500E-016, 1.200000000000000000, 0.5199999999999982400 ) ) ;
#2449 = ORIENTED_EDGE ( 'NONE', *, *, #927, .F. ) ;
#2450 = ORIENTED_EDGE ( 'NONE', *, *, #10860, .T. ) ;
#2451 = ADVANCED_FACE ( 'NONE', ( #2883 ), #8596, .F. ) ;
#2452 = LINE ( 'NONE', #9507, #7380 ) ;
#2453 = FILL_AREA_STYLE ('',( #11314 ) ) ;
#2454 = STYLED_ITEM ( 'NONE', ( #2261 ), #1892 ) ;
#2455 = LINE ( 'NONE', #9567, #12692 ) ;
#2456 = COLOUR_RGB ( '',0.8000000000000000400, 0.8078431372549019800, 0.8000000000000000400 ) ;
#2457 = ORIENTED_EDGE ( 'NONE', *, *, #9182, .T. ) ;
#2458 = CARTESIAN_POINT ( 'NONE',  ( -4.024999999999999500, 0.09999999999999982500, 1.749999999999996400 ) ) ;
#2459 = ORIENTED_EDGE ( 'NONE', *, *, #12127, .F. ) ;
#2460 = CARTESIAN_POINT ( 'NONE',  ( 0.7850000000000010300, -0.6250000000000003300, 0.6499999999999964700 ) ) ;
#2461 = SURFACE_STYLE_USAGE ( .BOTH. , #8349 ) ;
#2462 = CARTESIAN_POINT ( 'NONE',  ( -0.7849999999999988100, 0.4249999999999998200, 0.6499999999999980200 ) ) ;
#2463 = LINE ( 'NONE', #10178, #12706 ) ;
#2464 = VECTOR ( 'NONE', #7986, 1000.000000000000000 ) ;
#2465 = AXIS2_PLACEMENT_3D ( 'NONE', #2804, #4783, #11710 ) ;
#2466 = ORIENTED_EDGE ( 'NONE', *, *, #2734, .F. ) ;
#2467 = MECHANICAL_DESIGN_GEOMETRIC_PRESENTATION_REPRESENTATION (  '', ( #495 ), #3153 ) ;
#2468 = VERTEX_POINT ( 'NONE', #8917 ) ;
#2469 = DIRECTION ( 'NONE',  ( 0.0000000000000000000, -1.000000000000000000, -4.336808689942014600E-015 ) ) ;
#2470 = FACE_OUTER_BOUND ( 'NONE', #7723, .T. ) ;
#2471 = CARTESIAN_POINT ( 'NONE',  ( 0.4650000000000010200, 0.4249999999999998200, 0.04999999999999709500 ) ) ;
#2472 = FILL_AREA_STYLE ('',( #6401 ) ) ;
#2473 = ORIENTED_EDGE ( 'NONE', *, *, #1846, .T. ) ;
#2474 = VECTOR ( 'NONE', #8936, 1000.000000000000000 ) ;
#2475 = DIRECTION ( 'NONE',  ( -1.000000000000000000, 0.0000000000000000000, 0.0000000000000000000 ) ) ;
#2476 = EDGE_CURVE ( 'NONE', #2816, #6609, #9795, .T. ) ;
#2477 =( NAMED_UNIT ( * ) SI_UNIT ( $, .STERADIAN. ) SOLID_ANGLE_UNIT ( ) );
#2478 =( LENGTH_UNIT ( ) NAMED_UNIT ( * ) SI_UNIT ( .MILLI., .METRE. ) );
#2479 = DIRECTION ( 'NONE',  ( 0.0000000000000000000, -1.000000000000000000, 0.0000000000000000000 ) ) ;
#2480 = FACE_OUTER_BOUND ( 'NONE', #6545, .T. ) ;
#2481 = EDGE_CURVE ( 'NONE', #5805, #11066, #7191, .T. ) ;
#2482 = ORIENTED_EDGE ( 'NONE', *, *, #10511, .T. ) ;
#2483 = VERTEX_POINT ( 'NONE', #6378 ) ;
#2484 = LINE ( 'NONE', #7809, #2165 ) ;
#2485 = CARTESIAN_POINT ( 'NONE',  ( -1.949999999999999700, -1.100000000000000100, 2.099999999999996100 ) ) ;
#2486 = DIRECTION ( 'NONE',  ( 1.875376730785737500E-016, 0.0000000000000000000, -1.000000000000000000 ) ) ;
#2487 = EDGE_CURVE ( 'NONE', #12285, #2336, #4276, .T. ) ;
#2488 = CARTESIAN_POINT ( 'NONE',  ( -0.4649999999999988600, -0.3750000000000005600, 3.999999999999993300 ) ) ;
#2489 = ORIENTED_EDGE ( 'NONE', *, *, #4646, .F. ) ;
#2490 = CARTESIAN_POINT ( 'NONE',  ( 3.285000000000001500, 2.549999999999999800, 0.4499999999999999000 ) ) ;
#2491 = EDGE_CURVE ( 'NONE', #6462, #5426, #6884, .T. ) ;
#2492 = EDGE_LOOP ( 'NONE', ( #12302, #7914, #3263, #3219 ) ) ;
#2493 = ORIENTED_EDGE ( 'NONE', *, *, #6786, .T. ) ;
#2494 = EDGE_CURVE ( 'NONE', #2021, #11247, #11865, .T. ) ;
#2495 = STYLED_ITEM ( 'NONE', ( #7679 ), #7017 ) ;
#2496 = CARTESIAN_POINT ( 'NONE',  ( -4.625000000000000900, 1.700000000000000000, 2.400000000000000400 ) ) ;
#2497 = ADVANCED_FACE ( 'NONE', ( #1335 ), #5135, .T. ) ;
#2498 = EDGE_LOOP ( 'NONE', ( #11292, #6016, #12814, #8161 ) ) ;
#2499 = DIRECTION ( 'NONE',  ( 1.875376730785737500E-016, 0.0000000000000000000, -1.000000000000000000 ) ) ;
#2500 = SURFACE_STYLE_USAGE ( .BOTH. , #8384 ) ;
#2501 = AXIS2_PLACEMENT_3D ( 'NONE', #11143, #5222, #12158 ) ;
#2502 = ORIENTED_EDGE ( 'NONE', *, *, #9159, .T. ) ;
#2503 = FILL_AREA_STYLE ('',( #4424 ) ) ;
#2504 = VECTOR ( 'NONE', #513, 1000.000000000000000 ) ;
#2505 = EDGE_LOOP ( 'NONE', ( #6056, #12850, #5432, #738 ) ) ;
#2506 = EDGE_CURVE ( 'NONE', #2820, #2205, #9198, .T. ) ;
#2507 = LINE ( 'NONE', #7925, #12742 ) ;
#2508 = VERTEX_POINT ( 'NONE', #4124 ) ;
#2509 = FACE_OUTER_BOUND ( 'NONE', #6435, .T. ) ;
#2510 = VECTOR ( 'NONE', #12614, 1000.000000000000000 ) ;
#2511 = UNCERTAINTY_MEASURE_WITH_UNIT (LENGTH_MEASURE( 1.000000000000000100E-005 ), #8444, 'distance_accuracy_value', 'NONE');
#2512 = UNCERTAINTY_MEASURE_WITH_UNIT (LENGTH_MEASURE( 1.000000000000000100E-005 ), #12823, 'distance_accuracy_value', 'NONE');
#2513 = FACE_OUTER_BOUND ( 'NONE', #5118, .T. ) ;
#2514 = ADVANCED_FACE ( 'NONE', ( #6253 ), #3798, .F. ) ;
#2515 = STYLED_ITEM ( 'NONE', ( #11558 ), #175 ) ;
#2516 = DIRECTION ( 'NONE',  ( 1.000000000000000000, 0.0000000000000000000, 0.0000000000000000000 ) ) ;
#2517 = CARTESIAN_POINT ( 'NONE',  ( 0.4650000000000010200, -0.3750000000000001100, 0.6499999999999978000 ) ) ;
#2518 = CARTESIAN_POINT ( 'NONE',  ( 5.560333333333334200, -0.7953333333333321200, 1.445333333333332700 ) ) ;
#2519 = COLOUR_RGB ( '',0.8000000000000000400, 0.8078431372549019800, 0.8000000000000000400 ) ;
#2520 = EDGE_LOOP ( 'NONE', ( #3062, #4007, #5074, #7473 ) ) ;
#2521 = AXIS2_PLACEMENT_3D ( 'NONE', #2010, #3010, #9872 ) ;
#2522 = VERTEX_POINT ( 'NONE', #3166 ) ;
#2523 = VECTOR ( 'NONE', #639, 1000.000000000000000 ) ;
#2524 = VECTOR ( 'NONE', #11823, 1000.000000000000000 ) ;
#2525 = DIRECTION ( 'NONE',  ( -0.0000000000000000000, 0.0000000000000000000, -1.000000000000000000 ) ) ;
#2526 = SURFACE_STYLE_FILL_AREA ( #5345 ) ;
#2527 = SURFACE_STYLE_USAGE ( .BOTH. , #8404 ) ;
#2528 = VECTOR ( 'NONE', #10761, 1000.000000000000000 ) ;
#2529 =( NAMED_UNIT ( * ) PLANE_ANGLE_UNIT ( ) SI_UNIT ( $, .RADIAN. ) );
#2530 = CARTESIAN_POINT ( 'NONE',  ( -3.050000000000000300, -1.100000000000000100, 2.099999999999996100 ) ) ;
#2531 = VERTEX_POINT ( 'NONE', #2720 ) ;
#2532 = SURFACE_STYLE_FILL_AREA ( #292 ) ;
#2533 = PLANE ( 'NONE',  #12327 ) ;
#2534 = DIRECTION ( 'NONE',  ( 1.000000000000000000, 0.0000000000000000000, 0.0000000000000000000 ) ) ;
#2535 = VECTOR ( 'NONE', #4061, 1000.000000000000000 ) ;
#2536 = ORIENTED_EDGE ( 'NONE', *, *, #9834, .T. ) ;
#2537 = ORIENTED_EDGE ( 'NONE', *, *, #5787, .T. ) ;
#2538 = VECTOR ( 'NONE', #11892, 1000.000000000000000 ) ;
#2539 = CARTESIAN_POINT ( 'NONE',  ( 5.099000000000000200, 1.200000000000000000, 0.5199999999999983500 ) ) ;
#2540 = CARTESIAN_POINT ( 'NONE',  ( -0.4649999999999988600, 0.4249999999999998200, 3.499999999999981300 ) ) ;
#2541 = DIRECTION ( 'NONE',  ( -1.000000000000000000, -0.0000000000000000000, -0.0000000000000000000 ) ) ;
#2542 = PRESENTATION_STYLE_ASSIGNMENT (( #1584 ) ) ;
#2543 = PLANE ( 'NONE',  #980 ) ;
#2544 = FACE_OUTER_BOUND ( 'NONE', #11409, .T. ) ;
#2545 = ORIENTED_EDGE ( 'NONE', *, *, #11775, .F. ) ;
#2546 = VECTOR ( 'NONE', #148, 1000.000000000000000 ) ;
#2547 = LINE ( 'NONE', #2490, #7764 ) ;
#2548 = STYLED_ITEM ( 'NONE', ( #7024 ), #4084 ) ;
#2549 = DIRECTION ( 'NONE',  ( 0.0000000000000000000, -1.000000000000000000, -4.336808689942014600E-015 ) ) ;
#2550 = AXIS2_PLACEMENT_3D ( 'NONE', #6100, #7104, #1210 ) ;
#2551 = ORIENTED_EDGE ( 'NONE', *, *, #5392, .T. ) ;
#2552 = EDGE_LOOP ( 'NONE', ( #4257, #5235, #3119, #6045 ) ) ;
#2553 = DIRECTION ( 'NONE',  ( -0.0000000000000000000, 1.000000000000000000, -0.0000000000000000000 ) ) ;
#2554 = ORIENTED_EDGE ( 'NONE', *, *, #4952, .T. ) ;
#2555 = ORIENTED_EDGE ( 'NONE', *, *, #3163, .F. ) ;
#2556 = FILL_AREA_STYLE_COLOUR ( '', #1503 ) ;
#2557 = CARTESIAN_POINT ( 'NONE',  ( 0.4650000000000010200, 0.4249999999999998200, 0.6499999999999964700 ) ) ;
#2558 = ORIENTED_EDGE ( 'NONE', *, *, #8175, .F. ) ;
#2559 = EDGE_CURVE ( 'NONE', #10974, #12030, #5354, .T. ) ;
#2560 = VECTOR ( 'NONE', #2167, 1000.000000000000000 ) ;
#2561 = FACE_OUTER_BOUND ( 'NONE', #876, .T. ) ;
#2562 = EDGE_CURVE ( 'NONE', #2291, #9569, #10593, .T. ) ;
#2563 =( NAMED_UNIT ( * ) PLANE_ANGLE_UNIT ( ) SI_UNIT ( $, .RADIAN. ) );
#2564 = ORIENTED_EDGE ( 'NONE', *, *, #11200, .T. ) ;
#2565 = ADVANCED_FACE ( 'NONE', ( #9499 ), #1432, .T. ) ;
#2566 = DIRECTION ( 'NONE',  ( -0.1904761904761876300, 0.2380952380952350000, 0.9523809523809536600 ) ) ;
#2567 = ORIENTED_EDGE ( 'NONE', *, *, #9091, .F. ) ;
#2568 =( NAMED_UNIT ( * ) SI_UNIT ( $, .STERADIAN. ) SOLID_ANGLE_UNIT ( ) );
#2569 = DIRECTION ( 'NONE',  ( 1.807003620809171900E-016, 1.000000000000000000, -0.0000000000000000000 ) ) ;
#2570 = AXIS2_PLACEMENT_3D ( 'NONE', #7247, #1348, #8219 ) ;
#2571 = DIRECTION ( 'NONE',  ( 3.051828337366604500E-016, -0.0000000000000000000, 1.000000000000000000 ) ) ;
#2572 = EDGE_CURVE ( 'NONE', #3846, #10244, #7631, .T. ) ;
#2573 = DIRECTION ( 'NONE',  ( -1.000000000000000000, 0.0000000000000000000, -0.0000000000000000000 ) ) ;
#2574 = ORIENTED_EDGE ( 'NONE', *, *, #5935, .T. ) ;
#2575 = SURFACE_STYLE_FILL_AREA ( #3764 ) ;
#2576 = VECTOR ( 'NONE', #4274, 1000.000000000000000 ) ;
#2577 = VERTEX_POINT ( 'NONE', #3174 ) ;
#2578 = EDGE_CURVE ( 'NONE', #3899, #4639, #12640, .T. ) ;
#2579 = DIRECTION ( 'NONE',  ( 0.0000000000000000000, -1.000000000000000000, 0.0000000000000000000 ) ) ;
#2580 =( GEOMETRIC_REPRESENTATION_CONTEXT ( 3 ) GLOBAL_UNCERTAINTY_ASSIGNED_CONTEXT ( ( #4202 ) ) GLOBAL_UNIT_ASSIGNED_CONTEXT ( ( #5949, #68, #6953 ) ) REPRESENTATION_CONTEXT ( 'NONE', 'WORKASPACE' ) );
#2581 = DIRECTION ( 'NONE',  ( 0.0000000000000000000, -0.7071067811865510100, -0.7071067811865441300 ) ) ;
#2582 = DIRECTION ( 'NONE',  ( 0.0000000000000000000, 0.0000000000000000000, 1.000000000000000000 ) ) ;
#2583 = CARTESIAN_POINT ( 'NONE',  ( -4.624999999999999100, -1.100000000000000100, 0.0000000000000000000 ) ) ;
#2584 = ORIENTED_EDGE ( 'NONE', *, *, #9902, .F. ) ;
#2585 = EDGE_CURVE ( 'NONE', #12567, #8578, #2399, .T. ) ;
#2586 = ADVANCED_FACE ( 'NONE', ( #2096 ), #12088, .F. ) ;
#2587 = SURFACE_STYLE_USAGE ( .BOTH. , #8461 ) ;
#2588 = DIRECTION ( 'NONE',  ( 0.0000000000000000000, -1.000000000000000000, 0.0000000000000000000 ) ) ;
#2589 = PLANE ( 'NONE',  #4702 ) ;
#2590 = LINE ( 'NONE', #1334, #7498 ) ;
#2591 = STYLED_ITEM ( 'NONE', ( #10794 ), #10797 ) ;
#2592 = EDGE_CURVE ( 'NONE', #8640, #8745, #12335, .T. ) ;
#2593 = ORIENTED_EDGE ( 'NONE', *, *, #11632, .T. ) ;
#2594 = CARTESIAN_POINT ( 'NONE',  ( 2.035000000000001000, -0.3750000000000005000, 3.499999999999986700 ) ) ;
#2595 = COLOUR_RGB ( '',0.8000000000000000400, 0.8078431372549019800, 0.8000000000000000400 ) ;
#2596 = EDGE_CURVE ( 'NONE', #95, #396, #4722, .T. ) ;
#2597 = LINE ( 'NONE', #4619, #5226 ) ;
#2598 = CARTESIAN_POINT ( 'NONE',  ( 0.7850000000000010300, -0.1500000000000003000, 0.1799999999999965800 ) ) ;
#2599 = LINE ( 'NONE', #2418, #10142 ) ;
#2600 = AXIS2_PLACEMENT_3D ( 'NONE', #8000, #2109, #8995 ) ;
#2601 = FACE_OUTER_BOUND ( 'NONE', #8149, .T. ) ;
#2602 = DIRECTION ( 'NONE',  ( 0.7071067811865468000, 0.0000000000000000000, -0.7071067811865483500 ) ) ;
#2603 = ORIENTED_EDGE ( 'NONE', *, *, #8931, .T. ) ;
#2604 = ORIENTED_EDGE ( 'NONE', *, *, #5583, .T. ) ;
#2605 = ORIENTED_EDGE ( 'NONE', *, *, #5773, .T. ) ;
#2606 = UNCERTAINTY_MEASURE_WITH_UNIT (LENGTH_MEASURE( 1.000000000000000100E-005 ), #2213, 'distance_accuracy_value', 'NONE');
#2607 =( GEOMETRIC_REPRESENTATION_CONTEXT ( 3 ) GLOBAL_UNCERTAINTY_ASSIGNED_CONTEXT ( ( #3555 ) ) GLOBAL_UNIT_ASSIGNED_CONTEXT ( ( #3238, #10102, #4229 ) ) REPRESENTATION_CONTEXT ( 'NONE', 'WORKASPACE' ) );
#2608 = CARTESIAN_POINT ( 'NONE',  ( 3.285000000000001500, -0.3750000000000001100, 0.6499999999999975800 ) ) ;
#2609 = CARTESIAN_POINT ( 'NONE',  ( 4.024999999999995900, 0.8499999999999996400, 1.749999999999996400 ) ) ;
#2610 = FACE_OUTER_BOUND ( 'NONE', #8676, .T. ) ;
#2611 = ORIENTED_EDGE ( 'NONE', *, *, #5139, .F. ) ;
#2612 = ORIENTED_EDGE ( 'NONE', *, *, #11116, .T. ) ;
#2613 = VECTOR ( 'NONE', #3390, 1000.000000000000000 ) ;
#2614 = CARTESIAN_POINT ( 'NONE',  ( -0.4649999999999988600, 0.2499999999999996700, 0.2999999999999966000 ) ) ;
#2615 = PLANE ( 'NONE',  #9252 ) ;
#2616 = ORIENTED_EDGE ( 'NONE', *, *, #844, .T. ) ;
#2617 = VERTEX_POINT ( 'NONE', #11110 ) ;
#2618 =( NAMED_UNIT ( * ) SI_UNIT ( $, .STERADIAN. ) SOLID_ANGLE_UNIT ( ) );
#2619 = PRESENTATION_STYLE_ASSIGNMENT (( #11875 ) ) ;
#2620 = MECHANICAL_DESIGN_GEOMETRIC_PRESENTATION_REPRESENTATION (  '', ( #644 ), #3292 ) ;
#2621 = LINE ( 'NONE', #12544, #305 ) ;
#2622 = DIRECTION ( 'NONE',  ( -1.000000000000000000, -0.0000000000000000000, -0.0000000000000000000 ) ) ;
#2623 = CARTESIAN_POINT ( 'NONE',  ( 4.125000000000000000, 1.700000000000000000, 0.04999999999999731000 ) ) ;
#2624 = CARTESIAN_POINT ( 'NONE',  ( -0.2000000000000000900, 2.600000000000000100, 0.6499999999999980200 ) ) ;
#2625 = CARTESIAN_POINT ( 'NONE',  ( -4.624999999999999100, 1.399999999999999700, 4.699999999999997500 ) ) ;
#2626 = ORIENTED_EDGE ( 'NONE', *, *, #6268, .F. ) ;
#2627 = PLANE ( 'NONE',  #11566 ) ;
#2628 = PLANE ( 'NONE',  #8635 ) ;
#2629 = VECTOR ( 'NONE', #8905, 1000.000000000000000 ) ;
#2630 = CARTESIAN_POINT ( 'NONE',  ( 1.949999999999999500, -1.100000000000000100, 3.249999999999995600 ) ) ;
#2631 = ORIENTED_EDGE ( 'NONE', *, *, #10078, .T. ) ;
#2632 = LINE ( 'NONE', #3135, #2314 ) ;
#2633 = DIRECTION ( 'NONE',  ( 0.0000000000000000000, 0.0000000000000000000, -1.000000000000000000 ) ) ;
#2634 = DIRECTION ( 'NONE',  ( -0.0000000000000000000, 1.000000000000000000, -0.0000000000000000000 ) ) ;
#2635 = DIRECTION ( 'NONE',  ( 0.0000000000000000000, -4.336808689942014600E-015, 1.000000000000000000 ) ) ;
#2636 = FILL_AREA_STYLE ('',( #1662 ) ) ;
#2637 =( LENGTH_UNIT ( ) NAMED_UNIT ( * ) SI_UNIT ( .MILLI., .METRE. ) );
#2638 = ORIENTED_EDGE ( 'NONE', *, *, #3325, .T. ) ;
#2639 = VERTEX_POINT ( 'NONE', #9097 ) ;
#2640 = FACE_OUTER_BOUND ( 'NONE', #1461, .T. ) ;
#2641 = CARTESIAN_POINT ( 'NONE',  ( 5.625000000000000000, 1.700000000000000000, 0.2999999999999999300 ) ) ;
#2642 = PLANE ( 'NONE',  #192 ) ;
#2643 = AXIS2_PLACEMENT_3D ( 'NONE', #5419, #12367, #6405 ) ;
#2644 = ADVANCED_FACE ( 'NONE', ( #7331 ), #270, .T. ) ;
#2645 = FACE_OUTER_BOUND ( 'NONE', #6192, .T. ) ;
#2646 = CARTESIAN_POINT ( 'NONE',  ( -2.034999999999998800, 2.200000000000004200, 0.2999999999999988800 ) ) ;
#2647 = CARTESIAN_POINT ( 'NONE',  ( -5.099000000000001100, 1.100000000000000100, 1.225999999999999800 ) ) ;
#2648 = ORIENTED_EDGE ( 'NONE', *, *, #5477, .T. ) ;
#2649 = ORIENTED_EDGE ( 'NONE', *, *, #12199, .F. ) ;
#2650 = VERTEX_POINT ( 'NONE', #9141 ) ;
#2651 = EDGE_CURVE ( 'NONE', #813, #9500, #4428, .T. ) ;
#2652 = DIRECTION ( 'NONE',  ( -0.0000000000000000000, 1.000000000000000000, 0.0000000000000000000 ) ) ;
#2653 = ORIENTED_EDGE ( 'NONE', *, *, #5645, .F. ) ;
#2654 = CARTESIAN_POINT ( 'NONE',  ( -4.625000000000000900, 1.420000000000001300, 0.2999999999999999900 ) ) ;
#2655 = STYLED_ITEM ( 'NONE', ( #6205 ), #6035 ) ;
#2656 = DIRECTION ( 'NONE',  ( 0.0000000000000000000, 0.0000000000000000000, -1.000000000000000000 ) ) ;
#2657 = FILL_AREA_STYLE_COLOUR ( '', #2456 ) ;
#2658 = EDGE_CURVE ( 'NONE', #11474, #10151, #12014, .T. ) ;
#2659 = VERTEX_POINT ( 'NONE', #11153 ) ;
#2660 = ORIENTED_EDGE ( 'NONE', *, *, #5468, .F. ) ;
#2661 = SURFACE_STYLE_USAGE ( .BOTH. , #8539 ) ;
#2662 = EDGE_LOOP ( 'NONE', ( #6817, #4019, #480, #6694, #10668, #1917, #5323, #1598, #11572, #9691, #1586, #7571, #1898, #6155, #11456, #5230, #7421, #556 ) ) ;
#2663 =( NAMED_UNIT ( * ) SI_UNIT ( $, .STERADIAN. ) SOLID_ANGLE_UNIT ( ) );
#2664 = LINE ( 'NONE', #11369, #4967 ) ;
#2665 = EDGE_CURVE ( 'NONE', #481, #5824, #6730, .T. ) ;
#2666 = DIRECTION ( 'NONE',  ( -1.000000000000000000, 0.0000000000000000000, 0.0000000000000000000 ) ) ;
#2667 = CARTESIAN_POINT ( 'NONE',  ( 3.550000000000000300, 2.600000000000000100, 0.2999999999999973800 ) ) ;
#2668 = DIRECTION ( 'NONE',  ( -1.000000000000000000, 0.0000000000000000000, 0.0000000000000000000 ) ) ;
#2669 = PLANE ( 'NONE',  #2705 ) ;
#2670 = CARTESIAN_POINT ( 'NONE',  ( 5.645000000000000500, 1.100000000000000100, 1.276000000000000000 ) ) ;
#2671 = DIRECTION ( 'NONE',  ( 0.0000000000000000000, -1.000000000000000000, -4.336808689942014600E-015 ) ) ;
#2672 = VECTOR ( 'NONE', #2634, 1000.000000000000000 ) ;
#2673 = EDGE_CURVE ( 'NONE', #9674, #4532, #4125, .T. ) ;
#2674 = EDGE_CURVE ( 'NONE', #2522, #8733, #9029, .T. ) ;
#2675 = VERTEX_POINT ( 'NONE', #310 ) ;
#2676 = AXIS2_PLACEMENT_3D ( 'NONE', #6111, #230, #7116 ) ;
#2677 = SURFACE_STYLE_USAGE ( .BOTH. , #3037 ) ;
#2678 = VECTOR ( 'NONE', #11738, 1000.000000000000000 ) ;
#2679 = LINE ( 'NONE', #4402, #2358 ) ;
#2680 = UNCERTAINTY_MEASURE_WITH_UNIT (LENGTH_MEASURE( 1.000000000000000100E-005 ), #10215, 'distance_accuracy_value', 'NONE');
#2681 = CARTESIAN_POINT ( 'NONE',  ( -2.034999999999998800, 3.100000000000000100, 0.3499999999999989800 ) ) ;
#2682 = CIRCLE ( 'NONE', #826, 0.04999999999999969700 ) ;
#2683 = DIRECTION ( 'NONE',  ( -1.000000000000000000, 0.0000000000000000000, 0.0000000000000000000 ) ) ;
#2684 = CARTESIAN_POINT ( 'NONE',  ( 4.125000000000000000, 2.600000000000000100, 0.04999999999999731000 ) ) ;
#2685 = AXIS2_PLACEMENT_3D ( 'NONE', #2925, #3930, #10819 ) ;
#2686 = CARTESIAN_POINT ( 'NONE',  ( -4.625000000000000900, -0.4000000000000005200, 0.04999999999999996800 ) ) ;
#2687 = CARTESIAN_POINT ( 'NONE',  ( 1.239088197126309400E-015, 2.000000000000000900, 3.699999999999996600 ) ) ;
#2688 = CARTESIAN_POINT ( 'NONE',  ( -3.184999999999998700, -0.3750000000000005600, 3.999999999999993300 ) ) ;
#2689 = ORIENTED_EDGE ( 'NONE', *, *, #7850, .F. ) ;
#2690 = LINE ( 'NONE', #2825, #8989 ) ;
#2691 = AXIS2_PLACEMENT_3D ( 'NONE', #1953, #829, #7167 ) ;
#2692 = FILL_AREA_STYLE ('',( #7630 ) ) ;
#2693 = DIRECTION ( 'NONE',  ( -0.0000000000000000000, 0.0000000000000000000, 1.000000000000000000 ) ) ;
#2694 =( NAMED_UNIT ( * ) SI_UNIT ( $, .STERADIAN. ) SOLID_ANGLE_UNIT ( ) );
#2695 = PRESENTATION_LAYER_ASSIGNMENT (  '', '', ( #1373 ) ) ;
#2696 = VERTEX_POINT ( 'NONE', #3300 ) ;
#2697 = CARTESIAN_POINT ( 'NONE',  ( -2.964999999999998100, 0.4249999999999998200, 0.6499999999999985800 ) ) ;
#2698 = DIRECTION ( 'NONE',  ( 0.0000000000000000000, 0.0000000000000000000, 1.000000000000000000 ) ) ;
#2699 = LINE ( 'NONE', #6658, #5332 ) ;
#2700 = VECTOR ( 'NONE', #5796, 1000.000000000000000 ) ;
#2701 = CARTESIAN_POINT ( 'NONE',  ( -3.284999999999998800, 2.500000000000000000, -1.084202172485504400E-016 ) ) ;
#2702 = VECTOR ( 'NONE', #10044, 1000.000000000000000 ) ;
#2703 = VECTOR ( 'NONE', #2717, 1000.000000000000000 ) ;
#2704 = ORIENTED_EDGE ( 'NONE', *, *, #11607, .F. ) ;
#2705 = AXIS2_PLACEMENT_3D ( 'NONE', #4376, #4501, #4457 ) ;
#2706 = ORIENTED_EDGE ( 'NONE', *, *, #5867, .F. ) ;
#2707 = CARTESIAN_POINT ( 'NONE',  ( -2.964999999999999000, 2.999999999999999600, -1.761828530288944700E-016 ) ) ;
#2708 = VERTEX_POINT ( 'NONE', #5237 ) ;
#2709 = DIRECTION ( 'NONE',  ( 1.885568995626964800E-016, 0.0000000000000000000, -1.000000000000000000 ) ) ;
#2710 = ADVANCED_FACE ( 'NONE', ( #6418 ), #11195, .T. ) ;
#2711 = CARTESIAN_POINT ( 'NONE',  ( -5.099000000000000200, -0.8799999999999986700, 1.275999999999999600 ) ) ;
#2712 = STYLED_ITEM ( 'NONE', ( #3577 ), #10320 ) ;
#2713 = ORIENTED_EDGE ( 'NONE', *, *, #12131, .F. ) ;
#2714 = VERTEX_POINT ( 'NONE', #4287 ) ;
#2715 = VECTOR ( 'NONE', #7714, 1000.000000000000000 ) ;
#2716 = FILL_AREA_STYLE_COLOUR ( '', #5285 ) ;
#2717 = DIRECTION ( 'NONE',  ( -1.000000000000000000, -0.0000000000000000000, -0.0000000000000000000 ) ) ;
#2718 = ORIENTED_EDGE ( 'NONE', *, *, #1921, .F. ) ;
#2719 = ORIENTED_EDGE ( 'NONE', *, *, #362, .T. ) ;
#2720 = CARTESIAN_POINT ( 'NONE',  ( 3.675000000000001200, 2.299999999999999800, 3.699999999999996600 ) ) ;
#2721 = ORIENTED_EDGE ( 'NONE', *, *, #1666, .F. ) ;
#2722 = DIRECTION ( 'NONE',  ( 0.0000000000000000000, -1.000000000000000000, -1.167602339599771500E-015 ) ) ;
#2723 = DIRECTION ( 'NONE',  ( 0.0000000000000000000, -1.355252715606881500E-016, -1.000000000000000000 ) ) ;
#2724 = VECTOR ( 'NONE', #10079, 1000.000000000000000 ) ;
#2725 = AXIS2_PLACEMENT_3D ( 'NONE', #1519, #10385, #4503 ) ;
#2726 = LINE ( 'NONE', #11836, #10265 ) ;
#2727 =( LENGTH_UNIT ( ) NAMED_UNIT ( * ) SI_UNIT ( .MILLI., .METRE. ) );
#2728 = PRESENTATION_STYLE_ASSIGNMENT (( #8858 ) ) ;
#2729 = EDGE_LOOP ( 'NONE', ( #11673, #3963, #10199, #5652 ) ) ;
#2730 = FILL_AREA_STYLE ('',( #7613 ) ) ;
#2731 = ORIENTED_EDGE ( 'NONE', *, *, #2907, .T. ) ;
#2732 = SURFACE_SIDE_STYLE ('',( #9377 ) ) ;
#2733 = ORIENTED_EDGE ( 'NONE', *, *, #10010, .F. ) ;
#2734 = EDGE_CURVE ( 'NONE', #8696, #3391, #11376, .T. ) ;
#2735 = EDGE_CURVE ( 'NONE', #6066, #6425, #1801, .T. ) ;
#2736 =( NAMED_UNIT ( * ) PLANE_ANGLE_UNIT ( ) SI_UNIT ( $, .RADIAN. ) );
#2738 = FACE_OUTER_BOUND ( 'NONE', #10361, .T. ) ;
#2737 = DIRECTION ( 'NONE',  ( 0.0000000000000000000, -1.294569758191648900E-016, 1.000000000000000000 ) ) ;
#2739 = ORIENTED_EDGE ( 'NONE', *, *, #4001, .F. ) ;
#2740 = DIRECTION ( 'NONE',  ( -0.7071067811865492400, 0.0000000000000000000, -0.7071067811865458000 ) ) ;
#2741 = VECTOR ( 'NONE', #7675, 1000.000000000000000 ) ;
#2742 = ORIENTED_EDGE ( 'NONE', *, *, #9911, .T. ) ;
#2743 = CARTESIAN_POINT ( 'NONE',  ( -3.910000000000010800, 0.8550000000000053100, -0.2049999999999901300 ) ) ;
#2744 = FILL_AREA_STYLE ('',( #8614 ) ) ;
#2745 = DIRECTION ( 'NONE',  ( 0.0000000000000000000, 0.0000000000000000000, 1.000000000000000000 ) ) ;
#2746 = EDGE_CURVE ( 'NONE', #3463, #7941, #8701, .T. ) ;
#2747 = FILL_AREA_STYLE ('',( #6665 ) ) ;
#2748 = VECTOR ( 'NONE', #10743, 1000.000000000000000 ) ;
#2749 = LINE ( 'NONE', #9038, #2429 ) ;
#2750 = PLANE ( 'NONE',  #4166 ) ;
#2751 = EDGE_CURVE ( 'NONE', #5526, #132, #6073, .T. ) ;
#2752 = EDGE_LOOP ( 'NONE', ( #5297, #9518, #6448, #8818 ) ) ;
#2753 = DIRECTION ( 'NONE',  ( 0.0000000000000000000, 0.7071067811865453500, -0.7071067811865496800 ) ) ;
#2754 = VERTEX_POINT ( 'NONE', #1389 ) ;
#2755 = EDGE_LOOP ( 'NONE', ( #6292, #4843, #234, #1865 ) ) ;
#2756 = CARTESIAN_POINT ( 'NONE',  ( -1.714999999999999000, 2.500000000000000000, -1.084202172485504400E-016 ) ) ;
#2757 = VECTOR ( 'NONE', #7187, 1000.000000000000000 ) ;
#2758 = CARTESIAN_POINT ( 'NONE',  ( 4.024999999999995900, 0.09999999999999982500, 1.749999999999996400 ) ) ;
#2759 =( LENGTH_UNIT ( ) NAMED_UNIT ( * ) SI_UNIT ( .MILLI., .METRE. ) );
#2760 = DIRECTION ( 'NONE',  ( 0.0000000000000000000, 0.0000000000000000000, -1.000000000000000000 ) ) ;
#2761 = VECTOR ( 'NONE', #9370, 1000.000000000000000 ) ;
#2762 = AXIS2_PLACEMENT_3D ( 'NONE', #987, #7866, #1986 ) ;
#2764 = EDGE_CURVE ( 'NONE', #9197, #10497, #3193, .T. ) ;
#2763 = LINE ( 'NONE', #10762, #7982 ) ;
#2765 = VERTEX_POINT ( 'NONE', #11238 ) ;
#2766 = VERTEX_POINT ( 'NONE', #5363 ) ;
#2767 = VECTOR ( 'NONE', #8526, 1000.000000000000000 ) ;
#2768 = DIRECTION ( 'NONE',  ( -1.000000000000000000, -0.0000000000000000000, -0.0000000000000000000 ) ) ;
#2769 = VERTEX_POINT ( 'NONE', #12303 ) ;
#2770 = ORIENTED_EDGE ( 'NONE', *, *, #5468, .T. ) ;
#2771 = FILL_AREA_STYLE ('',( #780 ) ) ;
#2772 = STYLED_ITEM ( 'NONE', ( #5059 ), #12 ) ;
#2773 = LINE ( 'NONE', #10467, #2139 ) ;
#2774 =( NAMED_UNIT ( * ) PLANE_ANGLE_UNIT ( ) SI_UNIT ( $, .RADIAN. ) );
#2775 = LINE ( 'NONE', #8558, #7678 ) ;
#2776 = VECTOR ( 'NONE', #12537, 1000.000000000000000 ) ;
#2777 = ADVANCED_FACE ( 'NONE', ( #10732 ), #11280, .T. ) ;
#2778 = ORIENTED_EDGE ( 'NONE', *, *, #8421, .T. ) ;
#2779 = AXIS2_PLACEMENT_3D ( 'NONE', #11605, #12610, #6662 ) ;
#2780 = ORIENTED_EDGE ( 'NONE', *, *, #7000, .T. ) ;
#2781 = FACE_OUTER_BOUND ( 'NONE', #12571, .T. ) ;
#2782 = CARTESIAN_POINT ( 'NONE',  ( -6.125000000000000000, 1.100000000000000100, 0.2540000000000000000 ) ) ;
#2783 = COLOUR_RGB ( '',0.8000000000000000400, 0.8078431372549019800, 0.8000000000000000400 ) ;
#2784 = CARTESIAN_POINT ( 'NONE',  ( -5.149000000000000900, 1.100000000000000100, 1.530000000000000000 ) ) ;
#2785 = DIRECTION ( 'NONE',  ( 0.0000000000000000000, 1.000000000000000000, 0.0000000000000000000 ) ) ;
#2786 = CARTESIAN_POINT ( 'NONE',  ( -2.964999999999999000, 3.000000000000000000, 0.4499999999999998400 ) ) ;
#2787 = DIRECTION ( 'NONE',  ( 0.0000000000000000000, -0.7071067811865510100, -0.7071067811865441300 ) ) ;
#2788 = LINE ( 'NONE', #2237, #154 ) ;
#2789 = CARTESIAN_POINT ( 'NONE',  ( -0.7849999999999988100, -0.1500000000000003000, 0.1799999999999965800 ) ) ;
#2790 = LINE ( 'NONE', #2093, #4789 ) ;
#2791 = ORIENTED_EDGE ( 'NONE', *, *, #7834, .F. ) ;
#2792 = PRESENTATION_LAYER_ASSIGNMENT (  '', '', ( #1470 ) ) ;
#2793 = ORIENTED_EDGE ( 'NONE', *, *, #2091, .T. ) ;
#2794 = LINE ( 'NONE', #6169, #7693 ) ;
#2795 = DIRECTION ( 'NONE',  ( 0.0000000000000000000, 0.0000000000000000000, -1.000000000000000000 ) ) ;
#2796 = VECTOR ( 'NONE', #10959, 1000.000000000000000 ) ;
#2797 = DIRECTION ( 'NONE',  ( 0.0000000000000000000, 1.000000000000000000, 0.0000000000000000000 ) ) ;
#2798 = DIRECTION ( 'NONE',  ( 0.0000000000000000000, 0.0000000000000000000, -1.000000000000000000 ) ) ;
#2799 = FILL_AREA_STYLE_COLOUR ( '', #11203 ) ;
#2800 = UNCERTAINTY_MEASURE_WITH_UNIT (LENGTH_MEASURE( 1.000000000000000100E-005 ), #10113, 'distance_accuracy_value', 'NONE');
#2801 = CARTESIAN_POINT ( 'NONE',  ( 2.965000000000001600, 3.100000000000000100, 0.3499999999999989800 ) ) ;
#2802 = VECTOR ( 'NONE', #6067, 1000.000000000000000 ) ;
#2803 = STYLED_ITEM ( 'NONE', ( #3211 ), #3905 ) ;
#2804 = CARTESIAN_POINT ( 'NONE',  ( 1.715000000000001200, 0.4249999999999998200, 0.04999999999999709500 ) ) ;
#2805 = ORIENTED_EDGE ( 'NONE', *, *, #3502, .F. ) ;
#2806 = AXIS2_PLACEMENT_3D ( 'NONE', #7102, #4211, #12636 ) ;
#2807 = ORIENTED_EDGE ( 'NONE', *, *, #5790, .F. ) ;
#2808 = LINE ( 'NONE', #891, #10354 ) ;
#2809 =( LENGTH_UNIT ( ) NAMED_UNIT ( * ) SI_UNIT ( .MILLI., .METRE. ) );
#2810 = CARTESIAN_POINT ( 'NONE',  ( 4.125000000000000000, -0.4000000000000005200, 0.04999999999999731000 ) ) ;
#2811 = CARTESIAN_POINT ( 'NONE',  ( 1.715000000000001200, -0.6250000000000003300, 0.6499999999999964700 ) ) ;
#2812 = VERTEX_POINT ( 'NONE', #6336 ) ;
#2813 = CARTESIAN_POINT ( 'NONE',  ( 3.285000000000001500, 0.2499999999999996700, 0.2999999999999966000 ) ) ;
#2814 = PRESENTATION_STYLE_ASSIGNMENT (( #8708 ) ) ;
#2815 = EDGE_CURVE ( 'NONE', #2508, #8901, #4869, .T. ) ;
#2816 = VERTEX_POINT ( 'NONE', #10252 ) ;
#2817 = ORIENTED_EDGE ( 'NONE', *, *, #3237, .F. ) ;
#2818 = CARTESIAN_POINT ( 'NONE',  ( -4.624999999999999100, 2.299999999999999800, 3.699999999999996600 ) ) ;
#2819 = SURFACE_STYLE_FILL_AREA ( #2636 ) ;
#2820 = VERTEX_POINT ( 'NONE', #485 ) ;
#2821 = CARTESIAN_POINT ( 'NONE',  ( -5.319000000000000000, -1.100000000000000100, 0.0000000000000000000 ) ) ;
#2822 = VERTEX_POINT ( 'NONE', #9348 ) ;
#2823 = LINE ( 'NONE', #3452, #2504 ) ;
#2824 = VECTOR ( 'NONE', #921, 999.9999999999998900 ) ;
#2825 = CARTESIAN_POINT ( 'NONE',  ( 6.125000000000000000, 1.100000000000000100, 0.3039999999999999400 ) ) ;
#2826 = ORIENTED_EDGE ( 'NONE', *, *, #10608, .F. ) ;
#2827 = EDGE_CURVE ( 'NONE', #7071, #6979, #12479, .T. ) ;
#2828 = DIRECTION ( 'NONE',  ( 0.0000000000000000000, 0.0000000000000000000, 1.000000000000000000 ) ) ;
#2829 = LINE ( 'NONE', #8576, #8047 ) ;
#2830 = DIRECTION ( 'NONE',  ( 0.0000000000000000000, -0.9889363528682980600, -0.1483404529302414000 ) ) ;
#2831 = VECTOR ( 'NONE', #12168, 1000.000000000000000 ) ;
#2832 = PLANE ( 'NONE',  #3595 ) ;
#2833 = EDGE_CURVE ( 'NONE', #3035, #57, #9784, .T. ) ;
#2834 = VECTOR ( 'NONE', #11324, 1000.000000000000000 ) ;
#2835 = AXIS2_PLACEMENT_3D ( 'NONE', #11372, #5444, #12394 ) ;
#2836 = DIRECTION ( 'NONE',  ( -0.1904761904761876300, 0.2380952380952350000, 0.9523809523809536600 ) ) ;
#2837 =( LENGTH_UNIT ( ) NAMED_UNIT ( * ) SI_UNIT ( .MILLI., .METRE. ) );
#2838 = CARTESIAN_POINT ( 'NONE',  ( 2.035000000000001000, 0.2499999999999996700, 0.1799999999999966600 ) ) ;
#2839 = ORIENTED_EDGE ( 'NONE', *, *, #1248, .T. ) ;
#2840 = SURFACE_STYLE_FILL_AREA ( #3075 ) ;
#2841 = DIRECTION ( 'NONE',  ( 1.000000000000000000, 0.0000000000000000000, 0.0000000000000000000 ) ) ;
#2842 = EDGE_CURVE ( 'NONE', #3546, #11375, #4574, .T. ) ;
#2843 = CARTESIAN_POINT ( 'NONE',  ( -1.714999999999999000, -0.3750000000000001100, 0.6499999999999975800 ) ) ;
#2844 = LINE ( 'NONE', #5860, #2524 ) ;
#2845 = VECTOR ( 'NONE', #8160, 1000.000000000000000 ) ;
#2846 = ADVANCED_FACE ( 'NONE', ( #1647 ), #7403, .F. ) ;
#2847 = DIRECTION ( 'NONE',  ( -2.808229700885308600E-016, 0.7071067811865450200, -0.7071067811865501300 ) ) ;
#2848 = LINE ( 'NONE', #2871, #2528 ) ;
#2849 = CARTESIAN_POINT ( 'NONE',  ( 6.325000000000000200, 0.9000000000000008000, -5.421010862427522200E-017 ) ) ;
#2850 = EDGE_CURVE ( 'NONE', #11394, #5105, #11849, .T. ) ;
#2851 = ORIENTED_EDGE ( 'NONE', *, *, #8269, .F. ) ;
#2852 = DIRECTION ( 'NONE',  ( -1.000000000000000000, 6.776263578034385000E-016, 0.0000000000000000000 ) ) ;
#2854 = VECTOR ( 'NONE', #73, 1000.000000000000000 ) ;
#2853 =( NAMED_UNIT ( * ) SI_UNIT ( $, .STERADIAN. ) SOLID_ANGLE_UNIT ( ) );
#2855 = VECTOR ( 'NONE', #5878, 1000.000000000000000 ) ;
#2856 = CARTESIAN_POINT ( 'NONE',  ( -4.125000000000000000, -1.100000000000000300, 0.2999999999999998200 ) ) ;
#2857 = AXIS2_PLACEMENT_3D ( 'NONE', #10450, #4559, #11469 ) ;
#2858 = PLANE ( 'NONE',  #4187 ) ;
#2859 = SURFACE_STYLE_FILL_AREA ( #595 ) ;
#2860 = ADVANCED_FACE ( 'NONE', ( #4267 ), #12421, .F. ) ;
#2861 = LINE ( 'NONE', #2625, #7762 ) ;
#2862 = VERTEX_POINT ( 'NONE', #10393 ) ;
#2863 = SURFACE_STYLE_FILL_AREA ( #5990 ) ;
#2864 = CARTESIAN_POINT ( 'NONE',  ( -4.845000000000000600, -0.8799999999999986700, 1.529999999999999800 ) ) ;
#2865 = DIRECTION ( 'NONE',  ( -1.000000000000000000, -0.0000000000000000000, -0.0000000000000000000 ) ) ;
#2866 = ORIENTED_EDGE ( 'NONE', *, *, #1271, .T. ) ;
#2867 =( GEOMETRIC_REPRESENTATION_CONTEXT ( 3 ) GLOBAL_UNCERTAINTY_ASSIGNED_CONTEXT ( ( #2680 ) ) GLOBAL_UNIT_ASSIGNED_CONTEXT ( ( #10215, #4341, #11241 ) ) REPRESENTATION_CONTEXT ( 'NONE', 'WORKASPACE' ) );
#2868 = CARTESIAN_POINT ( 'NONE',  ( 0.7850000000000010300, 3.100000000000000100, 0.09999999999999947800 ) ) ;
#2869 = CARTESIAN_POINT ( 'NONE',  ( -1.949999999999999700, -0.6999999999999988500, 2.099999999999996100 ) ) ;
#2870 = FILL_AREA_STYLE_COLOUR ( '', #6142 ) ;
#2871 = CARTESIAN_POINT ( 'NONE',  ( 6.250000000000000000, 0.4249999999999998200, 0.6499999999999973600 ) ) ;
#2872 = VECTOR ( 'NONE', #9023, 1000.000000000000000 ) ;
#2873 = SURFACE_STYLE_FILL_AREA ( #11043 ) ;
#2874 = VERTEX_POINT ( 'NONE', #8428 ) ;
#2875 = SURFACE_STYLE_FILL_AREA ( #9506 ) ;
#2876 =( GEOMETRIC_REPRESENTATION_CONTEXT ( 3 ) GLOBAL_UNCERTAINTY_ASSIGNED_CONTEXT ( ( #12754 ) ) GLOBAL_UNIT_ASSIGNED_CONTEXT ( ( #11551, #11418, #11374 ) ) REPRESENTATION_CONTEXT ( 'NONE', 'WORKASPACE' ) );
#2877 = ORIENTED_EDGE ( 'NONE', *, *, #8836, .F. ) ;
#2878 = FILL_AREA_STYLE ('',( #6801 ) ) ;
#2879 = DIRECTION ( 'NONE',  ( 0.0000000000000000000, 0.0000000000000000000, 1.000000000000000000 ) ) ;
#2880 = ORIENTED_EDGE ( 'NONE', *, *, #2665, .F. ) ;
#2881 = PLANE ( 'NONE',  #4384 ) ;
#2882 = LINE ( 'NONE', #9445, #1509 ) ;
#2883 = FACE_OUTER_BOUND ( 'NONE', #10125, .T. ) ;
#2884 = DIRECTION ( 'NONE',  ( -1.000000000000000000, -0.0000000000000000000, -0.0000000000000000000 ) ) ;
#2885 = CARTESIAN_POINT ( 'NONE',  ( 4.845000000000000600, -1.100000000000000100, 1.225999999999999800 ) ) ;
#2886 = FACE_OUTER_BOUND ( 'NONE', #2520, .T. ) ;
#2887 = VECTOR ( 'NONE', #6642, 1000.000000000000200 ) ;
#2888 = LINE ( 'NONE', #1423, #265 ) ;
#2889 = FACE_OUTER_BOUND ( 'NONE', #9459, .T. ) ;
#2890 = CARTESIAN_POINT ( 'NONE',  ( -4.625000000000000900, 2.600000000000000100, 0.2999999999999999900 ) ) ;
#2891 = EDGE_LOOP ( 'NONE', ( #6259, #8590, #9114, #6867 ) ) ;
#2892 = CARTESIAN_POINT ( 'NONE',  ( -5.149000000000000900, 1.100000000000000100, 0.2540000000000000000 ) ) ;
#2893 =( GEOMETRIC_REPRESENTATION_CONTEXT ( 3 ) GLOBAL_UNCERTAINTY_ASSIGNED_CONTEXT ( ( #176 ) ) GLOBAL_UNIT_ASSIGNED_CONTEXT ( ( #4231, #11136, #5212 ) ) REPRESENTATION_CONTEXT ( 'NONE', 'WORKASPACE' ) );
#2894 = CARTESIAN_POINT ( 'NONE',  ( -4.625000000000000900, 1.700000000000000000, 2.400000000000000400 ) ) ;
#2895 = PLANE ( 'NONE',  #11625 ) ;
#2896 = VERTEX_POINT ( 'NONE', #7451 ) ;
#2897 = PLANE ( 'NONE',  #11198 ) ;
#2898 = VECTOR ( 'NONE', #7936, 1000.000000000000000 ) ;
#2899 = VECTOR ( 'NONE', #4275, 1000.000000000000000 ) ;
#2900 = CARTESIAN_POINT ( 'NONE',  ( 5.149000000000000900, -1.100000000000000100, 1.276000000000000000 ) ) ;
#2901 = ORIENTED_EDGE ( 'NONE', *, *, #10424, .T. ) ;
#2902 = LINE ( 'NONE', #7909, #278 ) ;
#2903 = ORIENTED_EDGE ( 'NONE', *, *, #5948, .F. ) ;
#2904 = EDGE_CURVE ( 'NONE', #1978, #6141, #9181, .T. ) ;
#2905 = ADVANCED_FACE ( 'NONE', ( #11713 ), #2543, .F. ) ;
#2906 = VECTOR ( 'NONE', #8587, 1000.000000000000000 ) ;
#2907 = EDGE_CURVE ( 'NONE', #4224, #5294, #9042, .T. ) ;
#2908 = DIRECTION ( 'NONE',  ( 0.0000000000000000000, 0.0000000000000000000, 1.000000000000000000 ) ) ;
#2909 = FILL_AREA_STYLE_COLOUR ( '', #1442 ) ;
#2910 = ORIENTED_EDGE ( 'NONE', *, *, #2325, .F. ) ;
#2911 = VERTEX_POINT ( 'NONE', #7485 ) ;
#2912 = DIRECTION ( 'NONE',  ( -1.000000000000000000, -0.0000000000000000000, -0.0000000000000000000 ) ) ;
#2913 =( NAMED_UNIT ( * ) SI_UNIT ( $, .STERADIAN. ) SOLID_ANGLE_UNIT ( ) );
#2914 = EDGE_CURVE ( 'NONE', #1104, #10390, #3815, .T. ) ;
#2915 = ORIENTED_EDGE ( 'NONE', *, *, #9095, .F. ) ;
#2916 = ORIENTED_EDGE ( 'NONE', *, *, #12772, .F. ) ;
#2917 = DIRECTION ( 'NONE',  ( 0.0000000000000000000, 0.0000000000000000000, 1.000000000000000000 ) ) ;
#2918 = VECTOR ( 'NONE', #4652, 1000.000000000000000 ) ;
#2919 = EDGE_CURVE ( 'NONE', #10163, #5248, #6432, .T. ) ;
#2920 = DIRECTION ( 'NONE',  ( 0.0000000000000000000, 0.0000000000000000000, 1.000000000000000000 ) ) ;
#2921 = EDGE_CURVE ( 'NONE', #6519, #2028, #11393, .T. ) ;
#2922 = CARTESIAN_POINT ( 'NONE',  ( 3.285000000000001500, 3.100000000000000100, 0.3499999999999989800 ) ) ;
#2923 = CARTESIAN_POINT ( 'NONE',  ( 4.845000000000000600, 1.100000000000000100, 1.225999999999999800 ) ) ;
#2924 = DIRECTION ( 'NONE',  ( 1.000000000000000000, 0.0000000000000000000, -0.0000000000000000000 ) ) ;
#2925 = CARTESIAN_POINT ( 'NONE',  ( -2.034999999999998800, -0.3750000000000001100, 0.04999999999999709500 ) ) ;
#2926 = ORIENTED_EDGE ( 'NONE', *, *, #12203, .T. ) ;
#2927 = VECTOR ( 'NONE', #10219, 1000.000000000000000 ) ;
#2928 = DIRECTION ( 'NONE',  ( 0.0000000000000000000, -1.000000000000000000, -2.032879073410321300E-016 ) ) ;
#2929 = ADVANCED_FACE ( 'NONE', ( #9485 ), #7525, .T. ) ;
#2930 = ORIENTED_EDGE ( 'NONE', *, *, #6386, .T. ) ;
#2931 = ORIENTED_EDGE ( 'NONE', *, *, #6114, .T. ) ;
#2932 = DIRECTION ( 'NONE',  ( 0.5773502691896245100, 0.5773502691896248400, -0.5773502691896280600 ) ) ;
#2933 = CARTESIAN_POINT ( 'NONE',  ( 0.4650000000000010200, -0.6250000000000003300, 0.2999999999999964900 ) ) ;
#2934 =( GEOMETRIC_REPRESENTATION_CONTEXT ( 3 ) GLOBAL_UNCERTAINTY_ASSIGNED_CONTEXT ( ( #6925 ) ) GLOBAL_UNIT_ASSIGNED_CONTEXT ( ( #11528, #5605, #12545 ) ) REPRESENTATION_CONTEXT ( 'NONE', 'WORKASPACE' ) );
#2935 = VECTOR ( 'NONE', #4536, 1000.000000000000000 ) ;
#2936 = DIRECTION ( 'NONE',  ( -1.000000000000000000, 0.0000000000000000000, 0.0000000000000000000 ) ) ;
#2937 = EDGE_CURVE ( 'NONE', #1842, #11450, #8718, .T. ) ;
#2938 = DIRECTION ( 'NONE',  ( 0.0000000000000000000, 1.000000000000000000, 4.336808689942013800E-015 ) ) ;
#2939 = PRESENTATION_STYLE_ASSIGNMENT (( #6518 ) ) ;
#2940 = CARTESIAN_POINT ( 'NONE',  ( -1.050000000000000900, 2.600000000000000100, 0.6499999999999980200 ) ) ;
#2941 = PRESENTATION_STYLE_ASSIGNMENT (( #10147 ) ) ;
#2942 = ORIENTED_EDGE ( 'NONE', *, *, #4566, .T. ) ;
#2943 = PLANE ( 'NONE',  #2762 ) ;
#2944 = PRESENTATION_LAYER_ASSIGNMENT (  '', '', ( #1630 ) ) ;
#2945 = VERTEX_POINT ( 'NONE', #10526 ) ;
#2946 = VECTOR ( 'NONE', #7344, 1000.000000000000000 ) ;
#2947 = AXIS2_PLACEMENT_3D ( 'NONE', #370, #4352, #11250 ) ;
#2948 = DIRECTION ( 'NONE',  ( 0.0000000000000000000, 0.0000000000000000000, 1.000000000000000000 ) ) ;
#2949 = LINE ( 'NONE', #3480, #8163 ) ;
#2950 =( NAMED_UNIT ( * ) PLANE_ANGLE_UNIT ( ) SI_UNIT ( $, .RADIAN. ) );
#2951 = LINE ( 'NONE', #3312, #318 ) ;
#2952 = CARTESIAN_POINT ( 'NONE',  ( -4.024999999999999500, 0.8499999999999996400, 1.749999999999996400 ) ) ;
#2953 = VERTEX_POINT ( 'NONE', #11540 ) ;
#2954 = VERTEX_POINT ( 'NONE', #5617 ) ;
#2955 = ORIENTED_EDGE ( 'NONE', *, *, #2734, .T. ) ;
#2956 = LINE ( 'NONE', #7046, #2320 ) ;
#2957 = DIRECTION ( 'NONE',  ( 0.0000000000000000000, 1.000000000000000000, 0.0000000000000000000 ) ) ;
#2958 =( GEOMETRIC_REPRESENTATION_CONTEXT ( 3 ) GLOBAL_UNCERTAINTY_ASSIGNED_CONTEXT ( ( #1242 ) ) GLOBAL_UNIT_ASSIGNED_CONTEXT ( ( #3203, #6688, #1784 ) ) REPRESENTATION_CONTEXT ( 'NONE', 'WORKASPACE' ) );
#2959 = CARTESIAN_POINT ( 'NONE',  ( -5.825000000000000200, 1.399999999999999900, 1.699999999999989700 ) ) ;
#2960 = DIRECTION ( 'NONE',  ( 1.000000000000000000, -1.807003620809171900E-016, 0.0000000000000000000 ) ) ;
#2961 = DIRECTION ( 'NONE',  ( -0.0000000000000000000, 0.0000000000000000000, 1.000000000000000000 ) ) ;
#2962 = MECHANICAL_DESIGN_GEOMETRIC_PRESENTATION_REPRESENTATION (  '', ( #967 ), #3629 ) ;
#2963 = VECTOR ( 'NONE', #6877, 1000.000000000000000 ) ;
#2964 = ORIENTED_EDGE ( 'NONE', *, *, #9570, .T. ) ;
#2965 = CARTESIAN_POINT ( 'NONE',  ( -4.625000000000000900, -1.100000000000000300, 0.04999999999999996800 ) ) ;
#2966 = ORIENTED_EDGE ( 'NONE', *, *, #6274, .T. ) ;
#2967 = DIRECTION ( 'NONE',  ( 0.0000000000000000000, -0.7071067811865496800, -0.7071067811865453500 ) ) ;
#2968 = PRESENTATION_STYLE_ASSIGNMENT (( #10605 ) ) ;
#2969 = CARTESIAN_POINT ( 'NONE',  ( 4.825000000000000200, -1.100000000000000100, 2.200000000000000200 ) ) ;
#2970 = ADVANCED_FACE ( 'NONE', ( #8408 ), #6605, .T. ) ;
#2971 = CARTESIAN_POINT ( 'NONE',  ( -5.099000000000000200, 1.200000000000000000, 1.275999999999999600 ) ) ;
#2972 = PRESENTATION_LAYER_ASSIGNMENT (  '', '', ( #1660 ) ) ;
#2973 = DIRECTION ( 'NONE',  ( -1.000000000000000000, 0.0000000000000000000, -3.971436529250929000E-016 ) ) ;
#2974 = ORIENTED_EDGE ( 'NONE', *, *, #7283, .F. ) ;
#2975 = VECTOR ( 'NONE', #10510, 1000.000000000000000 ) ;
#2976 = ORIENTED_EDGE ( 'NONE', *, *, #4819, .T. ) ;
#2977 = PLANE ( 'NONE',  #9235 ) ;
#2978 = ORIENTED_EDGE ( 'NONE', *, *, #2322, .T. ) ;
#2979 = LINE ( 'NONE', #3822, #5603 ) ;
#2980 =( LENGTH_UNIT ( ) NAMED_UNIT ( * ) SI_UNIT ( .MILLI., .METRE. ) );
#2981 = EDGE_CURVE ( 'NONE', #3127, #5300, #5801, .T. ) ;
#2982 = CARTESIAN_POINT ( 'NONE',  ( 2.650000000000000400, 3.673118842698620300, 3.249999999999995100 ) ) ;
#2983 = EDGE_CURVE ( 'NONE', #4399, #9583, #3208, .T. ) ;
#2984 = VECTOR ( 'NONE', #4547, 1000.000000000000000 ) ;
#2985 = CARTESIAN_POINT ( 'NONE',  ( 1.715000000000001200, 1.480139484621849500E-016, 0.6499999999999975800 ) ) ;
#2986 = VERTEX_POINT ( 'NONE', #12554 ) ;
#2987 = DIRECTION ( 'NONE',  ( -1.000000000000000000, 0.0000000000000000000, 0.0000000000000000000 ) ) ;
#2988 = LINE ( 'NONE', #4717, #7893 ) ;
#2989 = ORIENTED_EDGE ( 'NONE', *, *, #9748, .F. ) ;
#2990 = COLOUR_RGB ( '',0.8000000000000000400, 0.8078431372549019800, 0.8000000000000000400 ) ;
#2991 = AXIS2_PLACEMENT_3D ( 'NONE', #8604, #2723, #9602 ) ;
#2992 = EDGE_CURVE ( 'NONE', #12516, #3463, #11074, .T. ) ;
#2993 = CARTESIAN_POINT ( 'NONE',  ( -3.064999999999998600, -0.3750000000000005600, 3.999999999999993300 ) ) ;
#2994 = ADVANCED_FACE ( 'NONE', ( #8105 ), #7606, .T. ) ;
#2995 = VECTOR ( 'NONE', #10891, 1000.000000000000000 ) ;
#2996 = CARTESIAN_POINT ( 'NONE',  ( 0.7850000000000010300, 3.100000000000000100, 0.09999999999999947800 ) ) ;
#2997 = EDGE_CURVE ( 'NONE', #4848, #3680, #10439, .T. ) ;
#2998 = CLOSED_SHELL ( 'NONE', ( #10797, #10869, #12459, #2181, #3482, #2116, #9757, #11131, #10720, #2451, #4042, #2366, #10201, #7807, #7465, #4463, #11992, #6526, #1892, #1928, #5179, #3234, #2514, #6445 ) ) ;
#2999 = DIRECTION ( 'NONE',  ( 0.0000000000000000000, 1.000000000000000000, 0.0000000000000000000 ) ) ;
#3000 = CARTESIAN_POINT ( 'NONE',  ( -0.7849999999999988100, -0.6250000000000003300, 0.2999999999999964900 ) ) ;
#3001 = STYLED_ITEM ( 'NONE', ( #6495 ), #6654 ) ;
#3002 = CARTESIAN_POINT ( 'NONE',  ( 6.125000000000000000, 1.100000000000000100, 0.2540000000000000000 ) ) ;
#3003 = DIRECTION ( 'NONE',  ( 0.0000000000000000000, 0.7071067811865431300, -0.7071067811865519000 ) ) ;
#3004 = ORIENTED_EDGE ( 'NONE', *, *, #7534, .F. ) ;
#3005 = FACE_OUTER_BOUND ( 'NONE', #10107, .T. ) ;
#3006 = EDGE_CURVE ( 'NONE', #2862, #10312, #262, .T. ) ;
#3007 = PRESENTATION_LAYER_ASSIGNMENT (  '', '', ( #1696 ) ) ;
#3008 = CARTESIAN_POINT ( 'NONE',  ( -0.4649999999999988600, -0.3750000000000005000, 3.499999999999986700 ) ) ;
#3009 = CARTESIAN_POINT ( 'NONE',  ( 1.715000000000001200, 2.999999999999999600, -1.761828530288944700E-016 ) ) ;
#3010 = DIRECTION ( 'NONE',  ( 0.0000000000000000000, 0.0000000000000000000, 1.000000000000000000 ) ) ;
#3011 = EDGE_CURVE ( 'NONE', #10962, #6656, #7786, .T. ) ;
#3012 = FILL_AREA_STYLE ('',( #10866 ) ) ;
#3013 = VERTEX_POINT ( 'NONE', #777 ) ;
#3014 = DIRECTION ( 'NONE',  ( -0.0000000000000000000, 1.000000000000000000, 0.0000000000000000000 ) ) ;
#3015 = CARTESIAN_POINT ( 'NONE',  ( 3.749999999999999600, -0.3750000000000023300, 0.6499999999999978000 ) ) ;
#3016 = LINE ( 'NONE', #237, #10573 ) ;
#3017 = FILL_AREA_STYLE_COLOUR ( '', #1254 ) ;
#3018 = LINE ( 'NONE', #7559, #2703 ) ;
#3019 = SURFACE_SIDE_STYLE ('',( #12458 ) ) ;
#3020 = EDGE_CURVE ( 'NONE', #1828, #4611, #7490, .T. ) ;
#3021 = ORIENTED_EDGE ( 'NONE', *, *, #7453, .F. ) ;
#3022 = CARTESIAN_POINT ( 'NONE',  ( -3.284999999999998800, -0.6250000000000003300, 0.6499999999999964700 ) ) ;
#3023 = AXIS2_PLACEMENT_3D ( 'NONE', #3369, #10239, #4369 ) ;
#3024 = CARTESIAN_POINT ( 'NONE',  ( 1.715000000000001200, 0.4249999999999998200, 0.04999999999999709500 ) ) ;
#3025 =( LENGTH_UNIT ( ) NAMED_UNIT ( * ) SI_UNIT ( .MILLI., .METRE. ) );
#3026 = SURFACE_STYLE_USAGE ( .BOTH. , #12202 ) ;
#3027 = VECTOR ( 'NONE', #9246, 1000.000000000000000 ) ;
#3028 =( GEOMETRIC_REPRESENTATION_CONTEXT ( 3 ) GLOBAL_UNCERTAINTY_ASSIGNED_CONTEXT ( ( #5606 ) ) GLOBAL_UNIT_ASSIGNED_CONTEXT ( ( #1498, #8364, #2477 ) ) REPRESENTATION_CONTEXT ( 'NONE', 'WORKASPACE' ) );
#3029 = ORIENTED_EDGE ( 'NONE', *, *, #10241, .T. ) ;
#3030 = VECTOR ( 'NONE', #11703, 1000.000000000000000 ) ;
#3031 = VERTEX_POINT ( 'NONE', #5694 ) ;
#3032 = CARTESIAN_POINT ( 'NONE',  ( 2.035000000000001000, -0.1500000000000003300, 0.2999999999999965500 ) ) ;
#3033 = DIRECTION ( 'NONE',  ( -0.9805806756909207800, 0.0000000000000000000, -0.1961161351381809400 ) ) ;
#3034 = ORIENTED_EDGE ( 'NONE', *, *, #12792, .F. ) ;
#3035 = VERTEX_POINT ( 'NONE', #1779 ) ;
#3036 = EDGE_LOOP ( 'NONE', ( #9531, #9699, #1981, #1592 ) ) ;
#3037 = SURFACE_SIDE_STYLE ('',( #4736 ) ) ;
#3038 = ADVANCED_FACE ( 'NONE', ( #10117 ), #8633, .T. ) ;
#3039 = LINE ( 'NONE', #1927, #93 ) ;
#3040 = STYLED_ITEM ( 'NONE', ( #4367 ), #9487 ) ;
#3041 = FACE_OUTER_BOUND ( 'NONE', #4109, .T. ) ;
#3042 = ORIENTED_EDGE ( 'NONE', *, *, #11595, .F. ) ;
#3043 = SURFACE_STYLE_FILL_AREA ( #3412 ) ;
#3044 = PRESENTATION_STYLE_ASSIGNMENT (( #1633 ) ) ;
#3045 =( NAMED_UNIT ( * ) SI_UNIT ( $, .STERADIAN. ) SOLID_ANGLE_UNIT ( ) );
#3046 = ORIENTED_EDGE ( 'NONE', *, *, #441, .T. ) ;
#3047 = DIRECTION ( 'NONE',  ( -1.000000000000000000, 6.195440985631545100E-016, -0.0000000000000000000 ) ) ;
#3048 = ORIENTED_EDGE ( 'NONE', *, *, #693, .T. ) ;
#3049 = CARTESIAN_POINT ( 'NONE',  ( -3.284999999999998800, 0.0000000000000000000, 3.499999999999982200 ) ) ;
#3050 = PRESENTATION_STYLE_ASSIGNMENT (( #11495 ) ) ;
#3051 = AXIS2_PLACEMENT_3D ( 'NONE', #9718, #1891, #8762 ) ;
#3052 = LINE ( 'NONE', #3500, #5366 ) ;
#3053 =( GEOMETRIC_REPRESENTATION_CONTEXT ( 3 ) GLOBAL_UNCERTAINTY_ASSIGNED_CONTEXT ( ( #11107 ) ) GLOBAL_UNIT_ASSIGNED_CONTEXT ( ( #5988, #5716, #4096 ) ) REPRESENTATION_CONTEXT ( 'NONE', 'WORKASPACE' ) );
#3054 = CARTESIAN_POINT ( 'NONE',  ( -6.216999999999998700, -1.452000000000001100, 0.7040000000000017400 ) ) ;
#3055 = DIRECTION ( 'NONE',  ( 0.0000000000000000000, 1.000000000000000000, 1.167602339599771500E-015 ) ) ;
#3056 = DIRECTION ( 'NONE',  ( -3.771137991253929100E-016, 0.0000000000000000000, -1.000000000000000000 ) ) ;
#3057 = ORIENTED_EDGE ( 'NONE', *, *, #7416, .T. ) ;
#3058 = FACE_OUTER_BOUND ( 'NONE', #5127, .T. ) ;
#3059 = CARTESIAN_POINT ( 'NONE',  ( 5.825000000000002000, -0.8000000000000016000, 4.699999999999997500 ) ) ;
#3060 = CARTESIAN_POINT ( 'NONE',  ( -0.4649999999999988600, -0.3750000000000005000, 3.499999999999986700 ) ) ;
#3061 = VECTOR ( 'NONE', #7215, 1000.000000000000000 ) ;
#3062 = ORIENTED_EDGE ( 'NONE', *, *, #11251, .F. ) ;
#3063 = CARTESIAN_POINT ( 'NONE',  ( -4.024999999999999500, -0.6999999999999988500, 1.749999999999996400 ) ) ;
#3064 = ORIENTED_EDGE ( 'NONE', *, *, #3667, .T. ) ;
#3065 = ORIENTED_EDGE ( 'NONE', *, *, #333, .F. ) ;
#3066 = ADVANCED_FACE ( 'NONE', ( #12490 ), #7686, .T. ) ;
#3067 = CARTESIAN_POINT ( 'NONE',  ( -4.625000000000000900, -1.100000000000000100, 0.2999999999999999900 ) ) ;
#3068 = LINE ( 'NONE', #10824, #7967 ) ;
#3069 = EDGE_CURVE ( 'NONE', #6358, #2291, #11546, .T. ) ;
#3070 = VECTOR ( 'NONE', #4118, 999.9999999999998900 ) ;
#3071 = EDGE_CURVE ( 'NONE', #2420, #10422, #1337, .T. ) ;
#3072 = DIRECTION ( 'NONE',  ( 0.0000000000000000000, -1.000000000000000000, -1.141265444721583800E-016 ) ) ;
#3073 = ORIENTED_EDGE ( 'NONE', *, *, #2921, .T. ) ;
#3074 = VERTEX_POINT ( 'NONE', #3847 ) ;
#3075 = FILL_AREA_STYLE ('',( #7955 ) ) ;
#3076 =( GEOMETRIC_REPRESENTATION_CONTEXT ( 3 ) GLOBAL_UNCERTAINTY_ASSIGNED_CONTEXT ( ( #4392 ) ) GLOBAL_UNIT_ASSIGNED_CONTEXT ( ( #6751, #839, #7708 ) ) REPRESENTATION_CONTEXT ( 'NONE', 'WORKASPACE' ) );
#3077 =( NAMED_UNIT ( * ) PLANE_ANGLE_UNIT ( ) SI_UNIT ( $, .RADIAN. ) );
#3078 = CARTESIAN_POINT ( 'NONE',  ( 2.650000000000000400, -0.6999999999999992900, 3.249999999999995100 ) ) ;
#3079 = VECTOR ( 'NONE', #1677, 1000.000000000000000 ) ;
#3080 = CARTESIAN_POINT ( 'NONE',  ( -1.714999999999999000, -0.6250000000000003300, 0.6499999999999964700 ) ) ;
#3081 = DIRECTION ( 'NONE',  ( 0.0000000000000000000, -1.000000000000000000, -1.141265444721583800E-016 ) ) ;
#3082 = EDGE_CURVE ( 'NONE', #4215, #11352, #1023, .T. ) ;
#3083 = ORIENTED_EDGE ( 'NONE', *, *, #8237, .F. ) ;
#3084 = ORIENTED_EDGE ( 'NONE', *, *, #7999, .T. ) ;
#3085 = LINE ( 'NONE', #9446, #130 ) ;
#3086 = PRESENTATION_LAYER_ASSIGNMENT (  '', '', ( #1763 ) ) ;
#3087 = DIRECTION ( 'NONE',  ( 0.0000000000000000000, 0.9701425001453327600, -0.2425356250363297200 ) ) ;
#3088 = ORIENTED_EDGE ( 'NONE', *, *, #6786, .F. ) ;
#3089 = ORIENTED_EDGE ( 'NONE', *, *, #9168, .T. ) ;
#3090 = EDGE_CURVE ( 'NONE', #7194, #10689, #3656, .T. ) ;
#3091 = LINE ( 'NONE', #194, #5698 ) ;
#3092 = CARTESIAN_POINT ( 'NONE',  ( -1.714999999999999000, 3.000000000000000000, 0.4499999999999998400 ) ) ;
#3093 = SURFACE_STYLE_USAGE ( .BOTH. , #8965 ) ;
#3094 = EDGE_CURVE ( 'NONE', #1548, #3466, #6586, .T. ) ;
#3095 = VECTOR ( 'NONE', #7568, 1000.000000000000000 ) ;
#3096 = VERTEX_POINT ( 'NONE', #899 ) ;
#3097 = VECTOR ( 'NONE', #8574, 1000.000000000000000 ) ;
#3098 = EDGE_CURVE ( 'NONE', #8146, #1699, #10907, .T. ) ;
#3099 =( NAMED_UNIT ( * ) PLANE_ANGLE_UNIT ( ) SI_UNIT ( $, .RADIAN. ) );
#3100 = LINE ( 'NONE', #10709, #8313 ) ;
#3101 = CARTESIAN_POINT ( 'NONE',  ( -4.125000000000000000, 1.700000000000000000, 0.04999999999999980800 ) ) ;
#3102 = CARTESIAN_POINT ( 'NONE',  ( -3.176717647058822100, 0.3437882352941176200, 4.041411764705874700 ) ) ;
#3103 = DIRECTION ( 'NONE',  ( -1.000000000000000000, -0.0000000000000000000, 3.047487187526822800E-016 ) ) ;
#3104 = CARTESIAN_POINT ( 'NONE',  ( 4.324999999999997500, 1.700000000000000200, 4.699999999999997500 ) ) ;
#3105 = CARTESIAN_POINT ( 'NONE',  ( 1.449999999999999100, 2.600000000000000100, 0.6499999999999975800 ) ) ;
#3106 = SURFACE_SIDE_STYLE ('',( #8727 ) ) ;
#3107 = ADVANCED_FACE ( 'NONE', ( #720 ), #10785, .T. ) ;
#3108 = PLANE ( 'NONE',  #12347 ) ;
#3109 = LINE ( 'NONE', #4255, #5712 ) ;
#3110 = DIRECTION ( 'NONE',  ( -1.000000000000000000, 0.0000000000000000000, -0.0000000000000000000 ) ) ;
#3111 = VECTOR ( 'NONE', #72, 1000.000000000000200 ) ;
#3112 = FILL_AREA_STYLE_COLOUR ( '', #8216 ) ;
#3113 = ORIENTED_EDGE ( 'NONE', *, *, #5545, .F. ) ;
#3114 = PRESENTATION_LAYER_ASSIGNMENT (  '', '', ( #1785 ) ) ;
#3115 = ORIENTED_EDGE ( 'NONE', *, *, #8736, .T. ) ;
#3116 = DIRECTION ( 'NONE',  ( 1.000000000000000000, 0.0000000000000000000, 1.875376730785737500E-016 ) ) ;
#3117 = CARTESIAN_POINT ( 'NONE',  ( -1.714999999999999000, 0.2499999999999996700, 0.1799999999999966600 ) ) ;
#3118 = LINE ( 'NONE', #11029, #8016 ) ;
#3119 = ORIENTED_EDGE ( 'NONE', *, *, #10530, .T. ) ;
#3120 = STYLED_ITEM ( 'NONE', ( #364 ), #9156 ) ;
#3121 = ORIENTED_EDGE ( 'NONE', *, *, #2572, .F. ) ;
#3122 = FILL_AREA_STYLE_COLOUR ( '', #12196 ) ;
#3123 = VECTOR ( 'NONE', #5764, 1000.000000000000000 ) ;
#3124 = PLANE ( 'NONE',  #2293 ) ;
#3125 = CARTESIAN_POINT ( 'NONE',  ( -1.714999999999999000, -0.3750000000000005000, 3.499999999999986700 ) ) ;
#3126 = ADVANCED_FACE ( 'NONE', ( #3041 ), #12815, .F. ) ;
#3127 = VERTEX_POINT ( 'NONE', #943 ) ;
#3128 = LINE ( 'NONE', #10642, #8032 ) ;
#3129 = FILL_AREA_STYLE_COLOUR ( '', #2990 ) ;
#3130 = ORIENTED_EDGE ( 'NONE', *, *, #5033, .F. ) ;
#3131 = AXIS2_PLACEMENT_3D ( 'NONE', #3401, #4060, #3317 ) ;
#3132 = VERTEX_POINT ( 'NONE', #2940 ) ;
#3133 = CARTESIAN_POINT ( 'NONE',  ( -3.284999999999998800, 0.2499999999999996700, 0.1799999999999966600 ) ) ;
#3134 = ORIENTED_EDGE ( 'NONE', *, *, #7447, .T. ) ;
#3135 = CARTESIAN_POINT ( 'NONE',  ( 5.099000000000000200, 1.200000000000000000, 0.5199999999999983500 ) ) ;
#3136 = DIRECTION ( 'NONE',  ( -3.051828337366604500E-016, 0.0000000000000000000, -1.000000000000000000 ) ) ;
#3137 = DIRECTION ( 'NONE',  ( 0.0000000000000000000, 0.0000000000000000000, 1.000000000000000000 ) ) ;
#3138 = ORIENTED_EDGE ( 'NONE', *, *, #8662, .F. ) ;
#3139 = PRESENTATION_STYLE_ASSIGNMENT (( #7728 ) ) ;
#3140 = DIRECTION ( 'NONE',  ( 0.0000000000000000000, -0.0000000000000000000, 1.000000000000000000 ) ) ;
#3141 = DIRECTION ( 'NONE',  ( 0.0000000000000000000, 0.7071067811865431300, -0.7071067811865519000 ) ) ;
#3142 = ORIENTED_EDGE ( 'NONE', *, *, #11893, .T. ) ;
#3143 = LINE ( 'NONE', #7391, #2185 ) ;
#3144 = DIRECTION ( 'NONE',  ( 1.000000000000000000, -6.195440985631545100E-016, 0.0000000000000000000 ) ) ;
#3145 = CIRCLE ( 'NONE', #7389, 0.3040000000000004400 ) ;
#3146 = CARTESIAN_POINT ( 'NONE',  ( 4.625000000000000900, 2.600000000000000100, 4.699999999999997500 ) ) ;
#3147 = ORIENTED_EDGE ( 'NONE', *, *, #6094, .T. ) ;
#3148 = LINE ( 'NONE', #10501, #515 ) ;
#3149 = PLANE ( 'NONE',  #4089 ) ;
#3150 = FILL_AREA_STYLE ('',( #4308 ) ) ;
#3151 = FACE_OUTER_BOUND ( 'NONE', #12854, .T. ) ;
#3152 = DIRECTION ( 'NONE',  ( 0.0000000000000000000, -0.7071067811865512400, -0.7071067811865439100 ) ) ;
#3153 =( GEOMETRIC_REPRESENTATION_CONTEXT ( 3 ) GLOBAL_UNCERTAINTY_ASSIGNED_CONTEXT ( ( #7627 ) ) GLOBAL_UNIT_ASSIGNED_CONTEXT ( ( #297, #7184, #1469 ) ) REPRESENTATION_CONTEXT ( 'NONE', 'WORKASPACE' ) );
#3154 = VECTOR ( 'NONE', #3301, 1000.000000000000000 ) ;
#3155 = VERTEX_POINT ( 'NONE', #8812 ) ;
#3156 = ORIENTED_EDGE ( 'NONE', *, *, #5845, .T. ) ;
#3157 = PLANE ( 'NONE',  #1146 ) ;
#3158 = CARTESIAN_POINT ( 'NONE',  ( -2.349999999999999600, 2.123118842698621800, 3.249999999999996000 ) ) ;
#3159 = EDGE_CURVE ( 'NONE', #4448, #7120, #5658, .T. ) ;
#3160 = FACE_OUTER_BOUND ( 'NONE', #11653, .T. ) ;
#3161 = DIRECTION ( 'NONE',  ( -0.0000000000000000000, -0.0000000000000000000, -1.000000000000000000 ) ) ;
#3162 = CARTESIAN_POINT ( 'NONE',  ( -4.125000000000000000, 1.700000000000000000, 0.2999999999999998200 ) ) ;
#3163 = EDGE_CURVE ( 'NONE', #9126, #11141, #5936, .T. ) ;
#3164 = DIRECTION ( 'NONE',  ( 0.0000000000000000000, 0.7071067811865441300, -0.7071067811865510100 ) ) ;
#3165 = ORIENTED_EDGE ( 'NONE', *, *, #10056, .T. ) ;
#3166 = CARTESIAN_POINT ( 'NONE',  ( 0.5650000000000012800, 0.3499999999999997000, 3.999999999999993300 ) ) ;
#3167 = ADVANCED_FACE ( 'NONE', ( #411 ), #983, .T. ) ;
#3168 = EDGE_CURVE ( 'NONE', #12529, #10848, #1802, .T. ) ;
#3169 = VECTOR ( 'NONE', #4982, 1000.000000000000000 ) ;
#3170 = PRESENTATION_STYLE_ASSIGNMENT (( #9278 ) ) ;
#3171 = VERTEX_POINT ( 'NONE', #1029 ) ;
#3172 = LINE ( 'NONE', #8767, #5476 ) ;
#3173 = UNCERTAINTY_MEASURE_WITH_UNIT (LENGTH_MEASURE( 1.000000000000000100E-005 ), #10531, 'distance_accuracy_value', 'NONE');
#3174 = CARTESIAN_POINT ( 'NONE',  ( 1.949999999999999700, -0.6999999999999992900, 2.099999999999996100 ) ) ;
#3175 = EDGE_CURVE ( 'NONE', #12425, #7806, #9338, .T. ) ;
#3176 = CARTESIAN_POINT ( 'NONE',  ( 4.125000000000000000, -1.100000000000000500, 0.04999999999999731000 ) ) ;
#3177 = EDGE_CURVE ( 'NONE', #6248, #7816, #12019, .T. ) ;
#3178 = CARTESIAN_POINT ( 'NONE',  ( 0.0000000000000000000, 0.0000000000000000000, 0.0000000000000000000 ) ) ;
#3179 = DIRECTION ( 'NONE',  ( 1.000000000000000000, 0.0000000000000000000, 0.0000000000000000000 ) ) ;
#3180 = AXIS2_PLACEMENT_3D ( 'NONE', #10504, #4605, #11519 ) ;
#3181 = DIRECTION ( 'NONE',  ( -1.000000000000000000, -0.0000000000000000000, 3.047487187526822800E-016 ) ) ;
#3182 = SURFACE_SIDE_STYLE ('',( #8305 ) ) ;
#3183 = VECTOR ( 'NONE', #2967, 1000.000000000000000 ) ;
#3184 = ADVANCED_FACE ( 'NONE', ( #4432 ), #6927, .T. ) ;
#3185 = PRESENTATION_LAYER_ASSIGNMENT (  '', '', ( #1856 ) ) ;
#3186 = VERTEX_POINT ( 'NONE', #11942 ) ;
#3187 = CARTESIAN_POINT ( 'NONE',  ( 2.035000000000001000, 2.500000000000000000, -1.084202172485504400E-016 ) ) ;
#3188 = DIRECTION ( 'NONE',  ( 0.0000000000000000000, -0.7071067811865496800, -0.7071067811865453500 ) ) ;
#3189 = EDGE_CURVE ( 'NONE', #11053, #1104, #1486, .T. ) ;
#3190 = DIRECTION ( 'NONE',  ( 0.0000000000000000000, 0.0000000000000000000, -1.000000000000000000 ) ) ;
#3191 = CARTESIAN_POINT ( 'NONE',  ( -3.284999999999998800, -0.6250000000000003300, 0.6499999999999964700 ) ) ;
#3192 = CARTESIAN_POINT ( 'NONE',  ( -0.2000000000000000900, -1.100000000000000300, 0.6499999999999980200 ) ) ;
#3193 = LINE ( 'NONE', #8259, #562 ) ;
#3194 = LINE ( 'NONE', #9069, #10105 ) ;
#3195 = AXIS2_PLACEMENT_3D ( 'NONE', #3894, #3943, #3954 ) ;
#3196 = FACE_OUTER_BOUND ( 'NONE', #6941, .T. ) ;
#3197 = COLOUR_RGB ( '',0.8000000000000000400, 0.8078431372549019800, 0.8000000000000000400 ) ;
#3198 = ORIENTED_EDGE ( 'NONE', *, *, #9102, .T. ) ;
#3199 = STYLED_ITEM ( 'NONE', ( #7471 ), #8577 ) ;
#3200 = DIRECTION ( 'NONE',  ( 0.0000000000000000000, 1.000000000000000000, 0.0000000000000000000 ) ) ;
#3201 =( NAMED_UNIT ( * ) SI_UNIT ( $, .STERADIAN. ) SOLID_ANGLE_UNIT ( ) );
#3202 = VECTOR ( 'NONE', #9108, 1000.000000000000000 ) ;
#3203 =( LENGTH_UNIT ( ) NAMED_UNIT ( * ) SI_UNIT ( .MILLI., .METRE. ) );
#3204 = STYLED_ITEM ( 'NONE', ( #8493 ), #6939 ) ;
#3205 = VECTOR ( 'NONE', #10072, 1000.000000000000200 ) ;
#3206 = SURFACE_STYLE_FILL_AREA ( #9630 ) ;
#3207 = VERTEX_POINT ( 'NONE', #5035 ) ;
#3208 = LINE ( 'NONE', #2681, #10753 ) ;
#3209 = DIRECTION ( 'NONE',  ( 0.0000000000000000000, -1.000000000000000000, 0.0000000000000000000 ) ) ;
#3210 = CARTESIAN_POINT ( 'NONE',  ( -6.125000000000000000, -1.100000000000000100, 0.7999999999999979300 ) ) ;
#3211 = PRESENTATION_STYLE_ASSIGNMENT (( #3402 ) ) ;
#3212 = DIRECTION ( 'NONE',  ( 0.0000000000000000000, 0.0000000000000000000, 1.000000000000000000 ) ) ;
#3213 = ORIENTED_EDGE ( 'NONE', *, *, #12536, .T. ) ;
#3214 = ORIENTED_EDGE ( 'NONE', *, *, #1066, .T. ) ;
#3215 = CARTESIAN_POINT ( 'NONE',  ( 2.965000000000001600, 0.3499999999999997000, 3.499999999999982200 ) ) ;
#3216 = STYLED_ITEM ( 'NONE', ( #5567 ), #9916 ) ;
#3217 = PRESENTATION_STYLE_ASSIGNMENT (( #6027 ) ) ;
#3218 = DIRECTION ( 'NONE',  ( 0.0000000000000000000, -1.000000000000000000, 0.0000000000000000000 ) ) ;
#3219 = ORIENTED_EDGE ( 'NONE', *, *, #12131, .T. ) ;
#3220 = PRESENTATION_STYLE_ASSIGNMENT (( #11988 ) ) ;
#3221 = CARTESIAN_POINT ( 'NONE',  ( -4.624999999999999100, -1.000000000000000400, 4.699999999999995700 ) ) ;
#3222 = LINE ( 'NONE', #1135, #8732 ) ;
#3223 = ORIENTED_EDGE ( 'NONE', *, *, #5252, .T. ) ;
#3224 = DIRECTION ( 'NONE',  ( 3.051828337366604500E-016, -0.0000000000000000000, 1.000000000000000000 ) ) ;
#3225 = FACE_OUTER_BOUND ( 'NONE', #4768, .T. ) ;
#3226 = AXIS2_PLACEMENT_3D ( 'NONE', #4919, #11857, #5895 ) ;
#3227 = CARTESIAN_POINT ( 'NONE',  ( 2.035000000000001000, -0.3750000000000005600, 3.999999999999993300 ) ) ;
#3228 = DIRECTION ( 'NONE',  ( 1.000000000000000000, 2.344220913482171800E-017, 0.0000000000000000000 ) ) ;
#3229 = CARTESIAN_POINT ( 'NONE',  ( -0.4649999999999988600, 0.4249999999999998200, 0.6499999999999964700 ) ) ;
#3230 = CARTESIAN_POINT ( 'NONE',  ( 1.715000000000001200, 2.200000000000004200, 0.2999999999999988800 ) ) ;
#3231 = VERTEX_POINT ( 'NONE', #9931 ) ;
#3232 = SURFACE_STYLE_FILL_AREA ( #786 ) ;
#3233 = CARTESIAN_POINT ( 'NONE',  ( 5.319000000000004400, 1.420000000000003000, 0.2999999999999969400 ) ) ;
#3234 = ADVANCED_FACE ( 'NONE', ( #11697 ), #11980, .T. ) ;
#3235 = ORIENTED_EDGE ( 'NONE', *, *, #9119, .F. ) ;
#3236 = ORIENTED_EDGE ( 'NONE', *, *, #527, .F. ) ;
#3237 = EDGE_CURVE ( 'NONE', #5806, #1366, #6420, .T. ) ;
#3238 =( LENGTH_UNIT ( ) NAMED_UNIT ( * ) SI_UNIT ( .MILLI., .METRE. ) );
#3239 = CARTESIAN_POINT ( 'NONE',  ( -4.624999999999999100, 2.600000000000000100, 1.749999999999996400 ) ) ;
#3240 =( NAMED_UNIT ( * ) SI_UNIT ( $, .STERADIAN. ) SOLID_ANGLE_UNIT ( ) );
#3241 = SURFACE_SIDE_STYLE ('',( #6988 ) ) ;
#3242 = LINE ( 'NONE', #4451, #905 ) ;
#3243 = EDGE_CURVE ( 'NONE', #11740, #6727, #8088, .T. ) ;
#3244 = COLOUR_RGB ( '',0.8000000000000000400, 0.8078431372549019800, 0.8000000000000000400 ) ;
#3245 = FILL_AREA_STYLE ('',( #4455 ) ) ;
#3246 = SURFACE_STYLE_USAGE ( .BOTH. , #9131 ) ;
#3247 = ORIENTED_EDGE ( 'NONE', *, *, #12297, .T. ) ;
#3248 = VECTOR ( 'NONE', #12223, 999.9999999999998900 ) ;
#3249 = UNCERTAINTY_MEASURE_WITH_UNIT (LENGTH_MEASURE( 1.000000000000000100E-005 ), #8641, 'distance_accuracy_value', 'NONE');
#3250 = CARTESIAN_POINT ( 'NONE',  ( 5.111666666666669000, -0.6133333333333326200, 1.263333333333331900 ) ) ;
#3251 =( NAMED_UNIT ( * ) SI_UNIT ( $, .STERADIAN. ) SOLID_ANGLE_UNIT ( ) );
#3252 = ORIENTED_EDGE ( 'NONE', *, *, #3011, .T. ) ;
#3253 = ORIENTED_EDGE ( 'NONE', *, *, #12043, .F. ) ;
#3254 = EDGE_CURVE ( 'NONE', #11787, #699, #5498, .T. ) ;
#3255 = ADVANCED_FACE ( 'NONE', ( #2561 ), #3157, .T. ) ;
#3256 = DIRECTION ( 'NONE',  ( 0.0000000000000000000, -1.204669080539448900E-016, -1.000000000000000000 ) ) ;
#3257 = LINE ( 'NONE', #5734, #10487 ) ;
#3258 = DIRECTION ( 'NONE',  ( 0.0000000000000000000, 0.0000000000000000000, 1.000000000000000000 ) ) ;
#3259 = EDGE_CURVE ( 'NONE', #4733, #6462, #1650, .T. ) ;
#3260 = LINE ( 'NONE', #287, #8158 ) ;
#3261 = EDGE_CURVE ( 'NONE', #51, #10150, #4269, .T. ) ;
#3262 = CARTESIAN_POINT ( 'NONE',  ( -2.964999999999999000, 0.3499999999999997000, 3.999999999999993300 ) ) ;
#3263 = ORIENTED_EDGE ( 'NONE', *, *, #7195, .T. ) ;
#3264 = DIRECTION ( 'NONE',  ( 0.0000000000000000000, -0.7071067811865439100, 0.7071067811865512400 ) ) ;
#3265 = ORIENTED_EDGE ( 'NONE', *, *, #11704, .T. ) ;
#3266 = LINE ( 'NONE', #1456, #8162 ) ;
#3267 = AXIS2_PLACEMENT_3D ( 'NONE', #743, #4750, #11678 ) ;
#3268 = CARTESIAN_POINT ( 'NONE',  ( 1.450000000000000000, -1.100000000000000100, 0.2999999999999976000 ) ) ;
#3269 = EDGE_CURVE ( 'NONE', #11352, #4445, #9489, .T. ) ;
#3270 = ORIENTED_EDGE ( 'NONE', *, *, #8944, .T. ) ;
#3271 = CARTESIAN_POINT ( 'NONE',  ( -2.034999999999998800, -0.6250000000000003300, 0.2999999999999964900 ) ) ;
#3272 = EDGE_CURVE ( 'NONE', #9385, #5765, #6572, .T. ) ;
#3273 = EDGE_LOOP ( 'NONE', ( #7376, #3147, #9654, #4148 ) ) ;
#3274 = DIRECTION ( 'NONE',  ( -1.000000000000000000, 0.0000000000000000000, 0.0000000000000000000 ) ) ;
#3275 = ORIENTED_EDGE ( 'NONE', *, *, #1490, .T. ) ;
#3276 =( NAMED_UNIT ( * ) PLANE_ANGLE_UNIT ( ) SI_UNIT ( $, .RADIAN. ) );
#3277 = PRESENTATION_LAYER_ASSIGNMENT (  '', '', ( #1935 ) ) ;
#3278 = CARTESIAN_POINT ( 'NONE',  ( 0.7850000000000010300, -0.3750000000000005000, 3.499999999999986700 ) ) ;
#3279 = DIRECTION ( 'NONE',  ( 2.344220913482171700E-016, -1.000000000000000000, 0.0000000000000000000 ) ) ;
#3280 = SURFACE_SIDE_STYLE ('',( #8460 ) ) ;
#3281 = CARTESIAN_POINT ( 'NONE',  ( 4.125000000000000000, -1.100000000000000500, 0.04999999999999731000 ) ) ;
#3282 = UNCERTAINTY_MEASURE_WITH_UNIT (LENGTH_MEASURE( 1.000000000000000100E-005 ), #7952, 'distance_accuracy_value', 'NONE');
#3283 =( LENGTH_UNIT ( ) NAMED_UNIT ( * ) SI_UNIT ( .MILLI., .METRE. ) );
#3284 = DIRECTION ( 'NONE',  ( -1.000000000000000000, 0.0000000000000000000, 3.771137991253931500E-016 ) ) ;
#3285 = ORIENTED_EDGE ( 'NONE', *, *, #9177, .F. ) ;
#3286 = VECTOR ( 'NONE', #11833, 1000.000000000000000 ) ;
#3287 = ORIENTED_EDGE ( 'NONE', *, *, #9417, .F. ) ;
#3288 = ORIENTED_EDGE ( 'NONE', *, *, #11439, .T. ) ;
#3289 = DIRECTION ( 'NONE',  ( 1.000000000000000000, 0.0000000000000000000, 3.971436529250929000E-016 ) ) ;
#3290 = VERTEX_POINT ( 'NONE', #7137 ) ;
#3291 = CARTESIAN_POINT ( 'NONE',  ( -2.034999999999998800, -0.6250000000000003300, 0.6499999999999964700 ) ) ;
#3292 =( GEOMETRIC_REPRESENTATION_CONTEXT ( 3 ) GLOBAL_UNCERTAINTY_ASSIGNED_CONTEXT ( ( #4973 ) ) GLOBAL_UNIT_ASSIGNED_CONTEXT ( ( #7488, #1620, #8472 ) ) REPRESENTATION_CONTEXT ( 'NONE', 'WORKASPACE' ) );
#3293 = ORIENTED_EDGE ( 'NONE', *, *, #268, .F. ) ;
#3294 = VECTOR ( 'NONE', #6543, 1000.000000000000000 ) ;
#3295 = DIRECTION ( 'NONE',  ( 1.000000000000000000, 0.0000000000000000000, 3.971436529250928500E-016 ) ) ;
#3296 = VERTEX_POINT ( 'NONE', #9130 ) ;
#3297 = VERTEX_POINT ( 'NONE', #1243 ) ;
#3298 = ADVANCED_FACE ( 'NONE', ( #6243 ), #10112, .T. ) ;
#3299 = CARTESIAN_POINT ( 'NONE',  ( -0.7849999999999988100, 0.4249999999999998200, 3.499999999999981300 ) ) ;
#3300 = CARTESIAN_POINT ( 'NONE',  ( -1.949999999999999700, -1.100000000000000100, 3.249999999999996000 ) ) ;
#3301 = DIRECTION ( 'NONE',  ( 0.0000000000000000000, -0.7071067811865439100, 0.7071067811865512400 ) ) ;
#3302 = LINE ( 'NONE', #7486, #2984 ) ;
#3303 = SURFACE_STYLE_USAGE ( .BOTH. , #9190 ) ;
#3304 = STYLED_ITEM ( 'NONE', ( #8583 ), #2181 ) ;
#3305 = ORIENTED_EDGE ( 'NONE', *, *, #4819, .F. ) ;
#3306 = CARTESIAN_POINT ( 'NONE',  ( 5.099000000000001100, -1.100000000000000100, 1.225999999999999800 ) ) ;
#3307 = FACE_OUTER_BOUND ( 'NONE', #8851, .T. ) ;
#3308 = VECTOR ( 'NONE', #10588, 1000.000000000000000 ) ;
#3309 =( NAMED_UNIT ( * ) SI_UNIT ( $, .STERADIAN. ) SOLID_ANGLE_UNIT ( ) );
#3310 = LINE ( 'NONE', #8960, #8209 ) ;
#3311 = ADVANCED_FACE ( 'NONE', ( #7932 ), #5430, .T. ) ;
#3312 = CARTESIAN_POINT ( 'NONE',  ( -0.4649999999999988600, 0.4249999999999998200, 0.6499999999999964700 ) ) ;
#3313 = DIRECTION ( 'NONE',  ( 0.0000000000000000000, 0.9701425001453327600, -0.2425356250363297200 ) ) ;
#3314 = CARTESIAN_POINT ( 'NONE',  ( -4.125000000000000000, -1.100000000000000300, 0.04999999999999980800 ) ) ;
#3315 = ORIENTED_EDGE ( 'NONE', *, *, #5213, .T. ) ;
#3316 = DIRECTION ( 'NONE',  ( 1.000000000000000000, 2.344220913482171700E-016, 0.0000000000000000000 ) ) ;
#3317 = DIRECTION ( 'NONE',  ( 0.0000000000000000000, 1.000000000000000000, 1.167602339599771500E-015 ) ) ;
#3318 = COLOUR_RGB ( '',0.8000000000000000400, 0.8078431372549019800, 0.8000000000000000400 ) ;
#3319 = UNCERTAINTY_MEASURE_WITH_UNIT (LENGTH_MEASURE( 1.000000000000000100E-005 ), #4177, 'distance_accuracy_value', 'NONE');
#3320 = VECTOR ( 'NONE', #592, 1000.000000000000000 ) ;
#3321 = DIRECTION ( 'NONE',  ( 0.0000000000000000000, -1.000000000000000000, 0.0000000000000000000 ) ) ;
#3322 = LINE ( 'NONE', #9926, #689 ) ;
#3323 = PRESENTATION_LAYER_ASSIGNMENT (  '', '', ( #1984 ) ) ;
#3324 = CARTESIAN_POINT ( 'NONE',  ( 2.965000000000001600, 3.100000000000000100, 0.3499999999999989800 ) ) ;
#3325 = EDGE_CURVE ( 'NONE', #10421, #555, #7008, .T. ) ;
#3326 = CARTESIAN_POINT ( 'NONE',  ( -2.964999999999999000, 3.100000000000000100, 0.09999999999999947800 ) ) ;
#3327 = AXIS2_PLACEMENT_3D ( 'NONE', #3158, #11044, #5121 ) ;
#3328 = DIRECTION ( 'NONE',  ( -1.000000000000000000, 0.0000000000000000000, 0.0000000000000000000 ) ) ;
#3329 = PLANE ( 'NONE',  #6479 ) ;
#3330 = EDGE_CURVE ( 'NONE', #2765, #11636, #4419, .T. ) ;
#3331 = CARTESIAN_POINT ( 'NONE',  ( -1.714999999999999000, 2.350000000000003600, 0.6499999999999985800 ) ) ;
#3332 = DIRECTION ( 'NONE',  ( -1.000000000000000000, -0.0000000000000000000, -0.0000000000000000000 ) ) ;
#3333 = EDGE_CURVE ( 'NONE', #2650, #3506, #9633, .T. ) ;
#3334 = LINE ( 'NONE', #10188, #10581 ) ;
#3335 = CARTESIAN_POINT ( 'NONE',  ( 2.035000000000001000, 0.4249999999999998200, 3.999999999999993300 ) ) ;
#3336 = CARTESIAN_POINT ( 'NONE',  ( 6.125000000000000000, -1.100000000000000100, -4.960040550996611700E-017 ) ) ;
#3337 = ORIENTED_EDGE ( 'NONE', *, *, #2506, .T. ) ;
#3338 = FACE_OUTER_BOUND ( 'NONE', #7398, .T. ) ;
#3339 = EDGE_CURVE ( 'NONE', #3171, #2278, #1790, .T. ) ;
#3340 = SURFACE_STYLE_USAGE ( .BOTH. , #9234 ) ;
#3341 = EDGE_LOOP ( 'NONE', ( #12110, #3538, #739, #11979 ) ) ;
#3342 = CARTESIAN_POINT ( 'NONE',  ( 1.715000000000001200, 3.100000000000000100, 0.3499999999999989800 ) ) ;
#3343 = AXIS2_PLACEMENT_3D ( 'NONE', #12179, #6209, #317 ) ;
#3344 = UNCERTAINTY_MEASURE_WITH_UNIT (LENGTH_MEASURE( 1.000000000000000100E-005 ), #5314, 'distance_accuracy_value', 'NONE');
#3345 = CARTESIAN_POINT ( 'NONE',  ( 3.675000000000000700, 2.299999999999998900, 1.749999999999996400 ) ) ;
#3346 = PRESENTATION_LAYER_ASSIGNMENT (  '', '', ( #2019 ) ) ;
#3347 = CARTESIAN_POINT ( 'NONE',  ( -0.4649999999999988600, 0.2499999999999996700, 0.1799999999999966600 ) ) ;
#3348 = VECTOR ( 'NONE', #7771, 1000.000000000000000 ) ;
#3349 = PLANE ( 'NONE',  #6894 ) ;
#3350 = SURFACE_STYLE_FILL_AREA ( #11911 ) ;
#3351 = DIRECTION ( 'NONE',  ( 2.990902544787598600E-016, -0.0000000000000000000, 1.000000000000000000 ) ) ;
#3352 = ORIENTED_EDGE ( 'NONE', *, *, #6868, .F. ) ;
#3353 = DIRECTION ( 'NONE',  ( -1.000000000000000000, -0.0000000000000000000, -0.0000000000000000000 ) ) ;
#3354 = FILL_AREA_STYLE_COLOUR ( '', #10127 ) ;
#3355 = ADVANCED_FACE ( 'NONE', ( #4120 ), #11449, .F. ) ;
#3356 = ORIENTED_EDGE ( 'NONE', *, *, #4728, .F. ) ;
#3357 = ORIENTED_EDGE ( 'NONE', *, *, #7197, .F. ) ;
#3358 = PLANE ( 'NONE',  #12418 ) ;
#3359 = CARTESIAN_POINT ( 'NONE',  ( -0.7849999999999988100, 3.100000000000000100, 0.09999999999999947800 ) ) ;
#3360 = CARTESIAN_POINT ( 'NONE',  ( -1.714999999999998100, 0.4249999999999998200, 0.04999999999999709500 ) ) ;
#3361 = PRESENTATION_LAYER_ASSIGNMENT (  '', '', ( #2025 ) ) ;
#3362 = VECTOR ( 'NONE', #2136, 1000.000000000000000 ) ;
#3363 = VECTOR ( 'NONE', #8459, 1000.000000000000000 ) ;
#3364 = MECHANICAL_DESIGN_GEOMETRIC_PRESENTATION_REPRESENTATION (  '', ( #1373 ), #4036 ) ;
#3365 = EDGE_LOOP ( 'NONE', ( #9515, #9841, #5735, #128 ) ) ;
#3366 = VECTOR ( 'NONE', #9985, 1000.000000000000000 ) ;
#3367 = ORIENTED_EDGE ( 'NONE', *, *, #4795, .F. ) ;
#3368 = ORIENTED_EDGE ( 'NONE', *, *, #7103, .T. ) ;
#3369 = CARTESIAN_POINT ( 'NONE',  ( 0.7850000000000010300, -0.6250000000000003300, 0.6499999999999964700 ) ) ;
#3370 = CARTESIAN_POINT ( 'NONE',  ( -5.645000000000000500, 1.100000000000000100, 1.276000000000000000 ) ) ;
#3371 = ORIENTED_EDGE ( 'NONE', *, *, #7453, .T. ) ;
#3372 = ADVANCED_FACE ( 'NONE', ( #6408 ), #3552, .F. ) ;
#3373 = VECTOR ( 'NONE', #9939, 1000.000000000000000 ) ;
#3374 = CARTESIAN_POINT ( 'NONE',  ( -0.5649999999999986100, -0.2500000000000006700, 3.999999999999993300 ) ) ;
#3375 = FILL_AREA_STYLE_COLOUR ( '', #8738 ) ;
#3376 = FACE_OUTER_BOUND ( 'NONE', #4877, .T. ) ;
#3377 = PLANE ( 'NONE',  #10222 ) ;
#3378 = LINE ( 'NONE', #8992, #3070 ) ;
#3379 = PRESENTATION_LAYER_ASSIGNMENT (  '', '', ( #2036 ) ) ;
#3380 = FACE_OUTER_BOUND ( 'NONE', #9310, .T. ) ;
#3381 = ORIENTED_EDGE ( 'NONE', *, *, #5879, .F. ) ;
#3382 = VERTEX_POINT ( 'NONE', #6503 ) ;
#3383 = ORIENTED_EDGE ( 'NONE', *, *, #7573, .F. ) ;
#3384 = DIRECTION ( 'NONE',  ( 1.000000000000000000, 0.0000000000000000000, 0.0000000000000000000 ) ) ;
#3385 = AXIS2_PLACEMENT_3D ( 'NONE', #11919, #63, #6945 ) ;
#3386 = CARTESIAN_POINT ( 'NONE',  ( -4.845000000000000600, 1.100000000000000100, 0.3039999999999999400 ) ) ;
#3387 = CARTESIAN_POINT ( 'NONE',  ( -1.714999999999999000, 0.4249999999999998200, 3.499999999999981300 ) ) ;
#3388 = FACE_OUTER_BOUND ( 'NONE', #12403, .T. ) ;
#3389 = DIRECTION ( 'NONE',  ( 1.000000000000000000, -6.195440985631545100E-016, 0.0000000000000000000 ) ) ;
#3390 = DIRECTION ( 'NONE',  ( 0.0000000000000000000, -1.000000000000000000, 1.355252715606881500E-016 ) ) ;
#3391 = VERTEX_POINT ( 'NONE', #1648 ) ;
#3392 = ORIENTED_EDGE ( 'NONE', *, *, #8420, .T. ) ;
#3393 = VECTOR ( 'NONE', #8390, 1000.000000000000200 ) ;
#3394 = ORIENTED_EDGE ( 'NONE', *, *, #2983, .T. ) ;
#3395 = ORIENTED_EDGE ( 'NONE', *, *, #88, .T. ) ;
#3396 = AXIS2_PLACEMENT_3D ( 'NONE', #11407, #4541, #11451 ) ;
#3397 = AXIS2_PLACEMENT_3D ( 'NONE', #5965, #82, #6968 ) ;
#3398 =( LENGTH_UNIT ( ) NAMED_UNIT ( * ) SI_UNIT ( .MILLI., .METRE. ) );
#3399 = PLANE ( 'NONE',  #11553 ) ;
#3400 = DIRECTION ( 'NONE',  ( 0.0000000000000000000, -0.7071067811865512400, -0.7071067811865439100 ) ) ;
#3401 = CARTESIAN_POINT ( 'NONE',  ( -2.964999999999999000, 2.200000000000004200, 0.2999999999999988800 ) ) ;
#3402 = SURFACE_STYLE_USAGE ( .BOTH. , #9286 ) ;
#3403 = EDGE_CURVE ( 'NONE', #1130, #12004, #5486, .T. ) ;
#3404 =( NAMED_UNIT ( * ) PLANE_ANGLE_UNIT ( ) SI_UNIT ( $, .RADIAN. ) );
#3405 = VECTOR ( 'NONE', #4135, 1000.000000000000000 ) ;
#3406 =( NAMED_UNIT ( * ) SI_UNIT ( $, .STERADIAN. ) SOLID_ANGLE_UNIT ( ) );
#3407 = DIRECTION ( 'NONE',  ( 0.0000000000000000000, 0.0000000000000000000, -1.000000000000000000 ) ) ;
#3408 = UNCERTAINTY_MEASURE_WITH_UNIT (LENGTH_MEASURE( 1.000000000000000100E-005 ), #5917, 'distance_accuracy_value', 'NONE');
#3409 = ORIENTED_EDGE ( 'NONE', *, *, #4316, .T. ) ;
#3410 = VECTOR ( 'NONE', #6622, 1000.000000000000000 ) ;
#3411 = EDGE_CURVE ( 'NONE', #11902, #7096, #551, .T. ) ;
#3412 = FILL_AREA_STYLE ('',( #11267 ) ) ;
#3413 = EDGE_CURVE ( 'NONE', #11700, #1982, #2861, .T. ) ;
#3414 = DIRECTION ( 'NONE',  ( 3.771137991253931500E-016, 0.0000000000000000000, 1.000000000000000000 ) ) ;
#3416 = FACE_BOUND ( 'NONE', #6409, .T. ) ;
#3415 = DIRECTION ( 'NONE',  ( -1.000000000000000000, -0.0000000000000000000, -0.0000000000000000000 ) ) ;
#3417 = VERTEX_POINT ( 'NONE', #10517 ) ;
#3418 = ORIENTED_EDGE ( 'NONE', *, *, #9423, .T. ) ;
#3419 = CARTESIAN_POINT ( 'NONE',  ( 4.625000000000000900, 1.700000000000000000, 0.04999999999999715100 ) ) ;
#3420 = CARTESIAN_POINT ( 'NONE',  ( -5.099000000000000200, -0.8799999999999986700, 0.5199999999999998000 ) ) ;
#3421 = EDGE_CURVE ( 'NONE', #1852, #11998, #8077, .T. ) ;
#3422 = ADVANCED_FACE ( 'NONE', ( #2544 ), #690, .T. ) ;
#3423 =( NAMED_UNIT ( * ) SI_UNIT ( $, .STERADIAN. ) SOLID_ANGLE_UNIT ( ) );
#3424 = CARTESIAN_POINT ( 'NONE',  ( 4.845000000000000600, -0.8799999999999986700, 1.529999999999999800 ) ) ;
#3425 = VECTOR ( 'NONE', #8019, 1000.000000000000000 ) ;
#3426 = SURFACE_STYLE_USAGE ( .BOTH. , #9307 ) ;
#3427 = ORIENTED_EDGE ( 'NONE', *, *, #3660, .T. ) ;
#3428 = AXIS2_PLACEMENT_3D ( 'NONE', #4996, #11946, #5969 ) ;
#3429 = ORIENTED_EDGE ( 'NONE', *, *, #2380, .T. ) ;
#3430 = LINE ( 'NONE', #10685, #6010 ) ;
#3431 = EDGE_CURVE ( 'NONE', #6149, #4092, #10416, .T. ) ;
#3432 = PLANE ( 'NONE',  #12845 ) ;
#3433 = CARTESIAN_POINT ( 'NONE',  ( -1.714999999999999000, -0.3750000000000001100, 0.6499999999999975800 ) ) ;
#3434 = ORIENTED_EDGE ( 'NONE', *, *, #4394, .F. ) ;
#3435 = ADVANCED_FACE ( 'NONE', ( #5176 ), #5646, .T. ) ;
#3436 = PRESENTATION_LAYER_ASSIGNMENT (  '', '', ( #2772 ) ) ;
#3437 =( LENGTH_UNIT ( ) NAMED_UNIT ( * ) SI_UNIT ( .MILLI., .METRE. ) );
#3438 = DIRECTION ( 'NONE',  ( -1.000000000000000000, -0.0000000000000000000, 3.047487187526822800E-016 ) ) ;
#3439 = ORIENTED_EDGE ( 'NONE', *, *, #6540, .F. ) ;
#3440 = CARTESIAN_POINT ( 'NONE',  ( -2.034999999999998800, 3.100000000000000100, 0.09999999999999947800 ) ) ;
#3441 = ORIENTED_EDGE ( 'NONE', *, *, #4323, .F. ) ;
#3442 = AXIS2_PLACEMENT_3D ( 'NONE', #3661, #10556, #4650 ) ;
#3443 = EDGE_LOOP ( 'NONE', ( #9778, #9466, #10006, #2457 ) ) ;
#3444 = CARTESIAN_POINT ( 'NONE',  ( -0.2000000000000000900, 2.600000000000000100, 0.6499999999999980200 ) ) ;
#3445 = DIRECTION ( 'NONE',  ( 0.0000000000000000000, -1.000000000000000000, -1.141265444721583800E-016 ) ) ;
#3446 = ORIENTED_EDGE ( 'NONE', *, *, #5656, .T. ) ;
#3447 = CARTESIAN_POINT ( 'NONE',  ( 2.965000000000001600, 2.500000000000000000, -1.084202172485504400E-016 ) ) ;
#3448 =( LENGTH_UNIT ( ) NAMED_UNIT ( * ) SI_UNIT ( .MILLI., .METRE. ) );
#3449 = STYLED_ITEM ( 'NONE', ( #11971 ), #12647 ) ;
#3450 = VECTOR ( 'NONE', #4699, 1000.000000000000000 ) ;
#3451 = VERTEX_POINT ( 'NONE', #6594 ) ;
#3452 = CARTESIAN_POINT ( 'NONE',  ( 5.149000000000000900, 1.100000000000000100, -2.710505431213761100E-017 ) ) ;
#3453 = CARTESIAN_POINT ( 'NONE',  ( -4.624999999999999100, 1.399999999999999700, 1.699999999999989700 ) ) ;
#3454 = COLOUR_RGB ( '',0.8000000000000000400, 0.8078431372549019800, 0.8000000000000000400 ) ;
#3455 = VECTOR ( 'NONE', #7583, 1000.000000000000000 ) ;
#3456 = DIRECTION ( 'NONE',  ( 0.0000000000000000000, 0.7071067811865431300, -0.7071067811865519000 ) ) ;
#3457 = DIRECTION ( 'NONE',  ( 0.0000000000000000000, 0.0000000000000000000, 1.000000000000000000 ) ) ;
#3458 = VECTOR ( 'NONE', #5544, 1000.000000000000000 ) ;
#3459 = DIRECTION ( 'NONE',  ( -0.0000000000000000000, 1.000000000000000000, 0.0000000000000000000 ) ) ;
#3460 = MECHANICAL_DESIGN_GEOMETRIC_PRESENTATION_REPRESENTATION (  '', ( #1470 ), #4126 ) ;
#3461 = SURFACE_STYLE_USAGE ( .BOTH. , #9342 ) ;
#3462 = LINE ( 'NONE', #2327, #3154 ) ;
#3463 = VERTEX_POINT ( 'NONE', #7597 ) ;
#3464 = DIRECTION ( 'NONE',  ( 0.0000000000000000000, -2.258754526011467700E-016, 1.000000000000000000 ) ) ;
#3465 = PRESENTATION_STYLE_ASSIGNMENT (( #7466 ) ) ;
#3466 = VERTEX_POINT ( 'NONE', #2711 ) ;
#3467 = ORIENTED_EDGE ( 'NONE', *, *, #9669, .T. ) ;
#3468 = DIRECTION ( 'NONE',  ( 0.0000000000000000000, -1.294569758191648900E-016, 1.000000000000000000 ) ) ;
#3469 = AXIS2_PLACEMENT_3D ( 'NONE', #12237, #6266, #377 ) ;
#3470 = AXIS2_PLACEMENT_3D ( 'NONE', #9686, #8807, #8720 ) ;
#3471 =( NAMED_UNIT ( * ) PLANE_ANGLE_UNIT ( ) SI_UNIT ( $, .RADIAN. ) );
#3472 = ORIENTED_EDGE ( 'NONE', *, *, #11187, .F. ) ;
#3473 = ORIENTED_EDGE ( 'NONE', *, *, #7683, .T. ) ;
#3474 = FACE_OUTER_BOUND ( 'NONE', #9076, .T. ) ;
#3475 = ORIENTED_EDGE ( 'NONE', *, *, #10420, .F. ) ;
#3476 = LINE ( 'NONE', #9201, #842 ) ;
#3477 = VECTOR ( 'NONE', #1736, 1000.000000000000000 ) ;
#3478 = CARTESIAN_POINT ( 'NONE',  ( 3.285000000000002400, 0.4249999999999998200, 0.04999999999999709500 ) ) ;
#3479 = EDGE_CURVE ( 'NONE', #3860, #2135, #12468, .T. ) ;
#3480 = CARTESIAN_POINT ( 'NONE',  ( 3.285000000000001500, 0.2499999999999996700, 0.1799999999999966600 ) ) ;
#3481 = SURFACE_STYLE_USAGE ( .BOTH. , #9361 ) ;
#3482 = ADVANCED_FACE ( 'NONE', ( #7158 ), #10604, .T. ) ;
#3483 = PLANE ( 'NONE',  #9391 ) ;
#3484 = CARTESIAN_POINT ( 'NONE',  ( 3.285000000000001500, 3.000000000000000000, 0.4499999999999998400 ) ) ;
#3485 =( NAMED_UNIT ( * ) SI_UNIT ( $, .STERADIAN. ) SOLID_ANGLE_UNIT ( ) );
#3486 = AXIS2_PLACEMENT_3D ( 'NONE', #12790, #1087, #7971 ) ;
#3487 = VERTEX_POINT ( 'NONE', #8591 ) ;
#3488 = VERTEX_POINT ( 'NONE', #4734 ) ;
#3489 = VERTEX_POINT ( 'NONE', #11664 ) ;
#3490 = LINE ( 'NONE', #10861, #3183 ) ;
#3491 = COLOUR_RGB ( '',0.8000000000000000400, 0.8078431372549019800, 0.8000000000000000400 ) ;
#3492 = ORIENTED_EDGE ( 'NONE', *, *, #9321, .T. ) ;
#3493 = DIRECTION ( 'NONE',  ( -0.0000000000000000000, -0.0000000000000000000, -1.000000000000000000 ) ) ;
#3494 = EDGE_CURVE ( 'NONE', #10390, #2822, #3633, .T. ) ;
#3495 = CARTESIAN_POINT ( 'NONE',  ( -4.324999999999999300, 0.09999999999999982500, 1.749999999999996400 ) ) ;
#3496 = ORIENTED_EDGE ( 'NONE', *, *, #775, .T. ) ;
#3497 = STYLED_ITEM ( 'NONE', ( #2814 ), #6398 ) ;
#3498 = DIRECTION ( 'NONE',  ( 0.0000000000000000000, 1.000000000000000000, 1.167602339599771500E-015 ) ) ;
#3499 = CARTESIAN_POINT ( 'NONE',  ( 3.049999999999999800, -0.6999999999999988500, 1.749999999999996900 ) ) ;
#3500 = CARTESIAN_POINT ( 'NONE',  ( 1.715000000000001200, 0.2499999999999996700, 0.2999999999999966000 ) ) ;
#3501 = VECTOR ( 'NONE', #10210, 1000.000000000000000 ) ;
#3502 = EDGE_CURVE ( 'NONE', #10617, #7570, #6234, .T. ) ;
#3503 = ADVANCED_FACE ( 'NONE', ( #8536 ), #8672, .T. ) ;
#3504 = DIRECTION ( 'NONE',  ( 0.0000000000000000000, -1.000000000000000000, -1.294569758191649100E-016 ) ) ;
#3505 = VECTOR ( 'NONE', #6992, 1000.000000000000000 ) ;
#3506 = VERTEX_POINT ( 'NONE', #11621 ) ;
#3507 = LINE ( 'NONE', #8458, #568 ) ;
#3508 = SURFACE_STYLE_FILL_AREA ( #10968 ) ;
#3509 = PRESENTATION_LAYER_ASSIGNMENT (  '', '', ( #2155 ) ) ;
#3510 = ORIENTED_EDGE ( 'NONE', *, *, #6386, .F. ) ;
#3511 =( NAMED_UNIT ( * ) SI_UNIT ( $, .STERADIAN. ) SOLID_ANGLE_UNIT ( ) );
#3512 = EDGE_CURVE ( 'NONE', #12579, #6497, #76, .T. ) ;
#3513 = CARTESIAN_POINT ( 'NONE',  ( -3.064999999999998600, -0.3750000000000005600, 3.999999999999993300 ) ) ;
#3514 =( NAMED_UNIT ( * ) PLANE_ANGLE_UNIT ( ) SI_UNIT ( $, .RADIAN. ) );
#3515 = LINE ( 'NONE', #10568, #3205 ) ;
#3516 = LINE ( 'NONE', #3664, #8716 ) ;
#3517 = EDGE_CURVE ( 'NONE', #1842, #1367, #7608, .T. ) ;
#3518 = FILL_AREA_STYLE_COLOUR ( '', #9884 ) ;
#3519 = VECTOR ( 'NONE', #2633, 1000.000000000000000 ) ;
#3520 = SURFACE_STYLE_USAGE ( .BOTH. , #9394 ) ;
#3521 = STYLED_ITEM ( 'NONE', ( #5680 ), #7807 ) ;
#3522 = LINE ( 'NONE', #6219, #11075 ) ;
#3523 = ORIENTED_EDGE ( 'NONE', *, *, #8924, .F. ) ;
#3524 = CARTESIAN_POINT ( 'NONE',  ( 3.073282352941177900, 0.3437882352941176200, 4.041411764705874700 ) ) ;
#3525 = VERTEX_POINT ( 'NONE', #6807 ) ;
#3526 = VECTOR ( 'NONE', #6315, 1000.000000000000200 ) ;
#3527 = STYLED_ITEM ( 'NONE', ( #8848 ), #12066 ) ;
#3528 = PLANE ( 'NONE',  #12246 ) ;
#3529 = MECHANICAL_DESIGN_GEOMETRIC_PRESENTATION_REPRESENTATION (  '', ( #5085 ), #4198 ) ;
#3530 = LINE ( 'NONE', #8103, #5810 ) ;
#3531 = CARTESIAN_POINT ( 'NONE',  ( 5.099000000000001100, 1.100000000000000100, 1.225999999999999800 ) ) ;
#3532 = EDGE_LOOP ( 'NONE', ( #4808, #3446, #6739, #11317, #4437, #9880, #8462, #3734, #5001, #4425, #7408, #7431, #10894, #7288, #2612, #3046, #8670, #11915 ) ) ;
#3533 = CIRCLE ( 'NONE', #9358, 0.3040000000000004400 ) ;
#3534 = ORIENTED_EDGE ( 'NONE', *, *, #417, .T. ) ;
#3535 = DIRECTION ( 'NONE',  ( 0.0000000000000000000, 1.000000000000000000, 0.0000000000000000000 ) ) ;
#3536 = CARTESIAN_POINT ( 'NONE',  ( -2.034999999999998800, -0.6250000000000003300, 0.2999999999999964900 ) ) ;
#3537 =( NAMED_UNIT ( * ) PLANE_ANGLE_UNIT ( ) SI_UNIT ( $, .RADIAN. ) );
#3538 = ORIENTED_EDGE ( 'NONE', *, *, #11964, .F. ) ;
#3539 = LINE ( 'NONE', #2283, #11097 ) ;
#3540 = FACE_OUTER_BOUND ( 'NONE', #10089, .T. ) ;
#3541 = SURFACE_STYLE_FILL_AREA ( #5061 ) ;
#3542 = VECTOR ( 'NONE', #4091, 1000.000000000000000 ) ;
#3543 = PRESENTATION_STYLE_ASSIGNMENT (( #863 ) ) ;
#3544 = DIRECTION ( 'NONE',  ( 0.0000000000000000000, -1.000000000000000000, 0.0000000000000000000 ) ) ;
#3545 = ORIENTED_EDGE ( 'NONE', *, *, #11939, .T. ) ;
#3546 = VERTEX_POINT ( 'NONE', #11756 ) ;
#3547 = CARTESIAN_POINT ( 'NONE',  ( -2.964999999999999000, -0.6250000000000003300, 0.6499999999999964700 ) ) ;
#3548 = DIRECTION ( 'NONE',  ( 0.0000000000000000000, -1.000000000000000000, 0.0000000000000000000 ) ) ;
#3549 = CARTESIAN_POINT ( 'NONE',  ( 2.965000000000001600, 2.999999999999999600, -1.761828530288944700E-016 ) ) ;
#3550 = ORIENTED_EDGE ( 'NONE', *, *, #7000, .F. ) ;
#3551 = ORIENTED_EDGE ( 'NONE', *, *, #8743, .F. ) ;
#3552 = PLANE ( 'NONE',  #3967 ) ;
#3553 = LINE ( 'NONE', #1604, #8753 ) ;
#3554 = VECTOR ( 'NONE', #5793, 1000.000000000000000 ) ;
#3555 = UNCERTAINTY_MEASURE_WITH_UNIT (LENGTH_MEASURE( 1.000000000000000100E-005 ), #3238, 'distance_accuracy_value', 'NONE');
#3556 =( NAMED_UNIT ( * ) PLANE_ANGLE_UNIT ( ) SI_UNIT ( $, .RADIAN. ) );
#3557 = ADVANCED_FACE ( 'NONE', ( #2374 ), #12759, .T. ) ;
#3558 = VECTOR ( 'NONE', #4794, 1000.000000000000000 ) ;
#3559 = ORIENTED_EDGE ( 'NONE', *, *, #5407, .F. ) ;
#3560 = ORIENTED_EDGE ( 'NONE', *, *, #11348, .T. ) ;
#3561 = ORIENTED_EDGE ( 'NONE', *, *, #1858, .F. ) ;
#3562 = DIRECTION ( 'NONE',  ( -0.0000000000000000000, 0.0000000000000000000, -1.000000000000000000 ) ) ;
#3563 = FACE_OUTER_BOUND ( 'NONE', #11493, .T. ) ;
#3564 = LINE ( 'NONE', #7892, #5842 ) ;
#3565 = PLANE ( 'NONE',  #9430 ) ;
#3566 = DIRECTION ( 'NONE',  ( 0.0000000000000000000, -1.355252715606881500E-016, -1.000000000000000000 ) ) ;
#3567 = CARTESIAN_POINT ( 'NONE',  ( -5.825000000000000200, 1.399999999999999900, 1.699999999999989700 ) ) ;
#3568 = LINE ( 'NONE', #151, #631 ) ;
#3569 = ADVANCED_FACE ( 'NONE', ( #7316 ), #2881, .F. ) ;
#3570 = ORIENTED_EDGE ( 'NONE', *, *, #3591, .T. ) ;
#3571 = VERTEX_POINT ( 'NONE', #3882 ) ;
#3572 = VERTEX_POINT ( 'NONE', #12802 ) ;
#3573 = FILL_AREA_STYLE_COLOUR ( '', #5662 ) ;
#3574 = EDGE_CURVE ( 'NONE', #3732, #12613, #2073, .T. ) ;
#3575 = CARTESIAN_POINT ( 'NONE',  ( -0.4649999999999988600, 2.500000000000000000, -1.084202172485504400E-016 ) ) ;
#3576 = DIRECTION ( 'NONE',  ( -0.7071067811865495700, 0.0000000000000000000, 0.7071067811865454600 ) ) ;
#3577 = PRESENTATION_STYLE_ASSIGNMENT (( #3093 ) ) ;
#3578 = FILL_AREA_STYLE_COLOUR ( '', #8930 ) ;
#3579 = EDGE_CURVE ( 'NONE', #3572, #8696, #4700, .T. ) ;
#3580 = EDGE_LOOP ( 'NONE', ( #7704, #1836, #11573, #9413 ) ) ;
#3581 = ORIENTED_EDGE ( 'NONE', *, *, #12219, .T. ) ;
#3582 = CARTESIAN_POINT ( 'NONE',  ( -1.714999999999999000, 0.2499999999999996700, 0.2999999999999966000 ) ) ;
#3583 = CARTESIAN_POINT ( 'NONE',  ( -2.964999999999999000, 0.4249999999999998200, 3.999999999999993300 ) ) ;
#3584 = EDGE_CURVE ( 'NONE', #638, #10244, #12616, .T. ) ;
#3585 = CARTESIAN_POINT ( 'NONE',  ( 0.7850000000000010300, 0.4249999999999998200, 3.499999999999981300 ) ) ;
#3586 = DIRECTION ( 'NONE',  ( 0.0000000000000000000, 1.000000000000000000, 0.0000000000000000000 ) ) ;
#3587 =( NAMED_UNIT ( * ) PLANE_ANGLE_UNIT ( ) SI_UNIT ( $, .RADIAN. ) );
#3588 = ORIENTED_EDGE ( 'NONE', *, *, #12306, .T. ) ;
#3589 = VECTOR ( 'NONE', #6756, 999.9999999999998900 ) ;
#3590 = DIRECTION ( 'NONE',  ( 1.000000000000000000, 2.344220913482171800E-017, 0.0000000000000000000 ) ) ;
#3591 = EDGE_CURVE ( 'NONE', #8299, #3889, #9621, .T. ) ;
#3592 = ORIENTED_EDGE ( 'NONE', *, *, #4961, .T. ) ;
#3593 = ORIENTED_EDGE ( 'NONE', *, *, #5122, .F. ) ;
#3594 = EDGE_CURVE ( 'NONE', #9398, #11757, #9919, .T. ) ;
#3595 = AXIS2_PLACEMENT_3D ( 'NONE', #6795, #880, #7750 ) ;
#3596 = SURFACE_STYLE_USAGE ( .BOTH. , #3676 ) ;
#3597 = DIRECTION ( 'NONE',  ( 0.0000000000000000000, -1.000000000000000000, -2.032879073410321300E-016 ) ) ;
#3598 = ORIENTED_EDGE ( 'NONE', *, *, #7015, .F. ) ;
#3599 = FACE_OUTER_BOUND ( 'NONE', #1750, .T. ) ;
#3600 = DIRECTION ( 'NONE',  ( -0.0000000000000000000, 0.7071067811865520100, 0.7071067811865431300 ) ) ;
#3601 = ORIENTED_EDGE ( 'NONE', *, *, #2005, .T. ) ;
#3602 = DIRECTION ( 'NONE',  ( 0.0000000000000000000, 2.258754526011468200E-016, -1.000000000000000000 ) ) ;
#3603 = LINE ( 'NONE', #12540, #10534 ) ;
#3604 = EDGE_CURVE ( 'NONE', #5590, #9034, #11994, .T. ) ;
#3605 = VERTEX_POINT ( 'NONE', #7853 ) ;
#3606 = ORIENTED_EDGE ( 'NONE', *, *, #10428, .F. ) ;
#3607 = MECHANICAL_DESIGN_GEOMETRIC_PRESENTATION_REPRESENTATION (  '', ( #1630 ), #4268 ) ;
#3608 = CARTESIAN_POINT ( 'NONE',  ( -6.325000000000000200, 1.100000000000000100, 0.2539999999999999500 ) ) ;
#3609 = CARTESIAN_POINT ( 'NONE',  ( 2.349999999999999200, -1.100000000000000100, 3.249999999999995100 ) ) ;
#3610 = LINE ( 'NONE', #9435, #3922 ) ;
#3611 = PRESENTATION_LAYER_ASSIGNMENT (  '', '', ( #2263 ) ) ;
#3612 = EDGE_LOOP ( 'NONE', ( #10309, #9138, #12673, #5945 ) ) ;
#3613 = VECTOR ( 'NONE', #1194, 1000.000000000000000 ) ;
#3614 = LINE ( 'NONE', #9577, #3308 ) ;
#3615 = DIRECTION ( 'NONE',  ( 0.0000000000000000000, -2.258754526011467700E-016, 1.000000000000000000 ) ) ;
#3616 = PLANE ( 'NONE',  #11831 ) ;
#3617 = DIRECTION ( 'NONE',  ( 0.0000000000000000000, -0.0000000000000000000, -1.000000000000000000 ) ) ;
#3618 = ORIENTED_EDGE ( 'NONE', *, *, #9837, .T. ) ;
#3619 = CARTESIAN_POINT ( 'NONE',  ( -1.714999999999998100, 3.700348711554623800E-017, 0.6499999999999983600 ) ) ;
#3620 = PLANE ( 'NONE',  #12317 ) ;
#3621 = ORIENTED_EDGE ( 'NONE', *, *, #8843, .T. ) ;
#3622 = VECTOR ( 'NONE', #1368, 1000.000000000000000 ) ;
#3623 = DIRECTION ( 'NONE',  ( 1.000000000000000000, 0.0000000000000000000, 0.0000000000000000000 ) ) ;
#3624 = FILL_AREA_STYLE ('',( #8502 ) ) ;
#3625 = FACE_OUTER_BOUND ( 'NONE', #2492, .T. ) ;
#3626 = LINE ( 'NONE', #3067, #8530 ) ;
#3627 = ADVANCED_FACE ( 'NONE', ( #1465 ), #1970, .T. ) ;
#3628 = CARTESIAN_POINT ( 'NONE',  ( -0.7849999999999988100, 0.2499999999999996700, 0.2999999999999966000 ) ) ;
#3629 =( GEOMETRIC_REPRESENTATION_CONTEXT ( 3 ) GLOBAL_UNCERTAINTY_ASSIGNED_CONTEXT ( ( #5620 ) ) GLOBAL_UNIT_ASSIGNED_CONTEXT ( ( #10635, #4718, #11650 ) ) REPRESENTATION_CONTEXT ( 'NONE', 'WORKASPACE' ) );
#3630 = UNCERTAINTY_MEASURE_WITH_UNIT (LENGTH_MEASURE( 1.000000000000000100E-005 ), #9468, 'distance_accuracy_value', 'NONE');
#3631 = LINE ( 'NONE', #7540, #993 ) ;
#3633 = LINE ( 'NONE', #6716, #8850 ) ;
#3632 = CARTESIAN_POINT ( 'NONE',  ( -5.670999999999998500, -1.452000000000001100, 0.7040000000000015100 ) ) ;
#3634 = MECHANICAL_DESIGN_GEOMETRIC_PRESENTATION_REPRESENTATION (  '', ( #1660 ), #4298 ) ;
#3635 = CARTESIAN_POINT ( 'NONE',  ( -3.674999999999998500, 2.299999999999999800, 3.699999999999996600 ) ) ;
#3636 = SURFACE_STYLE_USAGE ( .BOTH. , #9523 ) ;
#3637 = AXIS2_PLACEMENT_3D ( 'NONE', #4625, #697, #7562 ) ;
#3638 = CARTESIAN_POINT ( 'NONE',  ( 2.965000000000001600, 0.4249999999999998200, 0.04999999999999709500 ) ) ;
#3639 = DIRECTION ( 'NONE',  ( 0.0000000000000000000, 0.0000000000000000000, -1.000000000000000000 ) ) ;
#3640 = EDGE_CURVE ( 'NONE', #9762, #10054, #10714, .T. ) ;
#3641 = SURFACE_STYLE_FILL_AREA ( #5216 ) ;
#3642 = VERTEX_POINT ( 'NONE', #9877 ) ;
#3643 = VECTOR ( 'NONE', #5130, 1000.000000000000000 ) ;
#3644 = EDGE_CURVE ( 'NONE', #1628, #10922, #537, .T. ) ;
#3645 = DIRECTION ( 'NONE',  ( 0.0000000000000000000, -1.000000000000000000, -1.294569758191649100E-016 ) ) ;
#3646 = EDGE_LOOP ( 'NONE', ( #11765, #10754, #10283, #1428 ) ) ;
#3647 = ORIENTED_EDGE ( 'NONE', *, *, #1904, .F. ) ;
#3648 = VERTEX_POINT ( 'NONE', #1062 ) ;
#3649 = DIRECTION ( 'NONE',  ( 1.000000000000000000, 0.0000000000000000000, 0.0000000000000000000 ) ) ;
#3650 = DIRECTION ( 'NONE',  ( 2.154898855879345100E-016, 0.7071067811865446900, 0.7071067811865504600 ) ) ;
#3651 = STYLED_ITEM ( 'NONE', ( #3139 ), #5818 ) ;
#3652 = CARTESIAN_POINT ( 'NONE',  ( -1.714999999999999000, -0.3750000000000005000, 3.499999999999986700 ) ) ;
#3653 = EDGE_CURVE ( 'NONE', #3231, #5390, #5475, .T. ) ;
#3654 = FILL_AREA_STYLE ('',( #2657 ) ) ;
#3655 = PRESENTATION_STYLE_ASSIGNMENT (( #3596 ) ) ;
#3656 = LINE ( 'NONE', #8723, #8873 ) ;
#3657 = LINE ( 'NONE', #4528, #11233 ) ;
#3658 = ORIENTED_EDGE ( 'NONE', *, *, #9911, .F. ) ;
#3659 =( NAMED_UNIT ( * ) PLANE_ANGLE_UNIT ( ) SI_UNIT ( $, .RADIAN. ) );
#3660 = EDGE_CURVE ( 'NONE', #4018, #12195, #222, .T. ) ;
#3661 = CARTESIAN_POINT ( 'NONE',  ( 0.7850000000000010300, 3.000000000000000000, 0.4499999999999998400 ) ) ;
#3662 = PRESENTATION_LAYER_ASSIGNMENT (  '', '', ( #3001 ) ) ;
#3663 = CARTESIAN_POINT ( 'NONE',  ( -2.349999999999999600, 2.123118842698621800, 3.249999999999996000 ) ) ;
#3664 = CARTESIAN_POINT ( 'NONE',  ( -0.4649999999999988600, 2.500000000000000000, -1.084202172485504400E-016 ) ) ;
#3665 = ORIENTED_EDGE ( 'NONE', *, *, #8023, .T. ) ;
#3666 = CARTESIAN_POINT ( 'NONE',  ( 5.099000000000000200, 1.200000000000000000, 0.5199999999999983500 ) ) ;
#3667 = EDGE_CURVE ( 'NONE', #12753, #813, #7749, .T. ) ;
#3668 = DIRECTION ( 'NONE',  ( -1.000000000000000000, -0.0000000000000000000, 3.047487187526822800E-016 ) ) ;
#3669 = FACE_OUTER_BOUND ( 'NONE', #5838, .T. ) ;
#3670 = DIRECTION ( 'NONE',  ( 1.000000000000000000, 0.0000000000000000000, -4.371782953570583600E-016 ) ) ;
#3671 = PLANE ( 'NONE',  #9968 ) ;
#3672 = FACE_OUTER_BOUND ( 'NONE', #11973, .T. ) ;
#3673 = MECHANICAL_DESIGN_GEOMETRIC_PRESENTATION_REPRESENTATION (  '', ( #1696 ), #4342 ) ;
#3674 = EDGE_LOOP ( 'NONE', ( #2318, #4883, #8962, #5927 ) ) ;
#3675 = VECTOR ( 'NONE', #5126, 1000.000000000000000 ) ;
#3676 = SURFACE_SIDE_STYLE ('',( #11542 ) ) ;
#3677 = EDGE_CURVE ( 'NONE', #8427, #10028, #5162, .T. ) ;
#3678 = VERTEX_POINT ( 'NONE', #5994 ) ;
#3679 = ORIENTED_EDGE ( 'NONE', *, *, #2937, .T. ) ;
#3680 = VERTEX_POINT ( 'NONE', #6994 ) ;
#3681 = DIRECTION ( 'NONE',  ( 0.0000000000000000000, 0.0000000000000000000, -1.000000000000000000 ) ) ;
#3682 = DIRECTION ( 'NONE',  ( 0.0000000000000000000, -1.000000000000000000, 1.355252715606881500E-016 ) ) ;
#3683 = FILL_AREA_STYLE_COLOUR ( '', #754 ) ;
#3684 = EDGE_CURVE ( 'NONE', #10196, #11743, #5767, .T. ) ;
#3685 = FACE_BOUND ( 'NONE', #4080, .T. ) ;
#3686 = CARTESIAN_POINT ( 'NONE',  ( 2.035000000000001000, 0.4249999999999998200, 0.6499999999999964700 ) ) ;
#3687 = CARTESIAN_POINT ( 'NONE',  ( -4.825000000000000200, -0.8000000000000001600, 2.200000000000000600 ) ) ;
#3688 = STYLED_ITEM ( 'NONE', ( #4882 ), #8115 ) ;
#3689 = LINE ( 'NONE', #9889, #744 ) ;
#3690 = PRESENTATION_LAYER_ASSIGNMENT (  '', '', ( #2341 ) ) ;
#3691 = CARTESIAN_POINT ( 'NONE',  ( -1.714999999999999000, 2.999999999999999600, -1.761828530288944700E-016 ) ) ;
#3692 = CARTESIAN_POINT ( 'NONE',  ( 4.024999999999995900, 0.8499999999999996400, 1.749999999999996400 ) ) ;
#3693 = VERTEX_POINT ( 'NONE', #2095 ) ;
#3694 = ORIENTED_EDGE ( 'NONE', *, *, #6864, .F. ) ;
#3695 = ORIENTED_EDGE ( 'NONE', *, *, #1014, .F. ) ;
#3696 = ADVANCED_FACE ( 'NONE', ( #12455 ), #3108, .T. ) ;
#3697 = VERTEX_POINT ( 'NONE', #4105 ) ;
#3698 = FACE_OUTER_BOUND ( 'NONE', #6335, .T. ) ;
#3699 = STYLED_ITEM ( 'NONE', ( #11114 ), #1282 ) ;
#3700 =( NAMED_UNIT ( * ) SI_UNIT ( $, .STERADIAN. ) SOLID_ANGLE_UNIT ( ) );
#3701 = CARTESIAN_POINT ( 'NONE',  ( -0.4649999999999988600, 0.0000000000000000000, 0.0000000000000000000 ) ) ;
#3702 = SURFACE_STYLE_FILL_AREA ( #7611 ) ;
#3703 = ORIENTED_EDGE ( 'NONE', *, *, #855, .T. ) ;
#3704 = ORIENTED_EDGE ( 'NONE', *, *, #8401, .T. ) ;
#3705 = VECTOR ( 'NONE', #7412, 1000.000000000000000 ) ;
#3706 = CARTESIAN_POINT ( 'NONE',  ( -4.324999999999999300, 0.8499999999999996400, 1.749999999999996400 ) ) ;
#3707 = VERTEX_POINT ( 'NONE', #11036 ) ;
#3708 = ORIENTED_EDGE ( 'NONE', *, *, #4976, .F. ) ;
#3709 = CARTESIAN_POINT ( 'NONE',  ( -3.284999999999998800, 0.4249999999999998200, 1.749999999999996400 ) ) ;
#3710 = PRESENTATION_LAYER_ASSIGNMENT (  '', '', ( #3040 ) ) ;
#3711 = DIRECTION ( 'NONE',  ( -1.000000000000000000, -0.0000000000000000000, -0.0000000000000000000 ) ) ;
#3712 = UNCERTAINTY_MEASURE_WITH_UNIT (LENGTH_MEASURE( 1.000000000000000100E-005 ), #7066, 'distance_accuracy_value', 'NONE');
#3713 = PLANE ( 'NONE',  #6211 ) ;
#3714 = LINE ( 'NONE', #11477, #4030 ) ;
#3715 = ORIENTED_EDGE ( 'NONE', *, *, #3159, .T. ) ;
#3716 = ORIENTED_EDGE ( 'NONE', *, *, #12043, .T. ) ;
#3717 = VECTOR ( 'NONE', #12487, 1000.000000000000000 ) ;
#3718 = SURFACE_SIDE_STYLE ('',( #10523 ) ) ;
#3719 = STYLED_ITEM ( 'NONE', ( #6706 ), #3627 ) ;
#3720 = FILL_AREA_STYLE_COLOUR ( '', #5009 ) ;
#3721 = FACE_BOUND ( 'NONE', #9887, .T. ) ;
#3722 = CARTESIAN_POINT ( 'NONE',  ( 5.149000000000000900, 1.100000000000000100, -2.710505431213761100E-017 ) ) ;
#3723 = CARTESIAN_POINT ( 'NONE',  ( -2.964999999999999000, 2.999999999999999600, -1.761828530288944700E-016 ) ) ;
#3724 = ORIENTED_EDGE ( 'NONE', *, *, #7190, .T. ) ;
#3725 =( NAMED_UNIT ( * ) SI_UNIT ( $, .STERADIAN. ) SOLID_ANGLE_UNIT ( ) );
#3726 = ORIENTED_EDGE ( 'NONE', *, *, #2219, .T. ) ;
#3727 = ORIENTED_EDGE ( 'NONE', *, *, #5867, .T. ) ;
#3728 = LINE ( 'NONE', #11085, #8947 ) ;
#3729 = SURFACE_STYLE_USAGE ( .BOTH. , #9605 ) ;
#3730 = EDGE_CURVE ( 'NONE', #3382, #8785, #6550, .T. ) ;
#3731 =( LENGTH_UNIT ( ) NAMED_UNIT ( * ) SI_UNIT ( .MILLI., .METRE. ) );
#3732 = VERTEX_POINT ( 'NONE', #12067 ) ;
#3733 = ORIENTED_EDGE ( 'NONE', *, *, #11098, .T. ) ;
#3734 = ORIENTED_EDGE ( 'NONE', *, *, #7433, .F. ) ;
#3735 = CARTESIAN_POINT ( 'NONE',  ( -5.149000000000000900, 1.100000000000000100, 1.276000000000000000 ) ) ;
#3736 = EDGE_CURVE ( 'NONE', #8959, #8187, #5512, .T. ) ;
#3737 = CARTESIAN_POINT ( 'NONE',  ( 5.645000000000000500, 1.100000000000000100, 1.276000000000000000 ) ) ;
#3738 = SURFACE_STYLE_USAGE ( .BOTH. , #9619 ) ;
#3739 = MECHANICAL_DESIGN_GEOMETRIC_PRESENTATION_REPRESENTATION (  '', ( #1763 ), #4407 ) ;
#3740 = SURFACE_STYLE_USAGE ( .BOTH. , #9622 ) ;
#3741 = EDGE_CURVE ( 'NONE', #1594, #10974, #12353, .T. ) ;
#3742 = VERTEX_POINT ( 'NONE', #9074 ) ;
#3743 = ORIENTED_EDGE ( 'NONE', *, *, #11614, .T. ) ;
#3744 = ORIENTED_EDGE ( 'NONE', *, *, #10494, .T. ) ;
#3745 = ORIENTED_EDGE ( 'NONE', *, *, #7122, .F. ) ;
#3746 = DIRECTION ( 'NONE',  ( -1.000000000000000000, 6.776263578034385000E-016, 0.0000000000000000000 ) ) ;
#3747 = COLOUR_RGB ( '',0.8000000000000000400, 0.8078431372549019800, 0.8000000000000000400 ) ;
#3748 = DIRECTION ( 'NONE',  ( 0.0000000000000000000, 1.000000000000000000, 0.0000000000000000000 ) ) ;
#3749 = EDGE_CURVE ( 'NONE', #132, #12411, #7037, .T. ) ;
#3750 = DIRECTION ( 'NONE',  ( 0.1904761904761871300, 0.2380952380952350300, 0.9523809523809537700 ) ) ;
#3751 = SURFACE_SIDE_STYLE ('',( #3206 ) ) ;
#3752 = ADVANCED_FACE ( 'NONE', ( #6745 ), #11080, .T. ) ;
#3753 = DIRECTION ( 'NONE',  ( 0.0000000000000000000, 0.7071067811865441300, -0.7071067811865510100 ) ) ;
#3754 =( NAMED_UNIT ( * ) SI_UNIT ( $, .STERADIAN. ) SOLID_ANGLE_UNIT ( ) );
#3755 = CARTESIAN_POINT ( 'NONE',  ( 0.4650000000000010200, 2.549999999999999800, 0.4499999999999999000 ) ) ;
#3756 = VECTOR ( 'NONE', #3682, 1000.000000000000000 ) ;
#3757 = EDGE_CURVE ( 'NONE', #12174, #10695, #1508, .T. ) ;
#3758 = VERTEX_POINT ( 'NONE', #1230 ) ;
#3759 = AXIS2_PLACEMENT_3D ( 'NONE', #12431, #587, #7456 ) ;
#3760 = ORIENTED_EDGE ( 'NONE', *, *, #329, .T. ) ;
#3761 = SURFACE_STYLE_FILL_AREA ( #2285 ) ;
#3762 = LINE ( 'NONE', #4564, #6368 ) ;
#3763 = ORIENTED_EDGE ( 'NONE', *, *, #7439, .F. ) ;
#3764 = FILL_AREA_STYLE ('',( #6728 ) ) ;
#3765 = DIRECTION ( 'NONE',  ( -0.7071067811865468000, 6.388722569514045400E-017, 0.7071067811865483500 ) ) ;
#3766 = LINE ( 'NONE', #6107, #3458 ) ;
#3767 = PLANE ( 'NONE',  #3195 ) ;
#3768 = SURFACE_STYLE_USAGE ( .BOTH. , #9646 ) ;
#3769 = MECHANICAL_DESIGN_GEOMETRIC_PRESENTATION_REPRESENTATION (  '', ( #1785 ), #4430 ) ;
#3770 = ORIENTED_EDGE ( 'NONE', *, *, #1901, .T. ) ;
#3771 = VECTOR ( 'NONE', #545, 1000.000000000000000 ) ;
#3772 = ORIENTED_EDGE ( 'NONE', *, *, #2746, .T. ) ;
#3773 = VECTOR ( 'NONE', #6789, 1000.000000000000000 ) ;
#3774 = ORIENTED_EDGE ( 'NONE', *, *, #5063, .T. ) ;
#3775 = CARTESIAN_POINT ( 'NONE',  ( 2.965000000000001600, 0.4249999999999998200, 0.6499999999999973600 ) ) ;
#3776 = CARTESIAN_POINT ( 'NONE',  ( 0.0000000000000000000, 1.200000000000000000, 0.0000000000000000000 ) ) ;
#3777 = AXIS2_PLACEMENT_3D ( 'NONE', #5980, #5056, #11995 ) ;
#3778 = ORIENTED_EDGE ( 'NONE', *, *, #6183, .F. ) ;
#3779 = DIRECTION ( 'NONE',  ( 0.0000000000000000000, -1.000000000000000000, 0.0000000000000000000 ) ) ;
#3780 = ORIENTED_EDGE ( 'NONE', *, *, #6868, .T. ) ;
#3781 = FILL_AREA_STYLE_COLOUR ( '', #11486 ) ;
#3782 = VECTOR ( 'NONE', #2865, 1000.000000000000000 ) ;
#3783 = DIRECTION ( 'NONE',  ( -0.7071067811865491300, 0.0000000000000000000, 0.7071067811865459100 ) ) ;
#3784 = LINE ( 'NONE', #4300, #6395 ) ;
#3785 = VECTOR ( 'NONE', #12722, 1000.000000000000100 ) ;
#3786 = PRESENTATION_LAYER_ASSIGNMENT (  '', '', ( #2454 ) ) ;
#3787 = CARTESIAN_POINT ( 'NONE',  ( 3.675000000000000700, 2.299999999999998900, 1.749999999999996400 ) ) ;
#3788 = DIRECTION ( 'NONE',  ( 0.0000000000000000000, -0.9889363528682980600, -0.1483404529302414000 ) ) ;
#3789 = DIRECTION ( 'NONE',  ( 0.0000000000000000000, 1.000000000000000000, 0.0000000000000000000 ) ) ;
#3790 = CARTESIAN_POINT ( 'NONE',  ( -2.700000000000000200, 2.600000000000000100, 0.2999999999999985500 ) ) ;
#3791 = FILL_AREA_STYLE ('',( #2799 ) ) ;
#3792 = FILL_AREA_STYLE ('',( #3375 ) ) ;
#3793 = VECTOR ( 'NONE', #4940, 1000.000000000000000 ) ;
#3794 = DIRECTION ( 'NONE',  ( -1.000000000000000000, -0.0000000000000000000, -0.0000000000000000000 ) ) ;
#3795 = SURFACE_STYLE_FILL_AREA ( #2453 ) ;
#3796 = ORIENTED_EDGE ( 'NONE', *, *, #8489, .T. ) ;
#3797 = ORIENTED_EDGE ( 'NONE', *, *, #8823, .T. ) ;
#3798 = PLANE ( 'NONE',  #12764 ) ;
#3799 = VERTEX_POINT ( 'NONE', #7127 ) ;
#3800 =( NAMED_UNIT ( * ) SI_UNIT ( $, .STERADIAN. ) SOLID_ANGLE_UNIT ( ) );
#3801 = CARTESIAN_POINT ( 'NONE',  ( -4.024999999999999500, 1.700000000000000000, 3.699999999999996600 ) ) ;
#3802 = VECTOR ( 'NONE', #10171, 1000.000000000000000 ) ;
#3803 = AXIS2_PLACEMENT_3D ( 'NONE', #9760, #938, #7811 ) ;
#3804 = CARTESIAN_POINT ( 'NONE',  ( -5.149000000000000900, 1.100000000000000100, -2.710505431213761100E-017 ) ) ;
#3805 = CARTESIAN_POINT ( 'NONE',  ( 1.049999999999999800, 2.600000000000000100, 0.6499999999999978000 ) ) ;
#3806 = PRESENTATION_STYLE_ASSIGNMENT (( #7001 ) ) ;
#3807 = LINE ( 'NONE', #9418, #11698 ) ;
#3808 = ORIENTED_EDGE ( 'NONE', *, *, #5326, .F. ) ;
#3809 = EDGE_CURVE ( 'NONE', #5073, #1548, #9354, .T. ) ;
#3810 = ADVANCED_FACE ( 'NONE', ( #9045 ), #8116, .F. ) ;
#3811 = VECTOR ( 'NONE', #11319, 1000.000000000000000 ) ;
#3812 = EDGE_CURVE ( 'NONE', #10795, #3571, #1180, .T. ) ;
#3813 = SURFACE_SIDE_STYLE ('',( #6924 ) ) ;
#3814 = DIRECTION ( 'NONE',  ( -0.7071067811865503500, 0.7071067811865446900, 0.0000000000000000000 ) ) ;
#3815 = LINE ( 'NONE', #6512, #1177 ) ;
#3816 = VECTOR ( 'NONE', #1283, 1000.000000000000000 ) ;
#3817 = DIRECTION ( 'NONE',  ( 1.000000000000000000, 0.0000000000000000000, 0.0000000000000000000 ) ) ;
#3818 = ORIENTED_EDGE ( 'NONE', *, *, #1761, .T. ) ;
#3819 = VERTEX_POINT ( 'NONE', #8154 ) ;
#3820 = CARTESIAN_POINT ( 'NONE',  ( -4.624999999999999100, 2.299999999999999800, 3.699999999999996600 ) ) ;
#3821 = CARTESIAN_POINT ( 'NONE',  ( 4.845000000000000600, 1.200000000000000000, 1.529999999999999800 ) ) ;
#3822 = CARTESIAN_POINT ( 'NONE',  ( -0.4649999999999988600, 0.3499999999999997000, 3.999999999999993300 ) ) ;
#3823 = EDGE_CURVE ( 'NONE', #7560, #6438, #8719, .T. ) ;
#3824 = SURFACE_SIDE_STYLE ('',( #8912 ) ) ;
#3825 = LINE ( 'NONE', #8231, #9359 ) ;
#3826 = COLOUR_RGB ( '',0.8000000000000000400, 0.8078431372549019800, 0.8000000000000000400 ) ;
#3827 = EDGE_CURVE ( 'NONE', #6819, #10997, #11395, .T. ) ;
#3828 = DIRECTION ( 'NONE',  ( -0.0000000000000000000, 1.000000000000000000, 0.0000000000000000000 ) ) ;
#3829 =( NAMED_UNIT ( * ) SI_UNIT ( $, .STERADIAN. ) SOLID_ANGLE_UNIT ( ) );
#3830 = EDGE_CURVE ( 'NONE', #5119, #7117, #3522, .T. ) ;
#3831 = CARTESIAN_POINT ( 'NONE',  ( 4.625000000000000900, 1.700000000000000000, 0.04999999999999715100 ) ) ;
#3832 = ORIENTED_EDGE ( 'NONE', *, *, #12806, .T. ) ;
#3833 = PRESENTATION_LAYER_ASSIGNMENT (  '', '', ( #2495 ) ) ;
#3834 = CARTESIAN_POINT ( 'NONE',  ( 0.4820068027210889200, -0.3537414965986414600, 3.585034013605424200 ) ) ;
#3835 = SURFACE_SIDE_STYLE ('',( #9199 ) ) ;
#3836 = LINE ( 'NONE', #5459, #11408 ) ;
#3837 = ORIENTED_EDGE ( 'NONE', *, *, #10939, .T. ) ;
#3838 = CARTESIAN_POINT ( 'NONE',  ( 2.965000000000001600, 1.850174355777312200E-016, 0.6499999999999973600 ) ) ;
#3839 = CARTESIAN_POINT ( 'NONE',  ( -3.284999999999998800, -0.1500000000000003000, 0.1799999999999965800 ) ) ;
#3840 = PRESENTATION_STYLE_ASSIGNMENT (( #3975 ) ) ;
#3841 = MECHANICAL_DESIGN_GEOMETRIC_PRESENTATION_REPRESENTATION (  '', ( #1856 ), #4513 ) ;
#3842 = LINE ( 'NONE', #6208, #6118 ) ;
#3844 = EDGE_CURVE ( 'NONE', #10948, #2353, #11715, .T. ) ;
#3843 = VECTOR ( 'NONE', #3137, 1000.000000000000000 ) ;
#3845 = FACE_OUTER_BOUND ( 'NONE', #11550, .T. ) ;
#3846 = VERTEX_POINT ( 'NONE', #1318 ) ;
#3847 = CARTESIAN_POINT ( 'NONE',  ( -6.325000000000000200, -0.9000000000000000200, 0.2539999999999999500 ) ) ;
#3848 = ORIENTED_EDGE ( 'NONE', *, *, #4404, .F. ) ;
#3849 = ORIENTED_EDGE ( 'NONE', *, *, #2091, .F. ) ;
#3850 = CARTESIAN_POINT ( 'NONE',  ( 1.450000000000000000, -1.100000000000000100, 0.6499999999999975800 ) ) ;
#3851 = CARTESIAN_POINT ( 'NONE',  ( 3.285000000000001500, 0.2499999999999996700, 0.1799999999999966600 ) ) ;
#3852 = PRESENTATION_LAYER_ASSIGNMENT (  '', '', ( #2515 ) ) ;
#3853 = VECTOR ( 'NONE', #2011, 1000.000000000000000 ) ;
#3854 = SURFACE_STYLE_USAGE ( .BOTH. , #9728 ) ;
#3855 = VECTOR ( 'NONE', #4614, 1000.000000000000000 ) ;
#3856 = AXIS2_PLACEMENT_3D ( 'NONE', #11930, #8935, #3056 ) ;
#3857 = LINE ( 'NONE', #2813, #909 ) ;
#3858 = VERTEX_POINT ( 'NONE', #9207 ) ;
#3859 = LINE ( 'NONE', #8580, #1219 ) ;
#3860 = VERTEX_POINT ( 'NONE', #10191 ) ;
#3861 = PRESENTATION_LAYER_ASSIGNMENT (  '', '', ( #3204 ) ) ;
#3862 = VERTEX_POINT ( 'NONE', #8200 ) ;
#3863 = VERTEX_POINT ( 'NONE', #4309 ) ;
#3864 = FACE_OUTER_BOUND ( 'NONE', #8065, .T. ) ;
#3865 = CARTESIAN_POINT ( 'NONE',  ( -5.645000000000000500, 1.100000000000000100, 1.276000000000000000 ) ) ;
#3866 = DIRECTION ( 'NONE',  ( 3.051828337366604500E-016, 0.0000000000000000000, 1.000000000000000000 ) ) ;
#3867 = DIRECTION ( 'NONE',  ( 1.000000000000000000, 0.0000000000000000000, -3.047487187526822800E-016 ) ) ;
#3868 = CARTESIAN_POINT ( 'NONE',  ( -1.949999999999999700, -0.6999999999999988500, 2.099999999999996100 ) ) ;
#3869 = DIRECTION ( 'NONE',  ( 0.0000000000000000000, -1.000000000000000000, 0.0000000000000000000 ) ) ;
#3870 = FACE_OUTER_BOUND ( 'NONE', #10400, .T. ) ;
#3871 = UNCERTAINTY_MEASURE_WITH_UNIT (LENGTH_MEASURE( 1.000000000000000100E-005 ), #263, 'distance_accuracy_value', 'NONE');
#3872 = CARTESIAN_POINT ( 'NONE',  ( -6.325000000000000200, 0.9000000000000008000, 0.2539999999999999500 ) ) ;
#3873 = LINE ( 'NONE', #7126, #11135 ) ;
#3874 = AXIS2_PLACEMENT_3D ( 'NONE', #4398, #11298, #5381 ) ;
#3875 = ORIENTED_EDGE ( 'NONE', *, *, #4659, .F. ) ;
#3876 = PLANE ( 'NONE',  #402 ) ;
#3877 = SURFACE_STYLE_USAGE ( .BOTH. , #9750 ) ;
#3878 = VECTOR ( 'NONE', #9851, 1000.000000000000000 ) ;
#3879 = FILL_AREA_STYLE_COLOUR ( '', #4709 ) ;
#3880 = DIRECTION ( 'NONE',  ( 0.0000000000000000000, -1.294569758191648900E-016, 1.000000000000000000 ) ) ;
#3881 = ADVANCED_FACE ( 'NONE', ( #585 ), #2303, .F. ) ;
#3882 = CARTESIAN_POINT ( 'NONE',  ( 0.4650000000000010200, 2.500000000000000000, -1.084202172485504400E-016 ) ) ;
#3883 = FACE_OUTER_BOUND ( 'NONE', #3646, .T. ) ;
#3884 = VECTOR ( 'NONE', #4259, 1000.000000000000000 ) ;
#3885 = PRESENTATION_LAYER_ASSIGNMENT (  '', '', ( #2548 ) ) ;
#3886 = DIRECTION ( 'NONE',  ( 1.000000000000000000, 0.0000000000000000000, 0.0000000000000000000 ) ) ;
#3887 = VERTEX_POINT ( 'NONE', #11214 ) ;
#3888 = AXIS2_PLACEMENT_3D ( 'NONE', #12132, #7153, #1260 ) ;
#3889 = VERTEX_POINT ( 'NONE', #1365 ) ;
#3890 = VECTOR ( 'NONE', #8896, 1000.000000000000000 ) ;
#3891 = CARTESIAN_POINT ( 'NONE',  ( -1.949999999999999700, 2.123118842698621800, 3.249999999999996000 ) ) ;
#3892 = PLANE ( 'NONE',  #9579 ) ;
#3893 = EDGE_CURVE ( 'NONE', #1252, #10162, #875, .T. ) ;
#3894 = CARTESIAN_POINT ( 'NONE',  ( -3.284999999999998800, -0.3750000000000001100, 0.04999999999999709500 ) ) ;
#3895 = ORIENTED_EDGE ( 'NONE', *, *, #2334, .F. ) ;
#3896 = FILL_AREA_STYLE ('',( #1903 ) ) ;
#3897 = EDGE_CURVE ( 'NONE', #5537, #4438, #10756, .T. ) ;
#3898 = VERTEX_POINT ( 'NONE', #4357 ) ;
#3899 = VERTEX_POINT ( 'NONE', #11256 ) ;
#3900 = FILL_AREA_STYLE_COLOUR ( '', #5964 ) ;
#3901 = SURFACE_SIDE_STYLE ('',( #11099 ) ) ;
#3902 = FACE_OUTER_BOUND ( 'NONE', #10927, .T. ) ;
#3903 = AXIS2_PLACEMENT_3D ( 'NONE', #9231, #7284, #1391 ) ;
#3904 = EDGE_CURVE ( 'NONE', #7710, #4448, #10443, .T. ) ;
#3905 = ADVANCED_FACE ( 'NONE', ( #2889 ), #420, .F. ) ;
#3906 = EDGE_CURVE ( 'NONE', #7713, #10295, #6887, .T. ) ;
#3907 = DIRECTION ( 'NONE',  ( 0.0000000000000000000, -1.000000000000000000, 0.0000000000000000000 ) ) ;
#3908 = SURFACE_STYLE_FILL_AREA ( #7906 ) ;
#3909 = ORIENTED_EDGE ( 'NONE', *, *, #9501, .T. ) ;
#3910 = FACE_OUTER_BOUND ( 'NONE', #12135, .T. ) ;
#3911 = DIRECTION ( 'NONE',  ( 2.304851557154560700E-017, 0.0000000000000000000, 1.000000000000000000 ) ) ;
#3912 = EDGE_LOOP ( 'NONE', ( #838, #1539, #6659, #8968 ) ) ;
#3913 = EDGE_CURVE ( 'NONE', #11687, #3860, #1957, .T. ) ;
#3914 = SURFACE_SIDE_STYLE ('',( #6681 ) ) ;
#3915 = LINE ( 'NONE', #7249, #1279 ) ;
#3916 = DIRECTION ( 'NONE',  ( 0.1940285000290634100, 0.1455213750217966800, -0.9701425001453328800 ) ) ;
#3917 = PRESENTATION_STYLE_ASSIGNMENT (( #12704 ) ) ;
#3918 = STYLED_ITEM ( 'NONE', ( #5869 ), #6526 ) ;
#3919 = CARTESIAN_POINT ( 'NONE',  ( -2.964999999999999000, 0.4249999999999998200, 0.6499999999999964700 ) ) ;
#3920 = PLANE ( 'NONE',  #4896 ) ;
#3921 = EDGE_CURVE ( 'NONE', #8187, #5859, #4282, .T. ) ;
#3922 = VECTOR ( 'NONE', #3562, 1000.000000000000000 ) ;
#3923 = PRESENTATION_LAYER_ASSIGNMENT (  '', '', ( #2591 ) ) ;
#3924 = CARTESIAN_POINT ( 'NONE',  ( 3.285000000000001500, 0.4249999999999998200, 3.999999999999993300 ) ) ;
#3925 = CARTESIAN_POINT ( 'NONE',  ( 5.149000000000000900, 1.100000000000000100, 0.2540000000000000000 ) ) ;
#3926 = DIRECTION ( 'NONE',  ( 0.0000000000000000000, -0.0000000000000000000, 1.000000000000000000 ) ) ;
#3927 = EDGE_LOOP ( 'NONE', ( #3621, #9088, #567, #11234 ) ) ;
#3928 = LINE ( 'NONE', #7090, #11177 ) ;
#3929 = EDGE_CURVE ( 'NONE', #7806, #9722, #9504, .T. ) ;
#3930 = DIRECTION ( 'NONE',  ( 6.776263578034385000E-016, 1.000000000000000000, -0.0000000000000000000 ) ) ;
#3931 = SURFACE_STYLE_FILL_AREA ( #8327 ) ;
#3932 = ORIENTED_EDGE ( 'NONE', *, *, #3325, .F. ) ;
#3933 = VECTOR ( 'NONE', #1960, 1000.000000000000000 ) ;
#3934 = CARTESIAN_POINT ( 'NONE',  ( 2.349999999999999600, -1.100000000000000100, 4.699999999999995700 ) ) ;
#3935 = DIRECTION ( 'NONE',  ( 1.000000000000000000, 0.0000000000000000000, 4.371782953570583600E-016 ) ) ;
#3936 = EDGE_CURVE ( 'NONE', #5086, #11077, #11869, .T. ) ;
#3937 = MECHANICAL_DESIGN_GEOMETRIC_PRESENTATION_REPRESENTATION (  '', ( #1935 ), #4591 ) ;
#3938 = ORIENTED_EDGE ( 'NONE', *, *, #12474, .T. ) ;
#3939 = ORIENTED_EDGE ( 'NONE', *, *, #2227, .T. ) ;
#3940 = LINE ( 'NONE', #5260, #1301 ) ;
#3941 = EDGE_LOOP ( 'NONE', ( #8348, #3381, #9612, #12781 ) ) ;
#3942 = EDGE_LOOP ( 'NONE', ( #4708, #10371, #7783, #5187 ) ) ;
#3943 = DIRECTION ( 'NONE',  ( 6.776263578034385000E-016, 1.000000000000000000, -0.0000000000000000000 ) ) ;
#3944 = FILL_AREA_STYLE ('',( #9807 ) ) ;
#3945 = STYLED_ITEM ( 'NONE', ( #10073 ), #12268 ) ;
#3946 = AXIS2_PLACEMENT_3D ( 'NONE', #3229, #10654, #8645 ) ;
#3947 = ADVANCED_FACE ( 'NONE', ( #6588 ), #3483, .T. ) ;
#3948 = LINE ( 'NONE', #5588, #1310 ) ;
#3949 = CARTESIAN_POINT ( 'NONE',  ( -2.964999999999999000, 0.4249999999999998200, 0.6499999999999964700 ) ) ;
#3950 = ORIENTED_EDGE ( 'NONE', *, *, #7858, .T. ) ;
#3951 = FACE_OUTER_BOUND ( 'NONE', #9127, .T. ) ;
#3952 = VERTEX_POINT ( 'NONE', #9365 ) ;
#3953 = SURFACE_STYLE_FILL_AREA ( #10519 ) ;
#3954 = DIRECTION ( 'NONE',  ( -1.000000000000000000, 6.776263578034385000E-016, 0.0000000000000000000 ) ) ;
#3955 = ORIENTED_EDGE ( 'NONE', *, *, #3098, .F. ) ;
#3956 = ORIENTED_EDGE ( 'NONE', *, *, #9438, .F. ) ;
#3957 = CARTESIAN_POINT ( 'NONE',  ( 2.650000000000000400, -0.6999999999999988500, 1.749999999999996400 ) ) ;
#3958 = DIRECTION ( 'NONE',  ( 0.0000000000000000000, 0.0000000000000000000, 1.000000000000000000 ) ) ;
#3959 = FILL_AREA_STYLE ('',( #12838 ) ) ;
#3960 = CARTESIAN_POINT ( 'NONE',  ( -2.034999999999998800, -0.1500000000000003000, 0.1799999999999965800 ) ) ;
#3961 = DIRECTION ( 'NONE',  ( 0.0000000000000000000, 0.0000000000000000000, 1.000000000000000000 ) ) ;
#3962 = VECTOR ( 'NONE', #3200, 1000.000000000000000 ) ;
#3963 = ORIENTED_EDGE ( 'NONE', *, *, #1689, .T. ) ;
#3964 = EDGE_LOOP ( 'NONE', ( #12428, #3955, #4957, #3550 ) ) ;
#3965 = VECTOR ( 'NONE', #1728, 1000.000000000000000 ) ;
#3966 = LINE ( 'NONE', #10031, #9189 ) ;
#3967 = AXIS2_PLACEMENT_3D ( 'NONE', #11488, #5565, #12498 ) ;
#3968 = AXIS2_PLACEMENT_3D ( 'NONE', #11895, #11845, #10953 ) ;
#3969 = ORIENTED_EDGE ( 'NONE', *, *, #11442, .T. ) ;
#3970 = CARTESIAN_POINT ( 'NONE',  ( -0.7849999999999988100, 2.500000000000000000, -1.084202172485504400E-016 ) ) ;
#3971 = CARTESIAN_POINT ( 'NONE',  ( 3.285000000000001500, 3.100000000000000100, 0.09999999999999947800 ) ) ;
#3972 = DIRECTION ( 'NONE',  ( 0.0000000000000000000, 1.000000000000000000, 0.0000000000000000000 ) ) ;
#3973 = ORIENTED_EDGE ( 'NONE', *, *, #1168, .T. ) ;
#3974 = ADVANCED_FACE ( 'NONE', ( #11548 ), #543, .T. ) ;
#3975 = SURFACE_STYLE_USAGE ( .BOTH. , #3901 ) ;
#3976 = VECTOR ( 'NONE', #4922, 1000.000000000000000 ) ;
#3977 = CARTESIAN_POINT ( 'NONE',  ( 2.965000000000001600, 0.4249999999999998200, 3.999999999999993300 ) ) ;
#3978 = CARTESIAN_POINT ( 'NONE',  ( -0.7849999999999988100, 0.2499999999999996700, 0.1799999999999966600 ) ) ;
#3979 = FACE_OUTER_BOUND ( 'NONE', #8450, .T. ) ;
#3980 = VECTOR ( 'NONE', #1860, 1000.000000000000000 ) ;
#3981 = COLOUR_RGB ( '',0.8000000000000000400, 0.8078431372549019800, 0.8000000000000000400 ) ;
#3982 = LINE ( 'NONE', #10409, #8559 ) ;
#3983 = CARTESIAN_POINT ( 'NONE',  ( 1.715000000000001200, -0.1500000000000003300, 0.2999999999999965500 ) ) ;
#3984 = ORIENTED_EDGE ( 'NONE', *, *, #1764, .F. ) ;
#3985 = ORIENTED_EDGE ( 'NONE', *, *, #2140, .T. ) ;
#3986 =( NAMED_UNIT ( * ) SI_UNIT ( $, .STERADIAN. ) SOLID_ANGLE_UNIT ( ) );
#3987 = DIRECTION ( 'NONE',  ( 0.0000000000000000000, -0.0000000000000000000, 1.000000000000000000 ) ) ;
#3988 = MECHANICAL_DESIGN_GEOMETRIC_PRESENTATION_REPRESENTATION (  '', ( #1984 ), #4638 ) ;
#3989 = CARTESIAN_POINT ( 'NONE',  ( -4.624999999999999100, 1.700000000000000000, 4.699999999999996600 ) ) ;
#3990 = LINE ( 'NONE', #5258, #11554 ) ;
#3991 = COLOUR_RGB ( '',0.8000000000000000400, 0.8078431372549019800, 0.8000000000000000400 ) ;
#3992 = LINE ( 'NONE', #2359, #9213 ) ;
#3993 = DIRECTION ( 'NONE',  ( 0.0000000000000000000, 1.000000000000000000, 0.0000000000000000000 ) ) ;
#3994 = ORIENTED_EDGE ( 'NONE', *, *, #1406, .T. ) ;
#3995 = VECTOR ( 'NONE', #4322, 1000.000000000000200 ) ;
#3996 = ORIENTED_EDGE ( 'NONE', *, *, #10677, .T. ) ;
#3997 = EDGE_CURVE ( 'NONE', #8733, #2276, #8874, .T. ) ;
#3998 = PRESENTATION_LAYER_ASSIGNMENT (  '', '', ( #2655 ) ) ;
#3999 = VERTEX_POINT ( 'NONE', #8399 ) ;
#4000 = CLOSED_SHELL ( 'NONE', ( #4596, #5795, #1485, #11274, #8849, #2302, #5855, #6463, #12013, #5090, #5685, #4347, #7282, #5629, #5876, #9856 ) ) ;
#4001 = EDGE_CURVE ( 'NONE', #12361, #6661, #3982, .T. ) ;
#4002 = DIRECTION ( 'NONE',  ( 0.0000000000000000000, 0.0000000000000000000, -1.000000000000000000 ) ) ;
#4003 = CARTESIAN_POINT ( 'NONE',  ( -3.284999999999998800, 0.4249999999999998200, 0.6499999999999964700 ) ) ;
#4004 = ORIENTED_EDGE ( 'NONE', *, *, #12533, .F. ) ;
#4005 = CARTESIAN_POINT ( 'NONE',  ( 1.449999999999999100, 2.600000000000000100, 0.6499999999999975800 ) ) ;
#4006 = EDGE_CURVE ( 'NONE', #4577, #3758, #3657, .T. ) ;
#4007 = ORIENTED_EDGE ( 'NONE', *, *, #1904, .T. ) ;
#4008 = VERTEX_POINT ( 'NONE', #598 ) ;
#4009 = CARTESIAN_POINT ( 'NONE',  ( 2.035000000000001000, -0.3750000000000005000, 3.499999999999986700 ) ) ;
#4010 = VECTOR ( 'NONE', #9644, 1000.000000000000000 ) ;
#4011 = EDGE_CURVE ( 'NONE', #9839, #2953, #722, .T. ) ;
#4012 = LINE ( 'NONE', #8542, #1372 ) ;
#4013 = DIRECTION ( 'NONE',  ( -1.000000000000000000, 6.776263578034385000E-016, 0.0000000000000000000 ) ) ;
#4014 = AXIS2_PLACEMENT_3D ( 'NONE', #2199, #7157, #1269 ) ;
#4015 = LINE ( 'NONE', #841, #6616 ) ;
#4017 = LINE ( 'NONE', #9563, #5974 ) ;
#4016 = SURFACE_STYLE_USAGE ( .BOTH. , #9874 ) ;
#4018 = VERTEX_POINT ( 'NONE', #8446 ) ;
#4019 = ORIENTED_EDGE ( 'NONE', *, *, #12546, .T. ) ;
#4020 = LINE ( 'NONE', #9395, #8600 ) ;
#4021 = CARTESIAN_POINT ( 'NONE',  ( -5.538333333333335800, -0.1866666666666707000, 1.213333333333329400 ) ) ;
#4022 = ADVANCED_FACE ( 'NONE', ( #8251 ), #6490, .T. ) ;
#4023 = ORIENTED_EDGE ( 'NONE', *, *, #8273, .T. ) ;
#4024 = ORIENTED_EDGE ( 'NONE', *, *, #5933, .T. ) ;
#4025 = CARTESIAN_POINT ( 'NONE',  ( 5.099000000000001100, -1.100000000000000100, 1.225999999999999800 ) ) ;
#4026 =( LENGTH_UNIT ( ) NAMED_UNIT ( * ) SI_UNIT ( .MILLI., .METRE. ) );
#4027 = MECHANICAL_DESIGN_GEOMETRIC_PRESENTATION_REPRESENTATION (  '', ( #2019 ), #4668 ) ;
#4028 = VECTOR ( 'NONE', #1491, 1000.000000000000000 ) ;
#4029 =( NAMED_UNIT ( * ) SI_UNIT ( $, .STERADIAN. ) SOLID_ANGLE_UNIT ( ) );
#4030 = VECTOR ( 'NONE', #5553, 1000.000000000000000 ) ;
#4031 = CARTESIAN_POINT ( 'NONE',  ( 1.449999999999999100, 2.600000000000000100, 0.6499999999999975800 ) ) ;
#4032 = CARTESIAN_POINT ( 'NONE',  ( -4.625000000000000900, 2.600000000000000100, 0.2999999999999999900 ) ) ;
#4033 = MECHANICAL_DESIGN_GEOMETRIC_PRESENTATION_REPRESENTATION (  '', ( #2025 ), #4675 ) ;
#4034 = VERTEX_POINT ( 'NONE', #6534 ) ;
#4035 = LINE ( 'NONE', #4563, #8933 ) ;
#4036 =( GEOMETRIC_REPRESENTATION_CONTEXT ( 3 ) GLOBAL_UNCERTAINTY_ASSIGNED_CONTEXT ( ( #1537 ) ) GLOBAL_UNIT_ASSIGNED_CONTEXT ( ( #6746, #832, #7706 ) ) REPRESENTATION_CONTEXT ( 'NONE', 'WORKASPACE' ) );
#4037 = SURFACE_SIDE_STYLE ('',( #6758 ) ) ;
#4038 = FACE_OUTER_BOUND ( 'NONE', #3942, .T. ) ;
#4039 =( NAMED_UNIT ( * ) PLANE_ANGLE_UNIT ( ) SI_UNIT ( $, .RADIAN. ) );
#4040 = CARTESIAN_POINT ( 'NONE',  ( -3.267993197278911100, -0.3537414965986414600, 3.585034013605424200 ) ) ;
#4041 = VECTOR ( 'NONE', #4174, 1000.000000000000000 ) ;
#4042 = ADVANCED_FACE ( 'NONE', ( #5937 ), #9455, .T. ) ;
#4043 = VECTOR ( 'NONE', #460, 1000.000000000000000 ) ;
#4044 = ORIENTED_EDGE ( 'NONE', *, *, #2411, .F. ) ;
#4045 = EDGE_LOOP ( 'NONE', ( #1205, #9532, #3744, #7664 ) ) ;
#4046 = ORIENTED_EDGE ( 'NONE', *, *, #2559, .F. ) ;
#4047 = CARTESIAN_POINT ( 'NONE',  ( 1.715000000000001200, 0.0000000000000000000, 0.0000000000000000000 ) ) ;
#4048 = MECHANICAL_DESIGN_GEOMETRIC_PRESENTATION_REPRESENTATION (  '', ( #2036 ), #4684 ) ;
#4049 = DIRECTION ( 'NONE',  ( -0.7071067811865454600, 0.0000000000000000000, 0.7071067811865495700 ) ) ;
#4050 = CARTESIAN_POINT ( 'NONE',  ( 5.149000000000000900, 1.100000000000000100, 1.276000000000000000 ) ) ;
#4051 = PLANE ( 'NONE',  #7522 ) ;
#4052 = PRESENTATION_LAYER_ASSIGNMENT (  '', '', ( #2712 ) ) ;
#4053 = ORIENTED_EDGE ( 'NONE', *, *, #3741, .T. ) ;
#4054 = UNCERTAINTY_MEASURE_WITH_UNIT (LENGTH_MEASURE( 1.000000000000000100E-005 ), #4263, 'distance_accuracy_value', 'NONE');
#4055 = ORIENTED_EDGE ( 'NONE', *, *, #8085, .F. ) ;
#4056 = DIRECTION ( 'NONE',  ( 1.000000000000000000, 0.0000000000000000000, 0.0000000000000000000 ) ) ;
#4057 = ORIENTED_EDGE ( 'NONE', *, *, #3094, .T. ) ;
#4058 = DIRECTION ( 'NONE',  ( 0.7071067811865454600, 1.657614504522561800E-017, 0.7071067811865495700 ) ) ;
#4059 = CARTESIAN_POINT ( 'NONE',  ( -4.624999999999999100, -1.100000000000000100, 4.699999999999995700 ) ) ;
#4060 = DIRECTION ( 'NONE',  ( 0.0000000000000000000, 1.167602339599771500E-015, -1.000000000000000000 ) ) ;
#4061 = DIRECTION ( 'NONE',  ( -1.000000000000000000, 6.776263578034385000E-016, 0.0000000000000000000 ) ) ;
#4062 = STYLED_ITEM ( 'NONE', ( #8855 ), #4463 ) ;
#4063 = CARTESIAN_POINT ( 'NONE',  ( 3.065000000000001700, -0.2500000000000006700, 3.999999999999993300 ) ) ;
#4064 = AXIS2_PLACEMENT_3D ( 'NONE', #4951, #11900, #5922 ) ;
#4065 = EDGE_LOOP ( 'NONE', ( #623, #10482, #9059, #5870 ) ) ;
#4066 = COLOUR_RGB ( '',0.8000000000000000400, 0.8078431372549019800, 0.8000000000000000400 ) ;
#4067 = VERTEX_POINT ( 'NONE', #6896 ) ;
#4068 = ORIENTED_EDGE ( 'NONE', *, *, #2381, .T. ) ;
#4069 = DIRECTION ( 'NONE',  ( 0.0000000000000000000, 0.0000000000000000000, -1.000000000000000000 ) ) ;
#4070 = SURFACE_STYLE_USAGE ( .BOTH. , #9932 ) ;
#4071 = EDGE_CURVE ( 'NONE', #5526, #11844, #9945, .T. ) ;
#4072 = ORIENTED_EDGE ( 'NONE', *, *, #6086, .F. ) ;
#4073 = DIRECTION ( 'NONE',  ( -1.000000000000000000, 0.0000000000000000000, 3.252606517456510300E-016 ) ) ;
#4074 = EDGE_CURVE ( 'NONE', #12224, #645, #7336, .T. ) ;
#4075 = FILL_AREA_STYLE_COLOUR ( '', #10771 ) ;
#4076 = ORIENTED_EDGE ( 'NONE', *, *, #7103, .F. ) ;
#4077 =( NAMED_UNIT ( * ) SI_UNIT ( $, .STERADIAN. ) SOLID_ANGLE_UNIT ( ) );
#4078 = COLOUR_RGB ( '',0.8000000000000000400, 0.8078431372549019800, 0.8000000000000000400 ) ;
#4079 = FACE_OUTER_BOUND ( 'NONE', #3612, .T. ) ;
#4080 = EDGE_LOOP ( 'NONE', ( #5731, #2721, #1007, #3848 ) ) ;
#4081 = PRESENTATION_STYLE_ASSIGNMENT (( #3303 ) ) ;
#4082 = VECTOR ( 'NONE', #12532, 1000.000000000000000 ) ;
#4083 = DIRECTION ( 'NONE',  ( 1.000000000000000000, 0.0000000000000000000, -1.084202172485505200E-015 ) ) ;
#4084 = ADVANCED_FACE ( 'NONE', ( #12341 ), #4958, .F. ) ;
#4085 = EDGE_CURVE ( 'NONE', #9431, #425, #6079, .T. ) ;
#4086 = EDGE_CURVE ( 'NONE', #6719, #11897, #1163, .T. ) ;
#4087 = VERTEX_POINT ( 'NONE', #6975 ) ;
#4088 =( NAMED_UNIT ( * ) PLANE_ANGLE_UNIT ( ) SI_UNIT ( $, .RADIAN. ) );
#4089 = AXIS2_PLACEMENT_3D ( 'NONE', #7075, #1184, #8066 ) ;
#4090 = ORIENTED_EDGE ( 'NONE', *, *, #4892, .F. ) ;
#4091 = DIRECTION ( 'NONE',  ( 0.0000000000000000000, -1.000000000000000000, -1.167602339599771500E-015 ) ) ;
#4092 = VERTEX_POINT ( 'NONE', #1075 ) ;
#4093 = LINE ( 'NONE', #2784, #3773 ) ;
#4094 = PRESENTATION_STYLE_ASSIGNMENT (( #10104 ) ) ;
#4095 = AXIS2_PLACEMENT_3D ( 'NONE', #5925, #7910, #2024 ) ;
#4096 =( NAMED_UNIT ( * ) SI_UNIT ( $, .STERADIAN. ) SOLID_ANGLE_UNIT ( ) );
#4097 = CARTESIAN_POINT ( 'NONE',  ( -2.299999999999999800, -1.100000000000000300, 0.6499999999999983600 ) ) ;
#4098 = DIRECTION ( 'NONE',  ( 0.1940285000290628800, -0.1455213750217966800, 0.9701425001453329900 ) ) ;
#4099 = PLANE ( 'NONE',  #2691 ) ;
#4100 = EDGE_CURVE ( 'NONE', #6284, #6901, #8705, .T. ) ;
#4101 = CARTESIAN_POINT ( 'NONE',  ( -4.845000000000000600, 1.200000000000000000, 1.529999999999999800 ) ) ;
#4102 = ORIENTED_EDGE ( 'NONE', *, *, #1623, .T. ) ;
#4103 = DIRECTION ( 'NONE',  ( 0.0000000000000000000, 1.000000000000000000, 0.0000000000000000000 ) ) ;
#4104 =( NAMED_UNIT ( * ) SI_UNIT ( $, .STERADIAN. ) SOLID_ANGLE_UNIT ( ) );
#4105 = CARTESIAN_POINT ( 'NONE',  ( 5.099000000000001100, 1.100000000000000100, 1.225999999999999800 ) ) ;
#4106 = LINE ( 'NONE', #11731, #3782 ) ;
#4107 = ADVANCED_FACE ( 'NONE', ( #8395 ), #7963, .T. ) ;
#4108 = VECTOR ( 'NONE', #6883, 1000.000000000000000 ) ;
#4109 = EDGE_LOOP ( 'NONE', ( #9692, #2026, #8484, #11433, #11956 ) ) ;
#4110 = CARTESIAN_POINT ( 'NONE',  ( 1.823282352941177900, 0.3437882352941176200, 4.041411764705874700 ) ) ;
#4111 = FILL_AREA_STYLE ('',( #3112 ) ) ;
#4112 = MECHANICAL_DESIGN_GEOMETRIC_PRESENTATION_REPRESENTATION (  '', ( #2772 ), #4747 ) ;
#4113 = STYLED_ITEM ( 'NONE', ( #1324 ), #8379 ) ;
#4114 = DIRECTION ( 'NONE',  ( -0.9805806756909208900, 0.0000000000000000000, 0.1961161351381804100 ) ) ;
#4115 = CARTESIAN_POINT ( 'NONE',  ( 4.024999999999997700, -0.6999999999999988500, 3.249999999999993300 ) ) ;
#4116 = FILL_AREA_STYLE_COLOUR ( '', #7803 ) ;
#4117 = VECTOR ( 'NONE', #12360, 1000.000000000000000 ) ;
#4118 = DIRECTION ( 'NONE',  ( -0.5773502691896258400, -0.5773502691896303900, -0.5773502691896210700 ) ) ;
#4119 = AXIS2_PLACEMENT_3D ( 'NONE', #835, #8697, #2828 ) ;
#4120 = FACE_OUTER_BOUND ( 'NONE', #9900, .T. ) ;
#4121 = LINE ( 'NONE', #6333, #6411 ) ;
#4122 = VERTEX_POINT ( 'NONE', #8955 ) ;
#4123 = FILL_AREA_STYLE_COLOUR ( '', #10108 ) ;
#4124 = CARTESIAN_POINT ( 'NONE',  ( 2.035000000000001900, 0.4249999999999998200, 1.749999999999996400 ) ) ;
#4125 = LINE ( 'NONE', #6196, #1484 ) ;
#4126 =( GEOMETRIC_REPRESENTATION_CONTEXT ( 3 ) GLOBAL_UNCERTAINTY_ASSIGNED_CONTEXT ( ( #5206 ) ) GLOBAL_UNIT_ASSIGNED_CONTEXT ( ( #6074, #203, #7081 ) ) REPRESENTATION_CONTEXT ( 'NONE', 'WORKASPACE' ) );
#4127 = COLOUR_RGB ( '',0.8000000000000000400, 0.8078431372549019800, 0.8000000000000000400 ) ;
#4128 = VECTOR ( 'NONE', #7392, 1000.000000000000000 ) ;
#4129 = FILL_AREA_STYLE ('',( #3129 ) ) ;
#4130 = EDGE_LOOP ( 'NONE', ( #6235, #11824, #12696, #12635, #6747, #3, #8464, #1564, #10231, #6702, #8181, #2042, #5595, #3984, #10261, #4592, #9301, #5470 ) ) ;
#4131 = DIRECTION ( 'NONE',  ( -1.000000000000000000, -0.0000000000000000000, -0.0000000000000000000 ) ) ;
#4132 = DIRECTION ( 'NONE',  ( 0.0000000000000000000, -1.000000000000000000, 0.0000000000000000000 ) ) ;
#4133 = SURFACE_SIDE_STYLE ('',( #4985 ) ) ;
#4134 = ORIENTED_EDGE ( 'NONE', *, *, #4011, .F. ) ;
#4135 = DIRECTION ( 'NONE',  ( -1.000000000000000000, 0.0000000000000000000, 0.0000000000000000000 ) ) ;
#4136 = VECTOR ( 'NONE', #706, 1000.000000000000000 ) ;
#4137 = PRESENTATION_LAYER_ASSIGNMENT (  '', '', ( #2803 ) ) ;
#4138 = PRESENTATION_LAYER_ASSIGNMENT (  '', '', ( #1479 ) ) ;
#4139 = VECTOR ( 'NONE', #8469, 1000.000000000000000 ) ;
#4140 = FILL_AREA_STYLE ('',( #10007 ) ) ;
#4141 = LINE ( 'NONE', #2319, #1507 ) ;
#4142 = VECTOR ( 'NONE', #9157, 1000.000000000000000 ) ;
#4143 = ORIENTED_EDGE ( 'NONE', *, *, #6098, .T. ) ;
#4144 = ORIENTED_EDGE ( 'NONE', *, *, #4150, .F. ) ;
#4145 = SURFACE_SIDE_STYLE ('',( #12708 ) ) ;
#4146 = ADVANCED_FACE ( 'NONE', ( #2232 ), #3124, .T. ) ;
#4147 = CARTESIAN_POINT ( 'NONE',  ( 2.035000000000001000, 0.2499999999999996700, 0.2999999999999966000 ) ) ;
#4148 = ORIENTED_EDGE ( 'NONE', *, *, #10176, .F. ) ;
#4149 = FACE_OUTER_BOUND ( 'NONE', #5378, .T. ) ;
#4150 = EDGE_CURVE ( 'NONE', #11422, #9569, #3966, .T. ) ;
#4151 = ORIENTED_EDGE ( 'NONE', *, *, #1921, .T. ) ;
#4152 = VECTOR ( 'NONE', #2029, 1000.000000000000000 ) ;
#4153 = CARTESIAN_POINT ( 'NONE',  ( -5.865000000000000200, -1.100000000000000100, 0.0000000000000000000 ) ) ;
#4154 = EDGE_LOOP ( 'NONE', ( #2931, #8033, #12782, #3337 ) ) ;
#4155 = STYLED_ITEM ( 'NONE', ( #2058 ), #5372 ) ;
#4156 = PLANE ( 'NONE',  #11370 ) ;
#4157 = ORIENTED_EDGE ( 'NONE', *, *, #3494, .F. ) ;
#4158 = FACE_OUTER_BOUND ( 'NONE', #6437, .T. ) ;
#4159 = DIRECTION ( 'NONE',  ( 0.0000000000000000000, -1.000000000000000000, -1.294569758191649100E-016 ) ) ;
#4160 = FACE_OUTER_BOUND ( 'NONE', #11357, .T. ) ;
#4161 = DIRECTION ( 'NONE',  ( 0.1940285000290634100, 0.1455213750217966800, -0.9701425001453328800 ) ) ;
#4162 = EDGE_CURVE ( 'NONE', #11474, #5578, #6576, .T. ) ;
#4163 = ORIENTED_EDGE ( 'NONE', *, *, #11187, .T. ) ;
#4164 = EDGE_LOOP ( 'NONE', ( #10676, #4381, #9241, #11789 ) ) ;
#4165 = LINE ( 'NONE', #12691, #7511 ) ;
#4166 = AXIS2_PLACEMENT_3D ( 'NONE', #1805, #8661, #2795 ) ;
#4167 = EDGE_LOOP ( 'NONE', ( #4291, #2250, #8799, #7904 ) ) ;
#4168 = ORIENTED_EDGE ( 'NONE', *, *, #9570, .F. ) ;
#4169 = EDGE_CURVE ( 'NONE', #3952, #4759, #11533, .T. ) ;
#4170 = DIRECTION ( 'NONE',  ( 0.0000000000000000000, -1.000000000000000000, -0.0000000000000000000 ) ) ;
#4171 = VECTOR ( 'NONE', #3414, 1000.000000000000000 ) ;
#4172 = MECHANICAL_DESIGN_GEOMETRIC_PRESENTATION_REPRESENTATION (  '', ( #2155 ), #4814 ) ;
#4173 =( NAMED_UNIT ( * ) SI_UNIT ( $, .STERADIAN. ) SOLID_ANGLE_UNIT ( ) );
#4174 = DIRECTION ( 'NONE',  ( 0.0000000000000000000, 0.0000000000000000000, 1.000000000000000000 ) ) ;
#4175 = EDGE_CURVE ( 'NONE', #5, #3648, #1325, .T. ) ;
#4176 = LINE ( 'NONE', #12690, #8757 ) ;
#4177 =( LENGTH_UNIT ( ) NAMED_UNIT ( * ) SI_UNIT ( .MILLI., .METRE. ) );
#4178 = ORIENTED_EDGE ( 'NONE', *, *, #6693, .T. ) ;
#4179 = PRESENTATION_STYLE_ASSIGNMENT (( #8185 ) ) ;
#4180 = VECTOR ( 'NONE', #10592, 1000.000000000000000 ) ;
#4181 = ORIENTED_EDGE ( 'NONE', *, *, #6957, .F. ) ;
#4182 = VECTOR ( 'NONE', #7666, 1000.000000000000000 ) ;
#4183 = EDGE_CURVE ( 'NONE', #7022, #8422, #6246, .T. ) ;
#4184 = DIRECTION ( 'NONE',  ( -1.000000000000000000, 0.0000000000000000000, -2.304851557154561000E-017 ) ) ;
#4185 = CARTESIAN_POINT ( 'NONE',  ( -3.550000000000001200, 2.600000000000000100, 0.6499999999999985800 ) ) ;
#4186 = CARTESIAN_POINT ( 'NONE',  ( 1.049999999999999800, -1.100000000000000100, 0.6499999999999978000 ) ) ;
#4187 = AXIS2_PLACEMENT_3D ( 'NONE', #7779, #1906, #8780 ) ;
#4188 = DIRECTION ( 'NONE',  ( -0.0000000000000000000, 0.0000000000000000000, 1.000000000000000000 ) ) ;
#4189 = DIRECTION ( 'NONE',  ( -1.000000000000000000, -0.0000000000000000000, -0.0000000000000000000 ) ) ;
#4190 = DIRECTION ( 'NONE',  ( -0.0000000000000000000, -0.0000000000000000000, -1.000000000000000000 ) ) ;
#4191 = CARTESIAN_POINT ( 'NONE',  ( -5.149000000000000900, 1.100000000000000100, -2.710505431213761100E-017 ) ) ;
#4192 = SURFACE_STYLE_FILL_AREA ( #1481 ) ;
#4193 = CARTESIAN_POINT ( 'NONE',  ( -5.645000000000000500, -0.8799999999999986700, 1.275999999999999800 ) ) ;
#4194 = FILL_AREA_STYLE ('',( #5164 ) ) ;
#4195 = CARTESIAN_POINT ( 'NONE',  ( 4.324999999999997500, -1.000000000000000400, 4.699999999999997500 ) ) ;
#4196 = AXIS2_PLACEMENT_3D ( 'NONE', #6486, #1631, #8480 ) ;
#4197 = VERTEX_POINT ( 'NONE', #4210 ) ;
#4198 =( GEOMETRIC_REPRESENTATION_CONTEXT ( 3 ) GLOBAL_UNCERTAINTY_ASSIGNED_CONTEXT ( ( #10411 ) ) GLOBAL_UNIT_ASSIGNED_CONTEXT ( ( #7121, #10449, #8889 ) ) REPRESENTATION_CONTEXT ( 'NONE', 'WORKASPACE' ) );
#4199 = PRESENTATION_STYLE_ASSIGNMENT (( #8287 ) ) ;
#4200 = ORIENTED_EDGE ( 'NONE', *, *, #273, .F. ) ;
#4201 = VECTOR ( 'NONE', #3103, 1000.000000000000000 ) ;
#4202 = UNCERTAINTY_MEASURE_WITH_UNIT (LENGTH_MEASURE( 1.000000000000000100E-005 ), #5949, 'distance_accuracy_value', 'NONE');
#4203 = DIRECTION ( 'NONE',  ( 0.0000000000000000000, 0.0000000000000000000, -1.000000000000000000 ) ) ;
#4204 = CARTESIAN_POINT ( 'NONE',  ( -1.714999999999999000, 3.100000000000000100, 0.3499999999999989800 ) ) ;
#4205 = CIRCLE ( 'NONE', #11876, 0.3040000000000004400 ) ;
#4206 = ORIENTED_EDGE ( 'NONE', *, *, #594, .F. ) ;
#4207 = STYLED_ITEM ( 'NONE', ( #6193 ), #9285 ) ;
#4208 = ORIENTED_EDGE ( 'NONE', *, *, #11940, .F. ) ;
#4209 = VECTOR ( 'NONE', #10871, 1000.000000000000000 ) ;
#4210 = CARTESIAN_POINT ( 'NONE',  ( 2.965000000000001600, -0.6250000000000003300, 0.2999999999999964900 ) ) ;
#4211 = DIRECTION ( 'NONE',  ( 0.0000000000000000000, -1.000000000000000000, -0.0000000000000000000 ) ) ;
#4212 = ADVANCED_FACE ( 'NONE', ( #3338 ), #9093, .T. ) ;
#4213 = DIRECTION ( 'NONE',  ( -1.000000000000000000, 0.0000000000000000000, -0.0000000000000000000 ) ) ;
#4214 = ORIENTED_EDGE ( 'NONE', *, *, #96, .T. ) ;
#4215 = VERTEX_POINT ( 'NONE', #6146 ) ;
#4216 = ORIENTED_EDGE ( 'NONE', *, *, #4100, .T. ) ;
#4217 = DIRECTION ( 'NONE',  ( 1.000000000000000000, 0.0000000000000000000, 0.0000000000000000000 ) ) ;
#4218 = PRESENTATION_STYLE_ASSIGNMENT (( #12548 ) ) ;
#4219 = DIRECTION ( 'NONE',  ( -1.000000000000000000, 0.0000000000000000000, -0.0000000000000000000 ) ) ;
#4220 = ORIENTED_EDGE ( 'NONE', *, *, #11439, .F. ) ;
#4221 = ADVANCED_FACE ( 'NONE', ( #12631 ), #5227, .T. ) ;
#4222 = VECTOR ( 'NONE', #11811, 1000.000000000000000 ) ;
#4223 = DIRECTION ( 'NONE',  ( 1.000000000000000000, 0.0000000000000000000, -0.0000000000000000000 ) ) ;
#4224 = VERTEX_POINT ( 'NONE', #306 ) ;
#4225 = DIRECTION ( 'NONE',  ( 1.000000000000000000, 0.0000000000000000000, -0.0000000000000000000 ) ) ;
#4226 = ORIENTED_EDGE ( 'NONE', *, *, #6300, .F. ) ;
#4227 = LINE ( 'NONE', #9272, #9139 ) ;
#4228 = CARTESIAN_POINT ( 'NONE',  ( 2.699999999999999300, 2.600000000000000100, 0.6499999999999973600 ) ) ;
#4229 =( NAMED_UNIT ( * ) SI_UNIT ( $, .STERADIAN. ) SOLID_ANGLE_UNIT ( ) );
#4230 = CARTESIAN_POINT ( 'NONE',  ( 6.125000000000000000, -1.100000000000000100, 0.3039999999999999400 ) ) ;
#4231 =( LENGTH_UNIT ( ) NAMED_UNIT ( * ) SI_UNIT ( .MILLI., .METRE. ) );
#4232 = VERTEX_POINT ( 'NONE', #9176 ) ;
#4233 = CYLINDRICAL_SURFACE ( 'NONE', #1331, 0.05000000000000002400 ) ;
#4234 = DIRECTION ( 'NONE',  ( 0.0000000000000000000, -1.000000000000000000, 0.0000000000000000000 ) ) ;
#4235 = ORIENTED_EDGE ( 'NONE', *, *, #9677, .T. ) ;
#4236 = VERTEX_POINT ( 'NONE', #12164 ) ;
#4237 = FILL_AREA_STYLE_COLOUR ( '', #8863 ) ;
#4238 =( NAMED_UNIT ( * ) PLANE_ANGLE_UNIT ( ) SI_UNIT ( $, .RADIAN. ) );
#4239 = EDGE_CURVE ( 'NONE', #12609, #2708, #2391, .T. ) ;
#4240 = VECTOR ( 'NONE', #11828, 1000.000000000000000 ) ;
#4241 = EDGE_CURVE ( 'NONE', #12004, #663, #5017, .T. ) ;
#4242 = DIRECTION ( 'NONE',  ( 0.0000000000000000000, 0.0000000000000000000, 1.000000000000000000 ) ) ;
#4243 =( LENGTH_UNIT ( ) NAMED_UNIT ( * ) SI_UNIT ( .MILLI., .METRE. ) );
#4244 = DIRECTION ( 'NONE',  ( -0.0000000000000000000, 1.000000000000000000, 0.0000000000000000000 ) ) ;
#4245 = CARTESIAN_POINT ( 'NONE',  ( -0.4649999999999988600, -0.3750000000000001100, 0.6499999999999975800 ) ) ;
#4246 = EDGE_LOOP ( 'NONE', ( #8385, #6806, #501, #8943 ) ) ;
#4247 = EDGE_CURVE ( 'NONE', #11902, #1510, #4710, .T. ) ;
#4248 = VECTOR ( 'NONE', #7226, 1000.000000000000000 ) ;
#4249 = ORIENTED_EDGE ( 'NONE', *, *, #1910, .T. ) ;
#4250 = ORIENTED_EDGE ( 'NONE', *, *, #11711, .F. ) ;
#4251 = DIRECTION ( 'NONE',  ( -1.000000000000000000, 0.0000000000000000000, 0.0000000000000000000 ) ) ;
#4252 = CARTESIAN_POINT ( 'NONE',  ( 3.550000000000000300, 2.600000000000000100, 0.6499999999999973600 ) ) ;
#4253 = EDGE_CURVE ( 'NONE', #5800, #2696, #7620, .T. ) ;
#4254 = EDGE_CURVE ( 'NONE', #3290, #5779, #9636, .T. ) ;
#4255 = CARTESIAN_POINT ( 'NONE',  ( 5.099000000000000200, -1.100000000000000100, 1.055999999999996300 ) ) ;
#4256 = LINE ( 'NONE', #9491, #9473 ) ;
#4257 = ORIENTED_EDGE ( 'NONE', *, *, #10749, .F. ) ;
#4258 = VECTOR ( 'NONE', #3590, 1000.000000000000000 ) ;
#4259 = DIRECTION ( 'NONE',  ( -1.000000000000000000, 0.0000000000000000000, 0.0000000000000000000 ) ) ;
#4260 = DIRECTION ( 'NONE',  ( 0.0000000000000000000, 0.0000000000000000000, -1.000000000000000000 ) ) ;
#4261 = EDGE_CURVE ( 'NONE', #2820, #12450, #2086, .T. ) ;
#4262 = VERTEX_POINT ( 'NONE', #5319 ) ;
#4263 =( LENGTH_UNIT ( ) NAMED_UNIT ( * ) SI_UNIT ( .MILLI., .METRE. ) );
#4264 = ADVANCED_FACE ( 'NONE', ( #12005 ), #12256, .T. ) ;
#4265 = DIRECTION ( 'NONE',  ( 0.0000000000000000000, 0.0000000000000000000, -1.000000000000000000 ) ) ;
#4266 =( NAMED_UNIT ( * ) SI_UNIT ( $, .STERADIAN. ) SOLID_ANGLE_UNIT ( ) );
#4267 = FACE_OUTER_BOUND ( 'NONE', #9538, .T. ) ;
#4268 =( GEOMETRIC_REPRESENTATION_CONTEXT ( 3 ) GLOBAL_UNCERTAINTY_ASSIGNED_CONTEXT ( ( #5305 ) ) GLOBAL_UNIT_ASSIGNED_CONTEXT ( ( #12359, #4302, #372 ) ) REPRESENTATION_CONTEXT ( 'NONE', 'WORKASPACE' ) );
#4269 = LINE ( 'NONE', #4153, #9185 ) ;
#4270 = LINE ( 'NONE', #12625, #9188 ) ;
#4271 = VERTEX_POINT ( 'NONE', #4330 ) ;
#4272 = MECHANICAL_DESIGN_GEOMETRIC_PRESENTATION_REPRESENTATION (  '', ( #2263 ), #4917 ) ;
#4273 = CARTESIAN_POINT ( 'NONE',  ( 6.250000000000000000, 1.850174355777312200E-016, 0.6499999999999973600 ) ) ;
#4274 = DIRECTION ( 'NONE',  ( -1.000000000000000000, -0.0000000000000000000, -0.0000000000000000000 ) ) ;
#4275 = DIRECTION ( 'NONE',  ( 0.0000000000000000000, 1.000000000000000000, 4.336808689942013800E-015 ) ) ;
#4276 = LINE ( 'NONE', #6641, #1659 ) ;
#4277 = ADVANCED_FACE ( 'NONE', ( #11684 ), #3377, .F. ) ;
#4278 = LINE ( 'NONE', #3790, #1661 ) ;
#4279 = UNCERTAINTY_MEASURE_WITH_UNIT (LENGTH_MEASURE( 1.000000000000000100E-005 ), #11308, 'distance_accuracy_value', 'NONE');
#4280 = PLANE ( 'NONE',  #371 ) ;
#4281 = ORIENTED_EDGE ( 'NONE', *, *, #752, .F. ) ;
#4282 = LINE ( 'NONE', #8325, #9204 ) ;
#4283 = DIRECTION ( 'NONE',  ( 0.0000000000000000000, -1.000000000000000000, 0.0000000000000000000 ) ) ;
#4284 = STYLED_ITEM ( 'NONE', ( #5064 ), #1471 ) ;
#4285 = ORIENTED_EDGE ( 'NONE', *, *, #1088, .F. ) ;
#4286 = ORIENTED_EDGE ( 'NONE', *, *, #96, .F. ) ;
#4287 = CARTESIAN_POINT ( 'NONE',  ( 5.645000000000000500, 1.200000000000000000, 1.529999999999999800 ) ) ;
#4288 = SURFACE_SIDE_STYLE ('',( #10382 ) ) ;
#4289 = VECTOR ( 'NONE', #2836, 1000.000000000000200 ) ;
#4290 =( NAMED_UNIT ( * ) PLANE_ANGLE_UNIT ( ) SI_UNIT ( $, .RADIAN. ) );
#4291 = ORIENTED_EDGE ( 'NONE', *, *, #9733, .T. ) ;
#4292 = DIRECTION ( 'NONE',  ( 0.0000000000000000000, 0.0000000000000000000, -1.000000000000000000 ) ) ;
#4293 = UNCERTAINTY_MEASURE_WITH_UNIT (LENGTH_MEASURE( 1.000000000000000100E-005 ), #9949, 'distance_accuracy_value', 'NONE');
#4294 = FACE_OUTER_BOUND ( 'NONE', #4167, .T. ) ;
#4295 = VERTEX_POINT ( 'NONE', #5359 ) ;
#4296 =( NAMED_UNIT ( * ) SI_UNIT ( $, .STERADIAN. ) SOLID_ANGLE_UNIT ( ) );
#4297 = CARTESIAN_POINT ( 'NONE',  ( 1.715000000000001200, 0.0000000000000000000, 3.499999999999982200 ) ) ;
#4298 =( GEOMETRIC_REPRESENTATION_CONTEXT ( 3 ) GLOBAL_UNCERTAINTY_ASSIGNED_CONTEXT ( ( #9378 ) ) GLOBAL_UNIT_ASSIGNED_CONTEXT ( ( #8134, #2225, #9137 ) ) REPRESENTATION_CONTEXT ( 'NONE', 'WORKASPACE' ) );
#4299 = DIRECTION ( 'NONE',  ( -1.000000000000000000, -0.0000000000000000000, -0.0000000000000000000 ) ) ;
#4300 = CARTESIAN_POINT ( 'NONE',  ( -1.714999999999999000, 2.350000000000003600, 0.6499999999999985800 ) ) ;
#4301 = SURFACE_STYLE_FILL_AREA ( #1128 ) ;
#4302 =( NAMED_UNIT ( * ) PLANE_ANGLE_UNIT ( ) SI_UNIT ( $, .RADIAN. ) );
#4303 = ORIENTED_EDGE ( 'NONE', *, *, #3082, .T. ) ;
#4304 = VERTEX_POINT ( 'NONE', #2364 ) ;
#4305 = VERTEX_POINT ( 'NONE', #12296 ) ;
#4306 = VECTOR ( 'NONE', #7695, 1000.000000000000000 ) ;
#4307 = DIRECTION ( 'NONE',  ( 0.0000000000000000000, 0.0000000000000000000, 1.000000000000000000 ) ) ;
#4308 = FILL_AREA_STYLE_COLOUR ( '', #5809 ) ;
#4309 = CARTESIAN_POINT ( 'NONE',  ( -5.099000000000001100, -1.100000000000000100, 0.3039999999999999400 ) ) ;
#4310 = ORIENTED_EDGE ( 'NONE', *, *, #988, .T. ) ;
#4311 = ORIENTED_EDGE ( 'NONE', *, *, #942, .T. ) ;
#4312 = EDGE_CURVE ( 'NONE', #8619, #6063, #4420, .T. ) ;
#4313 = CARTESIAN_POINT ( 'NONE',  ( 5.645000000000000500, 1.200000000000000000, 1.529999999999999800 ) ) ;
#4314 = DIRECTION ( 'NONE',  ( -1.000000000000000000, -4.336808689942013800E-016, 3.252606517456510300E-016 ) ) ;
#4315 = VECTOR ( 'NONE', #3188, 1000.000000000000000 ) ;
#4316 = EDGE_CURVE ( 'NONE', #1969, #3887, #4121, .T. ) ;
#4317 = SURFACE_STYLE_FILL_AREA ( #11260 ) ;
#4318 = CARTESIAN_POINT ( 'NONE',  ( -0.4649999999999988600, -0.6250000000000003300, 0.6499999999999964700 ) ) ;
#4319 = DIRECTION ( 'NONE',  ( 0.0000000000000000000, 0.7071067811865496800, 0.7071067811865453500 ) ) ;
#4320 = VERTEX_POINT ( 'NONE', #3420 ) ;
#4321 = AXIS2_PLACEMENT_3D ( 'NONE', #10651, #7687, #1819 ) ;
#4322 = DIRECTION ( 'NONE',  ( 0.1904761904761871300, 0.2380952380952350300, 0.9523809523809537700 ) ) ;
#4323 = EDGE_CURVE ( 'NONE', #2659, #8805, #1151, .T. ) ;
#4324 = SURFACE_SIDE_STYLE ('',( #10130 ) ) ;
#4326 = ORIENTED_EDGE ( 'NONE', *, *, #12556, .T. ) ;
#4325 = CARTESIAN_POINT ( 'NONE',  ( 4.845000000000000600, 1.100000000000000100, 1.225999999999999800 ) ) ;
#4327 = VERTEX_POINT ( 'NONE', #6375 ) ;
#4328 = DIRECTION ( 'NONE',  ( 0.0000000000000000000, 0.0000000000000000000, -1.000000000000000000 ) ) ;
#4329 = LINE ( 'NONE', #540, #9243 ) ;
#4330 = CARTESIAN_POINT ( 'NONE',  ( 1.715000000000001200, 0.4249999999999998200, 0.6499999999999964700 ) ) ;
#4331 = EDGE_CURVE ( 'NONE', #3693, #9583, #6722, .T. ) ;
#4332 = MECHANICAL_DESIGN_GEOMETRIC_PRESENTATION_REPRESENTATION (  '', ( #3001 ), #4968 ) ;
#4333 = ADVANCED_FACE ( 'NONE', ( #9016 ), #1426, .T. ) ;
#4334 = LINE ( 'NONE', #9441, #11921 ) ;
#4335 = DIRECTION ( 'NONE',  ( -0.7071067811865446900, -0.7071067811865503500, 0.0000000000000000000 ) ) ;
#4336 = LINE ( 'NONE', #9247, #6632 ) ;
#4337 = EDGE_CURVE ( 'NONE', #3391, #4232, #2547, .T. ) ;
#4338 = ORIENTED_EDGE ( 'NONE', *, *, #9168, .F. ) ;
#4339 = DIRECTION ( 'NONE',  ( -2.114887471287418600E-016, 0.7071067811865455700, -0.7071067811865493500 ) ) ;
#4340 = VECTOR ( 'NONE', #5549, 1000.000000000000000 ) ;
#4341 =( NAMED_UNIT ( * ) PLANE_ANGLE_UNIT ( ) SI_UNIT ( $, .RADIAN. ) );
#4342 =( GEOMETRIC_REPRESENTATION_CONTEXT ( 3 ) GLOBAL_UNCERTAINTY_ASSIGNED_CONTEXT ( ( #11027 ) ) GLOBAL_UNIT_ASSIGNED_CONTEXT ( ( #10656, #4746, #11677 ) ) REPRESENTATION_CONTEXT ( 'NONE', 'WORKASPACE' ) );
#4343 = SURFACE_STYLE_FILL_AREA ( #12848 ) ;
#4344 = DIRECTION ( 'NONE',  ( 1.000000000000000000, 0.0000000000000000000, -0.0000000000000000000 ) ) ;
#4345 = EDGE_CURVE ( 'NONE', #12516, #12117, #10419, .T. ) ;
#4346 = LINE ( 'NONE', #12314, #4043 ) ;
#4347 = ADVANCED_FACE ( 'NONE', ( #4864 ), #12469, .T. ) ;
#4348 = EDGE_CURVE ( 'NONE', #10269, #4295, #7472, .T. ) ;
#4349 = EDGE_LOOP ( 'NONE', ( #621, #8637, #10124, #434 ) ) ;
#4350 = DIRECTION ( 'NONE',  ( 0.0000000000000000000, 1.000000000000000000, 2.032879073410321300E-016 ) ) ;
#4351 = ORIENTED_EDGE ( 'NONE', *, *, #1589, .F. ) ;
#4352 = DIRECTION ( 'NONE',  ( 6.776263578034385000E-016, 1.000000000000000000, -0.0000000000000000000 ) ) ;
#4353 = AXIS2_PLACEMENT_3D ( 'NONE', #10247, #4374, #11275 ) ;
#4354 =( NAMED_UNIT ( * ) PLANE_ANGLE_UNIT ( ) SI_UNIT ( $, .RADIAN. ) );
#4355 = MECHANICAL_DESIGN_GEOMETRIC_PRESENTATION_REPRESENTATION (  '', ( #2341 ), #4990 ) ;
#4356 = DIRECTION ( 'NONE',  ( -0.7071067811865468000, 0.7071067811865483500, -1.629776165692361600E-017 ) ) ;
#4357 = CARTESIAN_POINT ( 'NONE',  ( -3.050000000000000300, -1.100000000000000100, 2.099999999999996100 ) ) ;
#4358 = ORIENTED_EDGE ( 'NONE', *, *, #923, .T. ) ;
#4360 = SURFACE_STYLE_USAGE ( .BOTH. , #1408 ) ;
#4359 = CARTESIAN_POINT ( 'NONE',  ( -3.550000000000001200, 2.600000000000000100, 0.6499999999999985800 ) ) ;
#4361 = DIRECTION ( 'NONE',  ( 0.0000000000000000000, 0.0000000000000000000, -1.000000000000000000 ) ) ;
#4362 = CARTESIAN_POINT ( 'NONE',  ( -2.964999999999999000, 3.100000000000000100, 0.3499999999999989800 ) ) ;
#4363 = AXIS2_PLACEMENT_3D ( 'NONE', #2488, #2582, #2924 ) ;
#4364 = FACE_OUTER_BOUND ( 'NONE', #801, .T. ) ;
#4365 = ORIENTED_EDGE ( 'NONE', *, *, #4331, .T. ) ;
#4366 = EDGE_LOOP ( 'NONE', ( #157, #11471, #3029, #7823 ) ) ;
#4367 = PRESENTATION_STYLE_ASSIGNMENT (( #8628 ) ) ;
#4368 = DIRECTION ( 'NONE',  ( 1.000000000000000000, 0.0000000000000000000, 0.0000000000000000000 ) ) ;
#4369 = DIRECTION ( 'NONE',  ( 0.0000000000000000000, -1.000000000000000000, -4.336808689942014600E-015 ) ) ;
#4370 = ORIENTED_EDGE ( 'NONE', *, *, #1258, .T. ) ;
#4371 = CARTESIAN_POINT ( 'NONE',  ( -2.034999999999998800, 3.000000000000000000, 0.4499999999999998400 ) ) ;
#4372 = CARTESIAN_POINT ( 'NONE',  ( -5.825000000000000200, 1.399999999999999900, 1.699999999999989700 ) ) ;
#4373 = MECHANICAL_DESIGN_GEOMETRIC_PRESENTATION_REPRESENTATION (  '', ( #3040 ), #5010 ) ;
#4374 = DIRECTION ( 'NONE',  ( 0.0000000000000000000, 1.141265444721583800E-016, -1.000000000000000000 ) ) ;
#4375 = EDGE_LOOP ( 'NONE', ( #5166, #10557, #10432, #1218 ) ) ;
#4376 = CARTESIAN_POINT ( 'NONE',  ( -0.4649999999999988600, -0.6250000000000003300, 0.2999999999999964900 ) ) ;
#4377 = LINE ( 'NONE', #9587, #11957 ) ;
#4378 = DIRECTION ( 'NONE',  ( 3.047487187526822800E-016, -0.0000000000000000000, 1.000000000000000000 ) ) ;
#4379 = ORIENTED_EDGE ( 'NONE', *, *, #11008, .T. ) ;
#4380 = ORIENTED_EDGE ( 'NONE', *, *, #2001, .F. ) ;
#4381 = ORIENTED_EDGE ( 'NONE', *, *, #7112, .F. ) ;
#4382 = DIRECTION ( 'NONE',  ( 0.0000000000000000000, 0.0000000000000000000, 1.000000000000000000 ) ) ;
#4383 = CARTESIAN_POINT ( 'NONE',  ( 4.625000000000000900, 1.700000000000000200, 4.699999999999996600 ) ) ;
#4384 = AXIS2_PLACEMENT_3D ( 'NONE', #7760, #2847, #4859 ) ;
#4385 = STYLED_ITEM ( 'NONE', ( #6893 ), #2346 ) ;
#4386 = ORIENTED_EDGE ( 'NONE', *, *, #12313, .T. ) ;
#4387 = CARTESIAN_POINT ( 'NONE',  ( 4.825000000000000200, 1.700000000000000000, 2.200000000000000200 ) ) ;
#4388 = FACE_OUTER_BOUND ( 'NONE', #12118, .T. ) ;
#4389 = LINE ( 'NONE', #2869, #9292 ) ;
#4390 = ORIENTED_EDGE ( 'NONE', *, *, #2380, .F. ) ;
#4391 = VECTOR ( 'NONE', #9052, 1000.000000000000000 ) ;
#4392 = UNCERTAINTY_MEASURE_WITH_UNIT (LENGTH_MEASURE( 1.000000000000000100E-005 ), #6751, 'distance_accuracy_value', 'NONE');
#4393 =( NAMED_UNIT ( * ) SI_UNIT ( $, .STERADIAN. ) SOLID_ANGLE_UNIT ( ) );
#4394 = EDGE_CURVE ( 'NONE', #10049, #11778, #12780, .T. ) ;
#4395 = VERTEX_POINT ( 'NONE', #2540 ) ;
#4396 = ADVANCED_FACE ( 'NONE', ( #1932 ), #10427, .T. ) ;
#4397 =( NAMED_UNIT ( * ) PLANE_ANGLE_UNIT ( ) SI_UNIT ( $, .RADIAN. ) );
#4398 = CARTESIAN_POINT ( 'NONE',  ( 3.285000000000001500, -0.6250000000000003300, 0.2999999999999964900 ) ) ;
#4399 = VERTEX_POINT ( 'NONE', #5479 ) ;
#4400 = VECTOR ( 'NONE', #9079, 1000.000000000000000 ) ;
#4401 = STYLED_ITEM ( 'NONE', ( #10066 ), #5233 ) ;
#4402 = CARTESIAN_POINT ( 'NONE',  ( -4.624999999999999100, 1.700000000000000000, 3.699999999999996600 ) ) ;
#4403 = DIRECTION ( 'NONE',  ( -0.7071067811865483500, 0.0000000000000000000, -0.7071067811865468000 ) ) ;
#4404 = EDGE_CURVE ( 'NONE', #12529, #4595, #2222, .T. ) ;
#4405 = SURFACE_STYLE_USAGE ( .BOTH. , #10285 ) ;
#4406 = ORIENTED_EDGE ( 'NONE', *, *, #10996, .T. ) ;
#4407 =( GEOMETRIC_REPRESENTATION_CONTEXT ( 3 ) GLOBAL_UNCERTAINTY_ASSIGNED_CONTEXT ( ( #465 ) ) GLOBAL_UNIT_ASSIGNED_CONTEXT ( ( #8411, #2529, #9416 ) ) REPRESENTATION_CONTEXT ( 'NONE', 'WORKASPACE' ) );
#4408 = LINE ( 'NONE', #830, #2071 ) ;
#4409 = SURFACE_STYLE_FILL_AREA ( #10870 ) ;
#4410 = EDGE_CURVE ( 'NONE', #4510, #10582, #9776, .T. ) ;
#4411 = ADVANCED_FACE ( 'NONE', ( #1642 ), #2589, .T. ) ;
#4412 = DIRECTION ( 'NONE',  ( 0.0000000000000000000, -1.000000000000000000, -2.032879073410321300E-016 ) ) ;
#4413 = CARTESIAN_POINT ( 'NONE',  ( -0.7849999999999988100, 2.999999999999999600, -1.761828530288944700E-016 ) ) ;
#4414 = CARTESIAN_POINT ( 'NONE',  ( -1.714999999999999000, 3.100000000000000100, 0.09999999999999947800 ) ) ;
#4415 = ORIENTED_EDGE ( 'NONE', *, *, #3512, .F. ) ;
#4416 = EDGE_CURVE ( 'NONE', #4008, #5552, #6863, .T. ) ;
#4417 = LINE ( 'NONE', #12316, #9632 ) ;
#4418 = CARTESIAN_POINT ( 'NONE',  ( -0.4649999999999988600, 3.100000000000000100, 0.09999999999999947800 ) ) ;
#4419 = LINE ( 'NONE', #6464, #12003 ) ;
#4420 = LINE ( 'NONE', #7320, #1477 ) ;
#4421 = EDGE_CURVE ( 'NONE', #1398, #10402, #11841, .T. ) ;
#4422 =( NAMED_UNIT ( * ) PLANE_ANGLE_UNIT ( ) SI_UNIT ( $, .RADIAN. ) );
#4423 = ORIENTED_EDGE ( 'NONE', *, *, #2099, .F. ) ;
#4424 = FILL_AREA_STYLE_COLOUR ( '', #309 ) ;
#4425 = ORIENTED_EDGE ( 'NONE', *, *, #3677, .F. ) ;
#4426 =( NAMED_UNIT ( * ) PLANE_ANGLE_UNIT ( ) SI_UNIT ( $, .RADIAN. ) );
#4427 = DIRECTION ( 'NONE',  ( 0.0000000000000000000, 1.294569758191649100E-016, -1.000000000000000000 ) ) ;
#4428 = LINE ( 'NONE', #2230, #9336 ) ;
#4429 = PRESENTATION_STYLE_ASSIGNMENT (( #4016 ) ) ;
#4430 =( GEOMETRIC_REPRESENTATION_CONTEXT ( 3 ) GLOBAL_UNCERTAINTY_ASSIGNED_CONTEXT ( ( #9467 ) ) GLOBAL_UNIT_ASSIGNED_CONTEXT ( ( #7297, #1403, #8277 ) ) REPRESENTATION_CONTEXT ( 'NONE', 'WORKASPACE' ) );
#4431 =( NAMED_UNIT ( * ) SI_UNIT ( $, .STERADIAN. ) SOLID_ANGLE_UNIT ( ) );
#4432 = FACE_OUTER_BOUND ( 'NONE', #2891, .T. ) ;
#4433 = FILL_AREA_STYLE ('',( #2425 ) ) ;
#4434 = LINE ( 'NONE', #3453, #9648 ) ;
#4435 = ORIENTED_EDGE ( 'NONE', *, *, #8258, .T. ) ;
#4436 = DIRECTION ( 'NONE',  ( 0.0000000000000000000, -1.000000000000000000, 1.355252715606881500E-016 ) ) ;
#4437 = ORIENTED_EDGE ( 'NONE', *, *, #5857, .F. ) ;
#4438 = VERTEX_POINT ( 'NONE', #618 ) ;
#4439 = DIRECTION ( 'NONE',  ( -0.0000000000000000000, -1.000000000000000000, 0.0000000000000000000 ) ) ;
#4440 =( NAMED_UNIT ( * ) SI_UNIT ( $, .STERADIAN. ) SOLID_ANGLE_UNIT ( ) );
#4441 = AXIS2_PLACEMENT_3D ( 'NONE', #2397, #2581, #8168 ) ;
#4442 = LINE ( 'NONE', #3949, #4136 ) ;
#4443 = SURFACE_STYLE_FILL_AREA ( #3624 ) ;
#4444 = PRESENTATION_LAYER_ASSIGNMENT (  '', '', ( #3120 ) ) ;
#4445 = VERTEX_POINT ( 'NONE', #7518 ) ;
#4446 = VECTOR ( 'NONE', #11185, 1000.000000000000000 ) ;
#4447 = VECTOR ( 'NONE', #8067, 1000.000000000000000 ) ;
#4448 = VERTEX_POINT ( 'NONE', #9512 ) ;
#4449 = DIRECTION ( 'NONE',  ( -1.000000000000000000, 6.776263578034385000E-016, 0.0000000000000000000 ) ) ;
#4450 = CARTESIAN_POINT ( 'NONE',  ( -2.964999999999999000, -0.1500000000000003000, 0.1799999999999965800 ) ) ;
#4451 = CARTESIAN_POINT ( 'NONE',  ( 1.715000000000001200, 0.3499999999999997000, 3.499999999999982200 ) ) ;
#4452 = CARTESIAN_POINT ( 'NONE',  ( -4.625000000000000900, 1.420000000000003000, 0.2999999999999999900 ) ) ;
#4453 = CARTESIAN_POINT ( 'NONE',  ( 4.024999999999995900, 0.8499999999999996400, 1.749999999999996400 ) ) ;
#4454 = EDGE_LOOP ( 'NONE', ( #1093, #1896, #2331, #11507 ) ) ;
#4455 = FILL_AREA_STYLE_COLOUR ( '', #5347 ) ;
#4456 = VECTOR ( 'NONE', #9248, 1000.000000000000000 ) ;
#4457 = DIRECTION ( 'NONE',  ( 0.0000000000000000000, -0.0000000000000000000, -1.000000000000000000 ) ) ;
#4458 = VECTOR ( 'NONE', #4184, 1000.000000000000000 ) ;
#4459 =( NAMED_UNIT ( * ) PLANE_ANGLE_UNIT ( ) SI_UNIT ( $, .RADIAN. ) );
#4460 = MECHANICAL_DESIGN_GEOMETRIC_PRESENTATION_REPRESENTATION (  '', ( #2454 ), #5096 ) ;
#4461 = LINE ( 'NONE', #5930, #9364 ) ;
#4462 = FILL_AREA_STYLE ('',( #5277 ) ) ;
#4463 = ADVANCED_FACE ( 'NONE', ( #1313 ), #2628, .T. ) ;
#4464 = UNCERTAINTY_MEASURE_WITH_UNIT (LENGTH_MEASURE( 1.000000000000000100E-005 ), #11032, 'distance_accuracy_value', 'NONE');
#4465 = ORIENTED_EDGE ( 'NONE', *, *, #9100, .F. ) ;
#4466 = DIRECTION ( 'NONE',  ( -1.000000000000000000, 0.0000000000000000000, 0.0000000000000000000 ) ) ;
#4467 = CARTESIAN_POINT ( 'NONE',  ( -2.034999999999998800, 0.4249999999999998200, 0.6499999999999964700 ) ) ;
#4468 = VECTOR ( 'NONE', #11647, 1000.000000000000000 ) ;
#4469 = DIRECTION ( 'NONE',  ( 0.0000000000000000000, 1.000000000000000000, 4.336808689942013800E-015 ) ) ;
#4470 = LINE ( 'NONE', #9866, #6765 ) ;
#4471 = CARTESIAN_POINT ( 'NONE',  ( 4.625000000000000900, 1.399999999999998600, 4.699999999999997500 ) ) ;
#4472 = ORIENTED_EDGE ( 'NONE', *, *, #10773, .T. ) ;
#4473 = EDGE_LOOP ( 'NONE', ( #2793, #8293, #8891, #7881, #1638 ) ) ;
#4474 = LINE ( 'NONE', #12602, #6768 ) ;
#4475 = ORIENTED_EDGE ( 'NONE', *, *, #5252, .F. ) ;
#4476 = ORIENTED_EDGE ( 'NONE', *, *, #1611, .T. ) ;
#4477 = STYLED_ITEM ( 'NONE', ( #12771 ), #4707 ) ;
#4478 = ADVANCED_FACE ( 'NONE', ( #392 ), #3671, .T. ) ;
#4479 = STYLED_ITEM ( 'NONE', ( #11852 ), #3311 ) ;
#4480 = FILL_AREA_STYLE ('',( #1276 ) ) ;
#4481 =( NAMED_UNIT ( * ) PLANE_ANGLE_UNIT ( ) SI_UNIT ( $, .RADIAN. ) );
#4482 = LINE ( 'NONE', #3499, #4171 ) ;
#4483 = DIRECTION ( 'NONE',  ( 1.000000000000000000, 2.344220913482171700E-016, 0.0000000000000000000 ) ) ;
#4484 = EDGE_CURVE ( 'NONE', #7816, #3863, #10574, .T. ) ;
#4485 = DIRECTION ( 'NONE',  ( 0.0000000000000000000, 1.000000000000000000, -1.204669080539448900E-016 ) ) ;
#4486 = EDGE_LOOP ( 'NONE', ( #3064, #269, #2365, #7235 ) ) ;
#4487 = CIRCLE ( 'NONE', #3343, 0.05000000000000056500 ) ;
#4488 = CARTESIAN_POINT ( 'NONE',  ( 2.035000000000001000, 0.4249999999999998200, 3.999999999999993300 ) ) ;
#4489 = CARTESIAN_POINT ( 'NONE',  ( 1.715000000000001200, 2.350000000000003600, 0.6499999999999985800 ) ) ;
#4490 = VERTEX_POINT ( 'NONE', #12587 ) ;
#4491 = LINE ( 'NONE', #6750, #12083 ) ;
#4492 = EDGE_CURVE ( 'NONE', #9187, #6603, #3018, .T. ) ;
#4493 = PRESENTATION_STYLE_ASSIGNMENT (( #6261 ) ) ;
#4494 = CARTESIAN_POINT ( 'NONE',  ( 5.636999999999999600, 1.587999999999999900, 0.2540000000000000000 ) ) ;
#4495 = EDGE_CURVE ( 'NONE', #10126, #3525, #7921, .T. ) ;
#4496 = CARTESIAN_POINT ( 'NONE',  ( 5.149000000000000900, 1.100000000000000100, 1.530000000000000000 ) ) ;
#4498 = VECTOR ( 'NONE', #10259, 1000.000000000000000 ) ;
#4497 = DIRECTION ( 'NONE',  ( 0.0000000000000000000, 0.0000000000000000000, -1.000000000000000000 ) ) ;
#4499 = CARTESIAN_POINT ( 'NONE',  ( -4.625000000000000900, -1.100000000000000100, 0.2999999999999999900 ) ) ;
#4500 = EDGE_LOOP ( 'NONE', ( #11585, #12416, #7966, #7624 ) ) ;
#4501 = DIRECTION ( 'NONE',  ( 0.0000000000000000000, -1.000000000000000000, 0.0000000000000000000 ) ) ;
#4502 = LINE ( 'NONE', #1369, #9710 ) ;
#4503 = DIRECTION ( 'NONE',  ( 0.0000000000000000000, 0.0000000000000000000, -1.000000000000000000 ) ) ;
#4504 = EDGE_CURVE ( 'NONE', #3642, #7202, #9174, .T. ) ;
#4505 = EDGE_CURVE ( 'NONE', #5853, #8630, #10246, .T. ) ;
#4506 = LINE ( 'NONE', #12730, #9403 ) ;
#4507 = MECHANICAL_DESIGN_GEOMETRIC_PRESENTATION_REPRESENTATION (  '', ( #2495 ), #5145 ) ;
#4508 = UNCERTAINTY_MEASURE_WITH_UNIT (LENGTH_MEASURE( 1.000000000000000100E-005 ), #3731, 'distance_accuracy_value', 'NONE');
#4509 = ORIENTED_EDGE ( 'NONE', *, *, #8082, .F. ) ;
#4510 = VERTEX_POINT ( 'NONE', #1775 ) ;
#4511 = FILL_AREA_STYLE ('',( #3518 ) ) ;
#4512 = ORIENTED_EDGE ( 'NONE', *, *, #12442, .T. ) ;
#4513 =( GEOMETRIC_REPRESENTATION_CONTEXT ( 3 ) GLOBAL_UNCERTAINTY_ASSIGNED_CONTEXT ( ( #3344 ) ) GLOBAL_UNIT_ASSIGNED_CONTEXT ( ( #5314, #12250, #6282 ) ) REPRESENTATION_CONTEXT ( 'NONE', 'WORKASPACE' ) );
#4514 = ORIENTED_EDGE ( 'NONE', *, *, #9527, .T. ) ;
#4515 = LINE ( 'NONE', #11803, #1877 ) ;
#4516 =( NAMED_UNIT ( * ) PLANE_ANGLE_UNIT ( ) SI_UNIT ( $, .RADIAN. ) );
#4517 = EDGE_CURVE ( 'NONE', #207, #2224, #79, .T. ) ;
#4518 =( LENGTH_UNIT ( ) NAMED_UNIT ( * ) SI_UNIT ( .MILLI., .METRE. ) );
#4519 = MECHANICAL_DESIGN_GEOMETRIC_PRESENTATION_REPRESENTATION (  '', ( #2515 ), #5169 ) ;
#4520 = DIRECTION ( 'NONE',  ( 0.0000000000000000000, 0.0000000000000000000, 1.000000000000000000 ) ) ;
#4521 = ORIENTED_EDGE ( 'NONE', *, *, #12608, .F. ) ;
#4522 = LINE ( 'NONE', #8798, #3286 ) ;
#4523 = CARTESIAN_POINT ( 'NONE',  ( -0.4649999999999988600, -0.1500000000000003000, 0.1799999999999965800 ) ) ;
#4524 = ORIENTED_EDGE ( 'NONE', *, *, #626, .F. ) ;
#4525 = PRESENTATION_LAYER_ASSIGNMENT (  '', '', ( #3199 ) ) ;
#4526 = ORIENTED_EDGE ( 'NONE', *, *, #7355, .F. ) ;
#4527 = ADVANCED_FACE ( 'NONE', ( #7318 ), #7640, .T. ) ;
#4528 = CARTESIAN_POINT ( 'NONE',  ( 4.825000000000000200, -0.8000000000000014900, 2.200000000000000200 ) ) ;
#4529 = PLANE ( 'NONE',  #10278 ) ;
#4530 = MECHANICAL_DESIGN_GEOMETRIC_PRESENTATION_REPRESENTATION (  '', ( #3204 ), #5175 ) ;
#4531 = VECTOR ( 'NONE', #6892, 999.9999999999998900 ) ;
#4532 = VERTEX_POINT ( 'NONE', #3755 ) ;
#4533 = VECTOR ( 'NONE', #5012, 1000.000000000000000 ) ;
#4534 = ORIENTED_EDGE ( 'NONE', *, *, #11595, .T. ) ;
#4535 = PLANE ( 'NONE',  #7016 ) ;
#4536 = DIRECTION ( 'NONE',  ( 0.0000000000000000000, -0.7071067811865439100, 0.7071067811865512400 ) ) ;
#4537 = DIRECTION ( 'NONE',  ( 0.0000000000000000000, -0.7071067811865441300, 0.7071067811865510100 ) ) ;
#4538 = ADVANCED_FACE ( 'NONE', ( #9002 ), #10686, .T. ) ;
#4539 = FILL_AREA_STYLE ('',( #1608 ) ) ;
#4540 = PRESENTATION_LAYER_ASSIGNMENT (  '', '', ( #3216 ) ) ;
#4541 = DIRECTION ( 'NONE',  ( -0.0000000000000000000, 0.0000000000000000000, 1.000000000000000000 ) ) ;
#4542 = ORIENTED_EDGE ( 'NONE', *, *, #1705, .F. ) ;
#4543 = ORIENTED_EDGE ( 'NONE', *, *, #5781, .F. ) ;
#4544 = SURFACE_STYLE_FILL_AREA ( #6942 ) ;
#4545 = UNCERTAINTY_MEASURE_WITH_UNIT (LENGTH_MEASURE( 1.000000000000000100E-005 ), #5820, 'distance_accuracy_value', 'NONE');
#4546 = CARTESIAN_POINT ( 'NONE',  ( -5.825000000000000200, 1.399999999999999900, 4.699999999999997500 ) ) ;
#4547 = DIRECTION ( 'NONE',  ( 0.0000000000000000000, -1.000000000000000000, 0.0000000000000000000 ) ) ;
#4548 = MECHANICAL_DESIGN_GEOMETRIC_PRESENTATION_REPRESENTATION (  '', ( #2548 ), #5194 ) ;
#4549 = CARTESIAN_POINT ( 'NONE',  ( 2.965000000000001600, -0.3750000000000001100, 1.749999999999996400 ) ) ;
#4550 = AXIS2_PLACEMENT_3D ( 'NONE', #2369, #9268, #3384 ) ;
#4551 = FILL_AREA_STYLE_COLOUR ( '', #9250 ) ;
#4552 = DIRECTION ( 'NONE',  ( -1.000000000000000000, 1.807003620809171900E-016, 0.0000000000000000000 ) ) ;
#4553 = ORIENTED_EDGE ( 'NONE', *, *, #6638, .F. ) ;
#4554 = EDGE_CURVE ( 'NONE', #9679, #11077, #11675, .T. ) ;
#4555 = ORIENTED_EDGE ( 'NONE', *, *, #11704, .F. ) ;
#4556 = COLOUR_RGB ( '',0.8000000000000000400, 0.8078431372549019800, 0.8000000000000000400 ) ;
#4557 = FACE_OUTER_BOUND ( 'NONE', #11639, .T. ) ;
#4558 = EDGE_CURVE ( 'NONE', #2754, #6940, #1143, .T. ) ;
#4559 = DIRECTION ( 'NONE',  ( 0.0000000000000000000, -1.000000000000000000, 0.0000000000000000000 ) ) ;
#4560 = ORIENTED_EDGE ( 'NONE', *, *, #4162, .T. ) ;
#4561 = DIRECTION ( 'NONE',  ( -3.252606517456510300E-016, 0.0000000000000000000, -1.000000000000000000 ) ) ;
#4562 = DIRECTION ( 'NONE',  ( 0.0000000000000000000, 0.7071067811865441300, -0.7071067811865510100 ) ) ;
#4563 = CARTESIAN_POINT ( 'NONE',  ( 4.024999999999995900, 0.0000000000000000000, 3.699999999999996600 ) ) ;
#4564 = CARTESIAN_POINT ( 'NONE',  ( 4.125000000000000000, -0.4000000000000005200, 0.04999999999999731000 ) ) ;
#4565 = EDGE_CURVE ( 'NONE', #7935, #2021, #11360, .T. ) ;
#4566 = EDGE_CURVE ( 'NONE', #10770, #12051, #6396, .T. ) ;
#4567 = PLANE ( 'NONE',  #3180 ) ;
#4568 = VECTOR ( 'NONE', #1609, 1000.000000000000000 ) ;
#4569 = ORIENTED_EDGE ( 'NONE', *, *, #8908, .T. ) ;
#4570 = DIRECTION ( 'NONE',  ( 0.0000000000000000000, 0.0000000000000000000, -1.000000000000000000 ) ) ;
#4571 = EDGE_CURVE ( 'NONE', #9569, #8341, #6057, .T. ) ;
#4572 = CARTESIAN_POINT ( 'NONE',  ( 5.099000000000000200, 1.200000000000000000, 1.275999999999999600 ) ) ;
#4573 = AXIS2_PLACEMENT_3D ( 'NONE', #2047, #8934, #3055 ) ;
#4574 = LINE ( 'NONE', #6384, #6870 ) ;
#4575 = EDGE_CURVE ( 'NONE', #9412, #12529, #843, .T. ) ;
#4576 = VECTOR ( 'NONE', #3279, 1000.000000000000000 ) ;
#4577 = VERTEX_POINT ( 'NONE', #12763 ) ;
#4578 = LINE ( 'NONE', #11568, #9490 ) ;
#4579 = DIRECTION ( 'NONE',  ( 1.000000000000000000, 0.0000000000000000000, 0.0000000000000000000 ) ) ;
#4580 = MECHANICAL_DESIGN_GEOMETRIC_PRESENTATION_REPRESENTATION (  '', ( #2591 ), #5241 ) ;
#4581 = EDGE_LOOP ( 'NONE', ( #10705, #6611, #1875, #12638 ) ) ;
#4582 = CARTESIAN_POINT ( 'NONE',  ( 4.024999999999995900, 1.700000000000000200, 1.749999999999996400 ) ) ;
#4583 = EDGE_CURVE ( 'NONE', #9434, #5800, #3172, .T. ) ;
#4584 = ORIENTED_EDGE ( 'NONE', *, *, #3906, .T. ) ;
#4585 = UNCERTAINTY_MEASURE_WITH_UNIT (LENGTH_MEASURE( 1.000000000000000100E-005 ), #5823, 'distance_accuracy_value', 'NONE');
#4586 = CARTESIAN_POINT ( 'NONE',  ( -4.024999999999999500, 1.700000000000000200, 1.749999999999996400 ) ) ;
#4587 = VECTOR ( 'NONE', #5528, 1000.000000000000000 ) ;
#4588 = EDGE_CURVE ( 'NONE', #3382, #655, #8378, .T. ) ;
#4589 = EDGE_LOOP ( 'NONE', ( #4144, #8117, #2084, #573 ) ) ;
#4590 = CARTESIAN_POINT ( 'NONE',  ( -4.324999999999999300, 0.8499999999999996400, 1.749999999999996400 ) ) ;
#4591 =( GEOMETRIC_REPRESENTATION_CONTEXT ( 3 ) GLOBAL_UNCERTAINTY_ASSIGNED_CONTEXT ( ( #8188 ) ) GLOBAL_UNIT_ASSIGNED_CONTEXT ( ( #8042, #2144, #9043 ) ) REPRESENTATION_CONTEXT ( 'NONE', 'WORKASPACE' ) );
#4592 = ORIENTED_EDGE ( 'NONE', *, *, #12799, .T. ) ;
#4593 = SURFACE_STYLE_USAGE ( .BOTH. , #4673 ) ;
#4594 = CARTESIAN_POINT ( 'NONE',  ( -2.700000000000000200, 2.600000000000000100, 0.6499999999999985800 ) ) ;
#4595 = VERTEX_POINT ( 'NONE', #12805 ) ;
#4596 = ADVANCED_FACE ( 'NONE', ( #223 ), #5840, .F. ) ;
#4597 = AXIS2_PLACEMENT_3D ( 'NONE', #5209, #12152, #6168 ) ;
#4598 = VECTOR ( 'NONE', #6952, 1000.000000000000000 ) ;
#4599 =( NAMED_UNIT ( * ) SI_UNIT ( $, .STERADIAN. ) SOLID_ANGLE_UNIT ( ) );
#4600 = ORIENTED_EDGE ( 'NONE', *, *, #11182, .T. ) ;
#4601 = LINE ( 'NONE', #8954, #7203 ) ;
#4602 = ORIENTED_EDGE ( 'NONE', *, *, #3574, .T. ) ;
#4603 = PLANE ( 'NONE',  #1457 ) ;
#4604 = DIRECTION ( 'NONE',  ( 0.0000000000000000000, -0.0000000000000000000, -1.000000000000000000 ) ) ;
#4605 = DIRECTION ( 'NONE',  ( 0.0000000000000000000, 0.9701425001453327600, -0.2425356250363297200 ) ) ;
#4606 = FACE_OUTER_BOUND ( 'NONE', #2498, .T. ) ;
#4607 = STYLED_ITEM ( 'NONE', ( #5436 ), #9404 ) ;
#4608 = COLOUR_RGB ( '',0.8000000000000000400, 0.8078431372549019800, 0.8000000000000000400 ) ;
#4609 = DIRECTION ( 'NONE',  ( -1.000000000000000000, 0.0000000000000000000, -0.0000000000000000000 ) ) ;
#4610 = EDGE_LOOP ( 'NONE', ( #10313, #2087, #3115, #4151 ) ) ;
#4611 = VERTEX_POINT ( 'NONE', #2933 ) ;
#4612 = LINE ( 'NONE', #12737, #9530 ) ;
#4613 = PLANE ( 'NONE',  #7461 ) ;
#4614 = DIRECTION ( 'NONE',  ( -1.000000000000000000, 0.0000000000000000000, 3.047487187526822800E-016 ) ) ;
#4615 = SURFACE_STYLE_USAGE ( .BOTH. , #10515 ) ;
#4616 = ORIENTED_EDGE ( 'NONE', *, *, #12698, .F. ) ;
#4617 = ORIENTED_EDGE ( 'NONE', *, *, #3830, .F. ) ;
#4618 = DIRECTION ( 'NONE',  ( -0.0000000000000000000, -0.0000000000000000000, -1.000000000000000000 ) ) ;
#4619 = CARTESIAN_POINT ( 'NONE',  ( -3.674999999999998500, 2.299999999999999800, 1.749999999999996400 ) ) ;
#4620 = SURFACE_SIDE_STYLE ('',( #3953 ) ) ;
#4621 = FACE_OUTER_BOUND ( 'NONE', #721, .T. ) ;
#4622 = PRESENTATION_LAYER_ASSIGNMENT (  '', '', ( #3304 ) ) ;
#4623 = ORIENTED_EDGE ( 'NONE', *, *, #2075, .F. ) ;
#4624 = ORIENTED_EDGE ( 'NONE', *, *, #9263, .T. ) ;
#4625 = CARTESIAN_POINT ( 'NONE',  ( 0.7850000000000018100, 0.4249999999999998200, 0.04999999999999709500 ) ) ;
#4626 = ORIENTED_EDGE ( 'NONE', *, *, #435, .T. ) ;
#4627 = ORIENTED_EDGE ( 'NONE', *, *, #3333, .F. ) ;
#4628 = CARTESIAN_POINT ( 'NONE',  ( -0.7849999999999988100, 2.999999999999999600, -1.761828530288944700E-016 ) ) ;
#4629 = COLOUR_RGB ( '',0.8000000000000000400, 0.8078431372549019800, 0.8000000000000000400 ) ;
#4630 = CARTESIAN_POINT ( 'NONE',  ( 4.845000000000000600, 1.200000000000000000, 1.529999999999999800 ) ) ;
#4631 =( NAMED_UNIT ( * ) PLANE_ANGLE_UNIT ( ) SI_UNIT ( $, .RADIAN. ) );
#4632 = FACE_OUTER_BOUND ( 'NONE', #8673, .T. ) ;
#4633 = DIRECTION ( 'NONE',  ( 1.000000000000000000, 0.0000000000000000000, -0.0000000000000000000 ) ) ;
#4634 = PRODUCT ( '533980671', '533980671', '', ( #11117 ) ) ;
#4635 = DIRECTION ( 'NONE',  ( 0.0000000000000000000, 1.000000000000000000, -1.355252715606881500E-016 ) ) ;
#4636 = DIRECTION ( 'NONE',  ( 0.0000000000000000000, -1.294569758191648900E-016, 1.000000000000000000 ) ) ;
#4637 = LINE ( 'NONE', #11212, #2003 ) ;
#4638 =( GEOMETRIC_REPRESENTATION_CONTEXT ( 3 ) GLOBAL_UNCERTAINTY_ASSIGNED_CONTEXT ( ( #8734 ) ) GLOBAL_UNIT_ASSIGNED_CONTEXT ( ( #9410, #3537, #10414 ) ) REPRESENTATION_CONTEXT ( 'NONE', 'WORKASPACE' ) );
#4639 = VERTEX_POINT ( 'NONE', #2885 ) ;
#4640 = VECTOR ( 'NONE', #9806, 1000.000000000000000 ) ;
#4641 = EDGE_CURVE ( 'NONE', #10582, #1886, #10718, .T. ) ;
#4642 = CARTESIAN_POINT ( 'NONE',  ( -2.034999999999998800, 0.4249999999999998200, 1.749999999999996400 ) ) ;
#4643 = MECHANICAL_DESIGN_GEOMETRIC_PRESENTATION_REPRESENTATION (  '', ( #2655 ), #5313 ) ;
#4644 = DIRECTION ( 'NONE',  ( -0.0000000000000000000, -1.000000000000000000, -0.0000000000000000000 ) ) ;
#4645 = SURFACE_STYLE_USAGE ( .BOTH. , #10553 ) ;
#4646 = EDGE_CURVE ( 'NONE', #11719, #6682, #10403, .T. ) ;
#4647 = ORIENTED_EDGE ( 'NONE', *, *, #268, .T. ) ;
#4648 = ORIENTED_EDGE ( 'NONE', *, *, #10338, .F. ) ;
#4649 = PRESENTATION_STYLE_ASSIGNMENT (( #12070 ) ) ;
#4650 = DIRECTION ( 'NONE',  ( 0.0000000000000000000, 1.000000000000000000, -1.204669080539448900E-016 ) ) ;
#4651 = UNCERTAINTY_MEASURE_WITH_UNIT (LENGTH_MEASURE( 1.000000000000000100E-005 ), #6216, 'distance_accuracy_value', 'NONE');
#4652 = DIRECTION ( 'NONE',  ( 1.000000000000000000, 0.0000000000000000000, 0.0000000000000000000 ) ) ;
#4653 = EDGE_CURVE ( 'NONE', #11450, #6248, #7751, .T. ) ;
#4654 = CARTESIAN_POINT ( 'NONE',  ( -5.149000000000000900, -1.100000000000000100, 1.530000000000000000 ) ) ;
#4655 = DIRECTION ( 'NONE',  ( -1.000000000000000000, -0.0000000000000000000, -0.0000000000000000000 ) ) ;
#4656 = ADVANCED_FACE ( 'NONE', ( #4853 ), #979, .F. ) ;
#4657 = CARTESIAN_POINT ( 'NONE',  ( -2.034999999999998800, 0.4249999999999998200, 0.04999999999999709500 ) ) ;
#4658 = CARTESIAN_POINT ( 'NONE',  ( 1.715000000000001200, -0.3750000000000001100, 0.6499999999999975800 ) ) ;
#4659 = EDGE_CURVE ( 'NONE', #7071, #5426, #2214, .T. ) ;
#4660 = ORIENTED_EDGE ( 'NONE', *, *, #10260, .F. ) ;
#4661 = VERTEX_POINT ( 'NONE', #5920 ) ;
#4662 = ORIENTED_EDGE ( 'NONE', *, *, #3579, .F. ) ;
#4663 = STYLED_ITEM ( 'NONE', ( #4179 ), #7402 ) ;
#4664 = DIRECTION ( 'NONE',  ( 0.0000000000000000000, -0.0000000000000000000, -1.000000000000000000 ) ) ;
#4665 = PLANE ( 'NONE',  #2991 ) ;
#4666 = DIRECTION ( 'NONE',  ( 0.0000000000000000000, 0.0000000000000000000, -1.000000000000000000 ) ) ;
#4667 = DIRECTION ( 'NONE',  ( 0.0000000000000000000, 1.000000000000000000, 1.070121624790885400E-015 ) ) ;
#4668 =( GEOMETRIC_REPRESENTATION_CONTEXT ( 3 ) GLOBAL_UNCERTAINTY_ASSIGNED_CONTEXT ( ( #7178 ) ) GLOBAL_UNIT_ASSIGNED_CONTEXT ( ( #10899, #4978, #11931 ) ) REPRESENTATION_CONTEXT ( 'NONE', 'WORKASPACE' ) );
#4669 = ORIENTED_EDGE ( 'NONE', *, *, #11690, .F. ) ;
#4670 = CARTESIAN_POINT ( 'NONE',  ( 4.625000000000000900, 2.600000000000000100, 0.04999999999999715100 ) ) ;
#4671 = ORIENTED_EDGE ( 'NONE', *, *, #8937, .F. ) ;
#4672 = VERTEX_POINT ( 'NONE', #10872 ) ;
#4673 = SURFACE_SIDE_STYLE ('',( #3541 ) ) ;
#4674 = DIRECTION ( 'NONE',  ( 1.000000000000000000, 0.0000000000000000000, 0.0000000000000000000 ) ) ;
#4675 =( GEOMETRIC_REPRESENTATION_CONTEXT ( 3 ) GLOBAL_UNCERTAINTY_ASSIGNED_CONTEXT ( ( #4545 ) ) GLOBAL_UNIT_ASSIGNED_CONTEXT ( ( #5820, #3077, #4599 ) ) REPRESENTATION_CONTEXT ( 'NONE', 'WORKASPACE' ) );
#4676 = DIRECTION ( 'NONE',  ( 0.0000000000000000000, 0.0000000000000000000, -1.000000000000000000 ) ) ;
#4677 = ORIENTED_EDGE ( 'NONE', *, *, #11607, .T. ) ;
#4678 = LINE ( 'NONE', #9165, #9596 ) ;
#4679 = LINE ( 'NONE', #6791, #6976 ) ;
#4680 = PLANE ( 'NONE',  #2779 ) ;
#4681 = DIRECTION ( 'NONE',  ( 0.0000000000000000000, 0.0000000000000000000, 1.000000000000000000 ) ) ;
#4682 = DIRECTION ( 'NONE',  ( -0.1904761904761876300, 0.2380952380952350000, 0.9523809523809536600 ) ) ;
#4683 = COLOUR_RGB ( '',0.8000000000000000400, 0.8078431372549019800, 0.8000000000000000400 ) ;
#4684 =( GEOMETRIC_REPRESENTATION_CONTEXT ( 3 ) GLOBAL_UNCERTAINTY_ASSIGNED_CONTEXT ( ( #6126 ) ) GLOBAL_UNIT_ASSIGNED_CONTEXT ( ( #7359, #7962, #8081 ) ) REPRESENTATION_CONTEXT ( 'NONE', 'WORKASPACE' ) );
#4685 = DIRECTION ( 'NONE',  ( -1.000000000000000000, -0.0000000000000000000, -0.0000000000000000000 ) ) ;
#4686 = CARTESIAN_POINT ( 'NONE',  ( -2.034999999999998800, -0.3750000000000001100, 0.6499999999999975800 ) ) ;
#4687 = ORIENTED_EDGE ( 'NONE', *, *, #4006, .F. ) ;
#4688 = FACE_OUTER_BOUND ( 'NONE', #12773, .T. ) ;
#4689 = DIRECTION ( 'NONE',  ( 0.0000000000000000000, 0.0000000000000000000, 1.000000000000000000 ) ) ;
#4690 = CIRCLE ( 'NONE', #12433, 0.3040000000000004400 ) ;
#4691 = FILL_AREA_STYLE_COLOUR ( '', #9774 ) ;
#4692 = MECHANICAL_DESIGN_GEOMETRIC_PRESENTATION_REPRESENTATION (  '', ( #2712 ), #5364 ) ;
#4693 = CARTESIAN_POINT ( 'NONE',  ( -0.6767176470588222000, 0.3437882352941176200, 4.041411764705874700 ) ) ;
#4694 =( LENGTH_UNIT ( ) NAMED_UNIT ( * ) SI_UNIT ( .MILLI., .METRE. ) );
#4695 = DIRECTION ( 'NONE',  ( 0.0000000000000000000, 1.000000000000000000, 1.070121624790885400E-015 ) ) ;
#4696 = EDGE_LOOP ( 'NONE', ( #8915, #11746, #6334, #7277 ) ) ;
#4697 = LINE ( 'NONE', #1794, #10242 ) ;
#4698 = DIRECTION ( 'NONE',  ( 0.0000000000000000000, -1.000000000000000000, -0.0000000000000000000 ) ) ;
#4700 = LINE ( 'NONE', #1929, #10243 ) ;
#4699 = DIRECTION ( 'NONE',  ( -1.000000000000000000, 0.0000000000000000000, 3.047487187526822800E-016 ) ) ;
#4701 = PRESENTATION_STYLE_ASSIGNMENT (( #11666 ) ) ;
#4702 = AXIS2_PLACEMENT_3D ( 'NONE', #9471, #10477, #4579 ) ;
#4703 = CARTESIAN_POINT ( 'NONE',  ( -1.714999999999999000, 0.2499999999999996700, 0.1799999999999966600 ) ) ;
#4704 =( NAMED_UNIT ( * ) PLANE_ANGLE_UNIT ( ) SI_UNIT ( $, .RADIAN. ) );
#4705 =( NAMED_UNIT ( * ) SI_UNIT ( $, .STERADIAN. ) SOLID_ANGLE_UNIT ( ) );
#4706 = EDGE_CURVE ( 'NONE', #11998, #7086, #7460, .T. ) ;
#4707 = ADVANCED_FACE ( 'NONE', ( #4557 ), #1973, .F. ) ;
#4708 = ORIENTED_EDGE ( 'NONE', *, *, #1829, .T. ) ;
#4709 = COLOUR_RGB ( '',0.8000000000000000400, 0.8078431372549019800, 0.8000000000000000400 ) ;
#4710 = LINE ( 'NONE', #346, #12329 ) ;
#4711 = EDGE_CURVE ( 'NONE', #12622, #7570, #6226, .T. ) ;
#4712 = CARTESIAN_POINT ( 'NONE',  ( -2.649999999999999500, -1.000000000000000000, 4.699999999999995700 ) ) ;
#4713 = CARTESIAN_POINT ( 'NONE',  ( -4.625000000000000900, 2.600000000000000100, 0.2999999999999999900 ) ) ;
#4714 = VERTEX_POINT ( 'NONE', #6922 ) ;
#4715 = UNCERTAINTY_MEASURE_WITH_UNIT (LENGTH_MEASURE( 1.000000000000000100E-005 ), #1445, 'distance_accuracy_value', 'NONE');
#4716 = FILL_AREA_STYLE_COLOUR ( '', #10233 ) ;
#4717 = CARTESIAN_POINT ( 'NONE',  ( -2.299999999999999800, -1.100000000000000300, 0.6499999999999983600 ) ) ;
#4718 =( NAMED_UNIT ( * ) PLANE_ANGLE_UNIT ( ) SI_UNIT ( $, .RADIAN. ) );
#4719 = PLANE ( 'NONE',  #1071 ) ;
#4720 = EDGE_CURVE ( 'NONE', #6127, #4305, #3626, .T. ) ;
#4721 =( NAMED_UNIT ( * ) PLANE_ANGLE_UNIT ( ) SI_UNIT ( $, .RADIAN. ) );
#4722 = LINE ( 'NONE', #8087, #7018 ) ;
#4723 = VECTOR ( 'NONE', #3972, 1000.000000000000000 ) ;
#4724 = VERTEX_POINT ( 'NONE', #4063 ) ;
#4725 = VECTOR ( 'NONE', #1988, 1000.000000000000000 ) ;
#4726 = VERTEX_POINT ( 'NONE', #11976 ) ;
#4727 = SURFACE_SIDE_STYLE ('',( #1746 ) ) ;
#4728 = EDGE_CURVE ( 'NONE', #10387, #4271, #3322, .T. ) ;
#4729 = FILL_AREA_STYLE_COLOUR ( '', #11853 ) ;
#4730 = STYLED_ITEM ( 'NONE', ( #2941 ), #6899 ) ;
#4731 = FILL_AREA_STYLE ('',( #1228 ) ) ;
#4732 =( LENGTH_UNIT ( ) NAMED_UNIT ( * ) SI_UNIT ( .MILLI., .METRE. ) );
#4733 = VERTEX_POINT ( 'NONE', #5999 ) ;
#4734 = CARTESIAN_POINT ( 'NONE',  ( -1.714999999999998100, -0.3750000000000003300, 0.6499999999999983600 ) ) ;
#4735 = LINE ( 'NONE', #8097, #12344 ) ;
#4736 = SURFACE_STYLE_FILL_AREA ( #12592 ) ;
#4737 = CARTESIAN_POINT ( 'NONE',  ( -1.714999999999999000, -0.6250000000000003300, 0.2999999999999964900 ) ) ;
#4738 = SURFACE_SIDE_STYLE ('',( #12620 ) ) ;
#4739 = FACE_OUTER_BOUND ( 'NONE', #1687, .T. ) ;
#4740 = FACE_OUTER_BOUND ( 'NONE', #3941, .T. ) ;
#4741 = EDGE_CURVE ( 'NONE', #3525, #4532, #986, .T. ) ;
#4742 = ORIENTED_EDGE ( 'NONE', *, *, #615, .T. ) ;
#4743 = EDGE_LOOP ( 'NONE', ( #759, #4358, #2564, #8787, #4908 ) ) ;
#4744 = CARTESIAN_POINT ( 'NONE',  ( -2.649999999999999500, 2.123118842698621800, 4.699999999999995700 ) ) ;
#4745 = DIRECTION ( 'NONE',  ( 0.0000000000000000000, -2.258754526011467700E-016, 1.000000000000000000 ) ) ;
#4746 =( NAMED_UNIT ( * ) PLANE_ANGLE_UNIT ( ) SI_UNIT ( $, .RADIAN. ) );
#4747 =( GEOMETRIC_REPRESENTATION_CONTEXT ( 3 ) GLOBAL_UNCERTAINTY_ASSIGNED_CONTEXT ( ( #11223 ) ) GLOBAL_UNIT_ASSIGNED_CONTEXT ( ( #6285, #11228, #12251 ) ) REPRESENTATION_CONTEXT ( 'NONE', 'WORKASPACE' ) );
#4748 = VECTOR ( 'NONE', #419, 1000.000000000000000 ) ;
#4749 = PLANE ( 'NONE',  #4931 ) ;
#4750 = DIRECTION ( 'NONE',  ( 3.047487187526822800E-016, -0.0000000000000000000, 1.000000000000000000 ) ) ;
#4751 = VECTOR ( 'NONE', #8707, 1000.000000000000000 ) ;
#4752 = COLOUR_RGB ( '',0.8000000000000000400, 0.8078431372549019800, 0.8000000000000000400 ) ;
#4753 = AXIS2_PLACEMENT_3D ( 'NONE', #11615, #9629, #3746 ) ;
#4754 = CARTESIAN_POINT ( 'NONE',  ( -0.4649999999999988600, -0.1500000000000003000, 0.1799999999999965800 ) ) ;
#4755 = PRESENTATION_STYLE_ASSIGNMENT (( #10919 ) ) ;
#4756 = COLOUR_RGB ( '',0.8000000000000000400, 0.8078431372549019800, 0.8000000000000000400 ) ;
#4757 = VERTEX_POINT ( 'NONE', #9969 ) ;
#4758 = PRESENTATION_LAYER_ASSIGNMENT (  '', '', ( #3449 ) ) ;
#4759 = VERTEX_POINT ( 'NONE', #1103 ) ;
#4760 = VECTOR ( 'NONE', #10204, 1000.000000000000000 ) ;
#4761 = CARTESIAN_POINT ( 'NONE',  ( -2.034999999999998800, 2.350000000000003600, 0.6499999999999985800 ) ) ;
#4762 = DIRECTION ( 'NONE',  ( 0.0000000000000000000, 1.000000000000000000, -0.0000000000000000000 ) ) ;
#4763 = LINE ( 'NONE', #4935, #7058 ) ;
#4764 = PRESENTATION_STYLE_ASSIGNMENT (( #3768 ) ) ;
#4765 = CARTESIAN_POINT ( 'NONE',  ( 0.7850000000000010300, -0.3750000000000005000, 3.499999999999986700 ) ) ;
#4766 = CARTESIAN_POINT ( 'NONE',  ( 2.035000000000001000, -0.3750000000000001100, 0.6499999999999975800 ) ) ;
#4767 = ORIENTED_EDGE ( 'NONE', *, *, #329, .F. ) ;
#4768 = EDGE_LOOP ( 'NONE', ( #8973, #6610, #9297, #10729 ) ) ;
#4769 = LINE ( 'NONE', #8561, #7061 ) ;
#4770 = CARTESIAN_POINT ( 'NONE',  ( 5.149000000000000900, -1.100000000000000100, 1.530000000000000000 ) ) ;
#4771 = PLANE ( 'NONE',  #5037 ) ;
#4772 = ORIENTED_EDGE ( 'NONE', *, *, #8586, .F. ) ;
#4773 = VERTEX_POINT ( 'NONE', #7991 ) ;
#4774 = CARTESIAN_POINT ( 'NONE',  ( -4.825000000000000200, 1.700000000000000000, 2.200000000000000200 ) ) ;
#4775 = SURFACE_STYLE_FILL_AREA ( #8991 ) ;
#4776 = CARTESIAN_POINT ( 'NONE',  ( -5.825000000000000200, -0.8000000000000001600, 1.699999999999989700 ) ) ;
#4777 = LINE ( 'NONE', #9109, #10005 ) ;
#4778 = ADVANCED_FACE ( 'NONE', ( #11193 ), #2097, .F. ) ;
#4779 = EDGE_LOOP ( 'NONE', ( #8648, #6578, #1264, #10115 ) ) ;
#4780 = SURFACE_STYLE_USAGE ( .BOTH. , #10684 ) ;
#4781 = ORIENTED_EDGE ( 'NONE', *, *, #1776, .F. ) ;
#4782 = MECHANICAL_DESIGN_GEOMETRIC_PRESENTATION_REPRESENTATION (  '', ( #2803 ), #5439 ) ;
#4783 = DIRECTION ( 'NONE',  ( 0.0000000000000000000, -1.000000000000000000, 0.0000000000000000000 ) ) ;
#4784 = MECHANICAL_DESIGN_GEOMETRIC_PRESENTATION_REPRESENTATION (  '', ( #1479 ), #5442 ) ;
#4785 = DIRECTION ( 'NONE',  ( 0.0000000000000000000, -1.000000000000000000, 0.0000000000000000000 ) ) ;
#4786 = LINE ( 'NONE', #404, #12396 ) ;
#4787 = CARTESIAN_POINT ( 'NONE',  ( 0.4650000000000010200, 0.0000000000000000000, 3.499999999999982200 ) ) ;
#4788 = FILL_AREA_STYLE_COLOUR ( '', #10687 ) ;
#4789 = VECTOR ( 'NONE', #7040, 1000.000000000000000 ) ;
#4790 = ORIENTED_EDGE ( 'NONE', *, *, #12385, .T. ) ;
#4791 = DIRECTION ( 'NONE',  ( -0.0000000000000000000, 1.000000000000000000, -0.0000000000000000000 ) ) ;
#4792 = ORIENTED_EDGE ( 'NONE', *, *, #4876, .T. ) ;
#4793 = LINE ( 'NONE', #2305, #5094 ) ;
#4794 = DIRECTION ( 'NONE',  ( 0.0000000000000000000, -1.000000000000000000, -0.0000000000000000000 ) ) ;
#4795 = EDGE_CURVE ( 'NONE', #10049, #5492, #5908, .T. ) ;
#4796 = CARTESIAN_POINT ( 'NONE',  ( -4.024999999999999500, -1.000000000000000400, 4.699999999999995700 ) ) ;
#4797 = LINE ( 'NONE', #85, #2156 ) ;
#4798 = AXIS2_PLACEMENT_3D ( 'NONE', #7027, #1126, #8013 ) ;
#4799 = EDGE_CURVE ( 'NONE', #9265, #2163, #9910, .T. ) ;
#4800 = DIRECTION ( 'NONE',  ( 0.0000000000000000000, 1.000000000000000000, -1.204669080539448900E-016 ) ) ;
#4801 = CARTESIAN_POINT ( 'NONE',  ( -0.4649999999999988600, 0.2499999999999996700, 0.1799999999999966600 ) ) ;
#4802 = ORIENTED_EDGE ( 'NONE', *, *, #2997, .F. ) ;
#4803 = ORIENTED_EDGE ( 'NONE', *, *, #693, .F. ) ;
#4804 = LINE ( 'NONE', #4945, #4209 ) ;
#4805 = EDGE_CURVE ( 'NONE', #1653, #3132, #7305, .T. ) ;
#4806 = CARTESIAN_POINT ( 'NONE',  ( 0.4650000000000010200, 0.4249999999999998200, 1.749999999999996400 ) ) ;
#4807 = DIRECTION ( 'NONE',  ( 0.0000000000000000000, 0.0000000000000000000, -1.000000000000000000 ) ) ;
#4808 = ORIENTED_EDGE ( 'NONE', *, *, #8644, .F. ) ;
#4809 = PRESENTATION_LAYER_ASSIGNMENT (  '', '', ( #3497 ) ) ;
#4810 =( LENGTH_UNIT ( ) NAMED_UNIT ( * ) SI_UNIT ( .MILLI., .METRE. ) );
#4811 = EDGE_CURVE ( 'NONE', #2483, #10522, #12301, .T. ) ;
#4812 = ORIENTED_EDGE ( 'NONE', *, *, #3997, .F. ) ;
#4813 = ORIENTED_EDGE ( 'NONE', *, *, #7181, .T. ) ;
#4814 =( GEOMETRIC_REPRESENTATION_CONTEXT ( 3 ) GLOBAL_UNCERTAINTY_ASSIGNED_CONTEXT ( ( #6875 ) ) GLOBAL_UNIT_ASSIGNED_CONTEXT ( ( #10397, #4516, #11414 ) ) REPRESENTATION_CONTEXT ( 'NONE', 'WORKASPACE' ) );
#4815 = CARTESIAN_POINT ( 'NONE',  ( 0.7850000000000010300, 0.0000000000000000000, 0.0000000000000000000 ) ) ;
#4816 = ORIENTED_EDGE ( 'NONE', *, *, #10601, .F. ) ;
#4817 = CARTESIAN_POINT ( 'NONE',  ( -4.125000000000000000, -0.4000000000000005200, 0.2999999999999998200 ) ) ;
#4818 = CARTESIAN_POINT ( 'NONE',  ( 5.000000000000000000, 0.4249999999999998200, 0.6499999999999975800 ) ) ;
#4819 = EDGE_CURVE ( 'NONE', #6672, #10962, #4690, .T. ) ;
#4820 =( LENGTH_UNIT ( ) NAMED_UNIT ( * ) SI_UNIT ( .MILLI., .METRE. ) );
#4821 = CARTESIAN_POINT ( 'NONE',  ( -5.645000000000000500, -1.100000000000000100, 1.529999999999999800 ) ) ;
#4822 = DIRECTION ( 'NONE',  ( -1.000000000000000000, -0.0000000000000000000, -0.0000000000000000000 ) ) ;
#4823 = EDGE_CURVE ( 'NONE', #3693, #6358, #1772, .T. ) ;
#4824 = EDGE_LOOP ( 'NONE', ( #6042, #11271, #11771, #2877 ) ) ;
#4825 = PRESENTATION_LAYER_ASSIGNMENT (  '', '', ( #3521 ) ) ;
#4826 = COLOUR_RGB ( '',0.8000000000000000400, 0.8078431372549019800, 0.8000000000000000400 ) ;
#4827 = LINE ( 'NONE', #8963, #9741 ) ;
#4828 = ORIENTED_EDGE ( 'NONE', *, *, #8768, .F. ) ;
#4829 = VECTOR ( 'NONE', #2745, 1000.000000000000000 ) ;
#4830 = DIRECTION ( 'NONE',  ( 3.051828337366604500E-016, -0.0000000000000000000, 1.000000000000000000 ) ) ;
#4831 = DIRECTION ( 'NONE',  ( 0.0000000000000000000, 1.000000000000000000, 0.0000000000000000000 ) ) ;
#4832 = DIRECTION ( 'NONE',  ( 0.0000000000000000000, 1.000000000000000000, 2.032879073410321300E-016 ) ) ;
#4833 = PRESENTATION_LAYER_ASSIGNMENT (  '', '', ( #3527 ) ) ;
#4834 =( NAMED_UNIT ( * ) PLANE_ANGLE_UNIT ( ) SI_UNIT ( $, .RADIAN. ) );
#4835 = PRESENTATION_STYLE_ASSIGNMENT (( #2500 ) ) ;
#4836 = SURFACE_SIDE_STYLE ('',( #6906 ) ) ;
#4837 = ORIENTED_EDGE ( 'NONE', *, *, #3512, .T. ) ;
#4838 = DIRECTION ( 'NONE',  ( -1.000000000000000000, 0.0000000000000000000, 0.0000000000000000000 ) ) ;
#4839 = VECTOR ( 'NONE', #1634, 1000.000000000000000 ) ;
#4840 = VECTOR ( 'NONE', #9824, 1000.000000000000000 ) ;
#4841 = PRESENTATION_STYLE_ASSIGNMENT (( #6319 ) ) ;
#4842 = ADVANCED_FACE ( 'NONE', ( #6696 ), #5168, .T. ) ;
#4843 = ORIENTED_EDGE ( 'NONE', *, *, #11373, .T. ) ;
#4844 = DIRECTION ( 'NONE',  ( 1.000000000000000000, 0.0000000000000000000, 4.371782953570583600E-016 ) ) ;
#4845 = AXIS2_PLACEMENT_3D ( 'NONE', #12262, #6296, #401 ) ;
#4846 = ORIENTED_EDGE ( 'NONE', *, *, #6776, .T. ) ;
#4847 = SURFACE_SIDE_STYLE ('',( #916 ) ) ;
#4848 = VERTEX_POINT ( 'NONE', #2258 ) ;
#4849 = ORIENTED_EDGE ( 'NONE', *, *, #1589, .T. ) ;
#4850 = SURFACE_STYLE_FILL_AREA ( #10992 ) ;
#4851 = DIRECTION ( 'NONE',  ( 0.5773502691896272900, 0.5773502691896272900, -0.5773502691896227300 ) ) ;
#4852 = FACE_OUTER_BOUND ( 'NONE', #12535, .T. ) ;
#4853 = FACE_OUTER_BOUND ( 'NONE', #12740, .T. ) ;
#4854 = AXIS2_PLACEMENT_3D ( 'NONE', #6390, #10537, #10398 ) ;
#4855 =( NAMED_UNIT ( * ) PLANE_ANGLE_UNIT ( ) SI_UNIT ( $, .RADIAN. ) );
#4856 = PLANE ( 'NONE',  #1190 ) ;
#4857 = PLANE ( 'NONE',  #5743 ) ;
#4858 = CARTESIAN_POINT ( 'NONE',  ( 1.715000000000001200, 2.500000000000000000, -1.084202172485504400E-016 ) ) ;
#4859 = DIRECTION ( 'NONE',  ( -1.000000000000000000, 0.0000000000000000000, 3.971436529250929000E-016 ) ) ;
#4860 = ADVANCED_FACE ( 'NONE', ( #3160 ), #1285, .T. ) ;
#4861 = VECTOR ( 'NONE', #1732, 1000.000000000000000 ) ;
#4862 = ORIENTED_EDGE ( 'NONE', *, *, #3269, .F. ) ;
#4863 = CARTESIAN_POINT ( 'NONE',  ( -4.125000000000000000, -1.100000000000000300, 0.04999999999999980800 ) ) ;
#4864 = FACE_OUTER_BOUND ( 'NONE', #9623, .T. ) ;
#4865 = ORIENTED_EDGE ( 'NONE', *, *, #2491, .T. ) ;
#4866 = ORIENTED_EDGE ( 'NONE', *, *, #8413, .F. ) ;
#4867 = ORIENTED_EDGE ( 'NONE', *, *, #341, .F. ) ;
#4868 = DIRECTION ( 'NONE',  ( -0.0000000000000000000, 0.0000000000000000000, -1.000000000000000000 ) ) ;
#4869 = LINE ( 'NONE', #12345, #7174 ) ;
#4870 = AXIS2_PLACEMENT_3D ( 'NONE', #6171, #294, #7176 ) ;
#4871 = VECTOR ( 'NONE', #3190, 1000.000000000000000 ) ;
#4872 = DIRECTION ( 'NONE',  ( 0.0000000000000000000, -1.000000000000000000, 0.0000000000000000000 ) ) ;
#4873 = SURFACE_STYLE_FILL_AREA ( #5089 ) ;
#4874 = EDGE_LOOP ( 'NONE', ( #7011, #10659, #1038, #11888 ) ) ;
#4875 = FILL_AREA_STYLE ('',( #3900 ) ) ;
#4876 = EDGE_CURVE ( 'NONE', #4773, #11155, #8366, .T. ) ;
#4877 = EDGE_LOOP ( 'NONE', ( #10446, #10798, #442, #1147 ) ) ;
#4878 = EDGE_CURVE ( 'NONE', #1712, #5456, #530, .T. ) ;
#4879 = SURFACE_SIDE_STYLE ('',( #8001 ) ) ;
#4880 = VECTOR ( 'NONE', #2768, 1000.000000000000000 ) ;
#4881 = ORIENTED_EDGE ( 'NONE', *, *, #9003, .T. ) ;
#4882 = PRESENTATION_STYLE_ASSIGNMENT (( #338 ) ) ;
#4883 = ORIENTED_EDGE ( 'NONE', *, *, #6294, .F. ) ;
#4884 =( LENGTH_UNIT ( ) NAMED_UNIT ( * ) SI_UNIT ( .MILLI., .METRE. ) );
#4885 = DIRECTION ( 'NONE',  ( 0.0000000000000000000, -1.000000000000000000, -1.070121624790885400E-015 ) ) ;
#4886 = EDGE_CURVE ( 'NONE', #2224, #6646, #11026, .T. ) ;
#4887 = ORIENTED_EDGE ( 'NONE', *, *, #8497, .F. ) ;
#4888 = VERTEX_POINT ( 'NONE', #3324 ) ;
#4889 = CARTESIAN_POINT ( 'NONE',  ( -4.024999999999999500, 1.700000000000000200, 3.399999999999996800 ) ) ;
#4890 = LINE ( 'NONE', #8027, #9210 ) ;
#4891 = COLOUR_RGB ( '',0.8000000000000000400, 0.8078431372549019800, 0.8000000000000000400 ) ;
#4892 = EDGE_CURVE ( 'NONE', #8731, #10308, #10392, .T. ) ;
#4893 = DIRECTION ( 'NONE',  ( 1.000000000000000000, 0.0000000000000000000, -2.304851557154561000E-017 ) ) ;
#4894 = EDGE_CURVE ( 'NONE', #12567, #2278, #5462, .T. ) ;
#4895 = DIRECTION ( 'NONE',  ( 0.0000000000000000000, 0.0000000000000000000, -1.000000000000000000 ) ) ;
#4896 = AXIS2_PLACEMENT_3D ( 'NONE', #8792, #5866, #12841 ) ;
#4897 = CARTESIAN_POINT ( 'NONE',  ( 6.125000000000000000, 1.700000000000000000, 2.200000000000000200 ) ) ;
#4898 = DIRECTION ( 'NONE',  ( -1.000000000000000000, -0.0000000000000000000, -0.0000000000000000000 ) ) ;
#4899 = ORIENTED_EDGE ( 'NONE', *, *, #7373, .T. ) ;
#4900 = ADVANCED_FACE ( 'NONE', ( #214 ), #382, .F. ) ;
#4901 = DIRECTION ( 'NONE',  ( 3.051828337366604500E-016, -0.0000000000000000000, 1.000000000000000000 ) ) ;
#4902 = CARTESIAN_POINT ( 'NONE',  ( 0.0000000000000000000, 1.999999999999998200, 3.699999999999996600 ) ) ;
#4903 = LINE ( 'NONE', #4693, #2270 ) ;
#4904 = AXIS2_PLACEMENT_3D ( 'NONE', #687, #7554, #1686 ) ;
#4905 = LINE ( 'NONE', #1949, #7213 ) ;
#4906 = EDGE_CURVE ( 'NONE', #2766, #4438, #10062, .T. ) ;
#4907 = FACE_OUTER_BOUND ( 'NONE', #10683, .T. ) ;
#4908 = ORIENTED_EDGE ( 'NONE', *, *, #6289, .T. ) ;
#4909 = VERTEX_POINT ( 'NONE', #4362 ) ;
#4910 = LINE ( 'NONE', #10660, #7220 ) ;
#4911 = DIRECTION ( 'NONE',  ( -1.000000000000000000, -0.0000000000000000000, -0.0000000000000000000 ) ) ;
#4912 = ORIENTED_EDGE ( 'NONE', *, *, #2322, .F. ) ;
#4913 = ORIENTED_EDGE ( 'NONE', *, *, #5933, .F. ) ;
#4914 = CARTESIAN_POINT ( 'NONE',  ( -2.649999999999999500, 2.123118842698621800, 4.699999999999995700 ) ) ;
#4915 = SURFACE_STYLE_USAGE ( .BOTH. , #10834 ) ;
#4916 = VECTOR ( 'NONE', #10288, 1000.000000000000000 ) ;
#4917 =( GEOMETRIC_REPRESENTATION_CONTEXT ( 3 ) GLOBAL_UNCERTAINTY_ASSIGNED_CONTEXT ( ( #2268 ) ) GLOBAL_UNIT_ASSIGNED_CONTEXT ( ( #3398, #10268, #4393 ) ) REPRESENTATION_CONTEXT ( 'NONE', 'WORKASPACE' ) );
#4918 = CARTESIAN_POINT ( 'NONE',  ( -4.624999999999999100, 2.299999999999999800, 1.749999999999996400 ) ) ;
#4919 = CARTESIAN_POINT ( 'NONE',  ( -1.714999999999999000, 2.350000000000003600, 0.6499999999999985800 ) ) ;
#4920 = PRESENTATION_STYLE_ASSIGNMENT (( #12507 ) ) ;
#4921 = ORIENTED_EDGE ( 'NONE', *, *, #1067, .F. ) ;
#4922 = DIRECTION ( 'NONE',  ( 1.000000000000000000, -6.195440985631545100E-016, -0.0000000000000000000 ) ) ;
#4923 = CARTESIAN_POINT ( 'NONE',  ( -0.4649999999999988600, -0.2500000000000006700, 3.999999999999993300 ) ) ;
#4924 = UNCERTAINTY_MEASURE_WITH_UNIT (LENGTH_MEASURE( 1.000000000000000100E-005 ), #1169, 'distance_accuracy_value', 'NONE');
#4925 = ADVANCED_FACE ( 'NONE', ( #7450 ), #9253, .T. ) ;
#4926 = ORIENTED_EDGE ( 'NONE', *, *, #3640, .F. ) ;
#4927 = ORIENTED_EDGE ( 'NONE', *, *, #8581, .F. ) ;
#4928 = LINE ( 'NONE', #7836, #7237 ) ;
#4929 = VECTOR ( 'NONE', #121, 1000.000000000000000 ) ;
#4930 = CARTESIAN_POINT ( 'NONE',  ( 4.625000000000000900, -1.100000000000000300, 0.04999999999999715100 ) ) ;
#4931 = AXIS2_PLACEMENT_3D ( 'NONE', #2386, #3961, #11786 ) ;
#4932 = CARTESIAN_POINT ( 'NONE',  ( 5.149000000000000900, -1.100000000000000100, 1.226000000000000000 ) ) ;
#4933 = SURFACE_SIDE_STYLE ('',( #12538 ) ) ;
#4934 = SURFACE_STYLE_USAGE ( .BOTH. , #10853 ) ;
#4935 = CARTESIAN_POINT ( 'NONE',  ( 1.715000000000001200, 3.100000000000000100, 0.09999999999999947800 ) ) ;
#4936 = ORIENTED_EDGE ( 'NONE', *, *, #186, .F. ) ;
#4937 = CARTESIAN_POINT ( 'NONE',  ( -5.149000000000000900, 1.100000000000000100, 1.226000000000000000 ) ) ;
#4938 = DIRECTION ( 'NONE',  ( 0.0000000000000000000, 0.0000000000000000000, 1.000000000000000000 ) ) ;
#4939 = LINE ( 'NONE', #5023, #4640 ) ;
#4940 = DIRECTION ( 'NONE',  ( 0.0000000000000000000, -0.7071067811865496800, -0.7071067811865453500 ) ) ;
#4941 =( NAMED_UNIT ( * ) SI_UNIT ( $, .STERADIAN. ) SOLID_ANGLE_UNIT ( ) );
#4942 = CARTESIAN_POINT ( 'NONE',  ( 3.285000000000002400, 0.4249999999999998200, 1.749999999999996400 ) ) ;
#4943 = SURFACE_SIDE_STYLE ('',( #4409 ) ) ;
#4944 = SURFACE_STYLE_FILL_AREA ( #12045 ) ;
#4945 = CARTESIAN_POINT ( 'NONE',  ( 2.035000000000001000, -0.1500000000000003300, 0.2999999999999965500 ) ) ;
#4946 = CARTESIAN_POINT ( 'NONE',  ( -4.024999999999999500, 0.09999999999999982500, 1.749999999999996400 ) ) ;
#4947 = ORIENTED_EDGE ( 'NONE', *, *, #7171, .T. ) ;
#4948 = AXIS2_PLACEMENT_3D ( 'NONE', #5653, #1743, #8601 ) ;
#4949 = ORIENTED_EDGE ( 'NONE', *, *, #4711, .F. ) ;
#4950 = SURFACE_STYLE_FILL_AREA ( #11038 ) ;
#4951 = CARTESIAN_POINT ( 'NONE',  ( 5.645000000000000500, 1.100000000000000100, 1.529999999999999800 ) ) ;
#4952 = EDGE_CURVE ( 'NONE', #7088, #5978, #9148, .T. ) ;
#4953 = PLANE ( 'NONE',  #4095 ) ;
#4954 = EDGE_CURVE ( 'NONE', #7117, #110, #6537, .T. ) ;
#4955 = ORIENTED_EDGE ( 'NONE', *, *, #11880, .F. ) ;
#4956 = ORIENTED_EDGE ( 'NONE', *, *, #2658, .F. ) ;
#4957 = ORIENTED_EDGE ( 'NONE', *, *, #8519, .F. ) ;
#4958 = PLANE ( 'NONE',  #7161 ) ;
#4959 = PRESENTATION_LAYER_ASSIGNMENT (  '', '', ( #3651 ) ) ;
#4960 = ADVANCED_FACE ( 'NONE', ( #8824 ), #10277, .F. ) ;
#4961 = EDGE_CURVE ( 'NONE', #9982, #366, #5312, .T. ) ;
#4962 = ORIENTED_EDGE ( 'NONE', *, *, #11629, .F. ) ;
#4963 = CARTESIAN_POINT ( 'NONE',  ( -6.125000000000000000, 1.700000000000000000, 2.200000000000000200 ) ) ;
#4964 = ORIENTED_EDGE ( 'NONE', *, *, #516, .F. ) ;
#4965 = ORIENTED_EDGE ( 'NONE', *, *, #11967, .T. ) ;
#4966 = EDGE_CURVE ( 'NONE', #11604, #12285, #365, .T. ) ;
#4967 = VECTOR ( 'NONE', #4469, 1000.000000000000000 ) ;
#4968 =( GEOMETRIC_REPRESENTATION_CONTEXT ( 3 ) GLOBAL_UNCERTAINTY_ASSIGNED_CONTEXT ( ( #7864 ) ) GLOBAL_UNIT_ASSIGNED_CONTEXT ( ( #1359, #8226, #2335 ) ) REPRESENTATION_CONTEXT ( 'NONE', 'WORKASPACE' ) );
#4969 = CARTESIAN_POINT ( 'NONE',  ( -0.4649999999999979700, 0.4249999999999998200, 1.749999999999996400 ) ) ;
#4970 = DIRECTION ( 'NONE',  ( 0.0000000000000000000, 0.0000000000000000000, -1.000000000000000000 ) ) ;
#4971 = EDGE_CURVE ( 'NONE', #3487, #6221, #7895, .T. ) ;
#4972 = VECTOR ( 'NONE', #698, 1000.000000000000000 ) ;
#4973 = UNCERTAINTY_MEASURE_WITH_UNIT (LENGTH_MEASURE( 1.000000000000000100E-005 ), #7488, 'distance_accuracy_value', 'NONE');
#4974 = SURFACE_SIDE_STYLE ('',( #5280 ) ) ;
#4975 = ORIENTED_EDGE ( 'NONE', *, *, #10430, .F. ) ;
#4976 = EDGE_CURVE ( 'NONE', #9380, #10998, #2679, .T. ) ;
#4977 = LINE ( 'NONE', #1835, #2051 ) ;
#4978 =( NAMED_UNIT ( * ) PLANE_ANGLE_UNIT ( ) SI_UNIT ( $, .RADIAN. ) );
#4979 = SURFACE_STYLE_FILL_AREA ( #1551 ) ;
#4980 = CARTESIAN_POINT ( 'NONE',  ( 2.965000000000001600, -0.6250000000000003300, 0.6499999999999964700 ) ) ;
#4981 =( NAMED_UNIT ( * ) PLANE_ANGLE_UNIT ( ) SI_UNIT ( $, .RADIAN. ) );
#4982 = DIRECTION ( 'NONE',  ( -0.7071067811865468000, -0.7071067811865483500, 1.629776165692361600E-017 ) ) ;
#4983 = ORIENTED_EDGE ( 'NONE', *, *, #10773, .F. ) ;
#4984 = ADVANCED_FACE ( 'NONE', ( #10220 ), #548, .T. ) ;
#4985 = SURFACE_STYLE_FILL_AREA ( #2122 ) ;
#4986 = SURFACE_STYLE_USAGE ( .BOTH. , #10903 ) ;
#4987 =( NAMED_UNIT ( * ) SI_UNIT ( $, .STERADIAN. ) SOLID_ANGLE_UNIT ( ) );
#4988 = EDGE_CURVE ( 'NONE', #1731, #2508, #8978, .T. ) ;
#4989 = PRESENTATION_LAYER_ASSIGNMENT (  '', '', ( #3688 ) ) ;
#4990 =( GEOMETRIC_REPRESENTATION_CONTEXT ( 3 ) GLOBAL_UNCERTAINTY_ASSIGNED_CONTEXT ( ( #4279 ) ) GLOBAL_UNIT_ASSIGNED_CONTEXT ( ( #11308, #5389, #12332 ) ) REPRESENTATION_CONTEXT ( 'NONE', 'WORKASPACE' ) );
#4991 = ORIENTED_EDGE ( 'NONE', *, *, #7858, .F. ) ;
#4992 = EDGE_LOOP ( 'NONE', ( #3938, #5203, #1673, #2282 ) ) ;
#4993 = SURFACE_STYLE_FILL_AREA ( #6403 ) ;
#4994 = CARTESIAN_POINT ( 'NONE',  ( -2.964999999999999000, 0.2499999999999996700, 0.2999999999999966000 ) ) ;
#4995 = LINE ( 'NONE', #8695, #1455 ) ;
#4996 = CARTESIAN_POINT ( 'NONE',  ( -5.149000000000000900, 1.100000000000000100, 1.226000000000000000 ) ) ;
#4997 = AXIS2_PLACEMENT_3D ( 'NONE', #3484, #10366, #4485 ) ;
#4998 = PRESENTATION_LAYER_ASSIGNMENT (  '', '', ( #3699 ) ) ;
#4999 =( LENGTH_UNIT ( ) NAMED_UNIT ( * ) SI_UNIT ( .MILLI., .METRE. ) );
#5000 = CARTESIAN_POINT ( 'NONE',  ( -1.714999999999999000, -0.1500000000000003300, 0.2999999999999965500 ) ) ;
#5001 = ORIENTED_EDGE ( 'NONE', *, *, #758, .F. ) ;
#5002 = CARTESIAN_POINT ( 'NONE',  ( -3.284999999999998800, 0.4249999999999998200, 0.04999999999999709500 ) ) ;
#5003 = LINE ( 'NONE', #5670, #2373 ) ;
#5004 = DIRECTION ( 'NONE',  ( 1.000000000000000000, 0.0000000000000000000, 0.0000000000000000000 ) ) ;
#5005 = VECTOR ( 'NONE', #9681, 1000.000000000000000 ) ;
#5006 = ORIENTED_EDGE ( 'NONE', *, *, #5879, .T. ) ;
#5007 = COLOUR_RGB ( '',0.8000000000000000400, 0.8078431372549019800, 0.8000000000000000400 ) ;
#5008 = VERTEX_POINT ( 'NONE', #4489 ) ;
#5009 = COLOUR_RGB ( '',0.8000000000000000400, 0.8078431372549019800, 0.8000000000000000400 ) ;
#5010 =( GEOMETRIC_REPRESENTATION_CONTEXT ( 3 ) GLOBAL_UNCERTAINTY_ASSIGNED_CONTEXT ( ( #8041 ) ) GLOBAL_UNIT_ASSIGNED_CONTEXT ( ( #2759, #9635, #3754 ) ) REPRESENTATION_CONTEXT ( 'NONE', 'WORKASPACE' ) );
#5011 = DIRECTION ( 'NONE',  ( 0.0000000000000000000, 0.0000000000000000000, -1.000000000000000000 ) ) ;
#5012 = DIRECTION ( 'NONE',  ( 0.0000000000000000000, -1.000000000000000000, 1.204669080539448600E-016 ) ) ;
#5013 = CARTESIAN_POINT ( 'NONE',  ( -2.964999999999999000, 0.2499999999999996700, 0.2999999999999966000 ) ) ;
#5014 = PLANE ( 'NONE',  #3486 ) ;
#5015 = DIRECTION ( 'NONE',  ( -0.9805806756909208900, 0.0000000000000000000, 0.1961161351381804100 ) ) ;
#5016 = VECTOR ( 'NONE', #8709, 1000.000000000000000 ) ;
#5017 = LINE ( 'NONE', #5276, #9935 ) ;
#5018 = PRESENTATION_LAYER_ASSIGNMENT (  '', '', ( #3719 ) ) ;
#5019 = AXIS2_PLACEMENT_3D ( 'NONE', #3924, #3828, #3140 ) ;
#5020 = ORIENTED_EDGE ( 'NONE', *, *, #6006, .F. ) ;
#5021 = CARTESIAN_POINT ( 'NONE',  ( 1.935000000000001400, -0.2500000000000006700, 3.999999999999993300 ) ) ;
#5022 = CARTESIAN_POINT ( 'NONE',  ( -4.125000000000000000, 1.700000000000000000, 0.04999999999999980800 ) ) ;
#5023 = CARTESIAN_POINT ( 'NONE',  ( 4.625000000000000900, -1.100000000000000300, 0.04999999999999715100 ) ) ;
#5024 = ORIENTED_EDGE ( 'NONE', *, *, #8009, .T. ) ;
#5025 = DIRECTION ( 'NONE',  ( 0.0000000000000000000, 0.0000000000000000000, -1.000000000000000000 ) ) ;
#5026 =( LENGTH_UNIT ( ) NAMED_UNIT ( * ) SI_UNIT ( .MILLI., .METRE. ) );
#5027 = ADVANCED_FACE ( 'NONE', ( #11651 ), #7468, .T. ) ;
#5028 = VECTOR ( 'NONE', #11059, 1000.000000000000000 ) ;
#5029 = DIRECTION ( 'NONE',  ( 0.0000000000000000000, -1.000000000000000000, -1.167602339599771500E-015 ) ) ;
#5030 = DIRECTION ( 'NONE',  ( 0.0000000000000000000, 0.0000000000000000000, -1.000000000000000000 ) ) ;
#5031 = LINE ( 'NONE', #8845, #4723 ) ;
#5032 = ORIENTED_EDGE ( 'NONE', *, *, #7363, .T. ) ;
#5033 = EDGE_CURVE ( 'NONE', #5805, #5093, #3762, .T. ) ;
#5034 = ORIENTED_EDGE ( 'NONE', *, *, #2491, .F. ) ;
#5035 = CARTESIAN_POINT ( 'NONE',  ( 4.024999999999995900, 1.700000000000000200, 4.399999999999994100 ) ) ;
#5036 =( NAMED_UNIT ( * ) PLANE_ANGLE_UNIT ( ) SI_UNIT ( $, .RADIAN. ) );
#5037 = AXIS2_PLACEMENT_3D ( 'NONE', #8699, #2830, #9706 ) ;
#5038 = CARTESIAN_POINT ( 'NONE',  ( 4.625000000000000900, -0.8000000000000014900, 2.400000000000000800 ) ) ;
#5039 = CARTESIAN_POINT ( 'NONE',  ( -5.099000000000000200, 1.200000000000000000, 1.275999999999999600 ) ) ;
#5040 = VECTOR ( 'NONE', #10103, 1000.000000000000000 ) ;
#5041 = LINE ( 'NONE', #1560, #2108 ) ;
#5042 = ORIENTED_EDGE ( 'NONE', *, *, #9808, .T. ) ;
#5043 = SURFACE_SIDE_STYLE ('',( #5527 ) ) ;
#5044 = VERTEX_POINT ( 'NONE', #6539 ) ;
#5045 = SURFACE_SIDE_STYLE ('',( #3508 ) ) ;
#5046 = LINE ( 'NONE', #8800, #12654 ) ;
#5047 = EDGE_LOOP ( 'NONE', ( #8618, #9617, #12547, #116, #3818, #2493, #5602, #3708, #8795, #9103, #5195, #3293, #424, #3570, #3473 ) ) ;
#5048 = EDGE_CURVE ( 'NONE', #4197, #6785, #8655, .T. ) ;
#5049 = ORIENTED_EDGE ( 'NONE', *, *, #1351, .T. ) ;
#5050 = STYLED_ITEM ( 'NONE', ( #345 ), #6316 ) ;
#5051 = ADVANCED_FACE ( 'NONE', ( #1119 ), #2615, .F. ) ;
#5052 = EDGE_CURVE ( 'NONE', #10326, #9903, #814, .T. ) ;
#5053 = LINE ( 'NONE', #10369, #2422 ) ;
#5054 = LINE ( 'NONE', #3022, #2426 ) ;
#5055 = SURFACE_STYLE_FILL_AREA ( #7093 ) ;
#5056 = DIRECTION ( 'NONE',  ( -1.000000000000000000, 0.0000000000000000000, -0.0000000000000000000 ) ) ;
#5057 = CARTESIAN_POINT ( 'NONE',  ( 2.965000000000001600, 0.4249999999999998200, 1.749999999999996400 ) ) ;
#5058 = EDGE_CURVE ( 'NONE', #7877, #2896, #11333, .T. ) ;
#5059 = PRESENTATION_STYLE_ASSIGNMENT (( #2315 ) ) ;
#5060 = VERTEX_POINT ( 'NONE', #6581 ) ;
#5061 = FILL_AREA_STYLE ('',( #10926 ) ) ;
#5062 = LINE ( 'NONE', #12669, #12675 ) ;
#5063 = EDGE_CURVE ( 'NONE', #4672, #9543, #3148, .T. ) ;
#5064 = PRESENTATION_STYLE_ASSIGNMENT (( #12728 ) ) ;
#5065 = DIRECTION ( 'NONE',  ( 0.0000000000000000000, 1.141265444721583800E-016, -1.000000000000000000 ) ) ;
#5066 = CARTESIAN_POINT ( 'NONE',  ( 0.7850000000000010300, 3.000000000000000000, 0.4499999999999998400 ) ) ;
#5067 = CARTESIAN_POINT ( 'NONE',  ( -4.825000000000000200, -1.100000000000000100, 2.200000000000000200 ) ) ;
#5068 = AXIS2_PLACEMENT_3D ( 'NONE', #4594, #5585, #12515 ) ;
#5069 = DIRECTION ( 'NONE',  ( -1.000000000000000000, 0.0000000000000000000, -0.0000000000000000000 ) ) ;
#5070 = LINE ( 'NONE', #9833, #2441 ) ;
#5072 = SURFACE_STYLE_FILL_AREA ( #2771 ) ;
#5071 = CARTESIAN_POINT ( 'NONE',  ( -4.625000000000000900, 2.600000000000000100, 0.2999999999999999900 ) ) ;
#5073 = VERTEX_POINT ( 'NONE', #1674 ) ;
#5074 = ORIENTED_EDGE ( 'NONE', *, *, #8644, .T. ) ;
#5075 = LINE ( 'NONE', #1665, #2767 ) ;
#5076 = CARTESIAN_POINT ( 'NONE',  ( 2.350000000000000500, -0.6999999999999988500, 4.399999999999994100 ) ) ;
#5077 = SURFACE_SIDE_STYLE ('',( #4850 ) ) ;
#5078 = ORIENTED_EDGE ( 'NONE', *, *, #4345, .T. ) ;
#5079 = ORIENTED_EDGE ( 'NONE', *, *, #4001, .T. ) ;
#5080 = CARTESIAN_POINT ( 'NONE',  ( 2.349999999999999200, 3.673118842698620300, 3.249999999999995100 ) ) ;
#5081 = VECTOR ( 'NONE', #7820, 1000.000000000000000 ) ;
#5082 = PRESENTATION_STYLE_ASSIGNMENT (( #3729 ) ) ;
#5083 = DIRECTION ( 'NONE',  ( 0.0000000000000000000, 1.000000000000000000, -0.0000000000000000000 ) ) ;
#5084 = VECTOR ( 'NONE', #6582, 1000.000000000000000 ) ;
#5085 = STYLED_ITEM ( 'NONE', ( #9694 ), #889 ) ;
#5086 = VERTEX_POINT ( 'NONE', #9541 ) ;
#5087 = MECHANICAL_DESIGN_GEOMETRIC_PRESENTATION_REPRESENTATION (  '', ( #3120 ), #5747 ) ;
#5088 = CARTESIAN_POINT ( 'NONE',  ( -3.674999999999998500, 2.299999999999999800, 1.749999999999996400 ) ) ;
#5089 = FILL_AREA_STYLE ('',( #4123 ) ) ;
#5090 = ADVANCED_FACE ( 'NONE', ( #11009 ), #5450, .T. ) ;
#5091 = FACE_OUTER_BOUND ( 'NONE', #6830, .T. ) ;
#5092 = LINE ( 'NONE', #5993, #2464 ) ;
#5093 = VERTEX_POINT ( 'NONE', #5637 ) ;
#5094 = VECTOR ( 'NONE', #9209, 1000.000000000000000 ) ;
#5095 = SURFACE_STYLE_USAGE ( .BOTH. , #11016 ) ;
#5096 =( GEOMETRIC_REPRESENTATION_CONTEXT ( 3 ) GLOBAL_UNCERTAINTY_ASSIGNED_CONTEXT ( ( #2415 ) ) GLOBAL_UNIT_ASSIGNED_CONTEXT ( ( #5026, #4981, #7943 ) ) REPRESENTATION_CONTEXT ( 'NONE', 'WORKASPACE' ) );
#5097 = ORIENTED_EDGE ( 'NONE', *, *, #9999, .F. ) ;
#5098 = FACE_OUTER_BOUND ( 'NONE', #5508, .T. ) ;
#5099 = PLANE ( 'NONE',  #1872 ) ;
#5100 = CARTESIAN_POINT ( 'NONE',  ( 5.645000000000000500, 1.200000000000000000, 1.529999999999999800 ) ) ;
#5101 =( LENGTH_UNIT ( ) NAMED_UNIT ( * ) SI_UNIT ( .MILLI., .METRE. ) );
#5102 = VECTOR ( 'NONE', #9064, 1000.000000000000000 ) ;
#5103 = VERTEX_POINT ( 'NONE', #6623 ) ;
#5104 = CARTESIAN_POINT ( 'NONE',  ( -6.125000000000000000, -1.100000000000000100, 2.200000000000000200 ) ) ;
#5105 = VERTEX_POINT ( 'NONE', #718 ) ;
#5106 = SURFACE_STYLE_USAGE ( .BOTH. , #11030 ) ;
#5107 = VECTOR ( 'NONE', #937, 1000.000000000000000 ) ;
#5108 = DIRECTION ( 'NONE',  ( 0.0000000000000000000, -1.000000000000000000, 1.204669080539448600E-016 ) ) ;
#5109 = CARTESIAN_POINT ( 'NONE',  ( 5.149000000000000900, -1.100000000000000100, 0.3039999999999999400 ) ) ;
#5110 =( LENGTH_UNIT ( ) NAMED_UNIT ( * ) SI_UNIT ( .MILLI., .METRE. ) );
#5111 = SURFACE_STYLE_USAGE ( .BOTH. , #5157 ) ;
#5112 = CARTESIAN_POINT ( 'NONE',  ( 4.024999999999995900, 1.700000000000000200, 1.749999999999996400 ) ) ;
#5113 = SURFACE_SIDE_STYLE ('',( #4950 ) ) ;
#5114 = AXIS2_PLACEMENT_3D ( 'NONE', #7856, #8856, #2973 ) ;
#5115 = DIRECTION ( 'NONE',  ( -1.000000000000000000, -0.0000000000000000000, -0.0000000000000000000 ) ) ;
#5116 = AXIS2_PLACEMENT_3D ( 'NONE', #9337, #3459, #10340 ) ;
#5117 = ORIENTED_EDGE ( 'NONE', *, *, #6449, .F. ) ;
#5118 = EDGE_LOOP ( 'NONE', ( #1804, #12309, #5132, #1768 ) ) ;
#5119 = VERTEX_POINT ( 'NONE', #11562 ) ;
#5120 = SURFACE_SIDE_STYLE ('',( #2873 ) ) ;
#5121 = DIRECTION ( 'NONE',  ( 0.0000000000000000000, 0.0000000000000000000, 1.000000000000000000 ) ) ;
#5122 = EDGE_CURVE ( 'NONE', #10408, #10341, #2829, .T. ) ;
#5123 = ORIENTED_EDGE ( 'NONE', *, *, #6466, .T. ) ;
#5124 = DIRECTION ( 'NONE',  ( 0.0000000000000000000, -1.000000000000000000, 1.355252715606881500E-016 ) ) ;
#5125 = EDGE_CURVE ( 'NONE', #4757, #8640, #10694, .T. ) ;
#5126 = DIRECTION ( 'NONE',  ( 0.0000000000000000000, 0.0000000000000000000, -1.000000000000000000 ) ) ;
#5127 = EDGE_LOOP ( 'NONE', ( #9574, #4866, #11371, #3427 ) ) ;
#5128 = CARTESIAN_POINT ( 'NONE',  ( -4.625000000000000900, 2.600000000000000100, 0.04999999999999996800 ) ) ;
#5129 = LINE ( 'NONE', #11350, #7721 ) ;
#5130 = DIRECTION ( 'NONE',  ( 0.0000000000000000000, 1.000000000000000000, 0.0000000000000000000 ) ) ;
#5131 = LINE ( 'NONE', #3092, #4533 ) ;
#5132 = ORIENTED_EDGE ( 'NONE', *, *, #3730, .T. ) ;
#5133 = COLOUR_RGB ( '',0.8000000000000000400, 0.8078431372549019800, 0.8000000000000000400 ) ;
#5134 = LINE ( 'NONE', #7628, #10050 ) ;
#5135 = PLANE ( 'NONE',  #8717 ) ;
#5136 = EDGE_CURVE ( 'NONE', #2163, #3819, #5754, .T. ) ;
#5137 = COLOUR_RGB ( '',0.8000000000000000400, 0.8078431372549019800, 0.8000000000000000400 ) ;
#5138 = VECTOR ( 'NONE', #9349, 1000.000000000000000 ) ;
#5139 = EDGE_CURVE ( 'NONE', #4490, #9814, #198, .T. ) ;
#5140 = UNCERTAINTY_MEASURE_WITH_UNIT (LENGTH_MEASURE( 1.000000000000000100E-005 ), #5725, 'distance_accuracy_value', 'NONE');
#5141 = CARTESIAN_POINT ( 'NONE',  ( -5.149000000000000900, 1.100000000000000100, 0.3039999999999999400 ) ) ;
#5142 = EDGE_CURVE ( 'NONE', #1714, #10837, #5134, .T. ) ;
#5143 = ORIENTED_EDGE ( 'NONE', *, *, #3823, .T. ) ;
#5144 = APPLICATION_PROTOCOL_DEFINITION ( 'draft international standard', 'automotive_design', 1998, #6105 ) ;
#5145 =( GEOMETRIC_REPRESENTATION_CONTEXT ( 3 ) GLOBAL_UNCERTAINTY_ASSIGNED_CONTEXT ( ( #1332 ) ) GLOBAL_UNIT_ASSIGNED_CONTEXT ( ( #11564, #5639, #12572 ) ) REPRESENTATION_CONTEXT ( 'NONE', 'WORKASPACE' ) );
#5146 = CARTESIAN_POINT ( 'NONE',  ( -5.645000000000000500, -0.8799999999999986700, 1.275999999999999800 ) ) ;
#5147 = FACE_OUTER_BOUND ( 'NONE', #825, .T. ) ;
#5148 =( NAMED_UNIT ( * ) SI_UNIT ( $, .STERADIAN. ) SOLID_ANGLE_UNIT ( ) );
#5149 = LINE ( 'NONE', #961, #4840 ) ;
#5150 = VECTOR ( 'NONE', #10235, 1000.000000000000000 ) ;
#5151 = COLOUR_RGB ( '',0.8000000000000000400, 0.8078431372549019800, 0.8000000000000000400 ) ;
#5152 = FILL_AREA_STYLE_COLOUR ( '', #165 ) ;
#5153 = CARTESIAN_POINT ( 'NONE',  ( 1.715000000000001200, -0.3750000000000001100, 1.749999999999996400 ) ) ;
#5154 = EDGE_CURVE ( 'NONE', #663, #2714, #10377, .T. ) ;
#5155 = ORIENTED_EDGE ( 'NONE', *, *, #8183, .T. ) ;
#5156 = DIRECTION ( 'NONE',  ( 0.0000000000000000000, 0.7071067811865431300, -0.7071067811865519000 ) ) ;
#5157 = SURFACE_SIDE_STYLE ('',( #12819 ) ) ;
#5158 = ADVANCED_FACE ( 'NONE', ( #12747 ), #4719, .T. ) ;
#5159 = CARTESIAN_POINT ( 'NONE',  ( -4.324999999999999300, 0.09999999999999982500, 1.749999999999996400 ) ) ;
#5160 = FACE_OUTER_BOUND ( 'NONE', #6965, .T. ) ;
#5161 = EDGE_LOOP ( 'NONE', ( #3236, #3551, #3724, #5715 ) ) ;
#5162 = LINE ( 'NONE', #11975, #10075 ) ;
#5163 = EDGE_LOOP ( 'NONE', ( #3592, #2092, #6904, #10027, #6811, #5273, #9831, #9588 ) ) ;
#5164 = FILL_AREA_STYLE_COLOUR ( '', #729 ) ;
#5165 = DIRECTION ( 'NONE',  ( 0.0000000000000000000, 1.000000000000000000, 4.336808689942013800E-015 ) ) ;
#5166 = ORIENTED_EDGE ( 'NONE', *, *, #5243, .F. ) ;
#5167 = VECTOR ( 'NONE', #10825, 1000.000000000000000 ) ;
#5168 = PLANE ( 'NONE',  #4870 ) ;
#5169 =( GEOMETRIC_REPRESENTATION_CONTEXT ( 3 ) GLOBAL_UNCERTAINTY_ASSIGNED_CONTEXT ( ( #10994 ) ) GLOBAL_UNIT_ASSIGNED_CONTEXT ( ( #5991, #6313, #6657 ) ) REPRESENTATION_CONTEXT ( 'NONE', 'WORKASPACE' ) );
#5170 = MECHANICAL_DESIGN_GEOMETRIC_PRESENTATION_REPRESENTATION (  '', ( #3199 ), #5811 ) ;
#5171 = DIRECTION ( 'NONE',  ( -0.0000000000000000000, 1.000000000000000000, 0.0000000000000000000 ) ) ;
#5172 = CARTESIAN_POINT ( 'NONE',  ( 5.645000000000000500, -0.8799999999999986700, 1.275999999999999800 ) ) ;
#5173 = FACE_OUTER_BOUND ( 'NONE', #10240, .T. ) ;
#5174 = DIRECTION ( 'NONE',  ( 0.0000000000000000000, -0.0000000000000000000, 1.000000000000000000 ) ) ;
#5175 =( GEOMETRIC_REPRESENTATION_CONTEXT ( 3 ) GLOBAL_UNCERTAINTY_ASSIGNED_CONTEXT ( ( #11907 ) ) GLOBAL_UNIT_ASSIGNED_CONTEXT ( ( #8092, #2196, #9105 ) ) REPRESENTATION_CONTEXT ( 'NONE', 'WORKASPACE' ) );
#5176 = FACE_OUTER_BOUND ( 'NONE', #2317, .T. ) ;
#5177 = LINE ( 'NONE', #9912, #10418 ) ;
#5178 = VECTOR ( 'NONE', #1567, 1000.000000000000000 ) ;
#5179 = ADVANCED_FACE ( 'NONE', ( #6524 ), #4771, .F. ) ;
#5180 = EDGE_LOOP ( 'NONE', ( #5871, #361, #4476, #6950 ) ) ;
#5181 = FILL_AREA_STYLE ('',( #219 ) ) ;
#5182 = LINE ( 'NONE', #3146, #2560 ) ;
#5183 = MECHANICAL_DESIGN_GEOMETRIC_PRESENTATION_REPRESENTATION (  '', ( #3216 ), #5827 ) ;
#5184 = COLOUR_RGB ( '',0.8000000000000000400, 0.8078431372549019800, 0.8000000000000000400 ) ;
#5185 = ORIENTED_EDGE ( 'NONE', *, *, #5803, .F. ) ;
#5186 = DIRECTION ( 'NONE',  ( 1.000000000000000000, 0.0000000000000000000, -0.0000000000000000000 ) ) ;
#5187 = ORIENTED_EDGE ( 'NONE', *, *, #7662, .T. ) ;
#5188 = APPLICATION_CONTEXT ( 'automotive_design' ) ;
#5189 = CARTESIAN_POINT ( 'NONE',  ( 4.625000000000000900, -1.100000000000000300, 0.2999999999999971600 ) ) ;
#5190 = EDGE_LOOP ( 'NONE', ( #8096, #10214, #6532, #6461, #12391 ) ) ;
#5191 = ORIENTED_EDGE ( 'NONE', *, *, #9651, .T. ) ;
#5192 = ORIENTED_EDGE ( 'NONE', *, *, #750, .T. ) ;
#5193 = DIRECTION ( 'NONE',  ( -0.0000000000000000000, 0.0000000000000000000, -1.000000000000000000 ) ) ;
#5194 =( GEOMETRIC_REPRESENTATION_CONTEXT ( 3 ) GLOBAL_UNCERTAINTY_ASSIGNED_CONTEXT ( ( #9111 ) ) GLOBAL_UNIT_ASSIGNED_CONTEXT ( ( #6936, #1040, #7912 ) ) REPRESENTATION_CONTEXT ( 'NONE', 'WORKASPACE' ) );
#5195 = ORIENTED_EDGE ( 'NONE', *, *, #6268, .T. ) ;
#5196 = AXIS2_PLACEMENT_3D ( 'NONE', #5278, #355, #7245 ) ;
#5197 = VECTOR ( 'NONE', #2722, 1000.000000000000000 ) ;
#5198 = CARTESIAN_POINT ( 'NONE',  ( -1.450000000000000200, 2.600000000000000100, 0.6499999999999983600 ) ) ;
#5199 = SURFACE_STYLE_FILL_AREA ( #12200 ) ;
#5200 = COLOUR_RGB ( '',0.8000000000000000400, 0.8078431372549019800, 0.8000000000000000400 ) ;
#5201 = DIRECTION ( 'NONE',  ( 1.000000000000000000, 0.0000000000000000000, -0.0000000000000000000 ) ) ;
#5202 = DIRECTION ( 'NONE',  ( 0.0000000000000000000, -1.000000000000000000, 0.0000000000000000000 ) ) ;
#5203 = ORIENTED_EDGE ( 'NONE', *, *, #5223, .T. ) ;
#5204 = DIRECTION ( 'NONE',  ( 0.0000000000000000000, -1.000000000000000000, 0.0000000000000000000 ) ) ;
#5205 = CARTESIAN_POINT ( 'NONE',  ( 2.982006802721089300, -0.3537414965986414600, 3.585034013605424200 ) ) ;
#5206 = UNCERTAINTY_MEASURE_WITH_UNIT (LENGTH_MEASURE( 1.000000000000000100E-005 ), #6074, 'distance_accuracy_value', 'NONE');
#5207 = CARTESIAN_POINT ( 'NONE',  ( 0.0000000000000000000, 2.600000000000000100, 0.0000000000000000000 ) ) ;
#5208 = EDGE_CURVE ( 'NONE', #4122, #7327, #2979, .T. ) ;
#5209 = CARTESIAN_POINT ( 'NONE',  ( 3.285000000000001500, 2.999999999999999600, -1.761828530288944700E-016 ) ) ;
#5210 = CARTESIAN_POINT ( 'NONE',  ( -6.125000000000000000, 1.700000000000000000, 2.200000000000000200 ) ) ;
#5211 = DIRECTION ( 'NONE',  ( 0.0000000000000000000, 0.0000000000000000000, 1.000000000000000000 ) ) ;
#5212 =( NAMED_UNIT ( * ) SI_UNIT ( $, .STERADIAN. ) SOLID_ANGLE_UNIT ( ) );
#5213 = EDGE_CURVE ( 'NONE', #6682, #11235, #351, .T. ) ;
#5214 = VECTOR ( 'NONE', #11183, 1000.000000000000000 ) ;
#5215 = ORIENTED_EDGE ( 'NONE', *, *, #4659, .T. ) ;
#5216 = FILL_AREA_STYLE ('',( #4237 ) ) ;
#5217 = PRESENTATION_STYLE_ASSIGNMENT (( #7757 ) ) ;
#5218 = VERTEX_POINT ( 'NONE', #12748 ) ;
#5219 = AXIS2_PLACEMENT_3D ( 'NONE', #10253, #11282, #5365 ) ;
#5220 = DIRECTION ( 'NONE',  ( -1.000000000000000000, -0.0000000000000000000, -0.0000000000000000000 ) ) ;
#5221 = EDGE_CURVE ( 'NONE', #8902, #6248, #217, .T. ) ;
#5222 = DIRECTION ( 'NONE',  ( 0.0000000000000000000, 1.167602339599771500E-015, -1.000000000000000000 ) ) ;
#5223 = EDGE_CURVE ( 'NONE', #5271, #7096, #8060, .T. ) ;
#5224 = PRESENTATION_STYLE_ASSIGNMENT (( #972 ) ) ;
#5225 = UNCERTAINTY_MEASURE_WITH_UNIT (LENGTH_MEASURE( 1.000000000000000100E-005 ), #3283, 'distance_accuracy_value', 'NONE');
#5226 = VECTOR ( 'NONE', #4838, 1000.000000000000000 ) ;
#5227 = PLANE ( 'NONE',  #7563 ) ;
#5228 = LINE ( 'NONE', #6816, #6122 ) ;
#5229 = EDGE_CURVE ( 'NONE', #34, #9481, #2848, .T. ) ;
#5230 = ORIENTED_EDGE ( 'NONE', *, *, #6933, .T. ) ;
#5231 = ORIENTED_EDGE ( 'NONE', *, *, #6556, .T. ) ;
#5232 = PRESENTATION_LAYER_ASSIGNMENT (  '', '', ( #3918 ) ) ;
#5233 = ADVANCED_FACE ( 'NONE', ( #12761 ), #7746, .T. ) ;
#5234 = ORIENTED_EDGE ( 'NONE', *, *, #12785, .T. ) ;
#5235 = ORIENTED_EDGE ( 'NONE', *, *, #5063, .F. ) ;
#5236 = EDGE_CURVE ( 'NONE', #6785, #4757, #1619, .T. ) ;
#5237 = CARTESIAN_POINT ( 'NONE',  ( 6.125000000000000000, -1.100000000000000100, 0.7999999999999979300 ) ) ;
#5238 = PRESENTATION_STYLE_ASSIGNMENT (( #3026 ) ) ;
#5239 = VECTOR ( 'NONE', #10334, 1000.000000000000100 ) ;
#5240 = CARTESIAN_POINT ( 'NONE',  ( 1.715000000000001200, 2.549999999999999800, 0.4499999999999999000 ) ) ;
#5241 =( GEOMETRIC_REPRESENTATION_CONTEXT ( 3 ) GLOBAL_UNCERTAINTY_ASSIGNED_CONTEXT ( ( #5287 ) ) GLOBAL_UNIT_ASSIGNED_CONTEXT ( ( #10739, #4834, #11767 ) ) REPRESENTATION_CONTEXT ( 'NONE', 'WORKASPACE' ) );
#5242 = CARTESIAN_POINT ( 'NONE',  ( 2.965000000000001600, -0.3750000000000001100, 0.6499999999999973600 ) ) ;
#5243 = EDGE_CURVE ( 'NONE', #7202, #12489, #11821, .T. ) ;
#5244 = UNCERTAINTY_MEASURE_WITH_UNIT (LENGTH_MEASURE( 1.000000000000000100E-005 ), #8755, 'distance_accuracy_value', 'NONE');
#5245 = PLANE ( 'NONE',  #8595 ) ;
#5246 = ORIENTED_EDGE ( 'NONE', *, *, #11106, .F. ) ;
#5247 = VECTOR ( 'NONE', #11288, 1000.000000000000000 ) ;
#5248 = VERTEX_POINT ( 'NONE', #7838 ) ;
#5249 = ORIENTED_EDGE ( 'NONE', *, *, #5851, .T. ) ;
#5250 = LINE ( 'NONE', #10807, #7832 ) ;
#5251 = ADVANCED_FACE ( 'NONE', ( #1296 ), #8835, .F. ) ;
#5252 = EDGE_CURVE ( 'NONE', #481, #11483, #10552, .T. ) ;
#5253 = FILL_AREA_STYLE_COLOUR ( '', #10505 ) ;
#5254 = FACE_OUTER_BOUND ( 'NONE', #6123, .T. ) ;
#5255 = DIRECTION ( 'NONE',  ( 0.0000000000000000000, -4.336808689942014600E-015, 1.000000000000000000 ) ) ;
#5256 = SURFACE_SIDE_STYLE ('',( #7177 ) ) ;
#5257 =( NAMED_UNIT ( * ) SI_UNIT ( $, .STERADIAN. ) SOLID_ANGLE_UNIT ( ) );
#5258 = CARTESIAN_POINT ( 'NONE',  ( -0.4649999999999988600, 0.4249999999999998200, 3.499999999999981300 ) ) ;
#5259 = PRESENTATION_STYLE_ASSIGNMENT (( #3520 ) ) ;
#5260 = CARTESIAN_POINT ( 'NONE',  ( 0.7850000000000010300, -0.1500000000000003300, 0.2999999999999965500 ) ) ;
#5261 = CARTESIAN_POINT ( 'NONE',  ( 4.625000000000000900, -0.8000000000000014900, 4.699999999999997500 ) ) ;
#5262 = CARTESIAN_POINT ( 'NONE',  ( -2.964999999999999000, -0.6250000000000003300, 0.2999999999999964900 ) ) ;
#5263 = ORIENTED_EDGE ( 'NONE', *, *, #2992, .T. ) ;
#5264 = PRESENTATION_LAYER_ASSIGNMENT (  '', '', ( #3945 ) ) ;
#5265 = ORIENTED_EDGE ( 'NONE', *, *, #7513, .T. ) ;
#5266 = AXIS2_PLACEMENT_3D ( 'NONE', #9420, #5201, #12817 ) ;
#5267 = FACE_OUTER_BOUND ( 'NONE', #12590, .T. ) ;
#5268 = LINE ( 'NONE', #6502, #2629 ) ;
#5269 = DIRECTION ( 'NONE',  ( 0.0000000000000000000, 0.0000000000000000000, -1.000000000000000000 ) ) ;
#5270 = CARTESIAN_POINT ( 'NONE',  ( 5.645000000000000500, -1.100000000000000100, 1.750000000000003100 ) ) ;
#5271 = VERTEX_POINT ( 'NONE', #4969 ) ;
#5272 = AXIS2_PLACEMENT_3D ( 'NONE', #9478, #3600, #10486 ) ;
#5273 = ORIENTED_EDGE ( 'NONE', *, *, #12059, .T. ) ;
#5274 = CARTESIAN_POINT ( 'NONE',  ( 5.645000000000000500, 1.200000000000000000, 1.529999999999999800 ) ) ;
#5275 = LINE ( 'NONE', #4110, #7549 ) ;
#5276 = CARTESIAN_POINT ( 'NONE',  ( 5.099000000000000200, 1.200000000000000000, 1.275999999999999600 ) ) ;
#5277 = FILL_AREA_STYLE_COLOUR ( '', #8871 ) ;
#5278 = CARTESIAN_POINT ( 'NONE',  ( -4.625000000000000900, 1.700000000000000000, 2.400000000000000400 ) ) ;
#5279 =( LENGTH_UNIT ( ) NAMED_UNIT ( * ) SI_UNIT ( .MILLI., .METRE. ) );
#5280 = SURFACE_STYLE_FILL_AREA ( #10897 ) ;
#5281 = AXIS2_PLACEMENT_3D ( 'NONE', #1691, #2668, #9553 ) ;
#5282 = ORIENTED_EDGE ( 'NONE', *, *, #11116, .F. ) ;
#5283 = MECHANICAL_DESIGN_GEOMETRIC_PRESENTATION_REPRESENTATION (  '', ( #3304 ), #5911 ) ;
#5284 = VERTEX_POINT ( 'NONE', #3002 ) ;
#5285 = COLOUR_RGB ( '',0.8000000000000000400, 0.8078431372549019800, 0.8000000000000000400 ) ;
#5286 = PLANE ( 'NONE',  #10344 ) ;
#5287 = UNCERTAINTY_MEASURE_WITH_UNIT (LENGTH_MEASURE( 1.000000000000000100E-005 ), #10739, 'distance_accuracy_value', 'NONE');
#5288 = DIRECTION ( 'NONE',  ( 0.0000000000000000000, -1.000000000000000000, 0.0000000000000000000 ) ) ;
#5289 = EDGE_LOOP ( 'NONE', ( #2360, #11806, #1326, #12733, #129, #8476, #751, #1497, #11341, #8920, #11941, #571, #4208 ) ) ;
#5290 = ORIENTED_EDGE ( 'NONE', *, *, #9816, .F. ) ;
#5291 = ORIENTED_EDGE ( 'NONE', *, *, #12524, .T. ) ;
#5292 = CARTESIAN_POINT ( 'NONE',  ( 6.125000000000000000, 1.100000000000000100, -4.960040550996611700E-017 ) ) ;
#5293 = CARTESIAN_POINT ( 'NONE',  ( 2.965000000000001600, 0.4249999999999998200, 3.499999999999981300 ) ) ;
#5294 = VERTEX_POINT ( 'NONE', #11920 ) ;
#5295 = FACE_OUTER_BOUND ( 'NONE', #4375, .T. ) ;
#5296 = DIRECTION ( 'NONE',  ( 0.0000000000000000000, -1.000000000000000000, -1.141265444721583800E-016 ) ) ;
#5297 = ORIENTED_EDGE ( 'NONE', *, *, #11939, .F. ) ;
#5298 = ORIENTED_EDGE ( 'NONE', *, *, #8254, .F. ) ;
#5299 = VECTOR ( 'NONE', #10351, 1000.000000000000000 ) ;
#5300 = VERTEX_POINT ( 'NONE', #8880 ) ;
#5301 = CARTESIAN_POINT ( 'NONE',  ( 2.035000000000001000, 2.350000000000003600, 0.6499999999999985800 ) ) ;
#5302 = DIRECTION ( 'NONE',  ( 0.0000000000000000000, 0.0000000000000000000, -1.000000000000000000 ) ) ;
#5303 = ADVANCED_FACE ( 'NONE', ( #5619 ), #9865, .T. ) ;
#5304 = DIRECTION ( 'NONE',  ( 0.0000000000000000000, -1.000000000000000000, -0.0000000000000000000 ) ) ;
#5305 = UNCERTAINTY_MEASURE_WITH_UNIT (LENGTH_MEASURE( 1.000000000000000100E-005 ), #12359, 'distance_accuracy_value', 'NONE');
#5306 = LINE ( 'NONE', #10527, #4972 ) ;
#5307 = ORIENTED_EDGE ( 'NONE', *, *, #1014, .T. ) ;
#5308 = LINE ( 'NONE', #1798, #53 ) ;
#5309 = DIRECTION ( 'NONE',  ( 0.0000000000000000000, 1.000000000000000000, 4.336808689942013800E-015 ) ) ;
#5310 = EDGE_CURVE ( 'NONE', #238, #9599, #5315, .T. ) ;
#5311 = FILL_AREA_STYLE_COLOUR ( '', #3981 ) ;
#5312 = LINE ( 'NONE', #8367, #10550 ) ;
#5313 =( GEOMETRIC_REPRESENTATION_CONTEXT ( 3 ) GLOBAL_UNCERTAINTY_ASSIGNED_CONTEXT ( ( #2800 ) ) GLOBAL_UNIT_ASSIGNED_CONTEXT ( ( #10113, #4238, #11142 ) ) REPRESENTATION_CONTEXT ( 'NONE', 'WORKASPACE' ) );
#5314 =( LENGTH_UNIT ( ) NAMED_UNIT ( * ) SI_UNIT ( .MILLI., .METRE. ) );
#5315 = LINE ( 'NONE', #2039, #367 ) ;
#5316 = EDGE_CURVE ( 'NONE', #3863, #9385, #2682, .T. ) ;
#5317 = ADVANCED_FACE ( 'NONE', ( #7899 ), #5014, .F. ) ;
#5318 = CARTESIAN_POINT ( 'NONE',  ( 0.4650000000000010200, -0.1500000000000003300, 0.2999999999999965500 ) ) ;
#5319 = CARTESIAN_POINT ( 'NONE',  ( -5.149000000000000900, 1.100000000000000100, 0.2540000000000000000 ) ) ;
#5320 = ORIENTED_EDGE ( 'NONE', *, *, #9896, .F. ) ;
#5321 = EDGE_CURVE ( 'NONE', #9034, #5853, #7585, .T. ) ;
#5322 = DIRECTION ( 'NONE',  ( -0.7071067811865446900, -0.7071067811865503500, 0.0000000000000000000 ) ) ;
#5323 = ORIENTED_EDGE ( 'NONE', *, *, #4495, .F. ) ;
#5324 = VECTOR ( 'NONE', #2740, 1000.000000000000000 ) ;
#5325 = CARTESIAN_POINT ( 'NONE',  ( 0.1999999999999987900, 2.600000000000000100, 0.6499999999999978000 ) ) ;
#5326 = EDGE_CURVE ( 'NONE', #12534, #10297, #58, .T. ) ;
#5327 = CARTESIAN_POINT ( 'NONE',  ( 0.7850000000000010300, 3.100000000000000100, 0.3499999999999989800 ) ) ;
#5328 = PRESENTATION_LAYER_ASSIGNMENT (  '', '', ( #4663 ) ) ;
#5329 = CARTESIAN_POINT ( 'NONE',  ( 4.125000000000000000, 2.600000000000000100, 0.04999999999999731000 ) ) ;
#5330 = CARTESIAN_POINT ( 'NONE',  ( -4.625000000000000900, -1.100000000000000100, 0.2999999999999999900 ) ) ;
#5331 = ORIENTED_EDGE ( 'NONE', *, *, #2914, .T. ) ;
#5332 = VECTOR ( 'NONE', #12607, 1000.000000000000000 ) ;
#5333 = UNCERTAINTY_MEASURE_WITH_UNIT (LENGTH_MEASURE( 1.000000000000000100E-005 ), #6597, 'distance_accuracy_value', 'NONE');
#5334 = ORIENTED_EDGE ( 'NONE', *, *, #5243, .T. ) ;
#5335 = LINE ( 'NONE', #11128, #12619 ) ;
#5336 = EDGE_LOOP ( 'NONE', ( #995, #7989, #11421, #12378 ) ) ;
#5337 = VECTOR ( 'NONE', #10606, 1000.000000000000000 ) ;
#5338 = CARTESIAN_POINT ( 'NONE',  ( 4.125000000000000000, 2.600000000000000100, 0.04999999999999731000 ) ) ;
#5339 = EDGE_LOOP ( 'NONE', ( #10828, #9055, #12364, #10181 ) ) ;
#5340 = CARTESIAN_POINT ( 'NONE',  ( 0.7850000000000010300, -0.3750000000000001100, 0.6499999999999975800 ) ) ;
#5341 = FILL_AREA_STYLE ('',( #3354 ) ) ;
#5342 = DIRECTION ( 'NONE',  ( 0.0000000000000000000, -0.7071067811865441300, 0.7071067811865510100 ) ) ;
#5343 = DIRECTION ( 'NONE',  ( 1.000000000000000000, 2.344220913482171700E-016, 0.0000000000000000000 ) ) ;
#5344 = CARTESIAN_POINT ( 'NONE',  ( 6.325000000000000200, -0.9000000000000000200, -5.421010862427522200E-017 ) ) ;
#5345 = FILL_AREA_STYLE ('',( #6272 ) ) ;
#5346 = PRESENTATION_STYLE_ASSIGNMENT (( #416 ) ) ;
#5347 = COLOUR_RGB ( '',0.8000000000000000400, 0.8078431372549019800, 0.8000000000000000400 ) ;
#5348 = LINE ( 'NONE', #4817, #12630 ) ;
#5349 = VERTEX_POINT ( 'NONE', #6020 ) ;
#5350 = STYLED_ITEM ( 'NONE', ( #1131 ), #8981 ) ;
#5351 = CARTESIAN_POINT ( 'NONE',  ( 4.625000000000000900, 1.700000000000000000, 2.400000000000000400 ) ) ;
#5352 = DIRECTION ( 'NONE',  ( 0.0000000000000000000, -1.000000000000000000, 1.204669080539448600E-016 ) ) ;
#5353 = DIRECTION ( 'NONE',  ( 1.000000000000000000, -1.807003620809171900E-016, 0.0000000000000000000 ) ) ;
#5354 = LINE ( 'NONE', #2630, #7946 ) ;
#5355 = VECTOR ( 'NONE', #6843, 1000.000000000000000 ) ;
#5356 = COLOUR_RGB ( '',0.8000000000000000400, 0.8078431372549019800, 0.8000000000000000400 ) ;
#5357 = CARTESIAN_POINT ( 'NONE',  ( 0.4650000000000010200, 2.200000000000004200, 0.2999999999999988800 ) ) ;
#5358 = PRESENTATION_STYLE_ASSIGNMENT (( #4405 ) ) ;
#5359 = CARTESIAN_POINT ( 'NONE',  ( 4.625000000000000900, 1.700000000000000200, 3.699999999999996600 ) ) ;
#5360 = VERTEX_POINT ( 'NONE', #12000 ) ;
#5361 = ADVANCED_FACE ( 'NONE', ( #2361 ), #9950, .F. ) ;
#5362 = ORIENTED_EDGE ( 'NONE', *, *, #10174, .T. ) ;
#5363 = CARTESIAN_POINT ( 'NONE',  ( -1.714999999999998100, 0.4249999999999998200, 0.6499999999999983600 ) ) ;
#5364 =( GEOMETRIC_REPRESENTATION_CONTEXT ( 3 ) GLOBAL_UNCERTAINTY_ASSIGNED_CONTEXT ( ( #4293 ) ) GLOBAL_UNIT_ASSIGNED_CONTEXT ( ( #9949, #4088, #10979 ) ) REPRESENTATION_CONTEXT ( 'NONE', 'WORKASPACE' ) );
#5365 = DIRECTION ( 'NONE',  ( 1.000000000000000000, 0.0000000000000000000, -0.0000000000000000000 ) ) ;
#5366 = VECTOR ( 'NONE', #4497, 1000.000000000000000 ) ;
#5367 = DIRECTION ( 'NONE',  ( 0.0000000000000000000, -0.7071067811865439100, 0.7071067811865512400 ) ) ;
#5368 = LINE ( 'NONE', #7092, #2741 ) ;
#5369 = VERTEX_POINT ( 'NONE', #5057 ) ;
#5370 = DIRECTION ( 'NONE',  ( 1.807003620809171900E-016, 1.000000000000000000, -0.0000000000000000000 ) ) ;
#5371 = PRESENTATION_LAYER_ASSIGNMENT (  '', '', ( #4062 ) ) ;
#5372 = ADVANCED_FACE ( 'NONE', ( #9901 ), #10002, .T. ) ;
#5373 = LINE ( 'NONE', #199, #4748 ) ;
#5374 = STYLED_ITEM ( 'NONE', ( #3806 ), #3234 ) ;
#5375 = CARTESIAN_POINT ( 'NONE',  ( 3.285000000000001500, -0.3750000000000005600, 3.999999999999993300 ) ) ;
#5376 = VECTOR ( 'NONE', #11003, 1000.000000000000000 ) ;
#5377 = ORIENTED_EDGE ( 'NONE', *, *, #1933, .F. ) ;
#5378 = EDGE_LOOP ( 'NONE', ( #9709, #1944, #5675, #6967, #6559 ) ) ;
#5379 = EDGE_CURVE ( 'NONE', #1702, #12770, #6372, .T. ) ;
#5380 = DIRECTION ( 'NONE',  ( 0.0000000000000000000, -1.000000000000000000, 0.0000000000000000000 ) ) ;
#5381 = DIRECTION ( 'NONE',  ( 0.0000000000000000000, -0.0000000000000000000, -1.000000000000000000 ) ) ;
#5382 = CARTESIAN_POINT ( 'NONE',  ( -2.964999999999999000, 2.549999999999999800, 0.4499999999999999000 ) ) ;
#5383 = ORIENTED_EDGE ( 'NONE', *, *, #10165, .T. ) ;
#5384 = VECTOR ( 'NONE', #6741, 1000.000000000000000 ) ;
#5385 = EDGE_CURVE ( 'NONE', #6507, #8020, #7292, .T. ) ;
#5386 = LINE ( 'NONE', #2041, #10303 ) ;
#5387 = LINE ( 'NONE', #3872, #10630 ) ;
#5388 = DIRECTION ( 'NONE',  ( 0.0000000000000000000, 0.0000000000000000000, -1.000000000000000000 ) ) ;
#5389 =( NAMED_UNIT ( * ) PLANE_ANGLE_UNIT ( ) SI_UNIT ( $, .RADIAN. ) );
#5390 = VERTEX_POINT ( 'NONE', #5146 ) ;
#5391 = VECTOR ( 'NONE', #2602, 1000.000000000000000 ) ;
#5392 = EDGE_CURVE ( 'NONE', #10312, #2954, #3766, .T. ) ;
#5393 = ORIENTED_EDGE ( 'NONE', *, *, #2147, .F. ) ;
#5394 = ORIENTED_EDGE ( 'NONE', *, *, #4175, .T. ) ;
#5395 = VECTOR ( 'NONE', #11602, 1000.000000000000000 ) ;
#5396 = DIRECTION ( 'NONE',  ( -0.0000000000000000000, -1.000000000000000000, -0.0000000000000000000 ) ) ;
#5397 = EDGE_CURVE ( 'NONE', #4295, #5552, #1121, .T. ) ;
#5398 = AXIS2_PLACEMENT_3D ( 'NONE', #11078, #12105, #6124 ) ;
#5399 = CARTESIAN_POINT ( 'NONE',  ( 4.825000000000000200, 1.700000000000000000, 2.200000000000000200 ) ) ;
#5400 = LINE ( 'NONE', #703, #3095 ) ;
#5401 = DIRECTION ( 'NONE',  ( 0.0000000000000000000, 0.7071067811865496800, 0.7071067811865453500 ) ) ;
#5402 = ORIENTED_EDGE ( 'NONE', *, *, #7662, .F. ) ;
#5403 = DIRECTION ( 'NONE',  ( -0.0000000000000000000, -0.0000000000000000000, -1.000000000000000000 ) ) ;
#5404 = VECTOR ( 'NONE', #4681, 1000.000000000000000 ) ;
#5405 = VECTOR ( 'NONE', #301, 1000.000000000000000 ) ;
#5406 = CARTESIAN_POINT ( 'NONE',  ( 6.325000000000000200, 1.100000000000000100, 0.2539999999999999500 ) ) ;
#5407 = EDGE_CURVE ( 'NONE', #10470, #3889, #817, .T. ) ;
#5408 = VERTEX_POINT ( 'NONE', #2191 ) ;
#5409 = CARTESIAN_POINT ( 'NONE',  ( 4.625000000000000900, 1.399999999999998600, 4.699999999999997500 ) ) ;
#5410 = VECTOR ( 'NONE', #360, 1000.000000000000000 ) ;
#5411 = FACE_OUTER_BOUND ( 'NONE', #11306, .T. ) ;
#5412 = EDGE_LOOP ( 'NONE', ( #1777, #4772, #10783, #9465 ) ) ;
#5413 = SURFACE_STYLE_USAGE ( .BOTH. , #11338 ) ;
#5414 = VECTOR ( 'NONE', #9162, 1000.000000000000000 ) ;
#5415 = DIRECTION ( 'NONE',  ( -0.0000000000000000000, -1.000000000000000000, -0.0000000000000000000 ) ) ;
#5416 = PRESENTATION_LAYER_ASSIGNMENT (  '', '', ( #4113 ) ) ;
#5417 = LINE ( 'NONE', #11382, #2796 ) ;
#5418 = ADVANCED_FACE ( 'NONE', ( #3151 ), #10080, .T. ) ;
#5419 = CARTESIAN_POINT ( 'NONE',  ( -3.284999999999998800, 0.0000000000000000000, 0.0000000000000000000 ) ) ;
#5420 = MECHANICAL_DESIGN_GEOMETRIC_PRESENTATION_REPRESENTATION (  '', ( #3449 ), #6049 ) ;
#5421 = LINE ( 'NONE', #5104, #5102 ) ;
#5422 = VERTEX_POINT ( 'NONE', #7105 ) ;
#5423 = ORIENTED_EDGE ( 'NONE', *, *, #9592, .T. ) ;
#5424 = VECTOR ( 'NONE', #11709, 1000.000000000000000 ) ;
#5425 = DIRECTION ( 'NONE',  ( 0.0000000000000000000, -1.000000000000000000, -1.141265444721583800E-016 ) ) ;
#5426 = VERTEX_POINT ( 'NONE', #6150 ) ;
#5427 = DIRECTION ( 'NONE',  ( 1.000000000000000000, 0.0000000000000000000, 0.0000000000000000000 ) ) ;
#5428 = CARTESIAN_POINT ( 'NONE',  ( 4.624999999999997300, -0.4000000000000006300, 0.2999999999999971600 ) ) ;
#5429 = ADVANCED_FACE ( 'NONE', ( #10697 ), #7154, .F. ) ;
#5430 = PLANE ( 'NONE',  #11489 ) ;
#5431 = STYLED_ITEM ( 'NONE', ( #6332 ), #9793 ) ;
#5432 = ORIENTED_EDGE ( 'NONE', *, *, #7519, .F. ) ;
#5433 = COLOUR_RGB ( '',0.8000000000000000400, 0.8078431372549019800, 0.8000000000000000400 ) ;
#5434 = ORIENTED_EDGE ( 'NONE', *, *, #5554, .F. ) ;
#5435 = ORIENTED_EDGE ( 'NONE', *, *, #5136, .F. ) ;
#5436 = PRESENTATION_STYLE_ASSIGNMENT (( #3636 ) ) ;
#5437 = UNCERTAINTY_MEASURE_WITH_UNIT (LENGTH_MEASURE( 1.000000000000000100E-005 ), #11851, 'distance_accuracy_value', 'NONE');
#5438 = DIRECTION ( 'NONE',  ( 0.0000000000000000000, 1.000000000000000000, 1.070121624790885400E-015 ) ) ;
#5439 =( GEOMETRIC_REPRESENTATION_CONTEXT ( 3 ) GLOBAL_UNCERTAINTY_ASSIGNED_CONTEXT ( ( #9011 ) ) GLOBAL_UNIT_ASSIGNED_CONTEXT ( ( #10274, #4397, #11296 ) ) REPRESENTATION_CONTEXT ( 'NONE', 'WORKASPACE' ) );
#5440 = FACE_OUTER_BOUND ( 'NONE', #6025, .T. ) ;
#5441 = CARTESIAN_POINT ( 'NONE',  ( -2.964999999999999000, -0.3750000000000001100, 0.6499999999999975800 ) ) ;
#5442 =( GEOMETRIC_REPRESENTATION_CONTEXT ( 3 ) GLOBAL_UNCERTAINTY_ASSIGNED_CONTEXT ( ( #9624 ) ) GLOBAL_UNIT_ASSIGNED_CONTEXT ( ( #8048, #7873, #7826 ) ) REPRESENTATION_CONTEXT ( 'NONE', 'WORKASPACE' ) );
#5443 = ORIENTED_EDGE ( 'NONE', *, *, #5407, .T. ) ;
#5444 = DIRECTION ( 'NONE',  ( 0.0000000000000000000, 2.032879073410321300E-016, -1.000000000000000000 ) ) ;
#5445 = LINE ( 'NONE', #9293, #10372 ) ;
#5446 = EDGE_LOOP ( 'NONE', ( #11147, #9573, #4521, #10216 ) ) ;
#5447 = FACE_OUTER_BOUND ( 'NONE', #7256, .T. ) ;
#5448 = ORIENTED_EDGE ( 'NONE', *, *, #3579, .T. ) ;
#5449 = DIRECTION ( 'NONE',  ( -0.0000000000000000000, -0.0000000000000000000, -1.000000000000000000 ) ) ;
#5450 = CYLINDRICAL_SURFACE ( 'NONE', #10580, 0.3040000000000002100 ) ;
#5451 = EDGE_LOOP ( 'NONE', ( #12807, #7770, #4569, #22 ) ) ;
#5452 = VECTOR ( 'NONE', #2231, 1000.000000000000000 ) ;
#5453 = UNCERTAINTY_MEASURE_WITH_UNIT (LENGTH_MEASURE( 1.000000000000000100E-005 ), #422, 'distance_accuracy_value', 'NONE');
#5454 = EDGE_CURVE ( 'NONE', #4888, #1841, #8659, .T. ) ;
#5455 = LINE ( 'NONE', #7323, #8052 ) ;
#5456 = VERTEX_POINT ( 'NONE', #9143 ) ;
#5457 = LINE ( 'NONE', #1069, #7876 ) ;
#5458 = CARTESIAN_POINT ( 'NONE',  ( -4.624999999999999100, -1.000000000000000400, 4.699999999999995700 ) ) ;
#5459 = CARTESIAN_POINT ( 'NONE',  ( 3.675000000000000700, 2.299999999999998900, 3.699999999999996600 ) ) ;
#5460 = DIRECTION ( 'NONE',  ( -0.0000000000000000000, 1.000000000000000000, -0.0000000000000000000 ) ) ;
#5461 = DIRECTION ( 'NONE',  ( 0.0000000000000000000, -0.0000000000000000000, 1.000000000000000000 ) ) ;
#5462 = LINE ( 'NONE', #2306, #10706 ) ;
#5463 = PRESENTATION_LAYER_ASSIGNMENT (  '', '', ( #4155 ) ) ;
#5464 = EDGE_LOOP ( 'NONE', ( #9978, #8171, #2558, #12062 ) ) ;
#5465 = EDGE_CURVE ( 'NONE', #2816, #8020, #520, .T. ) ;
#5466 = VECTOR ( 'NONE', #6793, 1000.000000000000000 ) ;
#5467 = CARTESIAN_POINT ( 'NONE',  ( 5.149000000000000900, 1.100000000000000100, 0.3039999999999999400 ) ) ;
#5468 = EDGE_CURVE ( 'NONE', #6646, #8952, #11013, .T. ) ;
#5469 = CARTESIAN_POINT ( 'NONE',  ( -0.7849999999999988100, -0.3750000000000001100, 0.04999999999999709500 ) ) ;
#5470 = ORIENTED_EDGE ( 'NONE', *, *, #9993, .F. ) ;
#5471 = MECHANICAL_DESIGN_GEOMETRIC_PRESENTATION_REPRESENTATION (  '', ( #3497 ), #6095 ) ;
#5472 = FILL_AREA_STYLE_COLOUR ( '', #1354 ) ;
#5473 = CARTESIAN_POINT ( 'NONE',  ( -2.017993197278911100, -0.3537414965986414600, 3.585034013605424200 ) ) ;
#5474 = CARTESIAN_POINT ( 'NONE',  ( 5.645000000000000500, 1.200000000000000000, 1.275999999999999800 ) ) ;
#5475 = LINE ( 'NONE', #11934, #10401 ) ;
#5476 = VECTOR ( 'NONE', #3886, 1000.000000000000000 ) ;
#5477 = EDGE_CURVE ( 'NONE', #2911, #10974, #8050, .T. ) ;
#5478 = DIRECTION ( 'NONE',  ( 3.771137991253928600E-016, -0.0000000000000000000, 1.000000000000000000 ) ) ;
#5479 = CARTESIAN_POINT ( 'NONE',  ( -2.034999999999998800, 3.100000000000000100, 0.3499999999999989800 ) ) ;
#5480 = STYLED_ITEM ( 'NONE', ( #2939 ), #10603 ) ;
#5481 = ADVANCED_FACE ( 'NONE', ( #2513 ), #2281, .T. ) ;
#5482 = EDGE_CURVE ( 'NONE', #143, #782, #8359, .T. ) ;
#5483 = LINE ( 'NONE', #2518, #10721 ) ;
#5484 = UNCERTAINTY_MEASURE_WITH_UNIT (LENGTH_MEASURE( 1.000000000000000100E-005 ), #4884, 'distance_accuracy_value', 'NONE');
#5485 = DIRECTION ( 'NONE',  ( -0.7071067811865492400, 0.0000000000000000000, -0.7071067811865458000 ) ) ;
#5486 = LINE ( 'NONE', #6553, #10722 ) ;
#5487 = FACE_OUTER_BOUND ( 'NONE', #7179, .T. ) ;
#5488 = EDGE_CURVE ( 'NONE', #5590, #3031, #3462, .T. ) ;
#5489 = SURFACE_STYLE_USAGE ( .BOTH. , #11413 ) ;
#5490 = ORIENTED_EDGE ( 'NONE', *, *, #8677, .T. ) ;
#5491 = MECHANICAL_DESIGN_GEOMETRIC_PRESENTATION_REPRESENTATION (  '', ( #3521 ), #6119 ) ;
#5492 = VERTEX_POINT ( 'NONE', #5325 ) ;
#5493 = PLANE ( 'NONE',  #11492 ) ;
#5494 = PLANE ( 'NONE',  #3759 ) ;
#5495 = ADVANCED_FACE ( 'NONE', ( #10702 ), #399, .T. ) ;
#5496 = FACE_OUTER_BOUND ( 'NONE', #10981, .T. ) ;
#5497 = MECHANICAL_DESIGN_GEOMETRIC_PRESENTATION_REPRESENTATION (  '', ( #3527 ), #6131 ) ;
#5498 = LINE ( 'NONE', #9036, #7775 ) ;
#5499 = CARTESIAN_POINT ( 'NONE',  ( 2.035000000000001900, -0.3750000000000003300, 1.749999999999996400 ) ) ;
#5500 = PRESENTATION_STYLE_ASSIGNMENT (( #7551 ) ) ;
#5501 = CARTESIAN_POINT ( 'NONE',  ( 4.024999999999995900, 1.700000000000000200, 1.749999999999996400 ) ) ;
#5502 = DIRECTION ( 'NONE',  ( -1.000000000000000000, -0.0000000000000000000, -0.0000000000000000000 ) ) ;
#5503 = VERTEX_POINT ( 'NONE', #3336 ) ;
#5504 = CARTESIAN_POINT ( 'NONE',  ( 3.285000000000001500, 2.350000000000003600, 0.6499999999999985800 ) ) ;
#5506 = FILL_AREA_STYLE_COLOUR ( '', #4756 ) ;
#5505 = DIRECTION ( 'NONE',  ( -1.000000000000000000, -0.0000000000000000000, -0.0000000000000000000 ) ) ;
#5507 = ORIENTED_EDGE ( 'NONE', *, *, #855, .F. ) ;
#5508 = EDGE_LOOP ( 'NONE', ( #4956, #4560, #3510, #9960 ) ) ;
#5509 = FILL_AREA_STYLE_COLOUR ( '', #11024 ) ;
#5510 = DIRECTION ( 'NONE',  ( 0.0000000000000000000, 0.0000000000000000000, -1.000000000000000000 ) ) ;
#5511 = DIRECTION ( 'NONE',  ( 0.0000000000000000000, -1.000000000000000000, -1.294569758191649100E-016 ) ) ;
#5512 = LINE ( 'NONE', #200, #9661 ) ;
#5513 = COLOUR_RGB ( '',0.8000000000000000400, 0.8078431372549019800, 0.8000000000000000400 ) ;
#5514 = LINE ( 'NONE', #6675, #8101 ) ;
#5515 = PRESENTATION_LAYER_ASSIGNMENT (  '', '', ( #4207 ) ) ;
#5516 = COLOUR_RGB ( '',0.8000000000000000400, 0.8078431372549019800, 0.8000000000000000400 ) ;
#5517 = LINE ( 'NONE', #9299, #10441 ) ;
#5518 = VECTOR ( 'NONE', #5304, 1000.000000000000000 ) ;
#5519 = ORIENTED_EDGE ( 'NONE', *, *, #12059, .F. ) ;
#5520 = CARTESIAN_POINT ( 'NONE',  ( 1.449999999999999100, 2.600000000000000100, 0.6499999999999975800 ) ) ;
#5521 = PLANE ( 'NONE',  #8290 ) ;
#5522 = CARTESIAN_POINT ( 'NONE',  ( -4.624999999999999100, -1.100000000000000100, 0.2999999999999999900 ) ) ;
#5523 = DIRECTION ( 'NONE',  ( 0.7071067811865432400, 0.0000000000000000000, 0.7071067811865517900 ) ) ;
#5524 = SURFACE_STYLE_FILL_AREA ( #6837 ) ;
#5525 = LINE ( 'NONE', #2267, #272 ) ;
#5526 = VERTEX_POINT ( 'NONE', #3386 ) ;
#5527 = SURFACE_STYLE_FILL_AREA ( #10965 ) ;
#5528 = DIRECTION ( 'NONE',  ( 0.7071067811865454600, -0.0000000000000000000, -0.7071067811865495700 ) ) ;
#5529 = LINE ( 'NONE', #3865, #10775 ) ;
#5530 = ORIENTED_EDGE ( 'NONE', *, *, #10740, .F. ) ;
#5531 = DIRECTION ( 'NONE',  ( -1.000000000000000000, 0.0000000000000000000, 0.0000000000000000000 ) ) ;
#5532 = CARTESIAN_POINT ( 'NONE',  ( 2.035000000000001000, 0.0000000000000000000, 3.499999999999985800 ) ) ;
#5533 = VECTOR ( 'NONE', #1685, 1000.000000000000000 ) ;
#5534 = CARTESIAN_POINT ( 'NONE',  ( -0.7849999999999988100, 0.4249999999999998200, 0.04999999999999709500 ) ) ;
#5535 = FILL_AREA_STYLE ('',( #4551 ) ) ;
#5536 = EDGE_LOOP ( 'NONE', ( #10884, #6015, #10862, #12723 ) ) ;
#5537 = VERTEX_POINT ( 'NONE', #8260 ) ;
#5538 = ORIENTED_EDGE ( 'NONE', *, *, #5625, .T. ) ;
#5539 = LINE ( 'NONE', #1729, #9232 ) ;
#5540 = CARTESIAN_POINT ( 'NONE',  ( 4.624999999999997300, 1.420000000000003000, 0.2999999999999971600 ) ) ;
#5541 = CARTESIAN_POINT ( 'NONE',  ( -0.2000000000000000900, 2.600000000000000100, 0.2999999999999981000 ) ) ;
#5542 = DIRECTION ( 'NONE',  ( 0.0000000000000000000, 0.0000000000000000000, 1.000000000000000000 ) ) ;
#5543 = ADVANCED_FACE ( 'NONE', ( #525 ), #9269, .T. ) ;
#5544 = DIRECTION ( 'NONE',  ( -1.000000000000000000, -0.0000000000000000000, -0.0000000000000000000 ) ) ;
#5545 = EDGE_CURVE ( 'NONE', #10617, #2522, #5455, .T. ) ;
#5546 = CARTESIAN_POINT ( 'NONE',  ( 3.675000000000000700, 1.700000000000000400, 3.399999999999996800 ) ) ;
#5547 = ORIENTED_EDGE ( 'NONE', *, *, #259, .T. ) ;
#5548 = LINE ( 'NONE', #12266, #10480 ) ;
#5549 = DIRECTION ( 'NONE',  ( 0.0000000000000000000, 1.000000000000000000, 1.070121624790885400E-015 ) ) ;
#5550 = STYLED_ITEM ( 'NONE', ( #958 ), #5916 ) ;
#5551 = VERTEX_POINT ( 'NONE', #8308 ) ;
#5552 = VERTEX_POINT ( 'NONE', #4383 ) ;
#5553 = DIRECTION ( 'NONE',  ( 2.344220913482171700E-016, -1.000000000000000000, 0.0000000000000000000 ) ) ;
#5554 = EDGE_CURVE ( 'NONE', #7086, #12022, #10386, .T. ) ;
#5555 = LINE ( 'NONE', #9245, #2296 ) ;
#5556 = CARTESIAN_POINT ( 'NONE',  ( -1.934999999999998500, 0.3499999999999997000, 3.999999999999993300 ) ) ;
#5557 = DIRECTION ( 'NONE',  ( 0.0000000000000000000, 0.0000000000000000000, 1.000000000000000000 ) ) ;
#5558 = PLANE ( 'NONE',  #7131 ) ;
#5559 = EDGE_CURVE ( 'NONE', #3999, #11520, #206, .T. ) ;
#5560 = CARTESIAN_POINT ( 'NONE',  ( 0.4650000000000010200, -0.3750000000000001100, 1.749999999999996400 ) ) ;
#5562 = LINE ( 'NONE', #1530, #8155 ) ;
#5561 = PLANE ( 'NONE',  #4904 ) ;
#5563 = FACE_OUTER_BOUND ( 'NONE', #7063, .T. ) ;
#5564 = ADVANCED_FACE ( 'NONE', ( #5759 ), #12346, .F. ) ;
#5565 = DIRECTION ( 'NONE',  ( -0.9805806756909207800, 0.0000000000000000000, -0.1961161351381809400 ) ) ;
#5566 = EDGE_LOOP ( 'NONE', ( #4250, #4913, #10352, #408 ) ) ;
#5567 = PRESENTATION_STYLE_ASSIGNMENT (( #8365 ) ) ;
#5568 = FILL_AREA_STYLE_COLOUR ( '', #11522 ) ;
#5569 = EDGE_CURVE ( 'NONE', #11787, #12568, #12750, .T. ) ;
#5570 = EDGE_CURVE ( 'NONE', #7194, #4726, #11015, .T. ) ;
#5571 = VECTOR ( 'NONE', #11309, 1000.000000000000000 ) ;
#5572 = DIRECTION ( 'NONE',  ( 0.0000000000000000000, 0.0000000000000000000, 1.000000000000000000 ) ) ;
#5573 = DIRECTION ( 'NONE',  ( 0.0000000000000000000, 0.0000000000000000000, -1.000000000000000000 ) ) ;
#5574 = CARTESIAN_POINT ( 'NONE',  ( -2.964999999999999000, 3.000000000000000000, 0.4499999999999998400 ) ) ;
#5575 = SURFACE_SIDE_STYLE ('',( #12527 ) ) ;
#5576 = ORIENTED_EDGE ( 'NONE', *, *, #5714, .T. ) ;
#5577 = DIRECTION ( 'NONE',  ( 1.000000000000000000, 0.0000000000000000000, 0.0000000000000000000 ) ) ;
#5578 = VERTEX_POINT ( 'NONE', #11366 ) ;
#5579 = STYLED_ITEM ( 'NONE', ( #7785 ), #11467 ) ;
#5580 = ORIENTED_EDGE ( 'NONE', *, *, #833, .T. ) ;
#5581 = VECTOR ( 'NONE', #1102, 1000.000000000000000 ) ;
#5582 = CARTESIAN_POINT ( 'NONE',  ( 2.349999999999999600, 3.673118842698620300, 4.699999999999995700 ) ) ;
#5583 = EDGE_CURVE ( 'NONE', #8639, #6149, #2192, .T. ) ;
#5584 = CARTESIAN_POINT ( 'NONE',  ( -5.099000000000001100, 1.100000000000000100, 0.3039999999999999400 ) ) ;
#5585 = DIRECTION ( 'NONE',  ( -1.000000000000000000, 0.0000000000000000000, -0.0000000000000000000 ) ) ;
#5586 = ORIENTED_EDGE ( 'NONE', *, *, #3431, .F. ) ;
#5587 = DIRECTION ( 'NONE',  ( 1.000000000000000000, 0.0000000000000000000, -3.051828337366604500E-016 ) ) ;
#5588 = CARTESIAN_POINT ( 'NONE',  ( -0.7849999999999988100, -0.3750000000000001100, 0.6499999999999975800 ) ) ;
#5589 = ORIENTED_EDGE ( 'NONE', *, *, #4575, .T. ) ;
#5590 = VERTEX_POINT ( 'NONE', #532 ) ;
#5591 = LINE ( 'NONE', #5657, #7872 ) ;
#5592 = SURFACE_SIDE_STYLE ('',( #2198 ) ) ;
#5593 = ORIENTED_EDGE ( 'NONE', *, *, #12233, .F. ) ;
#5594 = CARTESIAN_POINT ( 'NONE',  ( 0.7850000000000010300, 0.0000000000000000000, 3.499999999999985800 ) ) ;
#5595 = ORIENTED_EDGE ( 'NONE', *, *, #4823, .F. ) ;
#5596 = ORIENTED_EDGE ( 'NONE', *, *, #10010, .T. ) ;
#5597 = SURFACE_STYLE_FILL_AREA ( #1679 ) ;
#5598 = ORIENTED_EDGE ( 'NONE', *, *, #4410, .F. ) ;
#5599 = PRESENTATION_LAYER_ASSIGNMENT (  '', '', ( #4284 ) ) ;
#5600 = ORIENTED_EDGE ( 'NONE', *, *, #1181, .F. ) ;
#5601 = CARTESIAN_POINT ( 'NONE',  ( 1.049999999999999800, -1.100000000000000100, 0.6499999999999978000 ) ) ;
#5602 = ORIENTED_EDGE ( 'NONE', *, *, #686, .F. ) ;
#5603 = VECTOR ( 'NONE', #11742, 1000.000000000000000 ) ;
#5604 = MANIFOLD_SOLID_BREP ( 'Линейный массив4[5]', #454 ) ;
#5605 =( NAMED_UNIT ( * ) PLANE_ANGLE_UNIT ( ) SI_UNIT ( $, .RADIAN. ) );
#5606 = UNCERTAINTY_MEASURE_WITH_UNIT (LENGTH_MEASURE( 1.000000000000000100E-005 ), #1498, 'distance_accuracy_value', 'NONE');
#5607 = ORIENTED_EDGE ( 'NONE', *, *, #11008, .F. ) ;
#5608 = AXIS2_PLACEMENT_3D ( 'NONE', #12657, #6701, #796 ) ;
#5609 = CARTESIAN_POINT ( 'NONE',  ( -4.625000000000000900, 1.700000000000000000, 2.400000000000000400 ) ) ;
#5610 = SURFACE_SIDE_STYLE ('',( #11795 ) ) ;
#5611 =( LENGTH_UNIT ( ) NAMED_UNIT ( * ) SI_UNIT ( .MILLI., .METRE. ) );
#5612 = VECTOR ( 'NONE', #1658, 1000.000000000000000 ) ;
#5613 = ORIENTED_EDGE ( 'NONE', *, *, #8768, .T. ) ;
#5614 = DIRECTION ( 'NONE',  ( 0.0000000000000000000, -1.000000000000000000, 0.0000000000000000000 ) ) ;
#5615 = LINE ( 'NONE', #9618, #5896 ) ;
#5616 = VECTOR ( 'NONE', #6014, 1000.000000000000000 ) ;
#5617 = CARTESIAN_POINT ( 'NONE',  ( -3.284999999999998800, 0.2499999999999996700, 0.2999999999999966000 ) ) ;
#5618 = CARTESIAN_POINT ( 'NONE',  ( 2.299999999999999800, 2.600000000000000100, 0.2999999999999976000 ) ) ;
#5619 = FACE_OUTER_BOUND ( 'NONE', #12377, .T. ) ;
#5620 = UNCERTAINTY_MEASURE_WITH_UNIT (LENGTH_MEASURE( 1.000000000000000100E-005 ), #10635, 'distance_accuracy_value', 'NONE');
#5621 = STYLED_ITEM ( 'NONE', ( #2244 ), #3066 ) ;
#5622 = DIRECTION ( 'NONE',  ( 0.0000000000000000000, -1.000000000000000000, 0.0000000000000000000 ) ) ;
#5623 = PLANE ( 'NONE',  #6389 ) ;
#5624 = ORIENTED_EDGE ( 'NONE', *, *, #6195, .F. ) ;
#5625 = EDGE_CURVE ( 'NONE', #1384, #1948, #1288, .T. ) ;
#5626 = ORIENTED_EDGE ( 'NONE', *, *, #9581, .T. ) ;
#5627 = LINE ( 'NONE', #6484, #3320 ) ;
#5628 = PRESENTATION_STYLE_ASSIGNMENT (( #6039 ) ) ;
#5629 = ADVANCED_FACE ( 'NONE', ( #6530 ), #6476, .F. ) ;
#5630 = EDGE_CURVE ( 'NONE', #3707, #3127, #3610, .T. ) ;
#5631 = CARTESIAN_POINT ( 'NONE',  ( -5.825000000000000200, 1.399999999999999900, 4.699999999999997500 ) ) ;
#5632 = FILL_AREA_STYLE_COLOUR ( '', #11202 ) ;
#5633 = VERTEX_POINT ( 'NONE', #8429 ) ;
#5634 = DIRECTION ( 'NONE',  ( 1.000000000000000000, 0.0000000000000000000, 0.0000000000000000000 ) ) ;
#5635 = CARTESIAN_POINT ( 'NONE',  ( -5.865000000000000200, -1.100000000000000100, 1.749999999999999600 ) ) ;
#5636 = MECHANICAL_DESIGN_GEOMETRIC_PRESENTATION_REPRESENTATION (  '', ( #3651 ), #6280 ) ;
#5637 = CARTESIAN_POINT ( 'NONE',  ( 4.125000000000000000, -0.4000000000000006300, 0.2999999999999973200 ) ) ;
#5638 = EDGE_CURVE ( 'NONE', #12809, #9924, #6198, .T. ) ;
#5639 =( NAMED_UNIT ( * ) PLANE_ANGLE_UNIT ( ) SI_UNIT ( $, .RADIAN. ) );
#5640 = ORIENTED_EDGE ( 'NONE', *, *, #4653, .T. ) ;
#5641 = DIRECTION ( 'NONE',  ( -0.0000000000000000000, 0.7071067811865520100, 0.7071067811865431300 ) ) ;
#5642 = EDGE_CURVE ( 'NONE', #3463, #10163, #8816, .T. ) ;
#5643 = DIRECTION ( 'NONE',  ( -2.808229700885286400E-016, -0.7071067811865505700, 0.7071067811865444600 ) ) ;
#5644 = CARTESIAN_POINT ( 'NONE',  ( -5.645000000000000500, -1.100000000000000100, 1.276000000000000000 ) ) ;
#5645 = EDGE_CURVE ( 'NONE', #5456, #11844, #5890, .T. ) ;
#5646 = PLANE ( 'NONE',  #6598 ) ;
#5647 = SURFACE_STYLE_FILL_AREA ( #12275 ) ;
#5648 = CARTESIAN_POINT ( 'NONE',  ( 0.4650000000000010200, 3.100000000000000100, 0.3499999999999989800 ) ) ;
#5649 = STYLED_ITEM ( 'NONE', ( #3543 ), #10924 ) ;
#5650 = ORIENTED_EDGE ( 'NONE', *, *, #3906, .F. ) ;
#5651 = EDGE_CURVE ( 'NONE', #2420, #8177, #968, .T. ) ;
#5652 = ORIENTED_EDGE ( 'NONE', *, *, #7501, .T. ) ;
#5653 = CARTESIAN_POINT ( 'NONE',  ( -2.649999999999999900, 2.123118842698621800, 3.249999999999996000 ) ) ;
#5654 = SURFACE_SIDE_STYLE ('',( #2351 ) ) ;
#5655 = LINE ( 'NONE', #2843, #409 ) ;
#5656 = EDGE_CURVE ( 'NONE', #4395, #11687, #3302, .T. ) ;
#5657 = CARTESIAN_POINT ( 'NONE',  ( 2.650000000000000400, -1.100000000000000100, 4.699999999999995700 ) ) ;
#5658 = LINE ( 'NONE', #8770, #10596 ) ;
#5659 = LINE ( 'NONE', #6325, #10909 ) ;
#5660 = DIRECTION ( 'NONE',  ( 0.0000000000000000000, -1.000000000000000000, 0.0000000000000000000 ) ) ;
#5661 = MECHANICAL_DESIGN_GEOMETRIC_PRESENTATION_REPRESENTATION (  '', ( #3688 ), #6312 ) ;
#5662 = COLOUR_RGB ( '',0.8000000000000000400, 0.8078431372549019800, 0.8000000000000000400 ) ;
#5663 = ORIENTED_EDGE ( 'NONE', *, *, #4646, .T. ) ;
#5664 = ORIENTED_EDGE ( 'NONE', *, *, #3189, .F. ) ;
#5665 = VERTEX_POINT ( 'NONE', #5574 ) ;
#5666 = STYLED_ITEM ( 'NONE', ( #3465 ), #12438 ) ;
#5667 = MECHANICAL_DESIGN_GEOMETRIC_PRESENTATION_REPRESENTATION (  '', ( #3699 ), #6322 ) ;
#5668 = SURFACE_STYLE_FILL_AREA ( #11953 ) ;
#5669 = CARTESIAN_POINT ( 'NONE',  ( -2.700000000000000200, 2.600000000000000100, 0.6499999999999985800 ) ) ;
#5671 = VECTOR ( 'NONE', #12376, 1000.000000000000000 ) ;
#5670 = CARTESIAN_POINT ( 'NONE',  ( -2.034999999999998800, -0.3750000000000001100, 0.6499999999999975800 ) ) ;
#5672 = ORIENTED_EDGE ( 'NONE', *, *, #2562, .F. ) ;
#5673 = VECTOR ( 'NONE', #4242, 1000.000000000000000 ) ;
#5674 = VECTOR ( 'NONE', #8692, 1000.000000000000000 ) ;
#5675 = ORIENTED_EDGE ( 'NONE', *, *, #25, .T. ) ;
#5676 = DIRECTION ( 'NONE',  ( -1.000000000000000000, 0.0000000000000000000, 0.0000000000000000000 ) ) ;
#5677 = FILL_AREA_STYLE_COLOUR ( '', #2189 ) ;
#5678 = VECTOR ( 'NONE', #10384, 1000.000000000000000 ) ;
#5679 = FACE_OUTER_BOUND ( 'NONE', #6200, .T. ) ;
#5680 = PRESENTATION_STYLE_ASSIGNMENT (( #5852 ) ) ;
#5681 = DIRECTION ( 'NONE',  ( 1.000000000000000000, 0.0000000000000000000, 0.0000000000000000000 ) ) ;
#5682 = SURFACE_SIDE_STYLE ('',( #12827 ) ) ;
#5683 = ORIENTED_EDGE ( 'NONE', *, *, #12778, .F. ) ;
#5684 = ORIENTED_EDGE ( 'NONE', *, *, #6948, .T. ) ;
#5685 = ADVANCED_FACE ( 'NONE', ( #356 ), #12505, .F. ) ;
#5686 = FILL_AREA_STYLE ('',( #4691 ) ) ;
#5687 = VERTEX_POINT ( 'NONE', #10484 ) ;
#5688 =( NAMED_UNIT ( * ) SI_UNIT ( $, .STERADIAN. ) SOLID_ANGLE_UNIT ( ) );
#5689 = MECHANICAL_DESIGN_GEOMETRIC_PRESENTATION_REPRESENTATION (  '', ( #3719 ), #6339 ) ;
#5690 = PRESENTATION_LAYER_ASSIGNMENT (  '', '', ( #4385 ) ) ;
#5691 = CARTESIAN_POINT ( 'NONE',  ( -2.700000000000001100, 0.09999999999999982500, 3.074999999999986400 ) ) ;
#5692 = ORIENTED_EDGE ( 'NONE', *, *, #7504, .T. ) ;
#5693 = VECTOR ( 'NONE', #4552, 1000.000000000000000 ) ;
#5694 = CARTESIAN_POINT ( 'NONE',  ( 2.035000000000001000, 3.000000000000000000, 0.4499999999999998400 ) ) ;
#5695 = ORIENTED_EDGE ( 'NONE', *, *, #5559, .T. ) ;
#5696 = ORIENTED_EDGE ( 'NONE', *, *, #3594, .F. ) ;
#5697 = DIRECTION ( 'NONE',  ( 0.0000000000000000000, 1.000000000000000000, 2.032879073410321300E-016 ) ) ;
#5698 = VECTOR ( 'NONE', #8829, 1000.000000000000000 ) ;
#5699 = EDGE_CURVE ( 'NONE', #1575, #8482, #10544, .T. ) ;
#5700 = CARTESIAN_POINT ( 'NONE',  ( 3.285000000000001500, 2.500000000000000000, -1.084202172485504400E-016 ) ) ;
#5701 = LINE ( 'NONE', #5582, #10955 ) ;
#5702 = COLOUR_RGB ( '',0.8000000000000000400, 0.8078431372549019800, 0.8000000000000000400 ) ;
#5703 = PRESENTATION_LAYER_ASSIGNMENT (  '', '', ( #4401 ) ) ;
#5704 = EDGE_LOOP ( 'NONE', ( #2826, #6810, #3429, #8454 ) ) ;
#5705 = VERTEX_POINT ( 'NONE', #11500 ) ;
#5706 = LINE ( 'NONE', #717, #3097 ) ;
#5707 = DIRECTION ( 'NONE',  ( 3.047487187526822800E-016, -0.0000000000000000000, 1.000000000000000000 ) ) ;
#5708 = LINE ( 'NONE', #5338, #5405 ) ;
#5709 = CARTESIAN_POINT ( 'NONE',  ( 1.715000000000001200, -0.3750000000000001100, 1.749999999999996400 ) ) ;
#5710 = EDGE_CURVE ( 'NONE', #11141, #3466, #10856, .T. ) ;
#5711 = SURFACE_SIDE_STYLE ('',( #7435 ) ) ;
#5712 = VECTOR ( 'NONE', #8144, 1000.000000000000000 ) ;
#5713 = LINE ( 'NONE', #4021, #3111 ) ;
#5714 = EDGE_CURVE ( 'NONE', #4305, #5103, #7887, .T. ) ;
#5715 = ORIENTED_EDGE ( 'NONE', *, *, #6003, .T. ) ;
#5716 =( NAMED_UNIT ( * ) PLANE_ANGLE_UNIT ( ) SI_UNIT ( $, .RADIAN. ) );
#5717 =( LENGTH_UNIT ( ) NAMED_UNIT ( * ) SI_UNIT ( .MILLI., .METRE. ) );
#5718 = FILL_AREA_STYLE ('',( #5472 ) ) ;
#5719 = EDGE_CURVE ( 'NONE', #9145, #10693, #5306, .T. ) ;
#5720 =( NAMED_UNIT ( * ) SI_UNIT ( $, .STERADIAN. ) SOLID_ANGLE_UNIT ( ) );
#5721 = ORIENTED_EDGE ( 'NONE', *, *, #4085, .T. ) ;
#5722 = DIRECTION ( 'NONE',  ( 0.0000000000000000000, 0.0000000000000000000, -1.000000000000000000 ) ) ;
#5723 = DIRECTION ( 'NONE',  ( 0.0000000000000000000, 1.000000000000000000, 0.0000000000000000000 ) ) ;
#5724 = VECTOR ( 'NONE', #5989, 1000.000000000000000 ) ;
#5725 =( LENGTH_UNIT ( ) NAMED_UNIT ( * ) SI_UNIT ( .MILLI., .METRE. ) );
#5726 = EDGE_CURVE ( 'NONE', #1576, #11148, #10213, .T. ) ;
#5727 = ORIENTED_EDGE ( 'NONE', *, *, #3809, .T. ) ;
#5728 = VERTEX_POINT ( 'NONE', #9559 ) ;
#5729 = LINE ( 'NONE', #853, #10669 ) ;
#5730 = STYLED_ITEM ( 'NONE', ( #1536 ), #7697 ) ;
#5731 = ORIENTED_EDGE ( 'NONE', *, *, #4575, .F. ) ;
#5732 = DIRECTION ( 'NONE',  ( -2.990902544787599100E-016, 0.0000000000000000000, -1.000000000000000000 ) ) ;
#5733 = CARTESIAN_POINT ( 'NONE',  ( -1.949999999999999700, -0.6999999999999988500, 3.249999999999996000 ) ) ;
#5734 = CARTESIAN_POINT ( 'NONE',  ( -1.714999999999999000, 0.4249999999999998200, 3.499999999999981300 ) ) ;
#5735 = ORIENTED_EDGE ( 'NONE', *, *, #1996, .F. ) ;
#5736 = DIRECTION ( 'NONE',  ( 0.0000000000000000000, 0.0000000000000000000, 1.000000000000000000 ) ) ;
#5737 = FACE_OUTER_BOUND ( 'NONE', #12839, .T. ) ;
#5738 = ORIENTED_EDGE ( 'NONE', *, *, #7094, .T. ) ;
#5739 = ORIENTED_EDGE ( 'NONE', *, *, #6864, .T. ) ;
#5740 = DIRECTION ( 'NONE',  ( 0.0000000000000000000, 2.258754526011468200E-016, -1.000000000000000000 ) ) ;
#5741 = ORIENTED_EDGE ( 'NONE', *, *, #1595, .T. ) ;
#5742 = ADVANCED_FACE ( 'NONE', ( #7577 ), #4665, .T. ) ;
#5743 = AXIS2_PLACEMENT_3D ( 'NONE', #6047, #7689, #12565 ) ;
#5744 = SURFACE_SIDE_STYLE ('',( #9517 ) ) ;
#5745 = CARTESIAN_POINT ( 'NONE',  ( 3.185000000000001800, 0.3499999999999997000, 3.999999999999993300 ) ) ;
#5746 = LINE ( 'NONE', #6729, #508 ) ;
#5747 =( GEOMETRIC_REPRESENTATION_CONTEXT ( 3 ) GLOBAL_UNCERTAINTY_ASSIGNED_CONTEXT ( ( #9258 ) ) GLOBAL_UNIT_ASSIGNED_CONTEXT ( ( #12042, #6059, #179 ) ) REPRESENTATION_CONTEXT ( 'NONE', 'WORKASPACE' ) );
#5748 = EDGE_LOOP ( 'NONE', ( #1816, #7062, #3994, #2554 ) ) ;
#5749 = VECTOR ( 'NONE', #7310, 1000.000000000000000 ) ;
#5750 = LINE ( 'NONE', #3957, #10692 ) ;
#5751 = SURFACE_SIDE_STYLE ('',( #8215 ) ) ;
#5752 = DIRECTION ( 'NONE',  ( -1.000000000000000000, -0.0000000000000000000, -0.0000000000000000000 ) ) ;
#5753 = CARTESIAN_POINT ( 'NONE',  ( -0.4649999999999988600, 2.350000000000003600, 0.6499999999999985800 ) ) ;
#5754 = LINE ( 'NONE', #3652, #7726 ) ;
#5755 = UNCERTAINTY_MEASURE_WITH_UNIT (LENGTH_MEASURE( 1.000000000000000100E-005 ), #5101, 'distance_accuracy_value', 'NONE');
#5756 = SURFACE_SIDE_STYLE ('',( #1280 ) ) ;
#5757 = VECTOR ( 'NONE', #3264, 1000.000000000000000 ) ;
#5758 = FILL_AREA_STYLE_COLOUR ( '', #11910 ) ;
#5759 = FACE_OUTER_BOUND ( 'NONE', #5163, .T. ) ;
#5760 = DIRECTION ( 'NONE',  ( -1.000000000000000000, -0.0000000000000000000, -0.0000000000000000000 ) ) ;
#5761 = ORIENTED_EDGE ( 'NONE', *, *, #12292, .T. ) ;
#5762 = VECTOR ( 'NONE', #9163, 1000.000000000000000 ) ;
#5763 =( NAMED_UNIT ( * ) PLANE_ANGLE_UNIT ( ) SI_UNIT ( $, .RADIAN. ) );
#5764 = DIRECTION ( 'NONE',  ( 0.0000000000000000000, 0.0000000000000000000, -1.000000000000000000 ) ) ;
#5765 = VERTEX_POINT ( 'NONE', #1703 ) ;
#5766 = DIRECTION ( 'NONE',  ( 0.0000000000000000000, -1.000000000000000000, 0.0000000000000000000 ) ) ;
#5767 = LINE ( 'NONE', #9917, #2210 ) ;
#5768 = SURFACE_STYLE_FILL_AREA ( #8276 ) ;
#5769 = VECTOR ( 'NONE', #8715, 999.9999999999998900 ) ;
#5770 = PRESENTATION_LAYER_ASSIGNMENT (  '', '', ( #4477 ) ) ;
#5771 = PLANE ( 'NONE',  #7201 ) ;
#5772 = DIRECTION ( 'NONE',  ( -1.000000000000000000, -0.0000000000000000000, -1.875376730785737500E-016 ) ) ;
#5773 = EDGE_CURVE ( 'NONE', #6604, #11164, #11645, .T. ) ;
#5774 = LINE ( 'NONE', #8887, #233 ) ;
#5775 = EDGE_CURVE ( 'NONE', #3487, #10582, #6361, .T. ) ;
#5776 = DIRECTION ( 'NONE',  ( 0.5773502691896272900, 0.5773502691896227300, -0.5773502691896272900 ) ) ;
#5777 = ORIENTED_EDGE ( 'NONE', *, *, #1352, .T. ) ;
#5778 = VERTEX_POINT ( 'NONE', #1780 ) ;
#5779 = VERTEX_POINT ( 'NONE', #7648 ) ;
#5780 = CARTESIAN_POINT ( 'NONE',  ( -4.845000000000000600, -1.100000000000000100, 0.5199999999999995700 ) ) ;
#5781 = EDGE_CURVE ( 'NONE', #5705, #926, #6024, .T. ) ;
#5782 =( NAMED_UNIT ( * ) SI_UNIT ( $, .STERADIAN. ) SOLID_ANGLE_UNIT ( ) );
#5783 = PRESENTATION_STYLE_ASSIGNMENT (( #8306 ) ) ;
#5784 = LINE ( 'NONE', #1099, #10734 ) ;
#5785 = VECTOR ( 'NONE', #11484, 1000.000000000000000 ) ;
#5786 = VECTOR ( 'NONE', #3081, 1000.000000000000000 ) ;
#5787 = EDGE_CURVE ( 'NONE', #6940, #1193, #8647, .T. ) ;
#5788 = ORIENTED_EDGE ( 'NONE', *, *, #12284, .F. ) ;
#5789 = DIRECTION ( 'NONE',  ( 0.0000000000000000000, 0.0000000000000000000, -1.000000000000000000 ) ) ;
#5790 = EDGE_CURVE ( 'NONE', #3758, #969, #8970, .T. ) ;
#5791 = DIRECTION ( 'NONE',  ( 1.000000000000000000, -0.0000000000000000000, -3.252606517456510300E-016 ) ) ;
#5792 =( LENGTH_UNIT ( ) NAMED_UNIT ( * ) SI_UNIT ( .MILLI., .METRE. ) );
#5793 = DIRECTION ( 'NONE',  ( -1.000000000000000000, 6.776263578034385000E-016, -0.0000000000000000000 ) ) ;
#5794 =( NAMED_UNIT ( * ) SI_UNIT ( $, .STERADIAN. ) SOLID_ANGLE_UNIT ( ) );
#5795 = ADVANCED_FACE ( 'NONE', ( #1115 ), #816, .T. ) ;
#5796 = DIRECTION ( 'NONE',  ( 1.000000000000000000, 0.0000000000000000000, 4.371782953570583600E-016 ) ) ;
#5797 = PRESENTATION_STYLE_ASSIGNMENT (( #8084 ) ) ;
#5798 = DIRECTION ( 'NONE',  ( 1.000000000000000000, -6.195440985631545100E-016, 0.0000000000000000000 ) ) ;
#5799 = VECTOR ( 'NONE', #12582, 1000.000000000000000 ) ;
#5800 = VERTEX_POINT ( 'NONE', #5733 ) ;
#5801 = LINE ( 'NONE', #11499, #874 ) ;
#5802 = VECTOR ( 'NONE', #10149, 1000.000000000000000 ) ;
#5803 = EDGE_CURVE ( 'NONE', #9543, #6656, #5746, .T. ) ;
#5804 = DIRECTION ( 'NONE',  ( 0.0000000000000000000, 1.167602339599771500E-015, -1.000000000000000000 ) ) ;
#5805 = VERTEX_POINT ( 'NONE', #2810 ) ;
#5806 = VERTEX_POINT ( 'NONE', #3801 ) ;
#5807 = DIRECTION ( 'NONE',  ( 1.000000000000000000, 0.0000000000000000000, -0.0000000000000000000 ) ) ;
#5808 = DIRECTION ( 'NONE',  ( -0.0000000000000000000, 1.000000000000000000, -0.0000000000000000000 ) ) ;
#5809 = COLOUR_RGB ( '',0.8000000000000000400, 0.8078431372549019800, 0.8000000000000000400 ) ;
#5810 = VECTOR ( 'NONE', #8062, 1000.000000000000000 ) ;
#5811 =( GEOMETRIC_REPRESENTATION_CONTEXT ( 3 ) GLOBAL_UNCERTAINTY_ASSIGNED_CONTEXT ( ( #11404 ) ) GLOBAL_UNIT_ASSIGNED_CONTEXT ( ( #1097, #7980, #2089 ) ) REPRESENTATION_CONTEXT ( 'NONE', 'WORKASPACE' ) );
#5812 =( LENGTH_UNIT ( ) NAMED_UNIT ( * ) SI_UNIT ( .MILLI., .METRE. ) );
#5813 = FILL_AREA_STYLE_COLOUR ( '', #12205 ) ;
#5814 = LINE ( 'NONE', #3080, #597 ) ;
#5815 = UNCERTAINTY_MEASURE_WITH_UNIT (LENGTH_MEASURE( 1.000000000000000100E-005 ), #1918, 'distance_accuracy_value', 'NONE');
#5816 = FACE_OUTER_BOUND ( 'NONE', #8386, .T. ) ;
#5817 = VERTEX_POINT ( 'NONE', #11718 ) ;
#5818 = ADVANCED_FACE ( 'NONE', ( #5440 ), #12729, .F. ) ;
#5819 = FACE_OUTER_BOUND ( 'NONE', #11425, .T. ) ;
#5820 =( LENGTH_UNIT ( ) NAMED_UNIT ( * ) SI_UNIT ( .MILLI., .METRE. ) );
#5821 = EDGE_LOOP ( 'NONE', ( #2778, #11668, #4338, #4163 ) ) ;
#5822 = COLOUR_RGB ( '',0.8000000000000000400, 0.8078431372549019800, 0.8000000000000000400 ) ;
#5823 =( LENGTH_UNIT ( ) NAMED_UNIT ( * ) SI_UNIT ( .MILLI., .METRE. ) );
#5824 = VERTEX_POINT ( 'NONE', #3850 ) ;
#5825 = VERTEX_POINT ( 'NONE', #12768 ) ;
#5826 = CARTESIAN_POINT ( 'NONE',  ( -4.125000000000000000, -1.100000000000000300, 0.04999999999999980800 ) ) ;
#5827 =( GEOMETRIC_REPRESENTATION_CONTEXT ( 3 ) GLOBAL_UNCERTAINTY_ASSIGNED_CONTEXT ( ( #7782 ) ) GLOBAL_UNIT_ASSIGNED_CONTEXT ( ( #2478, #9367, #3485 ) ) REPRESENTATION_CONTEXT ( 'NONE', 'WORKASPACE' ) );
#5828 = VECTOR ( 'NONE', #3161, 1000.000000000000000 ) ;
#5829 = DIRECTION ( 'NONE',  ( 1.000000000000000000, -1.807003620809171900E-016, 0.0000000000000000000 ) ) ;
#5830 = FILL_AREA_STYLE ('',( #3879 ) ) ;
#5831 =( NAMED_UNIT ( * ) PLANE_ANGLE_UNIT ( ) SI_UNIT ( $, .RADIAN. ) );
#5833 = FACE_OUTER_BOUND ( 'NONE', #10572, .T. ) ;
#5832 = CARTESIAN_POINT ( 'NONE',  ( 2.965000000000001600, -0.1500000000000003000, 0.1799999999999965800 ) ) ;
#5834 = ORIENTED_EDGE ( 'NONE', *, *, #88, .F. ) ;
#5835 = LINE ( 'NONE', #3345, #8147 ) ;
#5836 = CARTESIAN_POINT ( 'NONE',  ( 3.050000000000000300, 3.673118842698620300, 3.249999999999995100 ) ) ;
#5837 = VERTEX_POINT ( 'NONE', #902 ) ;
#5838 = EDGE_LOOP ( 'NONE', ( #1739, #7618, #3418, #5538, #1585, #12503, #4285, #3394, #3545, #8722, #7298, #9061, #12482, #6000, #4813, #312, #5032, #651 ) ) ;
#5839 = CARTESIAN_POINT ( 'NONE',  ( -3.550000000000001200, 2.600000000000000100, 0.6499999999999985800 ) ) ;
#5840 = PLANE ( 'NONE',  #3803 ) ;
#5841 = STYLED_ITEM ( 'NONE', ( #5783 ), #2777 ) ;
#5842 = VECTOR ( 'NONE', #1820, 1000.000000000000000 ) ;
#5843 = CARTESIAN_POINT ( 'NONE',  ( 3.285000000000001500, 0.4249999999999998200, 0.6499999999999964700 ) ) ;
#5844 = DIRECTION ( 'NONE',  ( 4.371782953570583600E-016, 0.0000000000000000000, -1.000000000000000000 ) ) ;
#5845 = EDGE_CURVE ( 'NONE', #3846, #6604, #7118, .T. ) ;
#5846 = VECTOR ( 'NONE', #11130, 1000.000000000000000 ) ;
#5847 = SURFACE_STYLE_USAGE ( .BOTH. , #5744 ) ;
#5848 = CARTESIAN_POINT ( 'NONE',  ( -0.4649999999999979700, 0.4249999999999998200, 0.04999999999999709500 ) ) ;
#5849 = EDGE_LOOP ( 'NONE', ( #4168, #6725, #4068, #3703 ) ) ;
#5850 = LINE ( 'NONE', #468, #8463 ) ;
#5851 = EDGE_CURVE ( 'NONE', #4262, #634, #9738, .T. ) ;
#5852 = SURFACE_STYLE_USAGE ( .BOTH. , #11815 ) ;
#5853 = VERTEX_POINT ( 'NONE', #8682 ) ;
#5854 = STYLED_ITEM ( 'NONE', ( #4835 ), #5604 ) ;
#5855 = ADVANCED_FACE ( 'NONE', ( #12423 ), #3892, .T. ) ;
#5856 = EDGE_CURVE ( 'NONE', #9140, #5119, #9437, .T. ) ;
#5857 = EDGE_CURVE ( 'NONE', #815, #8080, #1895, .T. ) ;
#5858 = ORIENTED_EDGE ( 'NONE', *, *, #5651, .F. ) ;
#5859 = VERTEX_POINT ( 'NONE', #9804 ) ;
#5860 = CARTESIAN_POINT ( 'NONE',  ( -3.674999999999998500, 1.700000000000000200, 1.749999999999996400 ) ) ;
#5861 = EDGE_CURVE ( 'NONE', #9920, #7120, #11805, .T. ) ;
#5862 =( NAMED_UNIT ( * ) SI_UNIT ( $, .STERADIAN. ) SOLID_ANGLE_UNIT ( ) );
#5863 = CARTESIAN_POINT ( 'NONE',  ( -3.284999999999998800, 3.100000000000000100, 0.09999999999999947800 ) ) ;
#5864 = MECHANICAL_DESIGN_GEOMETRIC_PRESENTATION_REPRESENTATION (  '', ( #3918 ), #6546 ) ;
#5865 = CARTESIAN_POINT ( 'NONE',  ( 2.965000000000001600, -0.6250000000000003300, 0.6499999999999964700 ) ) ;
#5866 = DIRECTION ( 'NONE',  ( 0.0000000000000000000, 1.000000000000000000, -0.0000000000000000000 ) ) ;
#5867 = EDGE_CURVE ( 'NONE', #6221, #4510, #6825, .T. ) ;
#5868 = ORIENTED_EDGE ( 'NONE', *, *, #8836, .T. ) ;
#5869 = PRESENTATION_STYLE_ASSIGNMENT (( #2088 ) ) ;
#5870 = ORIENTED_EDGE ( 'NONE', *, *, #1159, .T. ) ;
#5871 = ORIENTED_EDGE ( 'NONE', *, *, #6289, .F. ) ;
#5872 = CARTESIAN_POINT ( 'NONE',  ( 4.845000000000000600, 1.200000000000000000, 1.529999999999999800 ) ) ;
#5873 = EDGE_CURVE ( 'NONE', #9265, #5728, #1596, .T. ) ;
#5874 = FILL_AREA_STYLE_COLOUR ( '', #6134 ) ;
#5875 = CARTESIAN_POINT ( 'NONE',  ( -4.024999999999999500, 1.700000000000000200, 1.749999999999996400 ) ) ;
#5876 = ADVANCED_FACE ( 'NONE', ( #8804 ), #1983, .T. ) ;
#5877 = DIRECTION ( 'NONE',  ( 0.0000000000000000000, -1.000000000000000000, 1.204669080539448600E-016 ) ) ;
#5878 = DIRECTION ( 'NONE',  ( 0.0000000000000000000, 0.0000000000000000000, -1.000000000000000000 ) ) ;
#5879 = EDGE_CURVE ( 'NONE', #11066, #1398, #6185, .T. ) ;
#5880 = EDGE_LOOP ( 'NONE', ( #2045, #6321, #10275, #11304 ) ) ;
#5881 = STYLED_ITEM ( 'NONE', ( #426 ), #7945 ) ;
#5882 = LINE ( 'NONE', #10463, #3294 ) ;
#5883 = ORIENTED_EDGE ( 'NONE', *, *, #6962, .T. ) ;
#5884 = VERTEX_POINT ( 'NONE', #11903 ) ;
#5885 = EDGE_LOOP ( 'NONE', ( #10900, #1024, #7268, #8649, #8440, #12685, #8569, #946, #672, #9930, #11224, #4781, #2307, #2626, #4351, #321, #7267, #8398, #10134, #2915 ) ) ;
#5886 = PLANE ( 'NONE',  #12821 ) ;
#5887 =( NAMED_UNIT ( * ) PLANE_ANGLE_UNIT ( ) SI_UNIT ( $, .RADIAN. ) );
#5888 = MECHANICAL_DESIGN_GEOMETRIC_PRESENTATION_REPRESENTATION (  '', ( #3945 ), #6571 ) ;
#5889 = STYLED_ITEM ( 'NONE', ( #9369 ), #1101 ) ;
#5890 = LINE ( 'NONE', #625, #671 ) ;
#5891 = DIRECTION ( 'NONE',  ( 0.0000000000000000000, -1.000000000000000000, -1.167602339599771500E-015 ) ) ;
#5892 = ORIENTED_EDGE ( 'NONE', *, *, #11955, .T. ) ;
#5893 = DIRECTION ( 'NONE',  ( 0.7071067811865468000, 0.7071067811865483500, -1.629776165692361600E-017 ) ) ;
#5894 = VECTOR ( 'NONE', #10060, 1000.000000000000000 ) ;
#5895 = DIRECTION ( 'NONE',  ( 0.0000000000000000000, -0.7071067811865431300, 0.7071067811865520100 ) ) ;
#5896 = VECTOR ( 'NONE', #7663, 1000.000000000000000 ) ;
#5897 = EDGE_LOOP ( 'NONE', ( #4660, #12389, #9940, #9842 ) ) ;
#5898 = LINE ( 'NONE', #6982, #11180 ) ;
#5899 = UNCERTAINTY_MEASURE_WITH_UNIT (LENGTH_MEASURE( 1.000000000000000100E-005 ), #1109, 'distance_accuracy_value', 'NONE');
#5900 = PRESENTATION_LAYER_ASSIGNMENT (  '', '', ( #4607 ) ) ;
#5901 = DIRECTION ( 'NONE',  ( 3.051828337366604500E-016, -0.0000000000000000000, 1.000000000000000000 ) ) ;
#5902 = ORIENTED_EDGE ( 'NONE', *, *, #1429, .F. ) ;
#5903 = DIRECTION ( 'NONE',  ( -1.000000000000000000, 0.0000000000000000000, 0.0000000000000000000 ) ) ;
#5904 =( LENGTH_UNIT ( ) NAMED_UNIT ( * ) SI_UNIT ( .MILLI., .METRE. ) );
#5905 =( NAMED_UNIT ( * ) PLANE_ANGLE_UNIT ( ) SI_UNIT ( $, .RADIAN. ) );
#5906 = FACE_OUTER_BOUND ( 'NONE', #8721, .T. ) ;
#5907 = VECTOR ( 'NONE', #7414, 1000.000000000000000 ) ;
#5908 = LINE ( 'NONE', #2138, #12605 ) ;
#5909 = DIRECTION ( 'NONE',  ( 0.0000000000000000000, 0.0000000000000000000, 1.000000000000000000 ) ) ;
#5910 = STYLED_ITEM ( 'NONE', ( #7469 ), #3482 ) ;
#5911 =( GEOMETRIC_REPRESENTATION_CONTEXT ( 3 ) GLOBAL_UNCERTAINTY_ASSIGNED_CONTEXT ( ( #3282 ) ) GLOBAL_UNIT_ASSIGNED_CONTEXT ( ( #7952, #7902, #7724 ) ) REPRESENTATION_CONTEXT ( 'NONE', 'WORKASPACE' ) );
#5912 = FILL_AREA_STYLE_COLOUR ( '', #1825 ) ;
#5913 = CARTESIAN_POINT ( 'NONE',  ( -4.624999999999999100, -0.8000000000000001600, 2.400000000000002100 ) ) ;
#5914 = CARTESIAN_POINT ( 'NONE',  ( 5.625000000000000000, -1.100000000000000100, 0.2999999999999999300 ) ) ;
#5915 = DIRECTION ( 'NONE',  ( 0.0000000000000000000, -0.7071067811865496800, -0.7071067811865453500 ) ) ;
#5916 = ADVANCED_FACE ( 'NONE', ( #3599 ), #10877, .T. ) ;
#5917 =( LENGTH_UNIT ( ) NAMED_UNIT ( * ) SI_UNIT ( .MILLI., .METRE. ) );
#5918 = ORIENTED_EDGE ( 'NONE', *, *, #1747, .F. ) ;
#5919 = CARTESIAN_POINT ( 'NONE',  ( 2.965000000000001600, 3.000000000000000000, 0.4499999999999998400 ) ) ;
#5920 = CARTESIAN_POINT ( 'NONE',  ( -6.325000000000000200, 0.9000000000000008000, 0.2539999999999999500 ) ) ;
#5921 = CARTESIAN_POINT ( 'NONE',  ( 4.024999999999995900, 1.700000000000000200, 1.749999999999996400 ) ) ;
#5922 = DIRECTION ( 'NONE',  ( 0.0000000000000000000, 0.0000000000000000000, 1.000000000000000000 ) ) ;
#5923 = CARTESIAN_POINT ( 'NONE',  ( 4.625000000000000900, -0.4000000000000005200, 0.04999999999999715100 ) ) ;
#5924 = LINE ( 'NONE', #11208, #11219 ) ;
#5925 = CARTESIAN_POINT ( 'NONE',  ( 2.500000000000000000, 7.400697423109247700E-017, 0.6499999999999980200 ) ) ;
#5926 = ORIENTED_EDGE ( 'NONE', *, *, #9095, .T. ) ;
#5927 = ORIENTED_EDGE ( 'NONE', *, *, #285, .T. ) ;
#5928 = VECTOR ( 'NONE', #220, 999.9999999999998900 ) ;
#5929 = EDGE_LOOP ( 'NONE', ( #4057, #7509, #7817, #5727 ) ) ;
#5930 = CARTESIAN_POINT ( 'NONE',  ( -3.284999999999998800, -0.3750000000000001100, 0.6499999999999975800 ) ) ;
#5931 = SURFACE_SIDE_STYLE ('',( #3350 ) ) ;
#5932 = ORIENTED_EDGE ( 'NONE', *, *, #6929, .F. ) ;
#5933 = EDGE_CURVE ( 'NONE', #3013, #3207, #5457, .T. ) ;
#5934 = ADVANCED_FACE ( 'NONE', ( #208 ), #4233, .F. ) ;
#5935 = EDGE_CURVE ( 'NONE', #5408, #10770, #1908, .T. ) ;
#5936 = LINE ( 'NONE', #10830, #8557 ) ;
#5937 = FACE_OUTER_BOUND ( 'NONE', #5161, .T. ) ;
#5938 = FILL_AREA_STYLE_COLOUR ( '', #9456 ) ;
#5939 = VERTEX_POINT ( 'NONE', #1110 ) ;
#5940 = DIRECTION ( 'NONE',  ( 0.0000000000000000000, 0.0000000000000000000, 1.000000000000000000 ) ) ;
#5941 = PLANE ( 'NONE',  #3385 ) ;
#5942 = CARTESIAN_POINT ( 'NONE',  ( 2.299999999999999800, 2.600000000000000100, 0.6499999999999975800 ) ) ;
#5943 = EDGE_CURVE ( 'NONE', #6412, #2531, #6841, .T. ) ;
#5944 = ORIENTED_EDGE ( 'NONE', *, *, #4253, .F. ) ;
#5945 = ORIENTED_EDGE ( 'NONE', *, *, #3893, .T. ) ;
#5946 = SURFACE_STYLE_FILL_AREA ( #4194 ) ;
#5947 = VECTOR ( 'NONE', #12334, 1000.000000000000000 ) ;
#5948 = EDGE_CURVE ( 'NONE', #10997, #1594, #12137, .T. ) ;
#5949 =( LENGTH_UNIT ( ) NAMED_UNIT ( * ) SI_UNIT ( .MILLI., .METRE. ) );
#5950 = DIRECTION ( 'NONE',  ( -0.0000000000000000000, -1.000000000000000000, -0.0000000000000000000 ) ) ;
#5951 = ORIENTED_EDGE ( 'NONE', *, *, #10069, .T. ) ;
#5952 = LINE ( 'NONE', #7192, #9660 ) ;
#5953 = MECHANICAL_DESIGN_GEOMETRIC_PRESENTATION_REPRESENTATION (  '', ( #4663 ), #6640 ) ;
#5954 = ORIENTED_EDGE ( 'NONE', *, *, #1528, .F. ) ;
#5955 = CARTESIAN_POINT ( 'NONE',  ( -1.714999999999999000, 3.000000000000000000, 0.4499999999999998400 ) ) ;
#5956 = CARTESIAN_POINT ( 'NONE',  ( -5.645000000000000500, -1.100000000000000100, 1.529999999999999800 ) ) ;
#5957 = ORIENTED_EDGE ( 'NONE', *, *, #25, .F. ) ;
#5958 =( NAMED_UNIT ( * ) PLANE_ANGLE_UNIT ( ) SI_UNIT ( $, .RADIAN. ) );
#5959 = CARTESIAN_POINT ( 'NONE',  ( 0.7850000000000010300, 0.3499999999999997000, 3.999999999999993300 ) ) ;
#5960 = FACE_OUTER_BOUND ( 'NONE', #1977, .T. ) ;
#5961 = COLOUR_RGB ( '',0.8000000000000000400, 0.8078431372549019800, 0.8000000000000000400 ) ;
#5962 = CIRCLE ( 'NONE', #3428, 0.3040000000000004400 ) ;
#5963 = DIRECTION ( 'NONE',  ( 0.0000000000000000000, 1.000000000000000000, 1.167602339599771500E-015 ) ) ;
#5964 = COLOUR_RGB ( '',0.8000000000000000400, 0.8078431372549019800, 0.8000000000000000400 ) ;
#5965 = CARTESIAN_POINT ( 'NONE',  ( -5.149000000000000900, -1.100000000000000100, 1.226000000000000000 ) ) ;
#5966 = ORIENTED_EDGE ( 'NONE', *, *, #758, .T. ) ;
#5967 = ORIENTED_EDGE ( 'NONE', *, *, #3667, .F. ) ;
#5968 = DIRECTION ( 'NONE',  ( 0.0000000000000000000, -0.0000000000000000000, 1.000000000000000000 ) ) ;
#5969 = DIRECTION ( 'NONE',  ( 1.000000000000000000, 0.0000000000000000000, 0.0000000000000000000 ) ) ;
#5970 = STYLED_ITEM ( 'NONE', ( #4493 ), #590 ) ;
#5971 = AXIS2_PLACEMENT_3D ( 'NONE', #8742, #9742, #3867 ) ;
#5972 =( NAMED_UNIT ( * ) SI_UNIT ( $, .STERADIAN. ) SOLID_ANGLE_UNIT ( ) );
#5973 = DIRECTION ( 'NONE',  ( 0.0000000000000000000, 0.0000000000000000000, 1.000000000000000000 ) ) ;
#5974 = VECTOR ( 'NONE', #4666, 1000.000000000000000 ) ;
#5975 = VERTEX_POINT ( 'NONE', #7002 ) ;
#5976 = LINE ( 'NONE', #11466, #11269 ) ;
#5977 = ADVANCED_FACE ( 'NONE', ( #1614 ), #6044, .T. ) ;
#5978 = VERTEX_POINT ( 'NONE', #12024 ) ;
#5979 = ORIENTED_EDGE ( 'NONE', *, *, #12608, .T. ) ;
#5980 = CARTESIAN_POINT ( 'NONE',  ( 4.845000000000000600, 1.200000000000000000, 1.529999999999999800 ) ) ;
#5981 = DIRECTION ( 'NONE',  ( 0.0000000000000000000, 0.0000000000000000000, 1.000000000000000000 ) ) ;
#5982 = CARTESIAN_POINT ( 'NONE',  ( -1.714999999999999000, 2.999999999999999600, -1.761828530288944700E-016 ) ) ;
#5983 = CARTESIAN_POINT ( 'NONE',  ( -5.149000000000000900, -1.100000000000000100, 0.3039999999999999400 ) ) ;
#5984 = CARTESIAN_POINT ( 'NONE',  ( -1.714999999999999000, -0.3750000000000005000, 3.499999999999986700 ) ) ;
#5985 = FACE_OUTER_BOUND ( 'NONE', #9237, .T. ) ;
#5986 = ORIENTED_EDGE ( 'NONE', *, *, #9514, .T. ) ;
#5987 = VECTOR ( 'NONE', #678, 1000.000000000000000 ) ;
#5988 =( LENGTH_UNIT ( ) NAMED_UNIT ( * ) SI_UNIT ( .MILLI., .METRE. ) );
#5989 = DIRECTION ( 'NONE',  ( 0.0000000000000000000, 1.000000000000000000, 4.336808689942013800E-015 ) ) ;
#5990 = FILL_AREA_STYLE ('',( #1057 ) ) ;
#5991 =( LENGTH_UNIT ( ) NAMED_UNIT ( * ) SI_UNIT ( .MILLI., .METRE. ) );
#5992 = CARTESIAN_POINT ( 'NONE',  ( -1.714999999999999000, 2.200000000000004200, 0.2999999999999988800 ) ) ;
#5993 = CARTESIAN_POINT ( 'NONE',  ( 5.645000000000000500, 1.100000000000000100, 1.529999999999999800 ) ) ;
#5994 = CARTESIAN_POINT ( 'NONE',  ( -3.284999999999998800, -0.1500000000000003300, 0.2999999999999965500 ) ) ;
#5995 = FACE_BOUND ( 'NONE', #9448, .T. ) ;
#5996 = ADVANCED_FACE ( 'NONE', ( #1290 ), #7054, .T. ) ;
#5997 = CARTESIAN_POINT ( 'NONE',  ( -2.964999999999998100, -0.3750000000000003300, 1.749999999999996400 ) ) ;
#5998 = MECHANICAL_DESIGN_GEOMETRIC_PRESENTATION_REPRESENTATION (  '', ( #4062 ), #6686 ) ;
#5999 = CARTESIAN_POINT ( 'NONE',  ( -4.325000000000001100, -1.000000000000000400, 4.699999999999995700 ) ) ;
#6000 = ORIENTED_EDGE ( 'NONE', *, *, #8082, .T. ) ;
#6001 = AXIS2_PLACEMENT_3D ( 'NONE', #3024, #1068, #7954 ) ;
#6002 = ORIENTED_EDGE ( 'NONE', *, *, #3844, .T. ) ;
#6003 = EDGE_CURVE ( 'NONE', #4087, #1111, #11494, .T. ) ;
#6004 = CARTESIAN_POINT ( 'NONE',  ( -2.349999999999999600, -1.000000000000000000, 4.699999999999995700 ) ) ;
#6005 = LINE ( 'NONE', #6028, #5724 ) ;
#6006 = EDGE_CURVE ( 'NONE', #12613, #3296, #8820, .T. ) ;
#6007 = ORIENTED_EDGE ( 'NONE', *, *, #998, .F. ) ;
#6008 = ORIENTED_EDGE ( 'NONE', *, *, #10764, .T. ) ;
#6009 =( LENGTH_UNIT ( ) NAMED_UNIT ( * ) SI_UNIT ( .MILLI., .METRE. ) );
#6010 = VECTOR ( 'NONE', #7681, 1000.000000000000000 ) ;
#6011 =( LENGTH_UNIT ( ) NAMED_UNIT ( * ) SI_UNIT ( .MILLI., .METRE. ) );
#6012 = EDGE_CURVE ( 'NONE', #12568, #9903, #3928, .T. ) ;
#6013 = ORIENTED_EDGE ( 'NONE', *, *, #762, .F. ) ;
#6014 = DIRECTION ( 'NONE',  ( -1.000000000000000000, -0.0000000000000000000, 3.047487187526822800E-016 ) ) ;
#6015 = ORIENTED_EDGE ( 'NONE', *, *, #273, .T. ) ;
#6016 = ORIENTED_EDGE ( 'NONE', *, *, #9083, .F. ) ;
#6017 = EDGE_CURVE ( 'NONE', #2639, #1731, #970, .T. ) ;
#6018 = DIRECTION ( 'NONE',  ( 0.0000000000000000000, -0.9889363528682980600, -0.1483404529302414000 ) ) ;
#6019 = PRESENTATION_LAYER_ASSIGNMENT (  '', '', ( #4730 ) ) ;
#6020 = CARTESIAN_POINT ( 'NONE',  ( 0.7850000000000010300, 3.000000000000000000, 0.4499999999999998400 ) ) ;
#6021 = CARTESIAN_POINT ( 'NONE',  ( 1.935000000000001400, -0.3750000000000005600, 3.999999999999993300 ) ) ;
#6022 = DIRECTION ( 'NONE',  ( 1.000000000000000000, 0.0000000000000000000, -3.051828337366604500E-016 ) ) ;
#6023 = ORIENTED_EDGE ( 'NONE', *, *, #7683, .F. ) ;
#6024 = LINE ( 'NONE', #6685, #3450 ) ;
#6025 = EDGE_LOOP ( 'NONE', ( #12177, #2407, #4975, #12519, #10813, #4423, #8007, #9798, #3996, #348, #12738, #1553 ) ) ;
#6026 = AXIS2_PLACEMENT_3D ( 'NONE', #7956, #9933, #4073 ) ;
#6027 = SURFACE_STYLE_USAGE ( .BOTH. , #6800 ) ;
#6028 = CARTESIAN_POINT ( 'NONE',  ( -2.964999999999999000, -0.6250000000000003300, 0.6499999999999964700 ) ) ;
#6029 = CARTESIAN_POINT ( 'NONE',  ( -0.4649999999999988600, 3.100000000000000100, 0.3499999999999989800 ) ) ;
#6030 = VERTEX_POINT ( 'NONE', #6137 ) ;
#6031 = EDGE_CURVE ( 'NONE', #12174, #207, #673, .T. ) ;
#6032 = DIRECTION ( 'NONE',  ( 3.047487187526822800E-016, -0.0000000000000000000, 1.000000000000000000 ) ) ;
#6033 = VECTOR ( 'NONE', #314, 1000.000000000000000 ) ;
#6034 = VECTOR ( 'NONE', #1636, 1000.000000000000000 ) ;
#6035 = ADVANCED_FACE ( 'NONE', ( #3307 ), #8128, .T. ) ;
#6036 =( LENGTH_UNIT ( ) NAMED_UNIT ( * ) SI_UNIT ( .MILLI., .METRE. ) );
#6037 = VECTOR ( 'NONE', #6101, 1000.000000000000000 ) ;
#6038 = PLANE ( 'NONE',  #10033 ) ;
#6039 = SURFACE_STYLE_USAGE ( .BOTH. , #12017 ) ;
#6040 = AXIS2_PLACEMENT_3D ( 'NONE', #12406, #7423, #1545 ) ;
#6041 = MECHANICAL_DESIGN_GEOMETRIC_PRESENTATION_REPRESENTATION (  '', ( #4113 ), #6737 ) ;
#6042 = ORIENTED_EDGE ( 'NONE', *, *, #10671, .T. ) ;
#6043 = VECTOR ( 'NONE', #5460, 1000.000000000000000 ) ;
#6044 = PLANE ( 'NONE',  #1991 ) ;
#6045 = ORIENTED_EDGE ( 'NONE', *, *, #8985, .F. ) ;
#6046 = UNCERTAINTY_MEASURE_WITH_UNIT (LENGTH_MEASURE( 1.000000000000000100E-005 ), #10304, 'distance_accuracy_value', 'NONE');
#6047 = CARTESIAN_POINT ( 'NONE',  ( -4.024999999999999500, 0.09999999999999982500, 1.749999999999996400 ) ) ;
#6048 = DIRECTION ( 'NONE',  ( 0.7071067811865483500, 0.7071067811865468000, 1.629776165692365200E-017 ) ) ;
#6049 =( GEOMETRIC_REPRESENTATION_CONTEXT ( 3 ) GLOBAL_UNCERTAINTY_ASSIGNED_CONTEXT ( ( #5484 ) ) GLOBAL_UNIT_ASSIGNED_CONTEXT ( ( #4884, #11825, #5862 ) ) REPRESENTATION_CONTEXT ( 'NONE', 'WORKASPACE' ) );
#6050 = PLANE ( 'NONE',  #6566 ) ;
#6051 = EDGE_LOOP ( 'NONE', ( #9254, #6308, #949, #9936 ) ) ;
#6052 = SURFACE_STYLE_USAGE ( .BOTH. , #12035 ) ;
#6053 = ORIENTED_EDGE ( 'NONE', *, *, #9514, .F. ) ;
#6054 = COLOUR_RGB ( '',0.8000000000000000400, 0.8078431372549019800, 0.8000000000000000400 ) ;
#6055 = LINE ( 'NONE', #8227, #1468 ) ;
#6056 = ORIENTED_EDGE ( 'NONE', *, *, #4247, .T. ) ;
#6057 = LINE ( 'NONE', #9721, #5769 ) ;
#6058 = AXIS2_PLACEMENT_3D ( 'NONE', #8069, #2172, #9077 ) ;
#6059 =( NAMED_UNIT ( * ) PLANE_ANGLE_UNIT ( ) SI_UNIT ( $, .RADIAN. ) );
#6060 = SURFACE_SIDE_STYLE ('',( #4944 ) ) ;
#6061 =( NAMED_UNIT ( * ) SI_UNIT ( $, .STERADIAN. ) SOLID_ANGLE_UNIT ( ) );
#6062 = DIRECTION ( 'NONE',  ( 1.000000000000000000, 0.0000000000000000000, 0.0000000000000000000 ) ) ;
#6063 = VERTEX_POINT ( 'NONE', #7185 ) ;
#6064 = LINE ( 'NONE', #3971, #3793 ) ;
#6065 = VECTOR ( 'NONE', #7361, 1000.000000000000000 ) ;
#6066 = VERTEX_POINT ( 'NONE', #1293 ) ;
#6067 = DIRECTION ( 'NONE',  ( 1.000000000000000000, 0.0000000000000000000, -2.304851557154561000E-017 ) ) ;
#6068 =( NAMED_UNIT ( * ) PLANE_ANGLE_UNIT ( ) SI_UNIT ( $, .RADIAN. ) );
#6069 = DIRECTION ( 'NONE',  ( -1.000000000000000000, 0.0000000000000000000, 0.0000000000000000000 ) ) ;
#6070 = ORIENTED_EDGE ( 'NONE', *, *, #12772, .T. ) ;
#6071 =( NAMED_UNIT ( * ) SI_UNIT ( $, .STERADIAN. ) SOLID_ANGLE_UNIT ( ) );
#6072 = SURFACE_SIDE_STYLE ('',( #5946 ) ) ;
#6073 = CIRCLE ( 'NONE', #4550, 0.3040000000000004400 ) ;
#6074 =( LENGTH_UNIT ( ) NAMED_UNIT ( * ) SI_UNIT ( .MILLI., .METRE. ) );
#6075 = CARTESIAN_POINT ( 'NONE',  ( -1.714999999999999000, 0.0000000000000000000, 3.499999999999985800 ) ) ;
#6076 = LINE ( 'NONE', #5992, #3505 ) ;
#6077 = ORIENTED_EDGE ( 'NONE', *, *, #11353, .T. ) ;
#6078 = VECTOR ( 'NONE', #11443, 1000.000000000000000 ) ;
#6079 = LINE ( 'NONE', #11951, #11381 ) ;
#6080 = EDGE_CURVE ( 'NONE', #6221, #5300, #7290, .T. ) ;
#6081 = ORIENTED_EDGE ( 'NONE', *, *, #2674, .T. ) ;
#6082 =( LENGTH_UNIT ( ) NAMED_UNIT ( * ) SI_UNIT ( .MILLI., .METRE. ) );
#6083 = CARTESIAN_POINT ( 'NONE',  ( -1.714999999999999000, 2.549999999999999800, 0.4499999999999999000 ) ) ;
#6084 = MECHANICAL_DESIGN_GEOMETRIC_PRESENTATION_REPRESENTATION (  '', ( #4155 ), #6783 ) ;
#6085 = FILL_AREA_STYLE_COLOUR ( '', #4752 ) ;
#6086 = EDGE_CURVE ( 'NONE', #8091, #8289, #12591, .T. ) ;
#6087 = VECTOR ( 'NONE', #3464, 1000.000000000000000 ) ;
#6088 = FACE_OUTER_BOUND ( 'NONE', #10598, .T. ) ;
#6089 = VECTOR ( 'NONE', #5573, 1000.000000000000000 ) ;
#6090 = CARTESIAN_POINT ( 'NONE',  ( -3.550000000000000300, -1.100000000000000300, 0.6499999999999985800 ) ) ;
#6091 = VECTOR ( 'NONE', #4265, 1000.000000000000000 ) ;
#6092 = CARTESIAN_POINT ( 'NONE',  ( -2.034999999999998800, 0.3499999999999997000, 3.499999999999982200 ) ) ;
#6093 = ORIENTED_EDGE ( 'NONE', *, *, #4410, .T. ) ;
#6094 = EDGE_CURVE ( 'NONE', #11520, #9801, #4678, .T. ) ;
#6095 =( GEOMETRIC_REPRESENTATION_CONTEXT ( 3 ) GLOBAL_UNCERTAINTY_ASSIGNED_CONTEXT ( ( #12606 ) ) GLOBAL_UNIT_ASSIGNED_CONTEXT ( ( #2837, #9711, #3829 ) ) REPRESENTATION_CONTEXT ( 'NONE', 'WORKASPACE' ) );
#6096 = ADVANCED_FACE ( 'NONE', ( #4388, #9893 ), #7231, .F. ) ;
#6097 = ORIENTED_EDGE ( 'NONE', *, *, #6281, .F. ) ;
#6098 = EDGE_CURVE ( 'NONE', #7146, #1366, #1758, .T. ) ;
#6099 = LINE ( 'NONE', #5205, #3526 ) ;
#6100 = CARTESIAN_POINT ( 'NONE',  ( -2.964999999999999000, -0.3750000000000005000, 3.499999999999986700 ) ) ;
#6101 = DIRECTION ( 'NONE',  ( -0.0000000000000000000, -0.0000000000000000000, 1.000000000000000000 ) ) ;
#6102 = VECTOR ( 'NONE', #5829, 1000.000000000000000 ) ;
#6103 = DIRECTION ( 'NONE',  ( 1.000000000000000000, 0.0000000000000000000, 0.0000000000000000000 ) ) ;
#6104 = PRESENTATION_LAYER_ASSIGNMENT (  '', '', ( #5480 ) ) ;
#6105 = APPLICATION_CONTEXT ( 'automotive_design' ) ;
#6106 = DIRECTION ( 'NONE',  ( -1.000000000000000000, 0.0000000000000000000, 0.0000000000000000000 ) ) ;
#6107 = CARTESIAN_POINT ( 'NONE',  ( -2.964999999999999000, 0.2499999999999996700, 0.2999999999999966000 ) ) ;
#6108 = EDGE_CURVE ( 'NONE', #8080, #1123, #11970, .T. ) ;
#6109 = VECTOR ( 'NONE', #10543, 1000.000000000000000 ) ;
#6110 = ORIENTED_EDGE ( 'NONE', *, *, #5559, .F. ) ;
#6111 = CARTESIAN_POINT ( 'NONE',  ( 2.035000000000001000, 0.4249999999999998200, 0.6499999999999964700 ) ) ;
#6112 = ORIENTED_EDGE ( 'NONE', *, *, #10666, .F. ) ;
#6113 = ADVANCED_FACE ( 'NONE', ( #9291 ), #12248, .T. ) ;
#6114 = EDGE_CURVE ( 'NONE', #2205, #10258, #510, .T. ) ;
#6115 = VECTOR ( 'NONE', #2588, 1000.000000000000000 ) ;
#6116 = FILL_AREA_STYLE ('',( #5152 ) ) ;
#6117 = DIRECTION ( 'NONE',  ( 0.0000000000000000000, 0.0000000000000000000, -1.000000000000000000 ) ) ;
#6118 = VECTOR ( 'NONE', #6156, 1000.000000000000000 ) ;
#6119 =( GEOMETRIC_REPRESENTATION_CONTEXT ( 3 ) GLOBAL_UNCERTAINTY_ASSIGNED_CONTEXT ( ( #2512 ) ) GLOBAL_UNIT_ASSIGNED_CONTEXT ( ( #12823, #6857, #951 ) ) REPRESENTATION_CONTEXT ( 'NONE', 'WORKASPACE' ) );
#6120 = FACE_OUTER_BOUND ( 'NONE', #10074, .T. ) ;
#6122 = VECTOR ( 'NONE', #904, 1000.000000000000000 ) ;
#6121 = PLANE ( 'NONE',  #9927 ) ;
#6123 = EDGE_LOOP ( 'NONE', ( #10814, #3472, #1274, #4303 ) ) ;
#6124 = DIRECTION ( 'NONE',  ( 1.000000000000000000, 0.0000000000000000000, -0.0000000000000000000 ) ) ;
#6125 = DIRECTION ( 'NONE',  ( 1.000000000000000000, 0.0000000000000000000, 0.0000000000000000000 ) ) ;
#6126 = UNCERTAINTY_MEASURE_WITH_UNIT (LENGTH_MEASURE( 1.000000000000000100E-005 ), #7359, 'distance_accuracy_value', 'NONE');
#6127 = VERTEX_POINT ( 'NONE', #12289 ) ;
#6128 = ORIENTED_EDGE ( 'NONE', *, *, #12233, .T. ) ;
#6129 = PLANE ( 'NONE',  #4597 ) ;
#6130 = CARTESIAN_POINT ( 'NONE',  ( 5.149000000000000900, 1.100000000000000100, 0.3039999999999999400 ) ) ;
#6131 =( GEOMETRIC_REPRESENTATION_CONTEXT ( 3 ) GLOBAL_UNCERTAINTY_ASSIGNED_CONTEXT ( ( #6779 ) ) GLOBAL_UNIT_ASSIGNED_CONTEXT ( ( #1718, #8567, #2694 ) ) REPRESENTATION_CONTEXT ( 'NONE', 'WORKASPACE' ) );
#6132 = FACE_OUTER_BOUND ( 'NONE', #557, .T. ) ;
#6133 = AXIS2_PLACEMENT_3D ( 'NONE', #11835, #791, #4800 ) ;
#6134 = COLOUR_RGB ( '',0.8000000000000000400, 0.8078431372549019800, 0.8000000000000000400 ) ;
#6135 = LINE ( 'NONE', #6735, #8447 ) ;
#6136 = DIRECTION ( 'NONE',  ( 0.0000000000000000000, 0.0000000000000000000, 1.000000000000000000 ) ) ;
#6137 = CARTESIAN_POINT ( 'NONE',  ( 4.625000000000000900, 2.299999999999999800, 3.699999999999996600 ) ) ;
#6138 = VERTEX_POINT ( 'NONE', #6324 ) ;
#6139 = FILL_AREA_STYLE ('',( #11046 ) ) ;
#6140 = EDGE_LOOP ( 'NONE', ( #7634, #12671, #12497, #2551 ) ) ;
#6141 = VERTEX_POINT ( 'NONE', #8291 ) ;
#6142 = COLOUR_RGB ( '',0.8000000000000000400, 0.8078431372549019800, 0.8000000000000000400 ) ;
#6143 = MECHANICAL_DESIGN_GEOMETRIC_PRESENTATION_REPRESENTATION (  '', ( #4207 ), #6826 ) ;
#6144 = SURFACE_STYLE_USAGE ( .BOTH. , #12123 ) ;
#6145 = VECTOR ( 'NONE', #1862, 1000.000000000000000 ) ;
#6146 = CARTESIAN_POINT ( 'NONE',  ( -4.625000000000000900, -1.100000000000000300, 0.04999999999999996800 ) ) ;
#6147 = FACE_OUTER_BOUND ( 'NONE', #888, .T. ) ;
#6148 = CARTESIAN_POINT ( 'NONE',  ( 1.449999999999999100, 2.600000000000000100, 0.6499999999999975800 ) ) ;
#6149 = VERTEX_POINT ( 'NONE', #9217 ) ;
#6150 = CARTESIAN_POINT ( 'NONE',  ( -4.024999999999999500, 0.09999999999999982500, 4.399999999999992400 ) ) ;
#6151 = CARTESIAN_POINT ( 'NONE',  ( 4.324999999999997500, 0.8499999999999996400, 4.699999999999997500 ) ) ;
#6152 = AXIS2_PLACEMENT_3D ( 'NONE', #9952, #9309, #9179 ) ;
#6153 = ORIENTED_EDGE ( 'NONE', *, *, #12727, .F. ) ;
#6154 = PLANE ( 'NONE',  #9005 ) ;
#6155 = ORIENTED_EDGE ( 'NONE', *, *, #7521, .T. ) ;
#6156 = DIRECTION ( 'NONE',  ( 0.0000000000000000000, -1.000000000000000000, 0.0000000000000000000 ) ) ;
#6157 = FILL_AREA_STYLE_COLOUR ( '', #9386 ) ;
#6158 = LINE ( 'NONE', #8926, #1247 ) ;
#6159 = ORIENTED_EDGE ( 'NONE', *, *, #8273, .F. ) ;
#6160 = CARTESIAN_POINT ( 'NONE',  ( 2.699999999999999300, 2.600000000000000100, 0.6499999999999973600 ) ) ;
#6161 = VERTEX_POINT ( 'NONE', #1416 ) ;
#6162 = FILL_AREA_STYLE_COLOUR ( '', #5007 ) ;
#6163 = DIRECTION ( 'NONE',  ( 0.0000000000000000000, -1.000000000000000000, 0.0000000000000000000 ) ) ;
#6164 = CARTESIAN_POINT ( 'NONE',  ( -4.845000000000000600, -1.100000000000000100, 0.3039999999999999400 ) ) ;
#6165 = CARTESIAN_POINT ( 'NONE',  ( 2.965000000000001600, 3.000000000000000000, 0.4499999999999998400 ) ) ;
#6166 = ADVANCED_FACE ( 'NONE', ( #8351 ), #10284, .F. ) ;
#6167 = DIRECTION ( 'NONE',  ( 0.0000000000000000000, -1.000000000000000000, 0.0000000000000000000 ) ) ;
#6168 = DIRECTION ( 'NONE',  ( 0.0000000000000000000, 1.000000000000000000, -1.355252715606881500E-016 ) ) ;
#6169 = CARTESIAN_POINT ( 'NONE',  ( 4.024999999999995900, -0.6999999999999988500, 1.749999999999996400 ) ) ;
#6170 = AXIS2_PLACEMENT_3D ( 'NONE', #2216, #3284, #10153 ) ;
#6171 = CARTESIAN_POINT ( 'NONE',  ( -2.964999999999999000, 0.4249999999999998200, 3.999999999999993300 ) ) ;
#6172 = ORIENTED_EDGE ( 'NONE', *, *, #9604, .F. ) ;
#6173 = ORIENTED_EDGE ( 'NONE', *, *, #11537, .T. ) ;
#6174 = EDGE_LOOP ( 'NONE', ( #37, #6909, #2605, #8416 ) ) ;
#6175 = SURFACE_STYLE_USAGE ( .BOTH. , #12155 ) ;
#6176 = DIRECTION ( 'NONE',  ( 0.0000000000000000000, -1.000000000000000000, -2.258754526011468200E-016 ) ) ;
#6177 = EDGE_CURVE ( 'NONE', #2353, #12579, #8044, .T. ) ;
#6178 = VERTEX_POINT ( 'NONE', #6365 ) ;
#6179 = AXIS2_PLACEMENT_3D ( 'NONE', #8859, #9849, #3987 ) ;
#6180 = SURFACE_SIDE_STYLE ('',( #4775 ) ) ;
#6181 = FILL_AREA_STYLE_COLOUR ( '', #4891 ) ;
#6182 = ORIENTED_EDGE ( 'NONE', *, *, #10092, .F. ) ;
#6183 = EDGE_CURVE ( 'NONE', #12770, #6, #5445, .T. ) ;
#6184 = ADVANCED_FACE ( 'NONE', ( #193 ), #8332, .T. ) ;
#6185 = LINE ( 'NONE', #5923, #6514 ) ;
#6186 = DIRECTION ( 'NONE',  ( 0.0000000000000000000, -0.0000000000000000000, -1.000000000000000000 ) ) ;
#6187 = VERTEX_POINT ( 'NONE', #1459 ) ;
#6188 =( LENGTH_UNIT ( ) NAMED_UNIT ( * ) SI_UNIT ( .MILLI., .METRE. ) );
#6189 = CYLINDRICAL_SURFACE ( 'NONE', #6369, 0.3039999999999999900 ) ;
#6190 = CARTESIAN_POINT ( 'NONE',  ( 4.324999999999995700, 0.8499999999999996400, 1.749999999999996400 ) ) ;
#6191 = EDGE_LOOP ( 'NONE', ( #9429, #1796, #1107, #9136 ) ) ;
#6192 = EDGE_LOOP ( 'NONE', ( #1506, #12339, #10317, #2719 ) ) ;
#6193 = PRESENTATION_STYLE_ASSIGNMENT (( #3426 ) ) ;
#6194 = DIRECTION ( 'NONE',  ( 1.000000000000000000, -0.0000000000000000000, -3.252606517456510300E-016 ) ) ;
#6195 = EDGE_CURVE ( 'NONE', #10962, #4304, #2823, .T. ) ;
#6196 = CARTESIAN_POINT ( 'NONE',  ( 0.4650000000000010200, 2.350000000000003600, 0.6499999999999985800 ) ) ;
#6197 = CARTESIAN_POINT ( 'NONE',  ( 3.285000000000001500, 2.350000000000003600, 0.6499999999999985800 ) ) ;
#6198 = LINE ( 'NONE', #12422, #8508 ) ;
#6199 = EDGE_CURVE ( 'NONE', #645, #182, #5129, .T. ) ;
#6200 = EDGE_LOOP ( 'NONE', ( #12211, #10236, #8694, #10019 ) ) ;
#6201 = PLANE ( 'NONE',  #873 ) ;
#6202 = EDGE_CURVE ( 'NONE', #2696, #1990, #12741, .T. ) ;
#6203 = ORIENTED_EDGE ( 'NONE', *, *, #8642, .F. ) ;
#6204 = AXIS2_PLACEMENT_3D ( 'NONE', #966, #8838, #2961 ) ;
#6205 = PRESENTATION_STYLE_ASSIGNMENT (( #3246 ) ) ;
#6206 = UNCERTAINTY_MEASURE_WITH_UNIT (LENGTH_MEASURE( 1.000000000000000100E-005 ), #8821, 'distance_accuracy_value', 'NONE');
#6207 = LINE ( 'NONE', #11560, #11496 ) ;
#6208 = CARTESIAN_POINT ( 'NONE',  ( -3.674999999999998500, 1.700000000000000200, 3.699999999999996600 ) ) ;
#6209 = DIRECTION ( 'NONE',  ( -0.0000000000000000000, -1.000000000000000000, -0.0000000000000000000 ) ) ;
#6210 = PRESENTATION_STYLE_ASSIGNMENT (( #9324 ) ) ;
#6211 = AXIS2_PLACEMENT_3D ( 'NONE', #11571, #10602, #4689 ) ;
#6212 = FILL_AREA_STYLE ('',( #10140 ) ) ;
#6213 = CARTESIAN_POINT ( 'NONE',  ( 4.625000000000000900, -1.100000000000000300, 0.04999999999999715100 ) ) ;
#6214 = CARTESIAN_POINT ( 'NONE',  ( -4.324999999999999300, 2.600000000000000100, 4.699999999999995700 ) ) ;
#6215 = EDGE_CURVE ( 'NONE', #3742, #4532, #3143, .T. ) ;
#6216 =( LENGTH_UNIT ( ) NAMED_UNIT ( * ) SI_UNIT ( .MILLI., .METRE. ) );
#6217 = ORIENTED_EDGE ( 'NONE', *, *, #8743, .T. ) ;
#6218 = CARTESIAN_POINT ( 'NONE',  ( 3.285000000000001500, 3.100000000000000100, 0.09999999999999947800 ) ) ;
#6219 = CARTESIAN_POINT ( 'NONE',  ( -2.649999999999999900, -0.6999999999999988500, 3.249999999999996000 ) ) ;
#6220 = PRESENTATION_STYLE_ASSIGNMENT (( #2385 ) ) ;
#6221 = VERTEX_POINT ( 'NONE', #12413 ) ;
#6222 = DIRECTION ( 'NONE',  ( 0.0000000000000000000, -1.355252715606881500E-016, -1.000000000000000000 ) ) ;
#6223 = DIRECTION ( 'NONE',  ( 0.0000000000000000000, 0.0000000000000000000, -1.000000000000000000 ) ) ;
#6224 = LINE ( 'NONE', #9360, #11508 ) ;
#6225 = DIRECTION ( 'NONE',  ( -9.035018104045859600E-017, -1.000000000000000000, 0.0000000000000000000 ) ) ;
#6226 = LINE ( 'NONE', #1065, #11510 ) ;
#6227 = DIRECTION ( 'NONE',  ( -0.0000000000000000000, -1.000000000000000000, -0.0000000000000000000 ) ) ;
#6228 = AXIS2_PLACEMENT_3D ( 'NONE', #10514, #1449, #2427 ) ;
#6229 = STYLED_ITEM ( 'NONE', ( #9765 ), #8825 ) ;
#6230 = SURFACE_SIDE_STYLE ('',( #5199 ) ) ;
#6231 = CARTESIAN_POINT ( 'NONE',  ( -2.300000000000000700, 2.600000000000000100, 0.6499999999999983600 ) ) ;
#6232 = FACE_OUTER_BOUND ( 'NONE', #3532, .T. ) ;
#6233 = CARTESIAN_POINT ( 'NONE',  ( 3.675000000000000700, 1.174999999999997800, 2.874999999999991100 ) ) ;
#6234 = LINE ( 'NONE', #12672, #994 ) ;
#6235 = ORIENTED_EDGE ( 'NONE', *, *, #5873, .F. ) ;
#6236 = DIRECTION ( 'NONE',  ( 0.0000000000000000000, 0.0000000000000000000, 1.000000000000000000 ) ) ;
#6237 = MECHANICAL_DESIGN_GEOMETRIC_PRESENTATION_REPRESENTATION (  '', ( #4284 ), #6903 ) ;
#6238 = ORIENTED_EDGE ( 'NONE', *, *, #3254, .T. ) ;
#6239 = ADVANCED_FACE ( 'NONE', ( #12427 ), #6189, .T. ) ;
#6240 = DIRECTION ( 'NONE',  ( 0.0000000000000000000, -1.000000000000000000, 1.204669080539448600E-016 ) ) ;
#6241 = STYLED_ITEM ( 'NONE', ( #11440 ), #10201 ) ;
#6243 = FACE_OUTER_BOUND ( 'NONE', #4065, .T. ) ;
#6242 =( NAMED_UNIT ( * ) SI_UNIT ( $, .STERADIAN. ) SOLID_ANGLE_UNIT ( ) );
#6244 = ORIENTED_EDGE ( 'NONE', *, *, #6006, .T. ) ;
#6245 = ORIENTED_EDGE ( 'NONE', *, *, #3517, .T. ) ;
#6246 = LINE ( 'NONE', #1203, #5928 ) ;
#6247 = DIRECTION ( 'NONE',  ( 0.0000000000000000000, -1.070121624790885400E-015, 1.000000000000000000 ) ) ;
#6248 = VERTEX_POINT ( 'NONE', #12448 ) ;
#6249 = DIRECTION ( 'NONE',  ( -1.000000000000000000, -0.0000000000000000000, 3.047487187526822800E-016 ) ) ;
#6250 = ORIENTED_EDGE ( 'NONE', *, *, #1776, .T. ) ;
#6251 = CARTESIAN_POINT ( 'NONE',  ( 2.128248708952969400E-017, 0.0000000000000000000, 0.04999999999999844800 ) ) ;
#6252 = UNCERTAINTY_MEASURE_WITH_UNIT (LENGTH_MEASURE( 1.000000000000000100E-005 ), #4694, 'distance_accuracy_value', 'NONE');
#6253 = FACE_OUTER_BOUND ( 'NONE', #10787, .T. ) ;
#6254 = AXIS2_PLACEMENT_3D ( 'NONE', #10120, #4244, #11151 ) ;
#6255 = ADVANCED_FACE ( 'NONE', ( #3910 ), #4535, .T. ) ;
#6256 = AXIS2_PLACEMENT_3D ( 'NONE', #4744, #11671, #5732 ) ;
#6257 = FILL_AREA_STYLE ('',( #5253 ) ) ;
#6258 = VECTOR ( 'NONE', #2852, 1000.000000000000000 ) ;
#6259 = ORIENTED_EDGE ( 'NONE', *, *, #7831, .T. ) ;
#6260 = VECTOR ( 'NONE', #12405, 1000.000000000000000 ) ;
#6261 = SURFACE_STYLE_USAGE ( .BOTH. , #10495 ) ;
#6262 = DIRECTION ( 'NONE',  ( 0.0000000000000000000, 0.0000000000000000000, 1.000000000000000000 ) ) ;
#6263 = EDGE_LOOP ( 'NONE', ( #256, #7891, #4626, #6997 ) ) ;
#6264 = DIRECTION ( 'NONE',  ( 0.0000000000000000000, -1.000000000000000000, -1.141265444721583800E-016 ) ) ;
#6265 =( LENGTH_UNIT ( ) NAMED_UNIT ( * ) SI_UNIT ( .MILLI., .METRE. ) );
#6266 = DIRECTION ( 'NONE',  ( 0.0000000000000000000, -1.000000000000000000, 0.0000000000000000000 ) ) ;
#6267 = ORIENTED_EDGE ( 'NONE', *, *, #2248, .F. ) ;
#6268 = EDGE_CURVE ( 'NONE', #3417, #1934, #11481, .T. ) ;
#6269 = CARTESIAN_POINT ( 'NONE',  ( 4.825000000000000200, 1.700000000000000000, 2.200000000000000200 ) ) ;
#6270 =( LENGTH_UNIT ( ) NAMED_UNIT ( * ) SI_UNIT ( .MILLI., .METRE. ) );
#6271 = PLANE ( 'NONE',  #12749 ) ;
#6272 = FILL_AREA_STYLE_COLOUR ( '', #12758 ) ;
#6273 = VECTOR ( 'NONE', #1364, 1000.000000000000000 ) ;
#6274 = EDGE_CURVE ( 'NONE', #10158, #8198, #1275, .T. ) ;
#6275 = LINE ( 'NONE', #2448, #8568 ) ;
#6276 = ORIENTED_EDGE ( 'NONE', *, *, #12552, .T. ) ;
#6277 = VERTEX_POINT ( 'NONE', #5556 ) ;
#6278 = ORIENTED_EDGE ( 'NONE', *, *, #910, .T. ) ;
#6279 = PLANE ( 'NONE',  #3023 ) ;
#6280 =( GEOMETRIC_REPRESENTATION_CONTEXT ( 3 ) GLOBAL_UNCERTAINTY_ASSIGNED_CONTEXT ( ( #12478 ) ) GLOBAL_UNIT_ASSIGNED_CONTEXT ( ( #1861, #8724, #2853 ) ) REPRESENTATION_CONTEXT ( 'NONE', 'WORKASPACE' ) );
#6281 = EDGE_CURVE ( 'NONE', #5779, #2896, #5882, .T. ) ;
#6282 =( NAMED_UNIT ( * ) SI_UNIT ( $, .STERADIAN. ) SOLID_ANGLE_UNIT ( ) );
#6283 = ORIENTED_EDGE ( 'NONE', *, *, #534, .T. ) ;
#6284 = VERTEX_POINT ( 'NONE', #6500 ) ;
#6285 =( LENGTH_UNIT ( ) NAMED_UNIT ( * ) SI_UNIT ( .MILLI., .METRE. ) );
#6286 = FILL_AREA_STYLE ('',( #1338 ) ) ;
#6287 = CARTESIAN_POINT ( 'NONE',  ( -3.674999999999998500, 1.700000000000000200, 1.749999999999996400 ) ) ;
#6288 = FACE_OUTER_BOUND ( 'NONE', #9791, .T. ) ;
#6289 = EDGE_CURVE ( 'NONE', #11700, #6141, #960, .T. ) ;
#6290 = EDGE_LOOP ( 'NONE', ( #8330, #2018, #7415, #7973 ) ) ;
#6291 = STYLED_ITEM ( 'NONE', ( #11936 ), #6715 ) ;
#6292 = ORIENTED_EDGE ( 'NONE', *, *, #4323, .T. ) ;
#6293 = ORIENTED_EDGE ( 'NONE', *, *, #10780, .F. ) ;
#6294 = EDGE_CURVE ( 'NONE', #6474, #12022, #662, .T. ) ;
#6295 = VECTOR ( 'NONE', #9167, 1000.000000000000000 ) ;
#6296 = DIRECTION ( 'NONE',  ( -0.0000000000000000000, 1.000000000000000000, 0.0000000000000000000 ) ) ;
#6297 = AXIS2_PLACEMENT_3D ( 'NONE', #12687, #6731, #819 ) ;
#6298 = CARTESIAN_POINT ( 'NONE',  ( -2.964999999999999000, 3.100000000000000100, 0.3499999999999989800 ) ) ;
#6300 = EDGE_CURVE ( 'NONE', #11358, #1208, #8194, .T. ) ;
#6299 = PRESENTATION_STYLE_ASSIGNMENT (( #10715 ) ) ;
#6301 = LINE ( 'NONE', #1704, #1059 ) ;
#6302 = PLANE ( 'NONE',  #883 ) ;
#6303 = CARTESIAN_POINT ( 'NONE',  ( 0.7850000000000010300, 3.100000000000000100, 0.3499999999999989800 ) ) ;
#6304 = ORIENTED_EDGE ( 'NONE', *, *, #2833, .F. ) ;
#6305 = ORIENTED_EDGE ( 'NONE', *, *, #8094, .F. ) ;
#6306 = LINE ( 'NONE', #11331, #3705 ) ;
#6307 = ORIENTED_EDGE ( 'NONE', *, *, #10854, .F. ) ;
#6308 = ORIENTED_EDGE ( 'NONE', *, *, #12297, .F. ) ;
#6309 = EDGE_CURVE ( 'NONE', #10440, #6, #3603, .T. ) ;
#6310 = CARTESIAN_POINT ( 'NONE',  ( -4.845000000000000600, 1.200000000000000000, 0.5199999999999995700 ) ) ;
#6311 = CARTESIAN_POINT ( 'NONE',  ( 2.035000000000001000, 0.2499999999999996700, 0.1799999999999966600 ) ) ;
#6312 =( GEOMETRIC_REPRESENTATION_CONTEXT ( 3 ) GLOBAL_UNCERTAINTY_ASSIGNED_CONTEXT ( ( #1444 ) ) GLOBAL_UNIT_ASSIGNED_CONTEXT ( ( #7232, #1330, #8208 ) ) REPRESENTATION_CONTEXT ( 'NONE', 'WORKASPACE' ) );
#6313 =( NAMED_UNIT ( * ) PLANE_ANGLE_UNIT ( ) SI_UNIT ( $, .RADIAN. ) );
#6314 = SURFACE_SIDE_STYLE ('',( #5647 ) ) ;
#6315 = DIRECTION ( 'NONE',  ( 0.1904761904761871300, 0.2380952380952350300, 0.9523809523809537700 ) ) ;
#6316 = ADVANCED_FACE ( 'NONE', ( #5295 ), #6590, .T. ) ;
#6317 = DIRECTION ( 'NONE',  ( -0.0000000000000000000, 1.000000000000000000, -0.0000000000000000000 ) ) ;
#6318 = FACE_OUTER_BOUND ( 'NONE', #9915, .T. ) ;
#6319 = SURFACE_STYLE_USAGE ( .BOTH. , #12283 ) ;
#6320 = AXIS2_PLACEMENT_3D ( 'NONE', #8402, #9408, #3535 ) ;
#6321 = ORIENTED_EDGE ( 'NONE', *, *, #8072, .F. ) ;
#6322 =( GEOMETRIC_REPRESENTATION_CONTEXT ( 3 ) GLOBAL_UNCERTAINTY_ASSIGNED_CONTEXT ( ( #11641 ) ) GLOBAL_UNIT_ASSIGNED_CONTEXT ( ( #11487, #6842, #6881 ) ) REPRESENTATION_CONTEXT ( 'NONE', 'WORKASPACE' ) );
#6323 = FACE_OUTER_BOUND ( 'NONE', #10417, .T. ) ;
#6324 = CARTESIAN_POINT ( 'NONE',  ( -2.034999999999998800, 3.000000000000000000, 0.4499999999999998400 ) ) ;
#6325 = CARTESIAN_POINT ( 'NONE',  ( 0.4650000000000010200, -0.1500000000000003000, 0.1799999999999965800 ) ) ;
#6327 = VECTOR ( 'NONE', #6106, 1000.000000000000000 ) ;
#6326 = CARTESIAN_POINT ( 'NONE',  ( -4.845000000000000600, -0.8800000000000003400, 0.5199999999999995700 ) ) ;
#6328 = ADVANCED_FACE ( 'NONE', ( #12273 ), #7587, .T. ) ;
#6329 = EDGE_LOOP ( 'NONE', ( #12212, #4802, #4867, #11268 ) ) ;
#6330 = ORIENTED_EDGE ( 'NONE', *, *, #8003, .T. ) ;
#6331 = ORIENTED_EDGE ( 'NONE', *, *, #4583, .F. ) ;
#6332 = PRESENTATION_STYLE_ASSIGNMENT (( #8119 ) ) ;
#6333 = CARTESIAN_POINT ( 'NONE',  ( -6.125000000000000000, 1.700000000000000000, 2.200000000000000200 ) ) ;
#6334 = ORIENTED_EDGE ( 'NONE', *, *, #6458, .T. ) ;
#6335 = EDGE_LOOP ( 'NONE', ( #11633, #4553, #2160, #5490 ) ) ;
#6336 = CARTESIAN_POINT ( 'NONE',  ( 3.285000000000001500, -0.6250000000000003300, 0.6499999999999964700 ) ) ;
#6337 = DIRECTION ( 'NONE',  ( 0.0000000000000000000, -2.258754526011467700E-016, 1.000000000000000000 ) ) ;
#6338 = ORIENTED_EDGE ( 'NONE', *, *, #6199, .F. ) ;
#6339 =( GEOMETRIC_REPRESENTATION_CONTEXT ( 3 ) GLOBAL_UNCERTAINTY_ASSIGNED_CONTEXT ( ( #3408 ) ) GLOBAL_UNIT_ASSIGNED_CONTEXT ( ( #5917, #35, #6917 ) ) REPRESENTATION_CONTEXT ( 'NONE', 'WORKASPACE' ) );
#6340 = CARTESIAN_POINT ( 'NONE',  ( -4.845000000000000600, 1.200000000000000000, 1.529999999999999800 ) ) ;
#6341 = ORIENTED_EDGE ( 'NONE', *, *, #3653, .F. ) ;
#6342 = MECHANICAL_DESIGN_GEOMETRIC_PRESENTATION_REPRESENTATION (  '', ( #4385 ), #6989 ) ;
#6343 = ORIENTED_EDGE ( 'NONE', *, *, #1515, .T. ) ;
#6344 = CARTESIAN_POINT ( 'NONE',  ( 1.949999999999999700, 3.673118842698620300, 2.099999999999996100 ) ) ;
#6345 = FILL_AREA_STYLE ('',( #10262 ) ) ;
#6346 = VERTEX_POINT ( 'NONE', #725 ) ;
#6347 = PLANE ( 'NONE',  #10933 ) ;
#6348 = DIRECTION ( 'NONE',  ( 1.000000000000000000, 0.0000000000000000000, -0.0000000000000000000 ) ) ;
#6349 = ORIENTED_EDGE ( 'NONE', *, *, #3517, .F. ) ;
#6350 = EDGE_CURVE ( 'NONE', #5859, #3571, #4377, .T. ) ;
#6351 = SURFACE_SIDE_STYLE ('',( #8907 ) ) ;
#6352 = DIRECTION ( 'NONE',  ( 0.0000000000000000000, -1.000000000000000000, -2.032879073410321300E-016 ) ) ;
#6353 = EDGE_LOOP ( 'NONE', ( #6097, #471, #10614, #9909 ) ) ;
#6354 = ORIENTED_EDGE ( 'NONE', *, *, #8196, .F. ) ;
#6355 = LINE ( 'NONE', #4549, #11640 ) ;
#6356 = DIRECTION ( 'NONE',  ( 1.000000000000000000, 0.0000000000000000000, 0.0000000000000000000 ) ) ;
#6357 = CARTESIAN_POINT ( 'NONE',  ( -3.284999999999998800, -0.1500000000000003300, 0.2999999999999965500 ) ) ;
#6358 = VERTEX_POINT ( 'NONE', #10599 ) ;
#6359 = MECHANICAL_DESIGN_GEOMETRIC_PRESENTATION_REPRESENTATION (  '', ( #4401 ), #7004 ) ;
#6360 = FILL_AREA_STYLE_COLOUR ( '', #1294 ) ;
#6361 = LINE ( 'NONE', #10616, #1435 ) ;
#6362 = ORIENTED_EDGE ( 'NONE', *, *, #1418, .T. ) ;
#6363 = ORIENTED_EDGE ( 'NONE', *, *, #7913, .T. ) ;
#6364 = ORIENTED_EDGE ( 'NONE', *, *, #12536, .F. ) ;
#6365 = CARTESIAN_POINT ( 'NONE',  ( -4.024999999999999500, 0.8499999999999996400, 4.399999999999994100 ) ) ;
#6366 = EDGE_CURVE ( 'NONE', #4848, #4714, #6964, .T. ) ;
#6367 = VECTOR ( 'NONE', #9144, 1000.000000000000000 ) ;
#6368 = VECTOR ( 'NONE', #2571, 1000.000000000000000 ) ;
#6369 = AXIS2_PLACEMENT_3D ( 'NONE', #5467, #9373, #10423 ) ;
#6370 = DIRECTION ( 'NONE',  ( 0.0000000000000000000, -1.000000000000000000, 0.0000000000000000000 ) ) ;
#6371 = CARTESIAN_POINT ( 'NONE',  ( 4.324999999999997500, 2.600000000000000100, 4.699999999999997500 ) ) ;
#6372 = LINE ( 'NONE', #9057, #8982 ) ;
#6373 = EDGE_CURVE ( 'NONE', #6780, #10626, #9584, .T. ) ;
#6374 = CARTESIAN_POINT ( 'NONE',  ( 6.125000000000000000, 1.700000000000000000, 2.200000000000000200 ) ) ;
#6375 = CARTESIAN_POINT ( 'NONE',  ( -2.349999999999999600, -1.100000000000000100, 3.249999999999996000 ) ) ;
#6376 = VERTEX_POINT ( 'NONE', #6671 ) ;
#6377 = UNCERTAINTY_MEASURE_WITH_UNIT (LENGTH_MEASURE( 1.000000000000000100E-005 ), #10343, 'distance_accuracy_value', 'NONE');
#6378 = CARTESIAN_POINT ( 'NONE',  ( 4.625000000000000900, 1.700000000000000000, 0.2999999999999971600 ) ) ;
#6379 = ADVANCED_FACE ( 'NONE', ( #9280 ), #2750, .F. ) ;
#6380 = EDGE_CURVE ( 'NONE', #291, #4726, #498, .T. ) ;
#6381 = LINE ( 'NONE', #12407, #6043 ) ;
#6382 = UNCERTAINTY_MEASURE_WITH_UNIT (LENGTH_MEASURE( 1.000000000000000100E-005 ), #6011, 'distance_accuracy_value', 'NONE');
#6383 = FACE_OUTER_BOUND ( 'NONE', #1971, .T. ) ;
#6384 = CARTESIAN_POINT ( 'NONE',  ( 0.4650000000000010200, -0.3750000000000001100, 0.6499999999999975800 ) ) ;
#6385 = DIRECTION ( 'NONE',  ( 1.875376730785737500E-016, 0.0000000000000000000, -1.000000000000000000 ) ) ;
#6386 = EDGE_CURVE ( 'NONE', #5975, #5578, #3128, .T. ) ;
#6387 = DIRECTION ( 'NONE',  ( 0.0000000000000000000, -1.355252715606881500E-016, -1.000000000000000000 ) ) ;
#6388 = FILL_AREA_STYLE_COLOUR ( '', #6481 ) ;
#6389 = AXIS2_PLACEMENT_3D ( 'NONE', #7536, #6608, #707 ) ;
#6390 = CARTESIAN_POINT ( 'NONE',  ( -2.964999999999999000, -0.1500000000000003300, 0.2999999999999965500 ) ) ;
#6391 = PLANE ( 'NONE',  #2414 ) ;
#6392 = EDGE_LOOP ( 'NONE', ( #3665, #2839, #5393, #4390, #2235 ) ) ;
#6393 = VECTOR ( 'NONE', #12107, 1000.000000000000000 ) ;
#6394 = ORIENTED_EDGE ( 'NONE', *, *, #1092, .F. ) ;
#6395 = VECTOR ( 'NONE', #12231, 1000.000000000000000 ) ;
#6396 = LINE ( 'NONE', #10727, #11039 ) ;
#6397 = UNCERTAINTY_MEASURE_WITH_UNIT (LENGTH_MEASURE( 1.000000000000000100E-005 ), #7789, 'distance_accuracy_value', 'NONE');
#6398 = ADVANCED_FACE ( 'NONE', ( #5737 ), #847, .T. ) ;
#6399 = AXIS2_PLACEMENT_3D ( 'NONE', #9281, #3400, #10271 ) ;
#6400 =( NAMED_UNIT ( * ) PLANE_ANGLE_UNIT ( ) SI_UNIT ( $, .RADIAN. ) );
#6401 = FILL_AREA_STYLE_COLOUR ( '', #9014 ) ;
#6402 = CARTESIAN_POINT ( 'NONE',  ( -4.624999999999999100, -1.100000000000000100, 4.699999999999995700 ) ) ;
#6403 = FILL_AREA_STYLE ('',( #9322 ) ) ;
#6404 = FILL_AREA_STYLE_COLOUR ( '', #7843 ) ;
#6405 = DIRECTION ( 'NONE',  ( 0.0000000000000000000, 0.0000000000000000000, -1.000000000000000000 ) ) ;
#6406 = PRESENTATION_STYLE_ASSIGNMENT (( #3481 ) ) ;
#6407 = PRESENTATION_LAYER_ASSIGNMENT (  '', '', ( #5085 ) ) ;
#6408 = FACE_OUTER_BOUND ( 'NONE', #9731, .T. ) ;
#6409 = EDGE_LOOP ( 'NONE', ( #10776, #8658, #7720, #2631 ) ) ;
#6410 = LINE ( 'NONE', #10815, #8690 ) ;
#6411 = VECTOR ( 'NONE', #2404, 1000.000000000000000 ) ;
#6412 = VERTEX_POINT ( 'NONE', #3787 ) ;
#6413 = ORIENTED_EDGE ( 'NONE', *, *, #5379, .F. ) ;
#6414 = CARTESIAN_POINT ( 'NONE',  ( -1.714999999999999000, 0.2499999999999996700, 0.1799999999999966600 ) ) ;
#6415 = EDGE_LOOP ( 'NONE', ( #10099, #2195, #2134, #9998 ) ) ;
#6416 = PLANE ( 'NONE',  #789 ) ;
#6417 = CARTESIAN_POINT ( 'NONE',  ( -5.149000000000000900, 1.100000000000000100, 0.3039999999999999400 ) ) ;
#6418 = FACE_OUTER_BOUND ( 'NONE', #6475, .T. ) ;
#6419 = SURFACE_SIDE_STYLE ('',( #1321 ) ) ;
#6420 = LINE ( 'NONE', #12023, #10736 ) ;
#6421 = DIRECTION ( 'NONE',  ( -0.7071067811865468000, 0.0000000000000000000, -0.7071067811865483500 ) ) ;
#6422 = FACE_OUTER_BOUND ( 'NONE', #2505, .T. ) ;
#6423 = DIRECTION ( 'NONE',  ( 0.0000000000000000000, 1.141265444721583800E-016, -1.000000000000000000 ) ) ;
#6424 = STYLED_ITEM ( 'NONE', ( #10916 ), #1928 ) ;
#6425 = VERTEX_POINT ( 'NONE', #884 ) ;
#6426 = CARTESIAN_POINT ( 'NONE',  ( 4.625000000000000900, -0.4000000000000005200, 0.04999999999999715100 ) ) ;
#6427 = VERTEX_POINT ( 'NONE', #7753 ) ;
#6428 = EDGE_LOOP ( 'NONE', ( #3797, #1063, #9723, #5383 ) ) ;
#6429 = FILL_AREA_STYLE_COLOUR ( '', #2519 ) ;
#6430 = LINE ( 'NONE', #12086, #6087 ) ;
#6431 = DIRECTION ( 'NONE',  ( -1.000000000000000000, -0.0000000000000000000, -0.0000000000000000000 ) ) ;
#6432 = LINE ( 'NONE', #2594, #1505 ) ;
#6433 = PRESENTATION_STYLE_ASSIGNMENT (( #7276 ) ) ;
#6434 = VECTOR ( 'NONE', #11132, 1000.000000000000000 ) ;
#6435 = EDGE_LOOP ( 'NONE', ( #749, #11914, #5966, #10983 ) ) ;
#6436 = CARTESIAN_POINT ( 'NONE',  ( -5.825000000000000200, 1.399999999999999900, 2.200000000000000200 ) ) ;
#6437 = EDGE_LOOP ( 'NONE', ( #596, #2742, #11960, #5918, #5249, #12735 ) ) ;
#6438 = VERTEX_POINT ( 'NONE', #1885 ) ;
#6439 = MECHANICAL_DESIGN_GEOMETRIC_PRESENTATION_REPRESENTATION (  '', ( #4477 ), #7082 ) ;
#6440 = VECTOR ( 'NONE', #12065, 1000.000000000000000 ) ;
#6441 = CARTESIAN_POINT ( 'NONE',  ( 5.000000000000000000, -0.3750000000000023300, 0.6499999999999975800 ) ) ;
#6442 = PLANE ( 'NONE',  #10195 ) ;
#6444 = FACE_OUTER_BOUND ( 'NONE', #7830, .T. ) ;
#6443 = DIRECTION ( 'NONE',  ( 0.0000000000000000000, -1.000000000000000000, -1.294569758191649100E-016 ) ) ;
#6445 = ADVANCED_FACE ( 'NONE', ( #1883 ), #12751, .F. ) ;
#6446 = DIRECTION ( 'NONE',  ( 0.0000000000000000000, 1.000000000000000000, 0.0000000000000000000 ) ) ;
#6447 = LINE ( 'NONE', #2217, #11727 ) ;
#6448 = ORIENTED_EDGE ( 'NONE', *, *, #4823, .T. ) ;
#6449 = EDGE_CURVE ( 'NONE', #8630, #7567, #12111, .T. ) ;
#6450 = CARTESIAN_POINT ( 'NONE',  ( -2.964999999999999000, 0.2499999999999996700, 0.1799999999999966600 ) ) ;
#6451 = EDGE_CURVE ( 'NONE', #4714, #5284, #947, .T. ) ;
#6452 = VECTOR ( 'NONE', #952, 1000.000000000000000 ) ;
#6453 = FACE_OUTER_BOUND ( 'NONE', #3580, .T. ) ;
#6454 = LINE ( 'NONE', #2082, #1202 ) ;
#6455 = LINE ( 'NONE', #3805, #11417 ) ;
#6456 = FILL_AREA_STYLE_COLOUR ( '', #4826 ) ;
#6457 = ORIENTED_EDGE ( 'NONE', *, *, #8346, .T. ) ;
#6458 = EDGE_CURVE ( 'NONE', #1193, #5687, #4522, .T. ) ;
#6459 = CARTESIAN_POINT ( 'NONE',  ( 0.0000000000000000000, 1.700000000000000000, 0.0000000000000000000 ) ) ;
#6460 = DIRECTION ( 'NONE',  ( -0.0000000000000000000, 0.0000000000000000000, -1.000000000000000000 ) ) ;
#6461 = ORIENTED_EDGE ( 'NONE', *, *, #7834, .T. ) ;
#6462 = VERTEX_POINT ( 'NONE', #12846 ) ;
#6463 = ADVANCED_FACE ( 'NONE', ( #10836 ), #7846, .T. ) ;
#6464 = CARTESIAN_POINT ( 'NONE',  ( -2.034999999999998800, -0.3750000000000001100, 1.749999999999996400 ) ) ;
#6465 =( NAMED_UNIT ( * ) PLANE_ANGLE_UNIT ( ) SI_UNIT ( $, .RADIAN. ) );
#6466 = EDGE_CURVE ( 'NONE', #3231, #9688, #8178, .T. ) ;
#6467 = LINE ( 'NONE', #4452, #3855 ) ;
#6468 = EDGE_CURVE ( 'NONE', #4215, #10723, #652, .T. ) ;
#6469 = STYLED_ITEM ( 'NONE', ( #8759 ), #7043 ) ;
#6470 = FACE_OUTER_BOUND ( 'NONE', #6531, .T. ) ;
#6471 = ORIENTED_EDGE ( 'NONE', *, *, #2764, .F. ) ;
#6472 = COLOUR_RGB ( '',0.8000000000000000400, 0.8078431372549019800, 0.8000000000000000400 ) ;
#6473 = DIRECTION ( 'NONE',  ( -0.9805806756909207800, 0.0000000000000000000, -0.1961161351381809400 ) ) ;
#6474 = VERTEX_POINT ( 'NONE', #6913 ) ;
#6475 = EDGE_LOOP ( 'NONE', ( #1161, #2264, #3606, #1741 ) ) ;
#6476 = PLANE ( 'NONE',  #10500 ) ;
#6477 = LINE ( 'NONE', #5753, #8765 ) ;
#6478 =( NAMED_UNIT ( * ) PLANE_ANGLE_UNIT ( ) SI_UNIT ( $, .RADIAN. ) );
#6479 = AXIS2_PLACEMENT_3D ( 'NONE', #7274, #1382, #8244 ) ;
#6480 = EDGE_CURVE ( 'NONE', #11148, #12842, #10518, .T. ) ;
#6481 = COLOUR_RGB ( '',0.8000000000000000400, 0.8078431372549019800, 0.8000000000000000400 ) ;
#6482 = VECTOR ( 'NONE', #4190, 1000.000000000000000 ) ;
#6483 = ORIENTED_EDGE ( 'NONE', *, *, #9328, .F. ) ;
#6484 = CARTESIAN_POINT ( 'NONE',  ( 5.149000000000000900, 1.100000000000000100, 1.276000000000000000 ) ) ;
#6485 = CARTESIAN_POINT ( 'NONE',  ( -5.645000000000000500, -0.8799999999999986700, 1.529999999999999800 ) ) ;
#6486 = CARTESIAN_POINT ( 'NONE',  ( -5.645000000000000500, 1.100000000000000100, 1.529999999999999800 ) ) ;
#6487 = UNCERTAINTY_MEASURE_WITH_UNIT (LENGTH_MEASURE( 1.000000000000000100E-005 ), #6082, 'distance_accuracy_value', 'NONE');
#6488 = STYLED_ITEM ( 'NONE', ( #8853 ), #8625 ) ;
#6489 = LINE ( 'NONE', #1985, #3878 ) ;
#6491 = PLANE ( 'NONE',  #6732 ) ;
#6490 = PLANE ( 'NONE',  #12096 ) ;
#6492 = FILL_AREA_STYLE ('',( #5509 ) ) ;
#6493 = CARTESIAN_POINT ( 'NONE',  ( -5.825000000000000200, 1.399999999999999900, 4.699999999999997500 ) ) ;
#6494 = LINE ( 'NONE', #3000, #11457 ) ;
#6495 = PRESENTATION_STYLE_ASSIGNMENT (( #7255 ) ) ;
#6496 = EDGE_LOOP ( 'NONE', ( #2536, #10935, #1251, #11859 ) ) ;
#6497 = VERTEX_POINT ( 'NONE', #28 ) ;
#6498 = ORIENTED_EDGE ( 'NONE', *, *, #7275, .T. ) ;
#6499 = LINE ( 'NONE', #3977, #3890 ) ;
#6500 = CARTESIAN_POINT ( 'NONE',  ( -1.714999999999999000, -0.1500000000000003300, 0.2999999999999965500 ) ) ;
#6501 = CARTESIAN_POINT ( 'NONE',  ( -4.325000000000001100, 2.600000000000000100, 4.699999999999995700 ) ) ;
#6502 = CARTESIAN_POINT ( 'NONE',  ( -0.4649999999999988600, 3.100000000000000100, 0.09999999999999947800 ) ) ;
#6503 = CARTESIAN_POINT ( 'NONE',  ( 2.035000000000001000, 0.2499999999999996700, 0.2999999999999966000 ) ) ;
#6504 = VERTEX_POINT ( 'NONE', #5913 ) ;
#6505 =( NAMED_UNIT ( * ) SI_UNIT ( $, .STERADIAN. ) SOLID_ANGLE_UNIT ( ) );
#6506 = VERTEX_POINT ( 'NONE', #3009 ) ;
#6507 = VERTEX_POINT ( 'NONE', #2007 ) ;
#6508 = COLOUR_RGB ( '',0.8000000000000000400, 0.8078431372549019800, 0.8000000000000000400 ) ;
#6509 = DIRECTION ( 'NONE',  ( -1.000000000000000000, -0.0000000000000000000, -0.0000000000000000000 ) ) ;
#6510 = ADVANCED_FACE ( 'NONE', ( #2645 ), #1011, .T. ) ;
#6511 = ORIENTED_EDGE ( 'NONE', *, *, #362, .F. ) ;
#6512 = CARTESIAN_POINT ( 'NONE',  ( 0.7850000000000010300, 0.2499999999999996700, 0.1799999999999966600 ) ) ;
#6513 = STYLED_ITEM ( 'NONE', ( #11062 ), #4107 ) ;
#6514 = VECTOR ( 'NONE', #45, 1000.000000000000000 ) ;
#6515 = SURFACE_SIDE_STYLE ('',( #8964 ) ) ;
#6516 = PRESENTATION_LAYER_ASSIGNMENT (  '', '', ( #5841 ) ) ;
#6517 = ORIENTED_EDGE ( 'NONE', *, *, #8642, .T. ) ;
#6518 = SURFACE_STYLE_USAGE ( .BOTH. , #12473 ) ;
#6519 = VERTEX_POINT ( 'NONE', #10938 ) ;
#6520 = VERTEX_POINT ( 'NONE', #5021 ) ;
#6521 = DIRECTION ( 'NONE',  ( 0.0000000000000000000, 0.0000000000000000000, -1.000000000000000000 ) ) ;
#6522 = DIRECTION ( 'NONE',  ( -0.0000000000000000000, 1.000000000000000000, -0.0000000000000000000 ) ) ;
#6523 = LINE ( 'NONE', #6340, #1603 ) ;
#6524 = FACE_OUTER_BOUND ( 'NONE', #1952, .T. ) ;
#6525 = EDGE_CURVE ( 'NONE', #6427, #3819, #1734, .T. ) ;
#6526 = ADVANCED_FACE ( 'NONE', ( #4364 ), #6990, .T. ) ;
#6527 = EDGE_CURVE ( 'NONE', #3732, #11060, #10982, .T. ) ;
#6528 = DIRECTION ( 'NONE',  ( 0.0000000000000000000, -1.000000000000000000, -1.167602339599771500E-015 ) ) ;
#6529 = CARTESIAN_POINT ( 'NONE',  ( -0.7849999999999988100, -0.1500000000000003300, 0.2999999999999965500 ) ) ;
#6530 = FACE_OUTER_BOUND ( 'NONE', #9071, .T. ) ;
#6531 = EDGE_LOOP ( 'NONE', ( #3275, #11661, #2123, #2638 ) ) ;
#6532 = ORIENTED_EDGE ( 'NONE', *, *, #4954, .F. ) ;
#6533 = VECTOR ( 'NONE', #12076, 1000.000000000000000 ) ;
#6534 = CARTESIAN_POINT ( 'NONE',  ( -1.714999999999999000, -0.3750000000000001100, 0.6499999999999975800 ) ) ;
#6535 = CARTESIAN_POINT ( 'NONE',  ( -0.4649999999999988600, 3.100000000000000100, 0.3499999999999989800 ) ) ;
#6536 = CARTESIAN_POINT ( 'NONE',  ( 6.125000000000000000, -1.100000000000000100, 0.2540000000000000000 ) ) ;
#6537 = LINE ( 'NONE', #12323, #11498 ) ;
#6538 = AXIS2_PLACEMENT_3D ( 'NONE', #10299, #6385, #486 ) ;
#6539 = CARTESIAN_POINT ( 'NONE',  ( 2.965000000000001600, 0.4249999999999998200, 0.6499999999999964700 ) ) ;
#6540 = EDGE_CURVE ( 'NONE', #588, #11744, #6005, .T. ) ;
#6541 = EDGE_CURVE ( 'NONE', #6, #5978, #790, .T. ) ;
#6542 = COLOUR_RGB ( '',0.8000000000000000400, 0.8078431372549019800, 0.8000000000000000400 ) ;
#6543 = DIRECTION ( 'NONE',  ( 0.0000000000000000000, -2.258754526011467700E-016, 1.000000000000000000 ) ) ;
#6544 = EDGE_CURVE ( 'NONE', #5633, #11247, #3118, .T. ) ;
#6545 = EDGE_LOOP ( 'NONE', ( #5265, #12794, #5078, #2032 ) ) ;
#6546 =( GEOMETRIC_REPRESENTATION_CONTEXT ( 3 ) GLOBAL_UNCERTAINTY_ASSIGNED_CONTEXT ( ( #1742 ) ) GLOBAL_UNIT_ASSIGNED_CONTEXT ( ( #8972, #3099, #9958 ) ) REPRESENTATION_CONTEXT ( 'NONE', 'WORKASPACE' ) );
#6547 = UNCERTAINTY_MEASURE_WITH_UNIT (LENGTH_MEASURE( 1.000000000000000100E-005 ), #10270, 'distance_accuracy_value', 'NONE');
#6548 = VECTOR ( 'NONE', #10192, 1000.000000000000000 ) ;
#6549 = PLANE ( 'NONE',  #940 ) ;
#6550 = LINE ( 'NONE', #4147, #2111 ) ;
#6551 = ORIENTED_EDGE ( 'NONE', *, *, #8931, .F. ) ;
#6552 = EDGE_CURVE ( 'NONE', #8579, #10054, #8328, .T. ) ;
#6553 = CARTESIAN_POINT ( 'NONE',  ( 5.099000000000000200, 1.200000000000000000, 0.2999999999999999900 ) ) ;
#6554 = STYLED_ITEM ( 'NONE', ( #4920 ), #10823 ) ;
#6555 =( LENGTH_UNIT ( ) NAMED_UNIT ( * ) SI_UNIT ( .MILLI., .METRE. ) );
#6556 = EDGE_CURVE ( 'NONE', #11624, #8177, #10665, .T. ) ;
#6557 = SURFACE_STYLE_FILL_AREA ( #6614 ) ;
#6558 = DIRECTION ( 'NONE',  ( -1.000000000000000000, 0.0000000000000000000, 0.0000000000000000000 ) ) ;
#6559 = ORIENTED_EDGE ( 'NONE', *, *, #7426, .T. ) ;
#6560 = VECTOR ( 'NONE', #10987, 1000.000000000000000 ) ;
#6561 = VECTOR ( 'NONE', #1652, 1000.000000000000000 ) ;
#6562 =( LENGTH_UNIT ( ) NAMED_UNIT ( * ) SI_UNIT ( .MILLI., .METRE. ) );
#6563 = EDGE_CURVE ( 'NONE', #3887, #1575, #5421, .T. ) ;
#6564 = CARTESIAN_POINT ( 'NONE',  ( -3.284999999999998800, 0.4249999999999998200, 0.6499999999999985800 ) ) ;
#6565 = CARTESIAN_POINT ( 'NONE',  ( 5.825000000000002000, 1.399999999999998600, 1.699999999999989700 ) ) ;
#6566 = AXIS2_PLACEMENT_3D ( 'NONE', #10029, #4159, #11051 ) ;
#6567 = CARTESIAN_POINT ( 'NONE',  ( 4.845000000000000600, 1.200000000000000000, 0.5199999999999985700 ) ) ;
#6568 = CARTESIAN_POINT ( 'NONE',  ( 3.285000000000001500, 3.100000000000000100, 0.3499999999999989800 ) ) ;
#6569 = VERTEX_POINT ( 'NONE', #2162 ) ;
#6570 = VECTOR ( 'NONE', #10434, 1000.000000000000000 ) ;
#6571 =( GEOMETRIC_REPRESENTATION_CONTEXT ( 3 ) GLOBAL_UNCERTAINTY_ASSIGNED_CONTEXT ( ( #5225 ) ) GLOBAL_UNIT_ASSIGNED_CONTEXT ( ( #3283, #10152, #4266 ) ) REPRESENTATION_CONTEXT ( 'NONE', 'WORKASPACE' ) );
#6572 = LINE ( 'NONE', #12116, #11530 ) ;
#6573 = AXIS2_PLACEMENT_3D ( 'NONE', #7141, #258, #956 ) ;
#6574 = VERTEX_POINT ( 'NONE', #10043 ) ;
#6575 = LINE ( 'NONE', #7589, #3965 ) ;
#6576 = LINE ( 'NONE', #11007, #8866 ) ;
#6577 = CARTESIAN_POINT ( 'NONE',  ( 2.035000000000001900, -0.3750000000000003300, 0.04999999999999709500 ) ) ;
#6578 = ORIENTED_EDGE ( 'NONE', *, *, #1413, .F. ) ;
#6579 = ORIENTED_EDGE ( 'NONE', *, *, #507, .T. ) ;
#6580 =( LENGTH_UNIT ( ) NAMED_UNIT ( * ) SI_UNIT ( .MILLI., .METRE. ) );
#6581 = CARTESIAN_POINT ( 'NONE',  ( -2.034999999999998800, -0.1500000000000003000, 0.1799999999999965800 ) ) ;
#6582 = DIRECTION ( 'NONE',  ( 0.0000000000000000000, -0.7071067811865439100, 0.7071067811865512400 ) ) ;
#6583 = VECTOR ( 'NONE', #5614, 1000.000000000000000 ) ;
#6584 = COLOUR_RGB ( '',0.8000000000000000400, 0.8078431372549019800, 0.8000000000000000400 ) ;
#6585 = MECHANICAL_DESIGN_GEOMETRIC_PRESENTATION_REPRESENTATION (  '', ( #4607 ), #7239 ) ;
#6586 = LINE ( 'NONE', #6813, #3348 ) ;
#6587 = SURFACE_STYLE_FILL_AREA ( #8166 ) ;
#6588 = FACE_OUTER_BOUND ( 'NONE', #11855, .T. ) ;
#6589 = ORIENTED_EDGE ( 'NONE', *, *, #9984, .F. ) ;
#6590 = PLANE ( 'NONE',  #11010 ) ;
#6591 = DIRECTION ( 'NONE',  ( 0.5773502691896289500, 0.5773502691896265100, -0.5773502691896219600 ) ) ;
#6592 = CARTESIAN_POINT ( 'NONE',  ( -1.050000000000000000, -1.100000000000000300, 0.6499999999999980200 ) ) ;
#6593 = ADVANCED_FACE ( 'NONE', ( #2480 ), #12099, .T. ) ;
#6594 = CARTESIAN_POINT ( 'NONE',  ( 0.4650000000000010200, 0.2499999999999996700, 0.1799999999999966600 ) ) ;
#6595 = LINE ( 'NONE', #3281, #6273 ) ;
#6596 = VECTOR ( 'NONE', #1765, 1000.000000000000000 ) ;
#6597 =( LENGTH_UNIT ( ) NAMED_UNIT ( * ) SI_UNIT ( .MILLI., .METRE. ) );
#6598 = AXIS2_PLACEMENT_3D ( 'NONE', #4657, #6634, #728 ) ;
#6599 =( NAMED_UNIT ( * ) SI_UNIT ( $, .STERADIAN. ) SOLID_ANGLE_UNIT ( ) );
#6600 = LINE ( 'NONE', #2398, #5947 ) ;
#6601 = ORIENTED_EDGE ( 'NONE', *, *, #4554, .T. ) ;
#6602 = FACE_OUTER_BOUND ( 'NONE', #1737, .T. ) ;
#6603 = VERTEX_POINT ( 'NONE', #4185 ) ;
#6604 = VERTEX_POINT ( 'NONE', #12145 ) ;
#6605 = PLANE ( 'NONE',  #3637 ) ;
#6606 = FILL_AREA_STYLE_COLOUR ( '', #9890 ) ;
#6607 = DIRECTION ( 'NONE',  ( 0.0000000000000000000, -1.000000000000000000, 0.0000000000000000000 ) ) ;
#6608 = DIRECTION ( 'NONE',  ( 1.000000000000000000, 0.0000000000000000000, -3.051828337366604500E-016 ) ) ;
#6609 = VERTEX_POINT ( 'NONE', #6160 ) ;
#6610 = ORIENTED_EDGE ( 'NONE', *, *, #10086, .F. ) ;
#6611 = ORIENTED_EDGE ( 'NONE', *, *, #1511, .T. ) ;
#6612 = AXIS2_PLACEMENT_3D ( 'NONE', #11436, #5511, #12446 ) ;
#6613 = LINE ( 'NONE', #3059, #11576 ) ;
#6614 = FILL_AREA_STYLE ('',( #5632 ) ) ;
#6615 = VECTOR ( 'NONE', #12849, 1000.000000000000000 ) ;
#6616 = VECTOR ( 'NONE', #6752, 1000.000000000000000 ) ;
#6617 = LINE ( 'NONE', #4630, #8914 ) ;
#6618 = EDGE_CURVE ( 'NONE', #1252, #3899, #4205, .T. ) ;
#6619 = ORIENTED_EDGE ( 'NONE', *, *, #5326, .T. ) ;
#6620 = ORIENTED_EDGE ( 'NONE', *, *, #7934, .F. ) ;
#6621 = LINE ( 'NONE', #4471, #1380 ) ;
#6622 = DIRECTION ( 'NONE',  ( -0.0000000000000000000, 1.000000000000000000, -0.0000000000000000000 ) ) ;
#6623 = CARTESIAN_POINT ( 'NONE',  ( 2.299999999999999800, 2.600000000000000100, 0.2999999999999976000 ) ) ;
#6624 = ORIENTED_EDGE ( 'NONE', *, *, #8489, .F. ) ;
#6625 = EDGE_LOOP ( 'NONE', ( #1552, #9214, #166, #10045 ) ) ;
#6626 = EDGE_CURVE ( 'NONE', #588, #6849, #11774, .T. ) ;
#6627 = FACE_OUTER_BOUND ( 'NONE', #11158, .T. ) ;
#6628 = CARTESIAN_POINT ( 'NONE',  ( -4.024999999999999500, 0.8499999999999996400, 1.749999999999996400 ) ) ;
#6629 = EDGE_CURVE ( 'NONE', #2336, #7146, #6808, .T. ) ;
#6630 = CARTESIAN_POINT ( 'NONE',  ( -4.625000000000000900, 1.700000000000000000, 2.400000000000000400 ) ) ;
#6631 = FACE_OUTER_BOUND ( 'NONE', #12577, .T. ) ;
#6632 = VECTOR ( 'NONE', #4356, 1000.000000000000000 ) ;
#6633 = MANIFOLD_SOLID_BREP ( 'MP1', #4000 ) ;
#6634 = DIRECTION ( 'NONE',  ( 0.0000000000000000000, -1.000000000000000000, 0.0000000000000000000 ) ) ;
#6635 = ORIENTED_EDGE ( 'NONE', *, *, #5699, .F. ) ;
#6636 = VECTOR ( 'NONE', #7467, 1000.000000000000000 ) ;
#6637 = FILL_AREA_STYLE_COLOUR ( '', #2030 ) ;
#6638 = EDGE_CURVE ( 'NONE', #3155, #3642, #2951, .T. ) ;
#6639 = COLOUR_RGB ( '',0.8000000000000000400, 0.8078431372549019800, 0.8000000000000000400 ) ;
#6640 =( GEOMETRIC_REPRESENTATION_CONTEXT ( 3 ) GLOBAL_UNCERTAINTY_ASSIGNED_CONTEXT ( ( #10578 ) ) GLOBAL_UNIT_ASSIGNED_CONTEXT ( ( #2288, #9196, #3309 ) ) REPRESENTATION_CONTEXT ( 'NONE', 'WORKASPACE' ) );
#6641 = CARTESIAN_POINT ( 'NONE',  ( -3.674999999999998500, 1.700000000000000200, 1.749999999999996400 ) ) ;
#6642 = DIRECTION ( 'NONE',  ( 0.1940285000290634100, 0.1455213750217966800, -0.9701425001453328800 ) ) ;
#6643 =( LENGTH_UNIT ( ) NAMED_UNIT ( * ) SI_UNIT ( .MILLI., .METRE. ) );
#6644 = SURFACE_STYLE_FILL_AREA ( #8320 ) ;
#6645 = PLANE ( 'NONE',  #2330 ) ;
#6646 = VERTEX_POINT ( 'NONE', #10183 ) ;
#6647 = FILL_AREA_STYLE_COLOUR ( '', #6508 ) ;
#6648 = EDGE_LOOP ( 'NONE', ( #494, #10466, #2976, #11858 ) ) ;
#6649 = AXIS2_PLACEMENT_3D ( 'NONE', #70, #6958, #1058 ) ;
#6650 = ORIENTED_EDGE ( 'NONE', *, *, #5861, .T. ) ;
#6651 = CARTESIAN_POINT ( 'NONE',  ( -2.034999999999998800, 0.2499999999999996700, 0.1799999999999966600 ) ) ;
#6652 = DIRECTION ( 'NONE',  ( 0.7071067811865491300, 0.0000000000000000000, 0.7071067811865459100 ) ) ;
#6653 = FILL_AREA_STYLE_COLOUR ( '', #5822 ) ;
#6654 = ADVANCED_FACE ( 'NONE', ( #1249 ), #12229, .T. ) ;
#6655 = AXIS2_PLACEMENT_3D ( 'NONE', #2608, #3645, #8111 ) ;
#6656 = VERTEX_POINT ( 'NONE', #5292 ) ;
#6657 =( NAMED_UNIT ( * ) SI_UNIT ( $, .STERADIAN. ) SOLID_ANGLE_UNIT ( ) );
#6658 = CARTESIAN_POINT ( 'NONE',  ( 2.650000000000000400, -1.100000000000000100, 3.249999999999995100 ) ) ;
#6659 = ORIENTED_EDGE ( 'NONE', *, *, #3330, .F. ) ;
#6660 = PRESENTATION_LAYER_ASSIGNMENT (  '', '', ( #5350 ) ) ;
#6661 = VERTEX_POINT ( 'NONE', #12270 ) ;
#6662 = DIRECTION ( 'NONE',  ( -0.0000000000000000000, 0.0000000000000000000, -1.000000000000000000 ) ) ;
#6663 = DIRECTION ( 'NONE',  ( -2.344220913482171700E-016, 1.000000000000000000, 0.0000000000000000000 ) ) ;
#6664 = ORIENTED_EDGE ( 'NONE', *, *, #2592, .F. ) ;
#6665 = FILL_AREA_STYLE_COLOUR ( '', #6472 ) ;
#6666 = PRODUCT_DEFINITION_SHAPE ( 'NONE', 'NONE',  #7784 ) ;
#6667 = ORIENTED_EDGE ( 'NONE', *, *, #11885, .T. ) ;
#6668 = VECTOR ( 'NONE', #11613, 1000.000000000000200 ) ;
#6669 = VERTEX_POINT ( 'NONE', #11249 ) ;
#6670 = AXIS2_PLACEMENT_3D ( 'NONE', #8212, #8249, #8301 ) ;
#6671 = CARTESIAN_POINT ( 'NONE',  ( 2.965000000000001600, -0.3750000000000001100, 1.749999999999996400 ) ) ;
#6672 = VERTEX_POINT ( 'NONE', #11206 ) ;
#6673 = PLANE ( 'NONE',  #8687 ) ;
#6674 = ORIENTED_EDGE ( 'NONE', *, *, #9819, .T. ) ;
#6675 = CARTESIAN_POINT ( 'NONE',  ( -2.964999999999998100, -0.3750000000000003300, 0.04999999999999709500 ) ) ;
#6676 = SURFACE_STYLE_USAGE ( .BOTH. , #12628 ) ;
#6677 = STYLED_ITEM ( 'NONE', ( #7546 ), #10339 ) ;
#6678 = ORIENTED_EDGE ( 'NONE', *, *, #1239, .T. ) ;
#6679 = VECTOR ( 'NONE', #5309, 1000.000000000000000 ) ;
#6680 = CARTESIAN_POINT ( 'NONE',  ( 2.699999999999999300, 2.600000000000000100, 0.6499999999999973600 ) ) ;
#6681 = SURFACE_STYLE_FILL_AREA ( #9781 ) ;
#6682 = VERTEX_POINT ( 'NONE', #6310 ) ;
#6683 = VECTOR ( 'NONE', #3218, 1000.000000000000000 ) ;
#6684 = ORIENTED_EDGE ( 'NONE', *, *, #11967, .F. ) ;
#6685 = CARTESIAN_POINT ( 'NONE',  ( -4.625000000000000900, 1.420000000000001300, 0.2999999999999999900 ) ) ;
#6686 =( GEOMETRIC_REPRESENTATION_CONTEXT ( 3 ) GLOBAL_UNCERTAINTY_ASSIGNED_CONTEXT ( ( #8524 ) ) GLOBAL_UNIT_ASSIGNED_CONTEXT ( ( #5611, #12549, #6599 ) ) REPRESENTATION_CONTEXT ( 'NONE', 'WORKASPACE' ) );
#6687 = DIRECTION ( 'NONE',  ( -1.000000000000000000, -0.0000000000000000000, -0.0000000000000000000 ) ) ;
#6688 =( NAMED_UNIT ( * ) PLANE_ANGLE_UNIT ( ) SI_UNIT ( $, .RADIAN. ) );
#6689 = PRESENTATION_LAYER_ASSIGNMENT (  '', '', ( #5374 ) ) ;
#6690 = DIRECTION ( 'NONE',  ( 0.0000000000000000000, -0.7071067811865512400, -0.7071067811865439100 ) ) ;
#6691 = ORIENTED_EDGE ( 'NONE', *, *, #10758, .F. ) ;
#6692 = ORIENTED_EDGE ( 'NONE', *, *, #1846, .F. ) ;
#6693 = EDGE_CURVE ( 'NONE', #4271, #5008, #6938, .T. ) ;
#6694 = ORIENTED_EDGE ( 'NONE', *, *, #10740, .T. ) ;
#6695 = VECTOR ( 'NONE', #9705, 1000.000000000000200 ) ;
#6696 = FACE_OUTER_BOUND ( 'NONE', #8467, .T. ) ;
#6697 = EDGE_CURVE ( 'NONE', #10626, #5806, #9560, .T. ) ;
#6698 = CARTESIAN_POINT ( 'NONE',  ( -2.700000000000000200, -1.100000000000000300, 0.6499999999999985800 ) ) ;
#6699 = ORIENTED_EDGE ( 'NONE', *, *, #10857, .T. ) ;
#6700 = CARTESIAN_POINT ( 'NONE',  ( 4.024999999999995900, 0.8499999999999996400, 1.749999999999996400 ) ) ;
#6701 = DIRECTION ( 'NONE',  ( -0.0000000000000000000, 1.000000000000000000, 0.0000000000000000000 ) ) ;
#6702 = ORIENTED_EDGE ( 'NONE', *, *, #11696, .F. ) ;
#6703 =( LENGTH_UNIT ( ) NAMED_UNIT ( * ) SI_UNIT ( .MILLI., .METRE. ) );
#6704 = EDGE_CURVE ( 'NONE', #12579, #6149, #12252, .T. ) ;
#6705 = VECTOR ( 'NONE', #8693, 1000.000000000000000 ) ;
#6706 = PRESENTATION_STYLE_ASSIGNMENT (( #11889 ) ) ;
#6707 = DIRECTION ( 'NONE',  ( 0.0000000000000000000, 1.141265444721583800E-016, -1.000000000000000000 ) ) ;
#6708 =( NAMED_UNIT ( * ) SI_UNIT ( $, .STERADIAN. ) SOLID_ANGLE_UNIT ( ) );
#6709 = EDGE_CURVE ( 'NONE', #5824, #6346, #4346, .T. ) ;
#6710 = SURFACE_SIDE_STYLE ('',( #8865 ) ) ;
#6711 = MECHANICAL_DESIGN_GEOMETRIC_PRESENTATION_REPRESENTATION (  '', ( #4730 ), #7365 ) ;
#6712 = DIRECTION ( 'NONE',  ( -0.0000000000000000000, -0.0000000000000000000, -1.000000000000000000 ) ) ;
#6713 = FILL_AREA_STYLE ('',( #5874 ) ) ;
#6714 = CARTESIAN_POINT ( 'NONE',  ( -0.4649999999999988600, 0.4249999999999998200, 3.999999999999993300 ) ) ;
#6715 = ADVANCED_FACE ( 'NONE', ( #11609 ), #6347, .T. ) ;
#6716 = CARTESIAN_POINT ( 'NONE',  ( 0.7850000000000010300, -0.1500000000000003000, 0.1799999999999965800 ) ) ;
#6717 = SURFACE_STYLE_FILL_AREA ( #2472 ) ;
#6718 = VECTOR ( 'NONE', #1563, 1000.000000000000000 ) ;
#6719 = VERTEX_POINT ( 'NONE', #10267 ) ;
#6720 = VERTEX_POINT ( 'NONE', #10901 ) ;
#6721 = DIRECTION ( 'NONE',  ( 2.344220913482171700E-016, -1.000000000000000000, 0.0000000000000000000 ) ) ;
#6722 = LINE ( 'NONE', #4414, #6065 ) ;
#6723 =( NAMED_UNIT ( * ) SI_UNIT ( $, .STERADIAN. ) SOLID_ANGLE_UNIT ( ) );
#6724 = STYLED_ITEM ( 'NONE', ( #12663 ), #11131 ) ;
#6725 = ORIENTED_EDGE ( 'NONE', *, *, #8183, .F. ) ;
#6726 = EDGE_CURVE ( 'NONE', #11235, #11352, #5713, .T. ) ;
#6727 = VERTEX_POINT ( 'NONE', #5955 ) ;
#6728 = FILL_AREA_STYLE_COLOUR ( '', #5516 ) ;
#6729 = CARTESIAN_POINT ( 'NONE',  ( 6.325000000000000200, 0.9000000000000008000, -5.421010862427522200E-017 ) ) ;
#6730 = LINE ( 'NONE', #6148, #11695 ) ;
#6731 = DIRECTION ( 'NONE',  ( -0.0000000000000000000, 0.7071067811865520100, 0.7071067811865431300 ) ) ;
#6732 = AXIS2_PLACEMENT_3D ( 'NONE', #4325, #1327, #1374 ) ;
#6733 = VECTOR ( 'NONE', #9885, 1000.000000000000000 ) ;
#6734 = LINE ( 'NONE', #608, #5785 ) ;
#6735 = CARTESIAN_POINT ( 'NONE',  ( -4.024999999999999500, 1.700000000000000200, 1.749999999999996400 ) ) ;
#6736 = ORIENTED_EDGE ( 'NONE', *, *, #1076, .F. ) ;
#6737 =( GEOMETRIC_REPRESENTATION_CONTEXT ( 3 ) GLOBAL_UNCERTAINTY_ASSIGNED_CONTEXT ( ( #11152 ) ) GLOBAL_UNIT_ASSIGNED_CONTEXT ( ( #7674, #1806, #8663 ) ) REPRESENTATION_CONTEXT ( 'NONE', 'WORKASPACE' ) );
#6738 = CARTESIAN_POINT ( 'NONE',  ( -1.714999999999999000, -0.1500000000000003000, 0.1799999999999965800 ) ) ;
#6739 = ORIENTED_EDGE ( 'NONE', *, *, #7913, .F. ) ;
#6740 = SURFACE_STYLE_FILL_AREA ( #12222 ) ;
#6741 = DIRECTION ( 'NONE',  ( 0.0000000000000000000, -1.000000000000000000, 0.0000000000000000000 ) ) ;
#6742 = CARTESIAN_POINT ( 'NONE',  ( 4.625000000000000900, 2.299999999999998900, 1.749999999999996400 ) ) ;
#6743 = EDGE_LOOP ( 'NONE', ( #9990, #10835, #2253, #1017, #11018 ) ) ;
#6744 = COLOUR_RGB ( '',0.8000000000000000400, 0.8078431372549019800, 0.8000000000000000400 ) ;
#6745 = FACE_OUTER_BOUND ( 'NONE', #10950, .T. ) ;
#6746 =( LENGTH_UNIT ( ) NAMED_UNIT ( * ) SI_UNIT ( .MILLI., .METRE. ) );
#6747 = ORIENTED_EDGE ( 'NONE', *, *, #2005, .F. ) ;
#6748 = ORIENTED_EDGE ( 'NONE', *, *, #10691, .F. ) ;
#6749 = CARTESIAN_POINT ( 'NONE',  ( -4.125000000000000000, 2.600000000000000100, 0.04999999999999980800 ) ) ;
#6750 = CARTESIAN_POINT ( 'NONE',  ( -0.4649999999999988600, -0.1500000000000003000, 0.1799999999999965800 ) ) ;
#6751 =( LENGTH_UNIT ( ) NAMED_UNIT ( * ) SI_UNIT ( .MILLI., .METRE. ) );
#6752 = DIRECTION ( 'NONE',  ( -1.000000000000000000, -0.0000000000000000000, -0.0000000000000000000 ) ) ;
#6753 = VERTEX_POINT ( 'NONE', #11932 ) ;
#6754 = VECTOR ( 'NONE', #10148, 1000.000000000000000 ) ;
#6755 = PRESENTATION_LAYER_ASSIGNMENT (  '', '', ( #5431 ) ) ;
#6756 = DIRECTION ( 'NONE',  ( 0.0000000000000000000, -0.7071067811865441300, 0.7071067811865510100 ) ) ;
#6757 = CARTESIAN_POINT ( 'NONE',  ( 2.035000000000001000, -0.6250000000000003300, 0.6499999999999964700 ) ) ;
#6758 = SURFACE_STYLE_FILL_AREA ( #9891 ) ;
#6759 = CARTESIAN_POINT ( 'NONE',  ( 2.035000000000001000, 2.200000000000004200, 0.2999999999999988800 ) ) ;
#6760 = DIRECTION ( 'NONE',  ( -0.0000000000000000000, 1.000000000000000000, -0.0000000000000000000 ) ) ;
#6761 = ORIENTED_EDGE ( 'NONE', *, *, #6937, .F. ) ;
#6762 = AXIS2_PLACEMENT_3D ( 'NONE', #1495, #8363, #2475 ) ;
#6763 = DIRECTION ( 'NONE',  ( 0.0000000000000000000, -1.000000000000000000, -2.032879073410321300E-016 ) ) ;
#6764 = VECTOR ( 'NONE', #908, 1000.000000000000000 ) ;
#6765 = VECTOR ( 'NONE', #4970, 1000.000000000000000 ) ;
#6766 = ORIENTED_EDGE ( 'NONE', *, *, #6704, .T. ) ;
#6767 = ORIENTED_EDGE ( 'NONE', *, *, #11353, .F. ) ;
#6768 = VECTOR ( 'NONE', #7615, 1000.000000000000000 ) ;
#6769 = CARTESIAN_POINT ( 'NONE',  ( -4.625000000000000900, -1.100000000000000300, 0.04999999999999996800 ) ) ;
#6770 = ORIENTED_EDGE ( 'NONE', *, *, #3644, .T. ) ;
#6771 = ORIENTED_EDGE ( 'NONE', *, *, #2236, .F. ) ;
#6772 = FILL_AREA_STYLE ('',( #4788 ) ) ;
#6773 = CARTESIAN_POINT ( 'NONE',  ( -1.714999999999999000, -0.1500000000000003300, 0.2999999999999965500 ) ) ;
#6774 = SURFACE_SIDE_STYLE ('',( #1204 ) ) ;
#6775 = CARTESIAN_POINT ( 'NONE',  ( 5.645000000000000500, 1.100000000000000100, 1.276000000000000000 ) ) ;
#6776 = EDGE_CURVE ( 'NONE', #2035, #3605, #479, .T. ) ;
#6777 = LINE ( 'NONE', #3663, #11747 ) ;
#6778 = CARTESIAN_POINT ( 'NONE',  ( -0.4649999999999988600, -0.1500000000000003000, 0.1799999999999965800 ) ) ;
#6779 = UNCERTAINTY_MEASURE_WITH_UNIT (LENGTH_MEASURE( 1.000000000000000100E-005 ), #1718, 'distance_accuracy_value', 'NONE');
#6780 = VERTEX_POINT ( 'NONE', #2054 ) ;
#6781 = FACE_OUTER_BOUND ( 'NONE', #9356, .T. ) ;
#6782 = VECTOR ( 'NONE', #7629, 1000.000000000000000 ) ;
#6783 =( GEOMETRIC_REPRESENTATION_CONTEXT ( 3 ) GLOBAL_UNCERTAINTY_ASSIGNED_CONTEXT ( ( #5755 ) ) GLOBAL_UNIT_ASSIGNED_CONTEXT ( ( #5101, #12047, #6061 ) ) REPRESENTATION_CONTEXT ( 'NONE', 'WORKASPACE' ) );
#6784 = ADVANCED_FACE ( 'NONE', ( #5411 ), #8939, .T. ) ;
#6785 = VERTEX_POINT ( 'NONE', #4980 ) ;
#6786 = EDGE_CURVE ( 'NONE', #7026, #9965, #10652, .T. ) ;
#6787 = LINE ( 'NONE', #1799, #4182 ) ;
#6788 = FILL_AREA_STYLE ('',( #8152 ) ) ;
#6789 = DIRECTION ( 'NONE',  ( -0.0000000000000000000, -1.000000000000000000, -0.0000000000000000000 ) ) ;
#6790 = EDGE_CURVE ( 'NONE', #11844, #7603, #10337, .T. ) ;
#6791 = CARTESIAN_POINT ( 'NONE',  ( 4.024999999999995900, -0.6999999999999988500, 4.399999999999994100 ) ) ;
#6792 = CARTESIAN_POINT ( 'NONE',  ( 2.349999999999999200, 3.673118842698620300, 3.249999999999995100 ) ) ;
#6793 = DIRECTION ( 'NONE',  ( 0.0000000000000000000, -1.000000000000000000, 0.0000000000000000000 ) ) ;
#6794 = VECTOR ( 'NONE', #1439, 1000.000000000000000 ) ;
#6795 = CARTESIAN_POINT ( 'NONE',  ( 3.285000000000001500, 3.100000000000000100, 0.3499999999999989800 ) ) ;
#6796 = EDGE_CURVE ( 'NONE', #3096, #1252, #5092, .T. ) ;
#6797 = ORIENTED_EDGE ( 'NONE', *, *, #6350, .T. ) ;
#6798 = FACE_OUTER_BOUND ( 'NONE', #10610, .T. ) ;
#6799 = MECHANICAL_DESIGN_GEOMETRIC_PRESENTATION_REPRESENTATION (  '', ( #5480 ), #7444 ) ;
#6800 = SURFACE_SIDE_STYLE ('',( #5524 ) ) ;
#6801 = FILL_AREA_STYLE_COLOUR ( '', #9729 ) ;
#6802 = FACE_OUTER_BOUND ( 'NONE', #6329, .T. ) ;
#6803 = CARTESIAN_POINT ( 'NONE',  ( -5.645000000000000500, 1.200000000000000000, 1.529999999999999800 ) ) ;
#6804 = EDGE_CURVE ( 'NONE', #2769, #481, #155, .T. ) ;
#6805 = CARTESIAN_POINT ( 'NONE',  ( 3.285000000000001500, 0.0000000000000000000, 0.0000000000000000000 ) ) ;
#6806 = ORIENTED_EDGE ( 'NONE', *, *, #7286, .T. ) ;
#6807 = CARTESIAN_POINT ( 'NONE',  ( 0.4650000000000010200, 3.000000000000000000, 0.4499999999999998400 ) ) ;
#6808 = LINE ( 'NONE', #11073, #3884 ) ;
#6809 = EDGE_CURVE ( 'NONE', #8146, #11636, #2790, .T. ) ;
#6810 = ORIENTED_EDGE ( 'NONE', *, *, #3936, .T. ) ;
#6811 = ORIENTED_EDGE ( 'NONE', *, *, #9194, .T. ) ;
#6812 = VECTOR ( 'NONE', #5029, 1000.000000000000000 ) ;
#6813 = CARTESIAN_POINT ( 'NONE',  ( -5.099000000000000200, 1.200000000000000000, 1.275999999999999600 ) ) ;
#6814 = DIRECTION ( 'NONE',  ( -1.000000000000000000, 0.0000000000000000000, -2.304851557154561000E-017 ) ) ;
#6815 = SURFACE_SIDE_STYLE ('',( #599 ) ) ;
#6816 = CARTESIAN_POINT ( 'NONE',  ( -0.7849999999999988100, 7.400697423109247700E-017, 0.6499999999999980200 ) ) ;
#6817 = ORIENTED_EDGE ( 'NONE', *, *, #2842, .T. ) ;
#6818 = CARTESIAN_POINT ( 'NONE',  ( -1.714999999999999000, -0.1500000000000003000, 0.1799999999999965800 ) ) ;
#6819 = VERTEX_POINT ( 'NONE', #5076 ) ;
#6820 = ORIENTED_EDGE ( 'NONE', *, *, #1926, .T. ) ;
#6821 =( NAMED_UNIT ( * ) SI_UNIT ( $, .STERADIAN. ) SOLID_ANGLE_UNIT ( ) );
#6822 = LINE ( 'NONE', #3686, #12115 ) ;
#6823 = ORIENTED_EDGE ( 'NONE', *, *, #7769, .T. ) ;
#6824 = UNCERTAINTY_MEASURE_WITH_UNIT (LENGTH_MEASURE( 1.000000000000000100E-005 ), #629, 'distance_accuracy_value', 'NONE');
#6825 = LINE ( 'NONE', #7818, #4531 ) ;
#6826 =( GEOMETRIC_REPRESENTATION_CONTEXT ( 3 ) GLOBAL_UNCERTAINTY_ASSIGNED_CONTEXT ( ( #6046 ) ) GLOBAL_UNIT_ASSIGNED_CONTEXT ( ( #10304, #4422, #11326 ) ) REPRESENTATION_CONTEXT ( 'NONE', 'WORKASPACE' ) );
#6827 = ORIENTED_EDGE ( 'NONE', *, *, #9508, .F. ) ;
#6828 = FACE_OUTER_BOUND ( 'NONE', #5047, .T. ) ;
#6829 = SURFACE_SIDE_STYLE ('',( #11346 ) ) ;
#6830 = EDGE_LOOP ( 'NONE', ( #7218, #443, #6159, #239 ) ) ;
#6831 = CARTESIAN_POINT ( 'NONE',  ( 2.299999999999999800, 2.600000000000000100, 0.6499999999999975800 ) ) ;
#6832 = LINE ( 'NONE', #1393, #9447 ) ;
#6833 =( NAMED_UNIT ( * ) SI_UNIT ( $, .STERADIAN. ) SOLID_ANGLE_UNIT ( ) );
#6834 = FILL_AREA_STYLE ('',( #11783 ) ) ;
#6835 = ORIENTED_EDGE ( 'NONE', *, *, #9808, .F. ) ;
#6836 = STYLED_ITEM ( 'NONE', ( #8432 ), #2116 ) ;
#6837 = FILL_AREA_STYLE ('',( #7072 ) ) ;
#6838 = CARTESIAN_POINT ( 'NONE',  ( -1.814999999999998600, -0.3750000000000005600, 3.999999999999993300 ) ) ;
#6839 = SURFACE_STYLE_USAGE ( .BOTH. , #12798 ) ;
#6840 = EDGE_LOOP ( 'NONE', ( #12159, #6293, #4206, #1019 ) ) ;
#6841 = LINE ( 'NONE', #2063, #9146 ) ;
#6842 =( NAMED_UNIT ( * ) PLANE_ANGLE_UNIT ( ) SI_UNIT ( $, .RADIAN. ) );
#6843 = DIRECTION ( 'NONE',  ( 0.0000000000000000000, -2.258754526011467700E-016, 1.000000000000000000 ) ) ;
#6844 = FACE_OUTER_BOUND ( 'NONE', #1664, .T. ) ;
#6845 = ADVANCED_FACE ( 'NONE', ( #7395 ), #3149, .F. ) ;
#6846 = CARTESIAN_POINT ( 'NONE',  ( -3.284999999999998800, 3.100000000000000100, 0.3499999999999989800 ) ) ;
#6847 = ORIENTED_EDGE ( 'NONE', *, *, #516, .T. ) ;
#6848 = ORIENTED_EDGE ( 'NONE', *, *, #9999, .T. ) ;
#6849 = VERTEX_POINT ( 'NONE', #3191 ) ;
#6850 = ORIENTED_EDGE ( 'NONE', *, *, #7513, .F. ) ;
#6851 = CARTESIAN_POINT ( 'NONE',  ( -4.624999999999999100, 1.700000000000000000, 3.699999999999996600 ) ) ;
#6852 = CARTESIAN_POINT ( 'NONE',  ( -0.4649999999999988600, -0.6250000000000003300, 0.2999999999999964900 ) ) ;
#6853 = ORIENTED_EDGE ( 'NONE', *, *, #6373, .F. ) ;
#6854 = STYLED_ITEM ( 'NONE', ( #4841 ), #4925 ) ;
#6855 = DIRECTION ( 'NONE',  ( 0.0000000000000000000, 1.167602339599771500E-015, -1.000000000000000000 ) ) ;
#6856 = CARTESIAN_POINT ( 'NONE',  ( 5.149000000000000900, 1.100000000000000100, -2.710505431213761100E-017 ) ) ;
#6857 =( NAMED_UNIT ( * ) PLANE_ANGLE_UNIT ( ) SI_UNIT ( $, .RADIAN. ) );
#6858 = EDGE_CURVE ( 'NONE', #9172, #10613, #1235, .T. ) ;
#6859 = PRESENTATION_LAYER_ASSIGNMENT (  '', '', ( #5550 ) ) ;
#6860 = FACE_OUTER_BOUND ( 'NONE', #8319, .T. ) ;
#6861 = ADVANCED_FACE ( 'NONE', ( #6147 ), #9072, .T. ) ;
#6862 = ORIENTED_EDGE ( 'NONE', *, *, #3479, .T. ) ;
#6863 = LINE ( 'NONE', #11490, #4258 ) ;
#6864 = EDGE_CURVE ( 'NONE', #5008, #9216, #11447, .T. ) ;
#6865 = DIRECTION ( 'NONE',  ( 0.0000000000000000000, 0.0000000000000000000, 1.000000000000000000 ) ) ;
#6866 = CARTESIAN_POINT ( 'NONE',  ( 5.645000000000000500, 1.100000000000000100, 1.529999999999999800 ) ) ;
#6867 = ORIENTED_EDGE ( 'NONE', *, *, #4085, .F. ) ;
#6868 = EDGE_CURVE ( 'NONE', #12842, #1852, #3873, .T. ) ;
#6869 = DIRECTION ( 'NONE',  ( 2.344220913482171700E-016, -1.000000000000000000, 0.0000000000000000000 ) ) ;
#6870 = VECTOR ( 'NONE', #3468, 1000.000000000000000 ) ;
#6871 = PRESENTATION_STYLE_ASSIGNMENT (( #12186 ) ) ;
#6872 = VECTOR ( 'NONE', #5171, 1000.000000000000000 ) ;
#6873 = FACE_OUTER_BOUND ( 'NONE', #10227, .T. ) ;
#6874 = EDGE_CURVE ( 'NONE', #5426, #10341, #925, .T. ) ;
#6875 = UNCERTAINTY_MEASURE_WITH_UNIT (LENGTH_MEASURE( 1.000000000000000100E-005 ), #10397, 'distance_accuracy_value', 'NONE');
#6876 = ORIENTED_EDGE ( 'NONE', *, *, #5856, .T. ) ;
#6877 = DIRECTION ( 'NONE',  ( 0.0000000000000000000, 1.000000000000000000, 0.0000000000000000000 ) ) ;
#6878 = EDGE_CURVE ( 'NONE', #7101, #7680, #3568, .T. ) ;
#6879 = CARTESIAN_POINT ( 'NONE',  ( 0.1999999999999987900, 2.600000000000000100, 0.6499999999999978000 ) ) ;
#6880 = CARTESIAN_POINT ( 'NONE',  ( 4.024999999999995900, 0.8499999999999996400, 1.749999999999996400 ) ) ;
#6881 =( NAMED_UNIT ( * ) SI_UNIT ( $, .STERADIAN. ) SOLID_ANGLE_UNIT ( ) );
#6882 = CARTESIAN_POINT ( 'NONE',  ( 3.285000000000001500, 0.4249999999999998200, 0.6499999999999964700 ) ) ;
#6883 = DIRECTION ( 'NONE',  ( 0.0000000000000000000, 0.0000000000000000000, -1.000000000000000000 ) ) ;
#6884 = LINE ( 'NONE', #5691, #4587 ) ;
#6885 = LINE ( 'NONE', #10681, #12183 ) ;
#6886 = PRESENTATION_LAYER_ASSIGNMENT (  '', '', ( #5579 ) ) ;
#6887 = LINE ( 'NONE', #2431, #12185 ) ;
#6888 = EDGE_CURVE ( 'NONE', #11124, #3889, #3260, .T. ) ;
#6889 = CARTESIAN_POINT ( 'NONE',  ( -1.714999999999999000, 2.200000000000004200, 0.2999999999999988800 ) ) ;
#6890 = ORIENTED_EDGE ( 'NONE', *, *, #7091, .F. ) ;
#6891 = EDGE_LOOP ( 'NONE', ( #9282, #8553, #2989, #11968 ) ) ;
#6892 = DIRECTION ( 'NONE',  ( 0.5773502691896272900, -0.5773502691896227300, -0.5773502691896275100 ) ) ;
#6893 = PRESENTATION_STYLE_ASSIGNMENT (( #235 ) ) ;
#6894 = AXIS2_PLACEMENT_3D ( 'NONE', #5375, #12315, #6348 ) ;
#6895 = PLANE ( 'NONE',  #6670 ) ;
#6896 = CARTESIAN_POINT ( 'NONE',  ( 1.715000000000001200, 3.000000000000000000, 0.4499999999999998400 ) ) ;
#6897 = LINE ( 'NONE', #12148, #1672 ) ;
#6898 = ORIENTED_EDGE ( 'NONE', *, *, #4811, .T. ) ;
#6899 = ADVANCED_FACE ( 'NONE', ( #5563 ), #8114, .T. ) ;
#6900 = DIRECTION ( 'NONE',  ( -0.7071067811865459100, 0.0000000000000000000, 0.7071067811865491300 ) ) ;
#6901 = VERTEX_POINT ( 'NONE', #2251 ) ;
#6902 = FACE_OUTER_BOUND ( 'NONE', #9505, .T. ) ;
#6903 =( GEOMETRIC_REPRESENTATION_CONTEXT ( 3 ) GLOBAL_UNCERTAINTY_ASSIGNED_CONTEXT ( ( #12213 ) ) GLOBAL_UNIT_ASSIGNED_CONTEXT ( ( #6188, #6465, #6505 ) ) REPRESENTATION_CONTEXT ( 'NONE', 'WORKASPACE' ) );
#6904 = ORIENTED_EDGE ( 'NONE', *, *, #11784, .F. ) ;
#6905 = ORIENTED_EDGE ( 'NONE', *, *, #1675, .T. ) ;
#6906 = SURFACE_STYLE_FILL_AREA ( #10742 ) ;
#6907 =( NAMED_UNIT ( * ) SI_UNIT ( $, .STERADIAN. ) SOLID_ANGLE_UNIT ( ) );
#6908 = ORIENTED_EDGE ( 'NONE', *, *, #11266, .F. ) ;
#6909 = ORIENTED_EDGE ( 'NONE', *, *, #8337, .F. ) ;
#6910 = AXIS2_PLACEMENT_3D ( 'NONE', #6792, #7745, #1880 ) ;
#6911 = LINE ( 'NONE', #4494, #12215 ) ;
#6912 = FACE_OUTER_BOUND ( 'NONE', #7280, .T. ) ;
#6913 = CARTESIAN_POINT ( 'NONE',  ( -0.4649999999999988600, -0.1500000000000003300, 0.2999999999999965500 ) ) ;
#6914 = CARTESIAN_POINT ( 'NONE',  ( -4.624999999999999100, 2.600000000000000100, 1.749999999999996400 ) ) ;
#6915 = CARTESIAN_POINT ( 'NONE',  ( -2.034999999999998800, -0.3750000000000001100, 1.749999999999996400 ) ) ;
#6916 = ORIENTED_EDGE ( 'NONE', *, *, #10530, .F. ) ;
#6917 =( NAMED_UNIT ( * ) SI_UNIT ( $, .STERADIAN. ) SOLID_ANGLE_UNIT ( ) );
#6918 = ADVANCED_FACE ( 'NONE', ( #9850 ), #2300, .T. ) ;
#6919 = ORIENTED_EDGE ( 'NONE', *, *, #3175, .T. ) ;
#6920 = ORIENTED_EDGE ( 'NONE', *, *, #11952, .T. ) ;
#6921 = DIRECTION ( 'NONE',  ( 0.0000000000000000000, -1.000000000000000000, 1.204669080539448600E-016 ) ) ;
#6922 = CARTESIAN_POINT ( 'NONE',  ( 5.149000000000000900, 1.100000000000000100, 0.2540000000000000000 ) ) ;
#6923 = PRESENTATION_LAYER_ASSIGNMENT (  '', '', ( #5621 ) ) ;
#6924 = SURFACE_STYLE_FILL_AREA ( #47 ) ;
#6925 = UNCERTAINTY_MEASURE_WITH_UNIT (LENGTH_MEASURE( 1.000000000000000100E-005 ), #11528, 'distance_accuracy_value', 'NONE');
#6926 = VECTOR ( 'NONE', #7454, 1000.000000000000000 ) ;
#6927 = PLANE ( 'NONE',  #6001 ) ;
#6928 = FILL_AREA_STYLE_COLOUR ( '', #11478 ) ;
#6929 = EDGE_CURVE ( 'NONE', #5825, #1628, #4637, .T. ) ;
#6930 = VECTOR ( 'NONE', #6264, 1000.000000000000000 ) ;
#6931 = ORIENTED_EDGE ( 'NONE', *, *, #2308, .T. ) ;
#6932 = LINE ( 'NONE', #12445, #6636 ) ;
#6933 = EDGE_CURVE ( 'NONE', #8034, #4611, #12241, .T. ) ;
#6934 = DIRECTION ( 'NONE',  ( 0.0000000000000000000, -1.294569758191648900E-016, 1.000000000000000000 ) ) ;
#6935 = LINE ( 'NONE', #4914, #12247 ) ;
#6936 =( LENGTH_UNIT ( ) NAMED_UNIT ( * ) SI_UNIT ( .MILLI., .METRE. ) );
#6937 = EDGE_CURVE ( 'NONE', #1600, #12567, #9551, .T. ) ;
#6938 = LINE ( 'NONE', #410, #2015 ) ;
#6939 = ADVANCED_BREP_SHAPE_REPRESENTATION ( '533980671', ( #9480, #10579, #7863, #2346, #7697, #5604, #8922, #6633, #8577, #7142 ), #1196 ) ;
#6940 = VERTEX_POINT ( 'NONE', #12235 ) ;
#6941 = EDGE_LOOP ( 'NONE', ( #915, #12113, #11254, #11146 ) ) ;
#6942 = FILL_AREA_STYLE ('',( #5938 ) ) ;
#6943 = EDGE_CURVE ( 'NONE', #1153, #8805, #4336, .T. ) ;
#6944 = CARTESIAN_POINT ( 'NONE',  ( 2.035000000000001000, 0.2499999999999996700, 0.1799999999999966600 ) ) ;
#6945 = DIRECTION ( 'NONE',  ( 1.000000000000000000, 0.0000000000000000000, -3.252606517456510300E-016 ) ) ;
#6946 = AXIS2_PLACEMENT_3D ( 'NONE', #3347, #10224, #4350 ) ;
#6947 = DIRECTION ( 'NONE',  ( 1.000000000000000000, 0.0000000000000000000, 1.875376730785737500E-016 ) ) ;
#6948 = EDGE_CURVE ( 'NONE', #736, #10070, #11923, .T. ) ;
#6949 = SURFACE_STYLE_FILL_AREA ( #1095 ) ;
#6950 = ORIENTED_EDGE ( 'NONE', *, *, #2904, .T. ) ;
#6951 = PRESENTATION_LAYER_ASSIGNMENT (  '', '', ( #5649 ) ) ;
#6952 = DIRECTION ( 'NONE',  ( 0.5773502691896241800, 0.5773502691896287300, 0.5773502691896242900 ) ) ;
#6953 =( NAMED_UNIT ( * ) SI_UNIT ( $, .STERADIAN. ) SOLID_ANGLE_UNIT ( ) );
#6954 = ORIENTED_EDGE ( 'NONE', *, *, #9010, .T. ) ;
#6955 = SURFACE_STYLE_FILL_AREA ( #7638 ) ;
#6956 = CARTESIAN_POINT ( 'NONE',  ( 1.715000000000001200, 0.2499999999999996700, 0.2999999999999966000 ) ) ;
#6957 = EDGE_CURVE ( 'NONE', #12568, #3546, #7244, .T. ) ;
#6958 = DIRECTION ( 'NONE',  ( -0.0000000000000000000, 1.000000000000000000, 0.0000000000000000000 ) ) ;
#6959 = CARTESIAN_POINT ( 'NONE',  ( -5.645000000000000500, 1.100000000000000100, 1.529999999999999800 ) ) ;
#6960 = ADVANCED_FACE ( 'NONE', ( #6318 ), #7299, .T. ) ;
#6961 = DIRECTION ( 'NONE',  ( -1.000000000000000000, -0.0000000000000000000, 0.0000000000000000000 ) ) ;
#6962 = EDGE_CURVE ( 'NONE', #5492, #8360, #3714, .T. ) ;
#6963 = ORIENTED_EDGE ( 'NONE', *, *, #12463, .T. ) ;
#6964 = CIRCLE ( 'NONE', #11693, 0.04999999999999969700 ) ;
#6965 = EDGE_LOOP ( 'NONE', ( #6736, #3285, #8602, #484 ) ) ;
#6966 = AXIS2_PLACEMENT_3D ( 'NONE', #475, #7354, #1460 ) ;
#6967 = ORIENTED_EDGE ( 'NONE', *, *, #5943, .F. ) ;
#6968 = DIRECTION ( 'NONE',  ( 1.000000000000000000, 0.0000000000000000000, 0.0000000000000000000 ) ) ;
#6969 = DIRECTION ( 'NONE',  ( -1.000000000000000000, -0.0000000000000000000, 3.047487187526822800E-016 ) ) ;
#6970 = PRESENTATION_LAYER_ASSIGNMENT (  '', '', ( #5666 ) ) ;
#6971 = ORIENTED_EDGE ( 'NONE', *, *, #4971, .F. ) ;
#6972 = DIRECTION ( 'NONE',  ( 0.0000000000000000000, 0.0000000000000000000, -1.000000000000000000 ) ) ;
#6973 = ORIENTED_EDGE ( 'NONE', *, *, #160, .T. ) ;
#6974 = VECTOR ( 'NONE', #337, 1000.000000000000000 ) ;
#6975 = CARTESIAN_POINT ( 'NONE',  ( -1.714999999999999000, 2.549999999999999800, 0.4499999999999999000 ) ) ;
#6976 = VECTOR ( 'NONE', #1879, 1000.000000000000000 ) ;
#6977 = ORIENTED_EDGE ( 'NONE', *, *, #9321, .F. ) ;
#6978 = LINE ( 'NONE', #3176, #4391 ) ;
#6979 = VERTEX_POINT ( 'NONE', #10461 ) ;
#6980 = ADVANCED_FACE ( 'NONE', ( #1388 ), #4567, .F. ) ;
#6981 = AXIS2_PLACEMENT_3D ( 'NONE', #11665, #5723, #12676 ) ;
#6982 = CARTESIAN_POINT ( 'NONE',  ( -4.324999999999999300, 0.09999999999999982500, 1.749999999999996400 ) ) ;
#6983 = ORIENTED_EDGE ( 'NONE', *, *, #9200, .F. ) ;
#6984 = DIRECTION ( 'NONE',  ( 0.0000000000000000000, 0.0000000000000000000, 1.000000000000000000 ) ) ;
#6985 = DIRECTION ( 'NONE',  ( -1.000000000000000000, -0.0000000000000000000, -0.0000000000000000000 ) ) ;
#6986 = DIRECTION ( 'NONE',  ( 1.000000000000000000, 0.0000000000000000000, 0.0000000000000000000 ) ) ;
#6987 = CARTESIAN_POINT ( 'NONE',  ( -5.149000000000000900, 1.100000000000000100, 0.3039999999999999400 ) ) ;
#6988 = SURFACE_STYLE_FILL_AREA ( #9124 ) ;
#6989 =( GEOMETRIC_REPRESENTATION_CONTEXT ( 3 ) GLOBAL_UNCERTAINTY_ASSIGNED_CONTEXT ( ( #9790 ) ) GLOBAL_UNIT_ASSIGNED_CONTEXT ( ( #189, #102, #27 ) ) REPRESENTATION_CONTEXT ( 'NONE', 'WORKASPACE' ) );
#6990 = PLANE ( 'NONE',  #8499 ) ;
#6991 = SURFACE_STYLE_USAGE ( .BOTH. , #104 ) ;
#6992 = DIRECTION ( 'NONE',  ( 0.0000000000000000000, -1.000000000000000000, -1.167602339599771500E-015 ) ) ;
#6993 = ORIENTED_EDGE ( 'NONE', *, *, #10, .T. ) ;
#6994 = CARTESIAN_POINT ( 'NONE',  ( 5.099000000000001100, -1.100000000000000100, 0.3039999999999999400 ) ) ;
#6995 = FACE_OUTER_BOUND ( 'NONE', #1116, .T. ) ;
#6996 = VECTOR ( 'NONE', #9794, 1000.000000000000000 ) ;
#6997 = ORIENTED_EDGE ( 'NONE', *, *, #11205, .T. ) ;
#6998 = PLANE ( 'NONE',  #2118 ) ;
#6999 = CARTESIAN_POINT ( 'NONE',  ( 0.4650000000000010200, 3.000000000000000000, 0.4499999999999998400 ) ) ;
#7000 = EDGE_CURVE ( 'NONE', #2766, #3488, #1070, .T. ) ;
#7001 = SURFACE_STYLE_USAGE ( .BOTH. , #117 ) ;
#7002 = CARTESIAN_POINT ( 'NONE',  ( -3.284999999999998800, 0.4249999999999998200, 3.499999999999981300 ) ) ;
#7003 = UNCERTAINTY_MEASURE_WITH_UNIT (LENGTH_MEASURE( 1.000000000000000100E-005 ), #5110, 'distance_accuracy_value', 'NONE');
#7004 =( GEOMETRIC_REPRESENTATION_CONTEXT ( 3 ) GLOBAL_UNCERTAINTY_ASSIGNED_CONTEXT ( ( #5815 ) ) GLOBAL_UNIT_ASSIGNED_CONTEXT ( ( #1918, #8791, #2913 ) ) REPRESENTATION_CONTEXT ( 'NONE', 'WORKASPACE' ) );
#7005 = CARTESIAN_POINT ( 'NONE',  ( -1.714999999999999000, 2.200000000000004200, 0.2999999999999988800 ) ) ;
#7006 = LINE ( 'NONE', #3440, #1788 ) ;
#7007 = DIRECTION ( 'NONE',  ( 3.971436529250929000E-016, 0.0000000000000000000, 1.000000000000000000 ) ) ;
#7008 = LINE ( 'NONE', #4499, #12326 ) ;
#7009 = EDGE_LOOP ( 'NONE', ( #4134, #4816, #7246, #4200 ) ) ;
#7010 = VECTOR ( 'NONE', #4283, 1000.000000000000000 ) ;
#7011 = ORIENTED_EDGE ( 'NONE', *, *, #11094, .T. ) ;
#7012 =( NAMED_UNIT ( * ) SI_UNIT ( $, .STERADIAN. ) SOLID_ANGLE_UNIT ( ) );
#7013 =( NAMED_UNIT ( * ) SI_UNIT ( $, .STERADIAN. ) SOLID_ANGLE_UNIT ( ) );
#7014 = ORIENTED_EDGE ( 'NONE', *, *, #10925, .T. ) ;
#7015 = EDGE_CURVE ( 'NONE', #6063, #12195, #10323, .T. ) ;
#7016 = AXIS2_PLACEMENT_3D ( 'NONE', #5520, #606, #7474 ) ;
#7017 = ADVANCED_FACE ( 'NONE', ( #12695 ), #8537, .T. ) ;
#7018 = VECTOR ( 'NONE', #224, 1000.000000000000000 ) ;
#7019 = EDGE_CURVE ( 'NONE', #11531, #10848, #11754, .T. ) ;
#7020 = COLOUR_RGB ( '',0.8000000000000000400, 0.8078431372549019800, 0.8000000000000000400 ) ;
#7021 = VECTOR ( 'NONE', #2022, 1000.000000000000000 ) ;
#7022 = VERTEX_POINT ( 'NONE', #2701 ) ;
#7023 = LINE ( 'NONE', #11226, #9341 ) ;
#7024 = PRESENTATION_STYLE_ASSIGNMENT (( #52 ) ) ;
#7025 = CARTESIAN_POINT ( 'NONE',  ( -5.319000000000001700, -1.100000000000000100, 0.3000000000000002100 ) ) ;
#7026 = VERTEX_POINT ( 'NONE', #9582 ) ;
#7027 = CARTESIAN_POINT ( 'NONE',  ( -4.125000000000000000, 2.600000000000000100, 0.04999999999999980800 ) ) ;
#7028 = EDGE_CURVE ( 'NONE', #3799, #110, #3859, .T. ) ;
#7029 = DIRECTION ( 'NONE',  ( 1.000000000000000000, 0.0000000000000000000, 0.0000000000000000000 ) ) ;
#7030 = LINE ( 'NONE', #9195, #9347 ) ;
#7031 = PRESENTATION_STYLE_ASSIGNMENT (( #4615 ) ) ;
#7032 = EDGE_CURVE ( 'NONE', #705, #5248, #9085, .T. ) ;
#7033 = CARTESIAN_POINT ( 'NONE',  ( 5.149000000000000900, -1.100000000000000100, 0.2540000000000000000 ) ) ;
#7034 = DIRECTION ( 'NONE',  ( -1.000000000000000000, -0.0000000000000000000, -0.0000000000000000000 ) ) ;
#7035 = LINE ( 'NONE', #10202, #8108 ) ;
#7036 = PRESENTATION_LAYER_ASSIGNMENT (  '', '', ( #5730 ) ) ;
#7037 = LINE ( 'NONE', #4191, #12034 ) ;
#7038 = CARTESIAN_POINT ( 'NONE',  ( -2.964999999999999000, -0.1500000000000003000, 0.1799999999999965800 ) ) ;
#7039 = EDGE_LOOP ( 'NONE', ( #8827, #4865, #3875, #9659 ) ) ;
#7040 = DIRECTION ( 'NONE',  ( 0.0000000000000000000, 0.0000000000000000000, 1.000000000000000000 ) ) ;
#7041 =( NAMED_UNIT ( * ) SI_UNIT ( $, .STERADIAN. ) SOLID_ANGLE_UNIT ( ) );
#7042 = ORIENTED_EDGE ( 'NONE', *, *, #619, .T. ) ;
#7043 = ADVANCED_FACE ( 'NONE', ( #1550 ), #8617, .T. ) ;
#7044 =( LENGTH_UNIT ( ) NAMED_UNIT ( * ) SI_UNIT ( .MILLI., .METRE. ) );
#7045 = ORIENTED_EDGE ( 'NONE', *, *, #4641, .F. ) ;
#7046 = CARTESIAN_POINT ( 'NONE',  ( 4.125000000000000000, 2.600000000000000100, 0.04999999999999731000 ) ) ;
#7047 =( NAMED_UNIT ( * ) PLANE_ANGLE_UNIT ( ) SI_UNIT ( $, .RADIAN. ) );
#7048 = VECTOR ( 'NONE', #1185, 1000.000000000000000 ) ;
#7049 = STYLED_ITEM ( 'NONE', ( #6406 ), #11954 ) ;
#7050 = SURFACE_STYLE_FILL_AREA ( #1132 ) ;
#7051 = VECTOR ( 'NONE', #3993, 1000.000000000000000 ) ;
#7052 = CARTESIAN_POINT ( 'NONE',  ( -1.714999999999999000, 3.100000000000000100, 0.3499999999999989800 ) ) ;
#7053 = EDGE_LOOP ( 'NONE', ( #6023, #3559, #1424, #2567, #9519, #1626 ) ) ;
#7054 = PLANE ( 'NONE',  #3327 ) ;
#7055 = LINE ( 'NONE', #8870, #4468 ) ;
#7056 = AXIS2_PLACEMENT_3D ( 'NONE', #5141, #12091, #6103 ) ;
#7057 = SURFACE_SIDE_STYLE ('',( #1966 ) ) ;
#7058 = VECTOR ( 'NONE', #7840, 1000.000000000000000 ) ;
#7059 =( NAMED_UNIT ( * ) PLANE_ANGLE_UNIT ( ) SI_UNIT ( $, .RADIAN. ) );
#7060 = ORIENTED_EDGE ( 'NONE', *, *, #1523, .T. ) ;
#7061 = VECTOR ( 'NONE', #1709, 1000.000000000000200 ) ;
#7062 = ORIENTED_EDGE ( 'NONE', *, *, #6309, .F. ) ;
#7063 = EDGE_LOOP ( 'NONE', ( #4962, #2057, #3796, #657 ) ) ;
#7064 = AXIS2_PLACEMENT_3D ( 'NONE', #7260, #7896, #5302 ) ;
#7065 = DIRECTION ( 'NONE',  ( -3.942553354492747000E-016, 0.0000000000000000000, -1.000000000000000000 ) ) ;
#7066 =( LENGTH_UNIT ( ) NAMED_UNIT ( * ) SI_UNIT ( .MILLI., .METRE. ) );
#7067 = CARTESIAN_POINT ( 'NONE',  ( -4.625000000000000900, 2.600000000000000100, 0.2999999999999999900 ) ) ;
#7068 = FILL_AREA_STYLE_COLOUR ( '', #5702 ) ;
#7069 = ORIENTED_EDGE ( 'NONE', *, *, #12112, .T. ) ;
#7070 = VECTOR ( 'NONE', #11121, 1000.000000000000000 ) ;
#7071 = VERTEX_POINT ( 'NONE', #7671 ) ;
#7072 = FILL_AREA_STYLE_COLOUR ( '', #271 ) ;
#7073 = COLOUR_RGB ( '',0.8000000000000000400, 0.8078431372549019800, 0.8000000000000000400 ) ;
#7074 = DIRECTION ( 'NONE',  ( 0.0000000000000000000, 0.0000000000000000000, -1.000000000000000000 ) ) ;
#7075 = CARTESIAN_POINT ( 'NONE',  ( 2.035000000000001000, 3.100000000000000100, 0.3499999999999989800 ) ) ;
#7076 =( NAMED_UNIT ( * ) PLANE_ANGLE_UNIT ( ) SI_UNIT ( $, .RADIAN. ) );
#7077 = ADVANCED_FACE ( 'NONE', ( #9236 ), #1800, .T. ) ;
#7078 = CARTESIAN_POINT ( 'NONE',  ( 1.949999999999999500, 3.673118842698620300, 3.249999999999995600 ) ) ;
#7079 = LINE ( 'NONE', #5327, #4498 ) ;
#7080 = CARTESIAN_POINT ( 'NONE',  ( 2.035000000000001000, 0.4249999999999998200, 3.499999999999981300 ) ) ;
#7081 =( NAMED_UNIT ( * ) SI_UNIT ( $, .STERADIAN. ) SOLID_ANGLE_UNIT ( ) );
#7082 =( GEOMETRIC_REPRESENTATION_CONTEXT ( 3 ) GLOBAL_UNCERTAINTY_ASSIGNED_CONTEXT ( ( #9228 ) ) GLOBAL_UNIT_ASSIGNED_CONTEXT ( ( #4026, #10905, #4987 ) ) REPRESENTATION_CONTEXT ( 'NONE', 'WORKASPACE' ) );
#7083 = DIRECTION ( 'NONE',  ( 0.0000000000000000000, -1.000000000000000000, 0.0000000000000000000 ) ) ;
#7084 = ORIENTED_EDGE ( 'NONE', *, *, #5454, .F. ) ;
#7085 = VECTOR ( 'NONE', #3321, 1000.000000000000000 ) ;
#7086 = VERTEX_POINT ( 'NONE', #2789 ) ;
#7087 = VECTOR ( 'NONE', #5776, 1000.000000000000000 ) ;
#7088 = VERTEX_POINT ( 'NONE', #11694 ) ;
#7089 =( NAMED_UNIT ( * ) SI_UNIT ( $, .STERADIAN. ) SOLID_ANGLE_UNIT ( ) );
#7090 = CARTESIAN_POINT ( 'NONE',  ( 0.7850000000000010300, -0.3750000000000001100, 0.6499999999999975800 ) ) ;
#7091 = EDGE_CURVE ( 'NONE', #10689, #3489, #1375, .T. ) ;
#7092 = CARTESIAN_POINT ( 'NONE',  ( 1.935000000000001400, -0.3750000000000005600, 3.999999999999993300 ) ) ;
#7093 = FILL_AREA_STYLE ('',( #6085 ) ) ;
#7094 = EDGE_CURVE ( 'NONE', #412, #9860, #4015, .T. ) ;
#7095 = ADVANCED_FACE ( 'NONE', ( #1697 ), #2832, .F. ) ;
#7096 = VERTEX_POINT ( 'NONE', #12707 ) ;
#7097 = VERTEX_POINT ( 'NONE', #8751 ) ;
#7098 = ORIENTED_EDGE ( 'NONE', *, *, #10249, .F. ) ;
#7099 = PLANE ( 'NONE',  #8876 ) ;
#7100 = LINE ( 'NONE', #8854, #12102 ) ;
#7101 = VERTEX_POINT ( 'NONE', #9746 ) ;
#7102 = CARTESIAN_POINT ( 'NONE',  ( 5.149000000000000900, 1.100000000000000100, 1.226000000000000000 ) ) ;
#7103 = EDGE_CURVE ( 'NONE', #6682, #5705, #2763, .T. ) ;
#7104 = DIRECTION ( 'NONE',  ( 0.0000000000000000000, 0.9701425001453327600, -0.2425356250363297200 ) ) ;
#7105 = CARTESIAN_POINT ( 'NONE',  ( 2.965000000000001600, 3.100000000000000100, 0.09999999999999947800 ) ) ;
#7106 = ORIENTED_EDGE ( 'NONE', *, *, #7028, .T. ) ;
#7107 = SURFACE_STYLE_FILL_AREA ( #2878 ) ;
#7108 = EDGE_CURVE ( 'NONE', #4661, #2659, #5387, .T. ) ;
#7109 = CARTESIAN_POINT ( 'NONE',  ( -4.125000000000000000, -0.4000000000000005200, 0.04999999999999980800 ) ) ;
#7110 = ORIENTED_EDGE ( 'NONE', *, *, #5719, .F. ) ;
#7111 = ORIENTED_EDGE ( 'NONE', *, *, #4504, .T. ) ;
#7112 = EDGE_CURVE ( 'NONE', #9585, #9652, #126, .T. ) ;
#7113 = SURFACE_SIDE_STYLE ('',( #11166 ) ) ;
#7114 = AXIS2_PLACEMENT_3D ( 'NONE', #719, #7586, #1722 ) ;
#7115 = CARTESIAN_POINT ( 'NONE',  ( -5.625000000000000000, 1.700000000000000000, 0.2999999999999999300 ) ) ;
#7116 = DIRECTION ( 'NONE',  ( 0.0000000000000000000, -1.000000000000000000, -1.070121624790885400E-015 ) ) ;
#7117 = VERTEX_POINT ( 'NONE', #924 ) ;
#7118 = LINE ( 'NONE', #1900, #810 ) ;
#7119 = SURFACE_STYLE_USAGE ( .BOTH. , #236 ) ;
#7120 = VERTEX_POINT ( 'NONE', #7795 ) ;
#7121 =( LENGTH_UNIT ( ) NAMED_UNIT ( * ) SI_UNIT ( .MILLI., .METRE. ) );
#7122 = EDGE_CURVE ( 'NONE', #12117, #4236, #12678, .T. ) ;
#7123 = VECTOR ( 'NONE', #4131, 1000.000000000000000 ) ;
#7124 = DIRECTION ( 'NONE',  ( -0.7071067811865503500, 0.7071067811865446900, 0.0000000000000000000 ) ) ;
#7125 = ORIENTED_EDGE ( 'NONE', *, *, #4517, .T. ) ;
#7126 = CARTESIAN_POINT ( 'NONE',  ( -0.7849999999999988100, 2.200000000000004200, 0.2999999999999988800 ) ) ;
#7127 = CARTESIAN_POINT ( 'NONE',  ( -3.049999999999999800, -1.100000000000000100, 3.249999999999996000 ) ) ;
#7128 = SURFACE_STYLE_USAGE ( .BOTH. , #6072 ) ;
#7129 = FILL_AREA_STYLE ('',( #244 ) ) ;
#7130 = DIRECTION ( 'NONE',  ( -1.000000000000000000, 0.0000000000000000000, 0.0000000000000000000 ) ) ;
#7131 = AXIS2_PLACEMENT_3D ( 'NONE', #6759, #6855, #3498 ) ;
#7132 = ORIENTED_EDGE ( 'NONE', *, *, #5385, .T. ) ;
#7133 = PRESENTATION_LAYER_ASSIGNMENT (  '', '', ( #6488 ) ) ;
#7134 = EDGE_LOOP ( 'NONE', ( #10844, #7427, #118, #8515 ) ) ;
#7135 = EDGE_LOOP ( 'NONE', ( #12386, #8199, #10311, #8895 ) ) ;
#7136 = COLOUR_RGB ( '',0.8000000000000000400, 0.8078431372549019800, 0.8000000000000000400 ) ;
#7137 = CARTESIAN_POINT ( 'NONE',  ( 2.035000000000001000, -0.1500000000000003000, 0.1799999999999965800 ) ) ;
#7138 = DIRECTION ( 'NONE',  ( 0.1940285000290634100, 0.1455213750217966800, -0.9701425001453328800 ) ) ;
#7139 = LINE ( 'NONE', #2996, #12757 ) ;
#7140 = CARTESIAN_POINT ( 'NONE',  ( 2.035000000000001000, 2.350000000000003600, 0.6499999999999985800 ) ) ;
#7141 = CARTESIAN_POINT ( 'NONE',  ( 1.584693337513947900E-016, 1.200000000000000000, 0.5199999999999999100 ) ) ;
#7142 = AXIS2_PLACEMENT_3D ( 'NONE', #3178, #10084, #4217 ) ;
#7143 =( NAMED_UNIT ( * ) PLANE_ANGLE_UNIT ( ) SI_UNIT ( $, .RADIAN. ) );
#7144 = FILL_AREA_STYLE ('',( #5813 ) ) ;
#7145 = SURFACE_SIDE_STYLE ('',( #1008 ) ) ;
#7146 = VERTEX_POINT ( 'NONE', #4889 ) ;
#7147 = FILL_AREA_STYLE_COLOUR ( '', #2107 ) ;
#7148 = ADVANCED_FACE ( 'NONE', ( #7372 ), #3920, .T. ) ;
#7149 = ORIENTED_EDGE ( 'NONE', *, *, #8662, .T. ) ;
#7150 = VERTEX_POINT ( 'NONE', #9783 ) ;
#7151 = VECTOR ( 'NONE', #9317, 1000.000000000000000 ) ;
#7152 = COLOUR_RGB ( '',0.8000000000000000400, 0.8078431372549019800, 0.8000000000000000400 ) ;
#7153 = DIRECTION ( 'NONE',  ( 1.000000000000000000, 0.0000000000000000000, -0.0000000000000000000 ) ) ;
#7154 = PLANE ( 'NONE',  #11435 ) ;
#7155 = DIRECTION ( 'NONE',  ( -1.326091603618049900E-016, 0.7071067811865494600, 0.7071067811865456900 ) ) ;
#7156 = CARTESIAN_POINT ( 'NONE',  ( 5.645000000000000500, -0.8799999999999986700, 1.275999999999999800 ) ) ;
#7157 = DIRECTION ( 'NONE',  ( 0.0000000000000000000, 1.000000000000000000, -0.0000000000000000000 ) ) ;
#7158 = FACE_OUTER_BOUND ( 'NONE', #9732, .T. ) ;
#7159 = ORIENTED_EDGE ( 'NONE', *, *, #2159, .T. ) ;
#7160 = VECTOR ( 'NONE', #569, 1000.000000000000000 ) ;
#7161 = AXIS2_PLACEMENT_3D ( 'NONE', #8913, #3033, #9894 ) ;
#7162 = ADVANCED_FACE ( 'NONE', ( #10306 ), #10809, .T. ) ;
#7163 = MECHANICAL_DESIGN_GEOMETRIC_PRESENTATION_REPRESENTATION (  '', ( #5841 ), #7812 ) ;
#7164 = ORIENTED_EDGE ( 'NONE', *, *, #8729, .T. ) ;
#7165 = DIRECTION ( 'NONE',  ( -1.000000000000000000, -0.0000000000000000000, -0.0000000000000000000 ) ) ;
#7166 = CARTESIAN_POINT ( 'NONE',  ( 3.285000000000001500, 3.000000000000000000, 0.4499999999999998400 ) ) ;
#7167 = DIRECTION ( 'NONE',  ( 1.000000000000000000, 0.0000000000000000000, -0.0000000000000000000 ) ) ;
#7168 = CARTESIAN_POINT ( 'NONE',  ( -4.625000000000000900, -0.8000000000000001600, 2.400000000000000400 ) ) ;
#7169 = FILL_AREA_STYLE_COLOUR ( '', #10810 ) ;
#7170 = CARTESIAN_POINT ( 'NONE',  ( -3.550000000000000300, -1.100000000000000300, 0.6499999999999985800 ) ) ;
#7171 = EDGE_CURVE ( 'NONE', #6609, #2065, #5070, .T. ) ;
#7172 = FILL_AREA_STYLE_COLOUR ( '', #12767 ) ;
#7173 =( NAMED_UNIT ( * ) SI_UNIT ( $, .STERADIAN. ) SOLID_ANGLE_UNIT ( ) );
#7174 = VECTOR ( 'NONE', #1473, 1000.000000000000000 ) ;
#7175 = CARTESIAN_POINT ( 'NONE',  ( -3.674999999999998500, 0.8750000000000000000, 2.574999999999991700 ) ) ;
#7176 = DIRECTION ( 'NONE',  ( 0.0000000000000000000, -0.0000000000000000000, 1.000000000000000000 ) ) ;
#7177 = SURFACE_STYLE_FILL_AREA ( #11167 ) ;
#7178 = UNCERTAINTY_MEASURE_WITH_UNIT (LENGTH_MEASURE( 1.000000000000000100E-005 ), #10899, 'distance_accuracy_value', 'NONE');
#7179 = EDGE_LOOP ( 'NONE', ( #7328, #591, #359, #290 ) ) ;
#7180 = VECTOR ( 'NONE', #12580, 1000.000000000000000 ) ;
#7181 = EDGE_CURVE ( 'NONE', #5060, #659, #450, .T. ) ;
#7182 = ORIENTED_EDGE ( 'NONE', *, *, #9344, .F. ) ;
#7183 = ORIENTED_EDGE ( 'NONE', *, *, #8333, .T. ) ;
#7184 =( NAMED_UNIT ( * ) PLANE_ANGLE_UNIT ( ) SI_UNIT ( $, .RADIAN. ) );
#7185 = CARTESIAN_POINT ( 'NONE',  ( -0.7849999999999988100, 3.100000000000000100, 0.3499999999999989800 ) ) ;
#7186 = PRESENTATION_LAYER_ASSIGNMENT (  '', '', ( #5854 ) ) ;
#7187 = DIRECTION ( 'NONE',  ( 1.000000000000000000, 0.0000000000000000000, 0.0000000000000000000 ) ) ;
#7188 = EDGE_CURVE ( 'NONE', #10506, #6506, #4763, .T. ) ;
#7189 = CARTESIAN_POINT ( 'NONE',  ( -0.7849999999999988100, 2.500000000000000000, -1.084202172485504400E-016 ) ) ;
#7190 = EDGE_CURVE ( 'NONE', #8046, #4087, #2128, .T. ) ;
#7191 = LINE ( 'NONE', #6426, #1951 ) ;
#7192 = CARTESIAN_POINT ( 'NONE',  ( 2.650000000000000400, -0.9999999999999997800, 4.699999999999996600 ) ) ;
#7193 = DIRECTION ( 'NONE',  ( -1.000000000000000000, 0.0000000000000000000, 0.0000000000000000000 ) ) ;
#7194 = VERTEX_POINT ( 'NONE', #1003 ) ;
#7195 = EDGE_CURVE ( 'NONE', #12082, #2102, #4470, .T. ) ;
#7196 = DIRECTION ( 'NONE',  ( 0.0000000000000000000, 1.000000000000000000, -1.204669080539448900E-016 ) ) ;
#7197 = EDGE_CURVE ( 'NONE', #6063, #9860, #9687, .T. ) ;
#7198 = ORIENTED_EDGE ( 'NONE', *, *, #7588, .T. ) ;
#7199 = DIRECTION ( 'NONE',  ( 2.344220913482171700E-016, -1.000000000000000000, 0.0000000000000000000 ) ) ;
#7200 = PLANE ( 'NONE',  #4845 ) ;
#7201 = AXIS2_PLACEMENT_3D ( 'NONE', #6818, #906, #7776 ) ;
#7202 = VERTEX_POINT ( 'NONE', #65 ) ;
#7203 = VECTOR ( 'NONE', #11005, 1000.000000000000000 ) ;
#7204 = EDGE_CURVE ( 'NONE', #10163, #6520, #11735, .T. ) ;
#7205 = EDGE_LOOP ( 'NONE', ( #6112, #2739, #6008, #12645 ) ) ;
#7206 = DIRECTION ( 'NONE',  ( 0.0000000000000000000, 1.000000000000000000, 0.0000000000000000000 ) ) ;
#7207 = FILL_AREA_STYLE ('',( #6157 ) ) ;
#7208 = ORIENTED_EDGE ( 'NONE', *, *, #2070, .T. ) ;
#7209 = EDGE_CURVE ( 'NONE', #3571, #1322, #1532, .T. ) ;
#7210 = SURFACE_STYLE_FILL_AREA ( #7144 ) ;
#7211 = SURFACE_STYLE_USAGE ( .BOTH. , #322 ) ;
#7212 = DIRECTION ( 'NONE',  ( -0.0000000000000000000, -0.0000000000000000000, -1.000000000000000000 ) ) ;
#7213 = VECTOR ( 'NONE', #1624, 1000.000000000000000 ) ;
#7214 = PRESENTATION_LAYER_ASSIGNMENT (  '', '', ( #5881 ) ) ;
#7215 = DIRECTION ( 'NONE',  ( -1.000000000000000000, -0.0000000000000000000, -0.0000000000000000000 ) ) ;
#7217 = COLOUR_RGB ( '',0.8000000000000000400, 0.8078431372549019800, 0.8000000000000000400 ) ;
#7216 =( NAMED_UNIT ( * ) SI_UNIT ( $, .STERADIAN. ) SOLID_ANGLE_UNIT ( ) );
#7218 = ORIENTED_EDGE ( 'NONE', *, *, #10338, .T. ) ;
#7219 = ORIENTED_EDGE ( 'NONE', *, *, #11448, .F. ) ;
#7220 = VECTOR ( 'NONE', #9696, 1000.000000000000000 ) ;
#7221 = DIRECTION ( 'NONE',  ( 0.0000000000000000000, 0.7071067811865496800, 0.7071067811865453500 ) ) ;
#7222 = ADVANCED_FACE ( 'NONE', ( #4160 ), #4051, .T. ) ;
#7223 = DIRECTION ( 'NONE',  ( 1.000000000000000000, 0.0000000000000000000, 0.0000000000000000000 ) ) ;
#7224 = ORIENTED_EDGE ( 'NONE', *, *, #6629, .T. ) ;
#7225 = ORIENTED_EDGE ( 'NONE', *, *, #5125, .F. ) ;
#7226 = DIRECTION ( 'NONE',  ( -1.000000000000000000, 9.035018104045859600E-017, -0.0000000000000000000 ) ) ;
#7227 = CARTESIAN_POINT ( 'NONE',  ( 3.285000000000001500, -0.3750000000000005000, 3.499999999999986700 ) ) ;
#7228 = CARTESIAN_POINT ( 'NONE',  ( 3.285000000000001500, 0.4249999999999998200, 0.6499999999999964700 ) ) ;
#7229 = PRESENTATION_LAYER_ASSIGNMENT (  '', '', ( #5889 ) ) ;
#7230 = LINE ( 'NONE', #11570, #10154 ) ;
#7231 = PLANE ( 'NONE',  #8575 ) ;
#7232 =( LENGTH_UNIT ( ) NAMED_UNIT ( * ) SI_UNIT ( .MILLI., .METRE. ) );
#7233 = ORIENTED_EDGE ( 'NONE', *, *, #11266, .T. ) ;
#7234 = DIRECTION ( 'NONE',  ( -0.0000000000000000000, 0.7071067811865455700, 0.7071067811865493500 ) ) ;
#7235 = ORIENTED_EDGE ( 'NONE', *, *, #7996, .F. ) ;
#7236 = ORIENTED_EDGE ( 'NONE', *, *, #10092, .T. ) ;
#7237 = VECTOR ( 'NONE', #2960, 1000.000000000000000 ) ;
#7238 = ADVANCED_FACE ( 'NONE', ( #11416 ), #9908, .T. ) ;
#7239 =( GEOMETRIC_REPRESENTATION_CONTEXT ( 3 ) GLOBAL_UNCERTAINTY_ASSIGNED_CONTEXT ( ( #3173 ) ) GLOBAL_UNIT_ASSIGNED_CONTEXT ( ( #10531, #4631, #11544 ) ) REPRESENTATION_CONTEXT ( 'NONE', 'WORKASPACE' ) );
#7240 = CARTESIAN_POINT ( 'NONE',  ( -2.964999999999999000, -0.3750000000000005000, 3.499999999999986700 ) ) ;
#7241 = VECTOR ( 'NONE', #2908, 1000.000000000000000 ) ;
#7242 = SURFACE_SIDE_STYLE ('',( #7210 ) ) ;
#7243 = CARTESIAN_POINT ( 'NONE',  ( -1.949999999999999700, 2.123118842698621800, 3.249999999999996000 ) ) ;
#7244 = LINE ( 'NONE', #5340, #11596 ) ;
#7245 = DIRECTION ( 'NONE',  ( 0.7071067811865468000, 0.0000000000000000000, 0.7071067811865483500 ) ) ;
#7246 = ORIENTED_EDGE ( 'NONE', *, *, #6031, .F. ) ;
#7247 = CARTESIAN_POINT ( 'NONE',  ( 2.035000000000001000, 0.2499999999999996700, 0.2999999999999966000 ) ) ;
#7248 = PRESENTATION_LAYER_ASSIGNMENT (  '', '', ( #5910 ) ) ;
#7249 = CARTESIAN_POINT ( 'NONE',  ( -1.926717647058822300, 0.3437882352941176200, 4.041411764705874700 ) ) ;
#7250 = FACE_OUTER_BOUND ( 'NONE', #8808, .T. ) ;
#7251 = PLANE ( 'NONE',  #9913 ) ;
#7252 = UNCERTAINTY_MEASURE_WITH_UNIT (LENGTH_MEASURE( 1.000000000000000100E-005 ), #1385, 'distance_accuracy_value', 'NONE');
#7253 = ORIENTED_EDGE ( 'NONE', *, *, #9508, .T. ) ;
#7254 = ORIENTED_EDGE ( 'NONE', *, *, #5642, .F. ) ;
#7255 = SURFACE_STYLE_USAGE ( .BOTH. , #369 ) ;
#7256 = EDGE_LOOP ( 'NONE', ( #8552, #9562, #10711, #1073 ) ) ;
#7257 = CARTESIAN_POINT ( 'NONE',  ( -3.550000000000001200, 2.600000000000000100, 0.2999999999999985500 ) ) ;
#7258 = COLOUR_RGB ( '',0.8000000000000000400, 0.8078431372549019800, 0.8000000000000000400 ) ;
#7259 = DIRECTION ( 'NONE',  ( -6.195440985631545100E-016, -1.000000000000000000, 0.0000000000000000000 ) ) ;
#7260 = CARTESIAN_POINT ( 'NONE',  ( -1.714999999999999000, 0.0000000000000000000, 0.0000000000000000000 ) ) ;
#7261 = CARTESIAN_POINT ( 'NONE',  ( 5.149000000000000900, 1.100000000000000100, 1.530000000000000000 ) ) ;
#7262 = ORIENTED_EDGE ( 'NONE', *, *, #6031, .T. ) ;
#7263 = DIRECTION ( 'NONE',  ( -1.000000000000000000, -0.0000000000000000000, -0.0000000000000000000 ) ) ;
#7264 = CARTESIAN_POINT ( 'NONE',  ( -6.325000000000000200, 0.9000000000000008000, 0.2539999999999999500 ) ) ;
#7265 = DIRECTION ( 'NONE',  ( 0.0000000000000000000, -1.000000000000000000, 0.0000000000000000000 ) ) ;
#7266 = UNCERTAINTY_MEASURE_WITH_UNIT (LENGTH_MEASURE( 1.000000000000000100E-005 ), #6036, 'distance_accuracy_value', 'NONE');
#7267 = ORIENTED_EDGE ( 'NONE', *, *, #4966, .F. ) ;
#7268 = ORIENTED_EDGE ( 'NONE', *, *, #9805, .F. ) ;
#7269 = SURFACE_SIDE_STYLE ('',( #12286 ) ) ;
#7270 = EDGE_CURVE ( 'NONE', #143, #4733, #6454, .T. ) ;
#7271 = SURFACE_STYLE_USAGE ( .BOTH. , #387 ) ;
#7272 = ORIENTED_EDGE ( 'NONE', *, *, #6366, .T. ) ;
#7273 = AXIS2_PLACEMENT_3D ( 'NONE', #12156, #6176, #298 ) ;
#7274 = CARTESIAN_POINT ( 'NONE',  ( 2.035000000000001000, 0.2499999999999996700, 0.1799999999999966600 ) ) ;
#7275 = EDGE_CURVE ( 'NONE', #7567, #3382, #8740, .T. ) ;
#7276 = SURFACE_STYLE_USAGE ( .BOTH. , #395 ) ;
#7277 = ORIENTED_EDGE ( 'NONE', *, *, #1680, .T. ) ;
#7278 = CARTESIAN_POINT ( 'NONE',  ( -4.625000000000000900, 2.600000000000000100, 0.2999999999999999900 ) ) ;
#7279 = ORIENTED_EDGE ( 'NONE', *, *, #5710, .F. ) ;
#7280 = EDGE_LOOP ( 'NONE', ( #1937, #7984, #3588, #5362, #7614, #3770 ) ) ;
#7281 = FACE_OUTER_BOUND ( 'NONE', #4454, .T. ) ;
#7282 = ADVANCED_FACE ( 'NONE', ( #6120 ), #12001, .T. ) ;
#7283 = EDGE_CURVE ( 'NONE', #9412, #11531, #8433, .T. ) ;
#7284 = DIRECTION ( 'NONE',  ( -1.000000000000000000, 0.0000000000000000000, -0.0000000000000000000 ) ) ;
#7285 = PRESENTATION_STYLE_ASSIGNMENT (( #12595 ) ) ;
#7286 = EDGE_CURVE ( 'NONE', #2163, #3952, #11103, .T. ) ;
#7287 = DIRECTION ( 'NONE',  ( 0.0000000000000000000, -1.000000000000000000, 0.0000000000000000000 ) ) ;
#7288 = ORIENTED_EDGE ( 'NONE', *, *, #12442, .F. ) ;
#7289 = DIRECTION ( 'NONE',  ( 0.0000000000000000000, -0.7071067811865441300, 0.7071067811865510100 ) ) ;
#7290 = LINE ( 'NONE', #5172, #2354 ) ;
#7291 = LINE ( 'NONE', #4806, #2678 ) ;
#7292 = LINE ( 'NONE', #7067, #11334 ) ;
#7293 = ADVANCED_FACE ( 'NONE', ( #5985, #767 ), #1129, .F. ) ;
#7294 = AXIS2_PLACEMENT_3D ( 'NONE', #5109, #12060, #6069 ) ;
#7295 = DIRECTION ( 'NONE',  ( 2.344220913482171700E-016, -1.000000000000000000, 0.0000000000000000000 ) ) ;
#7296 = FILL_AREA_STYLE_COLOUR ( '', #538 ) ;
#7297 =( LENGTH_UNIT ( ) NAMED_UNIT ( * ) SI_UNIT ( .MILLI., .METRE. ) );
#7298 = ORIENTED_EDGE ( 'NONE', *, *, #4571, .T. ) ;
#7299 = PLANE ( 'NONE',  #12046 ) ;
#7300 = FILL_AREA_STYLE_COLOUR ( '', #5200 ) ;
#7301 = VECTOR ( 'NONE', #3445, 1000.000000000000000 ) ;
#7302 = ORIENTED_EDGE ( 'NONE', *, *, #6098, .F. ) ;
#7303 = CARTESIAN_POINT ( 'NONE',  ( -1.714999999999999000, -0.3750000000000001100, 0.6499999999999975800 ) ) ;
#7304 = FILL_AREA_STYLE ('',( #12282 ) ) ;
#7305 = LINE ( 'NONE', #12071, #9609 ) ;
#7306 =( NAMED_UNIT ( * ) PLANE_ANGLE_UNIT ( ) SI_UNIT ( $, .RADIAN. ) );
#7307 = PRESENTATION_LAYER_ASSIGNMENT (  '', '', ( #5970 ) ) ;
#7308 = VERTEX_POINT ( 'NONE', #1174 ) ;
#7309 = MECHANICAL_DESIGN_GEOMETRIC_PRESENTATION_REPRESENTATION (  '', ( #5350 ), #7959 ) ;
#7310 = DIRECTION ( 'NONE',  ( 0.0000000000000000000, 0.0000000000000000000, 1.000000000000000000 ) ) ;
#7311 = CARTESIAN_POINT ( 'NONE',  ( -0.7849999999999988100, -0.3750000000000001100, 0.04999999999999709500 ) ) ;
#7312 = ORIENTED_EDGE ( 'NONE', *, *, #6300, .T. ) ;
#7313 = CARTESIAN_POINT ( 'NONE',  ( -0.2000000000000000900, -1.100000000000000300, 0.2999999999999981000 ) ) ;
#7314 = FACE_OUTER_BOUND ( 'NONE', #10248, .T. ) ;
#7315 = DIRECTION ( 'NONE',  ( -1.000000000000000000, 0.0000000000000000000, 1.084202172485505400E-015 ) ) ;
#7316 = FACE_OUTER_BOUND ( 'NONE', #8043, .T. ) ;
#7317 = PRESENTATION_STYLE_ASSIGNMENT (( #2245 ) ) ;
#7318 = FACE_OUTER_BOUND ( 'NONE', #12655, .T. ) ;
#7319 = DIRECTION ( 'NONE',  ( -1.000000000000000000, -0.0000000000000000000, -0.0000000000000000000 ) ) ;
#7320 = CARTESIAN_POINT ( 'NONE',  ( -0.4649999999999988600, 3.100000000000000100, 0.3499999999999989800 ) ) ;
#7321 = FILL_AREA_STYLE ('',( #445 ) ) ;
#7322 = AXIS2_PLACEMENT_3D ( 'NONE', #11999, #6018, #137 ) ;
#7323 = CARTESIAN_POINT ( 'NONE',  ( 0.5732823529411776900, 0.3437882352941176200, 4.041411764705874700 ) ) ;
#7324 = FACE_OUTER_BOUND ( 'NONE', #1191, .T. ) ;
#7325 = VECTOR ( 'NONE', #11186, 1000.000000000000000 ) ;
#7326 = PLANE ( 'NONE',  #8786 ) ;
#7327 = VERTEX_POINT ( 'NONE', #187 ) ;
#7328 = ORIENTED_EDGE ( 'NONE', *, *, #10516, .T. ) ;
#7329 = SURFACE_STYLE_USAGE ( .BOTH. , #452 ) ;
#7330 = ORIENTED_EDGE ( 'NONE', *, *, #11690, .T. ) ;
#7331 = FACE_OUTER_BOUND ( 'NONE', #12298, .T. ) ;
#7332 = LINE ( 'NONE', #11886, #12641 ) ;
#7333 = MECHANICAL_DESIGN_GEOMETRIC_PRESENTATION_REPRESENTATION (  '', ( #5374 ), #7992 ) ;
#7334 = FILL_AREA_STYLE_COLOUR ( '', #1395 ) ;
#7335 = CARTESIAN_POINT ( 'NONE',  ( -5.099000000000001100, 1.100000000000000100, 1.225999999999999800 ) ) ;
#7336 = LINE ( 'NONE', #10841, #4725 ) ;
#7337 = FILL_AREA_STYLE ('',( #11339 ) ) ;
#7338 = PLANE ( 'NONE',  #7691 ) ;
#7339 = ORIENTED_EDGE ( 'NONE', *, *, #1164, .F. ) ;
#7340 = ADVANCED_FACE ( 'NONE', ( #10958 ), #8058, .T. ) ;
#7341 = DIRECTION ( 'NONE',  ( -1.000000000000000000, 0.0000000000000000000, 0.0000000000000000000 ) ) ;
#7342 = EDGE_CURVE ( 'NONE', #8091, #2483, #4777, .T. ) ;
#7343 = DIRECTION ( 'NONE',  ( 0.0000000000000000000, -1.000000000000000000, 0.0000000000000000000 ) ) ;
#7344 = DIRECTION ( 'NONE',  ( 0.7071067811865468000, -0.7071067811865483500, 1.629776165692361600E-017 ) ) ;
#7345 = ORIENTED_EDGE ( 'NONE', *, *, #11629, .T. ) ;
#7346 = FACE_OUTER_BOUND ( 'NONE', #12288, .T. ) ;
#7347 = PRESENTATION_STYLE_ASSIGNMENT (( #2677 ) ) ;
#7348 = EDGE_CURVE ( 'NONE', #3096, #11257, #12694, .T. ) ;
#7349 = VECTOR ( 'NONE', #1607, 1000.000000000000000 ) ;
#7350 = LINE ( 'NONE', #304, #5673 ) ;
#7351 = UNCERTAINTY_MEASURE_WITH_UNIT (LENGTH_MEASURE( 1.000000000000000100E-005 ), #171, 'distance_accuracy_value', 'NONE');
#7352 = PRESENTATION_STYLE_ASSIGNMENT (( #10114 ) ) ;
#7353 = ORIENTED_EDGE ( 'NONE', *, *, #844, .F. ) ;
#7354 = DIRECTION ( 'NONE',  ( 0.0000000000000000000, -1.000000000000000000, 0.0000000000000000000 ) ) ;
#7355 = EDGE_CURVE ( 'NONE', #10712, #7097, #7386, .T. ) ;
#7356 = DIRECTION ( 'NONE',  ( -0.7071067811865495700, 0.0000000000000000000, 0.7071067811865454600 ) ) ;
#7357 = ADVANCED_FACE ( 'NONE', ( #2142 ), #281, .T. ) ;
#7358 = VECTOR ( 'NONE', #288, 1000.000000000000000 ) ;
#7359 =( LENGTH_UNIT ( ) NAMED_UNIT ( * ) SI_UNIT ( .MILLI., .METRE. ) );
#7360 = LINE ( 'NONE', #40, #9671 ) ;
#7361 = DIRECTION ( 'NONE',  ( -1.000000000000000000, -0.0000000000000000000, -0.0000000000000000000 ) ) ;
#7362 = VECTOR ( 'NONE', #12080, 1000.000000000000000 ) ;
#7363 = EDGE_CURVE ( 'NONE', #9966, #7150, #12079, .T. ) ;
#7364 = VECTOR ( 'NONE', #5891, 1000.000000000000000 ) ;
#7365 =( GEOMETRIC_REPRESENTATION_CONTEXT ( 3 ) GLOBAL_UNCERTAINTY_ASSIGNED_CONTEXT ( ( #4054 ) ) GLOBAL_UNIT_ASSIGNED_CONTEXT ( ( #4263, #11170, #5257 ) ) REPRESENTATION_CONTEXT ( 'NONE', 'WORKASPACE' ) );
#7366 = VECTOR ( 'NONE', #10410, 1000.000000000000000 ) ;
#7367 = ORIENTED_EDGE ( 'NONE', *, *, #12292, .F. ) ;
#7368 = CARTESIAN_POINT ( 'NONE',  ( -5.825000000000000200, -0.8000000000000001600, 4.699999999999997500 ) ) ;
#7369 = VECTOR ( 'NONE', #5124, 1000.000000000000000 ) ;
#7370 = CARTESIAN_POINT ( 'NONE',  ( -1.949999999999999700, 2.123118842698621800, 2.099999999999996100 ) ) ;
#7371 = AXIS2_PLACEMENT_3D ( 'NONE', #5039, #7007, #1113 ) ;
#7373 = EDGE_CURVE ( 'NONE', #10297, #3697, #4487, .T. ) ;
#7372 = FACE_OUTER_BOUND ( 'NONE', #43, .T. ) ;
#7374 = FACE_OUTER_BOUND ( 'NONE', #11712, .T. ) ;
#7375 = CARTESIAN_POINT ( 'NONE',  ( 6.125000000000000000, 1.700000000000000000, 0.7999999999999979300 ) ) ;
#7376 = ORIENTED_EDGE ( 'NONE', *, *, #10842, .T. ) ;
#7377 = VECTOR ( 'NONE', #9568, 1000.000000000000000 ) ;
#7378 = ORIENTED_EDGE ( 'NONE', *, *, #833, .F. ) ;
#7379 = ORIENTED_EDGE ( 'NONE', *, *, #1666, .T. ) ;
#7380 = VECTOR ( 'NONE', #6712, 1000.000000000000000 ) ;
#7381 = DIRECTION ( 'NONE',  ( 1.000000000000000000, 0.0000000000000000000, 0.0000000000000000000 ) ) ;
#7382 = DIRECTION ( 'NONE',  ( -1.000000000000000000, 0.0000000000000000000, 5.421010862427526500E-017 ) ) ;
#7383 = DIRECTION ( 'NONE',  ( -1.000000000000000000, -0.0000000000000000000, -1.875376730785737500E-016 ) ) ;
#7384 = COLOUR_RGB ( '',0.8000000000000000400, 0.8078431372549019800, 0.8000000000000000400 ) ;
#7385 = SURFACE_STYLE_USAGE ( .BOTH. , #505 ) ;
#7386 = LINE ( 'NONE', #8098, #7070 ) ;
#7387 = FILL_AREA_STYLE ('',( #6404 ) ) ;
#7388 = DIRECTION ( 'NONE',  ( 1.000000000000000000, 0.0000000000000000000, 0.0000000000000000000 ) ) ;
#7389 = AXIS2_PLACEMENT_3D ( 'NONE', #4932, #11874, #5903 ) ;
#7390 = EDGE_LOOP ( 'NONE', ( #2805, #7526, #8211, #1521 ) ) ;
#7391 = CARTESIAN_POINT ( 'NONE',  ( 0.7850000000000010300, 2.549999999999999800, 0.4499999999999999000 ) ) ;
#7392 = DIRECTION ( 'NONE',  ( 0.0000000000000000000, 0.0000000000000000000, 1.000000000000000000 ) ) ;
#7394 = LINE ( 'NONE', #6298, #5410 ) ;
#7393 = CARTESIAN_POINT ( 'NONE',  ( -5.208333333333332100, -0.5166666666666714900, 1.166666666666675600 ) ) ;
#7395 = FACE_OUTER_BOUND ( 'NONE', #2033, .T. ) ;
#7396 =( LENGTH_UNIT ( ) NAMED_UNIT ( * ) SI_UNIT ( .MILLI., .METRE. ) );
#7397 = MECHANICAL_DESIGN_GEOMETRIC_PRESENTATION_REPRESENTATION (  '', ( #5431 ), #8051 ) ;
#7398 = EDGE_LOOP ( 'NONE', ( #10298, #1525, #1027, #11587 ) ) ;
#7399 = LINE ( 'NONE', #11217, #7085 ) ;
#7400 = CARTESIAN_POINT ( 'NONE',  ( 2.035000000000001000, 0.3499999999999997000, 3.999999999999993300 ) ) ;
#7401 = FACE_OUTER_BOUND ( 'NONE', #8377, .T. ) ;
#7402 = ADVANCED_FACE ( 'NONE', ( #6781 ), #5245, .T. ) ;
#7403 = PLANE ( 'NONE',  #11162 ) ;
#7404 = AXIS2_PLACEMENT_3D ( 'NONE', #12320, #6356, #466 ) ;
#7405 = CARTESIAN_POINT ( 'NONE',  ( 4.624999999999997300, 2.600000000000000100, 0.2999999999999971600 ) ) ;
#7406 = ORIENTED_EDGE ( 'NONE', *, *, #8924, .T. ) ;
#7407 = AXIS2_PLACEMENT_3D ( 'NONE', #7768, #7446, #7196 ) ;
#7408 = ORIENTED_EDGE ( 'NONE', *, *, #2233, .F. ) ;
#7409 = LINE ( 'NONE', #5839, #5107 ) ;
#7410 = DIRECTION ( 'NONE',  ( 1.000000000000000000, 0.0000000000000000000, 0.0000000000000000000 ) ) ;
#7411 = PLANE ( 'NONE',  #7483 ) ;
#7412 = DIRECTION ( 'NONE',  ( 1.000000000000000000, 0.0000000000000000000, 0.0000000000000000000 ) ) ;
#7413 = ADVANCED_FACE ( 'NONE', ( #8451 ), #7251, .F. ) ;
#7414 = DIRECTION ( 'NONE',  ( -1.000000000000000000, 6.776263578034385000E-016, 0.0000000000000000000 ) ) ;
#7415 = ORIENTED_EDGE ( 'NONE', *, *, #4247, .F. ) ;
#7416 = EDGE_CURVE ( 'NONE', #2291, #10855, #11123, .T. ) ;
#7417 = DIRECTION ( 'NONE',  ( 0.0000000000000000000, -1.000000000000000000, -1.141265444721583800E-016 ) ) ;
#7418 = UNCERTAINTY_MEASURE_WITH_UNIT (LENGTH_MEASURE( 1.000000000000000100E-005 ), #6703, 'distance_accuracy_value', 'NONE');
#7419 = ORIENTED_EDGE ( 'NONE', *, *, #7831, .F. ) ;
#7420 = ORIENTED_EDGE ( 'NONE', *, *, #6776, .F. ) ;
#7421 = ORIENTED_EDGE ( 'NONE', *, *, #10350, .T. ) ;
#7422 = DIRECTION ( 'NONE',  ( -1.326091603618049900E-016, 0.7071067811865494600, 0.7071067811865456900 ) ) ;
#7423 = DIRECTION ( 'NONE',  ( -0.0000000000000000000, -1.000000000000000000, -0.0000000000000000000 ) ) ;
#7424 = CARTESIAN_POINT ( 'NONE',  ( 5.645000000000000500, -1.100000000000000100, 1.276000000000000000 ) ) ;
#7425 = PLANE ( 'NONE',  #9142 ) ;
#7426 = EDGE_CURVE ( 'NONE', #6412, #2820, #5835, .T. ) ;
#7427 = ORIENTED_EDGE ( 'NONE', *, *, #3591, .F. ) ;
#7428 = VECTOR ( 'NONE', #3493, 1000.000000000000000 ) ;
#7429 = ORIENTED_EDGE ( 'NONE', *, *, #3189, .T. ) ;
#7430 = LINE ( 'NONE', #7970, #7722 ) ;
#7431 = ORIENTED_EDGE ( 'NONE', *, *, #9651, .F. ) ;
#7432 = SURFACE_SIDE_STYLE ('',( #10046 ) ) ;
#7433 = EDGE_CURVE ( 'NONE', #2945, #7804, #10796, .T. ) ;
#7434 = DIRECTION ( 'NONE',  ( -1.000000000000000000, 6.776263578034385000E-016, 0.0000000000000000000 ) ) ;
#7435 = SURFACE_STYLE_FILL_AREA ( #11652 ) ;
#7436 = STYLED_ITEM ( 'NONE', ( #9427 ), #6445 ) ;
#7437 = CARTESIAN_POINT ( 'NONE',  ( -2.964999999999999000, 3.100000000000000100, 0.3499999999999989800 ) ) ;
#7438 = DIRECTION ( 'NONE',  ( 2.990902544787597100E-016, 0.0000000000000000000, 1.000000000000000000 ) ) ;
#7439 = EDGE_CURVE ( 'NONE', #5086, #6819, #5548, .T. ) ;
#7440 = DIRECTION ( 'NONE',  ( -1.000000000000000000, 6.776263578034385000E-016, -0.0000000000000000000 ) ) ;
#7441 = SURFACE_STYLE_USAGE ( .BOTH. , #7242 ) ;
#7442 = CARTESIAN_POINT ( 'NONE',  ( -4.624999999999999100, 1.700000000000000000, 3.699999999999996600 ) ) ;
#7443 = VECTOR ( 'NONE', #5403, 1000.000000000000000 ) ;
#7444 =( GEOMETRIC_REPRESENTATION_CONTEXT ( 3 ) GLOBAL_UNCERTAINTY_ASSIGNED_CONTEXT ( ( #6824 ) ) GLOBAL_UNIT_ASSIGNED_CONTEXT ( ( #629, #7493, #1622 ) ) REPRESENTATION_CONTEXT ( 'NONE', 'WORKASPACE' ) );
#7445 = VERTEX_POINT ( 'NONE', #6303 ) ;
#7446 = DIRECTION ( 'NONE',  ( 0.0000000000000000000, -1.204669080539448900E-016, -1.000000000000000000 ) ) ;
#7447 = EDGE_CURVE ( 'NONE', #2650, #7710, #300, .T. ) ;
#7448 = LINE ( 'NONE', #8483, #9754 ) ;
#7449 = LINE ( 'NONE', #4930, #12444 ) ;
#7450 = FACE_OUTER_BOUND ( 'NONE', #10972, .T. ) ;
#7451 = CARTESIAN_POINT ( 'NONE',  ( 1.715000000000001200, -0.1500000000000003300, 0.2999999999999965500 ) ) ;
#7452 = DIRECTION ( 'NONE',  ( 1.000000000000000000, 0.0000000000000000000, 0.0000000000000000000 ) ) ;
#7453 = EDGE_CURVE ( 'NONE', #10295, #381, #7824, .T. ) ;
#7454 = DIRECTION ( 'NONE',  ( 0.0000000000000000000, -1.000000000000000000, -1.167602339599771500E-015 ) ) ;
#7455 = STYLED_ITEM ( 'NONE', ( #4755 ), #7852 ) ;
#7456 = DIRECTION ( 'NONE',  ( -2.344220913482171700E-016, 1.000000000000000000, 0.0000000000000000000 ) ) ;
#7457 = EDGE_LOOP ( 'NONE', ( #10888, #10476, #963, #5155 ) ) ;
#7458 = EDGE_LOOP ( 'NONE', ( #9892, #7224, #4983, #9329 ) ) ;
#7459 = PRESENTATION_STYLE_ASSIGNMENT (( #12012 ) ) ;
#7460 = LINE ( 'NONE', #3978, #9766 ) ;
#7461 = AXIS2_PLACEMENT_3D ( 'NONE', #9820, #4188, #8228 ) ;
#7462 = CARTESIAN_POINT ( 'NONE',  ( -6.125000000000000000, 1.700000000000000000, 0.7999999999999979300 ) ) ;
#7463 = SURFACE_SIDE_STYLE ('',( #2859 ) ) ;
#7464 = ORIENTED_EDGE ( 'NONE', *, *, #1152, .T. ) ;
#7465 = ADVANCED_FACE ( 'NONE', ( #622 ), #12308, .T. ) ;
#7466 = SURFACE_STYLE_USAGE ( .BOTH. , #601 ) ;
#7467 = DIRECTION ( 'NONE',  ( 0.0000000000000000000, -1.000000000000000000, 0.0000000000000000000 ) ) ;
#7468 = PLANE ( 'NONE',  #7908 ) ;
#7469 = PRESENTATION_STYLE_ASSIGNMENT (( #6676 ) ) ;
#7470 = ORIENTED_EDGE ( 'NONE', *, *, #12037, .T. ) ;
#7471 = PRESENTATION_STYLE_ASSIGNMENT (( #6991 ) ) ;
#7472 = LINE ( 'NONE', #7442, #5178 ) ;
#7473 = ORIENTED_EDGE ( 'NONE', *, *, #6638, .T. ) ;
#7474 = DIRECTION ( 'NONE',  ( -2.344220913482171700E-016, 1.000000000000000000, 0.0000000000000000000 ) ) ;
#7475 = DIRECTION ( 'NONE',  ( 0.7071067811865495700, 0.0000000000000000000, 0.7071067811865454600 ) ) ;
#7476 = PLANE ( 'NONE',  #5266 ) ;
#7477 = DIRECTION ( 'NONE',  ( 0.0000000000000000000, -1.000000000000000000, -0.0000000000000000000 ) ) ;
#7478 = ADVANCED_FACE ( 'NONE', ( #11913 ), #6391, .F. ) ;
#7479 = CARTESIAN_POINT ( 'NONE',  ( -0.4649999999999979700, -0.3750000000000003300, 0.04999999999999709500 ) ) ;
#7480 = FACE_OUTER_BOUND ( 'NONE', #8589, .T. ) ;
#7481 = PRESENTATION_STYLE_ASSIGNMENT (( #6052 ) ) ;
#7482 = DIRECTION ( 'NONE',  ( 0.0000000000000000000, -1.000000000000000000, 0.0000000000000000000 ) ) ;
#7483 = AXIS2_PLACEMENT_3D ( 'NONE', #7375, #6900, #6652 ) ;
#7484 = VERTEX_POINT ( 'NONE', #2371 ) ;
#7485 = CARTESIAN_POINT ( 'NONE',  ( 1.949999999999999700, -1.100000000000000100, 2.099999999999996100 ) ) ;
#7486 = CARTESIAN_POINT ( 'NONE',  ( -0.4649999999999988600, 0.0000000000000000000, 3.499999999999985800 ) ) ;
#7487 = ORIENTED_EDGE ( 'NONE', *, *, #6215, .T. ) ;
#7488 =( LENGTH_UNIT ( ) NAMED_UNIT ( * ) SI_UNIT ( .MILLI., .METRE. ) );
#7489 =( NAMED_UNIT ( * ) PLANE_ANGLE_UNIT ( ) SI_UNIT ( $, .RADIAN. ) );
#7490 = LINE ( 'NONE', #11630, #4880 ) ;
#7491 = VERTEX_POINT ( 'NONE', #8353 ) ;
#7492 = FACE_OUTER_BOUND ( 'NONE', #10838, .T. ) ;
#7493 =( NAMED_UNIT ( * ) PLANE_ANGLE_UNIT ( ) SI_UNIT ( $, .RADIAN. ) );
#7494 = VERTEX_POINT ( 'NONE', #2462 ) ;
#7495 = AXIS2_PLACEMENT_3D ( 'NONE', #11218, #7265, #1370 ) ;
#7496 = FACE_OUTER_BOUND ( 'NONE', #4130, .T. ) ;
#7498 = VECTOR ( 'NONE', #2313, 1000.000000000000000 ) ;
#7497 = PLANE ( 'NONE',  #4196 ) ;
#7499 = SURFACE_SIDE_STYLE ('',( #1026 ) ) ;
#7500 = ORIENTED_EDGE ( 'NONE', *, *, #2981, .T. ) ;
#7501 = EDGE_CURVE ( 'NONE', #10497, #11531, #9239, .T. ) ;
#7502 = MECHANICAL_DESIGN_GEOMETRIC_PRESENTATION_REPRESENTATION (  '', ( #5550 ), #8167 ) ;
#7503 = SURFACE_STYLE_USAGE ( .BOTH. , #641 ) ;
#7504 = EDGE_CURVE ( 'NONE', #5633, #6425, #6621, .T. ) ;
#7505 = LINE ( 'NONE', #11052, #10139 ) ;
#7506 = FACE_OUTER_BOUND ( 'NONE', #6891, .T. ) ;
#7507 = VECTOR ( 'NONE', #5808, 1000.000000000000000 ) ;
#7508 = CARTESIAN_POINT ( 'NONE',  ( -0.4649999999999988600, -0.1500000000000003300, 0.2999999999999965500 ) ) ;
#7509 = ORIENTED_EDGE ( 'NONE', *, *, #11448, .T. ) ;
#7510 = VERTEX_POINT ( 'NONE', #6436 ) ;
#7511 = VECTOR ( 'NONE', #1751, 1000.000000000000000 ) ;
#7512 = PLANE ( 'NONE',  #8442 ) ;
#7513 = EDGE_CURVE ( 'NONE', #4236, #6520, #6306, .T. ) ;
#7514 = DIRECTION ( 'NONE',  ( 0.0000000000000000000, -0.7071067811865512400, -0.7071067811865439100 ) ) ;
#7515 = DIRECTION ( 'NONE',  ( 0.0000000000000000000, 0.0000000000000000000, -1.000000000000000000 ) ) ;
#7516 = ORIENTED_EDGE ( 'NONE', *, *, #8406, .T. ) ;
#7517 = ORIENTED_EDGE ( 'NONE', *, *, #2914, .F. ) ;
#7518 = CARTESIAN_POINT ( 'NONE',  ( -4.625000000000000900, -0.4000000000000005200, 0.2999999999999999900 ) ) ;
#7519 = EDGE_CURVE ( 'NONE', #7096, #1060, #8916, .T. ) ;
#7520 = LINE ( 'NONE', #9838, #5239 ) ;
#7521 = EDGE_CURVE ( 'NONE', #3451, #2468, #4020, .T. ) ;
#7522 = AXIS2_PLACEMENT_3D ( 'NONE', #3049, #5015, #11966 ) ;
#7523 = ORIENTED_EDGE ( 'NONE', *, *, #6525, .T. ) ;
#7524 = PRESENTATION_STYLE_ASSIGNMENT (( #7329 ) ) ;
#7525 = PLANE ( 'NONE',  #2294 ) ;
#7526 = ORIENTED_EDGE ( 'NONE', *, *, #1232, .T. ) ;
#7527 = ORIENTED_EDGE ( 'NONE', *, *, #2008, .F. ) ;
#7528 = VECTOR ( 'NONE', #2912, 1000.000000000000000 ) ;
#7529 =( NAMED_UNIT ( * ) SI_UNIT ( $, .STERADIAN. ) SOLID_ANGLE_UNIT ( ) );
#7530 = DIRECTION ( 'NONE',  ( 0.0000000000000000000, 0.0000000000000000000, 1.000000000000000000 ) ) ;
#7531 = MECHANICAL_DESIGN_GEOMETRIC_PRESENTATION_REPRESENTATION (  '', ( #5579 ), #8190 ) ;
#7532 = LINE ( 'NONE', #6577, #7241 ) ;
#7533 = CARTESIAN_POINT ( 'NONE',  ( -4.324999999999999300, 0.8499999999999996400, 4.699999999999996600 ) ) ;
#7534 = EDGE_CURVE ( 'NONE', #8745, #10695, #1061, .T. ) ;
#7535 = DIRECTION ( 'NONE',  ( 0.0000000000000000000, -1.000000000000000000, 0.0000000000000000000 ) ) ;
#7536 = CARTESIAN_POINT ( 'NONE',  ( 4.125000000000000000, -1.100000000000000500, 0.04999999999999731000 ) ) ;
#7537 = ADVANCED_FACE ( 'NONE', ( #10944 ), #5494, .T. ) ;
#7538 = AXIS2_PLACEMENT_3D ( 'NONE', #7740, #11002, #2311 ) ;
#7539 = ORIENTED_EDGE ( 'NONE', *, *, #275, .T. ) ;
#7540 = CARTESIAN_POINT ( 'NONE',  ( 4.324999999999995700, 0.8499999999999996400, 4.699999999999996600 ) ) ;
#7541 = PRESENTATION_LAYER_ASSIGNMENT (  '', '', ( #6229 ) ) ;
#7542 = FACE_OUTER_BOUND ( 'NONE', #9186, .T. ) ;
#7543 = ORIENTED_EDGE ( 'NONE', *, *, #7032, .F. ) ;
#7544 =( NAMED_UNIT ( * ) SI_UNIT ( $, .STERADIAN. ) SOLID_ANGLE_UNIT ( ) );
#7545 = CARTESIAN_POINT ( 'NONE',  ( 1.584693337513947900E-016, 1.200000000000000000, 0.5199999999999999100 ) ) ;
#7546 = PRESENTATION_STYLE_ASSIGNMENT (( #185 ) ) ;
#7547 = ORIENTED_EDGE ( 'NONE', *, *, #4706, .T. ) ;
#7548 = ORIENTED_EDGE ( 'NONE', *, *, #12358, .T. ) ;
#7549 = VECTOR ( 'NONE', #9967, 1000.000000000000200 ) ;
#7550 = DIRECTION ( 'NONE',  ( 1.000000000000000000, 0.0000000000000000000, 0.0000000000000000000 ) ) ;
#7551 = SURFACE_STYLE_USAGE ( .BOTH. , #684 ) ;
#7552 = DIRECTION ( 'NONE',  ( -0.0000000000000000000, 1.000000000000000000, -0.0000000000000000000 ) ) ;
#7553 = DIRECTION ( 'NONE',  ( 0.0000000000000000000, 0.7071067811865439100, -0.7071067811865512400 ) ) ;
#7554 = DIRECTION ( 'NONE',  ( 0.0000000000000000000, -1.204669080539448900E-016, -1.000000000000000000 ) ) ;
#7555 = UNCERTAINTY_MEASURE_WITH_UNIT (LENGTH_MEASURE( 1.000000000000000100E-005 ), #1639, 'distance_accuracy_value', 'NONE');
#7556 = DIRECTION ( 'NONE',  ( 0.0000000000000000000, 0.0000000000000000000, -1.000000000000000000 ) ) ;
#7557 = PRESENTATION_LAYER_ASSIGNMENT (  '', '', ( #6241 ) ) ;
#7558 =( NAMED_UNIT ( * ) SI_UNIT ( $, .STERADIAN. ) SOLID_ANGLE_UNIT ( ) );
#7559 = CARTESIAN_POINT ( 'NONE',  ( -3.550000000000001200, 2.600000000000000100, 0.6499999999999985800 ) ) ;
#7560 = VERTEX_POINT ( 'NONE', #1580 ) ;
#7561 = ORIENTED_EDGE ( 'NONE', *, *, #7850, .T. ) ;
#7562 = DIRECTION ( 'NONE',  ( 0.0000000000000000000, 0.0000000000000000000, 1.000000000000000000 ) ) ;
#7563 = AXIS2_PLACEMENT_3D ( 'NONE', #6190, #7193, #1299 ) ;
#7564 = CARTESIAN_POINT ( 'NONE',  ( -1.714999999999999000, 2.200000000000004200, 0.2999999999999988800 ) ) ;
#7565 = CARTESIAN_POINT ( 'NONE',  ( 3.285000000000001500, -0.2500000000000006700, 3.999999999999993300 ) ) ;
#7566 = MECHANICAL_DESIGN_GEOMETRIC_PRESENTATION_REPRESENTATION (  '', ( #5621 ), #8225 ) ;
#7567 = VERTEX_POINT ( 'NONE', #11419 ) ;
#7568 = DIRECTION ( 'NONE',  ( 0.0000000000000000000, 0.0000000000000000000, -1.000000000000000000 ) ) ;
#7569 = ORIENTED_EDGE ( 'NONE', *, *, #7672, .T. ) ;
#7570 = VERTEX_POINT ( 'NONE', #2557 ) ;
#7571 = ORIENTED_EDGE ( 'NONE', *, *, #8078, .T. ) ;
#7572 = LINE ( 'NONE', #7405, #12581 ) ;
#7573 = EDGE_CURVE ( 'NONE', #6141, #7510, #757, .T. ) ;
#7574 = EDGE_CURVE ( 'NONE', #11483, #11778, #5976, .T. ) ;
#7575 = CARTESIAN_POINT ( 'NONE',  ( 0.7850000000000010300, 3.100000000000000100, 0.3499999999999989800 ) ) ;
#7576 = SURFACE_STYLE_USAGE ( .BOTH. , #713 ) ;
#7577 = FACE_OUTER_BOUND ( 'NONE', #12150, .T. ) ;
#7578 = ORIENTED_EDGE ( 'NONE', *, *, #10424, .F. ) ;
#7579 = VECTOR ( 'NONE', #9665, 1000.000000000000000 ) ;
#7580 = CARTESIAN_POINT ( 'NONE',  ( -0.7849999999999988100, 0.4249999999999998200, 1.749999999999996400 ) ) ;
#7581 = CARTESIAN_POINT ( 'NONE',  ( -2.300000000000000700, 2.600000000000000100, 0.6499999999999983600 ) ) ;
#7582 = VECTOR ( 'NONE', #11390, 1000.000000000000000 ) ;
#7583 = DIRECTION ( 'NONE',  ( 0.0000000000000000000, -1.294569758191648900E-016, 1.000000000000000000 ) ) ;
#7584 = EDGE_CURVE ( 'NONE', #4726, #12667, #8295, .T. ) ;
#7585 = LINE ( 'NONE', #2080, #10221 ) ;
#7586 = DIRECTION ( 'NONE',  ( 0.0000000000000000000, -1.000000000000000000, -2.258754526011468200E-016 ) ) ;
#7587 = PLANE ( 'NONE',  #12374 ) ;
#7588 = EDGE_CURVE ( 'NONE', #2028, #2874, #455, .T. ) ;
#7589 = CARTESIAN_POINT ( 'NONE',  ( 0.4650000000000010200, 0.2499999999999996700, 0.2999999999999966000 ) ) ;
#7590 = ORIENTED_EDGE ( 'NONE', *, *, #6552, .T. ) ;
#7591 = PRESENTATION_LAYER_ASSIGNMENT (  '', '', ( #6291 ) ) ;
#7592 = LINE ( 'NONE', #1454, #10229 ) ;
#7593 = CARTESIAN_POINT ( 'NONE',  ( -5.099000000000000200, -0.8799999999999986700, 0.2999999999999999900 ) ) ;
#7594 = FACE_OUTER_BOUND ( 'NONE', #15, .T. ) ;
#7595 = EDGE_CURVE ( 'NONE', #2483, #7935, #3085, .T. ) ;
#7596 = ADVANCED_FACE ( 'NONE', ( #7665 ), #10489, .T. ) ;
#7597 = CARTESIAN_POINT ( 'NONE',  ( 2.035000000000001000, 0.4249999999999998200, 3.499999999999981300 ) ) ;
#7598 = PLANE ( 'NONE',  #6981 ) ;
#7599 = DIRECTION ( 'NONE',  ( 0.0000000000000000000, 0.0000000000000000000, -1.000000000000000000 ) ) ;
#7600 = MECHANICAL_DESIGN_GEOMETRIC_PRESENTATION_REPRESENTATION (  '', ( #5649 ), #8265 ) ;
#7601 = DIRECTION ( 'NONE',  ( 0.0000000000000000000, -1.000000000000000000, -1.070121624790885400E-015 ) ) ;
#7602 = EDGE_CURVE ( 'NONE', #381, #5884, #5075, .T. ) ;
#7603 = VERTEX_POINT ( 'NONE', #667 ) ;
#7604 = ORIENTED_EDGE ( 'NONE', *, *, #12465, .T. ) ;
#7605 = LINE ( 'NONE', #8612, #74 ) ;
#7606 = PLANE ( 'NONE',  #4948 ) ;
#7608 = LINE ( 'NONE', #4821, #2700 ) ;
#7607 =( NAMED_UNIT ( * ) SI_UNIT ( $, .STERADIAN. ) SOLID_ANGLE_UNIT ( ) );
#7609 = VECTOR ( 'NONE', #3228, 1000.000000000000000 ) ;
#7610 = VECTOR ( 'NONE', #4695, 1000.000000000000000 ) ;
#7611 = FILL_AREA_STYLE ('',( #3683 ) ) ;
#7612 = EDGE_CURVE ( 'NONE', #3572, #10508, #10310, .T. ) ;
#7613 = FILL_AREA_STYLE_COLOUR ( '', #7384 ) ;
#7614 = ORIENTED_EDGE ( 'NONE', *, *, #2850, .T. ) ;
#7615 = DIRECTION ( 'NONE',  ( 0.0000000000000000000, 0.0000000000000000000, 1.000000000000000000 ) ) ;
#7616 = MECHANICAL_DESIGN_GEOMETRIC_PRESENTATION_REPRESENTATION (  '', ( #5666 ), #8288 ) ;
#7617 = ORIENTED_EDGE ( 'NONE', *, *, #6281, .T. ) ;
#7618 = ORIENTED_EDGE ( 'NONE', *, *, #4169, .T. ) ;
#7619 = SURFACE_STYLE_FILL_AREA ( #5830 ) ;
#7620 = LINE ( 'NONE', #7243, #7010 ) ;
#7621 = DIRECTION ( 'NONE',  ( 0.0000000000000000000, -1.000000000000000000, 1.204669080539448600E-016 ) ) ;
#7622 = ORIENTED_EDGE ( 'NONE', *, *, #6957, .T. ) ;
#7623 = PLANE ( 'NONE',  #715 ) ;
#7624 = ORIENTED_EDGE ( 'NONE', *, *, #2140, .F. ) ;
#7625 = ORIENTED_EDGE ( 'NONE', *, *, #10176, .T. ) ;
#7626 = PLANE ( 'NONE',  #5608 ) ;
#7627 = UNCERTAINTY_MEASURE_WITH_UNIT (LENGTH_MEASURE( 1.000000000000000100E-005 ), #297, 'distance_accuracy_value', 'NONE');
#7628 = CARTESIAN_POINT ( 'NONE',  ( -3.674999999999998500, 2.299999999999999800, 1.749999999999996400 ) ) ;
#7629 = DIRECTION ( 'NONE',  ( 0.0000000000000000000, -1.294569758191648900E-016, 1.000000000000000000 ) ) ;
#7630 = FILL_AREA_STYLE_COLOUR ( '', #7660 ) ;
#7631 = LINE ( 'NONE', #895, #10263 ) ;
#7632 = FACE_OUTER_BOUND ( 'NONE', #3912, .T. ) ;
#7633 = EDGE_LOOP ( 'NONE', ( #8113, #178, #11598, #6217 ) ) ;
#7634 = ORIENTED_EDGE ( 'NONE', *, *, #9684, .F. ) ;
#7635 = CARTESIAN_POINT ( 'NONE',  ( 5.149000000000000900, 1.100000000000000100, 0.3039999999999999400 ) ) ;
#7636 = DIRECTION ( 'NONE',  ( 0.0000000000000000000, -1.000000000000000000, 0.0000000000000000000 ) ) ;
#7637 =( NAMED_UNIT ( * ) PLANE_ANGLE_UNIT ( ) SI_UNIT ( $, .RADIAN. ) );
#7638 = FILL_AREA_STYLE ('',( #6637 ) ) ;
#7639 = STYLED_ITEM ( 'NONE', ( #7459 ), #3696 ) ;
#7640 = PLANE ( 'NONE',  #1144 ) ;
#7641 = LINE ( 'NONE', #11446, #2410 ) ;
#7642 = UNCERTAINTY_MEASURE_WITH_UNIT (LENGTH_MEASURE( 1.000000000000000100E-005 ), #10360, 'distance_accuracy_value', 'NONE');
#7643 = STYLED_ITEM ( 'NONE', ( #3050 ), #2366 ) ;
#7644 = SURFACE_STYLE_FILL_AREA ( #9676 ) ;
#7645 = ORIENTED_EDGE ( 'NONE', *, *, #11363, .F. ) ;
#7646 = ORIENTED_EDGE ( 'NONE', *, *, #4241, .T. ) ;
#7647 = ORIENTED_EDGE ( 'NONE', *, *, #5861, .F. ) ;
#7648 = CARTESIAN_POINT ( 'NONE',  ( 1.715000000000001200, -0.1500000000000003000, 0.1799999999999965800 ) ) ;
#7649 = CARTESIAN_POINT ( 'NONE',  ( 2.965000000000001600, 0.4249999999999998200, 1.749999999999996400 ) ) ;
#7650 = LINE ( 'NONE', #12461, #10618 ) ;
#7651 = LINE ( 'NONE', #3983, #12662 ) ;
#7652 = EDGE_CURVE ( 'NONE', #981, #9839, #2446, .T. ) ;
#7653 = VECTOR ( 'NONE', #86, 1000.000000000000000 ) ;
#7654 = SURFACE_SIDE_STYLE ('',( #3232 ) ) ;
#7655 = UNCERTAINTY_MEASURE_WITH_UNIT (LENGTH_MEASURE( 1.000000000000000100E-005 ), #4732, 'distance_accuracy_value', 'NONE');
#7656 = ORIENTED_EDGE ( 'NONE', *, *, #9355, .F. ) ;
#7657 = ADVANCED_FACE ( 'NONE', ( #7985 ), #5623, .F. ) ;
#7658 = EDGE_LOOP ( 'NONE', ( #828, #856, #2152, #4767 ) ) ;
#7659 = LINE ( 'NONE', #11294, #7369 ) ;
#7660 = COLOUR_RGB ( '',0.8000000000000000400, 0.8078431372549019800, 0.8000000000000000400 ) ;
#7661 = VECTOR ( 'NONE', #8700, 1000.000000000000000 ) ;
#7662 = EDGE_CURVE ( 'NONE', #10151, #11897, #12373, .T. ) ;
#7663 = DIRECTION ( 'NONE',  ( 0.0000000000000000000, 1.000000000000000000, 4.336808689942013800E-015 ) ) ;
#7664 = ORIENTED_EDGE ( 'NONE', *, *, #11788, .T. ) ;
#7665 = FACE_OUTER_BOUND ( 'NONE', #11603, .T. ) ;
#7666 = DIRECTION ( 'NONE',  ( 0.0000000000000000000, 0.7071067811865431300, -0.7071067811865519000 ) ) ;
#7667 = PRESENTATION_LAYER_ASSIGNMENT (  '', '', ( #5050 ) ) ;
#7668 =( NAMED_UNIT ( * ) SI_UNIT ( $, .STERADIAN. ) SOLID_ANGLE_UNIT ( ) );
#7669 = ORIENTED_EDGE ( 'NONE', *, *, #11526, .F. ) ;
#7670 = ORIENTED_EDGE ( 'NONE', *, *, #10914, .T. ) ;
#7671 = CARTESIAN_POINT ( 'NONE',  ( -4.024999999999999500, 0.09999999999999982500, 1.749999999999996400 ) ) ;
#7672 = EDGE_CURVE ( 'NONE', #3860, #7491, #4769, .T. ) ;
#7673 = VECTOR ( 'NONE', #8074, 1000.000000000000000 ) ;
#7674 =( LENGTH_UNIT ( ) NAMED_UNIT ( * ) SI_UNIT ( .MILLI., .METRE. ) );
#7675 = DIRECTION ( 'NONE',  ( 0.0000000000000000000, 1.000000000000000000, 0.0000000000000000000 ) ) ;
#7676 = EDGE_CURVE ( 'NONE', #11272, #10712, #9689, .T. ) ;
#7678 = VECTOR ( 'NONE', #1707, 1000.000000000000000 ) ;
#7677 = DIRECTION ( 'NONE',  ( 0.0000000000000000000, -0.0000000000000000000, 1.000000000000000000 ) ) ;
#7679 = PRESENTATION_STYLE_ASSIGNMENT (( #4645 ) ) ;
#7680 = VERTEX_POINT ( 'NONE', #10577 ) ;
#7681 = DIRECTION ( 'NONE',  ( 0.0000000000000000000, 0.0000000000000000000, -1.000000000000000000 ) ) ;
#7682 = CARTESIAN_POINT ( 'NONE',  ( 3.285000000000001500, 2.500000000000000000, -1.084202172485504400E-016 ) ) ;
#7683 = EDGE_CURVE ( 'NONE', #3889, #1167, #4474, .T. ) ;
#7684 = MECHANICAL_DESIGN_GEOMETRIC_PRESENTATION_REPRESENTATION (  '', ( #5730 ), #8350 ) ;
#7685 = VECTOR ( 'NONE', #4292, 1000.000000000000000 ) ;
#7686 = PLANE ( 'NONE',  #10223 ) ;
#7687 = DIRECTION ( 'NONE',  ( -1.000000000000000000, 0.0000000000000000000, 0.0000000000000000000 ) ) ;
#7688 = VECTOR ( 'NONE', #1100, 1000.000000000000000 ) ;
#7689 = DIRECTION ( 'NONE',  ( 0.0000000000000000000, 1.000000000000000000, -0.0000000000000000000 ) ) ;
#7690 = CARTESIAN_POINT ( 'NONE',  ( -0.7849999999999988100, -0.6250000000000003300, 0.6499999999999964700 ) ) ;
#7691 = AXIS2_PLACEMENT_3D ( 'NONE', #1450, #8324, #2428 ) ;
#7692 = ORIENTED_EDGE ( 'NONE', *, *, #11345, .F. ) ;
#7693 = VECTOR ( 'NONE', #1284, 1000.000000000000000 ) ;
#7694 = DIRECTION ( 'NONE',  ( 0.0000000000000000000, -1.000000000000000000, -0.0000000000000000000 ) ) ;
#7695 = DIRECTION ( 'NONE',  ( 0.0000000000000000000, -1.000000000000000000, 0.0000000000000000000 ) ) ;
#7696 = VECTOR ( 'NONE', #9295, 1000.000000000000000 ) ;
#7697 = MANIFOLD_SOLID_BREP ( 'Линейный массив4[4]', #2113 ) ;
#7698 = ORIENTED_EDGE ( 'NONE', *, *, #3660, .F. ) ;
#7699 = PRESENTATION_STYLE_ASSIGNMENT (( #7119 ) ) ;
#7700 = DIRECTION ( 'NONE',  ( -3.051828337366604500E-016, 0.0000000000000000000, -1.000000000000000000 ) ) ;
#7701 = DIRECTION ( 'NONE',  ( 0.0000000000000000000, 1.000000000000000000, 1.070121624790885400E-015 ) ) ;
#7702 = ORIENTED_EDGE ( 'NONE', *, *, #10996, .F. ) ;
#7703 = AXIS2_PLACEMENT_3D ( 'NONE', #1166, #8053, #2154 ) ;
#7704 = ORIENTED_EDGE ( 'NONE', *, *, #8904, .T. ) ;
#7705 = VECTOR ( 'NONE', #1893, 1000.000000000000000 ) ;
#7706 =( NAMED_UNIT ( * ) SI_UNIT ( $, .STERADIAN. ) SOLID_ANGLE_UNIT ( ) );
#7707 = CARTESIAN_POINT ( 'NONE',  ( 0.1999999999999987900, 2.600000000000000100, 0.2999999999999978800 ) ) ;
#7708 =( NAMED_UNIT ( * ) SI_UNIT ( $, .STERADIAN. ) SOLID_ANGLE_UNIT ( ) );
#7709 = ORIENTED_EDGE ( 'NONE', *, *, #1159, .F. ) ;
#7710 = VERTEX_POINT ( 'NONE', #5700 ) ;
#7711 = PRESENTATION_LAYER_ASSIGNMENT (  '', '', ( #6424 ) ) ;
#7712 = FILL_AREA_STYLE ('',( #9672 ) ) ;
#7713 = VERTEX_POINT ( 'NONE', #12646 ) ;
#7714 = DIRECTION ( 'NONE',  ( 0.0000000000000000000, 1.000000000000000000, 4.336808689942013800E-015 ) ) ;
#7715 = COLOUR_RGB ( '',0.8000000000000000400, 0.8078431372549019800, 0.8000000000000000400 ) ;
#7716 = PLANE ( 'NONE',  #1358 ) ;
#7717 = ADVANCED_FACE ( 'NONE', ( #8438 ), #2642, .T. ) ;
#7718 = DIRECTION ( 'NONE',  ( 1.000000000000000000, 0.0000000000000000000, -0.0000000000000000000 ) ) ;
#7719 = CARTESIAN_POINT ( 'NONE',  ( 4.024999999999995900, -0.6999999999999988500, 4.399999999999994100 ) ) ;
#7720 = ORIENTED_EDGE ( 'NONE', *, *, #3330, .T. ) ;
#7721 = VECTOR ( 'NONE', #8369, 1000.000000000000000 ) ;
#7722 = VECTOR ( 'NONE', #2076, 1000.000000000000000 ) ;
#7723 = EDGE_LOOP ( 'NONE', ( #4687, #1994, #552, #9343, #2807 ) ) ;
#7724 =( NAMED_UNIT ( * ) SI_UNIT ( $, .STERADIAN. ) SOLID_ANGLE_UNIT ( ) );
#7725 = SURFACE_STYLE_FILL_AREA ( #1306 ) ;
#7726 = VECTOR ( 'NONE', #4682, 1000.000000000000200 ) ;
#7727 = CARTESIAN_POINT ( 'NONE',  ( -1.714999999999999000, 2.999999999999999600, -1.761828530288944700E-016 ) ) ;
#7728 = SURFACE_STYLE_USAGE ( .BOTH. , #859 ) ;
#7729 = VECTOR ( 'NONE', #1304, 1000.000000000000000 ) ;
#7730 =( LENGTH_UNIT ( ) NAMED_UNIT ( * ) SI_UNIT ( .MILLI., .METRE. ) );
#7731 = VECTOR ( 'NONE', #6337, 1000.000000000000000 ) ;
#7732 = EDGE_LOOP ( 'NONE', ( #800, #10286, #7924, #8527, #11437 ) ) ;
#7733 = PRESENTATION_STYLE_ASSIGNMENT (( #4070 ) ) ;
#7734 = EDGE_CURVE ( 'NONE', #5218, #9585, #4165, .T. ) ;
#7735 = LINE ( 'NONE', #12834, #213 ) ;
#7736 = VECTOR ( 'NONE', #4314, 1000.000000000000000 ) ;
#7737 = ORIENTED_EDGE ( 'NONE', *, *, #2406, .T. ) ;
#7738 = SURFACE_STYLE_FILL_AREA ( #6834 ) ;
#7739 = EDGE_CURVE ( 'NONE', #574, #6284, #12063, .T. ) ;
#7740 = CARTESIAN_POINT ( 'NONE',  ( 4.845000000000000600, -0.8799999999999986700, 1.529999999999999800 ) ) ;
#7741 = PLANE ( 'NONE',  #633 ) ;
#7742 = FILL_AREA_STYLE_COLOUR ( '', #8671 ) ;
#7743 = ORIENTED_EDGE ( 'NONE', *, *, #10331, .T. ) ;
#7744 = CARTESIAN_POINT ( 'NONE',  ( 3.050000000000000300, -1.100000000000000100, 3.249999999999995100 ) ) ;
#7745 = DIRECTION ( 'NONE',  ( 1.000000000000000000, 0.0000000000000000000, -2.990902544787597600E-016 ) ) ;
#7746 = PLANE ( 'NONE',  #8990 ) ;
#7747 = EDGE_CURVE ( 'NONE', #12634, #9140, #4910, .T. ) ;
#7748 = LINE ( 'NONE', #1319, #4248 ) ;
#7749 = LINE ( 'NONE', #3015, #2535 ) ;
#7750 = DIRECTION ( 'NONE',  ( 0.0000000000000000000, 0.7071067811865439100, -0.7071067811865512400 ) ) ;
#7751 = LINE ( 'NONE', #11843, #10077 ) ;
#7752 = EDGE_CURVE ( 'NONE', #9763, #9982, #9828, .T. ) ;
#7753 = CARTESIAN_POINT ( 'NONE',  ( -1.934999999999998500, -0.2500000000000006700, 3.999999999999993300 ) ) ;
#7754 = EDGE_CURVE ( 'NONE', #7445, #10126, #4612, .T. ) ;
#7755 = DIRECTION ( 'NONE',  ( 0.0000000000000000000, 1.000000000000000000, 0.0000000000000000000 ) ) ;
#7756 = PRESENTATION_LAYER_ASSIGNMENT (  '', '', ( #6469 ) ) ;
#7757 = SURFACE_STYLE_USAGE ( .BOTH. , #6815 ) ;
#7758 = CARTESIAN_POINT ( 'NONE',  ( 1.949999999999999700, 3.673118842698620300, 2.099999999999996100 ) ) ;
#7759 = DIRECTION ( 'NONE',  ( 0.0000000000000000000, 0.0000000000000000000, -1.000000000000000000 ) ) ;
#7760 = CARTESIAN_POINT ( 'NONE',  ( 4.193836974888971700E-016, -1.100000000000000100, 1.055999999999997600 ) ) ;
#7761 = VECTOR ( 'NONE', #5502, 1000.000000000000000 ) ;
#7762 = VECTOR ( 'NONE', #4618, 1000.000000000000000 ) ;
#7763 = FACE_OUTER_BOUND ( 'NONE', #343, .T. ) ;
#7764 = VECTOR ( 'NONE', #9383, 1000.000000000000000 ) ;
#7765 = AXIS2_PLACEMENT_3D ( 'NONE', #12293, #433, #7315 ) ;
#7766 = ORIENTED_EDGE ( 'NONE', *, *, #3020, .F. ) ;
#7767 = ORIENTED_EDGE ( 'NONE', *, *, #11028, .T. ) ;
#7768 = CARTESIAN_POINT ( 'NONE',  ( -1.714999999999999000, 3.000000000000000000, 0.4499999999999998400 ) ) ;
#7769 = EDGE_CURVE ( 'NONE', #12603, #9380, #2277, .T. ) ;
#7770 = ORIENTED_EDGE ( 'NONE', *, *, #2815, .T. ) ;
#7771 = DIRECTION ( 'NONE',  ( 0.0000000000000000000, -1.000000000000000000, 0.0000000000000000000 ) ) ;
#7772 = LINE ( 'NONE', #11033, #2872 ) ;
#7773 = CARTESIAN_POINT ( 'NONE',  ( 2.299999999999999800, 2.600000000000000100, 0.6499999999999975800 ) ) ;
#7774 = STYLED_ITEM ( 'NONE', ( #7352 ), #260 ) ;
#7775 = VECTOR ( 'NONE', #1148, 1000.000000000000000 ) ;
#7776 = DIRECTION ( 'NONE',  ( 0.0000000000000000000, 2.258754526011468200E-016, -1.000000000000000000 ) ) ;
#7777 = VERTEX_POINT ( 'NONE', #8730 ) ;
#7778 = MECHANICAL_DESIGN_GEOMETRIC_PRESENTATION_REPRESENTATION (  '', ( #6488 ), #8445 ) ;
#7779 = CARTESIAN_POINT ( 'NONE',  ( 2.035000000000001000, -0.1500000000000003300, 0.2999999999999965500 ) ) ;
#7780 = ORIENTED_EDGE ( 'NONE', *, *, #1843, .F. ) ;
#7781 = ADVANCED_FACE ( 'NONE', ( #1683 ), #2858, .T. ) ;
#7782 = UNCERTAINTY_MEASURE_WITH_UNIT (LENGTH_MEASURE( 1.000000000000000100E-005 ), #2478, 'distance_accuracy_value', 'NONE');
#7783 = ORIENTED_EDGE ( 'NONE', *, *, #2658, .T. ) ;
#7784 = PRODUCT_DEFINITION ( 'UNKNOWN', '', #8453, #10166 ) ;
#7785 = PRESENTATION_STYLE_ASSIGNMENT (( #10643 ) ) ;
#7786 = LINE ( 'NONE', #3722, #12808 ) ;
#7787 = LINE ( 'NONE', #6374, #12810 ) ;
#7788 = VECTOR ( 'NONE', #5342, 999.9999999999998900 ) ;
#7789 =( LENGTH_UNIT ( ) NAMED_UNIT ( * ) SI_UNIT ( .MILLI., .METRE. ) );
#7790 = ORIENTED_EDGE ( 'NONE', *, *, #12451, .F. ) ;
#7791 = DIRECTION ( 'NONE',  ( 0.0000000000000000000, 0.0000000000000000000, -1.000000000000000000 ) ) ;
#7792 = CARTESIAN_POINT ( 'NONE',  ( -1.714999999999999000, 0.4249999999999998200, 3.999999999999993300 ) ) ;
#7793 = SURFACE_STYLE_USAGE ( .BOTH. , #922 ) ;
#7794 = ORIENTED_EDGE ( 'NONE', *, *, #4254, .T. ) ;
#7795 = CARTESIAN_POINT ( 'NONE',  ( 2.965000000000001600, 2.200000000000004200, 0.2999999999999988800 ) ) ;
#7796 = AXIS2_PLACEMENT_3D ( 'NONE', #4488, #11389, #5461 ) ;
#7797 = LINE ( 'NONE', #6233, #12822 ) ;
#7798 = PLANE ( 'NONE',  #5019 ) ;
#7799 = DIRECTION ( 'NONE',  ( 0.0000000000000000000, 1.000000000000000000, 0.0000000000000000000 ) ) ;
#7800 =( NAMED_UNIT ( * ) PLANE_ANGLE_UNIT ( ) SI_UNIT ( $, .RADIAN. ) );
#7801 = CARTESIAN_POINT ( 'NONE',  ( -0.4649999999999988600, -0.1500000000000003300, 0.2999999999999965500 ) ) ;
#7802 = CARTESIAN_POINT ( 'NONE',  ( 4.125000000000000000, 1.700000000000000000, 0.04999999999999731000 ) ) ;
#7803 = COLOUR_RGB ( '',0.8000000000000000400, 0.8078431372549019800, 0.8000000000000000400 ) ;
#7804 = VERTEX_POINT ( 'NONE', #6778 ) ;
#7805 = DIRECTION ( 'NONE',  ( 0.0000000000000000000, -0.7071067811865439100, 0.7071067811865512400 ) ) ;
#7806 = VERTEX_POINT ( 'NONE', #2900 ) ;
#7807 = ADVANCED_FACE ( 'NONE', ( #3380 ), #9772, .T. ) ;
#7808 = VECTOR ( 'NONE', #8415, 1000.000000000000000 ) ;
#7809 = CARTESIAN_POINT ( 'NONE',  ( -3.284999999999998800, 0.3499999999999997000, 3.499999999999982200 ) ) ;
#7810 = PRESENTATION_LAYER_ASSIGNMENT (  '', '', ( #6513 ) ) ;
#7811 = DIRECTION ( 'NONE',  ( 1.000000000000000000, 0.0000000000000000000, 2.304851557154560700E-017 ) ) ;
#7812 =( GEOMETRIC_REPRESENTATION_CONTEXT ( 3 ) GLOBAL_UNCERTAINTY_ASSIGNED_CONTEXT ( ( #9149 ) ) GLOBAL_UNIT_ASSIGNED_CONTEXT ( ( #2409, #9305, #3423 ) ) REPRESENTATION_CONTEXT ( 'NONE', 'WORKASPACE' ) );
#7813 = LINE ( 'NONE', #12731, #12831 ) ;
#7814 = ORIENTED_EDGE ( 'NONE', *, *, #4795, .T. ) ;
#7815 = DIRECTION ( 'NONE',  ( 1.000000000000000000, 2.344220913482171800E-017, 0.0000000000000000000 ) ) ;
#7816 = VERTEX_POINT ( 'NONE', #1947 ) ;
#7817 = ORIENTED_EDGE ( 'NONE', *, *, #8475, .T. ) ;
#7818 = CARTESIAN_POINT ( 'NONE',  ( 5.424333333333335000, -1.205333333333331100, 0.9506666666666645500 ) ) ;
#7819 = EDGE_CURVE ( 'NONE', #7120, #6661, #747, .T. ) ;
#7820 = DIRECTION ( 'NONE',  ( 0.0000000000000000000, 0.0000000000000000000, -1.000000000000000000 ) ) ;
#7821 = COLOUR_RGB ( '',0.8000000000000000400, 0.8078431372549019800, 0.8000000000000000400 ) ;
#7822 = EDGE_CURVE ( 'NONE', #11816, #655, #10932, .T. ) ;
#7823 = ORIENTED_EDGE ( 'NONE', *, *, #2572, .T. ) ;
#7824 = LINE ( 'NONE', #5330, #5247 ) ;
#7825 = MECHANICAL_DESIGN_GEOMETRIC_PRESENTATION_REPRESENTATION (  '', ( #5854 ), #8486 ) ;
#7826 =( NAMED_UNIT ( * ) SI_UNIT ( $, .STERADIAN. ) SOLID_ANGLE_UNIT ( ) );
#7827 = EDGE_CURVE ( 'NONE', #3417, #12603, #9975, .T. ) ;
#7828 = CARTESIAN_POINT ( 'NONE',  ( -1.714999999999999000, 0.4249999999999998200, 0.6499999999999964700 ) ) ;
#7829 = EDGE_LOOP ( 'NONE', ( #2731, #6343, #2611, #12840 ) ) ;
#7830 = EDGE_LOOP ( 'NONE', ( #3352, #4555, #10100, #6173 ) ) ;
#7831 = EDGE_CURVE ( 'NONE', #9431, #2639, #2121, .T. ) ;
#7832 = VECTOR ( 'NONE', #3916, 1000.000000000000200 ) ;
#7833 = LINE ( 'NONE', #2179, #10168 ) ;
#7834 = EDGE_CURVE ( 'NONE', #7117, #782, #9675, .T. ) ;
#7835 = DIRECTION ( 'NONE',  ( 1.000000000000000000, 0.0000000000000000000, -4.371782953570583600E-016 ) ) ;
#7836 = CARTESIAN_POINT ( 'NONE',  ( 4.625000000000000900, 1.399999999999998600, 1.699999999999989700 ) ) ;
#7837 = STYLED_ITEM ( 'NONE', ( #7699 ), #6593 ) ;
#7838 = CARTESIAN_POINT ( 'NONE',  ( 1.715000000000001200, -0.3750000000000005000, 3.499999999999982200 ) ) ;
#7839 = SURFACE_STYLE_FILL_AREA ( #2503 ) ;
#7840 = DIRECTION ( 'NONE',  ( 0.0000000000000000000, -0.7071067811865496800, -0.7071067811865453500 ) ) ;
#7841 = EDGE_CURVE ( 'NONE', #5778, #6719, #4461, .T. ) ;
#7842 = EDGE_LOOP ( 'NONE', ( #3716, #6862, #11222, #7111, #5334, #12709, #3598, #9576, #771, #9202, #1379, #3780, #8643, #7547, #1183, #8031, #1757, #661 ) ) ;
#7843 = COLOUR_RGB ( '',0.8000000000000000400, 0.8078431372549019800, 0.8000000000000000400 ) ;
#7844 = PRESENTATION_LAYER_ASSIGNMENT (  '', '', ( #6554 ) ) ;
#7845 = SURFACE_SIDE_STYLE ('',( #9212 ) ) ;
#7846 = PLANE ( 'NONE',  #611 ) ;
#7847 = LINE ( 'NONE', #2923, #5571 ) ;
#7848 = CARTESIAN_POINT ( 'NONE',  ( -5.625000000000000000, -1.100000000000000100, 0.2999999999999999300 ) ) ;
#7849 = CARTESIAN_POINT ( 'NONE',  ( -3.050000000000000300, 2.123118842698621800, 2.099999999999996100 ) ) ;
#7850 = EDGE_CURVE ( 'NONE', #1548, #3231, #12044, .T. ) ;
#7851 = CARTESIAN_POINT ( 'NONE',  ( 5.099000000000000200, -0.8799999999999986700, 1.275999999999999600 ) ) ;
#7852 = ADVANCED_FACE ( 'NONE', ( #11726 ), #8124, .F. ) ;
#7853 = CARTESIAN_POINT ( 'NONE',  ( -5.149000000000000900, 1.100000000000000100, 1.530000000000000000 ) ) ;
#7854 = DIRECTION ( 'NONE',  ( 1.000000000000000000, 0.0000000000000000000, 0.0000000000000000000 ) ) ;
#7855 = SURFACE_STYLE_FILL_AREA ( #6257 ) ;
#7856 = CARTESIAN_POINT ( 'NONE',  ( 5.099000000000000200, 1.200000000000000000, 1.275999999999999600 ) ) ;
#7857 = EDGE_LOOP ( 'NONE', ( #7302, #724, #11949, #3083 ) ) ;
#7858 = EDGE_CURVE ( 'NONE', #6161, #7150, #5814, .T. ) ;
#7859 = ORIENTED_EDGE ( 'NONE', *, *, #10428, .T. ) ;
#7860 = ORIENTED_EDGE ( 'NONE', *, *, #9845, .F. ) ;
#7861 = LINE ( 'NONE', #111, #5581 ) ;
#7862 = MECHANICAL_DESIGN_GEOMETRIC_PRESENTATION_REPRESENTATION (  '', ( #5881 ), #8523 ) ;
#7863 = MANIFOLD_SOLID_BREP ( 'Линейный массив4[2]', #10280 ) ;
#7864 = UNCERTAINTY_MEASURE_WITH_UNIT (LENGTH_MEASURE( 1.000000000000000100E-005 ), #1359, 'distance_accuracy_value', 'NONE');
#7865 = FILL_AREA_STYLE ('',( #9803 ) ) ;
#7866 = DIRECTION ( 'NONE',  ( -0.0000000000000000000, 0.7071067811865520100, 0.7071067811865431300 ) ) ;
#7867 = MECHANICAL_DESIGN_GEOMETRIC_PRESENTATION_REPRESENTATION (  '', ( #5889 ), #8532 ) ;
#7868 = VECTOR ( 'NONE', #7889, 999.9999999999998900 ) ;
#7869 = ORIENTED_EDGE ( 'NONE', *, *, #9091, .T. ) ;
#7870 = EDGE_LOOP ( 'NONE', ( #8679, #7766, #9035, #6238 ) ) ;
#7871 = DIRECTION ( 'NONE',  ( 0.0000000000000000000, 0.0000000000000000000, 1.000000000000000000 ) ) ;
#7872 = VECTOR ( 'NONE', #1733, 1000.000000000000000 ) ;
#7873 =( NAMED_UNIT ( * ) PLANE_ANGLE_UNIT ( ) SI_UNIT ( $, .RADIAN. ) );
#7874 = ADVANCED_FACE ( 'NONE', ( #12502 ), #7961, .F. ) ;
#7875 = SURFACE_STYLE_USAGE ( .BOTH. , #3813 ) ;
#7876 = VECTOR ( 'NONE', #1030, 1000.000000000000000 ) ;
#7877 = VERTEX_POINT ( 'NONE', #3032 ) ;
#7878 = COLOUR_RGB ( '',0.8000000000000000400, 0.8078431372549019800, 0.8000000000000000400 ) ;
#7879 = DIRECTION ( 'NONE',  ( 1.000000000000000000, 0.0000000000000000000, 0.0000000000000000000 ) ) ;
#7880 = ORIENTED_EDGE ( 'NONE', *, *, #8478, .T. ) ;
#7881 = ORIENTED_EDGE ( 'NONE', *, *, #8997, .T. ) ;
#7882 = CARTESIAN_POINT ( 'NONE',  ( -2.964999999999998100, 0.4249999999999998200, 0.04999999999999709500 ) ) ;
#7883 = LINE ( 'NONE', #1478, #5299 ) ;
#7884 = CARTESIAN_POINT ( 'NONE',  ( 2.035000000000001000, -0.1500000000000003000, 0.1799999999999965800 ) ) ;
#7885 = DIRECTION ( 'NONE',  ( 2.304851557154560700E-017, 0.0000000000000000000, 1.000000000000000000 ) ) ;
#7886 = MECHANICAL_DESIGN_GEOMETRIC_PRESENTATION_REPRESENTATION (  '', ( #5910 ), #8548 ) ;
#7887 = LINE ( 'NONE', #5618, #2672 ) ;
#7888 = AXIS2_PLACEMENT_3D ( 'NONE', #6889, #5804, #5963 ) ;
#7889 = DIRECTION ( 'NONE',  ( 0.0000000000000000000, -0.7071067811865441300, 0.7071067811865510100 ) ) ;
#7890 = DIRECTION ( 'NONE',  ( 1.000000000000000000, 0.0000000000000000000, 0.0000000000000000000 ) ) ;
#7891 = ORIENTED_EDGE ( 'NONE', *, *, #7094, .F. ) ;
#7892 = CARTESIAN_POINT ( 'NONE',  ( -4.625000000000000900, 2.600000000000000100, 0.04999999999999996800 ) ) ;
#7893 = VECTOR ( 'NONE', #12656, 1000.000000000000000 ) ;
#7894 = FACE_OUTER_BOUND ( 'NONE', #2120, .T. ) ;
#7895 = LINE ( 'NONE', #10368, #7582 ) ;
#7896 = DIRECTION ( 'NONE',  ( 1.000000000000000000, 0.0000000000000000000, 0.0000000000000000000 ) ) ;
#7897 = CARTESIAN_POINT ( 'NONE',  ( 3.285000000000001500, 0.2499999999999996700, 0.2999999999999966000 ) ) ;
#7898 = EDGE_LOOP ( 'NONE', ( #2238, #10290, #11463, #4365 ) ) ;
#7899 = FACE_OUTER_BOUND ( 'NONE', #9436, .T. ) ;
#7900 = CARTESIAN_POINT ( 'NONE',  ( -2.349999999999999600, -0.6999999999999988500, 4.399999999999992400 ) ) ;
#7901 = FILL_AREA_STYLE_COLOUR ( '', #7152 ) ;
#7902 =( NAMED_UNIT ( * ) PLANE_ANGLE_UNIT ( ) SI_UNIT ( $, .RADIAN. ) );
#7903 = ORIENTED_EDGE ( 'NONE', *, *, #704, .F. ) ;
#7904 = ORIENTED_EDGE ( 'NONE', *, *, #11455, .F. ) ;
#7905 = CARTESIAN_POINT ( 'NONE',  ( -2.964999999999998100, 0.4249999999999998200, 0.04999999999999709500 ) ) ;
#7906 = FILL_AREA_STYLE ('',( #6928 ) ) ;
#7907 = LINE ( 'NONE', #9616, #5324 ) ;
#7908 = AXIS2_PLACEMENT_3D ( 'NONE', #9458, #3576, #10458 ) ;
#7909 = CARTESIAN_POINT ( 'NONE',  ( -2.964999999999999000, 0.0000000000000000000, 3.499999999999985800 ) ) ;
#7910 = DIRECTION ( 'NONE',  ( -0.0000000000000000000, 0.0000000000000000000, 1.000000000000000000 ) ) ;
#7911 = DIRECTION ( 'NONE',  ( 0.0000000000000000000, -1.000000000000000000, -0.0000000000000000000 ) ) ;
#7912 =( NAMED_UNIT ( * ) SI_UNIT ( $, .STERADIAN. ) SOLID_ANGLE_UNIT ( ) );
#7913 = EDGE_CURVE ( 'NONE', #1123, #11687, #4601, .T. ) ;
#7914 = ORIENTED_EDGE ( 'NONE', *, *, #11952, .F. ) ;
#7915 = STYLED_ITEM ( 'NONE', ( #1440 ), #6113 ) ;
#7916 = DIRECTION ( 'NONE',  ( 0.0000000000000000000, -1.070121624790885400E-015, 1.000000000000000000 ) ) ;
#7917 = ADVANCED_FACE ( 'NONE', ( #9812 ), #6050, .T. ) ;
#7918 = ORIENTED_EDGE ( 'NONE', *, *, #2236, .T. ) ;
#7919 = ORIENTED_EDGE ( 'NONE', *, *, #504, .F. ) ;
#7920 = LINE ( 'NONE', #10095, #77 ) ;
#7921 = LINE ( 'NONE', #5648, #5337 ) ;
#7922 = EDGE_CURVE ( 'NONE', #3132, #7713, #1039, .T. ) ;
#7923 = SURFACE_STYLE_USAGE ( .BOTH. , #1047 ) ;
#7924 = ORIENTED_EDGE ( 'NONE', *, *, #6697, .T. ) ;
#7925 = CARTESIAN_POINT ( 'NONE',  ( -2.849999999999999200, 0.8499999999999996400, 3.224999999999987200 ) ) ;
#7926 = ORIENTED_EDGE ( 'NONE', *, *, #5052, .F. ) ;
#7927 = CARTESIAN_POINT ( 'NONE',  ( 4.024999999999995900, 1.700000000000000200, 3.699999999999996600 ) ) ;
#7928 = DIRECTION ( 'NONE',  ( -0.0000000000000000000, 0.0000000000000000000, 1.000000000000000000 ) ) ;
#7929 = EDGE_CURVE ( 'NONE', #7560, #6569, #8570, .T. ) ;
#7930 = DIRECTION ( 'NONE',  ( -1.000000000000000000, 0.0000000000000000000, -0.0000000000000000000 ) ) ;
#7931 = COLOUR_RGB ( '',0.8000000000000000400, 0.8078431372549019800, 0.8000000000000000400 ) ;
#7932 = FACE_OUTER_BOUND ( 'NONE', #11159, .T. ) ;
#7933 = LINE ( 'NONE', #12715, #10255 ) ;
#7934 = EDGE_CURVE ( 'NONE', #9814, #8599, #11243, .T. ) ;
#7935 = VERTEX_POINT ( 'NONE', #1199 ) ;
#7936 = DIRECTION ( 'NONE',  ( 1.000000000000000000, 0.0000000000000000000, 0.0000000000000000000 ) ) ;
#7937 = CARTESIAN_POINT ( 'NONE',  ( -1.714999999999999000, -0.2500000000000006700, 3.999999999999993300 ) ) ;
#7938 = PLANE ( 'NONE',  #3856 ) ;
#7939 = CARTESIAN_POINT ( 'NONE',  ( 1.715000000000001200, -0.3750000000000001100, 0.6499999999999975800 ) ) ;
#7940 = DIRECTION ( 'NONE',  ( 0.7071067811865492400, 0.0000000000000000000, -0.7071067811865458000 ) ) ;
#7941 = VERTEX_POINT ( 'NONE', #9092 ) ;
#7942 = DIRECTION ( 'NONE',  ( 1.000000000000000000, 0.0000000000000000000, 4.371782953570583600E-016 ) ) ;
#7943 =( NAMED_UNIT ( * ) SI_UNIT ( $, .STERADIAN. ) SOLID_ANGLE_UNIT ( ) );
#7944 = CARTESIAN_POINT ( 'NONE',  ( -0.4649999999999988600, 3.000000000000000000, 0.4499999999999998400 ) ) ;
#7945 = ADVANCED_FACE ( 'NONE', ( #3058 ), #11100, .F. ) ;
#7946 = VECTOR ( 'NONE', #4083, 1000.000000000000000 ) ;
#7947 = CARTESIAN_POINT ( 'NONE',  ( 2.035000000000001000, -0.3750000000000005000, 3.499999999999986700 ) ) ;
#7948 = LINE ( 'NONE', #6882, #9943 ) ;
#7949 = AXIS2_PLACEMENT_3D ( 'NONE', #5071, #6032, #150 ) ;
#7950 = SURFACE_STYLE_FILL_AREA ( #7865 ) ;
#7951 = COLOUR_RGB ( '',0.8000000000000000400, 0.8078431372549019800, 0.8000000000000000400 ) ;
#7952 =( LENGTH_UNIT ( ) NAMED_UNIT ( * ) SI_UNIT ( .MILLI., .METRE. ) );
#7953 = ORIENTED_EDGE ( 'NONE', *, *, #10749, .T. ) ;
#7954 = DIRECTION ( 'NONE',  ( -0.0000000000000000000, 0.0000000000000000000, -1.000000000000000000 ) ) ;
#7955 = FILL_AREA_STYLE_COLOUR ( '', #10388 ) ;
#7956 = CARTESIAN_POINT ( 'NONE',  ( 2.128248708952976800E-017, 0.0000000000000000000, 0.04999999999999867100 ) ) ;
#7957 = MECHANICAL_DESIGN_GEOMETRIC_PRESENTATION_REPRESENTATION (  '', ( #5970 ), #8609 ) ;
#7958 = LINE ( 'NONE', #9422, #100 ) ;
#7959 =( GEOMETRIC_REPRESENTATION_CONTEXT ( 3 ) GLOBAL_UNCERTAINTY_ASSIGNED_CONTEXT ( ( #6397 ) ) GLOBAL_UNIT_ASSIGNED_CONTEXT ( ( #7789, #1912, #8788 ) ) REPRESENTATION_CONTEXT ( 'NONE', 'WORKASPACE' ) );
#7960 = ORIENTED_EDGE ( 'NONE', *, *, #5397, .T. ) ;
#7961 = PLANE ( 'NONE',  #2600 ) ;
#7962 =( NAMED_UNIT ( * ) PLANE_ANGLE_UNIT ( ) SI_UNIT ( $, .RADIAN. ) );
#7963 = PLANE ( 'NONE',  #11161 ) ;
#7964 = VECTOR ( 'NONE', #7417, 1000.000000000000000 ) ;
#7965 = EDGE_LOOP ( 'NONE', ( #12684, #12472, #10471, #1209 ) ) ;
#7966 = ORIENTED_EDGE ( 'NONE', *, *, #12601, .F. ) ;
#7967 = VECTOR ( 'NONE', #11101, 1000.000000000000000 ) ;
#7968 = LINE ( 'NONE', #9981, #114 ) ;
#7969 = AXIS2_PLACEMENT_3D ( 'NONE', #8592, #9339, #9426 ) ;
#7970 = CARTESIAN_POINT ( 'NONE',  ( 2.035000000000001000, -0.3750000000000001100, 0.6499999999999975800 ) ) ;
#7971 = DIRECTION ( 'NONE',  ( -0.7071067811865468000, 0.0000000000000000000, 0.7071067811865483500 ) ) ;
#7972 = ORIENTED_EDGE ( 'NONE', *, *, #1747, .T. ) ;
#7973 = ORIENTED_EDGE ( 'NONE', *, *, #9010, .F. ) ;
#7974 = DIRECTION ( 'NONE',  ( -0.0000000000000000000, 0.0000000000000000000, 1.000000000000000000 ) ) ;
#7975 = ORIENTED_EDGE ( 'NONE', *, *, #7652, .F. ) ;
#7976 = PRESENTATION_LAYER_ASSIGNMENT (  '', '', ( #6677 ) ) ;
#7977 = LINE ( 'NONE', #6803, #2757 ) ;
#7978 = LINE ( 'NONE', #553, #2761 ) ;
#7979 = SURFACE_SIDE_STYLE ('',( #6949 ) ) ;
#7980 =( NAMED_UNIT ( * ) PLANE_ANGLE_UNIT ( ) SI_UNIT ( $, .RADIAN. ) );
#7981 = CARTESIAN_POINT ( 'NONE',  ( 0.0000000000000000000, -1.100000000000000100, 1.749999999999999600 ) ) ;
#7982 = VECTOR ( 'NONE', #4851, 1000.000000000000000 ) ;
#7983 = PLANE ( 'NONE',  #7949 ) ;
#7984 = ORIENTED_EDGE ( 'NONE', *, *, #4565, .T. ) ;
#7985 = FACE_OUTER_BOUND ( 'NONE', #10804, .T. ) ;
#7986 = DIRECTION ( 'NONE',  ( -1.000000000000000000, 0.0000000000000000000, 4.371782953570583600E-016 ) ) ;
#7987 = ADVANCED_FACE ( 'NONE', ( #4740 ), #12162, .F. ) ;
#7988 = EDGE_LOOP ( 'NONE', ( #8193, #11557, #9397, #8371 ) ) ;
#7989 = ORIENTED_EDGE ( 'NONE', *, *, #6626, .F. ) ;
#7990 = CARTESIAN_POINT ( 'NONE',  ( 4.825000000000000200, 1.700000000000000000, 2.200000000000000200 ) ) ;
#7991 = CARTESIAN_POINT ( 'NONE',  ( -2.964999999999999000, -0.6250000000000003300, 0.2999999999999964900 ) ) ;
#7992 =( GEOMETRIC_REPRESENTATION_CONTEXT ( 3 ) GLOBAL_UNCERTAINTY_ASSIGNED_CONTEXT ( ( #5899 ) ) GLOBAL_UNIT_ASSIGNED_CONTEXT ( ( #1109, #7995, #2103 ) ) REPRESENTATION_CONTEXT ( 'NONE', 'WORKASPACE' ) );
#7993 = FACE_OUTER_BOUND ( 'NONE', #7039, .T. ) ;
#7994 = FACE_OUTER_BOUND ( 'NONE', #2069, .T. ) ;
#7995 =( NAMED_UNIT ( * ) PLANE_ANGLE_UNIT ( ) SI_UNIT ( $, .RADIAN. ) );
#7996 = EDGE_CURVE ( 'NONE', #12753, #8599, #7350, .T. ) ;
#7997 = ORIENTED_EDGE ( 'NONE', *, *, #11014, .T. ) ;
#7998 = COLOUR_RGB ( '',0.8000000000000000400, 0.8078431372549019800, 0.8000000000000000400 ) ;
#7999 = EDGE_CURVE ( 'NONE', #5408, #9982, #5952, .T. ) ;
#8000 = CARTESIAN_POINT ( 'NONE',  ( -4.125000000000000000, 1.700000000000000000, 0.04999999999999980800 ) ) ;
#8001 = SURFACE_STYLE_FILL_AREA ( #7337 ) ;
#8002 = CARTESIAN_POINT ( 'NONE',  ( 2.035000000000001000, 2.350000000000003600, 0.6499999999999985800 ) ) ;
#8003 = EDGE_CURVE ( 'NONE', #6672, #5837, #12352, .T. ) ;
#8004 = LINE ( 'NONE', #1308, #8316 ) ;
#8005 = ADVANCED_FACE ( 'NONE', ( #12033 ), #4280, .F. ) ;
#8006 = VECTOR ( 'NONE', #7942, 1000.000000000000000 ) ;
#8007 = ORIENTED_EDGE ( 'NONE', *, *, #682, .T. ) ;
#8008 = CARTESIAN_POINT ( 'NONE',  ( 4.625000000000000900, 2.600000000000000100, 1.749999999999996400 ) ) ;
#8009 = EDGE_CURVE ( 'NONE', #3035, #6719, #2110, .T. ) ;
#8010 = LINE ( 'NONE', #1381, #10022 ) ;
#8011 = DIRECTION ( 'NONE',  ( -0.0000000000000000000, 0.0000000000000000000, 1.000000000000000000 ) ) ;
#8012 = CARTESIAN_POINT ( 'NONE',  ( -4.024999999999999500, -0.6999999999999988500, 4.399999999999992400 ) ) ;
#8013 = DIRECTION ( 'NONE',  ( 3.051828337366604500E-016, 0.0000000000000000000, 1.000000000000000000 ) ) ;
#8014 = ORIENTED_EDGE ( 'NONE', *, *, #12280, .F. ) ;
#8015 = DIRECTION ( 'NONE',  ( 0.0000000000000000000, -1.000000000000000000, -0.0000000000000000000 ) ) ;
#8016 = VECTOR ( 'NONE', #12056, 1000.000000000000000 ) ;
#8017 = ORIENTED_EDGE ( 'NONE', *, *, #2064, .T. ) ;
#8018 = PRESENTATION_LAYER_ASSIGNMENT (  '', '', ( #6724 ) ) ;
#8019 = DIRECTION ( 'NONE',  ( -1.000000000000000000, 0.0000000000000000000, 0.0000000000000000000 ) ) ;
#8020 = VERTEX_POINT ( 'NONE', #9223 ) ;
#8021 = CARTESIAN_POINT ( 'NONE',  ( 0.7850000000000018100, -0.3750000000000003300, 1.749999999999996400 ) ) ;
#8022 = LINE ( 'NONE', #3839, #7705 ) ;
#8023 = EDGE_CURVE ( 'NONE', #9679, #9434, #4141, .T. ) ;
#8024 = CARTESIAN_POINT ( 'NONE',  ( -2.964999999999999000, -0.3750000000000001100, 0.6499999999999975800 ) ) ;
#8025 = EDGE_LOOP ( 'NONE', ( #5957, #3985, #6848, #12697, #5951, #1342 ) ) ;
#8026 = FILL_AREA_STYLE_COLOUR ( '', #2150 ) ;
#8027 = CARTESIAN_POINT ( 'NONE',  ( 5.625000000000000000, 1.700000000000000000, 0.2999999999999999300 ) ) ;
#8028 = CARTESIAN_POINT ( 'NONE',  ( 3.285000000000001500, 0.4249999999999998200, 0.6499999999999964700 ) ) ;
#8029 = CARTESIAN_POINT ( 'NONE',  ( -1.450000000000000200, 2.600000000000000100, 0.6499999999999983600 ) ) ;
#8030 = DIRECTION ( 'NONE',  ( -0.0000000000000000000, 1.000000000000000000, -0.0000000000000000000 ) ) ;
#8031 = ORIENTED_EDGE ( 'NONE', *, *, #8179, .T. ) ;
#8032 = VECTOR ( 'NONE', #12712, 1000.000000000000000 ) ;
#8033 = ORIENTED_EDGE ( 'NONE', *, *, #10266, .T. ) ;
#8034 = VERTEX_POINT ( 'NONE', #5318 ) ;
#8035 = FACE_OUTER_BOUND ( 'NONE', #7870, .T. ) ;
#8036 = DIRECTION ( 'NONE',  ( 0.0000000000000000000, -0.7071067811865439100, 0.7071067811865512400 ) ) ;
#8037 = DIRECTION ( 'NONE',  ( 0.0000000000000000000, -1.000000000000000000, 0.0000000000000000000 ) ) ;
#8038 = CARTESIAN_POINT ( 'NONE',  ( 2.849999999999995600, 0.09999999999999982500, 3.224999999999987200 ) ) ;
#8039 = AXIS2_PLACEMENT_3D ( 'NONE', #6866, #964, #7835 ) ;
#8040 = VECTOR ( 'NONE', #6814, 1000.000000000000000 ) ;
#8041 = UNCERTAINTY_MEASURE_WITH_UNIT (LENGTH_MEASURE( 1.000000000000000100E-005 ), #2759, 'distance_accuracy_value', 'NONE');
#8042 =( LENGTH_UNIT ( ) NAMED_UNIT ( * ) SI_UNIT ( .MILLI., .METRE. ) );
#8043 = EDGE_LOOP ( 'NONE', ( #11069, #7578, #4912, #10301 ) ) ;
#8044 = LINE ( 'NONE', #12331, #10690 ) ;
#8045 = LINE ( 'NONE', #6944, #195 ) ;
#8046 = VERTEX_POINT ( 'NONE', #3331 ) ;
#8047 = VECTOR ( 'NONE', #2698, 1000.000000000000000 ) ;
#8048 =( LENGTH_UNIT ( ) NAMED_UNIT ( * ) SI_UNIT ( .MILLI., .METRE. ) );
#8049 = ADVANCED_FACE ( 'NONE', ( #9352 ), #11231, .T. ) ;
#8050 = LINE ( 'NONE', #11154, #7729 ) ;
#8051 =( GEOMETRIC_REPRESENTATION_CONTEXT ( 3 ) GLOBAL_UNCERTAINTY_ASSIGNED_CONTEXT ( ( #2606 ) ) GLOBAL_UNIT_ASSIGNED_CONTEXT ( ( #2213, #9123, #3240 ) ) REPRESENTATION_CONTEXT ( 'NONE', 'WORKASPACE' ) );
#8052 = VECTOR ( 'NONE', #1434, 1000.000000000000200 ) ;
#8053 = DIRECTION ( 'NONE',  ( 0.0000000000000000000, 0.9701425001453327600, -0.2425356250363297200 ) ) ;
#8054 = VERTEX_POINT ( 'NONE', #3374 ) ;
#8055 = FILL_AREA_STYLE_COLOUR ( '', #1599 ) ;
#8056 =( NAMED_UNIT ( * ) SI_UNIT ( $, .STERADIAN. ) SOLID_ANGLE_UNIT ( ) );
#8057 = DIRECTION ( 'NONE',  ( -0.0000000000000000000, 1.000000000000000000, 0.0000000000000000000 ) ) ;
#8058 = PLANE ( 'NONE',  #2676 ) ;
#8059 = VECTOR ( 'NONE', #6227, 1000.000000000000000 ) ;
#8060 = LINE ( 'NONE', #10670, #10708 ) ;
#8061 = STYLED_ITEM ( 'NONE', ( #3655 ), #2514 ) ;
#8062 = DIRECTION ( 'NONE',  ( -1.000000000000000000, -0.0000000000000000000, -0.0000000000000000000 ) ) ;
#8063 = DIRECTION ( 'NONE',  ( -0.9805806756909208900, 0.0000000000000000000, 0.1961161351381804100 ) ) ;
#8064 = CARTESIAN_POINT ( 'NONE',  ( 0.7850000000000010300, -0.6250000000000003300, 0.6499999999999964700 ) ) ;
#8065 = EDGE_LOOP ( 'NONE', ( #8951, #823, #10110, #7208 ) ) ;
#8066 = DIRECTION ( 'NONE',  ( 0.0000000000000000000, 0.7071067811865439100, -0.7071067811865512400 ) ) ;
#8067 = DIRECTION ( 'NONE',  ( 0.0000000000000000000, -1.000000000000000000, 0.0000000000000000000 ) ) ;
#8068 = VECTOR ( 'NONE', #8940, 1000.000000000000000 ) ;
#8069 = CARTESIAN_POINT ( 'NONE',  ( -1.714999999999999000, 3.100000000000000100, 0.09999999999999947800 ) ) ;
#8070 = VECTOR ( 'NONE', #4822, 1000.000000000000000 ) ;
#8071 = DIRECTION ( 'NONE',  ( 0.0000000000000000000, -0.7071067811865496800, -0.7071067811865453500 ) ) ;
#8072 = EDGE_CURVE ( 'NONE', #10070, #9216, #7035, .T. ) ;
#8073 = CARTESIAN_POINT ( 'NONE',  ( 3.285000000000001500, 2.200000000000004200, 0.2999999999999988800 ) ) ;
#8074 = DIRECTION ( 'NONE',  ( 0.0000000000000000000, 0.0000000000000000000, 1.000000000000000000 ) ) ;
#8075 = LINE ( 'NONE', #4523, #7761 ) ;
#8076 = SURFACE_STYLE_USAGE ( .BOTH. , #1195 ) ;
#8077 = LINE ( 'NONE', #3628, #12777 ) ;
#8078 = EDGE_CURVE ( 'NONE', #1322, #7308, #10755, .T. ) ;
#8079 = VECTOR ( 'NONE', #4013, 1000.000000000000000 ) ;
#8080 = VERTEX_POINT ( 'NONE', #12295 ) ;
#8081 =( NAMED_UNIT ( * ) SI_UNIT ( $, .STERADIAN. ) SOLID_ANGLE_UNIT ( ) );
#8082 = EDGE_CURVE ( 'NONE', #10704, #5060, #5517, .T. ) ;
#8083 = AXIS2_PLACEMENT_3D ( 'NONE', #4815, #11748, #5789 ) ;
#8084 = SURFACE_STYLE_USAGE ( .BOTH. , #8136 ) ;
#8085 = EDGE_CURVE ( 'NONE', #8054, #4122, #2888, .T. ) ;
#8086 = LINE ( 'NONE', #11076, #247 ) ;
#8087 = CARTESIAN_POINT ( 'NONE',  ( -5.645000000000000500, -0.8799999999999986700, 1.529999999999999800 ) ) ;
#8088 = LINE ( 'NONE', #7052, #248 ) ;
#8089 = VECTOR ( 'NONE', #2579, 1000.000000000000000 ) ;
#8090 = DIRECTION ( 'NONE',  ( 1.000000000000000000, -0.0000000000000000000, -3.252606517456510300E-016 ) ) ;
#8091 = VERTEX_POINT ( 'NONE', #3419 ) ;
#8092 =( LENGTH_UNIT ( ) NAMED_UNIT ( * ) SI_UNIT ( .MILLI., .METRE. ) );
#8093 = CARTESIAN_POINT ( 'NONE',  ( 2.699999999999999300, 2.600000000000000100, 0.2999999999999973800 ) ) ;
#8094 = EDGE_CURVE ( 'NONE', #8368, #12609, #7787, .T. ) ;
#8095 = UNCERTAINTY_MEASURE_WITH_UNIT (LENGTH_MEASURE( 1.000000000000000100E-005 ), #10768, 'distance_accuracy_value', 'NONE');
#8096 = ORIENTED_EDGE ( 'NONE', *, *, #504, .T. ) ;
#8097 = CARTESIAN_POINT ( 'NONE',  ( 4.625000000000000900, 2.600000000000000100, 0.04999999999999715100 ) ) ;
#8098 = CARTESIAN_POINT ( 'NONE',  ( 4.324999999999995700, 0.8499999999999996400, 1.749999999999996400 ) ) ;
#8099 = LINE ( 'NONE', #7828, #11734 ) ;
#8100 = FACE_OUTER_BOUND ( 'NONE', #7732, .T. ) ;
#8101 = VECTOR ( 'NONE', #765, 1000.000000000000000 ) ;
#8102 = EDGE_CURVE ( 'NONE', #5817, #9674, #11714, .T. ) ;
#8103 = CARTESIAN_POINT ( 'NONE',  ( 3.285000000000001500, -0.6250000000000003300, 0.6499999999999964700 ) ) ;
#8104 =( NAMED_UNIT ( * ) PLANE_ANGLE_UNIT ( ) SI_UNIT ( $, .RADIAN. ) );
#8105 = FACE_OUTER_BOUND ( 'NONE', #11281, .T. ) ;
#8106 = DIRECTION ( 'NONE',  ( -1.000000000000000000, -0.0000000000000000000, -0.0000000000000000000 ) ) ;
#8107 = ORIENTED_EDGE ( 'NONE', *, *, #11345, .T. ) ;
#8108 = VECTOR ( 'NONE', #7319, 1000.000000000000000 ) ;
#8109 = AXIS2_PLACEMENT_3D ( 'NONE', #8817, #2948, #9809 ) ;
#8110 = VECTOR ( 'NONE', #10228, 1000.000000000000000 ) ;
#8111 = DIRECTION ( 'NONE',  ( 0.0000000000000000000, 1.294569758191649100E-016, -1.000000000000000000 ) ) ;
#8112 = CARTESIAN_POINT ( 'NONE',  ( 6.125000000000000000, -1.100000000000000100, -5.421010862427522200E-017 ) ) ;
#8113 = ORIENTED_EDGE ( 'NONE', *, *, #5625, .F. ) ;
#8114 = PLANE ( 'NONE',  #9345 ) ;
#8115 = ADVANCED_FACE ( 'NONE', ( #7492 ), #9218, .T. ) ;
#8116 = PLANE ( 'NONE',  #2125 ) ;
#8117 = ORIENTED_EDGE ( 'NONE', *, *, #10318, .F. ) ;
#8118 = FILL_AREA_STYLE ('',( #243 ) ) ;
#8119 = SURFACE_STYLE_USAGE ( .BOTH. , #1234 ) ;
#8120 = AXIS2_PLACEMENT_3D ( 'NONE', #3701, #10584, #4676 ) ;
#8121 = STYLED_ITEM ( 'NONE', ( #5238 ), #976 ) ;
#8122 = VECTOR ( 'NONE', #9063, 1000.000000000000000 ) ;
#8123 = LINE ( 'NONE', #8169, #5214 ) ;
#8124 = CYLINDRICAL_SURFACE ( 'NONE', #12147, 0.05000000000000012800 ) ;
#8125 = DIRECTION ( 'NONE',  ( -1.000000000000000000, 0.0000000000000000000, -2.304851557154561000E-017 ) ) ;
#8126 = VECTOR ( 'NONE', #7074, 1000.000000000000000 ) ;
#8127 = ORIENTED_EDGE ( 'NONE', *, *, #3730, .F. ) ;
#8128 = PLANE ( 'NONE',  #7273 ) ;
#8129 = DIRECTION ( 'NONE',  ( 0.0000000000000000000, 1.000000000000000000, 0.0000000000000000000 ) ) ;
#8130 = DIRECTION ( 'NONE',  ( -1.000000000000000000, -0.0000000000000000000, -0.0000000000000000000 ) ) ;
#8131 = SURFACE_STYLE_USAGE ( .BOTH. , #1246 ) ;
#8132 = LINE ( 'NONE', #12172, #5533 ) ;
#8133 = ADVANCED_FACE ( 'NONE', ( #9203 ), #6279, .T. ) ;
#8134 =( LENGTH_UNIT ( ) NAMED_UNIT ( * ) SI_UNIT ( .MILLI., .METRE. ) );
#8135 = EDGE_LOOP ( 'NONE', ( #6916, #10034, #444, #2393, #7590, #4926 ) ) ;
#8136 = SURFACE_SIDE_STYLE ('',( #578 ) ) ;
#8137 = ORIENTED_EDGE ( 'NONE', *, *, #3584, .T. ) ;
#8138 = ORIENTED_EDGE ( 'NONE', *, *, #172, .F. ) ;
#8139 = DIRECTION ( 'NONE',  ( 3.051828337366604500E-016, 0.0000000000000000000, 1.000000000000000000 ) ) ;
#8140 = SURFACE_STYLE_FILL_AREA ( #4480 ) ;
#8141 = PRESENTATION_LAYER_ASSIGNMENT (  '', '', ( #4479 ) ) ;
#8142 = DIRECTION ( 'NONE',  ( -1.000000000000000000, -0.0000000000000000000, -0.0000000000000000000 ) ) ;
#8143 = PRESENTATION_LAYER_ASSIGNMENT (  '', '', ( #6836 ) ) ;
#8144 = DIRECTION ( 'NONE',  ( -1.000000000000000000, 0.0000000000000000000, -3.971436529250929000E-016 ) ) ;
#8145 = PLANE ( 'NONE',  #10542 ) ;
#8146 = VERTEX_POINT ( 'NONE', #12290 ) ;
#8147 = VECTOR ( 'NONE', #2240, 1000.000000000000000 ) ;
#8148 = ORIENTED_EDGE ( 'NONE', *, *, #12392, .F. ) ;
#8149 = EDGE_LOOP ( 'NONE', ( #12618, #2660, #12853, #2392 ) ) ;
#8150 = VECTOR ( 'NONE', #9715, 1000.000000000000000 ) ;
#8151 = SURFACE_SIDE_STYLE ('',( #2375 ) ) ;
#8152 = FILL_AREA_STYLE_COLOUR ( '', #7073 ) ;
#8153 = DIRECTION ( 'NONE',  ( 0.7071067811865468000, 0.0000000000000000000, 0.7071067811865483500 ) ) ;
#8154 = CARTESIAN_POINT ( 'NONE',  ( -1.814999999999998600, -0.2500000000000006700, 3.999999999999993300 ) ) ;
#8155 = VECTOR ( 'NONE', #7410, 1000.000000000000000 ) ;
#8156 = PLANE ( 'NONE',  #8531 ) ;
#8157 = CARTESIAN_POINT ( 'NONE',  ( -4.625000000000000900, -1.100000000000000100, 0.2999999999999999900 ) ) ;
#8158 = VECTOR ( 'NONE', #1281, 1000.000000000000000 ) ;
#8159 = PRESENTATION_LAYER_ASSIGNMENT (  '', '', ( #6854 ) ) ;
#8160 = DIRECTION ( 'NONE',  ( 0.0000000000000000000, 1.000000000000000000, 1.070121624790885400E-015 ) ) ;
#8161 = ORIENTED_EDGE ( 'NONE', *, *, #9902, .T. ) ;
#8162 = VECTOR ( 'NONE', #2435, 1000.000000000000000 ) ;
#8163 = VECTOR ( 'NONE', #11045, 1000.000000000000000 ) ;
#8164 = CARTESIAN_POINT ( 'NONE',  ( 4.625000000000000900, 1.700000000000000000, 0.04999999999999715100 ) ) ;
#8165 = EDGE_CURVE ( 'NONE', #2468, #8034, #5659, .T. ) ;
#8166 = FILL_AREA_STYLE ('',( #5311 ) ) ;
#8167 =( GEOMETRIC_REPRESENTATION_CONTEXT ( 3 ) GLOBAL_UNCERTAINTY_ASSIGNED_CONTEXT ( ( #570 ) ) GLOBAL_UNIT_ASSIGNED_CONTEXT ( ( #3025, #9886, #4029 ) ) REPRESENTATION_CONTEXT ( 'NONE', 'WORKASPACE' ) );
#8168 = DIRECTION ( 'NONE',  ( 0.0000000000000000000, 0.7071067811865441300, -0.7071067811865510100 ) ) ;
#8169 = CARTESIAN_POINT ( 'NONE',  ( -4.624999999999999100, 1.200000000000000000, 0.2999999999999999900 ) ) ;
#8170 = EDGE_CURVE ( 'NONE', #1510, #1060, #8250, .T. ) ;
#8171 = ORIENTED_EDGE ( 'NONE', *, *, #6380, .F. ) ;
#8172 = ORIENTED_EDGE ( 'NONE', *, *, #6525, .F. ) ;
#8173 = CARTESIAN_POINT ( 'NONE',  ( -1.714999999999999000, 0.4249999999999998200, 0.6499999999999964700 ) ) ;
#8174 = ADVANCED_FACE ( 'NONE', ( #413 ), #2395, .T. ) ;
#8175 = EDGE_CURVE ( 'NONE', #1982, #291, #4434, .T. ) ;
#8176 = DIRECTION ( 'NONE',  ( 0.0000000000000000000, -1.000000000000000000, 1.204669080539448600E-016 ) ) ;
#8177 = VERTEX_POINT ( 'NONE', #2444 ) ;
#8178 = LINE ( 'NONE', #10859, #11156 ) ;
#8179 = EDGE_CURVE ( 'NONE', #12022, #6669, #7023, .T. ) ;
#8180 = FILL_AREA_STYLE_COLOUR ( '', #3454 ) ;
#8181 = ORIENTED_EDGE ( 'NONE', *, *, #7416, .F. ) ;
#8182 = ORIENTED_EDGE ( 'NONE', *, *, #3272, .T. ) ;
#8183 = EDGE_CURVE ( 'NONE', #11757, #9924, #12340, .T. ) ;
#8184 = PLANE ( 'NONE',  #11699 ) ;
#8185 = SURFACE_STYLE_USAGE ( .BOTH. , #1309 ) ;
#8186 = ORIENTED_EDGE ( 'NONE', *, *, #10155, .T. ) ;
#8187 = VERTEX_POINT ( 'NONE', #514 ) ;
#8188 = UNCERTAINTY_MEASURE_WITH_UNIT (LENGTH_MEASURE( 1.000000000000000100E-005 ), #8042, 'distance_accuracy_value', 'NONE');
#8189 = ADVANCED_FACE ( 'NONE', ( #1489 ), #8370, .F. ) ;
#8190 =( GEOMETRIC_REPRESENTATION_CONTEXT ( 3 ) GLOBAL_UNCERTAINTY_ASSIGNED_CONTEXT ( ( #7655 ) ) GLOBAL_UNIT_ASSIGNED_CONTEXT ( ( #4732, #11659, #5720 ) ) REPRESENTATION_CONTEXT ( 'NONE', 'WORKASPACE' ) );
#8191 =( NAMED_UNIT ( * ) PLANE_ANGLE_UNIT ( ) SI_UNIT ( $, .RADIAN. ) );
#8192 = CARTESIAN_POINT ( 'NONE',  ( 0.5650000000000012800, -0.2500000000000006700, 3.999999999999993300 ) ) ;
#8193 = ORIENTED_EDGE ( 'NONE', *, *, #5645, .T. ) ;
#8194 = LINE ( 'NONE', #1643, #2975 ) ;
#8195 = DIRECTION ( 'NONE',  ( -1.000000000000000000, -0.0000000000000000000, -0.0000000000000000000 ) ) ;
#8196 = EDGE_CURVE ( 'NONE', #6979, #6462, #1803, .T. ) ;
#8197 = CARTESIAN_POINT ( 'NONE',  ( 3.285000000000001500, 0.3499999999999997000, 3.999999999999993300 ) ) ;
#8198 = VERTEX_POINT ( 'NONE', #6414 ) ;
#8199 = ORIENTED_EDGE ( 'NONE', *, *, #2833, .T. ) ;
#8200 = CARTESIAN_POINT ( 'NONE',  ( 2.035000000000001900, 0.4249999999999998200, 0.6499999999999975800 ) ) ;
#8201 = CARTESIAN_POINT ( 'NONE',  ( -3.674999999999998500, 1.700000000000000200, 1.749999999999996400 ) ) ;
#8202 = VECTOR ( 'NONE', #8470, 1000.000000000000000 ) ;
#8203 = MECHANICAL_DESIGN_GEOMETRIC_PRESENTATION_REPRESENTATION (  '', ( #6229 ), #8868 ) ;
#8204 = ORIENTED_EDGE ( 'NONE', *, *, #4805, .T. ) ;
#8205 = COLOUR_RGB ( '',0.8000000000000000400, 0.8078431372549019800, 0.8000000000000000400 ) ;
#8206 = LINE ( 'NONE', #2743, #363 ) ;
#8207 = DIRECTION ( 'NONE',  ( 1.000000000000000000, 0.0000000000000000000, 0.0000000000000000000 ) ) ;
#8208 =( NAMED_UNIT ( * ) SI_UNIT ( $, .STERADIAN. ) SOLID_ANGLE_UNIT ( ) );
#8209 = VECTOR ( 'NONE', #9946, 1000.000000000000000 ) ;
#8210 = CARTESIAN_POINT ( 'NONE',  ( 0.4650000000000010200, -0.6250000000000003300, 0.6499999999999964700 ) ) ;
#8211 = ORIENTED_EDGE ( 'NONE', *, *, #9980, .T. ) ;
#8212 = CARTESIAN_POINT ( 'NONE',  ( 0.7850000000000010300, 3.100000000000000100, 0.09999999999999947800 ) ) ;
#8213 = DIRECTION ( 'NONE',  ( 0.0000000000000000000, 0.0000000000000000000, 1.000000000000000000 ) ) ;
#8214 = EDGE_LOOP ( 'NONE', ( #3778, #6413, #9462, #11959 ) ) ;
#8215 = SURFACE_STYLE_FILL_AREA ( #11689 ) ;
#8216 = COLOUR_RGB ( '',0.8000000000000000400, 0.8078431372549019800, 0.8000000000000000400 ) ;
#8217 = CARTESIAN_POINT ( 'NONE',  ( 4.625000000000000900, 1.399999999999998600, 1.699999999999989700 ) ) ;
#8218 = MECHANICAL_DESIGN_GEOMETRIC_PRESENTATION_REPRESENTATION (  '', ( #6241 ), #8883 ) ;
#8219 = DIRECTION ( 'NONE',  ( 0.0000000000000000000, -0.0000000000000000000, 1.000000000000000000 ) ) ;
#8220 = DIRECTION ( 'NONE',  ( 0.0000000000000000000, 1.000000000000000000, 0.0000000000000000000 ) ) ;
#8221 = CARTESIAN_POINT ( 'NONE',  ( 5.645000000000000500, -1.100000000000000100, 1.529999999999999800 ) ) ;
#8222 = CARTESIAN_POINT ( 'NONE',  ( -1.714999999999999000, 2.500000000000000000, -1.084202172485504400E-016 ) ) ;
#8223 = EDGE_LOOP ( 'NONE', ( #10479, #8338, #6748, #3214 ) ) ;
#8224 = ORIENTED_EDGE ( 'NONE', *, *, #6108, .T. ) ;
#8225 =( GEOMETRIC_REPRESENTATION_CONTEXT ( 3 ) GLOBAL_UNCERTAINTY_ASSIGNED_CONTEXT ( ( #8994 ) ) GLOBAL_UNIT_ASSIGNED_CONTEXT ( ( #2809, #9690, #3800 ) ) REPRESENTATION_CONTEXT ( 'NONE', 'WORKASPACE' ) );
#8226 =( NAMED_UNIT ( * ) PLANE_ANGLE_UNIT ( ) SI_UNIT ( $, .RADIAN. ) );
#8227 = CARTESIAN_POINT ( 'NONE',  ( -5.645000000000000500, 1.100000000000000100, 1.276000000000000000 ) ) ;
#8228 = DIRECTION ( 'NONE',  ( 1.000000000000000000, 0.0000000000000000000, 0.0000000000000000000 ) ) ;
#8229 = CARTESIAN_POINT ( 'NONE',  ( -2.034999999999998800, 0.2499999999999996700, 0.2999999999999966000 ) ) ;
#8230 = ORIENTED_EDGE ( 'NONE', *, *, #4074, .T. ) ;
#8231 = CARTESIAN_POINT ( 'NONE',  ( 3.285000000000001500, 2.500000000000000000, -1.084202172485504400E-016 ) ) ;
#8232 = ADVANCED_FACE ( 'NONE', ( #6422 ), #11397, .T. ) ;
#8233 = CARTESIAN_POINT ( 'NONE',  ( -2.034999999999998800, 0.4249999999999998200, 1.749999999999996400 ) ) ;
#8234 = EDGE_CURVE ( 'NONE', #1412, #3296, #3807, .T. ) ;
#8235 = VECTOR ( 'NONE', #373, 1000.000000000000000 ) ;
#8236 = ORIENTED_EDGE ( 'NONE', *, *, #5048, .F. ) ;
#8237 = EDGE_CURVE ( 'NONE', #1366, #11468, #9033, .T. ) ;
#8238 = ORIENTED_EDGE ( 'NONE', *, *, #11793, .T. ) ;
#8239 =( LENGTH_UNIT ( ) NAMED_UNIT ( * ) SI_UNIT ( .MILLI., .METRE. ) );
#8240 =( NAMED_UNIT ( * ) PLANE_ANGLE_UNIT ( ) SI_UNIT ( $, .RADIAN. ) );
#8241 = AXIS2_PLACEMENT_3D ( 'NONE', #10731, #4831, #11764 ) ;
#8242 = CARTESIAN_POINT ( 'NONE',  ( 3.285000000000001500, 0.4249999999999998200, 3.499999999999981300 ) ) ;
#8243 = EDGE_CURVE ( 'NONE', #1990, #3898, #1162, .T. ) ;
#8244 = DIRECTION ( 'NONE',  ( 0.0000000000000000000, 1.000000000000000000, 2.032879073410321300E-016 ) ) ;
#8245 = ADVANCED_FACE ( 'NONE', ( #866 ), #12449, .T. ) ;
#8246 = LINE ( 'NONE', #10774, #10906 ) ;
#8247 = VECTOR ( 'NONE', #9764, 1000.000000000000000 ) ;
#8248 =( NAMED_UNIT ( * ) PLANE_ANGLE_UNIT ( ) SI_UNIT ( $, .RADIAN. ) );
#8249 = DIRECTION ( 'NONE',  ( 0.0000000000000000000, 0.7071067811865453500, -0.7071067811865496800 ) ) ;
#8250 = LINE ( 'NONE', #7311, #10597 ) ;
#8251 = FACE_OUTER_BOUND ( 'NONE', #9444, .T. ) ;
#8252 = DIRECTION ( 'NONE',  ( 0.0000000000000000000, 0.0000000000000000000, -1.000000000000000000 ) ) ;
#8253 = EDGE_LOOP ( 'NONE', ( #3357, #9921, #4512, #5738 ) ) ;
#8254 = EDGE_CURVE ( 'NONE', #5578, #1702, #11061, .T. ) ;
#8255 = MECHANICAL_DESIGN_GEOMETRIC_PRESENTATION_REPRESENTATION (  '', ( #6291 ), #8927 ) ;
#8256 = UNCERTAINTY_MEASURE_WITH_UNIT (LENGTH_MEASURE( 1.000000000000000100E-005 ), #10025, 'distance_accuracy_value', 'NONE');
#8257 = EDGE_LOOP ( 'NONE', ( #11777, #10784, #5883, #9627 ) ) ;
#8258 = EDGE_CURVE ( 'NONE', #4224, #4490, #6734, .T. ) ;
#8259 = CARTESIAN_POINT ( 'NONE',  ( -3.284999999999998800, -0.3750000000000001100, 0.04999999999999709500 ) ) ;
#8260 = CARTESIAN_POINT ( 'NONE',  ( -2.034999999999998800, 0.4249999999999998200, 1.749999999999996400 ) ) ;
#8261 = COLOUR_RGB ( '',0.8000000000000000400, 0.8078431372549019800, 0.8000000000000000400 ) ;
#8262 = LINE ( 'NONE', #10289, #5671 ) ;
#8263 = CARTESIAN_POINT ( 'NONE',  ( 2.035000000000001000, 2.200000000000004200, 0.2999999999999988800 ) ) ;
#8264 = DIRECTION ( 'NONE',  ( 0.0000000000000000000, -1.000000000000000000, 0.0000000000000000000 ) ) ;
#8265 =( GEOMETRIC_REPRESENTATION_CONTEXT ( 3 ) GLOBAL_UNCERTAINTY_ASSIGNED_CONTEXT ( ( #1090 ) ) GLOBAL_UNIT_ASSIGNED_CONTEXT ( ( #7730, #1863, #8726 ) ) REPRESENTATION_CONTEXT ( 'NONE', 'WORKASPACE' ) );
#8266 = EDGE_LOOP ( 'NONE', ( #1018, #2713, #2502, #7972 ) ) ;
#8267 = COLOUR_RGB ( '',0.8000000000000000400, 0.8078431372549019800, 0.8000000000000000400 ) ;
#8268 = CARTESIAN_POINT ( 'NONE',  ( -3.284999999999998800, -0.3750000000000001100, 1.749999999999996400 ) ) ;
#8269 = EDGE_CURVE ( 'NONE', #7101, #12051, #3507, .T. ) ;
#8270 = ORIENTED_EDGE ( 'NONE', *, *, #6709, .T. ) ;
#8271 = CARTESIAN_POINT ( 'NONE',  ( 3.285000000000001500, 2.999999999999999600, -1.761828530288944700E-016 ) ) ;
#8272 = EDGE_LOOP ( 'NONE', ( #11480, #512, #5967, #865 ) ) ;
#8273 = EDGE_CURVE ( 'NONE', #12004, #6221, #8394, .T. ) ;
#8274 = LINE ( 'NONE', #11150, #2748 ) ;
#8275 = CARTESIAN_POINT ( 'NONE',  ( -4.024999999999999500, 1.700000000000000000, 1.749999999999996400 ) ) ;
#8276 = FILL_AREA_STYLE ('',( #7296 ) ) ;
#8278 = VECTOR ( 'NONE', #6969, 1000.000000000000000 ) ;
#8277 =( NAMED_UNIT ( * ) SI_UNIT ( $, .STERADIAN. ) SOLID_ANGLE_UNIT ( ) );
#8279 = AXIS2_PLACEMENT_3D ( 'NONE', #11351, #2486, #9374 ) ;
#8280 = SURFACE_STYLE_FILL_AREA ( #4875 ) ;
#8281 = FILL_AREA_STYLE ('',( #3578 ) ) ;
#8282 = PLANE ( 'NONE',  #3131 ) ;
#8283 = ORIENTED_EDGE ( 'NONE', *, *, #8401, .F. ) ;
#8284 = ORIENTED_EDGE ( 'NONE', *, *, #7171, .F. ) ;
#8285 = SURFACE_SIDE_STYLE ('',( #982 ) ) ;
#8286 = CARTESIAN_POINT ( 'NONE',  ( -5.625000000000000000, 1.700000000000000000, 0.2999999999999999300 ) ) ;
#8287 = SURFACE_STYLE_USAGE ( .BOTH. , #1409 ) ;
#8288 =( GEOMETRIC_REPRESENTATION_CONTEXT ( 3 ) GLOBAL_UNCERTAINTY_ASSIGNED_CONTEXT ( ( #10664 ) ) GLOBAL_UNIT_ASSIGNED_CONTEXT ( ( #1590, #8449, #2568 ) ) REPRESENTATION_CONTEXT ( 'NONE', 'WORKASPACE' ) );
#8289 = VERTEX_POINT ( 'NONE', #2623 ) ;
#8290 = AXIS2_PLACEMENT_3D ( 'NONE', #7437, #7514, #7553 ) ;
#8291 = CARTESIAN_POINT ( 'NONE',  ( -4.825000000000000200, 1.399999999999999700, 2.200000000000000600 ) ) ;
#8292 = DIRECTION ( 'NONE',  ( 0.0000000000000000000, 0.0000000000000000000, 1.000000000000000000 ) ) ;
#8293 = ORIENTED_EDGE ( 'NONE', *, *, #9825, .T. ) ;
#8294 = ORIENTED_EDGE ( 'NONE', *, *, #6183, .T. ) ;
#8295 = LINE ( 'NONE', #3567, #10634 ) ;
#8296 = SURFACE_SIDE_STYLE ('',( #9104 ) ) ;
#8297 = CARTESIAN_POINT ( 'NONE',  ( 2.650000000000000400, -1.100000000000000100, 3.249999999999995100 ) ) ;
#8298 = ORIENTED_EDGE ( 'NONE', *, *, #1698, .F. ) ;
#8299 = VERTEX_POINT ( 'NONE', #1644 ) ;
#8300 = AXIS2_PLACEMENT_3D ( 'NONE', #10725, #11760, #5798 ) ;
#8301 = DIRECTION ( 'NONE',  ( 0.0000000000000000000, 0.7071067811865496800, 0.7071067811865453500 ) ) ;
#8302 = DIRECTION ( 'NONE',  ( -1.000000000000000000, -0.0000000000000000000, -0.0000000000000000000 ) ) ;
#8303 = ADVANCED_FACE ( 'NONE', ( #10738 ), #3620, .T. ) ;
#8304 = VECTOR ( 'NONE', #8522, 1000.000000000000000 ) ;
#8305 = SURFACE_STYLE_FILL_AREA ( #9060 ) ;
#8306 = SURFACE_STYLE_USAGE ( .BOTH. , #1433 ) ;
#8307 = ORIENTED_EDGE ( 'NONE', *, *, #7447, .F. ) ;
#8308 = CARTESIAN_POINT ( 'NONE',  ( -2.034999999999998800, 0.2499999999999996700, 0.2999999999999966000 ) ) ;
#8309 = LINE ( 'NONE', #12570, #3410 ) ;
#8310 = AXIS2_PLACEMENT_3D ( 'NONE', #7897, #2012, #8894 ) ;
#8311 = DIRECTION ( 'NONE',  ( -1.000000000000000000, 0.0000000000000000000, 0.0000000000000000000 ) ) ;
#8312 = PRESENTATION_LAYER_ASSIGNMENT (  '', '', ( #7643 ) ) ;
#8313 = VECTOR ( 'NONE', #7621, 1000.000000000000000 ) ;
#8314 = CARTESIAN_POINT ( 'NONE',  ( 4.625000000000000900, 2.600000000000000100, 0.04999999999999715100 ) ) ;
#8315 =( NAMED_UNIT ( * ) PLANE_ANGLE_UNIT ( ) SI_UNIT ( $, .RADIAN. ) );
#8316 = VECTOR ( 'NONE', #9193, 1000.000000000000000 ) ;
#8317 = ADVANCED_FACE ( 'NONE', ( #3196 ), #12542, .F. ) ;
#8318 = VERTEX_POINT ( 'NONE', #5601 ) ;
#8319 = EDGE_LOOP ( 'NONE', ( #6245, #8410, #7420, #6674 ) ) ;
#8320 = FILL_AREA_STYLE ('',( #7334 ) ) ;
#8321 = ORIENTED_EDGE ( 'NONE', *, *, #8594, .T. ) ;
#8322 = EDGE_CURVE ( 'NONE', #1130, #1886, #4578, .T. ) ;
#8323 = SURFACE_STYLE_USAGE ( .BOTH. , #6180 ) ;
#8324 = DIRECTION ( 'NONE',  ( 0.0000000000000000000, 0.0000000000000000000, -1.000000000000000000 ) ) ;
#8325 = CARTESIAN_POINT ( 'NONE',  ( 0.7850000000000010300, 2.999999999999999600, -1.761828530288944700E-016 ) ) ;
#8326 = STYLED_ITEM ( 'NONE', ( #11501 ), #5251 ) ;
#8327 = FILL_AREA_STYLE ('',( #6360 ) ) ;
#8328 = LINE ( 'NONE', #7033, #2802 ) ;
#8329 = ORIENTED_EDGE ( 'NONE', *, *, #13, .F. ) ;
#8330 = ORIENTED_EDGE ( 'NONE', *, *, #8843, .F. ) ;
#8331 = LINE ( 'NONE', #7719, #5424 ) ;
#8332 = PLANE ( 'NONE',  #2396 ) ;
#8333 = EDGE_CURVE ( 'NONE', #3819, #12464, #1945, .T. ) ;
#8334 = MECHANICAL_DESIGN_GEOMETRIC_PRESENTATION_REPRESENTATION (  '', ( #5050 ), #8999 ) ;
#8335 =( NAMED_UNIT ( * ) SI_UNIT ( $, .STERADIAN. ) SOLID_ANGLE_UNIT ( ) );
#8336 = CARTESIAN_POINT ( 'NONE',  ( 4.625000000000000900, 2.299999999999998900, 1.749999999999996400 ) ) ;
#8337 = EDGE_CURVE ( 'NONE', #6604, #6720, #12170, .T. ) ;
#8338 = ORIENTED_EDGE ( 'NONE', *, *, #2596, .T. ) ;
#8339 = PLANE ( 'NONE',  #7969 ) ;
#8340 = DIRECTION ( 'NONE',  ( -1.000000000000000000, 0.0000000000000000000, 0.0000000000000000000 ) ) ;
#8341 = VERTEX_POINT ( 'NONE', #9590 ) ;
#8342 = VERTEX_POINT ( 'NONE', #4686 ) ;
#8343 = EDGE_CURVE ( 'NONE', #7308, #3451, #6575, .T. ) ;
#8344 = UNCERTAINTY_MEASURE_WITH_UNIT (LENGTH_MEASURE( 1.000000000000000100E-005 ), #9389, 'distance_accuracy_value', 'NONE');
#8345 = SURFACE_STYLE_FILL_AREA ( #6772 ) ;
#8346 = EDGE_CURVE ( 'NONE', #12634, #1990, #4270, .T. ) ;
#8347 = PLANE ( 'NONE',  #10116 ) ;
#8348 = ORIENTED_EDGE ( 'NONE', *, *, #11940, .T. ) ;
#8349 = SURFACE_SIDE_STYLE ('',( #4192 ) ) ;
#8350 =( GEOMETRIC_REPRESENTATION_CONTEXT ( 3 ) GLOBAL_UNCERTAINTY_ASSIGNED_CONTEXT ( ( #4508 ) ) GLOBAL_UNIT_ASSIGNED_CONTEXT ( ( #3731, #10622, #4705 ) ) REPRESENTATION_CONTEXT ( 'NONE', 'WORKASPACE' ) );
#8351 = FACE_OUTER_BOUND ( 'NONE', #9743, .T. ) ;
#8352 = LINE ( 'NONE', #1998, #2824 ) ;
#8353 = CARTESIAN_POINT ( 'NONE',  ( -0.6849999999999985000, -0.2500000000000006700, 3.999999999999993300 ) ) ;
#8354 = VECTOR ( 'NONE', #679, 1000.000000000000000 ) ;
#8355 = VECTOR ( 'NONE', #1212, 1000.000000000000000 ) ;
#8356 = PRESENTATION_LAYER_ASSIGNMENT (  '', '', ( #7049 ) ) ;
#8357 = DIRECTION ( 'NONE',  ( 0.0000000000000000000, -4.336808689942014600E-015, 1.000000000000000000 ) ) ;
#8358 = PLANE ( 'NONE',  #11722 ) ;
#8359 = LINE ( 'NONE', #10212, #822 ) ;
#8360 = VERTEX_POINT ( 'NONE', #8623 ) ;
#8361 = PLANE ( 'NONE',  #7064 ) ;
#8362 = ADVANCED_FACE ( 'NONE', ( #6873 ), #1767, .T. ) ;
#8363 = DIRECTION ( 'NONE',  ( -0.0000000000000000000, -1.000000000000000000, -0.0000000000000000000 ) ) ;
#8364 =( NAMED_UNIT ( * ) PLANE_ANGLE_UNIT ( ) SI_UNIT ( $, .RADIAN. ) );
#8365 = SURFACE_STYLE_USAGE ( .BOTH. , #1499 ) ;
#8366 = LINE ( 'NONE', #5262, #5762 ) ;
#8367 = CARTESIAN_POINT ( 'NONE',  ( 2.650000000000000400, 3.673118842698620300, 4.699999999999995700 ) ) ;
#8368 = VERTEX_POINT ( 'NONE', #763 ) ;
#8369 = DIRECTION ( 'NONE',  ( -0.0000000000000000000, 1.000000000000000000, -0.0000000000000000000 ) ) ;
#8370 = PLANE ( 'NONE',  #8279 ) ;
#8371 = ORIENTED_EDGE ( 'NONE', *, *, #4878, .T. ) ;
#8372 = CARTESIAN_POINT ( 'NONE',  ( 3.185000000000001800, -0.3750000000000005600, 3.999999999999993300 ) ) ;
#8373 = DIRECTION ( 'NONE',  ( -0.0000000000000000000, 0.0000000000000000000, -1.000000000000000000 ) ) ;
#8374 = PLANE ( 'NONE',  #11126 ) ;
#8375 = ORIENTED_EDGE ( 'NONE', *, *, #3604, .F. ) ;
#8376 = VECTOR ( 'NONE', #12271, 1000.000000000000000 ) ;
#8377 = EDGE_LOOP ( 'NONE', ( #4881, #4435, #490, #10465 ) ) ;
#8378 = LINE ( 'NONE', #10779, #8070 ) ;
#8379 = ADVANCED_FACE ( 'NONE', ( #11532 ), #6673, .F. ) ;
#8380 =( NAMED_UNIT ( * ) SI_UNIT ( $, .STERADIAN. ) SOLID_ANGLE_UNIT ( ) );
#8381 = CARTESIAN_POINT ( 'NONE',  ( -0.7849999999999988100, 3.100000000000000100, 0.09999999999999947800 ) ) ;
#8382 = MECHANICAL_DESIGN_GEOMETRIC_PRESENTATION_REPRESENTATION (  '', ( #6424 ), #9053 ) ;
#8383 = CARTESIAN_POINT ( 'NONE',  ( -4.825000000000000200, 1.700000000000000000, 2.200000000000000200 ) ) ;
#8384 = SURFACE_SIDE_STYLE ('',( #9747 ) ) ;
#8385 = ORIENTED_EDGE ( 'NONE', *, *, #11535, .T. ) ;
#8386 = EDGE_LOOP ( 'NONE', ( #2916, #8329, #6853, #4921 ) ) ;
#8387 = LINE ( 'NONE', #6914, #10724 ) ;
#8388 = EDGE_LOOP ( 'NONE', ( #11420, #4226, #1961, #997 ) ) ;
#8389 = CARTESIAN_POINT ( 'NONE',  ( 5.319000000000004400, -1.100000000000000100, 0.2999999999999969400 ) ) ;
#8390 = DIRECTION ( 'NONE',  ( 0.1940285000290628800, -0.1455213750217966800, 0.9701425001453329900 ) ) ;
#8391 = SURFACE_STYLE_FILL_AREA ( #7321 ) ;
#8392 = STYLED_ITEM ( 'NONE', ( #5628 ), #4778 ) ;
#8393 = VECTOR ( 'NONE', #11972, 1000.000000000000000 ) ;
#8394 = LINE ( 'NONE', #4572, #8089 ) ;
#8395 = FACE_OUTER_BOUND ( 'NONE', #1597, .T. ) ;
#8396 = CARTESIAN_POINT ( 'NONE',  ( -2.349999999999999600, -1.100000000000000100, 4.699999999999995700 ) ) ;
#8397 = DIRECTION ( 'NONE',  ( 0.0000000000000000000, -1.000000000000000000, -0.0000000000000000000 ) ) ;
#8398 = ORIENTED_EDGE ( 'NONE', *, *, #275, .F. ) ;
#8399 = CARTESIAN_POINT ( 'NONE',  ( 5.645000000000000500, -0.8799999999999986700, 1.529999999999999800 ) ) ;
#8400 = ORIENTED_EDGE ( 'NONE', *, *, #4566, .F. ) ;
#8401 = EDGE_CURVE ( 'NONE', #8627, #11352, #400, .T. ) ;
#8402 = CARTESIAN_POINT ( 'NONE',  ( -4.845000000000000600, 1.200000000000000000, 0.5199999999999995700 ) ) ;
#8403 = DIRECTION ( 'NONE',  ( 1.000000000000000000, 0.0000000000000000000, -0.0000000000000000000 ) ) ;
#8404 = SURFACE_SIDE_STYLE ('',( #4979 ) ) ;
#8405 = VECTOR ( 'NONE', #10122, 1000.000000000000000 ) ;
#8406 = EDGE_CURVE ( 'NONE', #1628, #6753, #10583, .T. ) ;
#8407 = LINE ( 'NONE', #7593, #580 ) ;
#8408 = FACE_OUTER_BOUND ( 'NONE', #9800, .T. ) ;
#8409 = SURFACE_STYLE_FILL_AREA ( #2384 ) ;
#8410 = ORIENTED_EDGE ( 'NONE', *, *, #8944, .F. ) ;
#8411 =( LENGTH_UNIT ( ) NAMED_UNIT ( * ) SI_UNIT ( .MILLI., .METRE. ) );
#8412 = CARTESIAN_POINT ( 'NONE',  ( 0.0000000000000000000, 1.999999999999998200, 3.699999999999996600 ) ) ;
#8413 = EDGE_CURVE ( 'NONE', #5939, #12489, #7933, .T. ) ;
#8414 = ORIENTED_EDGE ( 'NONE', *, *, #9816, .T. ) ;
#8415 = DIRECTION ( 'NONE',  ( 0.0000000000000000000, 1.000000000000000000, 0.0000000000000000000 ) ) ;
#8416 = ORIENTED_EDGE ( 'NONE', *, *, #255, .T. ) ;
#8417 = VECTOR ( 'NONE', #1494, 1000.000000000000000 ) ;
#8418 = LINE ( 'NONE', #8885, #8122 ) ;
#8419 = CARTESIAN_POINT ( 'NONE',  ( 1.049999999999999800, 2.600000000000000100, 0.6499999999999978000 ) ) ;
#8420 = EDGE_CURVE ( 'NONE', #8785, #3290, #87, .T. ) ;
#8421 = EDGE_CURVE ( 'NONE', #4445, #1134, #5348, .T. ) ;
#8422 = VERTEX_POINT ( 'NONE', #11749 ) ;
#8423 = MECHANICAL_DESIGN_GEOMETRIC_PRESENTATION_REPRESENTATION (  '', ( #6469 ), #9107 ) ;
#8424 = ADVANCED_FACE ( 'NONE', ( #7324 ), #885, .F. ) ;
#8425 = LINE ( 'NONE', #12686, #8126 ) ;
#8426 = EDGE_LOOP ( 'NONE', ( #11637, #9640, #8669, #1438 ) ) ;
#8427 = VERTEX_POINT ( 'NONE', #9714 ) ;
#8428 = CARTESIAN_POINT ( 'NONE',  ( 4.825000000000000200, -1.100000000000000100, 2.200000000000000200 ) ) ;
#8429 = CARTESIAN_POINT ( 'NONE',  ( 4.625000000000000900, 1.399999999999998600, 2.400000000000000800 ) ) ;
#8430 = VECTOR ( 'NONE', #1559, 1000.000000000000000 ) ;
#8431 = DIRECTION ( 'NONE',  ( 0.0000000000000000000, -4.336808689942014600E-015, 1.000000000000000000 ) ) ;
#8432 = PRESENTATION_STYLE_ASSIGNMENT (( #4593 ) ) ;
#8434 = EDGE_CURVE ( 'NONE', #10422, #6376, #2390, .T. ) ;
#8433 = LINE ( 'NONE', #9013, #3843 ) ;
#8435 = CARTESIAN_POINT ( 'NONE',  ( 2.700000000000000200, -1.100000000000000100, 0.6499999999999973600 ) ) ;
#8436 = CARTESIAN_POINT ( 'NONE',  ( -4.825000000000000200, 1.399999999999999700, 2.200000000000000200 ) ) ;
#8437 = ORIENTED_EDGE ( 'NONE', *, *, #7028, .F. ) ;
#8438 = FACE_OUTER_BOUND ( 'NONE', #12813, .T. ) ;
#8439 = ORIENTED_EDGE ( 'NONE', *, *, #417, .F. ) ;
#8440 = ORIENTED_EDGE ( 'NONE', *, *, #8918, .F. ) ;
#8441 = ADVANCED_FACE ( 'NONE', ( #12328 ), #4856, .T. ) ;
#8442 = AXIS2_PLACEMENT_3D ( 'NONE', #7981, #8566, #8665 ) ;
#8443 = LINE ( 'NONE', #4818, #2918 ) ;
#8444 =( LENGTH_UNIT ( ) NAMED_UNIT ( * ) SI_UNIT ( .MILLI., .METRE. ) );
#8445 =( GEOMETRIC_REPRESENTATION_CONTEXT ( 3 ) GLOBAL_UNCERTAINTY_ASSIGNED_CONTEXT ( ( #9542 ) ) GLOBAL_UNIT_ASSIGNED_CONTEXT ( ( #12057, #6068, #190 ) ) REPRESENTATION_CONTEXT ( 'NONE', 'WORKASPACE' ) );
#8446 = CARTESIAN_POINT ( 'NONE',  ( -0.4649999999999988600, 3.000000000000000000, 0.4499999999999998400 ) ) ;
#8447 = VECTOR ( 'NONE', #12734, 1000.000000000000000 ) ;
#8448 = UNCERTAINTY_MEASURE_WITH_UNIT (LENGTH_MEASURE( 1.000000000000000100E-005 ), #1314, 'distance_accuracy_value', 'NONE');
#8449 =( NAMED_UNIT ( * ) PLANE_ANGLE_UNIT ( ) SI_UNIT ( $, .RADIAN. ) );
#8450 = EDGE_LOOP ( 'NONE', ( #10849, #11025, #7975, #9154, #12263, #1383, #11827, #11622, #11982, #10455, #12069, #8307, #6624, #12090, #5448, #2955, #5902, #12254 ) ) ;
#8451 = FACE_OUTER_BOUND ( 'NONE', #1573, .T. ) ;
#8452 = DIRECTION ( 'NONE',  ( 1.000000000000000000, 0.0000000000000000000, 0.0000000000000000000 ) ) ;
#8453 = PRODUCT_DEFINITION_FORMATION_WITH_SPECIFIED_SOURCE ( 'ANY', '', #4634, .NOT_KNOWN. ) ;
#8454 = ORIENTED_EDGE ( 'NONE', *, *, #5310, .T. ) ;
#8455 = ORIENTED_EDGE ( 'NONE', *, *, #112, .T. ) ;
#8456 = LINE ( 'NONE', #9118, #628 ) ;
#8457 = CARTESIAN_POINT ( 'NONE',  ( -4.624999999999999100, 2.299999999999999800, 1.749999999999996400 ) ) ;
#8458 = CARTESIAN_POINT ( 'NONE',  ( 4.024999999999995900, 0.09999999999999982500, 1.749999999999996400 ) ) ;
#8459 = DIRECTION ( 'NONE',  ( 0.0000000000000000000, -0.0000000000000000000, 1.000000000000000000 ) ) ;
#8460 = SURFACE_STYLE_FILL_AREA ( #9155 ) ;
#8461 = SURFACE_SIDE_STYLE ('',( #9326 ) ) ;
#8462 = ORIENTED_EDGE ( 'NONE', *, *, #10169, .F. ) ;
#8463 = VECTOR ( 'NONE', #6317, 1000.000000000000000 ) ;
#8464 = ORIENTED_EDGE ( 'NONE', *, *, #7739, .F. ) ;
#8465 = FILL_AREA_STYLE_COLOUR ( '', #5513 ) ;
#8466 = ORIENTED_EDGE ( 'NONE', *, *, #10854, .T. ) ;
#8467 = EDGE_LOOP ( 'NONE', ( #12517, #2930, #10821, #11384 ) ) ;
#8468 = FACE_OUTER_BOUND ( 'NONE', #12492, .T. ) ;
#8469 = DIRECTION ( 'NONE',  ( 1.000000000000000000, 0.0000000000000000000, 0.0000000000000000000 ) ) ;
#8470 = DIRECTION ( 'NONE',  ( 0.0000000000000000000, 0.0000000000000000000, 1.000000000000000000 ) ) ;
#8471 = MECHANICAL_DESIGN_GEOMETRIC_PRESENTATION_REPRESENTATION (  '', ( #6513 ), #9151 ) ;
#8472 =( NAMED_UNIT ( * ) SI_UNIT ( $, .STERADIAN. ) SOLID_ANGLE_UNIT ( ) );
#8473 = ORIENTED_EDGE ( 'NONE', *, *, #11526, .T. ) ;
#8474 = VERTEX_POINT ( 'NONE', #11794 ) ;
#8475 = EDGE_CURVE ( 'NONE', #4320, #5073, #6410, .T. ) ;
#8476 = ORIENTED_EDGE ( 'NONE', *, *, #4811, .F. ) ;
#8477 = VECTOR ( 'NONE', #4893, 1000.000000000000000 ) ;
#8478 = EDGE_CURVE ( 'NONE', #5492, #10196, #1150, .T. ) ;
#8479 = DIRECTION ( 'NONE',  ( 1.000000000000000000, 2.344220913482171800E-017, 0.0000000000000000000 ) ) ;
#8480 = DIRECTION ( 'NONE',  ( -1.000000000000000000, 0.0000000000000000000, -4.371782953570583600E-016 ) ) ;
#8481 = ORIENTED_EDGE ( 'NONE', *, *, #4878, .F. ) ;
#8482 = VERTEX_POINT ( 'NONE', #7848 ) ;
#8483 = CARTESIAN_POINT ( 'NONE',  ( 2.035000000000001000, -0.1500000000000003000, 0.1799999999999965800 ) ) ;
#8484 = ORIENTED_EDGE ( 'NONE', *, *, #4416, .T. ) ;
#8485 = CARTESIAN_POINT ( 'NONE',  ( 2.965000000000001600, 0.4249999999999998200, 0.04999999999999709500 ) ) ;
#8486 =( GEOMETRIC_REPRESENTATION_CONTEXT ( 3 ) GLOBAL_UNCERTAINTY_ASSIGNED_CONTEXT ( ( #8344 ) ) GLOBAL_UNIT_ASSIGNED_CONTEXT ( ( #9389, #3514, #10394 ) ) REPRESENTATION_CONTEXT ( 'NONE', 'WORKASPACE' ) );
#8487 = CARTESIAN_POINT ( 'NONE',  ( -5.825000000000000200, -0.8000000000000001600, 4.699999999999997500 ) ) ;
#8488 = EDGE_CURVE ( 'NONE', #969, #2028, #852, .T. ) ;
#8489 = EDGE_CURVE ( 'NONE', #10508, #2650, #6064, .T. ) ;
#8490 =( NAMED_UNIT ( * ) PLANE_ANGLE_UNIT ( ) SI_UNIT ( $, .RADIAN. ) );
#8491 = ORIENTED_EDGE ( 'NONE', *, *, #3163, .T. ) ;
#8492 = VECTOR ( 'NONE', #2622, 1000.000000000000000 ) ;
#8493 = PRESENTATION_STYLE_ASSIGNMENT (( #1215 ) ) ;
#8494 = ORIENTED_EDGE ( 'NONE', *, *, #12358, .F. ) ;
#8495 = DIRECTION ( 'NONE',  ( -0.7071067811865468000, 1.277744513902809100E-016, -0.7071067811865483500 ) ) ;
#8496 = ORIENTED_EDGE ( 'NONE', *, *, #6563, .T. ) ;
#8497 = EDGE_CURVE ( 'NONE', #10244, #6720, #3490, .T. ) ;
#8498 = CARTESIAN_POINT ( 'NONE',  ( -5.645000000000000500, 1.200000000000000000, 1.529999999999999800 ) ) ;
#8499 = AXIS2_PLACEMENT_3D ( 'NONE', #10985, #5065, #12008 ) ;
#8500 = SURFACE_STYLE_USAGE ( .BOTH. , #1769 ) ;
#8501 = DIRECTION ( 'NONE',  ( -1.000000000000000000, -0.0000000000000000000, -0.0000000000000000000 ) ) ;
#8502 = FILL_AREA_STYLE_COLOUR ( '', #9658 ) ;
#8503 = EDGE_CURVE ( 'NONE', #1934, #9145, #8387, .T. ) ;
#8504 = ADVANCED_FACE ( 'NONE', ( #5487 ), #1012, .T. ) ;
#8505 = DIRECTION ( 'NONE',  ( 0.0000000000000000000, 0.0000000000000000000, 1.000000000000000000 ) ) ;
#8506 = UNCERTAINTY_MEASURE_WITH_UNIT (LENGTH_MEASURE( 1.000000000000000100E-005 ), #4243, 'distance_accuracy_value', 'NONE');
#8507 = DIRECTION ( 'NONE',  ( -1.000000000000000000, 0.0000000000000000000, 0.0000000000000000000 ) ) ;
#8508 = VECTOR ( 'NONE', #11458, 1000.000000000000000 ) ;
#8509 = MECHANICAL_DESIGN_GEOMETRIC_PRESENTATION_REPRESENTATION (  '', ( #6554 ), #9191 ) ;
#8510 = VERTEX_POINT ( 'NONE', #5914 ) ;
#8511 = SURFACE_STYLE_FILL_AREA ( #2218 ) ;
#8512 = EDGE_CURVE ( 'NONE', #132, #7603, #5774, .T. ) ;
#8513 = LINE ( 'NONE', #755, #674 ) ;
#8514 = FACE_OUTER_BOUND ( 'NONE', #3273, .T. ) ;
#8515 = ORIENTED_EDGE ( 'NONE', *, *, #8581, .T. ) ;
#8516 = DIRECTION ( 'NONE',  ( 0.0000000000000000000, -0.0000000000000000000, -1.000000000000000000 ) ) ;
#8517 = CARTESIAN_POINT ( 'NONE',  ( -6.125000000000000000, -1.100000000000000100, 0.7999999999999979300 ) ) ;
#8518 = CARTESIAN_POINT ( 'NONE',  ( 2.035000000000001000, -0.6250000000000003300, 0.6499999999999964700 ) ) ;
#8519 = EDGE_CURVE ( 'NONE', #3488, #8146, #554, .T. ) ;
#8520 = PLANE ( 'NONE',  #9222 ) ;
#8521 =( NAMED_UNIT ( * ) SI_UNIT ( $, .STERADIAN. ) SOLID_ANGLE_UNIT ( ) );
#8522 = DIRECTION ( 'NONE',  ( 0.0000000000000000000, -1.000000000000000000, 0.0000000000000000000 ) ) ;
#8523 =( GEOMETRIC_REPRESENTATION_CONTEXT ( 3 ) GLOBAL_UNCERTAINTY_ASSIGNED_CONTEXT ( ( #3871 ) ) GLOBAL_UNIT_ASSIGNED_CONTEXT ( ( #263, #7143, #1253 ) ) REPRESENTATION_CONTEXT ( 'NONE', 'WORKASPACE' ) );
#8524 = UNCERTAINTY_MEASURE_WITH_UNIT (LENGTH_MEASURE( 1.000000000000000100E-005 ), #5611, 'distance_accuracy_value', 'NONE');
#8525 = DIRECTION ( 'NONE',  ( -1.000000000000000000, -0.0000000000000000000, -0.0000000000000000000 ) ) ;
#8526 = DIRECTION ( 'NONE',  ( -0.0000000000000000000, 1.000000000000000000, -0.0000000000000000000 ) ) ;
#8527 = ORIENTED_EDGE ( 'NONE', *, *, #259, .F. ) ;
#8528 = FACE_OUTER_BOUND ( 'NONE', #8758, .T. ) ;
#8529 = LINE ( 'NONE', #1540, #688 ) ;
#8530 = VECTOR ( 'NONE', #10951, 1000.000000000000000 ) ;
#8531 = AXIS2_PLACEMENT_3D ( 'NONE', #12190, #6222, #330 ) ;
#8532 =( GEOMETRIC_REPRESENTATION_CONTEXT ( 3 ) GLOBAL_UNCERTAINTY_ASSIGNED_CONTEXT ( ( #11670 ) ) GLOBAL_UNIT_ASSIGNED_CONTEXT ( ( #2637, #7489, #8521 ) ) REPRESENTATION_CONTEXT ( 'NONE', 'WORKASPACE' ) );
#8533 = CARTESIAN_POINT ( 'NONE',  ( -1.714999999999999000, 0.2499999999999996700, 0.2999999999999966000 ) ) ;
#8534 = PLANE ( 'NONE',  #311 ) ;
#8535 = DIRECTION ( 'NONE',  ( 0.0000000000000000000, 0.0000000000000000000, -1.000000000000000000 ) ) ;
#8536 = FACE_OUTER_BOUND ( 'NONE', #2552, .T. ) ;
#8537 = PLANE ( 'NONE',  #7114 ) ;
#8538 = STYLED_ITEM ( 'NONE', ( #4218 ), #9424 ) ;
#8539 = SURFACE_SIDE_STYLE ('',( #5597 ) ) ;
#8540 =( NAMED_UNIT ( * ) PLANE_ANGLE_UNIT ( ) SI_UNIT ( $, .RADIAN. ) );
#8541 = PLANE ( 'NONE',  #1864 ) ;
#8542 = CARTESIAN_POINT ( 'NONE',  ( -1.714999999999999000, 3.000000000000000000, 0.4499999999999998400 ) ) ;
#8543 = LINE ( 'NONE', #2249, #709 ) ;
#8544 = ORIENTED_EDGE ( 'NONE', *, *, #9677, .F. ) ;
#8545 = CARTESIAN_POINT ( 'NONE',  ( 3.285000000000001500, 3.100000000000000100, 0.09999999999999947800 ) ) ;
#8546 = PLANE ( 'NONE',  #394 ) ;
#8547 = PRESENTATION_STYLE_ASSIGNMENT (( #1255 ) ) ;
#8548 =( GEOMETRIC_REPRESENTATION_CONTEXT ( 3 ) GLOBAL_UNCERTAINTY_ASSIGNED_CONTEXT ( ( #11552 ) ) GLOBAL_UNIT_ASSIGNED_CONTEXT ( ( #770, #7637, #1773 ) ) REPRESENTATION_CONTEXT ( 'NONE', 'WORKASPACE' ) );
#8549 = DIRECTION ( 'NONE',  ( 0.0000000000000000000, -4.336808689942014600E-015, 1.000000000000000000 ) ) ;
#8550 = STYLED_ITEM ( 'NONE', ( #12041 ), #2241 ) ;
#8551 = ORIENTED_EDGE ( 'NONE', *, *, #1076, .T. ) ;
#8552 = ORIENTED_EDGE ( 'NONE', *, *, #4404, .T. ) ;
#8553 = ORIENTED_EDGE ( 'NONE', *, *, #534, .F. ) ;
#8554 = DIRECTION ( 'NONE',  ( -0.5773502691896272900, 0.5773502691896227300, 0.5773502691896275100 ) ) ;
#8555 = DIRECTION ( 'NONE',  ( 0.0000000000000000000, -1.000000000000000000, 1.355252715606881500E-016 ) ) ;
#8556 = CARTESIAN_POINT ( 'NONE',  ( -6.125000000000000000, 1.100000000000000100, 0.3039999999999999400 ) ) ;
#8557 = VECTOR ( 'NONE', #11846, 1000.000000000000000 ) ;
#8558 = CARTESIAN_POINT ( 'NONE',  ( 4.845000000000000600, -1.100000000000000100, 1.225999999999999800 ) ) ;
#8559 = VECTOR ( 'NONE', #5505, 1000.000000000000000 ) ;
#8560 = ORIENTED_EDGE ( 'NONE', *, *, #6449, .T. ) ;
#8561 = CARTESIAN_POINT ( 'NONE',  ( -0.7679931972789109100, -0.3537414965986414600, 3.585034013605424200 ) ) ;
#8562 = ORIENTED_EDGE ( 'NONE', *, *, #11174, .F. ) ;
#8563 = PRESENTATION_LAYER_ASSIGNMENT (  '', '', ( #9888 ) ) ;
#8564 = ADVANCED_FACE ( 'NONE', ( #7763 ), #7938, .T. ) ;
#8565 = VECTOR ( 'NONE', #6223, 1000.000000000000000 ) ;
#8566 = DIRECTION ( 'NONE',  ( -0.0000000000000000000, 0.7071067811865446900, 0.7071067811865503500 ) ) ;
#8568 = VECTOR ( 'NONE', #10335, 1000.000000000000000 ) ;
#8567 =( NAMED_UNIT ( * ) PLANE_ANGLE_UNIT ( ) SI_UNIT ( $, .RADIAN. ) );
#8569 = ORIENTED_EDGE ( 'NONE', *, *, #7676, .F. ) ;
#8570 = LINE ( 'NONE', #6090, #3366 ) ;
#8571 = EDGE_LOOP ( 'NONE', ( #1031, #1676, #6850, #10682 ) ) ;
#8572 = EDGE_CURVE ( 'NONE', #5665, #7088, #5177, .T. ) ;
#8573 = CARTESIAN_POINT ( 'NONE',  ( 1.935000000000001400, 0.3499999999999997000, 3.999999999999993300 ) ) ;
#8574 = DIRECTION ( 'NONE',  ( -1.000000000000000000, -0.0000000000000000000, -0.0000000000000000000 ) ) ;
#8575 = AXIS2_PLACEMENT_3D ( 'NONE', #4273, #1328, #8207 ) ;
#8576 = CARTESIAN_POINT ( 'NONE',  ( -4.024999999999999500, -0.6999999999999988500, 1.749999999999996400 ) ) ;
#8577 = MANIFOLD_SOLID_BREP ( 'MP2', #737 ) ;
#8578 = VERTEX_POINT ( 'NONE', #5022 ) ;
#8579 = VERTEX_POINT ( 'NONE', #9959 ) ;
#8580 = CARTESIAN_POINT ( 'NONE',  ( -2.649999999999999900, -1.100000000000000100, 3.249999999999996000 ) ) ;
#8581 = EDGE_CURVE ( 'NONE', #8578, #11124, #9173, .T. ) ;
#8582 = LINE ( 'NONE', #8545, #1044 ) ;
#8583 = PRESENTATION_STYLE_ASSIGNMENT (( #8809 ) ) ;
#8584 = FACE_BOUND ( 'NONE', #6290, .T. ) ;
#8585 = DIRECTION ( 'NONE',  ( 0.0000000000000000000, 0.0000000000000000000, -1.000000000000000000 ) ) ;
#8586 = EDGE_CURVE ( 'NONE', #5349, #3525, #11839, .T. ) ;
#8587 = DIRECTION ( 'NONE',  ( 3.051828337366604500E-016, -0.0000000000000000000, 1.000000000000000000 ) ) ;
#8588 = DIRECTION ( 'NONE',  ( 0.0000000000000000000, 0.0000000000000000000, -1.000000000000000000 ) ) ;
#8589 = EDGE_LOOP ( 'NONE', ( #2978, #5593, #4004, #1427 ) ) ;
#8590 = ORIENTED_EDGE ( 'NONE', *, *, #6017, .T. ) ;
#8591 = CARTESIAN_POINT ( 'NONE',  ( 5.099000000000000200, -0.8799999999999986700, 0.5199999999999983500 ) ) ;
#8592 = CARTESIAN_POINT ( 'NONE',  ( 0.0000000000000000000, 0.0000000000000000000, 0.6499999999999985800 ) ) ;
#8593 = CARTESIAN_POINT ( 'NONE',  ( 3.285000000000002400, 0.4249999999999998200, 0.6499999999999973600 ) ) ;
#8594 = EDGE_CURVE ( 'NONE', #1193, #1817, #12779, .T. ) ;
#8595 = AXIS2_PLACEMENT_3D ( 'NONE', #4297, #11201, #5288 ) ;
#8596 = PLANE ( 'NONE',  #7407 ) ;
#8597 = VECTOR ( 'NONE', #12597, 1000.000000000000000 ) ;
#8598 = ORIENTED_EDGE ( 'NONE', *, *, #6804, .T. ) ;
#8599 = VERTEX_POINT ( 'NONE', #8021 ) ;
#8600 = VECTOR ( 'NONE', #10399, 1000.000000000000000 ) ;
#8601 = DIRECTION ( 'NONE',  ( -1.000000000000000000, 0.0000000000000000000, 0.0000000000000000000 ) ) ;
#8602 = ORIENTED_EDGE ( 'NONE', *, *, #4505, .T. ) ;
#8603 = ORIENTED_EDGE ( 'NONE', *, *, #781, .F. ) ;
#8604 = CARTESIAN_POINT ( 'NONE',  ( 0.7850000000000010300, 2.999999999999999600, -1.761828530288944700E-016 ) ) ;
#8605 = SURFACE_STYLE_USAGE ( .BOTH. , #1744 ) ;
#8606 = PLANE ( 'NONE',  #1922 ) ;
#8607 = FILL_AREA_STYLE ('',( #746 ) ) ;
#8608 = PRESENTATION_STYLE_ASSIGNMENT (( #7503 ) ) ;
#8609 =( GEOMETRIC_REPRESENTATION_CONTEXT ( 3 ) GLOBAL_UNCERTAINTY_ASSIGNED_CONTEXT ( ( #8256 ) ) GLOBAL_UNIT_ASSIGNED_CONTEXT ( ( #10025, #12494, #4941 ) ) REPRESENTATION_CONTEXT ( 'NONE', 'WORKASPACE' ) );
#8610 = ORIENTED_EDGE ( 'NONE', *, *, #6878, .T. ) ;
#8611 = PRESENTATION_STYLE_ASSIGNMENT (( #3738 ) ) ;
#8612 = CARTESIAN_POINT ( 'NONE',  ( -2.034999999999998800, -0.1500000000000003300, 0.2999999999999965500 ) ) ;
#8613 = DIRECTION ( 'NONE',  ( 1.000000000000000000, 0.0000000000000000000, 1.875376730785737500E-016 ) ) ;
#8614 = FILL_AREA_STYLE_COLOUR ( '', #7998 ) ;
#8615 = DIRECTION ( 'NONE',  ( 0.0000000000000000000, 0.0000000000000000000, 1.000000000000000000 ) ) ;
#8616 = FACE_BOUND ( 'NONE', #2729, .T. ) ;
#8617 = PLANE ( 'NONE',  #11119 ) ;
#8618 = ORIENTED_EDGE ( 'NONE', *, *, #30, .T. ) ;
#8619 = VERTEX_POINT ( 'NONE', #6029 ) ;
#8620 = ORIENTED_EDGE ( 'NONE', *, *, #7574, .T. ) ;
#8621 = ORIENTED_EDGE ( 'NONE', *, *, #1858, .T. ) ;
#8622 = DIRECTION ( 'NONE',  ( -1.000000000000000000, 0.0000000000000000000, 0.0000000000000000000 ) ) ;
#8623 = CARTESIAN_POINT ( 'NONE',  ( 0.1999999999999996500, -1.100000000000000100, 0.6499999999999978000 ) ) ;
#8624 = PLANE ( 'NONE',  #10182 ) ;
#8625 = ADVANCED_FACE ( 'NONE', ( #3951 ), #2127, .T. ) ;
#8626 = MECHANICAL_DESIGN_GEOMETRIC_PRESENTATION_REPRESENTATION (  '', ( #6677 ), #9306 ) ;
#8627 = VERTEX_POINT ( 'NONE', #9020 ) ;
#8628 = SURFACE_STYLE_USAGE ( .BOTH. , #1774 ) ;
#8629 = CARTESIAN_POINT ( 'NONE',  ( 3.285000000000001500, 0.4249999999999998200, 3.999999999999993300 ) ) ;
#8630 = VERTEX_POINT ( 'NONE', #3187 ) ;
#8631 = ORIENTED_EDGE ( 'NONE', *, *, #4565, .F. ) ;
#8632 = LINE ( 'NONE', #2801, #3123 ) ;
#8633 = PLANE ( 'NONE',  #6256 ) ;
#8634 = CARTESIAN_POINT ( 'NONE',  ( 4.625000000000000900, -0.8000000000000014900, 2.400000000000000400 ) ) ;
#8635 = AXIS2_PLACEMENT_3D ( 'NONE', #1694, #8549, #2671 ) ;
#8636 = CARTESIAN_POINT ( 'NONE',  ( -1.811235294117645900, 0.3528235294117643100, 3.981176470588228400 ) ) ;
#8637 = ORIENTED_EDGE ( 'NONE', *, *, #11864, .T. ) ;
#8638 = PLANE ( 'NONE',  #3267 ) ;
#8639 = VERTEX_POINT ( 'NONE', #4097 ) ;
#8640 = VERTEX_POINT ( 'NONE', #9065 ) ;
#8641 =( LENGTH_UNIT ( ) NAMED_UNIT ( * ) SI_UNIT ( .MILLI., .METRE. ) );
#8642 = EDGE_CURVE ( 'NONE', #8318, #555, #391, .T. ) ;
#8643 = ORIENTED_EDGE ( 'NONE', *, *, #3421, .T. ) ;
#8644 = EDGE_CURVE ( 'NONE', #4395, #3155, #3016, .T. ) ;
#8645 = DIRECTION ( 'NONE',  ( 0.0000000000000000000, -1.000000000000000000, -1.070121624790885400E-015 ) ) ;
#8646 = DIRECTION ( 'NONE',  ( -0.0000000000000000000, -1.000000000000000000, -0.0000000000000000000 ) ) ;
#8647 = LINE ( 'NONE', #9642, #11325 ) ;
#8648 = ORIENTED_EDGE ( 'NONE', *, *, #1088, .T. ) ;
#8649 = ORIENTED_EDGE ( 'NONE', *, *, #6878, .F. ) ;
#8650 = VERTEX_POINT ( 'NONE', #2202 ) ;
#8651 = CARTESIAN_POINT ( 'NONE',  ( 4.624999999999997300, 2.600000000000000100, 0.2999999999999971600 ) ) ;
#8652 = CARTESIAN_POINT ( 'NONE',  ( -2.300000000000000700, 2.600000000000000100, 0.2999999999999983200 ) ) ;
#8653 = FACE_OUTER_BOUND ( 'NONE', #748, .T. ) ;
#8654 = CARTESIAN_POINT ( 'NONE',  ( -3.184999999999998700, 0.3499999999999997000, 3.999999999999993300 ) ) ;
#8655 = LINE ( 'NONE', #12488, #6034 ) ;
#8656 = CARTESIAN_POINT ( 'NONE',  ( 0.7850000000000010300, 2.500000000000000000, -1.084202172485504400E-016 ) ) ;
#8657 = EDGE_CURVE ( 'NONE', #10998, #6780, #10245, .T. ) ;
#8658 = ORIENTED_EDGE ( 'NONE', *, *, #9984, .T. ) ;
#8659 = LINE ( 'NONE', #10129, #5757 ) ;
#8660 = CARTESIAN_POINT ( 'NONE',  ( -6.125000000000000000, 1.700000000000000000, 0.7999999999999979300 ) ) ;
#8661 = DIRECTION ( 'NONE',  ( 1.000000000000000000, 0.0000000000000000000, 0.0000000000000000000 ) ) ;
#8662 = EDGE_CURVE ( 'NONE', #3186, #2522, #7920, .T. ) ;
#8663 =( NAMED_UNIT ( * ) SI_UNIT ( $, .STERADIAN. ) SOLID_ANGLE_UNIT ( ) );
#8664 = ORIENTED_EDGE ( 'NONE', *, *, #1748, .F. ) ;
#8665 = DIRECTION ( 'NONE',  ( 1.000000000000000000, 0.0000000000000000000, 0.0000000000000000000 ) ) ;
#8666 = SURFACE_STYLE_FILL_AREA ( #6492 ) ;
#8667 = PLANE ( 'NONE',  #9613 ) ;
#8668 = CARTESIAN_POINT ( 'NONE',  ( 1.449999999999999100, 2.600000000000000100, 0.2999999999999976000 ) ) ;
#8669 = ORIENTED_EDGE ( 'NONE', *, *, #1610, .T. ) ;
#8670 = ORIENTED_EDGE ( 'NONE', *, *, #10187, .F. ) ;
#8671 = COLOUR_RGB ( '',0.8000000000000000400, 0.8078431372549019800, 0.8000000000000000400 ) ;
#8672 = PLANE ( 'NONE',  #1735 ) ;
#8673 = EDGE_LOOP ( 'NONE', ( #12372, #197, #4584, #3371 ) ) ;
#8674 = DIRECTION ( 'NONE',  ( 0.0000000000000000000, 0.7071067811865441300, -0.7071067811865510100 ) ) ;
#8675 = MECHANICAL_DESIGN_GEOMETRIC_PRESENTATION_REPRESENTATION (  '', ( #6724 ), #9351 ) ;
#8676 = EDGE_LOOP ( 'NONE', ( #3727, #3475, #7500, #1091 ) ) ;
#8677 = EDGE_CURVE ( 'NONE', #2986, #7202, #5335, .T. ) ;
#8678 = ORIENTED_EDGE ( 'NONE', *, *, #2476, .F. ) ;
#8679 = ORIENTED_EDGE ( 'NONE', *, *, #10350, .F. ) ;
#8680 = SURFACE_STYLE_FILL_AREA ( #8118 ) ;
#8681 = SURFACE_STYLE_USAGE ( .BOTH. , #1818 ) ;
#8682 = CARTESIAN_POINT ( 'NONE',  ( 2.035000000000001000, 2.999999999999999600, -1.761828530288944700E-016 ) ) ;
#8683 = VECTOR ( 'NONE', #2297, 1000.000000000000000 ) ;
#8684 = VECTOR ( 'NONE', #6763, 1000.000000000000000 ) ;
#8685 = FILL_AREA_STYLE_COLOUR ( '', #8741 ) ;
#8686 = AXIS2_PLACEMENT_3D ( 'NONE', #284, #957, #2879 ) ;
#8687 = AXIS2_PLACEMENT_3D ( 'NONE', #9673, #3788, #10678 ) ;
#8688 = ADVANCED_FACE ( 'NONE', ( #9922 ), #12146, .T. ) ;
#8689 = AXIS2_PLACEMENT_3D ( 'NONE', #8878, #2999, #9863 ) ;
#8690 = VECTOR ( 'NONE', #12847, 1000.000000000000000 ) ;
#8691 = PRESENTATION_STYLE_ASSIGNMENT (( #3461 ) ) ;
#8692 = DIRECTION ( 'NONE',  ( -1.000000000000000000, -0.0000000000000000000, -0.0000000000000000000 ) ) ;
#8693 = DIRECTION ( 'NONE',  ( -1.000000000000000000, -0.0000000000000000000, -0.0000000000000000000 ) ) ;
#8694 = ORIENTED_EDGE ( 'NONE', *, *, #9748, .T. ) ;
#8695 = CARTESIAN_POINT ( 'NONE',  ( 0.1999999999999996500, -1.100000000000000100, 0.6499999999999978000 ) ) ;
#8696 = VERTEX_POINT ( 'NONE', #7166 ) ;
#8697 = DIRECTION ( 'NONE',  ( -1.000000000000000000, 0.0000000000000000000, 0.0000000000000000000 ) ) ;
#8698 = DIRECTION ( 'NONE',  ( 0.0000000000000000000, 0.0000000000000000000, -1.000000000000000000 ) ) ;
#8699 = CARTESIAN_POINT ( 'NONE',  ( -1.714999999999999000, 0.3499999999999997000, 3.999999999999993300 ) ) ;
#8700 = DIRECTION ( 'NONE',  ( 3.051828337366604500E-016, -0.0000000000000000000, 1.000000000000000000 ) ) ;
#8701 = LINE ( 'NONE', #3335, #11057 ) ;
#8702 = LINE ( 'NONE', #2052, #11377 ) ;
#8703 = EDGE_LOOP ( 'NONE', ( #12039, #4837, #7378, #10793, #9492, #16, #1488, #6761, #4647, #10657, #11105, #1278, #6283, #7132, #1612, #1538, #10801, #1009, #1726, #8598, #3223, #8620, #3434, #7814, #7880, #7767, #12660, #8204, #10786, #10008, #2718, #6002 ) ) ;
#8704 = VECTOR ( 'NONE', #10464, 1000.000000000000000 ) ;
#8705 = LINE ( 'NONE', #5000, #5786 ) ;
#8706 = ORIENTED_EDGE ( 'NONE', *, *, #8908, .F. ) ;
#8707 = DIRECTION ( 'NONE',  ( 0.0000000000000000000, -1.000000000000000000, 0.0000000000000000000 ) ) ;
#8708 = SURFACE_STYLE_USAGE ( .BOTH. , #1845 ) ;
#8709 = DIRECTION ( 'NONE',  ( 0.0000000000000000000, -1.000000000000000000, -2.032879073410321300E-016 ) ) ;
#8710 = FILL_AREA_STYLE_COLOUR ( '', #6584 ) ;
#8711 = ORIENTED_EDGE ( 'NONE', *, *, #1336, .F. ) ;
#8712 = CARTESIAN_POINT ( 'NONE',  ( -4.625000000000000900, 2.600000000000000100, 0.2999999999999999900 ) ) ;
#8713 = LINE ( 'NONE', #10478, #8405 ) ;
#8714 = PLANE ( 'NONE',  #8300 ) ;
#8715 = DIRECTION ( 'NONE',  ( 0.0000000000000000000, -0.7071067811865441300, 0.7071067811865510100 ) ) ;
#8716 = VECTOR ( 'NONE', #4655, 1000.000000000000000 ) ;
#8717 = AXIS2_PLACEMENT_3D ( 'NONE', #5002, #4785, #4664 ) ;
#8718 = LINE ( 'NONE', #9520, #3519 ) ;
#8719 = LINE ( 'NONE', #7170, #6091 ) ;
#8720 = DIRECTION ( 'NONE',  ( 1.000000000000000000, 2.344220913482171800E-017, 0.0000000000000000000 ) ) ;
#8721 = EDGE_LOOP ( 'NONE', ( #4828, #12038, #10576, #5143 ) ) ;
#8722 = ORIENTED_EDGE ( 'NONE', *, *, #4150, .T. ) ;
#8723 = CARTESIAN_POINT ( 'NONE',  ( -4.825000000000000200, -0.8000000000000001600, 2.200000000000000200 ) ) ;
#8724 =( NAMED_UNIT ( * ) PLANE_ANGLE_UNIT ( ) SI_UNIT ( $, .RADIAN. ) );
#8725 = CARTESIAN_POINT ( 'NONE',  ( -2.964999999999999000, 2.500000000000000000, -1.084202172485504400E-016 ) ) ;
#8726 =( NAMED_UNIT ( * ) SI_UNIT ( $, .STERADIAN. ) SOLID_ANGLE_UNIT ( ) );
#8727 = SURFACE_STYLE_FILL_AREA ( #3150 ) ;
#8728 = FILL_AREA_STYLE ('',( #1867 ) ) ;
#8729 = EDGE_CURVE ( 'NONE', #969, #6066, #9001, .T. ) ;
#8730 = CARTESIAN_POINT ( 'NONE',  ( 3.675000000000000700, 1.999999999999998200, 3.699999999999996600 ) ) ;
#8731 = VERTEX_POINT ( 'NONE', #6213 ) ;
#8732 = VECTOR ( 'NONE', #12274, 1000.000000000000000 ) ;
#8733 = VERTEX_POINT ( 'NONE', #8192 ) ;
#8734 = UNCERTAINTY_MEASURE_WITH_UNIT (LENGTH_MEASURE( 1.000000000000000100E-005 ), #9410, 'distance_accuracy_value', 'NONE');
#8735 = AXIS2_PLACEMENT_3D ( 'NONE', #1172, #8057, #2157 ) ;
#8736 = EDGE_CURVE ( 'NONE', #2617, #10948, #11359, .T. ) ;
#8737 = CARTESIAN_POINT ( 'NONE',  ( -4.125000000000000000, -1.100000000000000300, 0.04999999999999980800 ) ) ;
#8738 = COLOUR_RGB ( '',0.8000000000000000400, 0.8078431372549019800, 0.8000000000000000400 ) ;
#8739 = LINE ( 'NONE', #8221, #894 ) ;
#8740 = LINE ( 'NONE', #8967, #3542 ) ;
#8741 = COLOUR_RGB ( '',0.8000000000000000400, 0.8078431372549019800, 0.8000000000000000400 ) ;
#8742 = CARTESIAN_POINT ( 'NONE',  ( -4.625000000000000900, 2.600000000000000100, 0.2999999999999999900 ) ) ;
#8743 = EDGE_CURVE ( 'NONE', #8046, #1948, #3784, .T. ) ;
#8744 = CARTESIAN_POINT ( 'NONE',  ( 5.149000000000000900, 1.100000000000000100, 0.2540000000000000000 ) ) ;
#8745 = VERTEX_POINT ( 'NONE', #5293 ) ;
#8746 = CARTESIAN_POINT ( 'NONE',  ( -2.964999999999999000, 3.100000000000000100, 0.3499999999999989800 ) ) ;
#8747 = PRESENTATION_LAYER_ASSIGNMENT (  '', '', ( #7436 ) ) ;
#8748 = DIRECTION ( 'NONE',  ( -0.0000000000000000000, -1.000000000000000000, -0.0000000000000000000 ) ) ;
#8749 = ORIENTED_EDGE ( 'NONE', *, *, #10917, .T. ) ;
#8750 = EDGE_LOOP ( 'NONE', ( #12078, #4220, #1036, #3265 ) ) ;
#8751 = CARTESIAN_POINT ( 'NONE',  ( 4.324999999999995700, 0.8499999999999996400, 4.699999999999996600 ) ) ;
#8752 = EDGE_CURVE ( 'NONE', #11744, #3035, #3476, .T. ) ;
#8753 = VECTOR ( 'NONE', #7552, 1000.000000000000000 ) ;
#8754 = VECTOR ( 'NONE', #3750, 1000.000000000000200 ) ;
#8755 =( LENGTH_UNIT ( ) NAMED_UNIT ( * ) SI_UNIT ( .MILLI., .METRE. ) );
#8756 = EDGE_CURVE ( 'NONE', #119, #11450, #6055, .T. ) ;
#8757 = VECTOR ( 'NONE', #5736, 1000.000000000000000 ) ;
#8758 = EDGE_LOOP ( 'NONE', ( #10525, #10347, #5234, #10609 ) ) ;
#8759 = PRESENTATION_STYLE_ASSIGNMENT (( #3740 ) ) ;
#8760 = ADVANCED_FACE ( 'NONE', ( #1141 ), #10225, .T. ) ;
#8761 = ORIENTED_EDGE ( 'NONE', *, *, #13, .T. ) ;
#8762 = DIRECTION ( 'NONE',  ( 0.0000000000000000000, 0.0000000000000000000, -1.000000000000000000 ) ) ;
#8763 = ORIENTED_EDGE ( 'NONE', *, *, #5488, .T. ) ;
#8764 = ORIENTED_EDGE ( 'NONE', *, *, #6943, .T. ) ;
#8765 = VECTOR ( 'NONE', #11741, 1000.000000000000000 ) ;
#8766 = CARTESIAN_POINT ( 'NONE',  ( -2.034999999999998800, 3.100000000000000100, 0.09999999999999947800 ) ) ;
#8767 = CARTESIAN_POINT ( 'NONE',  ( -1.949999999999999700, -0.6999999999999988500, 3.249999999999996000 ) ) ;
#8768 = EDGE_CURVE ( 'NONE', #3171, #6438, #11037, .T. ) ;
#8769 = PRESENTATION_LAYER_ASSIGNMENT (  '', '', ( #7455 ) ) ;
#8770 = CARTESIAN_POINT ( 'NONE',  ( 3.285000000000001500, 2.200000000000004200, 0.2999999999999988800 ) ) ;
#8771 = DIRECTION ( 'NONE',  ( 0.0000000000000000000, -0.7071067811865496800, -0.7071067811865453500 ) ) ;
#8772 = VECTOR ( 'NONE', #5156, 1000.000000000000000 ) ;
#8773 = FILL_AREA_STYLE_COLOUR ( '', #9997 ) ;
#8774 = EDGE_LOOP ( 'NONE', ( #11808, #1345, #3065, #4542 ) ) ;
#8775 = DIRECTION ( 'NONE',  ( 0.0000000000000000000, 0.0000000000000000000, 1.000000000000000000 ) ) ;
#8776 = EDGE_LOOP ( 'NONE', ( #2910, #536, #10827, #4055 ) ) ;
#8777 = AXIS2_PLACEMENT_3D ( 'NONE', #6880, #3907, #11617 ) ;
#8778 = CARTESIAN_POINT ( 'NONE',  ( -3.284999999999998800, 3.000000000000000000, 0.4499999999999998400 ) ) ;
#8779 = EDGE_LOOP ( 'NONE', ( #9054, #8761, #2372, #7539, #4472, #4143, #2817 ) ) ;
#8780 = DIRECTION ( 'NONE',  ( 0.0000000000000000000, 1.000000000000000000, 1.141265444721583800E-016 ) ) ;
#8781 = LINE ( 'NONE', #5982, #9110 ) ;
#8782 = ADVANCED_FACE ( 'NONE', ( #10717 ), #3349, .T. ) ;
#8783 = PRESENTATION_STYLE_ASSIGNMENT (( #7211 ) ) ;
#8784 = EDGE_LOOP ( 'NONE', ( #5519, #4526, #3939, #5394 ) ) ;
#8785 = VERTEX_POINT ( 'NONE', #6311 ) ;
#8786 = AXIS2_PLACEMENT_3D ( 'NONE', #12349, #6387, #488 ) ;
#8787 = ORIENTED_EDGE ( 'NONE', *, *, #3413, .F. ) ;
#8788 =( NAMED_UNIT ( * ) SI_UNIT ( $, .STERADIAN. ) SOLID_ANGLE_UNIT ( ) );
#8789 = PLANE ( 'NONE',  #8039 ) ;
#8790 = DIRECTION ( 'NONE',  ( 0.0000000000000000000, -0.0000000000000000000, 1.000000000000000000 ) ) ;
#8791 =( NAMED_UNIT ( * ) PLANE_ANGLE_UNIT ( ) SI_UNIT ( $, .RADIAN. ) );
#8792 = CARTESIAN_POINT ( 'NONE',  ( 4.324999999999995700, 0.09999999999999982500, 1.749999999999996400 ) ) ;
#8793 = ORIENTED_EDGE ( 'NONE', *, *, #5948, .T. ) ;
#8794 = MECHANICAL_DESIGN_GEOMETRIC_PRESENTATION_REPRESENTATION (  '', ( #4479 ), #9470 ) ;
#8795 = ORIENTED_EDGE ( 'NONE', *, *, #7769, .F. ) ;
#8796 = MECHANICAL_DESIGN_GEOMETRIC_PRESENTATION_REPRESENTATION (  '', ( #6836 ), #9472 ) ;
#8797 = CARTESIAN_POINT ( 'NONE',  ( -4.324999999999999300, 0.8499999999999996400, 1.749999999999996400 ) ) ;
#8798 = CARTESIAN_POINT ( 'NONE',  ( 3.285000000000001500, -0.1500000000000003300, 0.2999999999999965500 ) ) ;
#8799 = ORIENTED_EDGE ( 'NONE', *, *, #84, .F. ) ;
#8800 = CARTESIAN_POINT ( 'NONE',  ( -4.624999999999999100, 1.700000000000000000, 3.699999999999996600 ) ) ;
#8801 = DIRECTION ( 'NONE',  ( -1.000000000000000000, 0.0000000000000000000, -3.971436529250929000E-016 ) ) ;
#8802 = DIRECTION ( 'NONE',  ( 2.344220913482171700E-016, -1.000000000000000000, 0.0000000000000000000 ) ) ;
#8803 = DIRECTION ( 'NONE',  ( 0.0000000000000000000, 1.000000000000000000, 0.0000000000000000000 ) ) ;
#8804 = FACE_OUTER_BOUND ( 'NONE', #11285, .T. ) ;
#8805 = VERTEX_POINT ( 'NONE', #462 ) ;
#8806 = VECTOR ( 'NONE', #1601, 1000.000000000000000 ) ;
#8807 = DIRECTION ( 'NONE',  ( 2.344220913482171800E-017, -1.000000000000000000, 0.0000000000000000000 ) ) ;
#8808 = EDGE_LOOP ( 'NONE', ( #9608, #12226, #10969, #1493 ) ) ;
#8809 = SURFACE_STYLE_USAGE ( .BOTH. , #9799 ) ;
#8810 = FACE_OUTER_BOUND ( 'NONE', #6174, .T. ) ;
#8811 = UNCERTAINTY_MEASURE_WITH_UNIT (LENGTH_MEASURE( 1.000000000000000100E-005 ), #8239, 'distance_accuracy_value', 'NONE');
#8812 = CARTESIAN_POINT ( 'NONE',  ( -0.4649999999999988600, 0.4249999999999998200, 0.6499999999999964700 ) ) ;
#8813 = DIRECTION ( 'NONE',  ( 3.771137991253929100E-016, 0.0000000000000000000, 1.000000000000000000 ) ) ;
#8814 = MECHANICAL_DESIGN_GEOMETRIC_PRESENTATION_REPRESENTATION (  '', ( #6854 ), #9486 ) ;
#8815 = CARTESIAN_POINT ( 'NONE',  ( 2.349999999999999200, -0.6999999999999992900, 3.249999999999995100 ) ) ;
#8816 = LINE ( 'NONE', #5532, #11175 ) ;
#8817 = CARTESIAN_POINT ( 'NONE',  ( -1.714999999999999000, -0.3750000000000005600, 3.999999999999993300 ) ) ;
#8818 = ORIENTED_EDGE ( 'NONE', *, *, #10318, .T. ) ;
#8819 = DIRECTION ( 'NONE',  ( 0.1940285000290628800, -0.1455213750217966800, 0.9701425001453329900 ) ) ;
#8820 = LINE ( 'NONE', #10024, #3613 ) ;
#8821 =( LENGTH_UNIT ( ) NAMED_UNIT ( * ) SI_UNIT ( .MILLI., .METRE. ) );
#8822 = LINE ( 'NONE', #11473, #11178 ) ;
#8823 = EDGE_CURVE ( 'NONE', #10820, #5978, #2212, .T. ) ;
#8824 = FACE_OUTER_BOUND ( 'NONE', #9717, .T. ) ;
#8825 = ADVANCED_FACE ( 'NONE', ( #4852 ), #10316, .T. ) ;
#8826 = CARTESIAN_POINT ( 'NONE',  ( -1.949999999999999700, -1.100000000000000100, 2.099999999999996100 ) ) ;
#8827 = ORIENTED_EDGE ( 'NONE', *, *, #8196, .T. ) ;
#8828 = EDGE_CURVE ( 'NONE', #11743, #645, #6224, .T. ) ;
#8829 = DIRECTION ( 'NONE',  ( -1.000000000000000000, -0.0000000000000000000, -0.0000000000000000000 ) ) ;
#8830 = UNCERTAINTY_MEASURE_WITH_UNIT (LENGTH_MEASURE( 1.000000000000000100E-005 ), #12424, 'distance_accuracy_value', 'NONE');
#8831 = CARTESIAN_POINT ( 'NONE',  ( 0.0000000000000000000, 0.0000000000000000000, 3.699999999999996600 ) ) ;
#8832 = CLOSED_SHELL ( 'NONE', ( #10603, #10540, #10138, #6510, #5158, #5742, #1616, #4212, #4778, #8317, #10886, #9227, #11663, #1421, #3311, #8133, #9404, #8049, #6398, #6379, #4707, #3066, #108, #3372 ) ) ;
#8833 = PLANE ( 'NONE',  #2044 ) ;
#8834 = ORIENTED_EDGE ( 'NONE', *, *, #1406, .F. ) ;
#8835 = PLANE ( 'NONE',  #164 ) ;
#8836 = EDGE_CURVE ( 'NONE', #9481, #11624, #8839, .T. ) ;
#8837 = LINE ( 'NONE', #378, #11190 ) ;
#8838 = DIRECTION ( 'NONE',  ( -1.000000000000000000, 0.0000000000000000000, -0.0000000000000000000 ) ) ;
#8839 = LINE ( 'NONE', #3478, #11191 ) ;
#8840 = VECTOR ( 'NONE', #8984, 1000.000000000000000 ) ;
#8841 = EDGE_CURVE ( 'NONE', #3297, #9431, #985, .T. ) ;
#8842 = DIRECTION ( 'NONE',  ( 0.0000000000000000000, 0.0000000000000000000, 1.000000000000000000 ) ) ;
#8843 = EDGE_CURVE ( 'NONE', #7494, #10272, #8529, .T. ) ;
#8844 = AXIS2_PLACEMENT_3D ( 'NONE', #1089, #7930, #7974 ) ;
#8845 = CARTESIAN_POINT ( 'NONE',  ( -4.024999999999999500, -0.6999999999999988500, 1.749999999999996400 ) ) ;
#8846 = UNCERTAINTY_MEASURE_WITH_UNIT (LENGTH_MEASURE( 1.000000000000000100E-005 ), #931, 'distance_accuracy_value', 'NONE');
#8847 = FILL_AREA_STYLE_COLOUR ( '', #11672 ) ;
#8848 = PRESENTATION_STYLE_ASSIGNMENT (( #7576 ) ) ;
#8849 = ADVANCED_FACE ( 'NONE', ( #3625 ), #3528, .T. ) ;
#8850 = VECTOR ( 'NONE', #807, 1000.000000000000000 ) ;
#8851 = EDGE_LOOP ( 'NONE', ( #90, #2733, #2537, #8321 ) ) ;
#8852 = DIRECTION ( 'NONE',  ( -1.000000000000000000, -0.0000000000000000000, -0.0000000000000000000 ) ) ;
#8853 = PRESENTATION_STYLE_ASSIGNMENT (( #5106 ) ) ;
#8854 = CARTESIAN_POINT ( 'NONE',  ( -0.4649999999999988600, 2.999999999999999600, -1.761828530288944700E-016 ) ) ;
#8855 = PRESENTATION_STYLE_ASSIGNMENT (( #11534 ) ) ;
#8856 = DIRECTION ( 'NONE',  ( 3.971436529250929000E-016, 0.0000000000000000000, -1.000000000000000000 ) ) ;
#8857 = EDGE_CURVE ( 'NONE', #10297, #7806, #5627, .T. ) ;
#8858 = SURFACE_STYLE_USAGE ( .BOTH. , #1980 ) ;
#8859 = CARTESIAN_POINT ( 'NONE',  ( -6.125000000000000000, -1.100000000000000100, 0.3039999999999999400 ) ) ;
#8860 = DIRECTION ( 'NONE',  ( -0.9805806756909207800, 0.0000000000000000000, -0.1961161351381809400 ) ) ;
#8861 = CARTESIAN_POINT ( 'NONE',  ( 1.715000000000001200, -0.6250000000000003300, 0.6499999999999964700 ) ) ;
#8862 = AXIS2_PLACEMENT_3D ( 'NONE', #11427, #2693, #10733 ) ;
#8863 = COLOUR_RGB ( '',0.8000000000000000400, 0.8078431372549019800, 0.8000000000000000400 ) ;
#8864 = ORIENTED_EDGE ( 'NONE', *, *, #11348, .F. ) ;
#8865 = SURFACE_STYLE_FILL_AREA ( #12666 ) ;
#8866 = VECTOR ( 'NONE', #4161, 1000.000000000000200 ) ;
#8867 = ORIENTED_EDGE ( 'NONE', *, *, #2578, .T. ) ;
#8868 =( GEOMETRIC_REPRESENTATION_CONTEXT ( 3 ) GLOBAL_UNCERTAINTY_ASSIGNED_CONTEXT ( ( #1420 ) ) GLOBAL_UNIT_ASSIGNED_CONTEXT ( ( #12356, #6400, #496 ) ) REPRESENTATION_CONTEXT ( 'NONE', 'WORKASPACE' ) );
#8869 = DIRECTION ( 'NONE',  ( -0.0000000000000000000, -1.000000000000000000, -0.0000000000000000000 ) ) ;
#8870 = CARTESIAN_POINT ( 'NONE',  ( -2.034999999999998800, 3.100000000000000100, 0.3499999999999989800 ) ) ;
#8871 = COLOUR_RGB ( '',0.8000000000000000400, 0.8078431372549019800, 0.8000000000000000400 ) ;
#8872 = CARTESIAN_POINT ( 'NONE',  ( -5.319000000000001700, 1.420000000000001300, 0.3000000000000002100 ) ) ;
#8873 = VECTOR ( 'NONE', #5807, 1000.000000000000000 ) ;
#8874 = LINE ( 'NONE', #9405, #6260 ) ;
#8875 = DIRECTION ( 'NONE',  ( -1.000000000000000000, -0.0000000000000000000, -0.0000000000000000000 ) ) ;
#8876 = AXIS2_PLACEMENT_3D ( 'NONE', #2145, #1518, #617 ) ;
#8877 = ORIENTED_EDGE ( 'NONE', *, *, #3094, .F. ) ;
#8878 = CARTESIAN_POINT ( 'NONE',  ( -5.149000000000000900, 1.100000000000000100, 1.226000000000000000 ) ) ;
#8879 = DIRECTION ( 'NONE',  ( 0.0000000000000000000, 2.258754526011468200E-016, -1.000000000000000000 ) ) ;
#8880 = CARTESIAN_POINT ( 'NONE',  ( 5.645000000000000500, -0.8799999999999986700, 1.275999999999999800 ) ) ;
#8881 = ORIENTED_EDGE ( 'NONE', *, *, #1080, .F. ) ;
#8882 = LINE ( 'NONE', #8029, #8565 ) ;
#8883 =( GEOMETRIC_REPRESENTATION_CONTEXT ( 3 ) GLOBAL_UNCERTAINTY_ASSIGNED_CONTEXT ( ( #4585 ) ) GLOBAL_UNIT_ASSIGNED_CONTEXT ( ( #5823, #12788, #6833 ) ) REPRESENTATION_CONTEXT ( 'NONE', 'WORKASPACE' ) );
#8884 = VECTOR ( 'NONE', #5353, 1000.000000000000000 ) ;
#8885 = CARTESIAN_POINT ( 'NONE',  ( -1.714999999999999000, -0.1500000000000003000, 0.1799999999999965800 ) ) ;
#8886 = FILL_AREA_STYLE_COLOUR ( '', #332 ) ;
#8887 = CARTESIAN_POINT ( 'NONE',  ( -5.149000000000000900, 1.100000000000000100, -2.710505431213761100E-017 ) ) ;
#8888 = ORIENTED_EDGE ( 'NONE', *, *, #9527, .F. ) ;
#8889 =( NAMED_UNIT ( * ) SI_UNIT ( $, .STERADIAN. ) SOLID_ANGLE_UNIT ( ) );
#8890 = PLANE ( 'NONE',  #6649 ) ;
#8891 = ORIENTED_EDGE ( 'NONE', *, *, #2487, .F. ) ;
#8892 = CARTESIAN_POINT ( 'NONE',  ( -2.964999999999999000, 3.100000000000000100, 0.3499999999999989800 ) ) ;
#8893 = ADVANCED_FACE ( 'NONE', ( #3005 ), #7623, .T. ) ;
#8894 = DIRECTION ( 'NONE',  ( 0.0000000000000000000, -0.0000000000000000000, 1.000000000000000000 ) ) ;
#8895 = ORIENTED_EDGE ( 'NONE', *, *, #4086, .F. ) ;
#8896 = DIRECTION ( 'NONE',  ( 0.0000000000000000000, 0.0000000000000000000, -1.000000000000000000 ) ) ;
#8897 = AXIS2_PLACEMENT_3D ( 'NONE', #6287, #1387, #8252 ) ;
#8898 = FILL_AREA_STYLE ('',( #7901 ) ) ;
#8899 = LINE ( 'NONE', #8861, #1362 ) ;
#8900 = CARTESIAN_POINT ( 'NONE',  ( 0.7850000000000010300, 0.2499999999999996700, 0.2999999999999966000 ) ) ;
#8901 = VERTEX_POINT ( 'NONE', #5499 ) ;
#8902 = VERTEX_POINT ( 'NONE', #3735 ) ;
#8903 = SURFACE_STYLE_USAGE ( .BOTH. , #2023 ) ;
#8904 = EDGE_CURVE ( 'NONE', #2708, #8510, #7907, .T. ) ;
#8905 = DIRECTION ( 'NONE',  ( 0.0000000000000000000, -0.7071067811865496800, -0.7071067811865453500 ) ) ;
#8906 = PLANE ( 'NONE',  #6026 ) ;
#8907 = SURFACE_STYLE_FILL_AREA ( #4731 ) ;
#8908 = EDGE_CURVE ( 'NONE', #8901, #425, #10562, .T. ) ;
#8909 = PRESENTATION_STYLE_ASSIGNMENT (( #4360 ) ) ;
#8910 = FILL_AREA_STYLE_COLOUR ( '', #1522 ) ;
#8911 = CARTESIAN_POINT ( 'NONE',  ( 2.035000000000001000, -0.6250000000000003300, 0.6499999999999964700 ) ) ;
#8912 = SURFACE_STYLE_FILL_AREA ( #9708 ) ;
#8913 = CARTESIAN_POINT ( 'NONE',  ( -0.5649999999999986100, -0.3750000000000005600, 3.999999999999993300 ) ) ;
#8914 = VECTOR ( 'NONE', #10529, 1000.000000000000000 ) ;
#8915 = ORIENTED_EDGE ( 'NONE', *, *, #11862, .F. ) ;
#8916 = LINE ( 'NONE', #535, #11586 ) ;
#8917 = CARTESIAN_POINT ( 'NONE',  ( 0.4650000000000010200, -0.1500000000000003000, 0.1799999999999965800 ) ) ;
#8918 = EDGE_CURVE ( 'NONE', #5, #7101, #379, .T. ) ;
#8919 = ADVANCED_FACE ( 'NONE', ( #7594 ), #1797, .F. ) ;
#8920 = ORIENTED_EDGE ( 'NONE', *, *, #4641, .T. ) ;
#8921 = EDGE_LOOP ( 'NONE', ( #879, #12477, #4662, #7159 ) ) ;
#8922 = MANIFOLD_SOLID_BREP ( 'Case', #41 ) ;
#8923 =( NAMED_UNIT ( * ) PLANE_ANGLE_UNIT ( ) SI_UNIT ( $, .RADIAN. ) );
#8924 = EDGE_CURVE ( 'NONE', #9903, #2276, #9303, .T. ) ;
#8925 = CARTESIAN_POINT ( 'NONE',  ( -3.674999999999998500, 2.299999999999999800, 1.749999999999996400 ) ) ;
#8926 = CARTESIAN_POINT ( 'NONE',  ( 4.024999999999995900, 1.700000000000000200, 3.399999999999996800 ) ) ;
#8927 =( GEOMETRIC_REPRESENTATION_CONTEXT ( 3 ) GLOBAL_UNCERTAINTY_ASSIGNED_CONTEXT ( ( #12756 ) ) GLOBAL_UNIT_ASSIGNED_CONTEXT ( ( #3437, #10314, #4431 ) ) REPRESENTATION_CONTEXT ( 'NONE', 'WORKASPACE' ) );
#8928 = DIRECTION ( 'NONE',  ( 0.0000000000000000000, -0.7071067811865496800, -0.7071067811865453500 ) ) ;
#8929 = DIRECTION ( 'NONE',  ( 0.0000000000000000000, -0.7071067811865441300, 0.7071067811865510100 ) ) ;
#8930 = COLOUR_RGB ( '',0.8000000000000000400, 0.8078431372549019800, 0.8000000000000000400 ) ;
#8931 = EDGE_CURVE ( 'NONE', #8360, #8318, #4995, .T. ) ;
#8932 = ORIENTED_EDGE ( 'NONE', *, *, #6790, .T. ) ;
#8933 = VECTOR ( 'NONE', #10457, 1000.000000000000000 ) ;
#8934 = DIRECTION ( 'NONE',  ( 0.0000000000000000000, 1.167602339599771500E-015, -1.000000000000000000 ) ) ;
#8935 = DIRECTION ( 'NONE',  ( 1.000000000000000000, 0.0000000000000000000, -3.771137991253929100E-016 ) ) ;
#8936 = DIRECTION ( 'NONE',  ( 0.0000000000000000000, 1.000000000000000000, 0.0000000000000000000 ) ) ;
#8937 = EDGE_CURVE ( 'NONE', #6656, #5284, #2690, .T. ) ;
#8938 = CARTESIAN_POINT ( 'NONE',  ( -2.964999999999999000, -0.1500000000000003300, 0.2999999999999965500 ) ) ;
#8939 = PLANE ( 'NONE',  #12299 ) ;
#8940 = DIRECTION ( 'NONE',  ( -1.000000000000000000, -0.0000000000000000000, -0.0000000000000000000 ) ) ;
#8941 = FACE_BOUND ( 'NONE', #4992, .T. ) ;
#8942 = DIRECTION ( 'NONE',  ( -1.000000000000000000, 0.0000000000000000000, 0.0000000000000000000 ) ) ;
#8943 = ORIENTED_EDGE ( 'NONE', *, *, #12379, .F. ) ;
#8944 = EDGE_CURVE ( 'NONE', #3605, #1367, #4093, .T. ) ;
#8945 = ORIENTED_EDGE ( 'NONE', *, *, #11955, .F. ) ;
#8946 = ORIENTED_EDGE ( 'NONE', *, *, #7922, .F. ) ;
#8947 = VECTOR ( 'NONE', #5165, 1000.000000000000000 ) ;
#8948 = FILL_AREA_STYLE_COLOUR ( '', #4127 ) ;
#8949 = DIRECTION ( 'NONE',  ( 0.0000000000000000000, -1.000000000000000000, -0.0000000000000000000 ) ) ;
#8950 = CARTESIAN_POINT ( 'NONE',  ( 0.7850000000000010300, 0.2499999999999996700, 0.2999999999999966000 ) ) ;
#8951 = ORIENTED_EDGE ( 'NONE', *, *, #9423, .F. ) ;
#8952 = VERTEX_POINT ( 'NONE', #1878 ) ;
#8953 = ORIENTED_EDGE ( 'NONE', *, *, #2842, .F. ) ;
#8954 = CARTESIAN_POINT ( 'NONE',  ( -0.4649999999999988600, -0.3750000000000001100, 0.6499999999999975800 ) ) ;
#8955 = CARTESIAN_POINT ( 'NONE',  ( -0.5649999999999986100, 0.3499999999999997000, 3.999999999999993300 ) ) ;
#8956 = PLANE ( 'NONE',  #3470 ) ;
#8957 = ADVANCED_FACE ( 'NONE', ( #6383 ), #12743, .F. ) ;
#8958 = STYLED_ITEM ( 'NONE', ( #11464 ), #9680 ) ;
#8959 = VERTEX_POINT ( 'NONE', #2868 ) ;
#8960 = CARTESIAN_POINT ( 'NONE',  ( 3.285000000000001500, -0.6250000000000003300, 0.2999999999999964900 ) ) ;
#8961 = ORIENTED_EDGE ( 'NONE', *, *, #9433, .T. ) ;
#8962 = ORIENTED_EDGE ( 'NONE', *, *, #188, .T. ) ;
#8963 = CARTESIAN_POINT ( 'NONE',  ( 4.024999999999995900, -0.6999999999999988500, 1.749999999999996400 ) ) ;
#8964 = SURFACE_STYLE_FILL_AREA ( #12470 ) ;
#8965 = SURFACE_SIDE_STYLE ('',( #936 ) ) ;
#8966 = DIRECTION ( 'NONE',  ( -1.000000000000000000, 0.0000000000000000000, 4.371782953570583600E-016 ) ) ;
#8967 = CARTESIAN_POINT ( 'NONE',  ( 2.035000000000001000, 2.200000000000004200, 0.2999999999999988800 ) ) ;
#8968 = ORIENTED_EDGE ( 'NONE', *, *, #692, .F. ) ;
#8969 = PRESENTATION_LAYER_ASSIGNMENT (  '', '', ( #7639 ) ) ;
#8970 = LINE ( 'NONE', #8634, #11004 ) ;
#8971 = MECHANICAL_DESIGN_GEOMETRIC_PRESENTATION_REPRESENTATION (  '', ( #7643 ), #9638 ) ;
#8972 =( LENGTH_UNIT ( ) NAMED_UNIT ( * ) SI_UNIT ( .MILLI., .METRE. ) );
#8973 = ORIENTED_EDGE ( 'NONE', *, *, #5943, .T. ) ;
#8974 = DIRECTION ( 'NONE',  ( 1.000000000000000000, 0.0000000000000000000, -0.0000000000000000000 ) ) ;
#8975 = DIRECTION ( 'NONE',  ( -1.000000000000000000, -0.0000000000000000000, -0.0000000000000000000 ) ) ;
#8976 = ORIENTED_EDGE ( 'NONE', *, *, #4421, .F. ) ;
#8977 = LINE ( 'NONE', #274, #6033 ) ;
#8978 = LINE ( 'NONE', #1593, #1447 ) ;
#8979 = DIRECTION ( 'NONE',  ( 2.344220913482171700E-016, -1.000000000000000000, 0.0000000000000000000 ) ) ;
#8980 = UNCERTAINTY_MEASURE_WITH_UNIT (LENGTH_MEASURE( 1.000000000000000100E-005 ), #2180, 'distance_accuracy_value', 'NONE');
#8981 = ADVANCED_FACE ( 'NONE', ( #11662 ), #11781, .T. ) ;
#8982 = VECTOR ( 'NONE', #10980, 1000.000000000000000 ) ;
#8983 = DIRECTION ( 'NONE',  ( 0.0000000000000000000, 0.0000000000000000000, -1.000000000000000000 ) ) ;
#8984 = DIRECTION ( 'NONE',  ( 0.0000000000000000000, -1.000000000000000000, 1.204669080539448600E-016 ) ) ;
#8985 = EDGE_CURVE ( 'NONE', #9868, #9762, #7735, .T. ) ;
#8986 = ORIENTED_EDGE ( 'NONE', *, *, #6544, .F. ) ;
#8987 = ORIENTED_EDGE ( 'NONE', *, *, #6943, .F. ) ;
#8988 = CARTESIAN_POINT ( 'NONE',  ( 4.024999999999995900, -0.6999999999999988500, 4.399999999999994100 ) ) ;
#8989 = VECTOR ( 'NONE', #11737, 1000.000000000000000 ) ;
#8990 = AXIS2_PLACEMENT_3D ( 'NONE', #3919, #10808, #4885 ) ;
#8991 = FILL_AREA_STYLE ('',( #8773 ) ) ;
#8992 = CARTESIAN_POINT ( 'NONE',  ( -4.085666666666657700, 0.1333333333333511800, 1.533333333333334300 ) ) ;
#8993 = ORIENTED_EDGE ( 'NONE', *, *, #8752, .F. ) ;
#8994 = UNCERTAINTY_MEASURE_WITH_UNIT (LENGTH_MEASURE( 1.000000000000000100E-005 ), #2809, 'distance_accuracy_value', 'NONE');
#8995 = DIRECTION ( 'NONE',  ( 0.0000000000000000000, -0.0000000000000000000, 1.000000000000000000 ) ) ;
#8996 = DIRECTION ( 'NONE',  ( 0.0000000000000000000, -0.7071067811865431300, 0.7071067811865520100 ) ) ;
#8997 = EDGE_CURVE ( 'NONE', #12285, #1714, #2844, .T. ) ;
#8998 = EDGE_LOOP ( 'NONE', ( #10942, #1930, #9274, #6770 ) ) ;
#8999 =( GEOMETRIC_REPRESENTATION_CONTEXT ( 3 ) GLOBAL_UNCERTAINTY_ASSIGNED_CONTEXT ( ( #1000 ) ) GLOBAL_UNIT_ASSIGNED_CONTEXT ( ( #9547, #3659, #10555 ) ) REPRESENTATION_CONTEXT ( 'NONE', 'WORKASPACE' ) );
#9000 = LINE ( 'NONE', #7080, #11354 ) ;
#9001 = LINE ( 'NONE', #1315, #11674 ) ;
#9002 = FACE_OUTER_BOUND ( 'NONE', #10353, .T. ) ;
#9003 = EDGE_CURVE ( 'NONE', #813, #4224, #10391, .T. ) ;
#9004 = PLANE ( 'NONE',  #7703 ) ;
#9005 = AXIS2_PLACEMENT_3D ( 'NONE', #3221, #7155, #1266 ) ;
#9006 = ORIENTED_EDGE ( 'NONE', *, *, #2159, .F. ) ;
#9007 = CARTESIAN_POINT ( 'NONE',  ( -4.624999999999999100, 2.600000000000000100, 4.699999999999995700 ) ) ;
#9008 = DIRECTION ( 'NONE',  ( -1.000000000000000000, 0.0000000000000000000, 0.0000000000000000000 ) ) ;
#9009 = FILL_AREA_STYLE_COLOUR ( '', #4683 ) ;
#9010 = EDGE_CURVE ( 'NONE', #10272, #11902, #5149, .T. ) ;
#9011 = UNCERTAINTY_MEASURE_WITH_UNIT (LENGTH_MEASURE( 1.000000000000000100E-005 ), #10274, 'distance_accuracy_value', 'NONE');
#9012 = CARTESIAN_POINT ( 'NONE',  ( 0.7850000000000018100, 1.110104613466387200E-016, 0.6499999999999978000 ) ) ;
#9013 = CARTESIAN_POINT ( 'NONE',  ( -3.284999999999998800, 0.4249999999999998200, 0.04999999999999709500 ) ) ;
#9014 = COLOUR_RGB ( '',0.8000000000000000400, 0.8078431372549019800, 0.8000000000000000400 ) ;
#9015 = COLOUR_RGB ( '',0.8000000000000000400, 0.8078431372549019800, 0.8000000000000000400 ) ;
#9016 = FACE_OUTER_BOUND ( 'NONE', #4696, .T. ) ;
#9017 = EDGE_CURVE ( 'NONE', #8731, #10402, #7449, .T. ) ;
#9018 = ORIENTED_EDGE ( 'NONE', *, *, #10608, .T. ) ;
#9019 = CARTESIAN_POINT ( 'NONE',  ( 3.285000000000002400, 0.4249999999999998200, 1.749999999999996400 ) ) ;
#9020 = CARTESIAN_POINT ( 'NONE',  ( -4.624999999999999100, -1.100000000000000100, 1.749999999999999600 ) ) ;
#9021 = STYLED_ITEM ( 'NONE', ( #610 ), #7717 ) ;
#9022 = CARTESIAN_POINT ( 'NONE',  ( 4.625000000000000900, 1.700000000000000000, 2.400000000000000400 ) ) ;
#9023 = DIRECTION ( 'NONE',  ( 0.0000000000000000000, -1.000000000000000000, -1.141265444721583800E-016 ) ) ;
#9024 = ORIENTED_EDGE ( 'NONE', *, *, #8736, .F. ) ;
#9025 = DIRECTION ( 'NONE',  ( 1.000000000000000000, 0.0000000000000000000, 0.0000000000000000000 ) ) ;
#9026 = ADVANCED_FACE ( 'NONE', ( #2200 ), #18, .T. ) ;
#9027 = DIRECTION ( 'NONE',  ( 0.0000000000000000000, -1.000000000000000000, -1.070121624790885400E-015 ) ) ;
#9028 =( NAMED_UNIT ( * ) PLANE_ANGLE_UNIT ( ) SI_UNIT ( $, .RADIAN. ) );
#9029 = LINE ( 'NONE', #9183, #3802 ) ;
#9030 = CARTESIAN_POINT ( 'NONE',  ( 0.7850000000000010300, 3.100000000000000100, 0.3499999999999989800 ) ) ;
#9031 = MECHANICAL_DESIGN_GEOMETRIC_PRESENTATION_REPRESENTATION (  '', ( #7049 ), #9693 ) ;
#9032 = VECTOR ( 'NONE', #4069, 1000.000000000000000 ) ;
#9033 = LINE ( 'NONE', #8412, #11380 ) ;
#9034 = VERTEX_POINT ( 'NONE', #11871 ) ;
#9035 = ORIENTED_EDGE ( 'NONE', *, *, #821, .T. ) ;
#9036 = CARTESIAN_POINT ( 'NONE',  ( 0.7850000000000010300, -0.6250000000000003300, 0.6499999999999964700 ) ) ;
#9037 = DIRECTION ( 'NONE',  ( 0.0000000000000000000, -0.9889363528682980600, -0.1483404529302414000 ) ) ;
#9038 = CARTESIAN_POINT ( 'NONE',  ( -0.4649999999999988600, 3.100000000000000100, 0.3499999999999989800 ) ) ;
#9039 = LINE ( 'NONE', #11539, #3811 ) ;
#9040 = STYLED_ITEM ( 'NONE', ( #4081 ), #9227 ) ;
#9041 = EDGE_LOOP ( 'NONE', ( #12048, #12558, #1250, #898 ) ) ;
#9042 = LINE ( 'NONE', #1617, #4139 ) ;
#9043 =( NAMED_UNIT ( * ) SI_UNIT ( $, .STERADIAN. ) SOLID_ANGLE_UNIT ( ) );
#9044 = SURFACE_STYLE_FILL_AREA ( #6286 ) ;
#9045 = FACE_OUTER_BOUND ( 'NONE', #8703, .T. ) ;
#9046 = DIRECTION ( 'NONE',  ( 0.0000000000000000000, -0.7071067811865510100, -0.7071067811865441300 ) ) ;
#9047 = ORIENTED_EDGE ( 'NONE', *, *, #12546, .F. ) ;
#9048 = ORIENTED_EDGE ( 'NONE', *, *, #12524, .F. ) ;
#9049 = ORIENTED_EDGE ( 'NONE', *, *, #5154, .T. ) ;
#9050 = LINE ( 'NONE', #11342, #6440 ) ;
#9051 = LINE ( 'NONE', #3291, #2899 ) ;
#9052 = DIRECTION ( 'NONE',  ( 0.0000000000000000000, 1.000000000000000000, 0.0000000000000000000 ) ) ;
#9053 =( GEOMETRIC_REPRESENTATION_CONTEXT ( 3 ) GLOBAL_UNCERTAINTY_ASSIGNED_CONTEXT ( ( #11642 ) ) GLOBAL_UNIT_ASSIGNED_CONTEXT ( ( #7044, #9028, #7173 ) ) REPRESENTATION_CONTEXT ( 'NONE', 'WORKASPACE' ) );
#9054 = ORIENTED_EDGE ( 'NONE', *, *, #6697, .F. ) ;
#9055 = ORIENTED_EDGE ( 'NONE', *, *, #4253, .T. ) ;
#9056 = CARTESIAN_POINT ( 'NONE',  ( -0.7849999999999988100, 0.0000000000000000000, 0.0000000000000000000 ) ) ;
#9057 = CARTESIAN_POINT ( 'NONE',  ( -2.964999999999999000, 0.4249999999999998200, 0.6499999999999964700 ) ) ;
#9058 = FACE_OUTER_BOUND ( 'NONE', #1173, .T. ) ;
#9059 = ORIENTED_EDGE ( 'NONE', *, *, #3604, .T. ) ;
#9060 = FILL_AREA_STYLE ('',( #7068 ) ) ;
#9061 = ORIENTED_EDGE ( 'NONE', *, *, #430, .T. ) ;
#9062 = LINE ( 'NONE', #566, #6452 ) ;
#9063 = DIRECTION ( 'NONE',  ( -1.000000000000000000, -0.0000000000000000000, -0.0000000000000000000 ) ) ;
#9064 = DIRECTION ( 'NONE',  ( 0.0000000000000000000, 0.0000000000000000000, -1.000000000000000000 ) ) ;
#9065 = CARTESIAN_POINT ( 'NONE',  ( 2.965000000000001600, -0.3750000000000005000, 3.499999999999982200 ) ) ;
#9066 = VECTOR ( 'NONE', #7206, 1000.000000000000000 ) ;
#9067 = PLANE ( 'NONE',  #6228 ) ;
#9068 = VECTOR ( 'NONE', #2040, 1000.000000000000200 ) ;
#9070 = LINE ( 'NONE', #8636, #11736 ) ;
#9069 = CARTESIAN_POINT ( 'NONE',  ( 0.7850000000000010300, 2.200000000000004200, 0.2999999999999988800 ) ) ;
#9071 = EDGE_LOOP ( 'NONE', ( #8182, #10876, #6771, #11948, #2653, #5834, #6349, #3679, #5640, #1300, #9388, #9775 ) ) ;
#9072 = PLANE ( 'NONE',  #5398 ) ;
#9073 = CARTESIAN_POINT ( 'NONE',  ( -1.714999999999999000, 3.100000000000000100, 0.3499999999999989800 ) ) ;
#9074 = CARTESIAN_POINT ( 'NONE',  ( 0.7850000000000010300, 2.549999999999999800, 0.4499999999999999000 ) ) ;
#9075 = EDGE_LOOP ( 'NONE', ( #9702, #603, #7149, #6081 ) ) ;
#9076 = EDGE_LOOP ( 'NONE', ( #6767, #4627, #3134, #2473 ) ) ;
#9077 = DIRECTION ( 'NONE',  ( 0.0000000000000000000, 0.7071067811865496800, 0.7071067811865453500 ) ) ;
#9078 = AXIS2_PLACEMENT_3D ( 'NONE', #5959, #80, #6961 ) ;
#9079 = DIRECTION ( 'NONE',  ( -1.000000000000000000, 0.0000000000000000000, 3.252606517456510300E-016 ) ) ;
#9080 = VECTOR ( 'NONE', #4537, 999.9999999999998900 ) ;
#9081 = VECTOR ( 'NONE', #7694, 1000.000000000000000 ) ;
#9082 = DIRECTION ( 'NONE',  ( 0.0000000000000000000, 1.000000000000000000, 1.167602339599771500E-015 ) ) ;
#9083 = EDGE_CURVE ( 'NONE', #8959, #7484, #7139, .T. ) ;
#9084 = ORIENTED_EDGE ( 'NONE', *, *, #9684, .T. ) ;
#9085 = LINE ( 'NONE', #12617, #6782 ) ;
#9086 = FILL_AREA_STYLE_COLOUR ( '', #9961 ) ;
#9087 =( NAMED_UNIT ( * ) PLANE_ANGLE_UNIT ( ) SI_UNIT ( $, .RADIAN. ) );
#9088 = ORIENTED_EDGE ( 'NONE', *, *, #10952, .T. ) ;
#9089 = ORIENTED_EDGE ( 'NONE', *, *, #7841, .F. ) ;
#9090 = VECTOR ( 'NONE', #12703, 1000.000000000000000 ) ;
#9091 = EDGE_CURVE ( 'NONE', #1969, #1053, #9756, .T. ) ;
#9092 = CARTESIAN_POINT ( 'NONE',  ( 2.035000000000001000, 0.4249999999999998200, 0.6499999999999964700 ) ) ;
#9093 = PLANE ( 'NONE',  #6254 ) ;
#9094 = ADVANCED_FACE ( 'NONE', ( #6844 ), #11917, .F. ) ;
#9095 = EDGE_CURVE ( 'NONE', #6979, #10655, #5898, .T. ) ;
#9096 = VECTOR ( 'NONE', #11328, 1000.000000000000000 ) ;
#9097 = CARTESIAN_POINT ( 'NONE',  ( 1.715000000000001200, 0.4249999999999998200, 0.6499999999999975800 ) ) ;
#9098 = EDGE_LOOP ( 'NONE', ( #4742, #10667, #4964, #834 ) ) ;
#9099 = CARTESIAN_POINT ( 'NONE',  ( 4.625000000000000900, -1.100000000000000300, 0.04999999999999715100 ) ) ;
#9100 = EDGE_CURVE ( 'NONE', #6609, #10374, #974, .T. ) ;
#9101 = PLANE ( 'NONE',  #9704 ) ;
#9102 = EDGE_CURVE ( 'NONE', #5687, #2812, #3310, .T. ) ;
#9103 = ORIENTED_EDGE ( 'NONE', *, *, #7827, .F. ) ;
#9104 = SURFACE_STYLE_FILL_AREA ( #10833 ) ;
#9105 =( NAMED_UNIT ( * ) SI_UNIT ( $, .STERADIAN. ) SOLID_ANGLE_UNIT ( ) );
#9106 = CARTESIAN_POINT ( 'NONE',  ( 0.0000000000000000000, 0.0000000000000000000, 1.749999999999996400 ) ) ;
#9107 =( GEOMETRIC_REPRESENTATION_CONTEXT ( 3 ) GLOBAL_UNCERTAINTY_ASSIGNED_CONTEXT ( ( #296 ) ) GLOBAL_UNIT_ASSIGNED_CONTEXT ( ( #10639, #4721, #11654 ) ) REPRESENTATION_CONTEXT ( 'NONE', 'WORKASPACE' ) );
#9108 = DIRECTION ( 'NONE',  ( 0.0000000000000000000, -1.000000000000000000, 0.0000000000000000000 ) ) ;
#9109 = CARTESIAN_POINT ( 'NONE',  ( 4.625000000000000900, 1.700000000000000000, 0.04999999999999715100 ) ) ;
#9110 = VECTOR ( 'NONE', #6985, 1000.000000000000000 ) ;
#9111 = UNCERTAINTY_MEASURE_WITH_UNIT (LENGTH_MEASURE( 1.000000000000000100E-005 ), #6936, 'distance_accuracy_value', 'NONE');
#9112 = SURFACE_STYLE_FILL_AREA ( #6212 ) ;
#9113 = ADVANCED_FACE ( 'NONE', ( #8514 ), #10977, .F. ) ;
#9114 = ORIENTED_EDGE ( 'NONE', *, *, #917, .F. ) ;
#9115 = AXIS2_PLACEMENT_3D ( 'NONE', #6371, #7356, #1464 ) ;
#9116 = ORIENTED_EDGE ( 'NONE', *, *, #3071, .T. ) ;
#9117 = FACE_OUTER_BOUND ( 'NONE', #8571, .T. ) ;
#9118 = CARTESIAN_POINT ( 'NONE',  ( 0.6850000000000011600, -0.3750000000000005600, 3.999999999999993300 ) ) ;
#9119 = EDGE_CURVE ( 'NONE', #12825, #1208, #10868, .T. ) ;
#9120 = DIRECTION ( 'NONE',  ( -1.000000000000000000, 0.0000000000000000000, 0.0000000000000000000 ) ) ;
#9121 = SURFACE_STYLE_USAGE ( .BOTH. , #2211 ) ;
#9122 = DIRECTION ( 'NONE',  ( 1.000000000000000000, 0.0000000000000000000, 0.0000000000000000000 ) ) ;
#9123 =( NAMED_UNIT ( * ) PLANE_ANGLE_UNIT ( ) SI_UNIT ( $, .RADIAN. ) );
#9124 = FILL_AREA_STYLE ('',( #1236 ) ) ;
#9125 = PRESENTATION_LAYER_ASSIGNMENT (  '', '', ( #7774 ) ) ;
#9126 = VERTEX_POINT ( 'NONE', #7025 ) ;
#9127 = EDGE_LOOP ( 'NONE', ( #2382, #7569, #9273, #1220 ) ) ;
#9128 = ORIENTED_EDGE ( 'NONE', *, *, #4071, .T. ) ;
#9129 = VECTOR ( 'NONE', #12598, 1000.000000000000000 ) ;
#9130 = CARTESIAN_POINT ( 'NONE',  ( 3.049999999999999800, -1.100000000000000100, 2.099999999999996100 ) ) ;
#9131 = SURFACE_SIDE_STYLE ('',( #8511 ) ) ;
#9132 =( NAMED_UNIT ( * ) PLANE_ANGLE_UNIT ( ) SI_UNIT ( $, .RADIAN. ) );
#9133 = PRODUCT_RELATED_PRODUCT_CATEGORY ( 'part', '', ( #4634 ) ) ;
#9134 = VECTOR ( 'NONE', #11847, 999.9999999999998900 ) ;
#9135 = CARTESIAN_POINT ( 'NONE',  ( -0.4649999999999988600, 3.000000000000000000, 0.4499999999999998400 ) ) ;
#9136 = ORIENTED_EDGE ( 'NONE', *, *, #5221, .T. ) ;
#9137 =( NAMED_UNIT ( * ) SI_UNIT ( $, .STERADIAN. ) SOLID_ANGLE_UNIT ( ) );
#9138 = ORIENTED_EDGE ( 'NONE', *, *, #7348, .F. ) ;
#9139 = VECTOR ( 'NONE', #10256, 1000.000000000000000 ) ;
#9140 = VERTEX_POINT ( 'NONE', #94 ) ;
#9141 = CARTESIAN_POINT ( 'NONE',  ( 3.285000000000001500, 2.999999999999999600, -1.761828530288944700E-016 ) ) ;
#9142 = AXIS2_PLACEMENT_3D ( 'NONE', #12408, #8403, #2525 ) ;
#9143 = CARTESIAN_POINT ( 'NONE',  ( -4.845000000000000600, -1.100000000000000100, 1.225999999999999800 ) ) ;
#9144 = DIRECTION ( 'NONE',  ( -1.000000000000000000, -0.0000000000000000000, -0.0000000000000000000 ) ) ;
#9145 = VERTEX_POINT ( 'NONE', #8008 ) ;
#9146 = VECTOR ( 'NONE', #11000, 1000.000000000000000 ) ;
#9147 = ORIENTED_EDGE ( 'NONE', *, *, #4961, .F. ) ;
#9148 = LINE ( 'NONE', #5382, #11819 ) ;
#9149 = UNCERTAINTY_MEASURE_WITH_UNIT (LENGTH_MEASURE( 1.000000000000000100E-005 ), #2409, 'distance_accuracy_value', 'NONE');
#9150 = SURFACE_STYLE_FILL_AREA ( #3959 ) ;
#9151 =( GEOMETRIC_REPRESENTATION_CONTEXT ( 3 ) GLOBAL_UNCERTAINTY_ASSIGNED_CONTEXT ( ( #6382 ) ) GLOBAL_UNIT_ASSIGNED_CONTEXT ( ( #6011, #127, #7013 ) ) REPRESENTATION_CONTEXT ( 'NONE', 'WORKASPACE' ) );
#9152 = DIRECTION ( 'NONE',  ( -0.0000000000000000000, -1.000000000000000000, -0.0000000000000000000 ) ) ;
#9153 =( LENGTH_UNIT ( ) NAMED_UNIT ( * ) SI_UNIT ( .MILLI., .METRE. ) );
#9154 = ORIENTED_EDGE ( 'NONE', *, *, #10412, .F. ) ;
#9155 = FILL_AREA_STYLE ('',( #7169 ) ) ;
#9156 = ADVANCED_FACE ( 'NONE', ( #7894 ), #9004, .F. ) ;
#9157 = DIRECTION ( 'NONE',  ( 0.0000000000000000000, -1.000000000000000000, 1.355252715606881500E-016 ) ) ;
#9158 = LINE ( 'NONE', #4313, #11506 ) ;
#9159 = EDGE_CURVE ( 'NONE', #2102, #4262, #9600, .T. ) ;
#9160 = SURFACE_STYLE_USAGE ( .BOTH. , #2255 ) ;
#9161 = DIRECTION ( 'NONE',  ( 0.0000000000000000000, 0.0000000000000000000, 1.000000000000000000 ) ) ;
#9162 = DIRECTION ( 'NONE',  ( -1.000000000000000000, -0.0000000000000000000, 3.047487187526822800E-016 ) ) ;
#9163 = DIRECTION ( 'NONE',  ( -1.000000000000000000, -0.0000000000000000000, -0.0000000000000000000 ) ) ;
#9164 = EDGE_CURVE ( 'NONE', #10308, #5805, #6978, .T. ) ;
#9165 = CARTESIAN_POINT ( 'NONE',  ( 4.845000000000000600, -0.8799999999999986700, 0.2999999999999999300 ) ) ;
#9166 = CARTESIAN_POINT ( 'NONE',  ( 0.7850000000000010300, 2.350000000000003600, 0.6499999999999985800 ) ) ;
#9167 = DIRECTION ( 'NONE',  ( 2.344220913482171700E-016, -1.000000000000000000, 0.0000000000000000000 ) ) ;
#9168 = EDGE_CURVE ( 'NONE', #10723, #5218, #12291, .T. ) ;
#9169 = VECTOR ( 'NONE', #5542, 1000.000000000000000 ) ;
#9170 = DIRECTION ( 'NONE',  ( -1.000000000000000000, -0.0000000000000000000, -0.0000000000000000000 ) ) ;
#9171 = EDGE_CURVE ( 'NONE', #11394, #2708, #1762, .T. ) ;
#9172 = VERTEX_POINT ( 'NONE', #10035 ) ;
#9173 = LINE ( 'NONE', #3101, #6560 ) ;
#9174 = LINE ( 'NONE', #9594, #7610 ) ;
#9175 = ADVANCED_FACE ( 'NONE', ( #2053 ), #9101, .F. ) ;
#9176 = CARTESIAN_POINT ( 'NONE',  ( 2.965000000000001600, 2.549999999999999800, 0.4499999999999999000 ) ) ;
#9177 = EDGE_CURVE ( 'NONE', #5853, #6506, #11649, .T. ) ;
#9178 = PRESENTATION_LAYER_ASSIGNMENT (  '', '', ( #7837 ) ) ;
#9179 = DIRECTION ( 'NONE',  ( -0.0000000000000000000, 0.0000000000000000000, 1.000000000000000000 ) ) ;
#9180 = UNCERTAINTY_MEASURE_WITH_UNIT (LENGTH_MEASURE( 1.000000000000000100E-005 ), #10143, 'distance_accuracy_value', 'NONE');
#9181 = LINE ( 'NONE', #8383, #6570 ) ;
#9182 = EDGE_CURVE ( 'NONE', #5825, #5360, #9294, .T. ) ;
#9183 = CARTESIAN_POINT ( 'NONE',  ( 0.5650000000000012800, -0.3750000000000005600, 3.999999999999993300 ) ) ;
#9185 = VECTOR ( 'NONE', #6136, 1000.000000000000000 ) ;
#9184 = FILL_AREA_STYLE_COLOUR ( '', #5137 ) ;
#9186 = EDGE_LOOP ( 'NONE', ( #2880, #11011, #10661, #10076 ) ) ;
#9187 = VERTEX_POINT ( 'NONE', #2234 ) ;
#9188 = VECTOR ( 'NONE', #7636, 1000.000000000000000 ) ;
#9189 = VECTOR ( 'NONE', #9987, 1000.000000000000000 ) ;
#9190 = SURFACE_SIDE_STYLE ('',( #3761 ) ) ;
#9191 =( GEOMETRIC_REPRESENTATION_CONTEXT ( 3 ) GLOBAL_UNCERTAINTY_ASSIGNED_CONTEXT ( ( #161 ) ) GLOBAL_UNIT_ASSIGNED_CONTEXT ( ( #6562, #660, #7529 ) ) REPRESENTATION_CONTEXT ( 'NONE', 'WORKASPACE' ) );
#9192 = EDGE_LOOP ( 'NONE', ( #11482, #6128, #6341, #5123 ) ) ;
#9193 = DIRECTION ( 'NONE',  ( -0.7071067811865468000, 0.0000000000000000000, -0.7071067811865483500 ) ) ;
#9194 = EDGE_CURVE ( 'NONE', #4008, #7097, #1118, .T. ) ;
#9195 = CARTESIAN_POINT ( 'NONE',  ( -1.714999999999999000, -0.6250000000000003300, 0.2999999999999964900 ) ) ;
#9196 =( NAMED_UNIT ( * ) PLANE_ANGLE_UNIT ( ) SI_UNIT ( $, .RADIAN. ) );
#9197 = VERTEX_POINT ( 'NONE', #10131 ) ;
#9198 = LINE ( 'NONE', #4582, #3976 ) ;
#9199 = SURFACE_STYLE_FILL_AREA ( #9716 ) ;
#9200 = EDGE_CURVE ( 'NONE', #10695, #4724, #8977, .T. ) ;
#9201 = CARTESIAN_POINT ( 'NONE',  ( -2.964999999999999000, -0.3750000000000001100, 0.6499999999999975800 ) ) ;
#9202 = ORIENTED_EDGE ( 'NONE', *, *, #5726, .T. ) ;
#9203 = FACE_OUTER_BOUND ( 'NONE', #11792, .T. ) ;
#9204 = VECTOR ( 'NONE', #4436, 1000.000000000000000 ) ;
#9205 = DIRECTION ( 'NONE',  ( -1.000000000000000000, -0.0000000000000000000, 0.0000000000000000000 ) ) ;
#9206 = ORIENTED_EDGE ( 'NONE', *, *, #7181, .F. ) ;
#9207 = CARTESIAN_POINT ( 'NONE',  ( 1.715000000000001200, 3.100000000000000100, 0.3499999999999989800 ) ) ;
#9208 = CARTESIAN_POINT ( 'NONE',  ( 5.645000000000000500, 1.200000000000000000, 1.275999999999999800 ) ) ;
#9209 = DIRECTION ( 'NONE',  ( -0.0000000000000000000, -1.000000000000000000, -0.0000000000000000000 ) ) ;
#9210 = VECTOR ( 'NONE', #7382, 1000.000000000000000 ) ;
#9211 = STYLED_ITEM ( 'NONE', ( #6220 ), #12336 ) ;
#9212 = SURFACE_STYLE_FILL_AREA ( #928 ) ;
#9213 = VECTOR ( 'NONE', #9220, 1000.000000000000000 ) ;
#9214 = ORIENTED_EDGE ( 'NONE', *, *, #1267, .T. ) ;
#9215 = LINE ( 'NONE', #5270, #12197 ) ;
#9216 = VERTEX_POINT ( 'NONE', #5240 ) ;
#9217 = CARTESIAN_POINT ( 'NONE',  ( -2.299999999999999800, -1.100000000000000300, 0.2999999999999983200 ) ) ;
#9218 = PLANE ( 'NONE',  #11896 ) ;
#9219 = CARTESIAN_POINT ( 'NONE',  ( 3.285000000000001500, -0.3750000000000001100, 0.6499999999999975800 ) ) ;
#9220 = DIRECTION ( 'NONE',  ( -1.000000000000000000, -0.0000000000000000000, 3.047487187526822800E-016 ) ) ;
#9221 = ORIENTED_EDGE ( 'NONE', *, *, #4720, .T. ) ;
#9222 = AXIS2_PLACEMENT_3D ( 'NONE', #12557, #6607, #701 ) ;
#9223 = CARTESIAN_POINT ( 'NONE',  ( 3.550000000000000300, 2.600000000000000100, 0.2999999999999973800 ) ) ;
#9224 = CARTESIAN_POINT ( 'NONE',  ( 3.675000000000000700, 1.700000000000000400, 1.749999999999996400 ) ) ;
#9225 = ORIENTED_EDGE ( 'NONE', *, *, #2997, .T. ) ;
#9226 = EDGE_LOOP ( 'NONE', ( #6053, #2704, #12736, #2770 ) ) ;
#9227 = ADVANCED_FACE ( 'NONE', ( #8653 ), #6201, .T. ) ;
#9228 = UNCERTAINTY_MEASURE_WITH_UNIT (LENGTH_MEASURE( 1.000000000000000100E-005 ), #4026, 'distance_accuracy_value', 'NONE');
#9229 = ORIENTED_EDGE ( 'NONE', *, *, #11632, .F. ) ;
#9230 = ORIENTED_EDGE ( 'NONE', *, *, #4706, .F. ) ;
#9231 = CARTESIAN_POINT ( 'NONE',  ( -1.450000000000000200, 2.600000000000000100, 0.6499999999999983600 ) ) ;
#9232 = VECTOR ( 'NONE', #5352, 1000.000000000000000 ) ;
#9233 = LINE ( 'NONE', #10680, #6615 ) ;
#9234 = SURFACE_SIDE_STYLE ('',( #7725 ) ) ;
#9235 = AXIS2_PLACEMENT_3D ( 'NONE', #2890, #12812, #897 ) ;
#9236 = FACE_OUTER_BOUND ( 'NONE', #10429, .T. ) ;
#9237 = EDGE_LOOP ( 'NONE', ( #3695, #760, #9024, #6364 ) ) ;
#9238 = ORIENTED_EDGE ( 'NONE', *, *, #7363, .F. ) ;
#9239 = LINE ( 'NONE', #1483, #1700 ) ;
#9240 = ORIENTED_EDGE ( 'NONE', *, *, #2735, .F. ) ;
#9241 = ORIENTED_EDGE ( 'NONE', *, *, #7734, .F. ) ;
#9242 = ADVANCED_FACE ( 'NONE', ( #2509 ), #7200, .T. ) ;
#9243 = VECTOR ( 'NONE', #4203, 1000.000000000000000 ) ;
#9244 = DIRECTION ( 'NONE',  ( -0.0000000000000000000, -1.000000000000000000, -0.0000000000000000000 ) ) ;
#9245 = CARTESIAN_POINT ( 'NONE',  ( -4.624999999999999100, 2.600000000000000100, 4.699999999999995700 ) ) ;
#9246 = DIRECTION ( 'NONE',  ( 0.0000000000000000000, 0.0000000000000000000, -1.000000000000000000 ) ) ;
#9247 = CARTESIAN_POINT ( 'NONE',  ( -6.125000000000000000, -1.100000000000000100, -5.421010862427522200E-017 ) ) ;
#9248 = DIRECTION ( 'NONE',  ( 0.0000000000000000000, 0.0000000000000000000, -1.000000000000000000 ) ) ;
#9249 = CARTESIAN_POINT ( 'NONE',  ( 3.285000000000001500, 2.500000000000000000, -1.084202172485504400E-016 ) ) ;
#9250 = COLOUR_RGB ( '',0.8000000000000000400, 0.8078431372549019800, 0.8000000000000000400 ) ;
#9251 = VECTOR ( 'NONE', #12278, 1000.000000000000000 ) ;
#9252 = AXIS2_PLACEMENT_3D ( 'NONE', #8487, #9498, #3617 ) ;
#9253 = PLANE ( 'NONE',  #11511 ) ;
#9254 = ORIENTED_EDGE ( 'NONE', *, *, #6933, .F. ) ;
#9255 = ORIENTED_EDGE ( 'NONE', *, *, #12025, .F. ) ;
#9256 = VECTOR ( 'NONE', #11515, 1000.000000000000000 ) ;
#9257 = VECTOR ( 'NONE', #9701, 1000.000000000000000 ) ;
#9258 = UNCERTAINTY_MEASURE_WITH_UNIT (LENGTH_MEASURE( 1.000000000000000100E-005 ), #12042, 'distance_accuracy_value', 'NONE');
#9259 =( NAMED_UNIT ( * ) SI_UNIT ( $, .STERADIAN. ) SOLID_ANGLE_UNIT ( ) );
#9260 = EDGE_CURVE ( 'NONE', #6277, #6427, #6832, .T. ) ;
#9261 = PRESENTATION_LAYER_ASSIGNMENT (  '', '', ( #7915 ) ) ;
#9262 = VECTOR ( 'NONE', #7295, 1000.000000000000000 ) ;
#9263 = EDGE_CURVE ( 'NONE', #11141, #51, #4227, .T. ) ;
#9264 = ORIENTED_EDGE ( 'NONE', *, *, #12633, .T. ) ;
#9265 = VERTEX_POINT ( 'NONE', #3387 ) ;
#9266 = CARTESIAN_POINT ( 'NONE',  ( 3.285000000000002400, -0.3750000000000003300, 0.6499999999999973600 ) ) ;
#9267 = EDGE_CURVE ( 'NONE', #4759, #6277, #3915, .T. ) ;
#9268 = DIRECTION ( 'NONE',  ( 0.0000000000000000000, 1.000000000000000000, 0.0000000000000000000 ) ) ;
#9269 = PLANE ( 'NONE',  #5219 ) ;
#9270 = COLOUR_RGB ( '',0.8000000000000000400, 0.8078431372549019800, 0.8000000000000000400 ) ;
#9271 = EDGE_CURVE ( 'NONE', #11719, #95, #6523, .T. ) ;
#9272 = CARTESIAN_POINT ( 'NONE',  ( 4.193836974888971700E-016, -1.100000000000000100, 1.055999999999997600 ) ) ;
#9273 = ORIENTED_EDGE ( 'NONE', *, *, #1149, .F. ) ;
#9274 = ORIENTED_EDGE ( 'NONE', *, *, #6929, .T. ) ;
#9275 = CARTESIAN_POINT ( 'NONE',  ( 1.715000000000001200, 3.100000000000000100, 0.09999999999999947800 ) ) ;
#9276 = STYLED_ITEM ( 'NONE', ( #7524 ), #7465 ) ;
#9277 = DIRECTION ( 'NONE',  ( 0.0000000000000000000, 0.0000000000000000000, -1.000000000000000000 ) ) ;
#9278 = SURFACE_STYLE_USAGE ( .BOTH. , #2379 ) ;
#9279 = ORIENTED_EDGE ( 'NONE', *, *, #7747, .F. ) ;
#9280 = FACE_OUTER_BOUND ( 'NONE', #2662, .T. ) ;
#9281 = CARTESIAN_POINT ( 'NONE',  ( -0.4649999999999988600, 3.100000000000000100, 0.3499999999999989800 ) ) ;
#9282 = ORIENTED_EDGE ( 'NONE', *, *, #11523, .T. ) ;
#9283 = ORIENTED_EDGE ( 'NONE', *, *, #11601, .T. ) ;
#9284 = CARTESIAN_POINT ( 'NONE',  ( 4.625000000000000900, 2.600000000000000100, 1.749999999999996400 ) ) ;
#9285 = ADVANCED_FACE ( 'NONE', ( #8810 ), #7326, .T. ) ;
#9286 = SURFACE_SIDE_STYLE ('',( #8409 ) ) ;
#9287 =( LENGTH_UNIT ( ) NAMED_UNIT ( * ) SI_UNIT ( .MILLI., .METRE. ) );
#9288 =( NAMED_UNIT ( * ) PLANE_ANGLE_UNIT ( ) SI_UNIT ( $, .RADIAN. ) );
#9289 = DIRECTION ( 'NONE',  ( 1.000000000000000000, 0.0000000000000000000, 0.0000000000000000000 ) ) ;
#9290 = EDGE_LOOP ( 'NONE', ( #10947, #664, #1237, #2178 ) ) ;
#9291 = FACE_OUTER_BOUND ( 'NONE', #11034, .T. ) ;
#9292 = VECTOR ( 'NONE', #12786, 1000.000000000000000 ) ;
#9293 = CARTESIAN_POINT ( 'NONE',  ( -3.284999999999998800, 0.4249999999999998200, 0.6499999999999964700 ) ) ;
#9294 = LINE ( 'NONE', #11115, #6367 ) ;
#9295 = DIRECTION ( 'NONE',  ( 0.0000000000000000000, 1.000000000000000000, 0.0000000000000000000 ) ) ;
#9296 = CARTESIAN_POINT ( 'NONE',  ( -0.4649999999999988600, 2.999999999999999600, -1.761828530288944700E-016 ) ) ;
#9297 = ORIENTED_EDGE ( 'NONE', *, *, #1441, .F. ) ;
#9298 = ADVANCED_FACE ( 'NONE', ( #350 ), #8347, .T. ) ;
#9299 = CARTESIAN_POINT ( 'NONE',  ( -2.034999999999998800, 0.2499999999999996700, 0.1799999999999966600 ) ) ;
#9300 = AXIS2_PLACEMENT_3D ( 'NONE', #12824, #11802, #12031 ) ;
#9301 = ORIENTED_EDGE ( 'NONE', *, *, #7190, .F. ) ;
#9302 = ORIENTED_EDGE ( 'NONE', *, *, #4421, .T. ) ;
#9303 = LINE ( 'NONE', #4765, #6695 ) ;
#9304 = VECTOR ( 'NONE', #8071, 1000.000000000000000 ) ;
#9305 =( NAMED_UNIT ( * ) PLANE_ANGLE_UNIT ( ) SI_UNIT ( $, .RADIAN. ) );
#9306 =( GEOMETRIC_REPRESENTATION_CONTEXT ( 3 ) GLOBAL_UNCERTAINTY_ASSIGNED_CONTEXT ( ( #3712 ) ) GLOBAL_UNIT_ASSIGNED_CONTEXT ( ( #7066, #1170, #8056 ) ) REPRESENTATION_CONTEXT ( 'NONE', 'WORKASPACE' ) );
#9307 = SURFACE_SIDE_STYLE ('',( #11809 ) ) ;
#9308 = DIRECTION ( 'NONE',  ( 0.0000000000000000000, -1.000000000000000000, 0.0000000000000000000 ) ) ;
#9309 = DIRECTION ( 'NONE',  ( -1.000000000000000000, 0.0000000000000000000, -0.0000000000000000000 ) ) ;
#9310 = EDGE_LOOP ( 'NONE', ( #7523, #7183, #7604, #1064 ) ) ;
#9311 = LINE ( 'NONE', #871, #9620 ) ;
#9312 = VECTOR ( 'NONE', #2928, 1000.000000000000000 ) ;
#9313 = ORIENTED_EDGE ( 'NONE', *, *, #1164, .T. ) ;
#9314 = STYLED_ITEM ( 'NONE', ( #4701 ), #4527 ) ;
#9315 = STYLED_ITEM ( 'NONE', ( #10426 ), #3255 ) ;
#9316 = SURFACE_STYLE_USAGE ( .BOTH. , #2424 ) ;
#9317 = DIRECTION ( 'NONE',  ( 0.0000000000000000000, -1.000000000000000000, 1.204669080539448600E-016 ) ) ;
#9318 = DIRECTION ( 'NONE',  ( 0.0000000000000000000, -0.7071067811865496800, -0.7071067811865453500 ) ) ;
#9319 = EDGE_LOOP ( 'NONE', ( #702, #6511, #7429, #5626 ) ) ;
#9320 = DIRECTION ( 'NONE',  ( 2.344220913482171700E-016, -1.000000000000000000, 0.0000000000000000000 ) ) ;
#9321 = EDGE_CURVE ( 'NONE', #11683, #4773, #7883, .T. ) ;
#9322 = FILL_AREA_STYLE_COLOUR ( '', #2062 ) ;
#9323 = CARTESIAN_POINT ( 'NONE',  ( -5.319000000000001700, -1.100000000000000100, 0.3000000000000002100 ) ) ;
#9324 = SURFACE_STYLE_USAGE ( .BOTH. , #2436 ) ;
#9325 = LINE ( 'NONE', #499, #11681 ) ;
#9326 = SURFACE_STYLE_FILL_AREA ( #4539 ) ;
#9327 = VECTOR ( 'NONE', #8213, 1000.000000000000000 ) ;
#9328 = EDGE_CURVE ( 'NONE', #11744, #5778, #10539, .T. ) ;
#9329 = ORIENTED_EDGE ( 'NONE', *, *, #4966, .T. ) ;
#9330 = CARTESIAN_POINT ( 'NONE',  ( 0.4650000000000010200, -0.3750000000000001100, 0.04999999999999709500 ) ) ;
#9331 = ORIENTED_EDGE ( 'NONE', *, *, #414, .F. ) ;
#9332 = DIRECTION ( 'NONE',  ( -1.000000000000000000, 0.0000000000000000000, 4.371782953570583600E-016 ) ) ;
#9333 = EDGE_CURVE ( 'NONE', #10896, #12264, #2664, .T. ) ;
#9334 = CARTESIAN_POINT ( 'NONE',  ( 3.550000000000000300, -1.100000000000000100, 0.2999999999999973800 ) ) ;
#9335 = DIRECTION ( 'NONE',  ( -0.0000000000000000000, -1.000000000000000000, -0.0000000000000000000 ) ) ;
#9336 = VECTOR ( 'NONE', #10128, 1000.000000000000000 ) ;
#9337 = CARTESIAN_POINT ( 'NONE',  ( 2.035000000000001000, 3.100000000000000100, 0.3499999999999989800 ) ) ;
#9338 = LINE ( 'NONE', #44, #6733 ) ;
#9339 = DIRECTION ( 'NONE',  ( -0.0000000000000000000, 0.0000000000000000000, 1.000000000000000000 ) ) ;
#9340 = ORIENTED_EDGE ( 'NONE', *, *, #4505, .F. ) ;
#9341 = VECTOR ( 'NONE', #5425, 1000.000000000000000 ) ;
#9342 = SURFACE_SIDE_STYLE ('',( #3795 ) ) ;
#9343 = ORIENTED_EDGE ( 'NONE', *, *, #8729, .F. ) ;
#9344 = EDGE_CURVE ( 'NONE', #1081, #1398, #7572, .T. ) ;
#9345 = AXIS2_PLACEMENT_3D ( 'NONE', #6218, #326, #7221 ) ;
#9346 = ADVANCED_FACE ( 'NONE', ( #7281 ), #9392, .T. ) ;
#9347 = VECTOR ( 'NONE', #2081, 1000.000000000000000 ) ;
#9348 = CARTESIAN_POINT ( 'NONE',  ( 0.7850000000000010300, -0.1500000000000003300, 0.2999999999999965500 ) ) ;
#9349 = DIRECTION ( 'NONE',  ( 0.0000000000000000000, 1.000000000000000000, 4.336808689942013800E-015 ) ) ;
#9350 = DIRECTION ( 'NONE',  ( 0.0000000000000000000, 0.0000000000000000000, 1.000000000000000000 ) ) ;
#9351 =( GEOMETRIC_REPRESENTATION_CONTEXT ( 3 ) GLOBAL_UNCERTAINTY_ASSIGNED_CONTEXT ( ( #8980 ) ) GLOBAL_UNIT_ASSIGNED_CONTEXT ( ( #2180, #9087, #3201 ) ) REPRESENTATION_CONTEXT ( 'NONE', 'WORKASPACE' ) );
#9352 = FACE_OUTER_BOUND ( 'NONE', #6051, .T. ) ;
#9353 =( LENGTH_UNIT ( ) NAMED_UNIT ( * ) SI_UNIT ( .MILLI., .METRE. ) );
#9354 = LINE ( 'NONE', #12106, #6434 ) ;
#9355 = EDGE_CURVE ( 'NONE', #8177, #6376, #6355, .T. ) ;
#9356 = EDGE_LOOP ( 'NONE', ( #950, #7737, #3745, #1876 ) ) ;
#9357 = ADVANCED_FACE ( 'NONE', ( #1108 ), #10437, .T. ) ;
#9358 = AXIS2_PLACEMENT_3D ( 'NONE', #10287, #2797, #2841 ) ;
#9359 = VECTOR ( 'NONE', #12236, 1000.000000000000000 ) ;
#9360 = CARTESIAN_POINT ( 'NONE',  ( -4.625000000000000900, -1.100000000000000100, 0.2999999999999999900 ) ) ;
#9361 = SURFACE_SIDE_STYLE ('',( #6717 ) ) ;
#9362 = STYLED_ITEM ( 'NONE', ( #9934 ), #8441 ) ;
#9363 = ORIENTED_EDGE ( 'NONE', *, *, #7270, .T. ) ;
#9364 = VECTOR ( 'NONE', #6934, 1000.000000000000000 ) ;
#9365 = CARTESIAN_POINT ( 'NONE',  ( -2.034999999999998800, -0.3750000000000005000, 3.499999999999982200 ) ) ;
#9366 = ORIENTED_EDGE ( 'NONE', *, *, #2592, .T. ) ;
#9367 =( NAMED_UNIT ( * ) PLANE_ANGLE_UNIT ( ) SI_UNIT ( $, .RADIAN. ) );
#9368 = DIRECTION ( 'NONE',  ( -0.0000000000000000000, -0.0000000000000000000, 1.000000000000000000 ) ) ;
#9369 = PRESENTATION_STYLE_ASSIGNMENT (( #9566 ) ) ;
#9370 = DIRECTION ( 'NONE',  ( 0.0000000000000000000, 0.0000000000000000000, 1.000000000000000000 ) ) ;
#9371 = LINE ( 'NONE', #977, #11412 ) ;
#9372 = VECTOR ( 'NONE', #23, 1000.000000000000000 ) ;
#9373 = DIRECTION ( 'NONE',  ( 0.0000000000000000000, -1.000000000000000000, -0.0000000000000000000 ) ) ;
#9374 = DIRECTION ( 'NONE',  ( -1.000000000000000000, 0.0000000000000000000, -1.875376730785737500E-016 ) ) ;
#9375 = ORIENTED_EDGE ( 'NONE', *, *, #5122, .T. ) ;
#9376 = ORIENTED_EDGE ( 'NONE', *, *, #10065, .T. ) ;
#9377 = SURFACE_STYLE_FILL_AREA ( #8607 ) ;
#9378 = UNCERTAINTY_MEASURE_WITH_UNIT (LENGTH_MEASURE( 1.000000000000000100E-005 ), #8134, 'distance_accuracy_value', 'NONE');
#9379 = ORIENTED_EDGE ( 'NONE', *, *, #3893, .F. ) ;
#9380 = VERTEX_POINT ( 'NONE', #11502 ) ;
#9381 = CARTESIAN_POINT ( 'NONE',  ( 0.7850000000000010300, -0.3750000000000001100, 0.6499999999999975800 ) ) ;
#9382 = DIRECTION ( 'NONE',  ( 0.0000000000000000000, 0.0000000000000000000, -1.000000000000000000 ) ) ;
#9383 = DIRECTION ( 'NONE',  ( -1.000000000000000000, -0.0000000000000000000, -0.0000000000000000000 ) ) ;
#9384 = LINE ( 'NONE', #3585, #1844 ) ;
#9385 = VERTEX_POINT ( 'NONE', #9439 ) ;
#9386 = COLOUR_RGB ( '',0.8000000000000000400, 0.8078431372549019800, 0.8000000000000000400 ) ;
#9387 = DIRECTION ( 'NONE',  ( -1.000000000000000000, 0.0000000000000000000, -1.875376730785737500E-016 ) ) ;
#9388 = ORIENTED_EDGE ( 'NONE', *, *, #4484, .T. ) ;
#9389 =( LENGTH_UNIT ( ) NAMED_UNIT ( * ) SI_UNIT ( .MILLI., .METRE. ) );
#9390 = VECTOR ( 'NONE', #8698, 1000.000000000000000 ) ;
#9391 = AXIS2_PLACEMENT_3D ( 'NONE', #10321, #4483, #11388 ) ;
#9392 = PLANE ( 'NONE',  #1298 ) ;
#9393 = PRESENTATION_LAYER_ASSIGNMENT (  '', '', ( #8061 ) ) ;
#9394 = SURFACE_SIDE_STYLE ('',( #7839 ) ) ;
#9395 = CARTESIAN_POINT ( 'NONE',  ( 0.4650000000000010200, 0.2499999999999996700, 0.1799999999999966600 ) ) ;
#9396 = LINE ( 'NONE', #4387, #6794 ) ;
#9397 = ORIENTED_EDGE ( 'NONE', *, *, #11513, .F. ) ;
#9398 = VERTEX_POINT ( 'NONE', #12509 ) ;
#9399 = SURFACE_STYLE_FILL_AREA ( #7304 ) ;
#9400 = EDGE_CURVE ( 'NONE', #7494, #9484, #184, .T. ) ;
#9401 = FILL_AREA_STYLE ('',( #4116 ) ) ;
#9402 = DIRECTION ( 'NONE',  ( -0.5773502691896272900, 0.5773502691896227300, -0.5773502691896272900 ) ) ;
#9403 = VECTOR ( 'NONE', #4260, 1000.000000000000000 ) ;
#9404 = ADVANCED_FACE ( 'NONE', ( #8035 ), #8520, .T. ) ;
#9406 = CARTESIAN_POINT ( 'NONE',  ( -3.284999999999998800, 2.350000000000003600, 0.6499999999999985800 ) ) ;
#9405 = CARTESIAN_POINT ( 'NONE',  ( 0.7850000000000010300, -0.2500000000000006700, 3.999999999999993300 ) ) ;
#9407 = ORIENTED_EDGE ( 'NONE', *, *, #8857, .F. ) ;
#9408 = DIRECTION ( 'NONE',  ( -0.7071067811865446900, 0.0000000000000000000, -0.7071067811865504600 ) ) ;
#9409 = CARTESIAN_POINT ( 'NONE',  ( -4.624999999999999100, -1.100000000000000100, 4.699999999999995700 ) ) ;
#9410 =( LENGTH_UNIT ( ) NAMED_UNIT ( * ) SI_UNIT ( .MILLI., .METRE. ) );
#9411 = EDGE_CURVE ( 'NONE', #4724, #2953, #9432, .T. ) ;
#9412 = VERTEX_POINT ( 'NONE', #6564 ) ;
#9413 = ORIENTED_EDGE ( 'NONE', *, *, #9171, .T. ) ;
#9414 = ORIENTED_EDGE ( 'NONE', *, *, #7612, .T. ) ;
#9415 = LINE ( 'NONE', #5919, #11780 ) ;
#9416 =( NAMED_UNIT ( * ) SI_UNIT ( $, .STERADIAN. ) SOLID_ANGLE_UNIT ( ) );
#9417 = EDGE_CURVE ( 'NONE', #7941, #736, #6822, .T. ) ;
#9418 = CARTESIAN_POINT ( 'NONE',  ( 3.049999999999999800, 3.673118842698620300, 2.099999999999996100 ) ) ;
#9419 = MECHANICAL_DESIGN_GEOMETRIC_PRESENTATION_REPRESENTATION (  '', ( #7436 ), #10071 ) ;
#9420 = CARTESIAN_POINT ( 'NONE',  ( -2.034999999999998800, 0.4249999999999998200, 0.04999999999999709500 ) ) ;
#9421 = CARTESIAN_POINT ( 'NONE',  ( -2.649999999999999500, -1.100000000000000100, 4.699999999999995700 ) ) ;
#9422 = CARTESIAN_POINT ( 'NONE',  ( 2.349999999999999200, -1.100000000000000100, 3.249999999999995100 ) ) ;
#9423 = EDGE_CURVE ( 'NONE', #4759, #1384, #1587, .T. ) ;
#9424 = ADVANCED_FACE ( 'NONE', ( #3902 ), #8546, .T. ) ;
#9425 = VERTEX_POINT ( 'NONE', #2684 ) ;
#9426 = DIRECTION ( 'NONE',  ( 1.000000000000000000, 0.0000000000000000000, 0.0000000000000000000 ) ) ;
#9427 = PRESENTATION_STYLE_ASSIGNMENT (( #3877 ) ) ;
#9428 = CARTESIAN_POINT ( 'NONE',  ( -2.964999999999998100, 0.0000000000000000000, 0.6499999999999985800 ) ) ;
#9429 = ORIENTED_EDGE ( 'NONE', *, *, #4653, .F. ) ;
#9430 = AXIS2_PLACEMENT_3D ( 'NONE', #2598, #9479, #3602 ) ;
#9431 = VERTEX_POINT ( 'NONE', #4658 ) ;
#9432 = LINE ( 'NONE', #7565, #1888 ) ;
#9433 = EDGE_CURVE ( 'NONE', #3858, #10506, #10840, .T. ) ;
#9434 = VERTEX_POINT ( 'NONE', #11578 ) ;
#9435 = CARTESIAN_POINT ( 'NONE',  ( 5.865000000000003800, -1.100000000000000100, 1.275999999999999800 ) ) ;
#9436 = EDGE_LOOP ( 'NONE', ( #9529, #12276, #12163, #7198 ) ) ;
#9437 = LINE ( 'NONE', #1938, #12122 ) ;
#9438 = EDGE_CURVE ( 'NONE', #366, #11225, #5591, .T. ) ;
#9439 = CARTESIAN_POINT ( 'NONE',  ( -5.149000000000000900, -1.100000000000000100, 0.2540000000000000000 ) ) ;
#9440 = ORIENTED_EDGE ( 'NONE', *, *, #10914, .F. ) ;
#9441 = CARTESIAN_POINT ( 'NONE',  ( 3.285000000000001500, 0.0000000000000000000, 3.499999999999985800 ) ) ;
#9442 = MECHANICAL_DESIGN_GEOMETRIC_PRESENTATION_REPRESENTATION (  '', ( #7455 ), #10097 ) ;
#9443 = LINE ( 'NONE', #10000, #7123 ) ;
#9444 = EDGE_LOOP ( 'NONE', ( #71, #10492, #11232, #12036 ) ) ;
#9445 = CARTESIAN_POINT ( 'NONE',  ( 2.035000000000001000, 3.000000000000000000, 0.4499999999999998400 ) ) ;
#9446 = CARTESIAN_POINT ( 'NONE',  ( 4.625000000000000900, 1.700000000000000000, 0.2999999999999999900 ) ) ;
#9447 = VECTOR ( 'NONE', #7287, 1000.000000000000000 ) ;
#9448 = EDGE_LOOP ( 'NONE', ( #11169, #5231, #12826, #1042 ) ) ;
#9449 = AXIS2_PLACEMENT_3D ( 'NONE', #4713, #5707, #12650 ) ;
#9450 = PRESENTATION_LAYER_ASSIGNMENT (  '', '', ( #8121 ) ) ;
#9451 =( NAMED_UNIT ( * ) SI_UNIT ( $, .STERADIAN. ) SOLID_ANGLE_UNIT ( ) );
#9452 = ORIENTED_EDGE ( 'NONE', *, *, #7275, .F. ) ;
#9453 = ORIENTED_EDGE ( 'NONE', *, *, #8406, .F. ) ;
#9454 = VECTOR ( 'NONE', #3116, 1000.000000000000000 ) ;
#9455 = PLANE ( 'NONE',  #3226 ) ;
#9456 = COLOUR_RGB ( '',0.8000000000000000400, 0.8078431372549019800, 0.8000000000000000400 ) ;
#9457 = DIRECTION ( 'NONE',  ( -1.000000000000000000, 1.807003620809171900E-016, 0.0000000000000000000 ) ) ;
#9458 = CARTESIAN_POINT ( 'NONE',  ( 4.324999999999997500, 2.600000000000000100, 4.699999999999997500 ) ) ;
#9459 = EDGE_LOOP ( 'NONE', ( #11092, #9366, #4235, #5986, #8186, #2269, #7084, #10623, #7345, #6077, #6650, #1436, #9994, #11725, #632, #11396, #12114, #11054 ) ) ;
#9460 = DIRECTION ( 'NONE',  ( -0.0000000000000000000, 0.0000000000000000000, 1.000000000000000000 ) ) ;
#9461 = STYLED_ITEM ( 'NONE', ( #2343 ), #9346 ) ;
#9462 = ORIENTED_EDGE ( 'NONE', *, *, #2008, .T. ) ;
#9463 = CARTESIAN_POINT ( 'NONE',  ( 2.035000000000001000, 0.4249999999999998200, 0.6499999999999964700 ) ) ;
#9464 = CARTESIAN_POINT ( 'NONE',  ( 0.4650000000000010200, -0.3750000000000005000, 3.499999999999982200 ) ) ;
#9465 = ORIENTED_EDGE ( 'NONE', *, *, #7754, .T. ) ;
#9466 = ORIENTED_EDGE ( 'NONE', *, *, #5058, .F. ) ;
#9467 = UNCERTAINTY_MEASURE_WITH_UNIT (LENGTH_MEASURE( 1.000000000000000100E-005 ), #7297, 'distance_accuracy_value', 'NONE');
#9468 =( LENGTH_UNIT ( ) NAMED_UNIT ( * ) SI_UNIT ( .MILLI., .METRE. ) );
#9469 = UNCERTAINTY_MEASURE_WITH_UNIT (LENGTH_MEASURE( 1.000000000000000100E-005 ), #5904, 'distance_accuracy_value', 'NONE');
#9470 =( GEOMETRIC_REPRESENTATION_CONTEXT ( 3 ) GLOBAL_UNCERTAINTY_ASSIGNED_CONTEXT ( ( #9862 ) ) GLOBAL_UNIT_ASSIGNED_CONTEXT ( ( #7396, #1516, #8380 ) ) REPRESENTATION_CONTEXT ( 'NONE', 'WORKASPACE' ) );
#9471 = CARTESIAN_POINT ( 'NONE',  ( 0.0000000000000000000, 0.0000000000000000000, 1.699999999999989700 ) ) ;
#9472 =( GEOMETRIC_REPRESENTATION_CONTEXT ( 3 ) GLOBAL_UNCERTAINTY_ASSIGNED_CONTEXT ( ( #10251 ) ) GLOBAL_UNIT_ASSIGNED_CONTEXT ( ( #4518, #4426, #4296 ) ) REPRESENTATION_CONTEXT ( 'NONE', 'WORKASPACE' ) );
#9473 = VECTOR ( 'NONE', #12525, 999.9999999999998900 ) ;
#9474 = CARTESIAN_POINT ( 'NONE',  ( 4.625000000000000900, -1.100000000000000100, 4.699999999999997500 ) ) ;
#9475 = CARTESIAN_POINT ( 'NONE',  ( -4.845000000000000600, 1.100000000000000100, 1.225999999999999800 ) ) ;
#9476 = ORIENTED_EDGE ( 'NONE', *, *, #7342, .F. ) ;
#9477 = VECTOR ( 'NONE', #7482, 1000.000000000000000 ) ;
#9478 = CARTESIAN_POINT ( 'NONE',  ( -2.964999999999999000, 2.350000000000003600, 0.6499999999999985800 ) ) ;
#9479 = DIRECTION ( 'NONE',  ( 0.0000000000000000000, -1.000000000000000000, -2.258754526011468200E-016 ) ) ;
#9480 = MANIFOLD_SOLID_BREP ( 'Фаска7', #1813 ) ;
#9481 = VERTEX_POINT ( 'NONE', #8593 ) ;
#9482 = ORIENTED_EDGE ( 'NONE', *, *, #4588, .T. ) ;
#9483 = DIRECTION ( 'NONE',  ( 0.0000000000000000000, 0.0000000000000000000, 1.000000000000000000 ) ) ;
#9484 = VERTEX_POINT ( 'NONE', #731 ) ;
#9485 = FACE_OUTER_BOUND ( 'NONE', #7458, .T. ) ;
#9486 =( GEOMETRIC_REPRESENTATION_CONTEXT ( 3 ) GLOBAL_UNCERTAINTY_ASSIGNED_CONTEXT ( ( #5453 ) ) GLOBAL_UNIT_ASSIGNED_CONTEXT ( ( #422, #7306, #1411 ) ) REPRESENTATION_CONTEXT ( 'NONE', 'WORKASPACE' ) );
#9487 = ADVANCED_FACE ( 'NONE', ( #9575 ), #7598, .T. ) ;
#9488 = COLOUR_RGB ( '',0.8000000000000000400, 0.8078431372549019800, 0.8000000000000000400 ) ;
#9489 = LINE ( 'NONE', #10059, #3962 ) ;
#9490 = VECTOR ( 'NONE', #6591, 1000.000000000000000 ) ;
#9491 = CARTESIAN_POINT ( 'NONE',  ( -5.636999999999999600, 1.587999999999999900, 0.2540000000000000000 ) ) ;
#9492 = ORIENTED_EDGE ( 'NONE', *, *, #9589, .T. ) ;
#9493 = ORIENTED_EDGE ( 'NONE', *, *, #6466, .F. ) ;
#9494 = EDGE_CURVE ( 'NONE', #3132, #1302, #12265, .T. ) ;
#9495 = EDGE_LOOP ( 'NONE', ( #3042, #4465, #4947, #7253 ) ) ;
#9496 = CARTESIAN_POINT ( 'NONE',  ( -1.050000000000000000, -1.100000000000000300, 0.6499999999999980200 ) ) ;
#9497 = STYLED_ITEM ( 'NONE', ( #7733 ), #5934 ) ;
#9498 = DIRECTION ( 'NONE',  ( 0.0000000000000000000, -1.000000000000000000, 0.0000000000000000000 ) ) ;
#9500 = VERTEX_POINT ( 'NONE', #1811 ) ;
#9499 = FACE_OUTER_BOUND ( 'NONE', #5180, .T. ) ;
#9501 = EDGE_CURVE ( 'NONE', #6901, #9966, #794, .T. ) ;
#9502 = LINE ( 'NONE', #11705, #11867 ) ;
#9503 = ORIENTED_EDGE ( 'NONE', *, *, #11772, .T. ) ;
#9504 = CIRCLE ( 'NONE', #6762, 0.05000000000000056500 ) ;
#9505 = EDGE_LOOP ( 'NONE', ( #12021, #11021, #5191, #3288 ) ) ;
#9506 = FILL_AREA_STYLE ('',( #11525 ) ) ;
#9507 = CARTESIAN_POINT ( 'NONE',  ( -4.624999999999999100, -0.8000000000000001600, 4.699999999999997500 ) ) ;
#9508 = EDGE_CURVE ( 'NONE', #2065, #6127, #3430, .T. ) ;
#9509 = CARTESIAN_POINT ( 'NONE',  ( -2.964999999999999000, 2.350000000000003600, 0.6499999999999985800 ) ) ;
#9510 = ORIENTED_EDGE ( 'NONE', *, *, #4906, .T. ) ;
#9511 = LINE ( 'NONE', #2161, #11882 ) ;
#9512 = CARTESIAN_POINT ( 'NONE',  ( 3.285000000000001500, 2.200000000000004200, 0.2999999999999988800 ) ) ;
#9513 = EDGE_CURVE ( 'NONE', #4888, #5422, #8632, .T. ) ;
#9514 = EDGE_CURVE ( 'NONE', #5044, #8952, #5729, .T. ) ;
#9515 = ORIENTED_EDGE ( 'NONE', *, *, #3913, .F. ) ;
#9516 = PRESENTATION_STYLE_ASSIGNMENT (( #1154 ) ) ;
#9517 = SURFACE_STYLE_FILL_AREA ( #5718 ) ;
#9518 = ORIENTED_EDGE ( 'NONE', *, *, #4331, .F. ) ;
#9519 = ORIENTED_EDGE ( 'NONE', *, *, #10331, .F. ) ;
#9520 = CARTESIAN_POINT ( 'NONE',  ( -5.645000000000000500, -1.100000000000000100, 1.529999999999999800 ) ) ;
#9521 = DIRECTION ( 'NONE',  ( 0.0000000000000000000, -1.000000000000000000, -4.336808689942014600E-015 ) ) ;
#9522 = PRESENTATION_STYLE_ASSIGNMENT (( #7441 ) ) ;
#9523 = SURFACE_SIDE_STYLE ('',( #2819 ) ) ;
#9524 = STYLED_ITEM ( 'NONE', ( #1954 ), #11529 ) ;
#9525 = PLANE ( 'NONE',  #10766 ) ;
#9526 = VECTOR ( 'NONE', #666, 1000.000000000000000 ) ;
#9527 = EDGE_CURVE ( 'NONE', #9679, #6819, #8331, .T. ) ;
#9528 = DIRECTION ( 'NONE',  ( -0.0000000000000000000, 0.0000000000000000000, -1.000000000000000000 ) ) ;
#9529 = ORIENTED_EDGE ( 'NONE', *, *, #10511, .F. ) ;
#9530 = VECTOR ( 'NONE', #869, 1000.000000000000000 ) ;
#9531 = ORIENTED_EDGE ( 'NONE', *, *, #1996, .T. ) ;
#9532 = ORIENTED_EDGE ( 'NONE', *, *, #6350, .F. ) ;
#9533 = LINE ( 'NONE', #10064, #4315 ) ;
#9534 = CARTESIAN_POINT ( 'NONE',  ( 0.7850000000000010300, -0.6250000000000003300, 0.2999999999999964900 ) ) ;
#9535 = CARTESIAN_POINT ( 'NONE',  ( 4.024999999999995900, 0.09999999999999982500, 4.399999999999994100 ) ) ;
#9536 = VECTOR ( 'NONE', #727, 1000.000000000000000 ) ;
#9537 = DIRECTION ( 'NONE',  ( 0.0000000000000000000, -0.0000000000000000000, 1.000000000000000000 ) ) ;
#9538 = EDGE_LOOP ( 'NONE', ( #6304, #4286, #9995, #4380 ) ) ;
#9539 = ORIENTED_EDGE ( 'NONE', *, *, #821, .F. ) ;
#9540 = UNCERTAINTY_MEASURE_WITH_UNIT (LENGTH_MEASURE( 1.000000000000000100E-005 ), #1681, 'distance_accuracy_value', 'NONE');
#9541 = CARTESIAN_POINT ( 'NONE',  ( 2.350000000000000100, -0.9999999999999983300, 4.699999999999995700 ) ) ;
#9542 = UNCERTAINTY_MEASURE_WITH_UNIT (LENGTH_MEASURE( 1.000000000000000100E-005 ), #12057, 'distance_accuracy_value', 'NONE');
#9543 = VERTEX_POINT ( 'NONE', #2849 ) ;
#9544 = EDGE_LOOP ( 'NONE', ( #191, #3073, #2190, #7164, #11138, #12680, #7353, #1106, #9476, #12227, #7110, #6250, #1565, #12124, #7960 ) ) ;
#9545 = DIRECTION ( 'NONE',  ( 1.000000000000000000, -0.0000000000000000000, -0.0000000000000000000 ) ) ;
#9546 = VECTOR ( 'NONE', #1513, 1000.000000000000000 ) ;
#9547 =( LENGTH_UNIT ( ) NAMED_UNIT ( * ) SI_UNIT ( .MILLI., .METRE. ) );
#9548 = CARTESIAN_POINT ( 'NONE',  ( 0.4650000000000010200, 2.200000000000004200, 0.2999999999999988800 ) ) ;
#9550 = LINE ( 'NONE', #12426, #6926 ) ;
#9549 = CARTESIAN_POINT ( 'NONE',  ( -2.034999999999998800, 2.999999999999999600, -1.761828530288944700E-016 ) ) ;
#9551 = LINE ( 'NONE', #1363, #1711 ) ;
#9552 = ADVANCED_FACE ( 'NONE', ( #491 ), #8714, .F. ) ;
#9553 = DIRECTION ( 'NONE',  ( 0.0000000000000000000, 0.0000000000000000000, 1.000000000000000000 ) ) ;
#9554 = ORIENTED_EDGE ( 'NONE', *, *, #10494, .F. ) ;
#9555 = VECTOR ( 'NONE', #5510, 1000.000000000000000 ) ;
#9556 = DIRECTION ( 'NONE',  ( -4.371782953570583600E-016, 0.0000000000000000000, -1.000000000000000000 ) ) ;
#9557 = LINE ( 'NONE', #7005, #1719 ) ;
#9558 = CARTESIAN_POINT ( 'NONE',  ( 1.938764705882354300, 0.3528235294117643100, 3.981176470588228400 ) ) ;
#9559 = CARTESIAN_POINT ( 'NONE',  ( -1.714999999999999000, 0.4249999999999998200, 0.6499999999999964700 ) ) ;
#9560 = LINE ( 'NONE', #8275, #1723 ) ;
#9561 = STYLED_ITEM ( 'NONE', ( #8691 ), #4333 ) ;
#9562 = ORIENTED_EDGE ( 'NONE', *, *, #11455, .T. ) ;
#9563 = CARTESIAN_POINT ( 'NONE',  ( -5.645000000000000500, 1.100000000000000100, 1.529999999999999800 ) ) ;
#9564 = ORIENTED_EDGE ( 'NONE', *, *, #3830, .T. ) ;
#9565 = EDGE_LOOP ( 'NONE', ( #811, #3305, #8439, #12689, #10585, #1082, #6619, #4899, #11301, #7272, #12208, #4671 ) ) ;
#9566 = SURFACE_STYLE_USAGE ( .BOTH. , #11503 ) ;
#9567 = CARTESIAN_POINT ( 'NONE',  ( -5.645000000000000500, 1.200000000000000000, 1.529999999999999800 ) ) ;
#9568 = DIRECTION ( 'NONE',  ( 0.0000000000000000000, -1.000000000000000000, 0.0000000000000000000 ) ) ;
#9569 = VERTEX_POINT ( 'NONE', #9720 ) ;
#9570 = EDGE_CURVE ( 'NONE', #9924, #3678, #8022, .T. ) ;
#9571 = EDGE_CURVE ( 'NONE', #4122, #4395, #2808, .T. ) ;
#9572 = PLANE ( 'NONE',  #12481 ) ;
#9573 = ORIENTED_EDGE ( 'NONE', *, *, #5482, .T. ) ;
#9574 = ORIENTED_EDGE ( 'NONE', *, *, #992, .T. ) ;
#9575 = FACE_OUTER_BOUND ( 'NONE', #9565, .T. ) ;
#9576 = ORIENTED_EDGE ( 'NONE', *, *, #7197, .T. ) ;
#9577 = CARTESIAN_POINT ( 'NONE',  ( -4.125000000000000000, 1.700000000000000000, 0.04999999999999980800 ) ) ;
#9578 = ORIENTED_EDGE ( 'NONE', *, *, #930, .T. ) ;
#9579 = AXIS2_PLACEMENT_3D ( 'NONE', #10788, #5844, #12816 ) ;
#9580 = CARTESIAN_POINT ( 'NONE',  ( 2.965000000000001600, -0.3750000000000001100, 0.6499999999999975800 ) ) ;
#9581 = EDGE_CURVE ( 'NONE', #1104, #3451, #170, .T. ) ;
#9582 = CARTESIAN_POINT ( 'NONE',  ( -4.625000000000000000, -1.100000000000000100, 2.400000000000000400 ) ) ;
#9583 = VERTEX_POINT ( 'NONE', #8766 ) ;
#9584 = LINE ( 'NONE', #1727, #6668 ) ;
#9585 = VERTEX_POINT ( 'NONE', #4863 ) ;
#9586 = ORIENTED_EDGE ( 'NONE', *, *, #8337, .T. ) ;
#9587 = CARTESIAN_POINT ( 'NONE',  ( 0.7850000000000010300, 2.500000000000000000, -1.084202172485504400E-016 ) ) ;
#9588 = ORIENTED_EDGE ( 'NONE', *, *, #7752, .T. ) ;
#9589 = EDGE_CURVE ( 'NONE', #6603, #3171, #7409, .T. ) ;
#9590 = CARTESIAN_POINT ( 'NONE',  ( -2.034999999999998800, 2.200000000000004200, 0.2999999999999988800 ) ) ;
#9591 = PLANE ( 'NONE',  #8777 ) ;
#9592 = EDGE_CURVE ( 'NONE', #6719, #5975, #2484, .T. ) ;
#9593 = FILL_AREA_STYLE ('',( #2716 ) ) ;
#9594 = CARTESIAN_POINT ( 'NONE',  ( -0.7849999999999988100, 0.4249999999999998200, 0.6499999999999964700 ) ) ;
#9595 = ORIENTED_EDGE ( 'NONE', *, *, #5321, .T. ) ;
#9596 = VECTOR ( 'NONE', #5269, 1000.000000000000000 ) ;
#9597 = EDGE_CURVE ( 'NONE', #4733, #10341, #10030, .T. ) ;
#9598 = LINE ( 'NONE', #8744, #1759 ) ;
#9599 = VERTEX_POINT ( 'NONE', #3934 ) ;
#9600 = CIRCLE ( 'NONE', #7056, 0.04999999999999969700 ) ;
#9601 = CARTESIAN_POINT ( 'NONE',  ( -2.964999999999999000, 2.200000000000004200, 0.2999999999999988800 ) ) ;
#9602 = DIRECTION ( 'NONE',  ( 0.0000000000000000000, 1.000000000000000000, -1.355252715606881500E-016 ) ) ;
#9603 =( NAMED_UNIT ( * ) PLANE_ANGLE_UNIT ( ) SI_UNIT ( $, .RADIAN. ) );
#9604 = EDGE_CURVE ( 'NONE', #4067, #9216, #4515, .T. ) ;
#9605 = SURFACE_SIDE_STYLE ('',( #10003 ) ) ;
#9606 = AXIS2_PLACEMENT_3D ( 'NONE', #5469, #559, #7434 ) ;
#9607 = SURFACE_STYLE_USAGE ( .BOTH. , #2732 ) ;
#9608 = ORIENTED_EDGE ( 'NONE', *, *, #4239, .T. ) ;
#9609 = VECTOR ( 'NONE', #5115, 1000.000000000000000 ) ;
#9610 = ADVANCED_FACE ( 'NONE', ( #12412 ), #1931, .F. ) ;
#9612 = ORIENTED_EDGE ( 'NONE', *, *, #2481, .F. ) ;
#9611 = STYLED_ITEM ( 'NONE', ( #12441 ), #12459 ) ;
#9613 = AXIS2_PLACEMENT_3D ( 'NONE', #7851, #5643, #8801 ) ;
#9614 = CARTESIAN_POINT ( 'NONE',  ( 5.825000000000002000, -0.8000000000000016000, 1.699999999999989700 ) ) ;
#9615 = DIRECTION ( 'NONE',  ( 0.0000000000000000000, -1.000000000000000000, -1.141265444721583800E-016 ) ) ;
#9616 = CARTESIAN_POINT ( 'NONE',  ( 6.125000000000000000, -1.100000000000000100, 0.7999999999999979300 ) ) ;
#9617 = ORIENTED_EDGE ( 'NONE', *, *, #3413, .T. ) ;
#9618 = CARTESIAN_POINT ( 'NONE',  ( -1.714999999999999000, -0.6250000000000003300, 0.6499999999999964700 ) ) ;
#9619 = SURFACE_SIDE_STYLE ('',( #144 ) ) ;
#9620 = VECTOR ( 'NONE', #1873, 1000.000000000000000 ) ;
#9621 = LINE ( 'NONE', #935, #1781 ) ;
#9622 = SURFACE_SIDE_STYLE ('',( #11434 ) ) ;
#9623 = EDGE_LOOP ( 'NONE', ( #8932, #1476, #10121, #9128 ) ) ;
#9624 = UNCERTAINTY_MEASURE_WITH_UNIT (LENGTH_MEASURE( 1.000000000000000100E-005 ), #8048, 'distance_accuracy_value', 'NONE');
#9625 = UNCERTAINTY_MEASURE_WITH_UNIT (LENGTH_MEASURE( 1.000000000000000100E-005 ), #156, 'distance_accuracy_value', 'NONE');
#9626 = AXIS2_PLACEMENT_3D ( 'NONE', #4902, #978, #7854 ) ;
#9627 = ORIENTED_EDGE ( 'NONE', *, *, #2151, .T. ) ;
#9628 = FILL_AREA_STYLE ('',( #761 ) ) ;
#9629 = DIRECTION ( 'NONE',  ( 6.776263578034385000E-016, 1.000000000000000000, -0.0000000000000000000 ) ) ;
#9630 = FILL_AREA_STYLE ('',( #12627 ) ) ;
#9631 = DIRECTION ( 'NONE',  ( 0.0000000000000000000, -0.7071067811865510100, -0.7071067811865441300 ) ) ;
#9632 = VECTOR ( 'NONE', #6352, 1000.000000000000000 ) ;
#9633 = LINE ( 'NONE', #11403, #6718 ) ;
#9634 = ORIENTED_EDGE ( 'NONE', *, *, #1352, .F. ) ;
#9635 =( NAMED_UNIT ( * ) PLANE_ANGLE_UNIT ( ) SI_UNIT ( $, .RADIAN. ) );
#9636 = LINE ( 'NONE', #2321, #1792 ) ;
#9637 = MECHANICAL_DESIGN_GEOMETRIC_PRESENTATION_REPRESENTATION (  '', ( #7639 ), #10302 ) ;
#9638 =( GEOMETRIC_REPRESENTATION_CONTEXT ( 3 ) GLOBAL_UNCERTAINTY_ASSIGNED_CONTEXT ( ( #1502 ) ) GLOBAL_UNIT_ASSIGNED_CONTEXT ( ( #11055, #10885, #10431 ) ) REPRESENTATION_CONTEXT ( 'NONE', 'WORKASPACE' ) );
#9639 = ORIENTED_EDGE ( 'NONE', *, *, #10594, .F. ) ;
#9640 = ORIENTED_EDGE ( 'NONE', *, *, #11807, .T. ) ;
#9641 = ORIENTED_EDGE ( 'NONE', *, *, #1232, .F. ) ;
#9642 = CARTESIAN_POINT ( 'NONE',  ( 3.285000000000001500, -0.1500000000000003000, 0.1799999999999965800 ) ) ;
#9643 = VECTOR ( 'NONE', #4251, 1000.000000000000000 ) ;
#9644 = DIRECTION ( 'NONE',  ( -0.0000000000000000000, -1.000000000000000000, -0.0000000000000000000 ) ) ;
#9645 = VECTOR ( 'NONE', #1015, 1000.000000000000000 ) ;
#9646 = SURFACE_SIDE_STYLE ('',( #5072 ) ) ;
#9647 = SURFACE_STYLE_FILL_AREA ( #10956 ) ;
#9648 = VECTOR ( 'NONE', #10332, 1000.000000000000000 ) ;
#9649 = DIRECTION ( 'NONE',  ( 0.0000000000000000000, 1.000000000000000000, 1.070121624790885400E-015 ) ) ;
#9650 = COLOUR_RGB ( '',0.8000000000000000400, 0.8078431372549019800, 0.8000000000000000400 ) ;
#9651 = EDGE_CURVE ( 'NONE', #11584, #6574, #7100, .T. ) ;
#9652 = VERTEX_POINT ( 'NONE', #12856 ) ;
#9653 =( NAMED_UNIT ( * ) SI_UNIT ( $, .STERADIAN. ) SOLID_ANGLE_UNIT ( ) );
#9654 = ORIENTED_EDGE ( 'NONE', *, *, #2075, .T. ) ;
#9655 = PRESENTATION_LAYER_ASSIGNMENT (  '', '', ( #8326 ) ) ;
#9656 = VECTOR ( 'NONE', #5004, 1000.000000000000000 ) ;
#9658 = COLOUR_RGB ( '',0.8000000000000000400, 0.8078431372549019800, 0.8000000000000000400 ) ;
#9657 = PLANE ( 'NONE',  #10790 ) ;
#9659 = ORIENTED_EDGE ( 'NONE', *, *, #2827, .T. ) ;
#9660 = VECTOR ( 'NONE', #2271, 1000.000000000000100 ) ;
#9661 = VECTOR ( 'NONE', #1186, 1000.000000000000000 ) ;
#9662 = DIRECTION ( 'NONE',  ( -0.7071067811865446900, 0.0000000000000000000, 0.7071067811865504600 ) ) ;
#9663 = ORIENTED_EDGE ( 'NONE', *, *, #5583, .F. ) ;
#9664 = EDGE_CURVE ( 'NONE', #7877, #5825, #4804, .T. ) ;
#9665 = DIRECTION ( 'NONE',  ( -0.0000000000000000000, -1.000000000000000000, -0.0000000000000000000 ) ) ;
#9666 = CARTESIAN_POINT ( 'NONE',  ( -1.714999999999999000, 0.2499999999999996700, 0.2999999999999966000 ) ) ;
#9667 = DIRECTION ( 'NONE',  ( 0.0000000000000000000, 0.7071067811865441300, -0.7071067811865510100 ) ) ;
#9668 = DIRECTION ( 'NONE',  ( -0.7071067811865459100, 0.0000000000000000000, -0.7071067811865491300 ) ) ;
#9669 = EDGE_CURVE ( 'NONE', #1841, #4232, #9415, .T. ) ;
#9670 = LINE ( 'NONE', #9073, #4456 ) ;
#9671 = VECTOR ( 'NONE', #1976, 999.9999999999998900 ) ;
#9672 = FILL_AREA_STYLE_COLOUR ( '', #5433 ) ;
#9673 = CARTESIAN_POINT ( 'NONE',  ( 2.035000000000001000, 0.3499999999999997000, 3.999999999999993300 ) ) ;
#9674 = VERTEX_POINT ( 'NONE', #36 ) ;
#9675 = LINE ( 'NONE', #10882, #1827 ) ;
#9676 = FILL_AREA_STYLE ('',( #9086 ) ) ;
#9677 = EDGE_CURVE ( 'NONE', #8745, #5044, #6499, .T. ) ;
#9678 = CARTESIAN_POINT ( 'NONE',  ( -3.064999999999998600, 0.3499999999999997000, 3.999999999999993300 ) ) ;
#9679 = VERTEX_POINT ( 'NONE', #7900 ) ;
#9680 = ADVANCED_FACE ( 'NONE', ( #9117 ), #2014, .F. ) ;
#9681 = DIRECTION ( 'NONE',  ( -1.000000000000000000, -0.0000000000000000000, 3.047487187526822800E-016 ) ) ;
#9682 = LINE ( 'NONE', #5067, #4760 ) ;
#9683 = CARTESIAN_POINT ( 'NONE',  ( -2.349999999999999600, -1.000000000000000200, 4.699999999999995700 ) ) ;
#9684 = EDGE_CURVE ( 'NONE', #8422, #2954, #324, .T. ) ;
#9685 = PRESENTATION_LAYER_ASSIGNMENT (  '', '', ( #9021 ) ) ;
#9686 = CARTESIAN_POINT ( 'NONE',  ( -4.624999999999999100, 1.700000000000000000, 3.699999999999996600 ) ) ;
#9687 = LINE ( 'NONE', #11922, #9372 ) ;
#9688 = VERTEX_POINT ( 'NONE', #9923 ) ;
#9689 = LINE ( 'NONE', #3692, #1838 ) ;
#9690 =( NAMED_UNIT ( * ) PLANE_ANGLE_UNIT ( ) SI_UNIT ( $, .RADIAN. ) );
#9691 = ORIENTED_EDGE ( 'NONE', *, *, #3812, .T. ) ;
#9692 = ORIENTED_EDGE ( 'NONE', *, *, #1913, .T. ) ;
#9693 =( GEOMETRIC_REPRESENTATION_CONTEXT ( 3 ) GLOBAL_UNCERTAINTY_ASSIGNED_CONTEXT ( ( #7642 ) ) GLOBAL_UNIT_ASSIGNED_CONTEXT ( ( #10360, #4481, #11383 ) ) REPRESENTATION_CONTEXT ( 'NONE', 'WORKASPACE' ) );
#9694 = PRESENTATION_STYLE_ASSIGNMENT (( #8323 ) ) ;
#9695 = CARTESIAN_POINT ( 'NONE',  ( 4.024999999999995900, -0.6999999999999988500, 4.399999999999994100 ) ) ;
#9696 = DIRECTION ( 'NONE',  ( -1.000000000000000000, 0.0000000000000000000, 0.0000000000000000000 ) ) ;
#9697 = ORIENTED_EDGE ( 'NONE', *, *, #4175, .F. ) ;
#9698 = VECTOR ( 'NONE', #10135, 1000.000000000000000 ) ;
#9699 = ORIENTED_EDGE ( 'NONE', *, *, #8085, .T. ) ;
#9700 = ORIENTED_EDGE ( 'NONE', *, *, #2147, .T. ) ;
#9701 = DIRECTION ( 'NONE',  ( 0.0000000000000000000, -0.7071067811865439100, 0.7071067811865512400 ) ) ;
#9702 = ORIENTED_EDGE ( 'NONE', *, *, #3997, .T. ) ;
#9703 = PLANE ( 'NONE',  #12153 ) ;
#9704 = AXIS2_PLACEMENT_3D ( 'NONE', #10081, #5186, #12133 ) ;
#9705 = DIRECTION ( 'NONE',  ( -0.1904761904761876300, 0.2380952380952350000, 0.9523809523809536600 ) ) ;
#9706 = DIRECTION ( 'NONE',  ( -1.000000000000000000, -0.0000000000000000000, 0.0000000000000000000 ) ) ;
#9707 = VECTOR ( 'NONE', #9308, 1000.000000000000000 ) ;
#9708 = FILL_AREA_STYLE ('',( #5758 ) ) ;
#9709 = ORIENTED_EDGE ( 'NONE', *, *, #4261, .T. ) ;
#9710 = VECTOR ( 'NONE', #2348, 1000.000000000000000 ) ;
#9711 =( NAMED_UNIT ( * ) PLANE_ANGLE_UNIT ( ) SI_UNIT ( $, .RADIAN. ) );
#9712 = VERTEX_POINT ( 'NONE', #5997 ) ;
#9713 = LINE ( 'NONE', #646, #11769 ) ;
#9714 = CARTESIAN_POINT ( 'NONE',  ( -0.4649999999999988600, 2.200000000000004200, 0.2999999999999988800 ) ) ;
#9715 = DIRECTION ( 'NONE',  ( 0.0000000000000000000, -0.7071067811865439100, 0.7071067811865512400 ) ) ;
#9716 = FILL_AREA_STYLE ('',( #8710 ) ) ;
#9717 = EDGE_LOOP ( 'NONE', ( #586, #5423, #6905, #8294, #12800, #1837, #11830, #8137, #1206, #8238, #1569, #9084, #11938, #9786, #2964, #316, #6993, #11611 ) ) ;
#9718 = CARTESIAN_POINT ( 'NONE',  ( 0.0000000000000000000, -1.100000000000000100, 0.0000000000000000000 ) ) ;
#9719 = CARTESIAN_POINT ( 'NONE',  ( -3.284999999999998800, 0.4249999999999998200, 3.999999999999993300 ) ) ;
#9720 = CARTESIAN_POINT ( 'NONE',  ( -2.034999999999998800, 2.500000000000000000, -1.084202172485504400E-016 ) ) ;
#9721 = CARTESIAN_POINT ( 'NONE',  ( -2.034999999999998800, 2.500000000000000000, -1.084202172485504400E-016 ) ) ;
#9722 = VERTEX_POINT ( 'NONE', #4025 ) ;
#9723 = ORIENTED_EDGE ( 'NONE', *, *, #8572, .F. ) ;
#9724 = VECTOR ( 'NONE', #2932, 1000.000000000000100 ) ;
#9725 = PRESENTATION_LAYER_ASSIGNMENT (  '', '', ( #8392 ) ) ;
#9726 = CARTESIAN_POINT ( 'NONE',  ( -3.284999999999998800, 3.100000000000000100, 0.3499999999999989800 ) ) ;
#9727 = ORIENTED_EDGE ( 'NONE', *, *, #7188, .F. ) ;
#9728 = SURFACE_SIDE_STYLE ('',( #620 ) ) ;
#9729 = COLOUR_RGB ( '',0.8000000000000000400, 0.8078431372549019800, 0.8000000000000000400 ) ;
#9730 = EDGE_LOOP ( 'NONE', ( #6307, #7406, #4812, #8138 ) ) ;
#9731 = EDGE_LOOP ( 'NONE', ( #3523, #7926, #11258, #11990 ) ) ;
#9732 = EDGE_LOOP ( 'NONE', ( #89, #5672, #3057, #6579 ) ) ;
#9733 = EDGE_CURVE ( 'NONE', #4595, #9197, #7861, .T. ) ;
#9734 = ADVANCED_FACE ( 'NONE', ( #2640 ), #6998, .F. ) ;
#9735 = EDGE_CURVE ( 'NONE', #10997, #12030, #17, .T. ) ;
#9736 = DIRECTION ( 'NONE',  ( 0.0000000000000000000, 1.000000000000000000, 0.0000000000000000000 ) ) ;
#9737 = DIRECTION ( 'NONE',  ( -1.000000000000000000, 0.0000000000000000000, 3.051828337366604500E-016 ) ) ;
#9738 = LINE ( 'NONE', #2892, #8040 ) ;
#9739 = ORIENTED_EDGE ( 'NONE', *, *, #2312, .T. ) ;
#9740 = PRESENTATION_STYLE_ASSIGNMENT (( #1556 ) ) ;
#9741 = VECTOR ( 'NONE', #9948, 1000.000000000000000 ) ;
#9742 = DIRECTION ( 'NONE',  ( 3.047487187526822800E-016, -0.0000000000000000000, 1.000000000000000000 ) ) ;
#9743 = EDGE_LOOP ( 'NONE', ( #2616, #212, #9947, #8631 ) ) ;
#9744 = CARTESIAN_POINT ( 'NONE',  ( 0.7850000000000010300, 0.4249999999999998200, 0.6499999999999964700 ) ) ;
#9745 = EDGE_CURVE ( 'NONE', #10387, #12117, #5275, .T. ) ;
#9746 = CARTESIAN_POINT ( 'NONE',  ( 4.024999999999995900, 0.09999999999999982500, 1.749999999999996400 ) ) ;
#9747 = SURFACE_STYLE_FILL_AREA ( #1527 ) ;
#9748 = EDGE_CURVE ( 'NONE', #8289, #9425, #2956, .T. ) ;
#9749 = ORIENTED_EDGE ( 'NONE', *, *, #1490, .F. ) ;
#9750 = SURFACE_SIDE_STYLE ('',( #7107 ) ) ;
#9751 = EDGE_CURVE ( 'NONE', #5073, #926, #10185, .T. ) ;
#9752 = ORIENTED_EDGE ( 'NONE', *, *, #12447, .F. ) ;
#9753 =( NAMED_UNIT ( * ) SI_UNIT ( $, .STERADIAN. ) SOLID_ANGLE_UNIT ( ) );
#9754 = VECTOR ( 'NONE', #3615, 1000.000000000000000 ) ;
#9755 = CARTESIAN_POINT ( 'NONE',  ( -0.4649999999999988600, 2.999999999999999600, -1.761828530288944700E-016 ) ) ;
#9756 = LINE ( 'NONE', #4963, #12141 ) ;
#9757 = ADVANCED_FACE ( 'NONE', ( #12560 ), #10014, .T. ) ;
#9758 = CARTESIAN_POINT ( 'NONE',  ( -3.049999999999999800, -1.100000000000000100, 3.249999999999996000 ) ) ;
#9759 = DIRECTION ( 'NONE',  ( 0.1940285000290634100, 0.1455213750217966800, -0.9701425001453328800 ) ) ;
#9760 = CARTESIAN_POINT ( 'NONE',  ( -5.149000000000000900, 1.100000000000000100, -2.710505431213761100E-017 ) ) ;
#9761 = EDGE_CURVE ( 'NONE', #699, #3546, #3728, .T. ) ;
#9762 = VERTEX_POINT ( 'NONE', #10055 ) ;
#9763 = VERTEX_POINT ( 'NONE', #4195 ) ;
#9764 = DIRECTION ( 'NONE',  ( 0.0000000000000000000, 1.000000000000000000, 0.0000000000000000000 ) ) ;
#9765 = PRESENTATION_STYLE_ASSIGNMENT (( #5413 ) ) ;
#9766 = VECTOR ( 'NONE', #1021, 1000.000000000000000 ) ;
#9767 = CARTESIAN_POINT ( 'NONE',  ( -2.034999999999998800, -0.1500000000000003300, 0.2999999999999965500 ) ) ;
#9768 = CARTESIAN_POINT ( 'NONE',  ( -4.324999999999999300, 0.8499999999999996400, 1.749999999999996400 ) ) ;
#9769 = MECHANICAL_DESIGN_GEOMETRIC_PRESENTATION_REPRESENTATION (  '', ( #7774 ), #10447 ) ;
#9770 = ORIENTED_EDGE ( 'NONE', *, *, #9164, .F. ) ;
#9771 = STYLED_ITEM ( 'NONE', ( #7317 ), #8688 ) ;
#9772 = PLANE ( 'NONE',  #8109 ) ;
#9773 = CARTESIAN_POINT ( 'NONE',  ( -0.2000000000000000900, 2.600000000000000100, 0.6499999999999980200 ) ) ;
#9774 = COLOUR_RGB ( '',0.8000000000000000400, 0.8078431372549019800, 0.8000000000000000400 ) ;
#9775 = ORIENTED_EDGE ( 'NONE', *, *, #5316, .T. ) ;
#9776 = LINE ( 'NONE', #12462, #4568 ) ;
#9777 = CARTESIAN_POINT ( 'NONE',  ( -2.964999999999999000, 3.100000000000000100, 0.3499999999999989800 ) ) ;
#9778 = ORIENTED_EDGE ( 'NONE', *, *, #2219, .F. ) ;
#9779 = ORIENTED_EDGE ( 'NONE', *, *, #11278, .T. ) ;
#9780 = CARTESIAN_POINT ( 'NONE',  ( 5.149000000000000900, 1.100000000000000100, 0.2540000000000000000 ) ) ;
#9781 = FILL_AREA_STYLE ('',( #2909 ) ) ;
#9782 = CARTESIAN_POINT ( 'NONE',  ( -1.714999999999999000, 0.2499999999999996700, 0.2999999999999966000 ) ) ;
#9783 = CARTESIAN_POINT ( 'NONE',  ( -2.034999999999998800, -0.6250000000000003300, 0.6499999999999964700 ) ) ;
#9784 = LINE ( 'NONE', #11365, #2228 ) ;
#9785 = FACE_OUTER_BOUND ( 'NONE', #7829, .T. ) ;
#9786 = ORIENTED_EDGE ( 'NONE', *, *, #5638, .T. ) ;
#9787 = ORIENTED_EDGE ( 'NONE', *, *, #5856, .F. ) ;
#9788 = CARTESIAN_POINT ( 'NONE',  ( -1.714999999999999000, 2.500000000000000000, -1.084202172485504400E-016 ) ) ;
#9789 = DIRECTION ( 'NONE',  ( -0.0000000000000000000, 1.000000000000000000, 0.0000000000000000000 ) ) ;
#9790 = UNCERTAINTY_MEASURE_WITH_UNIT (LENGTH_MEASURE( 1.000000000000000100E-005 ), #189, 'distance_accuracy_value', 'NONE');
#9791 = EDGE_LOOP ( 'NONE', ( #1655, #251, #6013, #9974 ) ) ;
#9792 = CARTESIAN_POINT ( 'NONE',  ( 2.965000000000001600, -0.1500000000000003300, 0.2999999999999965500 ) ) ;
#9793 = ADVANCED_FACE ( 'NONE', ( #11612 ), #6038, .T. ) ;
#9794 = DIRECTION ( 'NONE',  ( 0.0000000000000000000, 0.0000000000000000000, -1.000000000000000000 ) ) ;
#9795 = LINE ( 'NONE', #6680, #12181 ) ;
#9796 = CARTESIAN_POINT ( 'NONE',  ( -4.845000000000000600, 1.200000000000000000, 1.529999999999999800 ) ) ;
#9797 = AXIS2_PLACEMENT_3D ( 'NONE', #4418, #11322, #5401 ) ;
#9798 = ORIENTED_EDGE ( 'NONE', *, *, #12693, .T. ) ;
#9799 = SURFACE_SIDE_STYLE ('',( #12207 ) ) ;
#9800 = EDGE_LOOP ( 'NONE', ( #8017, #1641, #6620, #2173 ) ) ;
#9801 = VERTEX_POINT ( 'NONE', #12108 ) ;
#9802 = ORIENTED_EDGE ( 'NONE', *, *, #10931, .T. ) ;
#9803 = FILL_AREA_STYLE_COLOUR ( '', #5356 ) ;
#9804 = CARTESIAN_POINT ( 'NONE',  ( 0.7850000000000010300, 2.500000000000000000, -1.084202172485504400E-016 ) ) ;
#9805 = EDGE_CURVE ( 'NONE', #7680, #10408, #2794, .T. ) ;
#9806 = DIRECTION ( 'NONE',  ( -0.0000000000000000000, -1.000000000000000000, -0.0000000000000000000 ) ) ;
#9807 = FILL_AREA_STYLE_COLOUR ( '', #7217 ) ;
#9808 = EDGE_CURVE ( 'NONE', #9126, #8482, #159, .T. ) ;
#9809 = DIRECTION ( 'NONE',  ( 1.000000000000000000, 0.0000000000000000000, -0.0000000000000000000 ) ) ;
#9810 = CARTESIAN_POINT ( 'NONE',  ( -3.284999999999998800, 0.0000000000000000000, 0.6499999999999985800 ) ) ;
#9811 = ORIENTED_EDGE ( 'NONE', *, *, #692, .T. ) ;
#9812 = FACE_OUTER_BOUND ( 'NONE', #11438, .T. ) ;
#9813 =( NAMED_UNIT ( * ) SI_UNIT ( $, .STERADIAN. ) SOLID_ANGLE_UNIT ( ) );
#9814 = VERTEX_POINT ( 'NONE', #2257 ) ;
#9815 = FILL_AREA_STYLE ('',( #8465 ) ) ;
#9816 = EDGE_CURVE ( 'NONE', #6438, #9652, #12710, .T. ) ;
#9817 = ORIENTED_EDGE ( 'NONE', *, *, #8333, .F. ) ;
#9818 = ADVANCED_FACE ( 'NONE', ( #2470 ), #12191, .F. ) ;
#9819 = EDGE_CURVE ( 'NONE', #2035, #1842, #4793, .T. ) ;
#9820 = CARTESIAN_POINT ( 'NONE',  ( 3.750000000000000000, 1.110104613466387200E-016, 0.6499999999999978000 ) ) ;
#9821 = VECTOR ( 'NONE', #5478, 1000.000000000000000 ) ;
#9822 = LINE ( 'NONE', #955, #9526 ) ;
#9823 = VECTOR ( 'NONE', #8775, 1000.000000000000000 ) ;
#9824 = DIRECTION ( 'NONE',  ( 0.0000000000000000000, -1.000000000000000000, 0.0000000000000000000 ) ) ;
#9825 = EDGE_CURVE ( 'NONE', #11468, #2336, #10342, .T. ) ;
#9826 = ORIENTED_EDGE ( 'NONE', *, *, #9494, .T. ) ;
#9827 = ORIENTED_EDGE ( 'NONE', *, *, #762, .T. ) ;
#9828 = LINE ( 'NONE', #4796, #1979 ) ;
#9829 = CARTESIAN_POINT ( 'NONE',  ( 4.024999999999995900, 1.700000000000000200, 3.399999999999996800 ) ) ;
#9830 = MECHANICAL_DESIGN_GEOMETRIC_PRESENTATION_REPRESENTATION (  '', ( #7837 ), #10513 ) ;
#9831 = ORIENTED_EDGE ( 'NONE', *, *, #704, .T. ) ;
#9832 = ORIENTED_EDGE ( 'NONE', *, *, #4006, .T. ) ;
#9833 = CARTESIAN_POINT ( 'NONE',  ( 2.699999999999999300, 2.600000000000000100, 0.6499999999999973600 ) ) ;
#9834 = EDGE_CURVE ( 'NONE', #7510, #7194, #7399, .T. ) ;
#9835 = LINE ( 'NONE', #12414, #9536 ) ;
#9836 = DIRECTION ( 'NONE',  ( 0.0000000000000000000, -1.000000000000000000, 0.0000000000000000000 ) ) ;
#9837 = EDGE_CURVE ( 'NONE', #2188, #5779, #2153, .T. ) ;
#9838 = CARTESIAN_POINT ( 'NONE',  ( 1.341666666666675900, 1.983333333333320500, 1.716666666666659200 ) ) ;
#9839 = VERTEX_POINT ( 'NONE', #7227 ) ;
#9840 = CARTESIAN_POINT ( 'NONE',  ( 2.035000000000001000, -0.6250000000000003300, 0.6499999999999964700 ) ) ;
#9841 = ORIENTED_EDGE ( 'NONE', *, *, #2325, .T. ) ;
#9842 = ORIENTED_EDGE ( 'NONE', *, *, #1344, .T. ) ;
#9843 = CARTESIAN_POINT ( 'NONE',  ( 1.949999999999999500, -0.6999999999999992900, 3.249999999999995600 ) ) ;
#9844 = FACE_OUTER_BOUND ( 'NONE', #6353, .T. ) ;
#9845 = EDGE_CURVE ( 'NONE', #11081, #1081, #4502, .T. ) ;
#9846 = LINE ( 'NONE', #2266, #9546 ) ;
#9847 =( NAMED_UNIT ( * ) PLANE_ANGLE_UNIT ( ) SI_UNIT ( $, .RADIAN. ) );
#9848 =( NAMED_UNIT ( * ) PLANE_ANGLE_UNIT ( ) SI_UNIT ( $, .RADIAN. ) );
#9849 = DIRECTION ( 'NONE',  ( -0.7071067811865483500, -0.7071067811865468000, 0.0000000000000000000 ) ) ;
#9850 = FACE_OUTER_BOUND ( 'NONE', #9495, .T. ) ;
#9851 = DIRECTION ( 'NONE',  ( 0.0000000000000000000, -1.000000000000000000, 0.0000000000000000000 ) ) ;
#9852 = ORIENTED_EDGE ( 'NONE', *, *, #9819, .F. ) ;
#9853 = AXIS2_PLACEMENT_3D ( 'NONE', #4359, #5343, #12281 ) ;
#9854 = ORIENTED_EDGE ( 'NONE', *, *, #7015, .T. ) ;
#9855 = LINE ( 'NONE', #1361, #2309 ) ;
#9856 = ADVANCED_FACE ( 'NONE', ( #6798 ), #6271, .F. ) ;
#9857 = FACE_OUTER_BOUND ( 'NONE', #7842, .T. ) ;
#9858 = EDGE_LOOP ( 'NONE', ( #1504, #9852, #6699, #2004 ) ) ;
#9859 = PRESENTATION_LAYER_ASSIGNMENT (  '', '', ( #8538 ) ) ;
#9860 = VERTEX_POINT ( 'NONE', #3359 ) ;
#9861 = VECTOR ( 'NONE', #2137, 1000.000000000000100 ) ;
#9862 = UNCERTAINTY_MEASURE_WITH_UNIT (LENGTH_MEASURE( 1.000000000000000100E-005 ), #7396, 'distance_accuracy_value', 'NONE');
#9863 = DIRECTION ( 'NONE',  ( 1.000000000000000000, 0.0000000000000000000, 0.0000000000000000000 ) ) ;
#9864 = CARTESIAN_POINT ( 'NONE',  ( 0.7850000000000010300, 0.4249999999999998200, 3.499999999999981300 ) ) ;
#9865 = PLANE ( 'NONE',  #1500 ) ;
#9866 = CARTESIAN_POINT ( 'NONE',  ( -5.099000000000001100, 1.100000000000000100, 1.225999999999999800 ) ) ;
#9867 = STYLED_ITEM ( 'NONE', ( #11518 ), #3503 ) ;
#9868 = VERTEX_POINT ( 'NONE', #5344 ) ;
#9869 = PRESENTATION_LAYER_ASSIGNMENT (  '', '', ( #8550 ) ) ;
#9870 = DIRECTION ( 'NONE',  ( -0.0000000000000000000, -1.000000000000000000, -0.0000000000000000000 ) ) ;
#9871 = ORIENTED_EDGE ( 'NONE', *, *, #11373, .F. ) ;
#9872 = DIRECTION ( 'NONE',  ( 1.000000000000000000, 0.0000000000000000000, -0.0000000000000000000 ) ) ;
#9873 = CARTESIAN_POINT ( 'NONE',  ( -0.7849999999999988100, -0.3750000000000001100, 1.749999999999996400 ) ) ;
#9874 = SURFACE_SIDE_STYLE ('',( #12337 ) ) ;
#9875 = ORIENTED_EDGE ( 'NONE', *, *, #5477, .F. ) ;
#9876 = DIRECTION ( 'NONE',  ( 0.0000000000000000000, -0.0000000000000000000, 1.000000000000000000 ) ) ;
#9877 = CARTESIAN_POINT ( 'NONE',  ( -0.7849999999999988100, 0.4249999999999998200, 0.6499999999999964700 ) ) ;
#9878 = ADVANCED_FACE ( 'NONE', ( #1566 ), #11261, .T. ) ;
#9879 = SURFACE_STYLE_USAGE ( .BOTH. , #3019 ) ;
#9880 = ORIENTED_EDGE ( 'NONE', *, *, #188, .F. ) ;
#9881 = ORIENTED_EDGE ( 'NONE', *, *, #12556, .F. ) ;
#9882 = FILL_AREA_STYLE ('',( #10782 ) ) ;
#9883 = ORIENTED_EDGE ( 'NONE', *, *, #11182, .F. ) ;
#9884 = COLOUR_RGB ( '',0.8000000000000000400, 0.8078431372549019800, 0.8000000000000000400 ) ;
#9885 = DIRECTION ( 'NONE',  ( -1.000000000000000000, 0.0000000000000000000, 4.371782953570583600E-016 ) ) ;
#9886 =( NAMED_UNIT ( * ) PLANE_ANGLE_UNIT ( ) SI_UNIT ( $, .RADIAN. ) );
#9887 = EDGE_LOOP ( 'NONE', ( #10536, #406, #2866, #10741 ) ) ;
#9888 = STYLED_ITEM ( 'NONE', ( #12432 ), #5158 ) ;
#9889 = CARTESIAN_POINT ( 'NONE',  ( 5.149000000000000900, -1.100000000000000100, -2.710505431213761100E-017 ) ) ;
#9890 = COLOUR_RGB ( '',0.8000000000000000400, 0.8078431372549019800, 0.8000000000000000400 ) ;
#9891 = FILL_AREA_STYLE ('',( #8910 ) ) ;
#9892 = ORIENTED_EDGE ( 'NONE', *, *, #2487, .T. ) ;
#9893 = FACE_BOUND ( 'NONE', #7965, .T. ) ;
#9894 = DIRECTION ( 'NONE',  ( 0.0000000000000000000, 1.000000000000000000, 0.0000000000000000000 ) ) ;
#9895 = FACE_OUTER_BOUND ( 'NONE', #9544, .T. ) ;
#9896 = EDGE_CURVE ( 'NONE', #11358, #2816, #5850, .T. ) ;
#9897 = PRESENTATION_STYLE_ASSIGNMENT (( #2527 ) ) ;
#9898 = MECHANICAL_DESIGN_GEOMETRIC_PRESENTATION_REPRESENTATION (  '', ( #7915 ), #10590 ) ;
#9899 = PLANE ( 'NONE',  #6152 ) ;
#9900 = EDGE_LOOP ( 'NONE', ( #12068, #7045, #11536, #4648 ) ) ;
#9901 = FACE_OUTER_BOUND ( 'NONE', #8253, .T. ) ;
#9902 = EDGE_CURVE ( 'NONE', #8187, #10795, #3266, .T. ) ;
#9903 = VERTEX_POINT ( 'NONE', #12322 ) ;
#9904 = PLANE ( 'NONE',  #12081 ) ;
#9905 = CARTESIAN_POINT ( 'NONE',  ( -1.050000000000000000, -1.100000000000000300, 0.2999999999999981000 ) ) ;
#9906 = EDGE_CURVE ( 'NONE', #926, #9126, #10812, .T. ) ;
#9907 = VECTOR ( 'NONE', #2434, 1000.000000000000000 ) ;
#9908 = PLANE ( 'NONE',  #8844 ) ;
#9909 = ORIENTED_EDGE ( 'NONE', *, *, #5058, .T. ) ;
#9910 = LINE ( 'NONE', #6075, #2066 ) ;
#9911 = EDGE_CURVE ( 'NONE', #3074, #5765, #636, .T. ) ;
#9912 = CARTESIAN_POINT ( 'NONE',  ( -2.964999999999999000, 3.000000000000000000, 0.4499999999999998400 ) ) ;
#9913 = AXIS2_PLACEMENT_3D ( 'NONE', #6251, #11160, #1356 ) ;
#9914 = SURFACE_SIDE_STYLE ('',( #7644 ) ) ;
#9915 = EDGE_LOOP ( 'NONE', ( #3315, #3560, #453, #5663 ) ) ;
#9916 = ADVANCED_FACE ( 'NONE', ( #5267 ), #12366, .T. ) ;
#9917 = CARTESIAN_POINT ( 'NONE',  ( 0.1999999999999987900, 2.600000000000000100, 0.2999999999999978800 ) ) ;
#9918 = LINE ( 'NONE', #6698, #12310 ) ;
#9919 = LINE ( 'NONE', #10822, #9312 ) ;
#9920 = VERTEX_POINT ( 'NONE', #3447 ) ;
#9921 = ORIENTED_EDGE ( 'NONE', *, *, #4312, .F. ) ;
#9922 = FACE_OUTER_BOUND ( 'NONE', #5336, .T. ) ;
#9923 = CARTESIAN_POINT ( 'NONE',  ( -5.645000000000000500, 1.200000000000000000, 1.529999999999999800 ) ) ;
#9924 = VERTEX_POINT ( 'NONE', #546 ) ;
#9925 = VECTOR ( 'NONE', #2760, 1000.000000000000000 ) ;
#9926 = CARTESIAN_POINT ( 'NONE',  ( 1.715000000000001200, 0.4249999999999998200, 3.999999999999993300 ) ) ;
#9927 = AXIS2_PLACEMENT_3D ( 'NONE', #10048, #7124, #1229 ) ;
#9928 = ORIENTED_EDGE ( 'NONE', *, *, #7286, .F. ) ;
#9929 = CARTESIAN_POINT ( 'NONE',  ( 1.715000000000001200, 0.2499999999999996700, 0.1799999999999966600 ) ) ;
#9930 = ORIENTED_EDGE ( 'NONE', *, *, #7426, .F. ) ;
#9931 = CARTESIAN_POINT ( 'NONE',  ( -5.645000000000000500, 1.200000000000000000, 1.275999999999999800 ) ) ;
#9932 = SURFACE_SIDE_STYLE ('',( #2840 ) ) ;
#9933 = DIRECTION ( 'NONE',  ( -3.252606517456510300E-016, 0.0000000000000000000, -1.000000000000000000 ) ) ;
#9934 = PRESENTATION_STYLE_ASSIGNMENT (( #6839 ) ) ;
#9935 = VECTOR ( 'NONE', #3295, 1000.000000000000000 ) ;
#9936 = ORIENTED_EDGE ( 'NONE', *, *, #3020, .T. ) ;
#9937 = AXIS2_PLACEMENT_3D ( 'NONE', #9780, #3911, #10805 ) ;
#9938 = DIRECTION ( 'NONE',  ( -1.000000000000000000, -0.0000000000000000000, -0.0000000000000000000 ) ) ;
#9939 = DIRECTION ( 'NONE',  ( 0.0000000000000000000, 1.000000000000000000, 0.0000000000000000000 ) ) ;
#9940 = ORIENTED_EDGE ( 'NONE', *, *, #5857, .T. ) ;
#9941 = ADVANCED_FACE ( 'NONE', ( #12245 ), #7425, .T. ) ;
#9942 = VECTOR ( 'NONE', #4170, 1000.000000000000000 ) ;
#9943 = VECTOR ( 'NONE', #1968, 1000.000000000000000 ) ;
#9944 = ORIENTED_EDGE ( 'NONE', *, *, #11513, .T. ) ;
#9945 = LINE ( 'NONE', #9, #2100 ) ;
#9946 = DIRECTION ( 'NONE',  ( 0.0000000000000000000, 0.0000000000000000000, 1.000000000000000000 ) ) ;
#9947 = ORIENTED_EDGE ( 'NONE', *, *, #2494, .F. ) ;
#9948 = DIRECTION ( 'NONE',  ( 0.0000000000000000000, 0.0000000000000000000, 1.000000000000000000 ) ) ;
#9949 =( LENGTH_UNIT ( ) NAMED_UNIT ( * ) SI_UNIT ( .MILLI., .METRE. ) );
#9950 = PLANE ( 'NONE',  #4798 ) ;
#9951 = ORIENTED_EDGE ( 'NONE', *, *, #8434, .F. ) ;
#9952 = CARTESIAN_POINT ( 'NONE',  ( 3.550000000000000300, 2.600000000000000100, 0.6499999999999973600 ) ) ;
#9953 = DIRECTION ( 'NONE',  ( -1.000000000000000000, -0.0000000000000000000, -1.875376730785737500E-016 ) ) ;
#9954 = FACE_OUTER_BOUND ( 'NONE', #519, .T. ) ;
#9955 = FACE_OUTER_BOUND ( 'NONE', #962, .T. ) ;
#9956 = LINE ( 'NONE', #3549, #7349 ) ;
#9957 = CARTESIAN_POINT ( 'NONE',  ( -4.125000000000000000, 2.600000000000000100, 0.2999999999999998200 ) ) ;
#9958 =( NAMED_UNIT ( * ) SI_UNIT ( $, .STERADIAN. ) SOLID_ANGLE_UNIT ( ) );
#9959 = CARTESIAN_POINT ( 'NONE',  ( 5.149000000000000900, -1.100000000000000100, 0.2540000000000000000 ) ) ;
#9960 = ORIENTED_EDGE ( 'NONE', *, *, #1080, .T. ) ;
#9961 = COLOUR_RGB ( '',0.8000000000000000400, 0.8078431372549019800, 0.8000000000000000400 ) ;
#9962 = EDGE_LOOP ( 'NONE', ( #7918, #8764, #3441, #12475, #2209, #11327 ) ) ;
#9963 = CARTESIAN_POINT ( 'NONE',  ( -5.149000000000000900, -1.100000000000000100, 0.3039999999999999400 ) ) ;
#9964 = FILL_AREA_STYLE_COLOUR ( '', #12769 ) ;
#9965 = VERTEX_POINT ( 'NONE', #9409 ) ;
#9966 = VERTEX_POINT ( 'NONE', #3536 ) ;
#9967 = DIRECTION ( 'NONE',  ( 0.1940285000290628800, -0.1455213750217966800, 0.9701425001453329900 ) ) ;
#9968 = AXIS2_PLACEMENT_3D ( 'NONE', #10566, #8507, #11579 ) ;
#9969 = CARTESIAN_POINT ( 'NONE',  ( 2.965000000000001600, -0.3750000000000001100, 0.6499999999999975800 ) ) ;
#9970 = LINE ( 'NONE', #2168, #12040 ) ;
#9971 = AXIS2_PLACEMENT_3D ( 'NONE', #9976, #4114, #10999 ) ;
#9972 = LINE ( 'NONE', #10858, #4458 ) ;
#9973 = LINE ( 'NONE', #8038, #7362 ) ;
#9974 = ORIENTED_EDGE ( 'NONE', *, *, #10056, .F. ) ;
#9975 = LINE ( 'NONE', #4918, #12362 ) ;
#9976 = CARTESIAN_POINT ( 'NONE',  ( -2.034999999999998800, 0.0000000000000000000, 3.499999999999982200 ) ) ;
#9977 = LINE ( 'NONE', #10364, #7366 ) ;
#9978 = ORIENTED_EDGE ( 'NONE', *, *, #7584, .F. ) ;
#9979 = DIRECTION ( 'NONE',  ( -1.000000000000000000, 0.0000000000000000000, 1.084202172485505400E-015 ) ) ;
#9980 = EDGE_CURVE ( 'NONE', #10326, #12622, #1716, .T. ) ;
#9981 = CARTESIAN_POINT ( 'NONE',  ( -6.325000000000000200, 0.9000000000000008000, -5.421010862427522200E-017 ) ) ;
#9982 = VERTEX_POINT ( 'NONE', #10413 ) ;
#9983 = VECTOR ( 'NONE', #4098, 1000.000000000000200 ) ;
#9984 = EDGE_CURVE ( 'NONE', #4438, #2765, #6932, .T. ) ;
#9985 = DIRECTION ( 'NONE',  ( 1.000000000000000000, 0.0000000000000000000, 0.0000000000000000000 ) ) ;
#9986 = VECTOR ( 'NONE', #1920, 1000.000000000000000 ) ;
#9987 = DIRECTION ( 'NONE',  ( 0.0000000000000000000, -1.000000000000000000, 1.355252715606881500E-016 ) ) ;
#9988 = LINE ( 'NONE', #7649, #2442 ) ;
#9989 = ORIENTED_EDGE ( 'NONE', *, *, #7676, .T. ) ;
#9990 = ORIENTED_EDGE ( 'NONE', *, *, #3090, .T. ) ;
#9991 = VECTOR ( 'NONE', #3639, 1000.000000000000000 ) ;
#9992 = ADVANCED_FACE ( 'NONE', ( #11925 ), #506, .F. ) ;
#9993 = EDGE_CURVE ( 'NONE', #5728, #8046, #1392, .T. ) ;
#9994 = ORIENTED_EDGE ( 'NONE', *, *, #10666, .T. ) ;
#9995 = ORIENTED_EDGE ( 'NONE', *, *, #4162, .F. ) ;
#9996 = EDGE_LOOP ( 'NONE', ( #6664, #1874, #6983, #3004 ) ) ;
#9997 = COLOUR_RGB ( '',0.8000000000000000400, 0.8078431372549019800, 0.8000000000000000400 ) ;
#9998 = ORIENTED_EDGE ( 'NONE', *, *, #8346, .F. ) ;
#9999 = EDGE_CURVE ( 'NONE', #8474, #10269, #4035, .T. ) ;
#10000 = CARTESIAN_POINT ( 'NONE',  ( -2.964999999999999000, 2.200000000000004200, 0.2999999999999988800 ) ) ;
#10001 = PLANE ( 'NONE',  #11323 ) ;
#10002 = PLANE ( 'NONE',  #8735 ) ;
#10003 = SURFACE_STYLE_FILL_AREA ( #2730 ) ;
#10004 = CARTESIAN_POINT ( 'NONE',  ( 1.250000000000000000, 3.700348711554623800E-017, 0.6499999999999983600 ) ) ;
#10005 = VECTOR ( 'NONE', #3224, 1000.000000000000000 ) ;
#10006 = ORIENTED_EDGE ( 'NONE', *, *, #9664, .T. ) ;
#10007 = FILL_AREA_STYLE_COLOUR ( '', #11521 ) ;
#10008 = ORIENTED_EDGE ( 'NONE', *, *, #10444, .T. ) ;
#10009 = CARTESIAN_POINT ( 'NONE',  ( -1.714999999999998100, -0.3750000000000003300, 0.04999999999999709500 ) ) ;
#10010 = EDGE_CURVE ( 'NONE', #6940, #10763, #11600, .T. ) ;
#10011 = FILL_AREA_STYLE ('',( #8026 ) ) ;
#10012 = DIRECTION ( 'NONE',  ( 0.0000000000000000000, 0.0000000000000000000, -1.000000000000000000 ) ) ;
#10013 = VECTOR ( 'NONE', #5367, 1000.000000000000000 ) ;
#10014 = PLANE ( 'NONE',  #6058 ) ;
#10015 = VECTOR ( 'NONE', #12011, 1000.000000000000000 ) ;
#10016 = UNCERTAINTY_MEASURE_WITH_UNIT (LENGTH_MEASURE( 1.000000000000000100E-005 ), #11707, 'distance_accuracy_value', 'NONE');
#10017 = DIRECTION ( 'NONE',  ( 0.0000000000000000000, 0.7071067811865439100, -0.7071067811865512400 ) ) ;
#10018 = AXIS2_PLACEMENT_3D ( 'NONE', #6214, #2050, #2090 ) ;
#10019 = ORIENTED_EDGE ( 'NONE', *, *, #10524, .T. ) ;
#10020 = VECTOR ( 'NONE', #11173, 1000.000000000000000 ) ;
#10021 = AXIS2_PLACEMENT_3D ( 'NONE', #3831, #7755, #1887 ) ;
#10022 = VECTOR ( 'NONE', #8195, 1000.000000000000000 ) ;
#10023 = FILL_AREA_STYLE_COLOUR ( '', #5184 ) ;
#10024 = CARTESIAN_POINT ( 'NONE',  ( 3.050000000000000300, -1.100000000000000100, 3.249999999999995100 ) ) ;
#10025 =( LENGTH_UNIT ( ) NAMED_UNIT ( * ) SI_UNIT ( .MILLI., .METRE. ) );
#10026 = DIRECTION ( 'NONE',  ( 0.0000000000000000000, -0.7071067811865439100, 0.7071067811865512400 ) ) ;
#10027 = ORIENTED_EDGE ( 'NONE', *, *, #4416, .F. ) ;
#10028 = VERTEX_POINT ( 'NONE', #2614 ) ;
#10029 = CARTESIAN_POINT ( 'NONE',  ( -0.4649999999999988600, -0.3750000000000001100, 0.6499999999999975800 ) ) ;
#10030 = LINE ( 'NONE', #12804, #9724 ) ;
#10031 = CARTESIAN_POINT ( 'NONE',  ( -2.034999999999998800, 2.999999999999999600, -1.761828530288944700E-016 ) ) ;
#10032 = CARTESIAN_POINT ( 'NONE',  ( -4.125000000000000000, 2.600000000000000100, 0.04999999999999980800 ) ) ;
#10033 = AXIS2_PLACEMENT_3D ( 'NONE', #4230, #11134, #5211 ) ;
#10034 = ORIENTED_EDGE ( 'NONE', *, *, #988, .F. ) ;
#10035 = CARTESIAN_POINT ( 'NONE',  ( 5.825000000000002000, 1.399999999999998600, 2.200000000000000200 ) ) ;
#10036 = ORIENTED_EDGE ( 'NONE', *, *, #2585, .F. ) ;
#10037 = EDGE_LOOP ( 'NONE', ( #11188, #10570, #2254, #3832 ) ) ;
#10038 =( NAMED_UNIT ( * ) PLANE_ANGLE_UNIT ( ) SI_UNIT ( $, .RADIAN. ) );
#10039 = DIRECTION ( 'NONE',  ( 0.0000000000000000000, 0.0000000000000000000, -1.000000000000000000 ) ) ;
#10040 = SURFACE_STYLE_USAGE ( .BOTH. , #3182 ) ;
#10041 = MECHANICAL_DESIGN_GEOMETRIC_PRESENTATION_REPRESENTATION (  '', ( #8061 ), #10728 ) ;
#10042 = CARTESIAN_POINT ( 'NONE',  ( 0.6850000000000011600, -0.2500000000000006700, 3.999999999999993300 ) ) ;
#10043 = CARTESIAN_POINT ( 'NONE',  ( -0.4649999999999988600, 2.500000000000000000, -1.084202172485504400E-016 ) ) ;
#10044 = DIRECTION ( 'NONE',  ( 0.0000000000000000000, 0.0000000000000000000, -1.000000000000000000 ) ) ;
#10045 = ORIENTED_EDGE ( 'NONE', *, *, #9267, .F. ) ;
#10046 = SURFACE_STYLE_FILL_AREA ( #558 ) ;
#10047 = LINE ( 'NONE', #1085, #2187 ) ;
#10048 = CARTESIAN_POINT ( 'NONE',  ( -5.865000000000000200, -1.100000000000000100, 0.0000000000000000000 ) ) ;
#10049 = VERTEX_POINT ( 'NONE', #1635 ) ;
#10050 = VECTOR ( 'NONE', #8615, 1000.000000000000000 ) ;
#10051 = CARTESIAN_POINT ( 'NONE',  ( 5.825000000000002000, 1.399999999999998600, 4.699999999999997500 ) ) ;
#10052 = ADVANCED_FACE ( 'NONE', ( #6323 ), #3616, .T. ) ;
#10053 = DIRECTION ( 'NONE',  ( -1.000000000000000000, 0.0000000000000000000, -2.304851557154561000E-017 ) ) ;
#10054 = VERTEX_POINT ( 'NONE', #6536 ) ;
#10055 = CARTESIAN_POINT ( 'NONE',  ( 6.325000000000000200, -0.9000000000000000200, 0.2539999999999999500 ) ) ;
#10056 = EDGE_CURVE ( 'NONE', #1302, #12224, #11283, .T. ) ;
#10057 = ORIENTED_EDGE ( 'NONE', *, *, #10346, .T. ) ;
#10058 = LINE ( 'NONE', #6535, #2523 ) ;
#10059 = CARTESIAN_POINT ( 'NONE',  ( -4.624999999999999100, 1.200000000000000000, 0.2999999999999999900 ) ) ;
#10060 = DIRECTION ( 'NONE',  ( 0.0000000000000000000, 0.0000000000000000000, 1.000000000000000000 ) ) ;
#10061 = VECTOR ( 'NONE', #2957, 1000.000000000000000 ) ;
#10062 = LINE ( 'NONE', #3360, #5150 ) ;
#10063 = AXIS2_PLACEMENT_3D ( 'NONE', #225, #4213, #11111 ) ;
#10064 = CARTESIAN_POINT ( 'NONE',  ( 0.4650000000000010200, 3.100000000000000100, 0.09999999999999947800 ) ) ;
#10065 = EDGE_CURVE ( 'NONE', #11081, #1130, #1074, .T. ) ;
#10066 = PRESENTATION_STYLE_ASSIGNMENT (( #7793 ) ) ;
#10067 = ADVANCED_FACE ( 'NONE', ( #10964 ), #8534, .F. ) ;
#10068 = DIRECTION ( 'NONE',  ( 0.0000000000000000000, -1.000000000000000000, 0.0000000000000000000 ) ) ;
#10069 = EDGE_CURVE ( 'NONE', #4295, #6030, #8309, .T. ) ;
#10070 = VERTEX_POINT ( 'NONE', #11561 ) ;
#10071 =( GEOMETRIC_REPRESENTATION_CONTEXT ( 3 ) GLOBAL_UNCERTAINTY_ASSIGNED_CONTEXT ( ( #8095 ) ) GLOBAL_UNIT_ASSIGNED_CONTEXT ( ( #10768, #4855, #11791 ) ) REPRESENTATION_CONTEXT ( 'NONE', 'WORKASPACE' ) );
#10072 = DIRECTION ( 'NONE',  ( 0.1904761904761871300, 0.2380952380952350300, 0.9523809523809537700 ) ) ;
#10073 = PRESENTATION_STYLE_ASSIGNMENT (( #9160 ) ) ;
#10074 = EDGE_LOOP ( 'NONE', ( #12766, #2450, #26, #11620, #11753, #12272, #10459, #11209, #4846, #7997, #9944, #11872 ) ) ;
#10075 = VECTOR ( 'NONE', #109, 1000.000000000000000 ) ;
#10076 = ORIENTED_EDGE ( 'NONE', *, *, #6709, .F. ) ;
#10077 = VECTOR ( 'NONE', #3935, 1000.000000000000000 ) ;
#10078 = EDGE_CURVE ( 'NONE', #11636, #5537, #772, .T. ) ;
#10079 = DIRECTION ( 'NONE',  ( 0.0000000000000000000, 1.000000000000000000, 0.0000000000000000000 ) ) ;
#10080 = PLANE ( 'NONE',  #10063 ) ;
#10081 = CARTESIAN_POINT ( 'NONE',  ( 5.825000000000002000, 1.399999999999998600, 4.699999999999997500 ) ) ;
#10082 = STYLED_ITEM ( 'NONE', ( #5082 ), #10720 ) ;
#10083 = ORIENTED_EDGE ( 'NONE', *, *, #4894, .T. ) ;
#10084 = DIRECTION ( 'NONE',  ( 0.0000000000000000000, 0.0000000000000000000, 1.000000000000000000 ) ) ;
#10085 = DIRECTION ( 'NONE',  ( 0.0000000000000000000, 0.0000000000000000000, -1.000000000000000000 ) ) ;
#10086 = EDGE_CURVE ( 'NONE', #6030, #2531, #5706, .T. ) ;
#10087 = UNCERTAINTY_MEASURE_WITH_UNIT (LENGTH_MEASURE( 1.000000000000000100E-005 ), #2034, 'distance_accuracy_value', 'NONE');
#10088 = VECTOR ( 'NONE', #3668, 1000.000000000000000 ) ;
#10089 = EDGE_LOOP ( 'NONE', ( #2421, #2942, #2851, #8610 ) ) ;
#10090 = COLOUR_RGB ( '',0.8000000000000000400, 0.8078431372549019800, 0.8000000000000000400 ) ;
#10091 = VECTOR ( 'NONE', #8340, 1000.000000000000000 ) ;
#10092 = EDGE_CURVE ( 'NONE', #10655, #10633, #10647, .T. ) ;
#10093 = EDGE_LOOP ( 'NONE', ( #7702, #12523, #7516, #4326 ) ) ;
#10094 = DIRECTION ( 'NONE',  ( 0.0000000000000000000, 0.0000000000000000000, 1.000000000000000000 ) ) ;
#10095 = CARTESIAN_POINT ( 'NONE',  ( 0.7850000000000010300, 0.3499999999999997000, 3.999999999999993300 ) ) ;
#10096 = EDGE_LOOP ( 'NONE', ( #3368, #9883, #4862, #624, #10675 ) ) ;
#10097 =( GEOMETRIC_REPRESENTATION_CONTEXT ( 3 ) GLOBAL_UNCERTAINTY_ASSIGNED_CONTEXT ( ( #11628 ) ) GLOBAL_UNIT_ASSIGNED_CONTEXT ( ( #4999, #11950, #5972 ) ) REPRESENTATION_CONTEXT ( 'NONE', 'WORKASPACE' ) );
#10098 = PLANE ( 'NONE',  #11291 ) ;
#10099 = ORIENTED_EDGE ( 'NONE', *, *, #7747, .T. ) ;
#10100 = ORIENTED_EDGE ( 'NONE', *, *, #3677, .T. ) ;
#10101 = CARTESIAN_POINT ( 'NONE',  ( -4.024999999999999500, -0.6999999999999988500, 4.399999999999992400 ) ) ;
#10102 =( NAMED_UNIT ( * ) PLANE_ANGLE_UNIT ( ) SI_UNIT ( $, .RADIAN. ) );
#10103 = DIRECTION ( 'NONE',  ( 0.0000000000000000000, -1.000000000000000000, -2.032879073410321300E-016 ) ) ;
#10104 = SURFACE_STYLE_USAGE ( .BOTH. , #3241 ) ;
#10105 = VECTOR ( 'NONE', #4189, 1000.000000000000000 ) ;
#10106 = MECHANICAL_DESIGN_GEOMETRIC_PRESENTATION_REPRESENTATION (  '', ( #8121 ), #10792 ) ;
#10107 = EDGE_LOOP ( 'NONE', ( #680, #10433, #8888, #6601 ) ) ;
#10108 = COLOUR_RGB ( '',0.8000000000000000400, 0.8078431372549019800, 0.8000000000000000400 ) ;
#10109 = ORIENTED_EDGE ( 'NONE', *, *, #8828, .T. ) ;
#10110 = ORIENTED_EDGE ( 'NONE', *, *, #5873, .T. ) ;
#10111 = ORIENTED_EDGE ( 'NONE', *, *, #4728, .T. ) ;
#10112 = PLANE ( 'NONE',  #5116 ) ;
#10113 =( LENGTH_UNIT ( ) NAMED_UNIT ( * ) SI_UNIT ( .MILLI., .METRE. ) );
#10114 = SURFACE_STYLE_USAGE ( .BOTH. , #9914 ) ;
#10115 = ORIENTED_EDGE ( 'NONE', *, *, #675, .T. ) ;
#10116 = AXIS2_PLACEMENT_3D ( 'NONE', #7370, #8311, #9350 ) ;
#10117 = FACE_OUTER_BOUND ( 'NONE', #5190, .T. ) ;
#10118 = DIRECTION ( 'NONE',  ( 0.0000000000000000000, 1.000000000000000000, -1.204669080539448900E-016 ) ) ;
#10119 = COLOUR_RGB ( '',0.8000000000000000400, 0.8078431372549019800, 0.8000000000000000400 ) ;
#10120 = CARTESIAN_POINT ( 'NONE',  ( 0.7850000000000010300, 3.100000000000000100, 0.3499999999999989800 ) ) ;
#10121 = ORIENTED_EDGE ( 'NONE', *, *, #2751, .F. ) ;
#10122 = DIRECTION ( 'NONE',  ( 0.0000000000000000000, 0.0000000000000000000, 1.000000000000000000 ) ) ;
#10123 = ADVANCED_FACE ( 'NONE', ( #2781 ), #11606, .T. ) ;
#10124 = ORIENTED_EDGE ( 'NONE', *, *, #10078, .F. ) ;
#10125 = EDGE_LOOP ( 'NONE', ( #6278, #12499, #11986, #756 ) ) ;
#10126 = VERTEX_POINT ( 'NONE', #10589 ) ;
#10127 = COLOUR_RGB ( '',0.8000000000000000400, 0.8078431372549019800, 0.8000000000000000400 ) ;
#10128 = DIRECTION ( 'NONE',  ( 0.0000000000000000000, 0.0000000000000000000, 1.000000000000000000 ) ) ;
#10129 = CARTESIAN_POINT ( 'NONE',  ( 2.965000000000001600, 3.100000000000000100, 0.3499999999999989800 ) ) ;
#10130 = SURFACE_STYLE_FILL_AREA ( #10200 ) ;
#10131 = CARTESIAN_POINT ( 'NONE',  ( -3.284999999999998800, -0.3750000000000001100, 0.6499999999999985800 ) ) ;
#10132 = ORIENTED_EDGE ( 'NONE', *, *, #9761, .F. ) ;
#10133 = DIRECTION ( 'NONE',  ( 0.0000000000000000000, 1.000000000000000000, 4.336808689942013800E-015 ) ) ;
#10134 = ORIENTED_EDGE ( 'NONE', *, *, #2312, .F. ) ;
#10135 = DIRECTION ( 'NONE',  ( 0.0000000000000000000, 0.0000000000000000000, 1.000000000000000000 ) ) ;
#10136 = FACE_OUTER_BOUND ( 'NONE', #3036, .T. ) ;
#10137 = ORIENTED_EDGE ( 'NONE', *, *, #2665, .T. ) ;
#10138 = ADVANCED_FACE ( 'NONE', ( #10327 ), #7626, .T. ) ;
#10139 = VECTOR ( 'NONE', #5893, 1000.000000000000000 ) ;
#10140 = FILL_AREA_STYLE_COLOUR ( '', #11459 ) ;
#10141 =( NAMED_UNIT ( * ) SI_UNIT ( $, .STERADIAN. ) SOLID_ANGLE_UNIT ( ) );
#10142 = VECTOR ( 'NONE', #2287, 1000.000000000000000 ) ;
#10143 =( LENGTH_UNIT ( ) NAMED_UNIT ( * ) SI_UNIT ( .MILLI., .METRE. ) );
#10145 = LINE ( 'NONE', #5848, #9823 ) ;
#10144 = PLANE ( 'NONE',  #2423 ) ;
#10146 = ORIENTED_EDGE ( 'NONE', *, *, #10516, .F. ) ;
#10147 = SURFACE_STYLE_USAGE ( .BOTH. , #3280 ) ;
#10148 = DIRECTION ( 'NONE',  ( 0.0000000000000000000, -1.000000000000000000, 0.0000000000000000000 ) ) ;
#10149 = DIRECTION ( 'NONE',  ( -1.000000000000000000, -0.0000000000000000000, -0.0000000000000000000 ) ) ;
#10150 = VERTEX_POINT ( 'NONE', #5635 ) ;
#10151 = VERTEX_POINT ( 'NONE', #8654 ) ;
#10152 =( NAMED_UNIT ( * ) PLANE_ANGLE_UNIT ( ) SI_UNIT ( $, .RADIAN. ) );
#10153 = DIRECTION ( 'NONE',  ( 3.771137991253931500E-016, 0.0000000000000000000, 1.000000000000000000 ) ) ;
#10154 = VECTOR ( 'NONE', #11618, 1000.000000000000000 ) ;
#10155 = EDGE_CURVE ( 'NONE', #8952, #4232, #6787, .T. ) ;
#10156 = FILL_AREA_STYLE_COLOUR ( '', #10119 ) ;
#10157 = ORIENTED_EDGE ( 'NONE', *, *, #8420, .F. ) ;
#10158 = VERTEX_POINT ( 'NONE', #9666 ) ;
#10159 = COLOUR_RGB ( '',0.8000000000000000400, 0.8078431372549019800, 0.8000000000000000400 ) ;
#10160 = AXIS2_PLACEMENT_3D ( 'NONE', #4994, #11943, #5968 ) ;
#10161 =( NAMED_UNIT ( * ) PLANE_ANGLE_UNIT ( ) SI_UNIT ( $, .RADIAN. ) );
#10162 = VERTEX_POINT ( 'NONE', #4770 ) ;
#10163 = VERTEX_POINT ( 'NONE', #11692 ) ;
#10164 = LINE ( 'NONE', #8746, #2292 ) ;
#10165 = EDGE_CURVE ( 'NONE', #5665, #10820, #11759, .T. ) ;
#10166 = PRODUCT_DEFINITION_CONTEXT ( 'detailed design', #5188, 'design' ) ;
#10167 = CARTESIAN_POINT ( 'NONE',  ( 4.845000000000000600, 1.100000000000000100, 0.3039999999999999400 ) ) ;
#10168 = VECTOR ( 'NONE', #9332, 1000.000000000000000 ) ;
#10169 = EDGE_CURVE ( 'NONE', #7804, #6474, #4491, .T. ) ;
#10170 = UNCERTAINTY_MEASURE_WITH_UNIT (LENGTH_MEASURE( 1.000000000000000100E-005 ), #12711, 'distance_accuracy_value', 'NONE');
#10171 = DIRECTION ( 'NONE',  ( 0.0000000000000000000, -1.000000000000000000, 0.0000000000000000000 ) ) ;
#10172 = ORIENTED_EDGE ( 'NONE', *, *, #9333, .F. ) ;
#10173 = FILL_AREA_STYLE ('',( #9184 ) ) ;
#10174 = EDGE_CURVE ( 'NONE', #8368, #11394, #1554, .T. ) ;
#10175 =( LENGTH_UNIT ( ) NAMED_UNIT ( * ) SI_UNIT ( .MILLI., .METRE. ) );
#10176 = EDGE_CURVE ( 'NONE', #397, #11081, #1853, .T. ) ;
#10177 = VECTOR ( 'NONE', #6528, 1000.000000000000000 ) ;
#10178 = CARTESIAN_POINT ( 'NONE',  ( -4.625000000000000900, 2.600000000000000100, 0.2999999999999999900 ) ) ;
#10179 = AXIS2_PLACEMENT_3D ( 'NONE', #6987, #139, #7029 ) ;
#10180 = LINE ( 'NONE', #1125, #11 ) ;
#10181 = ORIENTED_EDGE ( 'NONE', *, *, #1248, .F. ) ;
#10182 = AXIS2_PLACEMENT_3D ( 'NONE', #6714, #806, #7677 ) ;
#10183 = CARTESIAN_POINT ( 'NONE',  ( 3.285000000000001500, 2.350000000000003600, 0.6499999999999985800 ) ) ;
#10184 = EDGE_LOOP ( 'NONE', ( #3395, #8481, #11944, #3270 ) ) ;
#10185 = LINE ( 'NONE', #10993, #9861 ) ;
#10186 = CARTESIAN_POINT ( 'NONE',  ( -1.714999999999999000, -0.1500000000000003000, 0.1799999999999965800 ) ) ;
#10187 = EDGE_CURVE ( 'NONE', #2986, #5939, #6477, .T. ) ;
#10188 = CARTESIAN_POINT ( 'NONE',  ( -2.649999999999999500, -1.100000000000000100, 4.699999999999995700 ) ) ;
#10189 = DIRECTION ( 'NONE',  ( -2.344220913482171700E-016, 1.000000000000000000, 0.0000000000000000000 ) ) ;
#10190 = ADVANCED_FACE ( 'NONE', ( #3563 ), #12746, .T. ) ;
#10191 = CARTESIAN_POINT ( 'NONE',  ( -0.7849999999999988100, -0.3750000000000005000, 3.499999999999982200 ) ) ;
#10192 = DIRECTION ( 'NONE',  ( 0.0000000000000000000, -1.000000000000000000, 0.0000000000000000000 ) ) ;
#10193 = PLANE ( 'NONE',  #11063 ) ;
#10194 = DIRECTION ( 'NONE',  ( 0.0000000000000000000, -0.7071067811865454600, -0.7071067811865495700 ) ) ;
#10195 = AXIS2_PLACEMENT_3D ( 'NONE', #5501, #7259, #3144 ) ;
#10196 = VERTEX_POINT ( 'NONE', #7707 ) ;
#10197 = ORIENTED_EDGE ( 'NONE', *, *, #3827, .T. ) ;
#10198 = DIRECTION ( 'NONE',  ( 0.0000000000000000000, 0.7071067811865453500, -0.7071067811865496800 ) ) ;
#10199 = ORIENTED_EDGE ( 'NONE', *, *, #84, .T. ) ;
#10200 = FILL_AREA_STYLE ('',( #6181 ) ) ;
#10201 = ADVANCED_FACE ( 'NONE', ( #3864 ), #878, .T. ) ;
#10202 = CARTESIAN_POINT ( 'NONE',  ( 2.035000000000001000, 2.549999999999999800, 0.4499999999999999000 ) ) ;
#10203 = ORIENTED_EDGE ( 'NONE', *, *, #8918, .T. ) ;
#10204 = DIRECTION ( 'NONE',  ( -1.000000000000000000, 0.0000000000000000000, 0.0000000000000000000 ) ) ;
#10205 = ORIENTED_EDGE ( 'NONE', *, *, #11460, .F. ) ;
#10206 = AXIS2_PLACEMENT_3D ( 'NONE', #169, #344, #437 ) ;
#10207 = ORIENTED_EDGE ( 'NONE', *, *, #2919, .T. ) ;
#10208 = VECTOR ( 'NONE', #6431, 1000.000000000000000 ) ;
#10209 = CARTESIAN_POINT ( 'NONE',  ( 4.625000000000000900, -1.100000000000000100, 2.400000000000000400 ) ) ;
#10210 = DIRECTION ( 'NONE',  ( -0.0000000000000000000, 1.000000000000000000, -0.0000000000000000000 ) ) ;
#10211 = STYLED_ITEM ( 'NONE', ( #2619 ), #10250 ) ;
#10212 = CARTESIAN_POINT ( 'NONE',  ( -2.649999999999999500, -1.000000000000000000, 4.699999999999995700 ) ) ;
#10213 = LINE ( 'NONE', #4628, #12588 ) ;
#10214 = ORIENTED_EDGE ( 'NONE', *, *, #11885, .F. ) ;
#10215 =( LENGTH_UNIT ( ) NAMED_UNIT ( * ) SI_UNIT ( .MILLI., .METRE. ) );
#10216 = ORIENTED_EDGE ( 'NONE', *, *, #9597, .F. ) ;
#10217 = CARTESIAN_POINT ( 'NONE',  ( 5.099000000000000200, 1.200000000000000000, 0.2999999999999999900 ) ) ;
#10218 = LINE ( 'NONE', #4766, #2355 ) ;
#10219 = DIRECTION ( 'NONE',  ( 0.0000000000000000000, -1.000000000000000000, -2.032879073410321300E-016 ) ) ;
#10220 = FACE_OUTER_BOUND ( 'NONE', #388, .T. ) ;
#10221 = VECTOR ( 'NONE', #8928, 1000.000000000000000 ) ;
#10222 = AXIS2_PLACEMENT_3D ( 'NONE', #7278, #4378, #11277 ) ;
#10223 = AXIS2_PLACEMENT_3D ( 'NONE', #4787, #11717, #5766 ) ;
#10224 = DIRECTION ( 'NONE',  ( 0.0000000000000000000, 2.032879073410321300E-016, -1.000000000000000000 ) ) ;
#10225 = PLANE ( 'NONE',  #2947 ) ;
#10226 = DIRECTION ( 'NONE',  ( 0.0000000000000000000, 0.0000000000000000000, -1.000000000000000000 ) ) ;
#10227 = EDGE_LOOP ( 'NONE', ( #9116, #12653, #7656, #5858 ) ) ;
#10228 = DIRECTION ( 'NONE',  ( 1.000000000000000000, 0.0000000000000000000, 0.0000000000000000000 ) ) ;
#10229 = VECTOR ( 'NONE', #7343, 1000.000000000000000 ) ;
#10230 = EDGE_CURVE ( 'NONE', #3186, #10326, #5250, .T. ) ;
#10231 = ORIENTED_EDGE ( 'NONE', *, *, #6274, .F. ) ;
#10232 = PLANE ( 'NONE',  #9853 ) ;
#10233 = COLOUR_RGB ( '',0.9803921568627450600, 0.9803921568627450600, 0.8235294117647058400 ) ;
#10234 = DIRECTION ( 'NONE',  ( 0.7071067811865468000, -0.7071067811865483500, 0.0000000000000000000 ) ) ;
#10235 = DIRECTION ( 'NONE',  ( 0.0000000000000000000, 0.0000000000000000000, 1.000000000000000000 ) ) ;
#10236 = ORIENTED_EDGE ( 'NONE', *, *, #6086, .T. ) ;
#10237 = EDGE_CURVE ( 'NONE', #10158, #5551, #12855, .T. ) ;
#10238 = CARTESIAN_POINT ( 'NONE',  ( 2.035000000000001000, 0.0000000000000000000, 0.0000000000000000000 ) ) ;
#10239 = DIRECTION ( 'NONE',  ( 0.0000000000000000000, -4.336808689942014600E-015, 1.000000000000000000 ) ) ;
#10240 = EDGE_LOOP ( 'NONE', ( #9238, #1745, #3601, #3950 ) ) ;
#10241 = EDGE_CURVE ( 'NONE', #4909, #3846, #10164, .T. ) ;
#10242 = VECTOR ( 'NONE', #8646, 1000.000000000000000 ) ;
#10243 = VECTOR ( 'NONE', #7805, 1000.000000000000000 ) ;
#10244 = VERTEX_POINT ( 'NONE', #5863 ) ;
#10245 = LINE ( 'NONE', #12101, #7609 ) ;
#10246 = LINE ( 'NONE', #12632, #2376 ) ;
#10247 = CARTESIAN_POINT ( 'NONE',  ( 0.7850000000000010300, -0.1500000000000003300, 0.2999999999999965500 ) ) ;
#10248 = EDGE_LOOP ( 'NONE', ( #5576, #1535, #4534, #9221 ) ) ;
#10249 = EDGE_CURVE ( 'NONE', #6425, #10613, #4928, .T. ) ;
#10250 = ADVANCED_FACE ( 'NONE', ( #9844 ), #8833, .T. ) ;
#10251 = UNCERTAINTY_MEASURE_WITH_UNIT (LENGTH_MEASURE( 1.000000000000000100E-005 ), #4518, 'distance_accuracy_value', 'NONE');
#10252 = CARTESIAN_POINT ( 'NONE',  ( 3.550000000000000300, 2.600000000000000100, 0.6499999999999973600 ) ) ;
#10253 = CARTESIAN_POINT ( 'NONE',  ( 0.0000000000000000000, 0.0000000000000000000, 1.699999999999989700 ) ) ;
#10254 = ORIENTED_EDGE ( 'NONE', *, *, #6874, .F. ) ;
#10255 = VECTOR ( 'NONE', #5760, 1000.000000000000000 ) ;
#10256 = DIRECTION ( 'NONE',  ( -1.000000000000000000, 0.0000000000000000000, 3.971436529250929000E-016 ) ) ;
#10257 = AXIS2_PLACEMENT_3D ( 'NONE', #3851, #10735, #4832 ) ;
#10258 = VERTEX_POINT ( 'NONE', #9829 ) ;
#10259 = DIRECTION ( 'NONE',  ( 0.0000000000000000000, 0.0000000000000000000, -1.000000000000000000 ) ) ;
#10260 = EDGE_CURVE ( 'NONE', #6669, #10896, #6494, .T. ) ;
#10261 = ORIENTED_EDGE ( 'NONE', *, *, #3243, .T. ) ;
#10262 = FILL_AREA_STYLE_COLOUR ( '', #10159 ) ;
#10263 = VECTOR ( 'NONE', #2541, 1000.000000000000000 ) ;
#10264 = ADVANCED_FACE ( 'NONE', ( #3883 ), #5941, .F. ) ;
#10265 = VECTOR ( 'NONE', #4898, 1000.000000000000000 ) ;
#10266 = EDGE_CURVE ( 'NONE', #10258, #12450, #6158, .T. ) ;
#10267 = CARTESIAN_POINT ( 'NONE',  ( -3.284999999999998800, -0.3750000000000005000, 3.499999999999982200 ) ) ;
#10268 =( NAMED_UNIT ( * ) PLANE_ANGLE_UNIT ( ) SI_UNIT ( $, .RADIAN. ) );
#10269 = VERTEX_POINT ( 'NONE', #7927 ) ;
#10270 =( LENGTH_UNIT ( ) NAMED_UNIT ( * ) SI_UNIT ( .MILLI., .METRE. ) );
#10271 = DIRECTION ( 'NONE',  ( 0.0000000000000000000, 0.7071067811865439100, -0.7071067811865512400 ) ) ;
#10272 = VERTEX_POINT ( 'NONE', #2038 ) ;
#10273 = PLANE ( 'NONE',  #11996 ) ;
#10274 =( LENGTH_UNIT ( ) NAMED_UNIT ( * ) SI_UNIT ( .MILLI., .METRE. ) );
#10275 = ORIENTED_EDGE ( 'NONE', *, *, #2067, .F. ) ;
#10276 =( NAMED_UNIT ( * ) SI_UNIT ( $, .STERADIAN. ) SOLID_ANGLE_UNIT ( ) );
#10277 = PLANE ( 'NONE',  #2643 ) ;
#10278 = AXIS2_PLACEMENT_3D ( 'NONE', #3575, #10456, #4562 ) ;
#10279 = FACE_OUTER_BOUND ( 'NONE', #11739, .T. ) ;
#10280 = CLOSED_SHELL ( 'NONE', ( #7717, #6654, #9242, #11145, #12438, #2169, #2777, #5372, #11891, #7945, #6316, #1020, #11467, #1224, #7917, #8825, #1562, #7043, #12066, #10339, #10320, #8625, #6980, #4084 ) ) ;
#10281 = ORIENTED_EDGE ( 'NONE', *, *, #2578, .F. ) ;
#10282 = FACE_OUTER_BOUND ( 'NONE', #7658, .T. ) ;
#10283 = ORIENTED_EDGE ( 'NONE', *, *, #9164, .T. ) ;
#10284 = PLANE ( 'NONE',  #1077 ) ;
#10285 = SURFACE_SIDE_STYLE ('',( #3043 ) ) ;
#10286 = ORIENTED_EDGE ( 'NONE', *, *, #6373, .T. ) ;
#10287 = CARTESIAN_POINT ( 'NONE',  ( -5.149000000000000900, -1.100000000000000100, 1.226000000000000000 ) ) ;
#10288 = DIRECTION ( 'NONE',  ( -1.000000000000000000, -0.0000000000000000000, -0.0000000000000000000 ) ) ;
#10289 = CARTESIAN_POINT ( 'NONE',  ( 3.285000000000001500, -0.3750000000000001100, 0.6499999999999975800 ) ) ;
#10290 = ORIENTED_EDGE ( 'NONE', *, *, #675, .F. ) ;
#10291 = FACE_OUTER_BOUND ( 'NONE', #2260, .T. ) ;
#10292 = PRESENTATION_LAYER_ASSIGNMENT (  '', '', ( #8958 ) ) ;
#10293 = FACE_OUTER_BOUND ( 'NONE', #5289, .T. ) ;
#10294 = FACE_OUTER_BOUND ( 'NONE', #7898, .T. ) ;
#10295 = VERTEX_POINT ( 'NONE', #9905 ) ;
#10296 = CARTESIAN_POINT ( 'NONE',  ( 0.7850000000000010300, 2.200000000000004200, 0.2999999999999988800 ) ) ;
#10297 = VERTEX_POINT ( 'NONE', #4050 ) ;
#10298 = ORIENTED_EDGE ( 'NONE', *, *, #349, .F. ) ;
#10299 = CARTESIAN_POINT ( 'NONE',  ( -4.624999999999999100, 2.600000000000000100, 4.699999999999995700 ) ) ;
#10300 = FACE_OUTER_BOUND ( 'NONE', #4349, .T. ) ;
#10301 = ORIENTED_EDGE ( 'NONE', *, *, #9263, .F. ) ;
#10302 =( GEOMETRIC_REPRESENTATION_CONTEXT ( 3 ) GLOBAL_UNCERTAINTY_ASSIGNED_CONTEXT ( ( #7266 ) ) GLOBAL_UNIT_ASSIGNED_CONTEXT ( ( #6036, #153, #7041 ) ) REPRESENTATION_CONTEXT ( 'NONE', 'WORKASPACE' ) );
#10303 = VECTOR ( 'NONE', #2917, 1000.000000000000000 ) ;
#10304 =( LENGTH_UNIT ( ) NAMED_UNIT ( * ) SI_UNIT ( .MILLI., .METRE. ) );
#10305 = PLANE ( 'NONE',  #2835 ) ;
#10306 = FACE_OUTER_BOUND ( 'NONE', #99, .T. ) ;
#10307 = DIRECTION ( 'NONE',  ( 0.0000000000000000000, -1.000000000000000000, -1.294569758191649100E-016 ) ) ;
#10308 = VERTEX_POINT ( 'NONE', #1050 ) ;
#10309 = ORIENTED_EDGE ( 'NONE', *, *, #682, .F. ) ;
#10310 = LINE ( 'NONE', #6568, #9991 ) ;
#10311 = ORIENTED_EDGE ( 'NONE', *, *, #1829, .F. ) ;
#10312 = VERTEX_POINT ( 'NONE', #5013 ) ;
#10313 = ORIENTED_EDGE ( 'NONE', *, *, #7602, .F. ) ;
#10314 =( NAMED_UNIT ( * ) PLANE_ANGLE_UNIT ( ) SI_UNIT ( $, .RADIAN. ) );
#10315 = LINE ( 'NONE', #9534, #7673 ) ;
#10316 = PLANE ( 'NONE',  #10881 ) ;
#10317 = ORIENTED_EDGE ( 'NONE', *, *, #2411, .T. ) ;
#10318 = EDGE_CURVE ( 'NONE', #6358, #11422, #8781, .T. ) ;
#10319 = DIRECTION ( 'NONE',  ( -1.000000000000000000, -0.0000000000000000000, -0.0000000000000000000 ) ) ;
#10320 = ADVANCED_FACE ( 'NONE', ( #8468 ), #11962, .F. ) ;
#10321 = CARTESIAN_POINT ( 'NONE',  ( -1.050000000000000900, 2.600000000000000100, 0.6499999999999980200 ) ) ;
#10322 = FACE_OUTER_BOUND ( 'NONE', #4779, .T. ) ;
#10323 = LINE ( 'NONE', #681, #5084 ) ;
#10324 = MECHANICAL_DESIGN_GEOMETRIC_PRESENTATION_REPRESENTATION (  '', ( #8326 ), #11001 ) ;
#10325 =( NAMED_UNIT ( * ) PLANE_ANGLE_UNIT ( ) SI_UNIT ( $, .RADIAN. ) );
#10326 = VERTEX_POINT ( 'NONE', #9864 ) ;
#10327 = FACE_OUTER_BOUND ( 'NONE', #9319, .T. ) ;
#10328 = ORIENTED_EDGE ( 'NONE', *, *, #4394, .T. ) ;
#10329 = ORIENTED_EDGE ( 'NONE', *, *, #7822, .T. ) ;
#10330 = DIRECTION ( 'NONE',  ( 6.776263578034385000E-016, 1.000000000000000000, -0.0000000000000000000 ) ) ;
#10331 = EDGE_CURVE ( 'NONE', #1978, #1969, #10180, .T. ) ;
#10332 = DIRECTION ( 'NONE',  ( 0.0000000000000000000, -1.000000000000000000, 0.0000000000000000000 ) ) ;
#10333 =( NAMED_UNIT ( * ) SI_UNIT ( $, .STERADIAN. ) SOLID_ANGLE_UNIT ( ) );
#10334 = DIRECTION ( 'NONE',  ( -0.5773502691896246200, 0.5773502691896247300, -0.5773502691896280600 ) ) ;
#10336 = LINE ( 'NONE', #3306, #7685 ) ;
#10335 = DIRECTION ( 'NONE',  ( 1.000000000000000000, 0.0000000000000000000, -3.047487187526822800E-016 ) ) ;
#10337 = CIRCLE ( 'NONE', #11616, 0.3040000000000004400 ) ;
#10338 = EDGE_CURVE ( 'NONE', #1130, #3487, #2632, .T. ) ;
#10339 = ADVANCED_FACE ( 'NONE', ( #9857 ), #10001, .F. ) ;
#10340 = DIRECTION ( 'NONE',  ( 0.0000000000000000000, -0.0000000000000000000, 1.000000000000000000 ) ) ;
#10341 = VERTEX_POINT ( 'NONE', #8012 ) ;
#10342 = LINE ( 'NONE', #7175, #12401 ) ;
#10343 =( LENGTH_UNIT ( ) NAMED_UNIT ( * ) SI_UNIT ( .MILLI., .METRE. ) );
#10344 = AXIS2_PLACEMENT_3D ( 'NONE', #12220, #1353, #8220 ) ;
#10345 = LINE ( 'NONE', #12333, #7696 ) ;
#10346 = EDGE_CURVE ( 'NONE', #2714, #397, #11608, .T. ) ;
#10347 = ORIENTED_EDGE ( 'NONE', *, *, #4876, .F. ) ;
#10348 = CARTESIAN_POINT ( 'NONE',  ( -2.299999999999999800, -1.100000000000000300, 0.6499999999999983600 ) ) ;
#10349 = VECTOR ( 'NONE', #1176, 1000.000000000000000 ) ;
#10350 = EDGE_CURVE ( 'NONE', #4611, #699, #1394, .T. ) ;
#10351 = DIRECTION ( 'NONE',  ( 0.0000000000000000000, -1.000000000000000000, -1.141265444721583800E-016 ) ) ;
#10352 = ORIENTED_EDGE ( 'NONE', *, *, #12210, .F. ) ;
#10353 = EDGE_LOOP ( 'NONE', ( #4311, #12410, #1656, #10943 ) ) ;
#10354 = VECTOR ( 'NONE', #9759, 1000.000000000000200 ) ;
#10355 =( NAMED_UNIT ( * ) SI_UNIT ( $, .STERADIAN. ) SOLID_ANGLE_UNIT ( ) );
#10356 = MECHANICAL_DESIGN_GEOMETRIC_PRESENTATION_REPRESENTATION (  '', ( #9021 ), #11031 ) ;
#10357 = DIRECTION ( 'NONE',  ( -0.0000000000000000000, 1.000000000000000000, -0.0000000000000000000 ) ) ;
#10358 = ORIENTED_EDGE ( 'NONE', *, *, #11129, .F. ) ;
#10359 = DIRECTION ( 'NONE',  ( 0.5773502691896288400, 0.5773502691896242900, 0.5773502691896241800 ) ) ;
#10360 =( LENGTH_UNIT ( ) NAMED_UNIT ( * ) SI_UNIT ( .MILLI., .METRE. ) );
#10361 = EDGE_LOOP ( 'NONE', ( #941, #1049, #7367, #10507 ) ) ;
#10362 = EDGE_LOOP ( 'NONE', ( #7625, #9376, #12430, #7646, #9049, #10057 ) ) ;
#10363 = VECTOR ( 'NONE', #7530, 1000.000000000000000 ) ;
#10364 = CARTESIAN_POINT ( 'NONE',  ( -3.284999999999998800, -0.6250000000000003300, 0.2999999999999964900 ) ) ;
#10365 = UNCERTAINTY_MEASURE_WITH_UNIT (LENGTH_MEASURE( 1.000000000000000100E-005 ), #1378, 'distance_accuracy_value', 'NONE');
#10366 = DIRECTION ( 'NONE',  ( 0.0000000000000000000, -1.204669080539448900E-016, -1.000000000000000000 ) ) ;
#10367 = EDGE_LOOP ( 'NONE', ( #2017, #6457, #12126, #5944 ) ) ;
#10368 = CARTESIAN_POINT ( 'NONE',  ( 5.099000000000000200, -0.8799999999999986700, 1.275999999999999600 ) ) ;
#10369 = CARTESIAN_POINT ( 'NONE',  ( -5.149000000000000900, 1.100000000000000100, 0.2540000000000000000 ) ) ;
#10370 = PRESENTATION_LAYER_ASSIGNMENT (  '', '', ( #9040 ) ) ;
#10371 = ORIENTED_EDGE ( 'NONE', *, *, #2001, .T. ) ;
#10372 = VECTOR ( 'NONE', #2443, 1000.000000000000000 ) ;
#10373 = FACE_OUTER_BOUND ( 'NONE', #10799, .T. ) ;
#10374 = VERTEX_POINT ( 'NONE', #8093 ) ;
#10375 = DIRECTION ( 'NONE',  ( -1.000000000000000000, -0.0000000000000000000, -0.0000000000000000000 ) ) ;
#10376 = PRESENTATION_STYLE_ASSIGNMENT (( #3340 ) ) ;
#10377 = LINE ( 'NONE', #10591, #4829 ) ;
#10378 = PLANE ( 'NONE',  #4441 ) ;
#10379 = DIRECTION ( 'NONE',  ( 0.0000000000000000000, 0.7071067811865431300, -0.7071067811865519000 ) ) ;
#10380 = DIRECTION ( 'NONE',  ( -0.0000000000000000000, 0.0000000000000000000, 1.000000000000000000 ) ) ;
#10381 = ORIENTED_EDGE ( 'NONE', *, *, #9745, .T. ) ;
#10382 = SURFACE_STYLE_FILL_AREA ( #10173 ) ;
#10383 = DIRECTION ( 'NONE',  ( 0.0000000000000000000, 1.294569758191649100E-016, -1.000000000000000000 ) ) ;
#10384 = DIRECTION ( 'NONE',  ( 0.0000000000000000000, -0.7071067811865496800, -0.7071067811865453500 ) ) ;
#10385 = DIRECTION ( 'NONE',  ( -0.0000000000000000000, -1.000000000000000000, -0.0000000000000000000 ) ) ;
#10386 = LINE ( 'NONE', #446, #7731 ) ;
#10387 = VERTEX_POINT ( 'NONE', #12094 ) ;
#10388 = COLOUR_RGB ( '',0.8000000000000000400, 0.8078431372549019800, 0.8000000000000000400 ) ;
#10389 = ADVANCED_FACE ( 'NONE', ( #8941, #11289, #8616, #1079, #5995, #3721, #3416 ), #2197, .F. ) ;
#10390 = VERTEX_POINT ( 'NONE', #11065 ) ;
#10391 = LINE ( 'NONE', #1958, #10061 ) ;
#10392 = LINE ( 'NONE', #1320, #7736 ) ;
#10393 = CARTESIAN_POINT ( 'NONE',  ( -2.964999999999999000, 2.200000000000004200, 0.2999999999999988800 ) ) ;
#10394 =( NAMED_UNIT ( * ) SI_UNIT ( $, .STERADIAN. ) SOLID_ANGLE_UNIT ( ) );
#10395 = VECTOR ( 'NONE', #8748, 1000.000000000000000 ) ;
#10396 = FILL_AREA_STYLE_COLOUR ( '', #3747 ) ;
#10397 =( LENGTH_UNIT ( ) NAMED_UNIT ( * ) SI_UNIT ( .MILLI., .METRE. ) );
#10398 = DIRECTION ( 'NONE',  ( 0.0000000000000000000, 1.000000000000000000, 1.141265444721583800E-016 ) ) ;
#10399 = DIRECTION ( 'NONE',  ( 0.0000000000000000000, -1.000000000000000000, -2.032879073410321300E-016 ) ) ;
#10400 = EDGE_LOOP ( 'NONE', ( #914, #1390, #5331, #5192 ) ) ;
#10401 = VECTOR ( 'NONE', #2056, 1000.000000000000000 ) ;
#10402 = VERTEX_POINT ( 'NONE', #5189 ) ;
#10403 = LINE ( 'NONE', #9796, #2855 ) ;
#10404 = MECHANICAL_DESIGN_GEOMETRIC_PRESENTATION_REPRESENTATION (  '', ( #8392 ), #11086 ) ;
#10405 = ADVANCED_FACE ( 'NONE', ( #478 ), #6154, .T. ) ;
#10406 = DIRECTION ( 'NONE',  ( -1.000000000000000000, 0.0000000000000000000, 0.0000000000000000000 ) ) ;
#10407 = PLANE ( 'NONE',  #470 ) ;
#10408 = VERTEX_POINT ( 'NONE', #11118 ) ;
#10410 = DIRECTION ( 'NONE',  ( 0.0000000000000000000, 0.0000000000000000000, 1.000000000000000000 ) ) ;
#10409 = CARTESIAN_POINT ( 'NONE',  ( 3.285000000000001500, 0.2499999999999996700, 0.2999999999999966000 ) ) ;
#10411 = UNCERTAINTY_MEASURE_WITH_UNIT (LENGTH_MEASURE( 1.000000000000000100E-005 ), #7121, 'distance_accuracy_value', 'NONE');
#10412 = EDGE_CURVE ( 'NONE', #2812, #981, #776, .T. ) ;
#10413 = CARTESIAN_POINT ( 'NONE',  ( 2.650000000000000400, -0.9999999999999991100, 4.699999999999995700 ) ) ;
#10414 =( NAMED_UNIT ( * ) SI_UNIT ( $, .STERADIAN. ) SOLID_ANGLE_UNIT ( ) );
#10415 = COLOUR_RGB ( '',0.8000000000000000400, 0.8078431372549019800, 0.8000000000000000400 ) ;
#10416 = LINE ( 'NONE', #10563, #10088 ) ;
#10417 = EDGE_LOOP ( 'NONE', ( #2445, #5868, #1197, #589 ) ) ;
#10418 = VECTOR ( 'NONE', #10898, 1000.000000000000000 ) ;
#10419 = LINE ( 'NONE', #7400, #10091 ) ;
#10420 = EDGE_CURVE ( 'NONE', #3127, #4510, #3109, .T. ) ;
#10421 = VERTEX_POINT ( 'NONE', #3268 ) ;
#10422 = VERTEX_POINT ( 'NONE', #5242 ) ;
#10423 = DIRECTION ( 'NONE',  ( 0.0000000000000000000, 0.0000000000000000000, -1.000000000000000000 ) ) ;
#10424 = EDGE_CURVE ( 'NONE', #5390, #3466, #2788, .T. ) ;
#10425 = CIRCLE ( 'NONE', #7294, 0.04999999999999969700 ) ;
#10426 = PRESENTATION_STYLE_ASSIGNMENT (( #12075 ) ) ;
#10427 = PLANE ( 'NONE',  #3396 ) ;
#10428 = EDGE_CURVE ( 'NONE', #7026, #3489, #8004, .T. ) ;
#10429 = EDGE_LOOP ( 'NONE', ( #6635, #851, #267, #6820 ) ) ;
#10430 = EDGE_CURVE ( 'NONE', #9722, #3680, #10336, .T. ) ;
#10431 =( NAMED_UNIT ( * ) SI_UNIT ( $, .STERADIAN. ) SOLID_ANGLE_UNIT ( ) );
#10432 = ORIENTED_EDGE ( 'NONE', *, *, #10187, .T. ) ;
#10433 = ORIENTED_EDGE ( 'NONE', *, *, #7439, .T. ) ;
#10434 = DIRECTION ( 'NONE',  ( 0.0000000000000000000, -1.000000000000000000, 0.0000000000000000000 ) ) ;
#10435 = CARTESIAN_POINT ( 'NONE',  ( 3.285000000000002400, -0.3750000000000003300, 0.04999999999999709500 ) ) ;
#10436 = COLOUR_RGB ( '',0.8000000000000000400, 0.8078431372549019800, 0.8000000000000000400 ) ;
#10437 = PLANE ( 'NONE',  #5272 ) ;
#10438 = AXIS2_PLACEMENT_3D ( 'NONE', #6417, #9335, #11356 ) ;
#10439 = LINE ( 'NONE', #10615, #582 ) ;
#10440 = VERTEX_POINT ( 'NONE', #11199 ) ;
#10441 = VECTOR ( 'NONE', #4412, 1000.000000000000000 ) ;
#10442 = DIRECTION ( 'NONE',  ( 0.0000000000000000000, -1.000000000000000000, 0.0000000000000000000 ) ) ;
#10443 = LINE ( 'NONE', #9249, #7788 ) ;
#10444 = EDGE_CURVE ( 'NONE', #7713, #5884, #2463, .T. ) ;
#10445 = ORIENTED_EDGE ( 'NONE', *, *, #8752, .T. ) ;
#10446 = ORIENTED_EDGE ( 'NONE', *, *, #430, .F. ) ;
#10447 =( GEOMETRIC_REPRESENTATION_CONTEXT ( 3 ) GLOBAL_UNCERTAINTY_ASSIGNED_CONTEXT ( ( #9180 ) ) GLOBAL_UNIT_ASSIGNED_CONTEXT ( ( #10143, #10161, #10333 ) ) REPRESENTATION_CONTEXT ( 'NONE', 'WORKASPACE' ) );
#10448 = FACE_OUTER_BOUND ( 'NONE', #12836, .T. ) ;
#10449 =( NAMED_UNIT ( * ) PLANE_ANGLE_UNIT ( ) SI_UNIT ( $, .RADIAN. ) );
#10451 = FACE_OUTER_BOUND ( 'NONE', #12277, .T. ) ;
#10450 = CARTESIAN_POINT ( 'NONE',  ( -1.714999999999999000, -0.6250000000000003300, 0.2999999999999964900 ) ) ;
#10452 = AXIS2_PLACEMENT_3D ( 'NONE', #1178, #8063, #2164 ) ;
#10453 = ADVANCED_FACE ( 'NONE', ( #10650 ), #5286, .T. ) ;
#10454 = FACE_OUTER_BOUND ( 'NONE', #9730, .T. ) ;
#10455 = ORIENTED_EDGE ( 'NONE', *, *, #10587, .F. ) ;
#10456 = DIRECTION ( 'NONE',  ( 0.0000000000000000000, -0.7071067811865510100, -0.7071067811865441300 ) ) ;
#10457 = DIRECTION ( 'NONE',  ( 0.0000000000000000000, -1.000000000000000000, 0.0000000000000000000 ) ) ;
#10458 = DIRECTION ( 'NONE',  ( 0.0000000000000000000, 1.000000000000000000, 0.0000000000000000000 ) ) ;
#10459 = ORIENTED_EDGE ( 'NONE', *, *, #105, .F. ) ;
#10460 = LINE ( 'NONE', #3838, #7808 ) ;
#10461 = CARTESIAN_POINT ( 'NONE',  ( -4.324999999999999300, 0.09999999999999982500, 1.749999999999996400 ) ) ;
#10462 = LINE ( 'NONE', #7773, #7507 ) ;
#10463 = CARTESIAN_POINT ( 'NONE',  ( 1.715000000000001200, -0.1500000000000003000, 0.1799999999999965800 ) ) ;
#10464 = DIRECTION ( 'NONE',  ( 0.0000000000000000000, 0.0000000000000000000, -1.000000000000000000 ) ) ;
#10465 = ORIENTED_EDGE ( 'NONE', *, *, #2651, .F. ) ;
#10466 = ORIENTED_EDGE ( 'NONE', *, *, #8003, .F. ) ;
#10467 = CARTESIAN_POINT ( 'NONE',  ( -2.964999999999999000, -0.1500000000000003300, 0.2999999999999965500 ) ) ;
#10468 = CARTESIAN_POINT ( 'NONE',  ( 3.049999999999999800, -0.6999999999999992900, 2.099999999999996100 ) ) ;
#10469 = CARTESIAN_POINT ( 'NONE',  ( -6.325000000000000200, -0.9000000000000000200, 0.2539999999999999500 ) ) ;
#10470 = VERTEX_POINT ( 'NONE', #2332 ) ;
#10471 = ORIENTED_EDGE ( 'NONE', *, *, #3071, .F. ) ;
#10472 = ADVANCED_FACE ( 'NONE', ( #5091 ), #8184, .F. ) ;
#10473 =( NAMED_UNIT ( * ) SI_UNIT ( $, .STERADIAN. ) SOLID_ANGLE_UNIT ( ) );
#10474 = AXIS2_PLACEMENT_3D ( 'NONE', #6493, #2569, #9457 ) ;
#10475 = FACE_OUTER_BOUND ( 'NONE', #11168, .T. ) ;
#10476 = ORIENTED_EDGE ( 'NONE', *, *, #12385, .F. ) ;
#10477 = DIRECTION ( 'NONE',  ( -0.0000000000000000000, 0.0000000000000000000, 1.000000000000000000 ) ) ;
#10478 = CARTESIAN_POINT ( 'NONE',  ( 1.715000000000001200, -0.6250000000000003300, 0.2999999999999964900 ) ) ;
#10479 = ORIENTED_EDGE ( 'NONE', *, *, #9271, .T. ) ;
#10480 = VECTOR ( 'NONE', #407, 1000.000000000000100 ) ;
#10481 = DIRECTION ( 'NONE',  ( -1.000000000000000000, 0.0000000000000000000, 0.0000000000000000000 ) ) ;
#10482 = ORIENTED_EDGE ( 'NONE', *, *, #775, .F. ) ;
#10483 = ORIENTED_EDGE ( 'NONE', *, *, #5052, .T. ) ;
#10484 = CARTESIAN_POINT ( 'NONE',  ( 3.285000000000001500, -0.6250000000000003300, 0.2999999999999964900 ) ) ;
#10485 = STYLED_ITEM ( 'NONE', ( #7481 ), #4146 ) ;
#10486 = DIRECTION ( 'NONE',  ( 0.0000000000000000000, -0.7071067811865431300, 0.7071067811865520100 ) ) ;
#10487 = VECTOR ( 'NONE', #7381, 1000.000000000000000 ) ;
#10488 = CARTESIAN_POINT ( 'NONE',  ( 0.4650000000000010200, 0.4249999999999998200, 3.499999999999981300 ) ) ;
#10489 = PLANE ( 'NONE',  #5068 ) ;
#10490 = VECTOR ( 'NONE', #2553, 1000.000000000000000 ) ;
#10491 = EDGE_CURVE ( 'NONE', #4909, #638, #7394, .T. ) ;
#10492 = ORIENTED_EDGE ( 'NONE', *, *, #12521, .T. ) ;
#10493 = SURFACE_STYLE_FILL_AREA ( #7387 ) ;
#10494 = EDGE_CURVE ( 'NONE', #5859, #11610, #4786, .T. ) ;
#10495 = SURFACE_SIDE_STYLE ('',( #1857 ) ) ;
#10496 = FACE_OUTER_BOUND ( 'NONE', #8774, .T. ) ;
#10497 = VERTEX_POINT ( 'NONE', #8268 ) ;
#10498 = FILL_AREA_STYLE_COLOUR ( '', #7136 ) ;
#10499 = DIRECTION ( 'NONE',  ( 0.0000000000000000000, -1.000000000000000000, 0.0000000000000000000 ) ) ;
#10500 = AXIS2_PLACEMENT_3D ( 'NONE', #1474, #577, #7452 ) ;
#10501 = CARTESIAN_POINT ( 'NONE',  ( 6.325000000000000200, 0.9000000000000008000, 0.2539999999999999500 ) ) ;
#10502 = EDGE_CURVE ( 'NONE', #7445, #8959, #7079, .T. ) ;
#10503 = EDGE_CURVE ( 'NONE', #3858, #4067, #2149, .T. ) ;
#10504 = CARTESIAN_POINT ( 'NONE',  ( -0.4649999999999988600, -0.3750000000000005000, 3.499999999999986700 ) ) ;
#10505 = COLOUR_RGB ( '',0.8000000000000000400, 0.8078431372549019800, 0.8000000000000000400 ) ;
#10506 = VERTEX_POINT ( 'NONE', #9275 ) ;
#10507 = ORIENTED_EDGE ( 'NONE', *, *, #5154, .F. ) ;
#10508 = VERTEX_POINT ( 'NONE', #11286 ) ;
#10509 = VECTOR ( 'NONE', #12015, 1000.000000000000000 ) ;
#10510 = DIRECTION ( 'NONE',  ( 0.0000000000000000000, 0.0000000000000000000, -1.000000000000000000 ) ) ;
#10511 = EDGE_CURVE ( 'NONE', #3758, #2874, #9396, .T. ) ;
#10512 = DIRECTION ( 'NONE',  ( 0.0000000000000000000, 0.0000000000000000000, -1.000000000000000000 ) ) ;
#10513 =( GEOMETRIC_REPRESENTATION_CONTEXT ( 3 ) GLOBAL_UNCERTAINTY_ASSIGNED_CONTEXT ( ( #1002 ) ) GLOBAL_UNIT_ASSIGNED_CONTEXT ( ( #1226, #8104, #2201 ) ) REPRESENTATION_CONTEXT ( 'NONE', 'WORKASPACE' ) );
#10514 = CARTESIAN_POINT ( 'NONE',  ( 5.099000000000001100, 1.100000000000000100, 1.225999999999999800 ) ) ;
#10515 = SURFACE_SIDE_STYLE ('',( #4443 ) ) ;
#10516 = EDGE_CURVE ( 'NONE', #2577, #2911, #1859, .T. ) ;
#10517 = CARTESIAN_POINT ( 'NONE',  ( -4.624999999999999100, 2.299999999999999800, 1.749999999999996400 ) ) ;
#10518 = LINE ( 'NONE', #3970, #7868 ) ;
#10519 = FILL_AREA_STYLE ('',( #5568 ) ) ;
#10520 = EDGE_LOOP ( 'NONE', ( #9047, #10913, #1265, #3113 ) ) ;
#10521 = STYLED_ITEM ( 'NONE', ( #10941 ), #10869 ) ;
#10522 = VERTEX_POINT ( 'NONE', #2413 ) ;
#10523 = SURFACE_STYLE_FILL_AREA ( #9593 ) ;
#10524 = EDGE_CURVE ( 'NONE', #9425, #10693, #11762, .T. ) ;
#10525 = ORIENTED_EDGE ( 'NONE', *, *, #10, .F. ) ;
#10526 = CARTESIAN_POINT ( 'NONE',  ( -0.4649999999999988600, 0.2499999999999996700, 0.1799999999999966600 ) ) ;
#10527 = CARTESIAN_POINT ( 'NONE',  ( 4.625000000000000900, 2.600000000000000100, 4.699999999999997500 ) ) ;
#10528 = EDGE_LOOP ( 'NONE', ( #8236, #347, #3198, #12417 ) ) ;
#10529 = DIRECTION ( 'NONE',  ( 0.0000000000000000000, -1.000000000000000000, 0.0000000000000000000 ) ) ;
#10530 = EDGE_CURVE ( 'NONE', #4672, #9762, #1561, .T. ) ;
#10531 =( LENGTH_UNIT ( ) NAMED_UNIT ( * ) SI_UNIT ( .MILLI., .METRE. ) );
#10532 = ORIENTED_EDGE ( 'NONE', *, *, #8841, .F. ) ;
#10533 = AXIS2_PLACEMENT_3D ( 'NONE', #9135, #3256, #10118 ) ;
#10534 = VECTOR ( 'NONE', #11524, 1000.000000000000000 ) ;
#10535 = EDGE_LOOP ( 'NONE', ( #2020, #10281, #3534, #6330 ) ) ;
#10536 = ORIENTED_EDGE ( 'NONE', *, *, #5139, .T. ) ;
#10537 = DIRECTION ( 'NONE',  ( 0.0000000000000000000, 1.141265444721583800E-016, -1.000000000000000000 ) ) ;
#10538 = CARTESIAN_POINT ( 'NONE',  ( 3.285000000000001500, -0.3750000000000001100, 0.6499999999999975800 ) ) ;
#10539 = LINE ( 'NONE', #5441, #10208 ) ;
#10540 = ADVANCED_FACE ( 'NONE', ( #3870 ), #10305, .T. ) ;
#10541 = PRESENTATION_LAYER_ASSIGNMENT (  '', '', ( #9211 ) ) ;
#10542 = AXIS2_PLACEMENT_3D ( 'NONE', #6021, #8860, #8129 ) ;
#10543 = DIRECTION ( 'NONE',  ( 0.0000000000000000000, -1.000000000000000000, 0.0000000000000000000 ) ) ;
#10544 = LINE ( 'NONE', #8517, #5612 ) ;
#10545 = ORIENTED_EDGE ( 'NONE', *, *, #2067, .T. ) ;
#10546 = LINE ( 'NONE', #6700, #7579 ) ;
#10547 = CARTESIAN_POINT ( 'NONE',  ( -1.814999999999998600, 0.3499999999999997000, 3.999999999999993300 ) ) ;
#10548 = SURFACE_STYLE_FILL_AREA ( #4129 ) ;
#10549 = DIRECTION ( 'NONE',  ( -1.000000000000000000, 0.0000000000000000000, 3.047487187526822800E-016 ) ) ;
#10550 = VECTOR ( 'NONE', #2479, 1000.000000000000000 ) ;
#10551 = CARTESIAN_POINT ( 'NONE',  ( -5.149000000000000900, 1.100000000000000100, 1.226000000000000000 ) ) ;
#10552 = LINE ( 'NONE', #4005, #2995 ) ;
#10553 = SURFACE_SIDE_STYLE ('',( #140 ) ) ;
#10554 = MECHANICAL_DESIGN_GEOMETRIC_PRESENTATION_REPRESENTATION (  '', ( #8538 ), #11229 ) ;
#10555 =( NAMED_UNIT ( * ) SI_UNIT ( $, .STERADIAN. ) SOLID_ANGLE_UNIT ( ) );
#10556 = DIRECTION ( 'NONE',  ( 0.0000000000000000000, -1.204669080539448900E-016, -1.000000000000000000 ) ) ;
#10557 = ORIENTED_EDGE ( 'NONE', *, *, #8677, .F. ) ;
#10558 = CARTESIAN_POINT ( 'NONE',  ( 2.035000000000001000, 3.100000000000000100, 0.09999999999999947800 ) ) ;
#10559 = PLANE ( 'NONE',  #10963 ) ;
#10560 = DIRECTION ( 'NONE',  ( -0.0000000000000000000, 1.000000000000000000, -0.0000000000000000000 ) ) ;
#10561 = ORIENTED_EDGE ( 'NONE', *, *, #10420, .T. ) ;
#10562 = LINE ( 'NONE', #5709, #10878 ) ;
#10563 = CARTESIAN_POINT ( 'NONE',  ( -4.625000000000000900, -1.100000000000000100, 0.2999999999999999900 ) ) ;
#10564 = CARTESIAN_POINT ( 'NONE',  ( 1.715000000000001200, 3.100000000000000100, 0.3499999999999989800 ) ) ;
#10565 = AXIS2_PLACEMENT_3D ( 'NONE', #2756, #9631, #3753 ) ;
#10566 = CARTESIAN_POINT ( 'NONE',  ( 3.285000000000002400, 0.4249999999999998200, 0.04999999999999709500 ) ) ;
#10567 = MECHANICAL_DESIGN_GEOMETRIC_PRESENTATION_REPRESENTATION (  '', ( #8550 ), #11242 ) ;
#10568 = CARTESIAN_POINT ( 'NONE',  ( 1.732006802721089100, -0.3537414965986414600, 3.585034013605424200 ) ) ;
#10569 = EDGE_LOOP ( 'NONE', ( #4379, #3956, #9147, #2048, #4616 ) ) ;
#10570 = ORIENTED_EDGE ( 'NONE', *, *, #255, .F. ) ;
#10571 = ORIENTED_EDGE ( 'NONE', *, *, #7819, .F. ) ;
#10572 = EDGE_LOOP ( 'NONE', ( #9206, #10973, #12343, #252 ) ) ;
#10573 = VECTOR ( 'NONE', #6117, 1000.000000000000000 ) ;
#10574 = LINE ( 'NONE', #732, #12160 ) ;
#10575 = EDGE_CURVE ( 'NONE', #2577, #1412, #5562, .T. ) ;
#10576 = ORIENTED_EDGE ( 'NONE', *, *, #11854, .T. ) ;
#10577 = CARTESIAN_POINT ( 'NONE',  ( 4.024999999999995900, -0.6999999999999988500, 1.749999999999996400 ) ) ;
#10578 = UNCERTAINTY_MEASURE_WITH_UNIT (LENGTH_MEASURE( 1.000000000000000100E-005 ), #2288, 'distance_accuracy_value', 'NONE');
#10579 = MANIFOLD_SOLID_BREP ( 'Линейный массив4[1]', #2998 ) ;
#10580 = AXIS2_PLACEMENT_3D ( 'NONE', #10551, #4644, #8535 ) ;
#10581 = VECTOR ( 'NONE', #3351, 1000.000000000000000 ) ;
#10582 = VERTEX_POINT ( 'NONE', #8389 ) ;
#10583 = LINE ( 'NONE', #6757, #2715 ) ;
#10584 = DIRECTION ( 'NONE',  ( 1.000000000000000000, 0.0000000000000000000, 0.0000000000000000000 ) ) ;
#10585 = ORIENTED_EDGE ( 'NONE', *, *, #6796, .F. ) ;
#10586 = CARTESIAN_POINT ( 'NONE',  ( -4.125000000000000000, -0.4000000000000006300, 0.2999999999999998200 ) ) ;
#10587 = EDGE_CURVE ( 'NONE', #4448, #12361, #9550, .T. ) ;
#10588 = DIRECTION ( 'NONE',  ( -1.000000000000000000, 0.0000000000000000000, 3.252606517456510300E-016 ) ) ;
#10589 = CARTESIAN_POINT ( 'NONE',  ( 0.4650000000000010200, 3.100000000000000100, 0.3499999999999989800 ) ) ;
#10590 =( GEOMETRIC_REPRESENTATION_CONTEXT ( 3 ) GLOBAL_UNCERTAINTY_ASSIGNED_CONTEXT ( ( #8811 ) ) GLOBAL_UNIT_ASSIGNED_CONTEXT ( ( #8239, #2356, #9259 ) ) REPRESENTATION_CONTEXT ( 'NONE', 'WORKASPACE' ) );
#10591 = CARTESIAN_POINT ( 'NONE',  ( 5.645000000000000500, 1.200000000000000000, 1.275999999999999800 ) ) ;
#10592 = DIRECTION ( 'NONE',  ( 1.000000000000000000, 0.0000000000000000000, 0.0000000000000000000 ) ) ;
#10593 = LINE ( 'NONE', #1740, #92 ) ;
#10594 = EDGE_CURVE ( 'NONE', #6569, #9187, #12238, .T. ) ;
#10595 = LINE ( 'NONE', #5832, #5355 ) ;
#10596 = VECTOR ( 'NONE', #4911, 1000.000000000000000 ) ;
#10597 = VECTOR ( 'NONE', #8292, 1000.000000000000000 ) ;
#10598 = EDGE_LOOP ( 'NONE', ( #1582, #3048, #1156, #6691 ) ) ;
#10599 = CARTESIAN_POINT ( 'NONE',  ( -1.714999999999999000, 2.999999999999999600, -1.761828530288944700E-016 ) ) ;
#10600 = DIRECTION ( 'NONE',  ( -0.0000000000000000000, 1.000000000000000000, 0.0000000000000000000 ) ) ;
#10601 = EDGE_CURVE ( 'NONE', #207, #9839, #4334, .T. ) ;
#10602 = DIRECTION ( 'NONE',  ( -1.000000000000000000, 0.0000000000000000000, 0.0000000000000000000 ) ) ;
#10603 = ADVANCED_FACE ( 'NONE', ( #6631 ), #3565, .T. ) ;
#10604 = PLANE ( 'NONE',  #10565 ) ;
#10605 = SURFACE_STYLE_USAGE ( .BOTH. , #3718 ) ;
#10606 = DIRECTION ( 'NONE',  ( 0.0000000000000000000, -0.7071067811865439100, 0.7071067811865512400 ) ) ;
#10607 = CYLINDRICAL_SURFACE ( 'NONE', #10438, 0.05000000000000002400 ) ;
#10608 = EDGE_CURVE ( 'NONE', #5086, #9599, #5701, .T. ) ;
#10609 = ORIENTED_EDGE ( 'NONE', *, *, #6626, .T. ) ;
#10610 = EDGE_LOOP ( 'NONE', ( #11302, #11192, #5246, #10673 ) ) ;
#10611 = PRESENTATION_LAYER_ASSIGNMENT (  '', '', ( #9276 ) ) ;
#10612 = LINE ( 'NONE', #7140, #3061 ) ;
#10613 = VERTEX_POINT ( 'NONE', #6565 ) ;
#10614 = ORIENTED_EDGE ( 'NONE', *, *, #12451, .T. ) ;
#10615 = CARTESIAN_POINT ( 'NONE',  ( 5.099000000000001100, 1.100000000000000100, 0.3039999999999999400 ) ) ;
#10616 = CARTESIAN_POINT ( 'NONE',  ( 4.405666666666663300, -0.1866666666666674500, 1.213333333333326700 ) ) ;
#10617 = VERTEX_POINT ( 'NONE', #10488 ) ;
#10618 = VECTOR ( 'NONE', #12584, 1000.000000000000000 ) ;
#10619 = STYLED_ITEM ( 'NONE', ( #6871 ), #11861 ) ;
#10620 =( LENGTH_UNIT ( ) NAMED_UNIT ( * ) SI_UNIT ( .MILLI., .METRE. ) );
#10621 = LINE ( 'NONE', #3117, #5376 ) ;
#10622 =( NAMED_UNIT ( * ) PLANE_ANGLE_UNIT ( ) SI_UNIT ( $, .RADIAN. ) );
#10623 = ORIENTED_EDGE ( 'NONE', *, *, #9513, .T. ) ;
#10624 = ORIENTED_EDGE ( 'NONE', *, *, #3431, .T. ) ;
#10625 = AXIS2_PLACEMENT_3D ( 'NONE', #8372, #1793, #12249 ) ;
#10626 = VERTEX_POINT ( 'NONE', #11504 ) ;
#10627 = PLANE ( 'NONE',  #9449 ) ;
#10628 = FACE_OUTER_BOUND ( 'NONE', #7457, .T. ) ;
#10629 = STYLED_ITEM ( 'NONE', ( #1909 ), #9094 ) ;
#10630 = VECTOR ( 'NONE', #11785, 1000.000000000000000 ) ;
#10631 = CARTESIAN_POINT ( 'NONE',  ( 4.324999999999995700, 0.09999999999999982500, 1.749999999999996400 ) ) ;
#10632 = DIRECTION ( 'NONE',  ( 0.5773502691896242900, 0.5773502691896288400, -0.5773502691896242900 ) ) ;
#10633 = VERTEX_POINT ( 'NONE', #7533 ) ;
#10634 = VECTOR ( 'NONE', #6522, 1000.000000000000000 ) ;
#10635 =( LENGTH_UNIT ( ) NAMED_UNIT ( * ) SI_UNIT ( .MILLI., .METRE. ) );
#10636 = FILL_AREA_STYLE ('',( #3781 ) ) ;
#10637 = EDGE_LOOP ( 'NONE', ( #46, #7219, #7279, #2555 ) ) ;
#10638 = ORIENTED_EDGE ( 'NONE', *, *, #6962, .F. ) ;
#10639 =( LENGTH_UNIT ( ) NAMED_UNIT ( * ) SI_UNIT ( .MILLI., .METRE. ) );
#10640 = LINE ( 'NONE', #12157, #5395 ) ;
#10641 = AXIS2_PLACEMENT_3D ( 'NONE', #2207, #12318, #464 ) ;
#10642 = CARTESIAN_POINT ( 'NONE',  ( -2.964999999999999000, 0.4249999999999998200, 3.499999999999981300 ) ) ;
#10644 = LINE ( 'NONE', #12561, #138 ) ;
#10643 = SURFACE_STYLE_USAGE ( .BOTH. , #3751 ) ;
#10645 = ORIENTED_EDGE ( 'NONE', *, *, #3339, .F. ) ;
#10646 = ORIENTED_EDGE ( 'NONE', *, *, #686, .T. ) ;
#10647 = LINE ( 'NONE', #3706, #5404 ) ;
#10648 = FILL_AREA_STYLE ('',( #3720 ) ) ;
#10649 = VECTOR ( 'NONE', #3456, 1000.000000000000000 ) ;
#10650 = FACE_OUTER_BOUND ( 'NONE', #4874, .T. ) ;
#10651 = CARTESIAN_POINT ( 'NONE',  ( -6.325000000000000200, 1.100000000000000100, 0.2539999999999999500 ) ) ;
#10652 = LINE ( 'NONE', #4059, #7688 ) ;
#10653 = PRESENTATION_LAYER_ASSIGNMENT (  '', '', ( #9314 ) ) ;
#10654 = DIRECTION ( 'NONE',  ( 0.0000000000000000000, -1.070121624790885400E-015, 1.000000000000000000 ) ) ;
#10655 = VERTEX_POINT ( 'NONE', #4590 ) ;
#10656 =( LENGTH_UNIT ( ) NAMED_UNIT ( * ) SI_UNIT ( .MILLI., .METRE. ) );
#10657 = ORIENTED_EDGE ( 'NONE', *, *, #8503, .T. ) ;
#10658 = PRESENTATION_LAYER_ASSIGNMENT (  '', '', ( #9315 ) ) ;
#10659 = ORIENTED_EDGE ( 'NONE', *, *, #9906, .F. ) ;
#10660 = CARTESIAN_POINT ( 'NONE',  ( -3.050000000000000300, -0.6999999999999988500, 2.099999999999996100 ) ) ;
#10661 = ORIENTED_EDGE ( 'NONE', *, *, #10939, .F. ) ;
#10662 = EDGE_CURVE ( 'NONE', #5105, #8510, #766, .T. ) ;
#10663 = ADVANCED_FACE ( 'NONE', ( #7994 ), #9525, .T. ) ;
#10664 = UNCERTAINTY_MEASURE_WITH_UNIT (LENGTH_MEASURE( 1.000000000000000100E-005 ), #1590, 'distance_accuracy_value', 'NONE');
#10665 = LINE ( 'NONE', #9019, #10349 ) ;
#10666 = EDGE_CURVE ( 'NONE', #6661, #12176, #5400, .T. ) ;
#10667 = ORIENTED_EDGE ( 'NONE', *, *, #10165, .F. ) ;
#10668 = ORIENTED_EDGE ( 'NONE', *, *, #2673, .T. ) ;
#10669 = VECTOR ( 'NONE', #1854, 1000.000000000000000 ) ;
#10670 = CARTESIAN_POINT ( 'NONE',  ( -0.4649999999999979700, 0.4249999999999998200, 1.749999999999996400 ) ) ;
#10671 = EDGE_CURVE ( 'NONE', #9481, #2420, #10644, .T. ) ;
#10672 = DIRECTION ( 'NONE',  ( 0.0000000000000000000, -1.000000000000000000, 0.0000000000000000000 ) ) ;
#10673 = ORIENTED_EDGE ( 'NONE', *, *, #7108, .F. ) ;
#10674 = SURFACE_STYLE_FILL_AREA ( #7712 ) ;
#10675 = ORIENTED_EDGE ( 'NONE', *, *, #5213, .F. ) ;
#10676 = ORIENTED_EDGE ( 'NONE', *, *, #998, .T. ) ;
#10677 = EDGE_CURVE ( 'NONE', #4639, #5837, #2775, .T. ) ;
#10678 = DIRECTION ( 'NONE',  ( -1.000000000000000000, -0.0000000000000000000, 0.0000000000000000000 ) ) ;
#10679 = AXIS2_PLACEMENT_3D ( 'NONE', #4228, #3316, #10189 ) ;
#10680 = CARTESIAN_POINT ( 'NONE',  ( -2.964999999999999000, 0.2499999999999996700, 0.2999999999999966000 ) ) ;
#10681 = CARTESIAN_POINT ( 'NONE',  ( -4.845000000000000600, 1.100000000000000100, 1.225999999999999800 ) ) ;
#10682 = ORIENTED_EDGE ( 'NONE', *, *, #2406, .F. ) ;
#10683 = EDGE_LOOP ( 'NONE', ( #2174, #6070, #6182, #9739 ) ) ;
#10684 = SURFACE_SIDE_STYLE ('',( #1311 ) ) ;
#10685 = CARTESIAN_POINT ( 'NONE',  ( 2.700000000000000200, -1.100000000000000100, 0.6499999999999973600 ) ) ;
#10686 = PLANE ( 'NONE',  #2465 ) ;
#10687 = COLOUR_RGB ( '',0.8000000000000000400, 0.8078431372549019800, 0.8000000000000000400 ) ;
#10688 = STYLED_ITEM ( 'NONE', ( #1189 ), #11145 ) ;
#10689 = VERTEX_POINT ( 'NONE', #3687 ) ;
#10690 = VECTOR ( 'NONE', #5388, 1000.000000000000000 ) ;
#10691 = EDGE_CURVE ( 'NONE', #9688, #396, #2455, .T. ) ;
#10692 = VECTOR ( 'NONE', #10850, 1000.000000000000000 ) ;
#10693 = VERTEX_POINT ( 'NONE', #4670 ) ;
#10694 = LINE ( 'NONE', #9580, #3455 ) ;
#10695 = VERTEX_POINT ( 'NONE', #11594 ) ;
#10696 = DIRECTION ( 'NONE',  ( -0.7071067811865483500, 0.7071067811865468000, 1.629776165692365200E-017 ) ) ;
#10697 = FACE_OUTER_BOUND ( 'NONE', #11290, .T. ) ;
#10698 = CARTESIAN_POINT ( 'NONE',  ( 6.325000000000000200, 0.9000000000000008000, 0.2539999999999999500 ) ) ;
#10699 = PLANE ( 'NONE',  #10257 ) ;
#10700 = STYLED_ITEM ( 'NONE', ( #5217 ), #108 ) ;
#10701 = DIRECTION ( 'NONE',  ( 0.0000000000000000000, 0.0000000000000000000, -1.000000000000000000 ) ) ;
#10702 = FACE_OUTER_BOUND ( 'NONE', #4610, .T. ) ;
#10703 = PRESENTATION_LAYER_ASSIGNMENT (  '', '', ( #9362 ) ) ;
#10704 = VERTEX_POINT ( 'NONE', #6651 ) ;
#10705 = ORIENTED_EDGE ( 'NONE', *, *, #6858, .T. ) ;
#10706 = VECTOR ( 'NONE', #12242, 1000.000000000000000 ) ;
#10707 = AXIS2_PLACEMENT_3D ( 'NONE', #7882, #11918, #5940 ) ;
#10708 = VECTOR ( 'NONE', #3869, 1000.000000000000000 ) ;
#10709 = CARTESIAN_POINT ( 'NONE',  ( 0.7850000000000010300, 3.000000000000000000, 0.4499999999999998400 ) ) ;
#10710 = DIRECTION ( 'NONE',  ( 0.0000000000000000000, 0.0000000000000000000, 1.000000000000000000 ) ) ;
#10711 = ORIENTED_EDGE ( 'NONE', *, *, #1689, .F. ) ;
#10712 = VERTEX_POINT ( 'NONE', #12599 ) ;
#10713 = CARTESIAN_POINT ( 'NONE',  ( -5.149000000000000900, 1.100000000000000100, 1.276000000000000000 ) ) ;
#10714 = LINE ( 'NONE', #10902, #3169 ) ;
#10715 = SURFACE_STYLE_USAGE ( .BOTH. , #3824 ) ;
#10716 = ORIENTED_EDGE ( 'NONE', *, *, #9735, .F. ) ;
#10717 = FACE_OUTER_BOUND ( 'NONE', #5536, .T. ) ;
#10718 = LINE ( 'NONE', #11804, #5167 ) ;
#10719 = SURFACE_STYLE_USAGE ( .BOTH. , #3835 ) ;
#10720 = ADVANCED_FACE ( 'NONE', ( #10322 ), #8606, .F. ) ;
#10721 = VECTOR ( 'NONE', #9402, 1000.000000000000000 ) ;
#10722 = VECTOR ( 'NONE', #8505, 1000.000000000000000 ) ;
#10723 = VERTEX_POINT ( 'NONE', #2686 ) ;
#10724 = VECTOR ( 'NONE', #7890, 1000.000000000000000 ) ;
#10725 = CARTESIAN_POINT ( 'NONE',  ( 1.239088197126309400E-015, 2.000000000000000900, 3.699999999999996600 ) ) ;
#10726 = AXIS2_PLACEMENT_3D ( 'NONE', #5458, #7422, #1544 ) ;
#10727 = CARTESIAN_POINT ( 'NONE',  ( 4.024999999999995900, 0.09999999999999982500, 4.399999999999994100 ) ) ;
#10728 =( GEOMETRIC_REPRESENTATION_CONTEXT ( 3 ) GLOBAL_UNCERTAINTY_ASSIGNED_CONTEXT ( ( #11386 ) ) GLOBAL_UNIT_ASSIGNED_CONTEXT ( ( #6555, #3556, #3511 ) ) REPRESENTATION_CONTEXT ( 'NONE', 'WORKASPACE' ) );
#10729 = ORIENTED_EDGE ( 'NONE', *, *, #11113, .T. ) ;
#10730 = DIRECTION ( 'NONE',  ( 2.344220913482171800E-017, -1.000000000000000000, 0.0000000000000000000 ) ) ;
#10731 = CARTESIAN_POINT ( 'NONE',  ( 5.149000000000000900, -1.100000000000000100, 0.3039999999999999400 ) ) ;
#10732 = FACE_OUTER_BOUND ( 'NONE', #6263, .T. ) ;
#10733 = DIRECTION ( 'NONE',  ( 1.000000000000000000, 0.0000000000000000000, 0.0000000000000000000 ) ) ;
#10734 = VECTOR ( 'NONE', #8975, 1000.000000000000000 ) ;
#10735 = DIRECTION ( 'NONE',  ( 0.0000000000000000000, 2.032879073410321300E-016, -1.000000000000000000 ) ) ;
#10736 = VECTOR ( 'NONE', #5083, 1000.000000000000000 ) ;
#10737 = ORIENTED_EDGE ( 'NONE', *, *, #9438, .T. ) ;
#10738 = FACE_OUTER_BOUND ( 'NONE', #8223, .T. ) ;
#10739 =( LENGTH_UNIT ( ) NAMED_UNIT ( * ) SI_UNIT ( .MILLI., .METRE. ) );
#10740 = EDGE_CURVE ( 'NONE', #7570, #9674, #11752, .T. ) ;
#10741 = ORIENTED_EDGE ( 'NONE', *, *, #12600, .T. ) ;
#10742 = FILL_AREA_STYLE ('',( #1868 ) ) ;
#10743 = DIRECTION ( 'NONE',  ( 0.0000000000000000000, -1.000000000000000000, 0.0000000000000000000 ) ) ;
#10744 = ORIENTED_EDGE ( 'NONE', *, *, #1336, .T. ) ;
#10745 = ORIENTED_EDGE ( 'NONE', *, *, #2981, .F. ) ;
#10746 = STYLED_ITEM ( 'NONE', ( #201 ), #5481 ) ;
#10747 = LINE ( 'NONE', #9012, #3202 ) ;
#10748 = ADVANCED_FACE ( 'NONE', ( #6470 ), #8638, .F. ) ;
#10749 = EDGE_CURVE ( 'NONE', #9543, #9868, #1216, .T. ) ;
#10750 = VECTOR ( 'NONE', #10923, 1000.000000000000000 ) ;
#10751 = DIRECTION ( 'NONE',  ( -0.7071067811865468000, -0.7071067811865483500, -0.0000000000000000000 ) ) ;
#10752 = LINE ( 'NONE', #11619, #261 ) ;
#10753 = VECTOR ( 'NONE', #3681, 1000.000000000000000 ) ;
#10754 = ORIENTED_EDGE ( 'NONE', *, *, #4892, .T. ) ;
#10755 = LINE ( 'NONE', #5357, #584 ) ;
#10756 = LINE ( 'NONE', #8233, #8110 ) ;
#10757 = ORIENTED_EDGE ( 'NONE', *, *, #7734, .T. ) ;
#10758 = EDGE_CURVE ( 'NONE', #3862, #2508, #4176, .T. ) ;
#10759 = DIRECTION ( 'NONE',  ( 0.0000000000000000000, -1.000000000000000000, -0.0000000000000000000 ) ) ;
#10760 = FILL_AREA_STYLE ('',( #2870 ) ) ;
#10761 = DIRECTION ( 'NONE',  ( 1.000000000000000000, 0.0000000000000000000, 0.0000000000000000000 ) ) ;
#10762 = CARTESIAN_POINT ( 'NONE',  ( -4.625000000000000000, 1.420000000000000600, 0.3000000000000005400 ) ) ;
#10763 = VERTEX_POINT ( 'NONE', #1824 ) ;
#10764 = EDGE_CURVE ( 'NONE', #12361, #2754, #3857, .T. ) ;
#10765 = LINE ( 'NONE', #8797, #2898 ) ;
#10766 = AXIS2_PLACEMENT_3D ( 'NONE', #3638, #4633, #11547 ) ;
#10767 = DIRECTION ( 'NONE',  ( 0.0000000000000000000, 0.0000000000000000000, -1.000000000000000000 ) ) ;
#10768 =( LENGTH_UNIT ( ) NAMED_UNIT ( * ) SI_UNIT ( .MILLI., .METRE. ) );
#10769 = DIRECTION ( 'NONE',  ( 0.0000000000000000000, 0.0000000000000000000, 1.000000000000000000 ) ) ;
#10770 = VERTEX_POINT ( 'NONE', #9695 ) ;
#10771 = COLOUR_RGB ( '',0.8000000000000000400, 0.8078431372549019800, 0.8000000000000000400 ) ;
#10772 = PLANE ( 'NONE',  #7538 ) ;
#10773 = EDGE_CURVE ( 'NONE', #11604, #7146, #6135, .T. ) ;
#10774 = CARTESIAN_POINT ( 'NONE',  ( -0.4649999999999988600, 0.2499999999999996700, 0.2999999999999966000 ) ) ;
#10775 = VECTOR ( 'NONE', #4844, 1000.000000000000000 ) ;
#10776 = ORIENTED_EDGE ( 'NONE', *, *, #3897, .T. ) ;
#10777 = LINE ( 'NONE', #1645, #8430 ) ;
#10778 = CARTESIAN_POINT ( 'NONE',  ( 0.7850000000000010300, 0.2499999999999996700, 0.1799999999999966600 ) ) ;
#10779 = CARTESIAN_POINT ( 'NONE',  ( 2.035000000000001000, 0.2499999999999996700, 0.2999999999999966000 ) ) ;
#10780 = EDGE_CURVE ( 'NONE', #12534, #12425, #11431, .T. ) ;
#10781 = PRESENTATION_LAYER_ASSIGNMENT (  '', '', ( #11465 ) ) ;
#10782 = FILL_AREA_STYLE_COLOUR ( '', #5961 ) ;
#10783 = ORIENTED_EDGE ( 'NONE', *, *, #619, .F. ) ;
#10784 = ORIENTED_EDGE ( 'NONE', *, *, #8478, .F. ) ;
#10785 = PLANE ( 'NONE',  #11592 ) ;
#10786 = ORIENTED_EDGE ( 'NONE', *, *, #7922, .T. ) ;
#10787 = EDGE_LOOP ( 'NONE', ( #9928, #11796, #8172, #531 ) ) ;
#10788 = CARTESIAN_POINT ( 'NONE',  ( -5.645000000000000500, 1.100000000000000100, 1.276000000000000000 ) ) ;
#10789 = CARTESIAN_POINT ( 'NONE',  ( -1.450000000000000200, 2.600000000000000100, 0.6499999999999983600 ) ) ;
#10790 = AXIS2_PLACEMENT_3D ( 'NONE', #3776, #4762, #11686 ) ;
#10791 = VECTOR ( 'NONE', #10359, 1000.000000000000100 ) ;
#10792 =( GEOMETRIC_REPRESENTATION_CONTEXT ( 3 ) GLOBAL_UNCERTAINTY_ASSIGNED_CONTEXT ( ( #12144 ) ) GLOBAL_UNIT_ASSIGNED_CONTEXT ( ( #463, #669, #3700 ) ) REPRESENTATION_CONTEXT ( 'NONE', 'WORKASPACE' ) );
#10793 = ORIENTED_EDGE ( 'NONE', *, *, #4492, .T. ) ;
#10794 = PRESENTATION_STYLE_ASSIGNMENT (( #3854 ) ) ;
#10795 = VERTEX_POINT ( 'NONE', #11723 ) ;
#10796 = LINE ( 'NONE', #11246, #2927 ) ;
#10797 = ADVANCED_FACE ( 'NONE', ( #5833 ), #5771, .T. ) ;
#10798 = ORIENTED_EDGE ( 'NONE', *, *, #507, .F. ) ;
#10799 = EDGE_LOOP ( 'NONE', ( #11758, #1105, #11042, #4849 ) ) ;
#10800 = DIRECTION ( 'NONE',  ( 0.0000000000000000000, 0.7071067811865496800, 0.7071067811865453500 ) ) ;
#10801 = ORIENTED_EDGE ( 'NONE', *, *, #9100, .T. ) ;
#10802 = PRESENTATION_LAYER_ASSIGNMENT (  '', '', ( #9461 ) ) ;
#10803 = LINE ( 'NONE', #7575, #2935 ) ;
#10804 = EDGE_LOOP ( 'NONE', ( #8455, #3130, #9770, #4249 ) ) ;
#10805 = DIRECTION ( 'NONE',  ( -1.000000000000000000, 0.0000000000000000000, 2.304851557154560700E-017 ) ) ;
#10806 = SURFACE_STYLE_USAGE ( .BOTH. , #3914 ) ;
#10807 = CARTESIAN_POINT ( 'NONE',  ( 0.6887647058823540600, 0.3528235294117643100, 3.981176470588228400 ) ) ;
#10808 = DIRECTION ( 'NONE',  ( 0.0000000000000000000, -1.070121624790885400E-015, 1.000000000000000000 ) ) ;
#10809 = PLANE ( 'NONE',  #6204 ) ;
#10810 = COLOUR_RGB ( '',0.8000000000000000400, 0.8078431372549019800, 0.8000000000000000400 ) ;
#10811 = ORIENTED_EDGE ( 'NONE', *, *, #4011, .T. ) ;
#10812 = LINE ( 'NONE', #9323, #313 ) ;
#10813 = ORIENTED_EDGE ( 'NONE', *, *, #3175, .F. ) ;
#10814 = ORIENTED_EDGE ( 'NONE', *, *, #3269, .T. ) ;
#10815 = CARTESIAN_POINT ( 'NONE',  ( -5.099000000000000200, 1.200000000000000000, 0.5199999999999998000 ) ) ;
#10816 = UNCERTAINTY_MEASURE_WITH_UNIT (LENGTH_MEASURE( 1.000000000000000100E-005 ), #4810, 'distance_accuracy_value', 'NONE');
#10817 = DIRECTION ( 'NONE',  ( 0.0000000000000000000, 0.0000000000000000000, -1.000000000000000000 ) ) ;
#10818 = DIRECTION ( 'NONE',  ( 1.000000000000000000, 0.0000000000000000000, 1.885568995626964800E-016 ) ) ;
#10819 = DIRECTION ( 'NONE',  ( -1.000000000000000000, 6.776263578034385000E-016, 0.0000000000000000000 ) ) ;
#10820 = VERTEX_POINT ( 'NONE', #8778 ) ;
#10821 = ORIENTED_EDGE ( 'NONE', *, *, #8254, .T. ) ;
#10822 = CARTESIAN_POINT ( 'NONE',  ( -2.964999999999999000, 0.2499999999999996700, 0.1799999999999966600 ) ) ;
#10823 = ADVANCED_FACE ( 'NONE', ( #2286 ), #2897, .T. ) ;
#10824 = CARTESIAN_POINT ( 'NONE',  ( 3.285000000000001500, -0.6250000000000003300, 0.2999999999999964900 ) ) ;
#10825 = DIRECTION ( 'NONE',  ( 0.0000000000000000000, 1.000000000000000000, 0.0000000000000000000 ) ) ;
#10826 = ORIENTED_EDGE ( 'NONE', *, *, #4954, .T. ) ;
#10827 = ORIENTED_EDGE ( 'NONE', *, *, #9571, .F. ) ;
#10828 = ORIENTED_EDGE ( 'NONE', *, *, #4583, .T. ) ;
#10829 = PLANE ( 'NONE',  #7888 ) ;
#10830 = CARTESIAN_POINT ( 'NONE',  ( -5.319000000000000000, -1.100000000000000100, 0.0000000000000000000 ) ) ;
#10831 = DIRECTION ( 'NONE',  ( 0.0000000000000000000, 0.0000000000000000000, -1.000000000000000000 ) ) ;
#10832 = STYLED_ITEM ( 'NONE', ( #6210 ), #4960 ) ;
#10833 = FILL_AREA_STYLE ('',( #12739 ) ) ;
#10834 = SURFACE_SIDE_STYLE ('',( #12513 ) ) ;
#10835 = ORIENTED_EDGE ( 'NONE', *, *, #11848, .T. ) ;
#10836 = FACE_OUTER_BOUND ( 'NONE', #9858, .T. ) ;
#10837 = VERTEX_POINT ( 'NONE', #3635 ) ;
#10838 = EDGE_LOOP ( 'NONE', ( #4887, #3121, #3156, #9586 ) ) ;
#10839 = CARTESIAN_POINT ( 'NONE',  ( 2.965000000000001600, 2.200000000000004200, 0.2999999999999988800 ) ) ;
#10840 = LINE ( 'NONE', #10564, #336 ) ;
#10841 = CARTESIAN_POINT ( 'NONE',  ( -0.2000000000000000900, -1.100000000000000300, 0.6499999999999980200 ) ) ;
#10842 = EDGE_CURVE ( 'NONE', #397, #11520, #6617, .T. ) ;
#10843 = PRESENTATION_LAYER_ASSIGNMENT (  '', '', ( #9497 ) ) ;
#10844 = ORIENTED_EDGE ( 'NONE', *, *, #6888, .T. ) ;
#10845 = EDGE_CURVE ( 'NONE', #12622, #5817, #1376, .T. ) ;
#10846 = ORIENTED_EDGE ( 'NONE', *, *, #2151, .F. ) ;
#10847 = VECTOR ( 'NONE', #8495, 1000.000000000000000 ) ;
#10848 = VERTEX_POINT ( 'NONE', #700 ) ;
#10849 = ORIENTED_EDGE ( 'NONE', *, *, #4517, .F. ) ;
#10850 = DIRECTION ( 'NONE',  ( 0.0000000000000000000, 0.0000000000000000000, 1.000000000000000000 ) ) ;
#10851 = ORIENTED_EDGE ( 'NONE', *, *, #12705, .T. ) ;
#10852 = FILL_AREA_STYLE ('',( #11826 ) ) ;
#10853 = SURFACE_SIDE_STYLE ('',( #9150 ) ) ;
#10854 = EDGE_CURVE ( 'NONE', #9903, #11375, #6301, .T. ) ;
#10855 = VERTEX_POINT ( 'NONE', #7564 ) ;
#10856 = LINE ( 'NONE', #3632, #50 ) ;
#10857 = EDGE_CURVE ( 'NONE', #2035, #119, #4017, .T. ) ;
#10858 = CARTESIAN_POINT ( 'NONE',  ( -5.149000000000000900, -1.100000000000000100, -2.710505431213761100E-017 ) ) ;
#10859 = CARTESIAN_POINT ( 'NONE',  ( -5.645000000000000500, 1.200000000000000000, 1.275999999999999800 ) ) ;
#10860 = EDGE_CURVE ( 'NONE', #12411, #634, #11264, .T. ) ;
#10861 = CARTESIAN_POINT ( 'NONE',  ( -3.284999999999998800, 3.100000000000000100, 0.09999999999999947800 ) ) ;
#10862 = ORIENTED_EDGE ( 'NONE', *, *, #3757, .T. ) ;
#10863 = STYLED_ITEM ( 'NONE', ( #896 ), #7340 ) ;
#10864 = VECTOR ( 'NONE', #7138, 1000.000000000000200 ) ;
#10865 = FACE_OUTER_BOUND ( 'NONE', #5929, .T. ) ;
#10866 = FILL_AREA_STYLE_COLOUR ( '', #7020 ) ;
#10867 = ORIENTED_EDGE ( 'NONE', *, *, #10845, .F. ) ;
#10868 = LINE ( 'NONE', #135, #5616 ) ;
#10869 = ADVANCED_FACE ( 'NONE', ( #3388 ), #6645, .T. ) ;
#10870 = FILL_AREA_STYLE ('',( #8847 ) ) ;
#10871 = DIRECTION ( 'NONE',  ( 0.0000000000000000000, -1.000000000000000000, -1.141265444721583800E-016 ) ) ;
#10872 = CARTESIAN_POINT ( 'NONE',  ( 6.325000000000000200, 0.9000000000000008000, 0.2539999999999999500 ) ) ;
#10873 = PRESENTATION_LAYER_ASSIGNMENT (  '', '', ( #9524 ) ) ;
#10874 = EDGE_CURVE ( 'NONE', #6376, #5369, #9988, .T. ) ;
#10875 = ORIENTED_EDGE ( 'NONE', *, *, #11273, .F. ) ;
#10876 = ORIENTED_EDGE ( 'NONE', *, *, #91, .T. ) ;
#10877 = PLANE ( 'NONE',  #10160 ) ;
#10878 = VECTOR ( 'NONE', #11648, 1000.000000000000000 ) ;
#10879 = SURFACE_STYLE_FILL_AREA ( #4111 ) ;
#10880 = STYLED_ITEM ( 'NONE', ( #11929 ), #521 ) ;
#10881 = AXIS2_PLACEMENT_3D ( 'NONE', #1487, #8357, #2469 ) ;
#10882 = CARTESIAN_POINT ( 'NONE',  ( -2.649999999999999500, -0.6999999999999988500, 4.699999999999995700 ) ) ;
#10883 = DIRECTION ( 'NONE',  ( 0.1904761904761871300, 0.2380952380952350300, 0.9523809523809537700 ) ) ;
#10884 = ORIENTED_EDGE ( 'NONE', *, *, #9411, .T. ) ;
#10885 =( NAMED_UNIT ( * ) PLANE_ANGLE_UNIT ( ) SI_UNIT ( $, .RADIAN. ) );
#10886 = ADVANCED_FACE ( 'NONE', ( #7374 ), #12642, .T. ) ;
#10887 = ORIENTED_EDGE ( 'NONE', *, *, #8102, .T. ) ;
#10888 = ORIENTED_EDGE ( 'NONE', *, *, #5638, .F. ) ;
#10889 = STYLED_ITEM ( 'NONE', ( #3840 ), #1562 ) ;
#10890 = PLANE ( 'NONE',  #10707 ) ;
#10891 = DIRECTION ( 'NONE',  ( 0.0000000000000000000, 0.0000000000000000000, -1.000000000000000000 ) ) ;
#10892 = LINE ( 'NONE', #8229, #3027 ) ;
#10893 = AXIS2_PLACEMENT_3D ( 'NONE', #7792, #1915, #8790 ) ;
#10894 = ORIENTED_EDGE ( 'NONE', *, *, #435, .F. ) ;
#10895 = ORIENTED_EDGE ( 'NONE', *, *, #1344, .F. ) ;
#10896 = VERTEX_POINT ( 'NONE', #7690 ) ;
#10897 = FILL_AREA_STYLE ('',( #8886 ) ) ;
#10898 = DIRECTION ( 'NONE',  ( 0.0000000000000000000, -1.000000000000000000, 1.204669080539448600E-016 ) ) ;
#10899 =( LENGTH_UNIT ( ) NAMED_UNIT ( * ) SI_UNIT ( .MILLI., .METRE. ) );
#10900 = ORIENTED_EDGE ( 'NONE', *, *, #2827, .F. ) ;
#10901 = CARTESIAN_POINT ( 'NONE',  ( -3.284999999999998800, 2.999999999999999600, -1.761828530288944700E-016 ) ) ;
#10902 = CARTESIAN_POINT ( 'NONE',  ( 6.737000000000001900, -0.4879999999999971000, 0.2539999999999999500 ) ) ;
#10903 = SURFACE_SIDE_STYLE ('',( #1578 ) ) ;
#10904 = PRESENTATION_LAYER_ASSIGNMENT (  '', '', ( #9561 ) ) ;
#10905 =( NAMED_UNIT ( * ) PLANE_ANGLE_UNIT ( ) SI_UNIT ( $, .RADIAN. ) );
#10906 = VECTOR ( 'NONE', #1890, 1000.000000000000000 ) ;
#10907 = LINE ( 'NONE', #11763, #8247 ) ;
#10908 = ORIENTED_EDGE ( 'NONE', *, *, #3494, .T. ) ;
#10909 = VECTOR ( 'NONE', #431, 1000.000000000000000 ) ;
#10910 = VECTOR ( 'NONE', #2566, 1000.000000000000200 ) ;
#10911 = ORIENTED_EDGE ( 'NONE', *, *, #1926, .F. ) ;
#10912 = EDGE_LOOP ( 'NONE', ( #264, #7419, #10532, #5954 ) ) ;
#10913 = ORIENTED_EDGE ( 'NONE', *, *, #172, .T. ) ;
#10914 = EDGE_CURVE ( 'NONE', #12464, #9265, #9070, .T. ) ;
#10915 = DIRECTION ( 'NONE',  ( 1.000000000000000000, 0.0000000000000000000, -2.304851557154561000E-017 ) ) ;
#10916 = PRESENTATION_STYLE_ASSIGNMENT (( #7128 ) ) ;
#10917 = EDGE_CURVE ( 'NONE', #8318, #10049, #6455, .T. ) ;
#10918 = FACE_OUTER_BOUND ( 'NONE', #8266, .T. ) ;
#10919 = SURFACE_STYLE_USAGE ( .BOTH. , #4037 ) ;
#10920 = VECTOR ( 'NONE', #3209, 1000.000000000000000 ) ;
#10921 = CARTESIAN_POINT ( 'NONE',  ( 0.7850000000000010300, 0.2499999999999996700, 0.1799999999999966600 ) ) ;
#10922 = VERTEX_POINT ( 'NONE', #2811 ) ;
#10923 = DIRECTION ( 'NONE',  ( 0.0000000000000000000, -1.000000000000000000, -1.167602339599771500E-015 ) ) ;
#10924 = ADVANCED_FACE ( 'NONE', ( #3845 ), #10699, .T. ) ;
#10925 = EDGE_CURVE ( 'NONE', #1510, #7494, #5228, .T. ) ;
#10926 = FILL_AREA_STYLE_COLOUR ( '', #11415 ) ;
#10927 = EDGE_LOOP ( 'NONE', ( #6919, #9407, #3808, #12725 ) ) ;
#10928 = LINE ( 'NONE', #8381, #5678 ) ;
#10929 = LINE ( 'NONE', #12027, #7653 ) ;
#10930 = DIRECTION ( 'NONE',  ( 1.000000000000000000, 0.0000000000000000000, 0.0000000000000000000 ) ) ;
#10931 = EDGE_CURVE ( 'NONE', #4327, #2696, #7813, .T. ) ;
#10932 = LINE ( 'NONE', #7, #12668 ) ;
#10933 = AXIS2_PLACEMENT_3D ( 'NONE', #8892, #3014, #9876 ) ;
#10934 = ORIENTED_EDGE ( 'NONE', *, *, #1418, .F. ) ;
#10935 = ORIENTED_EDGE ( 'NONE', *, *, #5570, .T. ) ;
#10936 = ORIENTED_EDGE ( 'NONE', *, *, #7112, .T. ) ;
#10937 = STYLED_ITEM ( 'NONE', ( #2275 ), #10991 ) ;
#10938 = CARTESIAN_POINT ( 'NONE',  ( 4.625000000000000900, -1.100000000000000100, 4.699999999999997500 ) ) ;
#10939 = EDGE_CURVE ( 'NONE', #6346, #2769, #10462, .T. ) ;
#10941 = PRESENTATION_STYLE_ASSIGNMENT (( #8605 ) ) ;
#10940 = CARTESIAN_POINT ( 'NONE',  ( -4.625000000000000900, 1.399999999999999700, 2.400000000000000400 ) ) ;
#10942 = ORIENTED_EDGE ( 'NONE', *, *, #2400, .F. ) ;
#10943 = ORIENTED_EDGE ( 'NONE', *, *, #6017, .F. ) ;
#10944 = FACE_OUTER_BOUND ( 'NONE', #8257, .T. ) ;
#10945 = DIRECTION ( 'NONE',  ( 1.000000000000000000, 0.0000000000000000000, 0.0000000000000000000 ) ) ;
#10946 = ADVANCED_FACE ( 'NONE', ( #4907 ), #2895, .T. ) ;
#10947 = ORIENTED_EDGE ( 'NONE', *, *, #6693, .F. ) ;
#10948 = VERTEX_POINT ( 'NONE', #10789 ) ;
#10949 = CARTESIAN_POINT ( 'NONE',  ( -3.284999999999998800, 2.200000000000004200, 0.2999999999999988800 ) ) ;
#10950 = EDGE_LOOP ( 'NONE', ( #7645, #6354, #5926, #7236 ) ) ;
#10951 = DIRECTION ( 'NONE',  ( -1.000000000000000000, -0.0000000000000000000, 3.047487187526822800E-016 ) ) ;
#10952 = EDGE_CURVE ( 'NONE', #10272, #5271, #10145, .T. ) ;
#10953 = DIRECTION ( 'NONE',  ( 0.0000000000000000000, 1.000000000000000000, -1.355252715606881500E-016 ) ) ;
#10954 = AXIS2_PLACEMENT_3D ( 'NONE', #6501, #7475, #1602 ) ;
#10955 = VECTOR ( 'NONE', #12511, 1000.000000000000000 ) ;
#10956 = FILL_AREA_STYLE ('',( #8948 ) ) ;
#10957 =( LENGTH_UNIT ( ) NAMED_UNIT ( * ) SI_UNIT ( .MILLI., .METRE. ) );
#10958 = FACE_OUTER_BOUND ( 'NONE', #9290, .T. ) ;
#10959 = DIRECTION ( 'NONE',  ( 3.942553354492747000E-016, -0.0000000000000000000, 1.000000000000000000 ) ) ;
#10960 = PLANE ( 'NONE',  #7371 ) ;
#10961 = PRESENTATION_LAYER_ASSIGNMENT (  '', '', ( #9611 ) ) ;
#10962 = VERTEX_POINT ( 'NONE', #6856 ) ;
#10963 = AXIS2_PLACEMENT_3D ( 'NONE', #7758, #10818, #11310 ) ;
#10964 = FACE_OUTER_BOUND ( 'NONE', #405, .T. ) ;
#10965 = FILL_AREA_STYLE ('',( #4075 ) ) ;
#10966 = LINE ( 'NONE', #4761, #10649 ) ;
#10967 = ORIENTED_EDGE ( 'NONE', *, *, #6618, .T. ) ;
#10968 = FILL_AREA_STYLE ('',( #2068 ) ) ;
#10969 = ORIENTED_EDGE ( 'NONE', *, *, #10174, .F. ) ;
#10970 = CARTESIAN_POINT ( 'NONE',  ( -4.125000000000000000, -0.4000000000000005200, 0.04999999999999980800 ) ) ;
#10971 = VECTOR ( 'NONE', #10133, 1000.000000000000000 ) ;
#10972 = EDGE_LOOP ( 'NONE', ( #5298, #4214, #8993, #3439, #12138, #6977, #11313, #5696, #10934, #1919, #12501, #11315, #11924, #11125, #6847, #11453, #8834, #7527 ) ) ;
#10973 = ORIENTED_EDGE ( 'NONE', *, *, #2308, .F. ) ;
#10974 = VERTEX_POINT ( 'NONE', #1941 ) ;
#10975 = MECHANICAL_DESIGN_GEOMETRIC_PRESENTATION_REPRESENTATION (  '', ( #8958 ), #11655 ) ;
#10976 = ORIENTED_EDGE ( 'NONE', *, *, #3574, .F. ) ;
#10977 = PLANE ( 'NONE',  #3777 ) ;
#10978 = CARTESIAN_POINT ( 'NONE',  ( 4.125000000000000000, -1.100000000000000100, 0.2999999999999973200 ) ) ;
#10979 =( NAMED_UNIT ( * ) SI_UNIT ( $, .STERADIAN. ) SOLID_ANGLE_UNIT ( ) );
#10980 = DIRECTION ( 'NONE',  ( -1.000000000000000000, -0.0000000000000000000, -0.0000000000000000000 ) ) ;
#10981 = EDGE_LOOP ( 'NONE', ( #6007, #831, #4600, #339, #1240, #5042, #10911, #5443, #11505, #7339, #10645, #5613, #8414 ) ) ;
#10982 = LINE ( 'NONE', #1133, #3425 ) ;
#10983 = ORIENTED_EDGE ( 'NONE', *, *, #12199, .T. ) ;
#10984 = STYLED_ITEM ( 'NONE', ( #7347 ), #2377 ) ;
#10985 = CARTESIAN_POINT ( 'NONE',  ( -1.714999999999999000, -0.1500000000000003300, 0.2999999999999965500 ) ) ;
#10986 = ORIENTED_EDGE ( 'NONE', *, *, #6366, .F. ) ;
#10987 = DIRECTION ( 'NONE',  ( 3.051828337366604500E-016, -0.0000000000000000000, 1.000000000000000000 ) ) ;
#10988 = VECTOR ( 'NONE', #3794, 1000.000000000000000 ) ;
#10989 = DIRECTION ( 'NONE',  ( 0.7071067811865483500, -0.7071067811865468000, -1.629776165692365200E-017 ) ) ;
#10990 = DIRECTION ( 'NONE',  ( 1.000000000000000000, 0.0000000000000000000, 0.0000000000000000000 ) ) ;
#10991 = ADVANCED_FACE ( 'NONE', ( #2601 ), #2943, .T. ) ;
#10992 = FILL_AREA_STYLE ('',( #9964 ) ) ;
#10993 = CARTESIAN_POINT ( 'NONE',  ( -5.712333333333337000, 1.813333333333336600, -0.09333333333333160300 ) ) ;
#10994 = UNCERTAINTY_MEASURE_WITH_UNIT (LENGTH_MEASURE( 1.000000000000000100E-005 ), #5991, 'distance_accuracy_value', 'NONE');
#10995 = ORIENTED_EDGE ( 'NONE', *, *, #11460, .T. ) ;
#10996 = EDGE_CURVE ( 'NONE', #10922, #705, #8899, .T. ) ;
#10997 = VERTEX_POINT ( 'NONE', #8815 ) ;
#10998 = VERTEX_POINT ( 'NONE', #3989 ) ;
#10999 = DIRECTION ( 'NONE',  ( 0.0000000000000000000, -1.000000000000000000, 0.0000000000000000000 ) ) ;
#11000 = DIRECTION ( 'NONE',  ( 0.0000000000000000000, 0.0000000000000000000, 1.000000000000000000 ) ) ;
#11001 =( GEOMETRIC_REPRESENTATION_CONTEXT ( 3 ) GLOBAL_UNCERTAINTY_ASSIGNED_CONTEXT ( ( #1157 ) ) GLOBAL_UNIT_ASSIGNED_CONTEXT ( ( #11877, #5905, #20 ) ) REPRESENTATION_CONTEXT ( 'NONE', 'WORKASPACE' ) );
#11002 = DIRECTION ( 'NONE',  ( 0.7071067811865446900, -0.7071067811865503500, 0.0000000000000000000 ) ) ;
#11003 = DIRECTION ( 'NONE',  ( -1.000000000000000000, -0.0000000000000000000, -0.0000000000000000000 ) ) ;
#11004 = VECTOR ( 'NONE', #3765, 1000.000000000000000 ) ;
#11005 = DIRECTION ( 'NONE',  ( 0.0000000000000000000, -1.294569758191648900E-016, 1.000000000000000000 ) ) ;
#11006 = ORIENTED_EDGE ( 'NONE', *, *, #12370, .F. ) ;
#11007 = CARTESIAN_POINT ( 'NONE',  ( -3.061235294117645700, 0.3528235294117643100, 3.981176470588228400 ) ) ;
#11008 = EDGE_CURVE ( 'NONE', #11060, #11225, #1046, .T. ) ;
#11009 = FACE_OUTER_BOUND ( 'NONE', #10184, .T. ) ;
#11010 = AXIS2_PLACEMENT_3D ( 'NONE', #11567, #5641, #12578 ) ;
#11011 = ORIENTED_EDGE ( 'NONE', *, *, #6804, .F. ) ;
#11012 = ADVANCED_FACE ( 'NONE', ( #6288, #8584 ), #4953, .F. ) ;
#11013 = LINE ( 'NONE', #6197, #5452 ) ;
#11014 = EDGE_CURVE ( 'NONE', #3605, #1712, #5962, .T. ) ;
#11015 = LINE ( 'NONE', #7368, #7443 ) ;
#11016 = SURFACE_SIDE_STYLE ('',( #10548 ) ) ;
#11017 = STYLED_ITEM ( 'NONE', ( #1231 ), #10540 ) ;
#11018 = ORIENTED_EDGE ( 'NONE', *, *, #5570, .F. ) ;
#11019 = CARTESIAN_POINT ( 'NONE',  ( -0.7849999999999988100, 2.200000000000004200, 0.2999999999999988800 ) ) ;
#11020 = FILL_AREA_STYLE_COLOUR ( '', #12553 ) ;
#11021 = ORIENTED_EDGE ( 'NONE', *, *, #11205, .F. ) ;
#11022 = SURFACE_STYLE_USAGE ( .BOTH. , #4133 ) ;
#11023 = EDGE_CURVE ( 'NONE', #4304, #5503, #3689, .T. ) ;
#11024 = COLOUR_RGB ( '',0.8000000000000000400, 0.8078431372549019800, 0.8000000000000000400 ) ;
#11025 = ORIENTED_EDGE ( 'NONE', *, *, #10601, .T. ) ;
#11026 = LINE ( 'NONE', #7228, #2845 ) ;
#11027 = UNCERTAINTY_MEASURE_WITH_UNIT (LENGTH_MEASURE( 1.000000000000000100E-005 ), #10656, 'distance_accuracy_value', 'NONE');
#11028 = EDGE_CURVE ( 'NONE', #10196, #182, #11565, .T. ) ;
#11029 = CARTESIAN_POINT ( 'NONE',  ( 4.625000000000000900, 1.399999999999998600, 2.400000000000000400 ) ) ;
#11030 = SURFACE_SIDE_STYLE ('',( #1640 ) ) ;
#11031 =( GEOMETRIC_REPRESENTATION_CONTEXT ( 3 ) GLOBAL_UNCERTAINTY_ASSIGNED_CONTEXT ( ( #3249 ) ) GLOBAL_UNIT_ASSIGNED_CONTEXT ( ( #8641, #2774, #9653 ) ) REPRESENTATION_CONTEXT ( 'NONE', 'WORKASPACE' ) );
#11032 =( LENGTH_UNIT ( ) NAMED_UNIT ( * ) SI_UNIT ( .MILLI., .METRE. ) );
#11033 = CARTESIAN_POINT ( 'NONE',  ( 0.7850000000000010300, -0.1500000000000003300, 0.2999999999999965500 ) ) ;
#11034 = EDGE_LOOP ( 'NONE', ( #1482, #12456, #5683, #9453, #5932, #167, #7790, #10157, #8127, #9452, #5117, #9340, #2061, #8375, #8763, #10545, #11137, #3287 ) ) ;
#11035 = SURFACE_STYLE_USAGE ( .BOTH. , #4145 ) ;
#11036 = CARTESIAN_POINT ( 'NONE',  ( 5.865000000000003800, -1.100000000000000100, 1.750000000000003100 ) ) ;
#11037 = LINE ( 'NONE', #7257, #8376 ) ;
#11038 = FILL_AREA_STYLE ('',( #1142 ) ) ;
#11039 = VECTOR ( 'NONE', #11761, 1000.000000000000000 ) ;
#11040 = DIRECTION ( 'NONE',  ( -1.000000000000000000, -0.0000000000000000000, -0.0000000000000000000 ) ) ;
#11041 = STYLED_ITEM ( 'NONE', ( #2542 ), #11992 ) ;
#11042 = ORIENTED_EDGE ( 'NONE', *, *, #5142, .F. ) ;
#11043 = FILL_AREA_STYLE ('',( #10023 ) ) ;
#11044 = DIRECTION ( 'NONE',  ( -1.000000000000000000, 0.0000000000000000000, 0.0000000000000000000 ) ) ;
#11045 = DIRECTION ( 'NONE',  ( -1.000000000000000000, -0.0000000000000000000, -0.0000000000000000000 ) ) ;
#11046 = FILL_AREA_STYLE_COLOUR ( '', #3826 ) ;
#11047 = EDGE_LOOP ( 'NONE', ( #5692, #1262, #12504, #6267, #8986 ) ) ;
#11048 = VECTOR ( 'NONE', #9836, 1000.000000000000000 ) ;
#11049 = ORIENTED_EDGE ( 'NONE', *, *, #5803, .T. ) ;
#11050 = MECHANICAL_DESIGN_GEOMETRIC_PRESENTATION_REPRESENTATION (  '', ( #9040 ), #11733 ) ;
#11051 = DIRECTION ( 'NONE',  ( 0.0000000000000000000, 1.294569758191649100E-016, -1.000000000000000000 ) ) ;
#11052 = CARTESIAN_POINT ( 'NONE',  ( 6.125000000000000000, -1.100000000000000100, -5.421010862427522200E-017 ) ) ;
#11053 = VERTEX_POINT ( 'NONE', #8950 ) ;
#11054 = ORIENTED_EDGE ( 'NONE', *, *, #5236, .T. ) ;
#11055 =( LENGTH_UNIT ( ) NAMED_UNIT ( * ) SI_UNIT ( .MILLI., .METRE. ) );
#11056 = ADVANCED_FACE ( 'NONE', ( #5679 ), #8906, .T. ) ;
#11057 = VECTOR ( 'NONE', #2326, 1000.000000000000000 ) ;
#11058 = LINE ( 'NONE', #2969, #8393 ) ;
#11059 = DIRECTION ( 'NONE',  ( 0.0000000000000000000, -1.000000000000000000, 0.0000000000000000000 ) ) ;
#11060 = VERTEX_POINT ( 'NONE', #3078 ) ;
#11061 = LINE ( 'NONE', #3583, #8704 ) ;
#11062 = PRESENTATION_STYLE_ASSIGNMENT (( #11989 ) ) ;
#11063 = AXIS2_PLACEMENT_3D ( 'NONE', #11216, #1140, #11084 ) ;
#11064 = ORIENTED_EDGE ( 'NONE', *, *, #5935, .F. ) ;
#11065 = CARTESIAN_POINT ( 'NONE',  ( 0.7850000000000010300, -0.1500000000000003000, 0.1799999999999965800 ) ) ;
#11066 = VERTEX_POINT ( 'NONE', #11984 ) ;
#11067 =( NAMED_UNIT ( * ) PLANE_ANGLE_UNIT ( ) SI_UNIT ( $, .RADIAN. ) );
#11068 = UNCERTAINTY_MEASURE_WITH_UNIT (LENGTH_MEASURE( 1.000000000000000100E-005 ), #3448, 'distance_accuracy_value', 'NONE');
#11069 = ORIENTED_EDGE ( 'NONE', *, *, #5710, .T. ) ;
#11070 = LINE ( 'NONE', #10296, #10750 ) ;
#11071 = ADVANCED_FACE ( 'NONE', ( #439 ), #10960, .T. ) ;
#11072 = LINE ( 'NONE', #1646, #5799 ) ;
#11073 = CARTESIAN_POINT ( 'NONE',  ( -4.024999999999999500, 1.700000000000000200, 3.399999999999996800 ) ) ;
#11074 = LINE ( 'NONE', #9558, #2887 ) ;
#11075 = VECTOR ( 'NONE', #7223, 1000.000000000000000 ) ;
#11076 = CARTESIAN_POINT ( 'NONE',  ( -3.284999999999998800, 2.999999999999999600, -1.761828530288944700E-016 ) ) ;
#11077 = VERTEX_POINT ( 'NONE', #6004 ) ;
#11078 = CARTESIAN_POINT ( 'NONE',  ( -4.825000000000000200, 1.700000000000000000, 2.200000000000000200 ) ) ;
#11079 = DIRECTION ( 'NONE',  ( 0.0000000000000000000, 0.0000000000000000000, 1.000000000000000000 ) ) ;
#11080 = PLANE ( 'NONE',  #809 ) ;
#11081 = VERTEX_POINT ( 'NONE', #2104 ) ;
#11082 = ORIENTED_EDGE ( 'NONE', *, *, #6012, .F. ) ;
#11083 = DIRECTION ( 'NONE',  ( 1.000000000000000000, 0.0000000000000000000, 0.0000000000000000000 ) ) ;
#11084 = DIRECTION ( 'NONE',  ( 0.0000000000000000000, 0.0000000000000000000, -1.000000000000000000 ) ) ;
#11085 = CARTESIAN_POINT ( 'NONE',  ( 0.4650000000000010200, -0.6250000000000003300, 0.6499999999999964700 ) ) ;
#11086 =( GEOMETRIC_REPRESENTATION_CONTEXT ( 3 ) GLOBAL_UNCERTAINTY_ASSIGNED_CONTEXT ( ( #9625 ) ) GLOBAL_UNIT_ASSIGNED_CONTEXT ( ( #156, #7047, #1145 ) ) REPRESENTATION_CONTEXT ( 'NONE', 'WORKASPACE' ) );
#11087 = LINE ( 'NONE', #6402, #8417 ) ;
#11088 = FACE_OUTER_BOUND ( 'NONE', #643, .T. ) ;
#11089 = UNCERTAINTY_MEASURE_WITH_UNIT (LENGTH_MEASURE( 1.000000000000000100E-005 ), #10957, 'distance_accuracy_value', 'NONE');
#11090 = CARTESIAN_POINT ( 'NONE',  ( -4.325000000000001100, 0.09999999999999982500, 4.699999999999995700 ) ) ;
#11091 = VECTOR ( 'NONE', #637, 1000.000000000000000 ) ;
#11092 = ORIENTED_EDGE ( 'NONE', *, *, #5125, .T. ) ;
#11093 = CARTESIAN_POINT ( 'NONE',  ( 1.715000000000001200, 0.4249999999999998200, 0.04999999999999709500 ) ) ;
#11094 = EDGE_CURVE ( 'NONE', #4320, #9126, #3378, .T. ) ;
#11095 = DIRECTION ( 'NONE',  ( -0.0000000000000000000, 1.000000000000000000, 0.0000000000000000000 ) ) ;
#11096 = PLANE ( 'NONE',  #6573 ) ;
#11097 = VECTOR ( 'NONE', #385, 1000.000000000000000 ) ;
#11098 = EDGE_CURVE ( 'NONE', #8198, #10704, #10621, .T. ) ;
#11099 = SURFACE_STYLE_FILL_AREA ( #3792 ) ;
#11100 = PLANE ( 'NONE',  #10533 ) ;
#11101 = DIRECTION ( 'NONE',  ( -1.000000000000000000, -0.0000000000000000000, -0.0000000000000000000 ) ) ;
#11102 = FACE_OUTER_BOUND ( 'NONE', #4589, .T. ) ;
#11103 = LINE ( 'NONE', #5984, #3405 ) ;
#11104 = FILL_AREA_STYLE_COLOUR ( '', #712 ) ;
#11105 = ORIENTED_EDGE ( 'NONE', *, *, #5719, .T. ) ;
#11106 = EDGE_CURVE ( 'NONE', #2659, #12411, #7968, .T. ) ;
#11107 = UNCERTAINTY_MEASURE_WITH_UNIT (LENGTH_MEASURE( 1.000000000000000100E-005 ), #5988, 'distance_accuracy_value', 'NONE');
#11108 = ORIENTED_EDGE ( 'NONE', *, *, #2333, .F. ) ;
#11109 = ORIENTED_EDGE ( 'NONE', *, *, #91, .F. ) ;
#11110 = CARTESIAN_POINT ( 'NONE',  ( -1.450000000000000200, -1.100000000000000300, 0.6499999999999983600 ) ) ;
#11111 = DIRECTION ( 'NONE',  ( -0.0000000000000000000, 0.0000000000000000000, 1.000000000000000000 ) ) ;
#11112 = LINE ( 'NONE', #5631, #5828 ) ;
#11113 = EDGE_CURVE ( 'NONE', #12180, #6412, #10929, .T. ) ;
#11114 = PRESENTATION_STYLE_ASSIGNMENT (( #12495 ) ) ;
#11115 = CARTESIAN_POINT ( 'NONE',  ( 2.035000000000001000, -0.6250000000000003300, 0.2999999999999964900 ) ) ;
#11116 = EDGE_CURVE ( 'NONE', #8619, #4018, #2749, .T. ) ;
#11117 = PRODUCT_CONTEXT ( 'NONE', #6105, 'mechanical' ) ;
#11118 = CARTESIAN_POINT ( 'NONE',  ( -4.024999999999999500, -0.6999999999999988500, 1.749999999999996400 ) ) ;
#11119 = AXIS2_PLACEMENT_3D ( 'NONE', #12659, #6707, #798 ) ;
#11120 = COLOUR_RGB ( '',0.8000000000000000400, 0.8078431372549019800, 0.8000000000000000400 ) ;
#11121 = DIRECTION ( 'NONE',  ( 0.0000000000000000000, 0.0000000000000000000, 1.000000000000000000 ) ) ;
#11122 = ORIENTED_EDGE ( 'NONE', *, *, #6202, .T. ) ;
#11123 = LINE ( 'NONE', #8222, #3248 ) ;
#11124 = VERTEX_POINT ( 'NONE', #3162 ) ;
#11125 = ORIENTED_EDGE ( 'NONE', *, *, #10241, .F. ) ;
#11126 = AXIS2_PLACEMENT_3D ( 'NONE', #5474, #12415, #6460 ) ;
#11127 = LINE ( 'NONE', #9726, #8150 ) ;
#11128 = CARTESIAN_POINT ( 'NONE',  ( -0.4649999999999988600, 2.350000000000003600, 0.6499999999999985800 ) ) ;
#11129 = EDGE_CURVE ( 'NONE', #12051, #3648, #9973, .T. ) ;
#11130 = DIRECTION ( 'NONE',  ( 0.0000000000000000000, -1.000000000000000000, 0.0000000000000000000 ) ) ;
#11131 = ADVANCED_FACE ( 'NONE', ( #10294 ), #4156, .T. ) ;
#11132 = DIRECTION ( 'NONE',  ( 0.0000000000000000000, 0.0000000000000000000, 1.000000000000000000 ) ) ;
#11133 = CARTESIAN_POINT ( 'NONE',  ( 2.965000000000001600, 0.2499999999999996700, 0.1799999999999966600 ) ) ;
#11134 = DIRECTION ( 'NONE',  ( 0.7071067811865483500, -0.7071067811865468000, 0.0000000000000000000 ) ) ;
#11135 = VECTOR ( 'NONE', #2206, 1000.000000000000000 ) ;
#11136 =( NAMED_UNIT ( * ) PLANE_ANGLE_UNIT ( ) SI_UNIT ( $, .RADIAN. ) );
#11137 = ORIENTED_EDGE ( 'NONE', *, *, #6948, .F. ) ;
#11138 = ORIENTED_EDGE ( 'NONE', *, *, #2735, .T. ) ;
#11139 = PRESENTATION_LAYER_ASSIGNMENT (  '', '', ( #9771 ) ) ;
#11140 = DIRECTION ( 'NONE',  ( -0.0000000000000000000, 0.0000000000000000000, -1.000000000000000000 ) ) ;
#11141 = VERTEX_POINT ( 'NONE', #257 ) ;
#11142 =( NAMED_UNIT ( * ) SI_UNIT ( $, .STERADIAN. ) SOLID_ANGLE_UNIT ( ) );
#11144 = COLOUR_RGB ( '',0.8000000000000000400, 0.8078431372549019800, 0.8000000000000000400 ) ;
#11143 = CARTESIAN_POINT ( 'NONE',  ( -0.4649999999999988600, 2.200000000000004200, 0.2999999999999988800 ) ) ;
#11145 = ADVANCED_FACE ( 'NONE', ( #6444 ), #216, .T. ) ;
#11146 = ORIENTED_EDGE ( 'NONE', *, *, #8586, .T. ) ;
#11147 = ORIENTED_EDGE ( 'NONE', *, *, #7270, .F. ) ;
#11148 = VERTEX_POINT ( 'NONE', #7189 ) ;
#11149 = CARTESIAN_POINT ( 'NONE',  ( 4.625000000000000900, -0.4000000000000005200, 0.04999999999999715100 ) ) ;
#11150 = CARTESIAN_POINT ( 'NONE',  ( -2.964999999999998100, 0.4249999999999998200, 1.749999999999996400 ) ) ;
#11151 = DIRECTION ( 'NONE',  ( 0.0000000000000000000, -0.0000000000000000000, 1.000000000000000000 ) ) ;
#11152 = UNCERTAINTY_MEASURE_WITH_UNIT (LENGTH_MEASURE( 1.000000000000000100E-005 ), #7674, 'distance_accuracy_value', 'NONE');
#11153 = CARTESIAN_POINT ( 'NONE',  ( -6.325000000000000200, 0.9000000000000008000, -5.421010862427522200E-017 ) ) ;
#11154 = CARTESIAN_POINT ( 'NONE',  ( 1.949999999999999700, -1.100000000000000100, 2.099999999999996100 ) ) ;
#11155 = VERTEX_POINT ( 'NONE', #1295 ) ;
#11156 = VECTOR ( 'NONE', #4938, 1000.000000000000000 ) ;
#11157 = DIRECTION ( 'NONE',  ( 0.0000000000000000000, -1.000000000000000000, 0.0000000000000000000 ) ) ;
#11158 = EDGE_LOOP ( 'NONE', ( #12198, #11497, #8560, #7464 ) ) ;
#11159 = EDGE_LOOP ( 'NONE', ( #12092, #8466, #8953, #4181 ) ) ;
#11160 = DIRECTION ( 'NONE',  ( 3.252606517456510300E-016, -0.0000000000000000000, 1.000000000000000000 ) ) ;
#11161 = AXIS2_PLACEMENT_3D ( 'NONE', #8002, #2112, #8996 ) ;
#11162 = AXIS2_PLACEMENT_3D ( 'NONE', #1526, #2499, #9387 ) ;
#11163 = CARTESIAN_POINT ( 'NONE',  ( -2.964999999999999000, -0.6250000000000003300, 0.6499999999999964700 ) ) ;
#11164 = VERTEX_POINT ( 'NONE', #12120 ) ;
#11165 = VECTOR ( 'NONE', #4570, 1000.000000000000000 ) ;
#11166 = SURFACE_STYLE_FILL_AREA ( #227 ) ;
#11167 = FILL_AREA_STYLE ('',( #2204 ) ) ;
#11168 = EDGE_LOOP ( 'NONE', ( #9727, #7709, #9595, #12169 ) ) ;
#11169 = ORIENTED_EDGE ( 'NONE', *, *, #1770, .T. ) ;
#11170 =( NAMED_UNIT ( * ) PLANE_ANGLE_UNIT ( ) SI_UNIT ( $, .RADIAN. ) );
#11171 = CARTESIAN_POINT ( 'NONE',  ( 2.349999999999998800, -0.6999999999999988500, 1.749999999999996900 ) ) ;
#11172 = EDGE_CURVE ( 'NONE', #8630, #2675, #5525, .T. ) ;
#11173 = DIRECTION ( 'NONE',  ( -1.000000000000000000, -0.0000000000000000000, 3.047487187526822800E-016 ) ) ;
#11174 = EDGE_CURVE ( 'NONE', #7150, #8342, #9051, .T. ) ;
#11175 = VECTOR ( 'NONE', #1571, 1000.000000000000000 ) ;
#11176 = ORIENTED_EDGE ( 'NONE', *, *, #4492, .F. ) ;
#11177 = VECTOR ( 'NONE', #211, 1000.000000000000000 ) ;
#11178 = VECTOR ( 'NONE', #716, 1000.000000000000000 ) ;
#11179 = FILL_AREA_STYLE_COLOUR ( '', #4078 ) ;
#11180 = VECTOR ( 'NONE', #1084, 1000.000000000000000 ) ;
#11181 = STYLED_ITEM ( 'NONE', ( #7285 ), #5742 ) ;
#11182 = EDGE_CURVE ( 'NONE', #4445, #5705, #8123, .T. ) ;
#11183 = DIRECTION ( 'NONE',  ( 0.0000000000000000000, 1.000000000000000000, 0.0000000000000000000 ) ) ;
#11184 = EDGE_CURVE ( 'NONE', #12450, #7777, #7797, .T. ) ;
#11185 = DIRECTION ( 'NONE',  ( 0.0000000000000000000, -1.000000000000000000, -0.0000000000000000000 ) ) ;
#11186 = DIRECTION ( 'NONE',  ( 0.0000000000000000000, 0.0000000000000000000, -1.000000000000000000 ) ) ;
#11187 = EDGE_CURVE ( 'NONE', #10723, #4445, #2590, .T. ) ;
#11188 = ORIENTED_EDGE ( 'NONE', *, *, #4183, .F. ) ;
#11189 = ADVANCED_FACE ( 'NONE', ( #10451 ), #3329, .T. ) ;
#11190 = VECTOR ( 'NONE', #11215, 1000.000000000000000 ) ;
#11191 = VECTOR ( 'NONE', #11379, 1000.000000000000000 ) ;
#11192 = ORIENTED_EDGE ( 'NONE', *, *, #10860, .F. ) ;
#11193 = FACE_OUTER_BOUND ( 'NONE', #5412, .T. ) ;
#11194 = EDGE_CURVE ( 'NONE', #8510, #10582, #3992, .T. ) ;
#11195 = PLANE ( 'NONE',  #5196 ) ;
#11196 = SURFACE_STYLE_USAGE ( .BOTH. , #4288 ) ;
#11197 =( NAMED_UNIT ( * ) SI_UNIT ( $, .STERADIAN. ) SOLID_ANGLE_UNIT ( ) );
#11198 = AXIS2_PLACEMENT_3D ( 'NONE', #8518, #2635, #9521 ) ;
#11199 = CARTESIAN_POINT ( 'NONE',  ( -2.964999999999999000, 2.350000000000003600, 0.6499999999999985800 ) ) ;
#11200 = EDGE_CURVE ( 'NONE', #12667, #1982, #1350, .T. ) ;
#11201 = DIRECTION ( 'NONE',  ( -0.9805806756909208900, 0.0000000000000000000, 0.1961161351381804100 ) ) ;
#11202 = COLOUR_RGB ( '',0.8000000000000000400, 0.8078431372549019800, 0.8000000000000000400 ) ;
#11203 = COLOUR_RGB ( '',0.8000000000000000400, 0.8078431372549019800, 0.8000000000000000400 ) ;
#11204 = ADVANCED_FACE ( 'NONE', ( #3672 ), #11270, .T. ) ;
#11205 = EDGE_CURVE ( 'NONE', #11584, #1576, #1035, .T. ) ;
#11206 = CARTESIAN_POINT ( 'NONE',  ( 4.845000000000000600, 1.100000000000000100, 0.3039999999999999400 ) ) ;
#11207 = ORIENTED_EDGE ( 'NONE', *, *, #11363, .T. ) ;
#11208 = CARTESIAN_POINT ( 'NONE',  ( 2.965000000000001600, -0.1500000000000003300, 0.2999999999999965500 ) ) ;
#11209 = ORIENTED_EDGE ( 'NONE', *, *, #10857, .F. ) ;
#11210 = STYLED_ITEM ( 'NONE', ( #11868 ), #8133 ) ;
#11211 = ORIENTED_EDGE ( 'NONE', *, *, #3736, .F. ) ;
#11212 = CARTESIAN_POINT ( 'NONE',  ( 2.035000000000001000, -0.6250000000000003300, 0.2999999999999964900 ) ) ;
#11213 = DIRECTION ( 'NONE',  ( -1.000000000000000000, 0.0000000000000000000, 0.0000000000000000000 ) ) ;
#11214 = CARTESIAN_POINT ( 'NONE',  ( -6.125000000000000000, -1.100000000000000100, 2.200000000000000200 ) ) ;
#11215 = DIRECTION ( 'NONE',  ( 0.0000000000000000000, 0.7071067811865431300, -0.7071067811865519000 ) ) ;
#11216 = CARTESIAN_POINT ( 'NONE',  ( -2.034999999999998800, 0.0000000000000000000, 0.0000000000000000000 ) ) ;
#11217 = CARTESIAN_POINT ( 'NONE',  ( -5.825000000000000200, 1.700000000000000000, 2.200000000000000200 ) ) ;
#11218 = CARTESIAN_POINT ( 'NONE',  ( -4.125000000000000000, -0.4000000000000005200, 0.04999999999999980800 ) ) ;
#11219 = VECTOR ( 'NONE', #5296, 1000.000000000000000 ) ;
#11220 = MECHANICAL_DESIGN_GEOMETRIC_PRESENTATION_REPRESENTATION (  '', ( #9211 ), #11904 ) ;
#11221 = VECTOR ( 'NONE', #3212, 1000.000000000000000 ) ;
#11222 = ORIENTED_EDGE ( 'NONE', *, *, #11251, .T. ) ;
#11223 = UNCERTAINTY_MEASURE_WITH_UNIT (LENGTH_MEASURE( 1.000000000000000100E-005 ), #6285, 'distance_accuracy_value', 'NONE');
#11224 = ORIENTED_EDGE ( 'NONE', *, *, #11113, .F. ) ;
#11225 = VERTEX_POINT ( 'NONE', #8297 ) ;
#11226 = CARTESIAN_POINT ( 'NONE',  ( -0.7849999999999988100, -0.1500000000000003300, 0.2999999999999965500 ) ) ;
#11227 = SURFACE_STYLE_USAGE ( .BOTH. , #4324 ) ;
#11228 =( NAMED_UNIT ( * ) PLANE_ANGLE_UNIT ( ) SI_UNIT ( $, .RADIAN. ) );
#11229 =( GEOMETRIC_REPRESENTATION_CONTEXT ( 3 ) GLOBAL_UNCERTAINTY_ASSIGNED_CONTEXT ( ( #5333 ) ) GLOBAL_UNIT_ASSIGNED_CONTEXT ( ( #6597, #691, #7558 ) ) REPRESENTATION_CONTEXT ( 'NONE', 'WORKASPACE' ) );
#11230 = VECTOR ( 'NONE', #4830, 1000.000000000000000 ) ;
#11231 = PLANE ( 'NONE',  #4353 ) ;
#11232 = ORIENTED_EDGE ( 'NONE', *, *, #604, .T. ) ;
#11233 = VECTOR ( 'NONE', #12439, 1000.000000000000000 ) ;
#11234 = ORIENTED_EDGE ( 'NONE', *, *, #9400, .F. ) ;
#11235 = VERTEX_POINT ( 'NONE', #6326 ) ;
#11236 = EDGE_LOOP ( 'NONE', ( #1496, #5624, #3252, #5185, #7953, #11626 ) ) ;
#11237 = LINE ( 'NONE', #8286, #3362 ) ;
#11238 = CARTESIAN_POINT ( 'NONE',  ( -1.714999999999998100, -0.3750000000000003300, 1.749999999999996400 ) ) ;
#11239 = PRESENTATION_LAYER_ASSIGNMENT (  '', '', ( #9867 ) ) ;
#11240 = FACE_OUTER_BOUND ( 'NONE', #5566, .T. ) ;
#11241 =( NAMED_UNIT ( * ) SI_UNIT ( $, .STERADIAN. ) SOLID_ANGLE_UNIT ( ) );
#11242 =( GEOMETRIC_REPRESENTATION_CONTEXT ( 3 ) GLOBAL_UNCERTAINTY_ASSIGNED_CONTEXT ( ( #10170 ) ) GLOBAL_UNIT_ASSIGNED_CONTEXT ( ( #12711, #12624, #12055 ) ) REPRESENTATION_CONTEXT ( 'NONE', 'WORKASPACE' ) );
#11243 = LINE ( 'NONE', #2183, #10920 ) ;
#11244 = DIRECTION ( 'NONE',  ( -0.0000000000000000000, 0.0000000000000000000, -1.000000000000000000 ) ) ;
#11245 = ORIENTED_EDGE ( 'NONE', *, *, #9017, .F. ) ;
#11246 = CARTESIAN_POINT ( 'NONE',  ( -0.4649999999999988600, 0.2499999999999996700, 0.1799999999999966600 ) ) ;
#11247 = VERTEX_POINT ( 'NONE', #1419 ) ;
#11248 = LINE ( 'NONE', #9719, #436 ) ;
#11249 = CARTESIAN_POINT ( 'NONE',  ( -0.7849999999999988100, -0.6250000000000003300, 0.2999999999999964900 ) ) ;
#11250 = DIRECTION ( 'NONE',  ( -1.000000000000000000, 6.776263578034385000E-016, 0.0000000000000000000 ) ) ;
#11251 = EDGE_CURVE ( 'NONE', #2135, #3642, #6600, .T. ) ;
#11253 = VECTOR ( 'NONE', #48, 1000.000000000000000 ) ;
#11252 = PLANE ( 'NONE',  #6399 ) ;
#11254 = ORIENTED_EDGE ( 'NONE', *, *, #526, .F. ) ;
#11255 = ADVANCED_FACE ( 'NONE', ( #11240 ), #477, .T. ) ;
#11256 = CARTESIAN_POINT ( 'NONE',  ( 4.845000000000000600, 1.100000000000000100, 1.225999999999999800 ) ) ;
#11257 = VERTEX_POINT ( 'NONE', #11311 ) ;
#11258 = ORIENTED_EDGE ( 'NONE', *, *, #10230, .F. ) ;
#11260 = FILL_AREA_STYLE ('',( #11445 ) ) ;
#11259 = FILL_AREA_STYLE_COLOUR ( '', #3318 ) ;
#11261 = PLANE ( 'NONE',  #3874 ) ;
#11262 = MECHANICAL_DESIGN_GEOMETRIC_PRESENTATION_REPRESENTATION (  '', ( #9888 ), #11945 ) ;
#11263 = ORIENTED_EDGE ( 'NONE', *, *, #7032, .T. ) ;
#11264 = LINE ( 'NONE', #8556, #8597 ) ;
#11265 = DIRECTION ( 'NONE',  ( 0.0000000000000000000, 0.0000000000000000000, -1.000000000000000000 ) ) ;
#11266 = EDGE_CURVE ( 'NONE', #5073, #6682, #6275, .T. ) ;
#11267 = FILL_AREA_STYLE_COLOUR ( '', #7951 ) ;
#11268 = ORIENTED_EDGE ( 'NONE', *, *, #11964, .T. ) ;
#11269 = VECTOR ( 'NONE', #12476, 1000.000000000000000 ) ;
#11270 = PLANE ( 'NONE',  #7765 ) ;
#11271 = ORIENTED_EDGE ( 'NONE', *, *, #5651, .T. ) ;
#11272 = VERTEX_POINT ( 'NONE', #4453 ) ;
#11273 = EDGE_CURVE ( 'NONE', #981, #4757, #8262, .T. ) ;
#11274 = ADVANCED_FACE ( 'NONE', ( #10918 ), #10607, .F. ) ;
#11275 = DIRECTION ( 'NONE',  ( 0.0000000000000000000, 1.000000000000000000, 1.141265444721583800E-016 ) ) ;
#11276 = ORIENTED_EDGE ( 'NONE', *, *, #8234, .T. ) ;
#11277 = DIRECTION ( 'NONE',  ( 1.000000000000000000, 0.0000000000000000000, -3.047487187526822800E-016 ) ) ;
#11278 = EDGE_CURVE ( 'NONE', #8627, #95, #423, .T. ) ;
#11279 = SURFACE_STYLE_FILL_AREA ( #8281 ) ;
#11280 = PLANE ( 'NONE',  #9797 ) ;
#11281 = EDGE_LOOP ( 'NONE', ( #9564, #10826, #8437, #8494 ) ) ;
#11282 = DIRECTION ( 'NONE',  ( 0.0000000000000000000, 0.0000000000000000000, 1.000000000000000000 ) ) ;
#11283 = LINE ( 'NONE', #9496, #5987 ) ;
#11284 = EDGE_CURVE ( 'NONE', #655, #2188, #3052, .T. ) ;
#11285 = EDGE_LOOP ( 'NONE', ( #3658, #9871, #8987, #11109 ) ) ;
#11286 = CARTESIAN_POINT ( 'NONE',  ( 3.285000000000001500, 3.100000000000000100, 0.09999999999999947800 ) ) ;
#11287 = MECHANICAL_DESIGN_GEOMETRIC_PRESENTATION_REPRESENTATION (  '', ( #9276 ), #11969 ) ;
#11288 = DIRECTION ( 'NONE',  ( -1.000000000000000000, -0.0000000000000000000, 3.047487187526822800E-016 ) ) ;
#11289 = FACE_BOUND ( 'NONE', #5451, .T. ) ;
#11290 = EDGE_LOOP ( 'NONE', ( #9302, #11245, #2342, #5006 ) ) ;
#11291 = AXIS2_PLACEMENT_3D ( 'NONE', #12104, #5202, #12149 ) ;
#11292 = ORIENTED_EDGE ( 'NONE', *, *, #984, .F. ) ;
#11293 = COLOUR_RGB ( '',0.8000000000000000400, 0.8078431372549019800, 0.8000000000000000400 ) ;
#11294 = CARTESIAN_POINT ( 'NONE',  ( 1.715000000000001200, 2.999999999999999600, -1.761828530288944700E-016 ) ) ;
#11295 = CARTESIAN_POINT ( 'NONE',  ( -3.184999999999998700, -0.2500000000000006700, 3.999999999999993300 ) ) ;
#11296 =( NAMED_UNIT ( * ) SI_UNIT ( $, .STERADIAN. ) SOLID_ANGLE_UNIT ( ) );
#11297 = CARTESIAN_POINT ( 'NONE',  ( -2.964999999999999000, -0.6250000000000003300, 0.2999999999999964900 ) ) ;
#11298 = DIRECTION ( 'NONE',  ( 0.0000000000000000000, -1.000000000000000000, 0.0000000000000000000 ) ) ;
#11299 = ORIENTED_EDGE ( 'NONE', *, *, #368, .T. ) ;
#11300 = DIRECTION ( 'NONE',  ( -1.000000000000000000, -0.0000000000000000000, -0.0000000000000000000 ) ) ;
#11301 = ORIENTED_EDGE ( 'NONE', *, *, #341, .T. ) ;
#11302 = ORIENTED_EDGE ( 'NONE', *, *, #12029, .F. ) ;
#11303 = AXIS2_PLACEMENT_3D ( 'NONE', #8831, #996, #7879 ) ;
#11304 = ORIENTED_EDGE ( 'NONE', *, *, #12216, .T. ) ;
#11305 = VECTOR ( 'NONE', #6721, 1000.000000000000000 ) ;
#11306 = EDGE_LOOP ( 'NONE', ( #5215, #1959, #3593, #3743 ) ) ;
#11307 = DIRECTION ( 'NONE',  ( -0.7071067811865468000, 0.0000000000000000000, 0.7071067811865483500 ) ) ;
#11308 =( LENGTH_UNIT ( ) NAMED_UNIT ( * ) SI_UNIT ( .MILLI., .METRE. ) );
#11309 = DIRECTION ( 'NONE',  ( 0.0000000000000000000, 0.0000000000000000000, -1.000000000000000000 ) ) ;
#11310 = DIRECTION ( 'NONE',  ( 1.885568995626964800E-016, 0.0000000000000000000, -1.000000000000000000 ) ) ;
#11311 = CARTESIAN_POINT ( 'NONE',  ( 5.645000000000000500, -1.100000000000000100, 1.529999999999999800 ) ) ;
#11312 = FILL_AREA_STYLE ('',( #6647 ) ) ;
#11313 = ORIENTED_EDGE ( 'NONE', *, *, #2381, .F. ) ;
#11314 = FILL_AREA_STYLE_COLOUR ( '', #3491 ) ;
#11315 = ORIENTED_EDGE ( 'NONE', *, *, #5773, .F. ) ;
#11316 = STYLED_ITEM ( 'NONE', ( #881 ), #1871 ) ;
#11317 = ORIENTED_EDGE ( 'NONE', *, *, #6108, .F. ) ;
#11318 = ORIENTED_EDGE ( 'NONE', *, *, #12025, .T. ) ;
#11319 = DIRECTION ( 'NONE',  ( 0.0000000000000000000, -1.000000000000000000, 0.0000000000000000000 ) ) ;
#11320 = ADVANCED_FACE ( 'NONE', ( #2738 ), #8374, .F. ) ;
#11321 = ORIENTED_EDGE ( 'NONE', *, *, #4086, .T. ) ;
#11322 = DIRECTION ( 'NONE',  ( 0.0000000000000000000, 0.7071067811865453500, -0.7071067811865496800 ) ) ;
#11323 = AXIS2_PLACEMENT_3D ( 'NONE', #9056, #3179, #10039 ) ;
#11324 = DIRECTION ( 'NONE',  ( -1.000000000000000000, 0.0000000000000000000, 0.0000000000000000000 ) ) ;
#11325 = VECTOR ( 'NONE', #4745, 1000.000000000000000 ) ;
#11326 =( NAMED_UNIT ( * ) SI_UNIT ( $, .STERADIAN. ) SOLID_ANGLE_UNIT ( ) );
#11327 = ORIENTED_EDGE ( 'NONE', *, *, #8512, .T. ) ;
#11328 = DIRECTION ( 'NONE',  ( 1.000000000000000000, -0.0000000000000000000, -3.252606517456510300E-016 ) ) ;
#11329 = EDGE_LOOP ( 'NONE', ( #11064, #3084, #2289, #10744 ) ) ;
#11330 = ORIENTED_EDGE ( 'NONE', *, *, #12139, .F. ) ;
#11331 = CARTESIAN_POINT ( 'NONE',  ( 2.035000000000001000, -0.2500000000000006700, 3.999999999999993300 ) ) ;
#11332 = VECTOR ( 'NONE', #11157, 1000.000000000000000 ) ;
#11333 = LINE ( 'NONE', #640, #8354 ) ;
#11334 = VECTOR ( 'NONE', #3181, 1000.000000000000000 ) ;
#11335 = MECHANICAL_DESIGN_GEOMETRIC_PRESENTATION_REPRESENTATION (  '', ( #9314 ), #12016 ) ;
#11336 = ADVANCED_FACE ( 'NONE', ( #10279 ), #561, .T. ) ;
#11337 = MECHANICAL_DESIGN_GEOMETRIC_PRESENTATION_REPRESENTATION (  '', ( #9315 ), #12018 ) ;
#11338 = SURFACE_SIDE_STYLE ('',( #12457 ) ) ;
#11339 = FILL_AREA_STYLE_COLOUR ( '', #2783 ) ;
#11340 = CARTESIAN_POINT ( 'NONE',  ( 4.625000000000000900, -0.4000000000000005200, 0.2999999999999971600 ) ) ;
#11341 = ORIENTED_EDGE ( 'NONE', *, *, #11194, .T. ) ;
#11342 = CARTESIAN_POINT ( 'NONE',  ( -2.964999999999999000, -0.2500000000000006700, 3.999999999999993300 ) ) ;
#11343 = LINE ( 'NONE', #6450, #3771 ) ;
#11344 = UNCERTAINTY_MEASURE_WITH_UNIT (LENGTH_MEASURE( 1.000000000000000100E-005 ), #6265, 'distance_accuracy_value', 'NONE');
#11345 = EDGE_CURVE ( 'NONE', #12030, #9599, #7958, .T. ) ;
#11346 = SURFACE_STYLE_FILL_AREA ( #12783 ) ;
#11347 = CARTESIAN_POINT ( 'NONE',  ( -6.737000000000001900, -0.4879999999999971000, 0.2539999999999999500 ) ) ;
#11348 = EDGE_CURVE ( 'NONE', #11235, #95, #7641, .T. ) ;
#11349 = ORIENTED_EDGE ( 'NONE', *, *, #3904, .T. ) ;
#11350 = CARTESIAN_POINT ( 'NONE',  ( -0.2000000000000000900, 2.600000000000000100, 0.2999999999999981000 ) ) ;
#11351 = CARTESIAN_POINT ( 'NONE',  ( -4.624999999999999100, 2.600000000000000100, 4.699999999999995700 ) ) ;
#11352 = VERTEX_POINT ( 'NONE', #5522 ) ;
#11353 = EDGE_CURVE ( 'NONE', #3506, #9920, #9956, .T. ) ;
#11354 = VECTOR ( 'NONE', #11083, 1000.000000000000000 ) ;
#11355 = DIRECTION ( 'NONE',  ( 0.0000000000000000000, 0.0000000000000000000, -1.000000000000000000 ) ) ;
#11356 = DIRECTION ( 'NONE',  ( 0.0000000000000000000, 0.0000000000000000000, -1.000000000000000000 ) ) ;
#11357 = EDGE_LOOP ( 'NONE', ( #12760, #11321, #5402, #8881 ) ) ;
#11358 = VERTEX_POINT ( 'NONE', #612 ) ;
#11359 = LINE ( 'NONE', #5198, #8683 ) ;
#11360 = LINE ( 'NONE', #1855, #3477 ) ;
#11361 = DIRECTION ( 'NONE',  ( -1.000000000000000000, -0.0000000000000000000, 3.047487187526822800E-016 ) ) ;
#11362 =( NAMED_UNIT ( * ) SI_UNIT ( $, .STERADIAN. ) SOLID_ANGLE_UNIT ( ) );
#11363 = EDGE_CURVE ( 'NONE', #6462, #10633, #5041, .T. ) ;
#11364 = STYLED_ITEM ( 'NONE', ( #8608 ), #6980 ) ;
#11365 = CARTESIAN_POINT ( 'NONE',  ( -2.964999999999999000, -0.3750000000000005000, 3.499999999999986700 ) ) ;
#11366 = CARTESIAN_POINT ( 'NONE',  ( -2.964999999999999000, 0.4249999999999998200, 3.499999999999981300 ) ) ;
#11367 = VECTOR ( 'NONE', #4895, 1000.000000000000000 ) ;
#11368 = VECTOR ( 'NONE', #5396, 1000.000000000000000 ) ;
#11369 = CARTESIAN_POINT ( 'NONE',  ( -0.7849999999999988100, -0.6250000000000003300, 0.6499999999999964700 ) ) ;
#11370 = AXIS2_PLACEMENT_3D ( 'NONE', #4204, #11095, #5174 ) ;
#11371 = ORIENTED_EDGE ( 'NONE', *, *, #441, .F. ) ;
#11372 = CARTESIAN_POINT ( 'NONE',  ( 0.7850000000000010300, 0.2499999999999996700, 0.1799999999999966600 ) ) ;
#11373 = EDGE_CURVE ( 'NONE', #8805, #3074, #12651, .T. ) ;
#11374 =( NAMED_UNIT ( * ) SI_UNIT ( $, .STERADIAN. ) SOLID_ANGLE_UNIT ( ) );
#11375 = VERTEX_POINT ( 'NONE', #9464 ) ;
#11376 = LINE ( 'NONE', #1347, #1160 ) ;
#11377 = VECTOR ( 'NONE', #7940, 1000.000000000000000 ) ;
#11378 = PRESENTATION_LAYER_ASSIGNMENT (  '', '', ( #10700 ) ) ;
#11379 = DIRECTION ( 'NONE',  ( 0.0000000000000000000, 0.0000000000000000000, 1.000000000000000000 ) ) ;
#11380 = VECTOR ( 'NONE', #1557, 1000.000000000000000 ) ;
#11381 = VECTOR ( 'NONE', #5973, 1000.000000000000000 ) ;
#11382 = CARTESIAN_POINT ( 'NONE',  ( -4.624999999999999100, 2.600000000000000100, 4.699999999999995700 ) ) ;
#11383 =( NAMED_UNIT ( * ) SI_UNIT ( $, .STERADIAN. ) SOLID_ANGLE_UNIT ( ) );
#11384 = ORIENTED_EDGE ( 'NONE', *, *, #5379, .T. ) ;
#11385 = MECHANICAL_DESIGN_GEOMETRIC_PRESENTATION_REPRESENTATION (  '', ( #9362 ), #12074 ) ;
#11386 = UNCERTAINTY_MEASURE_WITH_UNIT (LENGTH_MEASURE( 1.000000000000000100E-005 ), #6555, 'distance_accuracy_value', 'NONE');
#11387 = ADVANCED_FACE ( 'NONE', ( #4739 ), #6549, .F. ) ;
#11388 = DIRECTION ( 'NONE',  ( -2.344220913482171700E-016, 1.000000000000000000, 0.0000000000000000000 ) ) ;
#11389 = DIRECTION ( 'NONE',  ( -0.0000000000000000000, 1.000000000000000000, 0.0000000000000000000 ) ) ;
#11390 = DIRECTION ( 'NONE',  ( 0.0000000000000000000, 0.0000000000000000000, 1.000000000000000000 ) ) ;
#11391 = CYLINDRICAL_SURFACE ( 'NONE', #2806, 0.3040000000000002100 ) ;
#11392 = LINE ( 'NONE', #2667, #872 ) ;
#11393 = LINE ( 'NONE', #9474, #6089 ) ;
#11394 = VERTEX_POINT ( 'NONE', #12496 ) ;
#11395 = LINE ( 'NONE', #11171, #3816 ) ;
#11396 = ORIENTED_EDGE ( 'NONE', *, *, #11862, .T. ) ;
#11397 = PLANE ( 'NONE',  #9606 ) ;
#11398 = ORIENTED_EDGE ( 'NONE', *, *, #9411, .F. ) ;
#11399 = CARTESIAN_POINT ( 'NONE',  ( -4.625000000000000900, 2.600000000000000100, 0.2999999999999999900 ) ) ;
#11400 = CARTESIAN_POINT ( 'NONE',  ( -1.450000000000000200, -1.100000000000000300, 0.6499999999999983600 ) ) ;
#11401 = CARTESIAN_POINT ( 'NONE',  ( 0.0000000000000000000, 0.0000000000000000000, 3.699999999999996600 ) ) ;
#11402 = ADVANCED_FACE ( 'NONE', ( #12348 ), #5561, .F. ) ;
#11403 = CARTESIAN_POINT ( 'NONE',  ( 3.285000000000001500, 2.999999999999999600, -1.761828530288944700E-016 ) ) ;
#11404 = UNCERTAINTY_MEASURE_WITH_UNIT (LENGTH_MEASURE( 1.000000000000000100E-005 ), #1097, 'distance_accuracy_value', 'NONE');
#11405 = FACE_OUTER_BOUND ( 'NONE', #6140, .T. ) ;
#11406 = AXIS2_PLACEMENT_3D ( 'NONE', #5261, #6225, #331 ) ;
#11407 = CARTESIAN_POINT ( 'NONE',  ( -3.050000000000000300, 2.123118842698621800, 2.099999999999996100 ) ) ;
#11408 = VECTOR ( 'NONE', #6446, 1000.000000000000000 ) ;
#11409 = EDGE_LOOP ( 'NONE', ( #2780, #9811, #6589, #335 ) ) ;
#11410 = CARTESIAN_POINT ( 'NONE',  ( 6.125000000000000000, 1.700000000000000000, 0.7999999999999979300 ) ) ;
#11411 = STYLED_ITEM ( 'NONE', ( #3044 ), #4042 ) ;
#11412 = VECTOR ( 'NONE', #1200, 1000.000000000000000 ) ;
#11413 = SURFACE_SIDE_STYLE ('',( #42 ) ) ;
#11414 =( NAMED_UNIT ( * ) SI_UNIT ( $, .STERADIAN. ) SOLID_ANGLE_UNIT ( ) );
#11415 = COLOUR_RGB ( '',0.8000000000000000400, 0.8078431372549019800, 0.8000000000000000400 ) ;
#11416 = FACE_OUTER_BOUND ( 'NONE', #10569, .T. ) ;
#11417 = VECTOR ( 'NONE', #4791, 1000.000000000000000 ) ;
#11418 =( NAMED_UNIT ( * ) PLANE_ANGLE_UNIT ( ) SI_UNIT ( $, .RADIAN. ) );
#11419 = CARTESIAN_POINT ( 'NONE',  ( 2.035000000000001000, 2.200000000000004200, 0.2999999999999988800 ) ) ;
#11420 = ORIENTED_EDGE ( 'NONE', *, *, #11426, .F. ) ;
#11421 = ORIENTED_EDGE ( 'NONE', *, *, #6540, .T. ) ;
#11422 = VERTEX_POINT ( 'NONE', #9549 ) ;
#11423 = FACE_BOUND ( 'NONE', #8272, .T. ) ;
#11424 = CARTESIAN_POINT ( 'NONE',  ( -4.624999999999999100, -1.000000000000000400, 4.699999999999995700 ) ) ;
#11425 = EDGE_LOOP ( 'NONE', ( #7379, #2329, #12717, #6471 ) ) ;
#11426 = EDGE_CURVE ( 'NONE', #1208, #8020, #11392, .T. ) ;
#11427 = CARTESIAN_POINT ( 'NONE',  ( 5.000000000000000000, 1.480139484621849500E-016, 0.6499999999999975800 ) ) ;
#11428 = PLANE ( 'NONE',  #2857 ) ;
#11429 = LINE ( 'NONE', #5560, #3554 ) ;
#11430 = CARTESIAN_POINT ( 'NONE',  ( 3.285000000000001500, -0.3750000000000005000, 3.499999999999986700 ) ) ;
#11431 = LINE ( 'NONE', #6775, #3558 ) ;
#11432 = CARTESIAN_POINT ( 'NONE',  ( -6.125000000000000000, 1.100000000000000100, -4.960040550996611700E-017 ) ) ;
#11433 = ORIENTED_EDGE ( 'NONE', *, *, #5397, .F. ) ;
#11434 = SURFACE_STYLE_FILL_AREA ( #2747 ) ;
#11435 = AXIS2_PLACEMENT_3D ( 'NONE', #9099, #1261, #8139 ) ;
#11436 = CARTESIAN_POINT ( 'NONE',  ( 2.035000000000001000, -0.3750000000000001100, 0.6499999999999975800 ) ) ;
#11437 = ORIENTED_EDGE ( 'NONE', *, *, #4976, .T. ) ;
#11438 = EDGE_LOOP ( 'NONE', ( #6363, #609, #3253, #8664 ) ) ;
#11439 = EDGE_CURVE ( 'NONE', #6574, #11148, #3516, .T. ) ;
#11440 = PRESENTATION_STYLE_ASSIGNMENT (( #11782 ) ) ;
#11441 = ORIENTED_EDGE ( 'NONE', *, *, #10917, .F. ) ;
#11442 = EDGE_CURVE ( 'NONE', #5824, #10421, #11072, .T. ) ;
#11443 = DIRECTION ( 'NONE',  ( -1.000000000000000000, -0.0000000000000000000, -0.0000000000000000000 ) ) ;
#11444 = CARTESIAN_POINT ( 'NONE',  ( 2.650000000000000400, -1.100000000000000100, 4.699999999999995700 ) ) ;
#11445 = FILL_AREA_STYLE_COLOUR ( '', #1695 ) ;
#11446 = CARTESIAN_POINT ( 'NONE',  ( -4.845000000000000600, -0.8800000000000003400, 1.529999999999999800 ) ) ;
#11447 = LINE ( 'NONE', #240, #8772 ) ;
#11448 = EDGE_CURVE ( 'NONE', #3466, #4320, #8407, .T. ) ;
#11449 = PLANE ( 'NONE',  #12843 ) ;
#11450 = VERTEX_POINT ( 'NONE', #5644 ) ;
#11451 = DIRECTION ( 'NONE',  ( 1.000000000000000000, 0.0000000000000000000, 0.0000000000000000000 ) ) ;
#11452 = PRESENTATION_LAYER_ASSIGNMENT (  '', '', ( #10082 ) ) ;
#11453 = ORIENTED_EDGE ( 'NONE', *, *, #8572, .T. ) ;
#11454 = ADVANCED_FACE ( 'NONE', ( #6088 ), #3713, .T. ) ;
#11455 = EDGE_CURVE ( 'NONE', #4595, #9712, #5514, .T. ) ;
#11456 = ORIENTED_EDGE ( 'NONE', *, *, #8165, .T. ) ;
#11457 = VECTOR ( 'NONE', #3958, 1000.000000000000000 ) ;
#11458 = DIRECTION ( 'NONE',  ( 0.0000000000000000000, -1.000000000000000000, -2.032879073410321300E-016 ) ) ;
#11459 = COLOUR_RGB ( '',0.8000000000000000400, 0.8078431372549019800, 0.8000000000000000400 ) ;
#11460 = EDGE_CURVE ( 'NONE', #1594, #2577, #10752, .T. ) ;
#11461 = DIRECTION ( 'NONE',  ( -1.000000000000000000, 6.776263578034385000E-016, -0.0000000000000000000 ) ) ;
#11462 = ORIENTED_EDGE ( 'NONE', *, *, #12216, .F. ) ;
#11463 = ORIENTED_EDGE ( 'NONE', *, *, #1764, .T. ) ;
#11464 = PRESENTATION_STYLE_ASSIGNMENT (( #4986 ) ) ;
#11465 = STYLED_ITEM ( 'NONE', ( #3220 ), #7863 ) ;
#11466 = CARTESIAN_POINT ( 'NONE',  ( -4.625000000000000900, 2.600000000000000100, 0.2999999999999999900 ) ) ;
#11467 = ADVANCED_FACE ( 'NONE', ( #2886 ), #8624, .T. ) ;
#11468 = VERTEX_POINT ( 'NONE', #1771 ) ;
#11469 = DIRECTION ( 'NONE',  ( 0.0000000000000000000, -0.0000000000000000000, -1.000000000000000000 ) ) ;
#11470 = ORIENTED_EDGE ( 'NONE', *, *, #1913, .F. ) ;
#11471 = ORIENTED_EDGE ( 'NONE', *, *, #10491, .F. ) ;
#11472 = DIRECTION ( 'NONE',  ( -1.000000000000000000, 0.0000000000000000000, 3.252606517456510300E-016 ) ) ;
#11473 = CARTESIAN_POINT ( 'NONE',  ( -1.714999999999999000, 0.3499999999999997000, 3.999999999999993300 ) ) ;
#11474 = VERTEX_POINT ( 'NONE', #9678 ) ;
#11475 = CARTESIAN_POINT ( 'NONE',  ( -1.714999999999999000, 0.4249999999999998200, 0.6499999999999964700 ) ) ;
#11476 = UNCERTAINTY_MEASURE_WITH_UNIT (LENGTH_MEASURE( 1.000000000000000100E-005 ), #6580, 'distance_accuracy_value', 'NONE');
#11477 = CARTESIAN_POINT ( 'NONE',  ( 0.1999999999999987900, 2.600000000000000100, 0.6499999999999978000 ) ) ;
#11478 = COLOUR_RGB ( '',0.8000000000000000400, 0.8078431372549019800, 0.8000000000000000400 ) ;
#11479 = MECHANICAL_DESIGN_GEOMETRIC_PRESENTATION_REPRESENTATION (  '', ( #9461 ), #12161 ) ;
#11480 = ORIENTED_EDGE ( 'NONE', *, *, #2907, .F. ) ;
#11481 = LINE ( 'NONE', #8457, #8806 ) ;
#11482 = ORIENTED_EDGE ( 'NONE', *, *, #10691, .T. ) ;
#11483 = VERTEX_POINT ( 'NONE', #8668 ) ;
#11484 = DIRECTION ( 'NONE',  ( 0.0000000000000000000, 0.0000000000000000000, 1.000000000000000000 ) ) ;
#11485 = COLOUR_RGB ( '',0.8000000000000000400, 0.8078431372549019800, 0.8000000000000000400 ) ;
#11486 = COLOUR_RGB ( '',0.8000000000000000400, 0.8078431372549019800, 0.8000000000000000400 ) ;
#11487 =( LENGTH_UNIT ( ) NAMED_UNIT ( * ) SI_UNIT ( .MILLI., .METRE. ) );
#11488 = CARTESIAN_POINT ( 'NONE',  ( 0.6850000000000011600, -0.3750000000000005600, 3.999999999999993300 ) ) ;
#11489 = AXIS2_PLACEMENT_3D ( 'NONE', #9381, #3504, #10383 ) ;
#11490 = CARTESIAN_POINT ( 'NONE',  ( -4.624999999999999100, 1.700000000000000000, 4.699999999999996600 ) ) ;
#11491 = VECTOR ( 'NONE', #5438, 1000.000000000000000 ) ;
#11492 = AXIS2_PLACEMENT_3D ( 'NONE', #3691, #3566, #4635 ) ;
#11493 = EDGE_LOOP ( 'NONE', ( #3763, #9018, #7692, #10716, #1041 ) ) ;
#11494 = LINE ( 'NONE', #6083, #6533 ) ;
#11495 = SURFACE_STYLE_USAGE ( .BOTH. , #11991 ) ;
#11496 = VECTOR ( 'NONE', #5634, 1000.000000000000000 ) ;
#11497 = ORIENTED_EDGE ( 'NONE', *, *, #11172, .F. ) ;
#11498 = VECTOR ( 'NONE', #469, 1000.000000000000000 ) ;
#11499 = CARTESIAN_POINT ( 'NONE',  ( 5.463000000000000100, -0.6979999999999990700, 1.458000000000001100 ) ) ;
#11500 = CARTESIAN_POINT ( 'NONE',  ( -4.624999999999999100, 1.420000000000001300, 0.2999999999999999900 ) ) ;
#11501 = PRESENTATION_STYLE_ASSIGNMENT (( #4934 ) ) ;
#11502 = CARTESIAN_POINT ( 'NONE',  ( -4.624999999999999100, 1.700000000000000000, 3.699999999999996600 ) ) ;
#11503 = SURFACE_SIDE_STYLE ('',( #2439 ) ) ;
#11504 = CARTESIAN_POINT ( 'NONE',  ( -4.024999999999999500, 1.700000000000000000, 4.399999999999994100 ) ) ;
#11505 = ORIENTED_EDGE ( 'NONE', *, *, #6888, .F. ) ;
#11506 = VECTOR ( 'NONE', #12239, 1000.000000000000000 ) ;
#11507 = ORIENTED_EDGE ( 'NONE', *, *, #11273, .T. ) ;
#11508 = VECTOR ( 'NONE', #3438, 1000.000000000000000 ) ;
#11509 = ORIENTED_EDGE ( 'NONE', *, *, #3809, .F. ) ;
#11510 = VECTOR ( 'NONE', #2016, 1000.000000000000000 ) ;
#11511 = AXIS2_PLACEMENT_3D ( 'NONE', #2389, #9289, #3407 ) ;
#11512 = CARTESIAN_POINT ( 'NONE',  ( 5.825000000000002000, 1.700000000000000000, 2.200000000000000200 ) ) ;
#11513 = EDGE_CURVE ( 'NONE', #1712, #5526, #6885, .T. ) ;
#11514 = FILL_AREA_STYLE ('',( #10498 ) ) ;
#11515 = DIRECTION ( 'NONE',  ( 1.000000000000000000, 0.0000000000000000000, -3.047487187526822800E-016 ) ) ;
#11516 = MECHANICAL_DESIGN_GEOMETRIC_PRESENTATION_REPRESENTATION (  '', ( #9497 ), #12201 ) ;
#11517 = VECTOR ( 'NONE', #1671, 1000.000000000000000 ) ;
#11518 = PRESENTATION_STYLE_ASSIGNMENT (( #4780 ) ) ;
#11519 = DIRECTION ( 'NONE',  ( -1.000000000000000000, 0.0000000000000000000, 0.0000000000000000000 ) ) ;
#11520 = VERTEX_POINT ( 'NONE', #1808 ) ;
#11521 = COLOUR_RGB ( '',0.8000000000000000400, 0.8078431372549019800, 0.8000000000000000400 ) ;
#11522 = COLOUR_RGB ( '',0.8000000000000000400, 0.8078431372549019800, 0.8000000000000000400 ) ;
#11523 = EDGE_CURVE ( 'NONE', #10522, #6507, #9502, .T. ) ;
#11524 = DIRECTION ( 'NONE',  ( -1.000000000000000000, -0.0000000000000000000, -0.0000000000000000000 ) ) ;
#11525 = FILL_AREA_STYLE_COLOUR ( '', #249 ) ;
#11526 = EDGE_CURVE ( 'NONE', #4092, #6497, #4278, .T. ) ;
#11527 = CARTESIAN_POINT ( 'NONE',  ( -0.4649999999999979700, 0.4249999999999998200, 0.04999999999999709500 ) ) ;
#11528 =( LENGTH_UNIT ( ) NAMED_UNIT ( * ) SI_UNIT ( .MILLI., .METRE. ) );
#11529 = ADVANCED_FACE ( 'NONE', ( #3979 ), #7716, .T. ) ;
#11530 = VECTOR ( 'NONE', #8125, 1000.000000000000000 ) ;
#11531 = VERTEX_POINT ( 'NONE', #849 ) ;
#11532 = FACE_OUTER_BOUND ( 'NONE', #12330, .T. ) ;
#11533 = LINE ( 'NONE', #6092, #3643 ) ;
#11534 = SURFACE_STYLE_USAGE ( .BOTH. , #4620 ) ;
#11535 = EDGE_CURVE ( 'NONE', #4034, #2163, #5655, .T. ) ;
#11536 = ORIENTED_EDGE ( 'NONE', *, *, #5775, .F. ) ;
#11537 = EDGE_CURVE ( 'NONE', #10028, #1852, #8246, .T. ) ;
#11538 = AXIS2_PLACEMENT_3D ( 'NONE', #10004, #12049, #6062 ) ;
#11539 = CARTESIAN_POINT ( 'NONE',  ( -2.349999999999999600, 2.123118842698621800, 4.699999999999995700 ) ) ;
#11540 = CARTESIAN_POINT ( 'NONE',  ( 3.185000000000001800, -0.2500000000000006700, 3.999999999999993300 ) ) ;
#11541 = DIRECTION ( 'NONE',  ( 0.5773502691896241800, 0.5773502691896287300, 0.5773502691896242900 ) ) ;
#11542 = SURFACE_STYLE_FILL_AREA ( #4462 ) ;
#11543 = DIRECTION ( 'NONE',  ( 0.0000000000000000000, 1.000000000000000000, 1.070121624790885400E-015 ) ) ;
#11544 =( NAMED_UNIT ( * ) SI_UNIT ( $, .STERADIAN. ) SOLID_ANGLE_UNIT ( ) );
#11545 = MECHANICAL_DESIGN_GEOMETRIC_PRESENTATION_REPRESENTATION (  '', ( #9524 ), #12228 ) ;
#11546 = LINE ( 'NONE', #7727, #3980 ) ;
#11547 = DIRECTION ( 'NONE',  ( -0.0000000000000000000, 0.0000000000000000000, -1.000000000000000000 ) ) ;
#11548 = FACE_OUTER_BOUND ( 'NONE', #11329, .T. ) ;
#11549 = EDGE_CURVE ( 'NONE', #10763, #1817, #10595, .T. ) ;
#11550 = EDGE_LOOP ( 'NONE', ( #5377, #9331, #2417, #5596 ) ) ;
#11551 =( LENGTH_UNIT ( ) NAMED_UNIT ( * ) SI_UNIT ( .MILLI., .METRE. ) );
#11552 = UNCERTAINTY_MEASURE_WITH_UNIT (LENGTH_MEASURE( 1.000000000000000100E-005 ), #770, 'distance_accuracy_value', 'NONE');
#11553 = AXIS2_PLACEMENT_3D ( 'NONE', #4897, #5069, #918 ) ;
#11554 = VECTOR ( 'NONE', #9122, 1000.000000000000000 ) ;
#11556 = VECTOR ( 'NONE', #3415, 1000.000000000000000 ) ;
#11555 = DIRECTION ( 'NONE',  ( 0.0000000000000000000, -1.000000000000000000, 0.0000000000000000000 ) ) ;
#11557 = ORIENTED_EDGE ( 'NONE', *, *, #4071, .F. ) ;
#11558 = PRESENTATION_STYLE_ASSIGNMENT (( #5847 ) ) ;
#11559 = EDGE_LOOP ( 'NONE', ( #734, #7254, #1899, #4936 ) ) ;
#11560 = CARTESIAN_POINT ( 'NONE',  ( 1.250000000000000000, 0.4249999999999998200, 0.6499999999999983600 ) ) ;
#11561 = CARTESIAN_POINT ( 'NONE',  ( 2.035000000000001000, 2.549999999999999800, 0.4499999999999999000 ) ) ;
#11562 = CARTESIAN_POINT ( 'NONE',  ( -3.049999999999999800, -0.6999999999999988500, 3.249999999999996000 ) ) ;
#11563 = EDGE_LOOP ( 'NONE', ( #4310, #3774, #11049, #12400 ) ) ;
#11564 =( LENGTH_UNIT ( ) NAMED_UNIT ( * ) SI_UNIT ( .MILLI., .METRE. ) );
#11565 = LINE ( 'NONE', #4032, #8278 ) ;
#11566 = AXIS2_PLACEMENT_3D ( 'NONE', #2758, #2987, #3258 ) ;
#11567 = CARTESIAN_POINT ( 'NONE',  ( -0.4649999999999988600, 2.350000000000003600, 0.6499999999999985800 ) ) ;
#11568 = CARTESIAN_POINT ( 'NONE',  ( 3.399333333333314200, -0.4996666666666784200, 2.219666666666663800 ) ) ;
#11569 = ORIENTED_EDGE ( 'NONE', *, *, #3411, .T. ) ;
#11570 = CARTESIAN_POINT ( 'NONE',  ( -0.4649999999999988600, -0.6250000000000003300, 0.6499999999999964700 ) ) ;
#11571 = CARTESIAN_POINT ( 'NONE',  ( 2.035000000000001900, 0.4249999999999998200, 0.04999999999999709500 ) ) ;
#11572 = ORIENTED_EDGE ( 'NONE', *, *, #984, .T. ) ;
#11573 = ORIENTED_EDGE ( 'NONE', *, *, #2850, .F. ) ;
#11574 = CARTESIAN_POINT ( 'NONE',  ( -0.7849999999999988100, 0.3499999999999997000, 3.499999999999982200 ) ) ;
#11575 = PRESENTATION_LAYER_ASSIGNMENT (  '', '', ( #10211 ) ) ;
#11576 = VECTOR ( 'NONE', #11776, 1000.000000000000000 ) ;
#11577 = ORIENTED_EDGE ( 'NONE', *, *, #7929, .F. ) ;
#11578 = CARTESIAN_POINT ( 'NONE',  ( -2.349999999999999600, -0.6999999999999988500, 3.249999999999996000 ) ) ;
#11579 = DIRECTION ( 'NONE',  ( 0.0000000000000000000, 0.0000000000000000000, 1.000000000000000000 ) ) ;
#11580 = FACE_OUTER_BOUND ( 'NONE', #9075, .T. ) ;
#11581 = DIRECTION ( 'NONE',  ( 3.051828337366604500E-016, -0.0000000000000000000, 1.000000000000000000 ) ) ;
#11582 = VECTOR ( 'NONE', #10672, 1000.000000000000000 ) ;
#11583 = VECTOR ( 'NONE', #11543, 1000.000000000000000 ) ;
#11584 = VERTEX_POINT ( 'NONE', #9755 ) ;
#11585 = ORIENTED_EDGE ( 'NONE', *, *, #11184, .F. ) ;
#11586 = VECTOR ( 'NONE', #1533, 1000.000000000000000 ) ;
#11587 = ORIENTED_EDGE ( 'NONE', *, *, #9083, .T. ) ;
#11588 = EDGE_LOOP ( 'NONE', ( #2143, #2901, #8877, #7561 ) ) ;
#11589 = FILL_AREA_STYLE ('',( #6606 ) ) ;
#11590 = MECHANICAL_DESIGN_GEOMETRIC_PRESENTATION_REPRESENTATION (  '', ( #9561 ), #12267 ) ;
#11591 = CARTESIAN_POINT ( 'NONE',  ( -2.034999999999998800, 0.4249999999999998200, 3.999999999999993300 ) ) ;
#11592 = AXIS2_PLACEMENT_3D ( 'NONE', #3891, #4868, #11810 ) ;
#11593 = PRESENTATION_STYLE_ASSIGNMENT (( #7875 ) ) ;
#11594 = CARTESIAN_POINT ( 'NONE',  ( 3.065000000000001700, 0.3499999999999997000, 3.999999999999993300 ) ) ;
#11595 = EDGE_CURVE ( 'NONE', #10374, #6127, #3039, .T. ) ;
#11596 = VECTOR ( 'NONE', #3353, 1000.000000000000000 ) ;
#11597 = ADVANCED_FACE ( 'NONE', ( #7632 ), #934, .T. ) ;
#11598 = ORIENTED_EDGE ( 'NONE', *, *, #9993, .T. ) ;
#11599 = ORIENTED_EDGE ( 'NONE', *, *, #10502, .F. ) ;
#11600 = LINE ( 'NONE', #1591, #3717 ) ;
#11601 = EDGE_CURVE ( 'NONE', #8696, #1841, #2726, .T. ) ;
#11602 = DIRECTION ( 'NONE',  ( 1.000000000000000000, 0.0000000000000000000, 1.875376730785737500E-016 ) ) ;
#11603 = EDGE_LOOP ( 'NONE', ( #7669, #11330, #12484, #5580 ) ) ;
#11604 = VERTEX_POINT ( 'NONE', #5875 ) ;
#11605 = CARTESIAN_POINT ( 'NONE',  ( -5.099000000000000200, 1.200000000000000000, 0.2999999999999999900 ) ) ;
#11606 = PLANE ( 'NONE',  #1649 ) ;
#11607 = EDGE_CURVE ( 'NONE', #2224, #5044, #7948, .T. ) ;
#11608 = LINE ( 'NONE', #5100, #6327 ) ;
#11609 = FACE_OUTER_BOUND ( 'NONE', #4366, .T. ) ;
#11610 = VERTEX_POINT ( 'NONE', #973 ) ;
#11611 = ORIENTED_EDGE ( 'NONE', *, *, #2223, .T. ) ;
#11612 = FACE_OUTER_BOUND ( 'NONE', #8426, .T. ) ;
#11613 = DIRECTION ( 'NONE',  ( 0.7071067811865454600, 1.657614504522561500E-017, -0.7071067811865495700 ) ) ;
#11614 = EDGE_CURVE ( 'NONE', #10408, #7071, #5031, .T. ) ;
#11615 = CARTESIAN_POINT ( 'NONE',  ( 2.965000000000001600, -0.3750000000000001100, 0.04999999999999709500 ) ) ;
#11616 = AXIS2_PLACEMENT_3D ( 'NONE', #9963, #4103, #10990 ) ;
#11617 = DIRECTION ( 'NONE',  ( 0.0000000000000000000, -0.0000000000000000000, -1.000000000000000000 ) ) ;
#11618 = DIRECTION ( 'NONE',  ( -1.000000000000000000, -0.0000000000000000000, -0.0000000000000000000 ) ) ;
#11619 = CARTESIAN_POINT ( 'NONE',  ( 1.949999999999999500, -0.6999999999999988500, 1.749999999999996000 ) ) ;
#11620 = ORIENTED_EDGE ( 'NONE', *, *, #9159, .F. ) ;
#11621 = CARTESIAN_POINT ( 'NONE',  ( 2.965000000000001600, 2.999999999999999600, -1.761828530288944700E-016 ) ) ;
#11622 = ORIENTED_EDGE ( 'NONE', *, *, #4558, .F. ) ;
#11623 =( NAMED_UNIT ( * ) PLANE_ANGLE_UNIT ( ) SI_UNIT ( $, .RADIAN. ) );
#11624 = VERTEX_POINT ( 'NONE', #4942 ) ;
#11625 = AXIS2_PLACEMENT_3D ( 'NONE', #9768, #4872, #11812 ) ;
#11626 = ORIENTED_EDGE ( 'NONE', *, *, #1610, .F. ) ;
#11627 = ORIENTED_EDGE ( 'NONE', *, *, #3259, .T. ) ;
#11628 = UNCERTAINTY_MEASURE_WITH_UNIT (LENGTH_MEASURE( 1.000000000000000100E-005 ), #4999, 'distance_accuracy_value', 'NONE');
#11629 = EDGE_CURVE ( 'NONE', #5422, #3506, #7332, .T. ) ;
#11630 = CARTESIAN_POINT ( 'NONE',  ( 0.7850000000000010300, -0.6250000000000003300, 0.2999999999999964900 ) ) ;
#11631 = DIRECTION ( 'NONE',  ( 0.0000000000000000000, 2.032879073410321300E-016, -1.000000000000000000 ) ) ;
#11632 = EDGE_CURVE ( 'NONE', #1302, #10295, #2401, .T. ) ;
#11633 = ORIENTED_EDGE ( 'NONE', *, *, #4504, .F. ) ;
#11634 =( NAMED_UNIT ( * ) SI_UNIT ( $, .STERADIAN. ) SOLID_ANGLE_UNIT ( ) );
#11635 = PRESENTATION_STYLE_ASSIGNMENT (( #11656 ) ) ;
#11636 = VERTEX_POINT ( 'NONE', #6915 ) ;
#11637 = ORIENTED_EDGE ( 'NONE', *, *, #3640, .T. ) ;
#11638 = STYLED_ITEM ( 'NONE', ( #5500 ), #8317 ) ;
#11639 = EDGE_LOOP ( 'NONE', ( #3138, #2290, #9641, #12253 ) ) ;
#11640 = VECTOR ( 'NONE', #11461, 1000.000000000000000 ) ;
#11641 = UNCERTAINTY_MEASURE_WITH_UNIT (LENGTH_MEASURE( 1.000000000000000100E-005 ), #11487, 'distance_accuracy_value', 'NONE');
#11642 = UNCERTAINTY_MEASURE_WITH_UNIT (LENGTH_MEASURE( 1.000000000000000100E-005 ), #7044, 'distance_accuracy_value', 'NONE');
#11643 = MECHANICAL_DESIGN_GEOMETRIC_PRESENTATION_REPRESENTATION (  '', ( #9611 ), #12325 ) ;
#11644 = DIRECTION ( 'NONE',  ( 0.0000000000000000000, 0.0000000000000000000, -1.000000000000000000 ) ) ;
#11645 = LINE ( 'NONE', #3723, #3756 ) ;
#11646 = ORIENTED_EDGE ( 'NONE', *, *, #10575, .T. ) ;
#11647 = DIRECTION ( 'NONE',  ( 0.0000000000000000000, -0.7071067811865439100, 0.7071067811865512400 ) ) ;
#11648 = DIRECTION ( 'NONE',  ( -1.000000000000000000, 6.776263578034385000E-016, -0.0000000000000000000 ) ) ;
#11649 = LINE ( 'NONE', #1263, #1446 ) ;
#11650 =( NAMED_UNIT ( * ) SI_UNIT ( $, .STERADIAN. ) SOLID_ANGLE_UNIT ( ) );
#11651 = FACE_OUTER_BOUND ( 'NONE', #12061, .T. ) ;
#11652 = FILL_AREA_STYLE ('',( #5677 ) ) ;
#11653 = EDGE_LOOP ( 'NONE', ( #11276, #5020, #10976, #1791 ) ) ;
#11654 =( NAMED_UNIT ( * ) SI_UNIT ( $, .STERADIAN. ) SOLID_ANGLE_UNIT ( ) );
#11655 =( GEOMETRIC_REPRESENTATION_CONTEXT ( 3 ) GLOBAL_UNCERTAINTY_ASSIGNED_CONTEXT ( ( #11977 ) ) GLOBAL_UNIT_ASSIGNED_CONTEXT ( ( #11935, #5958, #78 ) ) REPRESENTATION_CONTEXT ( 'NONE', 'WORKASPACE' ) );
#11656 = SURFACE_STYLE_USAGE ( .BOTH. , #4727 ) ;
#11657 = CARTESIAN_POINT ( 'NONE',  ( -4.624999999999999100, -1.100000000000000100, 0.0000000000000000000 ) ) ;
#11658 = ORIENTED_EDGE ( 'NONE', *, *, #11098, .F. ) ;
#11659 =( NAMED_UNIT ( * ) PLANE_ANGLE_UNIT ( ) SI_UNIT ( $, .RADIAN. ) );
#11660 = ORIENTED_EDGE ( 'NONE', *, *, #10237, .F. ) ;
#11661 = ORIENTED_EDGE ( 'NONE', *, *, #7574, .F. ) ;
#11662 = FACE_OUTER_BOUND ( 'NONE', #8135, .T. ) ;
#11663 = ADVANCED_FACE ( 'NONE', ( #2098 ), #8890, .T. ) ;
#11664 = CARTESIAN_POINT ( 'NONE',  ( -4.825000000000000200, -1.100000000000000100, 2.200000000000000200 ) ) ;
#11665 = CARTESIAN_POINT ( 'NONE',  ( 5.149000000000000900, 1.100000000000000100, 0.3039999999999999400 ) ) ;
#11666 = SURFACE_STYLE_USAGE ( .BOTH. , #4738 ) ;
#11667 = AXIS2_PLACEMENT_3D ( 'NONE', #8173, #7916, #7601 ) ;
#11668 = ORIENTED_EDGE ( 'NONE', *, *, #2394, .F. ) ;
#11669 = FACE_OUTER_BOUND ( 'NONE', #4164, .T. ) ;
#11670 = UNCERTAINTY_MEASURE_WITH_UNIT (LENGTH_MEASURE( 1.000000000000000100E-005 ), #2637, 'distance_accuracy_value', 'NONE');
#11671 = DIRECTION ( 'NONE',  ( 1.000000000000000000, 0.0000000000000000000, -2.990902544787599100E-016 ) ) ;
#11672 = COLOUR_RGB ( '',0.8000000000000000400, 0.8078431372549019800, 0.8000000000000000400 ) ;
#11673 = ORIENTED_EDGE ( 'NONE', *, *, #7019, .T. ) ;
#11674 = VECTOR ( 'NONE', #7212, 1000.000000000000000 ) ;
#11675 = LINE ( 'NONE', #9683, #3785 ) ;
#11676 =( NAMED_UNIT ( * ) SI_UNIT ( $, .STERADIAN. ) SOLID_ANGLE_UNIT ( ) );
#11677 =( NAMED_UNIT ( * ) SI_UNIT ( $, .STERADIAN. ) SOLID_ANGLE_UNIT ( ) );
#11678 = DIRECTION ( 'NONE',  ( 1.000000000000000000, 0.0000000000000000000, -3.047487187526822800E-016 ) ) ;
#11679 = EDGE_CURVE ( 'NONE', #1053, #10470, #8702, .T. ) ;
#11680 = DIRECTION ( 'NONE',  ( 0.0000000000000000000, -1.000000000000000000, -2.258754526011468200E-016 ) ) ;
#11681 = VECTOR ( 'NONE', #5415, 1000.000000000000000 ) ;
#11682 = PRESENTATION_STYLE_ASSIGNMENT (( #2587 ) ) ;
#11683 = VERTEX_POINT ( 'NONE', #8938 ) ;
#11684 = FACE_OUTER_BOUND ( 'NONE', #1534, .T. ) ;
#11685 = CARTESIAN_POINT ( 'NONE',  ( 1.049999999999999800, -1.100000000000000100, 0.2999999999999978800 ) ) ;
#11686 = DIRECTION ( 'NONE',  ( 0.0000000000000000000, 0.0000000000000000000, 1.000000000000000000 ) ) ;
#11687 = VERTEX_POINT ( 'NONE', #3060 ) ;
#11688 = ORIENTED_EDGE ( 'NONE', *, *, #9751, .T. ) ;
#11689 = FILL_AREA_STYLE ('',( #4716 ) ) ;
#11690 = EDGE_CURVE ( 'NONE', #2874, #12609, #11058, .T. ) ;
#11691 = PLANE ( 'NONE',  #4119 ) ;
#11692 = CARTESIAN_POINT ( 'NONE',  ( 2.035000000000001000, -0.3750000000000005000, 3.499999999999986700 ) ) ;
#11693 = AXIS2_PLACEMENT_3D ( 'NONE', #7635, #1766, #8622 ) ;
#11694 = CARTESIAN_POINT ( 'NONE',  ( -2.964999999999999000, 2.549999999999999800, 0.4499999999999999000 ) ) ;
#11695 = VECTOR ( 'NONE', #7199, 1000.000000000000000 ) ;
#11696 = EDGE_CURVE ( 'NONE', #10855, #10158, #6076, .T. ) ;
#11697 = FACE_OUTER_BOUND ( 'NONE', #6625, .T. ) ;
#11698 = VECTOR ( 'NONE', #3544, 1000.000000000000000 ) ;
#11699 = AXIS2_PLACEMENT_3D ( 'NONE', #10217, #4344, #11244 ) ;
#11700 = VERTEX_POINT ( 'NONE', #10940 ) ;
#11701 = CARTESIAN_POINT ( 'NONE',  ( 4.825000000000000200, 1.399999999999998600, 2.200000000000000200 ) ) ;
#11702 = DIRECTION ( 'NONE',  ( -1.000000000000000000, -0.0000000000000000000, -0.0000000000000000000 ) ) ;
#11703 = DIRECTION ( 'NONE',  ( 0.0000000000000000000, 0.0000000000000000000, -1.000000000000000000 ) ) ;
#11704 = EDGE_CURVE ( 'NONE', #8427, #12842, #5784, .T. ) ;
#11705 = CARTESIAN_POINT ( 'NONE',  ( 4.125000000000000000, 2.600000000000000100, 0.2999999999999973200 ) ) ;
#11706 = ORIENTED_EDGE ( 'NONE', *, *, #2494, .T. ) ;
#11707 =( LENGTH_UNIT ( ) NAMED_UNIT ( * ) SI_UNIT ( .MILLI., .METRE. ) );
#11708 = PRESENTATION_STYLE_ASSIGNMENT (( #11863 ) ) ;
#11709 = DIRECTION ( 'NONE',  ( 1.000000000000000000, 0.0000000000000000000, 1.875376730785737500E-016 ) ) ;
#11710 = DIRECTION ( 'NONE',  ( 0.0000000000000000000, -0.0000000000000000000, -1.000000000000000000 ) ) ;
#11711 = EDGE_CURVE ( 'NONE', #3207, #4008, #862, .T. ) ;
#11712 = EDGE_LOOP ( 'NONE', ( #1289, #793, #4386, #7487 ) ) ;
#11713 = FACE_OUTER_BOUND ( 'NONE', #6496, .T. ) ;
#11714 = LINE ( 'NONE', #9166, #2576 ) ;
#11715 = LINE ( 'NONE', #328, #5802 ) ;
#11716 = ORIENTED_EDGE ( 'NONE', *, *, #2559, .T. ) ;
#11717 = DIRECTION ( 'NONE',  ( -0.9805806756909208900, 0.0000000000000000000, 0.1961161351381804100 ) ) ;
#11718 = CARTESIAN_POINT ( 'NONE',  ( 0.7850000000000010300, 2.350000000000003600, 0.6499999999999985800 ) ) ;
#11719 = VERTEX_POINT ( 'NONE', #4101 ) ;
#11720 = FILL_AREA_STYLE ('',( #8685 ) ) ;
#11721 = LINE ( 'NONE', #3444, #7048 ) ;
#11722 = AXIS2_PLACEMENT_3D ( 'NONE', #12402, #6443, #541 ) ;
#11723 = CARTESIAN_POINT ( 'NONE',  ( 0.4650000000000010200, 2.999999999999999600, -1.761828530288944700E-016 ) ) ;
#11724 = SURFACE_STYLE_FILL_AREA ( #6139 ) ;
#11725 = ORIENTED_EDGE ( 'NONE', *, *, #1933, .T. ) ;
#11726 = FACE_OUTER_BOUND ( 'NONE', #3341, .T. ) ;
#11727 = VECTOR ( 'NONE', #4234, 1000.000000000000000 ) ;
#11728 = ORIENTED_EDGE ( 'NONE', *, *, #1022, .F. ) ;
#11729 = ADVANCED_FACE ( 'NONE', ( #5496 ), #7983, .F. ) ;
#11730 = CARTESIAN_POINT ( 'NONE',  ( -4.624999999999999100, -0.8000000000000001600, 1.699999999999989700 ) ) ;
#11731 = CARTESIAN_POINT ( 'NONE',  ( 2.035000000000001000, 3.000000000000000000, 0.4499999999999998400 ) ) ;
#11732 = VECTOR ( 'NONE', #2272, 1000.000000000000000 ) ;
#11733 =( GEOMETRIC_REPRESENTATION_CONTEXT ( 3 ) GLOBAL_UNCERTAINTY_ASSIGNED_CONTEXT ( ( #1807 ) ) GLOBAL_UNIT_ASSIGNED_CONTEXT ( ( #10175, #4290, #11197 ) ) REPRESENTATION_CONTEXT ( 'NONE', 'WORKASPACE' ) );
#11734 = VECTOR ( 'NONE', #8525, 1000.000000000000000 ) ;
#11735 = LINE ( 'NONE', #4009, #9068 ) ;
#11736 = VECTOR ( 'NONE', #1821, 1000.000000000000200 ) ;
#11737 = DIRECTION ( 'NONE',  ( 0.0000000000000000000, 0.0000000000000000000, 1.000000000000000000 ) ) ;
#11738 = DIRECTION ( 'NONE',  ( -0.0000000000000000000, 1.000000000000000000, -0.0000000000000000000 ) ) ;
#11739 = EDGE_LOOP ( 'NONE', ( #29, #696, #3849, #1414, #6823, #5547 ) ) ;
#11740 = VERTEX_POINT ( 'NONE', #12010 ) ;
#11741 = DIRECTION ( 'NONE',  ( 0.0000000000000000000, 0.7071067811865431300, -0.7071067811865519000 ) ) ;
#11742 = DIRECTION ( 'NONE',  ( -1.000000000000000000, 0.0000000000000000000, 0.0000000000000000000 ) ) ;
#11743 = VERTEX_POINT ( 'NONE', #1136 ) ;
#11744 = VERTEX_POINT ( 'NONE', #8024 ) ;
#11745 =( NAMED_UNIT ( * ) PLANE_ANGLE_UNIT ( ) SI_UNIT ( $, .RADIAN. ) );
#11746 = ORIENTED_EDGE ( 'NONE', *, *, #8594, .F. ) ;
#11747 = VECTOR ( 'NONE', #3548, 1000.000000000000000 ) ;
#11748 = DIRECTION ( 'NONE',  ( 1.000000000000000000, 0.0000000000000000000, 0.0000000000000000000 ) ) ;
#11749 = CARTESIAN_POINT ( 'NONE',  ( -3.284999999999998800, 2.200000000000004200, 0.2999999999999988800 ) ) ;
#11750 = CARTESIAN_POINT ( 'NONE',  ( -4.024999999999999500, 1.999999999999998200, 3.699999999999996600 ) ) ;
#11752 = LINE ( 'NONE', #1786, #1546 ) ;
#11751 =( NAMED_UNIT ( * ) PLANE_ANGLE_UNIT ( ) SI_UNIT ( $, .RADIAN. ) );
#11753 = ORIENTED_EDGE ( 'NONE', *, *, #7195, .F. ) ;
#11754 = LINE ( 'NONE', #3709, #4180 ) ;
#11755 = ORIENTED_EDGE ( 'NONE', *, *, #2904, .F. ) ;
#11756 = CARTESIAN_POINT ( 'NONE',  ( 0.4650000000000010200, -0.3750000000000001100, 0.6499999999999975800 ) ) ;
#11757 = VERTEX_POINT ( 'NONE', #7038 ) ;
#11758 = ORIENTED_EDGE ( 'NONE', *, *, #7827, .T. ) ;
#11759 = LINE ( 'NONE', #2786, #9090 ) ;
#11760 = DIRECTION ( 'NONE',  ( 4.380838333381144800E-016, 0.7071067811865494600, -0.7071067811865456900 ) ) ;
#11761 = DIRECTION ( 'NONE',  ( 0.0000000000000000000, 1.000000000000000000, 0.0000000000000000000 ) ) ;
#11762 = LINE ( 'NONE', #8314, #9096 ) ;
#11763 = CARTESIAN_POINT ( 'NONE',  ( -2.034999999999998800, 3.700348711554623800E-017, 0.6499999999999983600 ) ) ;
#11764 = DIRECTION ( 'NONE',  ( -1.000000000000000000, 0.0000000000000000000, 0.0000000000000000000 ) ) ;
#11765 = ORIENTED_EDGE ( 'NONE', *, *, #447, .T. ) ;
#11766 = COLOUR_RGB ( '',0.8000000000000000400, 0.8078431372549019800, 0.8000000000000000400 ) ;
#11767 =( NAMED_UNIT ( * ) SI_UNIT ( $, .STERADIAN. ) SOLID_ANGLE_UNIT ( ) );
#11768 = SURFACE_STYLE_USAGE ( .BOTH. , #4836 ) ;
#11769 = VECTOR ( 'NONE', #5220, 1000.000000000000000 ) ;
#11770 = PLANE ( 'NONE',  #9300 ) ;
#11771 = ORIENTED_EDGE ( 'NONE', *, *, #6556, .F. ) ;
#11772 = EDGE_CURVE ( 'NONE', #3680, #8579, #10425, .T. ) ;
#11773 = ORIENTED_EDGE ( 'NONE', *, *, #11129, .T. ) ;
#11774 = LINE ( 'NONE', #1272, #1572 ) ;
#11775 = EDGE_CURVE ( 'NONE', #2822, #1828, #7772, .T. ) ;
#11776 = DIRECTION ( 'NONE',  ( -0.0000000000000000000, -0.0000000000000000000, -1.000000000000000000 ) ) ;
#11777 = ORIENTED_EDGE ( 'NONE', *, *, #3684, .F. ) ;
#11778 = VERTEX_POINT ( 'NONE', #196 ) ;
#11779 = ORIENTED_EDGE ( 'NONE', *, *, #12313, .F. ) ;
#11780 = VECTOR ( 'NONE', #6921, 1000.000000000000000 ) ;
#11781 = PLANE ( 'NONE',  #9937 ) ;
#11782 = SURFACE_STYLE_USAGE ( .BOTH. , #4847 ) ;
#11783 = FILL_AREA_STYLE_COLOUR ( '', #5151 ) ;
#11784 = EDGE_CURVE ( 'NONE', #5552, #6519, #5182, .T. ) ;
#11785 = DIRECTION ( 'NONE',  ( 0.0000000000000000000, 0.0000000000000000000, -1.000000000000000000 ) ) ;
#11786 = DIRECTION ( 'NONE',  ( 1.000000000000000000, 0.0000000000000000000, -0.0000000000000000000 ) ) ;
#11787 = VERTEX_POINT ( 'NONE', #8064 ) ;
#11788 = EDGE_CURVE ( 'NONE', #11610, #1322, #3194, .T. ) ;
#11789 = ORIENTED_EDGE ( 'NONE', *, *, #2394, .T. ) ;
#11790 = DIRECTION ( 'NONE',  ( 0.0000000000000000000, -1.000000000000000000, 0.0000000000000000000 ) ) ;
#11791 =( NAMED_UNIT ( * ) SI_UNIT ( $, .STERADIAN. ) SOLID_ANGLE_UNIT ( ) );
#11792 = EDGE_LOOP ( 'NONE', ( #10132, #489, #1724, #7622 ) ) ;
#11793 = EDGE_CURVE ( 'NONE', #6720, #7022, #8086, .T. ) ;
#11794 = CARTESIAN_POINT ( 'NONE',  ( 4.024999999999995900, 1.999999999999998200, 3.699999999999996600 ) ) ;
#11795 = SURFACE_STYLE_FILL_AREA ( #11312 ) ;
#11796 = ORIENTED_EDGE ( 'NONE', *, *, #5136, .T. ) ;
#11797 = STYLED_ITEM ( 'NONE', ( #6299 ), #7095 ) ;
#11798 = PLANE ( 'NONE',  #2259 ) ;
#11799 = ORIENTED_EDGE ( 'NONE', *, *, #3159, .F. ) ;
#11800 = ADVANCED_FACE ( 'NONE', ( #7480 ), #6121, .F. ) ;
#11801 = DIRECTION ( 'NONE',  ( 0.0000000000000000000, -1.000000000000000000, 0.0000000000000000000 ) ) ;
#11802 = DIRECTION ( 'NONE',  ( 0.0000000000000000000, -0.7071067811865503500, -0.7071067811865446900 ) ) ;
#11803 = CARTESIAN_POINT ( 'NONE',  ( 1.715000000000001200, 3.000000000000000000, 0.4499999999999998400 ) ) ;
#11804 = CARTESIAN_POINT ( 'NONE',  ( 5.319000000000004400, 2.600000000000000100, 0.2999999999999969400 ) ) ;
#11805 = LINE ( 'NONE', #944, #9134 ) ;
#11806 = ORIENTED_EDGE ( 'NONE', *, *, #9119, .T. ) ;
#11807 = EDGE_CURVE ( 'NONE', #10054, #5503, #2229, .T. ) ;
#11808 = ORIENTED_EDGE ( 'NONE', *, *, #927, .T. ) ;
#11809 = SURFACE_STYLE_FILL_AREA ( #2412 ) ;
#11810 = DIRECTION ( 'NONE',  ( -1.000000000000000000, 0.0000000000000000000, 0.0000000000000000000 ) ) ;
#11811 = DIRECTION ( 'NONE',  ( 0.0000000000000000000, 0.0000000000000000000, 1.000000000000000000 ) ) ;
#11812 = DIRECTION ( 'NONE',  ( 0.0000000000000000000, -0.0000000000000000000, -1.000000000000000000 ) ) ;
#11813 = UNCERTAINTY_MEASURE_WITH_UNIT (LENGTH_MEASURE( 1.000000000000000100E-005 ), #353, 'distance_accuracy_value', 'NONE');
#11814 = MECHANICAL_DESIGN_GEOMETRIC_PRESENTATION_REPRESENTATION (  '', ( #9771 ), #12485 ) ;
#11815 = SURFACE_SIDE_STYLE ('',( #8280 ) ) ;
#11816 = VERTEX_POINT ( 'NONE', #3230 ) ;
#11817 = VECTOR ( 'NONE', #9979, 1000.000000000000000 ) ;
#11818 = ORIENTED_EDGE ( 'NONE', *, *, #12219, .F. ) ;
#11819 = VECTOR ( 'NONE', #11300, 1000.000000000000000 ) ;
#11820 = ADVANCED_FACE ( 'NONE', ( #9785 ), #10098, .T. ) ;
#11821 = LINE ( 'NONE', #965, #3933 ) ;
#11822 = DIRECTION ( 'NONE',  ( -1.000000000000000000, -0.0000000000000000000, -0.0000000000000000000 ) ) ;
#11823 = DIRECTION ( 'NONE',  ( 0.0000000000000000000, 1.000000000000000000, 0.0000000000000000000 ) ) ;
#11824 = ORIENTED_EDGE ( 'NONE', *, *, #4799, .T. ) ;
#11825 =( NAMED_UNIT ( * ) PLANE_ANGLE_UNIT ( ) SI_UNIT ( $, .RADIAN. ) );
#11826 = FILL_AREA_STYLE_COLOUR ( '', #4629 ) ;
#11827 = ORIENTED_EDGE ( 'NONE', *, *, #5787, .F. ) ;
#11828 = DIRECTION ( 'NONE',  ( 0.0000000000000000000, 1.000000000000000000, 4.336808689942013800E-015 ) ) ;
#11829 = LINE ( 'NONE', #6269, #3622 ) ;
#11830 = ORIENTED_EDGE ( 'NONE', *, *, #615, .F. ) ;
#11831 = AXIS2_PLACEMENT_3D ( 'NONE', #8485, #10499, #4604 ) ;
#11832 = ORIENTED_EDGE ( 'NONE', *, *, #11442, .F. ) ;
#11833 = DIRECTION ( 'NONE',  ( 0.0000000000000000000, -1.000000000000000000, -1.141265444721583800E-016 ) ) ;
#11834 = CARTESIAN_POINT ( 'NONE',  ( 4.625000000000000900, 1.700000000000000000, 2.400000000000000400 ) ) ;
#11835 = CARTESIAN_POINT ( 'NONE',  ( -2.964999999999999000, 3.000000000000000000, 0.4499999999999998400 ) ) ;
#11836 = CARTESIAN_POINT ( 'NONE',  ( 3.285000000000001500, 3.000000000000000000, 0.4499999999999998400 ) ) ;
#11837 = LINE ( 'NONE', #2609, #9169 ) ;
#11838 = CARTESIAN_POINT ( 'NONE',  ( -2.964999999999999000, 0.4249999999999998200, 0.6499999999999964700 ) ) ;
#11839 = LINE ( 'NONE', #5066, #2546 ) ;
#11840 = FILL_AREA_STYLE ('',( #3017 ) ) ;
#11841 = LINE ( 'NONE', #654, #6561 ) ;
#11842 = PRESENTATION_LAYER_ASSIGNMENT (  '', '', ( #10485 ) ) ;
#11843 = CARTESIAN_POINT ( 'NONE',  ( -5.645000000000000500, -1.100000000000000100, 1.276000000000000000 ) ) ;
#11844 = VERTEX_POINT ( 'NONE', #6164 ) ;
#11845 = DIRECTION ( 'NONE',  ( 0.0000000000000000000, -1.355252715606881500E-016, -1.000000000000000000 ) ) ;
#11846 = DIRECTION ( 'NONE',  ( 0.0000000000000000000, 0.0000000000000000000, 1.000000000000000000 ) ) ;
#11847 = DIRECTION ( 'NONE',  ( 0.0000000000000000000, -0.7071067811865441300, 0.7071067811865510100 ) ) ;
#11848 = EDGE_CURVE ( 'NONE', #10689, #6504, #12480, .T. ) ;
#11849 = LINE ( 'NONE', #11410, #12166 ) ;
#11850 = CARTESIAN_POINT ( 'NONE',  ( -3.284999999999998800, 3.100000000000000100, 0.3499999999999989800 ) ) ;
#11851 =( LENGTH_UNIT ( ) NAMED_UNIT ( * ) SI_UNIT ( .MILLI., .METRE. ) );
#11852 = PRESENTATION_STYLE_ASSIGNMENT (( #522 ) ) ;
#11853 = COLOUR_RGB ( '',0.8000000000000000400, 0.8078431372549019800, 0.8000000000000000400 ) ;
#11854 = EDGE_CURVE ( 'NONE', #6603, #7560, #12793, .T. ) ;
#11855 = EDGE_LOOP ( 'NONE', ( #5650, #8946, #9826, #2593 ) ) ;
#11856 = CARTESIAN_POINT ( 'NONE',  ( 5.149000000000000900, 1.100000000000000100, 1.226000000000000000 ) ) ;
#11857 = DIRECTION ( 'NONE',  ( -0.0000000000000000000, 0.7071067811865520100, 0.7071067811865431300 ) ) ;
#11858 = ORIENTED_EDGE ( 'NONE', *, *, #6195, .T. ) ;
#11859 = ORIENTED_EDGE ( 'NONE', *, *, #923, .F. ) ;
#11860 = AXIS2_PLACEMENT_3D ( 'NONE', #9475, #6558, #658 ) ;
#11861 = ADVANCED_FACE ( 'NONE', ( #12167 ), #10144, .F. ) ;
#11862 = EDGE_CURVE ( 'NONE', #1817, #4197, #5924, .T. ) ;
#11863 = SURFACE_STYLE_USAGE ( .BOTH. , #12178 ) ;
#11864 = EDGE_CURVE ( 'NONE', #1699, #5537, #8543, .T. ) ;
#11865 = LINE ( 'NONE', #5399, #6583 ) ;
#11866 = SURFACE_STYLE_USAGE ( .BOTH. , #8296 ) ;
#11867 = VECTOR ( 'NONE', #6760, 1000.000000000000000 ) ;
#11868 = PRESENTATION_STYLE_ASSIGNMENT (( #7271 ) ) ;
#11869 = LINE ( 'NONE', #503, #1340 ) ;
#11870 = FILL_AREA_STYLE_COLOUR ( '', #12052 ) ;
#11871 = CARTESIAN_POINT ( 'NONE',  ( 2.035000000000001000, 3.100000000000000100, 0.09999999999999947800 ) ) ;
#11872 = ORIENTED_EDGE ( 'NONE', *, *, #2751, .T. ) ;
#11873 = EDGE_CURVE ( 'NONE', #9585, #4215, #1005, .T. ) ;
#11874 = DIRECTION ( 'NONE',  ( -0.0000000000000000000, -1.000000000000000000, -0.0000000000000000000 ) ) ;
#11875 = SURFACE_STYLE_USAGE ( .BOTH. , #4933 ) ;
#11876 = AXIS2_PLACEMENT_3D ( 'NONE', #2243, #9152, #3274 ) ;
#11877 =( LENGTH_UNIT ( ) NAMED_UNIT ( * ) SI_UNIT ( .MILLI., .METRE. ) );
#11878 = EDGE_LOOP ( 'NONE', ( #10445, #5024, #9089, #6483 ) ) ;
#11879 = DIRECTION ( 'NONE',  ( 0.0000000000000000000, -2.258754526011467700E-016, 1.000000000000000000 ) ) ;
#11880 = EDGE_CURVE ( 'NONE', #5551, #10704, #10892, .T. ) ;
#11881 = ORIENTED_EDGE ( 'NONE', *, *, #6177, .F. ) ;
#11882 = VECTOR ( 'NONE', #2920, 1000.000000000000000 ) ;
#11883 = PRESENTATION_LAYER_ASSIGNMENT (  '', '', ( #10521 ) ) ;
#11884 = DIRECTION ( 'NONE',  ( -0.9805806756909208900, 0.0000000000000000000, 0.1961161351381804100 ) ) ;
#11885 = EDGE_CURVE ( 'NONE', #110, #1410, #3334, .T. ) ;
#11886 = CARTESIAN_POINT ( 'NONE',  ( 2.965000000000001600, 3.100000000000000100, 0.09999999999999947800 ) ) ;
#11887 = LINE ( 'NONE', #3834, #3995 ) ;
#11888 = ORIENTED_EDGE ( 'NONE', *, *, #8475, .F. ) ;
#11889 = SURFACE_STYLE_USAGE ( .BOTH. , #4943 ) ;
#11890 = ORIENTED_EDGE ( 'NONE', *, *, #1092, .T. ) ;
#11891 = ADVANCED_FACE ( 'NONE', ( #398 ), #11252, .F. ) ;
#11892 = DIRECTION ( 'NONE',  ( 0.0000000000000000000, 0.0000000000000000000, 1.000000000000000000 ) ) ;
#11893 = EDGE_CURVE ( 'NONE', #8198, #574, #4417, .T. ) ;
#11894 = AXIS2_PLACEMENT_3D ( 'NONE', #11149, #10068, #6186 ) ;
#11895 = CARTESIAN_POINT ( 'NONE',  ( -0.4649999999999988600, 2.999999999999999600, -1.761828530288944700E-016 ) ) ;
#11896 = AXIS2_PLACEMENT_3D ( 'NONE', #3326, #10198, #4319 ) ;
#11897 = VERTEX_POINT ( 'NONE', #11295 ) ;
#11898 = ORIENTED_EDGE ( 'NONE', *, *, #7342, .T. ) ;
#11899 = PRESENTATION_STYLE_ASSIGNMENT (( #11768 ) ) ;
#11900 = DIRECTION ( 'NONE',  ( 1.000000000000000000, 0.0000000000000000000, -0.0000000000000000000 ) ) ;
#11901 = ORIENTED_EDGE ( 'NONE', *, *, #2158, .F. ) ;
#11902 = VERTEX_POINT ( 'NONE', #12234 ) ;
#11903 = CARTESIAN_POINT ( 'NONE',  ( -1.450000000000000200, 2.600000000000000100, 0.2999999999999983200 ) ) ;
#11904 =( GEOMETRIC_REPRESENTATION_CONTEXT ( 3 ) GLOBAL_UNCERTAINTY_ASSIGNED_CONTEXT ( ( #2031 ) ) GLOBAL_UNIT_ASSIGNED_CONTEXT ( ( #9287, #3404, #10276 ) ) REPRESENTATION_CONTEXT ( 'NONE', 'WORKASPACE' ) );
#11905 = LINE ( 'NONE', #6231, #6295 ) ;
#11906 = AXIS2_PLACEMENT_3D ( 'NONE', #12833, #8974, #11140 ) ;
#11907 = UNCERTAINTY_MEASURE_WITH_UNIT (LENGTH_MEASURE( 1.000000000000000100E-005 ), #8092, 'distance_accuracy_value', 'NONE');
#11908 = VECTOR ( 'NONE', #10379, 1000.000000000000000 ) ;
#11909 = DIRECTION ( 'NONE',  ( 2.990902544787599100E-016, 0.0000000000000000000, 1.000000000000000000 ) ) ;
#11910 = COLOUR_RGB ( '',0.8000000000000000400, 0.8078431372549019800, 0.8000000000000000400 ) ;
#11911 = FILL_AREA_STYLE ('',( #990 ) ) ;
#11912 = ORIENTED_EDGE ( 'NONE', *, *, #9837, .F. ) ;
#11913 = FACE_OUTER_BOUND ( 'NONE', #11047, .T. ) ;
#11914 = ORIENTED_EDGE ( 'NONE', *, *, #11537, .F. ) ;
#11915 = ORIENTED_EDGE ( 'NONE', *, *, #12143, .F. ) ;
#11916 = LINE ( 'NONE', #2624, #4028 ) ;
#11917 = PLANE ( 'NONE',  #2440 ) ;
#11918 = DIRECTION ( 'NONE',  ( -1.000000000000000000, 0.0000000000000000000, 0.0000000000000000000 ) ) ;
#11919 = CARTESIAN_POINT ( 'NONE',  ( 2.128248708952976800E-017, 0.0000000000000000000, 0.04999999999999867100 ) ) ;
#11920 = CARTESIAN_POINT ( 'NONE',  ( 0.7850000000000018100, 0.4249999999999998200, 0.6499999999999978000 ) ) ;
#11921 = VECTOR ( 'NONE', #10442, 1000.000000000000000 ) ;
#11922 = CARTESIAN_POINT ( 'NONE',  ( -0.7849999999999988100, 3.100000000000000100, 0.3499999999999989800 ) ) ;
#11923 = LINE ( 'NONE', #5301, #9251 ) ;
#11924 = ORIENTED_EDGE ( 'NONE', *, *, #5845, .F. ) ;
#11925 = FACE_OUTER_BOUND ( 'NONE', #4743, .T. ) ;
#11926 = MECHANICAL_DESIGN_GEOMETRIC_PRESENTATION_REPRESENTATION (  '', ( #9867 ), #12586 ) ;
#11927 = CARTESIAN_POINT ( 'NONE',  ( 2.965000000000001600, 0.0000000000000000000, 3.499999999999982200 ) ) ;
#11928 = SURFACE_STYLE_USAGE ( .BOTH. , #4974 ) ;
#11929 = PRESENTATION_STYLE_ASSIGNMENT (( #8500 ) ) ;
#11930 = CARTESIAN_POINT ( 'NONE',  ( -3.049999999999999800, 2.123118842698621800, 3.249999999999996000 ) ) ;
#11931 =( NAMED_UNIT ( * ) SI_UNIT ( $, .STERADIAN. ) SOLID_ANGLE_UNIT ( ) );
#11932 = CARTESIAN_POINT ( 'NONE',  ( 2.035000000000001000, -0.3750000000000001100, 0.6499999999999975800 ) ) ;
#11933 = ADVANCED_FACE ( 'NONE', ( #12002 ), #7338, .T. ) ;
#11934 = CARTESIAN_POINT ( 'NONE',  ( -5.645000000000000500, 1.200000000000000000, 1.275999999999999800 ) ) ;
#11935 =( LENGTH_UNIT ( ) NAMED_UNIT ( * ) SI_UNIT ( .MILLI., .METRE. ) );
#11936 = PRESENTATION_STYLE_ASSIGNMENT (( #9316 ) ) ;
#11937 = ORIENTED_EDGE ( 'NONE', *, *, #9267, .T. ) ;
#11938 = ORIENTED_EDGE ( 'NONE', *, *, #2334, .T. ) ;
#11939 = EDGE_CURVE ( 'NONE', #9583, #11422, #7006, .T. ) ;
#11940 = EDGE_CURVE ( 'NONE', #5093, #1398, #12324, .T. ) ;
#11941 = ORIENTED_EDGE ( 'NONE', *, *, #1256, .T. ) ;
#11942 = CARTESIAN_POINT ( 'NONE',  ( 0.6850000000000011600, 0.3499999999999997000, 3.999999999999993300 ) ) ;
#11943 = DIRECTION ( 'NONE',  ( -0.0000000000000000000, 1.000000000000000000, 0.0000000000000000000 ) ) ;
#11944 = ORIENTED_EDGE ( 'NONE', *, *, #11014, .F. ) ;
#11945 =( GEOMETRIC_REPRESENTATION_CONTEXT ( 3 ) GLOBAL_UNCERTAINTY_ASSIGNED_CONTEXT ( ( #7418 ) ) GLOBAL_UNIT_ASSIGNED_CONTEXT ( ( #6703, #797, #7668 ) ) REPRESENTATION_CONTEXT ( 'NONE', 'WORKASPACE' ) );
#11946 = DIRECTION ( 'NONE',  ( 0.0000000000000000000, 1.000000000000000000, 0.0000000000000000000 ) ) ;
#11947 = VECTOR ( 'NONE', #4056, 1000.000000000000000 ) ;
#11948 = ORIENTED_EDGE ( 'NONE', *, *, #6790, .F. ) ;
#11949 = ORIENTED_EDGE ( 'NONE', *, *, #9825, .F. ) ;
#11950 =( NAMED_UNIT ( * ) PLANE_ANGLE_UNIT ( ) SI_UNIT ( $, .RADIAN. ) );
#11951 = CARTESIAN_POINT ( 'NONE',  ( 1.715000000000001200, -0.3750000000000001100, 0.04999999999999709500 ) ) ;
#11952 = EDGE_CURVE ( 'NONE', #12082, #7816, #9325, .T. ) ;
#11953 = FILL_AREA_STYLE ('',( #12258 ) ) ;
#11954 = ADVANCED_FACE ( 'NONE', ( #1472 ), #8358, .T. ) ;
#11955 = EDGE_CURVE ( 'NONE', #3707, #3999, #5483, .T. ) ;
#11956 = ORIENTED_EDGE ( 'NONE', *, *, #4348, .F. ) ;
#11957 = VECTOR ( 'NONE', #4685, 1000.000000000000000 ) ;
#11958 = CARTESIAN_POINT ( 'NONE',  ( 2.699999999999999300, 2.600000000000000100, 0.6499999999999973600 ) ) ;
#11959 = ORIENTED_EDGE ( 'NONE', *, *, #6309, .T. ) ;
#11960 = ORIENTED_EDGE ( 'NONE', *, *, #3272, .F. ) ;
#11961 = DIRECTION ( 'NONE',  ( 0.0000000000000000000, 1.000000000000000000, -0.0000000000000000000 ) ) ;
#11962 = PLANE ( 'NONE',  #7322 ) ;
#11963 = CARTESIAN_POINT ( 'NONE',  ( 5.645000000000000500, 1.100000000000000100, 1.276000000000000000 ) ) ;
#11964 = EDGE_CURVE ( 'NONE', #3697, #9722, #549, .T. ) ;
#11965 = UNCERTAINTY_MEASURE_WITH_UNIT (LENGTH_MEASURE( 1.000000000000000100E-005 ), #2727, 'distance_accuracy_value', 'NONE');
#11966 = DIRECTION ( 'NONE',  ( 0.0000000000000000000, -1.000000000000000000, 0.0000000000000000000 ) ) ;
#11967 = EDGE_CURVE ( 'NONE', #7804, #7086, #8075, .T. ) ;
#11968 = ORIENTED_EDGE ( 'NONE', *, *, #1181, .T. ) ;
#11969 =( GEOMETRIC_REPRESENTATION_CONTEXT ( 3 ) GLOBAL_UNCERTAINTY_ASSIGNED_CONTEXT ( ( #4715 ) ) GLOBAL_UNIT_ASSIGNED_CONTEXT ( ( #1445, #8315, #2419 ) ) REPRESENTATION_CONTEXT ( 'NONE', 'WORKASPACE' ) );
#11970 = LINE ( 'NONE', #4318, #6679 ) ;
#11971 = PRESENTATION_STYLE_ASSIGNMENT (( #10806 ) ) ;
#11972 = DIRECTION ( 'NONE',  ( 1.000000000000000000, 0.0000000000000000000, 0.0000000000000000000 ) ) ;
#11973 = EDGE_LOOP ( 'NONE', ( #714, #4046, #12835, #2903 ) ) ;
#11974 = VECTOR ( 'NONE', #8090, 1000.000000000000000 ) ;
#11975 = CARTESIAN_POINT ( 'NONE',  ( -0.4649999999999988600, 2.200000000000004200, 0.2999999999999988800 ) ) ;
#11976 = CARTESIAN_POINT ( 'NONE',  ( -5.825000000000000200, -0.8000000000000001600, 1.699999999999989700 ) ) ;
#11977 = UNCERTAINTY_MEASURE_WITH_UNIT (LENGTH_MEASURE( 1.000000000000000100E-005 ), #11935, 'distance_accuracy_value', 'NONE');
#11978 = PRESENTATION_LAYER_ASSIGNMENT (  '', '', ( #10619 ) ) ;
#11979 = ORIENTED_EDGE ( 'NONE', *, *, #8857, .T. ) ;
#11980 = PLANE ( 'NONE',  #9971 ) ;
#11981 =( NAMED_UNIT ( * ) SI_UNIT ( $, .STERADIAN. ) SOLID_ANGLE_UNIT ( ) );
#11982 = ORIENTED_EDGE ( 'NONE', *, *, #10764, .F. ) ;
#11983 = COLOUR_RGB ( '',0.8000000000000000400, 0.8078431372549019800, 0.8000000000000000400 ) ;
#11984 = CARTESIAN_POINT ( 'NONE',  ( 4.625000000000000900, -0.4000000000000005200, 0.04999999999999715100 ) ) ;
#11985 = AXIS2_PLACEMENT_3D ( 'NONE', #1333, #5587, #7700 ) ;
#11986 = ORIENTED_EDGE ( 'NONE', *, *, #12799, .F. ) ;
#11987 = PRESENTATION_LAYER_ASSIGNMENT (  '', '', ( #10629 ) ) ;
#11988 = SURFACE_STYLE_USAGE ( .BOTH. , #5043 ) ;
#11989 = SURFACE_STYLE_USAGE ( .BOTH. , #5045 ) ;
#11990 = ORIENTED_EDGE ( 'NONE', *, *, #607, .F. ) ;
#11991 = SURFACE_SIDE_STYLE ('',( #5668 ) ) ;
#11992 = ADVANCED_FACE ( 'NONE', ( #5173 ), #11428, .T. ) ;
#11993 = FACE_OUTER_BOUND ( 'NONE', #10637, .T. ) ;
#11994 = LINE ( 'NONE', #975, #4108 ) ;
#11995 = DIRECTION ( 'NONE',  ( -0.0000000000000000000, 0.0000000000000000000, 1.000000000000000000 ) ) ;
#11996 = AXIS2_PLACEMENT_3D ( 'NONE', #12188, #11213, #11079 ) ;
#11997 = CARTESIAN_POINT ( 'NONE',  ( 1.049999999999999800, 2.600000000000000100, 0.6499999999999978000 ) ) ;
#11998 = VERTEX_POINT ( 'NONE', #1492 ) ;
#11999 = CARTESIAN_POINT ( 'NONE',  ( -0.4649999999999988600, 0.3499999999999997000, 3.999999999999993300 ) ) ;
#12000 = CARTESIAN_POINT ( 'NONE',  ( 1.715000000000001200, -0.6250000000000003300, 0.2999999999999964900 ) ) ;
#12001 = PLANE ( 'NONE',  #10179 ) ;
#12002 = FACE_OUTER_BOUND ( 'NONE', #1946, .T. ) ;
#12003 = VECTOR ( 'NONE', #7440, 1000.000000000000000 ) ;
#12004 = VERTEX_POINT ( 'NONE', #12483 ) ;
#12005 = FACE_OUTER_BOUND ( 'NONE', #4473, .T. ) ;
#12006 = ORIENTED_EDGE ( 'NONE', *, *, #6527, .T. ) ;
#12007 = CARTESIAN_POINT ( 'NONE',  ( 4.324999999999995700, 0.8499999999999996400, 1.749999999999996400 ) ) ;
#12008 = DIRECTION ( 'NONE',  ( 0.0000000000000000000, 1.000000000000000000, 1.141265444721583800E-016 ) ) ;
#12009 = CARTESIAN_POINT ( 'NONE',  ( 3.285000000000001500, -0.1500000000000003300, 0.2999999999999965500 ) ) ;
#12010 = CARTESIAN_POINT ( 'NONE',  ( -1.714999999999999000, 3.100000000000000100, 0.3499999999999989800 ) ) ;
#12011 = DIRECTION ( 'NONE',  ( -1.000000000000000000, -0.0000000000000000000, -0.0000000000000000000 ) ) ;
#12012 = SURFACE_STYLE_USAGE ( .BOTH. , #5077 ) ;
#12013 = ADVANCED_FACE ( 'NONE', ( #6860 ), #7497, .F. ) ;
#12014 = LINE ( 'NONE', #3262, #9643 ) ;
#12015 = DIRECTION ( 'NONE',  ( 0.0000000000000000000, -1.000000000000000000, 0.0000000000000000000 ) ) ;
#12016 =( GEOMETRIC_REPRESENTATION_CONTEXT ( 3 ) GLOBAL_UNCERTAINTY_ASSIGNED_CONTEXT ( ( #5140 ) ) GLOBAL_UNIT_ASSIGNED_CONTEXT ( ( #5725, #12677, #6723 ) ) REPRESENTATION_CONTEXT ( 'NONE', 'WORKASPACE' ) );
#12017 = SURFACE_SIDE_STYLE ('',( #10879 ) ) ;
#12018 =( GEOMETRIC_REPRESENTATION_CONTEXT ( 3 ) GLOBAL_UNCERTAINTY_ASSIGNED_CONTEXT ( ( #6487 ) ) GLOBAL_UNIT_ASSIGNED_CONTEXT ( ( #6082, #210, #7089 ) ) REPRESENTATION_CONTEXT ( 'NONE', 'WORKASPACE' ) );
#12019 = CIRCLE ( 'NONE', #3397, 0.05000000000000056500 ) ;
#12020 = VECTOR ( 'NONE', #12371, 1000.000000000000000 ) ;
#12021 = ORIENTED_EDGE ( 'NONE', *, *, #5726, .F. ) ;
#12022 = VERTEX_POINT ( 'NONE', #6529 ) ;
#12023 = CARTESIAN_POINT ( 'NONE',  ( -4.024999999999999500, 0.0000000000000000000, 3.699999999999996600 ) ) ;
#12024 = CARTESIAN_POINT ( 'NONE',  ( -3.284999999999998800, 2.549999999999999800, 0.4499999999999999000 ) ) ;
#12025 = EDGE_CURVE ( 'NONE', #11272, #3013, #11837, .T. ) ;
#12026 = DIRECTION ( 'NONE',  ( -0.0000000000000000000, -1.000000000000000000, -0.0000000000000000000 ) ) ;
#12027 = CARTESIAN_POINT ( 'NONE',  ( 4.625000000000000900, 2.299999999999998900, 1.749999999999996400 ) ) ;
#12028 = FACE_OUTER_BOUND ( 'NONE', #583, .T. ) ;
#12029 = EDGE_CURVE ( 'NONE', #634, #4661, #4256, .T. ) ;
#12030 = VERTEX_POINT ( 'NONE', #3609 ) ;
#12031 = DIRECTION ( 'NONE',  ( 1.000000000000000000, 0.0000000000000000000, 0.0000000000000000000 ) ) ;
#12032 = EDGE_LOOP ( 'NONE', ( #8603, #10737, #7069, #6244, #2926, #2648, #11716, #8107, #1795, #9700, #9802, #11122, #12520, #12098, #7106, #6667, #3561, #3088, #7859, #11890, #8496, #1355, #6835, #8491, #4624, #1480, #3760, #3704, #783, #107, #10936, #5290, #2077, #12500, #2130, #5586, #9663, #3213, #5049, #3021, #9229, #3165, #8230, #12623, #10846, #2603, #6517, #3932, #11832, #8270, #5777, #303, #6827, #12491, #7312, #3235, #12187, #4090, #858, #497, #6973, #1415, #10561, #6093, #1995, #788, #12151, #4669, #12765, #1016 ) ) ;
#12033 = FACE_OUTER_BOUND ( 'NONE', #1238, .T. ) ;
#12034 = VECTOR ( 'NONE', #10053, 1000.000000000000000 ) ;
#12035 = SURFACE_SIDE_STYLE ('',( #4873 ) ) ;
#12036 = ORIENTED_EDGE ( 'NONE', *, *, #6937, .T. ) ;
#12037 = EDGE_CURVE ( 'NONE', #9172, #4577, #1637, .T. ) ;
#12038 = ORIENTED_EDGE ( 'NONE', *, *, #9589, .F. ) ;
#12039 = ORIENTED_EDGE ( 'NONE', *, *, #6177, .T. ) ;
#12040 = VECTOR ( 'NONE', #9025, 1000.000000000000000 ) ;
#12041 = PRESENTATION_STYLE_ASSIGNMENT (( #846 ) ) ;
#12042 =( LENGTH_UNIT ( ) NAMED_UNIT ( * ) SI_UNIT ( .MILLI., .METRE. ) );
#12043 = EDGE_CURVE ( 'NONE', #12264, #3860, #3948, .T. ) ;
#12044 = LINE ( 'NONE', #1037, #4152 ) ;
#12045 = FILL_AREA_STYLE ('',( #11020 ) ) ;
#12046 = AXIS2_PLACEMENT_3D ( 'NONE', #1404, #2573, #9460 ) ;
#12047 =( NAMED_UNIT ( * ) PLANE_ANGLE_UNIT ( ) SI_UNIT ( $, .RADIAN. ) );
#12048 = ORIENTED_EDGE ( 'NONE', *, *, #9845, .T. ) ;
#12049 = DIRECTION ( 'NONE',  ( -0.0000000000000000000, 0.0000000000000000000, 1.000000000000000000 ) ) ;
#12050 = UNCERTAINTY_MEASURE_WITH_UNIT (LENGTH_MEASURE( 1.000000000000000100E-005 ), #5812, 'distance_accuracy_value', 'NONE');
#12051 = VERTEX_POINT ( 'NONE', #9535 ) ;
#12052 = COLOUR_RGB ( '',0.8000000000000000400, 0.8078431372549019800, 0.8000000000000000400 ) ;
#12053 = LINE ( 'NONE', #523, #6764 ) ;
#12054 = PRESENTATION_LAYER_ASSIGNMENT (  '', '', ( #10688 ) ) ;
#12055 =( NAMED_UNIT ( * ) SI_UNIT ( $, .STERADIAN. ) SOLID_ANGLE_UNIT ( ) );
#12056 = DIRECTION ( 'NONE',  ( 0.7071067811865468000, -1.277744513902809100E-016, -0.7071067811865483500 ) ) ;
#12057 =( LENGTH_UNIT ( ) NAMED_UNIT ( * ) SI_UNIT ( .MILLI., .METRE. ) );
#12059 = EDGE_CURVE ( 'NONE', #7097, #3648, #3631, .T. ) ;
#12058 = VECTOR ( 'NONE', #8929, 999.9999999999998900 ) ;
#12060 = DIRECTION ( 'NONE',  ( -0.0000000000000000000, -1.000000000000000000, -0.0000000000000000000 ) ) ;
#12061 = EDGE_LOOP ( 'NONE', ( #10358, #8400, #8711, #7903 ) ) ;
#12062 = ORIENTED_EDGE ( 'NONE', *, *, #11200, .F. ) ;
#12063 = LINE ( 'NONE', #6738, #12518 ) ;
#12064 =( NAMED_UNIT ( * ) PLANE_ANGLE_UNIT ( ) SI_UNIT ( $, .RADIAN. ) );
#12065 = DIRECTION ( 'NONE',  ( 1.000000000000000000, 0.0000000000000000000, 0.0000000000000000000 ) ) ;
#12066 = ADVANCED_FACE ( 'NONE', ( #6232 ), #12566, .T. ) ;
#12067 = CARTESIAN_POINT ( 'NONE',  ( 3.050000000000000300, -0.6999999999999992900, 3.249999999999995100 ) ) ;
#12068 = ORIENTED_EDGE ( 'NONE', *, *, #8322, .T. ) ;
#12069 = ORIENTED_EDGE ( 'NONE', *, *, #3904, .F. ) ;
#12070 = SURFACE_STYLE_USAGE ( .BOTH. , #5113 ) ;
#12071 = CARTESIAN_POINT ( 'NONE',  ( -1.050000000000000900, 2.600000000000000100, 0.6499999999999980200 ) ) ;
#12072 = MECHANICAL_DESIGN_GEOMETRIC_PRESENTATION_REPRESENTATION (  '', ( #10700 ), #12732 ) ;
#12073 = LINE ( 'NONE', #4858, #9080 ) ;
#12074 =( GEOMETRIC_REPRESENTATION_CONTEXT ( 3 ) GLOBAL_UNCERTAINTY_ASSIGNED_CONTEXT ( ( #8846 ) ) GLOBAL_UNIT_ASSIGNED_CONTEXT ( ( #931, #7800, #1925 ) ) REPRESENTATION_CONTEXT ( 'NONE', 'WORKASPACE' ) );
#12075 = SURFACE_STYLE_USAGE ( .BOTH. , #5120 ) ;
#12076 = DIRECTION ( 'NONE',  ( -1.000000000000000000, -0.0000000000000000000, -0.0000000000000000000 ) ) ;
#12077 = CARTESIAN_POINT ( 'NONE',  ( -2.034999999999998800, 2.549999999999999800, 0.4499999999999999000 ) ) ;
#12078 = ORIENTED_EDGE ( 'NONE', *, *, #6480, .F. ) ;
#12079 = LINE ( 'NONE', #3271, #9698 ) ;
#12080 = DIRECTION ( 'NONE',  ( 0.7071067811865454600, 0.0000000000000000000, 0.7071067811865495700 ) ) ;
#12081 = AXIS2_PLACEMENT_3D ( 'NONE', #8925, #11961, #5981 ) ;
#12082 = VERTEX_POINT ( 'NONE', #2647 ) ;
#12083 = VECTOR ( 'NONE', #1839, 1000.000000000000000 ) ;
#12084 = CARTESIAN_POINT ( 'NONE',  ( -1.050000000000000900, 2.600000000000000100, 0.6499999999999980200 ) ) ;
#12085 = FACE_OUTER_BOUND ( 'NONE', #7009, .T. ) ;
#12086 = CARTESIAN_POINT ( 'NONE',  ( -2.964999999999999000, -0.1500000000000003000, 0.1799999999999965800 ) ) ;
#12087 = VECTOR ( 'NONE', #449, 1000.000000000000000 ) ;
#12088 = PLANE ( 'NONE',  #2550 ) ;
#12089 = STYLED_ITEM ( 'NONE', ( #4199 ), #9878 ) ;
#12090 = ORIENTED_EDGE ( 'NONE', *, *, #7612, .F. ) ;
#12091 = DIRECTION ( 'NONE',  ( 0.0000000000000000000, 1.000000000000000000, 0.0000000000000000000 ) ) ;
#12092 = ORIENTED_EDGE ( 'NONE', *, *, #6012, .T. ) ;
#12093 = LINE ( 'NONE', #11399, #4201 ) ;
#12094 = CARTESIAN_POINT ( 'NONE',  ( 1.715000000000001200, 0.4249999999999998200, 3.499999999999981300 ) ) ;
#12095 = ORIENTED_EDGE ( 'NONE', *, *, #3168, .T. ) ;
#12096 = AXIS2_PLACEMENT_3D ( 'NONE', #1588, #4561, #11472 ) ;
#12097 = ORIENTED_EDGE ( 'NONE', *, *, #2400, .T. ) ;
#12098 = ORIENTED_EDGE ( 'NONE', *, *, #1605, .T. ) ;
#12099 = PLANE ( 'NONE',  #12543 ) ;
#12100 = ORIENTED_EDGE ( 'NONE', *, *, #4241, .F. ) ;
#12101 = CARTESIAN_POINT ( 'NONE',  ( -4.624999999999999100, 1.700000000000000000, 4.699999999999996600 ) ) ;
#12102 = VECTOR ( 'NONE', #1972, 1000.000000000000000 ) ;
#12103 = CARTESIAN_POINT ( 'NONE',  ( 4.324999999999997500, -0.6999999999999988500, 4.699999999999997500 ) ) ;
#12104 = CARTESIAN_POINT ( 'NONE',  ( 0.4650000000000010200, 0.4249999999999998200, 0.04999999999999709500 ) ) ;
#12105 = DIRECTION ( 'NONE',  ( 0.0000000000000000000, 0.0000000000000000000, 1.000000000000000000 ) ) ;
#12106 = CARTESIAN_POINT ( 'NONE',  ( -5.099000000000000200, 1.200000000000000000, 0.2999999999999999900 ) ) ;
#12107 = DIRECTION ( 'NONE',  ( 0.0000000000000000000, 0.0000000000000000000, -1.000000000000000000 ) ) ;
#12108 = CARTESIAN_POINT ( 'NONE',  ( 4.845000000000000600, -0.8799999999999986700, 0.5199999999999985700 ) ) ;
#12109 = CARTESIAN_POINT ( 'NONE',  ( -1.714999999999999000, 3.100000000000000100, 0.09999999999999947800 ) ) ;
#12110 = ORIENTED_EDGE ( 'NONE', *, *, #3929, .T. ) ;
#12111 = LINE ( 'NONE', #1924, #3589 ) ;
#12112 = EDGE_CURVE ( 'NONE', #11225, #12613, #2699, .T. ) ;
#12113 = ORIENTED_EDGE ( 'NONE', *, *, #6215, .F. ) ;
#12114 = ORIENTED_EDGE ( 'NONE', *, *, #5048, .T. ) ;
#12115 = VECTOR ( 'NONE', #4667, 1000.000000000000000 ) ;
#12116 = CARTESIAN_POINT ( 'NONE',  ( -5.149000000000000900, -1.100000000000000100, 0.2540000000000000000 ) ) ;
#12117 = VERTEX_POINT ( 'NONE', #1756 ) ;
#12118 = EDGE_LOOP ( 'NONE', ( #8284, #8678, #5320, #11901 ) ) ;
#12119 = PRESENTATION_LAYER_ASSIGNMENT (  '', '', ( #10746 ) ) ;
#12120 = CARTESIAN_POINT ( 'NONE',  ( -2.964999999999999000, 2.500000000000000000, -1.084202172485504400E-016 ) ) ;
#12121 = EDGE_CURVE ( 'NONE', #8342, #3952, #5003, .T. ) ;
#12122 = VECTOR ( 'NONE', #8813, 1000.000000000000000 ) ;
#12123 = SURFACE_SIDE_STYLE ('',( #735 ) ) ;
#12124 = ORIENTED_EDGE ( 'NONE', *, *, #10069, .F. ) ;
#12125 = CARTESIAN_POINT ( 'NONE',  ( 4.624999999999997300, -1.100000000000000100, 1.529999999999999800 ) ) ;
#12126 = ORIENTED_EDGE ( 'NONE', *, *, #6202, .F. ) ;
#12127 = EDGE_CURVE ( 'NONE', #659, #9966, #7605, .T. ) ;
#12128 = AXIS2_PLACEMENT_3D ( 'NONE', #6838, #929, #7799 ) ;
#12129 = ADVANCED_FACE ( 'NONE', ( #7314 ), #10627, .F. ) ;
#12130 = UNCERTAINTY_MEASURE_WITH_UNIT (LENGTH_MEASURE( 1.000000000000000100E-005 ), #4820, 'distance_accuracy_value', 'NONE');
#12131 = EDGE_CURVE ( 'NONE', #2102, #3863, #4697, .T. ) ;
#12132 = CARTESIAN_POINT ( 'NONE',  ( -0.7849999999999988100, 0.4249999999999998200, 0.04999999999999709500 ) ) ;
#12133 = DIRECTION ( 'NONE',  ( -0.0000000000000000000, 0.0000000000000000000, -1.000000000000000000 ) ) ;
#12134 = MECHANICAL_DESIGN_GEOMETRIC_PRESENTATION_REPRESENTATION (  '', ( #10082 ), #12795 ) ;
#12135 = EDGE_LOOP ( 'NONE', ( #9752, #4475, #10137, #3969 ) ) ;
#12136 = APPLICATION_PROTOCOL_DEFINITION ( 'draft international standard', 'automotive_design', 1998, #5188 ) ;
#12137 = LINE ( 'NONE', #4115, #11817 ) ;
#12138 = ORIENTED_EDGE ( 'NONE', *, *, #12785, .F. ) ;
#12139 = EDGE_CURVE ( 'NONE', #6569, #4092, #9918, .T. ) ;
#12140 = CARTESIAN_POINT ( 'NONE',  ( -4.624999999999999100, 1.399999999999999700, 1.699999999999989700 ) ) ;
#12141 = VECTOR ( 'NONE', #4002, 1000.000000000000000 ) ;
#12142 = ADVANCED_FACE ( 'NONE', ( #6995 ), #9657, .F. ) ;
#12143 = EDGE_CURVE ( 'NONE', #3155, #2986, #4408, .T. ) ;
#12144 = UNCERTAINTY_MEASURE_WITH_UNIT (LENGTH_MEASURE( 1.000000000000000100E-005 ), #463, 'distance_accuracy_value', 'NONE');
#12145 = CARTESIAN_POINT ( 'NONE',  ( -2.964999999999999000, 2.999999999999999600, -1.761828530288944700E-016 ) ) ;
#12146 = PLANE ( 'NONE',  #1632 ) ;
#12147 = AXIS2_PLACEMENT_3D ( 'NONE', #11856, #7911, #6972 ) ;
#12148 = CARTESIAN_POINT ( 'NONE',  ( 4.125000000000000000, -1.100000000000000500, 0.2999999999999973200 ) ) ;
#12149 = DIRECTION ( 'NONE',  ( 0.0000000000000000000, -0.0000000000000000000, -1.000000000000000000 ) ) ;
#12150 = EDGE_LOOP ( 'NONE', ( #12225, #2584, #1221, #6797 ) ) ;
#12151 = ORIENTED_EDGE ( 'NONE', *, *, #4239, .F. ) ;
#12152 = DIRECTION ( 'NONE',  ( 0.0000000000000000000, -1.355252715606881500E-016, -1.000000000000000000 ) ) ;
#12153 = AXIS2_PLACEMENT_3D ( 'NONE', #2821, #3814, #10710 ) ;
#12154 = STYLED_ITEM ( 'NONE', ( #1055 ), #1020 ) ;
#12155 = SURFACE_SIDE_STYLE ('',( #3641 ) ) ;
#12156 = CARTESIAN_POINT ( 'NONE',  ( 3.285000000000001500, -0.1500000000000003000, 0.1799999999999965800 ) ) ;
#12157 = CARTESIAN_POINT ( 'NONE',  ( -4.624999999999999100, -1.100000000000000100, 4.699999999999995700 ) ) ;
#12158 = DIRECTION ( 'NONE',  ( 0.0000000000000000000, 1.000000000000000000, 1.167602339599771500E-015 ) ) ;
#12159 = ORIENTED_EDGE ( 'NONE', *, *, #2099, .T. ) ;
#12160 = VECTOR ( 'NONE', #7599, 1000.000000000000000 ) ;
#12161 =( GEOMETRIC_REPRESENTATION_CONTEXT ( 3 ) GLOBAL_UNCERTAINTY_ASSIGNED_CONTEXT ( ( #8830 ) ) GLOBAL_UNIT_ASSIGNED_CONTEXT ( ( #12424, #6478, #581 ) ) REPRESENTATION_CONTEXT ( 'NONE', 'WORKASPACE' ) );
#12162 = PLANE ( 'NONE',  #11894 ) ;
#12163 = ORIENTED_EDGE ( 'NONE', *, *, #8488, .T. ) ;
#12164 = CARTESIAN_POINT ( 'NONE',  ( 1.815000000000001500, -0.2500000000000006700, 3.999999999999993300 ) ) ;
#12165 = PLANE ( 'NONE',  #11667 ) ;
#12166 = VECTOR ( 'NONE', #5485, 1000.000000000000000 ) ;
#12167 = FACE_OUTER_BOUND ( 'NONE', #142, .T. ) ;
#12168 = DIRECTION ( 'NONE',  ( 0.0000000000000000000, 0.0000000000000000000, -1.000000000000000000 ) ) ;
#12169 = ORIENTED_EDGE ( 'NONE', *, *, #9177, .T. ) ;
#12170 = LINE ( 'NONE', #2707, #1651 ) ;
#12171 = STYLED_ITEM ( 'NONE', ( #11682 ), #3372 ) ;
#12172 = CARTESIAN_POINT ( 'NONE',  ( 2.035000000000001000, 3.100000000000000100, 0.09999999999999947800 ) ) ;
#12173 = STYLED_ITEM ( 'NONE', ( #1678 ), #2169 ) ;
#12174 = VERTEX_POINT ( 'NONE', #5745 ) ;
#12175 = DIRECTION ( 'NONE',  ( 1.000000000000000000, 0.0000000000000000000, -3.971436529250929000E-016 ) ) ;
#12176 = VERTEX_POINT ( 'NONE', #12700 ) ;
#12177 = ORIENTED_EDGE ( 'NONE', *, *, #6552, .F. ) ;
#12178 = SURFACE_SIDE_STYLE ('',( #6740 ) ) ;
#12179 = CARTESIAN_POINT ( 'NONE',  ( 5.149000000000000900, 1.100000000000000100, 1.226000000000000000 ) ) ;
#12180 = VERTEX_POINT ( 'NONE', #6742 ) ;
#12182 = ORIENTED_EDGE ( 'NONE', *, *, #7019, .F. ) ;
#12181 = VECTOR ( 'NONE', #6509, 1000.000000000000000 ) ;
#12183 = VECTOR ( 'NONE', #2798, 1000.000000000000000 ) ;
#12184 = DIRECTION ( 'NONE',  ( 0.0000000000000000000, -1.000000000000000000, -4.336808689942014600E-015 ) ) ;
#12185 = VECTOR ( 'NONE', #9320, 1000.000000000000000 ) ;
#12186 = SURFACE_STYLE_USAGE ( .BOTH. , #5256 ) ;
#12187 = ORIENTED_EDGE ( 'NONE', *, *, #1910, .F. ) ;
#12188 = CARTESIAN_POINT ( 'NONE',  ( 3.675000000000000700, 2.299999999999998900, 1.749999999999996400 ) ) ;
#12189 = ADVANCED_FACE ( 'NONE', ( #11993 ), #9703, .F. ) ;
#12190 = CARTESIAN_POINT ( 'NONE',  ( 2.035000000000001000, 2.999999999999999600, -1.761828530288944700E-016 ) ) ;
#12191 = PLANE ( 'NONE',  #11406 ) ;
#12192 = PRESENTATION_LAYER_ASSIGNMENT (  '', '', ( #10832 ) ) ;
#12193 = CARTESIAN_POINT ( 'NONE',  ( -4.845000000000000600, 1.100000000000000100, 1.225999999999999800 ) ) ;
#12194 = LINE ( 'NONE', #3054, #4598 ) ;
#12195 = VERTEX_POINT ( 'NONE', #1833 ) ;
#12196 = COLOUR_RGB ( '',0.8000000000000000400, 0.8078431372549019800, 0.8000000000000000400 ) ;
#12197 = VECTOR ( 'NONE', #5427, 1000.000000000000000 ) ;
#12198 = ORIENTED_EDGE ( 'NONE', *, *, #1258, .F. ) ;
#12199 = EDGE_CURVE ( 'NONE', #2945, #11998, #12615, .T. ) ;
#12200 = FILL_AREA_STYLE ('',( #10156 ) ) ;
#12201 =( GEOMETRIC_REPRESENTATION_CONTEXT ( 3 ) GLOBAL_UNCERTAINTY_ASSIGNED_CONTEXT ( ( #11089 ) ) GLOBAL_UNIT_ASSIGNED_CONTEXT ( ( #10957, #5036, #11981 ) ) REPRESENTATION_CONTEXT ( 'NONE', 'WORKASPACE' ) );
#12202 = SURFACE_SIDE_STYLE ('',( #8140 ) ) ;
#12203 = EDGE_CURVE ( 'NONE', #3296, #2911, #9311, .T. ) ;
#12204 = ADVANCED_FACE ( 'NONE', ( #11669 ), #7741, .F. ) ;
#12205 = COLOUR_RGB ( '',0.8000000000000000400, 0.8078431372549019800, 0.8000000000000000400 ) ;
#12206 = DIRECTION ( 'NONE',  ( -1.000000000000000000, 0.0000000000000000000, 0.0000000000000000000 ) ) ;
#12207 = SURFACE_STYLE_FILL_AREA ( #9882 ) ;
#12208 = ORIENTED_EDGE ( 'NONE', *, *, #6451, .T. ) ;
#12209 = COLOUR_RGB ( '',0.8000000000000000400, 0.8078431372549019800, 0.8000000000000000400 ) ;
#12210 = EDGE_CURVE ( 'NONE', #7097, #3013, #1778, .T. ) ;
#12211 = ORIENTED_EDGE ( 'NONE', *, *, #1989, .T. ) ;
#12212 = ORIENTED_EDGE ( 'NONE', *, *, #10430, .T. ) ;
#12213 = UNCERTAINTY_MEASURE_WITH_UNIT (LENGTH_MEASURE( 1.000000000000000100E-005 ), #6188, 'distance_accuracy_value', 'NONE');
#12214 =( NAMED_UNIT ( * ) PLANE_ANGLE_UNIT ( ) SI_UNIT ( $, .RADIAN. ) );
#12215 = VECTOR ( 'NONE', #10989, 999.9999999999998900 ) ;
#12216 = EDGE_CURVE ( 'NONE', #3031, #4067, #4106, .T. ) ;
#12217 = LINE ( 'NONE', #9509, #11908 ) ;
#12218 = CARTESIAN_POINT ( 'NONE',  ( 0.7850000000000010300, 0.4249999999999998200, 0.6499999999999964700 ) ) ;
#12219 = EDGE_CURVE ( 'NONE', #10387, #3463, #9000, .T. ) ;
#12220 = CARTESIAN_POINT ( 'NONE',  ( -5.319000000000001700, 2.600000000000000100, 0.3000000000000002100 ) ) ;
#12221 = PRESENTATION_LAYER_ASSIGNMENT (  '', '', ( #10863 ) ) ;
#12222 = FILL_AREA_STYLE ('',( #2556 ) ) ;
#12223 = DIRECTION ( 'NONE',  ( 0.0000000000000000000, -0.7071067811865441300, 0.7071067811865510100 ) ) ;
#12224 = VERTEX_POINT ( 'NONE', #3192 ) ;
#12225 = ORIENTED_EDGE ( 'NONE', *, *, #3812, .F. ) ;
#12226 = ORIENTED_EDGE ( 'NONE', *, *, #9171, .F. ) ;
#12227 = ORIENTED_EDGE ( 'NONE', *, *, #1989, .F. ) ;
#12228 =( GEOMETRIC_REPRESENTATION_CONTEXT ( 3 ) GLOBAL_UNCERTAINTY_ASSIGNED_CONTEXT ( ( #12130 ) ) GLOBAL_UNIT_ASSIGNED_CONTEXT ( ( #4820, #11751, #5794 ) ) REPRESENTATION_CONTEXT ( 'NONE', 'WORKASPACE' ) );
#12229 = PLANE ( 'NONE',  #6946 ) ;
#12230 = VECTOR ( 'NONE', #1755, 1000.000000000000000 ) ;
#12231 = DIRECTION ( 'NONE',  ( -1.000000000000000000, -0.0000000000000000000, -0.0000000000000000000 ) ) ;
#12232 = PLANE ( 'NONE',  #3946 ) ;
#12233 = EDGE_CURVE ( 'NONE', #396, #5390, #1139, .T. ) ;
#12234 = CARTESIAN_POINT ( 'NONE',  ( -0.4649999999999979700, -0.3750000000000003300, 0.6499999999999980200 ) ) ;
#12235 = CARTESIAN_POINT ( 'NONE',  ( 3.285000000000001500, -0.1500000000000003000, 0.1799999999999965800 ) ) ;
#12236 = DIRECTION ( 'NONE',  ( -1.000000000000000000, -0.0000000000000000000, -0.0000000000000000000 ) ) ;
#12237 = CARTESIAN_POINT ( 'NONE',  ( 0.0000000000000000000, 1.700000000000000000, 0.0000000000000000000 ) ) ;
#12238 = LINE ( 'NONE', #1579, #10490 ) ;
#12239 = DIRECTION ( 'NONE',  ( 0.0000000000000000000, -1.000000000000000000, 0.0000000000000000000 ) ) ;
#12240 = CARTESIAN_POINT ( 'NONE',  ( 1.715000000000001200, 0.2499999999999996700, 0.1799999999999966600 ) ) ;
#12241 = LINE ( 'NONE', #1317, #6930 ) ;
#12242 = DIRECTION ( 'NONE',  ( 3.051828337366604500E-016, -0.0000000000000000000, 1.000000000000000000 ) ) ;
#12243 = PRESENTATION_LAYER_ASSIGNMENT (  '', '', ( #10880 ) ) ;
#12244 = ORIENTED_EDGE ( 'NONE', *, *, #7652, .T. ) ;
#12245 = FACE_OUTER_BOUND ( 'NONE', #9192, .T. ) ;
#12246 = AXIS2_PLACEMENT_3D ( 'NONE', #7335, #10406, #4520 ) ;
#12247 = VECTOR ( 'NONE', #32, 1000.000000000000000 ) ;
#12248 = PLANE ( 'NONE',  #12612 ) ;
#12249 = DIRECTION ( 'NONE',  ( 0.0000000000000000000, 1.000000000000000000, 0.0000000000000000000 ) ) ;
#12250 =( NAMED_UNIT ( * ) PLANE_ANGLE_UNIT ( ) SI_UNIT ( $, .RADIAN. ) );
#12251 =( NAMED_UNIT ( * ) SI_UNIT ( $, .STERADIAN. ) SOLID_ANGLE_UNIT ( ) );
#12252 = LINE ( 'NONE', #2378, #9262 ) ;
#12253 = ORIENTED_EDGE ( 'NONE', *, *, #5545, .T. ) ;
#12254 = ORIENTED_EDGE ( 'NONE', *, *, #4886, .F. ) ;
#12255 = CARTESIAN_POINT ( 'NONE',  ( -2.034999999999998800, 0.4249999999999998200, 0.6499999999999983600 ) ) ;
#12256 = PLANE ( 'NONE',  #8897 ) ;
#12257 = PRESENTATION_LAYER_ASSIGNMENT (  '', '', ( #10889 ) ) ;
#12258 = FILL_AREA_STYLE_COLOUR ( '', #8261 ) ;
#12259 = ADVANCED_FACE ( 'NONE', ( #3474 ), #6129, .T. ) ;
#12260 = PLANE ( 'NONE',  #4854 ) ;
#12261 = MECHANICAL_DESIGN_GEOMETRIC_PRESENTATION_REPRESENTATION (  '', ( #10211 ), #67 ) ;
#12262 = CARTESIAN_POINT ( 'NONE',  ( -0.4649999999999988600, 0.2499999999999996700, 0.2999999999999966000 ) ) ;
#12263 = ORIENTED_EDGE ( 'NONE', *, *, #9102, .F. ) ;
#12264 = VERTEX_POINT ( 'NONE', #1233 ) ;
#12265 = LINE ( 'NONE', #808, #11305 ) ;
#12266 = CARTESIAN_POINT ( 'NONE',  ( 2.350000000000000500, -0.9999999999999986700, 4.699999999999995700 ) ) ;
#12267 =( GEOMETRIC_REPRESENTATION_CONTEXT ( 3 ) GLOBAL_UNCERTAINTY_ASSIGNED_CONTEXT ( ( #6377 ) ) GLOBAL_UNIT_ASSIGNED_CONTEXT ( ( #10343, #4459, #11362 ) ) REPRESENTATION_CONTEXT ( 'NONE', 'WORKASPACE' ) );
#12268 = ADVANCED_FACE ( 'NONE', ( #5160 ), #8156, .T. ) ;
#12269 = STYLED_ITEM ( 'NONE', ( #2728 ), #3167 ) ;
#12270 = CARTESIAN_POINT ( 'NONE',  ( 2.965000000000001600, 0.2499999999999996700, 0.2999999999999966000 ) ) ;
#12271 = DIRECTION ( 'NONE',  ( 2.344220913482171700E-016, -1.000000000000000000, 0.0000000000000000000 ) ) ;
#12272 = ORIENTED_EDGE ( 'NONE', *, *, #12705, .F. ) ;
#12273 = FACE_OUTER_BOUND ( 'NONE', #8779, .T. ) ;
#12274 = DIRECTION ( 'NONE',  ( -1.000000000000000000, 6.776263578034385000E-016, -0.0000000000000000000 ) ) ;
#12275 = FILL_AREA_STYLE ('',( #2339 ) ) ;
#12276 = ORIENTED_EDGE ( 'NONE', *, *, #5790, .T. ) ;
#12277 = EDGE_LOOP ( 'NONE', ( #11912, #6153, #3392, #7794 ) ) ;
#12278 = DIRECTION ( 'NONE',  ( 0.0000000000000000000, 0.7071067811865431300, -0.7071067811865519000 ) ) ;
#12279 = DIRECTION ( 'NONE',  ( -1.000000000000000000, -0.0000000000000000000, -0.0000000000000000000 ) ) ;
#12280 = EDGE_CURVE ( 'NONE', #685, #6066, #7748, .T. ) ;
#12281 = DIRECTION ( 'NONE',  ( -2.344220913482171700E-016, 1.000000000000000000, 0.0000000000000000000 ) ) ;
#12282 = FILL_AREA_STYLE_COLOUR ( '', #11766 ) ;
#12283 = SURFACE_SIDE_STYLE ('',( #2526 ) ) ;
#12284 = EDGE_CURVE ( 'NONE', #663, #5300, #1627, .T. ) ;
#12285 = VERTEX_POINT ( 'NONE', #8201 ) ;
#12286 = SURFACE_STYLE_FILL_AREA ( #386 ) ;
#12287 = LINE ( 'NONE', #6831, #12593 ) ;
#12288 = EDGE_LOOP ( 'NONE', ( #5892, #11108, #10745, #403 ) ) ;
#12289 = CARTESIAN_POINT ( 'NONE',  ( 2.700000000000000200, -1.100000000000000100, 0.2999999999999973800 ) ) ;
#12290 = CARTESIAN_POINT ( 'NONE',  ( -2.034999999999998800, -0.3750000000000001100, 0.6499999999999983600 ) ) ;
#12291 = LINE ( 'NONE', #7109, #11974 ) ;
#12292 = EDGE_CURVE ( 'NONE', #2714, #3999, #9158, .T. ) ;
#12293 = CARTESIAN_POINT ( 'NONE',  ( 1.949999999999999500, 3.673118842698620300, 3.249999999999995600 ) ) ;
#12294 = UNCERTAINTY_MEASURE_WITH_UNIT (LENGTH_MEASURE( 1.000000000000000100E-005 ), #9153, 'distance_accuracy_value', 'NONE');
#12295 = CARTESIAN_POINT ( 'NONE',  ( -0.4649999999999988600, -0.6250000000000003300, 0.6499999999999964700 ) ) ;
#12296 = CARTESIAN_POINT ( 'NONE',  ( 2.299999999999999800, -1.100000000000000100, 0.2999999999999976000 ) ) ;
#12297 = EDGE_CURVE ( 'NONE', #2822, #8034, #3940, .T. ) ;
#12298 = EDGE_LOOP ( 'NONE', ( #7014, #375, #8148, #2129 ) ) ;
#12299 = AXIS2_PLACEMENT_3D ( 'NONE', #3063, #10945, #5025 ) ;
#12300 = PRESENTATION_STYLE_ASSIGNMENT (( #7385 ) ) ;
#12301 = LINE ( 'NONE', #204, #4400 ) ;
#12302 = ORIENTED_EDGE ( 'NONE', *, *, #4484, .F. ) ;
#12303 = CARTESIAN_POINT ( 'NONE',  ( 2.299999999999999800, 2.600000000000000100, 0.6499999999999975800 ) ) ;
#12304 = DIRECTION ( 'NONE',  ( 0.1940285000290628800, -0.1455213750217966800, 0.9701425001453329900 ) ) ;
#12305 = PRESENTATION_LAYER_ASSIGNMENT (  '', '', ( #10937 ) ) ;
#12306 = EDGE_CURVE ( 'NONE', #2021, #8368, #11829, .T. ) ;
#12307 = CARTESIAN_POINT ( 'NONE',  ( 4.825000000000000200, 1.700000000000000000, 2.200000000000000200 ) ) ;
#12308 = PLANE ( 'NONE',  #1098 ) ;
#12309 = ORIENTED_EDGE ( 'NONE', *, *, #4588, .F. ) ;
#12310 = VECTOR ( 'NONE', #11644, 1000.000000000000000 ) ;
#12311 = VECTOR ( 'NONE', #11801, 1000.000000000000000 ) ;
#12312 = ORIENTED_EDGE ( 'NONE', *, *, #1748, .T. ) ;
#12313 = EDGE_CURVE ( 'NONE', #5817, #3742, #8837, .T. ) ;
#12314 = CARTESIAN_POINT ( 'NONE',  ( 1.450000000000000000, -1.100000000000000100, 0.6499999999999975800 ) ) ;
#12315 = DIRECTION ( 'NONE',  ( 0.0000000000000000000, 0.0000000000000000000, 1.000000000000000000 ) ) ;
#12316 = CARTESIAN_POINT ( 'NONE',  ( -1.714999999999999000, 0.2499999999999996700, 0.1799999999999966600 ) ) ;
#12317 = AXIS2_PLACEMENT_3D ( 'NONE', #8498, #10512, #4609 ) ;
#12318 = DIRECTION ( 'NONE',  ( 0.0000000000000000000, 1.000000000000000000, 0.0000000000000000000 ) ) ;
#12319 = ADVANCED_FACE ( 'NONE', ( #5906 ), #10232, .T. ) ;
#12320 = CARTESIAN_POINT ( 'NONE',  ( 2.965000000000001600, 0.0000000000000000000, 0.0000000000000000000 ) ) ;
#12321 = DIRECTION ( 'NONE',  ( 0.0000000000000000000, -0.0000000000000000000, -1.000000000000000000 ) ) ;
#12322 = CARTESIAN_POINT ( 'NONE',  ( 0.7850000000000010300, -0.3750000000000005000, 3.499999999999986700 ) ) ;
#12323 = CARTESIAN_POINT ( 'NONE',  ( -2.649999999999999900, 2.123118842698621800, 3.249999999999996000 ) ) ;
#12324 = LINE ( 'NONE', #11340, #4117 ) ;
#12325 =( GEOMETRIC_REPRESENTATION_CONTEXT ( 3 ) GLOBAL_UNCERTAINTY_ASSIGNED_CONTEXT ( ( #11476 ) ) GLOBAL_UNIT_ASSIGNED_CONTEXT ( ( #6580, #676, #7544 ) ) REPRESENTATION_CONTEXT ( 'NONE', 'WORKASPACE' ) );
#12326 = VECTOR ( 'NONE', #12380, 1000.000000000000000 ) ;
#12327 = AXIS2_PLACEMENT_3D ( 'NONE', #11527, #2666, #3457 ) ;
#12328 = FACE_OUTER_BOUND ( 'NONE', #457, .T. ) ;
#12329 = VECTOR ( 'NONE', #1341, 1000.000000000000000 ) ;
#12330 = EDGE_LOOP ( 'NONE', ( #221, #5263, #11818, #10381 ) ) ;
#12331 = CARTESIAN_POINT ( 'NONE',  ( -2.300000000000000700, 2.600000000000000100, 0.6499999999999983600 ) ) ;
#12332 =( NAMED_UNIT ( * ) SI_UNIT ( $, .STERADIAN. ) SOLID_ANGLE_UNIT ( ) );
#12333 = CARTESIAN_POINT ( 'NONE',  ( 3.185000000000001800, -0.3750000000000005600, 3.999999999999993300 ) ) ;
#12334 = DIRECTION ( 'NONE',  ( 0.0000000000000000000, 0.0000000000000000000, -1.000000000000000000 ) ) ;
#12335 = LINE ( 'NONE', #3215, #2724 ) ;
#12336 = ADVANCED_FACE ( 'NONE', ( #8528 ), #2347, .T. ) ;
#12337 = SURFACE_STYLE_FILL_AREA ( #3012 ) ;
#12338 = DIRECTION ( 'NONE',  ( 0.0000000000000000000, 1.000000000000000000, 0.0000000000000000000 ) ) ;
#12339 = ORIENTED_EDGE ( 'NONE', *, *, #11788, .F. ) ;
#12340 = LINE ( 'NONE', #4450, #12020 ) ;
#12341 = FACE_OUTER_BOUND ( 'NONE', #8776, .T. ) ;
#12342 = ORIENTED_EDGE ( 'NONE', *, *, #12621, .F. ) ;
#12343 = ORIENTED_EDGE ( 'NONE', *, *, #7739, .T. ) ;
#12344 = VECTOR ( 'NONE', #7535, 1000.000000000000000 ) ;
#12345 = CARTESIAN_POINT ( 'NONE',  ( 2.035000000000001900, 0.4249999999999998200, 1.749999999999996400 ) ) ;
#12346 = PLANE ( 'NONE',  #6538 ) ;
#12347 = AXIS2_PLACEMENT_3D ( 'NONE', #8028, #2132, #9027 ) ;
#12348 = FACE_OUTER_BOUND ( 'NONE', #5880, .T. ) ;
#12349 = CARTESIAN_POINT ( 'NONE',  ( -2.964999999999999000, 2.999999999999999600, -1.761828530288944700E-016 ) ) ;
#12350 = PRESENTATION_LAYER_ASSIGNMENT (  '', '', ( #10984 ) ) ;
#12351 = ORIENTED_EDGE ( 'NONE', *, *, #1605, .F. ) ;
#12352 = LINE ( 'NONE', #10167, #4446 ) ;
#12353 = LINE ( 'NONE', #7078, #4447 ) ;
#12354 = ORIENTED_EDGE ( 'NONE', *, *, #3177, .F. ) ;
#12355 = LINE ( 'NONE', #2301, #7358 ) ;
#12356 =( LENGTH_UNIT ( ) NAMED_UNIT ( * ) SI_UNIT ( .MILLI., .METRE. ) );
#12357 = FACE_OUTER_BOUND ( 'NONE', #9996, .T. ) ;
#12358 = EDGE_CURVE ( 'NONE', #5119, #3799, #7592, .T. ) ;
#12359 =( LENGTH_UNIT ( ) NAMED_UNIT ( * ) SI_UNIT ( .MILLI., .METRE. ) );
#12360 = DIRECTION ( 'NONE',  ( 1.000000000000000000, -0.0000000000000000000, -3.252606517456510300E-016 ) ) ;
#12361 = VERTEX_POINT ( 'NONE', #467 ) ;
#12362 = VECTOR ( 'NONE', #7871, 1000.000000000000000 ) ;
#12363 = CARTESIAN_POINT ( 'NONE',  ( 0.7850000000000010300, -0.6250000000000003300, 0.2999999999999964900 ) ) ;
#12364 = ORIENTED_EDGE ( 'NONE', *, *, #10931, .F. ) ;
#12365 = PLANE ( 'NONE',  #4997 ) ;
#12366 = PLANE ( 'NONE',  #7796 ) ;
#12367 = DIRECTION ( 'NONE',  ( 1.000000000000000000, 0.0000000000000000000, 0.0000000000000000000 ) ) ;
#12368 = LINE ( 'NONE', #3102, #9983 ) ;
#12369 = VECTOR ( 'NONE', #11879, 1000.000000000000000 ) ;
#12370 = EDGE_CURVE ( 'NONE', #3678, #11155, #2367, .T. ) ;
#12371 = DIRECTION ( 'NONE',  ( -1.000000000000000000, -0.0000000000000000000, -0.0000000000000000000 ) ) ;
#12372 = ORIENTED_EDGE ( 'NONE', *, *, #7602, .T. ) ;
#12373 = LINE ( 'NONE', #2688, #7377 ) ;
#12374 = AXIS2_PLACEMENT_3D ( 'NONE', #6628, #7550, #8585 ) ;
#12375 = CARTESIAN_POINT ( 'NONE',  ( 3.285000000000001500, -0.1500000000000003300, 0.2999999999999965500 ) ) ;
#12376 = DIRECTION ( 'NONE',  ( -1.000000000000000000, -0.0000000000000000000, -0.0000000000000000000 ) ) ;
#12377 = EDGE_LOOP ( 'NONE', ( #12559, #9634, #3837, #9264 ) ) ;
#12378 = ORIENTED_EDGE ( 'NONE', *, *, #9328, .T. ) ;
#12379 = EDGE_CURVE ( 'NONE', #4034, #8342, #12604, .T. ) ;
#12380 = DIRECTION ( 'NONE',  ( -1.000000000000000000, -0.0000000000000000000, 3.047487187526822800E-016 ) ) ;
#12381 = FACE_OUTER_BOUND ( 'NONE', #6428, .T. ) ;
#12382 = CARTESIAN_POINT ( 'NONE',  ( 3.285000000000001500, -0.1500000000000003300, 0.2999999999999965500 ) ) ;
#12383 = PRESENTATION_LAYER_ASSIGNMENT (  '', '', ( #11017 ) ) ;
#12384 = ADVANCED_FACE ( 'NONE', ( #4688 ), #12365, .F. ) ;
#12385 = EDGE_CURVE ( 'NONE', #9398, #12809, #11343, .T. ) ;
#12386 = ORIENTED_EDGE ( 'NONE', *, *, #8009, .F. ) ;
#12387 = VECTOR ( 'NONE', #8015, 1000.000000000000000 ) ;
#12388 = DIRECTION ( 'NONE',  ( -0.1904761904761876300, 0.2380952380952350000, 0.9523809523809536600 ) ) ;
#12389 = ORIENTED_EDGE ( 'NONE', *, *, #285, .F. ) ;
#12390 = DIRECTION ( 'NONE',  ( 0.0000000000000000000, 0.0000000000000000000, -1.000000000000000000 ) ) ;
#12391 = ORIENTED_EDGE ( 'NONE', *, *, #5482, .F. ) ;
#12392 = EDGE_CURVE ( 'NONE', #1060, #9484, #6381, .T. ) ;
#12393 = DIRECTION ( 'NONE',  ( 0.0000000000000000000, -1.000000000000000000, -0.0000000000000000000 ) ) ;
#12394 = DIRECTION ( 'NONE',  ( 0.0000000000000000000, 1.000000000000000000, 2.032879073410321300E-016 ) ) ;
#12395 = STYLED_ITEM ( 'NONE', ( #11899 ), #7781 ) ;
#12396 = VECTOR ( 'NONE', #7289, 999.9999999999998900 ) ;
#12397 = PRESENTATION_STYLE_ASSIGNMENT (( #11035 ) ) ;
#12398 = ADVANCED_FACE ( 'NONE', ( #824 ), #1547, .T. ) ;
#12399 = PRESENTATION_LAYER_ASSIGNMENT (  '', '', ( #11041 ) ) ;
#12400 = ORIENTED_EDGE ( 'NONE', *, *, #8937, .T. ) ;
#12401 = VECTOR ( 'NONE', #10194, 1000.000000000000000 ) ;
#12402 = CARTESIAN_POINT ( 'NONE',  ( -2.964999999999999000, -0.3750000000000001100, 0.6499999999999975800 ) ) ;
#12403 = EDGE_LOOP ( 'NONE', ( #4509, #11658, #3142, #6931 ) ) ;
#12404 = LINE ( 'NONE', #215, #1869 ) ;
#12405 = DIRECTION ( 'NONE',  ( 1.000000000000000000, 0.0000000000000000000, 0.0000000000000000000 ) ) ;
#12406 = CARTESIAN_POINT ( 'NONE',  ( 5.149000000000000900, -1.100000000000000100, 0.3039999999999999400 ) ) ;
#12407 = CARTESIAN_POINT ( 'NONE',  ( -0.7849999999999988100, 0.4249999999999998200, 1.749999999999996400 ) ) ;
#12408 = CARTESIAN_POINT ( 'NONE',  ( -5.645000000000000500, 1.200000000000000000, 1.275999999999999800 ) ) ;
#12409 = FILL_AREA_STYLE_COLOUR ( '', #12594 ) ;
#12410 = ORIENTED_EDGE ( 'NONE', *, *, #10758, .T. ) ;
#12411 = VERTEX_POINT ( 'NONE', #11432 ) ;
#12412 = FACE_OUTER_BOUND ( 'NONE', #7857, .T. ) ;
#12413 = CARTESIAN_POINT ( 'NONE',  ( 5.099000000000000200, -0.8799999999999986700, 1.275999999999999600 ) ) ;
#12414 = CARTESIAN_POINT ( 'NONE',  ( 2.299999999999999800, -1.100000000000000100, 0.6499999999999975800 ) ) ;
#12415 = DIRECTION ( 'NONE',  ( 1.000000000000000000, 0.0000000000000000000, -0.0000000000000000000 ) ) ;
#12416 = ORIENTED_EDGE ( 'NONE', *, *, #10266, .F. ) ;
#12417 = ORIENTED_EDGE ( 'NONE', *, *, #2304, .T. ) ;
#12418 = AXIS2_PLACEMENT_3D ( 'NONE', #2171, #4335, #9528 ) ;
#12419 = ORIENTED_EDGE ( 'NONE', *, *, #11873, .T. ) ;
#12420 = ORIENTED_EDGE ( 'NONE', *, *, #12379, .T. ) ;
#12421 = PLANE ( 'NONE',  #12510 ) ;
#12422 = CARTESIAN_POINT ( 'NONE',  ( -3.284999999999998800, 0.2499999999999996700, 0.1799999999999966600 ) ) ;
#12423 = FACE_OUTER_BOUND ( 'NONE', #6191, .T. ) ;
#12424 =( LENGTH_UNIT ( ) NAMED_UNIT ( * ) SI_UNIT ( .MILLI., .METRE. ) );
#12425 = VERTEX_POINT ( 'NONE', #7424 ) ;
#12426 = CARTESIAN_POINT ( 'NONE',  ( 3.285000000000001500, 2.200000000000004200, 0.2999999999999988800 ) ) ;
#12427 = FACE_OUTER_BOUND ( 'NONE', #6648, .T. ) ;
#12428 = ORIENTED_EDGE ( 'NONE', *, *, #12463, .F. ) ;
#12429 = FACE_OUTER_BOUND ( 'NONE', #1401, .T. ) ;
#12430 = ORIENTED_EDGE ( 'NONE', *, *, #3403, .T. ) ;
#12431 = CARTESIAN_POINT ( 'NONE',  ( 0.1999999999999987900, 2.600000000000000100, 0.6499999999999978000 ) ) ;
#12432 = PRESENTATION_STYLE_ASSIGNMENT (( #12658 ) ) ;
#12433 = AXIS2_PLACEMENT_3D ( 'NONE', #6130, #246, #7130 ) ;
#12434 = PLANE ( 'NONE',  #6655 ) ;
#12435 = FILL_AREA_STYLE_COLOUR ( '', #10415 ) ;
#12436 = VECTOR ( 'NONE', #12390, 1000.000000000000000 ) ;
#12437 = ORIENTED_EDGE ( 'NONE', *, *, #12541, .T. ) ;
#12438 = ADVANCED_FACE ( 'NONE', ( #1127 ), #4529, .T. ) ;
#12440 = FILL_AREA_STYLE ('',( #5506 ) ) ;
#12439 = DIRECTION ( 'NONE',  ( -1.000000000000000000, 9.035018104045859600E-017, 0.0000000000000000000 ) ) ;
#12441 = PRESENTATION_STYLE_ASSIGNMENT (( #12528 ) ) ;
#12442 = EDGE_CURVE ( 'NONE', #8619, #412, #10058, .T. ) ;
#12443 = CARTESIAN_POINT ( 'NONE',  ( 1.449999999999999100, 2.600000000000000100, 0.2999999999999976000 ) ) ;
#12444 = VECTOR ( 'NONE', #5901, 1000.000000000000000 ) ;
#12445 = CARTESIAN_POINT ( 'NONE',  ( -1.714999999999998100, 0.4249999999999998200, 1.749999999999996400 ) ) ;
#12446 = DIRECTION ( 'NONE',  ( 0.0000000000000000000, 1.294569758191649100E-016, -1.000000000000000000 ) ) ;
#12447 = EDGE_CURVE ( 'NONE', #11483, #10421, #12755, .T. ) ;
#12448 = CARTESIAN_POINT ( 'NONE',  ( -5.149000000000000900, -1.100000000000000100, 1.276000000000000000 ) ) ;
#12449 = PLANE ( 'NONE',  #10954 ) ;
#12450 = VERTEX_POINT ( 'NONE', #5546 ) ;
#12451 = EDGE_CURVE ( 'NONE', #3290, #7877, #7448, .T. ) ;
#12452 = PLANE ( 'NONE',  #384 ) ;
#12453 = DIRECTION ( 'NONE',  ( 0.0000000000000000000, 0.0000000000000000000, 1.000000000000000000 ) ) ;
#12454 = EDGE_LOOP ( 'NONE', ( #12244, #5291, #7225, #10875 ) ) ;
#12455 = FACE_OUTER_BOUND ( 'NONE', #9226, .T. ) ;
#12456 = ORIENTED_EDGE ( 'NONE', *, *, #5642, .T. ) ;
#12457 = SURFACE_STYLE_FILL_AREA ( #4433 ) ;
#12458 = SURFACE_STYLE_FILL_AREA ( #8898 ) ;
#12459 = ADVANCED_FACE ( 'NONE', ( #5147 ), #4603, .T. ) ;
#12460 = DIRECTION ( 'NONE',  ( 0.0000000000000000000, -1.000000000000000000, 0.0000000000000000000 ) ) ;
#12461 = CARTESIAN_POINT ( 'NONE',  ( 3.285000000000001500, 0.4249999999999998200, 3.499999999999981300 ) ) ;
#12462 = CARTESIAN_POINT ( 'NONE',  ( 5.319000000000003500, -1.100000000000000100, 0.2999999999999999900 ) ) ;
#12463 = EDGE_CURVE ( 'NONE', #1699, #2766, #6207, .T. ) ;
#12464 = VERTEX_POINT ( 'NONE', #10547 ) ;
#12465 = EDGE_CURVE ( 'NONE', #12464, #6277, #8822, .T. ) ;
#12466 = AXIS2_PLACEMENT_3D ( 'NONE', #8660, #9668, #3783 ) ;
#12467 = DIRECTION ( 'NONE',  ( 0.0000000000000000000, 0.0000000000000000000, 1.000000000000000000 ) ) ;
#12468 = LINE ( 'NONE', #11574, #4861 ) ;
#12469 = CYLINDRICAL_SURFACE ( 'NONE', #2725, 0.3039999999999999900 ) ;
#12470 = FILL_AREA_STYLE ('',( #10396 ) ) ;
#12471 = AXIS2_PLACEMENT_3D ( 'NONE', #11401, #10380, #2534 ) ;
#12472 = ORIENTED_EDGE ( 'NONE', *, *, #1168, .F. ) ;
#12473 = SURFACE_SIDE_STYLE ('',( #1710 ) ) ;
#12474 = EDGE_CURVE ( 'NONE', #9484, #5271, #1292, .T. ) ;
#12475 = ORIENTED_EDGE ( 'NONE', *, *, #11106, .T. ) ;
#12476 = DIRECTION ( 'NONE',  ( -1.000000000000000000, -0.0000000000000000000, 3.047487187526822800E-016 ) ) ;
#12477 = ORIENTED_EDGE ( 'NONE', *, *, #11601, .F. ) ;
#12478 = UNCERTAINTY_MEASURE_WITH_UNIT (LENGTH_MEASURE( 1.000000000000000100E-005 ), #1861, 'distance_accuracy_value', 'NONE');
#12479 = LINE ( 'NONE', #2458, #1939 ) ;
#12480 = LINE ( 'NONE', #7168, #1940 ) ;
#12481 = AXIS2_PLACEMENT_3D ( 'NONE', #10698, #10751, #10817 ) ;
#12482 = ORIENTED_EDGE ( 'NONE', *, *, #11880, .T. ) ;
#12483 = CARTESIAN_POINT ( 'NONE',  ( 5.099000000000000200, 1.200000000000000000, 1.275999999999999600 ) ) ;
#12484 = ORIENTED_EDGE ( 'NONE', *, *, #10594, .T. ) ;
#12485 =( GEOMETRIC_REPRESENTATION_CONTEXT ( 3 ) GLOBAL_UNCERTAINTY_ASSIGNED_CONTEXT ( ( #12294 ) ) GLOBAL_UNIT_ASSIGNED_CONTEXT ( ( #9153, #3276, #10141 ) ) REPRESENTATION_CONTEXT ( 'NONE', 'WORKASPACE' ) );
#12486 = FILL_AREA_STYLE ('',( #3573 ) ) ;
#12487 = DIRECTION ( 'NONE',  ( -1.000000000000000000, -0.0000000000000000000, -0.0000000000000000000 ) ) ;
#12488 = CARTESIAN_POINT ( 'NONE',  ( 2.965000000000001600, -0.6250000000000003300, 0.2999999999999964900 ) ) ;
#12489 = VERTEX_POINT ( 'NONE', #12569 ) ;
#12490 = FACE_OUTER_BOUND ( 'NONE', #10520, .T. ) ;
#12491 = ORIENTED_EDGE ( 'NONE', *, *, #2158, .T. ) ;
#12492 = EDGE_LOOP ( 'NONE', ( #600, #911, #3647, #5741 ) ) ;
#12493 = CARTESIAN_POINT ( 'NONE',  ( -4.625000000000000900, 1.399999999999999700, 2.400000000000000400 ) ) ;
#12494 =( NAMED_UNIT ( * ) PLANE_ANGLE_UNIT ( ) SI_UNIT ( $, .RADIAN. ) );
#12495 = SURFACE_STYLE_USAGE ( .BOTH. , #1967 ) ;
#12496 = CARTESIAN_POINT ( 'NONE',  ( 6.125000000000000000, 1.700000000000000000, 0.7999999999999979300 ) ) ;
#12497 = ORIENTED_EDGE ( 'NONE', *, *, #3006, .T. ) ;
#12498 = DIRECTION ( 'NONE',  ( 0.0000000000000000000, 1.000000000000000000, 0.0000000000000000000 ) ) ;
#12499 = ORIENTED_EDGE ( 'NONE', *, *, #6003, .F. ) ;
#12500 = ORIENTED_EDGE ( 'NONE', *, *, #7929, .T. ) ;
#12501 = ORIENTED_EDGE ( 'NONE', *, *, #12713, .F. ) ;
#12502 = FACE_OUTER_BOUND ( 'NONE', #7134, .T. ) ;
#12503 = ORIENTED_EDGE ( 'NONE', *, *, #910, .F. ) ;
#12504 = ORIENTED_EDGE ( 'NONE', *, *, #6858, .F. ) ;
#12505 = PLANE ( 'NONE',  #11860 ) ;
#12506 = MECHANICAL_DESIGN_GEOMETRIC_PRESENTATION_REPRESENTATION (  '', ( #10485 ), #319 ) ;
#12507 = SURFACE_STYLE_USAGE ( .BOTH. , #5575 ) ;
#12508 = LINE ( 'NONE', #5609, #1974 ) ;
#12509 = CARTESIAN_POINT ( 'NONE',  ( -2.964999999999999000, 0.2499999999999996700, 0.1799999999999966600 ) ) ;
#12510 = AXIS2_PLACEMENT_3D ( 'NONE', #3513, #6473, #576 ) ;
#12511 = DIRECTION ( 'NONE',  ( 0.0000000000000000000, -1.000000000000000000, 0.0000000000000000000 ) ) ;
#12512 = LINE ( 'NONE', #2239, #1975 ) ;
#12513 = SURFACE_STYLE_FILL_AREA ( #3944 ) ;
#12514 = CARTESIAN_POINT ( 'NONE',  ( -4.825000000000000200, 1.700000000000000000, 2.200000000000000200 ) ) ;
#12515 = DIRECTION ( 'NONE',  ( -0.0000000000000000000, 0.0000000000000000000, 1.000000000000000000 ) ) ;
#12516 = VERTEX_POINT ( 'NONE', #8573 ) ;
#12517 = ORIENTED_EDGE ( 'NONE', *, *, #1675, .F. ) ;
#12518 = VECTOR ( 'NONE', #1826, 1000.000000000000000 ) ;
#12519 = ORIENTED_EDGE ( 'NONE', *, *, #3929, .F. ) ;
#12520 = ORIENTED_EDGE ( 'NONE', *, *, #8243, .T. ) ;
#12521 = EDGE_CURVE ( 'NONE', #8578, #8299, #3614, .T. ) ;
#12522 = ADVANCED_FACE ( 'NONE', ( #10865 ), #4680, .T. ) ;
#12523 = ORIENTED_EDGE ( 'NONE', *, *, #3644, .F. ) ;
#12524 = EDGE_CURVE ( 'NONE', #9839, #8640, #8513, .T. ) ;
#12525 = DIRECTION ( 'NONE',  ( -0.7071067811865483500, -0.7071067811865468000, -1.629776165692365200E-017 ) ) ;
#12526 = LINE ( 'NONE', #11400, #1987 ) ;
#12527 = SURFACE_STYLE_FILL_AREA ( #3896 ) ;
#12528 = SURFACE_STYLE_USAGE ( .BOTH. , #5592 ) ;
#12529 = VERTEX_POINT ( 'NONE', #2697 ) ;
#12530 = EDGE_LOOP ( 'NONE', ( #9230, #2649, #12681, #4965 ) ) ;
#12531 = PRESENTATION_LAYER_ASSIGNMENT (  '', '', ( #11181 ) ) ;
#12532 = DIRECTION ( 'NONE',  ( 0.0000000000000000000, -1.000000000000000000, 0.0000000000000000000 ) ) ;
#12533 = EDGE_CURVE ( 'NONE', #10150, #396, #8206, .T. ) ;
#12534 = VERTEX_POINT ( 'NONE', #3737 ) ;
#12535 = EDGE_LOOP ( 'NONE', ( #10172, #10895, #8224, #12312 ) ) ;
#12536 = EDGE_CURVE ( 'NONE', #8639, #2617, #2988, .T. ) ;
#12537 = DIRECTION ( 'NONE',  ( 0.0000000000000000000, -1.000000000000000000, 0.0000000000000000000 ) ) ;
#12538 = SURFACE_STYLE_FILL_AREA ( #10852 ) ;
#12539 = LINE ( 'NONE', #6773, #1706 ) ;
#12540 = CARTESIAN_POINT ( 'NONE',  ( -2.964999999999999000, 2.350000000000003600, 0.6499999999999985800 ) ) ;
#12541 = EDGE_CURVE ( 'NONE', #6161, #4034, #5615, .T. ) ;
#12542 = PLANE ( 'NONE',  #3442 ) ;
#12543 = AXIS2_PLACEMENT_3D ( 'NONE', #3227, #10094, #4223 ) ;
#12544 = CARTESIAN_POINT ( 'NONE',  ( -1.714999999999999000, 3.100000000000000100, 0.3499999999999989800 ) ) ;
#12545 =( NAMED_UNIT ( * ) SI_UNIT ( $, .STERADIAN. ) SOLID_ANGLE_UNIT ( ) );
#12546 = EDGE_CURVE ( 'NONE', #11375, #10617, #5308, .T. ) ;
#12547 = ORIENTED_EDGE ( 'NONE', *, *, #8175, .T. ) ;
#12548 = SURFACE_STYLE_USAGE ( .BOTH. , #5610 ) ;
#12549 =( NAMED_UNIT ( * ) PLANE_ANGLE_UNIT ( ) SI_UNIT ( $, .RADIAN. ) );
#12550 = MECHANICAL_DESIGN_GEOMETRIC_PRESENTATION_REPRESENTATION (  '', ( #10521 ), #358 ) ;
#12551 = LINE ( 'NONE', #9777, #9257 ) ;
#12552 = EDGE_CURVE ( 'NONE', #2205, #11272, #10546, .T. ) ;
#12553 = COLOUR_RGB ( '',0.8000000000000000400, 0.8078431372549019800, 0.8000000000000000400 ) ;
#12554 = CARTESIAN_POINT ( 'NONE',  ( -0.4649999999999988600, 2.350000000000003600, 0.6499999999999985800 ) ) ;
#12555 = CARTESIAN_POINT ( 'NONE',  ( 0.7850000000000010300, 0.4249999999999998200, 0.6499999999999964700 ) ) ;
#12556 = EDGE_CURVE ( 'NONE', #6753, #705, #10218, .T. ) ;
#12557 = CARTESIAN_POINT ( 'NONE',  ( 0.7850000000000010300, -0.6250000000000003300, 0.2999999999999964900 ) ) ;
#12558 = ORIENTED_EDGE ( 'NONE', *, *, #1256, .F. ) ;
#12559 = ORIENTED_EDGE ( 'NONE', *, *, #5714, .F. ) ;
#12560 = FACE_OUTER_BOUND ( 'NONE', #2752, .T. ) ;
#12561 = CARTESIAN_POINT ( 'NONE',  ( 3.285000000000002400, 1.850174355777312200E-016, 0.6499999999999973600 ) ) ;
#12562 = STYLED_ITEM ( 'NONE', ( #6433 ), #8049 ) ;
#12563 = PRESENTATION_LAYER_ASSIGNMENT (  '', '', ( #11210 ) ) ;
#12564 = STYLED_ITEM ( 'NONE', ( #5224 ), #1224 ) ;
#12565 = DIRECTION ( 'NONE',  ( 0.0000000000000000000, 0.0000000000000000000, 1.000000000000000000 ) ) ;
#12566 = PLANE ( 'NONE',  #8120 ) ;
#12567 = VERTEX_POINT ( 'NONE', #6749 ) ;
#12568 = VERTEX_POINT ( 'NONE', #12702 ) ;
#12569 = CARTESIAN_POINT ( 'NONE',  ( -0.7849999999999988100, 2.549999999999999800, 0.4499999999999999000 ) ) ;
#12570 = CARTESIAN_POINT ( 'NONE',  ( 4.625000000000000900, 2.299999999999999800, 3.699999999999996600 ) ) ;
#12571 = EDGE_LOOP ( 'NONE', ( #12637, #11881, #5307, #2604 ) ) ;
#12572 =( NAMED_UNIT ( * ) SI_UNIT ( $, .STERADIAN. ) SOLID_ANGLE_UNIT ( ) );
#12573 = SURFACE_SIDE_STYLE ('',( #124 ) ) ;
#12574 = STYLED_ITEM ( 'NONE', ( #2968 ), #9480 ) ;
#12575 = ORIENTED_EDGE ( 'NONE', *, *, #9834, .F. ) ;
#12576 = ORIENTED_EDGE ( 'NONE', *, *, #10587, .T. ) ;
#12577 = EDGE_LOOP ( 'NONE', ( #695, #1870, #10908, #3247 ) ) ;
#12578 = DIRECTION ( 'NONE',  ( 0.0000000000000000000, -0.7071067811865431300, 0.7071067811865520100 ) ) ;
#12579 = VERTEX_POINT ( 'NONE', #8652 ) ;
#12580 = DIRECTION ( 'NONE',  ( 0.0000000000000000000, 1.000000000000000000, 0.0000000000000000000 ) ) ;
#12581 = VECTOR ( 'NONE', #12393, 1000.000000000000000 ) ;
#12582 = DIRECTION ( 'NONE',  ( 0.0000000000000000000, 0.0000000000000000000, -1.000000000000000000 ) ) ;
#12583 = ADVANCED_FACE ( 'NONE', ( #9895 ), #11691, .F. ) ;
#12584 = DIRECTION ( 'NONE',  ( 1.000000000000000000, 0.0000000000000000000, 0.0000000000000000000 ) ) ;
#12585 = DIRECTION ( 'NONE',  ( 0.0000000000000000000, 0.0000000000000000000, -1.000000000000000000 ) ) ;
#12586 =( GEOMETRIC_REPRESENTATION_CONTEXT ( 3 ) GLOBAL_UNCERTAINTY_ASSIGNED_CONTEXT ( ( #10016 ) ) GLOBAL_UNIT_ASSIGNED_CONTEXT ( ( #11707, #5763, #12719 ) ) REPRESENTATION_CONTEXT ( 'NONE', 'WORKASPACE' ) );
#12587 = CARTESIAN_POINT ( 'NONE',  ( 0.4650000000000010200, 0.4249999999999998200, 1.749999999999996400 ) ) ;
#12588 = VECTOR ( 'NONE', #8555, 1000.000000000000000 ) ;
#12589 = PRESENTATION_LAYER_ASSIGNMENT (  '', '', ( #1056 ) ) ;
#12590 = EDGE_LOOP ( 'NONE', ( #3356, #3581, #3772, #542 ) ) ;
#12591 = LINE ( 'NONE', #8164, #2049 ) ;
#12592 = FILL_AREA_STYLE ('',( #7147 ) ) ;
#12593 = VECTOR ( 'NONE', #7791, 1000.000000000000000 ) ;
#12594 = COLOUR_RGB ( '',0.8000000000000000400, 0.8078431372549019800, 0.8000000000000000400 ) ;
#12595 = SURFACE_STYLE_USAGE ( .BOTH. , #5654 ) ;
#12596 = VECTOR ( 'NONE', #8966, 1000.000000000000000 ) ;
#12597 = DIRECTION ( 'NONE',  ( 0.0000000000000000000, 0.0000000000000000000, 1.000000000000000000 ) ) ;
#12598 = DIRECTION ( 'NONE',  ( 0.0000000000000000000, 0.0000000000000000000, -1.000000000000000000 ) ) ;
#12599 = CARTESIAN_POINT ( 'NONE',  ( 4.324999999999995700, 0.8499999999999996400, 1.749999999999996400 ) ) ;
#12600 = EDGE_CURVE ( 'NONE', #9500, #4490, #7291, .T. ) ;
#12601 = EDGE_CURVE ( 'NONE', #8474, #10258, #4977, .T. ) ;
#12602 = CARTESIAN_POINT ( 'NONE',  ( -4.625000000000000900, 1.700000000000000000, 0.2999999999999999900 ) ) ;
#12603 = VERTEX_POINT ( 'NONE', #3820 ) ;
#12604 = LINE ( 'NONE', #7303, #9907 ) ;
#12605 = VECTOR ( 'NONE', #11040, 1000.000000000000000 ) ;
#12606 = UNCERTAINTY_MEASURE_WITH_UNIT (LENGTH_MEASURE( 1.000000000000000100E-005 ), #2837, 'distance_accuracy_value', 'NONE');
#12607 = DIRECTION ( 'NONE',  ( 1.000000000000000000, 0.0000000000000000000, 0.0000000000000000000 ) ) ;
#12608 = EDGE_CURVE ( 'NONE', #10341, #782, #4679, .T. ) ;
#12609 = VERTEX_POINT ( 'NONE', #877 ) ;
#12610 = DIRECTION ( 'NONE',  ( 1.000000000000000000, 0.0000000000000000000, -0.0000000000000000000 ) ) ;
#12611 = DIRECTION ( 'NONE',  ( 1.000000000000000000, 2.344220913482171700E-016, 0.0000000000000000000 ) ) ;
#12612 = AXIS2_PLACEMENT_3D ( 'NONE', #10238, #4368, #11265 ) ;
#12613 = VERTEX_POINT ( 'NONE', #7744 ) ;
#12614 = DIRECTION ( 'NONE',  ( 1.000000000000000000, 0.0000000000000000000, 0.0000000000000000000 ) ) ;
#12615 = LINE ( 'NONE', #4801, #6705 ) ;
#12616 = LINE ( 'NONE', #6846, #6996 ) ;
#12617 = CARTESIAN_POINT ( 'NONE',  ( 1.715000000000001200, -0.3750000000000001100, 0.6499999999999975800 ) ) ;
#12618 = ORIENTED_EDGE ( 'NONE', *, *, #10155, .F. ) ;
#12619 = VECTOR ( 'NONE', #8106, 1000.000000000000000 ) ;
#12620 = SURFACE_STYLE_FILL_AREA ( #10648 ) ;
#12621 = EDGE_CURVE ( 'NONE', #4714, #8579, #9598, .T. ) ;
#12622 = VERTEX_POINT ( 'NONE', #9744 ) ;
#12623 = ORIENTED_EDGE ( 'NONE', *, *, #8828, .F. ) ;
#12624 =( NAMED_UNIT ( * ) PLANE_ANGLE_UNIT ( ) SI_UNIT ( $, .RADIAN. ) );
#12625 = CARTESIAN_POINT ( 'NONE',  ( -1.949999999999999700, 2.123118842698621800, 2.099999999999996100 ) ) ;
#12626 = EDGE_CURVE ( 'NONE', #5800, #12634, #4389, .T. ) ;
#12627 = FILL_AREA_STYLE_COLOUR ( '', #10436 ) ;
#12628 = SURFACE_SIDE_STYLE ('',( #2221 ) ) ;
#12629 = CARTESIAN_POINT ( 'NONE',  ( 1.715000000000001200, 0.4249999999999998200, 1.749999999999996400 ) ) ;
#12630 = VECTOR ( 'NONE', #5791, 1000.000000000000000 ) ;
#12631 = FACE_OUTER_BOUND ( 'NONE', #8784, .T. ) ;
#12632 = CARTESIAN_POINT ( 'NONE',  ( 2.035000000000001000, 2.999999999999999600, -1.761828530288944700E-016 ) ) ;
#12633 = EDGE_CURVE ( 'NONE', #2769, #5103, #12287, .T. ) ;
#12634 = VERTEX_POINT ( 'NONE', #3868 ) ;
#12635 = ORIENTED_EDGE ( 'NONE', *, *, #12541, .F. ) ;
#12636 = DIRECTION ( 'NONE',  ( 0.0000000000000000000, 0.0000000000000000000, -1.000000000000000000 ) ) ;
#12637 = ORIENTED_EDGE ( 'NONE', *, *, #6704, .F. ) ;
#12638 = ORIENTED_EDGE ( 'NONE', *, *, #12037, .F. ) ;
#12639 = DIRECTION ( 'NONE',  ( 1.000000000000000000, 0.0000000000000000000, -2.304851557154561000E-017 ) ) ;
#12640 = LINE ( 'NONE', #1654, #9942 ) ;
#12641 = VECTOR ( 'NONE', #5915, 1000.000000000000000 ) ;
#12642 = PLANE ( 'NONE',  #6297 ) ;
#12643 = MECHANICAL_DESIGN_GEOMETRIC_PRESENTATION_REPRESENTATION (  '', ( #10619 ), #459 ) ;
#12644 = CARTESIAN_POINT ( 'NONE',  ( -1.714999999999999000, 3.100000000000000100, 0.3499999999999989800 ) ) ;
#12645 = ORIENTED_EDGE ( 'NONE', *, *, #414, .T. ) ;
#12646 = CARTESIAN_POINT ( 'NONE',  ( -1.050000000000000900, 2.600000000000000100, 0.2999999999999981000 ) ) ;
#12647 = ADVANCED_FACE ( 'NONE', ( #4079 ), #8789, .F. ) ;
#12648 = STYLED_ITEM ( 'NONE', ( #11593 ), #768 ) ;
#12649 = LINE ( 'NONE', #11133, #5040 ) ;
#12651 = LINE ( 'NONE', #10469, #3363 ) ;
#12650 = DIRECTION ( 'NONE',  ( 1.000000000000000000, 0.0000000000000000000, -3.047487187526822800E-016 ) ) ;
#12652 = MECHANICAL_DESIGN_GEOMETRIC_PRESENTATION_REPRESENTATION (  '', ( #10629 ), #473 ) ;
#12653 = ORIENTED_EDGE ( 'NONE', *, *, #8434, .T. ) ;
#12654 = VECTOR ( 'NONE', #8479, 1000.000000000000000 ) ;
#12655 = EDGE_LOOP ( 'NONE', ( #7647, #6692, #11349, #3715 ) ) ;
#12656 = DIRECTION ( 'NONE',  ( 1.000000000000000000, 0.0000000000000000000, 0.0000000000000000000 ) ) ;
#12657 = CARTESIAN_POINT ( 'NONE',  ( 0.7850000000000010300, 0.2499999999999996700, 0.2999999999999966000 ) ) ;
#12658 = SURFACE_STYLE_USAGE ( .BOTH. , #5711 ) ;
#12659 = CARTESIAN_POINT ( 'NONE',  ( -0.4649999999999988600, -0.1500000000000003300, 0.2999999999999965500 ) ) ;
#12660 = ORIENTED_EDGE ( 'NONE', *, *, #1831, .F. ) ;
#12661 = VECTOR ( 'NONE', #5909, 1000.000000000000000 ) ;
#12662 = VECTOR ( 'NONE', #3072, 1000.000000000000000 ) ;
#12663 = PRESENTATION_STYLE_ASSIGNMENT (( #8076 ) ) ;
#12664 = PRESENTATION_LAYER_ASSIGNMENT (  '', '', ( #11316 ) ) ;
#12665 =( NAMED_UNIT ( * ) PLANE_ANGLE_UNIT ( ) SI_UNIT ( $, .RADIAN. ) );
#12666 = FILL_AREA_STYLE ('',( #4729 ) ) ;
#12667 = VERTEX_POINT ( 'NONE', #2959 ) ;
#12668 = VECTOR ( 'NONE', #989, 1000.000000000000000 ) ;
#12669 = CARTESIAN_POINT ( 'NONE',  ( -4.324999999999999300, 1.700000000000000000, 4.699999999999995700 ) ) ;
#12670 = SURFACE_STYLE_FILL_AREA ( #12440 ) ;
#12671 = ORIENTED_EDGE ( 'NONE', *, *, #12806, .F. ) ;
#12672 = CARTESIAN_POINT ( 'NONE',  ( 0.4650000000000010200, 0.4249999999999998200, 3.999999999999993300 ) ) ;
#12673 = ORIENTED_EDGE ( 'NONE', *, *, #6796, .T. ) ;
#12674 = AXIS2_PLACEMENT_3D ( 'NONE', #9106, #10085, #4219 ) ;
#12675 = VECTOR ( 'NONE', #10600, 1000.000000000000000 ) ;
#12676 = DIRECTION ( 'NONE',  ( -1.000000000000000000, 0.0000000000000000000, 0.0000000000000000000 ) ) ;
#12677 =( NAMED_UNIT ( * ) PLANE_ANGLE_UNIT ( ) SI_UNIT ( $, .RADIAN. ) );
#12678 = LINE ( 'NONE', #12791, #9986 ) ;
#12679 = COLOUR_RGB ( '',0.8000000000000000400, 0.8078431372549019800, 0.8000000000000000400 ) ;
#12680 = ORIENTED_EDGE ( 'NONE', *, *, #7504, .F. ) ;
#12681 = ORIENTED_EDGE ( 'NONE', *, *, #7433, .T. ) ;
#12682 = VECTOR ( 'NONE', #4636, 1000.000000000000000 ) ;
#12683 = CARTESIAN_POINT ( 'NONE',  ( 6.250000000000000000, -0.3750000000000023300, 0.6499999999999973600 ) ) ;
#12684 = ORIENTED_EDGE ( 'NONE', *, *, #5229, .F. ) ;
#12685 = ORIENTED_EDGE ( 'NONE', *, *, #2227, .F. ) ;
#12686 = CARTESIAN_POINT ( 'NONE',  ( -6.125000000000000000, -1.100000000000000100, -5.421010862427522200E-017 ) ) ;
#12687 = CARTESIAN_POINT ( 'NONE',  ( 0.7850000000000010300, 2.350000000000003600, 0.6499999999999985800 ) ) ;
#12688 = VECTOR ( 'NONE', #6370, 1000.000000000000000 ) ;
#12689 = ORIENTED_EDGE ( 'NONE', *, *, #6618, .F. ) ;
#12690 = CARTESIAN_POINT ( 'NONE',  ( 2.035000000000001900, 0.4249999999999998200, 0.04999999999999709500 ) ) ;
#12691 = CARTESIAN_POINT ( 'NONE',  ( -4.125000000000000000, -1.100000000000000300, 0.04999999999999980800 ) ) ;
#12692 = VECTOR ( 'NONE', #5660, 1000.000000000000000 ) ;
#12693 = EDGE_CURVE ( 'NONE', #10162, #4639, #3145, .T. ) ;
#12694 = LINE ( 'NONE', #1217, #12387 ) ;
#12695 = FACE_OUTER_BOUND ( 'NONE', #5849, .T. ) ;
#12696 = ORIENTED_EDGE ( 'NONE', *, *, #11535, .F. ) ;
#12697 = ORIENTED_EDGE ( 'NONE', *, *, #4348, .T. ) ;
#12698 = EDGE_CURVE ( 'NONE', #11060, #5408, #5750, .T. ) ;
#12699 = DIRECTION ( 'NONE',  ( -1.000000000000000000, -0.0000000000000000000, 0.0000000000000000000 ) ) ;
#12700 = CARTESIAN_POINT ( 'NONE',  ( 2.965000000000001600, 0.2499999999999996700, 0.1799999999999966600 ) ) ;
#12701 = SURFACE_STYLE_USAGE ( .BOTH. , #5751 ) ;
#12702 = CARTESIAN_POINT ( 'NONE',  ( 0.7850000000000010300, -0.3750000000000001100, 0.6499999999999975800 ) ) ;
#12703 = DIRECTION ( 'NONE',  ( -1.000000000000000000, -0.0000000000000000000, -0.0000000000000000000 ) ) ;
#12704 = SURFACE_STYLE_USAGE ( .BOTH. , #5756 ) ;
#12705 = EDGE_CURVE ( 'NONE', #8902, #12082, #511, .T. ) ;
#12706 = VECTOR ( 'NONE', #6249, 1000.000000000000000 ) ;
#12707 = CARTESIAN_POINT ( 'NONE',  ( -0.4649999999999979700, -0.3750000000000003300, 1.749999999999996400 ) ) ;
#12708 = SURFACE_STYLE_FILL_AREA ( #10011 ) ;
#12709 = ORIENTED_EDGE ( 'NONE', *, *, #992, .F. ) ;
#12710 = LINE ( 'NONE', #293, #10020 ) ;
#12711 =( LENGTH_UNIT ( ) NAMED_UNIT ( * ) SI_UNIT ( .MILLI., .METRE. ) );
#12712 = DIRECTION ( 'NONE',  ( 1.000000000000000000, 0.0000000000000000000, 0.0000000000000000000 ) ) ;
#12713 = EDGE_CURVE ( 'NONE', #11164, #2862, #8352, .T. ) ;
#12714 = LINE ( 'NONE', #3250, #7087 ) ;
#12715 = CARTESIAN_POINT ( 'NONE',  ( -0.4649999999999988600, 2.549999999999999800, 0.4499999999999999000 ) ) ;
#12716 = PRESENTATION_LAYER_ASSIGNMENT (  '', '', ( #11364 ) ) ;
#12717 = ORIENTED_EDGE ( 'NONE', *, *, #7501, .F. ) ;
#12718 = ADVANCED_FACE ( 'NONE', ( #5447 ), #10890, .T. ) ;
#12719 =( NAMED_UNIT ( * ) SI_UNIT ( $, .STERADIAN. ) SOLID_ANGLE_UNIT ( ) );
#12720 = CARTESIAN_POINT ( 'NONE',  ( -4.845000000000000600, 1.100000000000000100, 1.225999999999999800 ) ) ;
#12721 = SURFACE_STYLE_FILL_AREA ( #6116 ) ;
#12722 = DIRECTION ( 'NONE',  ( 0.0000000000000000000, -0.7071067811865455700, 0.7071067811865493500 ) ) ;
#12723 = ORIENTED_EDGE ( 'NONE', *, *, #9200, .T. ) ;
#12724 = MECHANICAL_DESIGN_GEOMETRIC_PRESENTATION_REPRESENTATION (  '', ( #10688 ), #533 ) ;
#12725 = ORIENTED_EDGE ( 'NONE', *, *, #10780, .T. ) ;
#12726 = VECTOR ( 'NONE', #2884, 1000.000000000000000 ) ;
#12727 = EDGE_CURVE ( 'NONE', #8785, #2188, #8045, .T. ) ;
#12728 = SURFACE_STYLE_USAGE ( .BOTH. , #12573 ) ;
#12729 = PLANE ( 'NONE',  #8241 ) ;
#12730 = CARTESIAN_POINT ( 'NONE',  ( 0.4650000000000010200, 3.100000000000000100, 0.3499999999999989800 ) ) ;
#12731 = CARTESIAN_POINT ( 'NONE',  ( -1.949999999999999700, -1.100000000000000100, 3.249999999999996000 ) ) ;
#12732 =( GEOMETRIC_REPRESENTATION_CONTEXT ( 3 ) GLOBAL_UNCERTAINTY_ASSIGNED_CONTEXT ( ( #5244 ) ) GLOBAL_UNIT_ASSIGNED_CONTEXT ( ( #8755, #5831, #8335 ) ) REPRESENTATION_CONTEXT ( 'NONE', 'WORKASPACE' ) );
#12733 = ORIENTED_EDGE ( 'NONE', *, *, #5385, .F. ) ;
#12734 = DIRECTION ( 'NONE',  ( 0.0000000000000000000, 0.0000000000000000000, 1.000000000000000000 ) ) ;
#12735 = ORIENTED_EDGE ( 'NONE', *, *, #12029, .T. ) ;
#12736 = ORIENTED_EDGE ( 'NONE', *, *, #4886, .T. ) ;
#12737 = CARTESIAN_POINT ( 'NONE',  ( 0.7850000000000010300, 3.100000000000000100, 0.3499999999999989800 ) ) ;
#12738 = ORIENTED_EDGE ( 'NONE', *, *, #11023, .T. ) ;
#12739 = FILL_AREA_STYLE_COLOUR ( '', #1241 ) ;
#12740 = EDGE_LOOP ( 'NONE', ( #4023, #787, #5788, #12100 ) ) ;
#12741 = LINE ( 'NONE', #2485, #7428 ) ;
#12742 = VECTOR ( 'NONE', #4049, 1000.000000000000200 ) ;
#12743 = PLANE ( 'NONE',  #5971 ) ;
#12744 = ORIENTED_EDGE ( 'NONE', *, *, #10874, .F. ) ;
#12745 = DIRECTION ( 'NONE',  ( -0.0000000000000000000, -0.7071067811865455700, -0.7071067811865493500 ) ) ;
#12746 = PLANE ( 'NONE',  #6910 ) ;
#12747 = FACE_OUTER_BOUND ( 'NONE', #4045, .T. ) ;
#12748 = CARTESIAN_POINT ( 'NONE',  ( -4.125000000000000000, -0.4000000000000005200, 0.04999999999999980800 ) ) ;
#12749 = AXIS2_PLACEMENT_3D ( 'NONE', #7264, #10234, #4361 ) ;
#12750 = LINE ( 'NONE', #2460, #5138 ) ;
#12751 = PLANE ( 'NONE',  #12128 ) ;
#12752 = CARTESIAN_POINT ( 'NONE',  ( 2.965000000000001600, -0.3750000000000001100, 0.04999999999999709500 ) ) ;
#12753 = VERTEX_POINT ( 'NONE', #1048 ) ;
#12754 = UNCERTAINTY_MEASURE_WITH_UNIT (LENGTH_MEASURE( 1.000000000000000100E-005 ), #11551, 'distance_accuracy_value', 'NONE');
#12755 = LINE ( 'NONE', #12443, #4839 ) ;
#12756 = UNCERTAINTY_MEASURE_WITH_UNIT (LENGTH_MEASURE( 1.000000000000000100E-005 ), #3437, 'distance_accuracy_value', 'NONE');
#12757 = VECTOR ( 'NONE', #8875, 1000.000000000000000 ) ;
#12758 = COLOUR_RGB ( '',0.8000000000000000400, 0.8078431372549019800, 0.8000000000000000400 ) ;
#12759 = PLANE ( 'NONE',  #3051 ) ;
#12760 = ORIENTED_EDGE ( 'NONE', *, *, #9592, .F. ) ;
#12761 = FACE_OUTER_BOUND ( 'NONE', #8214, .T. ) ;
#12762 = PRESENTATION_LAYER_ASSIGNMENT (  '', '', ( #11411 ) ) ;
#12763 = CARTESIAN_POINT ( 'NONE',  ( 5.825000000000002000, -0.8000000000000016000, 2.200000000000000200 ) ) ;
#12764 = AXIS2_PLACEMENT_3D ( 'NONE', #3125, #3087, #2936 ) ;
#12765 = ORIENTED_EDGE ( 'NONE', *, *, #7588, .F. ) ;
#12766 = ORIENTED_EDGE ( 'NONE', *, *, #3749, .T. ) ;
#12767 = COLOUR_RGB ( '',0.8000000000000000400, 0.8078431372549019800, 0.8000000000000000400 ) ;
#12769 = COLOUR_RGB ( '',0.8000000000000000400, 0.8078431372549019800, 0.8000000000000000400 ) ;
#12768 = CARTESIAN_POINT ( 'NONE',  ( 2.035000000000001000, -0.6250000000000003300, 0.2999999999999964900 ) ) ;
#12770 = VERTEX_POINT ( 'NONE', #4003 ) ;
#12771 = PRESENTATION_STYLE_ASSIGNMENT (( #9879 ) ) ;
#12772 = EDGE_CURVE ( 'NONE', #6178, #10633, #2507, .T. ) ;
#12773 = EDGE_LOOP ( 'NONE', ( #3467, #61, #2466, #9283 ) ) ;
#12774 =( NAMED_UNIT ( * ) PLANE_ANGLE_UNIT ( ) SI_UNIT ( $, .RADIAN. ) );
#12775 = MECHANICAL_DESIGN_GEOMETRIC_PRESENTATION_REPRESENTATION (  '', ( #10746 ), #602 ) ;
#12776 = ADVANCED_FACE ( 'NONE', ( #10373 ), #9904, .T. ) ;
#12777 = VECTOR ( 'NONE', #7556, 1000.000000000000000 ) ;
#12778 = EDGE_CURVE ( 'NONE', #6753, #10163, #7430, .T. ) ;
#12779 = LINE ( 'NONE', #12009, #1312 ) ;
#12780 = LINE ( 'NONE', #8419, #7160 ) ;
#12781 = ORIENTED_EDGE ( 'NONE', *, *, #5033, .T. ) ;
#12782 = ORIENTED_EDGE ( 'NONE', *, *, #4261, .F. ) ;
#12783 = FILL_AREA_STYLE ('',( #7742 ) ) ;
#12784 = ORIENTED_EDGE ( 'NONE', *, *, #6294, .T. ) ;
#12785 = EDGE_CURVE ( 'NONE', #4773, #588, #10047, .T. ) ;
#12786 = DIRECTION ( 'NONE',  ( 0.0000000000000000000, 0.0000000000000000000, -1.000000000000000000 ) ) ;
#12787 = ORIENTED_EDGE ( 'NONE', *, *, #10169, .T. ) ;
#12788 =( NAMED_UNIT ( * ) PLANE_ANGLE_UNIT ( ) SI_UNIT ( $, .RADIAN. ) );
#12789 = STYLED_ITEM ( 'NONE', ( #24 ), #6510 ) ;
#12790 = CARTESIAN_POINT ( 'NONE',  ( 4.625000000000000900, 1.700000000000000000, 2.400000000000000400 ) ) ;
#12791 = CARTESIAN_POINT ( 'NONE',  ( 1.815000000000001500, -0.3750000000000005600, 3.999999999999993300 ) ) ;
#12792 = EDGE_CURVE ( 'NONE', #7680, #10770, #4827, .T. ) ;
#12793 = LINE ( 'NONE', #1277, #4576 ) ;
#12794 = ORIENTED_EDGE ( 'NONE', *, *, #186, .T. ) ;
#12795 =( GEOMETRIC_REPRESENTATION_CONTEXT ( 3 ) GLOBAL_UNCERTAINTY_ASSIGNED_CONTEXT ( ( #1422 ) ) GLOBAL_UNIT_ASSIGNED_CONTEXT ( ( #10620, #4704, #11634 ) ) REPRESENTATION_CONTEXT ( 'NONE', 'WORKASPACE' ) );
#12796 = ORIENTED_EDGE ( 'NONE', *, *, #10346, .F. ) ;
#12797 = CARTESIAN_POINT ( 'NONE',  ( -5.645000000000000500, 1.100000000000000100, 1.529999999999999800 ) ) ;
#12798 = SURFACE_SIDE_STYLE ('',( #7619 ) ) ;
#12799 = EDGE_CURVE ( 'NONE', #6727, #4087, #5131, .T. ) ;
#12800 = ORIENTED_EDGE ( 'NONE', *, *, #6541, .T. ) ;
#12801 = ORIENTED_EDGE ( 'NONE', *, *, #3897, .F. ) ;
#12802 = CARTESIAN_POINT ( 'NONE',  ( 3.285000000000001500, 3.100000000000000100, 0.3499999999999989800 ) ) ;
#12803 = ADVANCED_FACE ( 'NONE', ( #12429 ), #136, .T. ) ;
#12804 = CARTESIAN_POINT ( 'NONE',  ( -3.125000000000004900, 0.1999999999999953200, 3.499999999999993300 ) ) ;
#12805 = CARTESIAN_POINT ( 'NONE',  ( -2.964999999999998100, -0.3750000000000003300, 0.6499999999999985800 ) ) ;
#12806 = EDGE_CURVE ( 'NONE', #2862, #8422, #9443, .T. ) ;
#12807 = ORIENTED_EDGE ( 'NONE', *, *, #4988, .T. ) ;
#12808 = VECTOR ( 'NONE', #12639, 1000.000000000000000 ) ;
#12809 = VERTEX_POINT ( 'NONE', #3133 ) ;
#12810 = VECTOR ( 'NONE', #2265, 1000.000000000000000 ) ;
#12811 = MECHANICAL_DESIGN_GEOMETRIC_PRESENTATION_REPRESENTATION (  '', ( #11465 ), #630 ) ;
#12812 = DIRECTION ( 'NONE',  ( 3.047487187526822800E-016, -0.0000000000000000000, 1.000000000000000000 ) ) ;
#12813 = EDGE_LOOP ( 'NONE', ( #5434, #6684, #12787, #12784 ) ) ;
#12814 = ORIENTED_EDGE ( 'NONE', *, *, #3736, .T. ) ;
#12815 = PLANE ( 'NONE',  #81 ) ;
#12816 = DIRECTION ( 'NONE',  ( -1.000000000000000000, 0.0000000000000000000, -4.371782953570583600E-016 ) ) ;
#12817 = DIRECTION ( 'NONE',  ( -0.0000000000000000000, 0.0000000000000000000, -1.000000000000000000 ) ) ;
#12818 = DIRECTION ( 'NONE',  ( 0.0000000000000000000, 1.000000000000000000, 4.336808689942013800E-015 ) ) ;
#12819 = SURFACE_STYLE_FILL_AREA ( #5341 ) ;
#12820 = STYLED_ITEM ( 'NONE', ( #840 ), #12259 ) ;
#12821 = AXIS2_PLACEMENT_3D ( 'NONE', #10558, #2753, #10800 ) ;
#12822 = VECTOR ( 'NONE', #7234, 1000.000000000000100 ) ;
#12823 =( LENGTH_UNIT ( ) NAMED_UNIT ( * ) SI_UNIT ( .MILLI., .METRE. ) );
#12824 = CARTESIAN_POINT ( 'NONE',  ( 5.645000000000000500, -0.8799999999999986700, 1.529999999999999800 ) ) ;
#12825 = VERTEX_POINT ( 'NONE', #10978 ) ;
#12826 = ORIENTED_EDGE ( 'NONE', *, *, #9355, .T. ) ;
#12827 = SURFACE_STYLE_FILL_AREA ( #933 ) ;
#12828 = CARTESIAN_POINT ( 'NONE',  ( 5.858333333333333400, 0.1333333333333268900, 1.533333333333323900 ) ) ;
#12829 = LINE ( 'NONE', #9758, #9821 ) ;
#12830 = LINE ( 'NONE', #2687, #2273 ) ;
#12831 = VECTOR ( 'NONE', #1902, 1000.000000000000000 ) ;
#12832 = FILL_AREA_STYLE ('',( #11870 ) ) ;
#12833 = CARTESIAN_POINT ( 'NONE',  ( -3.284999999999998800, 0.4249999999999998200, 0.04999999999999709500 ) ) ;
#12834 = CARTESIAN_POINT ( 'NONE',  ( 6.325000000000000200, -0.9000000000000000200, 0.2539999999999999500 ) ) ;
#12835 = ORIENTED_EDGE ( 'NONE', *, *, #3741, .F. ) ;
#12836 = EDGE_LOOP ( 'NONE', ( #8544, #1052, #7125, #4677 ) ) ;
#12837 = DIRECTION ( 'NONE',  ( 0.0000000000000000000, 0.0000000000000000000, -1.000000000000000000 ) ) ;
#12838 = FILL_AREA_STYLE_COLOUR ( '', #6542 ) ;
#12839 = EDGE_LOOP ( 'NONE', ( #2074, #10483, #11082, #209, #9539, #2545, #4157, #7517, #5664, #4044, #9554, #1452, #11211, #11599, #7042, #912, #11779, #10867 ) ) ;
#12840 = ORIENTED_EDGE ( 'NONE', *, *, #8258, .F. ) ;
#12841 = DIRECTION ( 'NONE',  ( 0.0000000000000000000, 0.0000000000000000000, 1.000000000000000000 ) ) ;
#12842 = VERTEX_POINT ( 'NONE', #11019 ) ;
#12843 = AXIS2_PLACEMENT_3D ( 'NONE', #2539, #5523, #12460 ) ;
#12844 = LINE ( 'NONE', #9463, #4916 ) ;
#12845 = AXIS2_PLACEMENT_3D ( 'NONE', #5329, #6022, #3136 ) ;
#12846 = CARTESIAN_POINT ( 'NONE',  ( -4.324999999999999300, 0.09999999999999982500, 4.699999999999996600 ) ) ;
#12847 = DIRECTION ( 'NONE',  ( 0.0000000000000000000, 1.000000000000000000, 0.0000000000000000000 ) ) ;
#12848 = FILL_AREA_STYLE ('',( #149 ) ) ;
#12849 = DIRECTION ( 'NONE',  ( 0.0000000000000000000, 0.0000000000000000000, -1.000000000000000000 ) ) ;
#12850 = ORIENTED_EDGE ( 'NONE', *, *, #8170, .T. ) ;
#12851 = SURFACE_STYLE_FILL_AREA ( #6345 ) ;
#12852 = ADVANCED_FACE ( 'NONE', ( #6828 ), #5099, .F. ) ;
#12853 = ORIENTED_EDGE ( 'NONE', *, *, #1429, .T. ) ;
#12854 = EDGE_LOOP ( 'NONE', ( #1291, #133, #7869, #11299 ) ) ;
#12855 = LINE ( 'NONE', #9782, #7528 ) ;
#12856 = CARTESIAN_POINT ( 'NONE',  ( -4.125000000000000000, -1.100000000000000100, 0.2999999999999998200 ) ) ;
#12857 = LINE ( 'NONE', #10009, #4929 ) ;
ENDSEC;
END-ISO-10303-21;
