ISO-10303-21;
HEADER;
FILE_DESCRIPTION (( 'STEP AP214' ),
    '1' );
FILE_NAME ('533980571.STEP',
    '2021-11-27T22:09:18',
    ( 'AVRASM1234' ),
    ( '' ),
    'SwSTEP 2.0',
    'SolidWorks 2017',
    '' );
FILE_SCHEMA (( 'AUTOMOTIVE_DESIGN' ));
ENDSEC;

DATA;
#1 = CARTESIAN_POINT ( 'NONE',  ( 4.000000000000000000, -0.4000000000000000800, 0.04999999999999747700 ) ) ;
#2 = SURFACE_STYLE_USAGE ( .BOTH. , #11126 ) ;
#3 = DIRECTION ( 'NONE',  ( 0.0000000000000000000, -1.000000000000000000, 0.0000000000000000000 ) ) ;
#4 = CARTESIAN_POINT ( 'NONE',  ( -1.090000000000000100, -0.6250000000000003300, 0.2999999999999964900 ) ) ;
#5 = ORIENTED_EDGE ( 'NONE', *, *, #5582, .T. ) ;
#6 = ORIENTED_EDGE ( 'NONE', *, *, #9708, .F. ) ;
#7 = ORIENTED_EDGE ( 'NONE', *, *, #7500, .T. ) ;
#8 = ORIENTED_EDGE ( 'NONE', *, *, #7838, .T. ) ;
#9 = CARTESIAN_POINT ( 'NONE',  ( 4.220000000000000600, -1.100000000000000100, 1.226000000000000000 ) ) ;
#10 = VECTOR ( 'NONE', #9560, 1000.000000000000000 ) ;
#11 = LINE ( 'NONE', #10684, #8879 ) ;
#12 = SURFACE_STYLE_FILL_AREA ( #9756 ) ;
#13 = DIRECTION ( 'NONE',  ( 2.168404344971008900E-016, 0.0000000000000000000, -1.000000000000000000 ) ) ;
#14 = AXIS2_PLACEMENT_3D ( 'NONE', #4699, #10873, #5595 ) ;
#15 = LINE ( 'NONE', #1106, #2695 ) ;
#16 =( GEOMETRIC_REPRESENTATION_CONTEXT ( 3 ) GLOBAL_UNCERTAINTY_ASSIGNED_CONTEXT ( ( #8384 ) ) GLOBAL_UNIT_ASSIGNED_CONTEXT ( ( #1840, #1788, #1465 ) ) REPRESENTATION_CONTEXT ( 'NONE', 'WORKASPACE' ) );
#17 =( LENGTH_UNIT ( ) NAMED_UNIT ( * ) SI_UNIT ( .MILLI., .METRE. ) );
#18 = VERTEX_POINT ( 'NONE', #2929 ) ;
#19 = ORIENTED_EDGE ( 'NONE', *, *, #6715, .F. ) ;
#20 = ORIENTED_EDGE ( 'NONE', *, *, #5953, .T. ) ;
#21 = FACE_OUTER_BOUND ( 'NONE', #1489, .T. ) ;
#22 = CARTESIAN_POINT ( 'NONE',  ( -1.409999999999999900, -0.1500000000000003300, 0.2999999999999965500 ) ) ;
#23 = VECTOR ( 'NONE', #5012, 1000.000000000000100 ) ;
#24 =( NAMED_UNIT ( * ) PLANE_ANGLE_UNIT ( ) SI_UNIT ( $, .RADIAN. ) );
#25 = ORIENTED_EDGE ( 'NONE', *, *, #7838, .F. ) ;
#26 = CARTESIAN_POINT ( 'NONE',  ( 4.838000000000001000, -0.6979999999999969600, 1.458000000000000200 ) ) ;
#27 = CARTESIAN_POINT ( 'NONE',  ( -1.089999999999999200, 0.4249999999999998200, 0.04999999999999753300 ) ) ;
#28 = DIRECTION ( 'NONE',  ( 0.0000000000000000000, 0.0000000000000000000, -1.000000000000000000 ) ) ;
#29 = VERTEX_POINT ( 'NONE', #5436 ) ;
#30 = ORIENTED_EDGE ( 'NONE', *, *, #4974, .F. ) ;
#31 = FACE_OUTER_BOUND ( 'NONE', #900, .T. ) ;
#32 = STYLED_ITEM ( 'NONE', ( #11055 ), #4097 ) ;
#33 = VECTOR ( 'NONE', #615, 1000.000000000000000 ) ;
#34 = DIRECTION ( 'NONE',  ( 1.000000000000000000, 0.0000000000000000000, 4.371782953570583600E-016 ) ) ;
#35 = ORIENTED_EDGE ( 'NONE', *, *, #9636, .F. ) ;
#36 = CARTESIAN_POINT ( 'NONE',  ( 4.000000000000000900, 1.700000000000000000, 0.04999999999999747700 ) ) ;
#37 = APPLICATION_CONTEXT ( 'automotive_design' ) ;
#38 = ORIENTED_EDGE ( 'NONE', *, *, #5949, .T. ) ;
#39 = DIRECTION ( 'NONE',  ( 5.421010862427532000E-016, -1.000000000000000000, 0.0000000000000000000 ) ) ;
#40 = SURFACE_STYLE_USAGE ( .BOTH. , #5367 ) ;
#41 = ORIENTED_EDGE ( 'NONE', *, *, #3390, .F. ) ;
#42 = PLANE ( 'NONE',  #922 ) ;
#43 = CARTESIAN_POINT ( 'NONE',  ( 2.660000000000000100, -0.6250000000000003300, 0.2999999999999964900 ) ) ;
#44 = CARTESIAN_POINT ( 'NONE',  ( -3.999999999999999100, 1.399999999999999700, 4.699999999999997500 ) ) ;
#45 = EDGE_CURVE ( 'NONE', #9844, #1011, #1853, .T. ) ;
#46 = EDGE_CURVE ( 'NONE', #11041, #10286, #4200, .T. ) ;
#47 = CARTESIAN_POINT ( 'NONE',  ( 5.020000000000001400, 1.100000000000000100, 1.529999999999999800 ) ) ;
#48 = ORIENTED_EDGE ( 'NONE', *, *, #6605, .T. ) ;
#49 = ORIENTED_EDGE ( 'NONE', *, *, #7984, .F. ) ;
#50 = LINE ( 'NONE', #5180, #8913 ) ;
#51 = CARTESIAN_POINT ( 'NONE',  ( 1.409999999999999700, 0.2499999999999996700, 0.2999999999999966000 ) ) ;
#52 =( LENGTH_UNIT ( ) NAMED_UNIT ( * ) SI_UNIT ( .MILLI., .METRE. ) );
#53 = DIRECTION ( 'NONE',  ( 0.0000000000000000000, 0.0000000000000000000, -1.000000000000000000 ) ) ;
#54 = FILL_AREA_STYLE_COLOUR ( '', #5727 ) ;
#55 = EDGE_CURVE ( 'NONE', #6577, #9466, #6562, .T. ) ;
#56 = SURFACE_STYLE_FILL_AREA ( #11426 ) ;
#57 = DIRECTION ( 'NONE',  ( 0.0000000000000000000, -1.000000000000000000, 0.0000000000000000000 ) ) ;
#58 = EDGE_CURVE ( 'NONE', #6298, #7743, #6277, .T. ) ;
#59 = EDGE_CURVE ( 'NONE', #1718, #1865, #8601, .T. ) ;
#60 = CARTESIAN_POINT ( 'NONE',  ( -2.339999999999999400, 0.4249999999999998200, 1.749999999999996400 ) ) ;
#61 = PLANE ( 'NONE',  #1374 ) ;
#62 = DIRECTION ( 'NONE',  ( 0.0000000000000000000, 0.7071067811865455700, -0.7071067811865493500 ) ) ;
#63 = STYLED_ITEM ( 'NONE', ( #8986 ), #414 ) ;
#64 = VECTOR ( 'NONE', #8498, 1000.000000000000000 ) ;
#65 = UNCERTAINTY_MEASURE_WITH_UNIT (LENGTH_MEASURE( 1.000000000000000100E-005 ), #9168, 'distance_accuracy_value', 'NONE');
#66 = CARTESIAN_POINT ( 'NONE',  ( -1.409999999999999900, -0.3750000000000001100, 0.04999999999999753300 ) ) ;
#67 = CARTESIAN_POINT ( 'NONE',  ( -2.339999999999999400, 0.4249999999999998200, 0.04999999999999753300 ) ) ;
#68 = SURFACE_STYLE_FILL_AREA ( #7828 ) ;
#69 = ORIENTED_EDGE ( 'NONE', *, *, #2369, .F. ) ;
#70 =( NAMED_UNIT ( * ) PLANE_ANGLE_UNIT ( ) SI_UNIT ( $, .RADIAN. ) );
#71 = ORIENTED_EDGE ( 'NONE', *, *, #10871, .T. ) ;
#72 = FILL_AREA_STYLE_COLOUR ( '', #7604 ) ;
#73 = AXIS2_PLACEMENT_3D ( 'NONE', #5563, #231, #6469 ) ;
#74 = EDGE_LOOP ( 'NONE', ( #3576, #3422, #7578, #249 ) ) ;
#75 = PRESENTATION_LAYER_ASSIGNMENT (  '', '', ( #700 ) ) ;
#76 = STYLED_ITEM ( 'NONE', ( #2941 ), #5532 ) ;
#77 = FACE_OUTER_BOUND ( 'NONE', #4788, .T. ) ;
#78 = CARTESIAN_POINT ( 'NONE',  ( -2.660000000000000100, 0.4249999999999998200, 0.04999999999999753300 ) ) ;
#79 = VERTEX_POINT ( 'NONE', #9014 ) ;
#80 = PRESENTATION_LAYER_ASSIGNMENT (  '', '', ( #10427 ) ) ;
#81 = VERTEX_POINT ( 'NONE', #10927 ) ;
#82 = CARTESIAN_POINT ( 'NONE',  ( -3.050000000000000300, 1.700000000000000200, 3.699999999999996600 ) ) ;
#83 = PRESENTATION_STYLE_ASSIGNMENT (( #5459 ) ) ;
#84 = LINE ( 'NONE', #10277, #4845 ) ;
#85 = COLOUR_RGB ( '',0.8000000000000000400, 0.8078431372549019800, 0.8000000000000000400 ) ;
#86 = CARTESIAN_POINT ( 'NONE',  ( -5.200000000000001100, 1.399999999999999900, 1.699999999999989700 ) ) ;
#87 = PRESENTATION_LAYER_ASSIGNMENT (  '', '', ( #10433 ) ) ;
#88 = ORIENTED_EDGE ( 'NONE', *, *, #5567, .T. ) ;
#89 = FACE_OUTER_BOUND ( 'NONE', #916, .T. ) ;
#90 = ORIENTED_EDGE ( 'NONE', *, *, #8890, .T. ) ;
#91 = CARTESIAN_POINT ( 'NONE',  ( -1.324999999999999500, -0.6999999999999988500, 2.099999999999996100 ) ) ;
#92 = CARTESIAN_POINT ( 'NONE',  ( -1.090000000000000100, -0.3750000000000005000, 3.499999999999986700 ) ) ;
#93 = ORIENTED_EDGE ( 'NONE', *, *, #5413, .F. ) ;
#94 = CARTESIAN_POINT ( 'NONE',  ( 3.399999999999996400, -0.6999999999999988500, 4.399999999999995900 ) ) ;
#95 = PRESENTATION_STYLE_ASSIGNMENT (( #3327 ) ) ;
#96 = EDGE_CURVE ( 'NONE', #3614, #4271, #1562, .T. ) ;
#97 = ORIENTED_EDGE ( 'NONE', *, *, #4515, .T. ) ;
#98 = LINE ( 'NONE', #8226, #2222 ) ;
#99 = ORIENTED_EDGE ( 'NONE', *, *, #962, .F. ) ;
#100 = ORIENTED_EDGE ( 'NONE', *, *, #6969, .F. ) ;
#101 = CARTESIAN_POINT ( 'NONE',  ( -2.660000000000000100, -0.3750000000000005000, 3.499999999999983100 ) ) ;
#102 = LINE ( 'NONE', #3582, #11338 ) ;
#103 = LINE ( 'NONE', #6231, #9552 ) ;
#104 = PRESENTATION_STYLE_ASSIGNMENT (( #957 ) ) ;
#105 = DIRECTION ( 'NONE',  ( 0.0000000000000000000, -1.000000000000000000, 0.0000000000000000000 ) ) ;
#106 = SURFACE_STYLE_FILL_AREA ( #10350 ) ;
#107 = PRESENTATION_STYLE_ASSIGNMENT (( #4710 ) ) ;
#108 =( NAMED_UNIT ( * ) SI_UNIT ( $, .STERADIAN. ) SOLID_ANGLE_UNIT ( ) );
#109 = VECTOR ( 'NONE', #233, 1000.000000000000000 ) ;
#110 = VECTOR ( 'NONE', #7044, 1000.000000000000000 ) ;
#111 = EDGE_LOOP ( 'NONE', ( #8954, #11388, #180, #7186 ) ) ;
#112 = DIRECTION ( 'NONE',  ( -0.0000000000000000000, 0.0000000000000000000, -1.000000000000000000 ) ) ;
#113 = VERTEX_POINT ( 'NONE', #9404 ) ;
#114 = ORIENTED_EDGE ( 'NONE', *, *, #2926, .F. ) ;
#115 = LINE ( 'NONE', #7324, #4585 ) ;
#116 = EDGE_CURVE ( 'NONE', #10153, #1882, #8038, .T. ) ;
#117 = DIRECTION ( 'NONE',  ( 0.0000000000000000000, 0.0000000000000000000, -1.000000000000000000 ) ) ;
#118 = VECTOR ( 'NONE', #8414, 1000.000000000000000 ) ;
#119 = EDGE_CURVE ( 'NONE', #5968, #599, #8324, .T. ) ;
#120 = ADVANCED_FACE ( 'NONE', ( #3655 ), #11366, .T. ) ;
#121 = DIRECTION ( 'NONE',  ( 0.0000000000000000000, 0.0000000000000000000, 1.000000000000000000 ) ) ;
#122 = EDGE_CURVE ( 'NONE', #8488, #1102, #9286, .T. ) ;
#123 = LINE ( 'NONE', #330, #6940 ) ;
#124 = PLANE ( 'NONE',  #2266 ) ;
#125 = CARTESIAN_POINT ( 'NONE',  ( -3.049999999999999400, 2.299999999999999800, 1.749999999999996400 ) ) ;
#126 = DIRECTION ( 'NONE',  ( 0.0000000000000000000, 0.0000000000000000000, -1.000000000000000000 ) ) ;
#127 = DIRECTION ( 'NONE',  ( 0.0000000000000000000, -1.000000000000000000, 0.0000000000000000000 ) ) ;
#128 = ORIENTED_EDGE ( 'NONE', *, *, #937, .T. ) ;
#129 = ORIENTED_EDGE ( 'NONE', *, *, #3005, .F. ) ;
#130 = FACE_OUTER_BOUND ( 'NONE', #7525, .T. ) ;
#131 = VECTOR ( 'NONE', #5642, 1000.000000000000000 ) ;
#132 = COLOUR_RGB ( '',0.8000000000000000400, 0.8078431372549019800, 0.8000000000000000400 ) ;
#133 = PLANE ( 'NONE',  #3837 ) ;
#134 = VECTOR ( 'NONE', #6354, 1000.000000000000000 ) ;
#135 = FACE_OUTER_BOUND ( 'NONE', #6332, .T. ) ;
#136 = SURFACE_STYLE_USAGE ( .BOTH. , #5467 ) ;
#137 = VECTOR ( 'NONE', #401, 1000.000000000000000 ) ;
#138 = DIRECTION ( 'NONE',  ( -1.000000000000000000, 0.0000000000000000000, 5.421010862427522200E-017 ) ) ;
#139 = CARTESIAN_POINT ( 'NONE',  ( 4.000000000000000900, -1.100000000000000300, 0.2999999999999974900 ) ) ;
#140 = CARTESIAN_POINT ( 'NONE',  ( -2.559999999999999600, 0.3499999999999997000, 3.999999999999993300 ) ) ;
#141 = CARTESIAN_POINT ( 'NONE',  ( -3.999999999999999100, 2.600000000000000100, 4.699999999999995700 ) ) ;
#142 = EDGE_CURVE ( 'NONE', #11312, #7056, #4889, .T. ) ;
#143 = ORIENTED_EDGE ( 'NONE', *, *, #8078, .T. ) ;
#144 = VERTEX_POINT ( 'NONE', #4451 ) ;
#145 = ORIENTED_EDGE ( 'NONE', *, *, #4971, .T. ) ;
#146 = COLOUR_RGB ( '',0.8000000000000000400, 0.8078431372549019800, 0.8000000000000000400 ) ;
#147 = UNCERTAINTY_MEASURE_WITH_UNIT (LENGTH_MEASURE( 1.000000000000000100E-005 ), #6803, 'distance_accuracy_value', 'NONE');
#148 = LINE ( 'NONE', #5126, #9307 ) ;
#149 = PRESENTATION_LAYER_ASSIGNMENT (  '', '', ( #10470 ) ) ;
#150 = VERTEX_POINT ( 'NONE', #9745 ) ;
#151 = EDGE_LOOP ( 'NONE', ( #8949, #10845, #4988, #10471 ) ) ;
#152 = FILL_AREA_STYLE_COLOUR ( '', #3367 ) ;
#153 = PRESENTATION_STYLE_ASSIGNMENT (( #8203 ) ) ;
#154 = SURFACE_SIDE_STYLE ('',( #1255 ) ) ;
#155 = CARTESIAN_POINT ( 'NONE',  ( 4.474000000000001100, 1.100000000000000100, 1.226000000000000000 ) ) ;
#156 = LINE ( 'NONE', #2507, #2576 ) ;
#157 = AXIS2_PLACEMENT_3D ( 'NONE', #9020, #6435, #1096 ) ;
#158 = MECHANICAL_DESIGN_GEOMETRIC_PRESENTATION_REPRESENTATION (  '', ( #9892 ), #769 ) ;
#159 = CARTESIAN_POINT ( 'NONE',  ( 3.699999999999995700, 0.09999999999999982500, 1.749999999999996400 ) ) ;
#160 = UNCERTAINTY_MEASURE_WITH_UNIT (LENGTH_MEASURE( 1.000000000000000100E-005 ), #6840, 'distance_accuracy_value', 'NONE');
#161 = PLANE ( 'NONE',  #5453 ) ;
#162 = SURFACE_STYLE_USAGE ( .BOTH. , #5486 ) ;
#163 = ORIENTED_EDGE ( 'NONE', *, *, #10180, .F. ) ;
#164 = EDGE_LOOP ( 'NONE', ( #1922, #8333, #5383, #5882 ) ) ;
#165 =( NAMED_UNIT ( * ) SI_UNIT ( $, .STERADIAN. ) SOLID_ANGLE_UNIT ( ) );
#166 = AXIS2_PLACEMENT_3D ( 'NONE', #5281, #11450, #6189 ) ;
#167 = LINE ( 'NONE', #9573, #4627 ) ;
#168 = FILL_AREA_STYLE ('',( #7466 ) ) ;
#169 = CARTESIAN_POINT ( 'NONE',  ( -3.999999999999999100, -0.9999999999999986700, 4.699999999999995700 ) ) ;
#170 = EDGE_CURVE ( 'NONE', #8435, #1525, #11364, .T. ) ;
#171 = DIRECTION ( 'NONE',  ( 1.000000000000000000, -1.807003620809170700E-016, 0.0000000000000000000 ) ) ;
#172 = CARTESIAN_POINT ( 'NONE',  ( 5.020000000000001400, 1.100000000000000100, 1.276000000000000000 ) ) ;
#173 = ORIENTED_EDGE ( 'NONE', *, *, #6323, .F. ) ;
#174 = DIRECTION ( 'NONE',  ( 1.239088197126290500E-015, -1.000000000000000000, -0.0000000000000000000 ) ) ;
#175 = CARTESIAN_POINT ( 'NONE',  ( 1.089999999999999900, -0.1500000000000003000, 0.1799999999999965800 ) ) ;
#176 = VECTOR ( 'NONE', #8007, 1000.000000000000000 ) ;
#177 =( LENGTH_UNIT ( ) NAMED_UNIT ( * ) SI_UNIT ( .MILLI., .METRE. ) );
#178 = DIRECTION ( 'NONE',  ( -1.000000000000000000, -0.0000000000000000000, -0.0000000000000000000 ) ) ;
#179 = ADVANCED_FACE ( 'NONE', ( #130 ), #3382, .T. ) ;
#180 = ORIENTED_EDGE ( 'NONE', *, *, #1105, .F. ) ;
#181 =( NAMED_UNIT ( * ) PLANE_ANGLE_UNIT ( ) SI_UNIT ( $, .RADIAN. ) );
#182 = EDGE_LOOP ( 'NONE', ( #1135, #7637, #5574, #3104 ) ) ;
#183 = CARTESIAN_POINT ( 'NONE',  ( 4.200000000000000200, 1.700000000000000000, 2.200000000000000200 ) ) ;
#184 = EDGE_CURVE ( 'NONE', #29, #9018, #8170, .T. ) ;
#185 =( NAMED_UNIT ( * ) PLANE_ANGLE_UNIT ( ) SI_UNIT ( $, .RADIAN. ) );
#186 = DIRECTION ( 'NONE',  ( -1.000000000000000000, 0.0000000000000000000, 0.0000000000000000000 ) ) ;
#187 = EDGE_CURVE ( 'NONE', #6919, #3568, #10538, .T. ) ;
#188 = CARTESIAN_POINT ( 'NONE',  ( -2.660000000000000100, -0.3750000000000001100, 0.04999999999999753300 ) ) ;
#189 = PLANE ( 'NONE',  #157 ) ;
#190 = DIRECTION ( 'NONE',  ( 0.0000000000000000000, -1.000000000000000000, 1.355252715606881500E-016 ) ) ;
#191 = VECTOR ( 'NONE', #3395, 1000.000000000000100 ) ;
#192 = CARTESIAN_POINT ( 'NONE',  ( -2.339999999999999900, 2.999999999999999600, -1.761828530288944700E-016 ) ) ;
#193 = CARTESIAN_POINT ( 'NONE',  ( 2.925000000000000300, -1.100000000000000100, 0.2999999999999977700 ) ) ;
#194 = CARTESIAN_POINT ( 'NONE',  ( -1.090000000000000100, -0.3750000000000001100, 0.6499999999999975800 ) ) ;
#195 = CARTESIAN_POINT ( 'NONE',  ( -3.500000000000001300, 1.700000000000000000, 0.04999999999999980800 ) ) ;
#196 = EDGE_CURVE ( 'NONE', #3736, #4435, #5859, .T. ) ;
#197 = DIRECTION ( 'NONE',  ( -1.533293416683370200E-016, 0.7071067811865494600, 0.7071067811865456900 ) ) ;
#198 = SURFACE_SIDE_STYLE ('',( #718 ) ) ;
#199 = ORIENTED_EDGE ( 'NONE', *, *, #2705, .T. ) ;
#200 = LINE ( 'NONE', #11500, #4667 ) ;
#201 = EDGE_CURVE ( 'NONE', #2559, #2909, #3512, .T. ) ;
#202 = EDGE_LOOP ( 'NONE', ( #9571, #434, #8649, #1984 ) ) ;
#203 = UNCERTAINTY_MEASURE_WITH_UNIT (LENGTH_MEASURE( 1.000000000000000100E-005 ), #9780, 'distance_accuracy_value', 'NONE');
#204 = CARTESIAN_POINT ( 'NONE',  ( -4.200000000000000200, -1.100000000000000100, 2.200000000000000200 ) ) ;
#205 = DIRECTION ( 'NONE',  ( 1.000000000000000000, 0.0000000000000000000, 0.0000000000000000000 ) ) ;
#206 = ORIENTED_EDGE ( 'NONE', *, *, #3970, .F. ) ;
#207 = ORIENTED_EDGE ( 'NONE', *, *, #5350, .T. ) ;
#208 = FILL_AREA_STYLE_COLOUR ( '', #331 ) ;
#209 = ORIENTED_EDGE ( 'NONE', *, *, #6254, .F. ) ;
#210 = LINE ( 'NONE', #1617, #9365 ) ;
#211 = CARTESIAN_POINT ( 'NONE',  ( -2.660000000000000100, -0.3750000000000001100, 0.6499999999999986900 ) ) ;
#212 = STYLED_ITEM ( 'NONE', ( #3202 ), #7794 ) ;
#213 = CARTESIAN_POINT ( 'NONE',  ( 5.500000000000001800, 1.100000000000000100, -4.960040550996611700E-017 ) ) ;
#214 = MECHANICAL_DESIGN_GEOMETRIC_PRESENTATION_REPRESENTATION (  '', ( #9950 ), #835 ) ;
#215 = DIRECTION ( 'NONE',  ( 1.000000000000000000, 0.0000000000000000000, -0.0000000000000000000 ) ) ;
#216 = DIRECTION ( 'NONE',  ( 0.0000000000000000000, -0.7071067811865511300, -0.7071067811865440200 ) ) ;
#217 = EDGE_LOOP ( 'NONE', ( #5794, #11216, #3809, #3847, #9731 ) ) ;
#218 = EDGE_LOOP ( 'NONE', ( #11111, #3392, #11156, #6891 ) ) ;
#219 =( NAMED_UNIT ( * ) PLANE_ANGLE_UNIT ( ) SI_UNIT ( $, .RADIAN. ) );
#220 = ORIENTED_EDGE ( 'NONE', *, *, #7173, .F. ) ;
#221 = EDGE_LOOP ( 'NONE', ( #3498, #3121, #71, #5462 ) ) ;
#222 = ORIENTED_EDGE ( 'NONE', *, *, #4467, .T. ) ;
#223 = CARTESIAN_POINT ( 'NONE',  ( -2.339999999999999900, 2.549999999999999800, 0.4499999999999999000 ) ) ;
#224 = VERTEX_POINT ( 'NONE', #8939 ) ;
#225 = VECTOR ( 'NONE', #410, 1000.000000000000000 ) ;
#226 = ADVANCED_FACE ( 'NONE', ( #10268 ), #8838, .T. ) ;
#227 = DIRECTION ( 'NONE',  ( 0.0000000000000000000, -0.0000000000000000000, 1.000000000000000000 ) ) ;
#228 = DIRECTION ( 'NONE',  ( 0.0000000000000000000, -1.000000000000000000, -1.141265444721583800E-016 ) ) ;
#229 = CARTESIAN_POINT ( 'NONE',  ( -1.409999999999999900, -0.3750000000000001100, 0.6499999999999975800 ) ) ;
#230 = COLOUR_RGB ( '',0.8000000000000000400, 0.8078431372549019800, 0.8000000000000000400 ) ;
#231 = DIRECTION ( 'NONE',  ( -0.9805806756909207800, 0.0000000000000000000, -0.1961161351381809400 ) ) ;
#232 = ORIENTED_EDGE ( 'NONE', *, *, #10084, .F. ) ;
#233 = DIRECTION ( 'NONE',  ( 0.0000000000000000000, 0.0000000000000000000, -1.000000000000000000 ) ) ;
#234 = DIRECTION ( 'NONE',  ( 0.0000000000000000000, 0.0000000000000000000, -1.000000000000000000 ) ) ;
#235 = ORIENTED_EDGE ( 'NONE', *, *, #9169, .F. ) ;
#236 = VECTOR ( 'NONE', #486, 1000.000000000000000 ) ;
#237 = PRESENTATION_LAYER_ASSIGNMENT (  '', '', ( #10572 ) ) ;
#238 = VERTEX_POINT ( 'NONE', #8401 ) ;
#239 =( NAMED_UNIT ( * ) PLANE_ANGLE_UNIT ( ) SI_UNIT ( $, .RADIAN. ) );
#240 = VECTOR ( 'NONE', #7458, 1000.000000000000000 ) ;
#241 = CARTESIAN_POINT ( 'NONE',  ( -2.424999999999999800, -0.6999999999999988500, 2.099999999999996100 ) ) ;
#242 = VECTOR ( 'NONE', #4834, 1000.000000000000000 ) ;
#243 = CARTESIAN_POINT ( 'NONE',  ( 1.325000000000000400, -1.100000000000000100, 2.099999999999996100 ) ) ;
#244 = ADVANCED_FACE ( 'NONE', ( #9989 ), #8868, .F. ) ;
#245 = CARTESIAN_POINT ( 'NONE',  ( -0.1599999999999999800, -0.1500000000000003000, 0.1799999999999965800 ) ) ;
#246 = DIRECTION ( 'NONE',  ( 0.0000000000000000000, -0.0000000000000000000, -1.000000000000000000 ) ) ;
#247 = VERTEX_POINT ( 'NONE', #9336 ) ;
#248 = SURFACE_STYLE_FILL_AREA ( #11083 ) ;
#249 = ORIENTED_EDGE ( 'NONE', *, *, #6477, .T. ) ;
#250 = DIRECTION ( 'NONE',  ( 1.000000000000000000, -6.195440985631560800E-016, 0.0000000000000000000 ) ) ;
#251 = PRESENTATION_STYLE_ASSIGNMENT (( #6503 ) ) ;
#252 = CARTESIAN_POINT ( 'NONE',  ( 0.1599999999999999800, 2.200000000000004200, 0.2999999999999989900 ) ) ;
#253 = LINE ( 'NONE', #384, #2365 ) ;
#254 = VECTOR ( 'NONE', #1005, 1000.000000000000000 ) ;
#255 = CARTESIAN_POINT ( 'NONE',  ( -5.500000000000001800, 1.700000000000000000, 2.200000000000000200 ) ) ;
#256 = FACE_OUTER_BOUND ( 'NONE', #8017, .T. ) ;
#257 = DIRECTION ( 'NONE',  ( 0.0000000000000000000, 0.0000000000000000000, 1.000000000000000000 ) ) ;
#258 = ORIENTED_EDGE ( 'NONE', *, *, #9729, .T. ) ;
#259 = ORIENTED_EDGE ( 'NONE', *, *, #4189, .F. ) ;
#260 = DIRECTION ( 'NONE',  ( -1.000000000000000000, -0.0000000000000000000, 3.049318610115480700E-016 ) ) ;
#261 = DIRECTION ( 'NONE',  ( 3.252606517456518700E-016, 4.030266345676420200E-031, 1.000000000000000000 ) ) ;
#262 = PLANE ( 'NONE',  #2212 ) ;
#263 = EDGE_CURVE ( 'NONE', #1341, #4498, #5558, .T. ) ;
#264 = VECTOR ( 'NONE', #6272, 1000.000000000000000 ) ;
#265 = EDGE_CURVE ( 'NONE', #6814, #8531, #5285, .T. ) ;
#266 = UNCERTAINTY_MEASURE_WITH_UNIT (LENGTH_MEASURE( 1.000000000000000100E-005 ), #6552, 'distance_accuracy_value', 'NONE');
#267 =( NAMED_UNIT ( * ) SI_UNIT ( $, .STERADIAN. ) SOLID_ANGLE_UNIT ( ) );
#268 = ORIENTED_EDGE ( 'NONE', *, *, #10494, .F. ) ;
#269 = VERTEX_POINT ( 'NONE', #6735 ) ;
#270 = ORIENTED_EDGE ( 'NONE', *, *, #3587, .F. ) ;
#271 = VECTOR ( 'NONE', #6236, 1000.000000000000100 ) ;
#272 = CARTESIAN_POINT ( 'NONE',  ( 0.0000000000000000000, 0.0000000000000000000, 1.749999999999996400 ) ) ;
#273 = SURFACE_SIDE_STYLE ('',( #4713 ) ) ;
#274 = LINE ( 'NONE', #8487, #9425 ) ;
#275 = DIRECTION ( 'NONE',  ( 0.0000000000000000000, -2.258754526011467700E-016, 1.000000000000000000 ) ) ;
#276 = DIRECTION ( 'NONE',  ( -0.7071067811865474600, 0.7071067811865474600, 1.629776165692362500E-017 ) ) ;
#277 = LINE ( 'NONE', #293, #4742 ) ;
#278 = LINE ( 'NONE', #8527, #5015 ) ;
#279 = DIRECTION ( 'NONE',  ( 0.0000000000000000000, -1.000000000000000000, -1.223202451009284400E-015 ) ) ;
#280 = PLANE ( 'NONE',  #3157 ) ;
#281 = FILL_AREA_STYLE ('',( #3762 ) ) ;
#282 = EDGE_CURVE ( 'NONE', #7221, #4268, #7349, .T. ) ;
#283 = ORIENTED_EDGE ( 'NONE', *, *, #11454, .F. ) ;
#284 = DIRECTION ( 'NONE',  ( 1.172110456741085800E-016, -1.000000000000000000, 0.0000000000000000000 ) ) ;
#285 = VERTEX_POINT ( 'NONE', #6432 ) ;
#286 = ORIENTED_EDGE ( 'NONE', *, *, #9339, .T. ) ;
#287 = PLANE ( 'NONE',  #4558 ) ;
#288 = EDGE_CURVE ( 'NONE', #6319, #4900, #2950, .T. ) ;
#289 = LINE ( 'NONE', #4273, #4753 ) ;
#290 = CARTESIAN_POINT ( 'NONE',  ( -1.409999999999999900, 0.4249999999999998200, 1.749999999999996400 ) ) ;
#291 = EDGE_CURVE ( 'NONE', #6119, #7824, #2672, .T. ) ;
#292 = LINE ( 'NONE', #7893, #9439 ) ;
#293 = CARTESIAN_POINT ( 'NONE',  ( 0.1600000000000008600, -0.3750000000000003300, 0.04999999999999753300 ) ) ;
#294 = VERTEX_POINT ( 'NONE', #5799 ) ;
#295 = LINE ( 'NONE', #774, #9443 ) ;
#296 = PLANE ( 'NONE',  #6806 ) ;
#297 = ADVANCED_FACE ( 'NONE', ( #4738 ), #5262, .F. ) ;
#298 = PRESENTATION_STYLE_ASSIGNMENT (( #9528 ) ) ;
#299 = ORIENTED_EDGE ( 'NONE', *, *, #4102, .T. ) ;
#300 = ORIENTED_EDGE ( 'NONE', *, *, #1777, .T. ) ;
#301 = ORIENTED_EDGE ( 'NONE', *, *, #11479, .T. ) ;
#302 = FILL_AREA_STYLE_COLOUR ( '', #4025 ) ;
#303 = LINE ( 'NONE', #422, #9449 ) ;
#304 = DIRECTION ( 'NONE',  ( 3.942553354492747000E-016, -0.0000000000000000000, 1.000000000000000000 ) ) ;
#305 = LINE ( 'NONE', #7629, #23 ) ;
#306 = DIRECTION ( 'NONE',  ( 0.0000000000000000000, -1.000000000000000000, -1.141265444721583800E-016 ) ) ;
#307 = DIRECTION ( 'NONE',  ( 0.0000000000000000000, 1.000000000000000000, -0.0000000000000000000 ) ) ;
#308 = CARTESIAN_POINT ( 'NONE',  ( -2.339999999999999900, -0.1500000000000003300, 0.2999999999999965500 ) ) ;
#309 = AXIS2_PLACEMENT_3D ( 'NONE', #4596, #10763, #5475 ) ;
#310 = CARTESIAN_POINT ( 'NONE',  ( 1.409999999999999700, -0.1500000000000003000, 0.1799999999999965800 ) ) ;
#311 = EDGE_CURVE ( 'NONE', #2269, #5829, #9700, .T. ) ;
#312 = ADVANCED_FACE ( 'NONE', ( #3906 ), #3447, .T. ) ;
#313 = DIRECTION ( 'NONE',  ( 0.0000000000000000000, 0.0000000000000000000, -1.000000000000000000 ) ) ;
#314 = ORIENTED_EDGE ( 'NONE', *, *, #2234, .T. ) ;
#315 = SHAPE_DEFINITION_REPRESENTATION ( #6943, #2879 ) ;
#316 = VERTEX_POINT ( 'NONE', #3605 ) ;
#317 = VECTOR ( 'NONE', #3537, 1000.000000000000000 ) ;
#318 = AXIS2_PLACEMENT_3D ( 'NONE', #5899, #6765, #1462 ) ;
#319 = FILL_AREA_STYLE ('',( #10925 ) ) ;
#320 = MECHANICAL_DESIGN_GEOMETRIC_PRESENTATION_REPRESENTATION (  '', ( #10044 ), #913 ) ;
#321 = DIRECTION ( 'NONE',  ( 0.0000000000000000000, 0.0000000000000000000, 1.000000000000000000 ) ) ;
#322 = DIRECTION ( 'NONE',  ( 0.0000000000000000000, -1.000000000000000000, 0.0000000000000000000 ) ) ;
#323 = SURFACE_STYLE_USAGE ( .BOTH. , #5640 ) ;
#324 = DIRECTION ( 'NONE',  ( 1.000000000000000000, 1.172110456741085800E-016, 0.0000000000000000000 ) ) ;
#325 = CARTESIAN_POINT ( 'NONE',  ( -4.000000000000000900, -1.100000000000000300, 0.04999999999999996800 ) ) ;
#326 = ORIENTED_EDGE ( 'NONE', *, *, #359, .F. ) ;
#327 =( NAMED_UNIT ( * ) PLANE_ANGLE_UNIT ( ) SI_UNIT ( $, .RADIAN. ) );
#328 =( GEOMETRIC_REPRESENTATION_CONTEXT ( 3 ) GLOBAL_UNCERTAINTY_ASSIGNED_CONTEXT ( ( #4237 ) ) GLOBAL_UNIT_ASSIGNED_CONTEXT ( ( #11503, #3607, #9771 ) ) REPRESENTATION_CONTEXT ( 'NONE', 'WORKASPACE' ) );
#329 = VECTOR ( 'NONE', #2351, 1000.000000000000000 ) ;
#330 = CARTESIAN_POINT ( 'NONE',  ( -3.999999999999999100, 2.299999999999999800, 3.699999999999996600 ) ) ;
#331 = COLOUR_RGB ( '',0.8000000000000000400, 0.8078431372549019800, 0.8000000000000000400 ) ;
#332 = FILL_AREA_STYLE ('',( #3012 ) ) ;
#333 = DIRECTION ( 'NONE',  ( 1.000000000000000000, 0.0000000000000000000, -1.084202172485505200E-015 ) ) ;
#334 = ORIENTED_EDGE ( 'NONE', *, *, #8440, .T. ) ;
#335 = ORIENTED_EDGE ( 'NONE', *, *, #7513, .F. ) ;
#336 = SURFACE_STYLE_USAGE ( .BOTH. , #953 ) ;
#337 = PRESENTATION_STYLE_ASSIGNMENT (( #7329 ) ) ;
#338 = EDGE_LOOP ( 'NONE', ( #4929, #11363, #3113, #299 ) ) ;
#339 = FACE_OUTER_BOUND ( 'NONE', #3257, .T. ) ;
#340 = EDGE_CURVE ( 'NONE', #8083, #1807, #10675, .T. ) ;
#341 =( NAMED_UNIT ( * ) PLANE_ANGLE_UNIT ( ) SI_UNIT ( $, .RADIAN. ) );
#342 = AXIS2_PLACEMENT_3D ( 'NONE', #3810, #2921, #246 ) ;
#343 = EDGE_CURVE ( 'NONE', #5790, #5344, #8312, .T. ) ;
#344 = CARTESIAN_POINT ( 'NONE',  ( -2.660000000000000100, 2.200000000000004200, 0.2999999999999989900 ) ) ;
#345 =( LENGTH_UNIT ( ) NAMED_UNIT ( * ) SI_UNIT ( .MILLI., .METRE. ) );
#346 = FILL_AREA_STYLE_COLOUR ( '', #9399 ) ;
#347 = VECTOR ( 'NONE', #3550, 1000.000000000000000 ) ;
#348 = ORIENTED_EDGE ( 'NONE', *, *, #8952, .T. ) ;
#349 =( NAMED_UNIT ( * ) SI_UNIT ( $, .STERADIAN. ) SOLID_ANGLE_UNIT ( ) );
#350 = ADVANCED_FACE ( 'NONE', ( #6266 ), #1371, .F. ) ;
#351 = CARTESIAN_POINT ( 'NONE',  ( 4.000000000000000900, 1.700000000000000000, 0.04999999999999747700 ) ) ;
#352 = CARTESIAN_POINT ( 'NONE',  ( 5.000000000000000000, 1.784694934132518600E-016, 0.6499999999999978000 ) ) ;
#353 = CARTESIAN_POINT ( 'NONE',  ( 1.310000000000000100, -0.3750000000000005600, 3.999999999999993300 ) ) ;
#354 = VERTEX_POINT ( 'NONE', #1536 ) ;
#355 = FACE_OUTER_BOUND ( 'NONE', #11061, .T. ) ;
#356 = EDGE_CURVE ( 'NONE', #10119, #2192, #1260, .T. ) ;
#357 = FILL_AREA_STYLE ('',( #10085 ) ) ;
#358 = PLANE ( 'NONE',  #4875 ) ;
#359 = EDGE_CURVE ( 'NONE', #5941, #1041, #1547, .T. ) ;
#360 = EDGE_CURVE ( 'NONE', #1718, #396, #10399, .T. ) ;
#361 = CARTESIAN_POINT ( 'NONE',  ( -4.193836974888981100E-016, -1.100000000000000100, 1.056000000000000000 ) ) ;
#362 = ORIENTED_EDGE ( 'NONE', *, *, #2232, .F. ) ;
#363 = ORIENTED_EDGE ( 'NONE', *, *, #6702, .T. ) ;
#364 = CARTESIAN_POINT ( 'NONE',  ( 0.4249999999999996000, 2.600000000000000100, 0.2999999999999982100 ) ) ;
#365 = ADVANCED_FACE ( 'NONE', ( #10128 ), #3711, .F. ) ;
#366 = CARTESIAN_POINT ( 'NONE',  ( 2.660000000000000100, -0.3750000000000005000, 3.499999999999986700 ) ) ;
#367 = VERTEX_POINT ( 'NONE', #1014 ) ;
#368 = CARTESIAN_POINT ( 'NONE',  ( -3.999999999999999100, 1.420000000000001300, 0.2999999999999999900 ) ) ;
#369 = ORIENTED_EDGE ( 'NONE', *, *, #8292, .F. ) ;
#370 = EDGE_LOOP ( 'NONE', ( #9511, #11151, #1393, #9874 ) ) ;
#371 = EDGE_LOOP ( 'NONE', ( #6427, #8123, #8383, #5466 ) ) ;
#372 = SURFACE_STYLE_FILL_AREA ( #10579 ) ;
#373 = EDGE_CURVE ( 'NONE', #2739, #2174, #115, .T. ) ;
#374 = DIRECTION ( 'NONE',  ( 0.0000000000000000000, 0.0000000000000000000, -1.000000000000000000 ) ) ;
#375 = VERTEX_POINT ( 'NONE', #1210 ) ;
#376 = LINE ( 'NONE', #3069, #5114 ) ;
#377 = VERTEX_POINT ( 'NONE', #1745 ) ;
#378 = CARTESIAN_POINT ( 'NONE',  ( 2.425000000000001200, -1.100000000000000100, 3.249999999999995100 ) ) ;
#379 = MECHANICAL_DESIGN_GEOMETRIC_PRESENTATION_REPRESENTATION (  '', ( #10116 ), #983 ) ;
#380 = FACE_OUTER_BOUND ( 'NONE', #10554, .T. ) ;
#381 = EDGE_LOOP ( 'NONE', ( #2685, #993, #423, #4551 ) ) ;
#382 = LINE ( 'NONE', #3428, #11319 ) ;
#383 = VERTEX_POINT ( 'NONE', #1825 ) ;
#384 = CARTESIAN_POINT ( 'NONE',  ( -2.024999999999999000, -0.6999999999999988500, 4.699999999999995700 ) ) ;
#385 = AXIS2_PLACEMENT_3D ( 'NONE', #2382, #8538, #3288 ) ;
#386 = PRESENTATION_LAYER_ASSIGNMENT (  '', '', ( #10711 ) ) ;
#387 = EDGE_LOOP ( 'NONE', ( #765, #3525, #3377, #8281, #3723, #3988, #1662, #5494, #6343, #10746, #3365, #4605, #6339, #8825, #7106, #7542, #10707, #1342 ) ) ;
#388 = DIRECTION ( 'NONE',  ( 0.0000000000000000000, 1.000000000000000000, 1.126443815569353400E-015 ) ) ;
#389 = CARTESIAN_POINT ( 'NONE',  ( 3.999999999999997300, -0.4000000000000001900, 0.2999999999999975500 ) ) ;
#390 = LINE ( 'NONE', #7674, #7474 ) ;
#391 = DIRECTION ( 'NONE',  ( 0.0000000000000000000, 0.0000000000000000000, 1.000000000000000000 ) ) ;
#392 = DIRECTION ( 'NONE',  ( 0.0000000000000000000, 0.0000000000000000000, 1.000000000000000000 ) ) ;
#393 = DIRECTION ( 'NONE',  ( 0.0000000000000000000, -1.000000000000000000, -0.0000000000000000000 ) ) ;
#394 = SURFACE_STYLE_FILL_AREA ( #7353 ) ;
#395 = LINE ( 'NONE', #10862, #2516 ) ;
#396 = VERTEX_POINT ( 'NONE', #1299 ) ;
#397 = ORIENTED_EDGE ( 'NONE', *, *, #8137, .T. ) ;
#398 = AXIS2_PLACEMENT_3D ( 'NONE', #2029, #2000, #1924 ) ;
#399 = LINE ( 'NONE', #3552, #5137 ) ;
#400 = ORIENTED_EDGE ( 'NONE', *, *, #6325, .T. ) ;
#401 = DIRECTION ( 'NONE',  ( -1.000000000000000000, -0.0000000000000000000, -0.0000000000000000000 ) ) ;
#402 = LINE ( 'NONE', #7062, #10388 ) ;
#403 = SURFACE_STYLE_FILL_AREA ( #1754 ) ;
#404 = EDGE_CURVE ( 'NONE', #7991, #2647, #6936, .T. ) ;
#405 = VECTOR ( 'NONE', #9341, 1000.000000000000000 ) ;
#406 = VECTOR ( 'NONE', #1142, 1000.000000000000000 ) ;
#407 =( GEOMETRIC_REPRESENTATION_CONTEXT ( 3 ) GLOBAL_UNCERTAINTY_ASSIGNED_CONTEXT ( ( #7180 ) ) GLOBAL_UNIT_ASSIGNED_CONTEXT ( ( #10039, #4748, #10919 ) ) REPRESENTATION_CONTEXT ( 'NONE', 'WORKASPACE' ) );
#408 = LINE ( 'NONE', #10855, #109 ) ;
#409 = VECTOR ( 'NONE', #5240, 1000.000000000000000 ) ;
#410 = DIRECTION ( 'NONE',  ( 5.421010862427532000E-016, 1.000000000000000000, 0.0000000000000000000 ) ) ;
#411 = ORIENTED_EDGE ( 'NONE', *, *, #1948, .F. ) ;
#412 = ORIENTED_EDGE ( 'NONE', *, *, #4528, .T. ) ;
#414 = ADVANCED_FACE ( 'NONE', ( #11352 ), #877, .T. ) ;
#413 = ORIENTED_EDGE ( 'NONE', *, *, #122, .T. ) ;
#415 = PRESENTATION_STYLE_ASSIGNMENT (( #11152 ) ) ;
#416 = DIRECTION ( 'NONE',  ( 0.0000000000000000000, -1.000000000000000000, -1.294569758191649100E-016 ) ) ;
#417 = VECTOR ( 'NONE', #1837, 1000.000000000000000 ) ;
#418 = PLANE ( 'NONE',  #5925 ) ;
#419 = VECTOR ( 'NONE', #6092, 1000.000000000000000 ) ;
#420 = DIRECTION ( 'NONE',  ( 0.0000000000000000000, -1.000000000000000000, 1.355252715606881500E-016 ) ) ;
#421 = UNCERTAINTY_MEASURE_WITH_UNIT (LENGTH_MEASURE( 1.000000000000000100E-005 ), #8951, 'distance_accuracy_value', 'NONE');
#422 = CARTESIAN_POINT ( 'NONE',  ( 4.000000000000000900, 1.700000000000000000, 2.400000000000000800 ) ) ;
#423 = ORIENTED_EDGE ( 'NONE', *, *, #2070, .F. ) ;
#424 = ORIENTED_EDGE ( 'NONE', *, *, #4765, .F. ) ;
#425 = ADVANCED_FACE ( 'NONE', ( #1395 ), #5298, .T. ) ;
#426 = LINE ( 'NONE', #3117, #1123 ) ;
#427 = CARTESIAN_POINT ( 'NONE',  ( 1.089999999999999900, 0.4249999999999998200, 3.999999999999993300 ) ) ;
#428 = EDGE_CURVE ( 'NONE', #845, #8967, #5845, .T. ) ;
#429 = VECTOR ( 'NONE', #6401, 1000.000000000000000 ) ;
#430 = EDGE_CURVE ( 'NONE', #10776, #4226, #8155, .T. ) ;
#431 = FACE_OUTER_BOUND ( 'NONE', #3114, .T. ) ;
#432 = SURFACE_SIDE_STYLE ('',( #6774 ) ) ;
#433 = ORIENTED_EDGE ( 'NONE', *, *, #6232, .T. ) ;
#434 = ORIENTED_EDGE ( 'NONE', *, *, #6167, .T. ) ;
#435 = CARTESIAN_POINT ( 'NONE',  ( -4.524000000000000900, -1.100000000000000100, -2.710505431213761100E-017 ) ) ;
#436 = UNCERTAINTY_MEASURE_WITH_UNIT (LENGTH_MEASURE( 1.000000000000000100E-005 ), #8340, 'distance_accuracy_value', 'NONE');
#437 = ORIENTED_EDGE ( 'NONE', *, *, #7335, .F. ) ;
#438 = CARTESIAN_POINT ( 'NONE',  ( -4.000000000000000900, 2.600000000000000100, 0.2999999999999999900 ) ) ;
#439 = DIRECTION ( 'NONE',  ( -0.7071067811865475700, 0.0000000000000000000, 0.7071067811865475700 ) ) ;
#440 = VECTOR ( 'NONE', #8504, 1000.000000000000000 ) ;
#441 = DIRECTION ( 'NONE',  ( -0.1904761904761876300, 0.2380952380952350000, 0.9523809523809536600 ) ) ;
#442 = CARTESIAN_POINT ( 'NONE',  ( 4.220000000000000600, -0.8799999999999969000, 1.529999999999999800 ) ) ;
#443 = VECTOR ( 'NONE', #6938, 1000.000000000000000 ) ;
#444 = PRESENTATION_STYLE_ASSIGNMENT (( #4383 ) ) ;
#445 = EDGE_CURVE ( 'NONE', #4066, #9743, #3761, .T. ) ;
#446 = ORIENTED_EDGE ( 'NONE', *, *, #7566, .F. ) ;
#447 =( NAMED_UNIT ( * ) SI_UNIT ( $, .STERADIAN. ) SOLID_ANGLE_UNIT ( ) );
#448 = DIRECTION ( 'NONE',  ( -1.000000000000000000, 0.0000000000000000000, 2.990902544787597600E-016 ) ) ;
#449 = EDGE_CURVE ( 'NONE', #1985, #8322, #10255, .T. ) ;
#450 = ORIENTED_EDGE ( 'NONE', *, *, #3569, .T. ) ;
#451 = ORIENTED_EDGE ( 'NONE', *, *, #5647, .T. ) ;
#452 = FACE_OUTER_BOUND ( 'NONE', #4039, .T. ) ;
#453 = CARTESIAN_POINT ( 'NONE',  ( -4.220000000000000600, -0.8799999999999986700, 1.529999999999999800 ) ) ;
#454 = CARTESIAN_POINT ( 'NONE',  ( 3.399999999999996400, -0.6999999999999988500, 1.749999999999996400 ) ) ;
#455 =( GEOMETRIC_REPRESENTATION_CONTEXT ( 3 ) GLOBAL_UNCERTAINTY_ASSIGNED_CONTEXT ( ( #3224 ) ) GLOBAL_UNIT_ASSIGNED_CONTEXT ( ( #1609, #1723, #1757 ) ) REPRESENTATION_CONTEXT ( 'NONE', 'WORKASPACE' ) );
#456 = ORIENTED_EDGE ( 'NONE', *, *, #10216, .T. ) ;
#457 = VERTEX_POINT ( 'NONE', #7137 ) ;
#458 = CARTESIAN_POINT ( 'NONE',  ( -1.186235294117647100, 0.3528235294117643100, 3.981176470588228400 ) ) ;
#459 = AXIS2_PLACEMENT_3D ( 'NONE', #2397, #8556, #3293 ) ;
#460 = CARTESIAN_POINT ( 'NONE',  ( -3.999999999999999100, 1.399999999999999700, 1.699999999999989700 ) ) ;
#461 = EDGE_LOOP ( 'NONE', ( #648, #5608, #2293, #1354 ) ) ;
#462 = AXIS2_PLACEMENT_3D ( 'NONE', #5886, #8519, #3265 ) ;
#463 = SURFACE_STYLE_USAGE ( .BOTH. , #5795 ) ;
#464 = ADVANCED_FACE ( 'NONE', ( #3499 ), #7208, .T. ) ;
#465 = ORIENTED_EDGE ( 'NONE', *, *, #11118, .T. ) ;
#466 = LINE ( 'NONE', #4471, #2861 ) ;
#467 = CARTESIAN_POINT ( 'NONE',  ( -1.409999999999999900, -0.3750000000000001100, 1.749999999999996400 ) ) ;
#468 = DIRECTION ( 'NONE',  ( -0.0000000000000000000, -1.000000000000000000, -0.0000000000000000000 ) ) ;
#469 = PLANE ( 'NONE',  #8393 ) ;
#470 = ORIENTED_EDGE ( 'NONE', *, *, #2763, .T. ) ;
#471 = FACE_OUTER_BOUND ( 'NONE', #1493, .T. ) ;
#472 = DIRECTION ( 'NONE',  ( 0.0000000000000000000, -0.7071067811865440200, 0.7071067811865511300 ) ) ;
#473 =( NAMED_UNIT ( * ) PLANE_ANGLE_UNIT ( ) SI_UNIT ( $, .RADIAN. ) );
#474 = EDGE_LOOP ( 'NONE', ( #10587, #5001, #9242, #35 ) ) ;
#475 = DIRECTION ( 'NONE',  ( -1.000000000000000000, -0.0000000000000000000, 3.049318610115480700E-016 ) ) ;
#476 = ADVANCED_FACE ( 'NONE', ( #832 ), #6314, .T. ) ;
#477 = SURFACE_STYLE_USAGE ( .BOTH. , #5813 ) ;
#478 = PLANE ( 'NONE',  #10849 ) ;
#479 = CARTESIAN_POINT ( 'NONE',  ( 2.660000000000000100, 3.100000000000000100, 0.3499999999999989800 ) ) ;
#480 = ORIENTED_EDGE ( 'NONE', *, *, #9185, .F. ) ;
#481 = LINE ( 'NONE', #5156, #2308 ) ;
#482 = EDGE_CURVE ( 'NONE', #7524, #5428, #2377, .T. ) ;
#483 = VERTEX_POINT ( 'NONE', #43 ) ;
#484 = FILL_AREA_STYLE_COLOUR ( '', #10848 ) ;
#485 = DIRECTION ( 'NONE',  ( -1.000000000000000000, 0.0000000000000000000, 0.0000000000000000000 ) ) ;
#486 = DIRECTION ( 'NONE',  ( 0.0000000000000000000, 1.000000000000000000, 0.0000000000000000000 ) ) ;
#487 = CARTESIAN_POINT ( 'NONE',  ( -1.675000000000000000, -1.100000000000000300, 0.6499999999999984700 ) ) ;
#488 = FILL_AREA_STYLE_COLOUR ( '', #3670 ) ;
#489 = EDGE_LOOP ( 'NONE', ( #7581, #8493, #88, #6635 ) ) ;
#490 = DIRECTION ( 'NONE',  ( 0.0000000000000000000, -1.000000000000000000, -0.0000000000000000000 ) ) ;
#491 = LINE ( 'NONE', #7010, #4951 ) ;
#492 = ORIENTED_EDGE ( 'NONE', *, *, #11113, .T. ) ;
#493 = ORIENTED_EDGE ( 'NONE', *, *, #812, .T. ) ;
#494 = ORIENTED_EDGE ( 'NONE', *, *, #6307, .F. ) ;
#495 = ORIENTED_EDGE ( 'NONE', *, *, #3370, .F. ) ;
#496 = CARTESIAN_POINT ( 'NONE',  ( 3.500000000000000400, 1.700000000000000200, 0.2999999999999977100 ) ) ;
#497 = ORIENTED_EDGE ( 'NONE', *, *, #5752, .F. ) ;
#498 = VECTOR ( 'NONE', #927, 1000.000000000000000 ) ;
#499 =( NAMED_UNIT ( * ) PLANE_ANGLE_UNIT ( ) SI_UNIT ( $, .RADIAN. ) );
#500 = CARTESIAN_POINT ( 'NONE',  ( 1.089999999999999900, -0.6250000000000003300, 0.2999999999999964900 ) ) ;
#501 = EDGE_CURVE ( 'NONE', #2342, #9119, #6792, .T. ) ;
#502 = DIRECTION ( 'NONE',  ( 1.000000000000000000, 0.0000000000000000000, 3.971436529250929000E-016 ) ) ;
#503 = DIRECTION ( 'NONE',  ( 0.0000000000000000000, 0.0000000000000000000, 1.000000000000000000 ) ) ;
#504 = EDGE_CURVE ( 'NONE', #677, #2634, #11488, .T. ) ;
#505 = CARTESIAN_POINT ( 'NONE',  ( -3.500000000000001300, -1.100000000000000300, 0.04999999999999980800 ) ) ;
#506 = EDGE_LOOP ( 'NONE', ( #2375, #4081, #9441, #7914, #7023, #4006, #163, #3485, #4826, #3151, #6404, #9257, #3318, #8572, #10294 ) ) ;
#507 = CARTESIAN_POINT ( 'NONE',  ( -4.000000000000000900, -1.100000000000000300, 0.04999999999999996800 ) ) ;
#508 = EDGE_CURVE ( 'NONE', #712, #2828, #11199, .T. ) ;
#509 = CARTESIAN_POINT ( 'NONE',  ( 3.399999999999995900, 1.700000000000000200, 4.399999999999995900 ) ) ;
#510 = VERTEX_POINT ( 'NONE', #22 ) ;
#511 = ORIENTED_EDGE ( 'NONE', *, *, #2412, .T. ) ;
#512 = ORIENTED_EDGE ( 'NONE', *, *, #10825, .T. ) ;
#513 = CARTESIAN_POINT ( 'NONE',  ( 1.409999999999999700, 2.999999999999999600, -1.761828530288944700E-016 ) ) ;
#514 = CARTESIAN_POINT ( 'NONE',  ( 5.020000000000001400, -0.8799999999999969000, 1.275999999999999800 ) ) ;
#515 = EDGE_CURVE ( 'NONE', #8927, #4498, #6536, .T. ) ;
#516 = FACE_OUTER_BOUND ( 'NONE', #11318, .T. ) ;
#517 = ORIENTED_EDGE ( 'NONE', *, *, #10297, .F. ) ;
#518 = SURFACE_STYLE_FILL_AREA ( #8175 ) ;
#519 = ORIENTED_EDGE ( 'NONE', *, *, #8443, .F. ) ;
#520 = LINE ( 'NONE', #3822, #236 ) ;
#521 = CARTESIAN_POINT ( 'NONE',  ( 2.660000000000000100, 0.4249999999999998200, 3.999999999999993300 ) ) ;
#522 = ADVANCED_FACE ( 'NONE', ( #8574 ), #124, .T. ) ;
#523 = ORIENTED_EDGE ( 'NONE', *, *, #9940, .T. ) ;
#524 = ORIENTED_EDGE ( 'NONE', *, *, #9328, .T. ) ;
#525 = EDGE_CURVE ( 'NONE', #8256, #7210, #10115, .T. ) ;
#526 = LINE ( 'NONE', #9107, #4979 ) ;
#527 = VERTEX_POINT ( 'NONE', #2510 ) ;
#528 = VECTOR ( 'NONE', #10082, 1000.000000000000000 ) ;
#529 = LINE ( 'NONE', #1692, #409 ) ;
#530 = COLOUR_RGB ( '',0.8000000000000000400, 0.8078431372549019800, 0.8000000000000000400 ) ;
#531 = VERTEX_POINT ( 'NONE', #2552 ) ;
#532 = ORIENTED_EDGE ( 'NONE', *, *, #4987, .T. ) ;
#533 = DIRECTION ( 'NONE',  ( 0.0000000000000000000, -1.000000000000000000, -1.126443815569353600E-015 ) ) ;
#534 = AXIS2_PLACEMENT_3D ( 'NONE', #8259, #3873, #10058 ) ;
#535 = SURFACE_STYLE_USAGE ( .BOTH. , #5880 ) ;
#536 = MECHANICAL_DESIGN_GEOMETRIC_PRESENTATION_REPRESENTATION (  '', ( #10264 ), #1145 ) ;
#537 = ORIENTED_EDGE ( 'NONE', *, *, #6381, .T. ) ;
#538 = LINE ( 'NONE', #229, #7327 ) ;
#539 = ADVANCED_FACE ( 'NONE', ( #3079 ), #2466, .T. ) ;
#540 = CARTESIAN_POINT ( 'NONE',  ( 5.700000000000001100, 0.9000000000000003600, 0.2539999999999999500 ) ) ;
#541 = VECTOR ( 'NONE', #4294, 1000.000000000000000 ) ;
#542 = LINE ( 'NONE', #10167, #7052 ) ;
#543 = DIRECTION ( 'NONE',  ( -1.000000000000000000, -0.0000000000000000000, -0.0000000000000000000 ) ) ;
#544 = AXIS2_PLACEMENT_3D ( 'NONE', #4105, #3266, #9416 ) ;
#545 = LINE ( 'NONE', #3631, #2660 ) ;
#546 = AXIS2_PLACEMENT_3D ( 'NONE', #6874, #9538, #4259 ) ;
#547 = ORIENTED_EDGE ( 'NONE', *, *, #4029, .T. ) ;
#548 = ORIENTED_EDGE ( 'NONE', *, *, #11298, .F. ) ;
#549 = DIRECTION ( 'NONE',  ( -0.0000000000000000000, -1.000000000000000000, -0.0000000000000000000 ) ) ;
#550 = DIRECTION ( 'NONE',  ( 1.000000000000000000, 0.0000000000000000000, -0.0000000000000000000 ) ) ;
#551 = LINE ( 'NONE', #1601, #5276 ) ;
#552 = DIRECTION ( 'NONE',  ( 0.0000000000000000000, -1.000000000000000000, 0.0000000000000000000 ) ) ;
#553 = DIRECTION ( 'NONE',  ( -1.000000000000000000, -0.0000000000000000000, -0.0000000000000000000 ) ) ;
#554 = DIRECTION ( 'NONE',  ( 1.000000000000000000, 0.0000000000000000000, 0.0000000000000000000 ) ) ;
#555 = CARTESIAN_POINT ( 'NONE',  ( -2.660000000000000100, 0.0000000000000000000, 3.499999999999983100 ) ) ;
#556 = ORIENTED_EDGE ( 'NONE', *, *, #5931, .F. ) ;
#557 = ORIENTED_EDGE ( 'NONE', *, *, #7553, .F. ) ;
#558 = VECTOR ( 'NONE', #7450, 1000.000000000000000 ) ;
#559 = FILL_AREA_STYLE_COLOUR ( '', #4195 ) ;
#560 = LINE ( 'NONE', #7597, #2674 ) ;
#561 = DIRECTION ( 'NONE',  ( -1.000000000000000000, -1.172110456741085800E-016, 0.0000000000000000000 ) ) ;
#562 = EDGE_CURVE ( 'NONE', #2224, #4151, #4569, .T. ) ;
#563 = VECTOR ( 'NONE', #7469, 1000.000000000000000 ) ;
#564 = LINE ( 'NONE', #2048, #5292 ) ;
#565 = DIRECTION ( 'NONE',  ( -0.0000000000000000000, 0.0000000000000000000, -1.000000000000000000 ) ) ;
#566 = DIRECTION ( 'NONE',  ( 0.0000000000000000000, 0.0000000000000000000, -1.000000000000000000 ) ) ;
#567 = LINE ( 'NONE', #4192, #9709 ) ;
#568 = EDGE_CURVE ( 'NONE', #7503, #5444, #11335, .T. ) ;
#569 = DIRECTION ( 'NONE',  ( -1.000000000000000000, 0.0000000000000000000, 0.0000000000000000000 ) ) ;
#570 = VECTOR ( 'NONE', #4136, 999.9999999999998900 ) ;
#571 =( NAMED_UNIT ( * ) PLANE_ANGLE_UNIT ( ) SI_UNIT ( $, .RADIAN. ) );
#572 = ORIENTED_EDGE ( 'NONE', *, *, #6323, .T. ) ;
#573 = ORIENTED_EDGE ( 'NONE', *, *, #562, .F. ) ;
#574 = ORIENTED_EDGE ( 'NONE', *, *, #3419, .T. ) ;
#575 = LINE ( 'NONE', #894, #5027 ) ;
#576 = CARTESIAN_POINT ( 'NONE',  ( 3.399999999999995900, 0.8499999999999996400, 4.399999999999995900 ) ) ;
#577 = DIRECTION ( 'NONE',  ( 0.0000000000000000000, 0.0000000000000000000, 1.000000000000000000 ) ) ;
#578 =( LENGTH_UNIT ( ) NAMED_UNIT ( * ) SI_UNIT ( .MILLI., .METRE. ) );
#579 = ORIENTED_EDGE ( 'NONE', *, *, #6631, .F. ) ;
#580 = CARTESIAN_POINT ( 'NONE',  ( -4.000000000000000900, 1.420000000000003000, 0.2999999999999999900 ) ) ;
#581 = LINE ( 'NONE', #6012, #9726 ) ;
#582 = CARTESIAN_POINT ( 'NONE',  ( 1.409999999999999700, -0.3750000000000005000, 3.499999999999986700 ) ) ;
#583 = EDGE_CURVE ( 'NONE', #5615, #8545, #2227, .T. ) ;
#584 = ORIENTED_EDGE ( 'NONE', *, *, #8948, .T. ) ;
#585 = UNCERTAINTY_MEASURE_WITH_UNIT (LENGTH_MEASURE( 1.000000000000000100E-005 ), #11192, 'distance_accuracy_value', 'NONE');
#586 = ORIENTED_EDGE ( 'NONE', *, *, #1324, .F. ) ;
#587 = EDGE_CURVE ( 'NONE', #9646, #1867, #4306, .T. ) ;
#588 = LINE ( 'NONE', #10157, #7099 ) ;
#589 = EDGE_CURVE ( 'NONE', #113, #1435, #11063, .T. ) ;
#590 = LINE ( 'NONE', #8801, #7379 ) ;
#591 = CARTESIAN_POINT ( 'NONE',  ( -1.090000000000000100, -0.1500000000000003300, 0.2999999999999965500 ) ) ;
#592 = ADVANCED_FACE ( 'NONE', ( #8969 ), #6151, .F. ) ;
#593 = DIRECTION ( 'NONE',  ( 0.0000000000000000000, 1.000000000000000000, 0.0000000000000000000 ) ) ;
#594 =( LENGTH_UNIT ( ) NAMED_UNIT ( * ) SI_UNIT ( .MILLI., .METRE. ) );
#595 = CARTESIAN_POINT ( 'NONE',  ( -2.660000000000000100, -0.3750000000000001100, 0.6499999999999975800 ) ) ;
#596 =( NAMED_UNIT ( * ) SI_UNIT ( $, .STERADIAN. ) SOLID_ANGLE_UNIT ( ) );
#597 = VERTEX_POINT ( 'NONE', #5422 ) ;
#598 = VECTOR ( 'NONE', #1773, 999.9999999999998900 ) ;
#599 = VERTEX_POINT ( 'NONE', #6291 ) ;
#600 = VECTOR ( 'NONE', #6983, 1000.000000000000000 ) ;
#601 = DIRECTION ( 'NONE',  ( 0.0000000000000000000, 0.0000000000000000000, -1.000000000000000000 ) ) ;
#602 = DIRECTION ( 'NONE',  ( 0.0000000000000000000, 0.0000000000000000000, 1.000000000000000000 ) ) ;
#603 = SURFACE_STYLE_USAGE ( .BOTH. , #5928 ) ;
#604 = ADVANCED_FACE ( 'NONE', ( #3744 ), #6445, .T. ) ;
#605 = ORIENTED_EDGE ( 'NONE', *, *, #5278, .T. ) ;
#606 = EDGE_CURVE ( 'NONE', #8109, #9584, #1675, .T. ) ;
#607 = CARTESIAN_POINT ( 'NONE',  ( 3.699999999999995700, 2.600000000000000100, 4.699999999999997500 ) ) ;
#608 = ORIENTED_EDGE ( 'NONE', *, *, #3350, .T. ) ;
#609 = DIRECTION ( 'NONE',  ( 0.0000000000000000000, 0.0000000000000000000, -1.000000000000000000 ) ) ;
#610 = CARTESIAN_POINT ( 'NONE',  ( 1.089999999999999900, 2.500000000000000000, -1.084202172485504400E-016 ) ) ;
#611 = FACE_OUTER_BOUND ( 'NONE', #1045, .T. ) ;
#612 = STYLED_ITEM ( 'NONE', ( #3102 ), #7956 ) ;
#613 = VECTOR ( 'NONE', #9003, 1000.000000000000000 ) ;
#614 = AXIS2_PLACEMENT_3D ( 'NONE', #3362, #4205, #5088 ) ;
#615 = DIRECTION ( 'NONE',  ( 0.0000000000000000000, -1.000000000000000000, -2.032879073410321300E-016 ) ) ;
#616 = EDGE_LOOP ( 'NONE', ( #2088, #9001, #4686, #10041, #869, #7234, #10228, #6360, #11361, #9376, #8454, #7663, #1169, #9862, #726, #7830, #10425, #6851 ) ) ;
#617 = DIRECTION ( 'NONE',  ( 1.000000000000000000, 0.0000000000000000000, 0.0000000000000000000 ) ) ;
#618 = STYLED_ITEM ( 'NONE', ( #4766 ), #10826 ) ;
#619 = CARTESIAN_POINT ( 'NONE',  ( 1.190000000000000200, 0.3499999999999997000, 3.999999999999993300 ) ) ;
#620 = CYLINDRICAL_SURFACE ( 'NONE', #3892, 0.3040000000000002100 ) ;
#621 = ORIENTED_EDGE ( 'NONE', *, *, #7244, .T. ) ;
#622 = VECTOR ( 'NONE', #6046, 1000.000000000000000 ) ;
#623 = DIRECTION ( 'NONE',  ( 1.000000000000000000, 0.0000000000000000000, 0.0000000000000000000 ) ) ;
#624 = CARTESIAN_POINT ( 'NONE',  ( -2.925000000000000700, 2.600000000000000100, 0.6499999999999986900 ) ) ;
#625 = STYLED_ITEM ( 'NONE', ( #10614 ), #9539 ) ;
#626 = FILL_AREA_STYLE_COLOUR ( '', #4561 ) ;
#627 = AXIS2_PLACEMENT_3D ( 'NONE', #272, #4799, #10971 ) ;
#628 = ORIENTED_EDGE ( 'NONE', *, *, #6555, .F. ) ;
#629 = CARTESIAN_POINT ( 'NONE',  ( 4.524000000000000900, 1.100000000000000100, -2.710505431213761100E-017 ) ) ;
#630 = SURFACE_SIDE_STYLE ('',( #3459 ) ) ;
#631 = CARTESIAN_POINT ( 'NONE',  ( 1.089999999999999900, -0.3750000000000001100, 0.04999999999999753300 ) ) ;
#632 = SURFACE_STYLE_USAGE ( .BOTH. , #5963 ) ;
#633 = AXIS2_PLACEMENT_3D ( 'NONE', #4741, #10911, #5627 ) ;
#634 = PLANE ( 'NONE',  #1683 ) ;
#635 = ORIENTED_EDGE ( 'NONE', *, *, #428, .T. ) ;
#636 = FILL_AREA_STYLE_COLOUR ( '', #7192 ) ;
#637 = ORIENTED_EDGE ( 'NONE', *, *, #482, .T. ) ;
#638 = ORIENTED_EDGE ( 'NONE', *, *, #8904, .T. ) ;
#639 = LINE ( 'NONE', #5547, #3032 ) ;
#640 = DIRECTION ( 'NONE',  ( 0.0000000000000000000, -1.000000000000000000, 0.0000000000000000000 ) ) ;
#641 = CARTESIAN_POINT ( 'NONE',  ( -5.500000000000001800, -1.100000000000000100, 0.3039999999999999400 ) ) ;
#642 = VERTEX_POINT ( 'NONE', #8584 ) ;
#643 = CARTESIAN_POINT ( 'NONE',  ( -1.090000000000000100, 3.100000000000000100, 0.09999999999999947800 ) ) ;
#644 = ORIENTED_EDGE ( 'NONE', *, *, #8051, .T. ) ;
#645 = FILL_AREA_STYLE_COLOUR ( '', #2339 ) ;
#646 = FILL_AREA_STYLE_COLOUR ( '', #1396 ) ;
#647 = ADVANCED_FACE ( 'NONE', ( #7602 ), #7992, .T. ) ;
#648 = ORIENTED_EDGE ( 'NONE', *, *, #2632, .F. ) ;
#649 = ORIENTED_EDGE ( 'NONE', *, *, #263, .F. ) ;
#650 = EDGE_CURVE ( 'NONE', #527, #10735, #6780, .T. ) ;
#651 = ORIENTED_EDGE ( 'NONE', *, *, #1729, .T. ) ;
#652 = SURFACE_STYLE_USAGE ( .BOTH. , #5988 ) ;
#653 = EDGE_CURVE ( 'NONE', #673, #7256, #2074, .T. ) ;
#654 = CARTESIAN_POINT ( 'NONE',  ( 5.700000000000001100, -0.8999999999999991300, -5.421010862427522200E-017 ) ) ;
#655 = DIRECTION ( 'NONE',  ( 1.172110456741085800E-016, -1.000000000000000000, 0.0000000000000000000 ) ) ;
#656 = DIRECTION ( 'NONE',  ( 0.0000000000000000000, -1.000000000000000000, 0.0000000000000000000 ) ) ;
#657 = VERTEX_POINT ( 'NONE', #9931 ) ;
#658 = VECTOR ( 'NONE', #6218, 1000.000000000000000 ) ;
#659 = ADVANCED_FACE ( 'NONE', ( #4158, #6523 ), #10372, .F. ) ;
#660 = EDGE_LOOP ( 'NONE', ( #9246, #10661, #10490, #7026 ) ) ;
#661 = ORIENTED_EDGE ( 'NONE', *, *, #8059, .F. ) ;
#662 = PRESENTATION_STYLE_ASSIGNMENT (( #2 ) ) ;
#663 = DIRECTION ( 'NONE',  ( 0.0000000000000000000, 0.7071067811865496800, 0.7071067811865453500 ) ) ;
#664 = EDGE_CURVE ( 'NONE', #7558, #144, #1808, .T. ) ;
#665 = CARTESIAN_POINT ( 'NONE',  ( -4.000000000000000900, 1.700000000000000000, 0.04999999999999996800 ) ) ;
#666 = CARTESIAN_POINT ( 'NONE',  ( 0.1599999999999999800, -0.6250000000000003300, 0.2999999999999964900 ) ) ;
#667 = SURFACE_STYLE_USAGE ( .BOTH. , #6011 ) ;
#668 = EDGE_CURVE ( 'NONE', #6170, #4349, #11182, .T. ) ;
#669 = DIRECTION ( 'NONE',  ( 1.000000000000000000, -0.0000000000000000000, -3.252606517456513300E-016 ) ) ;
#670 = ORIENTED_EDGE ( 'NONE', *, *, #4662, .F. ) ;
#671 = FACE_OUTER_BOUND ( 'NONE', #5073, .T. ) ;
#672 = ORIENTED_EDGE ( 'NONE', *, *, #4931, .T. ) ;
#673 = VERTEX_POINT ( 'NONE', #6714 ) ;
#674 = COLOUR_RGB ( '',0.8000000000000000400, 0.8078431372549019800, 0.8000000000000000400 ) ;
#675 = CARTESIAN_POINT ( 'NONE',  ( -1.090000000000000100, 0.2499999999999996700, 0.1799999999999966600 ) ) ;
#676 = ORIENTED_EDGE ( 'NONE', *, *, #4144, .T. ) ;
#677 = VERTEX_POINT ( 'NONE', #11436 ) ;
#678 = STYLED_ITEM ( 'NONE', ( #415 ), #7523 ) ;
#679 = DIRECTION ( 'NONE',  ( -1.000000000000000000, 0.0000000000000000000, 4.371782953570583600E-016 ) ) ;
#680 = AXIS2_PLACEMENT_3D ( 'NONE', #4757, #4401, #3501 ) ;
#681 = CARTESIAN_POINT ( 'NONE',  ( -2.642993197278912000, -0.3537414965986413500, 3.585034013605425100 ) ) ;
#682 = SURFACE_STYLE_FILL_AREA ( #10070 ) ;
#683 = COLOUR_RGB ( '',0.8000000000000000400, 0.8078431372549019800, 0.8000000000000000400 ) ;
#684 = LINE ( 'NONE', #591, #9542 ) ;
#685 = CARTESIAN_POINT ( 'NONE',  ( 4.524000000000000900, 1.100000000000000100, 1.226000000000000000 ) ) ;
#686 = LINE ( 'NONE', #8197, #9828 ) ;
#687 = DIRECTION ( 'NONE',  ( 0.0000000000000000000, -1.000000000000000000, -1.126443815569353600E-015 ) ) ;
#688 = VERTEX_POINT ( 'NONE', #10479 ) ;
#689 = ORIENTED_EDGE ( 'NONE', *, *, #5972, .F. ) ;
#690 = ORIENTED_EDGE ( 'NONE', *, *, #504, .F. ) ;
#691 = COLOUR_RGB ( '',0.8000000000000000400, 0.8078431372549019800, 0.8000000000000000400 ) ;
#692 = STYLED_ITEM ( 'NONE', ( #11404 ), #10142 ) ;
#693 = ORIENTED_EDGE ( 'NONE', *, *, #1509, .F. ) ;
#694 = LINE ( 'NONE', #838, #3082 ) ;
#695 = LINE ( 'NONE', #3273, #405 ) ;
#696 = CARTESIAN_POINT ( 'NONE',  ( 1.409999999999999700, 2.200000000000004200, 0.2999999999999989900 ) ) ;
#697 = LINE ( 'NONE', #8970, #5145 ) ;
#698 = CARTESIAN_POINT ( 'NONE',  ( 5.500000000000001800, -1.100000000000000100, 0.7999999999999977100 ) ) ;
#699 = PRESENTATION_LAYER_ASSIGNMENT (  '', '', ( #11002 ) ) ;
#700 = STYLED_ITEM ( 'NONE', ( #104 ), #2052 ) ;
#701 = DIRECTION ( 'NONE',  ( -1.000000000000000000, 0.0000000000000000000, 0.0000000000000000000 ) ) ;
#702 = PRESENTATION_LAYER_ASSIGNMENT (  '', '', ( #76 ) ) ;
#703 = FACE_OUTER_BOUND ( 'NONE', #7287, .T. ) ;
#704 = EDGE_LOOP ( 'NONE', ( #9009, #4899, #6131, #5843 ) ) ;
#705 = ORIENTED_EDGE ( 'NONE', *, *, #10087, .F. ) ;
#706 = SURFACE_STYLE_FILL_AREA ( #10299 ) ;
#707 = DIRECTION ( 'NONE',  ( -0.0000000000000000000, -0.0000000000000000000, -1.000000000000000000 ) ) ;
#708 = FACE_OUTER_BOUND ( 'NONE', #151, .T. ) ;
#709 = MECHANICAL_DESIGN_GEOMETRIC_PRESENTATION_REPRESENTATION (  '', ( #10427 ), #1309 ) ;
#710 = ADVANCED_FACE ( 'NONE', ( #8564 ), #10515, .F. ) ;
#711 = CARTESIAN_POINT ( 'NONE',  ( -4.474000000000001100, 1.100000000000000100, 0.3039999999999999400 ) ) ;
#712 = VERTEX_POINT ( 'NONE', #5046 ) ;
#713 = ORIENTED_EDGE ( 'NONE', *, *, #6481, .F. ) ;
#714 = FILL_AREA_STYLE_COLOUR ( '', #9609 ) ;
#715 = VECTOR ( 'NONE', #234, 1000.000000000000000 ) ;
#716 = DIRECTION ( 'NONE',  ( 0.0000000000000000000, 0.0000000000000000000, -1.000000000000000000 ) ) ;
#717 = DIRECTION ( 'NONE',  ( 0.0000000000000000000, 0.9701425001453327600, -0.2425356250363297200 ) ) ;
#718 = SURFACE_STYLE_FILL_AREA ( #2883 ) ;
#719 = MECHANICAL_DESIGN_GEOMETRIC_PRESENTATION_REPRESENTATION (  '', ( #10433 ), #1318 ) ;
#720 = LINE ( 'NONE', #3081, #5438 ) ;
#721 = DIRECTION ( 'NONE',  ( 0.0000000000000000000, -1.294569758191648900E-016, 1.000000000000000000 ) ) ;
#722 = DIRECTION ( 'NONE',  ( 0.0000000000000000000, 0.0000000000000000000, -1.000000000000000000 ) ) ;
#723 = ADVANCED_FACE ( 'NONE', ( #5397 ), #5803, .T. ) ;
#724 = DIRECTION ( 'NONE',  ( 3.771137991253931500E-016, 0.0000000000000000000, 1.000000000000000000 ) ) ;
#725 = ORIENTED_EDGE ( 'NONE', *, *, #878, .T. ) ;
#726 = ORIENTED_EDGE ( 'NONE', *, *, #3852, .T. ) ;
#727 = VERTEX_POINT ( 'NONE', #7419 ) ;
#728 = VERTEX_POINT ( 'NONE', #1441 ) ;
#729 = EDGE_CURVE ( 'NONE', #9259, #10161, #8957, .T. ) ;
#730 = CARTESIAN_POINT ( 'NONE',  ( -0.4250000000000004900, 2.600000000000000100, 0.2999999999999982100 ) ) ;
#731 = LINE ( 'NONE', #2556, #443 ) ;
#732 = CARTESIAN_POINT ( 'NONE',  ( 2.660000000000000100, -0.3750000000000005000, 3.499999999999986700 ) ) ;
#733 = FACE_OUTER_BOUND ( 'NONE', #1436, .T. ) ;
#734 = ORIENTED_EDGE ( 'NONE', *, *, #6044, .F. ) ;
#735 = EDGE_LOOP ( 'NONE', ( #3287, #6546, #10472, #9223 ) ) ;
#736 = ORIENTED_EDGE ( 'NONE', *, *, #1179, .F. ) ;
#737 = ORIENTED_EDGE ( 'NONE', *, *, #7705, .T. ) ;
#738 = CARTESIAN_POINT ( 'NONE',  ( 4.000000000000000000, -0.4000000000000000800, 0.04999999999999747700 ) ) ;
#739 = VECTOR ( 'NONE', #6412, 1000.000000000000000 ) ;
#740 = FILL_AREA_STYLE_COLOUR ( '', #4440 ) ;
#741 = EDGE_CURVE ( 'NONE', #10555, #9498, #11322, .T. ) ;
#742 = EDGE_CURVE ( 'NONE', #6586, #5301, #4293, .T. ) ;
#743 = EDGE_CURVE ( 'NONE', #6698, #2174, #6910, .T. ) ;
#744 = ORIENTED_EDGE ( 'NONE', *, *, #4530, .T. ) ;
#745 = EDGE_LOOP ( 'NONE', ( #11472, #8188, #9863, #9716 ) ) ;
#746 = PRESENTATION_STYLE_ASSIGNMENT (( #1325 ) ) ;
#747 = CARTESIAN_POINT ( 'NONE',  ( -3.049999999999999400, 2.299999999999999800, 1.749999999999996400 ) ) ;
#748 = DIRECTION ( 'NONE',  ( 0.0000000000000000000, -1.000000000000000000, -0.0000000000000000000 ) ) ;
#749 = PLANE ( 'NONE',  #11129 ) ;
#750 = CARTESIAN_POINT ( 'NONE',  ( 2.660000000000000100, 0.2499999999999996700, 0.2999999999999966000 ) ) ;
#751 = DIRECTION ( 'NONE',  ( 0.7071067811865474600, 0.0000000000000000000, -0.7071067811865475700 ) ) ;
#752 = ORIENTED_EDGE ( 'NONE', *, *, #6333, .T. ) ;
#753 = ORIENTED_EDGE ( 'NONE', *, *, #3606, .T. ) ;
#754 = VECTOR ( 'NONE', #9179, 1000.000000000000000 ) ;
#755 = CARTESIAN_POINT ( 'NONE',  ( -1.090000000000000100, 2.200000000000004200, 0.2999999999999989900 ) ) ;
#756 = ORIENTED_EDGE ( 'NONE', *, *, #5949, .F. ) ;
#757 = VECTOR ( 'NONE', #7937, 1000.000000000000000 ) ;
#758 = DIRECTION ( 'NONE',  ( 0.0000000000000000000, 0.0000000000000000000, 1.000000000000000000 ) ) ;
#759 = EDGE_CURVE ( 'NONE', #8942, #7558, #4555, .T. ) ;
#760 = CARTESIAN_POINT ( 'NONE',  ( 3.050000000000002000, 2.000000000000000000, 3.699999999999996600 ) ) ;
#761 = CARTESIAN_POINT ( 'NONE',  ( 1.089999999999999900, 2.200000000000004200, 0.2999999999999989900 ) ) ;
#762 = CARTESIAN_POINT ( 'NONE',  ( -1.189999999999999900, -0.3750000000000005600, 3.999999999999993300 ) ) ;
#763 = ADVANCED_FACE ( 'NONE', ( #10770 ), #2465, .T. ) ;
#764 = MECHANICAL_DESIGN_GEOMETRIC_PRESENTATION_REPRESENTATION (  '', ( #10470 ), #1356 ) ;
#765 = ORIENTED_EDGE ( 'NONE', *, *, #6134, .F. ) ;
#766 = EDGE_LOOP ( 'NONE', ( #6155, #5708, #5496, #7767, #5050 ) ) ;
#767 = CARTESIAN_POINT ( 'NONE',  ( 2.339999999999999900, -0.3750000000000001100, 1.749999999999996400 ) ) ;
#768 = ORIENTED_EDGE ( 'NONE', *, *, #10868, .T. ) ;
#769 =( GEOMETRIC_REPRESENTATION_CONTEXT ( 3 ) GLOBAL_UNCERTAINTY_ASSIGNED_CONTEXT ( ( #3444 ) ) GLOBAL_UNIT_ASSIGNED_CONTEXT ( ( #3148, #9311, #4033 ) ) REPRESENTATION_CONTEXT ( 'NONE', 'WORKASPACE' ) );
#770 = ORIENTED_EDGE ( 'NONE', *, *, #1469, .F. ) ;
#771 = VERTEX_POINT ( 'NONE', #3316 ) ;
#772 = FACE_OUTER_BOUND ( 'NONE', #5573, .T. ) ;
#773 =( NAMED_UNIT ( * ) SI_UNIT ( $, .STERADIAN. ) SOLID_ANGLE_UNIT ( ) );
#774 = CARTESIAN_POINT ( 'NONE',  ( 5.500000000000001800, -1.100000000000000100, -5.421010862427522200E-017 ) ) ;
#775 = DIRECTION ( 'NONE',  ( 0.0000000000000000000, 0.0000000000000000000, 1.000000000000000000 ) ) ;
#776 = STYLED_ITEM ( 'NONE', ( #8780 ), #6426 ) ;
#777 = UNCERTAINTY_MEASURE_WITH_UNIT (LENGTH_MEASURE( 1.000000000000000100E-005 ), #6271, 'distance_accuracy_value', 'NONE');
#778 = DIRECTION ( 'NONE',  ( -0.0000000000000000000, 0.0000000000000000000, 1.000000000000000000 ) ) ;
#779 = FILL_AREA_STYLE ('',( #1415 ) ) ;
#780 = PLANE ( 'NONE',  #843 ) ;
#781 = DIRECTION ( 'NONE',  ( 0.0000000000000000000, 1.000000000000000000, 1.223202451009284600E-015 ) ) ;
#782 =( NAMED_UNIT ( * ) PLANE_ANGLE_UNIT ( ) SI_UNIT ( $, .RADIAN. ) );
#783 = ORIENTED_EDGE ( 'NONE', *, *, #2579, .T. ) ;
#784 = DIRECTION ( 'NONE',  ( 0.0000000000000000000, 0.0000000000000000000, 1.000000000000000000 ) ) ;
#785 = EDGE_CURVE ( 'NONE', #11133, #7791, #1660, .T. ) ;
#786 = VERTEX_POINT ( 'NONE', #5991 ) ;
#787 = DIRECTION ( 'NONE',  ( 3.051828337366604500E-016, -0.0000000000000000000, 1.000000000000000000 ) ) ;
#788 = STYLED_ITEM ( 'NONE', ( #8267 ), #4426 ) ;
#789 = ORIENTED_EDGE ( 'NONE', *, *, #10532, .F. ) ;
#790 =( NAMED_UNIT ( * ) PLANE_ANGLE_UNIT ( ) SI_UNIT ( $, .RADIAN. ) );
#791 = ORIENTED_EDGE ( 'NONE', *, *, #9169, .T. ) ;
#792 = COLOUR_RGB ( '',0.8000000000000000400, 0.8078431372549019800, 0.8000000000000000400 ) ;
#793 = VERTEX_POINT ( 'NONE', #9482 ) ;
#794 = EDGE_CURVE ( 'NONE', #9182, #4055, #6361, .T. ) ;
#795 = DIRECTION ( 'NONE',  ( 0.0000000000000000000, 1.000000000000000000, -0.0000000000000000000 ) ) ;
#796 = VECTOR ( 'NONE', #8428, 1000.000000000000000 ) ;
#797 = CARTESIAN_POINT ( 'NONE',  ( 2.660000000000000100, -0.1500000000000003300, 0.2999999999999965500 ) ) ;
#798 = EDGE_CURVE ( 'NONE', #10183, #11332, #11050, .T. ) ;
#799 = VECTOR ( 'NONE', #2871, 1000.000000000000000 ) ;
#800 = DIRECTION ( 'NONE',  ( -0.0000000000000000000, 0.0000000000000000000, 1.000000000000000000 ) ) ;
#801 = ORIENTED_EDGE ( 'NONE', *, *, #525, .T. ) ;
#802 = DIRECTION ( 'NONE',  ( -1.000000000000000000, -0.0000000000000000000, -0.0000000000000000000 ) ) ;
#803 = LINE ( 'NONE', #4577, #7585 ) ;
#804 = CARTESIAN_POINT ( 'NONE',  ( 5.700000000000001100, -0.8999999999999991300, 0.2539999999999999500 ) ) ;
#805 = VERTEX_POINT ( 'NONE', #9962 ) ;
#806 = CARTESIAN_POINT ( 'NONE',  ( -3.999999999999999100, 1.700000000000000000, 4.699999999999996600 ) ) ;
#807 = VECTOR ( 'NONE', #420, 1000.000000000000000 ) ;
#808 = LINE ( 'NONE', #9178, #6369 ) ;
#809 = LINE ( 'NONE', #7822, #2916 ) ;
#810 = LINE ( 'NONE', #10107, #5524 ) ;
#811 = DIRECTION ( 'NONE',  ( 0.0000000000000000000, -0.7071067811865439100, 0.7071067811865512400 ) ) ;
#812 = EDGE_CURVE ( 'NONE', #845, #6919, #5819, .T. ) ;
#814 = ORIENTED_EDGE ( 'NONE', *, *, #504, .T. ) ;
#813 = ADVANCED_FACE ( 'NONE', ( #10500 ), #7864, .F. ) ;
#815 = PLANE ( 'NONE',  #166 ) ;
#816 = DIRECTION ( 'NONE',  ( 0.0000000000000000000, -1.000000000000000000, 0.0000000000000000000 ) ) ;
#817 = CARTESIAN_POINT ( 'NONE',  ( -4.524000000000000900, 1.100000000000000100, 1.530000000000000000 ) ) ;
#818 = LINE ( 'NONE', #2756, #9963 ) ;
#819 = DIRECTION ( 'NONE',  ( 0.0000000000000000000, -0.0000000000000000000, -1.000000000000000000 ) ) ;
#820 = VECTOR ( 'NONE', #2869, 1000.000000000000000 ) ;
#821 = EDGE_CURVE ( 'NONE', #10112, #5749, #10226, .T. ) ;
#822 = FACE_OUTER_BOUND ( 'NONE', #7580, .T. ) ;
#823 = DIRECTION ( 'NONE',  ( -0.7071067811865493500, 0.0000000000000000000, 0.7071067811865456900 ) ) ;
#824 = FACE_OUTER_BOUND ( 'NONE', #4725, .T. ) ;
#825 = LINE ( 'NONE', #4794, #5269 ) ;
#826 = DIRECTION ( 'NONE',  ( -1.000000000000000000, -0.0000000000000000000, -0.0000000000000000000 ) ) ;
#827 = VECTOR ( 'NONE', #4803, 1000.000000000000000 ) ;
#828 = DIRECTION ( 'NONE',  ( -1.000000000000000000, -5.421010862427532000E-016, 0.0000000000000000000 ) ) ;
#829 = CARTESIAN_POINT ( 'NONE',  ( -2.339999999999999900, 0.4249999999999998200, 3.999999999999993300 ) ) ;
#830 = ORIENTED_EDGE ( 'NONE', *, *, #5413, .T. ) ;
#831 = ORIENTED_EDGE ( 'NONE', *, *, #9035, .T. ) ;
#832 = FACE_OUTER_BOUND ( 'NONE', #7900, .T. ) ;
#833 = AXIS2_PLACEMENT_3D ( 'NONE', #6281, #949, #7140 ) ;
#834 = CARTESIAN_POINT ( 'NONE',  ( -0.1599999999999999800, -0.3750000000000001100, 0.6499999999999975800 ) ) ;
#835 =( GEOMETRIC_REPRESENTATION_CONTEXT ( 3 ) GLOBAL_UNCERTAINTY_ASSIGNED_CONTEXT ( ( #11007 ) ) GLOBAL_UNIT_ASSIGNED_CONTEXT ( ( #8846, #8891, #8915 ) ) REPRESENTATION_CONTEXT ( 'NONE', 'WORKASPACE' ) );
#836 = CARTESIAN_POINT ( 'NONE',  ( 4.200000000000000200, -0.8000000000000014900, 2.200000000000000200 ) ) ;
#837 = SURFACE_STYLE_FILL_AREA ( #9428 ) ;
#838 = CARTESIAN_POINT ( 'NONE',  ( -2.660000000000000100, 3.100000000000000100, 0.3499999999999989800 ) ) ;
#839 = PRESENTATION_STYLE_ASSIGNMENT (( #10712 ) ) ;
#840 = DIRECTION ( 'NONE',  ( -1.000000000000000000, -0.0000000000000000000, -0.0000000000000000000 ) ) ;
#841 = CARTESIAN_POINT ( 'NONE',  ( 3.050000000000002000, 2.299999999999999400, 1.749999999999996400 ) ) ;
#842 = CARTESIAN_POINT ( 'NONE',  ( -2.339999999999999900, 0.0000000000000000000, 0.0000000000000000000 ) ) ;
#843 = AXIS2_PLACEMENT_3D ( 'NONE', #5244, #11413, #6164 ) ;
#844 = VECTOR ( 'NONE', #553, 1000.000000000000000 ) ;
#845 = VERTEX_POINT ( 'NONE', #1292 ) ;
#846 = VERTEX_POINT ( 'NONE', #5356 ) ;
#847 = VECTOR ( 'NONE', #7711, 1000.000000000000000 ) ;
#848 = VECTOR ( 'NONE', #9306, 1000.000000000000000 ) ;
#849 = DIRECTION ( 'NONE',  ( 1.000000000000000000, 0.0000000000000000000, 2.168404344971008900E-016 ) ) ;
#850 = LINE ( 'NONE', #6609, #563 ) ;
#851 = PLANE ( 'NONE',  #4290 ) ;
#852 = LINE ( 'NONE', #195, #9992 ) ;
#853 = CARTESIAN_POINT ( 'NONE',  ( 1.409999999999999700, 3.100000000000000100, 0.09999999999999947800 ) ) ;
#854 = LINE ( 'NONE', #3279, #5293 ) ;
#855 = MECHANICAL_DESIGN_GEOMETRIC_PRESENTATION_REPRESENTATION (  '', ( #10572 ), #1451 ) ;
#856 = LINE ( 'NONE', #4109, #3520 ) ;
#857 = AXIS2_PLACEMENT_3D ( 'NONE', #8874, #3613, #9773 ) ;
#858 = SURFACE_STYLE_USAGE ( .BOTH. , #6184 ) ;
#859 = ORIENTED_EDGE ( 'NONE', *, *, #1019, .T. ) ;
#860 = ORIENTED_EDGE ( 'NONE', *, *, #1027, .F. ) ;
#861 = ORIENTED_EDGE ( 'NONE', *, *, #7858, .F. ) ;
#862 = CARTESIAN_POINT ( 'NONE',  ( 2.025000000000001200, -0.6999999999999992900, 3.249999999999995100 ) ) ;
#863 = PLANE ( 'NONE',  #9373 ) ;
#864 = PRESENTATION_STYLE_ASSIGNMENT (( #8805 ) ) ;
#865 = CARTESIAN_POINT ( 'NONE',  ( 1.409999999999999700, -0.2500000000000006700, 3.999999999999993300 ) ) ;
#866 = PLANE ( 'NONE',  #2036 ) ;
#867 = SURFACE_SIDE_STYLE ('',( #1337 ) ) ;
#868 = CARTESIAN_POINT ( 'NONE',  ( 2.339999999999999900, 2.500000000000000000, -1.084202172485504400E-016 ) ) ;
#869 = ORIENTED_EDGE ( 'NONE', *, *, #8421, .F. ) ;
#870 = DIRECTION ( 'NONE',  ( 1.000000000000000000, 0.0000000000000000000, 0.0000000000000000000 ) ) ;
#871 = ORIENTED_EDGE ( 'NONE', *, *, #7929, .T. ) ;
#872 = AXIS2_PLACEMENT_3D ( 'NONE', #10745, #5461, #127 ) ;
#873 = LINE ( 'NONE', #10958, #10017 ) ;
#874 = LINE ( 'NONE', #3515, #5317 ) ;
#875 = CARTESIAN_POINT ( 'NONE',  ( 1.409999999999999700, 0.3499999999999997000, 3.999999999999993300 ) ) ;
#876 = DIRECTION ( 'NONE',  ( 0.0000000000000000000, 0.0000000000000000000, -1.000000000000000000 ) ) ;
#877 = PLANE ( 'NONE',  #4260 ) ;
#878 = EDGE_CURVE ( 'NONE', #6215, #5373, #8124, .T. ) ;
#879 = ORIENTED_EDGE ( 'NONE', *, *, #170, .T. ) ;
#880 = LINE ( 'NONE', #5289, #5324 ) ;
#881 =( NAMED_UNIT ( * ) SI_UNIT ( $, .STERADIAN. ) SOLID_ANGLE_UNIT ( ) );
#882 = ORIENTED_EDGE ( 'NONE', *, *, #3671, .T. ) ;
#883 = EDGE_CURVE ( 'NONE', #4199, #7991, #1075, .T. ) ;
#884 = DIRECTION ( 'NONE',  ( -1.000000000000000000, 0.0000000000000000000, 3.252606517456515800E-016 ) ) ;
#885 = CARTESIAN_POINT ( 'NONE',  ( 4.524000000000000900, 1.100000000000000100, -2.710505431213761100E-017 ) ) ;
#886 = ADVANCED_FACE ( 'NONE', ( #5250 ), #10029, .T. ) ;
#887 = SURFACE_STYLE_FILL_AREA ( #5784 ) ;
#888 = DIRECTION ( 'NONE',  ( 0.0000000000000000000, -1.126443815569353600E-015, 1.000000000000000000 ) ) ;
#889 = DIRECTION ( 'NONE',  ( 0.0000000000000000000, -1.000000000000000000, 0.0000000000000000000 ) ) ;
#890 = ORIENTED_EDGE ( 'NONE', *, *, #2153, .T. ) ;
#891 = CARTESIAN_POINT ( 'NONE',  ( -4.000000000000000900, -0.4000000000000000800, 0.2999999999999999900 ) ) ;
#892 = FACE_OUTER_BOUND ( 'NONE', #6575, .T. ) ;
#893 = VECTOR ( 'NONE', #7268, 1000.000000000000000 ) ;
#894 = CARTESIAN_POINT ( 'NONE',  ( -1.090000000000000100, 2.500000000000000000, -1.084202172485504400E-016 ) ) ;
#895 = EDGE_CURVE ( 'NONE', #377, #712, #803, .T. ) ;
#896 = EDGE_CURVE ( 'NONE', #5428, #7479, #2910, .T. ) ;
#897 = EDGE_CURVE ( 'NONE', #1818, #375, #5515, .T. ) ;
#898 = DIRECTION ( 'NONE',  ( 0.0000000000000000000, -1.000000000000000000, 0.0000000000000000000 ) ) ;
#899 = DIRECTION ( 'NONE',  ( 0.0000000000000000000, 1.000000000000000000, 2.032879073410321300E-016 ) ) ;
#900 = EDGE_LOOP ( 'NONE', ( #9329, #3760, #11422, #7643, #2827, #286 ) ) ;
#901 = LINE ( 'NONE', #2476, #5349 ) ;
#902 = CARTESIAN_POINT ( 'NONE',  ( 0.1599999999999999800, 2.999999999999999600, -1.761828530288944700E-016 ) ) ;
#904 = AXIS2_PLACEMENT_3D ( 'NONE', #9728, #8787, #8754 ) ;
#903 = DIRECTION ( 'NONE',  ( 1.000000000000000000, 0.0000000000000000000, -3.049318610115480700E-016 ) ) ;
#905 = PLANE ( 'NONE',  #5616 ) ;
#906 = SURFACE_SIDE_STYLE ('',( #6140 ) ) ;
#907 = PRESENTATION_LAYER_ASSIGNMENT (  '', '', ( #11200 ) ) ;
#908 = EDGE_CURVE ( 'NONE', #5020, #11432, #520, .T. ) ;
#909 = DIRECTION ( 'NONE',  ( 0.0000000000000000000, -1.000000000000000000, -2.032879073410321300E-016 ) ) ;
#910 = SURFACE_STYLE_USAGE ( .BOTH. , #6233 ) ;
#911 = PLANE ( 'NONE',  #833 ) ;
#912 =( LENGTH_UNIT ( ) NAMED_UNIT ( * ) SI_UNIT ( .MILLI., .METRE. ) );
#913 =( GEOMETRIC_REPRESENTATION_CONTEXT ( 3 ) GLOBAL_UNCERTAINTY_ASSIGNED_CONTEXT ( ( #6571 ) ) GLOBAL_UNIT_ASSIGNED_CONTEXT ( ( #1973, #4661, #3898 ) ) REPRESENTATION_CONTEXT ( 'NONE', 'WORKASPACE' ) );
#914 = AXIS2_PLACEMENT_3D ( 'NONE', #8765, #4368, #10556 ) ;
#915 = CARTESIAN_POINT ( 'NONE',  ( 4.220000000000001500, 1.100000000000000100, 0.3039999999999999400 ) ) ;
#916 = EDGE_LOOP ( 'NONE', ( #3601, #9445, #6509, #2848 ) ) ;
#917 = ORIENTED_EDGE ( 'NONE', *, *, #5067, .F. ) ;
#918 = DIRECTION ( 'NONE',  ( -2.990902544787599100E-016, 0.0000000000000000000, -1.000000000000000000 ) ) ;
#919 = ORIENTED_EDGE ( 'NONE', *, *, #3183, .F. ) ;
#920 = AXIS2_PLACEMENT_3D ( 'NONE', #2675, #4431, #10615 ) ;
#921 = ORIENTED_EDGE ( 'NONE', *, *, #583, .T. ) ;
#922 = AXIS2_PLACEMENT_3D ( 'NONE', #8019, #3651, #9806 ) ;
#923 = VERTEX_POINT ( 'NONE', #1630 ) ;
#924 = ORIENTED_EDGE ( 'NONE', *, *, #2761, .F. ) ;
#925 = COLOUR_RGB ( '',0.8000000000000000400, 0.8078431372549019800, 0.8000000000000000400 ) ;
#926 = VERTEX_POINT ( 'NONE', #3944 ) ;
#927 = DIRECTION ( 'NONE',  ( 0.0000000000000000000, 0.0000000000000000000, -1.000000000000000000 ) ) ;
#928 = SURFACE_SIDE_STYLE ('',( #1098 ) ) ;
#929 = ORIENTED_EDGE ( 'NONE', *, *, #2897, .F. ) ;
#930 = ORIENTED_EDGE ( 'NONE', *, *, #7173, .T. ) ;
#931 = ORIENTED_EDGE ( 'NONE', *, *, #1650, .T. ) ;
#932 = ORIENTED_EDGE ( 'NONE', *, *, #7798, .T. ) ;
#933 = LINE ( 'NONE', #2681, #7717 ) ;
#934 = CARTESIAN_POINT ( 'NONE',  ( -3.999999999999999100, -1.100000000000000100, 0.0000000000000000000 ) ) ;
#935 = DIRECTION ( 'NONE',  ( -0.0000000000000000000, 0.0000000000000000000, -1.000000000000000000 ) ) ;
#936 = SURFACE_SIDE_STYLE ('',( #4227 ) ) ;
#937 = EDGE_CURVE ( 'NONE', #7256, #8182, #7315, .T. ) ;
#938 = VERTEX_POINT ( 'NONE', #3198 ) ;
#939 = PRESENTATION_LAYER_ASSIGNMENT (  '', '', ( #9471 ) ) ;
#940 = EDGE_CURVE ( 'NONE', #3134, #8101, #2343, .T. ) ;
#941 = ORIENTED_EDGE ( 'NONE', *, *, #2168, .T. ) ;
#942 = VECTOR ( 'NONE', #6213, 1000.000000000000000 ) ;
#943 = CARTESIAN_POINT ( 'NONE',  ( -2.424999999999999800, 2.123118842698621800, 2.099999999999996100 ) ) ;
#944 = COLOUR_RGB ( '',0.8000000000000000400, 0.8078431372549019800, 0.8000000000000000400 ) ;
#945 = ORIENTED_EDGE ( 'NONE', *, *, #187, .T. ) ;
#946 = FACE_OUTER_BOUND ( 'NONE', #1917, .T. ) ;
#947 = CARTESIAN_POINT ( 'NONE',  ( -2.339999999999999900, 2.999999999999999600, -1.761828530288944700E-016 ) ) ;
#948 = ORIENTED_EDGE ( 'NONE', *, *, #8935, .F. ) ;
#949 = DIRECTION ( 'NONE',  ( 1.000000000000000000, 0.0000000000000000000, 0.0000000000000000000 ) ) ;
#950 = VECTOR ( 'NONE', #10324, 1000.000000000000000 ) ;
#951 = EDGE_LOOP ( 'NONE', ( #7915, #470, #4670, #2802 ) ) ;
#952 = CARTESIAN_POINT ( 'NONE',  ( -4.000000000000000900, -1.100000000000000300, 0.04999999999999996800 ) ) ;
#953 = SURFACE_SIDE_STYLE ('',( #2350 ) ) ;
#954 = VERTEX_POINT ( 'NONE', #11097 ) ;
#955 = FACE_OUTER_BOUND ( 'NONE', #2683, .T. ) ;
#956 = EDGE_CURVE ( 'NONE', #2546, #10225, #2635, .T. ) ;
#957 = SURFACE_STYLE_USAGE ( .BOTH. , #1679 ) ;
#958 = VECTOR ( 'NONE', #9737, 1000.000000000000000 ) ;
#959 = VECTOR ( 'NONE', #4977, 1000.000000000000000 ) ;
#960 = EDGE_CURVE ( 'NONE', #6418, #6919, #4695, .T. ) ;
#961 =( NAMED_UNIT ( * ) SI_UNIT ( $, .STERADIAN. ) SOLID_ANGLE_UNIT ( ) );
#962 = EDGE_CURVE ( 'NONE', #1137, #7036, #9384, .T. ) ;
#963 = FACE_OUTER_BOUND ( 'NONE', #5677, .T. ) ;
#964 = FILL_AREA_STYLE ('',( #54 ) ) ;
#965 = EDGE_LOOP ( 'NONE', ( #3014, #8589, #2497, #7146, #10783, #5738 ) ) ;
#966 = ORIENTED_EDGE ( 'NONE', *, *, #508, .T. ) ;
#967 = ORIENTED_EDGE ( 'NONE', *, *, #5153, .T. ) ;
#968 = VECTOR ( 'NONE', #1987, 1000.000000000000000 ) ;
#969 = CARTESIAN_POINT ( 'NONE',  ( 5.500000000000001800, 1.700000000000000000, 0.7999999999999977100 ) ) ;
#970 = CARTESIAN_POINT ( 'NONE',  ( -2.339999999999999900, 2.350000000000003200, 0.6499999999999986900 ) ) ;
#971 = FACE_OUTER_BOUND ( 'NONE', #9987, .T. ) ;
#972 = DIRECTION ( 'NONE',  ( -1.000000000000000000, 0.0000000000000000000, 0.0000000000000000000 ) ) ;
#973 = CARTESIAN_POINT ( 'NONE',  ( 1.409999999999999700, 0.3499999999999997000, 3.999999999999993300 ) ) ;
#974 = LINE ( 'NONE', #6906, #3364 ) ;
#975 = ORIENTED_EDGE ( 'NONE', *, *, #525, .F. ) ;
#976 = ORIENTED_EDGE ( 'NONE', *, *, #4252, .T. ) ;
#977 = DIRECTION ( 'NONE',  ( 0.0000000000000000000, 0.0000000000000000000, 1.000000000000000000 ) ) ;
#978 = VECTOR ( 'NONE', #391, 1000.000000000000000 ) ;
#979 = PLANE ( 'NONE',  #9755 ) ;
#980 = EDGE_CURVE ( 'NONE', #5408, #6403, #4415, .T. ) ;
#981 = COLOUR_RGB ( '',0.8000000000000000400, 0.8078431372549019800, 0.8000000000000000400 ) ;
#982 = LINE ( 'NONE', #7770, #6559 ) ;
#983 =( GEOMETRIC_REPRESENTATION_CONTEXT ( 3 ) GLOBAL_UNCERTAINTY_ASSIGNED_CONTEXT ( ( #8864 ) ) GLOBAL_UNIT_ASSIGNED_CONTEXT ( ( #6870, #1585, #7759 ) ) REPRESENTATION_CONTEXT ( 'NONE', 'WORKASPACE' ) );
#984 = VERTEX_POINT ( 'NONE', #10729 ) ;
#985 = ORIENTED_EDGE ( 'NONE', *, *, #3930, .T. ) ;
#986 = COLOUR_RGB ( '',0.8000000000000000400, 0.8078431372549019800, 0.8000000000000000400 ) ;
#987 = PLANE ( 'NONE',  #5683 ) ;
#988 = LINE ( 'NONE', #2908, #8039 ) ;
#989 = PLANE ( 'NONE',  #4399 ) ;
#990 = SURFACE_STYLE_FILL_AREA ( #281 ) ;
#991 = STYLED_ITEM ( 'NONE', ( #7918 ), #10944 ) ;
#992 = MECHANICAL_DESIGN_GEOMETRIC_PRESENTATION_REPRESENTATION (  '', ( #10711 ), #1613 ) ;
#993 = ORIENTED_EDGE ( 'NONE', *, *, #3207, .F. ) ;
#994 = ORIENTED_EDGE ( 'NONE', *, *, #11032, .F. ) ;
#995 = ORIENTED_EDGE ( 'NONE', *, *, #6405, .F. ) ;
#996 = CARTESIAN_POINT ( 'NONE',  ( -5.592000000000002300, -1.451999999999999700, 0.7039999999999979600 ) ) ;
#997 = STYLED_ITEM ( 'NONE', ( #5634 ), #9938 ) ;
#998 = CARTESIAN_POINT ( 'NONE',  ( -3.500000000000001300, 1.700000000000000000, 0.2999999999999998200 ) ) ;
#999 = AXIS2_PLACEMENT_3D ( 'NONE', #10317, #5019, #11170 ) ;
#1000 = FILL_AREA_STYLE_COLOUR ( '', #3922 ) ;
#1001 = EDGE_CURVE ( 'NONE', #3866, #531, #2058, .T. ) ;
#1002 = ORIENTED_EDGE ( 'NONE', *, *, #4913, .F. ) ;
#1003 = VERTEX_POINT ( 'NONE', #6363 ) ;
#1004 = CARTESIAN_POINT ( 'NONE',  ( 4.220000000000000600, 1.100000000000000100, 1.226000000000000000 ) ) ;
#1005 = DIRECTION ( 'NONE',  ( -5.421010862427532000E-016, -1.000000000000000000, -1.175494350822289700E-031 ) ) ;
#1006 = VECTOR ( 'NONE', #2824, 1000.000000000000000 ) ;
#1007 = COLOUR_RGB ( '',0.8000000000000000400, 0.8078431372549019800, 0.8000000000000000400 ) ;
#1008 = DIRECTION ( 'NONE',  ( -1.000000000000000000, -0.0000000000000000000, -0.0000000000000000000 ) ) ;
#1009 = ADVANCED_FACE ( 'NONE', ( #10915 ), #6330, .F. ) ;
#1010 = EDGE_LOOP ( 'NONE', ( #5173, #1687, #7601, #7549 ) ) ;
#1011 = VERTEX_POINT ( 'NONE', #6304 ) ;
#1012 = LINE ( 'NONE', #9196, #3132 ) ;
#1013 = DIRECTION ( 'NONE',  ( -1.000000000000000000, -0.0000000000000000000, -0.0000000000000000000 ) ) ;
#1014 = CARTESIAN_POINT ( 'NONE',  ( 5.020000000000001400, 1.200000000000000000, 1.275999999999999800 ) ) ;
#1015 = EDGE_LOOP ( 'NONE', ( #6909, #6462, #2163, #705 ) ) ;
#1016 = CARTESIAN_POINT ( 'NONE',  ( 0.1599999999999999800, 0.3499999999999997000, 3.999999999999993300 ) ) ;
#1017 = EDGE_CURVE ( 'NONE', #4230, #3808, #8550, .T. ) ;
#1018 = PLANE ( 'NONE',  #309 ) ;
#1019 = EDGE_CURVE ( 'NONE', #6814, #1761, #4147, .T. ) ;
#1020 = CARTESIAN_POINT ( 'NONE',  ( -1.090000000000000100, 0.3499999999999997000, 3.999999999999993300 ) ) ;
#1021 = ORIENTED_EDGE ( 'NONE', *, *, #8455, .F. ) ;
#1022 = ORIENTED_EDGE ( 'NONE', *, *, #8223, .F. ) ;
#1023 = LINE ( 'NONE', #8818, #10188 ) ;
#1024 = PLANE ( 'NONE',  #3745 ) ;
#1025 = FILL_AREA_STYLE ('',( #740 ) ) ;
#1026 = PLANE ( 'NONE',  #1604 ) ;
#1027 = EDGE_CURVE ( 'NONE', #6006, #5968, #6227, .T. ) ;
#1028 = CARTESIAN_POINT ( 'NONE',  ( 0.1599999999999999800, 0.4249999999999998200, 0.6499999999999964700 ) ) ;
#1029 = ORIENTED_EDGE ( 'NONE', *, *, #5210, .F. ) ;
#1030 = DIRECTION ( 'NONE',  ( -1.445602896647339700E-015, -1.000000000000000000, 0.0000000000000000000 ) ) ;
#1031 = EDGE_CURVE ( 'NONE', #285, #984, #10638, .T. ) ;
#1032 = CARTESIAN_POINT ( 'NONE',  ( -2.075000000000000600, 2.600000000000000100, 0.6499999999999986900 ) ) ;
#1033 = DIRECTION ( 'NONE',  ( 0.0000000000000000000, 0.0000000000000000000, -1.000000000000000000 ) ) ;
#1034 = ORIENTED_EDGE ( 'NONE', *, *, #1813, .T. ) ;
#1035 =( NAMED_UNIT ( * ) PLANE_ANGLE_UNIT ( ) SI_UNIT ( $, .RADIAN. ) );
#1036 = FILL_AREA_STYLE_COLOUR ( '', #8012 ) ;
#1037 = DIRECTION ( 'NONE',  ( 0.0000000000000000000, -2.258754526011467700E-016, 1.000000000000000000 ) ) ;
#1038 = DIRECTION ( 'NONE',  ( 1.000000000000000000, 0.0000000000000000000, -3.942553354492747000E-016 ) ) ;
#1039 = EDGE_LOOP ( 'NONE', ( #5744, #7348, #8823, #5669, #9548, #2135 ) ) ;
#1040 = LINE ( 'NONE', #2500, #4944 ) ;
#1041 = VERTEX_POINT ( 'NONE', #952 ) ;
#1042 = DIRECTION ( 'NONE',  ( -1.000000000000000000, -1.172110456741085800E-016, 0.0000000000000000000 ) ) ;
#1043 = STYLED_ITEM ( 'NONE', ( #10443 ), #10308 ) ;
#1044 = CARTESIAN_POINT ( 'NONE',  ( 0.1599999999999999800, -0.3750000000000001100, 0.6499999999999975800 ) ) ;
#1045 = EDGE_LOOP ( 'NONE', ( #5807, #2785, #9162, #9288, #6275, #651 ) ) ;
#1046 = CARTESIAN_POINT ( 'NONE',  ( 1.089999999999999900, 0.4249999999999998200, 0.04999999999999753300 ) ) ;
#1047 =( LENGTH_UNIT ( ) NAMED_UNIT ( * ) SI_UNIT ( .MILLI., .METRE. ) );
#1048 = EDGE_LOOP ( 'NONE', ( #10431, #9535, #2611, #335 ) ) ;
#1049 = PRESENTATION_LAYER_ASSIGNMENT (  '', '', ( #11371 ) ) ;
#1050 = AXIS2_PLACEMENT_3D ( 'NONE', #10071, #216, #2117 ) ;
#1051 = AXIS2_PLACEMENT_3D ( 'NONE', #7765, #2490, #8651 ) ;
#1052 = CARTESIAN_POINT ( 'NONE',  ( -4.000000000000000900, 1.700000000000000000, 0.04999999999999996800 ) ) ;
#1053 = PLANE ( 'NONE',  #9049 ) ;
#1054 = DIRECTION ( 'NONE',  ( 0.0000000000000000000, -0.0000000000000000000, 1.000000000000000000 ) ) ;
#1055 = ADVANCED_FACE ( 'NONE', ( #1220 ), #1834, .T. ) ;
#1056 = VERTEX_POINT ( 'NONE', #2729 ) ;
#1057 = EDGE_LOOP ( 'NONE', ( #5583, #6423, #9271, #801 ) ) ;
#1058 = LINE ( 'NONE', #8557, #5503 ) ;
#1059 =( NAMED_UNIT ( * ) PLANE_ANGLE_UNIT ( ) SI_UNIT ( $, .RADIAN. ) );
#1060 = ORIENTED_EDGE ( 'NONE', *, *, #4813, .F. ) ;
#1061 = CARTESIAN_POINT ( 'NONE',  ( -1.090000000000000100, -0.3750000000000005600, 3.999999999999993300 ) ) ;
#1062 = AXIS2_PLACEMENT_3D ( 'NONE', #11261, #6002, #663 ) ;
#1063 = CARTESIAN_POINT ( 'NONE',  ( -2.339999999999999900, 2.350000000000003200, 0.6499999999999986900 ) ) ;
#1064 = EDGE_LOOP ( 'NONE', ( #11239, #644, #10785, #5796 ) ) ;
#1065 = CARTESIAN_POINT ( 'NONE',  ( -2.660000000000000100, 2.350000000000003200, 0.6499999999999986900 ) ) ;
#1066 = CARTESIAN_POINT ( 'NONE',  ( -3.500000000000001300, 2.600000000000000100, 0.04999999999999980800 ) ) ;
#1067 = FACE_OUTER_BOUND ( 'NONE', #9889, .T. ) ;
#1068 = SURFACE_STYLE_FILL_AREA ( #6833 ) ;
#1069 = FACE_OUTER_BOUND ( 'NONE', #6474, .T. ) ;
#1070 = DIRECTION ( 'NONE',  ( 1.000000000000000000, 0.0000000000000000000, -4.371782953570583600E-016 ) ) ;
#1071 = STYLED_ITEM ( 'NONE', ( #7227 ), #7025 ) ;
#1072 = ORIENTED_EDGE ( 'NONE', *, *, #10104, .F. ) ;
#1073 = LINE ( 'NONE', #3546, #5513 ) ;
#1074 = ORIENTED_EDGE ( 'NONE', *, *, #10695, .F. ) ;
#1075 = LINE ( 'NONE', #1254, #9944 ) ;
#1076 = PLANE ( 'NONE',  #1623 ) ;
#1077 = EDGE_LOOP ( 'NONE', ( #5375, #1686, #3399, #3289 ) ) ;
#1078 = DIRECTION ( 'NONE',  ( 0.0000000000000000000, 1.000000000000000000, 0.0000000000000000000 ) ) ;
#1079 =( NAMED_UNIT ( * ) SI_UNIT ( $, .STERADIAN. ) SOLID_ANGLE_UNIT ( ) );
#1080 = VECTOR ( 'NONE', #707, 1000.000000000000000 ) ;
#1081 = EDGE_CURVE ( 'NONE', #10899, #6970, #10359, .T. ) ;
#1082 = ORIENTED_EDGE ( 'NONE', *, *, #7501, .F. ) ;
#1083 = VECTOR ( 'NONE', #5775, 1000.000000000000000 ) ;
#1084 = ORIENTED_EDGE ( 'NONE', *, *, #10005, .T. ) ;
#1085 = EDGE_LOOP ( 'NONE', ( #9871, #8599, #8037, #9082 ) ) ;
#1086 = VECTOR ( 'NONE', #7111, 1000.000000000000000 ) ;
#1087 = ORIENTED_EDGE ( 'NONE', *, *, #5791, .F. ) ;
#1088 =( NAMED_UNIT ( * ) PLANE_ANGLE_UNIT ( ) SI_UNIT ( $, .RADIAN. ) );
#1089 = VECTOR ( 'NONE', #9886, 1000.000000000000000 ) ;
#1090 = CARTESIAN_POINT ( 'NONE',  ( -0.1429931972789120800, -0.3537414965986413500, 3.585034013605425100 ) ) ;
#1091 = VECTOR ( 'NONE', #849, 1000.000000000000000 ) ;
#1092 = FACE_OUTER_BOUND ( 'NONE', #4557, .T. ) ;
#1093 = PLANE ( 'NONE',  #73 ) ;
#1094 = DIRECTION ( 'NONE',  ( 2.156193867210994500E-016, 0.7071067811865474600, 0.7071067811865475700 ) ) ;
#1095 = DIRECTION ( 'NONE',  ( 0.0000000000000000000, 0.0000000000000000000, 1.000000000000000000 ) ) ;
#1096 = DIRECTION ( 'NONE',  ( -5.421010862427532000E-016, 1.000000000000000000, -1.175494350822289700E-031 ) ) ;
#1097 = LINE ( 'NONE', #3912, #3494 ) ;
#1098 = SURFACE_STYLE_FILL_AREA ( #6260 ) ;
#1099 = EDGE_LOOP ( 'NONE', ( #10213, #1186, #1421, #2933 ) ) ;
#1100 = DIRECTION ( 'NONE',  ( -0.0000000000000000000, 0.7071067811865454600, 0.7071067811865495700 ) ) ;
#1101 = ORIENTED_EDGE ( 'NONE', *, *, #6178, .T. ) ;
#1102 = VERTEX_POINT ( 'NONE', #3249 ) ;
#1103 = VECTOR ( 'NONE', #4546, 1000.000000000000000 ) ;
#1104 = CARTESIAN_POINT ( 'NONE',  ( 1.724999999999999900, -0.6999999999999988500, 4.399999999999995900 ) ) ;
#1105 = EDGE_CURVE ( 'NONE', #9498, #1056, #3326, .T. ) ;
#1106 = CARTESIAN_POINT ( 'NONE',  ( -3.699999999999999300, 1.700000000000000000, 4.699999999999995700 ) ) ;
#1107 = COLOUR_RGB ( '',0.8000000000000000400, 0.8078431372549019800, 0.8000000000000000400 ) ;
#1108 = EDGE_CURVE ( 'NONE', #9466, #2009, #7993, .T. ) ;
#1109 = SURFACE_SIDE_STYLE ('',( #5979 ) ) ;
#1110 = EDGE_CURVE ( 'NONE', #5994, #6698, #5955, .T. ) ;
#1111 = VECTOR ( 'NONE', #9374, 1000.000000000000000 ) ;
#1112 = SURFACE_SIDE_STYLE ('',( #1821 ) ) ;
#1113 = COLOUR_RGB ( '',0.8000000000000000400, 0.8078431372549019800, 0.8000000000000000400 ) ;
#1114 = CARTESIAN_POINT ( 'NONE',  ( 3.399999999999995900, 1.700000000000000200, 1.749999999999996400 ) ) ;
#1115 = DIRECTION ( 'NONE',  ( 1.000000000000000000, 0.0000000000000000000, 2.168404344971008900E-016 ) ) ;
#1116 =( LENGTH_UNIT ( ) NAMED_UNIT ( * ) SI_UNIT ( .MILLI., .METRE. ) );
#1117 = SURFACE_STYLE_FILL_AREA ( #4129 ) ;
#1118 = ORIENTED_EDGE ( 'NONE', *, *, #7094, .F. ) ;
#1120 = ADVANCED_FACE ( 'NONE', ( #3048 ), #5005, .T. ) ;
#1119 = ORIENTED_EDGE ( 'NONE', *, *, #7351, .F. ) ;
#1121 = VECTOR ( 'NONE', #10585, 1000.000000000000000 ) ;
#1122 = EDGE_CURVE ( 'NONE', #2739, #1519, #2141, .T. ) ;
#1123 = VECTOR ( 'NONE', #10172, 1000.000000000000100 ) ;
#1124 = FACE_OUTER_BOUND ( 'NONE', #6947, .T. ) ;
#1125 = CARTESIAN_POINT ( 'NONE',  ( -0.1599999999999999800, 2.350000000000003200, 0.6499999999999986900 ) ) ;
#1126 = DIRECTION ( 'NONE',  ( 0.0000000000000000000, -1.000000000000000000, 0.0000000000000000000 ) ) ;
#1127 = FACE_OUTER_BOUND ( 'NONE', #10905, .T. ) ;
#1128 = LINE ( 'NONE', #2527, #5867 ) ;
#1129 = FILL_AREA_STYLE ('',( #208 ) ) ;
#1130 = VECTOR ( 'NONE', #4950, 1000.000000000000000 ) ;
#1131 = DIRECTION ( 'NONE',  ( 1.172110456741085800E-016, -1.000000000000000000, 0.0000000000000000000 ) ) ;
#1132 = AXIS2_PLACEMENT_3D ( 'NONE', #1785, #7952, #2689 ) ;
#1133 = CARTESIAN_POINT ( 'NONE',  ( -0.4250000000000004900, 2.600000000000000100, 0.6499999999999982500 ) ) ;
#1134 = EDGE_CURVE ( 'NONE', #7434, #1341, #4480, .T. ) ;
#1135 = ORIENTED_EDGE ( 'NONE', *, *, #7116, .F. ) ;
#1136 = ORIENTED_EDGE ( 'NONE', *, *, #5153, .F. ) ;
#1137 = VERTEX_POINT ( 'NONE', #6355 ) ;
#1138 = ADVANCED_FACE ( 'NONE', ( #6580 ), #6326, .F. ) ;
#1139 = SURFACE_STYLE_FILL_AREA ( #7735 ) ;
#1140 = ORIENTED_EDGE ( 'NONE', *, *, #6555, .T. ) ;
#1141 = FACE_OUTER_BOUND ( 'NONE', #10165, .T. ) ;
#1142 = DIRECTION ( 'NONE',  ( -1.000000000000000000, -0.0000000000000000000, -0.0000000000000000000 ) ) ;
#1143 = AXIS2_PLACEMENT_3D ( 'NONE', #7468, #5585, #4779 ) ;
#1144 = CARTESIAN_POINT ( 'NONE',  ( 2.357006802721088000, -0.3537414965986413500, 3.585034013605425100 ) ) ;
#1145 =( GEOMETRIC_REPRESENTATION_CONTEXT ( 3 ) GLOBAL_UNCERTAINTY_ASSIGNED_CONTEXT ( ( #3716 ) ) GLOBAL_UNIT_ASSIGNED_CONTEXT ( ( #4955, #11119, #5865 ) ) REPRESENTATION_CONTEXT ( 'NONE', 'WORKASPACE' ) );
#1146 = DIRECTION ( 'NONE',  ( 0.0000000000000000000, -1.000000000000000000, 0.0000000000000000000 ) ) ;
#1147 = DIRECTION ( 'NONE',  ( 0.0000000000000000000, -1.294569758191648900E-016, 1.000000000000000000 ) ) ;
#1148 = EDGE_LOOP ( 'NONE', ( #9241, #8994, #6248, #11289 ) ) ;
#1149 = VERTEX_POINT ( 'NONE', #4684 ) ;
#1150 = SURFACE_SIDE_STYLE ('',( #9767 ) ) ;
#1151 = ORIENTED_EDGE ( 'NONE', *, *, #9111, .F. ) ;
#1152 = DIRECTION ( 'NONE',  ( -1.000000000000000000, -0.0000000000000000000, -0.0000000000000000000 ) ) ;
#1153 = LINE ( 'NONE', #7436, #2985 ) ;
#1154 = DIRECTION ( 'NONE',  ( 0.0000000000000000000, -1.294569758191648900E-016, 1.000000000000000000 ) ) ;
#1155 = STYLED_ITEM ( 'NONE', ( #1841 ), #11315 ) ;
#1156 = CARTESIAN_POINT ( 'NONE',  ( 2.660000000000000100, 2.500000000000000000, -1.084202172485504400E-016 ) ) ;
#1157 = STYLED_ITEM ( 'NONE', ( #2542 ), #3168 ) ;
#1158 = CARTESIAN_POINT ( 'NONE',  ( -2.339999999999999900, -0.3750000000000001100, 0.6499999999999975800 ) ) ;
#1159 = ORIENTED_EDGE ( 'NONE', *, *, #9789, .T. ) ;
#1160 = FACE_OUTER_BOUND ( 'NONE', #8934, .T. ) ;
#1161 = ORIENTED_EDGE ( 'NONE', *, *, #10889, .F. ) ;
#1162 = AXIS2_PLACEMENT_3D ( 'NONE', #8318, #3938, #10110 ) ;
#1163 = CARTESIAN_POINT ( 'NONE',  ( -1.409999999999999900, 0.4249999999999998200, 1.749999999999996400 ) ) ;
#1164 = CARTESIAN_POINT ( 'NONE',  ( -2.339999999999999900, 0.3499999999999997000, 3.999999999999993300 ) ) ;
#1165 = EDGE_CURVE ( 'NONE', #8531, #5408, #4218, .T. ) ;
#1166 = PLANE ( 'NONE',  #633 ) ;
#1167 = STYLED_ITEM ( 'NONE', ( #3660 ), #4678 ) ;
#1168 = EDGE_CURVE ( 'NONE', #10499, #9549, #9165, .T. ) ;
#1169 = ORIENTED_EDGE ( 'NONE', *, *, #10985, .F. ) ;
#1170 = LINE ( 'NONE', #3142, #5617 ) ;
#1171 = CARTESIAN_POINT ( 'NONE',  ( -1.409999999999999900, 0.4249999999999998200, 1.749999999999996400 ) ) ;
#1172 = SURFACE_SIDE_STYLE ('',( #2401 ) ) ;
#1173 = CARTESIAN_POINT ( 'NONE',  ( 1.674999999999999800, -1.100000000000000100, 0.6499999999999980200 ) ) ;
#1174 = CARTESIAN_POINT ( 'NONE',  ( 0.1599999999999999800, 3.000000000000000000, 0.4499999999999998400 ) ) ;
#1175 = DIRECTION ( 'NONE',  ( 0.0000000000000000000, -1.000000000000000000, 0.0000000000000000000 ) ) ;
#1176 = ADVANCED_FACE ( 'NONE', ( #10979 ), #1026, .F. ) ;
#1177 = DIRECTION ( 'NONE',  ( -0.0000000000000000000, -1.000000000000000000, -0.0000000000000000000 ) ) ;
#1178 =( LENGTH_UNIT ( ) NAMED_UNIT ( * ) SI_UNIT ( .MILLI., .METRE. ) );
#1179 = EDGE_CURVE ( 'NONE', #11214, #6560, #3118, .T. ) ;
#1180 = CARTESIAN_POINT ( 'NONE',  ( 1.724999999999999900, -0.6999999999999992900, 3.249999999999995100 ) ) ;
#1181 = CARTESIAN_POINT ( 'NONE',  ( 0.4250000000000000400, -1.100000000000000300, 0.6499999999999982500 ) ) ;
#1182 = EDGE_CURVE ( 'NONE', #10776, #11040, #10156, .T. ) ;
#1183 = SURFACE_SIDE_STYLE ('',( #4578 ) ) ;
#1184 = EDGE_CURVE ( 'NONE', #4305, #9290, #5446, .T. ) ;
#1185 = PLANE ( 'NONE',  #2587 ) ;
#1186 = ORIENTED_EDGE ( 'NONE', *, *, #1944, .T. ) ;
#1187 = FACE_OUTER_BOUND ( 'NONE', #11021, .T. ) ;
#1188 = DIRECTION ( 'NONE',  ( -1.000000000000000000, 6.776263578034385900E-016, 0.0000000000000000000 ) ) ;
#1189 = DIRECTION ( 'NONE',  ( -0.0000000000000000000, 0.0000000000000000000, 1.000000000000000000 ) ) ;
#1190 = ADVANCED_FACE ( 'NONE', ( #733 ), #9334, .T. ) ;
#1191 = DIRECTION ( 'NONE',  ( -0.0000000000000000000, 1.000000000000000000, -0.0000000000000000000 ) ) ;
#1192 = DIRECTION ( 'NONE',  ( -0.0000000000000000000, 0.7071067811865513500, 0.7071067811865438000 ) ) ;
#1193 = CARTESIAN_POINT ( 'NONE',  ( 1.409999999999999700, -0.3750000000000005000, 3.499999999999986700 ) ) ;
#1194 = DIRECTION ( 'NONE',  ( -3.051828337366604500E-016, 0.0000000000000000000, -1.000000000000000000 ) ) ;
#1195 = EDGE_CURVE ( 'NONE', #8322, #1293, #9593, .T. ) ;
#1196 = CARTESIAN_POINT ( 'NONE',  ( 5.020000000000001400, 1.100000000000000100, 1.276000000000000000 ) ) ;
#1197 = ORIENTED_EDGE ( 'NONE', *, *, #6557, .T. ) ;
#1198 = CARTESIAN_POINT ( 'NONE',  ( -4.474000000000000200, -0.8799999999999986700, 0.5200000000000015700 ) ) ;
#1199 = DIRECTION ( 'NONE',  ( -0.0000000000000000000, 0.0000000000000000000, -1.000000000000000000 ) ) ;
#1200 = DIRECTION ( 'NONE',  ( 0.0000000000000000000, -1.000000000000000000, -2.032879073410321300E-016 ) ) ;
#1201 = AXIS2_PLACEMENT_3D ( 'NONE', #10051, #4767, #10932 ) ;
#1202 = DIRECTION ( 'NONE',  ( 0.0000000000000000000, 2.258754526011468200E-016, -1.000000000000000000 ) ) ;
#1203 = VERTEX_POINT ( 'NONE', #2628 ) ;
#1204 = VERTEX_POINT ( 'NONE', #2714 ) ;
#1205 = VECTOR ( 'NONE', #3417, 1000.000000000000000 ) ;
#1206 = VERTEX_POINT ( 'NONE', #500 ) ;
#1207 = CARTESIAN_POINT ( 'NONE',  ( 3.399999999999996400, -0.6999999999999988500, 1.749999999999996400 ) ) ;
#1208 = SURFACE_STYLE_USAGE ( .BOTH. , #6543 ) ;
#1209 = AXIS2_PLACEMENT_3D ( 'NONE', #5721, #1289, #7480 ) ;
#1210 = CARTESIAN_POINT ( 'NONE',  ( 0.06000000000000015700, -0.2500000000000006700, 3.999999999999993300 ) ) ;
#1211 = VECTOR ( 'NONE', #5251, 1000.000000000000000 ) ;
#1212 = STYLED_ITEM ( 'NONE', ( #11451 ), #2544 ) ;
#1213 = DIRECTION ( 'NONE',  ( -0.0000000000000000000, 0.7071067811865513500, 0.7071067811865438000 ) ) ;
#1214 = SURFACE_SIDE_STYLE ('',( #6397 ) ) ;
#1215 =( NAMED_UNIT ( * ) PLANE_ANGLE_UNIT ( ) SI_UNIT ( $, .RADIAN. ) );
#1216 = SURFACE_SIDE_STYLE ('',( #8269 ) ) ;
#1217 = CARTESIAN_POINT ( 'NONE',  ( 1.089999999999999900, -0.3750000000000001100, 1.749999999999996400 ) ) ;
#1218 = CARTESIAN_POINT ( 'NONE',  ( -2.339999999999999900, 2.350000000000003200, 0.6499999999999986900 ) ) ;
#1219 = ORIENTED_EDGE ( 'NONE', *, *, #6878, .F. ) ;
#1220 = FACE_OUTER_BOUND ( 'NONE', #9059, .T. ) ;
#1221 = AXIS2_PLACEMENT_3D ( 'NONE', #141, #1038, #7242 ) ;
#1222 = STYLED_ITEM ( 'NONE', ( #8834 ), #5970 ) ;
#1223 = ORIENTED_EDGE ( 'NONE', *, *, #6895, .F. ) ;
#1224 = VECTOR ( 'NONE', #8950, 1000.000000000000100 ) ;
#1225 = CARTESIAN_POINT ( 'NONE',  ( 1.089999999999999900, -0.1500000000000003000, 0.1799999999999965800 ) ) ;
#1226 = SURFACE_STYLE_FILL_AREA ( #10230 ) ;
#1227 = SURFACE_STYLE_USAGE ( .BOTH. , #6563 ) ;
#1228 = DIRECTION ( 'NONE',  ( 0.0000000000000000000, -0.0000000000000000000, -1.000000000000000000 ) ) ;
#1229 = SURFACE_STYLE_FILL_AREA ( #2994 ) ;
#1230 = CARTESIAN_POINT ( 'NONE',  ( 2.660000000000000100, -0.1500000000000003000, 0.1799999999999965800 ) ) ;
#1231 = EDGE_LOOP ( 'NONE', ( #1339, #100, #4003, #5936 ) ) ;
#1232 = FACE_OUTER_BOUND ( 'NONE', #9881, .T. ) ;
#1233 = PRESENTATION_LAYER_ASSIGNMENT (  '', '', ( #32 ) ) ;
#1234 = EDGE_LOOP ( 'NONE', ( #69, #6997, #3275, #5575 ) ) ;
#1235 = CARTESIAN_POINT ( 'NONE',  ( 4.000000000000000900, -1.100000000000000100, 2.400000000000000800 ) ) ;
#1236 = CARTESIAN_POINT ( 'NONE',  ( 4.000000000000001800, -0.8000000000000013800, 4.699999999999997500 ) ) ;
#1237 = ADVANCED_FACE ( 'NONE', ( #7230 ), #3140, .F. ) ;
#1238 = LINE ( 'NONE', #6262, #5688 ) ;
#1239 = LINE ( 'NONE', #11107, #3630 ) ;
#1240 = CARTESIAN_POINT ( 'NONE',  ( 3.399999999999995900, 0.8499999999999996400, 1.749999999999996400 ) ) ;
#1241 = ORIENTED_EDGE ( 'NONE', *, *, #6461, .F. ) ;
#1242 = COLOUR_RGB ( '',0.8000000000000000400, 0.8078431372549019800, 0.8000000000000000400 ) ;
#1243 = ORIENTED_EDGE ( 'NONE', *, *, #6766, .T. ) ;
#1244 = ORIENTED_EDGE ( 'NONE', *, *, #10607, .T. ) ;
#1245 = DIRECTION ( 'NONE',  ( 0.0000000000000000000, -1.000000000000000000, 1.204669080539448600E-016 ) ) ;
#1246 =( NAMED_UNIT ( * ) SI_UNIT ( $, .STERADIAN. ) SOLID_ANGLE_UNIT ( ) );
#1247 = COLOUR_RGB ( '',0.8000000000000000400, 0.8078431372549019800, 0.8000000000000000400 ) ;
#1248 = LINE ( 'NONE', #3458, #5985 ) ;
#1249 = ADVANCED_FACE ( 'NONE', ( #2567 ), #4421, .T. ) ;
#1250 = PRESENTATION_STYLE_ASSIGNMENT (( #11439 ) ) ;
#1251 = DIRECTION ( 'NONE',  ( 0.0000000000000000000, -1.204669080539448900E-016, -1.000000000000000000 ) ) ;
#1252 = EDGE_CURVE ( 'NONE', #4292, #10313, #1714, .T. ) ;
#1253 = EDGE_CURVE ( 'NONE', #10890, #3460, #8748, .T. ) ;
#1254 = CARTESIAN_POINT ( 'NONE',  ( 1.674999999999999800, -1.100000000000000100, 0.6499999999999980200 ) ) ;
#1255 = SURFACE_STYLE_FILL_AREA ( #5476 ) ;
#1256 = DIRECTION ( 'NONE',  ( 0.0000000000000000000, -1.000000000000000000, 1.204669080539448600E-016 ) ) ;
#1257 = ORIENTED_EDGE ( 'NONE', *, *, #7501, .T. ) ;
#1258 = ORIENTED_EDGE ( 'NONE', *, *, #7761, .F. ) ;
#1259 = VERTEX_POINT ( 'NONE', #8740 ) ;
#1260 = LINE ( 'NONE', #2449, #8028 ) ;
#1261 = SURFACE_SIDE_STYLE ('',( #8449 ) ) ;
#1262 = SURFACE_STYLE_USAGE ( .BOTH. , #6596 ) ;
#1263 = DIRECTION ( 'NONE',  ( -1.172110456741085800E-016, 1.000000000000000000, 0.0000000000000000000 ) ) ;
#1264 = LINE ( 'NONE', #4849, #7073 ) ;
#1265 = CARTESIAN_POINT ( 'NONE',  ( 0.8249999999999992900, 2.600000000000000100, 0.6499999999999980200 ) ) ;
#1266 = LINE ( 'NONE', #11255, #3650 ) ;
#1267 = PLANE ( 'NONE',  #7291 ) ;
#1268 = EDGE_CURVE ( 'NONE', #4028, #10526, #3793, .T. ) ;
#1269 = VERTEX_POINT ( 'NONE', #7933 ) ;
#1270 = ORIENTED_EDGE ( 'NONE', *, *, #4339, .T. ) ;
#1271 = VECTOR ( 'NONE', #4518, 1000.000000000000000 ) ;
#1272 = DIRECTION ( 'NONE',  ( 0.0000000000000000000, -1.000000000000000000, 0.0000000000000000000 ) ) ;
#1273 = VECTOR ( 'NONE', #4636, 1000.000000000000000 ) ;
#1274 = DIRECTION ( 'NONE',  ( -0.1904761904761876300, 0.2380952380952350000, 0.9523809523809536600 ) ) ;
#1275 = EDGE_CURVE ( 'NONE', #6822, #8198, #10834, .T. ) ;
#1276 = LINE ( 'NONE', #8849, #8040 ) ;
#1277 = DIRECTION ( 'NONE',  ( 1.000000000000000000, 0.0000000000000000000, 4.371782953570583600E-016 ) ) ;
#1278 = FACE_OUTER_BOUND ( 'NONE', #7030, .T. ) ;
#1279 = PLANE ( 'NONE',  #7428 ) ;
#1280 = LINE ( 'NONE', #6986, #8044 ) ;
#1281 = AXIS2_PLACEMENT_3D ( 'NONE', #521, #6743, #1440 ) ;
#1282 = PRESENTATION_LAYER_ASSIGNMENT (  '', '', ( #63 ) ) ;
#1283 = ORIENTED_EDGE ( 'NONE', *, *, #10909, .F. ) ;
#1284 = ORIENTED_EDGE ( 'NONE', *, *, #6399, .T. ) ;
#1285 = EDGE_LOOP ( 'NONE', ( #789, #9320, #7017, #5056 ) ) ;
#1286 = ORIENTED_EDGE ( 'NONE', *, *, #8582, .T. ) ;
#1287 = VECTOR ( 'NONE', #10219, 1000.000000000000000 ) ;
#1288 = CARTESIAN_POINT ( 'NONE',  ( -1.089999999999999200, -0.3750000000000003300, 0.6499999999999982500 ) ) ;
#1289 = DIRECTION ( 'NONE',  ( -1.533293416683370200E-016, 0.7071067811865494600, 0.7071067811865456900 ) ) ;
#1290 = AXIS2_PLACEMENT_3D ( 'NONE', #9210, #3953, #10131 ) ;
#1292 = CARTESIAN_POINT ( 'NONE',  ( 4.000000000000000900, 1.700000000000000000, 0.04999999999999747700 ) ) ;
#1291 = CARTESIAN_POINT ( 'NONE',  ( 2.660000000000000100, 0.4249999999999998200, 0.6499999999999964700 ) ) ;
#1293 = VERTEX_POINT ( 'NONE', #11490 ) ;
#1294 = ORIENTED_EDGE ( 'NONE', *, *, #3372, .F. ) ;
#1295 = VERTEX_POINT ( 'NONE', #1802 ) ;
#1296 = FACE_OUTER_BOUND ( 'NONE', #7916, .T. ) ;
#1297 = MECHANICAL_DESIGN_GEOMETRIC_PRESENTATION_REPRESENTATION (  '', ( #11002 ), #1907 ) ;
#1298 = AXIS2_PLACEMENT_3D ( 'NONE', #3027, #490, #1520 ) ;
#1299 = CARTESIAN_POINT ( 'NONE',  ( 3.050000000000001600, 2.299999999999999800, 3.699999999999996600 ) ) ;
#1300 = MECHANICAL_DESIGN_GEOMETRIC_PRESENTATION_REPRESENTATION (  '', ( #76 ), #1909 ) ;
#1301 = ADVANCED_FACE ( 'NONE', ( #10562 ), #7123, .F. ) ;
#1302 = DIRECTION ( 'NONE',  ( 0.0000000000000000000, 1.000000000000000000, 0.0000000000000000000 ) ) ;
#1303 = SURFACE_STYLE_USAGE ( .BOTH. , #6624 ) ;
#1304 = DIRECTION ( 'NONE',  ( 0.0000000000000000000, -1.294569758191648900E-016, 1.000000000000000000 ) ) ;
#1305 = CARTESIAN_POINT ( 'NONE',  ( 1.674999999999999800, -1.100000000000000100, 0.2999999999999979900 ) ) ;
#1306 = PLANE ( 'NONE',  #8479 ) ;
#1307 = VERTEX_POINT ( 'NONE', #9145 ) ;
#1308 = VECTOR ( 'NONE', #2447, 1000.000000000000000 ) ;
#1309 =( GEOMETRIC_REPRESENTATION_CONTEXT ( 3 ) GLOBAL_UNCERTAINTY_ASSIGNED_CONTEXT ( ( #9216 ) ) GLOBAL_UNIT_ASSIGNED_CONTEXT ( ( #7409, #2126, #8284 ) ) REPRESENTATION_CONTEXT ( 'NONE', 'WORKASPACE' ) );
#1310 = CARTESIAN_POINT ( 'NONE',  ( -3.399999999999999500, 1.700000000000000200, 1.749999999999996400 ) ) ;
#1311 = LINE ( 'NONE', #3888, #8067 ) ;
#1312 = DIRECTION ( 'NONE',  ( 2.114887471287417600E-016, -0.7071067811865455700, 0.7071067811865493500 ) ) ;
#1313 = CARTESIAN_POINT ( 'NONE',  ( -3.399999999999999900, -0.6999999999999988500, 1.749999999999996400 ) ) ;
#1314 = ADVANCED_FACE ( 'NONE', ( #2692 ), #280, .T. ) ;
#1315 = DIRECTION ( 'NONE',  ( 1.000000000000000000, 0.0000000000000000000, -0.0000000000000000000 ) ) ;
#1316 = EDGE_LOOP ( 'NONE', ( #9361, #5282, #4626, #3579, #5881 ) ) ;
#1317 = CARTESIAN_POINT ( 'NONE',  ( 4.000000000000000900, -1.100000000000000300, 0.04999999999999747700 ) ) ;
#1318 =( GEOMETRIC_REPRESENTATION_CONTEXT ( 3 ) GLOBAL_UNCERTAINTY_ASSIGNED_CONTEXT ( ( #4647 ) ) GLOBAL_UNIT_ASSIGNED_CONTEXT ( ( #10520, #5228, #11401 ) ) REPRESENTATION_CONTEXT ( 'NONE', 'WORKASPACE' ) );
#1319 = ORIENTED_EDGE ( 'NONE', *, *, #9866, .F. ) ;
#1320 = ORIENTED_EDGE ( 'NONE', *, *, #1597, .T. ) ;
#1321 = UNCERTAINTY_MEASURE_WITH_UNIT (LENGTH_MEASURE( 1.000000000000000100E-005 ), #5510, 'distance_accuracy_value', 'NONE');
#1322 = DIRECTION ( 'NONE',  ( -0.0000000000000000000, 1.000000000000000000, 0.0000000000000000000 ) ) ;
#1323 = CARTESIAN_POINT ( 'NONE',  ( 0.8249999999999992900, 2.600000000000000100, 0.2999999999999979900 ) ) ;
#1324 = EDGE_CURVE ( 'NONE', #5902, #4055, #9720, .T. ) ;
#1325 = SURFACE_STYLE_USAGE ( .BOTH. , #6644 ) ;
#1326 = CARTESIAN_POINT ( 'NONE',  ( -5.700000000000001100, 1.100000000000000100, 0.2539999999999999500 ) ) ;
#1327 = PRESENTATION_STYLE_ASSIGNMENT (( #10708 ) ) ;
#1328 = DIRECTION ( 'NONE',  ( 2.990902544787599100E-016, 0.0000000000000000000, 1.000000000000000000 ) ) ;
#1329 =( LENGTH_UNIT ( ) NAMED_UNIT ( * ) SI_UNIT ( .MILLI., .METRE. ) );
#1330 = ORIENTED_EDGE ( 'NONE', *, *, #1428, .T. ) ;
#1331 = VERTEX_POINT ( 'NONE', #2875 ) ;
#1332 = EDGE_CURVE ( 'NONE', #10398, #9396, #10966, .T. ) ;
#1333 = CARTESIAN_POINT ( 'NONE',  ( 4.000000000000000900, -1.100000000000000300, 0.04999999999999747700 ) ) ;
#1334 = EDGE_CURVE ( 'NONE', #4389, #8549, #4203, .T. ) ;
#1335 = EDGE_CURVE ( 'NONE', #8757, #8461, #1857, .T. ) ;
#1336 = CARTESIAN_POINT ( 'NONE',  ( 0.8249999999999992900, 2.600000000000000100, 0.6499999999999980200 ) ) ;
#1337 = SURFACE_STYLE_FILL_AREA ( #6193 ) ;
#1338 = SURFACE_SIDE_STYLE ('',( #3482 ) ) ;
#1339 = ORIENTED_EDGE ( 'NONE', *, *, #1268, .F. ) ;
#1340 = CARTESIAN_POINT ( 'NONE',  ( -2.339999999999999900, -0.6250000000000003300, 0.6499999999999964700 ) ) ;
#1341 = VERTEX_POINT ( 'NONE', #4496 ) ;
#1342 = ORIENTED_EDGE ( 'NONE', *, *, #10026, .F. ) ;
#1343 = FILL_AREA_STYLE ('',( #9147 ) ) ;
#1344 = DIRECTION ( 'NONE',  ( 0.0000000000000000000, 0.0000000000000000000, 1.000000000000000000 ) ) ;
#1345 = VECTOR ( 'NONE', #5176, 1000.000000000000000 ) ;
#1346 = ADVANCED_FACE ( 'NONE', ( #10690, #6282 ), #6348, .F. ) ;
#1347 = EDGE_CURVE ( 'NONE', #8676, #8053, #3663, .T. ) ;
#1348 = EDGE_LOOP ( 'NONE', ( #9363, #737, #235, #5945 ) ) ;
#1349 = LINE ( 'NONE', #10319, #5800 ) ;
#1350 = VERTEX_POINT ( 'NONE', #10094 ) ;
#1351 = CARTESIAN_POINT ( 'NONE',  ( 5.000000000000000900, 1.700000000000000000, 0.2999999999999999300 ) ) ;
#1352 = DIRECTION ( 'NONE',  ( -0.0000000000000000000, 1.000000000000000000, 0.0000000000000000000 ) ) ;
#1353 = ORIENTED_EDGE ( 'NONE', *, *, #1483, .T. ) ;
#1354 = ORIENTED_EDGE ( 'NONE', *, *, #501, .F. ) ;
#1355 = AXIS2_PLACEMENT_3D ( 'NONE', #1881, #8030, #2766 ) ;
#1356 =( GEOMETRIC_REPRESENTATION_CONTEXT ( 3 ) GLOBAL_UNCERTAINTY_ASSIGNED_CONTEXT ( ( #5783 ) ) GLOBAL_UNIT_ASSIGNED_CONTEXT ( ( #5570, #5479, #5696 ) ) REPRESENTATION_CONTEXT ( 'NONE', 'WORKASPACE' ) );
#1357 = LINE ( 'NONE', #2850, #7857 ) ;
#1358 = LINE ( 'NONE', #7679, #8114 ) ;
#1359 = ADVANCED_FACE ( 'NONE', ( #1278 ), #10895, .T. ) ;
#1360 = VECTOR ( 'NONE', #3976, 1000.000000000000000 ) ;
#1361 = VECTOR ( 'NONE', #7868, 1000.000000000000100 ) ;
#1362 = EDGE_LOOP ( 'NONE', ( #5632, #6025, #8402, #537 ) ) ;
#1363 = VECTOR ( 'NONE', #3907, 1000.000000000000000 ) ;
#1364 =( NAMED_UNIT ( * ) PLANE_ANGLE_UNIT ( ) SI_UNIT ( $, .RADIAN. ) );
#1365 = AXIS2_PLACEMENT_3D ( 'NONE', #2042, #8218, #2961 ) ;
#1366 = CARTESIAN_POINT ( 'NONE',  ( 2.025000000000001700, -0.9999999999999974500, 4.699999999999995700 ) ) ;
#1367 = DIRECTION ( 'NONE',  ( -0.0000000000000000000, -1.000000000000000000, -0.0000000000000000000 ) ) ;
#1368 = CARTESIAN_POINT ( 'NONE',  ( -1.090000000000000100, 0.4249999999999998200, 0.6499999999999964700 ) ) ;
#1369 = CARTESIAN_POINT ( 'NONE',  ( 2.339999999999999900, 3.100000000000000100, 0.3499999999999989800 ) ) ;
#1370 = VECTOR ( 'NONE', #6901, 1000.000000000000000 ) ;
#1371 = PLANE ( 'NONE',  #8613 ) ;
#1372 = DIRECTION ( 'NONE',  ( 1.000000000000000000, 0.0000000000000000000, 0.0000000000000000000 ) ) ;
#1373 = DIRECTION ( 'NONE',  ( 1.000000000000000000, 0.0000000000000000000, -3.049318610115480700E-016 ) ) ;
#1374 = AXIS2_PLACEMENT_3D ( 'NONE', #9793, #7160, #1895 ) ;
#1375 = EDGE_LOOP ( 'NONE', ( #7432, #9236, #5763, #5788 ) ) ;
#1376 = FACE_OUTER_BOUND ( 'NONE', #6884, .T. ) ;
#1377 = VERTEX_POINT ( 'NONE', #1104 ) ;
#1378 = ORIENTED_EDGE ( 'NONE', *, *, #10748, .T. ) ;
#1379 = DIRECTION ( 'NONE',  ( 0.0000000000000000000, 1.000000000000000000, 4.336808689942013800E-015 ) ) ;
#1380 = DIRECTION ( 'NONE',  ( -1.000000000000000000, 0.0000000000000000000, -2.304851557154559200E-017 ) ) ;
#1381 = LINE ( 'NONE', #1933, #1089 ) ;
#1382 =( NAMED_UNIT ( * ) PLANE_ANGLE_UNIT ( ) SI_UNIT ( $, .RADIAN. ) );
#1383 = LINE ( 'NONE', #1495, #5835 ) ;
#1384 = EDGE_CURVE ( 'NONE', #6946, #6687, #6016, .T. ) ;
#1385 = FACE_OUTER_BOUND ( 'NONE', #8474, .T. ) ;
#1386 = DIRECTION ( 'NONE',  ( 1.000000000000000000, 0.0000000000000000000, -0.0000000000000000000 ) ) ;
#1387 = AXIS2_PLACEMENT_3D ( 'NONE', #8505, #3253, #9395 ) ;
#1388 = DIRECTION ( 'NONE',  ( 0.0000000000000000000, -0.7071067811865438000, 0.7071067811865513500 ) ) ;
#1389 = VECTOR ( 'NONE', #8861, 1000.000000000000000 ) ;
#1390 = ORIENTED_EDGE ( 'NONE', *, *, #11476, .T. ) ;
#1391 = DIRECTION ( 'NONE',  ( -1.000000000000000000, -0.0000000000000000000, -0.0000000000000000000 ) ) ;
#1392 = COLOUR_RGB ( '',0.8000000000000000400, 0.8078431372549019800, 0.8000000000000000400 ) ;
#1393 = ORIENTED_EDGE ( 'NONE', *, *, #4255, .F. ) ;
#1394 = ORIENTED_EDGE ( 'NONE', *, *, #1993, .T. ) ;
#1395 = FACE_OUTER_BOUND ( 'NONE', #10162, .T. ) ;
#1396 = COLOUR_RGB ( '',0.8000000000000000400, 0.8078431372549019800, 0.8000000000000000400 ) ;
#1397 = VECTOR ( 'NONE', #4113, 1000.000000000000000 ) ;
#1398 = LINE ( 'NONE', #7382, #10530 ) ;
#1399 = SURFACE_SIDE_STYLE ('',( #4358 ) ) ;
#1400 = VECTOR ( 'NONE', #9691, 1000.000000000000000 ) ;
#1401 = CARTESIAN_POINT ( 'NONE',  ( 0.1599999999999999800, 0.4249999999999998200, 3.499999999999981300 ) ) ;
#1402 = CARTESIAN_POINT ( 'NONE',  ( 2.660000000000000100, -0.3750000000000005000, 3.499999999999986700 ) ) ;
#1403 = LINE ( 'NONE', #8486, #7899 ) ;
#1404 = ORIENTED_EDGE ( 'NONE', *, *, #11316, .F. ) ;
#1405 = ORIENTED_EDGE ( 'NONE', *, *, #5431, .F. ) ;
#1406 = VECTOR ( 'NONE', #10389, 1000.000000000000000 ) ;
#1407 = LINE ( 'NONE', #3986, #8172 ) ;
#1408 = EDGE_CURVE ( 'NONE', #9563, #3510, #10415, .T. ) ;
#1409 = VECTOR ( 'NONE', #9108, 1000.000000000000000 ) ;
#1410 = EDGE_CURVE ( 'NONE', #9406, #10921, #8041, .T. ) ;
#1411 = LINE ( 'NONE', #1588, #3238 ) ;
#1412 = DIRECTION ( 'NONE',  ( -0.0000000000000000000, -0.0000000000000000000, -1.000000000000000000 ) ) ;
#1413 = LINE ( 'NONE', #7567, #2264 ) ;
#1414 = ADVANCED_FACE ( 'NONE', ( #3387 ), #1053, .T. ) ;
#1415 = FILL_AREA_STYLE_COLOUR ( '', #2831 ) ;
#1416 = VERTEX_POINT ( 'NONE', #9980 ) ;
#1417 = VERTEX_POINT ( 'NONE', #5620 ) ;
#1418 = PLANE ( 'NONE',  #8388 ) ;
#1419 = ORIENTED_EDGE ( 'NONE', *, *, #4760, .T. ) ;
#1420 = DIRECTION ( 'NONE',  ( 0.0000000000000000000, -1.000000000000000000, 0.0000000000000000000 ) ) ;
#1421 = ORIENTED_EDGE ( 'NONE', *, *, #8208, .T. ) ;
#1422 = FACE_OUTER_BOUND ( 'NONE', #4077, .T. ) ;
#1423 = DIRECTION ( 'NONE',  ( 1.000000000000000000, 0.0000000000000000000, -3.051828337366604500E-016 ) ) ;
#1424 = VECTOR ( 'NONE', #9670, 1000.000000000000000 ) ;
#1425 = ORIENTED_EDGE ( 'NONE', *, *, #9623, .F. ) ;
#1426 = FACE_OUTER_BOUND ( 'NONE', #3035, .T. ) ;
#1427 = VECTOR ( 'NONE', #2557, 1000.000000000000000 ) ;
#1428 = EDGE_CURVE ( 'NONE', #4616, #8721, #4601, .T. ) ;
#1429 = FILL_AREA_STYLE_COLOUR ( '', #5987 ) ;
#1430 = ADVANCED_FACE ( 'NONE', ( #135 ), #6450, .T. ) ;
#1431 = DIRECTION ( 'NONE',  ( 0.0000000000000000000, 0.0000000000000000000, -1.000000000000000000 ) ) ;
#1432 = EDGE_CURVE ( 'NONE', #8136, #5655, #9002, .T. ) ;
#1433 = ORIENTED_EDGE ( 'NONE', *, *, #2564, .T. ) ;
#1434 = ORIENTED_EDGE ( 'NONE', *, *, #6115, .F. ) ;
#1435 = VERTEX_POINT ( 'NONE', #3044 ) ;
#1436 = EDGE_LOOP ( 'NONE', ( #8565, #5980, #10015, #25 ) ) ;
#1437 = DIRECTION ( 'NONE',  ( -0.9805806756909207800, 0.0000000000000000000, -0.1961161351381809400 ) ) ;
#1438 = LINE ( 'NONE', #9120, #3802 ) ;
#1439 = CARTESIAN_POINT ( 'NONE',  ( -2.024999999999999500, -1.100000000000000100, 3.249999999999996000 ) ) ;
#1440 = DIRECTION ( 'NONE',  ( 0.0000000000000000000, -0.0000000000000000000, 1.000000000000000000 ) ) ;
#1441 = CARTESIAN_POINT ( 'NONE',  ( -2.339999999999999900, 3.100000000000000100, 0.3499999999999989800 ) ) ;
#1442 = PRESENTATION_LAYER_ASSIGNMENT (  '', '', ( #212 ) ) ;
#1443 = ORIENTED_EDGE ( 'NONE', *, *, #8223, .T. ) ;
#1444 = EDGE_LOOP ( 'NONE', ( #11320, #2662, #11437, #1771 ) ) ;
#1445 = SURFACE_SIDE_STYLE ('',( #887 ) ) ;
#1446 = PRESENTATION_STYLE_ASSIGNMENT (( #8752 ) ) ;
#1447 =( NAMED_UNIT ( * ) PLANE_ANGLE_UNIT ( ) SI_UNIT ( $, .RADIAN. ) );
#1448 = ORIENTED_EDGE ( 'NONE', *, *, #3970, .T. ) ;
#1449 = DIRECTION ( 'NONE',  ( 1.000000000000000000, -6.195440985631560800E-016, 0.0000000000000000000 ) ) ;
#1450 = EDGE_LOOP ( 'NONE', ( #5195, #10651, #4080, #5818 ) ) ;
#1451 =( GEOMETRIC_REPRESENTATION_CONTEXT ( 3 ) GLOBAL_UNCERTAINTY_ASSIGNED_CONTEXT ( ( #1735 ) ) GLOBAL_UNIT_ASSIGNED_CONTEXT ( ( #9642, #4361, #10539 ) ) REPRESENTATION_CONTEXT ( 'NONE', 'WORKASPACE' ) );
#1452 = AXIS2_PLACEMENT_3D ( 'NONE', #875, #7054, #1778 ) ;
#1453 = VECTOR ( 'NONE', #4914, 1000.000000000000000 ) ;
#1454 = FILL_AREA_STYLE ('',( #4099 ) ) ;
#1455 = DIRECTION ( 'NONE',  ( 1.239088197126290500E-015, -1.000000000000000000, -0.0000000000000000000 ) ) ;
#1456 = PLANE ( 'NONE',  #4060 ) ;
#1457 = CARTESIAN_POINT ( 'NONE',  ( -1.090000000000000100, 2.549999999999999800, 0.4499999999999999000 ) ) ;
#1458 = PLANE ( 'NONE',  #1758 ) ;
#1459 = AXIS2_PLACEMENT_3D ( 'NONE', #9791, #4504, #10689 ) ;
#1460 = DIRECTION ( 'NONE',  ( 0.1940285000290634100, 0.1455213750217966800, -0.9701425001453328800 ) ) ;
#1461 = DIRECTION ( 'NONE',  ( 2.990902544787598600E-016, -0.0000000000000000000, 1.000000000000000000 ) ) ;
#1462 = DIRECTION ( 'NONE',  ( 3.051828337366604500E-016, 0.0000000000000000000, 1.000000000000000000 ) ) ;
#1463 = STYLED_ITEM ( 'NONE', ( #9577 ), #7303 ) ;
#1464 = DIRECTION ( 'NONE',  ( 0.0000000000000000000, -1.000000000000000000, -0.0000000000000000000 ) ) ;
#1465 =( NAMED_UNIT ( * ) SI_UNIT ( $, .STERADIAN. ) SOLID_ANGLE_UNIT ( ) );
#1466 = ADVANCED_FACE ( 'NONE', ( #6692 ), #4614, .T. ) ;
#1467 = ORIENTED_EDGE ( 'NONE', *, *, #3001, .T. ) ;
#1468 = LINE ( 'NONE', #10558, #10877 ) ;
#1469 = EDGE_CURVE ( 'NONE', #11001, #4609, #4334, .T. ) ;
#1470 = EDGE_CURVE ( 'NONE', #8198, #4007, #9291, .T. ) ;
#1471 =( NAMED_UNIT ( * ) SI_UNIT ( $, .STERADIAN. ) SOLID_ANGLE_UNIT ( ) );
#1472 = DIRECTION ( 'NONE',  ( 0.0000000000000000000, 0.0000000000000000000, 1.000000000000000000 ) ) ;
#1473 = VERTEX_POINT ( 'NONE', #8230 ) ;
#1474 = ADVANCED_FACE ( 'NONE', ( #4059 ), #7232, .T. ) ;
#1475 = ORIENTED_EDGE ( 'NONE', *, *, #4527, .T. ) ;
#1476 = FACE_OUTER_BOUND ( 'NONE', #3932, .T. ) ;
#1477 = DIRECTION ( 'NONE',  ( -1.000000000000000000, 0.0000000000000000000, 0.0000000000000000000 ) ) ;
#1478 = ORIENTED_EDGE ( 'NONE', *, *, #265, .T. ) ;
#1479 = DIRECTION ( 'NONE',  ( -1.000000000000000000, -0.0000000000000000000, -0.0000000000000000000 ) ) ;
#1480 = EDGE_CURVE ( 'NONE', #786, #3080, #1981, .T. ) ;
#1481 =( NAMED_UNIT ( * ) SI_UNIT ( $, .STERADIAN. ) SOLID_ANGLE_UNIT ( ) );
#1482 = DIRECTION ( 'NONE',  ( -1.000000000000000000, -0.0000000000000000000, -0.0000000000000000000 ) ) ;
#1483 = EDGE_CURVE ( 'NONE', #510, #7434, #1702, .T. ) ;
#1484 = ORIENTED_EDGE ( 'NONE', *, *, #5353, .F. ) ;
#1485 = CARTESIAN_POINT ( 'NONE',  ( 1.409999999999999700, -0.3750000000000005600, 3.999999999999993300 ) ) ;
#1486 = LINE ( 'NONE', #8672, #7983 ) ;
#1487 = EDGE_CURVE ( 'NONE', #10658, #10313, #11086, .T. ) ;
#1488 = CARTESIAN_POINT ( 'NONE',  ( 4.000000000000001800, 1.700000000000000200, 3.699999999999996600 ) ) ;
#1489 = EDGE_LOOP ( 'NONE', ( #2948, #628, #9420, #9104 ) ) ;
#1490 = DIRECTION ( 'NONE',  ( 3.051828337366604500E-016, -0.0000000000000000000, 1.000000000000000000 ) ) ;
#1491 = ORIENTED_EDGE ( 'NONE', *, *, #9779, .F. ) ;
#1492 = DIRECTION ( 'NONE',  ( -1.000000000000000000, -0.0000000000000000000, -0.0000000000000000000 ) ) ;
#1493 = EDGE_LOOP ( 'NONE', ( #6349, #8853, #3343, #4808 ) ) ;
#1494 = LINE ( 'NONE', #3612, #3602 ) ;
#1495 = CARTESIAN_POINT ( 'NONE',  ( 2.025000000000001700, -0.9999999999999972200, 4.699999999999995700 ) ) ;
#1496 =( NAMED_UNIT ( * ) PLANE_ANGLE_UNIT ( ) SI_UNIT ( $, .RADIAN. ) );
#1497 = STYLED_ITEM ( 'NONE', ( #2387 ), #297 ) ;
#1498 = CARTESIAN_POINT ( 'NONE',  ( -4.474000000000001100, 1.100000000000000100, 0.3039999999999999400 ) ) ;
#1499 = VECTOR ( 'NONE', #7668, 1000.000000000000000 ) ;
#1500 = DIRECTION ( 'NONE',  ( 1.000000000000000000, 2.710505431213761100E-017, 0.0000000000000000000 ) ) ;
#1501 = DIRECTION ( 'NONE',  ( -1.533293416683370200E-016, 0.7071067811865494600, 0.7071067811865456900 ) ) ;
#1502 = FACE_OUTER_BOUND ( 'NONE', #3904, .T. ) ;
#1503 = ORIENTED_EDGE ( 'NONE', *, *, #10736, .F. ) ;
#1504 = CARTESIAN_POINT ( 'NONE',  ( -5.500000000000001800, 1.700000000000000000, 2.200000000000000200 ) ) ;
#1505 = VECTOR ( 'NONE', #2300, 1000.000000000000000 ) ;
#1506 = CARTESIAN_POINT ( 'NONE',  ( -2.339999999999999900, -0.1500000000000003300, 0.2999999999999965500 ) ) ;
#1507 = CARTESIAN_POINT ( 'NONE',  ( -2.559999999999999600, -0.3750000000000005600, 3.999999999999993300 ) ) ;
#1508 = MECHANICAL_DESIGN_GEOMETRIC_PRESENTATION_REPRESENTATION (  '', ( #11200 ), #2115 ) ;
#1509 = EDGE_CURVE ( 'NONE', #8616, #727, #10817, .T. ) ;
#1510 = LINE ( 'NONE', #10251, #1224 ) ;
#1511 = UNCERTAINTY_MEASURE_WITH_UNIT (LENGTH_MEASURE( 1.000000000000000100E-005 ), #10048, 'distance_accuracy_value', 'NONE');
#1512 = LINE ( 'NONE', #8205, #3875 ) ;
#1513 = LINE ( 'NONE', #5110, #2776 ) ;
#1514 = VERTEX_POINT ( 'NONE', #6169 ) ;
#1515 = CARTESIAN_POINT ( 'NONE',  ( -1.090000000000000100, -0.1500000000000003000, 0.1799999999999965800 ) ) ;
#1516 = PRESENTATION_STYLE_ASSIGNMENT (( #5821 ) ) ;
#1517 = AXIS2_PLACEMENT_3D ( 'NONE', #7651, #561, #9426 ) ;
#1518 = SURFACE_SIDE_STYLE ('',( #10633 ) ) ;
#1519 = VERTEX_POINT ( 'NONE', #6014 ) ;
#1520 = DIRECTION ( 'NONE',  ( 0.0000000000000000000, 0.0000000000000000000, -1.000000000000000000 ) ) ;
#1521 = DIRECTION ( 'NONE',  ( 6.776263578034385900E-016, 1.000000000000000000, -0.0000000000000000000 ) ) ;
#1522 = LINE ( 'NONE', #7243, #8287 ) ;
#1523 = PLANE ( 'NONE',  #10628 ) ;
#1524 = DIRECTION ( 'NONE',  ( 0.1904761904761875000, 0.2380952380952350300, 0.9523809523809537700 ) ) ;
#1525 = VERTEX_POINT ( 'NONE', #5216 ) ;
#1526 = AXIS2_PLACEMENT_3D ( 'NONE', #9884, #4589, #10760 ) ;
#1527 = ORIENTED_EDGE ( 'NONE', *, *, #1253, .T. ) ;
#1529 = ADVANCED_FACE ( 'NONE', ( #3518 ), #8789, .T. ) ;
#1528 = VERTEX_POINT ( 'NONE', #6954 ) ;
#1530 = SURFACE_SIDE_STYLE ('',( #1068 ) ) ;
#1531 = DIRECTION ( 'NONE',  ( -1.000000000000000000, -0.0000000000000000000, -0.0000000000000000000 ) ) ;
#1532 = CARTESIAN_POINT ( 'NONE',  ( -3.399999999999999500, 0.09999999999999982500, 1.749999999999996400 ) ) ;
#1533 = VECTOR ( 'NONE', #9625, 1000.000000000000000 ) ;
#1534 =( LENGTH_UNIT ( ) NAMED_UNIT ( * ) SI_UNIT ( .MILLI., .METRE. ) );
#1535 = LINE ( 'NONE', #3429, #3638 ) ;
#1536 = CARTESIAN_POINT ( 'NONE',  ( 4.474000000000001100, 1.100000000000000100, 0.3039999999999999400 ) ) ;
#1537 = CARTESIAN_POINT ( 'NONE',  ( 1.089999999999999900, 0.4249999999999998200, 0.6499999999999978000 ) ) ;
#1538 = VECTOR ( 'NONE', #4724, 1000.000000000000000 ) ;
#1539 =( NAMED_UNIT ( * ) PLANE_ANGLE_UNIT ( ) SI_UNIT ( $, .RADIAN. ) );
#1540 = SURFACE_STYLE_FILL_AREA ( #7603 ) ;
#1541 = PRESENTATION_STYLE_ASSIGNMENT (( #10808 ) ) ;
#1542 = AXIS2_PLACEMENT_3D ( 'NONE', #4120, #10304, #5004 ) ;
#1543 = FACE_OUTER_BOUND ( 'NONE', #10418, .T. ) ;
#1544 = SURFACE_STYLE_USAGE ( .BOTH. , #6845 ) ;
#1545 = ORIENTED_EDGE ( 'NONE', *, *, #4029, .F. ) ;
#1546 = EDGE_LOOP ( 'NONE', ( #5967, #7851, #7955, #4455, #1793, #6890, #4304, #1574, #8142, #7776, #4534, #2779 ) ) ;
#1547 = LINE ( 'NONE', #505, #3646 ) ;
#1548 = FILL_AREA_STYLE ('',( #559 ) ) ;
#1549 = ADVANCED_FACE ( 'NONE', ( #6150 ), #5290, .T. ) ;
#1550 = CARTESIAN_POINT ( 'NONE',  ( 1.410000000000000600, -0.3750000000000003300, 0.04999999999999753300 ) ) ;
#1551 = EDGE_CURVE ( 'NONE', #8648, #10890, #1128, .T. ) ;
#1552 = COLOUR_RGB ( '',0.8000000000000000400, 0.8078431372549019800, 0.8000000000000000400 ) ;
#1553 = FACE_OUTER_BOUND ( 'NONE', #10239, .T. ) ;
#1554 = DIRECTION ( 'NONE',  ( 0.0000000000000000000, -0.0000000000000000000, 1.000000000000000000 ) ) ;
#1555 = PLANE ( 'NONE',  #4711 ) ;
#1556 = FACE_OUTER_BOUND ( 'NONE', #3203, .T. ) ;
#1557 = MECHANICAL_DESIGN_GEOMETRIC_PRESENTATION_REPRESENTATION (  '', ( #9471 ), #2155 ) ;
#1558 = EDGE_CURVE ( 'NONE', #6119, #5020, #8178, .T. ) ;
#1559 = FILL_AREA_STYLE ('',( #646 ) ) ;
#1560 = ORIENTED_EDGE ( 'NONE', *, *, #10385, .T. ) ;
#1561 = ORIENTED_EDGE ( 'NONE', *, *, #4740, .T. ) ;
#1562 = LINE ( 'NONE', #2607, #1271 ) ;
#1563 = DIRECTION ( 'NONE',  ( -0.0000000000000000000, 1.000000000000000000, 0.0000000000000000000 ) ) ;
#1564 =( NAMED_UNIT ( * ) PLANE_ANGLE_UNIT ( ) SI_UNIT ( $, .RADIAN. ) );
#1565 = VECTOR ( 'NONE', #9976, 1000.000000000000100 ) ;
#1566 = DIRECTION ( 'NONE',  ( 0.0000000000000000000, 0.0000000000000000000, 1.000000000000000000 ) ) ;
#1567 = PRESENTATION_STYLE_ASSIGNMENT (( #1227 ) ) ;
#1568 = DIRECTION ( 'NONE',  ( -1.000000000000000000, -0.0000000000000000000, -0.0000000000000000000 ) ) ;
#1569 = LINE ( 'NONE', #7829, #1862 ) ;
#1570 = DIRECTION ( 'NONE',  ( -1.000000000000000000, -0.0000000000000000000, -0.0000000000000000000 ) ) ;
#1571 = EDGE_CURVE ( 'NONE', #938, #10581, #1411, .T. ) ;
#1572 = ORIENTED_EDGE ( 'NONE', *, *, #9468, .T. ) ;
#1573 = ORIENTED_EDGE ( 'NONE', *, *, #10606, .F. ) ;
#1574 = ORIENTED_EDGE ( 'NONE', *, *, #6479, .T. ) ;
#1575 = EDGE_CURVE ( 'NONE', #8134, #11112, #5568, .T. ) ;
#1576 = SURFACE_STYLE_FILL_AREA ( #2301 ) ;
#1577 = EDGE_CURVE ( 'NONE', #4405, #10850, #854, .T. ) ;
#1578 = VECTOR ( 'NONE', #4250, 1000.000000000000000 ) ;
#1579 = CARTESIAN_POINT ( 'NONE',  ( 2.075000000000000200, -1.100000000000000100, 0.6499999999999978000 ) ) ;
#1580 = EDGE_LOOP ( 'NONE', ( #6637, #11334, #2876, #7014 ) ) ;
#1581 = DIRECTION ( 'NONE',  ( -1.000000000000000000, -0.0000000000000000000, 3.049318610115480700E-016 ) ) ;
#1582 = PLANE ( 'NONE',  #5226 ) ;
#1583 = SURFACE_SIDE_STYLE ('',( #3174 ) ) ;
#1584 =( LENGTH_UNIT ( ) NAMED_UNIT ( * ) SI_UNIT ( .MILLI., .METRE. ) );
#1585 =( NAMED_UNIT ( * ) PLANE_ANGLE_UNIT ( ) SI_UNIT ( $, .RADIAN. ) );
#1586 = DIRECTION ( 'NONE',  ( 0.0000000000000000000, -1.000000000000000000, 0.0000000000000000000 ) ) ;
#1587 = VERTEX_POINT ( 'NONE', #10327 ) ;
#1588 = CARTESIAN_POINT ( 'NONE',  ( -0.0000000000000000000, 0.4249999999999998200, 0.6499999999999986900 ) ) ;
#1589 = ORIENTED_EDGE ( 'NONE', *, *, #6530, .T. ) ;
#1590 = FACE_OUTER_BOUND ( 'NONE', #10949, .T. ) ;
#1591 = CARTESIAN_POINT ( 'NONE',  ( 1.409999999999999700, 3.100000000000000100, 0.09999999999999947800 ) ) ;
#1592 = CARTESIAN_POINT ( 'NONE',  ( -0.8250000000000004000, 2.600000000000000100, 0.2999999999999984300 ) ) ;
#1593 = UNCERTAINTY_MEASURE_WITH_UNIT (LENGTH_MEASURE( 1.000000000000000100E-005 ), #17, 'distance_accuracy_value', 'NONE');
#1594 = CARTESIAN_POINT ( 'NONE',  ( -4.474000000000000200, -0.8799999999999986700, 1.276000000000000000 ) ) ;
#1595 = UNCERTAINTY_MEASURE_WITH_UNIT (LENGTH_MEASURE( 1.000000000000000100E-005 ), #10328, 'distance_accuracy_value', 'NONE');
#1596 = CARTESIAN_POINT ( 'NONE',  ( 2.425000000000001200, 3.673118842698620300, 3.249999999999995100 ) ) ;
#1597 = EDGE_CURVE ( 'NONE', #9042, #2559, #567, .T. ) ;
#1598 = ORIENTED_EDGE ( 'NONE', *, *, #7695, .F. ) ;
#1599 = DIRECTION ( 'NONE',  ( -1.000000000000000000, 0.0000000000000000000, 0.0000000000000000000 ) ) ;
#1600 = LINE ( 'NONE', #5065, #6311 ) ;
#1601 = CARTESIAN_POINT ( 'NONE',  ( -2.660000000000000100, -0.1500000000000003000, 0.1799999999999965800 ) ) ;
#1602 = ADVANCED_FACE ( 'NONE', ( #2960 ), #1555, .T. ) ;
#1603 = VECTOR ( 'NONE', #5666, 1000.000000000000000 ) ;
#1604 = AXIS2_PLACEMENT_3D ( 'NONE', #2446, #2243, #2477 ) ;
#1605 = CARTESIAN_POINT ( 'NONE',  ( 1.409999999999999700, -0.6250000000000003300, 0.2999999999999964900 ) ) ;
#1606 = DIRECTION ( 'NONE',  ( 0.0000000000000000000, 1.000000000000000000, 1.223202451009284600E-015 ) ) ;
#1607 = ORIENTED_EDGE ( 'NONE', *, *, #7761, .T. ) ;
#1608 = DIRECTION ( 'NONE',  ( 0.0000000000000000000, 2.032879073410321300E-016, -1.000000000000000000 ) ) ;
#1609 =( LENGTH_UNIT ( ) NAMED_UNIT ( * ) SI_UNIT ( .MILLI., .METRE. ) );
#1610 = AXIS2_PLACEMENT_3D ( 'NONE', #10370, #6857, #1566 ) ;
#1611 = CARTESIAN_POINT ( 'NONE',  ( 2.339999999999999900, 3.000000000000000000, 0.4499999999999998400 ) ) ;
#1612 = SURFACE_STYLE_FILL_AREA ( #357 ) ;
#1613 =( GEOMETRIC_REPRESENTATION_CONTEXT ( 3 ) GLOBAL_UNCERTAINTY_ASSIGNED_CONTEXT ( ( #3023 ) ) GLOBAL_UNIT_ASSIGNED_CONTEXT ( ( #3599, #2741, #2665 ) ) REPRESENTATION_CONTEXT ( 'NONE', 'WORKASPACE' ) );
#1614 = ADVANCED_FACE ( 'NONE', ( #7355 ), #4238, .T. ) ;
#1615 = FILL_AREA_STYLE ('',( #9518 ) ) ;
#1616 = AXIS2_PLACEMENT_3D ( 'NONE', #6138, #2609, #8767 ) ;
#1617 = CARTESIAN_POINT ( 'NONE',  ( -5.020000000000001400, 1.200000000000000000, 1.529999999999999800 ) ) ;
#1618 = CARTESIAN_POINT ( 'NONE',  ( 2.660000000000000100, 3.100000000000000100, 0.3499999999999989800 ) ) ;
#1619 = STYLED_ITEM ( 'NONE', ( #10492 ), #6093 ) ;
#1620 = UNCERTAINTY_MEASURE_WITH_UNIT (LENGTH_MEASURE( 1.000000000000000100E-005 ), #6749, 'distance_accuracy_value', 'NONE');
#1621 = CARTESIAN_POINT ( 'NONE',  ( 2.660000000000000100, 3.100000000000000100, 0.09999999999999947800 ) ) ;
#1622 = LINE ( 'NONE', #1874, #10734 ) ;
#1623 = AXIS2_PLACEMENT_3D ( 'NONE', #2183, #307, #257 ) ;
#1624 = CARTESIAN_POINT ( 'NONE',  ( 1.409999999999999700, -0.1500000000000003000, 0.1799999999999965800 ) ) ;
#1625 = EDGE_CURVE ( 'NONE', #8136, #10182, #2679, .T. ) ;
#1626 = STYLED_ITEM ( 'NONE', ( #9240 ), #4235 ) ;
#1627 = CARTESIAN_POINT ( 'NONE',  ( 1.674999999999999400, 2.600000000000000100, 0.6499999999999980200 ) ) ;
#1628 = PLANE ( 'NONE',  #1760 ) ;
#1629 = CARTESIAN_POINT ( 'NONE',  ( -2.660000000000000100, -0.3750000000000001100, 1.749999999999996400 ) ) ;
#1630 = CARTESIAN_POINT ( 'NONE',  ( -2.424999999999999400, -1.100000000000000100, 3.249999999999996000 ) ) ;
#1631 = CARTESIAN_POINT ( 'NONE',  ( -2.424999999999999400, 2.123118842698621800, 3.249999999999996000 ) ) ;
#1632 = CARTESIAN_POINT ( 'NONE',  ( 0.1599999999999999800, -0.3750000000000005000, 3.499999999999986700 ) ) ;
#1633 = DIRECTION ( 'NONE',  ( -1.000000000000000000, 0.0000000000000000000, 0.0000000000000000000 ) ) ;
#1634 = EDGE_LOOP ( 'NONE', ( #9473, #2005, #9460, #3163 ) ) ;
#1635 = VERTEX_POINT ( 'NONE', #6850 ) ;
#1636 = LINE ( 'NONE', #2631, #3993 ) ;
#1637 = EDGE_CURVE ( 'NONE', #4750, #5008, #9430, .T. ) ;
#1638 = ORIENTED_EDGE ( 'NONE', *, *, #11257, .F. ) ;
#1639 = DIRECTION ( 'NONE',  ( 3.051828337366604500E-016, -0.0000000000000000000, 1.000000000000000000 ) ) ;
#1640 = EDGE_CURVE ( 'NONE', #10397, #7991, #278, .T. ) ;
#1641 = ORIENTED_EDGE ( 'NONE', *, *, #11406, .F. ) ;
#1642 = FILL_AREA_STYLE_COLOUR ( '', #2122 ) ;
#1643 = SURFACE_STYLE_USAGE ( .BOTH. , #1112 ) ;
#1644 = DIRECTION ( 'NONE',  ( -1.000000000000000000, -0.0000000000000000000, -0.0000000000000000000 ) ) ;
#1645 = LINE ( 'NONE', #5433, #1345 ) ;
#1646 = CARTESIAN_POINT ( 'NONE',  ( 2.660000000000000100, 0.2499999999999996700, 0.1799999999999966600 ) ) ;
#1647 = ORIENTED_EDGE ( 'NONE', *, *, #3717, .F. ) ;
#1648 = FACE_OUTER_BOUND ( 'NONE', #9340, .T. ) ;
#1649 = ORIENTED_EDGE ( 'NONE', *, *, #288, .T. ) ;
#1650 = EDGE_CURVE ( 'NONE', #8905, #9182, #4743, .T. ) ;
#1651 = ADVANCED_FACE ( 'NONE', ( #2393 ), #4870, .F. ) ;
#1652 = UNCERTAINTY_MEASURE_WITH_UNIT (LENGTH_MEASURE( 1.000000000000000100E-005 ), #5506, 'distance_accuracy_value', 'NONE');
#1653 = DIRECTION ( 'NONE',  ( 0.0000000000000000000, 0.0000000000000000000, 1.000000000000000000 ) ) ;
#1654 = FILL_AREA_STYLE_COLOUR ( '', #8211 ) ;
#1655 = FILL_AREA_STYLE_COLOUR ( '', #925 ) ;
#1656 = EDGE_CURVE ( 'NONE', #3736, #6298, #6000, .T. ) ;
#1657 = LINE ( 'NONE', #3943, #4010 ) ;
#1658 = LINE ( 'NONE', #1703, #6105 ) ;
#1659 = ORIENTED_EDGE ( 'NONE', *, *, #3547, .F. ) ;
#1660 = LINE ( 'NONE', #7700, #6107 ) ;
#1661 = DIRECTION ( 'NONE',  ( 0.0000000000000000000, -1.000000000000000000, -0.0000000000000000000 ) ) ;
#1662 = ORIENTED_EDGE ( 'NONE', *, *, #9313, .F. ) ;
#1663 = AXIS2_PLACEMENT_3D ( 'NONE', #732, #6917, #1633 ) ;
#1664 = ADVANCED_FACE ( 'NONE', ( #8317 ), #1523, .F. ) ;
#1665 = STYLED_ITEM ( 'NONE', ( #7754 ), #539 ) ;
#1666 = PRESENTATION_STYLE_ASSIGNMENT (( #4620 ) ) ;
#1667 = COLOUR_RGB ( '',0.8000000000000000400, 0.8078431372549019800, 0.8000000000000000400 ) ;
#1668 = CARTESIAN_POINT ( 'NONE',  ( 5.020000000000001400, 1.200000000000000000, 1.275999999999999800 ) ) ;
#1669 = SURFACE_STYLE_FILL_AREA ( #10064 ) ;
#1670 = ORIENTED_EDGE ( 'NONE', *, *, #1268, .T. ) ;
#1671 = DIRECTION ( 'NONE',  ( 1.000000000000000000, 0.0000000000000000000, 0.0000000000000000000 ) ) ;
#1672 = VECTOR ( 'NONE', #5704, 1000.000000000000000 ) ;
#1673 = ORIENTED_EDGE ( 'NONE', *, *, #1650, .F. ) ;
#1674 = VERTEX_POINT ( 'NONE', #5948 ) ;
#1675 = LINE ( 'NONE', #7845, #9959 ) ;
#1676 = AXIS2_PLACEMENT_3D ( 'NONE', #4221, #5100, #11263 ) ;
#1677 = VECTOR ( 'NONE', #6315, 1000.000000000000000 ) ;
#1678 = FACE_OUTER_BOUND ( 'NONE', #4127, .T. ) ;
#1679 = SURFACE_SIDE_STYLE ('',( #403 ) ) ;
#1680 = CARTESIAN_POINT ( 'NONE',  ( 0.1599999999999999800, -0.3750000000000005000, 3.499999999999986700 ) ) ;
#1681 = LINE ( 'NONE', #10043, #4872 ) ;
#1682 = MECHANICAL_DESIGN_GEOMETRIC_PRESENTATION_REPRESENTATION (  '', ( #11371 ), #2277 ) ;
#1683 = AXIS2_PLACEMENT_3D ( 'NONE', #4234, #10395, #5107 ) ;
#1684 = ORIENTED_EDGE ( 'NONE', *, *, #10385, .F. ) ;
#1685 = VECTOR ( 'NONE', #1795, 999.9999999999998900 ) ;
#1686 = ORIENTED_EDGE ( 'NONE', *, *, #10453, .F. ) ;
#1687 = ORIENTED_EDGE ( 'NONE', *, *, #4138, .F. ) ;
#1688 = CARTESIAN_POINT ( 'NONE',  ( 1.409999999999999700, -0.6250000000000003300, 0.6499999999999964700 ) ) ;
#1689 = VECTOR ( 'NONE', #7697, 1000.000000000000000 ) ;
#1690 = VECTOR ( 'NONE', #2316, 1000.000000000000000 ) ;
#1691 = COLOUR_RGB ( '',0.8000000000000000400, 0.8078431372549019800, 0.8000000000000000400 ) ;
#1692 = CARTESIAN_POINT ( 'NONE',  ( 1.409999999999999700, 2.200000000000004200, 0.2999999999999989900 ) ) ;
#1693 = LINE ( 'NONE', #2639, #8728 ) ;
#1694 = CARTESIAN_POINT ( 'NONE',  ( -0.1599999999999999800, -0.3750000000000001100, 0.04999999999999753300 ) ) ;
#1695 = CARTESIAN_POINT ( 'NONE',  ( -4.524000000000000900, 1.100000000000000100, -2.710505431213761100E-017 ) ) ;
#1696 = VECTOR ( 'NONE', #8445, 1000.000000000000000 ) ;
#1697 = ORIENTED_EDGE ( 'NONE', *, *, #3811, .F. ) ;
#1698 = VERTEX_POINT ( 'NONE', #624 ) ;
#1699 = FILL_AREA_STYLE_COLOUR ( '', #9218 ) ;
#1700 = LINE ( 'NONE', #5531, #10814 ) ;
#1701 = AXIS2_PLACEMENT_3D ( 'NONE', #10450, #5171, #11325 ) ;
#1702 = LINE ( 'NONE', #10061, #8459 ) ;
#1703 = CARTESIAN_POINT ( 'NONE',  ( -1.090000000000000100, 0.0000000000000000000, 3.499999999999985800 ) ) ;
#1704 = ORIENTED_EDGE ( 'NONE', *, *, #9488, .F. ) ;
#1705 = EDGE_LOOP ( 'NONE', ( #495, #9137, #10846, #9785 ) ) ;
#1706 = ORIENTED_EDGE ( 'NONE', *, *, #960, .T. ) ;
#1707 = DIRECTION ( 'NONE',  ( 1.000000000000000000, 0.0000000000000000000, -0.0000000000000000000 ) ) ;
#1708 = VECTOR ( 'NONE', #11209, 1000.000000000000000 ) ;
#1709 = EDGE_CURVE ( 'NONE', #5117, #1295, #1266, .T. ) ;
#1710 = PLANE ( 'NONE',  #1616 ) ;
#1711 = LINE ( 'NONE', #806, #8465 ) ;
#1712 = VECTOR ( 'NONE', #8696, 1000.000000000000000 ) ;
#1713 = DIRECTION ( 'NONE',  ( -0.0000000000000000000, 0.0000000000000000000, 1.000000000000000000 ) ) ;
#1714 = LINE ( 'NONE', #27, #6422 ) ;
#1715 = ADVANCED_FACE ( 'NONE', ( #1556 ), #4828, .T. ) ;
#1716 = EDGE_LOOP ( 'NONE', ( #6391, #1926, #1425, #10152 ) ) ;
#1717 = ORIENTED_EDGE ( 'NONE', *, *, #2095, .T. ) ;
#1718 = VERTEX_POINT ( 'NONE', #2161 ) ;
#1719 = EDGE_LOOP ( 'NONE', ( #220, #2415, #4617, #9790 ) ) ;
#1720 = DIRECTION ( 'NONE',  ( 0.0000000000000000000, 1.000000000000000000, 1.141265444721583800E-016 ) ) ;
#1721 = LINE ( 'NONE', #2061, #6171 ) ;
#1722 = CARTESIAN_POINT ( 'NONE',  ( 5.020000000000001400, 1.100000000000000100, 1.276000000000000000 ) ) ;
#1723 =( NAMED_UNIT ( * ) PLANE_ANGLE_UNIT ( ) SI_UNIT ( $, .RADIAN. ) );
#1724 = PRESENTATION_STYLE_ASSIGNMENT (( #4350 ) ) ;
#1725 = CARTESIAN_POINT ( 'NONE',  ( 2.339999999999999900, -0.6250000000000003300, 0.2999999999999964900 ) ) ;
#1726 = DIRECTION ( 'NONE',  ( 1.000000000000000000, 2.710505431213761100E-017, 0.0000000000000000000 ) ) ;
#1727 = EDGE_CURVE ( 'NONE', #9105, #5162, #9566, .T. ) ;
#1728 = EDGE_CURVE ( 'NONE', #5941, #144, #7204, .T. ) ;
#1729 = EDGE_CURVE ( 'NONE', #3673, #396, #123, .T. ) ;
#1730 = ORIENTED_EDGE ( 'NONE', *, *, #4104, .F. ) ;
#1731 = VERTEX_POINT ( 'NONE', #11344 ) ;
#1732 = VECTOR ( 'NONE', #4932, 1000.000000000000000 ) ;
#1733 = CARTESIAN_POINT ( 'NONE',  ( 1.409999999999999700, 2.200000000000004200, 0.2999999999999989900 ) ) ;
#1734 = CARTESIAN_POINT ( 'NONE',  ( -2.660000000000000100, 0.4249999999999998200, 0.04999999999999753300 ) ) ;
#1735 = UNCERTAINTY_MEASURE_WITH_UNIT (LENGTH_MEASURE( 1.000000000000000100E-005 ), #9642, 'distance_accuracy_value', 'NONE');
#1736 = CARTESIAN_POINT ( 'NONE',  ( 5.700000000000001100, -0.8999999999999991300, 0.2539999999999999500 ) ) ;
#1737 = EDGE_CURVE ( 'NONE', #4168, #7150, #2248, .T. ) ;
#1738 = CARTESIAN_POINT ( 'NONE',  ( -2.339999999999999900, 0.4249999999999998200, 0.6499999999999964700 ) ) ;
#1739 = ORIENTED_EDGE ( 'NONE', *, *, #1105, .T. ) ;
#1740 = DIRECTION ( 'NONE',  ( 0.0000000000000000000, -0.0000000000000000000, 1.000000000000000000 ) ) ;
#1741 = ORIENTED_EDGE ( 'NONE', *, *, #940, .F. ) ;
#1742 = VECTOR ( 'NONE', #2821, 1000.000000000000000 ) ;
#1743 = DIRECTION ( 'NONE',  ( 0.0000000000000000000, -1.000000000000000000, 0.0000000000000000000 ) ) ;
#1744 = PRESENTATION_LAYER_ASSIGNMENT (  '', '', ( #4563 ) ) ;
#1745 = CARTESIAN_POINT ( 'NONE',  ( -4.220000000000000600, 1.100000000000000100, 1.226000000000000000 ) ) ;
#1746 = DIRECTION ( 'NONE',  ( -1.000000000000000000, 0.0000000000000000000, 0.0000000000000000000 ) ) ;
#1747 = EDGE_CURVE ( 'NONE', #6101, #8554, #4588, .T. ) ;
#1748 = CARTESIAN_POINT ( 'NONE',  ( -2.339999999999999900, -0.6250000000000003300, 0.2999999999999964900 ) ) ;
#1749 = DIRECTION ( 'NONE',  ( 0.7071067811865452400, 0.7071067811865497900, -1.629776165692356900E-017 ) ) ;
#1750 = DIRECTION ( 'NONE',  ( 0.0000000000000000000, 0.0000000000000000000, -1.000000000000000000 ) ) ;
#1751 = SURFACE_SIDE_STYLE ('',( #3881 ) ) ;
#1752 = AXIS2_PLACEMENT_3D ( 'NONE', #9153, #6565, #1228 ) ;
#1753 = LINE ( 'NONE', #7251, #6466 ) ;
#1754 = FILL_AREA_STYLE ('',( #636 ) ) ;
#1755 = DIRECTION ( 'NONE',  ( 0.0000000000000000000, -0.0000000000000000000, -1.000000000000000000 ) ) ;
#1756 = DIRECTION ( 'NONE',  ( 0.0000000000000000000, 0.7071067811865496800, 0.7071067811865453500 ) ) ;
#1757 =( NAMED_UNIT ( * ) SI_UNIT ( $, .STERADIAN. ) SOLID_ANGLE_UNIT ( ) );
#1758 = AXIS2_PLACEMENT_3D ( 'NONE', #11141, #11179, #5924 ) ;
#1759 = PLANE ( 'NONE',  #9684 ) ;
#1760 = AXIS2_PLACEMENT_3D ( 'NONE', #10437, #7806, #2535 ) ;
#1761 = VERTEX_POINT ( 'NONE', #1591 ) ;
#1762 = EDGE_LOOP ( 'NONE', ( #3076, #6175, #10608, #8004 ) ) ;
#1763 = VECTOR ( 'NONE', #11397, 1000.000000000000000 ) ;
#1764 =( NAMED_UNIT ( * ) PLANE_ANGLE_UNIT ( ) SI_UNIT ( $, .RADIAN. ) );
#1765 = DIRECTION ( 'NONE',  ( 1.000000000000000000, 0.0000000000000000000, 0.0000000000000000000 ) ) ;
#1766 = FILL_AREA_STYLE_COLOUR ( '', #11346 ) ;
#1767 = STYLED_ITEM ( 'NONE', ( #746 ), #6617 ) ;
#1768 = ADVANCED_FACE ( 'NONE', ( #8988 ), #2287, .T. ) ;
#1769 = DIRECTION ( 'NONE',  ( -0.0000000000000000000, -0.0000000000000000000, 1.000000000000000000 ) ) ;
#1770 =( LENGTH_UNIT ( ) NAMED_UNIT ( * ) SI_UNIT ( .MILLI., .METRE. ) );
#1771 = ORIENTED_EDGE ( 'NONE', *, *, #8115, .T. ) ;
#1772 = VECTOR ( 'NONE', #3737, 1000.000000000000000 ) ;
#1773 = DIRECTION ( 'NONE',  ( 0.0000000000000000000, -0.7071067811865440200, 0.7071067811865511300 ) ) ;
#1774 = EDGE_CURVE ( 'NONE', #4245, #4199, #9277, .T. ) ;
#1775 = VERTEX_POINT ( 'NONE', #1310 ) ;
#1776 = AXIS2_PLACEMENT_3D ( 'NONE', #7119, #1847, #7994 ) ;
#1777 = EDGE_CURVE ( 'NONE', #5480, #2482, #1972, .T. ) ;
#1778 = DIRECTION ( 'NONE',  ( -1.000000000000000000, -0.0000000000000000000, 0.0000000000000000000 ) ) ;
#1779 = EDGE_LOOP ( 'NONE', ( #145, #2324, #4326, #10207 ) ) ;
#1780 = CARTESIAN_POINT ( 'NONE',  ( -0.1599999999999999800, 0.4249999999999998200, 0.04999999999999753300 ) ) ;
#1781 = DIRECTION ( 'NONE',  ( -1.000000000000000000, 0.0000000000000000000, 0.0000000000000000000 ) ) ;
#1782 = ORIENTED_EDGE ( 'NONE', *, *, #568, .T. ) ;
#1783 = ORIENTED_EDGE ( 'NONE', *, *, #1792, .F. ) ;
#1784 = ORIENTED_EDGE ( 'NONE', *, *, #4973, .T. ) ;
#1785 = CARTESIAN_POINT ( 'NONE',  ( 2.660000000000000100, 2.500000000000000000, -1.084202172485504400E-016 ) ) ;
#1786 = DIRECTION ( 'NONE',  ( 1.000000000000000000, 0.0000000000000000000, -2.304851557154559200E-017 ) ) ;
#1787 = ORIENTED_EDGE ( 'NONE', *, *, #5565, .T. ) ;
#1788 =( NAMED_UNIT ( * ) PLANE_ANGLE_UNIT ( ) SI_UNIT ( $, .RADIAN. ) );
#1789 = VERTEX_POINT ( 'NONE', #3178 ) ;
#1790 = EDGE_CURVE ( 'NONE', #10012, #4851, #8726, .T. ) ;
#1791 = LINE ( 'NONE', #4967, #8546 ) ;
#1792 = EDGE_CURVE ( 'NONE', #8531, #8278, #11078, .T. ) ;
#1793 = ORIENTED_EDGE ( 'NONE', *, *, #508, .F. ) ;
#1794 = LINE ( 'NONE', #7331, #10913 ) ;
#1795 = DIRECTION ( 'NONE',  ( 0.5773502691896257300, 0.5773502691896257300, 0.5773502691896257300 ) ) ;
#1796 = EDGE_CURVE ( 'NONE', #2414, #383, #4322, .T. ) ;
#1797 = VERTEX_POINT ( 'NONE', #7295 ) ;
#1798 = VECTOR ( 'NONE', #10819, 1000.000000000000000 ) ;
#1799 = CARTESIAN_POINT ( 'NONE',  ( 1.409999999999999700, 3.000000000000000000, 0.4499999999999998400 ) ) ;
#1800 = ORIENTED_EDGE ( 'NONE', *, *, #980, .F. ) ;
#1801 = DIRECTION ( 'NONE',  ( 0.0000000000000000000, -0.7071067811865440200, 0.7071067811865511300 ) ) ;
#1802 = CARTESIAN_POINT ( 'NONE',  ( -1.724999999999999200, -0.9999999999999983300, 4.699999999999995700 ) ) ;
#1803 = VECTOR ( 'NONE', #178, 1000.000000000000000 ) ;
#1804 = CARTESIAN_POINT ( 'NONE',  ( 2.660000000000000100, -0.3750000000000005000, 3.499999999999986700 ) ) ;
#1805 = CARTESIAN_POINT ( 'NONE',  ( 2.924999999999999800, 2.600000000000000100, 0.6499999999999978000 ) ) ;
#1806 = VECTOR ( 'NONE', #5862, 1000.000000000000000 ) ;
#1807 = VERTEX_POINT ( 'NONE', #7645 ) ;
#1808 = LINE ( 'NONE', #10830, #4428 ) ;
#1809 = CARTESIAN_POINT ( 'NONE',  ( 5.020000000000001400, -0.8799999999999969000, 1.529999999999999800 ) ) ;
#1810 = CARTESIAN_POINT ( 'NONE',  ( -3.999999999999999100, 1.399999999999999700, 1.699999999999989700 ) ) ;
#1811 = DIRECTION ( 'NONE',  ( 0.0000000000000000000, -1.000000000000000000, 0.0000000000000000000 ) ) ;
#1812 = ORIENTED_EDGE ( 'NONE', *, *, #5714, .T. ) ;
#1813 = EDGE_CURVE ( 'NONE', #2284, #285, #1398, .T. ) ;
#1814 = CARTESIAN_POINT ( 'NONE',  ( 0.0000000000000000000, 0.0000000000000000000, 0.0000000000000000000 ) ) ;
#1815 = UNCERTAINTY_MEASURE_WITH_UNIT (LENGTH_MEASURE( 1.000000000000000100E-005 ), #912, 'distance_accuracy_value', 'NONE');
#1816 = SURFACE_STYLE_FILL_AREA ( #5464 ) ;
#1817 = PLANE ( 'NONE',  #7740 ) ;
#1818 = VERTEX_POINT ( 'NONE', #7763 ) ;
#1819 = ORIENTED_EDGE ( 'NONE', *, *, #3528, .T. ) ;
#1820 = ORIENTED_EDGE ( 'NONE', *, *, #10521, .T. ) ;
#1821 = SURFACE_STYLE_FILL_AREA ( #1025 ) ;
#1822 = PRESENTATION_LAYER_ASSIGNMENT (  '', '', ( #612 ) ) ;
#1823 =( LENGTH_UNIT ( ) NAMED_UNIT ( * ) SI_UNIT ( .MILLI., .METRE. ) );
#1824 = AXIS2_PLACEMENT_3D ( 'NONE', #2901, #6328, #28 ) ;
#1825 = CARTESIAN_POINT ( 'NONE',  ( 1.325000000000000200, -1.100000000000000100, 3.249999999999995600 ) ) ;
#1826 = LINE ( 'NONE', #8729, #1533 ) ;
#1827 = VECTOR ( 'NONE', #7773, 1000.000000000000000 ) ;
#1828 = CARTESIAN_POINT ( 'NONE',  ( -5.020000000000001400, -1.100000000000000100, 1.276000000000000000 ) ) ;
#1829 = SURFACE_STYLE_FILL_AREA ( #8431 ) ;
#1830 =( NAMED_UNIT ( * ) PLANE_ANGLE_UNIT ( ) SI_UNIT ( $, .RADIAN. ) );
#1831 = VECTOR ( 'NONE', #6705, 1000.000000000000000 ) ;
#1832 = LINE ( 'NONE', #6336, #11208 ) ;
#1833 = CARTESIAN_POINT ( 'NONE',  ( 3.699999999999995700, 1.700000000000000200, 4.699999999999996600 ) ) ;
#1834 = PLANE ( 'NONE',  #4790 ) ;
#1835 = PRESENTATION_LAYER_ASSIGNMENT (  '', '', ( #618 ) ) ;
#1836 = AXIS2_PLACEMENT_3D ( 'NONE', #1028, #888, #687 ) ;
#1837 = DIRECTION ( 'NONE',  ( 3.051828337366604500E-016, -0.0000000000000000000, 1.000000000000000000 ) ) ;
#1838 = EDGE_LOOP ( 'NONE', ( #1433, #5514, #6081, #5202 ) ) ;
#1839 = VERTEX_POINT ( 'NONE', #7862 ) ;
#1840 =( LENGTH_UNIT ( ) NAMED_UNIT ( * ) SI_UNIT ( .MILLI., .METRE. ) );
#1841 = PRESENTATION_STYLE_ASSIGNMENT (( #632 ) ) ;
#1842 = LINE ( 'NONE', #4040, #3909 ) ;
#1843 = FILL_AREA_STYLE_COLOUR ( '', #1392 ) ;
#1844 = CARTESIAN_POINT ( 'NONE',  ( -1.090000000000000100, 2.200000000000004200, 0.2999999999999989900 ) ) ;
#1845 = PRESENTATION_LAYER_ASSIGNMENT (  '', '', ( #625 ) ) ;
#1846 = FACE_OUTER_BOUND ( 'NONE', #5929, .T. ) ;
#1847 = DIRECTION ( 'NONE',  ( 0.0000000000000000000, 1.141265444721583800E-016, -1.000000000000000000 ) ) ;
#1848 = AXIS2_PLACEMENT_3D ( 'NONE', #352, #9248, #3982 ) ;
#1849 =( LENGTH_UNIT ( ) NAMED_UNIT ( * ) SI_UNIT ( .MILLI., .METRE. ) );
#1850 = CARTESIAN_POINT ( 'NONE',  ( 1.409999999999999700, 0.4249999999999998200, 3.499999999999981300 ) ) ;
#1851 = ORIENTED_EDGE ( 'NONE', *, *, #9940, .F. ) ;
#1852 = ORIENTED_EDGE ( 'NONE', *, *, #9702, .F. ) ;
#1853 = LINE ( 'NONE', #9230, #10962 ) ;
#1854 = LINE ( 'NONE', #9832, #4754 ) ;
#1855 = DIRECTION ( 'NONE',  ( 0.0000000000000000000, -0.0000000000000000000, -1.000000000000000000 ) ) ;
#1856 =( LENGTH_UNIT ( ) NAMED_UNIT ( * ) SI_UNIT ( .MILLI., .METRE. ) );
#1857 = LINE ( 'NONE', #6603, #1565 ) ;
#1858 = MECHANICAL_DESIGN_GEOMETRIC_PRESENTATION_REPRESENTATION (  '', ( #32 ), #2451 ) ;
#1859 = FACE_OUTER_BOUND ( 'NONE', #10884, .T. ) ;
#1860 = DIRECTION ( 'NONE',  ( 0.0000000000000000000, 0.0000000000000000000, 1.000000000000000000 ) ) ;
#1861 = DIRECTION ( 'NONE',  ( 0.7071067811865475700, 0.7071067811865475700, 0.0000000000000000000 ) ) ;
#1862 = VECTOR ( 'NONE', #3449, 1000.000000000000000 ) ;
#1863 =( LENGTH_UNIT ( ) NAMED_UNIT ( * ) SI_UNIT ( .MILLI., .METRE. ) );
#1864 = ORIENTED_EDGE ( 'NONE', *, *, #6820, .T. ) ;
#1865 = VERTEX_POINT ( 'NONE', #8058 ) ;
#1866 = ORIENTED_EDGE ( 'NONE', *, *, #9867, .T. ) ;
#1867 = VERTEX_POINT ( 'NONE', #7942 ) ;
#1868 = SURFACE_STYLE_FILL_AREA ( #1615 ) ;
#1869 = SURFACE_STYLE_FILL_AREA ( #168 ) ;
#1870 = ORIENTED_EDGE ( 'NONE', *, *, #1031, .F. ) ;
#1871 = EDGE_CURVE ( 'NONE', #10069, #6417, #3767, .T. ) ;
#1872 = ORIENTED_EDGE ( 'NONE', *, *, #10391, .F. ) ;
#1873 = PRESENTATION_STYLE_ASSIGNMENT (( #7132 ) ) ;
#1874 = CARTESIAN_POINT ( 'NONE',  ( 2.660000000000000100, 2.200000000000004200, 0.2999999999999989900 ) ) ;
#1875 = VERTEX_POINT ( 'NONE', #8843 ) ;
#1876 = EDGE_CURVE ( 'NONE', #3451, #7304, #8162, .T. ) ;
#1877 = VECTOR ( 'NONE', #5360, 1000.000000000000000 ) ;
#1878 = CARTESIAN_POINT ( 'NONE',  ( 4.474000000000001100, -1.100000000000000100, 1.226000000000000000 ) ) ;
#1879 = COLOUR_RGB ( '',0.9803921568627450600, 0.9803921568627450600, 0.8235294117647058400 ) ;
#1880 = DIRECTION ( 'NONE',  ( 0.0000000000000000000, 1.000000000000000000, 4.336808689942013800E-015 ) ) ;
#1881 = CARTESIAN_POINT ( 'NONE',  ( 0.1599999999999999800, 0.4249999999999998200, 3.999999999999993300 ) ) ;
#1882 = VERTEX_POINT ( 'NONE', #9418 ) ;
#1883 = DIRECTION ( 'NONE',  ( 0.0000000000000000000, 1.223202451009284600E-015, -1.000000000000000000 ) ) ;
#1884 = SURFACE_STYLE_USAGE ( .BOTH. , #7148 ) ;
#1885 = EDGE_CURVE ( 'NONE', #2482, #8461, #10804, .T. ) ;
#1886 = FACE_OUTER_BOUND ( 'NONE', #6987, .T. ) ;
#1887 = CARTESIAN_POINT ( 'NONE',  ( 4.000000000000001800, 2.299999999999998900, 1.749999999999996400 ) ) ;
#1888 = DIRECTION ( 'NONE',  ( -1.000000000000000000, -0.0000000000000000000, -0.0000000000000000000 ) ) ;
#1889 = UNCERTAINTY_MEASURE_WITH_UNIT (LENGTH_MEASURE( 1.000000000000000100E-005 ), #10879, 'distance_accuracy_value', 'NONE');
#1890 = EDGE_CURVE ( 'NONE', #367, #7494, #8447, .T. ) ;
#1891 = ORIENTED_EDGE ( 'NONE', *, *, #10844, .T. ) ;
#1892 = DIRECTION ( 'NONE',  ( 0.0000000000000000000, -1.000000000000000000, 0.0000000000000000000 ) ) ;
#1893 = CARTESIAN_POINT ( 'NONE',  ( 5.500000000000001800, 1.700000000000000000, 0.7999999999999977100 ) ) ;
#1894 = ORIENTED_EDGE ( 'NONE', *, *, #282, .F. ) ;
#1895 = DIRECTION ( 'NONE',  ( -1.172110456741085800E-016, 1.000000000000000000, 0.0000000000000000000 ) ) ;
#1896 = LINE ( 'NONE', #6504, #3967 ) ;
#1897 = VERTEX_POINT ( 'NONE', #10349 ) ;
#1898 = PRESENTATION_LAYER_ASSIGNMENT (  '', '', ( #678 ) ) ;
#1899 = COLOUR_RGB ( '',0.8000000000000000400, 0.8078431372549019800, 0.8000000000000000400 ) ;
#1900 = DIRECTION ( 'NONE',  ( 0.0000000000000000000, -1.000000000000000000, 0.0000000000000000000 ) ) ;
#1901 = MECHANICAL_DESIGN_GEOMETRIC_PRESENTATION_REPRESENTATION (  '', ( #63 ), #2494 ) ;
#1902 = DIRECTION ( 'NONE',  ( 0.5773502691896257300, 0.5773502691896257300, -0.5773502691896257300 ) ) ;
#1903 = PRESENTATION_LAYER_ASSIGNMENT (  '', '', ( #692 ) ) ;
#1904 = EDGE_LOOP ( 'NONE', ( #232, #8453, #7842, #1911 ) ) ;
#1905 = CARTESIAN_POINT ( 'NONE',  ( 0.1599999999999999800, -0.1500000000000003300, 0.2999999999999965500 ) ) ;
#1906 = DIRECTION ( 'NONE',  ( 2.304851557154559200E-017, 0.0000000000000000000, 1.000000000000000000 ) ) ;
#1907 =( GEOMETRIC_REPRESENTATION_CONTEXT ( 3 ) GLOBAL_UNCERTAINTY_ASSIGNED_CONTEXT ( ( #6779 ) ) GLOBAL_UNIT_ASSIGNED_CONTEXT ( ( #2136, #8290, #3034 ) ) REPRESENTATION_CONTEXT ( 'NONE', 'WORKASPACE' ) );
#1908 = MECHANICAL_DESIGN_GEOMETRIC_PRESENTATION_REPRESENTATION (  '', ( #700 ), #2511 ) ;
#1909 =( GEOMETRIC_REPRESENTATION_CONTEXT ( 3 ) GLOBAL_UNCERTAINTY_ASSIGNED_CONTEXT ( ( #10719 ) ) GLOBAL_UNIT_ASSIGNED_CONTEXT ( ( #2167, #8332, #3066 ) ) REPRESENTATION_CONTEXT ( 'NONE', 'WORKASPACE' ) );
#1910 = FACE_OUTER_BOUND ( 'NONE', #3060, .T. ) ;
#1911 = ORIENTED_EDGE ( 'NONE', *, *, #589, .T. ) ;
#1912 = ADVANCED_FACE ( 'NONE', ( #5551 ), #9497, .T. ) ;
#1913 = DIRECTION ( 'NONE',  ( 0.5773502691896254000, 0.5773502691896254000, 0.5773502691896264000 ) ) ;
#1914 = ORIENTED_EDGE ( 'NONE', *, *, #896, .F. ) ;
#1915 = SURFACE_STYLE_USAGE ( .BOTH. , #2050 ) ;
#1916 = FILL_AREA_STYLE ('',( #1000 ) ) ;
#1917 = EDGE_LOOP ( 'NONE', ( #6962, #1283, #3213, #2017 ) ) ;
#1918 = ORIENTED_EDGE ( 'NONE', *, *, #7927, .T. ) ;
#1919 = ORIENTED_EDGE ( 'NONE', *, *, #10310, .F. ) ;
#1920 = DIRECTION ( 'NONE',  ( 0.0000000000000000000, -1.000000000000000000, 0.0000000000000000000 ) ) ;
#1921 = CARTESIAN_POINT ( 'NONE',  ( 4.524000000000000900, 1.100000000000000100, 1.226000000000000000 ) ) ;
#1922 = ORIENTED_EDGE ( 'NONE', *, *, #10256, .T. ) ;
#1923 = VECTOR ( 'NONE', #7855, 1000.000000000000000 ) ;
#1924 = DIRECTION ( 'NONE',  ( 0.7071067811865460200, 0.0000000000000000000, 0.7071067811865490200 ) ) ;
#1925 = CARTESIAN_POINT ( 'NONE',  ( -1.409999999999999900, -0.1500000000000003000, 0.1799999999999965800 ) ) ;
#1926 = ORIENTED_EDGE ( 'NONE', *, *, #356, .T. ) ;
#1927 = LINE ( 'NONE', #1369, #4002 ) ;
#1928 = EDGE_CURVE ( 'NONE', #5895, #3510, #4730, .T. ) ;
#1929 = VERTEX_POINT ( 'NONE', #10175 ) ;
#1930 = ORIENTED_EDGE ( 'NONE', *, *, #187, .F. ) ;
#1931 = CARTESIAN_POINT ( 'NONE',  ( 2.339999999999999900, -0.3750000000000001100, 0.6499999999999975800 ) ) ;
#1932 = CARTESIAN_POINT ( 'NONE',  ( 1.674999999999999400, 2.600000000000000100, 0.2999999999999979900 ) ) ;
#1933 = CARTESIAN_POINT ( 'NONE',  ( -3.999999999999999100, 1.700000000000000000, 3.699999999999996600 ) ) ;
#1934 = SURFACE_SIDE_STYLE ('',( #9627 ) ) ;
#1935 = VERTEX_POINT ( 'NONE', #3714 ) ;
#1936 = DIRECTION ( 'NONE',  ( -1.000000000000000000, -0.0000000000000000000, 0.0000000000000000000 ) ) ;
#1937 = LINE ( 'NONE', #6133, #8691 ) ;
#1938 = SURFACE_STYLE_USAGE ( .BOTH. , #1172 ) ;
#1939 = ORIENTED_EDGE ( 'NONE', *, *, #4574, .F. ) ;
#1940 = DIRECTION ( 'NONE',  ( 0.0000000000000000000, -1.000000000000000000, 0.0000000000000000000 ) ) ;
#1941 = VECTOR ( 'NONE', #8685, 1000.000000000000000 ) ;
#1942 = ORIENTED_EDGE ( 'NONE', *, *, #3292, .F. ) ;
#1943 = SURFACE_STYLE_FILL_AREA ( #4697 ) ;
#1944 = EDGE_CURVE ( 'NONE', #6970, #771, #2379, .T. ) ;
#1945 = VECTOR ( 'NONE', #1146, 1000.000000000000000 ) ;
#1946 = EDGE_CURVE ( 'NONE', #1204, #81, #11492, .T. ) ;
#1947 = DIRECTION ( 'NONE',  ( 0.0000000000000000000, -0.0000000000000000000, -1.000000000000000000 ) ) ;
#1948 = EDGE_CURVE ( 'NONE', #1897, #3160, #9128, .T. ) ;
#1949 = DIRECTION ( 'NONE',  ( 0.0000000000000000000, 1.000000000000000000, 1.223202451009284600E-015 ) ) ;
#1950 = FACE_OUTER_BOUND ( 'NONE', #6485, .T. ) ;
#1951 = ORIENTED_EDGE ( 'NONE', *, *, #1777, .F. ) ;
#1952 = LINE ( 'NONE', #3041, #6372 ) ;
#1953 = ORIENTED_EDGE ( 'NONE', *, *, #4461, .T. ) ;
#1954 = SURFACE_SIDE_STYLE ('',( #1869 ) ) ;
#1955 = ORIENTED_EDGE ( 'NONE', *, *, #4813, .T. ) ;
#1956 = PRODUCT_DEFINITION_CONTEXT ( 'detailed design', #10696, 'design' ) ;
#1957 = VECTOR ( 'NONE', #5203, 1000.000000000000000 ) ;
#1958 = CARTESIAN_POINT ( 'NONE',  ( -5.012000000000000500, 1.588000000000000300, 0.2540000000000000000 ) ) ;
#1959 = SURFACE_STYLE_FILL_AREA ( #10625 ) ;
#1960 = VECTOR ( 'NONE', #8907, 1000.000000000000000 ) ;
#1961 = PRESENTATION_STYLE_ASSIGNMENT (( #7377 ) ) ;
#1962 = ORIENTED_EDGE ( 'NONE', *, *, #7690, .T. ) ;
#1963 = LINE ( 'NONE', #1722, #8719 ) ;
#1964 = ORIENTED_EDGE ( 'NONE', *, *, #3572, .F. ) ;
#1965 = EDGE_LOOP ( 'NONE', ( #7926, #734, #9435, #1784 ) ) ;
#1966 = DIRECTION ( 'NONE',  ( 0.0000000000000000000, 0.0000000000000000000, 1.000000000000000000 ) ) ;
#1967 = PLANE ( 'NONE',  #4806 ) ;
#1968 = PLANE ( 'NONE',  #8980 ) ;
#1969 = EDGE_CURVE ( 'NONE', #5239, #8083, #4445, .T. ) ;
#1970 = LINE ( 'NONE', #9432, #4319 ) ;
#1971 = ADVANCED_FACE ( 'NONE', ( #10945 ), #6258, .T. ) ;
#1972 = LINE ( 'NONE', #3271, #6395 ) ;
#1973 =( LENGTH_UNIT ( ) NAMED_UNIT ( * ) SI_UNIT ( .MILLI., .METRE. ) );
#1974 = PLANE ( 'NONE',  #7456 ) ;
#1975 = VECTOR ( 'NONE', #441, 1000.000000000000200 ) ;
#1976 = EDGE_LOOP ( 'NONE', ( #4582, #7833, #4314, #753 ) ) ;
#1977 = ORIENTED_EDGE ( 'NONE', *, *, #2210, .F. ) ;
#1978 = DIRECTION ( 'NONE',  ( 0.0000000000000000000, 1.000000000000000000, 1.126443815569353400E-015 ) ) ;
#1979 = DIRECTION ( 'NONE',  ( -1.000000000000000000, 0.0000000000000000000, 0.0000000000000000000 ) ) ;
#1980 =( NAMED_UNIT ( * ) SI_UNIT ( $, .STERADIAN. ) SOLID_ANGLE_UNIT ( ) );
#1981 = LINE ( 'NONE', #1235, #6408 ) ;
#1982 = DIRECTION ( 'NONE',  ( -1.172110456741085800E-016, 1.000000000000000000, 0.0000000000000000000 ) ) ;
#1983 = CARTESIAN_POINT ( 'NONE',  ( 2.660000000000001000, 0.4249999999999998200, 0.04999999999999753300 ) ) ;
#1984 = ORIENTED_EDGE ( 'NONE', *, *, #4514, .F. ) ;
#1985 = VERTEX_POINT ( 'NONE', #6872 ) ;
#1986 = ORIENTED_EDGE ( 'NONE', *, *, #1944, .F. ) ;
#1987 = DIRECTION ( 'NONE',  ( -1.000000000000000000, -0.0000000000000000000, -0.0000000000000000000 ) ) ;
#1988 = LINE ( 'NONE', #3477, #4072 ) ;
#1989 = VECTOR ( 'NONE', #11323, 1000.000000000000000 ) ;
#1990 = DIRECTION ( 'NONE',  ( 1.000000000000000000, 0.0000000000000000000, -0.0000000000000000000 ) ) ;
#1991 = PRESENTATION_LAYER_ASSIGNMENT (  '', '', ( #776 ) ) ;
#1992 = DIRECTION ( 'NONE',  ( 0.0000000000000000000, -1.000000000000000000, 0.0000000000000000000 ) ) ;
#1993 = EDGE_CURVE ( 'NONE', #11041, #8083, #11205, .T. ) ;
#1994 = EDGE_LOOP ( 'NONE', ( #8936, #9551, #8349, #9816 ) ) ;
#1995 = ORIENTED_EDGE ( 'NONE', *, *, #2579, .F. ) ;
#1996 = CARTESIAN_POINT ( 'NONE',  ( 2.660000000000000100, -0.6250000000000003300, 0.2999999999999964900 ) ) ;
#1997 = PRESENTATION_LAYER_ASSIGNMENT (  '', '', ( #788 ) ) ;
#1998 = FACE_OUTER_BOUND ( 'NONE', #10952, .T. ) ;
#1999 = CARTESIAN_POINT ( 'NONE',  ( -2.075000000000000200, -1.100000000000000300, 0.6499999999999986900 ) ) ;
#2000 = DIRECTION ( 'NONE',  ( -0.7071067811865490200, 0.0000000000000000000, 0.7071067811865460200 ) ) ;
#2001 = CARTESIAN_POINT ( 'NONE',  ( 0.1599999999999999800, 0.3499999999999997000, 3.999999999999993300 ) ) ;
#2002 = DIRECTION ( 'NONE',  ( 0.0000000000000000000, 0.0000000000000000000, 1.000000000000000000 ) ) ;
#2003 = CARTESIAN_POINT ( 'NONE',  ( -3.500000000000001300, 2.600000000000000100, 0.04999999999999980800 ) ) ;
#2004 = ORIENTED_EDGE ( 'NONE', *, *, #3936, .F. ) ;
#2005 = ORIENTED_EDGE ( 'NONE', *, *, #4527, .F. ) ;
#2006 = UNCERTAINTY_MEASURE_WITH_UNIT (LENGTH_MEASURE( 1.000000000000000100E-005 ), #1534, 'distance_accuracy_value', 'NONE');
#2007 = VECTOR ( 'NONE', #4858, 1000.000000000000000 ) ;
#2008 = DIRECTION ( 'NONE',  ( 0.0000000000000000000, -1.000000000000000000, -2.258754526011468200E-016 ) ) ;
#2009 = VERTEX_POINT ( 'NONE', #9860 ) ;
#2010 = ADVANCED_FACE ( 'NONE', ( #8577 ), #5072, .T. ) ;
#2011 = CARTESIAN_POINT ( 'NONE',  ( 5.020000000000001400, -1.100000000000000100, 1.276000000000000000 ) ) ;
#2012 = EDGE_CURVE ( 'NONE', #7189, #5902, #10666, .T. ) ;
#2013 = CARTESIAN_POINT ( 'NONE',  ( 2.660000000000000100, 2.999999999999999600, -1.761828530288944700E-016 ) ) ;
#2014 = EDGE_CURVE ( 'NONE', #9564, #2276, #6540, .T. ) ;
#2015 = CARTESIAN_POINT ( 'NONE',  ( -2.024999999999999000, -1.100000000000000100, 4.699999999999995700 ) ) ;
#2016 = ORIENTED_EDGE ( 'NONE', *, *, #9391, .F. ) ;
#2017 = ORIENTED_EDGE ( 'NONE', *, *, #4744, .T. ) ;
#2018 = VECTOR ( 'NONE', #9840, 1000.000000000000000 ) ;
#2019 = ADVANCED_FACE ( 'NONE', ( #3639 ), #9553, .T. ) ;
#2020 =( LENGTH_UNIT ( ) NAMED_UNIT ( * ) SI_UNIT ( .MILLI., .METRE. ) );
#2021 = CARTESIAN_POINT ( 'NONE',  ( 2.660000000000000100, 0.2499999999999996700, 0.2999999999999966000 ) ) ;
#2022 = DIRECTION ( 'NONE',  ( 0.0000000000000000000, 0.0000000000000000000, -1.000000000000000000 ) ) ;
#2023 = EDGE_CURVE ( 'NONE', #2189, #8973, #7485, .T. ) ;
#2024 =( NAMED_UNIT ( * ) SI_UNIT ( $, .STERADIAN. ) SOLID_ANGLE_UNIT ( ) );
#2025 = EDGE_CURVE ( 'NONE', #3450, #1718, #5142, .T. ) ;
#2026 = CARTESIAN_POINT ( 'NONE',  ( -1.089999999999999200, 4.461737335331296400E-017, 0.6499999999999984700 ) ) ;
#2027 = DIRECTION ( 'NONE',  ( 0.0000000000000000000, -1.000000000000000000, 1.204669080539448600E-016 ) ) ;
#2028 = SURFACE_STYLE_USAGE ( .BOTH. , #7316 ) ;
#2029 = CARTESIAN_POINT ( 'NONE',  ( -4.000000000000000900, 1.700000000000000000, 2.400000000000000800 ) ) ;
#2030 = SURFACE_SIDE_STYLE ('',( #7237 ) ) ;
#2031 = ORIENTED_EDGE ( 'NONE', *, *, #5951, .T. ) ;
#2032 = MECHANICAL_DESIGN_GEOMETRIC_PRESENTATION_REPRESENTATION (  '', ( #212 ), #2638 ) ;
#2033 = VECTOR ( 'NONE', #6964, 1000.000000000000000 ) ;
#2034 = DIRECTION ( 'NONE',  ( 0.0000000000000000000, 0.0000000000000000000, -1.000000000000000000 ) ) ;
#2035 = FILL_AREA_STYLE_COLOUR ( '', #9557 ) ;
#2036 = AXIS2_PLACEMENT_3D ( 'NONE', #7938, #2671, #8820 ) ;
#2037 = CARTESIAN_POINT ( 'NONE',  ( 3.399999999999995900, 0.09999999999999982500, 1.749999999999996400 ) ) ;
#2038 = CARTESIAN_POINT ( 'NONE',  ( 4.694000000000003500, -1.100000000000000100, 1.055999999999996700 ) ) ;
#2039 = SURFACE_STYLE_FILL_AREA ( #4622 ) ;
#2040 =( LENGTH_UNIT ( ) NAMED_UNIT ( * ) SI_UNIT ( .MILLI., .METRE. ) );
#2041 = CARTESIAN_POINT ( 'NONE',  ( 0.1599999999999999800, 3.100000000000000100, 0.09999999999999947800 ) ) ;
#2042 = CARTESIAN_POINT ( 'NONE',  ( -2.075000000000000600, 2.600000000000000100, 0.6499999999999986900 ) ) ;
#2043 = STYLED_ITEM ( 'NONE', ( #9824 ), #5844 ) ;
#2044 = DIRECTION ( 'NONE',  ( 0.0000000000000000000, 1.000000000000000000, 4.336808689942013800E-015 ) ) ;
#2045 = ORIENTED_EDGE ( 'NONE', *, *, #8508, .T. ) ;
#2046 = CARTESIAN_POINT ( 'NONE',  ( 0.1599999999999999800, 3.100000000000000100, 0.09999999999999947800 ) ) ;
#2047 = ORIENTED_EDGE ( 'NONE', *, *, #5487, .T. ) ;
#2048 = CARTESIAN_POINT ( 'NONE',  ( -3.500000000000001300, 1.700000000000000000, 0.04999999999999980800 ) ) ;
#2049 = EDGE_LOOP ( 'NONE', ( #5996, #11484, #10374, #5528 ) ) ;
#2050 = SURFACE_SIDE_STYLE ('',( #10221 ) ) ;
#2051 = CARTESIAN_POINT ( 'NONE',  ( 0.1599999999999999800, -0.1500000000000003300, 0.2999999999999965500 ) ) ;
#2052 = ADVANCED_FACE ( 'NONE', ( #2525 ), #5618, .T. ) ;
#2053 = SURFACE_SIDE_STYLE ('',( #394 ) ) ;
#2054 = AXIS2_PLACEMENT_3D ( 'NONE', #8139, #9034, #3773 ) ;
#2055 = EDGE_LOOP ( 'NONE', ( #8296, #6056, #465, #4962 ) ) ;
#2056 = VECTOR ( 'NONE', #2956, 1000.000000000000000 ) ;
#2057 = ORIENTED_EDGE ( 'NONE', *, *, #4612, .F. ) ;
#2058 = LINE ( 'NONE', #5439, #8826 ) ;
#2059 = PLANE ( 'NONE',  #10288 ) ;
#2060 = DIRECTION ( 'NONE',  ( 1.000000000000000000, 0.0000000000000000000, -0.0000000000000000000 ) ) ;
#2061 = CARTESIAN_POINT ( 'NONE',  ( -2.339999999999999900, 3.100000000000000100, 0.09999999999999947800 ) ) ;
#2062 = ORIENTED_EDGE ( 'NONE', *, *, #9554, .T. ) ;
#2063 = ORIENTED_EDGE ( 'NONE', *, *, #1774, .T. ) ;
#2064 = CARTESIAN_POINT ( 'NONE',  ( -2.660000000000000100, 0.2499999999999996700, 0.1799999999999966600 ) ) ;
#2065 = PLANE ( 'NONE',  #5778 ) ;
#2066 = FILL_AREA_STYLE ('',( #6366 ) ) ;
#2067 = VERTEX_POINT ( 'NONE', #5773 ) ;
#2068 = FACE_BOUND ( 'NONE', #1719, .T. ) ;
#2069 = ADVANCED_FACE ( 'NONE', ( #1678 ), #161, .T. ) ;
#2070 = EDGE_CURVE ( 'NONE', #8310, #2595, #8432, .T. ) ;
#2071 = LINE ( 'NONE', #3784, #8280 ) ;
#2072 = EDGE_CURVE ( 'NONE', #1935, #10397, #4037, .T. ) ;
#2073 = VERTEX_POINT ( 'NONE', #1594 ) ;
#2074 = LINE ( 'NONE', #9710, #8841 ) ;
#2075 = DIRECTION ( 'NONE',  ( 0.7071067811865497900, -0.7071067811865452400, 0.0000000000000000000 ) ) ;
#2076 = DIRECTION ( 'NONE',  ( -3.252606517456515800E-016, 0.0000000000000000000, -1.000000000000000000 ) ) ;
#2077 = UNCERTAINTY_MEASURE_WITH_UNIT (LENGTH_MEASURE( 1.000000000000000100E-005 ), #2434, 'distance_accuracy_value', 'NONE');
#2078 = ORIENTED_EDGE ( 'NONE', *, *, #3528, .F. ) ;
#2079 = FILL_AREA_STYLE_COLOUR ( '', #1667 ) ;
#2080 =( NAMED_UNIT ( * ) SI_UNIT ( $, .STERADIAN. ) SOLID_ANGLE_UNIT ( ) );
#2081 = CARTESIAN_POINT ( 'NONE',  ( 2.339999999999999900, 2.999999999999999600, -1.761828530288944700E-016 ) ) ;
#2082 = FACE_OUTER_BOUND ( 'NONE', #3147, .T. ) ;
#2083 = DIRECTION ( 'NONE',  ( -0.0000000000000000000, -1.000000000000000000, -0.0000000000000000000 ) ) ;
#2084 =( LENGTH_UNIT ( ) NAMED_UNIT ( * ) SI_UNIT ( .MILLI., .METRE. ) );
#2085 = DIRECTION ( 'NONE',  ( -0.0000000000000000000, 0.0000000000000000000, 1.000000000000000000 ) ) ;
#2086 = LINE ( 'NONE', #2819, #11482 ) ;
#2087 = FACE_OUTER_BOUND ( 'NONE', #4679, .T. ) ;
#2088 = ORIENTED_EDGE ( 'NONE', *, *, #11039, .F. ) ;
#2089 = CLOSED_SHELL ( 'NONE', ( #8707, #7727, #10513, #6713, #1614, #10756, #6610, #1466, #5914, #5957, #4323, #659, #8246, #1346, #10407, #11198, #2240, #5152, #7461, #8815, #8532, #2295, #1664, #8379, #4562, #1529, #1768, #10300, #7325, #11089, #9524, #11429, #6496, #1430, #6442, #4911, #10194, #2188, #11495, #7677, #9109, #2303, #5198, #10186, #2843, #3945, #11262, #9485, #9423, #3821, #7272, #5133, #10422, #1009, #350, #9187, #9478, #3301, #9697, #3016, #9127, #6756, #11145, #11381, #3813, #1138, #7556, #476, #10455, #2555, #3981, #9239, #11271, #2178, #9177, #312, #5018, #2594, #2949, #244, #10229, #11101, #6077, #9606, #3765, #11030, #4868, #1602, #6875, #8941, #5675, #11218, #6188, #10928, #7627, #7841, #226, #9063, #11044, #4267, #8662, #6370, #5730, #10999, #3356, #1549, #886, #1237, #592, #1474, #6142, #7343, #3181, #9594, #5207, #3127, #425, #8656, #8079, #4811, #5082, #6825, #5307, #6547, #1190, #2347, #6764, #3462, #4161, #10583, #3855, #2069, #3243, #8492, #763, #8193, #5550, #4044, #1359, #6920, #6937, #1055, #8368, #5746, #2475, #5093, #3583, #8311, #3026, #3291, #8543, #8770, #4737, #2972, #4961 ) ) ;
#2090 = VECTOR ( 'NONE', #11421, 1000.000000000000000 ) ;
#2091 = EDGE_CURVE ( 'NONE', #5589, #9844, #6126, .T. ) ;
#2092 = VECTOR ( 'NONE', #1671, 1000.000000000000000 ) ;
#2093 = CARTESIAN_POINT ( 'NONE',  ( -4.200000000000000200, 1.399999999999999700, 2.200000000000000200 ) ) ;
#2094 = LINE ( 'NONE', #8618, #6795 ) ;
#2095 = EDGE_CURVE ( 'NONE', #1519, #5994, #1383, .T. ) ;
#2096 = CARTESIAN_POINT ( 'NONE',  ( -1.324999999999999500, -1.100000000000000100, 2.099999999999996100 ) ) ;
#2097 = EDGE_CURVE ( 'NONE', #6698, #3196, #8144, .T. ) ;
#2098 = VECTOR ( 'NONE', #4886, 1000.000000000000000 ) ;
#2099 = DIRECTION ( 'NONE',  ( -1.000000000000000000, -1.172110456741085800E-016, 0.0000000000000000000 ) ) ;
#2100 = LINE ( 'NONE', #3983, #8860 ) ;
#2101 = VECTOR ( 'NONE', #7167, 1000.000000000000000 ) ;
#2102 = CARTESIAN_POINT ( 'NONE',  ( -2.339999999999999900, 2.500000000000000000, -1.084202172485504400E-016 ) ) ;
#2103 = FILL_AREA_STYLE ('',( #2216 ) ) ;
#2104 = CARTESIAN_POINT ( 'NONE',  ( 2.500000000000000000, 0.4249999999999998200, 0.6499999999999982500 ) ) ;
#2105 = VECTOR ( 'NONE', #8558, 1000.000000000000000 ) ;
#2106 = VERTEX_POINT ( 'NONE', #1225 ) ;
#2107 = VERTEX_POINT ( 'NONE', #241 ) ;
#2108 = AXIS2_PLACEMENT_3D ( 'NONE', #8444, #7974, #7953 ) ;
#2109 = LINE ( 'NONE', #7681, #6804 ) ;
#2110 = LINE ( 'NONE', #454, #10953 ) ;
#2111 = CARTESIAN_POINT ( 'NONE',  ( -4.524000000000000900, -1.100000000000000100, 0.2540000000000000000 ) ) ;
#2112 = VECTOR ( 'NONE', #4187, 1000.000000000000000 ) ;
#2113 = PLANE ( 'NONE',  #398 ) ;
#2114 = CARTESIAN_POINT ( 'NONE',  ( 1.409999999999999700, 3.100000000000000100, 0.09999999999999947800 ) ) ;
#2115 =( GEOMETRIC_REPRESENTATION_CONTEXT ( 3 ) GLOBAL_UNCERTAINTY_ASSIGNED_CONTEXT ( ( #1321 ) ) GLOBAL_UNIT_ASSIGNED_CONTEXT ( ( #5510, #185, #6429 ) ) REPRESENTATION_CONTEXT ( 'NONE', 'WORKASPACE' ) );
#2116 = CARTESIAN_POINT ( 'NONE',  ( -5.500000000000001800, 1.100000000000000100, -4.960040550996611700E-017 ) ) ;
#2117 = DIRECTION ( 'NONE',  ( 0.0000000000000000000, 0.7071067811865440200, -0.7071067811865511300 ) ) ;
#2118 = EDGE_CURVE ( 'NONE', #5749, #8053, #5536, .T. ) ;
#2119 = ORIENTED_EDGE ( 'NONE', *, *, #2625, .F. ) ;
#2120 = ORIENTED_EDGE ( 'NONE', *, *, #7259, .T. ) ;
#2121 = ORIENTED_EDGE ( 'NONE', *, *, #3144, .T. ) ;
#2122 = COLOUR_RGB ( '',0.8000000000000000400, 0.8078431372549019800, 0.8000000000000000400 ) ;
#2123 = CARTESIAN_POINT ( 'NONE',  ( 4.000000000000000900, 1.700000000000000000, 2.400000000000000800 ) ) ;
#2124 = VECTOR ( 'NONE', #9786, 1000.000000000000100 ) ;
#2125 = COLOUR_RGB ( '',0.8000000000000000400, 0.8078431372549019800, 0.8000000000000000400 ) ;
#2126 =( NAMED_UNIT ( * ) PLANE_ANGLE_UNIT ( ) SI_UNIT ( $, .RADIAN. ) );
#2127 = VECTOR ( 'NONE', #2044, 1000.000000000000000 ) ;
#2128 = CARTESIAN_POINT ( 'NONE',  ( 5.020000000000001400, -1.100000000000000100, 1.529999999999999800 ) ) ;
#2129 = AXIS2_PLACEMENT_3D ( 'NONE', #7917, #10594, #5303 ) ;
#2130 = ADVANCED_FACE ( 'NONE', ( #822 ), #1968, .F. ) ;
#2131 = CARTESIAN_POINT ( 'NONE',  ( 2.660000000000000100, 0.4249999999999998200, 0.6499999999999964700 ) ) ;
#2132 =( LENGTH_UNIT ( ) NAMED_UNIT ( * ) SI_UNIT ( .MILLI., .METRE. ) );
#2133 = VERTEX_POINT ( 'NONE', #2003 ) ;
#2134 = VERTEX_POINT ( 'NONE', #6492 ) ;
#2135 = ORIENTED_EDGE ( 'NONE', *, *, #2389, .F. ) ;
#2136 =( LENGTH_UNIT ( ) NAMED_UNIT ( * ) SI_UNIT ( .MILLI., .METRE. ) );
#2137 = CARTESIAN_POINT ( 'NONE',  ( 2.660000000000000100, 0.4249999999999998200, 3.499999999999981300 ) ) ;
#2138 = DIRECTION ( 'NONE',  ( 0.0000000000000000000, 0.0000000000000000000, -1.000000000000000000 ) ) ;
#2139 = VECTOR ( 'NONE', #7671, 1000.000000000000000 ) ;
#2140 = STYLED_ITEM ( 'NONE', ( #1873 ), #2879 ) ;
#2141 = LINE ( 'NONE', #3838, #6832 ) ;
#2142 = AXIS2_PLACEMENT_3D ( 'NONE', #10704, #9851, #4544 ) ;
#2143 = PLANE ( 'NONE',  #1836 ) ;
#2144 =( NAMED_UNIT ( * ) PLANE_ANGLE_UNIT ( ) SI_UNIT ( $, .RADIAN. ) );
#2145 = ADVANCED_FACE ( 'NONE', ( #7051 ), #8106, .T. ) ;
#2146 = ORIENTED_EDGE ( 'NONE', *, *, #8242, .T. ) ;
#2147 = ORIENTED_EDGE ( 'NONE', *, *, #980, .T. ) ;
#2148 = DIRECTION ( 'NONE',  ( 0.0000000000000000000, 2.258754526011468200E-016, -1.000000000000000000 ) ) ;
#2149 = STYLED_ITEM ( 'NONE', ( #4233 ), #6717 ) ;
#2150 = LINE ( 'NONE', #3603, #4489 ) ;
#2151 = VECTOR ( 'NONE', #3285, 1000.000000000000000 ) ;
#2152 = DIRECTION ( 'NONE',  ( -1.000000000000000000, 0.0000000000000000000, 4.371782953570583600E-016 ) ) ;
#2153 = EDGE_CURVE ( 'NONE', #8109, #2283, #6244, .T. ) ;
#2154 = DIRECTION ( 'NONE',  ( 0.0000000000000000000, 0.7071067811865453500, -0.7071067811865496800 ) ) ;
#2155 =( GEOMETRIC_REPRESENTATION_CONTEXT ( 3 ) GLOBAL_UNCERTAINTY_ASSIGNED_CONTEXT ( ( #10533 ) ) GLOBAL_UNIT_ASSIGNED_CONTEXT ( ( #4776, #10948, #5654 ) ) REPRESENTATION_CONTEXT ( 'NONE', 'WORKASPACE' ) );
#2156 = EDGE_CURVE ( 'NONE', #9657, #10524, #1522, .T. ) ;
#2157 = ORIENTED_EDGE ( 'NONE', *, *, #1195, .F. ) ;
#2158 = DIRECTION ( 'NONE',  ( -0.0000000000000000000, -1.000000000000000000, -0.0000000000000000000 ) ) ;
#2159 = CARTESIAN_POINT ( 'NONE',  ( -4.200000000000000200, 1.700000000000000000, 2.200000000000000200 ) ) ;
#2160 = CARTESIAN_POINT ( 'NONE',  ( 0.8249999999999997300, -1.100000000000000100, 0.6499999999999980200 ) ) ;
#2161 = CARTESIAN_POINT ( 'NONE',  ( 3.050000000000002000, 2.299999999999999400, 1.749999999999996400 ) ) ;
#2162 = ORIENTED_EDGE ( 'NONE', *, *, #6985, .F. ) ;
#2163 = ORIENTED_EDGE ( 'NONE', *, *, #4677, .F. ) ;
#2164 = CARTESIAN_POINT ( 'NONE',  ( 4.220000000000000600, -0.8799999999999969000, 0.5200000000000006800 ) ) ;
#2165 = ORIENTED_EDGE ( 'NONE', *, *, #2558, .F. ) ;
#2166 = LINE ( 'NONE', #10534, #4249 ) ;
#2167 =( LENGTH_UNIT ( ) NAMED_UNIT ( * ) SI_UNIT ( .MILLI., .METRE. ) );
#2168 = EDGE_CURVE ( 'NONE', #8068, #9018, #3886, .T. ) ;
#2169 =( NAMED_UNIT ( * ) PLANE_ANGLE_UNIT ( ) SI_UNIT ( $, .RADIAN. ) );
#2170 = CARTESIAN_POINT ( 'NONE',  ( -1.090000000000000100, -0.1500000000000003000, 0.1799999999999965800 ) ) ;
#2171 = EDGE_CURVE ( 'NONE', #9406, #6320, #5973, .T. ) ;
#2172 = EDGE_CURVE ( 'NONE', #2768, #5534, #1238, .T. ) ;
#2173 = SURFACE_STYLE_USAGE ( .BOTH. , #7453 ) ;
#2174 = VERTEX_POINT ( 'NONE', #9907 ) ;
#2175 = CARTESIAN_POINT ( 'NONE',  ( -2.339999999999999900, 0.4249999999999998200, 3.499999999999981300 ) ) ;
#2176 = DIRECTION ( 'NONE',  ( 0.0000000000000000000, -1.000000000000000000, -1.141265444721583800E-016 ) ) ;
#2177 = CARTESIAN_POINT ( 'NONE',  ( -1.409999999999999900, -0.6250000000000003300, 0.2999999999999964900 ) ) ;
#2178 = ADVANCED_FACE ( 'NONE', ( #955 ), #8275, .T. ) ;
#2179 = LINE ( 'NONE', #6770, #6623 ) ;
#2180 = EDGE_CURVE ( 'NONE', #7177, #2909, #10105, .T. ) ;
#2181 = PLANE ( 'NONE',  #7762 ) ;
#2182 = ORIENTED_EDGE ( 'NONE', *, *, #6880, .T. ) ;
#2183 = CARTESIAN_POINT ( 'NONE',  ( 0.0000000000000000000, 1.200000000000000000, 0.0000000000000000000 ) ) ;
#2184 = CARTESIAN_POINT ( 'NONE',  ( -4.524000000000000900, 1.100000000000000100, -2.710505431213761100E-017 ) ) ;
#2185 = AXIS2_PLACEMENT_3D ( 'NONE', #10522, #5229, #11402 ) ;
#2186 = DIRECTION ( 'NONE',  ( 1.000000000000000000, 2.710505431213761100E-017, 0.0000000000000000000 ) ) ;
#2187 = DIRECTION ( 'NONE',  ( 0.0000000000000000000, -1.000000000000000000, 1.204669080539448600E-016 ) ) ;
#2188 = ADVANCED_FACE ( 'NONE', ( #3345 ), #2223, .T. ) ;
#2189 = VERTEX_POINT ( 'NONE', #5630 ) ;
#2190 = DIRECTION ( 'NONE',  ( 0.0000000000000000000, 1.000000000000000000, -1.204669080539448900E-016 ) ) ;
#2191 = VERTEX_POINT ( 'NONE', #11059 ) ;
#2192 = VERTEX_POINT ( 'NONE', #11024 ) ;
#2193 = DIRECTION ( 'NONE',  ( 6.776263578034385900E-016, 1.000000000000000000, -0.0000000000000000000 ) ) ;
#2194 = PRESENTATION_LAYER_ASSIGNMENT (  '', '', ( #991 ) ) ;
#2195 = PLANE ( 'NONE',  #5387 ) ;
#2196 =( NAMED_UNIT ( * ) PLANE_ANGLE_UNIT ( ) SI_UNIT ( $, .RADIAN. ) );
#2197 = DIRECTION ( 'NONE',  ( -1.000000000000000000, -0.0000000000000000000, -0.0000000000000000000 ) ) ;
#2198 = ORIENTED_EDGE ( 'NONE', *, *, #9635, .F. ) ;
#2199 = CARTESIAN_POINT ( 'NONE',  ( 3.399999999999995900, 0.09999999999999982500, 1.749999999999996400 ) ) ;
#2200 = LINE ( 'NONE', #438, #6898 ) ;
#2201 = DIRECTION ( 'NONE',  ( 2.808229700885296200E-016, 0.7071067811865480200, -0.7071067811865470200 ) ) ;
#2202 = ORIENTED_EDGE ( 'NONE', *, *, #6980, .F. ) ;
#2203 = PRESENTATION_LAYER_ASSIGNMENT (  '', '', ( #997 ) ) ;
#2204 = AXIS2_PLACEMENT_3D ( 'NONE', #9453, #4172, #10340 ) ;
#2205 = ORIENTED_EDGE ( 'NONE', *, *, #11113, .F. ) ;
#2206 = PRESENTATION_STYLE_ASSIGNMENT (( #2349 ) ) ;
#2207 = STYLED_ITEM ( 'NONE', ( #4705 ), #2362 ) ;
#2208 = CARTESIAN_POINT ( 'NONE',  ( 0.4249999999999996000, 2.600000000000000100, 0.6499999999999982500 ) ) ;
#2209 = PLANE ( 'NONE',  #10042 ) ;
#2210 = EDGE_CURVE ( 'NONE', #9852, #10524, #7746, .T. ) ;
#2211 = LINE ( 'NONE', #9583, #4291 ) ;
#2212 = AXIS2_PLACEMENT_3D ( 'NONE', #310, #6537, #1202 ) ;
#2213 = MANIFOLD_SOLID_BREP ( 'MP1', #10333 ) ;
#2214 = VERTEX_POINT ( 'NONE', #10799 ) ;
#2215 = VECTOR ( 'NONE', #9781, 1000.000000000000000 ) ;
#2216 = FILL_AREA_STYLE_COLOUR ( '', #5508 ) ;
#2217 = ORIENTED_EDGE ( 'NONE', *, *, #2118, .T. ) ;
#2218 = ORIENTED_EDGE ( 'NONE', *, *, #2319, .F. ) ;
#2219 = LINE ( 'NONE', #8151, #6657 ) ;
#2220 = FACE_OUTER_BOUND ( 'NONE', #9284, .T. ) ;
#2221 =( NAMED_UNIT ( * ) PLANE_ANGLE_UNIT ( ) SI_UNIT ( $, .RADIAN. ) );
#2222 = VECTOR ( 'NONE', #6480, 1000.000000000000000 ) ;
#2223 = PLANE ( 'NONE',  #3473 ) ;
#2224 = VERTEX_POINT ( 'NONE', #9166 ) ;
#2225 = ORIENTED_EDGE ( 'NONE', *, *, #7540, .T. ) ;
#2226 = PLANE ( 'NONE',  #4795 ) ;
#2227 = LINE ( 'NONE', #5125, #1957 ) ;
#2228 = DIRECTION ( 'NONE',  ( 5.421010862427532000E-016, 1.000000000000000000, 1.175494350822289700E-031 ) ) ;
#2229 = FACE_OUTER_BOUND ( 'NONE', #6054, .T. ) ;
#2230 = ORIENTED_EDGE ( 'NONE', *, *, #8665, .F. ) ;
#2231 = LINE ( 'NONE', #8022, #1960 ) ;
#2232 = EDGE_CURVE ( 'NONE', #4861, #7920, #9823, .T. ) ;
#2233 = FACE_OUTER_BOUND ( 'NONE', #7976, .T. ) ;
#2234 = EDGE_CURVE ( 'NONE', #2428, #29, #2219, .T. ) ;
#2235 = VECTOR ( 'NONE', #4671, 1000.000000000000000 ) ;
#2236 = SURFACE_STYLE_FILL_AREA ( #2666 ) ;
#2237 = DIRECTION ( 'NONE',  ( 0.0000000000000000000, 1.000000000000000000, 1.126443815569353400E-015 ) ) ;
#2238 = ORIENTED_EDGE ( 'NONE', *, *, #311, .F. ) ;
#2240 = ADVANCED_FACE ( 'NONE', ( #8963 ), #6684, .F. ) ;
#2239 = ORIENTED_EDGE ( 'NONE', *, *, #1946, .T. ) ;
#2241 = COLOUR_RGB ( '',0.8000000000000000400, 0.8078431372549019800, 0.8000000000000000400 ) ;
#2242 =( NAMED_UNIT ( * ) SI_UNIT ( $, .STERADIAN. ) SOLID_ANGLE_UNIT ( ) );
#2243 = DIRECTION ( 'NONE',  ( 0.0000000000000000000, -0.7071067811865512400, -0.7071067811865439100 ) ) ;
#2244 = DIRECTION ( 'NONE',  ( 2.808229700885296700E-016, -0.7071067811865480200, 0.7071067811865471300 ) ) ;
#2245 = VECTOR ( 'NONE', #5816, 1000.000000000000000 ) ;
#2246 = SURFACE_STYLE_USAGE ( .BOTH. , #2480 ) ;
#2247 = CARTESIAN_POINT ( 'NONE',  ( -3.500000000000001300, -0.4000000000000001900, 0.2999999999999998200 ) ) ;
#2248 = LINE ( 'NONE', #7958, #11358 ) ;
#2249 = CARTESIAN_POINT ( 'NONE',  ( -1.409999999999999900, 2.999999999999999600, -1.761828530288944700E-016 ) ) ;
#2250 = EDGE_CURVE ( 'NONE', #10092, #8549, #11053, .T. ) ;
#2251 = LINE ( 'NONE', #8373, #8992 ) ;
#2252 = VERTEX_POINT ( 'NONE', #5667 ) ;
#2253 = VERTEX_POINT ( 'NONE', #5594 ) ;
#2254 = PRESENTATION_STYLE_ASSIGNMENT (( #2246 ) ) ;
#2255 = SURFACE_SIDE_STYLE ('',( #11372 ) ) ;
#2256 = ADVANCED_FACE ( 'NONE', ( #4018 ), #4746, .T. ) ;
#2257 = SURFACE_STYLE_FILL_AREA ( #9181 ) ;
#2258 =( LENGTH_UNIT ( ) NAMED_UNIT ( * ) SI_UNIT ( .MILLI., .METRE. ) );
#2259 = EDGE_CURVE ( 'NONE', #2969, #2909, #5520, .T. ) ;
#2260 = LINE ( 'NONE', #125, #134 ) ;
#2261 = DIRECTION ( 'NONE',  ( 0.0000000000000000000, -1.000000000000000000, -4.336808689942014600E-015 ) ) ;
#2262 = VECTOR ( 'NONE', #3840, 1000.000000000000000 ) ;
#2263 = DIRECTION ( 'NONE',  ( 0.0000000000000000000, -0.0000000000000000000, -1.000000000000000000 ) ) ;
#2264 = VECTOR ( 'NONE', #1380, 1000.000000000000000 ) ;
#2265 = FILL_AREA_STYLE_COLOUR ( '', #1552 ) ;
#2266 = AXIS2_PLACEMENT_3D ( 'NONE', #1844, #1883, #1949 ) ;
#2267 = ORIENTED_EDGE ( 'NONE', *, *, #785, .T. ) ;
#2268 = ORIENTED_EDGE ( 'NONE', *, *, #9635, .T. ) ;
#2269 = VERTEX_POINT ( 'NONE', #7477 ) ;
#2270 = DIRECTION ( 'NONE',  ( -1.000000000000000000, 0.0000000000000000000, 3.971436529250929000E-016 ) ) ;
#2271 = EDGE_LOOP ( 'NONE', ( #9722, #10960, #7713, #1942 ) ) ;
#2272 = LINE ( 'NONE', #9562, #1989 ) ;
#2273 = DIRECTION ( 'NONE',  ( -1.000000000000000000, 0.0000000000000000000, 0.0000000000000000000 ) ) ;
#2274 = PRESENTATION_LAYER_ASSIGNMENT (  '', '', ( #1043 ) ) ;
#2275 = ORIENTED_EDGE ( 'NONE', *, *, #1709, .F. ) ;
#2276 = VERTEX_POINT ( 'NONE', #3021 ) ;
#2277 =( GEOMETRIC_REPRESENTATION_CONTEXT ( 3 ) GLOBAL_UNCERTAINTY_ASSIGNED_CONTEXT ( ( #2006 ) ) GLOBAL_UNIT_ASSIGNED_CONTEXT ( ( #1534, #7709, #2448 ) ) REPRESENTATION_CONTEXT ( 'NONE', 'WORKASPACE' ) );
#2278 = VECTOR ( 'NONE', #9556, 1000.000000000000000 ) ;
#2279 = AXIS2_PLACEMENT_3D ( 'NONE', #8236, #7401, #6533 ) ;
#2280 = PLANE ( 'NONE',  #7207 ) ;
#2281 = DIRECTION ( 'NONE',  ( 0.0000000000000000000, -0.0000000000000000000, -1.000000000000000000 ) ) ;
#2282 = DIRECTION ( 'NONE',  ( 0.0000000000000000000, 1.000000000000000000, 0.0000000000000000000 ) ) ;
#2283 = VERTEX_POINT ( 'NONE', #3049 ) ;
#2284 = VERTEX_POINT ( 'NONE', #2990 ) ;
#2285 = SURFACE_STYLE_FILL_AREA ( #7826 ) ;
#2286 = AXIS2_PLACEMENT_3D ( 'NONE', #8670, #9567, #4282 ) ;
#2287 = PLANE ( 'NONE',  #3903 ) ;
#2288 = LINE ( 'NONE', #4903, #2007 ) ;
#2289 = CARTESIAN_POINT ( 'NONE',  ( -0.1599999999999999800, 2.500000000000000000, -1.084202172485504400E-016 ) ) ;
#2290 = DIRECTION ( 'NONE',  ( 1.000000000000000000, 0.0000000000000000000, 0.0000000000000000000 ) ) ;
#2291 = PLANE ( 'NONE',  #2945 ) ;
#2292 = PRESENTATION_LAYER_ASSIGNMENT (  '', '', ( #1071 ) ) ;
#2293 = ORIENTED_EDGE ( 'NONE', *, *, #5733, .F. ) ;
#2294 = FACE_OUTER_BOUND ( 'NONE', #10883, .T. ) ;
#2295 = ADVANCED_FACE ( 'NONE', ( #9953 ), #2113, .T. ) ;
#2296 = VECTOR ( 'NONE', #10649, 1000.000000000000000 ) ;
#2297 = EDGE_CURVE ( 'NONE', #2983, #4389, #3191, .T. ) ;
#2298 = EDGE_LOOP ( 'NONE', ( #6708, #6322, #3786, #9654 ) ) ;
#2299 =( LENGTH_UNIT ( ) NAMED_UNIT ( * ) SI_UNIT ( .MILLI., .METRE. ) );
#2300 = DIRECTION ( 'NONE',  ( 0.0000000000000000000, 1.000000000000000000, 0.0000000000000000000 ) ) ;
#2301 = FILL_AREA_STYLE ('',( #488 ) ) ;
#2302 = CARTESIAN_POINT ( 'NONE',  ( -5.020000000000001400, -0.8799999999999986700, 1.529999999999999800 ) ) ;
#2303 = ADVANCED_FACE ( 'NONE', ( #5255 ), #1076, .F. ) ;
#2304 = DIRECTION ( 'NONE',  ( 0.0000000000000000000, -0.7071067811865455700, 0.7071067811865493500 ) ) ;
#2305 = CARTESIAN_POINT ( 'NONE',  ( -5.200000000000001100, -0.8000000000000001600, 4.699999999999997500 ) ) ;
#2306 = DIRECTION ( 'NONE',  ( 0.0000000000000000000, 1.141265444721583800E-016, -1.000000000000000000 ) ) ;
#2307 = ORIENTED_EDGE ( 'NONE', *, *, #9468, .F. ) ;
#2308 = VECTOR ( 'NONE', #6028, 1000.000000000000000 ) ;
#2309 = ORIENTED_EDGE ( 'NONE', *, *, #9576, .T. ) ;
#2310 = EDGE_CURVE ( 'NONE', #10161, #7109, #6368, .T. ) ;
#2311 = DIRECTION ( 'NONE',  ( -1.000000000000000000, -0.0000000000000000000, -0.0000000000000000000 ) ) ;
#2312 = CARTESIAN_POINT ( 'NONE',  ( -2.339999999999999900, 0.2499999999999996700, 0.2999999999999966000 ) ) ;
#2313 = EDGE_CURVE ( 'NONE', #6418, #7318, #2913, .T. ) ;
#2314 = EDGE_CURVE ( 'NONE', #8782, #3460, #526, .T. ) ;
#2315 = CARTESIAN_POINT ( 'NONE',  ( -1.724999999999999400, -0.6999999999999988500, 3.249999999999996000 ) ) ;
#2316 = DIRECTION ( 'NONE',  ( 0.0000000000000000000, -1.000000000000000000, 1.355252715606881500E-016 ) ) ;
#2317 = SURFACE_SIDE_STYLE ('',( #1540 ) ) ;
#2318 = DIRECTION ( 'NONE',  ( -0.0000000000000000000, 0.0000000000000000000, -1.000000000000000000 ) ) ;
#2319 = EDGE_CURVE ( 'NONE', #6919, #7047, #7870, .T. ) ;
#2320 = ORIENTED_EDGE ( 'NONE', *, *, #7571, .T. ) ;
#2321 = LINE ( 'NONE', #3647, #11433 ) ;
#2322 = CARTESIAN_POINT ( 'NONE',  ( 2.925000000000000300, -1.100000000000000100, 0.6499999999999978000 ) ) ;
#2323 = CARTESIAN_POINT ( 'NONE',  ( -5.020000000000001400, 1.100000000000000100, 1.276000000000000000 ) ) ;
#2324 = ORIENTED_EDGE ( 'NONE', *, *, #6333, .F. ) ;
#2325 = CARTESIAN_POINT ( 'NONE',  ( 1.089999999999999900, -0.1500000000000003300, 0.2999999999999965500 ) ) ;
#2326 = ORIENTED_EDGE ( 'NONE', *, *, #7553, .T. ) ;
#2327 = ORIENTED_EDGE ( 'NONE', *, *, #6766, .F. ) ;
#2328 = FILL_AREA_STYLE_COLOUR ( '', #2805 ) ;
#2329 = ORIENTED_EDGE ( 'NONE', *, *, #10695, .T. ) ;
#2330 = MECHANICAL_DESIGN_GEOMETRIC_PRESENTATION_REPRESENTATION (  '', ( #4563 ), #2936 ) ;
#2331 = EDGE_CURVE ( 'NONE', #11196, #4151, #7320, .T. ) ;
#2332 = VECTOR ( 'NONE', #7797, 1000.000000000000000 ) ;
#2333 = ORIENTED_EDGE ( 'NONE', *, *, #11105, .F. ) ;
#2334 =( LENGTH_UNIT ( ) NAMED_UNIT ( * ) SI_UNIT ( .MILLI., .METRE. ) );
#2335 = CARTESIAN_POINT ( 'NONE',  ( 2.339999999999999900, 2.200000000000004200, 0.2999999999999989900 ) ) ;
#2336 = ORIENTED_EDGE ( 'NONE', *, *, #10466, .T. ) ;
#2337 = AXIS2_PLACEMENT_3D ( 'NONE', #4257, #10393, #9615 ) ;
#2338 = STYLED_ITEM ( 'NONE', ( #7894 ), #4990 ) ;
#2339 = COLOUR_RGB ( '',0.8000000000000000400, 0.8078431372549019800, 0.8000000000000000400 ) ;
#2340 = CARTESIAN_POINT ( 'NONE',  ( -3.699999999999999300, 1.700000000000000000, 4.699999999999995700 ) ) ;
#2341 = ORIENTED_EDGE ( 'NONE', *, *, #6816, .T. ) ;
#2342 = VERTEX_POINT ( 'NONE', #5348 ) ;
#2343 = LINE ( 'NONE', #9352, #11460 ) ;
#2344 = CARTESIAN_POINT ( 'NONE',  ( -0.8249999999999999600, -1.100000000000000300, 0.6499999999999984700 ) ) ;
#2345 = PRESENTATION_LAYER_ASSIGNMENT (  '', '', ( #1155 ) ) ;
#2346 = PRESENTATION_LAYER_ASSIGNMENT (  '', '', ( #1157 ) ) ;
#2347 = ADVANCED_FACE ( 'NONE', ( #2642 ), #7725, .T. ) ;
#2348 = EDGE_LOOP ( 'NONE', ( #9675, #9387, #689, #4763 ) ) ;
#2349 = SURFACE_STYLE_USAGE ( .BOTH. , #7634 ) ;
#2350 = SURFACE_STYLE_FILL_AREA ( #1343 ) ;
#2351 = DIRECTION ( 'NONE',  ( 0.0000000000000000000, 1.000000000000000000, 0.0000000000000000000 ) ) ;
#2352 = VECTOR ( 'NONE', #388, 1000.000000000000000 ) ;
#2353 = PLANE ( 'NONE',  #462 ) ;
#2354 = CARTESIAN_POINT ( 'NONE',  ( 4.524000000000000900, -1.100000000000000100, 0.3039999999999999400 ) ) ;
#2355 = PLANE ( 'NONE',  #544 ) ;
#2356 = AXIS2_PLACEMENT_3D ( 'NONE', #10994, #3972, #10155 ) ;
#2357 = EDGE_LOOP ( 'NONE', ( #5151, #10217, #5197, #2426 ) ) ;
#2358 = EDGE_LOOP ( 'NONE', ( #10987, #6192, #3112, #6900 ) ) ;
#2359 = DIRECTION ( 'NONE',  ( -0.9805806756909207800, 0.0000000000000000000, 0.1961161351381807700 ) ) ;
#2360 = FILL_AREA_STYLE_COLOUR ( '', #9711 ) ;
#2361 = COLOUR_RGB ( '',0.8000000000000000400, 0.8078431372549019800, 0.8000000000000000400 ) ;
#2362 = ADVANCED_FACE ( 'NONE', ( #9388 ), #4613, .F. ) ;
#2363 = PRESENTATION_STYLE_ASSIGNMENT (( #9076 ) ) ;
#2364 = EDGE_CURVE ( 'NONE', #4851, #3363, #10642, .T. ) ;
#2365 = VECTOR ( 'NONE', #1328, 1000.000000000000000 ) ;
#2366 = DIRECTION ( 'NONE',  ( 0.0000000000000000000, 0.0000000000000000000, 1.000000000000000000 ) ) ;
#2367 = CARTESIAN_POINT ( 'NONE',  ( -3.999999999999999100, -0.9999999999999986700, 4.699999999999995700 ) ) ;
#2368 = PRESENTATION_LAYER_ASSIGNMENT (  '', '', ( #1167 ) ) ;
#2369 = EDGE_CURVE ( 'NONE', #8797, #4749, #6230, .T. ) ;
#2370 = FILL_AREA_STYLE_COLOUR ( '', #4261 ) ;
#2371 = VECTOR ( 'NONE', #2774, 1000.000000000000000 ) ;
#2372 = ORIENTED_EDGE ( 'NONE', *, *, #4166, .T. ) ;
#2373 = DIRECTION ( 'NONE',  ( 0.0000000000000000000, -1.355252715606881500E-016, -1.000000000000000000 ) ) ;
#2374 = LINE ( 'NONE', #78, #9116 ) ;
#2375 = ORIENTED_EDGE ( 'NONE', *, *, #11256, .T. ) ;
#2376 = ORIENTED_EDGE ( 'NONE', *, *, #340, .T. ) ;
#2377 = LINE ( 'NONE', #2128, #9121 ) ;
#2378 = VECTOR ( 'NONE', #1500, 1000.000000000000000 ) ;
#2379 = LINE ( 'NONE', #5926, #6796 ) ;
#2380 = CARTESIAN_POINT ( 'NONE',  ( -2.660000000000000100, 0.2499999999999996700, 0.1799999999999966600 ) ) ;
#2381 = VECTOR ( 'NONE', #7136, 1000.000000000000000 ) ;
#2382 = CARTESIAN_POINT ( 'NONE',  ( 0.1599999999999999800, 3.100000000000000100, 0.3499999999999989800 ) ) ;
#2383 = ORIENTED_EDGE ( 'NONE', *, *, #5392, .T. ) ;
#2384 = VECTOR ( 'NONE', #6838, 1000.000000000000000 ) ;
#2385 = ORIENTED_EDGE ( 'NONE', *, *, #356, .F. ) ;
#2386 = ORIENTED_EDGE ( 'NONE', *, *, #8446, .F. ) ;
#2387 = PRESENTATION_STYLE_ASSIGNMENT (( #4945 ) ) ;
#2388 = FACE_OUTER_BOUND ( 'NONE', #9064, .T. ) ;
#2389 = EDGE_CURVE ( 'NONE', #3040, #10789, #1510, .T. ) ;
#2390 = COLOUR_RGB ( '',0.8000000000000000400, 0.8078431372549019800, 0.8000000000000000400 ) ;
#2391 = EDGE_CURVE ( 'NONE', #7590, #10397, #3617, .T. ) ;
#2392 = EDGE_CURVE ( 'NONE', #4462, #6250, #8279, .T. ) ;
#2393 = FACE_OUTER_BOUND ( 'NONE', #3742, .T. ) ;
#2394 = CARTESIAN_POINT ( 'NONE',  ( -3.399999999999999900, -0.6999999999999988500, 4.399999999999994100 ) ) ;
#2395 = ORIENTED_EDGE ( 'NONE', *, *, #11257, .T. ) ;
#2396 = EDGE_LOOP ( 'NONE', ( #10323, #3378, #11329, #1491 ) ) ;
#2397 = CARTESIAN_POINT ( 'NONE',  ( -1.090000000000000100, 3.100000000000000100, 0.09999999999999947800 ) ) ;
#2398 = ORIENTED_EDGE ( 'NONE', *, *, #3894, .T. ) ;
#2399 = CARTESIAN_POINT ( 'NONE',  ( 3.999999999999997300, 1.420000000000003000, 0.2999999999999975500 ) ) ;
#2400 = CARTESIAN_POINT ( 'NONE',  ( -6.112000000000004500, -0.4879999999999927700, 0.2539999999999999500 ) ) ;
#2401 = SURFACE_STYLE_FILL_AREA ( #11370 ) ;
#2402 = DIRECTION ( 'NONE',  ( 1.000000000000000000, 0.0000000000000000000, -0.0000000000000000000 ) ) ;
#2403 = DIRECTION ( 'NONE',  ( -0.0000000000000000000, 1.000000000000000000, -0.0000000000000000000 ) ) ;
#2404 = VECTOR ( 'NONE', #6252, 1000.000000000000000 ) ;
#2405 = LINE ( 'NONE', #1799, #4470 ) ;
#2406 = CARTESIAN_POINT ( 'NONE',  ( 1.325000000000000200, 3.673118842698620300, 3.249999999999995600 ) ) ;
#2407 = ORIENTED_EDGE ( 'NONE', *, *, #1384, .F. ) ;
#2408 = VECTOR ( 'NONE', #9981, 1000.000000000000000 ) ;
#2409 = DIRECTION ( 'NONE',  ( 0.0000000000000000000, 1.000000000000000000, 0.0000000000000000000 ) ) ;
#2410 = UNCERTAINTY_MEASURE_WITH_UNIT (LENGTH_MEASURE( 1.000000000000000100E-005 ), #1849, 'distance_accuracy_value', 'NONE');
#2411 = DIRECTION ( 'NONE',  ( -0.0000000000000000000, -1.000000000000000000, -0.0000000000000000000 ) ) ;
#2412 = EDGE_CURVE ( 'NONE', #8927, #2214, #10362, .T. ) ;
#2413 = ORIENTED_EDGE ( 'NONE', *, *, #5567, .F. ) ;
#2414 = VERTEX_POINT ( 'NONE', #7426 ) ;
#2415 = ORIENTED_EDGE ( 'NONE', *, *, #7927, .F. ) ;
#2416 = CARTESIAN_POINT ( 'NONE',  ( 3.699999999999995700, 0.09999999999999982500, 1.749999999999996400 ) ) ;
#2417 = COLOUR_RGB ( '',0.8000000000000000400, 0.8078431372549019800, 0.8000000000000000400 ) ;
#2418 = DIRECTION ( 'NONE',  ( 0.0000000000000000000, 1.000000000000000000, 0.0000000000000000000 ) ) ;
#2419 = DIRECTION ( 'NONE',  ( -1.000000000000000000, 0.0000000000000000000, 3.049318610115480700E-016 ) ) ;
#2420 = LINE ( 'NONE', #2340, #2139 ) ;
#2421 = DIRECTION ( 'NONE',  ( 1.000000000000000000, 0.0000000000000000000, 0.0000000000000000000 ) ) ;
#2422 = ADVANCED_FACE ( 'NONE', ( #7730 ), #8093, .T. ) ;
#2423 = MECHANICAL_DESIGN_GEOMETRIC_PRESENTATION_REPRESENTATION (  '', ( #612 ), #3024 ) ;
#2424 = AXIS2_PLACEMENT_3D ( 'NONE', #10902, #2099, #8071 ) ;
#2425 = ORIENTED_EDGE ( 'NONE', *, *, #4244, .T. ) ;
#2426 = ORIENTED_EDGE ( 'NONE', *, *, #2919, .F. ) ;
#2427 = DIRECTION ( 'NONE',  ( 0.0000000000000000000, 0.0000000000000000000, 1.000000000000000000 ) ) ;
#2428 = VERTEX_POINT ( 'NONE', #5779 ) ;
#2429 = VECTOR ( 'NONE', #6191, 1000.000000000000000 ) ;
#2430 = DIRECTION ( 'NONE',  ( 0.0000000000000000000, -1.000000000000000000, -0.0000000000000000000 ) ) ;
#2431 = CARTESIAN_POINT ( 'NONE',  ( -2.925000000000000700, 2.600000000000000100, 0.2999999999999987100 ) ) ;
#2432 = LINE ( 'NONE', #11159, #6844 ) ;
#2433 = MECHANICAL_DESIGN_GEOMETRIC_PRESENTATION_REPRESENTATION (  '', ( #618 ), #3028 ) ;
#2434 =( LENGTH_UNIT ( ) NAMED_UNIT ( * ) SI_UNIT ( .MILLI., .METRE. ) );
#2435 = ORIENTED_EDGE ( 'NONE', *, *, #4320, .T. ) ;
#2436 = PRESENTATION_LAYER_ASSIGNMENT (  '', '', ( #1212 ) ) ;
#2437 = ADVANCED_FACE ( 'NONE', ( #4547 ), #5937, .T. ) ;
#2438 = PLANE ( 'NONE',  #9616 ) ;
#2439 = DIRECTION ( 'NONE',  ( -0.7071067811865490200, 0.0000000000000000000, -0.7071067811865460200 ) ) ;
#2440 = ORIENTED_EDGE ( 'NONE', *, *, #4165, .T. ) ;
#2441 = MECHANICAL_DESIGN_GEOMETRIC_PRESENTATION_REPRESENTATION (  '', ( #625 ), #3037 ) ;
#2442 = FILL_AREA_STYLE ('',( #626 ) ) ;
#2443 = PRESENTATION_LAYER_ASSIGNMENT (  '', '', ( #1222 ) ) ;
#2444 = PRESENTATION_STYLE_ASSIGNMENT (( #5921 ) ) ;
#2445 =( LENGTH_UNIT ( ) NAMED_UNIT ( * ) SI_UNIT ( .MILLI., .METRE. ) );
#2446 = CARTESIAN_POINT ( 'NONE',  ( -2.339999999999999900, 3.100000000000000100, 0.3499999999999989800 ) ) ;
#2447 = DIRECTION ( 'NONE',  ( 0.0000000000000000000, -0.0000000000000000000, -1.000000000000000000 ) ) ;
#2448 =( NAMED_UNIT ( * ) SI_UNIT ( $, .STERADIAN. ) SOLID_ANGLE_UNIT ( ) );
#2449 = CARTESIAN_POINT ( 'NONE',  ( -2.024999999999999500, 2.123118842698621800, 3.249999999999996000 ) ) ;
#2450 = PLANE ( 'NONE',  #10703 ) ;
#2451 =( GEOMETRIC_REPRESENTATION_CONTEXT ( 3 ) GLOBAL_UNCERTAINTY_ASSIGNED_CONTEXT ( ( #6494 ) ) GLOBAL_UNIT_ASSIGNED_CONTEXT ( ( #5662, #341, #6578 ) ) REPRESENTATION_CONTEXT ( 'NONE', 'WORKASPACE' ) );
#2452 = DIRECTION ( 'NONE',  ( -1.000000000000000000, 4.565061778886335000E-016, 0.0000000000000000000 ) ) ;
#2453 = ORIENTED_EDGE ( 'NONE', *, *, #11022, .F. ) ;
#2454 =( NAMED_UNIT ( * ) PLANE_ANGLE_UNIT ( ) SI_UNIT ( $, .RADIAN. ) );
#2455 = VECTOR ( 'NONE', #9611, 1000.000000000000100 ) ;
#2456 = SURFACE_STYLE_USAGE ( .BOTH. , #7718 ) ;
#2457 = DIRECTION ( 'NONE',  ( -0.7071067811865495700, 0.0000000000000000000, 0.7071067811865454600 ) ) ;
#2458 = DIRECTION ( 'NONE',  ( -0.0000000000000000000, 0.0000000000000000000, -1.000000000000000000 ) ) ;
#2459 = SURFACE_STYLE_USAGE ( .BOTH. , #7726 ) ;
#2460 = ORIENTED_EDGE ( 'NONE', *, *, #11476, .F. ) ;
#2461 = FACE_OUTER_BOUND ( 'NONE', #387, .T. ) ;
#2462 = EDGE_CURVE ( 'NONE', #8221, #3959, #8409, .T. ) ;
#2463 = EDGE_CURVE ( 'NONE', #6319, #9834, #3726, .T. ) ;
#2464 = FILL_AREA_STYLE_COLOUR ( '', #10284 ) ;
#2465 = PLANE ( 'NONE',  #614 ) ;
#2466 = PLANE ( 'NONE',  #5824 ) ;
#2467 = DIRECTION ( 'NONE',  ( 0.0000000000000000000, -1.000000000000000000, 1.204669080539448600E-016 ) ) ;
#2468 = LINE ( 'NONE', #3239, #64 ) ;
#2469 = CARTESIAN_POINT ( 'NONE',  ( -1.409999999999999900, 0.4249999999999998200, 3.499999999999981300 ) ) ;
#2470 = ORIENTED_EDGE ( 'NONE', *, *, #10682, .T. ) ;
#2471 = ORIENTED_EDGE ( 'NONE', *, *, #2364, .F. ) ;
#2472 = CARTESIAN_POINT ( 'NONE',  ( -2.551717647058823400, 0.3437882352941176200, 4.041411764705874700 ) ) ;
#2473 = ORIENTED_EDGE ( 'NONE', *, *, #2364, .T. ) ;
#2474 = EDGE_CURVE ( 'NONE', #10446, #6687, #6102, .T. ) ;
#2475 = ADVANCED_FACE ( 'NONE', ( #8113 ), #3126, .T. ) ;
#2476 = CARTESIAN_POINT ( 'NONE',  ( 0.1599999999999999800, 3.000000000000000000, 0.4499999999999998400 ) ) ;
#2477 = DIRECTION ( 'NONE',  ( 0.0000000000000000000, 0.7071067811865439100, -0.7071067811865512400 ) ) ;
#2478 = SURFACE_SIDE_STYLE ('',( #8065 ) ) ;
#2479 =( LENGTH_UNIT ( ) NAMED_UNIT ( * ) SI_UNIT ( .MILLI., .METRE. ) );
#2480 = SURFACE_SIDE_STYLE ('',( #6949 ) ) ;
#2481 = ORIENTED_EDGE ( 'NONE', *, *, #9861, .T. ) ;
#2482 = VERTEX_POINT ( 'NONE', #4148 ) ;
#2483 = FACE_OUTER_BOUND ( 'NONE', #3103, .T. ) ;
#2484 = EDGE_CURVE ( 'NONE', #5445, #269, #1357, .T. ) ;
#2485 = PLANE ( 'NONE',  #8848 ) ;
#2486 = ORIENTED_EDGE ( 'NONE', *, *, #7793, .F. ) ;
#2487 = DIRECTION ( 'NONE',  ( -1.000000000000000000, 6.776263578034385000E-016, -0.0000000000000000000 ) ) ;
#2488 = EDGE_LOOP ( 'NONE', ( #1638, #10648, #5701, #2119 ) ) ;
#2489 = CARTESIAN_POINT ( 'NONE',  ( 0.8249999999999997300, -1.100000000000000100, 0.6499999999999980200 ) ) ;
#2490 = DIRECTION ( 'NONE',  ( 0.0000000000000000000, 1.000000000000000000, 0.0000000000000000000 ) ) ;
#2491 = MECHANICAL_DESIGN_GEOMETRIC_PRESENTATION_REPRESENTATION (  '', ( #678 ), #3094 ) ;
#2492 = DIRECTION ( 'NONE',  ( -0.0000000000000000000, -1.000000000000000000, -0.0000000000000000000 ) ) ;
#2493 = ADVANCED_FACE ( 'NONE', ( #1067 ), #2143, .T. ) ;
#2494 =( GEOMETRIC_REPRESENTATION_CONTEXT ( 3 ) GLOBAL_UNCERTAINTY_ASSIGNED_CONTEXT ( ( #6411 ) ) GLOBAL_UNIT_ASSIGNED_CONTEXT ( ( #3616, #3652, #3746 ) ) REPRESENTATION_CONTEXT ( 'NONE', 'WORKASPACE' ) );
#2495 = CARTESIAN_POINT ( 'NONE',  ( -0.1599999999999999800, 0.4249999999999998200, 0.6499999999999980200 ) ) ;
#2496 = CARTESIAN_POINT ( 'NONE',  ( 2.660000000000000100, 0.2499999999999996700, 0.1799999999999966600 ) ) ;
#2497 = ORIENTED_EDGE ( 'NONE', *, *, #5129, .F. ) ;
#2498 = VECTOR ( 'NONE', #5739, 1000.000000000000000 ) ;
#2499 = EDGE_LOOP ( 'NONE', ( #4355, #10914, #10951, #4954 ) ) ;
#2500 = CARTESIAN_POINT ( 'NONE',  ( -3.399999999999999500, 0.8499999999999996400, 4.399999999999995900 ) ) ;
#2501 = PLANE ( 'NONE',  #2860 ) ;
#2502 = CARTESIAN_POINT ( 'NONE',  ( 3.999999999999997300, 2.600000000000000100, 0.2999999999999975500 ) ) ;
#2503 = EDGE_LOOP ( 'NONE', ( #5871, #5649, #4274, #3092 ) ) ;
#2504 = MECHANICAL_DESIGN_GEOMETRIC_PRESENTATION_REPRESENTATION (  '', ( #692 ), #3100 ) ;
#2505 = SURFACE_STYLE_FILL_AREA ( #1454 ) ;
#2506 = SURFACE_STYLE_FILL_AREA ( #4791 ) ;
#2507 = CARTESIAN_POINT ( 'NONE',  ( -3.500000000000001300, -1.100000000000000300, 0.04999999999999980800 ) ) ;
#2508 = VECTOR ( 'NONE', #7771, 1000.000000000000000 ) ;
#2509 = EDGE_LOOP ( 'NONE', ( #10832, #5735, #3247, #8669 ) ) ;
#2510 = CARTESIAN_POINT ( 'NONE',  ( -3.049999999999999800, 2.000000000000000000, 3.699999999999996600 ) ) ;
#2511 =( GEOMETRIC_REPRESENTATION_CONTEXT ( 3 ) GLOBAL_UNCERTAINTY_ASSIGNED_CONTEXT ( ( #6988 ) ) GLOBAL_UNIT_ASSIGNED_CONTEXT ( ( #10056, #473, #447 ) ) REPRESENTATION_CONTEXT ( 'NONE', 'WORKASPACE' ) );
#2512 = SURFACE_STYLE_USAGE ( .BOTH. , #7787 ) ;
#2513 = LINE ( 'NONE', #5059, #9252 ) ;
#2514 = DIRECTION ( 'NONE',  ( 0.0000000000000000000, -0.7071067811865439100, 0.7071067811865512400 ) ) ;
#2515 = ORIENTED_EDGE ( 'NONE', *, *, #4102, .F. ) ;
#2516 = VECTOR ( 'NONE', #7344, 1000.000000000000000 ) ;
#2517 = VERTEX_POINT ( 'NONE', #453 ) ;
#2518 = ORIENTED_EDGE ( 'NONE', *, *, #10231, .T. ) ;
#2519 = DIRECTION ( 'NONE',  ( 0.0000000000000000000, 0.0000000000000000000, -1.000000000000000000 ) ) ;
#2520 = DIRECTION ( 'NONE',  ( 0.7071067811865460200, 0.0000000000000000000, -0.7071067811865489100 ) ) ;
#2521 = VECTOR ( 'NONE', #5306, 1000.000000000000000 ) ;
#2522 = CARTESIAN_POINT ( 'NONE',  ( 1.409999999999999700, 2.200000000000004200, 0.2999999999999989900 ) ) ;
#2523 = FACE_OUTER_BOUND ( 'NONE', #4364, .T. ) ;
#2524 = DIRECTION ( 'NONE',  ( -1.000000000000000000, -0.0000000000000000000, 3.049318610115480700E-016 ) ) ;
#2525 = FACE_OUTER_BOUND ( 'NONE', #5138, .T. ) ;
#2526 = CARTESIAN_POINT ( 'NONE',  ( -1.090000000000000100, 2.350000000000003200, 0.6499999999999986900 ) ) ;
#2527 = CARTESIAN_POINT ( 'NONE',  ( -0.1599999999999999800, -0.3750000000000001100, 1.749999999999996400 ) ) ;
#2528 = VECTOR ( 'NONE', #2409, 1000.000000000000000 ) ;
#2529 = SURFACE_STYLE_FILL_AREA ( #2943 ) ;
#2530 = LINE ( 'NONE', #5566, #2235 ) ;
#2531 = VECTOR ( 'NONE', #811, 1000.000000000000000 ) ;
#2532 = ORIENTED_EDGE ( 'NONE', *, *, #1470, .F. ) ;
#2533 = ORIENTED_EDGE ( 'NONE', *, *, #4339, .F. ) ;
#2534 = VECTOR ( 'NONE', #2641, 1000.000000000000000 ) ;
#2535 = DIRECTION ( 'NONE',  ( -1.000000000000000000, 0.0000000000000000000, -4.371782953570583600E-016 ) ) ;
#2536 = CARTESIAN_POINT ( 'NONE',  ( 1.089999999999999900, -0.6250000000000003300, 0.6499999999999964700 ) ) ;
#2537 = CARTESIAN_POINT ( 'NONE',  ( 5.020000000000001400, -1.100000000000000100, 1.276000000000000000 ) ) ;
#2538 = DIRECTION ( 'NONE',  ( 1.000000000000000000, 0.0000000000000000000, -3.771137991253929100E-016 ) ) ;
#2539 = VECTOR ( 'NONE', #10774, 1000.000000000000000 ) ;
#2540 = EDGE_CURVE ( 'NONE', #5373, #926, #7027, .T. ) ;
#2541 = DIRECTION ( 'NONE',  ( 1.172110456741085800E-016, -1.000000000000000000, 0.0000000000000000000 ) ) ;
#2542 = PRESENTATION_STYLE_ASSIGNMENT (( #11393 ) ) ;
#2543 = CARTESIAN_POINT ( 'NONE',  ( -5.200000000000001100, -0.8000000000000001600, 4.699999999999997500 ) ) ;
#2544 = ADVANCED_FACE ( 'NONE', ( #4690 ), #11506, .T. ) ;
#2545 = ORIENTED_EDGE ( 'NONE', *, *, #6235, .F. ) ;
#2546 = VERTEX_POINT ( 'NONE', #610 ) ;
#2547 = VECTOR ( 'NONE', #6082, 1000.000000000000000 ) ;
#2548 = VECTOR ( 'NONE', #2138, 1000.000000000000000 ) ;
#2549 = FACE_OUTER_BOUND ( 'NONE', #6561, .T. ) ;
#2550 = CARTESIAN_POINT ( 'NONE',  ( -1.089999999999999200, 0.4249999999999998200, 0.04999999999999753300 ) ) ;
#2551 = LINE ( 'NONE', #998, #7215 ) ;
#2552 = CARTESIAN_POINT ( 'NONE',  ( 4.000000000000001800, -0.8000000000000013800, 1.699999999999989700 ) ) ;
#2553 = LINE ( 'NONE', #4078, #1130 ) ;
#2554 = CARTESIAN_POINT ( 'NONE',  ( 3.699999999999995700, 0.09999999999999982500, 4.699999999999996600 ) ) ;
#2555 = ADVANCED_FACE ( 'NONE', ( #3854 ), #8827, .T. ) ;
#2556 = CARTESIAN_POINT ( 'NONE',  ( 3.500000000000000900, 1.700000000000000000, 0.04999999999999763700 ) ) ;
#2557 = DIRECTION ( 'NONE',  ( 0.0000000000000000000, -1.000000000000000000, -2.032879073410321300E-016 ) ) ;
#2558 = EDGE_CURVE ( 'NONE', #926, #6365, #8265, .T. ) ;
#2559 = VERTEX_POINT ( 'NONE', #6989 ) ;
#2560 = EDGE_LOOP ( 'NONE', ( #11299, #4463, #6174, #3199 ) ) ;
#2561 = ORIENTED_EDGE ( 'NONE', *, *, #956, .F. ) ;
#2562 = EDGE_CURVE ( 'NONE', #4151, #5790, #10630, .T. ) ;
#2563 = VECTOR ( 'NONE', #9394, 1000.000000000000000 ) ;
#2564 = EDGE_CURVE ( 'NONE', #2107, #8758, #1494, .T. ) ;
#2565 = CARTESIAN_POINT ( 'NONE',  ( -0.1599999999999999800, 0.4249999999999998200, 0.6499999999999964700 ) ) ;
#2566 = LINE ( 'NONE', #11283, #4610 ) ;
#2567 = FACE_OUTER_BOUND ( 'NONE', #10432, .T. ) ;
#2568 = DIRECTION ( 'NONE',  ( 0.0000000000000000000, 0.0000000000000000000, -1.000000000000000000 ) ) ;
#2569 = SURFACE_SIDE_STYLE ('',( #2285 ) ) ;
#2570 = FILL_AREA_STYLE ('',( #1655 ) ) ;
#2571 = CARTESIAN_POINT ( 'NONE',  ( 1.410000000000000600, 0.4249999999999998200, 1.749999999999996400 ) ) ;
#2572 = ORIENTED_EDGE ( 'NONE', *, *, #10892, .F. ) ;
#2573 = ORIENTED_EDGE ( 'NONE', *, *, #10871, .F. ) ;
#2574 = COLOUR_RGB ( '',0.8000000000000000400, 0.8078431372549019800, 0.8000000000000000400 ) ;
#2575 = FILL_AREA_STYLE ('',( #10322 ) ) ;
#2576 = VECTOR ( 'NONE', #7781, 1000.000000000000000 ) ;
#2577 =( LENGTH_UNIT ( ) NAMED_UNIT ( * ) SI_UNIT ( .MILLI., .METRE. ) );
#2578 = CARTESIAN_POINT ( 'NONE',  ( -3.399999999999999500, 1.700000000000000000, 3.699999999999996600 ) ) ;
#2579 = EDGE_CURVE ( 'NONE', #8182, #8438, #5946, .T. ) ;
#2580 = ORIENTED_EDGE ( 'NONE', *, *, #883, .T. ) ;
#2581 = VERTEX_POINT ( 'NONE', #2636 ) ;
#2582 = LINE ( 'NONE', #7796, #7247 ) ;
#2583 = AXIS2_PLACEMENT_3D ( 'NONE', #9826, #8945, #3693 ) ;
#2584 = ORIENTED_EDGE ( 'NONE', *, *, #5636, .F. ) ;
#2585 = EDGE_LOOP ( 'NONE', ( #7233, #9010, #4013, #2453 ) ) ;
#2586 = DIRECTION ( 'NONE',  ( -0.0000000000000000000, -1.000000000000000000, -0.0000000000000000000 ) ) ;
#2587 = AXIS2_PLACEMENT_3D ( 'NONE', #7378, #8251, #3006 ) ;
#2588 = CARTESIAN_POINT ( 'NONE',  ( -4.000000000000000900, -1.100000000000000100, 0.2999999999999999900 ) ) ;
#2589 = AXIS2_PLACEMENT_3D ( 'NONE', #514, #7606, #2318 ) ;
#2590 = LINE ( 'NONE', #2744, #6991 ) ;
#2591 = DIRECTION ( 'NONE',  ( 0.0000000000000000000, -1.000000000000000000, -4.336808689942014600E-015 ) ) ;
#2592 = CARTESIAN_POINT ( 'NONE',  ( 4.200000000000000200, 1.399999999999998800, 2.200000000000000200 ) ) ;
#2593 = MECHANICAL_DESIGN_GEOMETRIC_PRESENTATION_REPRESENTATION (  '', ( #776 ), #3177 ) ;
#2594 = ADVANCED_FACE ( 'NONE', ( #3323 ), #1817, .T. ) ;
#2595 = VERTEX_POINT ( 'NONE', #7978 ) ;
#2596 = PRESENTATION_STYLE_ASSIGNMENT (( #8085 ) ) ;
#2597 = SURFACE_SIDE_STYLE ('',( #10580 ) ) ;
#2598 = PLANE ( 'NONE',  #3260 ) ;
#2599 = CARTESIAN_POINT ( 'NONE',  ( 5.700000000000001100, 1.100000000000000100, -5.421010862427522200E-017 ) ) ;
#2600 = EDGE_CURVE ( 'NONE', #3666, #7159, #933, .T. ) ;
#2601 = MECHANICAL_DESIGN_GEOMETRIC_PRESENTATION_REPRESENTATION (  '', ( #788 ), #3186 ) ;
#2602 = FILL_AREA_STYLE_COLOUR ( '', #7330 ) ;
#2603 = DIRECTION ( 'NONE',  ( 0.0000000000000000000, -0.7071067811865512400, -0.7071067811865439100 ) ) ;
#2604 = ORIENTED_EDGE ( 'NONE', *, *, #10104, .T. ) ;
#2605 = LINE ( 'NONE', #10442, #7004 ) ;
#2606 = DIRECTION ( 'NONE',  ( 0.0000000000000000000, -1.000000000000000000, 0.0000000000000000000 ) ) ;
#2607 = CARTESIAN_POINT ( 'NONE',  ( -2.660000000000000100, 3.100000000000000100, 0.3499999999999989800 ) ) ;
#2608 = CARTESIAN_POINT ( 'NONE',  ( -4.524000000000000900, 1.100000000000000100, 0.2540000000000000000 ) ) ;
#2609 = DIRECTION ( 'NONE',  ( 0.0000000000000000000, 0.9701425001453327600, -0.2425356250363297200 ) ) ;
#2610 = FILL_AREA_STYLE_COLOUR ( '', #1247 ) ;
#2611 = ORIENTED_EDGE ( 'NONE', *, *, #2474, .F. ) ;
#2612 = FACE_OUTER_BOUND ( 'NONE', #371, .T. ) ;
#2613 = EDGE_CURVE ( 'NONE', #7920, #5933, #7989, .T. ) ;
#2614 = ORIENTED_EDGE ( 'NONE', *, *, #3286, .F. ) ;
#2615 = CARTESIAN_POINT ( 'NONE',  ( 2.224999999999995200, 0.09999999999999982500, 3.224999999999987200 ) ) ;
#2616 = EDGE_CURVE ( 'NONE', #673, #3666, #5379, .T. ) ;
#2617 = FILL_AREA_STYLE_COLOUR ( '', #691 ) ;
#2618 = DIRECTION ( 'NONE',  ( 0.0000000000000000000, 0.0000000000000000000, 1.000000000000000000 ) ) ;
#2619 = LINE ( 'NONE', #86, #2891 ) ;
#2620 = CARTESIAN_POINT ( 'NONE',  ( -2.339999999999999900, -0.1500000000000003300, 0.2999999999999965500 ) ) ;
#2621 = ORIENTED_EDGE ( 'NONE', *, *, #9643, .F. ) ;
#2622 = VERTEX_POINT ( 'NONE', #1125 ) ;
#2623 = ORIENTED_EDGE ( 'NONE', *, *, #1347, .T. ) ;
#2624 = PLANE ( 'NONE',  #5854 ) ;
#2625 = EDGE_CURVE ( 'NONE', #4292, #6577, #7443, .T. ) ;
#2626 = ORIENTED_EDGE ( 'NONE', *, *, #10090, .F. ) ;
#2627 = SURFACE_SIDE_STYLE ('',( #6611 ) ) ;
#2628 = CARTESIAN_POINT ( 'NONE',  ( -2.339999999999999900, -0.3750000000000005000, 3.499999999999986700 ) ) ;
#2629 = CARTESIAN_POINT ( 'NONE',  ( 3.500000000000000900, 2.600000000000000100, 0.2999999999999976600 ) ) ;
#2630 = VECTOR ( 'NONE', #3376, 1000.000000000000000 ) ;
#2631 = CARTESIAN_POINT ( 'NONE',  ( 2.339999999999999900, 0.3499999999999997000, 3.499999999999983100 ) ) ;
#2632 = EDGE_CURVE ( 'NONE', #4349, #2342, #9795, .T. ) ;
#2633 = VECTOR ( 'NONE', #4093, 1000.000000000000000 ) ;
#2634 = VERTEX_POINT ( 'NONE', #11291 ) ;
#2635 = LINE ( 'NONE', #7736, #6771 ) ;
#2636 = CARTESIAN_POINT ( 'NONE',  ( 4.200000000000000200, 1.399999999999998800, 2.200000000000000200 ) ) ;
#2637 = FILL_AREA_STYLE_COLOUR ( '', #4164 ) ;
#2638 =( GEOMETRIC_REPRESENTATION_CONTEXT ( 3 ) GLOBAL_UNCERTAINTY_ASSIGNED_CONTEXT ( ( #9508 ) ) GLOBAL_UNIT_ASSIGNED_CONTEXT ( ( #10739, #5452, #108 ) ) REPRESENTATION_CONTEXT ( 'NONE', 'WORKASPACE' ) );
#2639 = CARTESIAN_POINT ( 'NONE',  ( -2.339999999999999900, 0.0000000000000000000, 3.499999999999985800 ) ) ;
#2640 = AXIS2_PLACEMENT_3D ( 'NONE', #9483, #9029, #9629 ) ;
#2641 = DIRECTION ( 'NONE',  ( -1.172110456741085800E-016, 1.000000000000000000, -0.0000000000000000000 ) ) ;
#2642 = FACE_OUTER_BOUND ( 'NONE', #6688, .T. ) ;
#2643 = ORIENTED_EDGE ( 'NONE', *, *, #4320, .F. ) ;
#2644 = LINE ( 'NONE', #11009, #2352 ) ;
#2645 = CARTESIAN_POINT ( 'NONE',  ( 5.500000000000001800, -1.100000000000000100, -5.421010862427522200E-017 ) ) ;
#2646 = FILL_AREA_STYLE ('',( #8899 ) ) ;
#2647 = VERTEX_POINT ( 'NONE', #10792 ) ;
#2648 = CARTESIAN_POINT ( 'NONE',  ( -2.339999999999999900, -0.3750000000000005000, 3.499999999999986700 ) ) ;
#2650 = ORIENTED_EDGE ( 'NONE', *, *, #11052, .T. ) ;
#2649 = ADVANCED_FACE ( 'NONE', ( #3045 ), #10750, .F. ) ;
#2651 = LINE ( 'NONE', #9086, #9680 ) ;
#2652 = DIRECTION ( 'NONE',  ( 0.0000000000000000000, 0.0000000000000000000, 1.000000000000000000 ) ) ;
#2653 = FACE_OUTER_BOUND ( 'NONE', #2348, .T. ) ;
#2654 = CARTESIAN_POINT ( 'NONE',  ( 1.089999999999999900, -0.3750000000000001100, 0.04999999999999753300 ) ) ;
#2655 = LINE ( 'NONE', #8921, #4434 ) ;
#2656 = STYLED_ITEM ( 'NONE', ( #8095 ), #9407 ) ;
#2657 = SURFACE_SIDE_STYLE ('',( #7644 ) ) ;
#2658 = PRESENTATION_LAYER_ASSIGNMENT (  '', '', ( #2043 ) ) ;
#2659 = ORIENTED_EDGE ( 'NONE', *, *, #8266, .F. ) ;
#2660 = VECTOR ( 'NONE', #10713, 1000.000000000000000 ) ;
#2661 = ORIENTED_EDGE ( 'NONE', *, *, #3433, .F. ) ;
#2662 = ORIENTED_EDGE ( 'NONE', *, *, #5719, .F. ) ;
#2663 = CARTESIAN_POINT ( 'NONE',  ( -1.409999999999999900, 0.3499999999999997000, 3.499999999999983100 ) ) ;
#2664 = UNCERTAINTY_MEASURE_WITH_UNIT (LENGTH_MEASURE( 1.000000000000000100E-005 ), #10571, 'distance_accuracy_value', 'NONE');
#2665 =( NAMED_UNIT ( * ) SI_UNIT ( $, .STERADIAN. ) SOLID_ANGLE_UNIT ( ) );
#2666 = FILL_AREA_STYLE ('',( #1766 ) ) ;
#2667 = AXIS2_PLACEMENT_3D ( 'NONE', #1893, #9836, #4535 ) ;
#2668 = DIRECTION ( 'NONE',  ( 0.0000000000000000000, -1.000000000000000000, 0.0000000000000000000 ) ) ;
#2669 = ORIENTED_EDGE ( 'NONE', *, *, #8578, .T. ) ;
#2670 = ORIENTED_EDGE ( 'NONE', *, *, #3777, .T. ) ;
#2671 = DIRECTION ( 'NONE',  ( 3.049318610115480700E-016, -0.0000000000000000000, 1.000000000000000000 ) ) ;
#2672 = LINE ( 'NONE', #6125, #7626 ) ;
#2673 =( NAMED_UNIT ( * ) SI_UNIT ( $, .STERADIAN. ) SOLID_ANGLE_UNIT ( ) );
#2674 = VECTOR ( 'NONE', #4071, 1000.000000000000000 ) ;
#2675 = CARTESIAN_POINT ( 'NONE',  ( -5.020000000000001400, 1.200000000000000000, 1.529999999999999800 ) ) ;
#2676 = DIRECTION ( 'NONE',  ( -1.172110456741085800E-016, 1.000000000000000000, 0.0000000000000000000 ) ) ;
#2677 = VECTOR ( 'NONE', #9103, 1000.000000000000000 ) ;
#2678 = PRESENTATION_LAYER_ASSIGNMENT (  '', '', ( #1463 ) ) ;
#2679 = LINE ( 'NONE', #7693, #10274 ) ;
#2680 = DIRECTION ( 'NONE',  ( 0.0000000000000000000, -0.7071067811865439100, 0.7071067811865512400 ) ) ;
#2681 = CARTESIAN_POINT ( 'NONE',  ( 0.1599999999999999800, 0.2499999999999996700, 0.1799999999999966600 ) ) ;
#2682 = FILL_AREA_STYLE ('',( #5339 ) ) ;
#2683 = EDGE_LOOP ( 'NONE', ( #9607, #8138, #5663, #5477, #4328, #3740, #1197 ) ) ;
#2684 = ORIENTED_EDGE ( 'NONE', *, *, #8948, .F. ) ;
#2685 = ORIENTED_EDGE ( 'NONE', *, *, #4843, .F. ) ;
#2686 = DIRECTION ( 'NONE',  ( -1.000000000000000000, -0.0000000000000000000, -0.0000000000000000000 ) ) ;
#2687 = VECTOR ( 'NONE', #8659, 1000.000000000000000 ) ;
#2688 = EDGE_CURVE ( 'NONE', #11285, #3673, #2760, .T. ) ;
#2689 = DIRECTION ( 'NONE',  ( 0.0000000000000000000, 0.7071067811865440200, -0.7071067811865511300 ) ) ;
#2690 = LINE ( 'NONE', #8855, #9154 ) ;
#2691 = EDGE_CURVE ( 'NONE', #5162, #805, #11029, .T. ) ;
#2692 = FACE_OUTER_BOUND ( 'NONE', #660, .T. ) ;
#2693 = FILL_AREA_STYLE ('',( #9817 ) ) ;
#2694 = CARTESIAN_POINT ( 'NONE',  ( 1.409999999999999700, 3.100000000000000100, 0.3499999999999989800 ) ) ;
#2695 = VECTOR ( 'NONE', #5576, 1000.000000000000100 ) ;
#2696 = COLOUR_RGB ( '',0.8000000000000000400, 0.8078431372549019800, 0.8000000000000000400 ) ;
#2697 = VERTEX_POINT ( 'NONE', #7266 ) ;
#2698 = ORIENTED_EDGE ( 'NONE', *, *, #8884, .F. ) ;
#2699 = VERTEX_POINT ( 'NONE', #7086 ) ;
#2700 = LINE ( 'NONE', #3099, #7376 ) ;
#2701 = VECTOR ( 'NONE', #9398, 1000.000000000000000 ) ;
#2702 = DIRECTION ( 'NONE',  ( 0.0000000000000000000, -1.000000000000000000, 1.204669080539448600E-016 ) ) ;
#2703 = CARTESIAN_POINT ( 'NONE',  ( 4.000000000000000900, -1.100000000000000300, 0.2999999999999974900 ) ) ;
#2704 = CARTESIAN_POINT ( 'NONE',  ( -0.1599999999999999800, 0.4249999999999998200, 1.749999999999996400 ) ) ;
#2705 = EDGE_CURVE ( 'NONE', #1674, #9608, #10752, .T. ) ;
#2706 = EDGE_CURVE ( 'NONE', #4389, #7661, #6346, .T. ) ;
#2707 = EDGE_CURVE ( 'NONE', #1587, #6977, #1645, .T. ) ;
#2708 = VERTEX_POINT ( 'NONE', #5357 ) ;
#2709 = ORIENTED_EDGE ( 'NONE', *, *, #10963, .F. ) ;
#2710 = CARTESIAN_POINT ( 'NONE',  ( 6.112000000000004500, -0.4879999999999927700, 0.2539999999999999500 ) ) ;
#2711 = LINE ( 'NONE', #5284, #2429 ) ;
#2712 = ADVANCED_FACE ( 'NONE', ( #6091 ), #3531, .T. ) ;
#2713 = CARTESIAN_POINT ( 'NONE',  ( -4.220000000000000600, 1.200000000000000000, 0.5200000000000013500 ) ) ;
#2714 = CARTESIAN_POINT ( 'NONE',  ( -5.200000000000001100, -0.8000000000000001600, 2.200000000000000200 ) ) ;
#2716 = PRESENTATION_LAYER_ASSIGNMENT (  '', '', ( #1497 ) ) ;
#2715 = CARTESIAN_POINT ( 'NONE',  ( 1.585645677260055700E-016, 1.200000000000000000, 0.5200000000000019100 ) ) ;
#2717 = FILL_AREA_STYLE_COLOUR ( '', #7107 ) ;
#2718 = CLOSED_SHELL ( 'NONE', ( #10010, #3083, #4426, #9639, #5844, #6426, #3991, #120, #8596, #10062, #10308, #2019, #464, #9312, #3412, #3427 ) ) ;
#2719 = CARTESIAN_POINT ( 'NONE',  ( 3.399999999999995900, 0.09999999999999982500, 1.749999999999996400 ) ) ;
#2720 = LINE ( 'NONE', #8517, #7120 ) ;
#2721 = DIRECTION ( 'NONE',  ( -2.304851557154559200E-017, 0.0000000000000000000, 1.000000000000000000 ) ) ;
#2722 = VECTOR ( 'NONE', #5542, 1000.000000000000000 ) ;
#2723 =( NAMED_UNIT ( * ) SI_UNIT ( $, .STERADIAN. ) SOLID_ANGLE_UNIT ( ) );
#2724 = PRESENTATION_LAYER_ASSIGNMENT (  '', '', ( #3308 ) ) ;
#2725 = DIRECTION ( 'NONE',  ( 0.0000000000000000000, 1.000000000000000000, 0.0000000000000000000 ) ) ;
#2726 = EDGE_CURVE ( 'NONE', #7827, #11041, #7293, .T. ) ;
#2727 = PLANE ( 'NONE',  #4495 ) ;
#2728 = ORIENTED_EDGE ( 'NONE', *, *, #11118, .F. ) ;
#2729 = CARTESIAN_POINT ( 'NONE',  ( -2.439999999999999900, -0.2500000000000006700, 3.999999999999993300 ) ) ;
#2730 = VERTEX_POINT ( 'NONE', #1032 ) ;
#2731 = AXIS2_PLACEMENT_3D ( 'NONE', #11237, #640, #6848 ) ;
#2732 = AXIS2_PLACEMENT_3D ( 'NONE', #3256, #2864, #3145 ) ;
#2733 = FACE_OUTER_BOUND ( 'NONE', #1231, .T. ) ;
#2734 = CARTESIAN_POINT ( 'NONE',  ( -3.399999999999999900, -0.6999999999999988500, 1.749999999999996400 ) ) ;
#2735 = VECTOR ( 'NONE', #11336, 1000.000000000000000 ) ;
#2736 = CARTESIAN_POINT ( 'NONE',  ( 4.935333333333334200, -0.7953333333333302300, 1.445333333333333100 ) ) ;
#2737 = PRESENTATION_LAYER_ASSIGNMENT (  '', '', ( #2140 ) ) ;
#2738 = DIRECTION ( 'NONE',  ( -1.000000000000000000, -0.0000000000000000000, -0.0000000000000000000 ) ) ;
#2739 = VERTEX_POINT ( 'NONE', #862 ) ;
#2740 = CARTESIAN_POINT ( 'NONE',  ( 0.1599999999999999800, -0.1500000000000003000, 0.1799999999999965800 ) ) ;
#2741 =( NAMED_UNIT ( * ) PLANE_ANGLE_UNIT ( ) SI_UNIT ( $, .RADIAN. ) );
#2742 =( NAMED_UNIT ( * ) SI_UNIT ( $, .STERADIAN. ) SOLID_ANGLE_UNIT ( ) );
#2743 = AXIS2_PLACEMENT_3D ( 'NONE', #4153, #7698, #2427 ) ;
#2744 = CARTESIAN_POINT ( 'NONE',  ( 5.500000000000001800, 1.700000000000000000, 0.7999999999999977100 ) ) ;
#2745 = DIRECTION ( 'NONE',  ( 0.0000000000000000000, 1.000000000000000000, 0.0000000000000000000 ) ) ;
#2746 = CARTESIAN_POINT ( 'NONE',  ( 3.050000000000002000, 2.299999999999999400, 3.699999999999996600 ) ) ;
#2747 = LINE ( 'NONE', #11150, #11287 ) ;
#2748 =( NAMED_UNIT ( * ) SI_UNIT ( $, .STERADIAN. ) SOLID_ANGLE_UNIT ( ) );
#2749 = EDGE_CURVE ( 'NONE', #1985, #3905, #210, .T. ) ;
#2750 = EDGE_CURVE ( 'NONE', #6629, #4305, #2619, .T. ) ;
#2751 = ORIENTED_EDGE ( 'NONE', *, *, #3435, .F. ) ;
#2752 = DIRECTION ( 'NONE',  ( 3.771137991253929100E-016, 0.0000000000000000000, 1.000000000000000000 ) ) ;
#2753 = EDGE_LOOP ( 'NONE', ( #5493, #4185, #362, #10835 ) ) ;
#2754 = ORIENTED_EDGE ( 'NONE', *, *, #9489, .T. ) ;
#2755 = DIRECTION ( 'NONE',  ( -1.000000000000000000, -0.0000000000000000000, -0.0000000000000000000 ) ) ;
#2756 = CARTESIAN_POINT ( 'NONE',  ( -3.399999999999999500, 1.700000000000000200, 3.399999999999995000 ) ) ;
#2757 = ORIENTED_EDGE ( 'NONE', *, *, #2838, .F. ) ;
#2758 = ORIENTED_EDGE ( 'NONE', *, *, #794, .F. ) ;
#2759 = EDGE_LOOP ( 'NONE', ( #511, #8812, #9094, #3432 ) ) ;
#2760 = LINE ( 'NONE', #8897, #1923 ) ;
#2761 = EDGE_CURVE ( 'NONE', #10012, #6977, #7367, .T. ) ;
#2762 = LINE ( 'NONE', #6869, #4968 ) ;
#2763 = EDGE_CURVE ( 'NONE', #3160, #4404, #295, .T. ) ;
#2764 = VERTEX_POINT ( 'NONE', #8185 ) ;
#2765 = LINE ( 'NONE', #3954, #9229 ) ;
#2766 = DIRECTION ( 'NONE',  ( 0.0000000000000000000, -0.0000000000000000000, 1.000000000000000000 ) ) ;
#2767 = EDGE_CURVE ( 'NONE', #5388, #10449, #4756, .T. ) ;
#2768 = VERTEX_POINT ( 'NONE', #9062 ) ;
#2769 = DIRECTION ( 'NONE',  ( 0.0000000000000000000, 0.0000000000000000000, -1.000000000000000000 ) ) ;
#2770 =( NAMED_UNIT ( * ) PLANE_ANGLE_UNIT ( ) SI_UNIT ( $, .RADIAN. ) );
#2771 = ORIENTED_EDGE ( 'NONE', *, *, #4318, .F. ) ;
#2772 = CARTESIAN_POINT ( 'NONE',  ( 2.339999999999999900, 0.2499999999999996700, 0.2999999999999966000 ) ) ;
#2773 = SURFACE_STYLE_USAGE ( .BOTH. , #2854 ) ;
#2774 = DIRECTION ( 'NONE',  ( 0.0000000000000000000, -1.000000000000000000, 0.0000000000000000000 ) ) ;
#2775 = ORIENTED_EDGE ( 'NONE', *, *, #10983, .F. ) ;
#2776 = VECTOR ( 'NONE', #11272, 1000.000000000000000 ) ;
#2777 = ORIENTED_EDGE ( 'NONE', *, *, #8667, .F. ) ;
#2778 = CARTESIAN_POINT ( 'NONE',  ( 2.660000000000000100, -0.1500000000000003000, 0.1799999999999965800 ) ) ;
#2779 = ORIENTED_EDGE ( 'NONE', *, *, #10983, .T. ) ;
#2780 = ORIENTED_EDGE ( 'NONE', *, *, #5776, .F. ) ;
#2781 = EDGE_CURVE ( 'NONE', #1528, #10301, #15, .T. ) ;
#2782 = VECTOR ( 'NONE', #9451, 1000.000000000000000 ) ;
#2783 = FACE_OUTER_BOUND ( 'NONE', #5389, .T. ) ;
#2784 = CARTESIAN_POINT ( 'NONE',  ( -0.1599999999999999800, 0.2499999999999996700, 0.1799999999999966600 ) ) ;
#2785 = ORIENTED_EDGE ( 'NONE', *, *, #7853, .T. ) ;
#2786 = ORIENTED_EDGE ( 'NONE', *, *, #9250, .T. ) ;
#2787 = AXIS2_PLACEMENT_3D ( 'NONE', #3384, #9527, #4254 ) ;
#2788 = AXIS2_PLACEMENT_3D ( 'NONE', #1734, #550, #5099 ) ;
#2789 = FILL_AREA_STYLE_COLOUR ( '', #2241 ) ;
#2790 = LINE ( 'NONE', #7874, #7188 ) ;
#2791 = FACE_OUTER_BOUND ( 'NONE', #4660, .T. ) ;
#2792 = DIRECTION ( 'NONE',  ( 0.0000000000000000000, 0.0000000000000000000, 1.000000000000000000 ) ) ;
#2793 = VECTOR ( 'NONE', #117, 1000.000000000000000 ) ;
#2794 = LINE ( 'NONE', #11183, #5144 ) ;
#2795 = FACE_OUTER_BOUND ( 'NONE', #951, .T. ) ;
#2796 = LINE ( 'NONE', #10816, #9559 ) ;
#2797 = LINE ( 'NONE', #2592, #5257 ) ;
#2798 = MECHANICAL_DESIGN_GEOMETRIC_PRESENTATION_REPRESENTATION (  '', ( #991 ), #3403 ) ;
#2799 = ORIENTED_EDGE ( 'NONE', *, *, #4595, .F. ) ;
#2800 = COLOUR_RGB ( '',0.8000000000000000400, 0.8078431372549019800, 0.8000000000000000400 ) ;
#2801 = CARTESIAN_POINT ( 'NONE',  ( 4.000000000000001800, 2.299999999999998900, 1.749999999999996400 ) ) ;
#2802 = ORIENTED_EDGE ( 'NONE', *, *, #4595, .T. ) ;
#2803 = ORIENTED_EDGE ( 'NONE', *, *, #9488, .T. ) ;
#2804 = UNCERTAINTY_MEASURE_WITH_UNIT (LENGTH_MEASURE( 1.000000000000000100E-005 ), #10591, 'distance_accuracy_value', 'NONE');
#2805 = COLOUR_RGB ( '',0.8000000000000000400, 0.8078431372549019800, 0.8000000000000000400 ) ;
#2806 = FILL_AREA_STYLE ('',( #2617 ) ) ;
#2807 = MECHANICAL_DESIGN_GEOMETRIC_PRESENTATION_REPRESENTATION (  '', ( #997 ), #3408 ) ;
#2808 = SURFACE_STYLE_FILL_AREA ( #10503 ) ;
#2809 = CARTESIAN_POINT ( 'NONE',  ( 2.025000000000001200, 3.673118842698620300, 3.249999999999995100 ) ) ;
#2810 = PRESENTATION_LAYER_ASSIGNMENT (  '', '', ( #1619 ) ) ;
#2811 = CARTESIAN_POINT ( 'NONE',  ( -4.000000000000000900, 1.420000000000001300, 0.2999999999999999900 ) ) ;
#2812 = SURFACE_STYLE_USAGE ( .BOTH. , #8069 ) ;
#2813 = VERTEX_POINT ( 'NONE', #243 ) ;
#2814 = ORIENTED_EDGE ( 'NONE', *, *, #6834, .F. ) ;
#2815 = AXIS2_PLACEMENT_3D ( 'NONE', #5702, #2979, #2263 ) ;
#2816 = VECTOR ( 'NONE', #7418, 1000.000000000000000 ) ;
#2817 = EDGE_CURVE ( 'NONE', #4132, #3339, #4472, .T. ) ;
#2818 = LINE ( 'NONE', #1066, #7214 ) ;
#2819 = CARTESIAN_POINT ( 'NONE',  ( 4.000000000000001800, 2.600000000000000100, 1.749999999999996400 ) ) ;
#2820 = PRESENTATION_LAYER_ASSIGNMENT (  '', '', ( #1626 ) ) ;
#2821 = DIRECTION ( 'NONE',  ( 0.0000000000000000000, 0.0000000000000000000, -1.000000000000000000 ) ) ;
#2822 = LINE ( 'NONE', #10141, #9579 ) ;
#2823 = CARTESIAN_POINT ( 'NONE',  ( 0.1599999999999999800, 0.4249999999999998200, 0.6499999999999964700 ) ) ;
#2824 = DIRECTION ( 'NONE',  ( -1.000000000000000000, 0.0000000000000000000, 0.0000000000000000000 ) ) ;
#2825 = CARTESIAN_POINT ( 'NONE',  ( -2.559999999999999600, -0.2500000000000006700, 3.999999999999993300 ) ) ;
#2826 = ORIENTED_EDGE ( 'NONE', *, *, #5201, .T. ) ;
#2827 = ORIENTED_EDGE ( 'NONE', *, *, #10595, .T. ) ;
#2828 = VERTEX_POINT ( 'NONE', #2971 ) ;
#2829 = FACE_OUTER_BOUND ( 'NONE', #1010, .T. ) ;
#2830 = SURFACE_STYLE_FILL_AREA ( #4316 ) ;
#2831 = COLOUR_RGB ( '',0.8000000000000000400, 0.8078431372549019800, 0.8000000000000000400 ) ;
#2832 = UNCERTAINTY_MEASURE_WITH_UNIT (LENGTH_MEASURE( 1.000000000000000100E-005 ), #10413, 'distance_accuracy_value', 'NONE');
#2833 = CARTESIAN_POINT ( 'NONE',  ( 2.660000000000000100, -0.6250000000000003300, 0.2999999999999964900 ) ) ;
#2834 = EDGE_CURVE ( 'NONE', #6534, #9276, #7091, .T. ) ;
#2835 = ORIENTED_EDGE ( 'NONE', *, *, #1275, .F. ) ;
#2836 =( LENGTH_UNIT ( ) NAMED_UNIT ( * ) SI_UNIT ( .MILLI., .METRE. ) );
#2837 = ORIENTED_EDGE ( 'NONE', *, *, #6619, .F. ) ;
#2838 = EDGE_CURVE ( 'NONE', #1875, #9830, #11235, .T. ) ;
#2839 = VECTOR ( 'NONE', #9041, 1000.000000000000000 ) ;
#2840 = CARTESIAN_POINT ( 'NONE',  ( -2.339999999999999900, -0.6250000000000003300, 0.6499999999999964700 ) ) ;
#2841 =( NAMED_UNIT ( * ) PLANE_ANGLE_UNIT ( ) SI_UNIT ( $, .RADIAN. ) );
#2842 = CARTESIAN_POINT ( 'NONE',  ( -2.339999999999999900, 2.999999999999999600, -1.761828530288944700E-016 ) ) ;
#2843 = ADVANCED_FACE ( 'NONE', ( #6569 ), #287, .F. ) ;
#2844 = PLANE ( 'NONE',  #7274 ) ;
#2845 = EDGE_LOOP ( 'NONE', ( #9270, #4228, #756, #7788 ) ) ;
#2846 = SURFACE_SIDE_STYLE ('',( #5410 ) ) ;
#2847 = ORIENTED_EDGE ( 'NONE', *, *, #5199, .F. ) ;
#2848 = ORIENTED_EDGE ( 'NONE', *, *, #742, .F. ) ;
#2849 = EDGE_CURVE ( 'NONE', #6390, #4583, #9158, .T. ) ;
#2850 = CARTESIAN_POINT ( 'NONE',  ( 4.200000000000000200, 1.700000000000000000, 2.200000000000000200 ) ) ;
#2851 = ORIENTED_EDGE ( 'NONE', *, *, #2706, .F. ) ;
#2852 = CARTESIAN_POINT ( 'NONE',  ( -0.1599999999999999800, 0.2499999999999996700, 0.2999999999999966000 ) ) ;
#2853 = EDGE_CURVE ( 'NONE', #7824, #3250, #10968, .T. ) ;
#2854 = SURFACE_SIDE_STYLE ('',( #8103 ) ) ;
#2855 = CARTESIAN_POINT ( 'NONE',  ( -3.399999999999999500, 1.700000000000000200, 1.749999999999996400 ) ) ;
#2856 = ORIENTED_EDGE ( 'NONE', *, *, #4104, .T. ) ;
#2857 = PLANE ( 'NONE',  #5526 ) ;
#2858 = DIRECTION ( 'NONE',  ( 0.0000000000000000000, 0.0000000000000000000, -1.000000000000000000 ) ) ;
#2859 = DIRECTION ( 'NONE',  ( 0.0000000000000000000, -1.000000000000000000, 0.0000000000000000000 ) ) ;
#2860 = AXIS2_PLACEMENT_3D ( 'NONE', #2543, #10468, #5196 ) ;
#2861 = VECTOR ( 'NONE', #34, 1000.000000000000000 ) ;
#2862 = FILL_AREA_STYLE_COLOUR ( '', #6205 ) ;
#2863 = PRESENTATION_LAYER_ASSIGNMENT (  '', '', ( #1665 ) ) ;
#2864 = DIRECTION ( 'NONE',  ( -0.0000000000000000000, 1.000000000000000000, 0.0000000000000000000 ) ) ;
#2865 = FILL_AREA_STYLE_COLOUR ( '', #8304 ) ;
#2866 = MECHANICAL_DESIGN_GEOMETRIC_PRESENTATION_REPRESENTATION (  '', ( #1043 ), #3463 ) ;
#2867 = VERTEX_POINT ( 'NONE', #10057 ) ;
#2868 = LINE ( 'NONE', #8937, #5212 ) ;
#2869 = DIRECTION ( 'NONE',  ( 0.0000000000000000000, -1.294569758191648900E-016, 1.000000000000000000 ) ) ;
#2870 = CARTESIAN_POINT ( 'NONE',  ( 4.524000000000000900, 1.100000000000000100, 1.226000000000000000 ) ) ;
#2871 = DIRECTION ( 'NONE',  ( 0.0000000000000000000, 0.0000000000000000000, 1.000000000000000000 ) ) ;
#2872 = CARTESIAN_POINT ( 'NONE',  ( -1.409999999999999900, 0.0000000000000000000, 3.499999999999983100 ) ) ;
#2873 = CARTESIAN_POINT ( 'NONE',  ( 1.409999999999999700, -0.3750000000000005000, 3.499999999999986700 ) ) ;
#2875 = CARTESIAN_POINT ( 'NONE',  ( 2.660000000000001000, 0.4249999999999998200, 0.6499999999999975800 ) ) ;
#2874 = STYLED_ITEM ( 'NONE', ( #7471 ), #2213 ) ;
#2876 = ORIENTED_EDGE ( 'NONE', *, *, #7116, .T. ) ;
#2877 = LINE ( 'NONE', #643, #9633 ) ;
#2878 = ORIENTED_EDGE ( 'NONE', *, *, #7719, .T. ) ;
#2879 = ADVANCED_BREP_SHAPE_REPRESENTATION ( '533980571', ( #10097, #2974, #8587, #7303, #4990, #6717, #2213, #5488, #5695 ), #328 ) ;
#2880 = DIRECTION ( 'NONE',  ( 1.000000000000000000, 0.0000000000000000000, 0.0000000000000000000 ) ) ;
#2881 = SURFACE_STYLE_USAGE ( .BOTH. , #2846 ) ;
#2882 = CARTESIAN_POINT ( 'NONE',  ( -3.399999999999999500, 0.8499999999999996400, 1.749999999999996400 ) ) ;
#2883 = FILL_AREA_STYLE ('',( #9936 ) ) ;
#2884 = ORIENTED_EDGE ( 'NONE', *, *, #1027, .T. ) ;
#2885 = VECTOR ( 'NONE', #8903, 1000.000000000000000 ) ;
#2886 = ORIENTED_EDGE ( 'NONE', *, *, #8509, .F. ) ;
#2887 = CARTESIAN_POINT ( 'NONE',  ( 4.474000000000000200, 1.200000000000000000, 0.2999999999999999900 ) ) ;
#2888 = MECHANICAL_DESIGN_GEOMETRIC_PRESENTATION_REPRESENTATION (  '', ( #1071 ), #3493 ) ;
#2889 = ORIENTED_EDGE ( 'NONE', *, *, #9087, .F. ) ;
#2890 = ORIENTED_EDGE ( 'NONE', *, *, #9046, .F. ) ;
#2891 = VECTOR ( 'NONE', #171, 1000.000000000000000 ) ;
#2892 = DIRECTION ( 'NONE',  ( -1.000000000000000000, -0.0000000000000000000, 3.049318610115480700E-016 ) ) ;
#2893 = DIRECTION ( 'NONE',  ( -1.000000000000000000, -0.0000000000000000000, 0.0000000000000000000 ) ) ;
#2894 = ADVANCED_FACE ( 'NONE', ( #1859 ), #4772, .T. ) ;
#2895 = ORIENTED_EDGE ( 'NONE', *, *, #7639, .F. ) ;
#2896 = SURFACE_STYLE_USAGE ( .BOTH. , #3055 ) ;
#2897 = EDGE_CURVE ( 'NONE', #10901, #4028, #3108, .T. ) ;
#2898 = VERTEX_POINT ( 'NONE', #10942 ) ;
#2899 = SURFACE_SIDE_STYLE ('',( #9272 ) ) ;
#2900 = UNCERTAINTY_MEASURE_WITH_UNIT (LENGTH_MEASURE( 1.000000000000000100E-005 ), #1178, 'distance_accuracy_value', 'NONE');
#2901 = CARTESIAN_POINT ( 'NONE',  ( -4.524000000000000900, 1.100000000000000100, 1.226000000000000000 ) ) ;
#2902 = DIRECTION ( 'NONE',  ( 1.000000000000000000, 0.0000000000000000000, -0.0000000000000000000 ) ) ;
#2903 = LINE ( 'NONE', #9325, #5246 ) ;
#2904 = SURFACE_SIDE_STYLE ('',( #518 ) ) ;
#2905 = DIRECTION ( 'NONE',  ( 0.7071067811865452400, -0.7071067811865497900, 1.629776165692356900E-017 ) ) ;
#2906 = DIRECTION ( 'NONE',  ( -1.000000000000000000, 1.807003620809170700E-016, 0.0000000000000000000 ) ) ;
#2907 = PRESENTATION_STYLE_ASSIGNMENT (( #9055 ) ) ;
#2908 = CARTESIAN_POINT ( 'NONE',  ( 3.749999999999999600, -0.3750000000000018900, 0.6499999999999980200 ) ) ;
#2909 = VERTEX_POINT ( 'NONE', #364 ) ;
#2910 = LINE ( 'NONE', #2537, #9667 ) ;
#2911 = ORIENTED_EDGE ( 'NONE', *, *, #5776, .T. ) ;
#2912 = CARTESIAN_POINT ( 'NONE',  ( -0.1599999999999999800, 2.999999999999999600, -1.761828530288944700E-016 ) ) ;
#2913 = LINE ( 'NONE', #1351, #9671 ) ;
#2914 = EDGE_CURVE ( 'NONE', #6168, #2276, #7510, .T. ) ;
#2915 = FACE_BOUND ( 'NONE', #10602, .T. ) ;
#2916 = VECTOR ( 'NONE', #8702, 1000.000000000000000 ) ;
#2917 = EDGE_CURVE ( 'NONE', #10183, #11133, #720, .T. ) ;
#2918 =( NAMED_UNIT ( * ) SI_UNIT ( $, .STERADIAN. ) SOLID_ANGLE_UNIT ( ) );
#2919 = EDGE_CURVE ( 'NONE', #2898, #8732, #2822, .T. ) ;
#2920 = VECTOR ( 'NONE', #374, 1000.000000000000000 ) ;
#2921 = DIRECTION ( 'NONE',  ( 0.0000000000000000000, -1.000000000000000000, 0.0000000000000000000 ) ) ;
#2922 = ORIENTED_EDGE ( 'NONE', *, *, #6274, .F. ) ;
#2923 = ORIENTED_EDGE ( 'NONE', *, *, #1625, .F. ) ;
#2924 = PRESENTATION_STYLE_ASSIGNMENT (( #8804 ) ) ;
#2925 = VECTOR ( 'NONE', #10812, 1000.000000000000000 ) ;
#2926 = EDGE_CURVE ( 'NONE', #11248, #238, #9859, .T. ) ;
#2927 = SURFACE_STYLE_FILL_AREA ( #3496 ) ;
#2928 = LINE ( 'NONE', #6591, #7609 ) ;
#2929 = CARTESIAN_POINT ( 'NONE',  ( 2.660000000000000100, 3.100000000000000100, 0.3499999999999989800 ) ) ;
#2930 =( NAMED_UNIT ( * ) PLANE_ANGLE_UNIT ( ) SI_UNIT ( $, .RADIAN. ) );
#2931 = CARTESIAN_POINT ( 'NONE',  ( 0.4249999999999996000, 2.600000000000000100, 0.6499999999999982500 ) ) ;
#2932 = ORIENTED_EDGE ( 'NONE', *, *, #4974, .T. ) ;
#2933 = ORIENTED_EDGE ( 'NONE', *, *, #2917, .T. ) ;
#2934 =( LENGTH_UNIT ( ) NAMED_UNIT ( * ) SI_UNIT ( .MILLI., .METRE. ) );
#2935 = PLANE ( 'NONE',  #6001 ) ;
#2936 =( GEOMETRIC_REPRESENTATION_CONTEXT ( 3 ) GLOBAL_UNCERTAINTY_ASSIGNED_CONTEXT ( ( #6217 ) ) GLOBAL_UNIT_ASSIGNED_CONTEXT ( ( #7108, #1830, #7986 ) ) REPRESENTATION_CONTEXT ( 'NONE', 'WORKASPACE' ) );
#2937 = DIRECTION ( 'NONE',  ( 0.0000000000000000000, 0.0000000000000000000, 1.000000000000000000 ) ) ;
#2938 = SURFACE_SIDE_STYLE ('',( #3490 ) ) ;
#2939 = EDGE_CURVE ( 'NONE', #1761, #5408, #7219, .T. ) ;
#2940 = FACE_OUTER_BOUND ( 'NONE', #461, .T. ) ;
#2941 = PRESENTATION_STYLE_ASSIGNMENT (( #7446 ) ) ;
#2942 = AXIS2_PLACEMENT_3D ( 'NONE', #8347, #10144, #4846 ) ;
#2943 = FILL_AREA_STYLE ('',( #2035 ) ) ;
#2944 = FILL_AREA_STYLE ('',( #2789 ) ) ;
#2945 = AXIS2_PLACEMENT_3D ( 'NONE', #6741, #1437, #7610 ) ;
#2946 = UNCERTAINTY_MEASURE_WITH_UNIT (LENGTH_MEASURE( 1.000000000000000100E-005 ), #6132, 'distance_accuracy_value', 'NONE');
#2947 = ORIENTED_EDGE ( 'NONE', *, *, #3057, .T. ) ;
#2949 = ADVANCED_FACE ( 'NONE', ( #431 ), #8378, .T. ) ;
#2948 = ORIENTED_EDGE ( 'NONE', *, *, #7850, .F. ) ;
#2950 = LINE ( 'NONE', #8485, #271 ) ;
#2951 = PLANE ( 'NONE',  #10936 ) ;
#2952 = DIRECTION ( 'NONE',  ( 0.0000000000000000000, -0.7071067811865440200, 0.7071067811865511300 ) ) ;
#2953 = LINE ( 'NONE', #3175, #9990 ) ;
#2954 =( NAMED_UNIT ( * ) SI_UNIT ( $, .STERADIAN. ) SOLID_ANGLE_UNIT ( ) );
#2955 = FACE_OUTER_BOUND ( 'NONE', #5174, .T. ) ;
#2956 = DIRECTION ( 'NONE',  ( -1.172110456741085800E-016, 1.000000000000000000, -0.0000000000000000000 ) ) ;
#2957 = CYLINDRICAL_SURFACE ( 'NONE', #11242, 0.3039999999999999900 ) ;
#2958 = DIRECTION ( 'NONE',  ( 0.0000000000000000000, 0.0000000000000000000, 1.000000000000000000 ) ) ;
#2959 = CARTESIAN_POINT ( 'NONE',  ( -5.000000000000000900, -1.100000000000000100, 0.2999999999999999300 ) ) ;
#2960 = FACE_OUTER_BOUND ( 'NONE', #1048, .T. ) ;
#2961 = DIRECTION ( 'NONE',  ( 1.172110456741085800E-016, -1.000000000000000000, 0.0000000000000000000 ) ) ;
#2962 = CARTESIAN_POINT ( 'NONE',  ( 2.425000000000000700, -0.6999999999999988500, 1.749999999999996900 ) ) ;
#2963 = MECHANICAL_DESIGN_GEOMETRIC_PRESENTATION_REPRESENTATION (  '', ( #1155 ), #3558 ) ;
#2964 = CARTESIAN_POINT ( 'NONE',  ( -4.694000000000001700, -1.100000000000000100, 0.3000000000000002100 ) ) ;
#2965 = LINE ( 'NONE', #3274, #570 ) ;
#2966 = MECHANICAL_DESIGN_GEOMETRIC_PRESENTATION_REPRESENTATION (  '', ( #1157 ), #3561 ) ;
#2967 = DIRECTION ( 'NONE',  ( 0.0000000000000000000, 0.0000000000000000000, 1.000000000000000000 ) ) ;
#2968 = ORIENTED_EDGE ( 'NONE', *, *, #1165, .T. ) ;
#2969 = VERTEX_POINT ( 'NONE', #2208 ) ;
#2970 = ORIENTED_EDGE ( 'NONE', *, *, #7635, .T. ) ;
#2971 = CARTESIAN_POINT ( 'NONE',  ( -4.220000000000001500, -1.100000000000000100, 0.3039999999999999400 ) ) ;
#2972 = ADVANCED_FACE ( 'NONE', ( #6958 ), #7505, .T. ) ;
#2973 = DIRECTION ( 'NONE',  ( 0.0000000000000000000, -1.000000000000000000, 0.0000000000000000000 ) ) ;
#2974 = MANIFOLD_SOLID_BREP ( 'Линейный массив4[1]', #10409 ) ;
#2975 = VECTOR ( 'NONE', #6214, 1000.000000000000000 ) ;
#2976 = CARTESIAN_POINT ( 'NONE',  ( -1.090000000000000100, 3.100000000000000100, 0.3499999999999989800 ) ) ;
#2977 = PRESENTATION_LAYER_ASSIGNMENT (  '', '', ( #1767 ) ) ;
#2978 = ORIENTED_EDGE ( 'NONE', *, *, #5184, .T. ) ;
#2979 = DIRECTION ( 'NONE',  ( 0.0000000000000000000, -1.000000000000000000, 0.0000000000000000000 ) ) ;
#2980 = LINE ( 'NONE', #5071, #5032 ) ;
#2981 = EDGE_CURVE ( 'NONE', #1935, #2647, #9294, .T. ) ;
#2982 = ORIENTED_EDGE ( 'NONE', *, *, #2072, .F. ) ;
#2983 = VERTEX_POINT ( 'NONE', #10179 ) ;
#2984 =( LENGTH_UNIT ( ) NAMED_UNIT ( * ) SI_UNIT ( .MILLI., .METRE. ) );
#2985 = VECTOR ( 'NONE', #3050, 1000.000000000000000 ) ;
#2986 = MECHANICAL_DESIGN_GEOMETRIC_PRESENTATION_REPRESENTATION (  '', ( #1167 ), #3571 ) ;
#2987 = EDGE_CURVE ( 'NONE', #2867, #224, #10546, .T. ) ;
#2988 = FACE_OUTER_BOUND ( 'NONE', #11396, .T. ) ;
#2989 = DIRECTION ( 'NONE',  ( -0.0000000000000000000, 0.0000000000000000000, 1.000000000000000000 ) ) ;
#2990 = CARTESIAN_POINT ( 'NONE',  ( -4.474000000000001100, 1.100000000000000100, 1.226000000000000000 ) ) ;
#2991 = DIRECTION ( 'NONE',  ( 0.0000000000000000000, -0.7071067811865496800, -0.7071067811865453500 ) ) ;
#2992 = UNCERTAINTY_MEASURE_WITH_UNIT (LENGTH_MEASURE( 1.000000000000000100E-005 ), #9808, 'distance_accuracy_value', 'NONE');
#2993 = PLANE ( 'NONE',  #7147 ) ;
#2994 = FILL_AREA_STYLE ('',( #8239 ) ) ;
#2995 = ORIENTED_EDGE ( 'NONE', *, *, #8242, .F. ) ;
#2996 = LINE ( 'NONE', #7941, #7387 ) ;
#2997 = ORIENTED_EDGE ( 'NONE', *, *, #8938, .F. ) ;
#2998 = PLANE ( 'NONE',  #3119 ) ;
#2999 = FILL_AREA_STYLE ('',( #2079 ) ) ;
#3000 = CARTESIAN_POINT ( 'NONE',  ( -1.090000000000000100, -0.3750000000000005000, 3.499999999999986700 ) ) ;
#3001 = EDGE_CURVE ( 'NONE', #5179, #5954, #1413, .T. ) ;
#3002 = DIRECTION ( 'NONE',  ( 0.0000000000000000000, -1.000000000000000000, 0.0000000000000000000 ) ) ;
#3003 = EDGE_CURVE ( 'NONE', #2730, #846, #2553, .T. ) ;
#3004 =( NAMED_UNIT ( * ) SI_UNIT ( $, .STERADIAN. ) SOLID_ANGLE_UNIT ( ) );
#3005 = EDGE_CURVE ( 'NONE', #5601, #10676, #5868, .T. ) ;
#3006 = DIRECTION ( 'NONE',  ( 1.971276677246371500E-016, 0.0000000000000000000, 1.000000000000000000 ) ) ;
#3007 = ORIENTED_EDGE ( 'NONE', *, *, #10619, .T. ) ;
#3008 = FACE_OUTER_BOUND ( 'NONE', #2499, .T. ) ;
#3009 = CARTESIAN_POINT ( 'NONE',  ( 4.694000000000002600, 2.600000000000000100, 0.2999999999999973200 ) ) ;
#3010 = DIRECTION ( 'NONE',  ( 1.000000000000000000, 0.0000000000000000000, 0.0000000000000000000 ) ) ;
#3011 = LINE ( 'NONE', #8149, #7403 ) ;
#3012 = FILL_AREA_STYLE_COLOUR ( '', #3925 ) ;
#3013 = CARTESIAN_POINT ( 'NONE',  ( 1.089999999999999900, -0.3750000000000001100, 1.749999999999996400 ) ) ;
#3014 = ORIENTED_EDGE ( 'NONE', *, *, #568, .F. ) ;
#3015 = LINE ( 'NONE', #3826, #6608 ) ;
#3016 = ADVANCED_FACE ( 'NONE', ( #5571 ), #5812, .T. ) ;
#3017 = VECTOR ( 'NONE', #1653, 1000.000000000000000 ) ;
#3018 = EDGE_CURVE ( 'NONE', #3736, #7150, #856, .T. ) ;
#3019 = CARTESIAN_POINT ( 'NONE',  ( 0.1599999999999999800, 2.200000000000004200, 0.2999999999999989900 ) ) ;
#3020 = DIRECTION ( 'NONE',  ( 6.776263578034385900E-016, 1.000000000000000000, -0.0000000000000000000 ) ) ;
#3021 = CARTESIAN_POINT ( 'NONE',  ( 5.500000000000001800, 1.100000000000000100, 0.2540000000000000000 ) ) ;
#3022 = DIRECTION ( 'NONE',  ( -1.000000000000000000, -0.0000000000000000000, -0.0000000000000000000 ) ) ;
#3023 = UNCERTAINTY_MEASURE_WITH_UNIT (LENGTH_MEASURE( 1.000000000000000100E-005 ), #3599, 'distance_accuracy_value', 'NONE');
#3024 =( GEOMETRIC_REPRESENTATION_CONTEXT ( 3 ) GLOBAL_UNCERTAINTY_ASSIGNED_CONTEXT ( ( #4698 ) ) GLOBAL_UNIT_ASSIGNED_CONTEXT ( ( #3957, #10133, #4838 ) ) REPRESENTATION_CONTEXT ( 'NONE', 'WORKASPACE' ) );
#3025 = CARTESIAN_POINT ( 'NONE',  ( -4.000000000000000900, -0.8000000000000001600, 2.400000000000000800 ) ) ;
#3026 = ADVANCED_FACE ( 'NONE', ( #10276 ), #4991, .T. ) ;
#3027 = CARTESIAN_POINT ( 'NONE',  ( 4.524000000000000900, 1.100000000000000100, 0.3039999999999999400 ) ) ;
#3028 =( GEOMETRIC_REPRESENTATION_CONTEXT ( 3 ) GLOBAL_UNCERTAINTY_ASSIGNED_CONTEXT ( ( #3298 ) ) GLOBAL_UNIT_ASSIGNED_CONTEXT ( ( #4906, #11062, #5786 ) ) REPRESENTATION_CONTEXT ( 'NONE', 'WORKASPACE' ) );
#3029 = MECHANICAL_DESIGN_GEOMETRIC_PRESENTATION_REPRESENTATION (  '', ( #1212 ), #3625 ) ;
#3030 = PLANE ( 'NONE',  #627 ) ;
#3031 =( NAMED_UNIT ( * ) SI_UNIT ( $, .STERADIAN. ) SOLID_ANGLE_UNIT ( ) );
#3032 = VECTOR ( 'NONE', #6459, 1000.000000000000000 ) ;
#3033 = CARTESIAN_POINT ( 'NONE',  ( -3.999999999999999100, 1.700000000000000000, 3.699999999999996600 ) ) ;
#3034 =( NAMED_UNIT ( * ) SI_UNIT ( $, .STERADIAN. ) SOLID_ANGLE_UNIT ( ) );
#3035 = EDGE_LOOP ( 'NONE', ( #621, #7514, #8946, #8080, #4239 ) ) ;
#3036 = DIRECTION ( 'NONE',  ( 0.0000000000000000000, 1.000000000000000000, 0.0000000000000000000 ) ) ;
#3037 =( GEOMETRIC_REPRESENTATION_CONTEXT ( 3 ) GLOBAL_UNCERTAINTY_ASSIGNED_CONTEXT ( ( #10502 ) ) GLOBAL_UNIT_ASSIGNED_CONTEXT ( ( #177, #6413, #1079 ) ) REPRESENTATION_CONTEXT ( 'NONE', 'WORKASPACE' ) );
#3038 = VERTEX_POINT ( 'NONE', #3231 ) ;
#3039 = MECHANICAL_DESIGN_GEOMETRIC_PRESENTATION_REPRESENTATION (  '', ( #1222 ), #3632 ) ;
#3040 = VERTEX_POINT ( 'NONE', #6763 ) ;
#3041 = CARTESIAN_POINT ( 'NONE',  ( -3.999999999999999100, -1.100000000000000100, 4.699999999999995700 ) ) ;
#3042 = ORIENTED_EDGE ( 'NONE', *, *, #6953, .F. ) ;
#3043 = CARTESIAN_POINT ( 'NONE',  ( -3.699999999999998400, 2.600000000000000100, 4.699999999999995700 ) ) ;
#3044 = CARTESIAN_POINT ( 'NONE',  ( 2.339999999999999900, -0.1500000000000003300, 0.2999999999999965500 ) ) ;
#3045 = FACE_OUTER_BOUND ( 'NONE', #3089, .T. ) ;
#3046 = CARTESIAN_POINT ( 'NONE',  ( -5.500000000000001800, -1.100000000000000100, 2.200000000000000200 ) ) ;
#3047 = ORIENTED_EDGE ( 'NONE', *, *, #2014, .T. ) ;
#3048 = FACE_OUTER_BOUND ( 'NONE', #9220, .T. ) ;
#3049 = CARTESIAN_POINT ( 'NONE',  ( 2.660000000000000100, 2.549999999999999800, 0.4499999999999999000 ) ) ;
#3050 = DIRECTION ( 'NONE',  ( -1.000000000000000000, -0.0000000000000000000, -0.0000000000000000000 ) ) ;
#3051 = ORIENTED_EDGE ( 'NONE', *, *, #650, .F. ) ;
#3052 = EDGE_LOOP ( 'NONE', ( #10698, #10487, #994, #3682 ) ) ;
#3053 = DIRECTION ( 'NONE',  ( 0.0000000000000000000, 1.223202451009284600E-015, -1.000000000000000000 ) ) ;
#3054 = SURFACE_STYLE_USAGE ( .BOTH. , #2938 ) ;
#3055 = SURFACE_SIDE_STYLE ('',( #10405 ) ) ;
#3056 = EDGE_CURVE ( 'NONE', #2192, #11036, #5294, .T. ) ;
#3057 = EDGE_CURVE ( 'NONE', #3675, #2252, #2965, .T. ) ;
#3058 = VECTOR ( 'NONE', #10354, 1000.000000000000000 ) ;
#3059 = ORIENTED_EDGE ( 'NONE', *, *, #8143, .T. ) ;
#3060 = EDGE_LOOP ( 'NONE', ( #4418, #2572, #8692, #1891 ) ) ;
#3061 = PRESENTATION_STYLE_ASSIGNMENT (( #9256 ) ) ;
#3062 = CARTESIAN_POINT ( 'NONE',  ( 4.000000000000001800, 2.299999999999998900, 1.749999999999996400 ) ) ;
#3063 = ADVANCED_FACE ( 'NONE', ( #9996 ), #5033, .F. ) ;
#3064 = ORIENTED_EDGE ( 'NONE', *, *, #5501, .F. ) ;
#3065 = DIRECTION ( 'NONE',  ( 3.771137991253928600E-016, -0.0000000000000000000, 1.000000000000000000 ) ) ;
#3066 =( NAMED_UNIT ( * ) SI_UNIT ( $, .STERADIAN. ) SOLID_ANGLE_UNIT ( ) );
#3067 = VECTOR ( 'NONE', #10995, 1000.000000000000000 ) ;
#3068 = FACE_OUTER_BOUND ( 'NONE', #7392, .T. ) ;
#3069 = CARTESIAN_POINT ( 'NONE',  ( -3.460666666666668300, 0.1333333333333338300, 1.533333333333333400 ) ) ;
#3070 = VECTOR ( 'NONE', #6755, 1000.000000000000000 ) ;
#3071 = DIRECTION ( 'NONE',  ( -1.000000000000000000, 0.0000000000000000000, 0.0000000000000000000 ) ) ;
#3072 = SURFACE_SIDE_STYLE ('',( #9974 ) ) ;
#3073 =( NAMED_UNIT ( * ) PLANE_ANGLE_UNIT ( ) SI_UNIT ( $, .RADIAN. ) );
#3074 = VECTOR ( 'NONE', #4650, 1000.000000000000000 ) ;
#3075 = CARTESIAN_POINT ( 'NONE',  ( 3.399999999999995900, 0.09999999999999982500, 1.749999999999996400 ) ) ;
#3076 = ORIENTED_EDGE ( 'NONE', *, *, #3057, .F. ) ;
#3077 = EDGE_CURVE ( 'NONE', #4063, #673, #11224, .T. ) ;
#3078 = VERTEX_POINT ( 'NONE', #5078 ) ;
#3079 = FACE_OUTER_BOUND ( 'NONE', #1348, .T. ) ;
#3080 = VERTEX_POINT ( 'NONE', #11236 ) ;
#3081 = CARTESIAN_POINT ( 'NONE',  ( -1.090000000000000100, 0.4249999999999998200, 0.6499999999999964700 ) ) ;
#3082 = VECTOR ( 'NONE', #7021, 1000.000000000000000 ) ;
#3083 = ADVANCED_FACE ( 'NONE', ( #10956 ), #6846, .T. ) ;
#3084 = CARTESIAN_POINT ( 'NONE',  ( 1.089999999999999900, 3.100000000000000100, 0.3499999999999989800 ) ) ;
#3085 = EDGE_CURVE ( 'NONE', #5132, #2828, #982, .T. ) ;
#3086 = VECTOR ( 'NONE', #4663, 1000.000000000000000 ) ;
#3087 = DIRECTION ( 'NONE',  ( 0.0000000000000000000, -0.0000000000000000000, -1.000000000000000000 ) ) ;
#3088 = DIRECTION ( 'NONE',  ( -0.0000000000000000000, 0.0000000000000000000, 1.000000000000000000 ) ) ;
#3089 = EDGE_LOOP ( 'NONE', ( #791, #11427, #7722, #8839, #7866, #173, #8502, #967, #10514, #7577, #5037, #6707, #6317, #363, #2320, #1589, #4265, #9315 ) ) ;
#3090 = FILL_AREA_STYLE_COLOUR ( '', #9703 ) ;
#3091 = VECTOR ( 'NONE', #5182, 1000.000000000000000 ) ;
#3092 = ORIENTED_EDGE ( 'NONE', *, *, #2259, .T. ) ;
#3093 = VERTEX_POINT ( 'NONE', #8652 ) ;
#3094 =( GEOMETRIC_REPRESENTATION_CONTEXT ( 3 ) GLOBAL_UNCERTAINTY_ASSIGNED_CONTEXT ( ( #7252 ) ) GLOBAL_UNIT_ASSIGNED_CONTEXT ( ( #5904, #571, #6772 ) ) REPRESENTATION_CONTEXT ( 'NONE', 'WORKASPACE' ) );
#3095 = SURFACE_SIDE_STYLE ('',( #5261 ) ) ;
#3096 = FILL_AREA_STYLE ('',( #11023 ) ) ;
#3097 = VECTOR ( 'NONE', #679, 1000.000000000000000 ) ;
#3098 = DIRECTION ( 'NONE',  ( 0.0000000000000000000, -1.000000000000000000, -1.126443815569353600E-015 ) ) ;
#3099 = CARTESIAN_POINT ( 'NONE',  ( -1.090000000000000100, 2.350000000000003200, 0.6499999999999986900 ) ) ;
#3100 =( GEOMETRIC_REPRESENTATION_CONTEXT ( 3 ) GLOBAL_UNCERTAINTY_ASSIGNED_CONTEXT ( ( #4272 ) ) GLOBAL_UNIT_ASSIGNED_CONTEXT ( ( #7498, #2196, #8372 ) ) REPRESENTATION_CONTEXT ( 'NONE', 'WORKASPACE' ) );
#3101 = CARTESIAN_POINT ( 'NONE',  ( 2.074999999999999700, 2.600000000000000100, 0.6499999999999978000 ) ) ;
#3102 = PRESENTATION_STYLE_ASSIGNMENT (( #9212 ) ) ;
#3103 = EDGE_LOOP ( 'NONE', ( #4340, #10253, #8751, #2911 ) ) ;
#3104 = ORIENTED_EDGE ( 'NONE', *, *, #7703, .T. ) ;
#3105 = UNCERTAINTY_MEASURE_WITH_UNIT (LENGTH_MEASURE( 1.000000000000000100E-005 ), #7519, 'distance_accuracy_value', 'NONE');
#3106 = LINE ( 'NONE', #9093, #9855 ) ;
#3107 = LINE ( 'NONE', #7187, #5432 ) ;
#3108 = LINE ( 'NONE', #4810, #7785 ) ;
#3109 = SURFACE_STYLE_USAGE ( .BOTH. , #2899 ) ;
#3110 = PLANE ( 'NONE',  #1848 ) ;
#3111 = DIRECTION ( 'NONE',  ( 1.000000000000000000, 0.0000000000000000000, -0.0000000000000000000 ) ) ;
#3112 = ORIENTED_EDGE ( 'NONE', *, *, #9090, .F. ) ;
#3113 = ORIENTED_EDGE ( 'NONE', *, *, #7406, .T. ) ;
#3114 = EDGE_LOOP ( 'NONE', ( #9148, #8260, #1087, #3267 ) ) ;
#3115 = CARTESIAN_POINT ( 'NONE',  ( -4.474000000000000200, 1.200000000000000000, 0.2999999999999999900 ) ) ;
#3116 = DIRECTION ( 'NONE',  ( 5.421010862427532000E-016, -1.000000000000000000, 0.0000000000000000000 ) ) ;
#3117 = CARTESIAN_POINT ( 'NONE',  ( -5.700000000000001100, 0.9000000000000003600, -1.084202172485504400E-016 ) ) ;
#3118 = LINE ( 'NONE', #1621, #7792 ) ;
#3119 = AXIS2_PLACEMENT_3D ( 'NONE', #9175, #3902, #10078 ) ;
#3120 = CARTESIAN_POINT ( 'NONE',  ( -4.000000000000000900, 1.700000000000000000, 0.2999999999999999900 ) ) ;
#3121 = ORIENTED_EDGE ( 'NONE', *, *, #4252, .F. ) ;
#3122 = ORIENTED_EDGE ( 'NONE', *, *, #9172, .F. ) ;
#3123 = PLANE ( 'NONE',  #9658 ) ;
#3124 = AXIS2_PLACEMENT_3D ( 'NONE', #797, #6998, #1720 ) ;
#3125 = LINE ( 'NONE', #175, #4910 ) ;
#3126 = PLANE ( 'NONE',  #9750 ) ;
#3127 = ADVANCED_FACE ( 'NONE', ( #1846 ), #5969, .F. ) ;
#3128 = CARTESIAN_POINT ( 'NONE',  ( -4.524000000000000900, -1.100000000000000100, 0.3039999999999999400 ) ) ;
#3129 = EDGE_CURVE ( 'NONE', #9161, #6913, #5423, .T. ) ;
#3130 = ORIENTED_EDGE ( 'NONE', *, *, #812, .F. ) ;
#3131 = DIRECTION ( 'NONE',  ( 0.0000000000000000000, -1.126443815569353600E-015, 1.000000000000000000 ) ) ;
#3132 = VECTOR ( 'NONE', #8356, 1000.000000000000000 ) ;
#3133 = DIRECTION ( 'NONE',  ( 0.0000000000000000000, 0.0000000000000000000, 1.000000000000000000 ) ) ;
#3134 = VERTEX_POINT ( 'NONE', #11306 ) ;
#3135 = ADVANCED_FACE ( 'NONE', ( #708 ), #1628, .F. ) ;
#3136 = ORIENTED_EDGE ( 'NONE', *, *, #8271, .F. ) ;
#3137 = CARTESIAN_POINT ( 'NONE',  ( -0.4250000000000004900, 2.600000000000000100, 0.6499999999999982500 ) ) ;
#3138 = LINE ( 'NONE', #8289, #754 ) ;
#3139 = LINE ( 'NONE', #3600, #7257 ) ;
#3140 = PLANE ( 'NONE',  #3975 ) ;
#3141 = EDGE_CURVE ( 'NONE', #7524, #2067, #7774, .T. ) ;
#3142 = CARTESIAN_POINT ( 'NONE',  ( 2.660000000000000100, 2.200000000000004200, 0.2999999999999989900 ) ) ;
#3143 = EDGE_CURVE ( 'NONE', #1731, #8278, #9850, .T. ) ;
#3144 = EDGE_CURVE ( 'NONE', #8588, #7134, #10136, .T. ) ;
#3145 = DIRECTION ( 'NONE',  ( 0.0000000000000000000, -0.0000000000000000000, 1.000000000000000000 ) ) ;
#3146 = ORIENTED_EDGE ( 'NONE', *, *, #291, .T. ) ;
#3147 = EDGE_LOOP ( 'NONE', ( #11091, #9676, #8769, #4106, #5362, #4145, #9500, #8600, #3734, #5337, #301, #768, #2604, #2121, #3586, #4281, #10423, #10504 ) ) ;
#3148 =( LENGTH_UNIT ( ) NAMED_UNIT ( * ) SI_UNIT ( .MILLI., .METRE. ) );
#3149 =( NAMED_UNIT ( * ) SI_UNIT ( $, .STERADIAN. ) SOLID_ANGLE_UNIT ( ) );
#3150 = CARTESIAN_POINT ( 'NONE',  ( -5.020000000000001400, 1.200000000000000000, 1.275999999999999800 ) ) ;
#3151 = ORIENTED_EDGE ( 'NONE', *, *, #9250, .F. ) ;
#3152 = PLANE ( 'NONE',  #4854 ) ;
#3153 = ORIENTED_EDGE ( 'NONE', *, *, #119, .F. ) ;
#3154 = VECTOR ( 'NONE', #10358, 1000.000000000000000 ) ;
#3155 = EDGE_CURVE ( 'NONE', #8545, #6088, #7502, .T. ) ;
#3156 = STYLED_ITEM ( 'NONE', ( #11195 ), #8419 ) ;
#3157 = AXIS2_PLACEMENT_3D ( 'NONE', #4770, #4603, #3830 ) ;
#3158 = CARTESIAN_POINT ( 'NONE',  ( 1.325000000000000400, 3.673118842698620300, 2.099999999999996100 ) ) ;
#3159 = ORIENTED_EDGE ( 'NONE', *, *, #2180, .T. ) ;
#3160 = VERTEX_POINT ( 'NONE', #3455 ) ;
#3161 = VERTEX_POINT ( 'NONE', #8722 ) ;
#3162 = ORIENTED_EDGE ( 'NONE', *, *, #10981, .F. ) ;
#3163 = ORIENTED_EDGE ( 'NONE', *, *, #1928, .T. ) ;
#3164 = DIRECTION ( 'NONE',  ( 1.000000000000000000, 0.0000000000000000000, 0.0000000000000000000 ) ) ;
#3165 = STYLED_ITEM ( 'NONE', ( #6690 ), #11132 ) ;
#3166 = ORIENTED_EDGE ( 'NONE', *, *, #2250, .F. ) ;
#3167 = STYLED_ITEM ( 'NONE', ( #7356 ), #3063 ) ;
#3168 = ADVANCED_FACE ( 'NONE', ( #9568 ), #4337, .F. ) ;
#3169 = DIRECTION ( 'NONE',  ( 1.172110456741085800E-016, -1.000000000000000000, 0.0000000000000000000 ) ) ;
#3170 = CARTESIAN_POINT ( 'NONE',  ( 4.200000000000000200, 1.700000000000000000, 2.200000000000000200 ) ) ;
#3171 = EDGE_LOOP ( 'NONE', ( #9088, #7901, #6788, #7158 ) ) ;
#3172 = ORIENTED_EDGE ( 'NONE', *, *, #6695, .T. ) ;
#3173 = CARTESIAN_POINT ( 'NONE',  ( -4.474000000000000200, 1.200000000000000000, 1.276000000000000000 ) ) ;
#3174 = SURFACE_STYLE_FILL_AREA ( #11264 ) ;
#3175 = CARTESIAN_POINT ( 'NONE',  ( 2.499999999999999600, -0.3750000000000018900, 0.6499999999999982500 ) ) ;
#3176 = ORIENTED_EDGE ( 'NONE', *, *, #589, .F. ) ;
#3177 =( GEOMETRIC_REPRESENTATION_CONTEXT ( 3 ) GLOBAL_UNCERTAINTY_ASSIGNED_CONTEXT ( ( #7881 ) ) GLOBAL_UNIT_ASSIGNED_CONTEXT ( ( #6362, #1035, #7238 ) ) REPRESENTATION_CONTEXT ( 'NONE', 'WORKASPACE' ) );
#3178 = CARTESIAN_POINT ( 'NONE',  ( -2.339999999999999900, 0.4249999999999998200, 0.6499999999999964700 ) ) ;
#3179 = CARTESIAN_POINT ( 'NONE',  ( 3.050000000000002000, 1.700000000000000400, 1.749999999999996400 ) ) ;
#3180 = CARTESIAN_POINT ( 'NONE',  ( -2.541098841762907900E-016, -0.3750000000000018900, 0.6499999999999986900 ) ) ;
#3181 = ADVANCED_FACE ( 'NONE', ( #6398 ), #10549, .F. ) ;
#3182 = DIRECTION ( 'NONE',  ( -4.371782953570583600E-016, 0.0000000000000000000, -1.000000000000000000 ) ) ;
#3183 = EDGE_CURVE ( 'NONE', #7036, #8648, #10807, .T. ) ;
#3184 = LINE ( 'NONE', #3158, #7582 ) ;
#3185 = CIRCLE ( 'NONE', #5680, 0.05000000000000056500 ) ;
#3186 =( GEOMETRIC_REPRESENTATION_CONTEXT ( 3 ) GLOBAL_UNCERTAINTY_ASSIGNED_CONTEXT ( ( #2077 ) ) GLOBAL_UNIT_ASSIGNED_CONTEXT ( ( #2434, #8585, #3321 ) ) REPRESENTATION_CONTEXT ( 'NONE', 'WORKASPACE' ) );
#3187 = ORIENTED_EDGE ( 'NONE', *, *, #10022, .F. ) ;
#3188 = VECTOR ( 'NONE', #10006, 1000.000000000000000 ) ;
#3189 = FILL_AREA_STYLE ('',( #2265 ) ) ;
#3190 = VERTEX_POINT ( 'NONE', #834 ) ;
#3191 = LINE ( 'NONE', #3782, #807 ) ;
#3192 = FACE_OUTER_BOUND ( 'NONE', #6856, .T. ) ;
#3193 = FACE_OUTER_BOUND ( 'NONE', #3776, .T. ) ;
#3194 = LINE ( 'NONE', #3019, #7599 ) ;
#3195 =( NAMED_UNIT ( * ) SI_UNIT ( $, .STERADIAN. ) SOLID_ANGLE_UNIT ( ) );
#3196 = VERTEX_POINT ( 'NONE', #7913 ) ;
#3197 = ORIENTED_EDGE ( 'NONE', *, *, #6461, .T. ) ;
#3198 = CARTESIAN_POINT ( 'NONE',  ( -2.660000000000000100, 0.4249999999999998200, 0.6499999999999984700 ) ) ;
#3199 = ORIENTED_EDGE ( 'NONE', *, *, #3587, .T. ) ;
#3200 = SURFACE_STYLE_USAGE ( .BOTH. , #8470 ) ;
#3201 = FILL_AREA_STYLE_COLOUR ( '', #230 ) ;
#3202 = PRESENTATION_STYLE_ASSIGNMENT (( #4552 ) ) ;
#3203 = EDGE_LOOP ( 'NONE', ( #1072, #975, #8209, #6055 ) ) ;
#3204 = LINE ( 'NONE', #1044, #820 ) ;
#3205 = PLANE ( 'NONE',  #6673 ) ;
#3206 = VECTOR ( 'NONE', #795, 1000.000000000000000 ) ;
#3207 = EDGE_CURVE ( 'NONE', #2595, #1203, #1693, .T. ) ;
#3208 = VECTOR ( 'NONE', #5189, 1000.000000000000000 ) ;
#3209 = VECTOR ( 'NONE', #1256, 1000.000000000000000 ) ;
#3210 = EDGE_CURVE ( 'NONE', #2697, #4356, #8450, .T. ) ;
#3211 = FACE_OUTER_BOUND ( 'NONE', #3689, .T. ) ;
#3212 = PLANE ( 'NONE',  #8990 ) ;
#3213 = ORIENTED_EDGE ( 'NONE', *, *, #7328, .T. ) ;
#3214 = VERTEX_POINT ( 'NONE', #11464 ) ;
#3215 = ORIENTED_EDGE ( 'NONE', *, *, #4385, .T. ) ;
#3216 = VECTOR ( 'NONE', #6621, 1000.000000000000000 ) ;
#3217 = DIRECTION ( 'NONE',  ( 3.051828337366604500E-016, -0.0000000000000000000, 1.000000000000000000 ) ) ;
#3218 = CARTESIAN_POINT ( 'NONE',  ( 1.089999999999999900, 2.200000000000004200, 0.2999999999999989900 ) ) ;
#3219 = CARTESIAN_POINT ( 'NONE',  ( -0.4250000000000004900, 2.600000000000000100, 0.2999999999999982100 ) ) ;
#3220 = VECTOR ( 'NONE', #2366, 1000.000000000000000 ) ;
#3221 = CARTESIAN_POINT ( 'NONE',  ( 2.660000000000000100, 3.000000000000000000, 0.4499999999999998400 ) ) ;
#3222 = SURFACE_STYLE_FILL_AREA ( #2575 ) ;
#3223 = DIRECTION ( 'NONE',  ( 0.0000000000000000000, -0.7071067811865512400, -0.7071067811865439100 ) ) ;
#3224 = UNCERTAINTY_MEASURE_WITH_UNIT (LENGTH_MEASURE( 1.000000000000000100E-005 ), #1609, 'distance_accuracy_value', 'NONE');
#3225 = EDGE_CURVE ( 'NONE', #4920, #7558, #8163, .T. ) ;
#3226 =( LENGTH_UNIT ( ) NAMED_UNIT ( * ) SI_UNIT ( .MILLI., .METRE. ) );
#3227 = LINE ( 'NONE', #11140, #844 ) ;
#3228 = ORIENTED_EDGE ( 'NONE', *, *, #1122, .T. ) ;
#3229 = ORIENTED_EDGE ( 'NONE', *, *, #897, .T. ) ;
#3230 = VECTOR ( 'NONE', #10613, 1000.000000000000000 ) ;
#3231 = CARTESIAN_POINT ( 'NONE',  ( -5.200000000000001100, -0.8000000000000001600, 1.699999999999989700 ) ) ;
#3232 = VECTOR ( 'NONE', #4919, 1000.000000000000000 ) ;
#3233 = CARTESIAN_POINT ( 'NONE',  ( 4.000000000000000900, 2.600000000000000100, 0.04999999999999747700 ) ) ;
#3234 = EDGE_CURVE ( 'NONE', #11498, #367, #10531, .T. ) ;
#3235 = LINE ( 'NONE', #9191, #7907 ) ;
#3236 = LINE ( 'NONE', #2976, #7354 ) ;
#3237 = PLANE ( 'NONE',  #6501 ) ;
#3238 = VECTOR ( 'NONE', #870, 1000.000000000000000 ) ;
#3239 = CARTESIAN_POINT ( 'NONE',  ( 2.924999999999999800, 2.600000000000000100, 0.6499999999999978000 ) ) ;
#3240 = DIRECTION ( 'NONE',  ( 1.000000000000000000, 0.0000000000000000000, 0.0000000000000000000 ) ) ;
#3241 = SURFACE_STYLE_FILL_AREA ( #11185 ) ;
#3242 = CARTESIAN_POINT ( 'NONE',  ( 3.699999999999995700, 0.8499999999999996400, 4.699999999999997500 ) ) ;
#3243 = ADVANCED_FACE ( 'NONE', ( #3507 ), #8830, .T. ) ;
#3244 = STYLED_ITEM ( 'NONE', ( #1516 ), #710 ) ;
#3245 = ORIENTED_EDGE ( 'NONE', *, *, #1813, .F. ) ;
#3246 = VERTEX_POINT ( 'NONE', #7058 ) ;
#3247 = ORIENTED_EDGE ( 'NONE', *, *, #7421, .T. ) ;
#3248 =( NAMED_UNIT ( * ) SI_UNIT ( $, .STERADIAN. ) SOLID_ANGLE_UNIT ( ) );
#3249 = CARTESIAN_POINT ( 'NONE',  ( 1.089999999999999900, 0.4249999999999998200, 1.749999999999996400 ) ) ;
#3250 = VERTEX_POINT ( 'NONE', #1 ) ;
#3251 = VECTOR ( 'NONE', #10573, 1000.000000000000000 ) ;
#3252 = AXIS2_PLACEMENT_3D ( 'NONE', #3567, #7009, #5328 ) ;
#3253 = DIRECTION ( 'NONE',  ( -0.0000000000000000000, 1.000000000000000000, 0.0000000000000000000 ) ) ;
#3254 = ADVANCED_FACE ( 'NONE', ( #7896 ), #4441, .T. ) ;
#3255 = CARTESIAN_POINT ( 'NONE',  ( 1.724999999999999900, -1.100000000000000100, 3.249999999999995100 ) ) ;
#3256 = CARTESIAN_POINT ( 'NONE',  ( 2.660000000000000100, 0.2499999999999996700, 0.2999999999999966000 ) ) ;
#3257 = EDGE_LOOP ( 'NONE', ( #3319, #3775, #2614, #2757 ) ) ;
#3258 = ORIENTED_EDGE ( 'NONE', *, *, #3850, .T. ) ;
#3259 = VECTOR ( 'NONE', #8319, 1000.000000000000000 ) ;
#3260 = AXIS2_PLACEMENT_3D ( 'NONE', #11415, #6165, #819 ) ;
#3261 = LINE ( 'NONE', #6972, #5592 ) ;
#3262 = DIRECTION ( 'NONE',  ( 0.0000000000000000000, 0.0000000000000000000, -1.000000000000000000 ) ) ;
#3263 = MECHANICAL_DESIGN_GEOMETRIC_PRESENTATION_REPRESENTATION (  '', ( #2043 ), #3831 ) ;
#3264 =( NAMED_UNIT ( * ) PLANE_ANGLE_UNIT ( ) SI_UNIT ( $, .RADIAN. ) );
#3265 = DIRECTION ( 'NONE',  ( 0.0000000000000000000, -0.0000000000000000000, -1.000000000000000000 ) ) ;
#3266 = DIRECTION ( 'NONE',  ( 0.0000000000000000000, -1.000000000000000000, -0.0000000000000000000 ) ) ;
#3267 = ORIENTED_EDGE ( 'NONE', *, *, #2540, .T. ) ;
#3268 = LINE ( 'NONE', #868, #598 ) ;
#3269 = ORIENTED_EDGE ( 'NONE', *, *, #11298, .T. ) ;
#3270 = STYLED_ITEM ( 'NONE', ( #6531 ), #3991 ) ;
#3271 = CARTESIAN_POINT ( 'NONE',  ( 4.694000000000003500, -1.100000000000000100, 0.2999999999999999900 ) ) ;
#3272 = FACE_OUTER_BOUND ( 'NONE', #9900, .T. ) ;
#3273 = CARTESIAN_POINT ( 'NONE',  ( -2.339999999999999900, 0.3499999999999997000, 3.999999999999993300 ) ) ;
#3274 = CARTESIAN_POINT ( 'NONE',  ( -1.409999999999999900, 2.500000000000000000, -1.084202172485504400E-016 ) ) ;
#3275 = ORIENTED_EDGE ( 'NONE', *, *, #45, .T. ) ;
#3276 = DIRECTION ( 'NONE',  ( -1.000000000000000000, -0.0000000000000000000, -0.0000000000000000000 ) ) ;
#3277 = FILL_AREA_STYLE_COLOUR ( '', #1107 ) ;
#3278 = MECHANICAL_DESIGN_GEOMETRIC_PRESENTATION_REPRESENTATION (  '', ( #1463 ), #3845 ) ;
#3279 = CARTESIAN_POINT ( 'NONE',  ( 0.06376470588235301500, 0.3528235294117643100, 3.981176470588228400 ) ) ;
#3280 = ORIENTED_EDGE ( 'NONE', *, *, #8227, .F. ) ;
#3281 = FILL_AREA_STYLE ('',( #2370 ) ) ;
#3282 = LINE ( 'NONE', #4019, #10035 ) ;
#3283 = LINE ( 'NONE', #6409, #893 ) ;
#3284 = EDGE_CURVE ( 'NONE', #2107, #1149, #10260, .T. ) ;
#3285 = DIRECTION ( 'NONE',  ( 0.0000000000000000000, -1.000000000000000000, -1.223202451009284400E-015 ) ) ;
#3286 = EDGE_CURVE ( 'NONE', #9830, #3866, #7064, .T. ) ;
#3287 = ORIENTED_EDGE ( 'NONE', *, *, #2462, .T. ) ;
#3288 = DIRECTION ( 'NONE',  ( 0.0000000000000000000, 0.7071067811865439100, -0.7071067811865512400 ) ) ;
#3289 = ORIENTED_EDGE ( 'NONE', *, *, #1558, .T. ) ;
#3290 = CARTESIAN_POINT ( 'NONE',  ( 2.339999999999999900, 0.4249999999999998200, 0.6499999999999964700 ) ) ;
#3291 = ADVANCED_FACE ( 'NONE', ( #11494 ), #42, .T. ) ;
#3292 = EDGE_CURVE ( 'NONE', #9466, #10000, #6799, .T. ) ;
#3293 = DIRECTION ( 'NONE',  ( 0.0000000000000000000, 0.7071067811865496800, 0.7071067811865453500 ) ) ;
#3294 = EDGE_CURVE ( 'NONE', #4583, #1204, #9130, .T. ) ;
#3295 = CARTESIAN_POINT ( 'NONE',  ( 2.660000000000000100, -0.1500000000000003300, 0.2999999999999965500 ) ) ;
#3296 = EDGE_CURVE ( 'NONE', #5543, #11173, #4731, .T. ) ;
#3297 = CARTESIAN_POINT ( 'NONE',  ( -2.339999999999999900, 2.500000000000000000, -1.084202172485504400E-016 ) ) ;
#3298 = UNCERTAINTY_MEASURE_WITH_UNIT (LENGTH_MEASURE( 1.000000000000000100E-005 ), #4906, 'distance_accuracy_value', 'NONE');
#3299 = STYLED_ITEM ( 'NONE', ( #7352 ), #7444 ) ;
#3300 = DIRECTION ( 'NONE',  ( 0.0000000000000000000, 0.9701425001453327600, -0.2425356250363297200 ) ) ;
#3301 = ADVANCED_FACE ( 'NONE', ( #4449 ), #3685, .T. ) ;
#3302 = MECHANICAL_DESIGN_GEOMETRIC_PRESENTATION_REPRESENTATION (  '', ( #1497 ), #3885 ) ;
#3303 = EDGE_LOOP ( 'NONE', ( #5231, #2698, #9302, #8940, #11080, #7843 ) ) ;
#3304 = CARTESIAN_POINT ( 'NONE',  ( -1.090000000000000100, 0.2499999999999996700, 0.2999999999999966000 ) ) ;
#3305 = DIRECTION ( 'NONE',  ( 0.0000000000000000000, 1.000000000000000000, -0.0000000000000000000 ) ) ;
#3306 = DIRECTION ( 'NONE',  ( 0.0000000000000000000, 1.000000000000000000, 0.0000000000000000000 ) ) ;
#3307 = DIRECTION ( 'NONE',  ( -0.0000000000000000000, 0.7071067811865475700, 0.7071067811865475700 ) ) ;
#3308 = STYLED_ITEM ( 'NONE', ( #337 ), #10072 ) ;
#3309 = EDGE_CURVE ( 'NONE', #3666, #8182, #1832, .T. ) ;
#3310 = ORIENTED_EDGE ( 'NONE', *, *, #8807, .T. ) ;
#3311 = ORIENTED_EDGE ( 'NONE', *, *, #6530, .F. ) ;
#3312 = VECTOR ( 'NONE', #6950, 1000.000000000000000 ) ;
#3313 = ORIENTED_EDGE ( 'NONE', *, *, #3143, .F. ) ;
#3314 = PLANE ( 'NONE',  #8647 ) ;
#3315 = CARTESIAN_POINT ( 'NONE',  ( -1.409999999999999900, 0.2499999999999996700, 0.2999999999999966000 ) ) ;
#3316 = CARTESIAN_POINT ( 'NONE',  ( -1.090000000000000100, 0.4249999999999998200, 3.499999999999981300 ) ) ;
#3317 = ORIENTED_EDGE ( 'NONE', *, *, #3234, .F. ) ;
#3318 = ORIENTED_EDGE ( 'NONE', *, *, #11273, .F. ) ;
#3319 = ORIENTED_EDGE ( 'NONE', *, *, #8736, .F. ) ;
#3320 = STYLED_ITEM ( 'NONE', ( #839 ), #1912 ) ;
#3321 =( NAMED_UNIT ( * ) SI_UNIT ( $, .STERADIAN. ) SOLID_ANGLE_UNIT ( ) );
#3322 = AXIS2_PLACEMENT_3D ( 'NONE', #11469, #9742, #4444 ) ;
#3323 = FACE_OUTER_BOUND ( 'NONE', #6761, .T. ) ;
#3324 = CARTESIAN_POINT ( 'NONE',  ( 1.410000000000000600, -0.3750000000000003300, 0.6499999999999978000 ) ) ;
#3325 = VERTEX_POINT ( 'NONE', #101 ) ;
#3326 = LINE ( 'NONE', #4379, #942 ) ;
#3327 = SURFACE_STYLE_USAGE ( .BOTH. , #8594 ) ;
#3328 = MECHANICAL_DESIGN_GEOMETRIC_PRESENTATION_REPRESENTATION (  '', ( #2140 ), #3914 ) ;
#3329 = STYLED_ITEM ( 'NONE', ( #1541 ), #3368 ) ;
#3330 = VERTEX_POINT ( 'NONE', #7206 ) ;
#3331 =( NAMED_UNIT ( * ) SI_UNIT ( $, .STERADIAN. ) SOLID_ANGLE_UNIT ( ) );
#3332 =( NAMED_UNIT ( * ) SI_UNIT ( $, .STERADIAN. ) SOLID_ANGLE_UNIT ( ) );
#3333 = VECTOR ( 'NONE', #8262, 999.9999999999998900 ) ;
#3334 = VECTOR ( 'NONE', #3169, 1000.000000000000000 ) ;
#3335 = CARTESIAN_POINT ( 'NONE',  ( 2.339999999999999900, -0.3750000000000001100, 0.6499999999999978000 ) ) ;
#3336 = DIRECTION ( 'NONE',  ( 6.776263578034385900E-016, 1.000000000000000000, -0.0000000000000000000 ) ) ;
#3337 = CARTESIAN_POINT ( 'NONE',  ( 1.089999999999999900, 0.0000000000000000000, 3.499999999999983100 ) ) ;
#3338 = PRESENTATION_LAYER_ASSIGNMENT (  '', '', ( #2149 ) ) ;
#3339 = VERTEX_POINT ( 'NONE', #1931 ) ;
#3340 = VECTOR ( 'NONE', #6805, 1000.000000000000000 ) ;
#3341 = ORIENTED_EDGE ( 'NONE', *, *, #5425, .T. ) ;
#3342 = ORIENTED_EDGE ( 'NONE', *, *, #6695, .F. ) ;
#3343 = ORIENTED_EDGE ( 'NONE', *, *, #9637, .F. ) ;
#3344 =( NAMED_UNIT ( * ) PLANE_ANGLE_UNIT ( ) SI_UNIT ( $, .RADIAN. ) );
#3345 = FACE_OUTER_BOUND ( 'NONE', #9915, .T. ) ;
#3346 = EDGE_CURVE ( 'NONE', #1473, #2284, #10947, .T. ) ;
#3347 = LINE ( 'NONE', #5336, #5404 ) ;
#3348 = FACE_OUTER_BOUND ( 'NONE', #1716, .T. ) ;
#3349 = CARTESIAN_POINT ( 'NONE',  ( 2.660000000000000100, -0.6250000000000003300, 0.6499999999999964700 ) ) ;
#3350 = EDGE_CURVE ( 'NONE', #3358, #11403, #6542, .T. ) ;
#3351 = DIRECTION ( 'NONE',  ( 0.0000000000000000000, -0.7071067811865496800, -0.7071067811865453500 ) ) ;
#3352 = VECTOR ( 'NONE', #9037, 1000.000000000000000 ) ;
#3353 = ORIENTED_EDGE ( 'NONE', *, *, #2012, .T. ) ;
#3354 =( NAMED_UNIT ( * ) PLANE_ANGLE_UNIT ( ) SI_UNIT ( $, .RADIAN. ) );
#3355 = ORIENTED_EDGE ( 'NONE', *, *, #11243, .F. ) ;
#3357 = EDGE_LOOP ( 'NONE', ( #11441, #7125, #3366, #2799 ) ) ;
#3356 = ADVANCED_FACE ( 'NONE', ( #3900 ), #3706, .T. ) ;
#3358 = VERTEX_POINT ( 'NONE', #6376 ) ;
#3359 = LINE ( 'NONE', #10507, #10120 ) ;
#3360 = FILL_AREA_STYLE ('',( #8628 ) ) ;
#3361 = PLANE ( 'NONE',  #5167 ) ;
#3362 = CARTESIAN_POINT ( 'NONE',  ( 1.410000000000000600, 0.4249999999999998200, 0.04999999999999753300 ) ) ;
#3363 = VERTEX_POINT ( 'NONE', #8111 ) ;
#3364 = VECTOR ( 'NONE', #9575, 1000.000000000000000 ) ;
#3365 = ORIENTED_EDGE ( 'NONE', *, *, #2392, .F. ) ;
#3366 = ORIENTED_EDGE ( 'NONE', *, *, #11157, .T. ) ;
#3367 = COLOUR_RGB ( '',0.8000000000000000400, 0.8078431372549019800, 0.8000000000000000400 ) ;
#3368 = ADVANCED_FACE ( 'NONE', ( #10670 ), #1974, .T. ) ;
#3369 = CARTESIAN_POINT ( 'NONE',  ( 0.1599999999999999800, 2.350000000000003200, 0.6499999999999986900 ) ) ;
#3370 = EDGE_CURVE ( 'NONE', #1259, #846, #9837, .T. ) ;
#3371 = VECTOR ( 'NONE', #7509, 1000.000000000000000 ) ;
#3372 = EDGE_CURVE ( 'NONE', #3497, #7256, #697, .T. ) ;
#3373 = EDGE_CURVE ( 'NONE', #5504, #4007, #7487, .T. ) ;
#3374 = VECTOR ( 'NONE', #722, 1000.000000000000000 ) ;
#3375 = UNCERTAINTY_MEASURE_WITH_UNIT (LENGTH_MEASURE( 1.000000000000000100E-005 ), #2836, 'distance_accuracy_value', 'NONE');
#3376 = DIRECTION ( 'NONE',  ( 0.0000000000000000000, -1.000000000000000000, 0.0000000000000000000 ) ) ;
#3377 = ORIENTED_EDGE ( 'NONE', *, *, #5565, .F. ) ;
#3378 = ORIENTED_EDGE ( 'NONE', *, *, #4377, .F. ) ;
#3379 =( LENGTH_UNIT ( ) NAMED_UNIT ( * ) SI_UNIT ( .MILLI., .METRE. ) );
#3380 = SURFACE_STYLE_FILL_AREA ( #9809 ) ;
#3381 =( NAMED_UNIT ( * ) SI_UNIT ( $, .STERADIAN. ) SOLID_ANGLE_UNIT ( ) );
#3382 = PLANE ( 'NONE',  #11186 ) ;
#3383 = LINE ( 'NONE', #325, #131 ) ;
#3384 = CARTESIAN_POINT ( 'NONE',  ( -1.090000000000000100, -0.3750000000000001100, 0.6499999999999975800 ) ) ;
#3385 = SURFACE_SIDE_STYLE ('',( #7369 ) ) ;
#3386 = FACE_OUTER_BOUND ( 'NONE', #6108, .T. ) ;
#3387 = FACE_OUTER_BOUND ( 'NONE', #6249, .T. ) ;
#3388 = DIRECTION ( 'NONE',  ( 1.000000000000000000, 0.0000000000000000000, -0.0000000000000000000 ) ) ;
#3389 = VECTOR ( 'NONE', #3491, 1000.000000000000000 ) ;
#3390 = EDGE_CURVE ( 'NONE', #4542, #8136, #5415, .T. ) ;
#3391 = ORIENTED_EDGE ( 'NONE', *, *, #3871, .F. ) ;
#3392 = ORIENTED_EDGE ( 'NONE', *, *, #4676, .F. ) ;
#3393 = ORIENTED_EDGE ( 'NONE', *, *, #6973, .F. ) ;
#3394 = DIRECTION ( 'NONE',  ( -1.000000000000000000, -0.0000000000000000000, -0.0000000000000000000 ) ) ;
#3395 = DIRECTION ( 'NONE',  ( 0.7071067811865460200, -1.277744513902805900E-016, -0.7071067811865490200 ) ) ;
#3396 = FILL_AREA_STYLE ('',( #6853 ) ) ;
#3397 = STYLED_ITEM ( 'NONE', ( #444 ), #1249 ) ;
#3398 = ORIENTED_EDGE ( 'NONE', *, *, #11416, .T. ) ;
#3399 = ORIENTED_EDGE ( 'NONE', *, *, #291, .F. ) ;
#3400 = LINE ( 'NONE', #92, #1006 ) ;
#3401 =( LENGTH_UNIT ( ) NAMED_UNIT ( * ) SI_UNIT ( .MILLI., .METRE. ) );
#3402 = FACE_OUTER_BOUND ( 'NONE', #3643, .T. ) ;
#3403 =( GEOMETRIC_REPRESENTATION_CONTEXT ( 3 ) GLOBAL_UNCERTAINTY_ASSIGNED_CONTEXT ( ( #7947 ) ) GLOBAL_UNIT_ASSIGNED_CONTEXT ( ( #10416, #5124, #11282 ) ) REPRESENTATION_CONTEXT ( 'NONE', 'WORKASPACE' ) );
#3404 = CARTESIAN_POINT ( 'NONE',  ( 2.660000000000000100, 2.350000000000003200, 0.6499999999999986900 ) ) ;
#3405 = AXIS2_PLACEMENT_3D ( 'NONE', #1996, #1892, #1855 ) ;
#3406 =( NAMED_UNIT ( * ) PLANE_ANGLE_UNIT ( ) SI_UNIT ( $, .RADIAN. ) );
#3407 = VERTEX_POINT ( 'NONE', #7323 ) ;
#3408 =( GEOMETRIC_REPRESENTATION_CONTEXT ( 3 ) GLOBAL_UNCERTAINTY_ASSIGNED_CONTEXT ( ( #7621 ) ) GLOBAL_UNIT_ASSIGNED_CONTEXT ( ( #11470, #6201, #881 ) ) REPRESENTATION_CONTEXT ( 'NONE', 'WORKASPACE' ) );
#3409 = PLANE ( 'NONE',  #2286 ) ;
#3410 = MECHANICAL_DESIGN_GEOMETRIC_PRESENTATION_REPRESENTATION (  '', ( #1619 ), #3987 ) ;
#3411 = COLOUR_RGB ( '',0.8000000000000000400, 0.8078431372549019800, 0.8000000000000000400 ) ;
#3412 = ADVANCED_FACE ( 'NONE', ( #2795 ), #8212, .T. ) ;
#3413 = VECTOR ( 'NONE', #2158, 1000.000000000000000 ) ;
#3414 = CARTESIAN_POINT ( 'NONE',  ( 4.524000000000000900, 1.100000000000000100, 0.2540000000000000000 ) ) ;
#3415 = DIRECTION ( 'NONE',  ( -1.000000000000000000, -0.0000000000000000000, -0.0000000000000000000 ) ) ;
#3416 = PRESENTATION_LAYER_ASSIGNMENT (  '', '', ( #2207 ) ) ;
#3417 = DIRECTION ( 'NONE',  ( 0.0000000000000000000, 0.0000000000000000000, 1.000000000000000000 ) ) ;
#3418 = DIRECTION ( 'NONE',  ( -0.5773502691896257300, 0.5773502691896257300, -0.5773502691896257300 ) ) ;
#3419 = EDGE_CURVE ( 'NONE', #4088, #11312, #1681, .T. ) ;
#3420 = MECHANICAL_DESIGN_GEOMETRIC_PRESENTATION_REPRESENTATION (  '', ( #1626 ), #3998 ) ;
#3421 = VERTEX_POINT ( 'NONE', #3853 ) ;
#3422 = ORIENTED_EDGE ( 'NONE', *, *, #7424, .F. ) ;
#3423 = DIRECTION ( 'NONE',  ( -1.000000000000000000, -1.172110456741085800E-016, 0.0000000000000000000 ) ) ;
#3424 = ORIENTED_EDGE ( 'NONE', *, *, #4765, .T. ) ;
#3425 = LINE ( 'NONE', #865, #757 ) ;
#3426 = CARTESIAN_POINT ( 'NONE',  ( 2.339999999999999900, 0.2499999999999996700, 0.1799999999999966600 ) ) ;
#3427 = ADVANCED_FACE ( 'NONE', ( #10794 ), #2998, .F. ) ;
#3428 = CARTESIAN_POINT ( 'NONE',  ( 4.474000000000001100, 1.100000000000000100, 1.226000000000000000 ) ) ;
#3429 = CARTESIAN_POINT ( 'NONE',  ( -3.500000000000001300, -0.4000000000000000800, 0.04999999999999980800 ) ) ;
#3430 = CARTESIAN_POINT ( 'NONE',  ( -0.1599999999999999800, 0.4249999999999998200, 0.6499999999999964700 ) ) ;
#3431 = VERTEX_POINT ( 'NONE', #5637 ) ;
#3432 = ORIENTED_EDGE ( 'NONE', *, *, #515, .F. ) ;
#3433 = EDGE_CURVE ( 'NONE', #5409, #727, #825, .T. ) ;
#3434 = DIRECTION ( 'NONE',  ( 0.0000000000000000000, 0.0000000000000000000, 1.000000000000000000 ) ) ;
#3435 = EDGE_CURVE ( 'NONE', #10182, #6678, #9970, .T. ) ;
#3436 = EDGE_LOOP ( 'NONE', ( #10600, #2777, #11115, #5802 ) ) ;
#3437 = DIRECTION ( 'NONE',  ( 0.0000000000000000000, 1.000000000000000000, 0.0000000000000000000 ) ) ;
#3438 = VECTOR ( 'NONE', #3306, 1000.000000000000000 ) ;
#3439 = PLANE ( 'NONE',  #5247 ) ;
#3440 = VERTEX_POINT ( 'NONE', #2164 ) ;
#3441 = PLANE ( 'NONE',  #3483 ) ;
#3442 = EDGE_CURVE ( 'NONE', #5021, #2224, #9683, .T. ) ;
#3443 = CARTESIAN_POINT ( 'NONE',  ( -5.020000000000001400, -0.8799999999999986700, 1.275999999999999800 ) ) ;
#3444 = UNCERTAINTY_MEASURE_WITH_UNIT (LENGTH_MEASURE( 1.000000000000000100E-005 ), #3148, 'distance_accuracy_value', 'NONE');
#3445 =( LENGTH_UNIT ( ) NAMED_UNIT ( * ) SI_UNIT ( .MILLI., .METRE. ) );
#3446 = SURFACE_STYLE_USAGE ( .BOTH. , #8712 ) ;
#3447 = PLANE ( 'NONE',  #6847 ) ;
#3448 = EDGE_CURVE ( 'NONE', #375, #4405, #2928, .T. ) ;
#3449 = DIRECTION ( 'NONE',  ( 0.5773502691896258400, -0.5773502691896258400, -0.5773502691896257300 ) ) ;
#3450 = VERTEX_POINT ( 'NONE', #3062 ) ;
#3451 = VERTEX_POINT ( 'NONE', #4833 ) ;
#3452 = CARTESIAN_POINT ( 'NONE',  ( -4.200000000000000200, -0.8000000000000001600, 2.200000000000000200 ) ) ;
#3453 = ORIENTED_EDGE ( 'NONE', *, *, #5416, .F. ) ;
#3454 = STYLED_ITEM ( 'NONE', ( #3637 ), #7688 ) ;
#3455 = CARTESIAN_POINT ( 'NONE',  ( 5.500000000000001800, -1.100000000000000100, 0.2540000000000000000 ) ) ;
#3456 = MECHANICAL_DESIGN_GEOMETRIC_PRESENTATION_REPRESENTATION (  '', ( #1665 ), #4046 ) ;
#3457 = CARTESIAN_POINT ( 'NONE',  ( 1.409999999999999700, -0.1500000000000003300, 0.2999999999999965500 ) ) ;
#3458 = CARTESIAN_POINT ( 'NONE',  ( -4.220000000000000600, 1.200000000000000000, 1.529999999999999800 ) ) ;
#3459 = SURFACE_STYLE_FILL_AREA ( #5066 ) ;
#3460 = VERTEX_POINT ( 'NONE', #6620 ) ;
#3461 = DIRECTION ( 'NONE',  ( 0.0000000000000000000, 0.0000000000000000000, -1.000000000000000000 ) ) ;
#3462 = ADVANCED_FACE ( 'NONE', ( #2653 ), #5729, .T. ) ;
#3463 =( GEOMETRIC_REPRESENTATION_CONTEXT ( 3 ) GLOBAL_UNCERTAINTY_ASSIGNED_CONTEXT ( ( #8516 ) ) GLOBAL_UNIT_ASSIGNED_CONTEXT ( ( #3379, #9526, #4253 ) ) REPRESENTATION_CONTEXT ( 'NONE', 'WORKASPACE' ) );
#3464 = PRESENTATION_STYLE_ASSIGNMENT (( #1915 ) ) ;
#3465 = FACE_OUTER_BOUND ( 'NONE', #10001, .T. ) ;
#3466 = VECTOR ( 'NONE', #2228, 1000.000000000000000 ) ;
#3467 = FILL_AREA_STYLE ('',( #8735 ) ) ;
#3468 = VECTOR ( 'NONE', #1746, 1000.000000000000000 ) ;
#3469 = ORIENTED_EDGE ( 'NONE', *, *, #1571, .F. ) ;
#3470 =( NAMED_UNIT ( * ) PLANE_ANGLE_UNIT ( ) SI_UNIT ( $, .RADIAN. ) );
#3471 = VECTOR ( 'NONE', #8169, 1000.000000000000000 ) ;
#3472 = STYLED_ITEM ( 'NONE', ( #9078 ), #9312 ) ;
#3473 = AXIS2_PLACEMENT_3D ( 'NONE', #6488, #2060, #1199 ) ;
#3474 = ORIENTED_EDGE ( 'NONE', *, *, #8062, .T. ) ;
#3475 = DIRECTION ( 'NONE',  ( 1.445602896647339700E-015, 1.000000000000000000, 0.0000000000000000000 ) ) ;
#3476 = AXIS2_PLACEMENT_3D ( 'NONE', #6873, #3388, #9536 ) ;
#3477 = CARTESIAN_POINT ( 'NONE',  ( -2.660000000000000100, 0.0000000000000000000, 0.6499999999999986900 ) ) ;
#3478 = LINE ( 'NONE', #6941, #7595 ) ;
#3479 = FILL_AREA_STYLE ('',( #6186 ) ) ;
#3480 = PLANE ( 'NONE',  #4648 ) ;
#3481 = ORIENTED_EDGE ( 'NONE', *, *, #6973, .T. ) ;
#3482 = SURFACE_STYLE_FILL_AREA ( #6672 ) ;
#3483 = AXIS2_PLACEMENT_3D ( 'NONE', #5209, #6116, #775 ) ;
#3484 = VERTEX_POINT ( 'NONE', #10121 ) ;
#3485 = ORIENTED_EDGE ( 'NONE', *, *, #6257, .F. ) ;
#3486 =( LENGTH_UNIT ( ) NAMED_UNIT ( * ) SI_UNIT ( .MILLI., .METRE. ) );
#3487 = LINE ( 'NONE', #5417, #5533 ) ;
#3488 = SURFACE_STYLE_USAGE ( .BOTH. , #8753 ) ;
#3489 = VECTOR ( 'NONE', #5509, 1000.000000000000000 ) ;
#3490 = SURFACE_STYLE_FILL_AREA ( #2066 ) ;
#3491 = DIRECTION ( 'NONE',  ( 0.0000000000000000000, -1.000000000000000000, -0.0000000000000000000 ) ) ;
#3492 = LINE ( 'NONE', #755, #3208 ) ;
#3493 =( GEOMETRIC_REPRESENTATION_CONTEXT ( 3 ) GLOBAL_UNCERTAINTY_ASSIGNED_CONTEXT ( ( #10321 ) ) GLOBAL_UNIT_ASSIGNED_CONTEXT ( ( #11375, #6111, #773 ) ) REPRESENTATION_CONTEXT ( 'NONE', 'WORKASPACE' ) );
#3494 = VECTOR ( 'NONE', #7417, 1000.000000000000000 ) ;
#3495 = VECTOR ( 'NONE', #7157, 1000.000000000000000 ) ;
#3496 = FILL_AREA_STYLE ('',( #2602 ) ) ;
#3497 = VERTEX_POINT ( 'NONE', #9245 ) ;
#3498 = ORIENTED_EDGE ( 'NONE', *, *, #5277, .F. ) ;
#3499 = FACE_OUTER_BOUND ( 'NONE', #7768, .T. ) ;
#3500 = CARTESIAN_POINT ( 'NONE',  ( 2.339999999999999900, 0.4249999999999998200, 1.749999999999996400 ) ) ;
#3501 = DIRECTION ( 'NONE',  ( 0.0000000000000000000, 1.000000000000000000, 0.0000000000000000000 ) ) ;
#3502 = CARTESIAN_POINT ( 'NONE',  ( 5.012000000000000500, 1.588000000000000300, 0.2540000000000000000 ) ) ;
#3503 = VECTOR ( 'NONE', #8458, 1000.000000000000000 ) ;
#3504 = VECTOR ( 'NONE', #9927, 1000.000000000000000 ) ;
#3505 = EDGE_CURVE ( 'NONE', #10789, #9646, #542, .T. ) ;
#3506 = DIRECTION ( 'NONE',  ( -1.172110456741085800E-016, 1.000000000000000000, -0.0000000000000000000 ) ) ;
#3507 = FACE_OUTER_BOUND ( 'NONE', #6196, .T. ) ;
#3508 = PLANE ( 'NONE',  #7575 ) ;
#3509 = VECTOR ( 'NONE', #5850, 1000.000000000000100 ) ;
#3510 = VERTEX_POINT ( 'NONE', #4876 ) ;
#3511 = ORIENTED_EDGE ( 'NONE', *, *, #7094, .T. ) ;
#3512 = LINE ( 'NONE', #10016, #3230 ) ;
#3513 = LINE ( 'NONE', #2249, #848 ) ;
#3514 = FACE_OUTER_BOUND ( 'NONE', #1077, .T. ) ;
#3515 = CARTESIAN_POINT ( 'NONE',  ( -3.699999999999999300, 0.8499999999999996400, 1.749999999999996400 ) ) ;
#3516 = LINE ( 'NONE', #3771, #8176 ) ;
#3517 = FILL_AREA_STYLE ('',( #7885 ) ) ;
#3518 = FACE_OUTER_BOUND ( 'NONE', #6968, .T. ) ;
#3519 =( NAMED_UNIT ( * ) SI_UNIT ( $, .STERADIAN. ) SOLID_ANGLE_UNIT ( ) );
#3520 = VECTOR ( 'NONE', #10291, 1000.000000000000000 ) ;
#3521 = CARTESIAN_POINT ( 'NONE',  ( 2.025000000000001200, -1.100000000000000100, 3.249999999999995100 ) ) ;
#3522 = UNCERTAINTY_MEASURE_WITH_UNIT (LENGTH_MEASURE( 1.000000000000000100E-005 ), #7357, 'distance_accuracy_value', 'NONE');
#3523 = CARTESIAN_POINT ( 'NONE',  ( -3.500000000000001300, -0.4000000000000000800, 0.04999999999999980800 ) ) ;
#3524 = EDGE_CURVE ( 'NONE', #10119, #11442, #253, .T. ) ;
#3525 = ORIENTED_EDGE ( 'NONE', *, *, #8888, .T. ) ;
#3526 = EDGE_LOOP ( 'NONE', ( #1819, #3542, #2407, #9714 ) ) ;
#3527 = ORIENTED_EDGE ( 'NONE', *, *, #4829, .T. ) ;
#3528 = EDGE_CURVE ( 'NONE', #4985, #10446, #4717, .T. ) ;
#3529 = FACE_OUTER_BOUND ( 'NONE', #7965, .T. ) ;
#3530 = EDGE_CURVE ( 'NONE', #2969, #2768, #9400, .T. ) ;
#3531 = PLANE ( 'NONE',  #3405 ) ;
#3532 = DIRECTION ( 'NONE',  ( 0.0000000000000000000, 0.0000000000000000000, 1.000000000000000000 ) ) ;
#3533 = VECTOR ( 'NONE', #7002, 1000.000000000000000 ) ;
#3534 = PRESENTATION_STYLE_ASSIGNMENT (( #10135 ) ) ;
#3535 = ADVANCED_FACE ( 'NONE', ( #2082 ), #9292, .F. ) ;
#3536 =( LENGTH_UNIT ( ) NAMED_UNIT ( * ) SI_UNIT ( .MILLI., .METRE. ) );
#3537 = DIRECTION ( 'NONE',  ( -0.0000000000000000000, 1.000000000000000000, -0.0000000000000000000 ) ) ;
#3538 = CARTESIAN_POINT ( 'NONE',  ( 3.399999999999998100, -0.6999999999999988500, 3.249999999999993300 ) ) ;
#3539 = AXIS2_PLACEMENT_3D ( 'NONE', #7397, #5908, #8923 ) ;
#3540 = DIRECTION ( 'NONE',  ( 0.0000000000000000000, -1.000000000000000000, 0.0000000000000000000 ) ) ;
#3541 = ORIENTED_EDGE ( 'NONE', *, *, #4768, .T. ) ;
#3542 = ORIENTED_EDGE ( 'NONE', *, *, #2474, .T. ) ;
#3543 = VECTOR ( 'NONE', #8276, 1000.000000000000000 ) ;
#3544 = PLANE ( 'NONE',  #1452 ) ;
#3545 = DIRECTION ( 'NONE',  ( 0.0000000000000000000, -1.000000000000000000, 0.0000000000000000000 ) ) ;
#3546 = CARTESIAN_POINT ( 'NONE',  ( 2.660000000000000100, 0.2499999999999996700, 0.2999999999999966000 ) ) ;
#3547 = EDGE_CURVE ( 'NONE', #3407, #2559, #5974, .T. ) ;
#3548 = DIRECTION ( 'NONE',  ( 0.0000000000000000000, 0.0000000000000000000, 1.000000000000000000 ) ) ;
#3549 = ORIENTED_EDGE ( 'NONE', *, *, #6752, .F. ) ;
#3550 = DIRECTION ( 'NONE',  ( 1.000000000000000000, -0.0000000000000000000, -3.252606517456515800E-016 ) ) ;
#3551 = EDGE_LOOP ( 'NONE', ( #11155, #2341, #8168, #3353 ) ) ;
#3552 = CARTESIAN_POINT ( 'NONE',  ( 3.399999999999995900, 1.700000000000000200, 3.399999999999995000 ) ) ;
#3553 = STYLED_ITEM ( 'NONE', ( #5527 ), #8587 ) ;
#3554 = AXIS2_PLACEMENT_3D ( 'NONE', #9496, #5104, #2676 ) ;
#3555 = PRESENTATION_LAYER_ASSIGNMENT (  '', '', ( #2338 ) ) ;
#3556 = CARTESIAN_POINT ( 'NONE',  ( -5.240000000000002900, -1.100000000000000100, 1.750000000000001300 ) ) ;
#3557 = ORIENTED_EDGE ( 'NONE', *, *, #9789, .F. ) ;
#3558 =( GEOMETRIC_REPRESENTATION_CONTEXT ( 3 ) GLOBAL_UNCERTAINTY_ASSIGNED_CONTEXT ( ( #160 ) ) GLOBAL_UNIT_ASSIGNED_CONTEXT ( ( #6840, #1539, #7712 ) ) REPRESENTATION_CONTEXT ( 'NONE', 'WORKASPACE' ) );
#3559 =( LENGTH_UNIT ( ) NAMED_UNIT ( * ) SI_UNIT ( .MILLI., .METRE. ) );
#3560 = LINE ( 'NONE', #9301, #1453 ) ;
#3561 =( GEOMETRIC_REPRESENTATION_CONTEXT ( 3 ) GLOBAL_UNCERTAINTY_ASSIGNED_CONTEXT ( ( #2946 ) ) GLOBAL_UNIT_ASSIGNED_CONTEXT ( ( #6132, #790, #6992 ) ) REPRESENTATION_CONTEXT ( 'NONE', 'WORKASPACE' ) );
#3562 = CARTESIAN_POINT ( 'NONE',  ( -1.409999999999999900, 4.461737335331296400E-017, 0.6499999999999984700 ) ) ;
#3563 = DIRECTION ( 'NONE',  ( 0.0000000000000000000, 2.032879073410321300E-016, -1.000000000000000000 ) ) ;
#3564 = DIRECTION ( 'NONE',  ( -0.0000000000000000000, 1.000000000000000000, -0.0000000000000000000 ) ) ;
#3565 = SURFACE_STYLE_USAGE ( .BOTH. , #8814 ) ;
#3566 = MECHANICAL_DESIGN_GEOMETRIC_PRESENTATION_REPRESENTATION (  '', ( #1767 ), #4131 ) ;
#3567 = CARTESIAN_POINT ( 'NONE',  ( 0.0000000000000000000, 1.200000000000000000, 0.0000000000000000000 ) ) ;
#3568 = VERTEX_POINT ( 'NONE', #496 ) ;
#3569 = EDGE_CURVE ( 'NONE', #7221, #9830, #8015, .T. ) ;
#3570 = CARTESIAN_POINT ( 'NONE',  ( 3.500000000000000900, -1.100000000000000100, 0.04999999999999763700 ) ) ;
#3571 =( GEOMETRIC_REPRESENTATION_CONTEXT ( 3 ) GLOBAL_UNCERTAINTY_ASSIGNED_CONTEXT ( ( #7961 ) ) GLOBAL_UNIT_ASSIGNED_CONTEXT ( ( #8033, #2770, #8917 ) ) REPRESENTATION_CONTEXT ( 'NONE', 'WORKASPACE' ) );
#3572 = EDGE_CURVE ( 'NONE', #1775, #8676, #1239, .T. ) ;
#3573 = SURFACE_STYLE_USAGE ( .BOTH. , #4396 ) ;
#3574 = DIRECTION ( 'NONE',  ( 1.000000000000000000, -0.0000000000000000000, -3.252606517456515800E-016 ) ) ;
#3575 = DIRECTION ( 'NONE',  ( 1.000000000000000000, 0.0000000000000000000, -0.0000000000000000000 ) ) ;
#3576 = ORIENTED_EDGE ( 'NONE', *, *, #4918, .F. ) ;
#3577 = VECTOR ( 'NONE', #840, 1000.000000000000000 ) ;
#3578 = CARTESIAN_POINT ( 'NONE',  ( 4.000000000000001800, -0.8000000000000013800, 4.699999999999997500 ) ) ;
#3579 = ORIENTED_EDGE ( 'NONE', *, *, #5275, .F. ) ;
#3580 = PLANE ( 'NONE',  #3322 ) ;
#3581 = FILL_AREA_STYLE_COLOUR ( '', #3698 ) ;
#3582 = CARTESIAN_POINT ( 'NONE',  ( -1.090000000000000100, 3.000000000000000000, 0.4499999999999998400 ) ) ;
#3583 = ADVANCED_FACE ( 'NONE', ( #3348 ), #3212, .T. ) ;
#3584 = CARTESIAN_POINT ( 'NONE',  ( 2.074999999999996200, 0.8499999999999996400, 3.074999999999988200 ) ) ;
#3585 = ORIENTED_EDGE ( 'NONE', *, *, #6820, .F. ) ;
#3586 = ORIENTED_EDGE ( 'NONE', *, *, #10084, .T. ) ;
#3587 = EDGE_CURVE ( 'NONE', #11383, #7743, #10378, .T. ) ;
#3588 = EDGE_CURVE ( 'NONE', #1204, #3038, #7748, .T. ) ;
#3589 = CARTESIAN_POINT ( 'NONE',  ( 4.474000000000000200, 1.200000000000000000, 1.276000000000000000 ) ) ;
#3590 = EDGE_CURVE ( 'NONE', #3484, #688, #5405, .T. ) ;
#3591 = EDGE_LOOP ( 'NONE', ( #3933, #9659, #10138, #6886 ) ) ;
#3592 = EDGE_LOOP ( 'NONE', ( #10380, #6176, #9585, #9437 ) ) ;
#3593 = DIRECTION ( 'NONE',  ( 1.000000000000000000, 0.0000000000000000000, 0.0000000000000000000 ) ) ;
#3594 = DIRECTION ( 'NONE',  ( 0.0000000000000000000, 0.0000000000000000000, 1.000000000000000000 ) ) ;
#3595 = EDGE_LOOP ( 'NONE', ( #744, #6634, #10173, #9632 ) ) ;
#3596 = ORIENTED_EDGE ( 'NONE', *, *, #9415, .F. ) ;
#3597 = LINE ( 'NONE', #6080, #3312 ) ;
#3598 = ORIENTED_EDGE ( 'NONE', *, *, #7185, .F. ) ;
#3599 =( LENGTH_UNIT ( ) NAMED_UNIT ( * ) SI_UNIT ( .MILLI., .METRE. ) );
#3600 = CARTESIAN_POINT ( 'NONE',  ( -2.660000000000000100, 3.000000000000000000, 0.4499999999999998400 ) ) ;
#3601 = ORIENTED_EDGE ( 'NONE', *, *, #6839, .T. ) ;
#3602 = VECTOR ( 'NONE', #2752, 1000.000000000000000 ) ;
#3603 = CARTESIAN_POINT ( 'NONE',  ( -3.493333333333335000, 0.6466666666666673900, 0.003333333333333920300 ) ) ;
#3604 = CARTESIAN_POINT ( 'NONE',  ( -1.309999999999999800, 0.3499999999999997000, 3.999999999999993300 ) ) ;
#3605 = CARTESIAN_POINT ( 'NONE',  ( -0.1599999999999999800, -0.3750000000000005000, 3.499999999999983100 ) ) ;
#3606 = EDGE_CURVE ( 'NONE', #728, #3614, #10108, .T. ) ;
#3607 =( NAMED_UNIT ( * ) PLANE_ANGLE_UNIT ( ) SI_UNIT ( $, .RADIAN. ) );
#3608 = FACE_OUTER_BOUND ( 'NONE', #3303, .T. ) ;
#3609 = COLOUR_RGB ( '',0.8000000000000000400, 0.8078431372549019800, 0.8000000000000000400 ) ;
#3610 = VERTEX_POINT ( 'NONE', #9402 ) ;
#3611 = VECTOR ( 'NONE', #6388, 1000.000000000000000 ) ;
#3612 = CARTESIAN_POINT ( 'NONE',  ( -2.424999999999999400, -0.6999999999999988500, 3.249999999999996000 ) ) ;
#3613 = DIRECTION ( 'NONE',  ( -0.0000000000000000000, -1.000000000000000000, -0.0000000000000000000 ) ) ;
#3614 = VERTEX_POINT ( 'NONE', #10315 ) ;
#3615 = AXIS2_PLACEMENT_3D ( 'NONE', #6768, #439, #1940 ) ;
#3616 =( LENGTH_UNIT ( ) NAMED_UNIT ( * ) SI_UNIT ( .MILLI., .METRE. ) );
#3617 = LINE ( 'NONE', #10211, #7996 ) ;
#3618 = LINE ( 'NONE', #7557, #3334 ) ;
#3619 = CARTESIAN_POINT ( 'NONE',  ( 1.409999999999999700, 0.0000000000000000000, 0.0000000000000000000 ) ) ;
#3620 = VECTOR ( 'NONE', #10876, 1000.000000000000000 ) ;
#3621 = EDGE_LOOP ( 'NONE', ( #2225, #1962, #8229, #5429 ) ) ;
#3622 = SURFACE_STYLE_USAGE ( .BOTH. , #8880 ) ;
#3623 = VECTOR ( 'NONE', #11148, 1000.000000000000000 ) ;
#3624 = ORIENTED_EDGE ( 'NONE', *, *, #6357, .T. ) ;
#3625 =( GEOMETRIC_REPRESENTATION_CONTEXT ( 3 ) GLOBAL_UNCERTAINTY_ASSIGNED_CONTEXT ( ( #3626 ) ) GLOBAL_UNIT_ASSIGNED_CONTEXT ( ( #2577, #11461, #10657 ) ) REPRESENTATION_CONTEXT ( 'NONE', 'WORKASPACE' ) );
#3626 = UNCERTAINTY_MEASURE_WITH_UNIT (LENGTH_MEASURE( 1.000000000000000100E-005 ), #2577, 'distance_accuracy_value', 'NONE');
#3627 = ORIENTED_EDGE ( 'NONE', *, *, #4528, .F. ) ;
#3628 = ORIENTED_EDGE ( 'NONE', *, *, #3569, .F. ) ;
#3629 = VECTOR ( 'NONE', #11098, 1000.000000000000000 ) ;
#3630 = VECTOR ( 'NONE', #8478, 1000.000000000000000 ) ;
#3631 = CARTESIAN_POINT ( 'NONE',  ( 3.399999999999996400, -0.6999999999999988500, 4.399999999999995900 ) ) ;
#3632 =( GEOMETRIC_REPRESENTATION_CONTEXT ( 3 ) GLOBAL_UNCERTAINTY_ASSIGNED_CONTEXT ( ( #4031 ) ) GLOBAL_UNIT_ASSIGNED_CONTEXT ( ( #1329, #7528, #2242 ) ) REPRESENTATION_CONTEXT ( 'NONE', 'WORKASPACE' ) );
#3633 = VECTOR ( 'NONE', #5523, 1000.000000000000000 ) ;
#3634 = EDGE_LOOP ( 'NONE', ( #10993, #4454, #2031, #8309 ) ) ;
#3635 = ORIENTED_EDGE ( 'NONE', *, *, #4087, .F. ) ;
#3636 =( NAMED_UNIT ( * ) PLANE_ANGLE_UNIT ( ) SI_UNIT ( $, .RADIAN. ) );
#3637 = PRESENTATION_STYLE_ASSIGNMENT (( #4371 ) ) ;
#3638 = VECTOR ( 'NONE', #7809, 1000.000000000000000 ) ;
#3639 = FACE_OUTER_BOUND ( 'NONE', #3592, .T. ) ;
#3640 = STYLED_ITEM ( 'NONE', ( #9673 ), #4110 ) ;
#3641 = COLOUR_RGB ( '',0.8000000000000000400, 0.8078431372549019800, 0.8000000000000000400 ) ;
#3642 = DIRECTION ( 'NONE',  ( 0.0000000000000000000, -1.000000000000000000, 0.0000000000000000000 ) ) ;
#3643 = EDGE_LOOP ( 'NONE', ( #11103, #11327, #8912, #4491 ) ) ;
#3644 = EDGE_LOOP ( 'NONE', ( #6777, #3310, #10007, #557, #1484 ) ) ;
#3645 = ORIENTED_EDGE ( 'NONE', *, *, #3936, .T. ) ;
#3646 = VECTOR ( 'NONE', #884, 1000.000000000000000 ) ;
#3647 = CARTESIAN_POINT ( 'NONE',  ( -1.675000000000000500, 2.600000000000000100, 0.6499999999999984700 ) ) ;
#3648 = DIRECTION ( 'NONE',  ( 0.0000000000000000000, 0.0000000000000000000, 1.000000000000000000 ) ) ;
#3649 = FACE_OUTER_BOUND ( 'NONE', #1039, .T. ) ;
#3650 = VECTOR ( 'NONE', #2304, 1000.000000000000100 ) ;
#3651 = DIRECTION ( 'NONE',  ( 1.000000000000000000, 0.0000000000000000000, 1.885568995626964800E-016 ) ) ;
#3652 =( NAMED_UNIT ( * ) PLANE_ANGLE_UNIT ( ) SI_UNIT ( $, .RADIAN. ) );
#3653 = ORIENTED_EDGE ( 'NONE', *, *, #1551, .F. ) ;
#3654 = VERTEX_POINT ( 'NONE', #5916 ) ;
#3655 = FACE_OUTER_BOUND ( 'NONE', #4095, .T. ) ;
#3656 = CARTESIAN_POINT ( 'NONE',  ( -2.224999999999999600, 0.8499999999999996400, 3.224999999999996100 ) ) ;
#3657 = LINE ( 'NONE', #10818, #7778 ) ;
#3658 = EDGE_CURVE ( 'NONE', #6006, #510, #684, .T. ) ;
#3659 = PLANE ( 'NONE',  #8238 ) ;
#3660 = PRESENTATION_STYLE_ASSIGNMENT (( #1884 ) ) ;
#3661 = EDGE_CURVE ( 'NONE', #5227, #9958, #390, .T. ) ;
#3662 = CARTESIAN_POINT ( 'NONE',  ( 3.699999999999995700, 0.8499999999999996400, 1.749999999999996400 ) ) ;
#3663 = LINE ( 'NONE', #9926, #8328 ) ;
#3664 = DIRECTION ( 'NONE',  ( 1.000000000000000000, 0.0000000000000000000, -0.0000000000000000000 ) ) ;
#3665 = VECTOR ( 'NONE', #5215, 1000.000000000000000 ) ;
#3666 = VERTEX_POINT ( 'NONE', #5017 ) ;
#3667 = ORIENTED_EDGE ( 'NONE', *, *, #897, .F. ) ;
#3668 = ORIENTED_EDGE ( 'NONE', *, *, #5890, .T. ) ;
#3669 = ORIENTED_EDGE ( 'NONE', *, *, #8715, .T. ) ;
#3670 = COLOUR_RGB ( '',0.8000000000000000400, 0.8078431372549019800, 0.8000000000000000400 ) ;
#3671 = EDGE_CURVE ( 'NONE', #6790, #2697, #7178, .T. ) ;
#3672 = EDGE_CURVE ( 'NONE', #5891, #3196, #2513, .T. ) ;
#3673 = VERTEX_POINT ( 'NONE', #11222 ) ;
#3674 = UNCERTAINTY_MEASURE_WITH_UNIT (LENGTH_MEASURE( 1.000000000000000100E-005 ), #1584, 'distance_accuracy_value', 'NONE');
#3675 = VERTEX_POINT ( 'NONE', #6831 ) ;
#3676 = PLANE ( 'NONE',  #2667 ) ;
#3677 = LINE ( 'NONE', #7200, #10434 ) ;
#3678 = CARTESIAN_POINT ( 'NONE',  ( -4.200000000000000200, 1.399999999999999700, 2.200000000000000600 ) ) ;
#3679 = CARTESIAN_POINT ( 'NONE',  ( -2.339999999999999900, 0.4249999999999998200, 0.6499999999999964700 ) ) ;
#3680 = CARTESIAN_POINT ( 'NONE',  ( -3.999999999999999100, 2.600000000000000100, 1.749999999999996400 ) ) ;
#3681 = CARTESIAN_POINT ( 'NONE',  ( 4.000000000000001800, 1.399999999999998800, 4.699999999999997500 ) ) ;
#3682 = ORIENTED_EDGE ( 'NONE', *, *, #4461, .F. ) ;
#3683 = LINE ( 'NONE', #5960, #1308 ) ;
#3684 = FACE_OUTER_BOUND ( 'NONE', #3946, .T. ) ;
#3685 = PLANE ( 'NONE',  #2142 ) ;
#3686 = FILL_AREA_STYLE_COLOUR ( '', #4937 ) ;
#3687 = DIRECTION ( 'NONE',  ( -1.000000000000000000, 0.0000000000000000000, -3.971436529250929000E-016 ) ) ;
#3688 = FILL_AREA_STYLE ('',( #72 ) ) ;
#3689 = EDGE_LOOP ( 'NONE', ( #3229, #6935, #8684, #9843 ) ) ;
#3690 = ORIENTED_EDGE ( 'NONE', *, *, #10256, .F. ) ;
#3691 = AXIS2_PLACEMENT_3D ( 'NONE', #3910, #10086, #4802 ) ;
#3692 = AXIS2_PLACEMENT_3D ( 'NONE', #3951, #10130, #4835 ) ;
#3693 = DIRECTION ( 'NONE',  ( -1.000000000000000000, 0.0000000000000000000, 0.0000000000000000000 ) ) ;
#3694 = CARTESIAN_POINT ( 'NONE',  ( -2.339999999999999900, -0.3750000000000001100, 0.6499999999999975800 ) ) ;
#3695 = DIRECTION ( 'NONE',  ( 0.0000000000000000000, 0.0000000000000000000, -1.000000000000000000 ) ) ;
#3696 = STYLED_ITEM ( 'NONE', ( #11478 ), #3535 ) ;
#3697 = ORIENTED_EDGE ( 'NONE', *, *, #8046, .F. ) ;
#3698 = COLOUR_RGB ( '',0.8000000000000000400, 0.8078431372549019800, 0.8000000000000000400 ) ;
#3699 =( NAMED_UNIT ( * ) PLANE_ANGLE_UNIT ( ) SI_UNIT ( $, .RADIAN. ) );
#3700 = CARTESIAN_POINT ( 'NONE',  ( 0.1599999999999999800, -0.2500000000000006700, 3.999999999999993300 ) ) ;
#3701 = CARTESIAN_POINT ( 'NONE',  ( -0.1599999999999999800, -0.6250000000000003300, 0.2999999999999964900 ) ) ;
#3702 = CARTESIAN_POINT ( 'NONE',  ( -4.524000000000000900, 1.100000000000000100, 1.226000000000000000 ) ) ;
#3703 = ADVANCED_FACE ( 'NONE', ( #6915 ), #7706, .T. ) ;
#3704 = EDGE_CURVE ( 'NONE', #4820, #10555, #3739, .T. ) ;
#3705 = UNCERTAINTY_MEASURE_WITH_UNIT (LENGTH_MEASURE( 1.000000000000000100E-005 ), #2040, 'distance_accuracy_value', 'NONE');
#3706 = PLANE ( 'NONE',  #3915 ) ;
#3707 = DIRECTION ( 'NONE',  ( -1.000000000000000000, -0.0000000000000000000, -0.0000000000000000000 ) ) ;
#3708 = VECTOR ( 'NONE', #4388, 1000.000000000000000 ) ;
#3709 = ORIENTED_EDGE ( 'NONE', *, *, #10087, .T. ) ;
#3710 =( NAMED_UNIT ( * ) SI_UNIT ( $, .STERADIAN. ) SOLID_ANGLE_UNIT ( ) );
#3711 = PLANE ( 'NONE',  #680 ) ;
#3712 = CARTESIAN_POINT ( 'NONE',  ( -1.409999999999999900, 2.350000000000003200, 0.6499999999999986900 ) ) ;
#3713 = PRESENTATION_STYLE_ASSIGNMENT (( #2773 ) ) ;
#3714 = CARTESIAN_POINT ( 'NONE',  ( 2.074999999999999700, 2.600000000000000100, 0.2999999999999977700 ) ) ;
#3715 = EDGE_CURVE ( 'NONE', #10899, #2867, #10778, .T. ) ;
#3716 = UNCERTAINTY_MEASURE_WITH_UNIT (LENGTH_MEASURE( 1.000000000000000100E-005 ), #4955, 'distance_accuracy_value', 'NONE');
#3717 = EDGE_CURVE ( 'NONE', #7590, #8630, #6113, .T. ) ;
#3718 = LINE ( 'NONE', #5922, #10215 ) ;
#3719 = CARTESIAN_POINT ( 'NONE',  ( -3.399999999999999500, 1.700000000000000000, 1.749999999999996400 ) ) ;
#3720 = EDGE_CURVE ( 'NONE', #8369, #9290, #8128, .T. ) ;
#3721 = ORIENTED_EDGE ( 'NONE', *, *, #7260, .T. ) ;
#3722 = FILL_AREA_STYLE ('',( #8989 ) ) ;
#3723 = ORIENTED_EDGE ( 'NONE', *, *, #2091, .F. ) ;
#3724 = DIRECTION ( 'NONE',  ( 0.7071067811865460200, 0.0000000000000000000, -0.7071067811865490200 ) ) ;
#3725 = DIRECTION ( 'NONE',  ( -0.7071067811865474600, -0.7071067811865474600, -1.629776165692362500E-017 ) ) ;
#3726 = LINE ( 'NONE', #4194, #10491 ) ;
#3727 = LINE ( 'NONE', #5918, #8410 ) ;
#3728 = LINE ( 'NONE', #10118, #1360 ) ;
#3729 = SURFACE_STYLE_USAGE ( .BOTH. , #8998 ) ;
#3730 = LINE ( 'NONE', #10552, #8121 ) ;
#3731 = ORIENTED_EDGE ( 'NONE', *, *, #3588, .T. ) ;
#3732 = VECTOR ( 'NONE', #10970, 1000.000000000000000 ) ;
#3733 = CARTESIAN_POINT ( 'NONE',  ( -4.000000000000000900, 1.700000000000000000, 2.400000000000000800 ) ) ;
#3734 = ORIENTED_EDGE ( 'NONE', *, *, #7779, .T. ) ;
#3735 = CARTESIAN_POINT ( 'NONE',  ( 5.020000000000001400, 1.200000000000000000, 1.275999999999999800 ) ) ;
#3736 = VERTEX_POINT ( 'NONE', #7751 ) ;
#3737 = DIRECTION ( 'NONE',  ( 0.0000000000000000000, 0.0000000000000000000, 1.000000000000000000 ) ) ;
#3738 = EDGE_CURVE ( 'NONE', #18, #8109, #7871, .T. ) ;
#3739 = LINE ( 'NONE', #2472, #8420 ) ;
#3740 = ORIENTED_EDGE ( 'NONE', *, *, #7540, .F. ) ;
#3741 = VECTOR ( 'NONE', #6604, 1000.000000000000000 ) ;
#3742 = EDGE_LOOP ( 'NONE', ( #10125, #8009, #7790, #11309 ) ) ;
#3743 = ORIENTED_EDGE ( 'NONE', *, *, #8060, .F. ) ;
#3744 = FACE_OUTER_BOUND ( 'NONE', #8928, .T. ) ;
#3745 = AXIS2_PLACEMENT_3D ( 'NONE', #6352, #7225, #1947 ) ;
#3746 =( NAMED_UNIT ( * ) SI_UNIT ( $, .STERADIAN. ) SOLID_ANGLE_UNIT ( ) );
#3747 = ORIENTED_EDGE ( 'NONE', *, *, #1792, .T. ) ;
#3748 = VECTOR ( 'NONE', #5448, 1000.000000000000000 ) ;
#3749 = CARTESIAN_POINT ( 'NONE',  ( -4.000000000000000900, -0.4000000000000000800, 0.04999999999999996800 ) ) ;
#3750 = VECTOR ( 'NONE', #284, 1000.000000000000000 ) ;
#3751 = VECTOR ( 'NONE', #6089, 1000.000000000000000 ) ;
#3752 = DIRECTION ( 'NONE',  ( 0.0000000000000000000, -1.000000000000000000, 0.0000000000000000000 ) ) ;
#3753 = DIRECTION ( 'NONE',  ( -1.000000000000000000, -0.0000000000000000000, -0.0000000000000000000 ) ) ;
#3754 = VECTOR ( 'NONE', #7968, 1000.000000000000000 ) ;
#3755 = AXIS2_PLACEMENT_3D ( 'NONE', #10052, #2085, #10933 ) ;
#3756 = ORIENTED_EDGE ( 'NONE', *, *, #4144, .F. ) ;
#3757 = VECTOR ( 'NONE', #8889, 999.9999999999998900 ) ;
#3758 = AXIS2_PLACEMENT_3D ( 'NONE', #8491, #11144, #5897 ) ;
#3759 = ORIENTED_EDGE ( 'NONE', *, *, #10985, .T. ) ;
#3760 = ORIENTED_EDGE ( 'NONE', *, *, #4009, .T. ) ;
#3761 = LINE ( 'NONE', #7105, #7892 ) ;
#3762 = FILL_AREA_STYLE_COLOUR ( '', #7783 ) ;
#3763 = VECTOR ( 'NONE', #2421, 1000.000000000000000 ) ;
#3764 = LINE ( 'NONE', #2323, #3503 ) ;
#3765 = ADVANCED_FACE ( 'NONE', ( #3193 ), #3409, .T. ) ;
#3766 = PLANE ( 'NONE',  #10847 ) ;
#3767 = LINE ( 'NONE', #9058, #5851 ) ;
#3768 = DIRECTION ( 'NONE',  ( 0.0000000000000000000, -1.000000000000000000, -1.294569758191649100E-016 ) ) ;
#3769 = PRESENTATION_STYLE_ASSIGNMENT (( #7414 ) ) ;
#3770 = VECTOR ( 'NONE', #5296, 1000.000000000000000 ) ;
#3771 = CARTESIAN_POINT ( 'NONE',  ( -2.339999999999999900, -0.1500000000000003000, 0.1799999999999965800 ) ) ;
#3772 = STYLED_ITEM ( 'NONE', ( #10037 ), #6484 ) ;
#3773 = DIRECTION ( 'NONE',  ( 1.000000000000000000, 0.0000000000000000000, -0.0000000000000000000 ) ) ;
#3774 = LINE ( 'NONE', #3173, #10535 ) ;
#3775 = ORIENTED_EDGE ( 'NONE', *, *, #1001, .F. ) ;
#3776 = EDGE_LOOP ( 'NONE', ( #5679, #10214, #7683, #4186 ) ) ;
#3777 = EDGE_CURVE ( 'NONE', #2283, #7304, #10234, .T. ) ;
#3778 = LINE ( 'NONE', #3841, #8174 ) ;
#3779 = CARTESIAN_POINT ( 'NONE',  ( 1.585645677260055700E-016, 1.200000000000000000, 0.5200000000000019100 ) ) ;
#3780 = VECTOR ( 'NONE', #4332, 1000.000000000000000 ) ;
#3781 = VECTOR ( 'NONE', #475, 1000.000000000000000 ) ;
#3782 = CARTESIAN_POINT ( 'NONE',  ( 2.660000000000000100, 2.999999999999999600, -1.761828530288944700E-016 ) ) ;
#3783 = CARTESIAN_POINT ( 'NONE',  ( -2.339999999999999900, 3.000000000000000000, 0.4499999999999998400 ) ) ;
#3784 = CARTESIAN_POINT ( 'NONE',  ( 0.1599999999999999800, 2.549999999999999800, 0.4499999999999999000 ) ) ;
#3785 =( LENGTH_UNIT ( ) NAMED_UNIT ( * ) SI_UNIT ( .MILLI., .METRE. ) );
#3786 = ORIENTED_EDGE ( 'NONE', *, *, #6753, .F. ) ;
#3787 = ORIENTED_EDGE ( 'NONE', *, *, #10518, .F. ) ;
#3788 = EDGE_LOOP ( 'NONE', ( #11419, #4785, #3635, #948, #1467, #2120 ) ) ;
#3789 = VECTOR ( 'NONE', #617, 1000.000000000000000 ) ;
#3790 = PRESENTATION_STYLE_ASSIGNMENT (( #858 ) ) ;
#3791 = ORIENTED_EDGE ( 'NONE', *, *, #10909, .T. ) ;
#3792 = LINE ( 'NONE', #4353, #6160 ) ;
#3793 = LINE ( 'NONE', #8856, #1427 ) ;
#3794 = UNCERTAINTY_MEASURE_WITH_UNIT (LENGTH_MEASURE( 1.000000000000000100E-005 ), #1116, 'distance_accuracy_value', 'NONE');
#3795 = CARTESIAN_POINT ( 'NONE',  ( 1.724999999999999900, -0.9999999999999974500, 4.699999999999995700 ) ) ;
#3796 = EDGE_CURVE ( 'NONE', #5445, #2581, #3478, .T. ) ;
#3797 = EDGE_LOOP ( 'NONE', ( #4775, #6212, #1572, #941 ) ) ;
#3798 = CARTESIAN_POINT ( 'NONE',  ( -0.0000000000000000000, -1.100000000000000100, 1.750000000000001300 ) ) ;
#3799 = EDGE_LOOP ( 'NONE', ( #314, #1443, #7673, #6498, #6110, #9586, #9916, #9732, #7222, #11377, #3197, #1404, #207, #4128, #2198, #8933, #7516, #6666, #10178, #11463, #8808, #3159, #8965, #9813, #10278, #10823, #19, #3917 ) ) ;
#3800 =( LENGTH_UNIT ( ) NAMED_UNIT ( * ) SI_UNIT ( .MILLI., .METRE. ) );
#3801 = EDGE_CURVE ( 'NONE', #10660, #3451, #809, .T. ) ;
#3802 = VECTOR ( 'NONE', #1200, 1000.000000000000000 ) ;
#3803 = DIRECTION ( 'NONE',  ( 0.0000000000000000000, 0.7071067811865436900, -0.7071067811865513500 ) ) ;
#3804 = DIRECTION ( 'NONE',  ( 0.0000000000000000000, 0.7071067811865439100, -0.7071067811865512400 ) ) ;
#3805 = DIRECTION ( 'NONE',  ( 0.0000000000000000000, 0.0000000000000000000, 1.000000000000000000 ) ) ;
#3806 = CARTESIAN_POINT ( 'NONE',  ( 0.1599999999999999800, 2.500000000000000000, -1.084202172485504400E-016 ) ) ;
#3807 = CARTESIAN_POINT ( 'NONE',  ( 0.1599999999999999800, -0.6250000000000003300, 0.6499999999999964700 ) ) ;
#3808 = VERTEX_POINT ( 'NONE', #2565 ) ;
#3809 = ORIENTED_EDGE ( 'NONE', *, *, #729, .F. ) ;
#3810 = CARTESIAN_POINT ( 'NONE',  ( -3.500000000000001300, -0.4000000000000000800, 0.04999999999999980800 ) ) ;
#3811 = EDGE_CURVE ( 'NONE', #10526, #510, #9839, .T. ) ;
#3812 = DIRECTION ( 'NONE',  ( -1.000000000000000000, 0.0000000000000000000, 0.0000000000000000000 ) ) ;
#3813 = ADVANCED_FACE ( 'NONE', ( #9955 ), #3441, .F. ) ;
#3814 = EDGE_CURVE ( 'NONE', #2581, #7221, #2797, .T. ) ;
#3815 = PLANE ( 'NONE',  #8562 ) ;
#3816 = ORIENTED_EDGE ( 'NONE', *, *, #9255, .T. ) ;
#3817 =( NAMED_UNIT ( * ) SI_UNIT ( $, .STERADIAN. ) SOLID_ANGLE_UNIT ( ) );
#3818 = STYLED_ITEM ( 'NONE', ( #8306 ), #7807 ) ;
#3819 = AXIS2_PLACEMENT_3D ( 'NONE', #9897, #10601, #10637 ) ;
#3820 = DIRECTION ( 'NONE',  ( -1.000000000000000000, -0.0000000000000000000, -0.0000000000000000000 ) ) ;
#3821 = ADVANCED_FACE ( 'NONE', ( #5148 ), #3480, .F. ) ;
#3822 = CARTESIAN_POINT ( 'NONE',  ( 3.500000000000000900, -1.100000000000000100, 0.2999999999999976600 ) ) ;
#3823 = EDGE_LOOP ( 'NONE', ( #9540, #1560, #7438, #7995 ) ) ;
#3824 = PRESENTATION_STYLE_ASSIGNMENT (( #10813 ) ) ;
#3825 = PLANE ( 'NONE',  #9206 ) ;
#3826 = CARTESIAN_POINT ( 'NONE',  ( 2.339999999999999900, -0.1500000000000003000, 0.1799999999999965800 ) ) ;
#3827 = CARTESIAN_POINT ( 'NONE',  ( 1.724999999999999900, -1.100000000000000100, 3.249999999999995100 ) ) ;
#3828 = PLANE ( 'NONE',  #1201 ) ;
#3829 = PRESENTATION_LAYER_ASSIGNMENT (  '', '', ( #2656 ) ) ;
#3830 = DIRECTION ( 'NONE',  ( 0.0000000000000000000, -1.000000000000000000, -4.336808689942014600E-015 ) ) ;
#3831 =( GEOMETRIC_REPRESENTATION_CONTEXT ( 3 ) GLOBAL_UNCERTAINTY_ASSIGNED_CONTEXT ( ( #777 ) ) GLOBAL_UNIT_ASSIGNED_CONTEXT ( ( #6271, #1088, #7280 ) ) REPRESENTATION_CONTEXT ( 'NONE', 'WORKASPACE' ) );
#3832 = ORIENTED_EDGE ( 'NONE', *, *, #9090, .T. ) ;
#3833 = ORIENTED_EDGE ( 'NONE', *, *, #1871, .T. ) ;
#3834 = LINE ( 'NONE', #2645, #10331 ) ;
#3835 = DIRECTION ( 'NONE',  ( -1.000000000000000000, -0.0000000000000000000, -0.0000000000000000000 ) ) ;
#3836 = DIRECTION ( 'NONE',  ( 0.0000000000000000000, -0.7071067811865439100, 0.7071067811865512400 ) ) ;
#3837 = AXIS2_PLACEMENT_3D ( 'NONE', #4576, #6358, #1033 ) ;
#3838 = CARTESIAN_POINT ( 'NONE',  ( 2.025000000000000800, -0.6999999999999988500, 1.749999999999996900 ) ) ;
#3839 = DIRECTION ( 'NONE',  ( 0.0000000000000000000, 0.0000000000000000000, -1.000000000000000000 ) ) ;
#3840 = DIRECTION ( 'NONE',  ( 0.0000000000000000000, 0.0000000000000000000, -1.000000000000000000 ) ) ;
#3841 = CARTESIAN_POINT ( 'NONE',  ( 0.1599999999999999800, 0.4249999999999998200, 3.499999999999981300 ) ) ;
#3842 = EDGE_LOOP ( 'NONE', ( #6497, #2078, #8766, #532 ) ) ;
#3843 = LINE ( 'NONE', #9006, #1772 ) ;
#3844 =( NAMED_UNIT ( * ) SI_UNIT ( $, .STERADIAN. ) SOLID_ANGLE_UNIT ( ) );
#3845 =( GEOMETRIC_REPRESENTATION_CONTEXT ( 3 ) GLOBAL_UNCERTAINTY_ASSIGNED_CONTEXT ( ( #3794 ) ) GLOBAL_UNIT_ASSIGNED_CONTEXT ( ( #1116, #7306, #2024 ) ) REPRESENTATION_CONTEXT ( 'NONE', 'WORKASPACE' ) );
#3846 = PLANE ( 'NONE',  #11446 ) ;
#3847 = ORIENTED_EDGE ( 'NONE', *, *, #10312, .F. ) ;
#3848 = SURFACE_STYLE_USAGE ( .BOTH. , #9125 ) ;
#3849 = LINE ( 'NONE', #2522, #5942 ) ;
#3850 = EDGE_CURVE ( 'NONE', #6250, #10225, #529, .T. ) ;
#3851 = ORIENTED_EDGE ( 'NONE', *, *, #1252, .T. ) ;
#3852 = EDGE_CURVE ( 'NONE', #4542, #3093, #7197, .T. ) ;
#3853 = CARTESIAN_POINT ( 'NONE',  ( -1.724999999999999400, -1.100000000000000100, 4.699999999999995700 ) ) ;
#3854 = FACE_OUTER_BOUND ( 'NONE', #10566, .T. ) ;
#3855 = ADVANCED_FACE ( 'NONE', ( #9561 ), #2624, .T. ) ;
#3856 = SURFACE_STYLE_USAGE ( .BOTH. , #9139 ) ;
#3857 = DIRECTION ( 'NONE',  ( -1.000000000000000000, 0.0000000000000000000, 0.0000000000000000000 ) ) ;
#3858 = FILL_AREA_STYLE_COLOUR ( '', #11006 ) ;
#3859 = UNCERTAINTY_MEASURE_WITH_UNIT (LENGTH_MEASURE( 1.000000000000000100E-005 ), #3559, 'distance_accuracy_value', 'NONE');
#3860 = COLOUR_RGB ( '',0.8000000000000000400, 0.8078431372549019800, 0.8000000000000000400 ) ;
#3861 = CARTESIAN_POINT ( 'NONE',  ( 2.425000000000000700, -1.100000000000000100, 2.099999999999996100 ) ) ;
#3862 = ORIENTED_EDGE ( 'NONE', *, *, #3373, .T. ) ;
#3863 = CARTESIAN_POINT ( 'NONE',  ( 1.089999999999999900, 1.338521200599388900E-016, 0.6499999999999980200 ) ) ;
#3864 = PRESENTATION_STYLE_ASSIGNMENT (( #7416 ) ) ;
#3865 = PLANE ( 'NONE',  #3755 ) ;
#3866 = VERTEX_POINT ( 'NONE', #11379 ) ;
#3867 = VECTOR ( 'NONE', #3753, 1000.000000000000000 ) ;
#3868 = ORIENTED_EDGE ( 'NONE', *, *, #6324, .T. ) ;
#3869 = VECTOR ( 'NONE', #9475, 999.9999999999998900 ) ;
#3870 = EDGE_CURVE ( 'NONE', #316, #2898, #4874, .T. ) ;
#3871 = EDGE_CURVE ( 'NONE', #5021, #5790, #9267, .T. ) ;
#3872 = ADVANCED_FACE ( 'NONE', ( #8979 ), #863, .T. ) ;
#3873 = DIRECTION ( 'NONE',  ( 4.371782953570583600E-016, 0.0000000000000000000, -1.000000000000000000 ) ) ;
#3874 = EDGE_CURVE ( 'NONE', #9372, #3160, #8148, .T. ) ;
#3875 = VECTOR ( 'NONE', #2937, 1000.000000000000000 ) ;
#3876 = SURFACE_SIDE_STYLE ('',( #7631 ) ) ;
#3877 = VERTEX_POINT ( 'NONE', #1805 ) ;
#3878 = VECTOR ( 'NONE', #4079, 1000.000000000000000 ) ;
#3879 = ORIENTED_EDGE ( 'NONE', *, *, #7244, .F. ) ;
#3880 = UNCERTAINTY_MEASURE_WITH_UNIT (LENGTH_MEASURE( 1.000000000000000100E-005 ), #6706, 'distance_accuracy_value', 'NONE');
#3881 = SURFACE_STYLE_FILL_AREA ( #2693 ) ;
#3882 = CARTESIAN_POINT ( 'NONE',  ( -2.424999999999999800, 2.123118842698621800, 2.099999999999996100 ) ) ;
#3883 = PLANE ( 'NONE',  #7975 ) ;
#3884 = AXIS2_PLACEMENT_3D ( 'NONE', #5656, #9159, #7427 ) ;
#3885 =( GEOMETRIC_REPRESENTATION_CONTEXT ( 3 ) GLOBAL_UNCERTAINTY_ASSIGNED_CONTEXT ( ( #5944 ) ) GLOBAL_UNIT_ASSIGNED_CONTEXT ( ( #4599, #4370, #4634 ) ) REPRESENTATION_CONTEXT ( 'NONE', 'WORKASPACE' ) );
#3886 = LINE ( 'NONE', #487, #3629 ) ;
#3887 = PLANE ( 'NONE',  #4231 ) ;
#3888 = CARTESIAN_POINT ( 'NONE',  ( -1.090000000000000100, 3.100000000000000100, 0.3499999999999989800 ) ) ;
#3889 = ORIENTED_EDGE ( 'NONE', *, *, #10067, .F. ) ;
#3890 = ORIENTED_EDGE ( 'NONE', *, *, #4953, .T. ) ;
#3891 = ORIENTED_EDGE ( 'NONE', *, *, #5887, .F. ) ;
#3892 = AXIS2_PLACEMENT_3D ( 'NONE', #2870, #9017, #7284 ) ;
#3893 = FILL_AREA_STYLE_COLOUR ( '', #85 ) ;
#3894 = EDGE_CURVE ( 'NONE', #3460, #7036, #10523, .T. ) ;
#3895 = FACE_OUTER_BOUND ( 'NONE', #8295, .T. ) ;
#3896 = LINE ( 'NONE', #11308, #6256 ) ;
#3897 = VECTOR ( 'NONE', #6737, 1000.000000000000000 ) ;
#3898 =( NAMED_UNIT ( * ) SI_UNIT ( $, .STERADIAN. ) SOLID_ANGLE_UNIT ( ) );
#3899 = VECTOR ( 'NONE', #472, 999.9999999999998900 ) ;
#3900 = FACE_OUTER_BOUND ( 'NONE', #2503, .T. ) ;
#3901 = AXIS2_PLACEMENT_3D ( 'NONE', #4262, #6060, #724 ) ;
#3902 = DIRECTION ( 'NONE',  ( -0.7071067811865475700, -0.7071067811865475700, -0.0000000000000000000 ) ) ;
#3903 = AXIS2_PLACEMENT_3D ( 'NONE', #2801, #8408, #2452 ) ;
#3904 = EDGE_LOOP ( 'NONE', ( #7339, #41, #8355, #7165 ) ) ;
#3905 = VERTEX_POINT ( 'NONE', #7087 ) ;
#3906 = FACE_OUTER_BOUND ( 'NONE', #3842, .T. ) ;
#3907 = DIRECTION ( 'NONE',  ( -5.421010862427532000E-016, 1.000000000000000000, -1.175494350822289700E-031 ) ) ;
#3908 = DIRECTION ( 'NONE',  ( 1.000000000000000000, 0.0000000000000000000, 0.0000000000000000000 ) ) ;
#3909 = VECTOR ( 'NONE', #7544, 1000.000000000000000 ) ;
#3910 = CARTESIAN_POINT ( 'NONE',  ( 0.1599999999999999800, 3.100000000000000100, 0.3499999999999989800 ) ) ;
#3911 = LINE ( 'NONE', #9221, #8029 ) ;
#3912 = CARTESIAN_POINT ( 'NONE',  ( 2.339999999999999900, 1.784694934132518600E-016, 0.6499999999999978000 ) ) ;
#3913 = FILL_AREA_STYLE_COLOUR ( '', #11365 ) ;
#3914 =( GEOMETRIC_REPRESENTATION_CONTEXT ( 3 ) GLOBAL_UNCERTAINTY_ASSIGNED_CONTEXT ( ( #6430 ) ) GLOBAL_UNIT_ASSIGNED_CONTEXT ( ( #1863, #8013, #2748 ) ) REPRESENTATION_CONTEXT ( 'NONE', 'WORKASPACE' ) );
#3915 = AXIS2_PLACEMENT_3D ( 'NONE', #5472, #1042, #7248 ) ;
#3916 = DIRECTION ( 'NONE',  ( -0.7071067811865454600, 0.0000000000000000000, -0.7071067811865495700 ) ) ;
#3917 = ORIENTED_EDGE ( 'NONE', *, *, #9172, .T. ) ;
#3918 = VERTEX_POINT ( 'NONE', #4469 ) ;
#3919 = VECTOR ( 'NONE', #9084, 1000.000000000000000 ) ;
#3920 = DIRECTION ( 'NONE',  ( 0.0000000000000000000, 1.141265444721583800E-016, -1.000000000000000000 ) ) ;
#3921 = DIRECTION ( 'NONE',  ( 0.0000000000000000000, 0.0000000000000000000, 1.000000000000000000 ) ) ;
#3922 = COLOUR_RGB ( '',0.8000000000000000400, 0.8078431372549019800, 0.8000000000000000400 ) ;
#3923 = MECHANICAL_DESIGN_GEOMETRIC_PRESENTATION_REPRESENTATION (  '', ( #2149 ), #4505 ) ;
#3924 = VECTOR ( 'NONE', #190, 1000.000000000000000 ) ;
#3925 = COLOUR_RGB ( '',0.8000000000000000400, 0.8078431372549019800, 0.8000000000000000400 ) ;
#3926 = CARTESIAN_POINT ( 'NONE',  ( -0.1599999999999999800, 3.100000000000000100, 0.3499999999999989800 ) ) ;
#3927 = DIRECTION ( 'NONE',  ( 0.0000000000000000000, -0.7071067811865440200, 0.7071067811865511300 ) ) ;
#3928 = ADVANCED_FACE ( 'NONE', ( #5838 ), #10645, .T. ) ;
#3929 = LINE ( 'NONE', #8714, #10693 ) ;
#3930 = EDGE_CURVE ( 'NONE', #4168, #4435, #9401, .T. ) ;
#3931 = VERTEX_POINT ( 'NONE', #6300 ) ;
#3932 = EDGE_LOOP ( 'NONE', ( #4751, #5094, #437, #9446 ) ) ;
#3933 = ORIENTED_EDGE ( 'NONE', *, *, #2463, .T. ) ;
#3934 = VECTOR ( 'NONE', #4052, 1000.000000000000000 ) ;
#3935 = AXIS2_PLACEMENT_3D ( 'NONE', #1230, #7425, #2148 ) ;
#3936 = EDGE_CURVE ( 'NONE', #4374, #1929, #4720, .T. ) ;
#3937 = LINE ( 'NONE', #7745, #1578 ) ;
#3938 = DIRECTION ( 'NONE',  ( -1.000000000000000000, 0.0000000000000000000, 0.0000000000000000000 ) ) ;
#3939 = PRESENTATION_STYLE_ASSIGNMENT (( #8991 ) ) ;
#3940 = CARTESIAN_POINT ( 'NONE',  ( -4.000000000000000900, 2.600000000000000100, 0.2999999999999999900 ) ) ;
#3941 = CARTESIAN_POINT ( 'NONE',  ( 1.089999999999999900, -0.3750000000000001100, 0.6499999999999980200 ) ) ;
#3942 = ORIENTED_EDGE ( 'NONE', *, *, #10067, .T. ) ;
#3944 = CARTESIAN_POINT ( 'NONE',  ( -3.399999999999999500, 0.09999999999999982500, 1.749999999999996400 ) ) ;
#3943 = CARTESIAN_POINT ( 'NONE',  ( -3.999999999999999100, 1.200000000000000000, 0.2999999999999999900 ) ) ;
#3945 = ADVANCED_FACE ( 'NONE', ( #7053 ), #3676, .F. ) ;
#3946 = EDGE_LOOP ( 'NONE', ( #1870, #3245, #4683, #7605 ) ) ;
#3947 = EDGE_LOOP ( 'NONE', ( #572, #8775, #1503, #1244 ) ) ;
#3948 = VECTOR ( 'NONE', #9845, 1000.000000000000000 ) ;
#3949 = DIRECTION ( 'NONE',  ( 0.0000000000000000000, 0.0000000000000000000, -1.000000000000000000 ) ) ;
#3950 = CARTESIAN_POINT ( 'NONE',  ( -3.500000000000001300, -1.100000000000000300, 0.04999999999999980800 ) ) ;
#3951 = CARTESIAN_POINT ( 'NONE',  ( -1.090000000000000100, 2.500000000000000000, -1.084202172485504400E-016 ) ) ;
#3952 = EDGE_CURVE ( 'NONE', #6365, #6088, #9114, .T. ) ;
#3953 = DIRECTION ( 'NONE',  ( 0.0000000000000000000, -1.204669080539448900E-016, -1.000000000000000000 ) ) ;
#3954 = CARTESIAN_POINT ( 'NONE',  ( -2.339999999999999900, -0.3750000000000001100, 0.6499999999999975800 ) ) ;
#3955 = EDGE_CURVE ( 'NONE', #4356, #11027, #2655, .T. ) ;
#3956 =( NAMED_UNIT ( * ) SI_UNIT ( $, .STERADIAN. ) SOLID_ANGLE_UNIT ( ) );
#3957 =( LENGTH_UNIT ( ) NAMED_UNIT ( * ) SI_UNIT ( .MILLI., .METRE. ) );
#3958 = EDGE_CURVE ( 'NONE', #9841, #8554, #6785, .T. ) ;
#3959 = VERTEX_POINT ( 'NONE', #5434 ) ;
#3960 = LINE ( 'NONE', #1532, #6043 ) ;
#3961 = ORIENTED_EDGE ( 'NONE', *, *, #4385, .F. ) ;
#3962 = LINE ( 'NONE', #10916, #8359 ) ;
#3963 = DIRECTION ( 'NONE',  ( -1.000000000000000000, -0.0000000000000000000, -0.0000000000000000000 ) ) ;
#3964 = FILL_AREA_STYLE_COLOUR ( '', #981 ) ;
#3965 = ORIENTED_EDGE ( 'NONE', *, *, #2319, .T. ) ;
#3966 = ORIENTED_EDGE ( 'NONE', *, *, #3077, .T. ) ;
#3967 = VECTOR ( 'NONE', #3002, 1000.000000000000000 ) ;
#3968 = SURFACE_SIDE_STYLE ('',( #7630 ) ) ;
#3969 = UNCERTAINTY_MEASURE_WITH_UNIT (LENGTH_MEASURE( 1.000000000000000100E-005 ), #5354, 'distance_accuracy_value', 'NONE');
#3970 = EDGE_CURVE ( 'NONE', #597, #3450, #2086, .T. ) ;
#3971 =( LENGTH_UNIT ( ) NAMED_UNIT ( * ) SI_UNIT ( .MILLI., .METRE. ) );
#3972 = DIRECTION ( 'NONE',  ( 2.168404344971008900E-016, 0.0000000000000000000, -1.000000000000000000 ) ) ;
#3973 = DIRECTION ( 'NONE',  ( -1.000000000000000000, -0.0000000000000000000, -0.0000000000000000000 ) ) ;
#3974 = STYLED_ITEM ( 'NONE', ( #9842 ), #8255 ) ;
#3975 = AXIS2_PLACEMENT_3D ( 'NONE', #36, #593, #227 ) ;
#3976 = DIRECTION ( 'NONE',  ( 0.0000000000000000000, 0.0000000000000000000, 1.000000000000000000 ) ) ;
#3977 = FACE_OUTER_BOUND ( 'NONE', #9698, .T. ) ;
#3978 = ORIENTED_EDGE ( 'NONE', *, *, #2691, .T. ) ;
#3979 = CARTESIAN_POINT ( 'NONE',  ( 0.1599999999999999800, 0.2499999999999996700, 0.2999999999999966000 ) ) ;
#3980 = STYLED_ITEM ( 'NONE', ( #1567 ), #2894 ) ;
#3981 = ADVANCED_FACE ( 'NONE', ( #8847 ), #133, .T. ) ;
#3982 = DIRECTION ( 'NONE',  ( 1.000000000000000000, 0.0000000000000000000, 0.0000000000000000000 ) ) ;
#3983 = CARTESIAN_POINT ( 'NONE',  ( 1.089999999999999900, -0.6250000000000003300, 0.2999999999999964900 ) ) ;
#3984 = DIRECTION ( 'NONE',  ( 0.0000000000000000000, -1.000000000000000000, -2.258754526011468200E-016 ) ) ;
#3985 = DIRECTION ( 'NONE',  ( 1.000000000000000000, 0.0000000000000000000, -0.0000000000000000000 ) ) ;
#3986 = CARTESIAN_POINT ( 'NONE',  ( 5.700000000000001100, 1.100000000000000100, 0.2539999999999999500 ) ) ;
#3987 =( GEOMETRIC_REPRESENTATION_CONTEXT ( 3 ) GLOBAL_UNCERTAINTY_ASSIGNED_CONTEXT ( ( #10668 ) ) GLOBAL_UNIT_ASSIGNED_CONTEXT ( ( #2445, #8597, #3331 ) ) REPRESENTATION_CONTEXT ( 'NONE', 'WORKASPACE' ) );
#3988 = ORIENTED_EDGE ( 'NONE', *, *, #8120, .F. ) ;
#3989 = MECHANICAL_DESIGN_GEOMETRIC_PRESENTATION_REPRESENTATION (  '', ( #2207 ), #4571 ) ;
#3990 = DIRECTION ( 'NONE',  ( 5.421010862427532000E-016, 1.000000000000000000, 0.0000000000000000000 ) ) ;
#3991 = ADVANCED_FACE ( 'NONE', ( #4167 ), #8098, .T. ) ;
#3992 = EDGE_LOOP ( 'NONE', ( #11169, #4908, #1939, #752 ) ) ;
#3993 = VECTOR ( 'NONE', #7903, 1000.000000000000000 ) ;
#3994 = FILL_AREA_STYLE_COLOUR ( '', #7875 ) ;
#3995 = EDGE_CURVE ( 'NONE', #8757, #11498, #10109, .T. ) ;
#3996 = ORIENTED_EDGE ( 'NONE', *, *, #6631, .T. ) ;
#3997 = SURFACE_SIDE_STYLE ('',( #5716 ) ) ;
#3998 =( GEOMETRIC_REPRESENTATION_CONTEXT ( 3 ) GLOBAL_UNCERTAINTY_ASSIGNED_CONTEXT ( ( #5225 ) ) GLOBAL_UNIT_ASSIGNED_CONTEXT ( ( #345, #6585, #1246 ) ) REPRESENTATION_CONTEXT ( 'NONE', 'WORKASPACE' ) );
#3999 = ORIENTED_EDGE ( 'NONE', *, *, #11258, .F. ) ;
#4000 = DIRECTION ( 'NONE',  ( 1.000000000000000000, 0.0000000000000000000, -3.049318610115480700E-016 ) ) ;
#4001 = VECTOR ( 'NONE', #7043, 1000.000000000000000 ) ;
#4002 = VECTOR ( 'NONE', #10233, 1000.000000000000000 ) ;
#4003 = ORIENTED_EDGE ( 'NONE', *, *, #5210, .T. ) ;
#4004 = DIRECTION ( 'NONE',  ( 0.0000000000000000000, -1.000000000000000000, -2.258754526011468200E-016 ) ) ;
#4005 = SURFACE_SIDE_STYLE ('',( #5040 ) ) ;
#4006 = ORIENTED_EDGE ( 'NONE', *, *, #116, .T. ) ;
#4007 = VERTEX_POINT ( 'NONE', #7267 ) ;
#4008 = CARTESIAN_POINT ( 'NONE',  ( 1.585645677260050700E-016, 1.200000000000000000, 0.5200000000000001300 ) ) ;
#4009 = EDGE_CURVE ( 'NONE', #5096, #8757, #5406, .T. ) ;
#4010 = VECTOR ( 'NONE', #7404, 1000.000000000000000 ) ;
#4011 = EDGE_CURVE ( 'NONE', #1775, #1635, #5694, .T. ) ;
#4012 = LINE ( 'NONE', #3457, #10767 ) ;
#4013 = ORIENTED_EDGE ( 'NONE', *, *, #9917, .F. ) ;
#4014 = VECTOR ( 'NONE', #655, 1000.000000000000000 ) ;
#4015 = DIRECTION ( 'NONE',  ( -1.000000000000000000, -0.0000000000000000000, -0.0000000000000000000 ) ) ;
#4016 = ORIENTED_EDGE ( 'NONE', *, *, #3738, .T. ) ;
#4017 = DIRECTION ( 'NONE',  ( -0.0000000000000000000, 0.7071067811865513500, 0.7071067811865438000 ) ) ;
#4018 = FACE_OUTER_BOUND ( 'NONE', #3634, .T. ) ;
#4019 = CARTESIAN_POINT ( 'NONE',  ( -3.999999999999999100, 2.600000000000000100, 4.699999999999995700 ) ) ;
#4020 = FACE_OUTER_BOUND ( 'NONE', #10139, .T. ) ;
#4021 = CARTESIAN_POINT ( 'NONE',  ( -1.675000000000000500, 2.600000000000000100, 0.6499999999999984700 ) ) ;
#4022 = DIRECTION ( 'NONE',  ( -1.000000000000000000, -0.0000000000000000000, 0.0000000000000000000 ) ) ;
#4023 = DIRECTION ( 'NONE',  ( 0.5773502691896254000, 0.5773502691896254000, 0.5773502691896264000 ) ) ;
#4024 = PLANE ( 'NONE',  #9668 ) ;
#4025 = COLOUR_RGB ( '',0.8000000000000000400, 0.8078431372549019800, 0.8000000000000000400 ) ;
#4026 = LINE ( 'NONE', #366, #8423 ) ;
#4027 = DIRECTION ( 'NONE',  ( -1.000000000000000000, -0.0000000000000000000, -0.0000000000000000000 ) ) ;
#4028 = VERTEX_POINT ( 'NONE', #6453 ) ;
#4029 = EDGE_CURVE ( 'NONE', #8278, #8101, #7476, .T. ) ;
#4030 = ORIENTED_EDGE ( 'NONE', *, *, #8653, .F. ) ;
#4031 = UNCERTAINTY_MEASURE_WITH_UNIT (LENGTH_MEASURE( 1.000000000000000100E-005 ), #1329, 'distance_accuracy_value', 'NONE');
#4032 = VECTOR ( 'NONE', #5489, 1000.000000000000000 ) ;
#4033 =( NAMED_UNIT ( * ) SI_UNIT ( $, .STERADIAN. ) SOLID_ANGLE_UNIT ( ) );
#4034 = LINE ( 'NONE', #6278, #1677 ) ;
#4035 = FILL_AREA_STYLE_COLOUR ( '', #6117 ) ;
#4036 = EDGE_CURVE ( 'NONE', #10313, #4938, #686, .T. ) ;
#4037 = LINE ( 'NONE', #11477, #3750 ) ;
#4038 = SURFACE_STYLE_FILL_AREA ( #319 ) ;
#4039 = EDGE_LOOP ( 'NONE', ( #1812, #5365, #5061, #5883, #831, #2751, #2923, #7936, #20, #7504, #5, #7934, #128, #783, #7098, #3833, #584, #8195 ) ) ;
#4040 = CARTESIAN_POINT ( 'NONE',  ( 4.000000000000000900, 1.700000000000000000, 2.400000000000000800 ) ) ;
#4041 = LINE ( 'NONE', #6207, #1685 ) ;
#4042 = ORIENTED_EDGE ( 'NONE', *, *, #5635, .F. ) ;
#4044 = ADVANCED_FACE ( 'NONE', ( #2783 ), #3815, .T. ) ;
#4043 = ORIENTED_EDGE ( 'NONE', *, *, #6557, .F. ) ;
#4045 = AXIS2_PLACEMENT_3D ( 'NONE', #5224, #6995, #1713 ) ;
#4046 =( GEOMETRIC_REPRESENTATION_CONTEXT ( 3 ) GLOBAL_UNCERTAINTY_ASSIGNED_CONTEXT ( ( #5811 ) ) GLOBAL_UNIT_ASSIGNED_CONTEXT ( ( #3401, #3470, #3519 ) ) REPRESENTATION_CONTEXT ( 'NONE', 'WORKASPACE' ) );
#4047 = LINE ( 'NONE', #4196, #3763 ) ;
#4048 = VECTOR ( 'NONE', #2680, 1000.000000000000000 ) ;
#4049 = VECTOR ( 'NONE', #322, 1000.000000000000000 ) ;
#4050 = CARTESIAN_POINT ( 'NONE',  ( -0.1599999999999999800, 2.549999999999999800, 0.4499999999999999000 ) ) ;
#4051 = VECTOR ( 'NONE', #1743, 1000.000000000000000 ) ;
#4052 = DIRECTION ( 'NONE',  ( 1.000000000000000000, 0.0000000000000000000, -3.971436529250929000E-016 ) ) ;
#4053 = DIRECTION ( 'NONE',  ( 0.0000000000000000000, -1.000000000000000000, 0.0000000000000000000 ) ) ;
#4054 = VECTOR ( 'NONE', #4023, 1000.000000000000100 ) ;
#4055 = VERTEX_POINT ( 'NONE', #9069 ) ;
#4056 = ORIENTED_EDGE ( 'NONE', *, *, #3661, .F. ) ;
#4057 = ADVANCED_FACE ( 'NONE', ( #963 ), #1166, .T. ) ;
#4058 = VECTOR ( 'NONE', #8231, 1000.000000000000000 ) ;
#4059 = FACE_OUTER_BOUND ( 'NONE', #10577, .T. ) ;
#4060 = AXIS2_PLACEMENT_3D ( 'NONE', #9493, #4222, #10387 ) ;
#4061 = DIRECTION ( 'NONE',  ( -1.000000000000000000, -0.0000000000000000000, 3.049318610115480700E-016 ) ) ;
#4062 = PRESENTATION_LAYER_ASSIGNMENT (  '', '', ( #2874 ) ) ;
#4063 = VERTEX_POINT ( 'NONE', #252 ) ;
#4064 = ORIENTED_EDGE ( 'NONE', *, *, #7554, .F. ) ;
#4065 = DIRECTION ( 'NONE',  ( -1.000000000000000000, 0.0000000000000000000, -0.0000000000000000000 ) ) ;
#4066 = VERTEX_POINT ( 'NONE', #1196 ) ;
#4067 = PLANE ( 'NONE',  #9603 ) ;
#4068 = DIRECTION ( 'NONE',  ( 0.0000000000000000000, -0.9889363528682980600, -0.1483404529302414000 ) ) ;
#4069 = LINE ( 'NONE', #9481, #10557 ) ;
#4070 = DIRECTION ( 'NONE',  ( 0.0000000000000000000, -1.000000000000000000, 0.0000000000000000000 ) ) ;
#4071 = DIRECTION ( 'NONE',  ( 0.0000000000000000000, -1.000000000000000000, 0.0000000000000000000 ) ) ;
#4072 = VECTOR ( 'NONE', #10529, 1000.000000000000000 ) ;
#4073 = LINE ( 'NONE', #4311, #8467 ) ;
#4074 = PRESENTATION_STYLE_ASSIGNMENT (( #7380 ) ) ;
#4075 = ORIENTED_EDGE ( 'NONE', *, *, #6134, .T. ) ;
#4076 = DIRECTION ( 'NONE',  ( 0.0000000000000000000, 0.0000000000000000000, 1.000000000000000000 ) ) ;
#4077 = EDGE_LOOP ( 'NONE', ( #4348, #3731, #8522, #1021 ) ) ;
#4078 = CARTESIAN_POINT ( 'NONE',  ( -2.075000000000000600, 2.600000000000000100, 0.6499999999999986900 ) ) ;
#4079 = DIRECTION ( 'NONE',  ( 0.0000000000000000000, 0.0000000000000000000, -1.000000000000000000 ) ) ;
#4080 = ORIENTED_EDGE ( 'NONE', *, *, #445, .F. ) ;
#4081 = ORIENTED_EDGE ( 'NONE', *, *, #5275, .T. ) ;
#4082 = SURFACE_SIDE_STYLE ('',( #9275 ) ) ;
#4083 = LINE ( 'NONE', #6489, #6433 ) ;
#4084 = COLOUR_RGB ( '',0.8000000000000000400, 0.8078431372549019800, 0.8000000000000000400 ) ;
#4085 = DIRECTION ( 'NONE',  ( 0.0000000000000000000, -1.000000000000000000, 0.0000000000000000000 ) ) ;
#4086 = SURFACE_STYLE_USAGE ( .BOTH. , #9344 ) ;
#4087 = EDGE_CURVE ( 'NONE', #7386, #5344, #6371, .T. ) ;
#4088 = VERTEX_POINT ( 'NONE', #7311 ) ;
#4089 = ORIENTED_EDGE ( 'NONE', *, *, #3524, .T. ) ;
#4090 = CARTESIAN_POINT ( 'NONE',  ( 0.1599999999999999800, 2.350000000000003200, 0.6499999999999986900 ) ) ;
#4091 =( NAMED_UNIT ( * ) PLANE_ANGLE_UNIT ( ) SI_UNIT ( $, .RADIAN. ) );
#4092 = PRESENTATION_STYLE_ASSIGNMENT (( #7579 ) ) ;
#4093 = DIRECTION ( 'NONE',  ( -1.000000000000000000, 0.0000000000000000000, 0.0000000000000000000 ) ) ;
#4094 = CARTESIAN_POINT ( 'NONE',  ( -4.220000000000000600, 1.100000000000000100, 1.226000000000000000 ) ) ;
#4095 = EDGE_LOOP ( 'NONE', ( #637, #3136, #8985, #6614 ) ) ;
#4096 = DIRECTION ( 'NONE',  ( -0.0000000000000000000, 0.0000000000000000000, -1.000000000000000000 ) ) ;
#4097 = ADVANCED_FACE ( 'NONE', ( #1950 ), #3887, .T. ) ;
#4098 = FACE_OUTER_BOUND ( 'NONE', #4133, .T. ) ;
#4099 = FILL_AREA_STYLE_COLOUR ( '', #4548 ) ;
#4100 = EDGE_CURVE ( 'NONE', #9232, #113, #810, .T. ) ;
#4101 = CARTESIAN_POINT ( 'NONE',  ( -2.439999999999999900, -0.3750000000000005600, 3.999999999999993300 ) ) ;
#4102 = EDGE_CURVE ( 'NONE', #4063, #3497, #3194, .T. ) ;
#4103 = DIRECTION ( 'NONE',  ( -1.000000000000000000, -0.0000000000000000000, -0.0000000000000000000 ) ) ;
#4104 = EDGE_CURVE ( 'NONE', #10449, #6446, #7873, .T. ) ;
#4105 = CARTESIAN_POINT ( 'NONE',  ( 0.0000000000000000000, 1.700000000000000000, 0.0000000000000000000 ) ) ;
#4106 = ORIENTED_EDGE ( 'NONE', *, *, #5277, .T. ) ;
#4107 = FACE_OUTER_BOUND ( 'NONE', #5123, .T. ) ;
#4108 =( NAMED_UNIT ( * ) SI_UNIT ( $, .STERADIAN. ) SOLID_ANGLE_UNIT ( ) );
#4109 = CARTESIAN_POINT ( 'NONE',  ( 1.409999999999999700, 0.4249999999999998200, 3.499999999999981300 ) ) ;
#4110 = ADVANCED_FACE ( 'NONE', ( #9957 ), #2181, .T. ) ;
#4111 = STYLED_ITEM ( 'NONE', ( #10140 ), #120 ) ;
#4112 = CARTESIAN_POINT ( 'NONE',  ( 0.1600000000000008600, -0.3750000000000003300, 1.749999999999996400 ) ) ;
#4113 = DIRECTION ( 'NONE',  ( 0.0000000000000000000, 0.0000000000000000000, -1.000000000000000000 ) ) ;
#4114 = DIRECTION ( 'NONE',  ( -1.000000000000000000, -0.0000000000000000000, -0.0000000000000000000 ) ) ;
#4115 = STYLED_ITEM ( 'NONE', ( #1327 ), #10010 ) ;
#4116 = ORIENTED_EDGE ( 'NONE', *, *, #8292, .T. ) ;
#4117 = FACE_OUTER_BOUND ( 'NONE', #111, .T. ) ;
#4118 = EDGE_CURVE ( 'NONE', #7177, #3407, #11180, .T. ) ;
#4119 = ORIENTED_EDGE ( 'NONE', *, *, #7704, .F. ) ;
#4120 = CARTESIAN_POINT ( 'NONE',  ( -1.409999999999999900, 0.0000000000000000000, 0.0000000000000000000 ) ) ;
#4121 = CARTESIAN_POINT ( 'NONE',  ( 3.399999999999996400, -0.6999999999999988500, 2.099999999999996100 ) ) ;
#4122 = AXIS2_PLACEMENT_3D ( 'NONE', #5747, #3921, #1315 ) ;
#4123 = CARTESIAN_POINT ( 'NONE',  ( -4.220000000000000600, -0.8799999999999986700, 1.529999999999999800 ) ) ;
#4124 = MECHANICAL_DESIGN_GEOMETRIC_PRESENTATION_REPRESENTATION (  '', ( #2338 ), #4712 ) ;
#4125 = ORIENTED_EDGE ( 'NONE', *, *, #430, .T. ) ;
#4126 = LINE ( 'NONE', #8077, #10885 ) ;
#4127 = EDGE_LOOP ( 'NONE', ( #4215, #6367, #3653, #7155 ) ) ;
#4128 = ORIENTED_EDGE ( 'NONE', *, *, #10655, .T. ) ;
#4129 = FILL_AREA_STYLE ('',( #9414 ) ) ;
#4130 = ORIENTED_EDGE ( 'NONE', *, *, #10597, .T. ) ;
#4131 =( GEOMETRIC_REPRESENTATION_CONTEXT ( 3 ) GLOBAL_UNCERTAINTY_ASSIGNED_CONTEXT ( ( #3105 ) ) GLOBAL_UNIT_ASSIGNED_CONTEXT ( ( #7519, #2221, #8386 ) ) REPRESENTATION_CONTEXT ( 'NONE', 'WORKASPACE' ) );
#4132 = VERTEX_POINT ( 'NONE', #7517 ) ;
#4133 = EDGE_LOOP ( 'NONE', ( #4214, #10824, #9224, #5857 ) ) ;
#4134 = CARTESIAN_POINT ( 'NONE',  ( -3.500000000000001300, 2.600000000000000100, 0.04999999999999980800 ) ) ;
#4135 = UNCERTAINTY_MEASURE_WITH_UNIT (LENGTH_MEASURE( 1.000000000000000100E-005 ), #9117, 'distance_accuracy_value', 'NONE');
#4136 = DIRECTION ( 'NONE',  ( 0.0000000000000000000, -0.7071067811865440200, 0.7071067811865511300 ) ) ;
#4137 = CARTESIAN_POINT ( 'NONE',  ( 1.409999999999999700, -0.6250000000000003300, 0.2999999999999964900 ) ) ;
#4138 = EDGE_CURVE ( 'NONE', #3093, #10182, #4152, .T. ) ;
#4139 = LINE ( 'NONE', #580, #1499 ) ;
#4140 = SURFACE_SIDE_STYLE ('',( #837 ) ) ;
#4141 = ORIENTED_EDGE ( 'NONE', *, *, #6013, .F. ) ;
#4142 = CARTESIAN_POINT ( 'NONE',  ( -1.090000000000000100, 2.549999999999999800, 0.4499999999999999000 ) ) ;
#4143 = VECTOR ( 'NONE', #276, 1000.000000000000100 ) ;
#4144 = EDGE_CURVE ( 'NONE', #5601, #1929, #8837, .T. ) ;
#4145 = ORIENTED_EDGE ( 'NONE', *, *, #4484, .F. ) ;
#4146 = SURFACE_STYLE_USAGE ( .BOTH. , #9431 ) ;
#4147 = LINE ( 'NONE', #2694, #1798 ) ;
#4148 = CARTESIAN_POINT ( 'NONE',  ( 4.694000000000002600, -1.100000000000000100, 0.2999999999999973200 ) ) ;
#4149 = CARTESIAN_POINT ( 'NONE',  ( -2.925000000000000300, -1.100000000000000300, 0.2999999999999987100 ) ) ;
#4150 = ADVANCED_FACE ( 'NONE', ( #10920 ), #10992, .F. ) ;
#4151 = VERTEX_POINT ( 'NONE', #7269 ) ;
#4152 = LINE ( 'NONE', #9274, #1803 ) ;
#4153 = CARTESIAN_POINT ( 'NONE',  ( 3.399999999999996400, -0.6999999999999988500, 1.749999999999996400 ) ) ;
#4154 = ORIENTED_EDGE ( 'NONE', *, *, #6816, .F. ) ;
#4155 = LINE ( 'NONE', #10245, #3878 ) ;
#4156 = ORIENTED_EDGE ( 'NONE', *, *, #9472, .T. ) ;
#4157 = CARTESIAN_POINT ( 'NONE',  ( -0.1599999999999999800, -0.3750000000000001100, 1.749999999999996400 ) ) ;
#4158 = FACE_OUTER_BOUND ( 'NONE', #11049, .T. ) ;
#4159 = FILL_AREA_STYLE_COLOUR ( '', #3860 ) ;
#4160 = PRODUCT ( '533980571', '533980571', '', ( #4513 ) ) ;
#4161 = ADVANCED_FACE ( 'NONE', ( #6234 ), #9951, .T. ) ;
#4162 = CARTESIAN_POINT ( 'NONE',  ( 2.339999999999999900, -0.3750000000000001100, 0.04999999999999753300 ) ) ;
#4163 = EDGE_CURVE ( 'NONE', #7109, #5543, #1512, .T. ) ;
#4164 = COLOUR_RGB ( '',0.8000000000000000400, 0.8078431372549019800, 0.8000000000000000400 ) ;
#4165 = EDGE_CURVE ( 'NONE', #11403, #6678, #2071, .T. ) ;
#4166 = EDGE_CURVE ( 'NONE', #728, #2699, #10644, .T. ) ;
#4167 = FACE_OUTER_BOUND ( 'NONE', #1450, .T. ) ;
#4168 = VERTEX_POINT ( 'NONE', #4703 ) ;
#4169 = ORIENTED_EDGE ( 'NONE', *, *, #785, .F. ) ;
#4170 = ORIENTED_EDGE ( 'NONE', *, *, #10237, .T. ) ;
#4171 = VECTOR ( 'NONE', #53, 1000.000000000000000 ) ;
#4172 = DIRECTION ( 'NONE',  ( 2.710505431213761100E-017, -1.000000000000000000, 0.0000000000000000000 ) ) ;
#4173 = CARTESIAN_POINT ( 'NONE',  ( 4.799333333333334100, -1.205333333333330500, 0.9506666666666658800 ) ) ;
#4174 = LINE ( 'NONE', #762, #6255 ) ;
#4175 = FILL_AREA_STYLE_COLOUR ( '', #792 ) ;
#4176 = LINE ( 'NONE', #2496, #8576 ) ;
#4177 = CARTESIAN_POINT ( 'NONE',  ( 2.660000000000000100, 0.3499999999999997000, 3.999999999999993300 ) ) ;
#4178 = CARTESIAN_POINT ( 'NONE',  ( -3.999999999999999100, 2.299999999999999800, 3.699999999999996600 ) ) ;
#4179 = VECTOR ( 'NONE', #4232, 1000.000000000000000 ) ;
#4180 = FILL_AREA_STYLE ('',( #8559 ) ) ;
#4181 = LINE ( 'NONE', #2289, #3899 ) ;
#4182 = ORIENTED_EDGE ( 'NONE', *, *, #7039, .F. ) ;
#4183 = FILL_AREA_STYLE_COLOUR ( '', #4575 ) ;
#4184 = PRESENTATION_STYLE_ASSIGNMENT (( #667 ) ) ;
#4185 = ORIENTED_EDGE ( 'NONE', *, *, #4515, .F. ) ;
#4186 = ORIENTED_EDGE ( 'NONE', *, *, #6899, .F. ) ;
#4187 = DIRECTION ( 'NONE',  ( 0.0000000000000000000, -1.000000000000000000, -1.223202451009284400E-015 ) ) ;
#4188 = CARTESIAN_POINT ( 'NONE',  ( 5.240000000000003800, -1.100000000000000100, 1.750000000000003100 ) ) ;
#4189 = EDGE_CURVE ( 'NONE', #2768, #9190, #5964, .T. ) ;
#4190 = SURFACE_STYLE_FILL_AREA ( #3189 ) ;
#4191 = DIRECTION ( 'NONE',  ( 0.0000000000000000000, 0.0000000000000000000, -1.000000000000000000 ) ) ;
#4192 = CARTESIAN_POINT ( 'NONE',  ( 0.4250000000000000400, -1.100000000000000300, 0.6499999999999982500 ) ) ;
#4193 = CARTESIAN_POINT ( 'NONE',  ( 4.474000000000000200, -0.8799999999999969000, 0.2999999999999999900 ) ) ;
#4194 = CARTESIAN_POINT ( 'NONE',  ( -4.220000000000000600, -1.100000000000000100, 0.5200000000000013500 ) ) ;
#4195 = COLOUR_RGB ( '',0.8000000000000000400, 0.8078431372549019800, 0.8000000000000000400 ) ;
#4196 = CARTESIAN_POINT ( 'NONE',  ( -2.660000000000000100, 0.4249999999999998200, 1.749999999999996400 ) ) ;
#4197 = STYLED_ITEM ( 'NONE', ( #662 ), #1120 ) ;
#4198 = ORIENTED_EDGE ( 'NONE', *, *, #7940, .F. ) ;
#4199 = VERTEX_POINT ( 'NONE', #1173 ) ;
#4200 = CIRCLE ( 'NONE', #3539, 0.3039999999999996000 ) ;
#4201 = PRESENTATION_STYLE_ASSIGNMENT (( #2812 ) ) ;
#4202 = CARTESIAN_POINT ( 'NONE',  ( -0.8250000000000004000, 2.600000000000000100, 0.6499999999999984700 ) ) ;
#4203 = LINE ( 'NONE', #1156, #6568 ) ;
#4204 = PLANE ( 'NONE',  #1610 ) ;
#4205 = DIRECTION ( 'NONE',  ( -1.000000000000000000, 0.0000000000000000000, 0.0000000000000000000 ) ) ;
#4206 = DIRECTION ( 'NONE',  ( 0.0000000000000000000, 1.294569758191649100E-016, -1.000000000000000000 ) ) ;
#4207 = STYLED_ITEM ( 'NONE', ( #8050 ), #10867 ) ;
#4208 = VECTOR ( 'NONE', #7385, 1000.000000000000000 ) ;
#4209 = CARTESIAN_POINT ( 'NONE',  ( 4.524000000000000900, 1.100000000000000100, 0.2540000000000000000 ) ) ;
#4210 = VECTOR ( 'NONE', #8674, 1000.000000000000000 ) ;
#4211 = DIRECTION ( 'NONE',  ( 1.000000000000000000, 0.0000000000000000000, -0.0000000000000000000 ) ) ;
#4212 =( LENGTH_UNIT ( ) NAMED_UNIT ( * ) SI_UNIT ( .MILLI., .METRE. ) );
#4213 = ORIENTED_EDGE ( 'NONE', *, *, #1656, .F. ) ;
#4214 = ORIENTED_EDGE ( 'NONE', *, *, #8938, .T. ) ;
#4215 = ORIENTED_EDGE ( 'NONE', *, *, #11201, .T. ) ;
#4216 = FACE_OUTER_BOUND ( 'NONE', #10307, .T. ) ;
#4217 =( NAMED_UNIT ( * ) PLANE_ANGLE_UNIT ( ) SI_UNIT ( $, .RADIAN. ) );
#4218 = LINE ( 'NONE', #7966, #11246 ) ;
#4219 = ADVANCED_FACE ( 'NONE', ( #8001 ), #262, .T. ) ;
#4220 = CARTESIAN_POINT ( 'NONE',  ( 1.409999999999999700, 3.000000000000000000, 0.4499999999999998400 ) ) ;
#4221 = CARTESIAN_POINT ( 'NONE',  ( 3.050000000000002000, 2.299999999999999400, 1.749999999999996400 ) ) ;
#4222 = DIRECTION ( 'NONE',  ( 1.000000000000000000, 0.0000000000000000000, 0.0000000000000000000 ) ) ;
#4223 = FILL_AREA_STYLE ('',( #10390 ) ) ;
#4224 = DIRECTION ( 'NONE',  ( 0.0000000000000000000, -1.000000000000000000, 0.0000000000000000000 ) ) ;
#4225 = EDGE_CURVE ( 'NONE', #81, #8369, #4848, .T. ) ;
#4226 = VERTEX_POINT ( 'NONE', #2116 ) ;
#4227 = SURFACE_STYLE_FILL_AREA ( #6269 ) ;
#4228 = ORIENTED_EDGE ( 'NONE', *, *, #5350, .F. ) ;
#4229 = LINE ( 'NONE', #5400, #10710 ) ;
#4230 = VERTEX_POINT ( 'NONE', #8277 ) ;
#4231 = AXIS2_PLACEMENT_3D ( 'NONE', #7431, #2154, #8315 ) ;
#4232 = DIRECTION ( 'NONE',  ( 0.0000000000000000000, 0.0000000000000000000, -1.000000000000000000 ) ) ;
#4233 = PRESENTATION_STYLE_ASSIGNMENT (( #652 ) ) ;
#4234 = CARTESIAN_POINT ( 'NONE',  ( -2.339999999999999900, 2.200000000000004200, 0.2999999999999989900 ) ) ;
#4235 = ADVANCED_FACE ( 'NONE', ( #7172 ), #2065, .T. ) ;
#4236 = CARTESIAN_POINT ( 'NONE',  ( -0.05999999999999972000, 0.3499999999999997000, 3.999999999999993300 ) ) ;
#4237 = UNCERTAINTY_MEASURE_WITH_UNIT (LENGTH_MEASURE( 1.000000000000000100E-005 ), #11503, 'distance_accuracy_value', 'NONE');
#4238 = PLANE ( 'NONE',  #5912 ) ;
#4239 = ORIENTED_EDGE ( 'NONE', *, *, #6177, .T. ) ;
#4240 = DIRECTION ( 'NONE',  ( 1.000000000000000000, 0.0000000000000000000, 0.0000000000000000000 ) ) ;
#4241 = VECTOR ( 'NONE', #6456, 1000.000000000000000 ) ;
#4242 = EDGE_CURVE ( 'NONE', #4657, #4900, #1657, .T. ) ;
#4243 = SURFACE_STYLE_USAGE ( .BOTH. , #9513 ) ;
#4244 = EDGE_CURVE ( 'NONE', #599, #8927, #10764, .T. ) ;
#4245 = VERTEX_POINT ( 'NONE', #2160 ) ;
#4246 = SURFACE_STYLE_USAGE ( .BOTH. , #9514 ) ;
#4247 = CARTESIAN_POINT ( 'NONE',  ( 1.409999999999999700, 2.500000000000000000, -1.084202172485504400E-016 ) ) ;
#4248 = LINE ( 'NONE', #7373, #8650 ) ;
#4249 = VECTOR ( 'NONE', #11412, 1000.000000000000000 ) ;
#4250 = DIRECTION ( 'NONE',  ( 1.000000000000000000, 0.0000000000000000000, -2.304851557154559200E-017 ) ) ;
#4251 = DIRECTION ( 'NONE',  ( 1.000000000000000000, 0.0000000000000000000, 0.0000000000000000000 ) ) ;
#4252 = EDGE_CURVE ( 'NONE', #5933, #6913, #8413, .T. ) ;
#4253 =( NAMED_UNIT ( * ) SI_UNIT ( $, .STERADIAN. ) SOLID_ANGLE_UNIT ( ) );
#4254 = DIRECTION ( 'NONE',  ( 0.0000000000000000000, 1.294569758191649100E-016, -1.000000000000000000 ) ) ;
#4255 = EDGE_CURVE ( 'NONE', #3450, #3673, #3728, .T. ) ;
#4256 =( LENGTH_UNIT ( ) NAMED_UNIT ( * ) SI_UNIT ( .MILLI., .METRE. ) );
#4257 = CARTESIAN_POINT ( 'NONE',  ( -3.049999999999999400, 2.299999999999999800, 1.749999999999996400 ) ) ;
#4258 = CARTESIAN_POINT ( 'NONE',  ( -1.090000000000000100, 2.999999999999999600, -1.761828530288944700E-016 ) ) ;
#4259 = DIRECTION ( 'NONE',  ( 0.0000000000000000000, -0.0000000000000000000, 1.000000000000000000 ) ) ;
#4260 = AXIS2_PLACEMENT_3D ( 'NONE', #3979, #4367, #4483 ) ;
#4261 = COLOUR_RGB ( '',0.8000000000000000400, 0.8078431372549019800, 0.8000000000000000400 ) ;
#4262 = CARTESIAN_POINT ( 'NONE',  ( 2.425000000000001200, 3.673118842698620300, 3.249999999999995100 ) ) ;
#4263 = PLANE ( 'NONE',  #8842 ) ;
#4264 = CARTESIAN_POINT ( 'NONE',  ( 4.000000000000000900, 1.399999999999998800, 2.400000000000000800 ) ) ;
#4265 = ORIENTED_EDGE ( 'NONE', *, *, #5116, .T. ) ;
#4266 = SURFACE_STYLE_USAGE ( .BOTH. , #9546 ) ;
#4267 = ADVANCED_FACE ( 'NONE', ( #380 ), #4864, .T. ) ;
#4268 = VERTEX_POINT ( 'NONE', #7481 ) ;
#4269 = ORIENTED_EDGE ( 'NONE', *, *, #3704, .T. ) ;
#4270 = ORIENTED_EDGE ( 'NONE', *, *, #5645, .F. ) ;
#4271 = VERTEX_POINT ( 'NONE', #7522 ) ;
#4272 = UNCERTAINTY_MEASURE_WITH_UNIT (LENGTH_MEASURE( 1.000000000000000100E-005 ), #7498, 'distance_accuracy_value', 'NONE');
#4273 = CARTESIAN_POINT ( 'NONE',  ( 3.399999999999995900, 1.700000000000000200, 1.749999999999996400 ) ) ;
#4274 = ORIENTED_EDGE ( 'NONE', *, *, #6051, .T. ) ;
#4275 = AXIS2_PLACEMENT_3D ( 'NONE', #11042, #1563, #1054 ) ;
#4276 = CARTESIAN_POINT ( 'NONE',  ( 2.660000000000000100, 0.2499999999999996700, 0.1799999999999966600 ) ) ;
#4277 = STYLED_ITEM ( 'NONE', ( #10946 ), #5610 ) ;
#4278 = ADVANCED_FACE ( 'NONE', ( #1069 ), #10158, .T. ) ;
#4279 = ORIENTED_EDGE ( 'NONE', *, *, #2391, .F. ) ;
#4280 = VECTOR ( 'NONE', #4915, 1000.000000000000000 ) ;
#4281 = ORIENTED_EDGE ( 'NONE', *, *, #10244, .T. ) ;
#4282 = DIRECTION ( 'NONE',  ( 0.0000000000000000000, -1.000000000000000000, 0.0000000000000000000 ) ) ;
#4283 = AXIS2_PLACEMENT_3D ( 'NONE', #7490, #2193, #8365 ) ;
#4284 = EDGE_LOOP ( 'NONE', ( #10758, #2230, #8048, #6428 ) ) ;
#4285 = DIRECTION ( 'NONE',  ( 1.239088197126290500E-015, -1.000000000000000000, 0.0000000000000000000 ) ) ;
#4286 = UNCERTAINTY_MEASURE_WITH_UNIT (LENGTH_MEASURE( 1.000000000000000100E-005 ), #6711, 'distance_accuracy_value', 'NONE');
#4287 = CARTESIAN_POINT ( 'NONE',  ( -1.089999999999999200, 0.4249999999999998200, 1.749999999999996400 ) ) ;
#4288 = CARTESIAN_POINT ( 'NONE',  ( -2.339999999999999900, -0.6250000000000003300, 0.2999999999999964900 ) ) ;
#4289 = CARTESIAN_POINT ( 'NONE',  ( 0.1599999999999999800, 2.549999999999999800, 0.4499999999999999000 ) ) ;
#4290 = AXIS2_PLACEMENT_3D ( 'NONE', #4376, #7031, #1755 ) ;
#4291 = VECTOR ( 'NONE', #758, 1000.000000000000000 ) ;
#4292 = VERTEX_POINT ( 'NONE', #10193 ) ;
#4293 = LINE ( 'NONE', #2962, #1941 ) ;
#4294 = DIRECTION ( 'NONE',  ( 0.0000000000000000000, -1.000000000000000000, 0.0000000000000000000 ) ) ;
#4295 = EDGE_LOOP ( 'NONE', ( #8867, #736, #10332, #3942 ) ) ;
#4296 = CARTESIAN_POINT ( 'NONE',  ( -4.000000000000000900, 2.600000000000000100, 0.2999999999999999900 ) ) ;
#4297 = VECTOR ( 'NONE', #2858, 1000.000000000000000 ) ;
#4298 = LINE ( 'NONE', #8213, #8699 ) ;
#4299 = DIRECTION ( 'NONE',  ( -0.0000000000000000000, -1.000000000000000000, -0.0000000000000000000 ) ) ;
#4300 = CARTESIAN_POINT ( 'NONE',  ( 3.699999999999995700, 0.8499999999999996400, 1.749999999999996400 ) ) ;
#4301 = EDGE_CURVE ( 'NONE', #7503, #6319, #5815, .T. ) ;
#4302 = CARTESIAN_POINT ( 'NONE',  ( 5.200000000000004600, 1.399999999999998600, 1.699999999999989700 ) ) ;
#4303 = LINE ( 'NONE', #7423, #11330 ) ;
#4304 = ORIENTED_EDGE ( 'NONE', *, *, #4902, .F. ) ;
#4305 = VERTEX_POINT ( 'NONE', #460 ) ;
#4306 = LINE ( 'NONE', #5230, #8709 ) ;
#4307 = FACE_OUTER_BOUND ( 'NONE', #616, .T. ) ;
#4308 = ORIENTED_EDGE ( 'NONE', *, *, #3143, .T. ) ;
#4309 = LINE ( 'NONE', #3656, #8713 ) ;
#4310 = LINE ( 'NONE', #10089, #7611 ) ;
#4311 = CARTESIAN_POINT ( 'NONE',  ( -1.409999999999999900, 3.000000000000000000, 0.4499999999999998400 ) ) ;
#4312 = ORIENTED_EDGE ( 'NONE', *, *, #9188, .F. ) ;
#4313 = LINE ( 'NONE', #2654, #6677 ) ;
#4314 = ORIENTED_EDGE ( 'NONE', *, *, #10677, .F. ) ;
#4315 = ORIENTED_EDGE ( 'NONE', *, *, #5740, .T. ) ;
#4316 = FILL_AREA_STYLE ('',( #6074 ) ) ;
#4317 =( LENGTH_UNIT ( ) NAMED_UNIT ( * ) SI_UNIT ( .MILLI., .METRE. ) );
#4318 = EDGE_CURVE ( 'NONE', #8545, #8153, #10222, .T. ) ;
#4319 = VECTOR ( 'NONE', #5045, 1000.000000000000000 ) ;
#4320 = EDGE_CURVE ( 'NONE', #3363, #7340, #5511, .T. ) ;
#4321 = EDGE_CURVE ( 'NONE', #3931, #2813, #3184, .T. ) ;
#4322 = LINE ( 'NONE', #2406, #6137 ) ;
#4323 = ADVANCED_FACE ( 'NONE', ( #8117, #9941 ), #10220, .F. ) ;
#4324 = CARTESIAN_POINT ( 'NONE',  ( 2.074999999999999700, 2.600000000000000100, 0.6499999999999978000 ) ) ;
#4325 = VECTOR ( 'NONE', #6662, 1000.000000000000000 ) ;
#4326 = ORIENTED_EDGE ( 'NONE', *, *, #7660, .F. ) ;
#4327 = ORIENTED_EDGE ( 'NONE', *, *, #2314, .F. ) ;
#4328 = ORIENTED_EDGE ( 'NONE', *, *, #2171, .T. ) ;
#4329 =( NAMED_UNIT ( * ) SI_UNIT ( $, .STERADIAN. ) SOLID_ANGLE_UNIT ( ) );
#4330 =( NAMED_UNIT ( * ) PLANE_ANGLE_UNIT ( ) SI_UNIT ( $, .RADIAN. ) );
#4331 = CARTESIAN_POINT ( 'NONE',  ( -1.724999999999999400, -0.6999999999999988500, 3.249999999999996000 ) ) ;
#4332 = DIRECTION ( 'NONE',  ( 1.000000000000000000, 0.0000000000000000000, 0.0000000000000000000 ) ) ;
#4333 = SURFACE_STYLE_FILL_AREA ( #3722 ) ;
#4334 = LINE ( 'NONE', #1193, #11369 ) ;
#4335 = DIRECTION ( 'NONE',  ( 1.000000000000000000, 0.0000000000000000000, -2.304851557154559200E-017 ) ) ;
#4336 = DIRECTION ( 'NONE',  ( 0.0000000000000000000, 0.0000000000000000000, 1.000000000000000000 ) ) ;
#4337 = PLANE ( 'NONE',  #5320 ) ;
#4338 = DIRECTION ( 'NONE',  ( 3.049318610115480700E-016, -0.0000000000000000000, 1.000000000000000000 ) ) ;
#4339 = EDGE_CURVE ( 'NONE', #10898, #6006, #2903, .T. ) ;
#4340 = ORIENTED_EDGE ( 'NONE', *, *, #1134, .F. ) ;
#4341 = ORIENTED_EDGE ( 'NONE', *, *, #2014, .F. ) ;
#4342 = ORIENTED_EDGE ( 'NONE', *, *, #11407, .F. ) ;
#4343 = DIRECTION ( 'NONE',  ( 0.0000000000000000000, 0.0000000000000000000, -1.000000000000000000 ) ) ;
#4344 = LINE ( 'NONE', #6071, #6965 ) ;
#4345 = PLANE ( 'NONE',  #4045 ) ;
#4346 = PRESENTATION_LAYER_ASSIGNMENT (  '', '', ( #3156 ) ) ;
#4347 = AXIS2_PLACEMENT_3D ( 'NONE', #9821, #5381, #10740 ) ;
#4348 = ORIENTED_EDGE ( 'NONE', *, *, #3294, .T. ) ;
#4349 = VERTEX_POINT ( 'NONE', #1402 ) ;
#4350 = SURFACE_STYLE_USAGE ( .BOTH. , #9628 ) ;
#4351 = VECTOR ( 'NONE', #1639, 1000.000000000000000 ) ;
#4352 = PRESENTATION_LAYER_ASSIGNMENT (  '', '', ( #3165 ) ) ;
#4353 = CARTESIAN_POINT ( 'NONE',  ( 5.500000000000001800, 1.700000000000000000, 0.7999999999999977100 ) ) ;
#4354 = PRESENTATION_LAYER_ASSIGNMENT (  '', '', ( #3167 ) ) ;
#4355 = ORIENTED_EDGE ( 'NONE', *, *, #2691, .F. ) ;
#4356 = VERTEX_POINT ( 'NONE', #4907 ) ;
#4357 = DIRECTION ( 'NONE',  ( -0.0000000000000000000, 0.0000000000000000000, 1.000000000000000000 ) ) ;
#4358 = SURFACE_STYLE_FILL_AREA ( #6719 ) ;
#4359 = CARTESIAN_POINT ( 'NONE',  ( -5.000000000000000900, 1.700000000000000000, 0.2999999999999999300 ) ) ;
#4360 =( NAMED_UNIT ( * ) SI_UNIT ( $, .STERADIAN. ) SOLID_ANGLE_UNIT ( ) );
#4361 =( NAMED_UNIT ( * ) PLANE_ANGLE_UNIT ( ) SI_UNIT ( $, .RADIAN. ) );
#4362 = CARTESIAN_POINT ( 'NONE',  ( 3.500000000000000400, -0.4000000000000001900, 0.2999999999999977100 ) ) ;
#4363 = EDGE_CURVE ( 'NONE', #2517, #8322, #7309, .T. ) ;
#4364 = EDGE_LOOP ( 'NONE', ( #6264, #10797, #10077, #8424 ) ) ;
#4365 = SURFACE_STYLE_USAGE ( .BOTH. , #9648 ) ;
#4366 = SURFACE_STYLE_FILL_AREA ( #10751 ) ;
#4367 = DIRECTION ( 'NONE',  ( -0.0000000000000000000, 1.000000000000000000, 0.0000000000000000000 ) ) ;
#4368 = DIRECTION ( 'NONE',  ( 3.049318610115480700E-016, -0.0000000000000000000, 1.000000000000000000 ) ) ;
#4369 = CARTESIAN_POINT ( 'NONE',  ( 1.409999999999999700, 0.2499999999999996700, 0.1799999999999966600 ) ) ;
#4370 =( NAMED_UNIT ( * ) PLANE_ANGLE_UNIT ( ) SI_UNIT ( $, .RADIAN. ) );
#4371 = SURFACE_STYLE_USAGE ( .BOTH. , #9656 ) ;
#4372 = ADVANCED_FACE ( 'NONE', ( #516 ), #9355, .T. ) ;
#4373 = CARTESIAN_POINT ( 'NONE',  ( -1.090000000000000100, 3.100000000000000100, 0.3499999999999989800 ) ) ;
#4374 = VERTEX_POINT ( 'NONE', #10263 ) ;
#4375 = EDGE_CURVE ( 'NONE', #10499, #11060, #1791, .T. ) ;
#4376 = CARTESIAN_POINT ( 'NONE',  ( -2.660000000000000100, 0.4249999999999998200, 0.04999999999999753300 ) ) ;
#4377 = EDGE_CURVE ( 'NONE', #9834, #2517, #10910, .T. ) ;
#4378 = SURFACE_STYLE_USAGE ( .BOTH. , #9664 ) ;
#4379 = CARTESIAN_POINT ( 'NONE',  ( -2.339999999999999900, -0.2500000000000006700, 3.999999999999993300 ) ) ;
#4380 = ORIENTED_EDGE ( 'NONE', *, *, #6627, .T. ) ;
#4381 = SURFACE_SIDE_STYLE ('',( #1829 ) ) ;
#4382 = LINE ( 'NONE', #761, #2033 ) ;
#4383 = SURFACE_STYLE_USAGE ( .BOTH. , #5322 ) ;
#4384 = CARTESIAN_POINT ( 'NONE',  ( -0.1599999999999999800, 0.3499999999999997000, 3.499999999999983100 ) ) ;
#4385 = EDGE_CURVE ( 'NONE', #8461, #9259, #4139, .T. ) ;
#4386 =( NAMED_UNIT ( * ) SI_UNIT ( $, .STERADIAN. ) SOLID_ANGLE_UNIT ( ) );
#4387 = DIRECTION ( 'NONE',  ( 1.000000000000000000, 0.0000000000000000000, 3.971436529250929000E-016 ) ) ;
#4388 = DIRECTION ( 'NONE',  ( -1.000000000000000000, 0.0000000000000000000, 1.084202172485505400E-015 ) ) ;
#4389 = VERTEX_POINT ( 'NONE', #6782 ) ;
#4390 = ORIENTED_EDGE ( 'NONE', *, *, #3894, .F. ) ;
#4391 = VECTOR ( 'NONE', #6331, 1000.000000000000000 ) ;
#4392 = EDGE_CURVE ( 'NONE', #377, #5132, #6223, .T. ) ;
#4393 = DIRECTION ( 'NONE',  ( -2.114887471287418600E-016, 0.7071067811865455700, -0.7071067811865493500 ) ) ;
#4394 = DIRECTION ( 'NONE',  ( 0.0000000000000000000, -0.7071067811865439100, 0.7071067811865512400 ) ) ;
#4395 = ORIENTED_EDGE ( 'NONE', *, *, #10677, .T. ) ;
#4396 = SURFACE_SIDE_STYLE ('',( #9378 ) ) ;
#4397 = SURFACE_STYLE_USAGE ( .BOTH. , #9687 ) ;
#4398 = ORIENTED_EDGE ( 'NONE', *, *, #1640, .F. ) ;
#4399 = AXIS2_PLACEMENT_3D ( 'NONE', #1020, #7216, #1936 ) ;
#4400 = PRESENTATION_LAYER_ASSIGNMENT (  '', '', ( #3244 ) ) ;
#4401 = DIRECTION ( 'NONE',  ( -0.9805806756909207800, 0.0000000000000000000, -0.1961161351381809400 ) ) ;
#4402 = DIRECTION ( 'NONE',  ( -0.0000000000000000000, -1.000000000000000000, -0.0000000000000000000 ) ) ;
#4403 = CARTESIAN_POINT ( 'NONE',  ( -2.339999999999999900, 3.100000000000000100, 0.09999999999999947800 ) ) ;
#4404 = VERTEX_POINT ( 'NONE', #11212 ) ;
#4405 = VERTEX_POINT ( 'NONE', #5055 ) ;
#4406 = FILL_AREA_STYLE ('',( #7919 ) ) ;
#4407 = CARTESIAN_POINT ( 'NONE',  ( -3.999999999999999100, 2.600000000000000100, 4.699999999999995700 ) ) ;
#4408 = UNCERTAINTY_MEASURE_WITH_UNIT (LENGTH_MEASURE( 1.000000000000000100E-005 ), #5846, 'distance_accuracy_value', 'NONE');
#4409 = AXIS2_PLACEMENT_3D ( 'NONE', #934, #1861, #8008 ) ;
#4410 = ORIENTED_EDGE ( 'NONE', *, *, #9472, .F. ) ;
#4411 = ORIENTED_EDGE ( 'NONE', *, *, #1709, .T. ) ;
#4412 = LINE ( 'NONE', #3861, #5952 ) ;
#4413 = ORIENTED_EDGE ( 'NONE', *, *, #6033, .T. ) ;
#4414 = CARTESIAN_POINT ( 'NONE',  ( -5.700000000000001100, 1.100000000000000100, -5.421010862427522200E-017 ) ) ;
#4415 = LINE ( 'NONE', #9794, #6510 ) ;
#4416 = MECHANICAL_DESIGN_GEOMETRIC_PRESENTATION_REPRESENTATION (  '', ( #2656 ), #5016 ) ;
#4417 =( NAMED_UNIT ( * ) SI_UNIT ( $, .STERADIAN. ) SOLID_ANGLE_UNIT ( ) );
#4418 = ORIENTED_EDGE ( 'NONE', *, *, #5814, .T. ) ;
#4419 = ORIENTED_EDGE ( 'NONE', *, *, #2781, .T. ) ;
#4420 = CARTESIAN_POINT ( 'NONE',  ( 4.220000000000000600, 1.200000000000000000, 1.529999999999999800 ) ) ;
#4421 = PLANE ( 'NONE',  #7521 ) ;
#4422 = VECTOR ( 'NONE', #6694, 1000.000000000000000 ) ;
#4423 = VECTOR ( 'NONE', #7473, 1000.000000000000000 ) ;
#4424 =( NAMED_UNIT ( * ) PLANE_ANGLE_UNIT ( ) SI_UNIT ( $, .RADIAN. ) );
#4425 = PRESENTATION_LAYER_ASSIGNMENT (  '', '', ( #3270 ) ) ;
#4427 = ORIENTED_EDGE ( 'NONE', *, *, #5127, .F. ) ;
#4426 = ADVANCED_FACE ( 'NONE', ( #3608 ), #9444, .T. ) ;
#4428 = VECTOR ( 'NONE', #9827, 1000.000000000000000 ) ;
#4429 = PLANE ( 'NONE',  #3252 ) ;
#4430 = DIRECTION ( 'NONE',  ( 0.0000000000000000000, 2.032879073410321300E-016, -1.000000000000000000 ) ) ;
#4431 = DIRECTION ( 'NONE',  ( 0.0000000000000000000, 0.0000000000000000000, -1.000000000000000000 ) ) ;
#4432 = COLOUR_RGB ( '',0.8000000000000000400, 0.8078431372549019800, 0.8000000000000000400 ) ;
#4433 = UNCERTAINTY_MEASURE_WITH_UNIT (LENGTH_MEASURE( 1.000000000000000100E-005 ), #6893, 'distance_accuracy_value', 'NONE');
#4434 = VECTOR ( 'NONE', #1920, 1000.000000000000000 ) ;
#4435 = VERTEX_POINT ( 'NONE', #619 ) ;
#4436 = CARTESIAN_POINT ( 'NONE',  ( -1.409999999999999900, 0.4249999999999998200, 3.999999999999993300 ) ) ;
#4437 = LINE ( 'NONE', #3719, #11485 ) ;
#4438 = EDGE_LOOP ( 'NONE', ( #10769, #1330, #1319, #114 ) ) ;
#4439 = ORIENTED_EDGE ( 'NONE', *, *, #2153, .F. ) ;
#4440 = COLOUR_RGB ( '',0.8000000000000000400, 0.8078431372549019800, 0.8000000000000000400 ) ;
#4441 = PLANE ( 'NONE',  #11225 ) ;
#4442 = CARTESIAN_POINT ( 'NONE',  ( 4.524000000000000900, -1.100000000000000100, 1.226000000000000000 ) ) ;
#4443 = LINE ( 'NONE', #6879, #1827 ) ;
#4444 = DIRECTION ( 'NONE',  ( 3.051828337366604500E-016, 0.0000000000000000000, 1.000000000000000000 ) ) ;
#4445 = LINE ( 'NONE', #6018, #4179 ) ;
#4446 = EDGE_CURVE ( 'NONE', #2730, #1698, #7448, .T. ) ;
#4447 = FILL_AREA_STYLE_COLOUR ( '', #9491 ) ;
#4448 = LINE ( 'NONE', #353, #11206 ) ;
#4449 = FACE_OUTER_BOUND ( 'NONE', #5892, .T. ) ;
#4450 = EDGE_CURVE ( 'NONE', #1635, #3214, #5112, .T. ) ;
#4451 = CARTESIAN_POINT ( 'NONE',  ( -3.500000000000001300, -1.100000000000000100, 0.2999999999999998200 ) ) ;
#4452 =( NAMED_UNIT ( * ) PLANE_ANGLE_UNIT ( ) SI_UNIT ( $, .RADIAN. ) );
#4453 = LINE ( 'NONE', #3295, #2105 ) ;
#4454 = ORIENTED_EDGE ( 'NONE', *, *, #11458, .F. ) ;
#4455 = ORIENTED_EDGE ( 'NONE', *, *, #6914, .F. ) ;
#4456 = UNCERTAINTY_MEASURE_WITH_UNIT (LENGTH_MEASURE( 1.000000000000000100E-005 ), #52, 'distance_accuracy_value', 'NONE');
#4457 = SURFACE_STYLE_FILL_AREA ( #4180 ) ;
#4458 = DIRECTION ( 'NONE',  ( 0.0000000000000000000, -1.000000000000000000, 0.0000000000000000000 ) ) ;
#4459 = DIRECTION ( 'NONE',  ( 0.0000000000000000000, 0.0000000000000000000, 1.000000000000000000 ) ) ;
#4460 = SURFACE_SIDE_STYLE ('',( #12 ) ) ;
#4461 = EDGE_CURVE ( 'NONE', #3959, #6934, #7228, .T. ) ;
#4462 = VERTEX_POINT ( 'NONE', #4247 ) ;
#4463 = ORIENTED_EDGE ( 'NONE', *, *, #9255, .F. ) ;
#4464 = ORIENTED_EDGE ( 'NONE', *, *, #4321, .T. ) ;
#4465 = EDGE_CURVE ( 'NONE', #6814, #1731, #148, .T. ) ;
#4466 = VECTOR ( 'NONE', #6067, 1000.000000000000000 ) ;
#4467 = EDGE_CURVE ( 'NONE', #4606, #2107, #2566, .T. ) ;
#4468 = LINE ( 'NONE', #26, #2124 ) ;
#4469 = CARTESIAN_POINT ( 'NONE',  ( 5.020000000000001400, -0.8799999999999969000, 1.529999999999999800 ) ) ;
#4470 = VECTOR ( 'NONE', #2702, 1000.000000000000000 ) ;
#4471 = CARTESIAN_POINT ( 'NONE',  ( -5.020000000000001400, 1.100000000000000100, 1.276000000000000000 ) ) ;
#4472 = LINE ( 'NONE', #10861, #2127 ) ;
#4473 = PRESENTATION_LAYER_ASSIGNMENT (  '', '', ( #3299 ) ) ;
#4474 = CARTESIAN_POINT ( 'NONE',  ( -4.524000000000000900, 1.100000000000000100, 0.3039999999999999400 ) ) ;
#4475 = ORIENTED_EDGE ( 'NONE', *, *, #11480, .F. ) ;
#4476 = ORIENTED_EDGE ( 'NONE', *, *, #668, .F. ) ;
#4477 = ORIENTED_EDGE ( 'NONE', *, *, #3155, .F. ) ;
#4478 = LINE ( 'NONE', #11254, #9163 ) ;
#4479 = FILL_AREA_STYLE_COLOUR ( '', #683 ) ;
#4480 = LINE ( 'NONE', #7080, #8894 ) ;
#4481 = DIRECTION ( 'NONE',  ( 0.0000000000000000000, 0.0000000000000000000, 1.000000000000000000 ) ) ;
#4482 = MECHANICAL_DESIGN_GEOMETRIC_PRESENTATION_REPRESENTATION (  '', ( #3308 ), #5083 ) ;
#4483 = DIRECTION ( 'NONE',  ( 0.0000000000000000000, -0.0000000000000000000, 1.000000000000000000 ) ) ;
#4484 = EDGE_CURVE ( 'NONE', #9584, #7304, #11380, .T. ) ;
#4485 = DIRECTION ( 'NONE',  ( 0.0000000000000000000, 0.0000000000000000000, -1.000000000000000000 ) ) ;
#4486 = EDGE_LOOP ( 'NONE', ( #7854, #93, #7810, #8708 ) ) ;
#4487 = DIRECTION ( 'NONE',  ( 0.0000000000000000000, 0.0000000000000000000, -1.000000000000000000 ) ) ;
#4488 = VERTEX_POINT ( 'NONE', #7786 ) ;
#4489 = VECTOR ( 'NONE', #10650, 999.9999999999998900 ) ;
#4490 =( NAMED_UNIT ( * ) PLANE_ANGLE_UNIT ( ) SI_UNIT ( $, .RADIAN. ) );
#4491 = ORIENTED_EDGE ( 'NONE', *, *, #10981, .T. ) ;
#4492 = AXIS2_PLACEMENT_3D ( 'NONE', #9693, #4402, #10592 ) ;
#4493 = LINE ( 'NONE', #2380, #33 ) ;
#4494 = PRESENTATION_LAYER_ASSIGNMENT (  '', '', ( #3320 ) ) ;
#4495 = AXIS2_PLACEMENT_3D ( 'NONE', #7981, #9776, #4485 ) ;
#4496 = CARTESIAN_POINT ( 'NONE',  ( -1.409999999999999900, -0.6250000000000003300, 0.6499999999999964700 ) ) ;
#4497 = FILL_AREA_STYLE ('',( #1843 ) ) ;
#4498 = VERTEX_POINT ( 'NONE', #8661 ) ;
#4499 = CARTESIAN_POINT ( 'NONE',  ( -4.474000000000000200, 1.200000000000000000, 0.2999999999999999900 ) ) ;
#4500 = DIRECTION ( 'NONE',  ( -1.000000000000000000, 6.776263578034385000E-016, -0.0000000000000000000 ) ) ;
#4501 = PRESENTATION_LAYER_ASSIGNMENT (  '', '', ( #3329 ) ) ;
#4502 = CARTESIAN_POINT ( 'NONE',  ( 1.409999999999999700, -0.3750000000000001100, 0.6499999999999975800 ) ) ;
#4503 = UNCERTAINTY_MEASURE_WITH_UNIT (LENGTH_MEASURE( 1.000000000000000100E-005 ), #9490, 'distance_accuracy_value', 'NONE');
#4504 = DIRECTION ( 'NONE',  ( 0.0000000000000000000, -1.126443815569353600E-015, 1.000000000000000000 ) ) ;
#4505 =( GEOMETRIC_REPRESENTATION_CONTEXT ( 3 ) GLOBAL_UNCERTAINTY_ASSIGNED_CONTEXT ( ( #5437 ) ) GLOBAL_UNIT_ASSIGNED_CONTEXT ( ( #6855, #1564, #7731 ) ) REPRESENTATION_CONTEXT ( 'NONE', 'WORKASPACE' ) );
#4506 = VERTEX_POINT ( 'NONE', #4276 ) ;
#4507 = CARTESIAN_POINT ( 'NONE',  ( 3.699999999999995700, -0.6999999999999986200, 4.699999999999997500 ) ) ;
#4508 =( NAMED_UNIT ( * ) SI_UNIT ( $, .STERADIAN. ) SOLID_ANGLE_UNIT ( ) );
#4509 = DIRECTION ( 'NONE',  ( 1.000000000000000000, 0.0000000000000000000, 2.304851557154559200E-017 ) ) ;
#4510 = ORIENTED_EDGE ( 'NONE', *, *, #4831, .T. ) ;
#4511 = LINE ( 'NONE', #1694, #6863 ) ;
#4512 = DIRECTION ( 'NONE',  ( 1.172110456741085800E-016, -1.000000000000000000, 0.0000000000000000000 ) ) ;
#4513 = PRODUCT_CONTEXT ( 'NONE', #37, 'mechanical' ) ;
#4514 = EDGE_CURVE ( 'NONE', #8369, #10153, #2272, .T. ) ;
#4515 = EDGE_CURVE ( 'NONE', #7920, #4349, #4344, .T. ) ;
#4516 = UNCERTAINTY_MEASURE_WITH_UNIT (LENGTH_MEASURE( 1.000000000000000100E-005 ), #6394, 'distance_accuracy_value', 'NONE');
#4517 = CARTESIAN_POINT ( 'NONE',  ( 4.486666666666667200, -0.6133333333333300700, 1.263333333333333200 ) ) ;
#4518 = DIRECTION ( 'NONE',  ( 0.0000000000000000000, -0.7071067811865439100, 0.7071067811865512400 ) ) ;
#4519 = DIRECTION ( 'NONE',  ( -0.7071067811865474600, 0.0000000000000000000, 0.7071067811865474600 ) ) ;
#4520 = SURFACE_SIDE_STYLE ('',( #6065 ) ) ;
#4521 = DIRECTION ( 'NONE',  ( -1.172110456741085800E-016, 1.000000000000000000, -0.0000000000000000000 ) ) ;
#4522 = DIRECTION ( 'NONE',  ( 0.0000000000000000000, -0.7071067811865496800, -0.7071067811865453500 ) ) ;
#4523 = FILL_AREA_STYLE_COLOUR ( '', #674 ) ;
#4524 = DIRECTION ( 'NONE',  ( 0.0000000000000000000, 1.000000000000000000, -1.355252715606881500E-016 ) ) ;
#4525 = PRESENTATION_STYLE_ASSIGNMENT (( #4146 ) ) ;
#4526 = ORIENTED_EDGE ( 'NONE', *, *, #1885, .T. ) ;
#4527 = EDGE_CURVE ( 'NONE', #6334, #9563, #6704, .T. ) ;
#4528 = EDGE_CURVE ( 'NONE', #10660, #2283, #11096, .T. ) ;
#4529 = DIRECTION ( 'NONE',  ( -0.7071067811865460200, 1.277744513902806400E-016, -0.7071067811865490200 ) ) ;
#4530 = EDGE_CURVE ( 'NONE', #727, #11112, #4073, .T. ) ;
#4531 = VERTEX_POINT ( 'NONE', #2554 ) ;
#4532 = DIRECTION ( 'NONE',  ( -0.0000000000000000000, 0.7071067811865513500, 0.7071067811865438000 ) ) ;
#4533 = CARTESIAN_POINT ( 'NONE',  ( 5.200000000000004600, 1.399999999999998600, 2.200000000000000200 ) ) ;
#4534 = ORIENTED_EDGE ( 'NONE', *, *, #1031, .T. ) ;
#4535 = DIRECTION ( 'NONE',  ( 0.7071067811865493500, 0.0000000000000000000, 0.7071067811865456900 ) ) ;
#4536 = ORIENTED_EDGE ( 'NONE', *, *, #11084, .T. ) ;
#4537 =( NAMED_UNIT ( * ) PLANE_ANGLE_UNIT ( ) SI_UNIT ( $, .RADIAN. ) );
#4538 = DIRECTION ( 'NONE',  ( 2.168404344971008900E-016, 0.0000000000000000000, -1.000000000000000000 ) ) ;
#4539 = EDGE_CURVE ( 'NONE', #3339, #2342, #10833, .T. ) ;
#4540 = ORIENTED_EDGE ( 'NONE', *, *, #288, .F. ) ;
#4541 = LINE ( 'NONE', #4021, #6642 ) ;
#4542 = VERTEX_POINT ( 'NONE', #11373 ) ;
#4543 = AXIS2_PLACEMENT_3D ( 'NONE', #6149, #800, #6999 ) ;
#4544 = DIRECTION ( 'NONE',  ( 1.000000000000000000, 0.0000000000000000000, 0.0000000000000000000 ) ) ;
#4545 = PRESENTATION_LAYER_ASSIGNMENT (  '', '', ( #3397 ) ) ;
#4546 = DIRECTION ( 'NONE',  ( -1.000000000000000000, 0.0000000000000000000, -2.304851557154559200E-017 ) ) ;
#4547 = FACE_OUTER_BOUND ( 'NONE', #74, .T. ) ;
#4548 = COLOUR_RGB ( '',0.8000000000000000400, 0.8078431372549019800, 0.8000000000000000400 ) ;
#4549 = CARTESIAN_POINT ( 'NONE',  ( 2.660000000000000100, -0.6250000000000003300, 0.6499999999999964700 ) ) ;
#4550 = DIRECTION ( 'NONE',  ( 1.000000000000000000, 0.0000000000000000000, 0.0000000000000000000 ) ) ;
#4551 = ORIENTED_EDGE ( 'NONE', *, *, #7131, .F. ) ;
#4552 = SURFACE_STYLE_USAGE ( .BOTH. , #9857 ) ;
#4553 = VECTOR ( 'NONE', #8680, 1000.000000000000000 ) ;
#4554 = ORIENTED_EDGE ( 'NONE', *, *, #9391, .T. ) ;
#4555 = LINE ( 'NONE', #2431, #4014 ) ;
#4556 = AXIS2_PLACEMENT_3D ( 'NONE', #8693, #3437, #9602 ) ;
#4557 = EDGE_LOOP ( 'NONE', ( #10629, #4761, #6226, #1866 ) ) ;
#4558 = AXIS2_PLACEMENT_3D ( 'NONE', #4728, #6516, #1189 ) ;
#4559 = UNCERTAINTY_MEASURE_WITH_UNIT (LENGTH_MEASURE( 1.000000000000000100E-005 ), #578, 'distance_accuracy_value', 'NONE');
#4560 = SURFACE_STYLE_FILL_AREA ( #2999 ) ;
#4561 = COLOUR_RGB ( '',0.8000000000000000400, 0.8078431372549019800, 0.8000000000000000400 ) ;
#4562 = ADVANCED_FACE ( 'NONE', ( #1426 ), #10481, .T. ) ;
#4563 = STYLED_ITEM ( 'NONE', ( #9200 ), #9956 ) ;
#4564 = CARTESIAN_POINT ( 'NONE',  ( 0.1599999999999999800, -0.6250000000000003300, 0.2999999999999964900 ) ) ;
#4565 = LINE ( 'NONE', #4812, #1672 ) ;
#4566 = ORIENTED_EDGE ( 'NONE', *, *, #8381, .T. ) ;
#4567 = DIRECTION ( 'NONE',  ( 2.990902544787597600E-016, 0.0000000000000000000, 1.000000000000000000 ) ) ;
#4568 = ORIENTED_EDGE ( 'NONE', *, *, #7101, .F. ) ;
#4569 = LINE ( 'NONE', #4414, #6922 ) ;
#4570 = DIRECTION ( 'NONE',  ( 0.0000000000000000000, -1.355252715606881500E-016, -1.000000000000000000 ) ) ;
#4571 =( GEOMETRIC_REPRESENTATION_CONTEXT ( 3 ) GLOBAL_UNCERTAINTY_ASSIGNED_CONTEXT ( ( #585 ) ) GLOBAL_UNIT_ASSIGNED_CONTEXT ( ( #11192, #11019, #10982 ) ) REPRESENTATION_CONTEXT ( 'NONE', 'WORKASPACE' ) );
#4572 = VECTOR ( 'NONE', #7954, 1000.000000000000000 ) ;
#4573 = LINE ( 'NONE', #5372, #9263 ) ;
#4574 = EDGE_CURVE ( 'NONE', #7176, #6418, #3792, .T. ) ;
#4575 = COLOUR_RGB ( '',0.8000000000000000400, 0.8078431372549019800, 0.8000000000000000400 ) ;
#4576 = CARTESIAN_POINT ( 'NONE',  ( -3.699999999999999300, 0.09999999999999982500, 1.749999999999996400 ) ) ;
#4577 = CARTESIAN_POINT ( 'NONE',  ( -4.220000000000000600, 1.100000000000000100, 1.226000000000000000 ) ) ;
#4578 = SURFACE_STYLE_FILL_AREA ( #6507 ) ;
#4579 = VECTOR ( 'NONE', #11445, 1000.000000000000000 ) ;
#4580 = DIRECTION ( 'NONE',  ( -0.7071067811865490200, 0.0000000000000000000, 0.7071067811865460200 ) ) ;
#4581 = ORIENTED_EDGE ( 'NONE', *, *, #4163, .F. ) ;
#4582 = ORIENTED_EDGE ( 'NONE', *, *, #96, .T. ) ;
#4583 = VERTEX_POINT ( 'NONE', #6152 ) ;
#4584 = CARTESIAN_POINT ( 'NONE',  ( -0.4250000000000000400, -1.100000000000000300, 0.6499999999999982500 ) ) ;
#4585 = VECTOR ( 'NONE', #1175, 1000.000000000000000 ) ;
#4586 = DIRECTION ( 'NONE',  ( 1.000000000000000000, 0.0000000000000000000, 0.0000000000000000000 ) ) ;
#4587 = COLOUR_RGB ( '',0.8000000000000000400, 0.8078431372549019800, 0.8000000000000000400 ) ;
#4588 = LINE ( 'NONE', #1052, #4883 ) ;
#4589 = DIRECTION ( 'NONE',  ( 0.0000000000000000000, 1.000000000000000000, 0.0000000000000000000 ) ) ;
#4590 = LINE ( 'NONE', #2199, #6945 ) ;
#4591 = ORIENTED_EDGE ( 'NONE', *, *, #10023, .T. ) ;
#4592 = ORIENTED_EDGE ( 'NONE', *, *, #1737, .F. ) ;
#4593 = VECTOR ( 'NONE', #9369, 1000.000000000000000 ) ;
#4594 = VECTOR ( 'NONE', #10091, 1000.000000000000000 ) ;
#4595 = EDGE_CURVE ( 'NONE', #10938, #9372, #8189, .T. ) ;
#4596 = CARTESIAN_POINT ( 'NONE',  ( 2.339999999999999900, 0.0000000000000000000, 3.499999999999983100 ) ) ;
#4597 = COLOUR_RGB ( '',0.8000000000000000400, 0.8078431372549019800, 0.8000000000000000400 ) ;
#4598 = EDGE_CURVE ( 'NONE', #793, #4132, #10560, .T. ) ;
#4599 =( LENGTH_UNIT ( ) NAMED_UNIT ( * ) SI_UNIT ( .MILLI., .METRE. ) );
#4600 = CARTESIAN_POINT ( 'NONE',  ( 5.500000000000001800, -1.100000000000000100, 0.7999999999999977100 ) ) ;
#4601 = LINE ( 'NONE', #4675, #6956 ) ;
#4602 = DIRECTION ( 'NONE',  ( 0.0000000000000000000, -0.7071067811865511300, -0.7071067811865440200 ) ) ;
#4603 = DIRECTION ( 'NONE',  ( 0.0000000000000000000, -4.336808689942014600E-015, 1.000000000000000000 ) ) ;
#4604 = COLOUR_RGB ( '',0.8000000000000000400, 0.8078431372549019800, 0.8000000000000000400 ) ;
#4605 = ORIENTED_EDGE ( 'NONE', *, *, #9343, .F. ) ;
#4606 = VERTEX_POINT ( 'NONE', #7888 ) ;
#4607 = ORIENTED_EDGE ( 'NONE', *, *, #6477, .F. ) ;
#4608 = FILL_AREA_STYLE_COLOUR ( '', #4723 ) ;
#4609 = VERTEX_POINT ( 'NONE', #8778 ) ;
#4610 = VECTOR ( 'NONE', #701, 1000.000000000000000 ) ;
#4611 = SURFACE_STYLE_USAGE ( .BOTH. , #9898 ) ;
#4612 = EDGE_CURVE ( 'NONE', #5020, #8435, #5876, .T. ) ;
#4613 = PLANE ( 'NONE',  #6356 ) ;
#4614 = PLANE ( 'NONE',  #11430 ) ;
#4615 = EDGE_CURVE ( 'NONE', #2174, #150, #5579, .T. ) ;
#4616 = VERTEX_POINT ( 'NONE', #9669 ) ;
#4617 = ORIENTED_EDGE ( 'NONE', *, *, #9253, .F. ) ;
#4618 =( NAMED_UNIT ( * ) PLANE_ANGLE_UNIT ( ) SI_UNIT ( $, .RADIAN. ) );
#4619 = LINE ( 'NONE', #5165, #9021 ) ;
#4620 = SURFACE_STYLE_USAGE ( .BOTH. , #4653 ) ;
#4621 = PRESENTATION_LAYER_ASSIGNMENT (  '', '', ( #3454 ) ) ;
#4622 = FILL_AREA_STYLE ('',( #2862 ) ) ;
#4623 =( NAMED_UNIT ( * ) PLANE_ANGLE_UNIT ( ) SI_UNIT ( $, .RADIAN. ) );
#4624 = ADVANCED_FACE ( 'NONE', ( #1141 ), #1759, .T. ) ;
#4625 = ORIENTED_EDGE ( 'NONE', *, *, #940, .T. ) ;
#4626 = ORIENTED_EDGE ( 'NONE', *, *, #2750, .T. ) ;
#4627 = VECTOR ( 'NONE', #10459, 1000.000000000000000 ) ;
#4628 = SURFACE_SIDE_STYLE ('',( #8581 ) ) ;
#4629 = STYLED_ITEM ( 'NONE', ( #6720 ), #10339 ) ;
#4630 = CARTESIAN_POINT ( 'NONE',  ( 2.128248708952992500E-017, 0.0000000000000000000, 0.04999999999999867100 ) ) ;
#4631 = DIRECTION ( 'NONE',  ( 0.0000000000000000000, 1.000000000000000000, 0.0000000000000000000 ) ) ;
#4632 = SURFACE_SIDE_STYLE ('',( #10866 ) ) ;
#4633 = CARTESIAN_POINT ( 'NONE',  ( 3.500000000000000900, 1.700000000000000000, 0.04999999999999763700 ) ) ;
#4634 =( NAMED_UNIT ( * ) SI_UNIT ( $, .STERADIAN. ) SOLID_ANGLE_UNIT ( ) );
#4635 = CARTESIAN_POINT ( 'NONE',  ( 4.220000000000000600, 1.100000000000000100, 1.226000000000000000 ) ) ;
#4636 = DIRECTION ( 'NONE',  ( 1.000000000000000000, 0.0000000000000000000, 0.0000000000000000000 ) ) ;
#4637 = ORIENTED_EDGE ( 'NONE', *, *, #2726, .T. ) ;
#4638 = PRESENTATION_LAYER_ASSIGNMENT (  '', '', ( #3472 ) ) ;
#4640 = FILL_AREA_STYLE_COLOUR ( '', #5028 ) ;
#4639 = MECHANICAL_DESIGN_GEOMETRIC_PRESENTATION_REPRESENTATION (  '', ( #2874 ), #5234 ) ;
#4641 = AXIS2_PLACEMENT_3D ( 'NONE', #1627, #3423, #9580 ) ;
#4642 = DIRECTION ( 'NONE',  ( -1.000000000000000000, -0.0000000000000000000, -0.0000000000000000000 ) ) ;
#4643 = CARTESIAN_POINT ( 'NONE',  ( -4.524000000000000900, 1.100000000000000100, 1.226000000000000000 ) ) ;
#4644 = VECTOR ( 'NONE', #8042, 1000.000000000000000 ) ;
#4645 = SURFACE_STYLE_USAGE ( .BOTH. , #4727 ) ;
#4646 = FILL_AREA_STYLE_COLOUR ( '', #1242 ) ;
#4647 = UNCERTAINTY_MEASURE_WITH_UNIT (LENGTH_MEASURE( 1.000000000000000100E-005 ), #10520, 'distance_accuracy_value', 'NONE');
#4648 = AXIS2_PLACEMENT_3D ( 'NONE', #6978, #9638, #4357 ) ;
#4649 = CARTESIAN_POINT ( 'NONE',  ( -0.1599999999999999800, -0.6250000000000003300, 0.6499999999999964700 ) ) ;
#4650 = DIRECTION ( 'NONE',  ( 1.000000000000000000, 0.0000000000000000000, -3.049318610115480700E-016 ) ) ;
#4651 = STYLED_ITEM ( 'NONE', ( #3790 ), #7089 ) ;
#4652 = CARTESIAN_POINT ( 'NONE',  ( -0.1599999999999999800, -0.1500000000000003000, 0.1799999999999965800 ) ) ;
#4653 = SURFACE_SIDE_STYLE ('',( #1943 ) ) ;
#4654 = DIRECTION ( 'NONE',  ( -1.000000000000000000, -0.0000000000000000000, -0.0000000000000000000 ) ) ;
#4655 = ORIENTED_EDGE ( 'NONE', *, *, #5052, .F. ) ;
#4656 = CARTESIAN_POINT ( 'NONE',  ( 0.8249999999999992900, 2.600000000000000100, 0.6499999999999980200 ) ) ;
#4657 = VERTEX_POINT ( 'NONE', #891 ) ;
#4658 =( NAMED_UNIT ( * ) SI_UNIT ( $, .STERADIAN. ) SOLID_ANGLE_UNIT ( ) );
#4659 = LINE ( 'NONE', #730, #9061 ) ;
#4660 = EDGE_LOOP ( 'NONE', ( #512, #4887, #8675, #1223 ) ) ;
#4661 =( NAMED_UNIT ( * ) PLANE_ANGLE_UNIT ( ) SI_UNIT ( $, .RADIAN. ) );
#4662 = EDGE_CURVE ( 'NONE', #1731, #3134, #2405, .T. ) ;
#4663 = DIRECTION ( 'NONE',  ( -1.172110456741085800E-016, 1.000000000000000000, -0.0000000000000000000 ) ) ;
#4664 = ADVANCED_FACE ( 'NONE', ( #6819 ), #7078, .T. ) ;
#4665 = CARTESIAN_POINT ( 'NONE',  ( 4.200000000000000200, 1.700000000000000000, 2.200000000000000200 ) ) ;
#4666 = ORIENTED_EDGE ( 'NONE', *, *, #2331, .F. ) ;
#4667 = VECTOR ( 'NONE', #62, 1000.000000000000100 ) ;
#4668 =( NAMED_UNIT ( * ) SI_UNIT ( $, .STERADIAN. ) SOLID_ANGLE_UNIT ( ) );
#4669 = CARTESIAN_POINT ( 'NONE',  ( 2.924999999999999800, 2.600000000000000100, 0.2999999999999977700 ) ) ;
#4670 = ORIENTED_EDGE ( 'NONE', *, *, #9933, .T. ) ;
#4671 = DIRECTION ( 'NONE',  ( 0.0000000000000000000, -1.000000000000000000, 1.355252715606881500E-016 ) ) ;
#4672 = CARTESIAN_POINT ( 'NONE',  ( 0.1599999999999999800, 0.4249999999999998200, 3.999999999999993300 ) ) ;
#4673 = CARTESIAN_POINT ( 'NONE',  ( 2.025000000000001700, -1.100000000000000100, 4.699999999999995700 ) ) ;
#4674 = DIRECTION ( 'NONE',  ( 0.0000000000000000000, 0.0000000000000000000, 1.000000000000000000 ) ) ;
#4675 = CARTESIAN_POINT ( 'NONE',  ( -1.324999999999999500, 2.123118842698621800, 3.249999999999996000 ) ) ;
#4676 = EDGE_CURVE ( 'NONE', #5172, #294, #6015, .T. ) ;
#4677 = EDGE_CURVE ( 'NONE', #11027, #6790, #1276, .T. ) ;
#4678 = ADVANCED_FACE ( 'NONE', ( #3386 ), #5386, .T. ) ;
#4679 = EDGE_LOOP ( 'NONE', ( #6475, #6716, #9448, #11456, #2062, #1545, #1783, #2968, #2147, #11026, #5186, #10907, #814, #1286, #3007, #6632, #6463, #6073 ) ) ;
#4680 = COLOUR_RGB ( '',0.8000000000000000400, 0.8078431372549019800, 0.8000000000000000400 ) ;
#4681 = DIRECTION ( 'NONE',  ( 0.0000000000000000000, -1.000000000000000000, -4.336808689942014600E-015 ) ) ;
#4682 = EDGE_CURVE ( 'NONE', #8462, #8554, #2551, .T. ) ;
#4683 = ORIENTED_EDGE ( 'NONE', *, *, #5501, .T. ) ;
#4684 = CARTESIAN_POINT ( 'NONE',  ( -2.424999999999999800, -1.100000000000000100, 2.099999999999996100 ) ) ;
#4685 = ORIENTED_EDGE ( 'NONE', *, *, #3811, .T. ) ;
#4686 = ORIENTED_EDGE ( 'NONE', *, *, #5392, .F. ) ;
#4687 = ORIENTED_EDGE ( 'NONE', *, *, #6896, .F. ) ;
#4688 = CARTESIAN_POINT ( 'NONE',  ( 1.409999999999999700, 2.999999999999999600, -1.761828530288944700E-016 ) ) ;
#4689 = CARTESIAN_POINT ( 'NONE',  ( 5.000000000000000900, -1.100000000000000100, 0.2999999999999999300 ) ) ;
#4690 = FACE_OUTER_BOUND ( 'NONE', #221, .T. ) ;
#4691 = PRESENTATION_LAYER_ASSIGNMENT (  '', '', ( #4111 ) ) ;
#4692 = ORIENTED_EDGE ( 'NONE', *, *, #6896, .T. ) ;
#4693 = DIRECTION ( 'NONE',  ( 0.0000000000000000000, -1.000000000000000000, 0.0000000000000000000 ) ) ;
#4694 = EDGE_LOOP ( 'NONE', ( #5822, #9079, #5396, #9285 ) ) ;
#4695 = LINE ( 'NONE', #8469, #9095 ) ;
#4696 = DIRECTION ( 'NONE',  ( 0.0000000000000000000, -1.204669080539448900E-016, -1.000000000000000000 ) ) ;
#4697 = FILL_AREA_STYLE ('',( #5720 ) ) ;
#4698 = UNCERTAINTY_MEASURE_WITH_UNIT (LENGTH_MEASURE( 1.000000000000000100E-005 ), #3957, 'distance_accuracy_value', 'NONE');
#4699 = CARTESIAN_POINT ( 'NONE',  ( -0.1599999999999999800, 0.0000000000000000000, 0.0000000000000000000 ) ) ;
#4700 = UNCERTAINTY_MEASURE_WITH_UNIT (LENGTH_MEASURE( 1.000000000000000100E-005 ), #8087, 'distance_accuracy_value', 'NONE');
#4701 = CARTESIAN_POINT ( 'NONE',  ( 2.339999999999999900, 0.4249999999999998200, 0.6499999999999975800 ) ) ;
#4702 = AXIS2_PLACEMENT_3D ( 'NONE', #3619, #9778, #4487 ) ;
#4703 = CARTESIAN_POINT ( 'NONE',  ( 1.310000000000000100, 0.3499999999999997000, 3.999999999999993300 ) ) ;
#4704 = EDGE_CURVE ( 'NONE', #4268, #3866, #9578, .T. ) ;
#4705 = PRESENTATION_STYLE_ASSIGNMENT (( #336 ) ) ;
#4706 = LINE ( 'NONE', #6622, #9100 ) ;
#4707 = EDGE_LOOP ( 'NONE', ( #8627, #6128, #9008, #882 ) ) ;
#4708 = ORIENTED_EDGE ( 'NONE', *, *, #2625, .T. ) ;
#4709 = PRESENTATION_LAYER_ASSIGNMENT (  '', '', ( #3553 ) ) ;
#4710 = SURFACE_STYLE_USAGE ( .BOTH. , #10008 ) ;
#4711 = AXIS2_PLACEMENT_3D ( 'NONE', #607, #2457, #2418 ) ;
#4712 =( GEOMETRIC_REPRESENTATION_CONTEXT ( 3 ) GLOBAL_UNCERTAINTY_ASSIGNED_CONTEXT ( ( #8075 ) ) GLOBAL_UNIT_ASSIGNED_CONTEXT ( ( #5039, #11188, #5932 ) ) REPRESENTATION_CONTEXT ( 'NONE', 'WORKASPACE' ) );
#4713 = SURFACE_STYLE_FILL_AREA ( #5612 ) ;
#4714 = FILL_AREA_STYLE_COLOUR ( '', #2361 ) ;
#4715 = DIRECTION ( 'NONE',  ( 0.0000000000000000000, 2.032879073410321300E-016, -1.000000000000000000 ) ) ;
#4716 = CARTESIAN_POINT ( 'NONE',  ( 5.700000000000001100, 0.9000000000000003600, -1.084202172485504400E-016 ) ) ;
#4717 = LINE ( 'NONE', #5764, #4996 ) ;
#4718 = DIRECTION ( 'NONE',  ( 0.0000000000000000000, -1.000000000000000000, 0.0000000000000000000 ) ) ;
#4719 = CARTESIAN_POINT ( 'NONE',  ( -4.524000000000000900, 1.100000000000000100, 1.530000000000000000 ) ) ;
#4720 = LINE ( 'NONE', #60, #2371 ) ;
#4721 = STYLED_ITEM ( 'NONE', ( #298 ), #11324 ) ;
#4722 = ORIENTED_EDGE ( 'NONE', *, *, #4363, .T. ) ;
#4723 = COLOUR_RGB ( '',0.8000000000000000400, 0.8078431372549019800, 0.8000000000000000400 ) ;
#4724 = DIRECTION ( 'NONE',  ( -1.000000000000000000, 0.0000000000000000000, 0.0000000000000000000 ) ) ;
#4725 = EDGE_LOOP ( 'NONE', ( #10733, #8539, #1573, #6156 ) ) ;
#4726 = ORIENTED_EDGE ( 'NONE', *, *, #5214, .T. ) ;
#4727 = SURFACE_SIDE_STYLE ('',( #990 ) ) ;
#4728 = CARTESIAN_POINT ( 'NONE',  ( 5.500000000000001800, 1.700000000000000000, 2.200000000000000200 ) ) ;
#4729 = LINE ( 'NONE', #7654, #2378 ) ;
#4730 = LINE ( 'NONE', #3806, #7063 ) ;
#4731 = LINE ( 'NONE', #4517, #8862 ) ;
#4732 = CARTESIAN_POINT ( 'NONE',  ( -2.339999999999999900, -0.3750000000000005000, 3.499999999999986700 ) ) ;
#4733 = UNCERTAINTY_MEASURE_WITH_UNIT (LENGTH_MEASURE( 1.000000000000000100E-005 ), #594, 'distance_accuracy_value', 'NONE');
#4734 = DIRECTION ( 'NONE',  ( 1.000000000000000000, 0.0000000000000000000, 0.0000000000000000000 ) ) ;
#4735 = ORIENTED_EDGE ( 'NONE', *, *, #8000, .F. ) ;
#4737 = ADVANCED_FACE ( 'NONE', ( #6955 ), #8064, .T. ) ;
#4736 = ORIENTED_EDGE ( 'NONE', *, *, #9903, .T. ) ;
#4738 = FACE_OUTER_BOUND ( 'NONE', #182, .T. ) ;
#4739 = LINE ( 'NONE', #6760, #11501 ) ;
#4740 = EDGE_CURVE ( 'NONE', #3214, #9852, #2260, .T. ) ;
#4741 = CARTESIAN_POINT ( 'NONE',  ( 2.660000000000000100, -0.3750000000000001100, 0.6499999999999975800 ) ) ;
#4742 = VECTOR ( 'NONE', #10903, 1000.000000000000000 ) ;
#4743 = LINE ( 'NONE', #10356, #11505 ) ;
#4744 = EDGE_CURVE ( 'NONE', #9309, #6417, #4893, .T. ) ;
#4745 = DIRECTION ( 'NONE',  ( 0.0000000000000000000, 0.0000000000000000000, -1.000000000000000000 ) ) ;
#4746 = PLANE ( 'NONE',  #10721 ) ;
#4747 = DIRECTION ( 'NONE',  ( 0.0000000000000000000, -0.7071067811865496800, -0.7071067811865453500 ) ) ;
#4748 =( NAMED_UNIT ( * ) PLANE_ANGLE_UNIT ( ) SI_UNIT ( $, .RADIAN. ) );
#4749 = VERTEX_POINT ( 'NONE', #7229 ) ;
#4750 = VERTEX_POINT ( 'NONE', #8091 ) ;
#4751 = ORIENTED_EDGE ( 'NONE', *, *, #5364, .F. ) ;
#4752 = ADVANCED_FACE ( 'NONE', ( #6691 ), #10741, .T. ) ;
#4753 = VECTOR ( 'NONE', #5166, 1000.000000000000000 ) ;
#4754 = VECTOR ( 'NONE', #5426, 1000.000000000000000 ) ;
#4755 = DIRECTION ( 'NONE',  ( 0.0000000000000000000, -1.000000000000000000, -2.032879073410321300E-016 ) ) ;
#4756 = LINE ( 'NONE', #204, #2408 ) ;
#4757 = CARTESIAN_POINT ( 'NONE',  ( 0.06000000000000015700, -0.3750000000000005600, 3.999999999999993300 ) ) ;
#4758 =( NAMED_UNIT ( * ) PLANE_ANGLE_UNIT ( ) SI_UNIT ( $, .RADIAN. ) );
#4759 = FILL_AREA_STYLE_COLOUR ( '', #6139 ) ;
#4760 = EDGE_CURVE ( 'NONE', #11312, #10810, #3516, .T. ) ;
#4761 = ORIENTED_EDGE ( 'NONE', *, *, #883, .F. ) ;
#4762 = EDGE_LOOP ( 'NONE', ( #10838, #8364, #5760, #2329 ) ) ;
#4763 = ORIENTED_EDGE ( 'NONE', *, *, #9861, .F. ) ;
#4764 = PLANE ( 'NONE',  #3691 ) ;
#4765 = EDGE_CURVE ( 'NONE', #5638, #1775, #10544, .T. ) ;
#4766 = PRESENTATION_STYLE_ASSIGNMENT (( #10191 ) ) ;
#4767 = DIRECTION ( 'NONE',  ( 0.0000000000000000000, -1.355252715606881500E-016, -1.000000000000000000 ) ) ;
#4768 = EDGE_CURVE ( 'NONE', #688, #5711, #5864, .T. ) ;
#4769 = VECTOR ( 'NONE', #10309, 1000.000000000000000 ) ;
#4770 = CARTESIAN_POINT ( 'NONE',  ( 2.660000000000000100, -0.6250000000000003300, 0.6499999999999964700 ) ) ;
#4771 = DIRECTION ( 'NONE',  ( 1.000000000000000000, 0.0000000000000000000, 0.0000000000000000000 ) ) ;
#4772 = PLANE ( 'NONE',  #8088 ) ;
#4773 = DIRECTION ( 'NONE',  ( 1.000000000000000000, 0.0000000000000000000, 2.168404344971008900E-016 ) ) ;
#4774 = ORIENTED_EDGE ( 'NONE', *, *, #7351, .T. ) ;
#4775 = ORIENTED_EDGE ( 'NONE', *, *, #184, .F. ) ;
#4776 =( LENGTH_UNIT ( ) NAMED_UNIT ( * ) SI_UNIT ( .MILLI., .METRE. ) );
#4777 = FACE_OUTER_BOUND ( 'NONE', #9083, .T. ) ;
#4778 = LINE ( 'NONE', #9440, #8900 ) ;
#4779 = DIRECTION ( 'NONE',  ( -1.000000000000000000, 0.0000000000000000000, 3.252606517456513300E-016 ) ) ;
#4780 = VERTEX_POINT ( 'NONE', #1114 ) ;
#4781 = DIRECTION ( 'NONE',  ( 0.0000000000000000000, -0.9889363528682980600, -0.1483404529302414000 ) ) ;
#4782 = EDGE_LOOP ( 'NONE', ( #7982, #8, #6147, #3756 ) ) ;
#4783 = EDGE_CURVE ( 'NONE', #1350, #8462, #852, .T. ) ;
#4784 = SURFACE_SIDE_STYLE ('',( #1669 ) ) ;
#4785 = ORIENTED_EDGE ( 'NONE', *, *, #343, .T. ) ;
#4786 = CARTESIAN_POINT ( 'NONE',  ( 2.339999999999999900, 3.100000000000000100, 0.09999999999999947800 ) ) ;
#4787 = COLOUR_RGB ( '',0.8000000000000000400, 0.8078431372549019800, 0.8000000000000000400 ) ;
#4788 = EDGE_LOOP ( 'NONE', ( #3474, #10986, #3341, #1782 ) ) ;
#4789 = AXIS2_PLACEMENT_3D ( 'NONE', #5741, #392, #6626 ) ;
#4790 = AXIS2_PLACEMENT_3D ( 'NONE', #5376, #485, #577 ) ;
#4791 = FILL_AREA_STYLE ('',( #3893 ) ) ;
#4792 = FILL_AREA_STYLE ('',( #11189 ) ) ;
#4793 = ORIENTED_EDGE ( 'NONE', *, *, #9092, .F. ) ;
#4794 = CARTESIAN_POINT ( 'NONE',  ( -1.090000000000000100, 3.000000000000000000, 0.4499999999999998400 ) ) ;
#4795 = AXIS2_PLACEMENT_3D ( 'NONE', #6685, #1352, #7548 ) ;
#4796 = ADVANCED_FACE ( 'NONE', ( #1127 ), #2957, .T. ) ;
#4797 = LINE ( 'NONE', #4324, #9193 ) ;
#4798 = CARTESIAN_POINT ( 'NONE',  ( -1.090000000000000100, 0.4249999999999998200, 0.6499999999999964700 ) ) ;
#4799 = DIRECTION ( 'NONE',  ( 0.0000000000000000000, 0.0000000000000000000, -1.000000000000000000 ) ) ;
#4800 = PLANE ( 'NONE',  #3692 ) ;
#4801 = CARTESIAN_POINT ( 'NONE',  ( -2.024999999999999500, -0.6999999999999988500, 3.249999999999996000 ) ) ;
#4802 = DIRECTION ( 'NONE',  ( 0.0000000000000000000, -0.0000000000000000000, 1.000000000000000000 ) ) ;
#4803 = DIRECTION ( 'NONE',  ( -1.000000000000000000, 6.776263578034385000E-016, -0.0000000000000000000 ) ) ;
#4804 = CARTESIAN_POINT ( 'NONE',  ( -2.339999999999999900, 0.4249999999999998200, 3.999999999999993300 ) ) ;
#4805 =( NAMED_UNIT ( * ) SI_UNIT ( $, .STERADIAN. ) SOLID_ANGLE_UNIT ( ) );
#4806 = AXIS2_PLACEMENT_3D ( 'NONE', #2001, #8157, #2893 ) ;
#4807 = STYLED_ITEM ( 'NONE', ( #7999 ), #6031 ) ;
#4808 = ORIENTED_EDGE ( 'NONE', *, *, #7703, .F. ) ;
#4809 = LINE ( 'NONE', #6279, #8377 ) ;
#4810 = CARTESIAN_POINT ( 'NONE',  ( -1.409999999999999900, 0.2499999999999996700, 0.2999999999999966000 ) ) ;
#4811 = ADVANCED_FACE ( 'NONE', ( #7908 ), #10863, .F. ) ;
#4812 = CARTESIAN_POINT ( 'NONE',  ( -1.724999999999999400, -1.100000000000000100, 3.249999999999996000 ) ) ;
#4813 = EDGE_CURVE ( 'NONE', #1350, #6101, #564, .T. ) ;
#4814 = DIRECTION ( 'NONE',  ( -5.421010862427532000E-016, -1.000000000000000000, -1.175494350822289700E-031 ) ) ;
#4815 = PRESENTATION_LAYER_ASSIGNMENT (  '', '', ( #3640 ) ) ;
#4816 =( NAMED_UNIT ( * ) SI_UNIT ( $, .STERADIAN. ) SOLID_ANGLE_UNIT ( ) );
#4817 = DIRECTION ( 'NONE',  ( -0.0000000000000000000, -0.0000000000000000000, -1.000000000000000000 ) ) ;
#4818 = EDGE_LOOP ( 'NONE', ( #523, #5193, #3743, #5084 ) ) ;
#4819 = LINE ( 'NONE', #1439, #6876 ) ;
#4820 = VERTEX_POINT ( 'NONE', #7345 ) ;
#4821 = DIRECTION ( 'NONE',  ( 0.0000000000000000000, -2.258754526011467700E-016, 1.000000000000000000 ) ) ;
#4822 = EDGE_LOOP ( 'NONE', ( #2561, #4607, #5842, #3258 ) ) ;
#4823 = ORIENTED_EDGE ( 'NONE', *, *, #11425, .T. ) ;
#4824 = CARTESIAN_POINT ( 'NONE',  ( 2.425000000000000700, -0.6999999999999992900, 2.099999999999996100 ) ) ;
#4825 = DIRECTION ( 'NONE',  ( 0.0000000000000000000, -1.000000000000000000, 1.355252715606881500E-016 ) ) ;
#4826 = ORIENTED_EDGE ( 'NONE', *, *, #8143, .F. ) ;
#4827 = PRESENTATION_STYLE_ASSIGNMENT (( #3488 ) ) ;
#4828 = PLANE ( 'NONE',  #2732 ) ;
#4829 = EDGE_CURVE ( 'NONE', #9070, #5409, #3236, .T. ) ;
#4830 = ORIENTED_EDGE ( 'NONE', *, *, #6325, .F. ) ;
#4831 = EDGE_CURVE ( 'NONE', #4435, #10200, #9705, .T. ) ;
#4832 = ORIENTED_EDGE ( 'NONE', *, *, #10836, .T. ) ;
#4833 = CARTESIAN_POINT ( 'NONE',  ( 2.339999999999999900, 2.350000000000003200, 0.6499999999999986900 ) ) ;
#4834 = DIRECTION ( 'NONE',  ( -0.0000000000000000000, 1.000000000000000000, -0.0000000000000000000 ) ) ;
#4835 = DIRECTION ( 'NONE',  ( 0.0000000000000000000, 0.7071067811865440200, -0.7071067811865511300 ) ) ;
#4836 = FILL_AREA_STYLE_COLOUR ( '', #6730 ) ;
#4837 = CARTESIAN_POINT ( 'NONE',  ( -5.087333333333335300, 1.813333333333334400, -0.09333333333333269900 ) ) ;
#4838 =( NAMED_UNIT ( * ) SI_UNIT ( $, .STERADIAN. ) SOLID_ANGLE_UNIT ( ) );
#4839 = FACE_OUTER_BOUND ( 'NONE', #381, .T. ) ;
#4840 = CARTESIAN_POINT ( 'NONE',  ( 1.409999999999999700, -0.6250000000000003300, 0.2999999999999964900 ) ) ;
#4841 = ORIENTED_EDGE ( 'NONE', *, *, #8653, .T. ) ;
#4842 =( LENGTH_UNIT ( ) NAMED_UNIT ( * ) SI_UNIT ( .MILLI., .METRE. ) );
#4843 = EDGE_CURVE ( 'NONE', #1203, #1056, #5014, .T. ) ;
#4844 = ORIENTED_EDGE ( 'NONE', *, *, #4783, .T. ) ;
#4845 = VECTOR ( 'NONE', #4978, 1000.000000000000000 ) ;
#4846 = DIRECTION ( 'NONE',  ( 0.0000000000000000000, 0.0000000000000000000, -1.000000000000000000 ) ) ;
#4847 = EDGE_CURVE ( 'NONE', #1839, #8648, #277, .T. ) ;
#4848 = LINE ( 'NONE', #3025, #9531 ) ;
#4849 = CARTESIAN_POINT ( 'NONE',  ( 2.660000000000000100, 3.100000000000000100, 0.09999999999999947800 ) ) ;
#4850 = LINE ( 'NONE', #1629, #4553 ) ;
#4851 = VERTEX_POINT ( 'NONE', #2102 ) ;
#4852 =( LENGTH_UNIT ( ) NAMED_UNIT ( * ) SI_UNIT ( .MILLI., .METRE. ) );
#4853 = ADVANCED_FACE ( 'NONE', ( #11504 ), #9156, .T. ) ;
#4854 = AXIS2_PLACEMENT_3D ( 'NONE', #7658, #2373, #8530 ) ;
#4855 = STYLED_ITEM ( 'NONE', ( #7616 ), #464 ) ;
#4856 =( NAMED_UNIT ( * ) SI_UNIT ( $, .STERADIAN. ) SOLID_ANGLE_UNIT ( ) );
#4857 = SURFACE_STYLE_FILL_AREA ( #2442 ) ;
#4858 = DIRECTION ( 'NONE',  ( -1.000000000000000000, -0.0000000000000000000, -0.0000000000000000000 ) ) ;
#4859 = LINE ( 'NONE', #2046, #6918 ) ;
#4860 = ORIENTED_EDGE ( 'NONE', *, *, #3346, .F. ) ;
#4861 = VERTEX_POINT ( 'NONE', #6567 ) ;
#4862 = DIRECTION ( 'NONE',  ( 0.0000000000000000000, -1.000000000000000000, 0.0000000000000000000 ) ) ;
#4863 = AXIS2_PLACEMENT_3D ( 'NONE', #9251, #3984, #10169 ) ;
#4864 = PLANE ( 'NONE',  #6957 ) ;
#4865 = LINE ( 'NONE', #885, #9261 ) ;
#4866 = ORIENTED_EDGE ( 'NONE', *, *, #8362, .F. ) ;
#4867 = LINE ( 'NONE', #10620, #6926 ) ;
#4868 = ADVANCED_FACE ( 'NONE', ( #1553 ), #8261, .T. ) ;
#4869 = VECTOR ( 'NONE', #10632, 1000.000000000000000 ) ;
#4870 = PLANE ( 'NONE',  #9442 ) ;
#4871 = LINE ( 'NONE', #9419, #2528 ) ;
#4872 = VECTOR ( 'NONE', #4755, 1000.000000000000000 ) ;
#4873 = LINE ( 'NONE', #9972, #6929 ) ;
#4874 = LINE ( 'NONE', #4384, #4579 ) ;
#4875 = AXIS2_PLACEMENT_3D ( 'NONE', #10976, #324, #1263 ) ;
#4876 = CARTESIAN_POINT ( 'NONE',  ( -0.1599999999999999800, 2.500000000000000000, -1.084202172485504400E-016 ) ) ;
#4877 = STYLED_ITEM ( 'NONE', ( #10517 ), #2130 ) ;
#4878 = AXIS2_PLACEMENT_3D ( 'NONE', #7496, #3111, #9249 ) ;
#4879 = ORIENTED_EDGE ( 'NONE', *, *, #1182, .T. ) ;
#4880 = ORIENTED_EDGE ( 'NONE', *, *, #10844, .F. ) ;
#4881 = FILL_AREA_STYLE ('',( #8370 ) ) ;
#4882 = CARTESIAN_POINT ( 'NONE',  ( 4.474000000000000200, -0.8799999999999969000, 1.276000000000000000 ) ) ;
#4883 = VECTOR ( 'NONE', #1490, 1000.000000000000000 ) ;
#4884 = COLOUR_RGB ( '',0.8000000000000000400, 0.8078431372549019800, 0.8000000000000000400 ) ;
#4885 = PRESENTATION_LAYER_ASSIGNMENT (  '', '', ( #3696 ) ) ;
#4886 = DIRECTION ( 'NONE',  ( 1.000000000000000000, 0.0000000000000000000, -0.0000000000000000000 ) ) ;
#4887 = ORIENTED_EDGE ( 'NONE', *, *, #9777, .T. ) ;
#4888 = ORIENTED_EDGE ( 'NONE', *, *, #4255, .T. ) ;
#4889 = LINE ( 'NONE', #10283, #4593 ) ;
#4890 = CARTESIAN_POINT ( 'NONE',  ( 2.025000000000001700, 3.673118842698620300, 4.699999999999995700 ) ) ;
#4891 = LINE ( 'NONE', #1218, #2816 ) ;
#4892 = CARTESIAN_POINT ( 'NONE',  ( 1.089999999999999900, 0.2499999999999996700, 0.1799999999999966600 ) ) ;
#4893 = LINE ( 'NONE', #4564, #8999 ) ;
#4894 =( LENGTH_UNIT ( ) NAMED_UNIT ( * ) SI_UNIT ( .MILLI., .METRE. ) );
#4895 = ORIENTED_EDGE ( 'NONE', *, *, #8870, .T. ) ;
#4896 = VECTOR ( 'NONE', #1272, 1000.000000000000000 ) ;
#4897 = CARTESIAN_POINT ( 'NONE',  ( -1.090000000000000100, 3.100000000000000100, 0.3499999999999989800 ) ) ;
#4898 = ORIENTED_EDGE ( 'NONE', *, *, #10063, .F. ) ;
#4899 = ORIENTED_EDGE ( 'NONE', *, *, #5201, .F. ) ;
#4900 = VERTEX_POINT ( 'NONE', #368 ) ;
#4901 = SURFACE_STYLE_FILL_AREA ( #5006 ) ;
#4902 = EDGE_CURVE ( 'NONE', #79, #6641, #10679, .T. ) ;
#4903 = CARTESIAN_POINT ( 'NONE',  ( 0.1599999999999999800, -0.3750000000000001100, 0.6499999999999975800 ) ) ;
#4904 = VECTOR ( 'NONE', #656, 1000.000000000000000 ) ;
#4905 = SURFACE_STYLE_FILL_AREA ( #779 ) ;
#4906 =( LENGTH_UNIT ( ) NAMED_UNIT ( * ) SI_UNIT ( .MILLI., .METRE. ) );
#4907 = CARTESIAN_POINT ( 'NONE',  ( 2.660000000000001000, 0.4249999999999998200, 1.749999999999996400 ) ) ;
#4908 = ORIENTED_EDGE ( 'NONE', *, *, #2313, .F. ) ;
#4909 = ORIENTED_EDGE ( 'NONE', *, *, #10310, .T. ) ;
#4910 = VECTOR ( 'NONE', #1037, 1000.000000000000000 ) ;
#4911 = ADVANCED_FACE ( 'NONE', ( #3649 ), #7463, .F. ) ;
#4912 = CARTESIAN_POINT ( 'NONE',  ( -1.090000000000000100, -0.1500000000000003300, 0.2999999999999965500 ) ) ;
#4913 = EDGE_CURVE ( 'NONE', #11214, #2983, #1264, .T. ) ;
#4914 = DIRECTION ( 'NONE',  ( -1.000000000000000000, -0.0000000000000000000, -0.0000000000000000000 ) ) ;
#4915 = DIRECTION ( 'NONE',  ( 0.0000000000000000000, -1.294569758191648900E-016, 1.000000000000000000 ) ) ;
#4916 = EDGE_CURVE ( 'NONE', #1698, #8942, #3911, .T. ) ;
#4917 = CARTESIAN_POINT ( 'NONE',  ( 1.107006802721087800, -0.3537414965986413500, 3.585034013605425100 ) ) ;
#4918 = EDGE_CURVE ( 'NONE', #6403, #2546, #10403, .T. ) ;
#4919 = DIRECTION ( 'NONE',  ( 0.0000000000000000000, 0.0000000000000000000, -1.000000000000000000 ) ) ;
#4920 = VERTEX_POINT ( 'NONE', #10147 ) ;
#4921 = VERTEX_POINT ( 'NONE', #1317 ) ;
#4922 = LINE ( 'NONE', #10386, #9322 ) ;
#4923 = UNCERTAINTY_MEASURE_WITH_UNIT (LENGTH_MEASURE( 1.000000000000000100E-005 ), #2934, 'distance_accuracy_value', 'NONE');
#4924 = CARTESIAN_POINT ( 'NONE',  ( -4.000000000000000900, 2.600000000000000100, 0.2999999999999999900 ) ) ;
#4925 = ADVANCED_FACE ( 'NONE', ( #7772 ), #3123, .T. ) ;
#4926 = FILL_AREA_STYLE ('',( #6709 ) ) ;
#4927 = ORIENTED_EDGE ( 'NONE', *, *, #1184, .F. ) ;
#4928 = DIRECTION ( 'NONE',  ( 0.0000000000000000000, 1.000000000000000000, 0.0000000000000000000 ) ) ;
#4929 = ORIENTED_EDGE ( 'NONE', *, *, #5582, .F. ) ;
#4930 = LINE ( 'NONE', #7126, #176 ) ;
#4931 = EDGE_CURVE ( 'NONE', #3654, #1985, #8316, .T. ) ;
#4932 = DIRECTION ( 'NONE',  ( 0.7071067811865493500, 0.0000000000000000000, -0.7071067811865456900 ) ) ;
#4933 = DIRECTION ( 'NONE',  ( -0.0000000000000000000, -0.7071067811865455700, -0.7071067811865493500 ) ) ;
#4934 = CARTESIAN_POINT ( 'NONE',  ( 4.474000000000001100, 1.100000000000000100, 0.3039999999999999400 ) ) ;
#4935 = MECHANICAL_DESIGN_GEOMETRIC_PRESENTATION_REPRESENTATION (  '', ( #3156 ), #5505 ) ;
#4936 = STYLED_ITEM ( 'NONE', ( #5435 ), #1414 ) ;
#4937 = COLOUR_RGB ( '',0.8000000000000000400, 0.8078431372549019800, 0.8000000000000000400 ) ;
#4938 = VERTEX_POINT ( 'NONE', #9316 ) ;
#4939 = DIRECTION ( 'NONE',  ( -0.7071067811865460200, 0.0000000000000000000, 0.7071067811865490200 ) ) ;
#4940 = CARTESIAN_POINT ( 'NONE',  ( 5.200000000000004600, 1.399999999999998600, 4.699999999999997500 ) ) ;
#4941 = MECHANICAL_DESIGN_GEOMETRIC_PRESENTATION_REPRESENTATION (  '', ( #3165 ), #5516 ) ;
#4942 = MECHANICAL_DESIGN_GEOMETRIC_PRESENTATION_REPRESENTATION (  '', ( #3167 ), #5517 ) ;
#4943 = SURFACE_SIDE_STYLE ('',( #1226 ) ) ;
#4944 = VECTOR ( 'NONE', #8654, 1000.000000000000000 ) ;
#4945 = SURFACE_STYLE_USAGE ( .BOTH. , #5068 ) ;
#4946 = CARTESIAN_POINT ( 'NONE',  ( 4.220000000000001500, -1.100000000000000100, 0.3039999999999999400 ) ) ;
#4947 = CARTESIAN_POINT ( 'NONE',  ( 4.000000000000001800, 1.399999999999998800, 4.699999999999997500 ) ) ;
#4948 = AXIS2_PLACEMENT_3D ( 'NONE', #1921, #8074, #8102 ) ;
#4949 = CARTESIAN_POINT ( 'NONE',  ( 1.409999999999999700, -0.6250000000000003300, 0.2999999999999964900 ) ) ;
#4950 = DIRECTION ( 'NONE',  ( 0.0000000000000000000, 0.0000000000000000000, -1.000000000000000000 ) ) ;
#4951 = VECTOR ( 'NONE', #7972, 1000.000000000000000 ) ;
#4952 = CARTESIAN_POINT ( 'NONE',  ( -4.524000000000000900, 1.100000000000000100, 0.3039999999999999400 ) ) ;
#4953 = EDGE_CURVE ( 'NONE', #1473, #9958, #10132, .T. ) ;
#4954 = ORIENTED_EDGE ( 'NONE', *, *, #5719, .T. ) ;
#4955 =( LENGTH_UNIT ( ) NAMED_UNIT ( * ) SI_UNIT ( .MILLI., .METRE. ) );
#4956 = AXIS2_PLACEMENT_3D ( 'NONE', #4209, #10373, #5091 ) ;
#4957 = ORIENTED_EDGE ( 'NONE', *, *, #5351, .T. ) ;
#4958 =( NAMED_UNIT ( * ) PLANE_ANGLE_UNIT ( ) SI_UNIT ( $, .RADIAN. ) );
#4959 =( NAMED_UNIT ( * ) PLANE_ANGLE_UNIT ( ) SI_UNIT ( $, .RADIAN. ) );
#4960 = VECTOR ( 'NONE', #1568, 1000.000000000000000 ) ;
#4961 = ADVANCED_FACE ( 'NONE', ( #11356 ), #478, .T. ) ;
#4962 = ORIENTED_EDGE ( 'NONE', *, *, #11458, .T. ) ;
#4963 = DIRECTION ( 'NONE',  ( 0.0000000000000000000, -0.7071067811865438000, 0.7071067811865513500 ) ) ;
#4964 = CARTESIAN_POINT ( 'NONE',  ( -0.1599999999999999800, 0.2499999999999996700, 0.2999999999999966000 ) ) ;
#4965 = ORIENTED_EDGE ( 'NONE', *, *, #3777, .F. ) ;
#4966 = ORIENTED_EDGE ( 'NONE', *, *, #1332, .T. ) ;
#4967 = CARTESIAN_POINT ( 'NONE',  ( -5.020000000000001400, 1.100000000000000100, 1.529999999999999800 ) ) ;
#4968 = VECTOR ( 'NONE', #1581, 1000.000000000000000 ) ;
#4969 = ADVANCED_FACE ( 'NONE', ( #8987 ), #2291, .F. ) ;
#4970 = DIRECTION ( 'NONE',  ( 0.0000000000000000000, 0.0000000000000000000, 1.000000000000000000 ) ) ;
#4971 = EDGE_CURVE ( 'NONE', #8110, #7814, #8161, .T. ) ;
#4972 = SURFACE_STYLE_FILL_AREA ( #11128 ) ;
#4973 = EDGE_CURVE ( 'NONE', #9549, #5227, #3764, .T. ) ;
#4974 = EDGE_CURVE ( 'NONE', #8686, #6202, #5849, .T. ) ;
#4975 = ORIENTED_EDGE ( 'NONE', *, *, #10542, .T. ) ;
#4976 = VECTOR ( 'NONE', #10081, 1000.000000000000000 ) ;
#4977 = DIRECTION ( 'NONE',  ( -1.000000000000000000, -0.0000000000000000000, -0.0000000000000000000 ) ) ;
#4978 = DIRECTION ( 'NONE',  ( 0.0000000000000000000, 0.0000000000000000000, -1.000000000000000000 ) ) ;
#4979 = VECTOR ( 'NONE', #8621, 1000.000000000000000 ) ;
#4980 = DIRECTION ( 'NONE',  ( 1.000000000000000000, 0.0000000000000000000, 0.0000000000000000000 ) ) ;
#4981 = LINE ( 'NONE', #7445, #9389 ) ;
#4982 = DIRECTION ( 'NONE',  ( 0.0000000000000000000, 1.000000000000000000, 0.0000000000000000000 ) ) ;
#4983 = CARTESIAN_POINT ( 'NONE',  ( 1.089999999999999900, 2.549999999999999800, 0.4499999999999999000 ) ) ;
#4984 = DIRECTION ( 'NONE',  ( 0.0000000000000000000, -1.000000000000000000, 0.0000000000000000000 ) ) ;
#4985 = VERTEX_POINT ( 'NONE', #5900 ) ;
#4986 = EDGE_LOOP ( 'NONE', ( #5723, #2486, #3051, #1872 ) ) ;
#4987 = EDGE_CURVE ( 'NONE', #7189, #4531, #5549, .T. ) ;
#4988 = ORIENTED_EDGE ( 'NONE', *, *, #4375, .F. ) ;
#4989 = CARTESIAN_POINT ( 'NONE',  ( -1.090000000000000100, 2.999999999999999600, -1.761828530288944700E-016 ) ) ;
#4990 = MANIFOLD_SOLID_BREP ( 'Линейный массив4[4]', #10603 ) ;
#4991 = PLANE ( 'NONE',  #3758 ) ;
#4992 = VECTOR ( 'NONE', #9966, 1000.000000000000000 ) ;
#4993 = PLANE ( 'NONE',  #318 ) ;
#4994 = EDGE_CURVE ( 'NONE', #7742, #5891, #4729, .T. ) ;
#4995 = FACE_OUTER_BOUND ( 'NONE', #2055, .T. ) ;
#4996 = VECTOR ( 'NONE', #6652, 1000.000000000000000 ) ;
#4997 = DIRECTION ( 'NONE',  ( 1.000000000000000000, 0.0000000000000000000, 2.168404344971008900E-016 ) ) ;
#4998 = SURFACE_SIDE_STYLE ('',( #706 ) ) ;
#4999 = VECTOR ( 'NONE', #4529, 1000.000000000000100 ) ;
#5000 = ORIENTED_EDGE ( 'NONE', *, *, #5111, .T. ) ;
#5001 = ORIENTED_EDGE ( 'NONE', *, *, #4615, .F. ) ;
#5002 = PRESENTATION_LAYER_ASSIGNMENT (  '', '', ( #3818 ) ) ;
#5003 = MECHANICAL_DESIGN_GEOMETRIC_PRESENTATION_REPRESENTATION (  '', ( #3244 ), #5598 ) ;
#5004 = DIRECTION ( 'NONE',  ( 0.0000000000000000000, 0.0000000000000000000, -1.000000000000000000 ) ) ;
#5005 = PLANE ( 'NONE',  #8320 ) ;
#5006 = FILL_AREA_STYLE ('',( #6748 ) ) ;
#5007 = AXIS2_PLACEMENT_3D ( 'NONE', #1506, #6242, #6030 ) ;
#5008 = VERTEX_POINT ( 'NONE', #7692 ) ;
#5009 = ORIENTED_EDGE ( 'NONE', *, *, #3001, .F. ) ;
#5010 = VECTOR ( 'NONE', #6556, 1000.000000000000000 ) ;
#5011 = COLOUR_RGB ( '',0.8000000000000000400, 0.8078431372549019800, 0.8000000000000000400 ) ;
#5012 = DIRECTION ( 'NONE',  ( 0.7071067811865460200, 0.0000000000000000000, -0.7071067811865490200 ) ) ;
#5013 = SURFACE_SIDE_STYLE ('',( #7632 ) ) ;
#5014 = LINE ( 'NONE', #4732, #9427 ) ;
#5015 = VECTOR ( 'NONE', #9505, 1000.000000000000000 ) ;
#5016 =( GEOMETRIC_REPRESENTATION_CONTEXT ( 3 ) GLOBAL_UNCERTAINTY_ASSIGNED_CONTEXT ( ( #6143 ) ) GLOBAL_UNIT_ASSIGNED_CONTEXT ( ( #1770, #7939, #2673 ) ) REPRESENTATION_CONTEXT ( 'NONE', 'WORKASPACE' ) );
#5017 = CARTESIAN_POINT ( 'NONE',  ( 0.1599999999999999800, 0.2499999999999996700, 0.1799999999999966600 ) ) ;
#5018 = ADVANCED_FACE ( 'NONE', ( #7061 ), #3237, .T. ) ;
#5019 = DIRECTION ( 'NONE',  ( 0.0000000000000000000, -1.355252715606881500E-016, -1.000000000000000000 ) ) ;
#5020 = VERTEX_POINT ( 'NONE', #8569 ) ;
#5021 = VERTEX_POINT ( 'NONE', #10355 ) ;
#5022 = FILL_AREA_STYLE ('',( #11137 ) ) ;
#5023 = VERTEX_POINT ( 'NONE', #5080 ) ;
#5024 = CARTESIAN_POINT ( 'NONE',  ( 5.000000000000000000, -0.3750000000000018900, 0.6499999999999978000 ) ) ;
#5025 = SURFACE_STYLE_USAGE ( .BOTH. , #10320 ) ;
#5026 = CARTESIAN_POINT ( 'NONE',  ( -2.339999999999999900, -0.1500000000000003000, 0.1799999999999965800 ) ) ;
#5027 = VECTOR ( 'NONE', #1801, 999.9999999999998900 ) ;
#5028 = COLOUR_RGB ( '',0.8000000000000000400, 0.8078431372549019800, 0.8000000000000000400 ) ;
#5029 = MECHANICAL_DESIGN_GEOMETRIC_PRESENTATION_REPRESENTATION (  '', ( #3270 ), #5623 ) ;
#5030 = CARTESIAN_POINT ( 'NONE',  ( 5.500000000000001800, 1.100000000000000100, 0.3039999999999999400 ) ) ;
#5031 = VECTOR ( 'NONE', #6441, 1000.000000000000000 ) ;
#5032 = VECTOR ( 'NONE', #1586, 1000.000000000000000 ) ;
#5033 = PLANE ( 'NONE',  #7294 ) ;
#5034 = ADVANCED_FACE ( 'NONE', ( #11491 ), #5975, .T. ) ;
#5035 = ORIENTED_EDGE ( 'NONE', *, *, #3225, .F. ) ;
#5036 = ORIENTED_EDGE ( 'NONE', *, *, #3814, .T. ) ;
#5037 = ORIENTED_EDGE ( 'NONE', *, *, #5483, .T. ) ;
#5038 = ORIENTED_EDGE ( 'NONE', *, *, #3085, .F. ) ;
#5039 =( LENGTH_UNIT ( ) NAMED_UNIT ( * ) SI_UNIT ( .MILLI., .METRE. ) );
#5040 = SURFACE_STYLE_FILL_AREA ( #9280 ) ;
#5041 = CARTESIAN_POINT ( 'NONE',  ( -2.660000000000000100, 0.4249999999999998200, 1.749999999999996400 ) ) ;
#5042 =( NAMED_UNIT ( * ) PLANE_ANGLE_UNIT ( ) SI_UNIT ( $, .RADIAN. ) );
#5043 = FACE_OUTER_BOUND ( 'NONE', #10864, .T. ) ;
#5044 =( LENGTH_UNIT ( ) NAMED_UNIT ( * ) SI_UNIT ( .MILLI., .METRE. ) );
#5045 = DIRECTION ( 'NONE',  ( 0.0000000000000000000, 0.0000000000000000000, 1.000000000000000000 ) ) ;
#5046 = CARTESIAN_POINT ( 'NONE',  ( -4.220000000000000600, -1.100000000000000100, 1.226000000000000000 ) ) ;
#5047 = EDGE_CURVE ( 'NONE', #6532, #1259, #2094, .T. ) ;
#5048 = VERTEX_POINT ( 'NONE', #7720 ) ;
#5049 = FACE_OUTER_BOUND ( 'NONE', #5557, .T. ) ;
#5050 = ORIENTED_EDGE ( 'NONE', *, *, #1122, .F. ) ;
#5051 = DIRECTION ( 'NONE',  ( 1.000000000000000000, 0.0000000000000000000, 0.0000000000000000000 ) ) ;
#5052 = EDGE_CURVE ( 'NONE', #9247, #6170, #9412, .T. ) ;
#5053 = LINE ( 'NONE', #2629, #317 ) ;
#5054 = CARTESIAN_POINT ( 'NONE',  ( 5.020000000000001400, 1.100000000000000100, 1.529999999999999800 ) ) ;
#5055 = CARTESIAN_POINT ( 'NONE',  ( 0.06000000000000015700, 0.3499999999999997000, 3.999999999999993300 ) ) ;
#5056 = ORIENTED_EDGE ( 'NONE', *, *, #3715, .F. ) ;
#5057 = CARTESIAN_POINT ( 'NONE',  ( 2.339999999999999900, 0.4249999999999998200, 0.04999999999999753300 ) ) ;
#5058 = ORIENTED_EDGE ( 'NONE', *, *, #9068, .F. ) ;
#5059 = CARTESIAN_POINT ( 'NONE',  ( 4.000000000000001800, 2.600000000000000100, 4.699999999999997500 ) ) ;
#5060 = LINE ( 'NONE', #6758, #9757 ) ;
#5061 = ORIENTED_EDGE ( 'NONE', *, *, #10821, .T. ) ;
#5062 = UNCERTAINTY_MEASURE_WITH_UNIT (LENGTH_MEASURE( 1.000000000000000100E-005 ), #3800, 'distance_accuracy_value', 'NONE');
#5063 = SURFACE_STYLE_FILL_AREA ( #1129 ) ;
#5064 = EDGE_CURVE ( 'NONE', #10153, #5388, #9126, .T. ) ;
#5065 = CARTESIAN_POINT ( 'NONE',  ( 2.339999999999999900, -0.1500000000000003300, 0.2999999999999965500 ) ) ;
#5066 = FILL_AREA_STYLE ('',( #4175 ) ) ;
#5067 = EDGE_CURVE ( 'NONE', #8630, #8435, #4443, .T. ) ;
#5068 = SURFACE_SIDE_STYLE ('',( #9422 ) ) ;
#5069 = CARTESIAN_POINT ( 'NONE',  ( -3.699999999999999300, 0.09999999999999982500, 4.699999999999996600 ) ) ;
#5070 = EDGE_CURVE ( 'NONE', #4506, #8588, #4176, .T. ) ;
#5071 = CARTESIAN_POINT ( 'NONE',  ( -5.500000000000001800, 1.700000000000000000, 2.200000000000000200 ) ) ;
#5072 = PLANE ( 'NONE',  #9204 ) ;
#5073 = EDGE_LOOP ( 'NONE', ( #9198, #6976, #8677, #6287, #7856, #48, #8984, #6118, #5588, #9077, #9744, #7819, #9699, #6574, #11073, #7710, #6374, #6083, #6813, #10337, #2856, #3996, #4198, #2650, #8125, #9783, #10699, #9382, #2333, #326, #5419, #6297, #5035, #9222, #10563, #3787, #8638, #2970, #9501, #1434, #9758, #4975, #1320, #1659, #548, #2063, #2580, #4398, #4279, #8887, #8397, #2057, #8943, #10271, #5420, #7734, #334, #2932, #4380, #300, #8417, #2709, #5377, #661, #6431, #8326 ) ) ;
#5074 = COLOUR_RGB ( '',0.8000000000000000400, 0.8078431372549019800, 0.8000000000000000400 ) ;
#5075 = CARTESIAN_POINT ( 'NONE',  ( -0.1599999999999999800, 3.100000000000000100, 0.09999999999999947800 ) ) ;
#5076 = MECHANICAL_DESIGN_GEOMETRIC_PRESENTATION_REPRESENTATION (  '', ( #3299 ), #5660 ) ;
#5077 = VECTOR ( 'NONE', #2519, 1000.000000000000000 ) ;
#5078 = CARTESIAN_POINT ( 'NONE',  ( 1.409999999999999700, -0.1500000000000003000, 0.1799999999999965800 ) ) ;
#5079 = UNCERTAINTY_MEASURE_WITH_UNIT (LENGTH_MEASURE( 1.000000000000000100E-005 ), #9761, 'distance_accuracy_value', 'NONE');
#5080 = CARTESIAN_POINT ( 'NONE',  ( -0.8250000000000004000, 2.600000000000000100, 0.6499999999999984700 ) ) ;
#5081 = DIRECTION ( 'NONE',  ( 0.0000000000000000000, 0.0000000000000000000, -1.000000000000000000 ) ) ;
#5082 = ADVANCED_FACE ( 'NONE', ( #6539 ), #4263, .F. ) ;
#5083 =( GEOMETRIC_REPRESENTATION_CONTEXT ( 3 ) GLOBAL_UNCERTAINTY_ASSIGNED_CONTEXT ( ( #3705 ) ) GLOBAL_UNIT_ASSIGNED_CONTEXT ( ( #2040, #8214, #2954 ) ) REPRESENTATION_CONTEXT ( 'NONE', 'WORKASPACE' ) );
#5084 = ORIENTED_EDGE ( 'NONE', *, *, #6036, .T. ) ;
#5085 = EDGE_CURVE ( 'NONE', #3905, #2517, #3896, .T. ) ;
#5086 = FILL_AREA_STYLE_COLOUR ( '', #1879 ) ;
#5087 = DIRECTION ( 'NONE',  ( -1.000000000000000000, -0.0000000000000000000, -0.0000000000000000000 ) ) ;
#5088 = DIRECTION ( 'NONE',  ( 0.0000000000000000000, 0.0000000000000000000, 1.000000000000000000 ) ) ;
#5089 = AXIS2_PLACEMENT_3D ( 'NONE', #4296, #4338, #10505 ) ;
#5090 = MECHANICAL_DESIGN_GEOMETRIC_PRESENTATION_REPRESENTATION (  '', ( #3320 ), #5682 ) ;
#5091 = DIRECTION ( 'NONE',  ( -1.000000000000000000, 0.0000000000000000000, 2.304851557154559200E-017 ) ) ;
#5092 = STYLED_ITEM ( 'NONE', ( #251 ), #5485 ) ;
#5093 = ADVANCED_FACE ( 'NONE', ( #8301 ), #6916, .T. ) ;
#5094 = ORIENTED_EDGE ( 'NONE', *, *, #1577, .T. ) ;
#5095 = LINE ( 'NONE', #8204, #9784 ) ;
#5096 = VERTEX_POINT ( 'NONE', #6061 ) ;
#5097 = MECHANICAL_DESIGN_GEOMETRIC_PRESENTATION_REPRESENTATION (  '', ( #3329 ), #5699 ) ;
#5098 = DIRECTION ( 'NONE',  ( 0.0000000000000000000, 1.000000000000000000, -1.204669080539448900E-016 ) ) ;
#5099 = DIRECTION ( 'NONE',  ( -0.0000000000000000000, 0.0000000000000000000, -1.000000000000000000 ) ) ;
#5100 = DIRECTION ( 'NONE',  ( -1.000000000000000000, 0.0000000000000000000, 0.0000000000000000000 ) ) ;
#5101 = PLANE ( 'NONE',  #7586 ) ;
#5102 = CARTESIAN_POINT ( 'NONE',  ( -4.694000000000001700, 2.600000000000000100, 0.3000000000000002100 ) ) ;
#5103 = EDGE_LOOP ( 'NONE', ( #11158, #5253, #11305, #9370 ) ) ;
#5104 = DIRECTION ( 'NONE',  ( 1.000000000000000000, 1.172110456741085800E-016, 0.0000000000000000000 ) ) ;
#5105 = STYLED_ITEM ( 'NONE', ( #7803 ), #6726 ) ;
#5106 = EDGE_LOOP ( 'NONE', ( #1800, #8297, #11444, #10342 ) ) ;
#5107 = DIRECTION ( 'NONE',  ( 0.0000000000000000000, 1.000000000000000000, 1.223202451009284600E-015 ) ) ;
#5108 = VECTOR ( 'NONE', #898, 1000.000000000000000 ) ;
#5109 = CARTESIAN_POINT ( 'NONE',  ( 5.700000000000001100, 1.100000000000000100, 0.2539999999999999500 ) ) ;
#5110 = CARTESIAN_POINT ( 'NONE',  ( -2.424999999999999400, 2.123118842698621800, 3.249999999999996000 ) ) ;
#5111 = EDGE_CURVE ( 'NONE', #7081, #8018, #1535, .T. ) ;
#5112 = LINE ( 'NONE', #7739, #9800 ) ;
#5113 = DIRECTION ( 'NONE',  ( 0.0000000000000000000, 1.000000000000000000, 4.336808689942013800E-015 ) ) ;
#5114 = VECTOR ( 'NONE', #9211, 1000.000000000000000 ) ;
#5115 = AXIS2_PLACEMENT_3D ( 'NONE', #3043, #10099, #4814 ) ;
#5116 = EDGE_CURVE ( 'NONE', #294, #10475, #10943, .T. ) ;
#5117 = VERTEX_POINT ( 'NONE', #5192 ) ;
#5118 = DIRECTION ( 'NONE',  ( -0.0000000000000000000, 1.000000000000000000, 0.0000000000000000000 ) ) ;
#5119 = VERTEX_POINT ( 'NONE', #760 ) ;
#5120 = ORIENTED_EDGE ( 'NONE', *, *, #4676, .T. ) ;
#5121 =( NAMED_UNIT ( * ) PLANE_ANGLE_UNIT ( ) SI_UNIT ( $, .RADIAN. ) );
#5122 = LINE ( 'NONE', #9503, #9815 ) ;
#5123 = EDGE_LOOP ( 'NONE', ( #7347, #6718, #348, #7924 ) ) ;
#5124 =( NAMED_UNIT ( * ) PLANE_ANGLE_UNIT ( ) SI_UNIT ( $, .RADIAN. ) );
#5125 = CARTESIAN_POINT ( 'NONE',  ( -3.399999999999999900, -0.9999999999999986700, 4.699999999999995700 ) ) ;
#5126 = CARTESIAN_POINT ( 'NONE',  ( 1.409999999999999700, 3.100000000000000100, 0.3499999999999989800 ) ) ;
#5127 = EDGE_CURVE ( 'NONE', #4985, #7189, #8021, .T. ) ;
#5128 = VECTOR ( 'NONE', #543, 1000.000000000000000 ) ;
#5129 = EDGE_CURVE ( 'NONE', #3905, #6319, #1248, .T. ) ;
#5130 = EDGE_CURVE ( 'NONE', #5638, #8720, #3359, .T. ) ;
#5131 = VECTOR ( 'NONE', #2027, 1000.000000000000000 ) ;
#5132 = VERTEX_POINT ( 'NONE', #5222 ) ;
#5134 = VERTEX_POINT ( 'NONE', #7837 ) ;
#5133 = ADVANCED_FACE ( 'NONE', ( #5411 ), #6994, .F. ) ;
#5135 = CARTESIAN_POINT ( 'NONE',  ( -4.000000000000000900, -1.100000000000000100, 0.2999999999999999900 ) ) ;
#5136 = CARTESIAN_POINT ( 'NONE',  ( 4.220000000000000600, 1.100000000000000100, 1.226000000000000000 ) ) ;
#5137 = VECTOR ( 'NONE', #9696, 1000.000000000000000 ) ;
#5138 = EDGE_LOOP ( 'NONE', ( #690, #3162, #11081, #8047 ) ) ;
#5139 = DIRECTION ( 'NONE',  ( 0.0000000000000000000, 1.000000000000000000, 0.0000000000000000000 ) ) ;
#5140 = VECTOR ( 'NONE', #3548, 1000.000000000000000 ) ;
#5141 = CARTESIAN_POINT ( 'NONE',  ( -4.000000000000000900, 2.600000000000000100, 0.2999999999999999900 ) ) ;
#5142 = LINE ( 'NONE', #1887, #4869 ) ;
#5143 =( NAMED_UNIT ( * ) SI_UNIT ( $, .STERADIAN. ) SOLID_ANGLE_UNIT ( ) );
#5144 = VECTOR ( 'NONE', #601, 1000.000000000000000 ) ;
#5145 = VECTOR ( 'NONE', #5553, 1000.000000000000000 ) ;
#5146 = DIRECTION ( 'NONE',  ( 0.0000000000000000000, 0.0000000000000000000, -1.000000000000000000 ) ) ;
#5147 = VECTOR ( 'NONE', #1095, 1000.000000000000000 ) ;
#5148 = FACE_OUTER_BOUND ( 'NONE', #7569, .T. ) ;
#5149 = SURFACE_STYLE_FILL_AREA ( #3517 ) ;
#5150 = ORIENTED_EDGE ( 'NONE', *, *, #908, .F. ) ;
#5151 = ORIENTED_EDGE ( 'NONE', *, *, #3870, .F. ) ;
#5152 = ADVANCED_FACE ( 'NONE', ( #971 ), #6136, .F. ) ;
#5153 = EDGE_CURVE ( 'NONE', #3614, #1587, #694, .T. ) ;
#5154 = LINE ( 'NONE', #3242, #9847 ) ;
#5155 = DIRECTION ( 'NONE',  ( 1.000000000000000000, 0.0000000000000000000, -3.252606517456515800E-016 ) ) ;
#5156 = CARTESIAN_POINT ( 'NONE',  ( -2.660000000000000100, 0.4249999999999998200, 0.6499999999999964700 ) ) ;
#5157 = VECTOR ( 'NONE', #11354, 1000.000000000000000 ) ;
#5158 =( NAMED_UNIT ( * ) PLANE_ANGLE_UNIT ( ) SI_UNIT ( $, .RADIAN. ) );
#5159 = PRESENTATION_LAYER_ASSIGNMENT (  '', '', ( #3974 ) ) ;
#5160 = MECHANICAL_DESIGN_GEOMETRIC_PRESENTATION_REPRESENTATION (  '', ( #3397 ), #5758 ) ;
#5161 = ORIENTED_EDGE ( 'NONE', *, *, #9273, .F. ) ;
#5162 = VERTEX_POINT ( 'NONE', #6173 ) ;
#5163 = LINE ( 'NONE', #10893, #5430 ) ;
#5164 = LINE ( 'NONE', #5491, #429 ) ;
#5165 = CARTESIAN_POINT ( 'NONE',  ( -4.000000000000000900, -1.100000000000000300, 0.04999999999999996800 ) ) ;
#5166 = DIRECTION ( 'NONE',  ( 0.0000000000000000000, 0.0000000000000000000, 1.000000000000000000 ) ) ;
#5167 = AXIS2_PLACEMENT_3D ( 'NONE', #6889, #1608, #7784 ) ;
#5168 = VECTOR ( 'NONE', #8346, 1000.000000000000000 ) ;
#5169 = PRESENTATION_LAYER_ASSIGNMENT (  '', '', ( #3980 ) ) ;
#5170 = UNCERTAINTY_MEASURE_WITH_UNIT (LENGTH_MEASURE( 1.000000000000000100E-005 ), #2020, 'distance_accuracy_value', 'NONE');
#5171 = DIRECTION ( 'NONE',  ( -0.0000000000000000000, 1.000000000000000000, 0.0000000000000000000 ) ) ;
#5172 = VERTEX_POINT ( 'NONE', #1748 ) ;
#5173 = ORIENTED_EDGE ( 'NONE', *, *, #1625, .T. ) ;
#5174 = EDGE_LOOP ( 'NONE', ( #7533, #9626, #5664, #4170 ) ) ;
#5175 = LINE ( 'NONE', #1646, #9868 ) ;
#5176 = DIRECTION ( 'NONE',  ( 0.0000000000000000000, -0.7071067811865496800, -0.7071067811865453500 ) ) ;
#5177 = CARTESIAN_POINT ( 'NONE',  ( -1.409999999999999900, -0.1500000000000003000, 0.1799999999999965800 ) ) ;
#5178 = VECTOR ( 'NONE', #816, 1000.000000000000000 ) ;
#5179 = VERTEX_POINT ( 'NONE', #2608 ) ;
#5180 = CARTESIAN_POINT ( 'NONE',  ( 4.000000000000000000, -0.4000000000000000800, 0.2999999999999974900 ) ) ;
#5181 = FILL_AREA_STYLE ('',( #1654 ) ) ;
#5182 = DIRECTION ( 'NONE',  ( 0.0000000000000000000, 0.0000000000000000000, 1.000000000000000000 ) ) ;
#5183 = PLANE ( 'NONE',  #10053 ) ;
#5184 = EDGE_CURVE ( 'NONE', #4226, #5954, #7484, .T. ) ;
#5185 = ORIENTED_EDGE ( 'NONE', *, *, #7042, .F. ) ;
#5186 = ORIENTED_EDGE ( 'NONE', *, *, #956, .T. ) ;
#5187 = LINE ( 'NONE', #3783, #9601 ) ;
#5188 = FILL_AREA_STYLE_COLOUR ( '', #8302 ) ;
#5189 = DIRECTION ( 'NONE',  ( 0.0000000000000000000, -1.000000000000000000, -1.223202451009284400E-015 ) ) ;
#5190 = DIRECTION ( 'NONE',  ( 0.5773502691896252900, 0.5773502691896245100, -0.5773502691896274000 ) ) ;
#5191 = CARTESIAN_POINT ( 'NONE',  ( 3.699999999999995700, 1.700000000000000200, 4.699999999999997500 ) ) ;
#5192 = CARTESIAN_POINT ( 'NONE',  ( -1.724999999999999400, -0.6999999999999988500, 4.399999999999994100 ) ) ;
#5193 = ORIENTED_EDGE ( 'NONE', *, *, #5111, .F. ) ;
#5194 = CARTESIAN_POINT ( 'NONE',  ( -5.000000000000000900, 1.700000000000000000, 0.2999999999999999300 ) ) ;
#5195 = ORIENTED_EDGE ( 'NONE', *, *, #896, .T. ) ;
#5196 = DIRECTION ( 'NONE',  ( 0.0000000000000000000, -0.0000000000000000000, -1.000000000000000000 ) ) ;
#5197 = ORIENTED_EDGE ( 'NONE', *, *, #7869, .F. ) ;
#5198 = ADVANCED_FACE ( 'NONE', ( #2791 ), #5258, .F. ) ;
#5199 = EDGE_CURVE ( 'NONE', #10537, #9421, #402, .T. ) ;
#5200 = DIRECTION ( 'NONE',  ( -1.000000000000000000, 0.0000000000000000000, 0.0000000000000000000 ) ) ;
#5201 = EDGE_CURVE ( 'NONE', #2699, #1587, #9833, .T. ) ;
#5202 = ORIENTED_EDGE ( 'NONE', *, *, #3284, .F. ) ;
#5203 = DIRECTION ( 'NONE',  ( -1.000000000000000000, -0.0000000000000000000, -2.168404344971008900E-016 ) ) ;
#5204 = DIRECTION ( 'NONE',  ( 0.0000000000000000000, -1.000000000000000000, 1.204669080539448600E-016 ) ) ;
#5205 = UNCERTAINTY_MEASURE_WITH_UNIT (LENGTH_MEASURE( 1.000000000000000100E-005 ), #7258, 'distance_accuracy_value', 'NONE');
#5206 = VECTOR ( 'NONE', #7090, 1000.000000000000000 ) ;
#5207 = ADVANCED_FACE ( 'NONE', ( #7758 ), #3580, .F. ) ;
#5208 = SURFACE_STYLE_USAGE ( .BOTH. , #10484 ) ;
#5209 = CARTESIAN_POINT ( 'NONE',  ( -5.240000000000002900, -1.100000000000000100, 0.0000000000000000000 ) ) ;
#5210 = EDGE_CURVE ( 'NONE', #5700, #10898, #103, .T. ) ;
#5211 = DIRECTION ( 'NONE',  ( 0.0000000000000000000, 0.0000000000000000000, -1.000000000000000000 ) ) ;
#5212 = VECTOR ( 'NONE', #4550, 1000.000000000000000 ) ;
#5213 = CARTESIAN_POINT ( 'NONE',  ( -2.339999999999999900, 3.100000000000000100, 0.09999999999999947800 ) ) ;
#5214 = EDGE_CURVE ( 'NONE', #2134, #2482, #4867, .T. ) ;
#5215 = DIRECTION ( 'NONE',  ( 0.0000000000000000000, -1.000000000000000000, 0.0000000000000000000 ) ) ;
#5216 = CARTESIAN_POINT ( 'NONE',  ( 2.924999999999999800, 2.600000000000000100, 0.2999999999999977700 ) ) ;
#5217 = DIRECTION ( 'NONE',  ( -1.000000000000000000, -0.0000000000000000000, -0.0000000000000000000 ) ) ;
#5218 = MECHANICAL_DESIGN_GEOMETRIC_PRESENTATION_REPRESENTATION (  '', ( #3454 ), #5823 ) ;
#5219 = SURFACE_SIDE_STYLE ('',( #2808 ) ) ;
#5220 = CIRCLE ( 'NONE', #9522, 0.05000000000000056500 ) ;
#5221 = DIRECTION ( 'NONE',  ( -1.000000000000000000, -0.0000000000000000000, -0.0000000000000000000 ) ) ;
#5222 = CARTESIAN_POINT ( 'NONE',  ( -4.220000000000001500, 1.100000000000000100, 0.3039999999999999400 ) ) ;
#5223 = CARTESIAN_POINT ( 'NONE',  ( 1.409999999999999700, -0.1500000000000003000, 0.1799999999999965800 ) ) ;
#5224 = CARTESIAN_POINT ( 'NONE',  ( -4.220000000000000600, 1.200000000000000000, 1.529999999999999800 ) ) ;
#5225 = UNCERTAINTY_MEASURE_WITH_UNIT (LENGTH_MEASURE( 1.000000000000000100E-005 ), #345, 'distance_accuracy_value', 'NONE');
#5226 = AXIS2_PLACEMENT_3D ( 'NONE', #5136, #11294, #6047 ) ;
#5227 = VERTEX_POINT ( 'NONE', #1828 ) ;
#5228 =( NAMED_UNIT ( * ) PLANE_ANGLE_UNIT ( ) SI_UNIT ( $, .RADIAN. ) );
#5229 = DIRECTION ( 'NONE',  ( 0.0000000000000000000, 1.000000000000000000, 0.0000000000000000000 ) ) ;
#5230 = CARTESIAN_POINT ( 'NONE',  ( -5.500000000000001800, 1.700000000000000000, 2.200000000000000200 ) ) ;
#5231 = ORIENTED_EDGE ( 'NONE', *, *, #11157, .F. ) ;
#5232 = MECHANICAL_DESIGN_GEOMETRIC_PRESENTATION_REPRESENTATION (  '', ( #3472 ), #5839 ) ;
#5233 = ORIENTED_EDGE ( 'NONE', *, *, #4704, .T. ) ;
#5234 =( GEOMETRIC_REPRESENTATION_CONTEXT ( 3 ) GLOBAL_UNCERTAINTY_ASSIGNED_CONTEXT ( ( #4135 ) ) GLOBAL_UNIT_ASSIGNED_CONTEXT ( ( #9117, #8819, #8358 ) ) REPRESENTATION_CONTEXT ( 'NONE', 'WORKASPACE' ) );
#5235 = STYLED_ITEM ( 'NONE', ( #9682 ), #5780 ) ;
#5236 = ORIENTED_EDGE ( 'NONE', *, *, #9027, .F. ) ;
#5237 = CARTESIAN_POINT ( 'NONE',  ( 1.089999999999999900, -0.3750000000000001100, 0.6499999999999975800 ) ) ;
#5238 = ORIENTED_EDGE ( 'NONE', *, *, #3738, .F. ) ;
#5239 = VERTEX_POINT ( 'NONE', #9 ) ;
#5240 = DIRECTION ( 'NONE',  ( -1.000000000000000000, -0.0000000000000000000, -0.0000000000000000000 ) ) ;
#5241 = STYLED_ITEM ( 'NONE', ( #6931 ), #3872 ) ;
#5242 = ADVANCED_FACE ( 'NONE', ( #2523 ), #2727, .F. ) ;
#5243 = DIRECTION ( 'NONE',  ( 1.000000000000000000, -0.0000000000000000000, -3.252606517456518700E-016 ) ) ;
#5244 = CARTESIAN_POINT ( 'NONE',  ( -1.090000000000000100, 0.4249999999999998200, 3.999999999999993300 ) ) ;
#5245 = CARTESIAN_POINT ( 'NONE',  ( -5.500000000000001800, 1.700000000000000000, 0.7999999999999977100 ) ) ;
#5246 = VECTOR ( 'NONE', #6724, 1000.000000000000000 ) ;
#5247 = AXIS2_PLACEMENT_3D ( 'NONE', #1688, #7848, #2591 ) ;
#5248 = CIRCLE ( 'NONE', #6858, 0.3040000000000004400 ) ;
#5249 = ORIENTED_EDGE ( 'NONE', *, *, #2600, .T. ) ;
#5250 = FACE_OUTER_BOUND ( 'NONE', #7653, .T. ) ;
#5251 = DIRECTION ( 'NONE',  ( 0.0000000000000000000, -0.0000000000000000000, 1.000000000000000000 ) ) ;
#5252 =( NAMED_UNIT ( * ) PLANE_ANGLE_UNIT ( ) SI_UNIT ( $, .RADIAN. ) );
#5253 = ORIENTED_EDGE ( 'NONE', *, *, #1737, .T. ) ;
#5254 = DIRECTION ( 'NONE',  ( 0.0000000000000000000, -0.0000000000000000000, -1.000000000000000000 ) ) ;
#5255 = FACE_OUTER_BOUND ( 'NONE', #965, .T. ) ;
#5256 = FACE_BOUND ( 'NONE', #8706, .T. ) ;
#5257 = VECTOR ( 'NONE', #8745, 1000.000000000000000 ) ;
#5258 = PLANE ( 'NONE',  #2129 ) ;
#5259 = EDGE_CURVE ( 'NONE', #4921, #6119, #4573, .T. ) ;
#5260 = DIRECTION ( 'NONE',  ( 0.0000000000000000000, -1.000000000000000000, 0.0000000000000000000 ) ) ;
#5261 = SURFACE_STYLE_FILL_AREA ( #8354 ) ;
#5262 = PLANE ( 'NONE',  #5661 ) ;
#5263 =( NAMED_UNIT ( * ) PLANE_ANGLE_UNIT ( ) SI_UNIT ( $, .RADIAN. ) );
#5264 = ORIENTED_EDGE ( 'NONE', *, *, #8809, .F. ) ;
#5265 = SURFACE_STYLE_FILL_AREA ( #8660 ) ;
#5266 = LINE ( 'NONE', #7250, #2925 ) ;
#5267 = LINE ( 'NONE', #6990, #7608 ) ;
#5268 = DIRECTION ( 'NONE',  ( 0.0000000000000000000, -1.000000000000000000, 0.0000000000000000000 ) ) ;
#5269 = VECTOR ( 'NONE', #9131, 1000.000000000000000 ) ;
#5270 =( NAMED_UNIT ( * ) PLANE_ANGLE_UNIT ( ) SI_UNIT ( $, .RADIAN. ) );
#5271 = CARTESIAN_POINT ( 'NONE',  ( 3.500000000000000900, 2.600000000000000100, 0.04999999999999763700 ) ) ;
#5272 = FILL_AREA_STYLE_COLOUR ( '', #10004 ) ;
#5273 = EDGE_LOOP ( 'NONE', ( #3832, #1852, #4540, #9350 ) ) ;
#5274 = ORIENTED_EDGE ( 'NONE', *, *, #5791, .T. ) ;
#5275 = EDGE_CURVE ( 'NONE', #657, #4305, #11340, .T. ) ;
#5276 = VECTOR ( 'NONE', #7775, 1000.000000000000000 ) ;
#5277 = EDGE_CURVE ( 'NONE', #6913, #3451, #2231, .T. ) ;
#5278 = EDGE_CURVE ( 'NONE', #8720, #8140, #4309, .T. ) ;
#5279 = FACE_OUTER_BOUND ( 'NONE', #1762, .T. ) ;
#5280 = DIRECTION ( 'NONE',  ( 0.0000000000000000000, -0.7071067811865440200, 0.7071067811865511300 ) ) ;
#5281 = CARTESIAN_POINT ( 'NONE',  ( 1.409999999999999700, -0.3750000000000001100, 0.6499999999999975800 ) ) ;
#5282 = ORIENTED_EDGE ( 'NONE', *, *, #8455, .T. ) ;
#5283 = VERTEX_POINT ( 'NONE', #9810 ) ;
#5284 = CARTESIAN_POINT ( 'NONE',  ( 0.0000000000000000000, 2.000000000000000000, 3.699999999999996600 ) ) ;
#5285 = LINE ( 'NONE', #7530, #558 ) ;
#5286 = FILL_AREA_STYLE_COLOUR ( '', #10473 ) ;
#5287 = MECHANICAL_DESIGN_GEOMETRIC_PRESENTATION_REPRESENTATION (  '', ( #4111 ), #5898 ) ;
#5288 = FACE_OUTER_BOUND ( 'NONE', #7789, .T. ) ;
#5289 = CARTESIAN_POINT ( 'NONE',  ( -1.301717647058823400, 0.3437882352941176200, 4.041411764705874700 ) ) ;
#5290 = PLANE ( 'NONE',  #3554 ) ;
#5291 = VECTOR ( 'NONE', #2152, 1000.000000000000000 ) ;
#5292 = VECTOR ( 'NONE', #8228, 1000.000000000000000 ) ;
#5293 = VECTOR ( 'NONE', #5976, 1000.000000000000200 ) ;
#5294 = LINE ( 'NONE', #7649, #7633 ) ;
#5295 =( NAMED_UNIT ( * ) PLANE_ANGLE_UNIT ( ) SI_UNIT ( $, .RADIAN. ) );
#5296 = DIRECTION ( 'NONE',  ( 1.000000000000000000, 0.0000000000000000000, -3.971436529250928500E-016 ) ) ;
#5297 = PRESENTATION_LAYER_ASSIGNMENT (  '', '', ( #4115 ) ) ;
#5298 = PLANE ( 'NONE',  #5442 ) ;
#5299 = EDGE_CURVE ( 'NONE', #4542, #9016, #4034, .T. ) ;
#5300 = ORIENTED_EDGE ( 'NONE', *, *, #8375, .F. ) ;
#5301 = VERTEX_POINT ( 'NONE', #7169 ) ;
#5302 = ORIENTED_EDGE ( 'NONE', *, *, #59, .F. ) ;
#5303 = DIRECTION ( 'NONE',  ( -0.7071067811865460200, 0.0000000000000000000, 0.7071067811865490200 ) ) ;
#5304 = SURFACE_STYLE_USAGE ( .BOTH. , #10596 ) ;
#5305 = VECTOR ( 'NONE', #10641, 1000.000000000000000 ) ;
#5306 = DIRECTION ( 'NONE',  ( 0.1940285000290632400, -0.1455213750217967100, 0.9701425001453329900 ) ) ;
#5307 = ADVANCED_FACE ( 'NONE', ( #10790 ), #987, .T. ) ;
#5308 = VERTEX_POINT ( 'NONE', #1905 ) ;
#5309 = MECHANICAL_DESIGN_GEOMETRIC_PRESENTATION_REPRESENTATION (  '', ( #3553 ), #5911 ) ;
#5310 = STYLED_ITEM ( 'NONE', ( #6807 ), #1651 ) ;
#5311 = FACE_OUTER_BOUND ( 'NONE', #6200, .T. ) ;
#5312 = ORIENTED_EDGE ( 'NONE', *, *, #8598, .T. ) ;
#5313 = ORIENTED_EDGE ( 'NONE', *, *, #10656, .F. ) ;
#5314 = FACE_OUTER_BOUND ( 'NONE', #5495, .T. ) ;
#5315 = CARTESIAN_POINT ( 'NONE',  ( 1.089999999999999900, 3.000000000000000000, 0.4499999999999998400 ) ) ;
#5316 = DIRECTION ( 'NONE',  ( 0.0000000000000000000, 0.0000000000000000000, -1.000000000000000000 ) ) ;
#5317 = VECTOR ( 'NONE', #2652, 1000.000000000000000 ) ;
#5318 = AXIS2_PLACEMENT_3D ( 'NONE', #3337, #9495, #4224 ) ;
#5319 = CARTESIAN_POINT ( 'NONE',  ( 0.1599999999999999800, -0.6250000000000003300, 0.2999999999999964900 ) ) ;
#5320 = AXIS2_PLACEMENT_3D ( 'NONE', #7867, #2603, #8763 ) ;
#5321 = CARTESIAN_POINT ( 'NONE',  ( -1.090000000000000100, 2.200000000000004200, 0.2999999999999989900 ) ) ;
#5322 = SURFACE_SIDE_STYLE ('',( #4905 ) ) ;
#5323 = ORIENTED_EDGE ( 'NONE', *, *, #11256, .F. ) ;
#5324 = VECTOR ( 'NONE', #11453, 1000.000000000000000 ) ;
#5325 = ORIENTED_EDGE ( 'NONE', *, *, #5214, .F. ) ;
#5326 = STYLED_ITEM ( 'NONE', ( #4092 ), #6655 ) ;
#5327 = CARTESIAN_POINT ( 'NONE',  ( 1.089999999999999900, 0.4249999999999998200, 0.6499999999999964700 ) ) ;
#5328 = DIRECTION ( 'NONE',  ( 0.0000000000000000000, 0.0000000000000000000, 1.000000000000000000 ) ) ;
#5329 = PLANE ( 'NONE',  #8551 ) ;
#5330 = CARTESIAN_POINT ( 'NONE',  ( -2.024999999999999000, -0.9999999999999983300, 4.699999999999995700 ) ) ;
#5331 = EDGE_CURVE ( 'NONE', #9247, #4132, #8974, .T. ) ;
#5332 = AXIS2_PLACEMENT_3D ( 'NONE', #9829, #4532, #10716 ) ;
#5333 = EDGE_CURVE ( 'NONE', #5622, #7973, #6378, .T. ) ;
#5334 = ORIENTED_EDGE ( 'NONE', *, *, #10292, .F. ) ;
#5335 = FACE_OUTER_BOUND ( 'NONE', #3823, .T. ) ;
#5336 = CARTESIAN_POINT ( 'NONE',  ( -3.500000000000001300, 2.600000000000000100, 0.04999999999999980800 ) ) ;
#5337 = ORIENTED_EDGE ( 'NONE', *, *, #2250, .T. ) ;
#5338 = LINE ( 'NONE', #5497, #613 ) ;
#5339 = FILL_AREA_STYLE_COLOUR ( '', #1113 ) ;
#5340 = DIRECTION ( 'NONE',  ( -1.000000000000000000, 0.0000000000000000000, 0.0000000000000000000 ) ) ;
#5341 = DIRECTION ( 'NONE',  ( -0.0000000000000000000, -0.0000000000000000000, -1.000000000000000000 ) ) ;
#5342 = CARTESIAN_POINT ( 'NONE',  ( 3.050000000000002000, 1.700000000000000400, 3.399999999999995000 ) ) ;
#5343 = PLANE ( 'NONE',  #8762 ) ;
#5344 = VERTEX_POINT ( 'NONE', #7211 ) ;
#5345 = ORIENTED_EDGE ( 'NONE', *, *, #8667, .T. ) ;
#5346 = VECTOR ( 'NONE', #9967, 1000.000000000000000 ) ;
#5347 = UNCERTAINTY_MEASURE_WITH_UNIT (LENGTH_MEASURE( 1.000000000000000100E-005 ), #9904, 'distance_accuracy_value', 'NONE');
#5348 = CARTESIAN_POINT ( 'NONE',  ( 2.339999999999999900, -0.3750000000000005000, 3.499999999999983100 ) ) ;
#5349 = VECTOR ( 'NONE', #9525, 1000.000000000000000 ) ;
#5350 = EDGE_CURVE ( 'NONE', #11303, #3246, #10516, .T. ) ;
#5351 = EDGE_CURVE ( 'NONE', #483, #793, #8429, .T. ) ;
#5352 = PLANE ( 'NONE',  #1355 ) ;
#5353 = EDGE_CURVE ( 'NONE', #10921, #11285, #1381, .T. ) ;
#5354 =( LENGTH_UNIT ( ) NAMED_UNIT ( * ) SI_UNIT ( .MILLI., .METRE. ) );
#5355 = CARTESIAN_POINT ( 'NONE',  ( 2.660000000000000100, 0.3499999999999997000, 3.999999999999993300 ) ) ;
#5356 = CARTESIAN_POINT ( 'NONE',  ( -2.075000000000000600, 2.600000000000000100, 0.2999999999999987100 ) ) ;
#5357 = CARTESIAN_POINT ( 'NONE',  ( 4.524000000000000900, 1.100000000000000100, 1.530000000000000000 ) ) ;
#5358 = FILL_AREA_STYLE_COLOUR ( '', #10250 ) ;
#5359 = DIRECTION ( 'NONE',  ( 0.0000000000000000000, -1.000000000000000000, 1.204669080539448600E-016 ) ) ;
#5360 = DIRECTION ( 'NONE',  ( 3.051828337366604500E-016, -0.0000000000000000000, 1.000000000000000000 ) ) ;
#5361 = DIRECTION ( 'NONE',  ( 1.000000000000000000, 0.0000000000000000000, 0.0000000000000000000 ) ) ;
#5362 = ORIENTED_EDGE ( 'NONE', *, *, #1876, .T. ) ;
#5363 = LINE ( 'NONE', #9909, #7430 ) ;
#5364 = EDGE_CURVE ( 'NONE', #4405, #8732, #5834, .T. ) ;
#5365 = ORIENTED_EDGE ( 'NONE', *, *, #3870, .T. ) ;
#5366 = DIRECTION ( 'NONE',  ( 0.0000000000000000000, 0.0000000000000000000, 1.000000000000000000 ) ) ;
#5367 = SURFACE_SIDE_STYLE ('',( #10106 ) ) ;
#5368 = STYLED_ITEM ( 'NONE', ( #10265 ), #8129 ) ;
#5369 = CARTESIAN_POINT ( 'NONE',  ( 5.200000000000004600, 1.399999999999998600, 1.699999999999989700 ) ) ;
#5370 = PRESENTATION_LAYER_ASSIGNMENT (  '', '', ( #4197 ) ) ;
#5371 = DIRECTION ( 'NONE',  ( -1.000000000000000000, 0.0000000000000000000, 3.252606517456515800E-016 ) ) ;
#5372 = CARTESIAN_POINT ( 'NONE',  ( 4.000000000000000900, -1.100000000000000300, 0.04999999999999747700 ) ) ;
#5373 = VERTEX_POINT ( 'NONE', #6379 ) ;
#5374 = ORIENTED_EDGE ( 'NONE', *, *, #1487, .T. ) ;
#5375 = ORIENTED_EDGE ( 'NONE', *, *, #908, .T. ) ;
#5376 = CARTESIAN_POINT ( 'NONE',  ( -1.724999999999999400, 2.123118842698621800, 3.249999999999996000 ) ) ;
#5377 = ORIENTED_EDGE ( 'NONE', *, *, #4971, .F. ) ;
#5378 = PRESENTATION_LAYER_ASSIGNMENT (  '', '', ( #4207 ) ) ;
#5379 = LINE ( 'NONE', #8997, #658 ) ;
#5380 = AXIS2_PLACEMENT_3D ( 'NONE', #9849, #9736, #9685 ) ;
#5381 = DIRECTION ( 'NONE',  ( -0.0000000000000000000, 0.0000000000000000000, 1.000000000000000000 ) ) ;
#5382 = SURFACE_STYLE_USAGE ( .BOTH. , #10681 ) ;
#5383 = ORIENTED_EDGE ( 'NONE', *, *, #7154, .T. ) ;
#5384 = CARTESIAN_POINT ( 'NONE',  ( 2.660000000000000100, -0.1500000000000003300, 0.2999999999999965500 ) ) ;
#5385 = VECTOR ( 'NONE', #8580, 1000.000000000000000 ) ;
#5386 = PLANE ( 'NONE',  #5332 ) ;
#5387 = AXIS2_PLACEMENT_3D ( 'NONE', #9298, #4017, #10199 ) ;
#5388 = VERTEX_POINT ( 'NONE', #10762 ) ;
#5389 = EDGE_LOOP ( 'NONE', ( #930, #5828, #9865, #10616 ) ) ;
#5390 = DIRECTION ( 'NONE',  ( -1.000000000000000000, -0.0000000000000000000, -0.0000000000000000000 ) ) ;
#5391 = PRESENTATION_STYLE_ASSIGNMENT (( #6809 ) ) ;
#5392 = EDGE_CURVE ( 'NONE', #7877, #9812, #3204, .T. ) ;
#5393 = EDGE_LOOP ( 'NONE', ( #433, #6353, #6195, #8639 ) ) ;
#5394 = LINE ( 'NONE', #3304, #3058 ) ;
#5395 = MECHANICAL_DESIGN_GEOMETRIC_PRESENTATION_REPRESENTATION (  '', ( #3640 ), #6017 ) ;
#5396 = ORIENTED_EDGE ( 'NONE', *, *, #2072, .T. ) ;
#5397 = FACE_OUTER_BOUND ( 'NONE', #8422, .T. ) ;
#5398 = CARTESIAN_POINT ( 'NONE',  ( -3.399999999999999500, 0.09999999999999982500, 4.399999999999994100 ) ) ;
#5399 = CARTESIAN_POINT ( 'NONE',  ( 2.339999999999999900, 2.999999999999999600, -1.761828530288944700E-016 ) ) ;
#5400 = CARTESIAN_POINT ( 'NONE',  ( -5.240000000000002900, -1.100000000000000100, 0.0000000000000000000 ) ) ;
#5401 = VERTEX_POINT ( 'NONE', #3749 ) ;
#5402 = VECTOR ( 'NONE', #4825, 1000.000000000000000 ) ;
#5403 = APPLICATION_PROTOCOL_DEFINITION ( 'draft international standard', 'automotive_design', 1998, #10696 ) ;
#5404 = VECTOR ( 'NONE', #3574, 1000.000000000000000 ) ;
#5405 = LINE ( 'NONE', #2344, #9825 ) ;
#5406 = LINE ( 'NONE', #3779, #3074 ) ;
#5407 = CARTESIAN_POINT ( 'NONE',  ( -3.399999999999999500, 0.09999999999999982500, 1.749999999999996400 ) ) ;
#5408 = VERTEX_POINT ( 'NONE', #8975 ) ;
#5409 = VERTEX_POINT ( 'NONE', #9914 ) ;
#5410 = SURFACE_STYLE_FILL_AREA ( #2806 ) ;
#5411 = FACE_OUTER_BOUND ( 'NONE', #11228, .T. ) ;
#5412 = CARTESIAN_POINT ( 'NONE',  ( 0.8249999999999992900, 2.600000000000000100, 0.6499999999999980200 ) ) ;
#5413 = EDGE_CURVE ( 'NONE', #1417, #8153, #5266, .T. ) ;
#5414 =( LENGTH_UNIT ( ) NAMED_UNIT ( * ) SI_UNIT ( .MILLI., .METRE. ) );
#5415 = LINE ( 'NONE', #6464, #7195 ) ;
#5416 = EDGE_CURVE ( 'NONE', #11349, #3080, #5535, .T. ) ;
#5417 = CARTESIAN_POINT ( 'NONE',  ( -3.999999999999999100, -1.100000000000000100, 4.699999999999995700 ) ) ;
#5418 = FACE_OUTER_BOUND ( 'NONE', #5106, .T. ) ;
#5419 = ORIENTED_EDGE ( 'NONE', *, *, #1728, .T. ) ;
#5420 = ORIENTED_EDGE ( 'NONE', *, *, #10160, .T. ) ;
#5421 = PRESENTATION_STYLE_ASSIGNMENT (( #10181 ) ) ;
#5422 = CARTESIAN_POINT ( 'NONE',  ( 4.000000000000000900, 2.600000000000000100, 1.749999999999996400 ) ) ;
#5423 = LINE ( 'NONE', #6058, #3374 ) ;
#5424 = CARTESIAN_POINT ( 'NONE',  ( 5.200000000000004600, -0.8000000000000013800, 4.699999999999997500 ) ) ;
#5425 = EDGE_CURVE ( 'NONE', #6535, #7503, #7607, .T. ) ;
#5426 = DIRECTION ( 'NONE',  ( 0.0000000000000000000, -1.000000000000000000, 0.0000000000000000000 ) ) ;
#5427 = COLOUR_RGB ( '',0.8000000000000000400, 0.8078431372549019800, 0.8000000000000000400 ) ;
#5428 = VERTEX_POINT ( 'NONE', #2011 ) ;
#5429 = ORIENTED_EDGE ( 'NONE', *, *, #9027, .T. ) ;
#5430 = VECTOR ( 'NONE', #279, 1000.000000000000000 ) ;
#5431 = EDGE_CURVE ( 'NONE', #316, #1818, #9965, .T. ) ;
#5432 = VECTOR ( 'NONE', #10787, 1000.000000000000000 ) ;
#5433 = CARTESIAN_POINT ( 'NONE',  ( -2.660000000000000100, 3.100000000000000100, 0.09999999999999947800 ) ) ;
#5434 = CARTESIAN_POINT ( 'NONE',  ( 1.410000000000000600, 0.4249999999999998200, 0.6499999999999978000 ) ) ;
#5435 = PRESENTATION_STYLE_ASSIGNMENT (( #4645 ) ) ;
#5436 = CARTESIAN_POINT ( 'NONE',  ( -1.675000000000000500, 2.600000000000000100, 0.2999999999999984300 ) ) ;
#5437 = UNCERTAINTY_MEASURE_WITH_UNIT (LENGTH_MEASURE( 1.000000000000000100E-005 ), #6855, 'distance_accuracy_value', 'NONE');
#5438 = VECTOR ( 'NONE', #3963, 1000.000000000000000 ) ;
#5439 = CARTESIAN_POINT ( 'NONE',  ( 4.000000000000001800, -0.8000000000000013800, 1.699999999999989700 ) ) ;
#5440 = CARTESIAN_POINT ( 'NONE',  ( -4.000000000000000900, -1.100000000000000100, 0.2999999999999999900 ) ) ;
#5441 = STYLED_ITEM ( 'NONE', ( #8441 ), #7568 ) ;
#5442 = AXIS2_PLACEMENT_3D ( 'NONE', #4630, #2076, #5371 ) ;
#5443 = ORIENTED_EDGE ( 'NONE', *, *, #142, .F. ) ;
#5444 = VERTEX_POINT ( 'NONE', #10852 ) ;
#5445 = VERTEX_POINT ( 'NONE', #4665 ) ;
#5446 = LINE ( 'NONE', #1810, #5178 ) ;
#5447 = CARTESIAN_POINT ( 'NONE',  ( 0.1599999999999999800, 2.350000000000003200, 0.6499999999999986900 ) ) ;
#5448 = DIRECTION ( 'NONE',  ( -1.000000000000000000, -0.0000000000000000000, -0.0000000000000000000 ) ) ;
#5449 = ORIENTED_EDGE ( 'NONE', *, *, #4242, .T. ) ;
#5450 = ORIENTED_EDGE ( 'NONE', *, *, #9636, .T. ) ;
#5451 = LINE ( 'NONE', #5498, #739 ) ;
#5452 =( NAMED_UNIT ( * ) PLANE_ANGLE_UNIT ( ) SI_UNIT ( $, .RADIAN. ) );
#5453 = AXIS2_PLACEMENT_3D ( 'NONE', #10474, #10940, #1188 ) ;
#5454 = PRESENTATION_LAYER_ASSIGNMENT (  '', '', ( #4277 ) ) ;
#5455 = ORIENTED_EDGE ( 'NONE', *, *, #10655, .F. ) ;
#5456 = MECHANICAL_DESIGN_GEOMETRIC_PRESENTATION_REPRESENTATION (  '', ( #3696 ), #6076 ) ;
#5457 =( NAMED_UNIT ( * ) PLANE_ANGLE_UNIT ( ) SI_UNIT ( $, .RADIAN. ) );
#5458 = FACE_OUTER_BOUND ( 'NONE', #11286, .T. ) ;
#5459 = SURFACE_STYLE_USAGE ( .BOTH. , #5584 ) ;
#5460 = VERTEX_POINT ( 'NONE', #3795 ) ;
#5461 = DIRECTION ( 'NONE',  ( -0.9805806756909207800, 0.0000000000000000000, 0.1961161351381807700 ) ) ;
#5462 = ORIENTED_EDGE ( 'NONE', *, *, #3801, .T. ) ;
#5463 = DIRECTION ( 'NONE',  ( -1.000000000000000000, -0.0000000000000000000, -0.0000000000000000000 ) ) ;
#5464 = FILL_AREA_STYLE ('',( #7236 ) ) ;
#5465 = AXIS2_PLACEMENT_3D ( 'NONE', #4094, #10270, #4970 ) ;
#5466 = ORIENTED_EDGE ( 'NONE', *, *, #3995, .F. ) ;
#5467 = SURFACE_SIDE_STYLE ('',( #4366 ) ) ;
#5468 = CARTESIAN_POINT ( 'NONE',  ( -2.339999999999999400, 0.4249999999999998200, 0.6499999999999984700 ) ) ;
#5469 = LINE ( 'NONE', #1809, #9894 ) ;
#5470 = DIRECTION ( 'NONE',  ( 1.000000000000000000, 0.0000000000000000000, 0.0000000000000000000 ) ) ;
#5471 = EDGE_CURVE ( 'NONE', #4498, #10899, #538, .T. ) ;
#5472 = CARTESIAN_POINT ( 'NONE',  ( 0.4249999999999996000, 2.600000000000000100, 0.6499999999999982500 ) ) ;
#5473 = ORIENTED_EDGE ( 'NONE', *, *, #11502, .F. ) ;
#5474 = DIRECTION ( 'NONE',  ( -1.000000000000000000, 0.0000000000000000000, 0.0000000000000000000 ) ) ;
#5475 = DIRECTION ( 'NONE',  ( 0.0000000000000000000, -1.000000000000000000, 0.0000000000000000000 ) ) ;
#5476 = FILL_AREA_STYLE ('',( #8086 ) ) ;
#5477 = ORIENTED_EDGE ( 'NONE', *, *, #1410, .F. ) ;
#5478 = CARTESIAN_POINT ( 'NONE',  ( -0.4250000000000004900, 2.600000000000000100, 0.6499999999999982500 ) ) ;
#5479 =( NAMED_UNIT ( * ) PLANE_ANGLE_UNIT ( ) SI_UNIT ( $, .RADIAN. ) );
#5480 = VERTEX_POINT ( 'NONE', #2038 ) ;
#5481 = VECTOR ( 'NONE', #5081, 1000.000000000000000 ) ;
#5482 = ORIENTED_EDGE ( 'NONE', *, *, #1890, .T. ) ;
#5483 = EDGE_CURVE ( 'NONE', #11121, #7340, #9397, .T. ) ;
#5484 = EDGE_CURVE ( 'NONE', #3038, #6629, #2651, .T. ) ;
#5485 = ADVANCED_FACE ( 'NONE', ( #11474 ), #3825, .F. ) ;
#5486 = SURFACE_SIDE_STYLE ('',( #6789 ) ) ;
#5487 = EDGE_CURVE ( 'NONE', #10581, #5601, #10806, .T. ) ;
#5488 = MANIFOLD_SOLID_BREP ( 'MP2', #2718 ) ;
#5489 = DIRECTION ( 'NONE',  ( -1.000000000000000000, -0.0000000000000000000, -0.0000000000000000000 ) ) ;
#5490 =( NAMED_UNIT ( * ) PLANE_ANGLE_UNIT ( ) SI_UNIT ( $, .RADIAN. ) );
#5491 = CARTESIAN_POINT ( 'NONE',  ( -4.000000000000000900, 2.600000000000000100, 0.2999999999999999900 ) ) ;
#5492 = ORIENTED_EDGE ( 'NONE', *, *, #11243, .T. ) ;
#5493 = ORIENTED_EDGE ( 'NONE', *, *, #8510, .F. ) ;
#5494 = ORIENTED_EDGE ( 'NONE', *, *, #10680, .F. ) ;
#5495 = EDGE_LOOP ( 'NONE', ( #4064, #4156, #7646, #4411 ) ) ;
#5496 = ORIENTED_EDGE ( 'NONE', *, *, #1110, .F. ) ;
#5497 = CARTESIAN_POINT ( 'NONE',  ( 1.409999999999999700, 2.500000000000000000, -1.084202172485504400E-016 ) ) ;
#5498 = CARTESIAN_POINT ( 'NONE',  ( -5.500000000000001800, 1.700000000000000000, 0.7999999999999977100 ) ) ;
#5499 = SURFACE_STYLE_USAGE ( .BOTH. , #10802 ) ;
#5500 = CARTESIAN_POINT ( 'NONE',  ( 2.660000000000000100, 3.100000000000000100, 0.3499999999999989800 ) ) ;
#5501 = EDGE_CURVE ( 'NONE', #2284, #6130, #9983, .T. ) ;
#5502 = ORIENTED_EDGE ( 'NONE', *, *, #11273, .T. ) ;
#5503 = VECTOR ( 'NONE', #9455, 1000.000000000000000 ) ;
#5504 = VERTEX_POINT ( 'NONE', #5687 ) ;
#5505 =( GEOMETRIC_REPRESENTATION_CONTEXT ( 3 ) GLOBAL_UNCERTAINTY_ASSIGNED_CONTEXT ( ( #4516 ) ) GLOBAL_UNIT_ASSIGNED_CONTEXT ( ( #6394, #1059, #7261 ) ) REPRESENTATION_CONTEXT ( 'NONE', 'WORKASPACE' ) );
#5506 =( LENGTH_UNIT ( ) NAMED_UNIT ( * ) SI_UNIT ( .MILLI., .METRE. ) );
#5507 = AXIS2_PLACEMENT_3D ( 'NONE', #1983, #7341, #2967 ) ;
#5508 = COLOUR_RGB ( '',0.8000000000000000400, 0.8078431372549019800, 0.8000000000000000400 ) ;
#5509 = DIRECTION ( 'NONE',  ( 0.0000000000000000000, -1.000000000000000000, 0.0000000000000000000 ) ) ;
#5510 =( LENGTH_UNIT ( ) NAMED_UNIT ( * ) SI_UNIT ( .MILLI., .METRE. ) );
#5511 = LINE ( 'NONE', #7550, #796 ) ;
#5512 = DIRECTION ( 'NONE',  ( -0.0000000000000000000, -1.000000000000000000, -0.0000000000000000000 ) ) ;
#5513 = VECTOR ( 'NONE', #6199, 1000.000000000000000 ) ;
#5514 = ORIENTED_EDGE ( 'NONE', *, *, #8733, .T. ) ;
#5515 = LINE ( 'NONE', #3700, #4976 ) ;
#5516 =( GEOMETRIC_REPRESENTATION_CONTEXT ( 3 ) GLOBAL_UNCERTAINTY_ASSIGNED_CONTEXT ( ( #436 ) ) GLOBAL_UNIT_ASSIGNED_CONTEXT ( ( #8340, #3073, #9213 ) ) REPRESENTATION_CONTEXT ( 'NONE', 'WORKASPACE' ) );
#5517 =( GEOMETRIC_REPRESENTATION_CONTEXT ( 3 ) GLOBAL_UNCERTAINTY_ASSIGNED_CONTEXT ( ( #147 ) ) GLOBAL_UNIT_ASSIGNED_CONTEXT ( ( #6803, #1496, #7687 ) ) REPRESENTATION_CONTEXT ( 'NONE', 'WORKASPACE' ) );
#5518 = EDGE_LOOP ( 'NONE', ( #5150, #8866, #879, #5455, #10714, #1930, #11434, #9099, #9858, #4526, #3215, #7361, #10742 ) ) ;
#5519 = DIRECTION ( 'NONE',  ( 0.0000000000000000000, -1.000000000000000000, 0.0000000000000000000 ) ) ;
#5520 = LINE ( 'NONE', #2931, #4297 ) ;
#5521 = FACE_BOUND ( 'NONE', #4707, .T. ) ;
#5522 = VECTOR ( 'NONE', #2514, 1000.000000000000000 ) ;
#5523 = DIRECTION ( 'NONE',  ( 0.0000000000000000000, 0.0000000000000000000, 1.000000000000000000 ) ) ;
#5524 = VECTOR ( 'NONE', #4821, 1000.000000000000000 ) ;
#5525 = CARTESIAN_POINT ( 'NONE',  ( -0.8250000000000004000, 2.600000000000000100, 0.2999999999999984300 ) ) ;
#5526 = AXIS2_PLACEMENT_3D ( 'NONE', #3733, #4580, #10796 ) ;
#5527 = PRESENTATION_STYLE_ASSIGNMENT (( #7539 ) ) ;
#5528 = ORIENTED_EDGE ( 'NONE', *, *, #7853, .F. ) ;
#5529 = ORIENTED_EDGE ( 'NONE', *, *, #7260, .F. ) ;
#5530 = DIRECTION ( 'NONE',  ( 1.000000000000000000, 0.0000000000000000000, -0.0000000000000000000 ) ) ;
#5531 = CARTESIAN_POINT ( 'NONE',  ( 0.1599999999999999800, -0.3750000000000005000, 3.499999999999986700 ) ) ;
#5532 = ADVANCED_FACE ( 'NONE', ( #5279 ), #4800, .T. ) ;
#5533 = VECTOR ( 'NONE', #6318, 1000.000000000000000 ) ;
#5534 = VERTEX_POINT ( 'NONE', #10049 ) ;
#5535 = LINE ( 'NONE', #183, #3489 ) ;
#5536 = LINE ( 'NONE', #10290, #3206 ) ;
#5537 = EDGE_CURVE ( 'NONE', #4609, #4168, #4448, .T. ) ;
#5538 = LINE ( 'NONE', #10436, #9968 ) ;
#5539 = CARTESIAN_POINT ( 'NONE',  ( 1.089999999999999900, 3.000000000000000000, 0.4499999999999998400 ) ) ;
#5540 = STYLED_ITEM ( 'NONE', ( #864 ), #4624 ) ;
#5541 = LINE ( 'NONE', #1217, #827 ) ;
#5542 = DIRECTION ( 'NONE',  ( 0.0000000000000000000, -2.258754526011467700E-016, 1.000000000000000000 ) ) ;
#5543 = VERTEX_POINT ( 'NONE', #5732 ) ;
#5544 = ORIENTED_EDGE ( 'NONE', *, *, #170, .F. ) ;
#5545 = FILL_AREA_STYLE_COLOUR ( '', #2574 ) ;
#5546 = COLOUR_RGB ( '',0.8000000000000000400, 0.8078431372549019800, 0.8000000000000000400 ) ;
#5547 = CARTESIAN_POINT ( 'NONE',  ( 1.325000000000000200, -0.6999999999999988500, 1.749999999999996000 ) ) ;
#5548 = CARTESIAN_POINT ( 'NONE',  ( -1.409999999999999900, 0.4249999999999998200, 0.04999999999999753300 ) ) ;
#5549 = LINE ( 'NONE', #8496, #3220 ) ;
#5550 = ADVANCED_FACE ( 'NONE', ( #6798 ), #8371, .T. ) ;
#5551 = FACE_OUTER_BOUND ( 'NONE', #218, .T. ) ;
#5552 = PRESENTATION_STYLE_ASSIGNMENT (( #7104 ) ) ;
#5553 = DIRECTION ( 'NONE',  ( 0.0000000000000000000, -1.000000000000000000, -1.223202451009284400E-015 ) ) ;
#5554 = CARTESIAN_POINT ( 'NONE',  ( -4.524000000000000900, 1.100000000000000100, -2.710505431213761100E-017 ) ) ;
#5555 = VECTOR ( 'NONE', #8520, 1000.000000000000000 ) ;
#5556 = ORIENTED_EDGE ( 'NONE', *, *, #5471, .T. ) ;
#5557 = EDGE_LOOP ( 'NONE', ( #6802, #4722, #9506, #6665 ) ) ;
#5558 = LINE ( 'NONE', #7563, #847 ) ;
#5559 = DIRECTION ( 'NONE',  ( 1.000000000000000000, 0.0000000000000000000, 2.304851557154559200E-017 ) ) ;
#5560 = LINE ( 'NONE', #1336, #3232 ) ;
#5561 = EDGE_CURVE ( 'NONE', #1206, #8797, #2100, .T. ) ;
#5562 = LINE ( 'NONE', #8308, #5291 ) ;
#5563 = CARTESIAN_POINT ( 'NONE',  ( 1.310000000000000100, -0.3750000000000005600, 3.999999999999993300 ) ) ;
#5564 = VECTOR ( 'NONE', #6447, 1000.000000000000000 ) ;
#5565 = EDGE_CURVE ( 'NONE', #1011, #11001, #6541, .T. ) ;
#5566 = CARTESIAN_POINT ( 'NONE',  ( -1.090000000000000100, 2.999999999999999600, -1.761828530288944700E-016 ) ) ;
#5567 = EDGE_CURVE ( 'NONE', #7800, #6534, #9129, .T. ) ;
#5568 = LINE ( 'NONE', #4142, #9994 ) ;
#5569 = CARTESIAN_POINT ( 'NONE',  ( 4.220000000000001500, 1.100000000000000100, 0.3039999999999999400 ) ) ;
#5570 =( LENGTH_UNIT ( ) NAMED_UNIT ( * ) SI_UNIT ( .MILLI., .METRE. ) );
#5571 = FACE_OUTER_BOUND ( 'NONE', #6005, .T. ) ;
#5572 = DIRECTION ( 'NONE',  ( 0.0000000000000000000, -1.000000000000000000, 0.0000000000000000000 ) ) ;
#5573 = EDGE_LOOP ( 'NONE', ( #4726, #1951, #3690, #10279 ) ) ;
#5574 = ORIENTED_EDGE ( 'NONE', *, *, #8578, .F. ) ;
#5575 = ORIENTED_EDGE ( 'NONE', *, *, #7185, .T. ) ;
#5576 = DIRECTION ( 'NONE',  ( 0.7071067811865474600, 1.916616770854217700E-017, -0.7071067811865474600 ) ) ;
#5577 = CARTESIAN_POINT ( 'NONE',  ( 5.020000000000001400, 1.200000000000000000, 1.529999999999999800 ) ) ;
#5578 = ORIENTED_EDGE ( 'NONE', *, *, #6385, .T. ) ;
#5579 = LINE ( 'NONE', #3521, #7921 ) ;
#5580 = CARTESIAN_POINT ( 'NONE',  ( 1.190000000000000200, -0.3750000000000005600, 3.999999999999993300 ) ) ;
#5581 = DIRECTION ( 'NONE',  ( 0.0000000000000000000, 0.0000000000000000000, 1.000000000000000000 ) ) ;
#5582 = EDGE_CURVE ( 'NONE', #3510, #3497, #4181, .T. ) ;
#5583 = ORIENTED_EDGE ( 'NONE', *, *, #10868, .F. ) ;
#5584 = SURFACE_SIDE_STYLE ('',( #9237 ) ) ;
#5585 = DIRECTION ( 'NONE',  ( -3.252606517456513300E-016, 0.0000000000000000000, -1.000000000000000000 ) ) ;
#5586 = DIRECTION ( 'NONE',  ( -6.195440985631560800E-016, -1.000000000000000000, 0.0000000000000000000 ) ) ;
#5587 = EDGE_CURVE ( 'NONE', #1865, #9947, #6259, .T. ) ;
#5588 = ORIENTED_EDGE ( 'NONE', *, *, #7782, .F. ) ;
#5589 = VERTEX_POINT ( 'NONE', #4949 ) ;
#5590 = FILL_AREA_STYLE_COLOUR ( '', #7181 ) ;
#5591 = VECTOR ( 'NONE', #4747, 1000.000000000000000 ) ;
#5592 = VECTOR ( 'NONE', #5268, 1000.000000000000000 ) ;
#5593 = CARTESIAN_POINT ( 'NONE',  ( 2.660000000000000100, -0.3750000000000001100, 0.6499999999999975800 ) ) ;
#5594 = CARTESIAN_POINT ( 'NONE',  ( 4.474000000000001100, -1.100000000000000100, 0.3039999999999999400 ) ) ;
#5595 = DIRECTION ( 'NONE',  ( 0.0000000000000000000, 0.0000000000000000000, -1.000000000000000000 ) ) ;
#5596 = MECHANICAL_DESIGN_GEOMETRIC_PRESENTATION_REPRESENTATION (  '', ( #3818 ), #6197 ) ;
#5597 = CARTESIAN_POINT ( 'NONE',  ( 2.128248708953004500E-017, 1.209079903702921200E-031, 0.04999999999999877500 ) ) ;
#5598 =( GEOMETRIC_REPRESENTATION_CONTEXT ( 3 ) GLOBAL_UNCERTAINTY_ASSIGNED_CONTEXT ( ( #11411 ) ) GLOBAL_UNIT_ASSIGNED_CONTEXT ( ( #5869, #327, #4805 ) ) REPRESENTATION_CONTEXT ( 'NONE', 'WORKASPACE' ) );
#5599 = DIRECTION ( 'NONE',  ( 0.0000000000000000000, 0.0000000000000000000, -1.000000000000000000 ) ) ;
#5600 = CARTESIAN_POINT ( 'NONE',  ( 2.660000000000000100, 3.000000000000000000, 0.4499999999999998400 ) ) ;
#5601 = VERTEX_POINT ( 'NONE', #5855 ) ;
#5602 = LINE ( 'NONE', #5245, #5731 ) ;
#5603 = VERTEX_POINT ( 'NONE', #513 ) ;
#5604 = PRESENTATION_STYLE_ASSIGNMENT (( #7620 ) ) ;
#5605 =( NAMED_UNIT ( * ) PLANE_ANGLE_UNIT ( ) SI_UNIT ( $, .RADIAN. ) );
#5606 = AXIS2_PLACEMENT_3D ( 'NONE', #8902, #7127, #4509 ) ;
#5607 = CARTESIAN_POINT ( 'NONE',  ( -5.020000000000001400, 1.200000000000000000, 1.529999999999999800 ) ) ;
#5608 = ORIENTED_EDGE ( 'NONE', *, *, #8510, .T. ) ;
#5609 = PRESENTATION_LAYER_ASSIGNMENT (  '', '', ( #9310 ) ) ;
#5610 = ADVANCED_FACE ( 'NONE', ( #8303 ), #8451, .T. ) ;
#5611 = CARTESIAN_POINT ( 'NONE',  ( 4.000000000000001800, 1.700000000000000200, 4.699999999999996600 ) ) ;
#5612 = FILL_AREA_STYLE ('',( #4714 ) ) ;
#5613 = ORIENTED_EDGE ( 'NONE', *, *, #5805, .T. ) ;
#5614 = FILL_AREA_STYLE_COLOUR ( '', #11345 ) ;
#5615 = VERTEX_POINT ( 'NONE', #6738 ) ;
#5616 = AXIS2_PLACEMENT_3D ( 'NONE', #8171, #2902, #9052 ) ;
#5617 = VECTOR ( 'NONE', #10202, 1000.000000000000000 ) ;
#5618 = PLANE ( 'NONE',  #4275 ) ;
#5619 = FACE_OUTER_BOUND ( 'NONE', #5939, .T. ) ;
#5620 = CARTESIAN_POINT ( 'NONE',  ( -3.699999999999999300, 0.09999999999999982500, 1.749999999999996400 ) ) ;
#5621 = ADVANCED_FACE ( 'NONE', ( #9835 ), #7648, .T. ) ;
#5622 = VERTEX_POINT ( 'NONE', #6762 ) ;
#5623 =( GEOMETRIC_REPRESENTATION_CONTEXT ( 3 ) GLOBAL_UNCERTAINTY_ASSIGNED_CONTEXT ( ( #5347 ) ) GLOBAL_UNIT_ASSIGNED_CONTEXT ( ( #9904, #4618, #10793 ) ) REPRESENTATION_CONTEXT ( 'NONE', 'WORKASPACE' ) );
#5624 = EDGE_LOOP ( 'NONE', ( #2398, #8731, #9864, #1527 ) ) ;
#5625 = FILL_AREA_STYLE ('',( #7383 ) ) ;
#5626 = DIRECTION ( 'NONE',  ( 0.0000000000000000000, 0.0000000000000000000, 1.000000000000000000 ) ) ;
#5627 = DIRECTION ( 'NONE',  ( 0.0000000000000000000, 1.294569758191649100E-016, -1.000000000000000000 ) ) ;
#5628 = AXIS2_PLACEMENT_3D ( 'NONE', #9066, #5586, #250 ) ;
#5629 = CARTESIAN_POINT ( 'NONE',  ( -2.339999999999999900, -0.3750000000000001100, 0.6499999999999975800 ) ) ;
#5630 = CARTESIAN_POINT ( 'NONE',  ( 1.409999999999999700, 0.2499999999999996700, 0.2999999999999966000 ) ) ;
#5631 = DIRECTION ( 'NONE',  ( 0.0000000000000000000, -0.7071067811865439100, 0.7071067811865512400 ) ) ;
#5632 = ORIENTED_EDGE ( 'NONE', *, *, #3144, .F. ) ;
#5633 = DIRECTION ( 'NONE',  ( 0.0000000000000000000, -0.7071067811865512400, -0.7071067811865439100 ) ) ;
#5634 = PRESENTATION_STYLE_ASSIGNMENT (( #5304 ) ) ;
#5635 = EDGE_CURVE ( 'NONE', #8310, #10555, #695, .T. ) ;
#5636 = EDGE_CURVE ( 'NONE', #11173, #3440, #2794, .T. ) ;
#5637 = CARTESIAN_POINT ( 'NONE',  ( -2.339999999999999900, 0.2499999999999996700, 0.2999999999999966000 ) ) ;
#5638 = VERTEX_POINT ( 'NONE', #5927 ) ;
#5639 = CARTESIAN_POINT ( 'NONE',  ( -2.339999999999999400, 0.0000000000000000000, 0.6499999999999986900 ) ) ;
#5640 = SURFACE_SIDE_STYLE ('',( #6321 ) ) ;
#5641 = CARTESIAN_POINT ( 'NONE',  ( 2.074999999999999700, 2.600000000000000100, 0.6499999999999978000 ) ) ;
#5642 = DIRECTION ( 'NONE',  ( 3.051828337366604500E-016, -0.0000000000000000000, 1.000000000000000000 ) ) ;
#5643 = EDGE_LOOP ( 'NONE', ( #7652, #7033, #8500, #2016 ) ) ;
#5644 = DIRECTION ( 'NONE',  ( -0.7071067811865452400, 0.7071067811865497900, -1.629776165692356900E-017 ) ) ;
#5645 = EDGE_CURVE ( 'NONE', #3325, #4820, #4871, .T. ) ;
#5646 = EDGE_LOOP ( 'NONE', ( #7636, #6276, #11259, #8844 ) ) ;
#5647 = EDGE_CURVE ( 'NONE', #2133, #3161, #9555, .T. ) ;
#5648 = ORIENTED_EDGE ( 'NONE', *, *, #4467, .F. ) ;
#5649 = ORIENTED_EDGE ( 'NONE', *, *, #1597, .F. ) ;
#5650 = SURFACE_STYLE_FILL_AREA ( #2570 ) ;
#5651 = PLANE ( 'NONE',  #1752 ) ;
#5652 = EDGE_CURVE ( 'NONE', #4851, #11121, #7193, .T. ) ;
#5653 = ORIENTED_EDGE ( 'NONE', *, *, #2632, .T. ) ;
#5654 =( NAMED_UNIT ( * ) SI_UNIT ( $, .STERADIAN. ) SOLID_ANGLE_UNIT ( ) );
#5655 = VERTEX_POINT ( 'NONE', #5075 ) ;
#5656 = CARTESIAN_POINT ( 'NONE',  ( -4.524000000000000900, 1.100000000000000100, 0.3039999999999999400 ) ) ;
#5657 = VECTOR ( 'NONE', #6228, 1000.000000000000000 ) ;
#5658 = ADVANCED_FACE ( 'NONE', ( #2233 ), #634, .T. ) ;
#5659 = UNCERTAINTY_MEASURE_WITH_UNIT (LENGTH_MEASURE( 1.000000000000000100E-005 ), #4256, 'distance_accuracy_value', 'NONE');
#5660 =( GEOMETRIC_REPRESENTATION_CONTEXT ( 3 ) GLOBAL_UNCERTAINTY_ASSIGNED_CONTEXT ( ( #9080 ) ) GLOBAL_UNIT_ASSIGNED_CONTEXT ( ( #4852, #11020, #5751 ) ) REPRESENTATION_CONTEXT ( 'NONE', 'WORKASPACE' ) );
#5661 = AXIS2_PLACEMENT_3D ( 'NONE', #4177, #4068, #4022 ) ;
#5662 =( LENGTH_UNIT ( ) NAMED_UNIT ( * ) SI_UNIT ( .MILLI., .METRE. ) );
#5663 = ORIENTED_EDGE ( 'NONE', *, *, #10965, .F. ) ;
#5664 = ORIENTED_EDGE ( 'NONE', *, *, #9188, .T. ) ;
#5665 = VECTOR ( 'NONE', #7732, 1000.000000000000000 ) ;
#5666 = DIRECTION ( 'NONE',  ( 0.0000000000000000000, 1.000000000000000000, 1.126443815569353400E-015 ) ) ;
#5667 = CARTESIAN_POINT ( 'NONE',  ( -1.409999999999999900, 2.200000000000004200, 0.2999999999999989900 ) ) ;
#5668 = CARTESIAN_POINT ( 'NONE',  ( -3.050000000000000300, 1.700000000000000200, 3.399999999999995000 ) ) ;
#5669 = ORIENTED_EDGE ( 'NONE', *, *, #587, .F. ) ;
#5670 = SURFACE_STYLE_USAGE ( .BOTH. , #10959 ) ;
#5671 = DIRECTION ( 'NONE',  ( 0.0000000000000000000, 0.7071067811865439100, -0.7071067811865512400 ) ) ;
#5672 = EDGE_CURVE ( 'NONE', #9958, #285, #9264, .T. ) ;
#5673 = SURFACE_STYLE_FILL_AREA ( #7305 ) ;
#5674 = COLOUR_RGB ( '',0.8000000000000000400, 0.8078431372549019800, 0.8000000000000000400 ) ;
#5675 = ADVANCED_FACE ( 'NONE', ( #1385 ), #6019, .F. ) ;
#5676 = PRESENTATION_STYLE_ASSIGNMENT (( #3848 ) ) ;
#5677 = EDGE_LOOP ( 'NONE', ( #9631, #5653, #6086, #11300 ) ) ;
#5678 = LINE ( 'NONE', #1498, #10100 ) ;
#5679 = ORIENTED_EDGE ( 'NONE', *, *, #5278, .F. ) ;
#5680 = AXIS2_PLACEMENT_3D ( 'NONE', #4442, #10618, #5340 ) ;
#5681 = CARTESIAN_POINT ( 'NONE',  ( -5.700000000000001100, 0.9000000000000003600, 0.2539999999999999500 ) ) ;
#5682 =( GEOMETRIC_REPRESENTATION_CONTEXT ( 3 ) GLOBAL_UNCERTAINTY_ASSIGNED_CONTEXT ( ( #1593 ) ) GLOBAL_UNIT_ASSIGNED_CONTEXT ( ( #17, #10896, #11302 ) ) REPRESENTATION_CONTEXT ( 'NONE', 'WORKASPACE' ) );
#5683 = AXIS2_PLACEMENT_3D ( 'NONE', #67, #8052, #2792 ) ;
#5684 = ORIENTED_EDGE ( 'NONE', *, *, #9025, .F. ) ;
#5685 = EDGE_LOOP ( 'NONE', ( #2327, #7560, #8392, #9331 ) ) ;
#5686 = CARTESIAN_POINT ( 'NONE',  ( 4.220000000000000600, 1.200000000000000000, 1.529999999999999800 ) ) ;
#5687 = CARTESIAN_POINT ( 'NONE',  ( -2.339999999999999900, 2.549999999999999800, 0.4499999999999999000 ) ) ;
#5688 = VECTOR ( 'NONE', #9279, 1000.000000000000000 ) ;
#5689 = FILL_AREA_STYLE ('',( #4836 ) ) ;
#5690 = LINE ( 'NONE', #7912, #958 ) ;
#5691 = VECTOR ( 'NONE', #1412, 1000.000000000000000 ) ;
#5692 = CARTESIAN_POINT ( 'NONE',  ( -1.090000000000000100, -0.3750000000000005000, 3.499999999999986700 ) ) ;
#5693 = CARTESIAN_POINT ( 'NONE',  ( -2.660000000000000100, 2.500000000000000000, -1.084202172485504400E-016 ) ) ;
#5694 = LINE ( 'NONE', #2855, #7749 ) ;
#5695 = AXIS2_PLACEMENT_3D ( 'NONE', #1814, #3648, #9799 ) ;
#5696 =( NAMED_UNIT ( * ) SI_UNIT ( $, .STERADIAN. ) SOLID_ANGLE_UNIT ( ) );
#5697 = ORIENTED_EDGE ( 'NONE', *, *, #5130, .T. ) ;
#5698 = PRESENTATION_STYLE_ASSIGNMENT (( #7298 ) ) ;
#5699 =( GEOMETRIC_REPRESENTATION_CONTEXT ( 3 ) GLOBAL_UNCERTAINTY_ASSIGNED_CONTEXT ( ( #1652 ) ) GLOBAL_UNIT_ASSIGNED_CONTEXT ( ( #5506, #181, #6424 ) ) REPRESENTATION_CONTEXT ( 'NONE', 'WORKASPACE' ) );
#5700 = VERTEX_POINT ( 'NONE', #675 ) ;
#5701 = ORIENTED_EDGE ( 'NONE', *, *, #55, .F. ) ;
#5702 = CARTESIAN_POINT ( 'NONE',  ( -1.409999999999999900, 0.4249999999999998200, 0.04999999999999753300 ) ) ;
#5703 = VECTOR ( 'NONE', #8725, 1000.000000000000000 ) ;
#5704 = DIRECTION ( 'NONE',  ( -0.0000000000000000000, -0.0000000000000000000, -1.000000000000000000 ) ) ;
#5705 = CARTESIAN_POINT ( 'NONE',  ( -5.020000000000001400, -1.100000000000000100, 1.529999999999999800 ) ) ;
#5706 = PRESENTATION_LAYER_ASSIGNMENT (  '', '', ( #5105 ) ) ;
#5707 = CARTESIAN_POINT ( 'NONE',  ( 3.750000000000000000, 0.4249999999999998200, 0.6499999999999980200 ) ) ;
#5708 = ORIENTED_EDGE ( 'NONE', *, *, #743, .F. ) ;
#5709 = LINE ( 'NONE', #6050, #8865 ) ;
#5710 = UNCERTAINTY_MEASURE_WITH_UNIT (LENGTH_MEASURE( 1.000000000000000100E-005 ), #3226, 'distance_accuracy_value', 'NONE');
#5711 = VERTEX_POINT ( 'NONE', #1592 ) ;
#5712 = EDGE_LOOP ( 'NONE', ( #411, #6487, #1258, #2997, #1914, #6827, #8272, #3668, #7943, #2376, #3481, #10726 ) ) ;
#5713 = SURFACE_STYLE_FILL_AREA ( #9692 ) ;
#5714 = EDGE_CURVE ( 'NONE', #3190, #316, #6127, .T. ) ;
#5715 = DIRECTION ( 'NONE',  ( -1.000000000000000000, -0.0000000000000000000, -0.0000000000000000000 ) ) ;
#5716 = SURFACE_STYLE_FILL_AREA ( #9265 ) ;
#5717 = PRESENTATION_STYLE_ASSIGNMENT (( #2896 ) ) ;
#5718 = STYLED_ITEM ( 'NONE', ( #5421 ), #4925 ) ;
#5719 = EDGE_CURVE ( 'NONE', #1307, #805, #8145, .T. ) ;
#5720 = FILL_AREA_STYLE_COLOUR ( '', #8698 ) ;
#5721 = CARTESIAN_POINT ( 'NONE',  ( -3.999999999999999100, -0.9999999999999986700, 4.699999999999995700 ) ) ;
#5722 = CARTESIAN_POINT ( 'NONE',  ( -1.090000000000000100, -0.6250000000000003300, 0.6499999999999964700 ) ) ;
#5723 = ORIENTED_EDGE ( 'NONE', *, *, #1347, .F. ) ;
#5724 = ORIENTED_EDGE ( 'NONE', *, *, #5951, .F. ) ;
#5725 = VECTOR ( 'NONE', #304, 1000.000000000000000 ) ;
#5726 = FACE_OUTER_BOUND ( 'NONE', #9314, .T. ) ;
#5727 = COLOUR_RGB ( '',0.8000000000000000400, 0.8078431372549019800, 0.8000000000000000400 ) ;
#5728 = VECTOR ( 'NONE', #10021, 1000.000000000000000 ) ;
#5729 = PLANE ( 'NONE',  #4283 ) ;
#5730 = ADVANCED_FACE ( 'NONE', ( #1092 ), #6911, .T. ) ;
#5731 = VECTOR ( 'NONE', #3540, 1000.000000000000000 ) ;
#5732 = CARTESIAN_POINT ( 'NONE',  ( 3.999999999999997300, -1.100000000000000100, 1.750000000000003100 ) ) ;
#5733 = EDGE_CURVE ( 'NONE', #9119, #8036, #7884, .T. ) ;
#5734 = EDGE_LOOP ( 'NONE', ( #9347, #2470, #7613, #6971, #7411, #1704, #9930, #2218, #3130, #4030, #1241, #1448, #4888, #7764, #2326 ) ) ;
#5735 = ORIENTED_EDGE ( 'NONE', *, *, #10886, .F. ) ;
#5736 = ORIENTED_EDGE ( 'NONE', *, *, #4768, .F. ) ;
#5737 = PLANE ( 'NONE',  #4863 ) ;
#5738 = ORIENTED_EDGE ( 'NONE', *, *, #8811, .F. ) ;
#5739 = DIRECTION ( 'NONE',  ( -0.5773502691896258400, 0.5773502691896259500, -0.5773502691896256200 ) ) ;
#5740 = EDGE_CURVE ( 'NONE', #7096, #6106, #3492, .T. ) ;
#5741 = CARTESIAN_POINT ( 'NONE',  ( 0.1599999999999999800, -0.3750000000000005600, 3.999999999999993300 ) ) ;
#5742 = EDGE_CURVE ( 'NONE', #2708, #2067, #5538, .T. ) ;
#5743 = DIRECTION ( 'NONE',  ( 0.0000000000000000000, -0.0000000000000000000, -1.000000000000000000 ) ) ;
#5744 = ORIENTED_EDGE ( 'NONE', *, *, #9529, .F. ) ;
#5745 = EDGE_LOOP ( 'NONE', ( #7638, #8802, #2385, #4089, #5473 ) ) ;
#5746 = ADVANCED_FACE ( 'NONE', ( #824 ), #8718, .T. ) ;
#5747 = CARTESIAN_POINT ( 'NONE',  ( 2.425000000000000700, 3.673118842698620300, 2.099999999999996100 ) ) ;
#5748 = ORIENTED_EDGE ( 'NONE', *, *, #282, .T. ) ;
#5749 = VERTEX_POINT ( 'NONE', #2578 ) ;
#5750 = VECTOR ( 'NONE', #6364, 1000.000000000000000 ) ;
#5751 =( NAMED_UNIT ( * ) SI_UNIT ( $, .STERADIAN. ) SOLID_ANGLE_UNIT ( ) );
#5752 = EDGE_CURVE ( 'NONE', #8757, #2134, #10247, .T. ) ;
#5753 = CARTESIAN_POINT ( 'NONE',  ( 0.1599999999999999800, -0.3750000000000001100, 0.6499999999999975800 ) ) ;
#5754 = ORIENTED_EDGE ( 'NONE', *, *, #7271, .T. ) ;
#5755 = FACE_OUTER_BOUND ( 'NONE', #6229, .T. ) ;
#5756 = MECHANICAL_DESIGN_GEOMETRIC_PRESENTATION_REPRESENTATION (  '', ( #3974 ), #6335 ) ;
#5757 = FACE_OUTER_BOUND ( 'NONE', #9217, .T. ) ;
#5758 =( GEOMETRIC_REPRESENTATION_CONTEXT ( 3 ) GLOBAL_UNCERTAINTY_ASSIGNED_CONTEXT ( ( #8604 ) ) GLOBAL_UNIT_ASSIGNED_CONTEXT ( ( #4317, #3636, #6153 ) ) REPRESENTATION_CONTEXT ( 'NONE', 'WORKASPACE' ) );
#5759 = DIRECTION ( 'NONE',  ( -1.172110456741085800E-016, 1.000000000000000000, 0.0000000000000000000 ) ) ;
#5760 = ORIENTED_EDGE ( 'NONE', *, *, #142, .T. ) ;
#5761 = ORIENTED_EDGE ( 'NONE', *, *, #8363, .T. ) ;
#5762 = ORIENTED_EDGE ( 'NONE', *, *, #10736, .T. ) ;
#5763 = ORIENTED_EDGE ( 'NONE', *, *, #10680, .T. ) ;
#5764 = CARTESIAN_POINT ( 'NONE',  ( 3.699999999999995700, 0.8499999999999996400, 1.749999999999996400 ) ) ;
#5765 = STYLED_ITEM ( 'NONE', ( #11231 ), #10990 ) ;
#5766 = MECHANICAL_DESIGN_GEOMETRIC_PRESENTATION_REPRESENTATION (  '', ( #3980 ), #6347 ) ;
#5767 = LINE ( 'NONE', #4359, #7820 ) ;
#5768 = CARTESIAN_POINT ( 'NONE',  ( -4.000000000000000000, -1.100000000000000100, 2.400000000000000800 ) ) ;
#5769 = CARTESIAN_POINT ( 'NONE',  ( 2.440000000000000400, -0.2500000000000006700, 3.999999999999993300 ) ) ;
#5770 = CARTESIAN_POINT ( 'NONE',  ( 4.200000000000000200, -1.100000000000000100, 2.200000000000000200 ) ) ;
#5771 = CARTESIAN_POINT ( 'NONE',  ( -2.660000000000000100, 0.2499999999999996700, 0.2999999999999966000 ) ) ;
#5772 = AXIS2_PLACEMENT_3D ( 'NONE', #4220, #10384, #5098 ) ;
#5773 = CARTESIAN_POINT ( 'NONE',  ( 4.524000000000000900, -1.100000000000000100, 1.530000000000000000 ) ) ;
#5774 = STYLED_ITEM ( 'NONE', ( #5391 ), #2422 ) ;
#5775 = DIRECTION ( 'NONE',  ( 0.0000000000000000000, -1.000000000000000000, -2.032879073410321300E-016 ) ) ;
#5776 = EDGE_CURVE ( 'NONE', #599, #1341, #5267, .T. ) ;
#5777 =( NAMED_UNIT ( * ) SI_UNIT ( $, .STERADIAN. ) SOLID_ANGLE_UNIT ( ) );
#5778 = AXIS2_PLACEMENT_3D ( 'NONE', #8321, #3053, #9199 ) ;
#5779 = CARTESIAN_POINT ( 'NONE',  ( -1.675000000000000500, 2.600000000000000100, 0.6499999999999984700 ) ) ;
#5780 = ADVANCED_FACE ( 'NONE', ( #4995 ), #7865, .T. ) ;
#5781 = ORIENTED_EDGE ( 'NONE', *, *, #6605, .F. ) ;
#5782 = LINE ( 'NONE', #6808, #3154 ) ;
#5783 = UNCERTAINTY_MEASURE_WITH_UNIT (LENGTH_MEASURE( 1.000000000000000100E-005 ), #5570, 'distance_accuracy_value', 'NONE');
#5784 = FILL_AREA_STYLE ('',( #5875 ) ) ;
#5785 = DIRECTION ( 'NONE',  ( 1.000000000000000000, 0.0000000000000000000, -3.049318610115480700E-016 ) ) ;
#5786 =( NAMED_UNIT ( * ) SI_UNIT ( $, .STERADIAN. ) SOLID_ANGLE_UNIT ( ) );
#5787 = CARTESIAN_POINT ( 'NONE',  ( -3.699999999999999700, 0.09999999999999999200, 4.699999999999995700 ) ) ;
#5788 = ORIENTED_EDGE ( 'NONE', *, *, #9880, .T. ) ;
#5789 = ADVANCED_FACE ( 'NONE', ( #8845 ), #3544, .F. ) ;
#5790 = VERTEX_POINT ( 'NONE', #11392 ) ;
#5791 = EDGE_CURVE ( 'NONE', #5373, #6088, #5690, .T. ) ;
#5792 = ORIENTED_EDGE ( 'NONE', *, *, #8870, .F. ) ;
#5793 = EDGE_CURVE ( 'NONE', #6970, #11133, #8014, .T. ) ;
#5794 = ORIENTED_EDGE ( 'NONE', *, *, #8288, .F. ) ;
#5795 = SURFACE_SIDE_STYLE ('',( #9113 ) ) ;
#5796 = ORIENTED_EDGE ( 'NONE', *, *, #196, .F. ) ;
#5797 = CARTESIAN_POINT ( 'NONE',  ( -1.090000000000000100, 2.500000000000000000, -1.084202172485504400E-016 ) ) ;
#5798 = CARTESIAN_POINT ( 'NONE',  ( -0.1599999999999999800, 3.000000000000000000, 0.4499999999999998400 ) ) ;
#5799 = CARTESIAN_POINT ( 'NONE',  ( -2.660000000000000100, -0.6250000000000003300, 0.2999999999999964900 ) ) ;
#5800 = VECTOR ( 'NONE', #11175, 1000.000000000000000 ) ;
#5801 = CARTESIAN_POINT ( 'NONE',  ( -5.500000000000001800, -1.100000000000000100, -4.960040550996611700E-017 ) ) ;
#5802 = ORIENTED_EDGE ( 'NONE', *, *, #6619, .T. ) ;
#5803 = PLANE ( 'NONE',  #10918 ) ;
#5804 = DIRECTION ( 'NONE',  ( -0.0000000000000000000, -1.000000000000000000, -0.0000000000000000000 ) ) ;
#5805 = EDGE_CURVE ( 'NONE', #9657, #2133, #3347, .T. ) ;
#5806 = EDGE_LOOP ( 'NONE', ( #7753, #3176, #397, #4957 ) ) ;
#5807 = ORIENTED_EDGE ( 'NONE', *, *, #9434, .F. ) ;
#5808 = CARTESIAN_POINT ( 'NONE',  ( 1.409999999999999700, -0.3750000000000001100, 0.6499999999999975800 ) ) ;
#5809 = VECTOR ( 'NONE', #3916, 1000.000000000000200 ) ;
#5810 = FACE_OUTER_BOUND ( 'NONE', #9393, .T. ) ;
#5811 = UNCERTAINTY_MEASURE_WITH_UNIT (LENGTH_MEASURE( 1.000000000000000100E-005 ), #3401, 'distance_accuracy_value', 'NONE');
#5812 = PLANE ( 'NONE',  #2589 ) ;
#5813 = SURFACE_SIDE_STYLE ('',( #248 ) ) ;
#5814 = EDGE_CURVE ( 'NONE', #2253, #1897, #7747, .T. ) ;
#5815 = LINE ( 'NONE', #4008, #7860 ) ;
#5816 = DIRECTION ( 'NONE',  ( -0.0000000000000000000, -1.000000000000000000, -0.0000000000000000000 ) ) ;
#5817 = LINE ( 'NONE', #7059, #10224 ) ;
#5818 = ORIENTED_EDGE ( 'NONE', *, *, #8271, .T. ) ;
#5819 = LINE ( 'NONE', #351, #3471 ) ;
#5820 = ORIENTED_EDGE ( 'NONE', *, *, #6254, .T. ) ;
#5821 = SURFACE_STYLE_USAGE ( .BOTH. , #1751 ) ;
#5822 = ORIENTED_EDGE ( 'NONE', *, *, #404, .T. ) ;
#5823 =( GEOMETRIC_REPRESENTATION_CONTEXT ( 3 ) GLOBAL_UNCERTAINTY_ASSIGNED_CONTEXT ( ( #6650 ) ) GLOBAL_UNIT_ASSIGNED_CONTEXT ( ( #10561, #5263, #11428 ) ) REPRESENTATION_CONTEXT ( 'NONE', 'WORKASPACE' ) );
#5824 = AXIS2_PLACEMENT_3D ( 'NONE', #3694, #3768, #4206 ) ;
#5825 = VECTOR ( 'NONE', #4251, 1000.000000000000000 ) ;
#5826 = PLANE ( 'NONE',  #9461 ) ;
#5827 = VECTOR ( 'NONE', #11016, 1000.000000000000000 ) ;
#5828 = ORIENTED_EDGE ( 'NONE', *, *, #7987, .T. ) ;
#5829 = VERTEX_POINT ( 'NONE', #7979 ) ;
#5830 = PLANE ( 'NONE',  #8329 ) ;
#5831 = PRESENTATION_LAYER_ASSIGNMENT (  '', '', ( #4629 ) ) ;
#5832 = DIRECTION ( 'NONE',  ( 1.000000000000000000, 0.0000000000000000000, 0.0000000000000000000 ) ) ;
#5833 = VECTOR ( 'NONE', #4522, 1000.000000000000000 ) ;
#5834 = LINE ( 'NONE', #1016, #7883 ) ;
#5835 = VECTOR ( 'NONE', #1312, 1000.000000000000100 ) ;
#5836 = VECTOR ( 'NONE', #721, 1000.000000000000000 ) ;
#5837 = LINE ( 'NONE', #5641, #8147 ) ;
#5838 = FACE_OUTER_BOUND ( 'NONE', #9901, .T. ) ;
#5839 =( GEOMETRIC_REPRESENTATION_CONTEXT ( 3 ) GLOBAL_UNCERTAINTY_ASSIGNED_CONTEXT ( ( #8518 ) ) GLOBAL_UNIT_ASSIGNED_CONTEXT ( ( #2479, #8645, #3381 ) ) REPRESENTATION_CONTEXT ( 'NONE', 'WORKASPACE' ) );
#5840 = AXIS2_PLACEMENT_3D ( 'NONE', #6959, #9618, #4336 ) ;
#5841 = PRESENTATION_STYLE_ASSIGNMENT (( #5382 ) ) ;
#5842 = ORIENTED_EDGE ( 'NONE', *, *, #2392, .T. ) ;
#5844 = ADVANCED_FACE ( 'NONE', ( #3068 ), #905, .T. ) ;
#5843 = ORIENTED_EDGE ( 'NONE', *, *, #2761, .T. ) ;
#5845 = LINE ( 'NONE', #6337, #10528 ) ;
#5846 =( LENGTH_UNIT ( ) NAMED_UNIT ( * ) SI_UNIT ( .MILLI., .METRE. ) );
#5847 = DIRECTION ( 'NONE',  ( -3.971436529250929000E-016, 0.0000000000000000000, 1.000000000000000000 ) ) ;
#5848 = DIRECTION ( 'NONE',  ( 0.7071067811865475700, -0.7071067811865475700, 0.0000000000000000000 ) ) ;
#5849 = LINE ( 'NONE', #11149, #10257 ) ;
#5850 = DIRECTION ( 'NONE',  ( -0.0000000000000000000, 0.7071067811865455700, 0.7071067811865493500 ) ) ;
#5851 = VECTOR ( 'NONE', #8717, 1000.000000000000000 ) ;
#5852 = DIRECTION ( 'NONE',  ( -1.000000000000000000, 1.807003620809169700E-016, 0.0000000000000000000 ) ) ;
#5853 = VECTOR ( 'NONE', #876, 1000.000000000000000 ) ;
#5854 = AXIS2_PLACEMENT_3D ( 'NONE', #6159, #8783, #3532 ) ;
#5855 = CARTESIAN_POINT ( 'NONE',  ( -2.339999999999999400, -0.3750000000000003300, 0.6499999999999984700 ) ) ;
#5856 = LINE ( 'NONE', #6701, #3509 ) ;
#5857 = ORIENTED_EDGE ( 'NONE', *, *, #11035, .T. ) ;
#5858 = ORIENTED_EDGE ( 'NONE', *, *, #8665, .T. ) ;
#5859 = LINE ( 'NONE', #6049, #7902 ) ;
#5860 = ADVANCED_FACE ( 'NONE', ( #2220 ), #10851, .F. ) ;
#5861 = FACE_OUTER_BOUND ( 'NONE', #8536, .T. ) ;
#5862 = DIRECTION ( 'NONE',  ( 0.0000000000000000000, 1.000000000000000000, 0.0000000000000000000 ) ) ;
#5863 = VECTOR ( 'NONE', #7393, 1000.000000000000000 ) ;
#5864 = LINE ( 'NONE', #5525, #5564 ) ;
#5865 =( NAMED_UNIT ( * ) SI_UNIT ( $, .STERADIAN. ) SOLID_ANGLE_UNIT ( ) );
#5866 = PRESENTATION_LAYER_ASSIGNMENT (  '', '', ( #4651 ) ) ;
#5867 = VECTOR ( 'NONE', #2487, 1000.000000000000000 ) ;
#5868 = LINE ( 'NONE', #3180, #7911 ) ;
#5869 =( LENGTH_UNIT ( ) NAMED_UNIT ( * ) SI_UNIT ( .MILLI., .METRE. ) );
#5870 = ORIENTED_EDGE ( 'NONE', *, *, #3572, .T. ) ;
#5871 = ORIENTED_EDGE ( 'NONE', *, *, #201, .F. ) ;
#5872 = EDGE_LOOP ( 'NONE', ( #7314, #10428, #4637, #1394 ) ) ;
#5873 = LINE ( 'NONE', #698, #2687 ) ;
#5874 = EDGE_CURVE ( 'NONE', #7056, #5172, #11328, .T. ) ;
#5875 = FILL_AREA_STYLE_COLOUR ( '', #10031 ) ;
#5876 = LINE ( 'NONE', #2588, #3251 ) ;
#5877 = COLOUR_RGB ( '',0.8000000000000000400, 0.8078431372549019800, 0.8000000000000000400 ) ;
#5878 = DIRECTION ( 'NONE',  ( 0.0000000000000000000, 0.0000000000000000000, -1.000000000000000000 ) ) ;
#5879 = DIRECTION ( 'NONE',  ( 0.0000000000000000000, -1.126443815569353600E-015, 1.000000000000000000 ) ) ;
#5880 = SURFACE_SIDE_STYLE ('',( #4972 ) ) ;
#5881 = ORIENTED_EDGE ( 'NONE', *, *, #8362, .T. ) ;
#5882 = ORIENTED_EDGE ( 'NONE', *, *, #10829, .F. ) ;
#5883 = ORIENTED_EDGE ( 'NONE', *, *, #7618, .T. ) ;
#5884 = LINE ( 'NONE', #2114, #5591 ) ;
#5885 = EDGE_CURVE ( 'NONE', #10111, #9028, #6659, .T. ) ;
#5886 = CARTESIAN_POINT ( 'NONE',  ( -3.699999999999999300, 0.8499999999999996400, 1.749999999999996400 ) ) ;
#5887 = EDGE_CURVE ( 'NONE', #2073, #6535, #4298, .T. ) ;
#5888 = DIRECTION ( 'NONE',  ( 0.0000000000000000000, 1.000000000000000000, 0.0000000000000000000 ) ) ;
#5889 = CARTESIAN_POINT ( 'NONE',  ( 1.724999999999999900, -1.100000000000000100, 4.699999999999995700 ) ) ;
#5890 = EDGE_CURVE ( 'NONE', #2067, #5239, #11054, .T. ) ;
#5891 = VERTEX_POINT ( 'NONE', #5611 ) ;
#5892 = EDGE_LOOP ( 'NONE', ( #9160, #10636, #7925, #10314 ) ) ;
#5893 = FACE_OUTER_BOUND ( 'NONE', #1099, .T. ) ;
#5894 = CARTESIAN_POINT ( 'NONE',  ( 4.524000000000000900, -1.100000000000000100, 0.2540000000000000000 ) ) ;
#5895 = VERTEX_POINT ( 'NONE', #10881 ) ;
#5896 = DIRECTION ( 'NONE',  ( 0.0000000000000000000, 1.000000000000000000, -1.355252715606881500E-016 ) ) ;
#5897 = DIRECTION ( 'NONE',  ( -1.000000000000000000, 0.0000000000000000000, 1.084202172485505400E-015 ) ) ;
#5898 =( GEOMETRIC_REPRESENTATION_CONTEXT ( 3 ) GLOBAL_UNCERTAINTY_ASSIGNED_CONTEXT ( ( #11074 ) ) GLOBAL_UNIT_ASSIGNED_CONTEXT ( ( #7279, #9349, #3956 ) ) REPRESENTATION_CONTEXT ( 'NONE', 'WORKASPACE' ) );
#5899 = CARTESIAN_POINT ( 'NONE',  ( -3.500000000000001300, -1.100000000000000300, 0.04999999999999980800 ) ) ;
#5900 = CARTESIAN_POINT ( 'NONE',  ( 3.699999999999995700, 0.8499999999999996400, 1.749999999999996400 ) ) ;
#5901 = ORIENTED_EDGE ( 'NONE', *, *, #2297, .T. ) ;
#5902 = VERTEX_POINT ( 'NONE', #2037 ) ;
#5903 = LINE ( 'NONE', #435, #10588 ) ;
#5904 =( LENGTH_UNIT ( ) NAMED_UNIT ( * ) SI_UNIT ( .MILLI., .METRE. ) );
#5905 = ADVANCED_FACE ( 'NONE', ( #4020 ), #2951, .T. ) ;
#5906 = MECHANICAL_DESIGN_GEOMETRIC_PRESENTATION_REPRESENTATION (  '', ( #4115 ), #6491 ) ;
#5907 = EDGE_CURVE ( 'NONE', #10524, #597, #808, .T. ) ;
#5908 = DIRECTION ( 'NONE',  ( -0.0000000000000000000, -1.000000000000000000, -0.0000000000000000000 ) ) ;
#5909 = EDGE_LOOP ( 'NONE', ( #8877, #7290, #10673, #3269 ) ) ;
#5910 = SURFACE_STYLE_USAGE ( .BOTH. , #11161 ) ;
#5911 =( GEOMETRIC_REPRESENTATION_CONTEXT ( 3 ) GLOBAL_UNCERTAINTY_ASSIGNED_CONTEXT ( ( #7665 ) ) GLOBAL_UNIT_ASSIGNED_CONTEXT ( ( #2258, #8412, #3149 ) ) REPRESENTATION_CONTEXT ( 'NONE', 'WORKASPACE' ) );
#5912 = AXIS2_PLACEMENT_3D ( 'NONE', #2367, #1501, #4997 ) ;
#5913 = DIRECTION ( 'NONE',  ( 1.000000000000000000, 0.0000000000000000000, 4.371782953570583600E-016 ) ) ;
#5914 = ADVANCED_FACE ( 'NONE', ( #7593, #5521, #3192, #9954, #5256, #2915 ), #3030, .F. ) ;
#5915 = FILL_AREA_STYLE ('',( #7672 ) ) ;
#5916 = CARTESIAN_POINT ( 'NONE',  ( -5.020000000000001400, 1.200000000000000000, 1.275999999999999800 ) ) ;
#5917 = PRESENTATION_LAYER_ASSIGNMENT (  '', '', ( #4721 ) ) ;
#5918 = CARTESIAN_POINT ( 'NONE',  ( -5.020000000000001400, 1.100000000000000100, 1.529999999999999800 ) ) ;
#5919 = ORIENTED_EDGE ( 'NONE', *, *, #2564, .F. ) ;
#5920 = SURFACE_STYLE_FILL_AREA ( #4406 ) ;
#5921 = SURFACE_STYLE_USAGE ( .BOTH. , #11172 ) ;
#5922 = CARTESIAN_POINT ( 'NONE',  ( 1.409999999999999700, 0.4249999999999998200, 0.6499999999999964700 ) ) ;
#5923 =( NAMED_UNIT ( * ) PLANE_ANGLE_UNIT ( ) SI_UNIT ( $, .RADIAN. ) );
#5924 = DIRECTION ( 'NONE',  ( 0.0000000000000000000, 0.0000000000000000000, -1.000000000000000000 ) ) ;
#5925 = AXIS2_PLACEMENT_3D ( 'NONE', #9278, #4004, #10190 ) ;
#5926 = CARTESIAN_POINT ( 'NONE',  ( -1.090000000000000100, 0.4249999999999998200, 3.499999999999981300 ) ) ;
#5927 = CARTESIAN_POINT ( 'NONE',  ( -3.399999999999999500, 0.8499999999999996400, 1.749999999999996400 ) ) ;
#5928 = SURFACE_SIDE_STYLE ('',( #3241 ) ) ;
#5929 = EDGE_LOOP ( 'NONE', ( #7960, #11376, #1060, #4844 ) ) ;
#5930 = CARTESIAN_POINT ( 'NONE',  ( 0.1599999999999999800, -0.6250000000000003300, 0.6499999999999964700 ) ) ;
#5931 = EDGE_CURVE ( 'NONE', #8968, #11173, #7321, .T. ) ;
#5932 =( NAMED_UNIT ( * ) SI_UNIT ( $, .STERADIAN. ) SOLID_ANGLE_UNIT ( ) );
#5933 = VERTEX_POINT ( 'NONE', #2131 ) ;
#5934 = STYLED_ITEM ( 'NONE', ( #11368 ), #4752 ) ;
#5935 = EDGE_CURVE ( 'NONE', #1149, #923, #4981, .T. ) ;
#5936 = ORIENTED_EDGE ( 'NONE', *, *, #9087, .T. ) ;
#5937 = PLANE ( 'NONE',  #8542 ) ;
#5938 = CARTESIAN_POINT ( 'NONE',  ( 4.000000000000001800, 1.700000000000000200, 3.699999999999996600 ) ) ;
#5939 = EDGE_LOOP ( 'NONE', ( #4866, #5323, #11181, #5492 ) ) ;
#5940 = ORIENTED_EDGE ( 'NONE', *, *, #5416, .T. ) ;
#5941 = VERTEX_POINT ( 'NONE', #3950 ) ;
#5942 = VECTOR ( 'NONE', #6905, 1000.000000000000000 ) ;
#5943 = ORIENTED_EDGE ( 'NONE', *, *, #759, .T. ) ;
#5944 = UNCERTAINTY_MEASURE_WITH_UNIT (LENGTH_MEASURE( 1.000000000000000100E-005 ), #4599, 'distance_accuracy_value', 'NONE');
#5945 = ORIENTED_EDGE ( 'NONE', *, *, #2834, .F. ) ;
#5946 = LINE ( 'NONE', #2784, #5657 ) ;
#5947 = DIRECTION ( 'NONE',  ( 0.0000000000000000000, 1.000000000000000000, 0.0000000000000000000 ) ) ;
#5948 = CARTESIAN_POINT ( 'NONE',  ( -3.049999999999999400, 2.299999999999999800, 3.699999999999996600 ) ) ;
#5949 = EDGE_CURVE ( 'NONE', #8967, #11303, #9672, .T. ) ;
#5950 = VECTOR ( 'NONE', #10335, 1000.000000000000000 ) ;
#5951 = EDGE_CURVE ( 'NONE', #1789, #6822, #2644, .T. ) ;
#5952 = VECTOR ( 'NONE', #10931, 1000.000000000000000 ) ;
#5953 = EDGE_CURVE ( 'NONE', #5655, #9563, #4706, .T. ) ;
#5954 = VERTEX_POINT ( 'NONE', #9207 ) ;
#5955 = LINE ( 'NONE', #6776, #5385 ) ;
#5956 = DIRECTION ( 'NONE',  ( -0.0000000000000000000, -1.000000000000000000, -0.0000000000000000000 ) ) ;
#5957 = ADVANCED_FACE ( 'NONE', ( #7040, #2068 ), #3110, .F. ) ;
#5958 = FILL_AREA_STYLE_COLOUR ( '', #6103 ) ;
#5959 = VECTOR ( 'NONE', #1880, 1000.000000000000000 ) ;
#5960 = CARTESIAN_POINT ( 'NONE',  ( 1.724999999999999900, -0.6999999999999988500, 1.749999999999996400 ) ) ;
#5961 = CARTESIAN_POINT ( 'NONE',  ( 2.339999999999999900, 0.4249999999999998200, 0.04999999999999753300 ) ) ;
#5962 = CARTESIAN_POINT ( 'NONE',  ( -0.1599999999999999800, 0.2499999999999996700, 0.1799999999999966600 ) ) ;
#5963 = SURFACE_SIDE_STYLE ('',( #4457 ) ) ;
#5964 = LINE ( 'NONE', #1133, #10365 ) ;
#5965 = ORIENTED_EDGE ( 'NONE', *, *, #7335, .T. ) ;
#5966 = CYLINDRICAL_SURFACE ( 'NONE', #11210, 0.05000000000000002400 ) ;
#5967 = ORIENTED_EDGE ( 'NONE', *, *, #4087, .T. ) ;
#5968 = VERTEX_POINT ( 'NONE', #11031 ) ;
#5969 = PLANE ( 'NONE',  #546 ) ;
#5970 = ADVANCED_FACE ( 'NONE', ( #11468 ), #2195, .T. ) ;
#5971 = CARTESIAN_POINT ( 'NONE',  ( -3.399999999999999500, 0.8499999999999996400, 4.399999999999995900 ) ) ;
#5972 = EDGE_CURVE ( 'NONE', #4938, #10000, #10363, .T. ) ;
#5973 = LINE ( 'NONE', #8160, #10376 ) ;
#5974 = LINE ( 'NONE', #10227, #8291 ) ;
#5975 = PLANE ( 'NONE',  #7669 ) ;
#5976 = DIRECTION ( 'NONE',  ( 0.1940285000290634100, 0.1455213750217966800, -0.9701425001453328800 ) ) ;
#5977 = CARTESIAN_POINT ( 'NONE',  ( -5.500000000000001800, -1.100000000000000100, -5.421010862427522200E-017 ) ) ;
#5978 = PLANE ( 'NONE',  #9581 ) ;
#5979 = SURFACE_STYLE_FILL_AREA ( #6443 ) ;
#5980 = ORIENTED_EDGE ( 'NONE', *, *, #8375, .T. ) ;
#5981 = VERTEX_POINT ( 'NONE', #5797 ) ;
#5982 = AXIS2_PLACEMENT_3D ( 'NONE', #507, #1423, #7596 ) ;
#5983 = MECHANICAL_DESIGN_GEOMETRIC_PRESENTATION_REPRESENTATION (  '', ( #4197 ), #6584 ) ;
#5984 = FACE_OUTER_BOUND ( 'NONE', #3591, .T. ) ;
#5985 = VECTOR ( 'NONE', #4343, 1000.000000000000000 ) ;
#5986 = VECTOR ( 'NONE', #4674, 1000.000000000000000 ) ;
#5987 = COLOUR_RGB ( '',0.8000000000000000400, 0.8078431372549019800, 0.8000000000000000400 ) ;
#5988 = SURFACE_SIDE_STYLE ('',( #8633 ) ) ;
#5989 = LINE ( 'NONE', #3712, #10672 ) ;
#5990 = CARTESIAN_POINT ( 'NONE',  ( 3.399999999999995900, 1.700000000000000200, 3.699999999999996600 ) ) ;
#5991 = CARTESIAN_POINT ( 'NONE',  ( 4.000000000000000900, -1.100000000000000100, 2.400000000000000800 ) ) ;
#5992 = MECHANICAL_DESIGN_GEOMETRIC_PRESENTATION_REPRESENTATION (  '', ( #4207 ), #6592 ) ;
#5993 = CARTESIAN_POINT ( 'NONE',  ( -2.925000000000000700, 2.600000000000000100, 0.6499999999999986900 ) ) ;
#5994 = VERTEX_POINT ( 'NONE', #1366 ) ;
#5995 = ORIENTED_EDGE ( 'NONE', *, *, #1885, .F. ) ;
#5996 = ORIENTED_EDGE ( 'NONE', *, *, #8078, .F. ) ;
#5997 = VECTOR ( 'NONE', #2905, 1000.000000000000000 ) ;
#5998 = PRESENTATION_STYLE_ASSIGNMENT (( #4086 ) ) ;
#5999 = VECTOR ( 'NONE', #1277, 1000.000000000000000 ) ;
#6000 = LINE ( 'NONE', #427, #10683 ) ;
#6001 = AXIS2_PLACEMENT_3D ( 'NONE', #5597, #261, #6490 ) ;
#6002 = DIRECTION ( 'NONE',  ( 0.0000000000000000000, 0.7071067811865453500, -0.7071067811865496800 ) ) ;
#6003 = PRESENTATION_LAYER_ASSIGNMENT (  '', '', ( #4807 ) ) ;
#6004 = CARTESIAN_POINT ( 'NONE',  ( -5.020000000000001400, 1.200000000000000000, 1.275999999999999800 ) ) ;
#6005 = EDGE_LOOP ( 'NONE', ( #11310, #7977, #7493, #30 ) ) ;
#6006 = VERTEX_POINT ( 'NONE', #4912 ) ;
#6007 = FILL_AREA_STYLE_COLOUR ( '', #3411 ) ;
#6008 = VECTOR ( 'NONE', #8245, 1000.000000000000000 ) ;
#6009 = FILL_AREA_STYLE_COLOUR ( '', #4680 ) ;
#6010 = FACE_OUTER_BOUND ( 'NONE', #8741, .T. ) ;
#6011 = SURFACE_SIDE_STYLE ('',( #6800 ) ) ;
#6012 = CARTESIAN_POINT ( 'NONE',  ( 4.000000000000000900, 2.600000000000000100, 0.04999999999999747700 ) ) ;
#6013 = EDGE_CURVE ( 'NONE', #9214, #7590, #3618, .T. ) ;
#6014 = CARTESIAN_POINT ( 'NONE',  ( 2.025000000000001700, -0.6999999999999992900, 4.399999999999995900 ) ) ;
#6015 = LINE ( 'NONE', #8893, #8327 ) ;
#6016 = LINE ( 'NONE', #7296, #5728 ) ;
#6017 =( GEOMETRIC_REPRESENTATION_CONTEXT ( 3 ) GLOBAL_UNCERTAINTY_ASSIGNED_CONTEXT ( ( #9721 ) ) GLOBAL_UNIT_ASSIGNED_CONTEXT ( ( #3971, #10154, #4856 ) ) REPRESENTATION_CONTEXT ( 'NONE', 'WORKASPACE' ) );
#6018 = CARTESIAN_POINT ( 'NONE',  ( 4.220000000000000600, -1.100000000000000100, 1.226000000000000000 ) ) ;
#6019 = PLANE ( 'NONE',  #3476 ) ;
#6020 = LINE ( 'NONE', #2571, #3665 ) ;
#6021 = DIRECTION ( 'NONE',  ( 0.0000000000000000000, 0.0000000000000000000, 1.000000000000000000 ) ) ;
#6022 = ORIENTED_EDGE ( 'NONE', *, *, #9025, .T. ) ;
#6023 = EDGE_LOOP ( 'NONE', ( #2217, #9170, #3879, #199, #3059, #9138 ) ) ;
#6024 = ORIENTED_EDGE ( 'NONE', *, *, #10805, .T. ) ;
#6025 = ORIENTED_EDGE ( 'NONE', *, *, #5070, .F. ) ;
#6026 = CARTESIAN_POINT ( 'NONE',  ( -4.000000000000000900, -1.100000000000000100, 2.400000000000000800 ) ) ;
#6027 = VECTOR ( 'NONE', #2273, 1000.000000000000000 ) ;
#6028 = DIRECTION ( 'NONE',  ( 0.0000000000000000000, 1.000000000000000000, 1.126443815569353400E-015 ) ) ;
#6029 = COLOUR_RGB ( '',0.8000000000000000400, 0.8078431372549019800, 0.8000000000000000400 ) ;
#6030 = DIRECTION ( 'NONE',  ( 0.0000000000000000000, 1.000000000000000000, 1.141265444721583800E-016 ) ) ;
#6031 = ADVANCED_FACE ( 'NONE', ( #946 ), #9333, .T. ) ;
#6032 = CARTESIAN_POINT ( 'NONE',  ( -3.999999999999999100, -1.100000000000000100, 4.699999999999995700 ) ) ;
#6033 = EDGE_CURVE ( 'NONE', #7752, #4066, #84, .T. ) ;
#6034 = ORIENTED_EDGE ( 'NONE', *, *, #5907, .F. ) ;
#6035 = ORIENTED_EDGE ( 'NONE', *, *, #9313, .T. ) ;
#6036 = EDGE_CURVE ( 'NONE', #5401, #4657, #7168, .T. ) ;
#6037 = LINE ( 'NONE', #5440, #3948 ) ;
#6038 = DIRECTION ( 'NONE',  ( 0.0000000000000000000, -0.7071067811865439100, 0.7071067811865512400 ) ) ;
#6039 = UNCERTAINTY_MEASURE_WITH_UNIT (LENGTH_MEASURE( 1.000000000000000100E-005 ), #4894, 'distance_accuracy_value', 'NONE');
#6040 = ADVANCED_FACE ( 'NONE', ( #9238 ), #6757, .T. ) ;
#6041 = DIRECTION ( 'NONE',  ( -1.000000000000000000, -0.0000000000000000000, -0.0000000000000000000 ) ) ;
#6042 = ORIENTED_EDGE ( 'NONE', *, *, #59, .T. ) ;
#6043 = VECTOR ( 'NONE', #7708, 1000.000000000000000 ) ;
#6044 = EDGE_CURVE ( 'NONE', #10499, #79, #3727, .T. ) ;
#6045 = FACE_OUTER_BOUND ( 'NONE', #4782, .T. ) ;
#6046 = DIRECTION ( 'NONE',  ( -1.000000000000000000, -0.0000000000000000000, 3.049318610115480700E-016 ) ) ;
#6047 = DIRECTION ( 'NONE',  ( 0.0000000000000000000, 0.0000000000000000000, 1.000000000000000000 ) ) ;
#6048 = DIRECTION ( 'NONE',  ( -1.000000000000000000, 0.0000000000000000000, 0.0000000000000000000 ) ) ;
#6049 = CARTESIAN_POINT ( 'NONE',  ( 1.198282352941176400, 0.3437882352941176200, 4.041411764705874700 ) ) ;
#6050 = CARTESIAN_POINT ( 'NONE',  ( -1.090000000000000100, 0.4249999999999998200, 3.999999999999993300 ) ) ;
#6051 = EDGE_CURVE ( 'NONE', #9042, #2969, #1358, .T. ) ;
#6052 = CARTESIAN_POINT ( 'NONE',  ( 1.409999999999999700, -0.3750000000000005000, 3.499999999999986700 ) ) ;
#6053 = DIRECTION ( 'NONE',  ( 0.0000000000000000000, -1.000000000000000000, 0.0000000000000000000 ) ) ;
#6054 = EDGE_LOOP ( 'NONE', ( #9805, #10496, #10357, #6728, #7572, #8152, #3624, #3511 ) ) ;
#6055 = ORIENTED_EDGE ( 'NONE', *, *, #5070, .T. ) ;
#6056 = ORIENTED_EDGE ( 'NONE', *, *, #8526, .T. ) ;
#6057 = AXIS2_PLACEMENT_3D ( 'NONE', #11194, #3307, #9477 ) ;
#6058 = CARTESIAN_POINT ( 'NONE',  ( 2.339999999999999900, 0.4249999999999998200, 3.999999999999993300 ) ) ;
#6059 = PRESENTATION_LAYER_ASSIGNMENT (  '', '', ( #4855 ) ) ;
#6060 = DIRECTION ( 'NONE',  ( -1.000000000000000000, 0.0000000000000000000, 3.771137991253931500E-016 ) ) ;
#6061 = CARTESIAN_POINT ( 'NONE',  ( 4.220000000000000600, 1.200000000000000000, 0.5200000000000006800 ) ) ;
#6062 = ORIENTED_EDGE ( 'NONE', *, *, #8681, .T. ) ;
#6063 = AXIS2_PLACEMENT_3D ( 'NONE', #3170, #9335, #4065 ) ;
#6064 = EDGE_LOOP ( 'NONE', ( #3999, #5792, #7429, #5858 ) ) ;
#6065 = SURFACE_STYLE_FILL_AREA ( #9811 ) ;
#6066 = DIRECTION ( 'NONE',  ( 0.0000000000000000000, 1.000000000000000000, 0.0000000000000000000 ) ) ;
#6067 = DIRECTION ( 'NONE',  ( 0.0000000000000000000, -0.7071067811865496800, -0.7071067811865453500 ) ) ;
#6068 = FILL_AREA_STYLE ('',( #6246 ) ) ;
#6069 = AXIS2_PLACEMENT_3D ( 'NONE', #3115, #3985, #10170 ) ;
#6070 = PRESENTATION_LAYER_ASSIGNMENT (  '', '', ( #4877 ) ) ;
#6071 = CARTESIAN_POINT ( 'NONE',  ( 2.660000000000000100, 0.0000000000000000000, 3.499999999999985800 ) ) ;
#6072 = MECHANICAL_DESIGN_GEOMETRIC_PRESENTATION_REPRESENTATION (  '', ( #4277 ), #6654 ) ;
#6073 = ORIENTED_EDGE ( 'NONE', *, *, #2369, .T. ) ;
#6074 = FILL_AREA_STYLE_COLOUR ( '', #9591 ) ;
#6075 = DIRECTION ( 'NONE',  ( 0.0000000000000000000, -1.000000000000000000, 0.0000000000000000000 ) ) ;
#6076 =( GEOMETRIC_REPRESENTATION_CONTEXT ( 3 ) GLOBAL_UNCERTAINTY_ASSIGNED_CONTEXT ( ( #8666 ) ) GLOBAL_UNIT_ASSIGNED_CONTEXT ( ( #6693, #1364, #7555 ) ) REPRESENTATION_CONTEXT ( 'NONE', 'WORKASPACE' ) );
#6077 = ADVANCED_FACE ( 'NONE', ( #5810 ), #11134, .F. ) ;
#6078 = CARTESIAN_POINT ( 'NONE',  ( -4.200000000000000200, 1.700000000000000000, 2.200000000000000200 ) ) ;
#6079 = PLANE ( 'NONE',  #8772 ) ;
#6080 = CARTESIAN_POINT ( 'NONE',  ( 1.409999999999999700, 2.999999999999999600, -1.761828530288944700E-016 ) ) ;
#6081 = ORIENTED_EDGE ( 'NONE', *, *, #5935, .F. ) ;
#6082 = DIRECTION ( 'NONE',  ( -0.0000000000000000000, 1.000000000000000000, -0.0000000000000000000 ) ) ;
#6083 = ORIENTED_EDGE ( 'NONE', *, *, #116, .F. ) ;
#6084 = DIRECTION ( 'NONE',  ( 1.000000000000000000, 0.0000000000000000000, 0.0000000000000000000 ) ) ;
#6085 = FACE_OUTER_BOUND ( 'NONE', #1375, .T. ) ;
#6086 = ORIENTED_EDGE ( 'NONE', *, *, #4539, .F. ) ;
#6087 = AXIS2_PLACEMENT_3D ( 'NONE', #11220, #5947, #623 ) ;
#6088 = VERTEX_POINT ( 'NONE', #2394 ) ;
#6089 = DIRECTION ( 'NONE',  ( 1.000000000000000000, 0.0000000000000000000, 0.0000000000000000000 ) ) ;
#6090 = ORIENTED_EDGE ( 'NONE', *, *, #8952, .F. ) ;
#6091 = FACE_OUTER_BOUND ( 'NONE', #9801, .T. ) ;
#6092 = DIRECTION ( 'NONE',  ( 0.0000000000000000000, -1.000000000000000000, -2.032879073410321300E-016 ) ) ;
#6093 = ADVANCED_FACE ( 'NONE', ( #3465 ), #11226, .F. ) ;
#6094 = DIRECTION ( 'NONE',  ( 0.0000000000000000000, -1.000000000000000000, 0.0000000000000000000 ) ) ;
#6095 = EDGE_LOOP ( 'NONE', ( #8006, #6882, #8264, #2895 ) ) ;
#6096 = LINE ( 'NONE', #11138, #8404 ) ;
#6097 = EDGE_CURVE ( 'NONE', #7318, #2482, #2762, .T. ) ;
#6098 = ORIENTED_EDGE ( 'NONE', *, *, #9434, .T. ) ;
#6099 = DIRECTION ( 'NONE',  ( -1.000000000000000000, -0.0000000000000000000, -0.0000000000000000000 ) ) ;
#6100 = DIRECTION ( 'NONE',  ( 0.0000000000000000000, 1.000000000000000000, 0.0000000000000000000 ) ) ;
#6101 = VERTEX_POINT ( 'NONE', #665 ) ;
#6102 = LINE ( 'NONE', #3584, #5809 ) ;
#6103 = COLOUR_RGB ( '',0.8000000000000000400, 0.8078431372549019800, 0.8000000000000000400 ) ;
#6104 = VECTOR ( 'NONE', #6615, 1000.000000000000000 ) ;
#6105 = VECTOR ( 'NONE', #2606, 1000.000000000000000 ) ;
#6106 = VERTEX_POINT ( 'NONE', #7755 ) ;
#6107 = VECTOR ( 'NONE', #8631, 1000.000000000000000 ) ;
#6108 = EDGE_LOOP ( 'NONE', ( #8334, #11095, #412, #2670 ) ) ;
#6109 = CARTESIAN_POINT ( 'NONE',  ( 2.339999999999999900, -0.3750000000000001100, 0.6499999999999975800 ) ) ;
#6110 = ORIENTED_EDGE ( 'NONE', *, *, #4916, .T. ) ;
#6111 =( NAMED_UNIT ( * ) PLANE_ANGLE_UNIT ( ) SI_UNIT ( $, .RADIAN. ) );
#6112 = EDGE_CURVE ( 'NONE', #3654, #1293, #7307, .T. ) ;
#6113 = LINE ( 'NONE', #1579, #5825 ) ;
#6114 = EDGE_CURVE ( 'NONE', #3093, #11403, #901, .T. ) ;
#6115 = EDGE_CURVE ( 'NONE', #5283, #688, #7686, .T. ) ;
#6116 = DIRECTION ( 'NONE',  ( -0.7071067811865475700, 0.7071067811865475700, 0.0000000000000000000 ) ) ;
#6117 = COLOUR_RGB ( '',0.8000000000000000400, 0.8078431372549019800, 0.8000000000000000400 ) ;
#6118 = ORIENTED_EDGE ( 'NONE', *, *, #6878, .T. ) ;
#6119 = VERTEX_POINT ( 'NONE', #11293 ) ;
#6120 = COLOUR_RGB ( '',0.8000000000000000400, 0.8078431372549019800, 0.8000000000000000400 ) ;
#6121 = PLANE ( 'NONE',  #8092 ) ;
#6122 = DIRECTION ( 'NONE',  ( 0.0000000000000000000, 0.7071067811865496800, 0.7071067811865453500 ) ) ;
#6123 = DIRECTION ( 'NONE',  ( 0.0000000000000000000, 1.223202451009284600E-015, -1.000000000000000000 ) ) ;
#6124 = VECTOR ( 'NONE', #3707, 1000.000000000000000 ) ;
#6125 = CARTESIAN_POINT ( 'NONE',  ( 3.500000000000000900, -1.100000000000000100, 0.04999999999999763700 ) ) ;
#6126 = LINE ( 'NONE', #1605, #6380 ) ;
#6127 = LINE ( 'NONE', #11304, #5836 ) ;
#6128 = ORIENTED_EDGE ( 'NONE', *, *, #3955, .T. ) ;
#6129 = VECTOR ( 'NONE', #4458, 1000.000000000000000 ) ;
#6130 = VERTEX_POINT ( 'NONE', #711 ) ;
#6131 = ORIENTED_EDGE ( 'NONE', *, *, #10656, .T. ) ;
#6132 =( LENGTH_UNIT ( ) NAMED_UNIT ( * ) SI_UNIT ( .MILLI., .METRE. ) );
#6133 = CARTESIAN_POINT ( 'NONE',  ( 3.699999999999995700, 0.8499999999999996400, 4.699999999999996600 ) ) ;
#6134 = EDGE_CURVE ( 'NONE', #7150, #2191, #7412, .T. ) ;
#6135 = SURFACE_STYLE_FILL_AREA ( #1559 ) ;
#6136 = PLANE ( 'NONE',  #914 ) ;
#6137 = VECTOR ( 'NONE', #7142, 1000.000000000000000 ) ;
#6138 = CARTESIAN_POINT ( 'NONE',  ( -2.339999999999999900, -0.3750000000000005000, 3.499999999999986700 ) ) ;
#6139 = COLOUR_RGB ( '',0.8000000000000000400, 0.8078431372549019800, 0.8000000000000000400 ) ;
#6140 = SURFACE_STYLE_FILL_AREA ( #2682 ) ;
#6141 = FILL_AREA_STYLE ('',( #2610 ) ) ;
#6142 = ADVANCED_FACE ( 'NONE', ( #9769 ), #7795, .F. ) ;
#6143 = UNCERTAINTY_MEASURE_WITH_UNIT (LENGTH_MEASURE( 1.000000000000000100E-005 ), #1770, 'distance_accuracy_value', 'NONE');
#6144 = PRESENTATION_LAYER_ASSIGNMENT (  '', '', ( #4936 ) ) ;
#6145 = VECTOR ( 'NONE', #1372, 1000.000000000000000 ) ;
#6146 = ORIENTED_EDGE ( 'NONE', *, *, #2926, .T. ) ;
#6147 = ORIENTED_EDGE ( 'NONE', *, *, #8796, .F. ) ;
#6148 = LINE ( 'NONE', #2051, #4058 ) ;
#6149 = CARTESIAN_POINT ( 'NONE',  ( 1.250000000000000000, 4.461737335331296400E-017, 0.6499999999999984700 ) ) ;
#6150 = FACE_OUTER_BOUND ( 'NONE', #3797, .T. ) ;
#6151 = PLANE ( 'NONE',  #6993 ) ;
#6152 = CARTESIAN_POINT ( 'NONE',  ( -5.200000000000001100, 1.399999999999999900, 2.200000000000000200 ) ) ;
#6153 =( NAMED_UNIT ( * ) SI_UNIT ( $, .STERADIAN. ) SOLID_ANGLE_UNIT ( ) );
#6154 = EDGE_LOOP ( 'NONE', ( #9587, #5233, #8993, #8097, #9375 ) ) ;
#6155 = ORIENTED_EDGE ( 'NONE', *, *, #373, .T. ) ;
#6156 = ORIENTED_EDGE ( 'NONE', *, *, #1428, .F. ) ;
#6157 = LINE ( 'NONE', #6821, #8186 ) ;
#6158 = COLOUR_RGB ( '',0.8000000000000000400, 0.8078431372549019800, 0.8000000000000000400 ) ;
#6159 = CARTESIAN_POINT ( 'NONE',  ( 0.1600000000000008600, 0.4249999999999998200, 0.04999999999999753300 ) ) ;
#6160 = VECTOR ( 'NONE', #9630, 1000.000000000000000 ) ;
#6161 = PRESENTATION_LAYER_ASSIGNMENT (  '', '', ( #3772 ) ) ;
#6162 = SURFACE_STYLE_FILL_AREA ( #9022 ) ;
#6163 = ORIENTED_EDGE ( 'NONE', *, *, #5874, .F. ) ;
#6164 = DIRECTION ( 'NONE',  ( 0.0000000000000000000, -0.0000000000000000000, 1.000000000000000000 ) ) ;
#6165 = DIRECTION ( 'NONE',  ( 0.0000000000000000000, -1.000000000000000000, 0.0000000000000000000 ) ) ;
#6166 = DIRECTION ( 'NONE',  ( -0.7071067811865456900, 0.0000000000000000000, -0.7071067811865493500 ) ) ;
#6167 = EDGE_CURVE ( 'NONE', #81, #5388, #10047, .T. ) ;
#6168 = VERTEX_POINT ( 'NONE', #3414 ) ;
#6169 = CARTESIAN_POINT ( 'NONE',  ( 0.1599999999999999800, -0.6250000000000003300, 0.6499999999999964700 ) ) ;
#6170 = VERTEX_POINT ( 'NONE', #6944 ) ;
#6171 = VECTOR ( 'NONE', #2991, 1000.000000000000000 ) ;
#6172 = AXIS2_PLACEMENT_3D ( 'NONE', #7847, #8739, #3475 ) ;
#6173 = CARTESIAN_POINT ( 'NONE',  ( -1.409999999999999900, 3.100000000000000100, 0.09999999999999947800 ) ) ;
#6174 = ORIENTED_EDGE ( 'NONE', *, *, #10026, .T. ) ;
#6175 = ORIENTED_EDGE ( 'NONE', *, *, #8115, .F. ) ;
#6176 = ORIENTED_EDGE ( 'NONE', *, *, #1993, .F. ) ;
#6177 = EDGE_CURVE ( 'NONE', #3214, #1674, #9484, .T. ) ;
#6178 = EDGE_CURVE ( 'NONE', #11349, #1797, #7129, .T. ) ;
#6179 = EDGE_CURVE ( 'NONE', #9214, #1935, #4797, .T. ) ;
#6180 = ORIENTED_EDGE ( 'NONE', *, *, #5351, .F. ) ;
#6181 = DIRECTION ( 'NONE',  ( 1.000000000000000000, 0.0000000000000000000, -3.051828337366604500E-016 ) ) ;
#6182 = DIRECTION ( 'NONE',  ( 1.000000000000000000, 0.0000000000000000000, 0.0000000000000000000 ) ) ;
#6183 = EDGE_LOOP ( 'NONE', ( #4410, #1864, #1219, #7097, #5334 ) ) ;
#6184 = SURFACE_SIDE_STYLE ('',( #10831 ) ) ;
#6185 = DIRECTION ( 'NONE',  ( 0.0000000000000000000, 0.7071067811865440200, -0.7071067811865511300 ) ) ;
#6186 = FILL_AREA_STYLE_COLOUR ( '', #10482 ) ;
#6187 = CARTESIAN_POINT ( 'NONE',  ( -5.700000000000001100, 1.100000000000000100, 0.2539999999999999500 ) ) ;
#6188 = ADVANCED_FACE ( 'NONE', ( #339 ), #6121, .T. ) ;
#6189 = DIRECTION ( 'NONE',  ( 0.0000000000000000000, 1.294569758191649100E-016, -1.000000000000000000 ) ) ;
#6190 = COLOUR_RGB ( '',0.8000000000000000400, 0.8078431372549019800, 0.8000000000000000400 ) ;
#6191 = DIRECTION ( 'NONE',  ( 1.000000000000000000, 0.0000000000000000000, 0.0000000000000000000 ) ) ;
#6192 = ORIENTED_EDGE ( 'NONE', *, *, #1332, .F. ) ;
#6193 = FILL_AREA_STYLE ('',( #5286 ) ) ;
#6194 = EDGE_CURVE ( 'NONE', #3330, #10890, #4511, .T. ) ;
#6195 = ORIENTED_EDGE ( 'NONE', *, *, #2853, .F. ) ;
#6196 = EDGE_LOOP ( 'NONE', ( #2336, #8895, #10369, #6885 ) ) ;
#6197 =( GEOMETRIC_REPRESENTATION_CONTEXT ( 3 ) GLOBAL_UNCERTAINTY_ASSIGNED_CONTEXT ( ( #6967 ) ) GLOBAL_UNIT_ASSIGNED_CONTEXT ( ( #1047, #7254, #1980 ) ) REPRESENTATION_CONTEXT ( 'NONE', 'WORKASPACE' ) );
#6198 = LINE ( 'NONE', #9655, #8241 ) ;
#6199 = DIRECTION ( 'NONE',  ( 0.0000000000000000000, 0.0000000000000000000, -1.000000000000000000 ) ) ;
#6200 = EDGE_LOOP ( 'NONE', ( #4687, #8547, #2922, #9358 ) ) ;
#6201 =( NAMED_UNIT ( * ) PLANE_ANGLE_UNIT ( ) SI_UNIT ( $, .RADIAN. ) );
#6202 = VERTEX_POINT ( 'NONE', #9640 ) ;
#6203 = MECHANICAL_DESIGN_GEOMETRIC_PRESENTATION_REPRESENTATION (  '', ( #9310 ), #6783 ) ;
#6204 = ORIENTED_EDGE ( 'NONE', *, *, #4598, .F. ) ;
#6205 = COLOUR_RGB ( '',0.8000000000000000400, 0.8078431372549019800, 0.8000000000000000400 ) ;
#6206 = ORIENTED_EDGE ( 'NONE', *, *, #742, .T. ) ;
#6207 = CARTESIAN_POINT ( 'NONE',  ( 5.233333333333330700, 0.1333333333333325300, 1.533333333333331200 ) ) ;
#6208 = DIRECTION ( 'NONE',  ( -3.051828337366604500E-016, 0.0000000000000000000, -1.000000000000000000 ) ) ;
#6209 = AXIS2_PLACEMENT_3D ( 'NONE', #4474, #10652, #5361 ) ;
#6210 = DIRECTION ( 'NONE',  ( 0.0000000000000000000, -0.0000000000000000000, -1.000000000000000000 ) ) ;
#6211 = AXIS2_PLACEMENT_3D ( 'NONE', #6502, #1177, #7370 ) ;
#6212 = ORIENTED_EDGE ( 'NONE', *, *, #2234, .F. ) ;
#6213 = DIRECTION ( 'NONE',  ( 1.000000000000000000, 0.0000000000000000000, 0.0000000000000000000 ) ) ;
#6214 = DIRECTION ( 'NONE',  ( -1.000000000000000000, -0.0000000000000000000, -2.168404344971008900E-016 ) ) ;
#6215 = VERTEX_POINT ( 'NONE', #8750 ) ;
#6216 = ORIENTED_EDGE ( 'NONE', *, *, #8872, .T. ) ;
#6217 = UNCERTAINTY_MEASURE_WITH_UNIT (LENGTH_MEASURE( 1.000000000000000100E-005 ), #7108, 'distance_accuracy_value', 'NONE');
#6218 = DIRECTION ( 'NONE',  ( 0.0000000000000000000, 0.0000000000000000000, -1.000000000000000000 ) ) ;
#6219 = DIRECTION ( 'NONE',  ( 0.0000000000000000000, 2.032879073410321300E-016, -1.000000000000000000 ) ) ;
#6220 = CARTESIAN_POINT ( 'NONE',  ( 5.700000000000001100, 0.9000000000000003600, -5.421010862427522200E-017 ) ) ;
#6221 = VECTOR ( 'NONE', #5366, 1000.000000000000000 ) ;
#6222 = CARTESIAN_POINT ( 'NONE',  ( 0.1599999999999999800, 0.0000000000000000000, 3.499999999999985800 ) ) ;
#6223 = LINE ( 'NONE', #10306, #5950 ) ;
#6224 = EDGE_LOOP ( 'NONE', ( #945, #9715, #10223, #493 ) ) ;
#6225 = VECTOR ( 'NONE', #7375, 1000.000000000000000 ) ;
#6226 = ORIENTED_EDGE ( 'NONE', *, *, #9012, .T. ) ;
#6227 = LINE ( 'NONE', #8882, #8273 ) ;
#6228 = DIRECTION ( 'NONE',  ( 0.0000000000000000000, -1.000000000000000000, -2.032879073410321300E-016 ) ) ;
#6229 = EDGE_LOOP ( 'NONE', ( #7552, #143, #6098, #6727, #6042 ) ) ;
#6230 = LINE ( 'NONE', #10360, #5959 ) ;
#6231 = CARTESIAN_POINT ( 'NONE',  ( -1.090000000000000100, 0.2499999999999996700, 0.1799999999999966600 ) ) ;
#6232 = EDGE_CURVE ( 'NONE', #11432, #10161, #50, .T. ) ;
#6233 = SURFACE_SIDE_STYLE ('',( #56 ) ) ;
#6234 = FACE_OUTER_BOUND ( 'NONE', #2271, .T. ) ;
#6235 = EDGE_CURVE ( 'NONE', #10286, #1807, #2166, .T. ) ;
#6236 = DIRECTION ( 'NONE',  ( 0.5773502691896258400, 0.5773502691896256200, -0.5773502691896257300 ) ) ;
#6237 = DIRECTION ( 'NONE',  ( -1.000000000000000000, 0.0000000000000000000, -2.168404344971008900E-016 ) ) ;
#6238 = LINE ( 'NONE', #3233, #3623 ) ;
#6240 = ORIENTED_EDGE ( 'NONE', *, *, #1017, .T. ) ;
#6239 = ADVANCED_FACE ( 'NONE', ( #11008 ), #815, .T. ) ;
#6241 = VECTOR ( 'NONE', #1154, 1000.000000000000000 ) ;
#6242 = DIRECTION ( 'NONE',  ( 0.0000000000000000000, 1.141265444721583800E-016, -1.000000000000000000 ) ) ;
#6243 = ORIENTED_EDGE ( 'NONE', *, *, #7475, .T. ) ;
#6244 = LINE ( 'NONE', #5600, #8568 ) ;
#6245 = DIRECTION ( 'NONE',  ( 1.000000000000000000, 0.0000000000000000000, -2.990902544787599100E-016 ) ) ;
#6246 = FILL_AREA_STYLE_COLOUR ( '', #8427 ) ;
#6247 =( NAMED_UNIT ( * ) SI_UNIT ( $, .STERADIAN. ) SOLID_ANGLE_UNIT ( ) );
#6248 = ORIENTED_EDGE ( 'NONE', *, *, #6753, .T. ) ;
#6249 = EDGE_LOOP ( 'NONE', ( #1136, #8885, #2372, #2826 ) ) ;
#6250 = VERTEX_POINT ( 'NONE', #1733 ) ;
#6251 = PRESENTATION_STYLE_ASSIGNMENT (( #1643 ) ) ;
#6252 = DIRECTION ( 'NONE',  ( -1.000000000000000000, 0.0000000000000000000, 0.0000000000000000000 ) ) ;
#6253 = DIRECTION ( 'NONE',  ( 0.0000000000000000000, -0.7071067811865511300, -0.7071067811865440200 ) ) ;
#6254 = EDGE_CURVE ( 'NONE', #9841, #7863, #5767, .T. ) ;
#6255 = VECTOR ( 'NONE', #6100, 1000.000000000000000 ) ;
#6256 = VECTOR ( 'NONE', #9543, 1000.000000000000000 ) ;
#6257 = EDGE_CURVE ( 'NONE', #10112, #7891, #1023, .T. ) ;
#6258 = CYLINDRICAL_SURFACE ( 'NONE', #8634, 0.3040000000000002100 ) ;
#6259 = LINE ( 'NONE', #3179, #10669 ) ;
#6260 = FILL_AREA_STYLE ('',( #5358 ) ) ;
#6261 = VECTOR ( 'NONE', #10732, 1000.000000000000000 ) ;
#6262 = CARTESIAN_POINT ( 'NONE',  ( -0.4250000000000004900, 2.600000000000000100, 0.6499999999999982500 ) ) ;
#6263 = ORIENTED_EDGE ( 'NONE', *, *, #6839, .F. ) ;
#6264 = ORIENTED_EDGE ( 'NONE', *, *, #7259, .F. ) ;
#6265 = PLANE ( 'NONE',  #4409 ) ;
#6266 = FACE_OUTER_BOUND ( 'NONE', #9458, .T. ) ;
#6267 = DIRECTION ( 'NONE',  ( 1.000000000000000000, 0.0000000000000000000, -0.0000000000000000000 ) ) ;
#6268 = AXIS2_PLACEMENT_3D ( 'NONE', #2354, #2083, #1979 ) ;
#6269 = FILL_AREA_STYLE ('',( #2717 ) ) ;
#6270 = LINE ( 'NONE', #479, #10678 ) ;
#6271 =( LENGTH_UNIT ( ) NAMED_UNIT ( * ) SI_UNIT ( .MILLI., .METRE. ) );
#6272 = DIRECTION ( 'NONE',  ( 0.0000000000000000000, -1.000000000000000000, 0.0000000000000000000 ) ) ;
#6273 = STYLED_ITEM ( 'NONE', ( #8367 ), #10097 ) ;
#6274 = EDGE_CURVE ( 'NONE', #10200, #4609, #3425, .T. ) ;
#6275 = ORIENTED_EDGE ( 'NONE', *, *, #2688, .T. ) ;
#6276 = ORIENTED_EDGE ( 'NONE', *, *, #10805, .F. ) ;
#6277 = LINE ( 'NONE', #11331, #10687 ) ;
#6278 = CARTESIAN_POINT ( 'NONE',  ( 0.1599999999999999800, 3.100000000000000100, 0.3499999999999989800 ) ) ;
#6279 = CARTESIAN_POINT ( 'NONE',  ( -2.660000000000000100, -0.6250000000000003300, 0.6499999999999964700 ) ) ;
#6280 = FACE_OUTER_BOUND ( 'NONE', #2357, .T. ) ;
#6281 = CARTESIAN_POINT ( 'NONE',  ( 0.1599999999999999800, 0.0000000000000000000, 0.0000000000000000000 ) ) ;
#6282 = FACE_BOUND ( 'NONE', #6746, .T. ) ;
#6283 = VECTOR ( 'NONE', #9151, 1000.000000000000000 ) ;
#6284 = PRESENTATION_LAYER_ASSIGNMENT (  '', '', ( #5092 ) ) ;
#6285 = FACE_OUTER_BOUND ( 'NONE', #2358, .T. ) ;
#6286 = ORIENTED_EDGE ( 'NONE', *, *, #5874, .T. ) ;
#6287 = ORIENTED_EDGE ( 'NONE', *, *, #6573, .T. ) ;
#6288 = ORIENTED_EDGE ( 'NONE', *, *, #7906, .F. ) ;
#6289 = LINE ( 'NONE', #8426, #6027 ) ;
#6290 =( NAMED_UNIT ( * ) PLANE_ANGLE_UNIT ( ) SI_UNIT ( $, .RADIAN. ) );
#6291 = CARTESIAN_POINT ( 'NONE',  ( -1.090000000000000100, -0.6250000000000003300, 0.6499999999999964700 ) ) ;
#6292 = FACE_OUTER_BOUND ( 'NONE', #8960, .T. ) ;
#6293 = PRODUCT_DEFINITION ( 'UNKNOWN', '', #6866, #1956 ) ;
#6294 = DIRECTION ( 'NONE',  ( -0.0000000000000000000, -0.0000000000000000000, -1.000000000000000000 ) ) ;
#6295 = COLOUR_RGB ( '',0.8000000000000000400, 0.8078431372549019800, 0.8000000000000000400 ) ;
#6296 = CARTESIAN_POINT ( 'NONE',  ( 5.000000000000000000, 0.4249999999999998200, 0.6499999999999978000 ) ) ;
#6297 = ORIENTED_EDGE ( 'NONE', *, *, #664, .F. ) ;
#6298 = VERTEX_POINT ( 'NONE', #5327 ) ;
#6299 = CARTESIAN_POINT ( 'NONE',  ( 2.660000000000000100, 2.500000000000000000, -1.084202172485504400E-016 ) ) ;
#6300 = CARTESIAN_POINT ( 'NONE',  ( 1.325000000000000400, -0.6999999999999992900, 2.099999999999996100 ) ) ;
#6301 = MECHANICAL_DESIGN_GEOMETRIC_PRESENTATION_REPRESENTATION (  '', ( #5105 ), #6871 ) ;
#6302 = VECTOR ( 'NONE', #2745, 1000.000000000000000 ) ;
#6303 = CARTESIAN_POINT ( 'NONE',  ( 4.220000000000000600, 1.200000000000000000, 0.5200000000000006800 ) ) ;
#6304 = CARTESIAN_POINT ( 'NONE',  ( 1.409999999999999700, -0.3750000000000001100, 0.6499999999999975800 ) ) ;
#6305 = PLANE ( 'NONE',  #6781 ) ;
#6306 = DIRECTION ( 'NONE',  ( -3.971436529250929000E-016, 0.0000000000000000000, -1.000000000000000000 ) ) ;
#6307 = EDGE_CURVE ( 'NONE', #8630, #3877, #7545, .T. ) ;
#6308 = AXIS2_PLACEMENT_3D ( 'NONE', #6606, #8351, #3087 ) ;
#6309 = EDGE_CURVE ( 'NONE', #7494, #3918, #5469, .T. ) ;
#6310 = VERTEX_POINT ( 'NONE', #6220 ) ;
#6311 = VECTOR ( 'NONE', #11229, 1000.000000000000000 ) ;
#6312 = VECTOR ( 'NONE', #4745, 1000.000000000000000 ) ;
#6313 = DIRECTION ( 'NONE',  ( 0.0000000000000000000, 0.0000000000000000000, 1.000000000000000000 ) ) ;
#6314 = PLANE ( 'NONE',  #10189 ) ;
#6315 = DIRECTION ( 'NONE',  ( 0.0000000000000000000, 0.0000000000000000000, -1.000000000000000000 ) ) ;
#6316 =( NAMED_UNIT ( * ) SI_UNIT ( $, .STERADIAN. ) SOLID_ANGLE_UNIT ( ) );
#6317 = ORIENTED_EDGE ( 'NONE', *, *, #11341, .T. ) ;
#6318 = DIRECTION ( 'NONE',  ( 1.000000000000000000, 0.0000000000000000000, 2.168404344971008900E-016 ) ) ;
#6319 = VERTEX_POINT ( 'NONE', #2713 ) ;
#6320 = VERTEX_POINT ( 'NONE', #9766 ) ;
#6321 = SURFACE_STYLE_FILL_AREA ( #10930 ) ;
#6322 = ORIENTED_EDGE ( 'NONE', *, *, #6036, .F. ) ;
#6323 = EDGE_CURVE ( 'NONE', #4271, #4007, #3139, .T. ) ;
#6324 = EDGE_CURVE ( 'NONE', #9549, #1473, #466, .T. ) ;
#6325 = EDGE_CURVE ( 'NONE', #7159, #8438, #4930, .T. ) ;
#6326 = PLANE ( 'NONE',  #9510 ) ;
#6327 = PLANE ( 'NONE',  #872 ) ;
#6328 = DIRECTION ( 'NONE',  ( -0.0000000000000000000, -1.000000000000000000, -0.0000000000000000000 ) ) ;
#6329 = CARTESIAN_POINT ( 'NONE',  ( -3.399999999999999900, -0.6999999999999988500, 4.399999999999994100 ) ) ;
#6330 = PLANE ( 'NONE',  #3615 ) ;
#6331 = DIRECTION ( 'NONE',  ( 1.000000000000000000, 0.0000000000000000000, 2.168404344971008900E-016 ) ) ;
#6332 = EDGE_LOOP ( 'NONE', ( #10267, #9788, #10095, #3355, #7374, #8471, #11227, #10347 ) ) ;
#6333 = EDGE_CURVE ( 'NONE', #7176, #7814, #2590, .T. ) ;
#6334 = VERTEX_POINT ( 'NONE', #8901 ) ;
#6335 =( GEOMETRIC_REPRESENTATION_CONTEXT ( 3 ) GLOBAL_UNCERTAINTY_ASSIGNED_CONTEXT ( ( #2664 ) ) GLOBAL_UNIT_ASSIGNED_CONTEXT ( ( #10571, #5270, #11435 ) ) REPRESENTATION_CONTEXT ( 'NONE', 'WORKASPACE' ) );
#6336 = CARTESIAN_POINT ( 'NONE',  ( 0.1599999999999999800, 0.2499999999999996700, 0.1799999999999966600 ) ) ;
#6337 = CARTESIAN_POINT ( 'NONE',  ( 4.000000000000000900, 1.700000000000000000, 0.04999999999999747700 ) ) ;
#6338 = CARTESIAN_POINT ( 'NONE',  ( 3.500000000000000900, 2.600000000000000100, 0.04999999999999763700 ) ) ;
#6339 = ORIENTED_EDGE ( 'NONE', *, *, #10722, .F. ) ;
#6340 = ORIENTED_EDGE ( 'NONE', *, *, #7704, .T. ) ;
#6341 = FILL_AREA_STYLE_COLOUR ( '', #6190 ) ;
#6342 = CARTESIAN_POINT ( 'NONE',  ( 5.020000000000001400, 1.100000000000000100, 1.529999999999999800 ) ) ;
#6343 = ORIENTED_EDGE ( 'NONE', *, *, #2023, .F. ) ;
#6344 = ORIENTED_EDGE ( 'NONE', *, *, #7041, .F. ) ;
#6345 = PRESENTATION_LAYER_ASSIGNMENT (  '', '', ( #5765 ) ) ;
#6346 = LINE ( 'NONE', #6299, #8678 ) ;
#6347 =( GEOMETRIC_REPRESENTATION_CONTEXT ( 3 ) GLOBAL_UNCERTAINTY_ASSIGNED_CONTEXT ( ( #7880 ) ) GLOBAL_UNIT_ASSIGNED_CONTEXT ( ( #7422, #2144, #8300 ) ) REPRESENTATION_CONTEXT ( 'NONE', 'WORKASPACE' ) );
#6348 = PLANE ( 'NONE',  #4347 ) ;
#6349 = ORIENTED_EDGE ( 'NONE', *, *, #9390, .F. ) ;
#6350 = ORIENTED_EDGE ( 'NONE', *, *, #1165, .F. ) ;
#6351 = VECTOR ( 'NONE', #8484, 1000.000000000000000 ) ;
#6352 = CARTESIAN_POINT ( 'NONE',  ( -3.399999999999999500, 1.700000000000000200, 1.749999999999996400 ) ) ;
#6353 = ORIENTED_EDGE ( 'NONE', *, *, #6754, .F. ) ;
#6354 = DIRECTION ( 'NONE',  ( -1.000000000000000000, 0.0000000000000000000, 0.0000000000000000000 ) ) ;
#6355 = CARTESIAN_POINT ( 'NONE',  ( 0.1600000000000008600, 0.4249999999999998200, 0.6499999999999980200 ) ) ;
#6356 = AXIS2_PLACEMENT_3D ( 'NONE', #10906, #10865, #10631 ) ;
#6357 = EDGE_CURVE ( 'NONE', #4531, #8905, #9332, .T. ) ;
#6358 = DIRECTION ( 'NONE',  ( 1.000000000000000000, 0.0000000000000000000, 0.0000000000000000000 ) ) ;
#6359 = LINE ( 'NONE', #3502, #1361 ) ;
#6360 = ORIENTED_EDGE ( 'NONE', *, *, #2600, .F. ) ;
#6361 = LINE ( 'NONE', #10371, #1363 ) ;
#6362 =( LENGTH_UNIT ( ) NAMED_UNIT ( * ) SI_UNIT ( .MILLI., .METRE. ) );
#6363 = CARTESIAN_POINT ( 'NONE',  ( 4.474000000000001100, -1.100000000000000100, 1.226000000000000000 ) ) ;
#6364 = DIRECTION ( 'NONE',  ( 1.000000000000000000, 0.0000000000000000000, 0.0000000000000000000 ) ) ;
#6365 = VERTEX_POINT ( 'NONE', #5398 ) ;
#6366 = FILL_AREA_STYLE_COLOUR ( '', #10246 ) ;
#6367 = ORIENTED_EDGE ( 'NONE', *, *, #6194, .T. ) ;
#6368 = LINE ( 'NONE', #139, #7592 ) ;
#6369 = VECTOR ( 'NONE', #3908, 1000.000000000000000 ) ;
#6370 = ADVANCED_FACE ( 'NONE', ( #11405 ), #61, .T. ) ;
#6371 = LINE ( 'NONE', #2111, #8700 ) ;
#6372 = VECTOR ( 'NONE', #4773, 1000.000000000000000 ) ;
#6373 = ORIENTED_EDGE ( 'NONE', *, *, #653, .F. ) ;
#6374 = ORIENTED_EDGE ( 'NONE', *, *, #8508, .F. ) ;
#6375 = PRESENTATION_STYLE_ASSIGNMENT (( #7076 ) ) ;
#6376 = CARTESIAN_POINT ( 'NONE',  ( 0.1599999999999999800, 2.350000000000003200, 0.6499999999999986900 ) ) ;
#6377 = DIRECTION ( 'NONE',  ( -1.000000000000000000, 0.0000000000000000000, 3.252606517456513300E-016 ) ) ;
#6378 = LINE ( 'NONE', #5412, #3748 ) ;
#6379 = CARTESIAN_POINT ( 'NONE',  ( -3.399999999999999900, -0.6999999999999988500, 1.749999999999996400 ) ) ;
#6380 = VECTOR ( 'NONE', #602, 1000.000000000000000 ) ;
#6381 = EDGE_CURVE ( 'NONE', #9232, #7134, #9620, .T. ) ;
#6382 = DIRECTION ( 'NONE',  ( 0.0000000000000000000, 0.0000000000000000000, 1.000000000000000000 ) ) ;
#6383 = DIRECTION ( 'NONE',  ( 0.0000000000000000000, -0.0000000000000000000, -1.000000000000000000 ) ) ;
#6384 = COLOUR_RGB ( '',0.8000000000000000400, 0.8078431372549019800, 0.8000000000000000400 ) ;
#6385 = EDGE_CURVE ( 'NONE', #3440, #5096, #6732, .T. ) ;
#6386 = SURFACE_STYLE_USAGE ( .BOTH. , #154 ) ;
#6387 = PLANE ( 'NONE',  #10480 ) ;
#6388 = DIRECTION ( 'NONE',  ( 0.0000000000000000000, 0.0000000000000000000, -1.000000000000000000 ) ) ;
#6389 = VECTOR ( 'NONE', #889, 1000.000000000000000 ) ;
#6390 = VERTEX_POINT ( 'NONE', #3678 ) ;
#6391 = ORIENTED_EDGE ( 'NONE', *, *, #11480, .T. ) ;
#6392 = CARTESIAN_POINT ( 'NONE',  ( -2.339999999999999900, 3.100000000000000100, 0.3499999999999989800 ) ) ;
#6393 = VECTOR ( 'NONE', #7612, 1000.000000000000000 ) ;
#6394 =( LENGTH_UNIT ( ) NAMED_UNIT ( * ) SI_UNIT ( .MILLI., .METRE. ) );
#6395 = VECTOR ( 'NONE', #112, 1000.000000000000000 ) ;
#6396 = DIRECTION ( 'NONE',  ( -1.000000000000000000, -0.0000000000000000000, -0.0000000000000000000 ) ) ;
#6397 = SURFACE_STYLE_FILL_AREA ( #6549 ) ;
#6398 = FACE_OUTER_BOUND ( 'NONE', #5393, .T. ) ;
#6399 = EDGE_CURVE ( 'NONE', #9290, #3038, #9043, .T. ) ;
#6400 = CARTESIAN_POINT ( 'NONE',  ( -4.200000000000000200, 1.700000000000000000, 2.200000000000000200 ) ) ;
#6401 = DIRECTION ( 'NONE',  ( -1.000000000000000000, -0.0000000000000000000, 3.049318610115480700E-016 ) ) ;
#6402 = LINE ( 'NONE', #10171, #4054 ) ;
#6403 = VERTEX_POINT ( 'NONE', #10727 ) ;
#6404 = ORIENTED_EDGE ( 'NONE', *, *, #2210, .T. ) ;
#6405 = EDGE_CURVE ( 'NONE', #4616, #4606, #11123, .T. ) ;
#6406 = LINE ( 'NONE', #2104, #5863 ) ;
#6407 = DIRECTION ( 'NONE',  ( -4.371782953570583600E-016, 0.0000000000000000000, -1.000000000000000000 ) ) ;
#6408 = VECTOR ( 'NONE', #3724, 1000.000000000000100 ) ;
#6409 = CARTESIAN_POINT ( 'NONE',  ( 4.000000000000001800, 2.600000000000000100, 4.699999999999997500 ) ) ;
#6410 = DIRECTION ( 'NONE',  ( 3.049318610115480700E-016, -0.0000000000000000000, 1.000000000000000000 ) ) ;
#6411 = UNCERTAINTY_MEASURE_WITH_UNIT (LENGTH_MEASURE( 1.000000000000000100E-005 ), #3616, 'distance_accuracy_value', 'NONE');
#6412 = DIRECTION ( 'NONE',  ( 0.7071067811865493500, 0.0000000000000000000, -0.7071067811865456900 ) ) ;
#6413 =( NAMED_UNIT ( * ) PLANE_ANGLE_UNIT ( ) SI_UNIT ( $, .RADIAN. ) );
#6414 = STYLED_ITEM ( 'NONE', ( #6375 ), #604 ) ;
#6415 = CARTESIAN_POINT ( 'NONE',  ( -2.339999999999999400, -0.3750000000000003300, 0.04999999999999753300 ) ) ;
#6416 = ORIENTED_EDGE ( 'NONE', *, *, #3658, .T. ) ;
#6417 = VERTEX_POINT ( 'NONE', #3701 ) ;
#6418 = VERTEX_POINT ( 'NONE', #8958 ) ;
#6419 = LINE ( 'NONE', #5237, #11093 ) ;
#6420 = ORIENTED_EDGE ( 'NONE', *, *, #10542, .F. ) ;
#6421 = VECTOR ( 'NONE', #1644, 1000.000000000000000 ) ;
#6422 = VECTOR ( 'NONE', #3594, 1000.000000000000000 ) ;
#6423 = ORIENTED_EDGE ( 'NONE', *, *, #10005, .F. ) ;
#6424 =( NAMED_UNIT ( * ) SI_UNIT ( $, .STERADIAN. ) SOLID_ANGLE_UNIT ( ) );
#6425 = MECHANICAL_DESIGN_GEOMETRIC_PRESENTATION_REPRESENTATION (  '', ( #4629 ), #6996 ) ;
#6426 = ADVANCED_FACE ( 'NONE', ( #4098 ), #7678, .F. ) ;
#6427 = ORIENTED_EDGE ( 'NONE', *, *, #5752, .T. ) ;
#6428 = ORIENTED_EDGE ( 'NONE', *, *, #6682, .T. ) ;
#6429 =( NAMED_UNIT ( * ) SI_UNIT ( $, .STERADIAN. ) SOLID_ANGLE_UNIT ( ) );
#6430 = UNCERTAINTY_MEASURE_WITH_UNIT (LENGTH_MEASURE( 1.000000000000000100E-005 ), #1863, 'distance_accuracy_value', 'NONE');
#6431 = ORIENTED_EDGE ( 'NONE', *, *, #1480, .F. ) ;
#6432 = CARTESIAN_POINT ( 'NONE',  ( -4.474000000000001100, -1.100000000000000100, 1.226000000000000000 ) ) ;
#6433 = VECTOR ( 'NONE', #260, 1000.000000000000000 ) ;
#6434 = PLANE ( 'NONE',  #9122 ) ;
#6435 = DIRECTION ( 'NONE',  ( -0.7071067811865500200, -3.833233541708454800E-016, 0.7071067811865451300 ) ) ;
#6436 = CARTESIAN_POINT ( 'NONE',  ( -4.474000000000001100, -1.100000000000000100, 1.226000000000000000 ) ) ;
#6437 = LINE ( 'NONE', #1680, #9318 ) ;
#6438 = STYLED_ITEM ( 'NONE', ( #1666 ), #2256 ) ;
#6439 = PRESENTATION_LAYER_ASSIGNMENT (  '', '', ( #5235 ) ) ;
#6440 = DIRECTION ( 'NONE',  ( -1.000000000000000000, 0.0000000000000000000, 0.0000000000000000000 ) ) ;
#6441 = DIRECTION ( 'NONE',  ( -1.000000000000000000, -0.0000000000000000000, -0.0000000000000000000 ) ) ;
#6442 = ADVANCED_FACE ( 'NONE', ( #5619 ), #2857, .T. ) ;
#6443 = FILL_AREA_STYLE ('',( #4646 ) ) ;
#6444 = ORIENTED_EDGE ( 'NONE', *, *, #4682, .F. ) ;
#6445 = PLANE ( 'NONE',  #10550 ) ;
#6446 = VERTEX_POINT ( 'NONE', #9906 ) ;
#6447 = DIRECTION ( 'NONE',  ( -1.172110456741085800E-016, 1.000000000000000000, -0.0000000000000000000 ) ) ;
#6448 = PRESENTATION_LAYER_ASSIGNMENT (  '', '', ( #5241 ) ) ;
#6449 = FACE_OUTER_BOUND ( 'NONE', #8072, .T. ) ;
#6450 = PLANE ( 'NONE',  #10262 ) ;
#6451 = ORIENTED_EDGE ( 'NONE', *, *, #4321, .F. ) ;
#6452 = SURFACE_STYLE_USAGE ( .BOTH. , #198 ) ;
#6453 = CARTESIAN_POINT ( 'NONE',  ( -1.409999999999999900, 0.2499999999999996700, 0.1799999999999966600 ) ) ;
#6454 = MECHANICAL_DESIGN_GEOMETRIC_PRESENTATION_REPRESENTATION (  '', ( #4651 ), #7013 ) ;
#6455 = ORIENTED_EDGE ( 'NONE', *, *, #2391, .T. ) ;
#6456 = DIRECTION ( 'NONE',  ( -1.000000000000000000, -0.0000000000000000000, -0.0000000000000000000 ) ) ;
#6457 = PLANE ( 'NONE',  #14 ) ;
#6458 = VECTOR ( 'NONE', #1008, 1000.000000000000000 ) ;
#6459 = DIRECTION ( 'NONE',  ( 1.885568995626964800E-016, 0.0000000000000000000, -1.000000000000000000 ) ) ;
#6460 = DIRECTION ( 'NONE',  ( -0.0000000000000000000, 0.0000000000000000000, -1.000000000000000000 ) ) ;
#6461 = EDGE_CURVE ( 'NONE', #597, #5048, #3283, .T. ) ;
#6462 = ORIENTED_EDGE ( 'NONE', *, *, #11407, .T. ) ;
#6463 = ORIENTED_EDGE ( 'NONE', *, *, #5561, .T. ) ;
#6464 = CARTESIAN_POINT ( 'NONE',  ( 0.1599999999999999800, 3.100000000000000100, 0.3499999999999989800 ) ) ;
#6465 =( NAMED_UNIT ( * ) SI_UNIT ( $, .STERADIAN. ) SOLID_ANGLE_UNIT ( ) );
#6466 = VECTOR ( 'NONE', #1978, 1000.000000000000000 ) ;
#6467 = CARTESIAN_POINT ( 'NONE',  ( -2.339999999999999900, -0.1500000000000003300, 0.2999999999999965500 ) ) ;
#6468 = PLANE ( 'NONE',  #6854 ) ;
#6469 = DIRECTION ( 'NONE',  ( 0.0000000000000000000, 1.000000000000000000, 0.0000000000000000000 ) ) ;
#6470 = FILL_AREA_STYLE ('',( #6661 ) ) ;
#6471 = DIRECTION ( 'NONE',  ( 1.000000000000000000, -6.195440985631560800E-016, 0.0000000000000000000 ) ) ;
#6472 = CARTESIAN_POINT ( 'NONE',  ( 1.409999999999999700, -0.1500000000000003300, 0.2999999999999965500 ) ) ;
#6473 = DIRECTION ( 'NONE',  ( 0.0000000000000000000, -1.000000000000000000, -0.0000000000000000000 ) ) ;
#6474 = EDGE_LOOP ( 'NONE', ( #8896, #11153, #3391, #9521 ) ) ;
#6475 = ORIENTED_EDGE ( 'NONE', *, *, #7041, .T. ) ;
#6476 = VECTOR ( 'NONE', #11359, 1000.000000000000000 ) ;
#6477 = EDGE_CURVE ( 'NONE', #4462, #2546, #5338, .T. ) ;
#6478 = CARTESIAN_POINT ( 'NONE',  ( 4.000000000000000000, -0.4000000000000000800, 0.04999999999999747700 ) ) ;
#6479 = EDGE_CURVE ( 'NONE', #79, #5227, #3011, .T. ) ;
#6480 = DIRECTION ( 'NONE',  ( -0.0000000000000000000, -0.0000000000000000000, -1.000000000000000000 ) ) ;
#6481 = EDGE_CURVE ( 'NONE', #8438, #10069, #9759, .T. ) ;
#6482 = DIRECTION ( 'NONE',  ( -0.1904761904761876300, 0.2380952380952350000, 0.9523809523809536600 ) ) ;
#6483 = CARTESIAN_POINT ( 'NONE',  ( 3.500000000000000900, -1.100000000000000100, 0.04999999999999763700 ) ) ;
#6484 = ADVANCED_FACE ( 'NONE', ( #9479 ), #10842, .F. ) ;
#6485 = EDGE_LOOP ( 'NONE', ( #9804, #2386, #3759, #1475 ) ) ;
#6486 = VECTOR ( 'NONE', #7202, 1000.000000000000000 ) ;
#6487 = ORIENTED_EDGE ( 'NONE', *, *, #5814, .F. ) ;
#6488 = CARTESIAN_POINT ( 'NONE',  ( -5.020000000000001400, 1.200000000000000000, 1.275999999999999800 ) ) ;
#6489 = CARTESIAN_POINT ( 'NONE',  ( -4.000000000000000900, 2.600000000000000100, 0.2999999999999999900 ) ) ;
#6490 = DIRECTION ( 'NONE',  ( 1.000000000000000000, 0.0000000000000000000, -3.252606517456518700E-016 ) ) ;
#6491 =( GEOMETRIC_REPRESENTATION_CONTEXT ( 3 ) GLOBAL_UNCERTAINTY_ASSIGNED_CONTEXT ( ( #10020 ) ) GLOBAL_UNIT_ASSIGNED_CONTEXT ( ( #5414, #70, #6316 ) ) REPRESENTATION_CONTEXT ( 'NONE', 'WORKASPACE' ) );
#6492 = CARTESIAN_POINT ( 'NONE',  ( 4.474000000000000200, -0.8799999999999969000, 0.5200000000000004600 ) ) ;
#6493 = EDGE_CURVE ( 'NONE', #6170, #3339, #10997, .T. ) ;
#6494 = UNCERTAINTY_MEASURE_WITH_UNIT (LENGTH_MEASURE( 1.000000000000000100E-005 ), #5662, 'distance_accuracy_value', 'NONE');
#6495 = ORIENTED_EDGE ( 'NONE', *, *, #4036, .T. ) ;
#6496 = ADVANCED_FACE ( 'NONE', ( #1886 ), #2059, .T. ) ;
#6497 = ORIENTED_EDGE ( 'NONE', *, *, #8833, .F. ) ;
#6498 = ORIENTED_EDGE ( 'NONE', *, *, #4446, .T. ) ;
#6499 = STYLED_ITEM ( 'NONE', ( #9392 ), #8596 ) ;
#6500 = PRESENTATION_LAYER_ASSIGNMENT (  '', '', ( #5310 ) ) ;
#6501 = AXIS2_PLACEMENT_3D ( 'NONE', #2416, #3305, #9469 ) ;
#6502 = CARTESIAN_POINT ( 'NONE',  ( 4.524000000000000900, -1.100000000000000100, 1.226000000000000000 ) ) ;
#6503 = SURFACE_STYLE_USAGE ( .BOTH. , #273 ) ;
#6504 = CARTESIAN_POINT ( 'NONE',  ( -1.309999999999999800, -0.3750000000000005600, 3.999999999999993300 ) ) ;
#6505 = VECTOR ( 'NONE', #1472, 1000.000000000000000 ) ;
#6506 = CARTESIAN_POINT ( 'NONE',  ( 3.399999999999995900, 1.700000000000000200, 1.749999999999996400 ) ) ;
#6507 = FILL_AREA_STYLE ('',( #5614 ) ) ;
#6508 = LINE ( 'NONE', #10888, #10634 ) ;
#6509 = ORIENTED_EDGE ( 'NONE', *, *, #8755, .F. ) ;
#6510 = VECTOR ( 'NONE', #9878, 1000.000000000000000 ) ;
#6511 = MECHANICAL_DESIGN_GEOMETRIC_PRESENTATION_REPRESENTATION (  '', ( #4721 ), #7077 ) ;
#6512 = DIRECTION ( 'NONE',  ( 0.0000000000000000000, 1.000000000000000000, 0.0000000000000000000 ) ) ;
#6513 = AXIS2_PLACEMENT_3D ( 'NONE', #9649, #9621, #5254 ) ;
#6514 = DIRECTION ( 'NONE',  ( 0.0000000000000000000, 0.0000000000000000000, 1.000000000000000000 ) ) ;
#6515 = ORIENTED_EDGE ( 'NONE', *, *, #653, .T. ) ;
#6516 = DIRECTION ( 'NONE',  ( -1.000000000000000000, 0.0000000000000000000, -0.0000000000000000000 ) ) ;
#6517 = CARTESIAN_POINT ( 'NONE',  ( -3.500000000000001300, 1.700000000000000000, 0.2999999999999998200 ) ) ;
#6518 = VECTOR ( 'NONE', #2002, 1000.000000000000000 ) ;
#6519 = FILL_AREA_STYLE ('',( #7389 ) ) ;
#6520 = PRESENTATION_LAYER_ASSIGNMENT (  '', '', ( #5326 ) ) ;
#6521 = CLOSED_SHELL ( 'NONE', ( #10142, #10944, #414, #4235, #2145, #7897, #4097, #9051, #10878, #1651, #6655, #2493, #8325, #7956, #4110, #8430, #4624, #6031, #7744, #10626, #9539, #7223, #3063, #365 ) ) ;
#6522 = ORIENTED_EDGE ( 'NONE', *, *, #3085, .T. ) ;
#6523 = FACE_BOUND ( 'NONE', #8394, .T. ) ;
#6524 =( NAMED_UNIT ( * ) SI_UNIT ( $, .STERADIAN. ) SOLID_ANGLE_UNIT ( ) );
#6525 = DIRECTION ( 'NONE',  ( 1.000000000000000000, 0.0000000000000000000, -3.051828337366604500E-016 ) ) ;
#6526 = ORIENTED_EDGE ( 'NONE', *, *, #8348, .T. ) ;
#6527 = EDGE_CURVE ( 'NONE', #5344, #11196, #8643, .T. ) ;
#6528 = SURFACE_STYLE_FILL_AREA ( #8761 ) ;
#6529 = AXIS2_PLACEMENT_3D ( 'NONE', #2809, #3695, #9869 ) ;
#6530 = EDGE_CURVE ( 'NONE', #9074, #294, #3962, .T. ) ;
#6531 = PRESENTATION_STYLE_ASSIGNMENT (( #3729 ) ) ;
#6532 = VERTEX_POINT ( 'NONE', #1999 ) ;
#6533 = DIRECTION ( 'NONE',  ( 0.0000000000000000000, 0.0000000000000000000, 1.000000000000000000 ) ) ;
#6534 = VERTEX_POINT ( 'NONE', #5629 ) ;
#6535 = VERTEX_POINT ( 'NONE', #1198 ) ;
#6536 = LINE ( 'NONE', #194, #10939 ) ;
#6537 = DIRECTION ( 'NONE',  ( 0.0000000000000000000, -1.000000000000000000, -2.258754526011468200E-016 ) ) ;
#6538 = LINE ( 'NONE', #3430, #11202 ) ;
#6539 = FACE_OUTER_BOUND ( 'NONE', #1148, .T. ) ;
#6540 = LINE ( 'NONE', #5030, #5986 ) ;
#6541 = LINE ( 'NONE', #5808, #1831 ) ;
#6542 = LINE ( 'NONE', #5447, #6261 ) ;
#6543 = SURFACE_SIDE_STYLE ('',( #4038 ) ) ;
#6544 = COLOUR_RGB ( '',0.8000000000000000400, 0.8078431372549019800, 0.8000000000000000400 ) ;
#6545 = ORIENTED_EDGE ( 'NONE', *, *, #46, .F. ) ;
#6547 = ADVANCED_FACE ( 'NONE', ( #6045 ), #3846, .T. ) ;
#6546 = ORIENTED_EDGE ( 'NONE', *, *, #9273, .T. ) ;
#6548 = CARTESIAN_POINT ( 'NONE',  ( 1.409999999999999700, 2.350000000000003200, 0.6499999999999986900 ) ) ;
#6549 = FILL_AREA_STYLE ('',( #4759 ) ) ;
#6550 = VECTOR ( 'NONE', #9457, 1000.000000000000000 ) ;
#6551 = EDGE_CURVE ( 'NONE', #4230, #3358, #10720, .T. ) ;
#6552 =( LENGTH_UNIT ( ) NAMED_UNIT ( * ) SI_UNIT ( .MILLI., .METRE. ) );
#6553 = VECTOR ( 'NONE', #10185, 1000.000000000000000 ) ;
#6554 = FILL_AREA_STYLE ('',( #8249 ) ) ;
#6555 = EDGE_CURVE ( 'NONE', #9070, #8616, #1311, .T. ) ;
#6556 = DIRECTION ( 'NONE',  ( 0.0000000000000000000, -1.000000000000000000, 0.0000000000000000000 ) ) ;
#6557 = EDGE_CURVE ( 'NONE', #4780, #6946, #10445, .T. ) ;
#6558 = CARTESIAN_POINT ( 'NONE',  ( 3.399999999999996400, -0.6999999999999988500, 4.399999999999995900 ) ) ;
#6559 = VECTOR ( 'NONE', #2492, 1000.000000000000000 ) ;
#6560 = VERTEX_POINT ( 'NONE', #4786 ) ;
#6561 = EDGE_LOOP ( 'NONE', ( #10281, #4832, #556, #9030 ) ) ;
#6562 = LINE ( 'NONE', #11168, #3919 ) ;
#6563 = SURFACE_SIDE_STYLE ('',( #8607 ) ) ;
#6564 = ADVANCED_FACE ( 'NONE', ( #3684 ), #7433, .T. ) ;
#6565 = DIRECTION ( 'NONE',  ( 0.0000000000000000000, -1.000000000000000000, 0.0000000000000000000 ) ) ;
#6566 = SURFACE_STYLE_FILL_AREA ( #1916 ) ;
#6567 = CARTESIAN_POINT ( 'NONE',  ( 2.560000000000000100, 0.3499999999999997000, 3.999999999999993300 ) ) ;
#6568 = VECTOR ( 'NONE', #4642, 1000.000000000000000 ) ;
#6569 = FACE_OUTER_BOUND ( 'NONE', #1779, .T. ) ;
#6570 = PLANE ( 'NONE',  #3884 ) ;
#6571 = UNCERTAINTY_MEASURE_WITH_UNIT (LENGTH_MEASURE( 1.000000000000000100E-005 ), #1973, 'distance_accuracy_value', 'NONE');
#6572 = LINE ( 'NONE', #7799, #8609 ) ;
#6573 = EDGE_CURVE ( 'NONE', #150, #10775, #7812, .T. ) ;
#6574 = ORIENTED_EDGE ( 'NONE', *, *, #5935, .T. ) ;
#6575 = EDGE_LOOP ( 'NONE', ( #5748, #90, #5940, #9480, #8027, #11278, #10640, #5036 ) ) ;
#6576 = ORIENTED_EDGE ( 'NONE', *, *, #5714, .F. ) ;
#6577 = VERTEX_POINT ( 'NONE', #1288 ) ;
#6578 =( NAMED_UNIT ( * ) SI_UNIT ( $, .STERADIAN. ) SOLID_ANGLE_UNIT ( ) );
#6579 = FACE_OUTER_BOUND ( 'NONE', #1015, .T. ) ;
#6580 = FACE_OUTER_BOUND ( 'NONE', #5273, .T. ) ;
#6581 = CARTESIAN_POINT ( 'NONE',  ( 2.339999999999999900, 3.100000000000000100, 0.3499999999999989800 ) ) ;
#6582 = ORIENTED_EDGE ( 'NONE', *, *, #4450, .F. ) ;
#6583 = PRESENTATION_LAYER_ASSIGNMENT (  '', '', ( #5368 ) ) ;
#6584 =( GEOMETRIC_REPRESENTATION_CONTEXT ( 3 ) GLOBAL_UNCERTAINTY_ASSIGNED_CONTEXT ( ( #1815 ) ) GLOBAL_UNIT_ASSIGNED_CONTEXT ( ( #912, #5457, #7346 ) ) REPRESENTATION_CONTEXT ( 'NONE', 'WORKASPACE' ) );
#6585 =( NAMED_UNIT ( * ) PLANE_ANGLE_UNIT ( ) SI_UNIT ( $, .RADIAN. ) );
#6586 = VERTEX_POINT ( 'NONE', #4824 ) ;
#6587 = UNCERTAINTY_MEASURE_WITH_UNIT (LENGTH_MEASURE( 1.000000000000000100E-005 ), #4212, 'distance_accuracy_value', 'NONE');
#6588 = ORIENTED_EDGE ( 'NONE', *, *, #2540, .F. ) ;
#6589 = VECTOR ( 'NONE', #1811, 1000.000000000000000 ) ;
#6590 = FACE_OUTER_BOUND ( 'NONE', #9150, .T. ) ;
#6591 = CARTESIAN_POINT ( 'NONE',  ( 0.06000000000000015700, -0.3750000000000005600, 3.999999999999993300 ) ) ;
#6592 =( GEOMETRIC_REPRESENTATION_CONTEXT ( 3 ) GLOBAL_UNCERTAINTY_ASSIGNED_CONTEXT ( ( #6862 ) ) GLOBAL_UNIT_ASSIGNED_CONTEXT ( ( #9353, #4091, #10261 ) ) REPRESENTATION_CONTEXT ( 'NONE', 'WORKASPACE' ) );
#6593 = DIRECTION ( 'NONE',  ( -1.000000000000000000, 0.0000000000000000000, 4.371782953570583600E-016 ) ) ;
#6594 = AXIS2_PLACEMENT_3D ( 'NONE', #8932, #7944, #7166 ) ;
#6595 = FILL_AREA_STYLE ('',( #10972 ) ) ;
#6596 = SURFACE_SIDE_STYLE ('',( #1612 ) ) ;
#6597 = CARTESIAN_POINT ( 'NONE',  ( -2.660000000000000100, -0.1500000000000003300, 0.2999999999999965500 ) ) ;
#6598 = FILL_AREA_STYLE_COLOUR ( '', #5427 ) ;
#6599 = ORIENTED_EDGE ( 'NONE', *, *, #4530, .F. ) ;
#6600 = STYLED_ITEM ( 'NONE', ( #4525 ), #9639 ) ;
#6601 = DIRECTION ( 'NONE',  ( -0.9805806756909207800, 0.0000000000000000000, -0.1961161351381809400 ) ) ;
#6602 = MECHANICAL_DESIGN_GEOMETRIC_PRESENTATION_REPRESENTATION (  '', ( #4807 ), #7149 ) ;
#6603 = CARTESIAN_POINT ( 'NONE',  ( 2.982666666666674800, -0.2913333333333322200, 2.011333333333333000 ) ) ;
#6604 = DIRECTION ( 'NONE',  ( 1.000000000000000000, 0.0000000000000000000, 0.0000000000000000000 ) ) ;
#6605 = EDGE_CURVE ( 'NONE', #2813, #383, #1012, .T. ) ;
#6606 = CARTESIAN_POINT ( 'NONE',  ( 0.0000000000000000000, 1.700000000000000000, 0.0000000000000000000 ) ) ;
#6607 = ORIENTED_EDGE ( 'NONE', *, *, #11176, .T. ) ;
#6608 = VECTOR ( 'NONE', #275, 1000.000000000000000 ) ;
#6609 = CARTESIAN_POINT ( 'NONE',  ( 1.409999999999999700, 2.999999999999999600, -1.761828530288944700E-016 ) ) ;
#6610 = ADVANCED_FACE ( 'NONE', ( #5757 ), #9233, .F. ) ;
#6611 = SURFACE_STYLE_FILL_AREA ( #7898 ) ;
#6612 = DIRECTION ( 'NONE',  ( -3.771137991253931500E-016, 0.0000000000000000000, -1.000000000000000000 ) ) ;
#6613 = CARTESIAN_POINT ( 'NONE',  ( 2.425000000000000700, -1.100000000000000100, 2.099999999999996100 ) ) ;
#6614 = ORIENTED_EDGE ( 'NONE', *, *, #10886, .T. ) ;
#6615 = DIRECTION ( 'NONE',  ( 0.0000000000000000000, 1.000000000000000000, 4.336808689942013800E-015 ) ) ;
#6616 = ORIENTED_EDGE ( 'NONE', *, *, #10889, .T. ) ;
#6617 = ADVANCED_FACE ( 'NONE', ( #5458 ), #418, .T. ) ;
#6618 = EDGE_CURVE ( 'NONE', #10537, #771, #6722, .T. ) ;
#6619 = EDGE_CURVE ( 'NONE', #7877, #3190, #2288, .T. ) ;
#6620 = CARTESIAN_POINT ( 'NONE',  ( -0.1599999999999999800, 0.4249999999999998200, 1.749999999999996400 ) ) ;
#6621 = DIRECTION ( 'NONE',  ( 0.0000000000000000000, -1.000000000000000000, 0.0000000000000000000 ) ) ;
#6622 = CARTESIAN_POINT ( 'NONE',  ( -0.1599999999999999800, 3.100000000000000100, 0.09999999999999947800 ) ) ;
#6623 = VECTOR ( 'NONE', #7656, 1000.000000000000000 ) ;
#6624 = SURFACE_SIDE_STYLE ('',( #9040 ) ) ;
#6625 = PLANE ( 'NONE',  #6069 ) ;
#6626 = DIRECTION ( 'NONE',  ( 1.000000000000000000, 0.0000000000000000000, -0.0000000000000000000 ) ) ;
#6627 = EDGE_CURVE ( 'NONE', #6202, #5480, #9033, .T. ) ;
#6628 = CARTESIAN_POINT ( 'NONE',  ( 1.409999999999999700, 3.100000000000000100, 0.09999999999999947800 ) ) ;
#6629 = VERTEX_POINT ( 'NONE', #7546 ) ;
#6630 = PLANE ( 'NONE',  #4122 ) ;
#6631 = EDGE_CURVE ( 'NONE', #6446, #7863, #11114, .T. ) ;
#6632 = ORIENTED_EDGE ( 'NONE', *, *, #11258, .T. ) ;
#6633 = CARTESIAN_POINT ( 'NONE',  ( 1.089999999999999900, 2.999999999999999600, -1.761828530288944700E-016 ) ) ;
#6634 = ORIENTED_EDGE ( 'NONE', *, *, #1575, .F. ) ;
#6635 = ORIENTED_EDGE ( 'NONE', *, *, #2834, .T. ) ;
#6636 = CARTESIAN_POINT ( 'NONE',  ( -2.339999999999999900, 0.2499999999999996700, 0.2999999999999966000 ) ) ;
#6637 = ORIENTED_EDGE ( 'NONE', *, *, #5733, .T. ) ;
#6638 = PRESENTATION_LAYER_ASSIGNMENT (  '', '', ( #5441 ) ) ;
#6639 = MECHANICAL_DESIGN_GEOMETRIC_PRESENTATION_REPRESENTATION (  '', ( #4855 ), #7203 ) ;
#6640 = DIRECTION ( 'NONE',  ( 0.0000000000000000000, 1.294569758191649100E-016, -1.000000000000000000 ) ) ;
#6641 = VERTEX_POINT ( 'NONE', #11094 ) ;
#6642 = VECTOR ( 'NONE', #2197, 1000.000000000000000 ) ;
#6643 = EDGE_LOOP ( 'NONE', ( #9208, #2584, #6697, #4581 ) ) ;
#6644 = SURFACE_SIDE_STYLE ('',( #9883 ) ) ;
#6645 = DIRECTION ( 'NONE',  ( 0.0000000000000000000, 0.0000000000000000000, -1.000000000000000000 ) ) ;
#6646 = CARTESIAN_POINT ( 'NONE',  ( 3.750000000000000000, 1.338521200599388900E-016, 0.6499999999999980200 ) ) ;
#6647 = ORIENTED_EDGE ( 'NONE', *, *, #11052, .F. ) ;
#6648 = LINE ( 'NONE', #7836, #11048 ) ;
#6649 = ORIENTED_EDGE ( 'NONE', *, *, #3286, .T. ) ;
#6650 = UNCERTAINTY_MEASURE_WITH_UNIT (LENGTH_MEASURE( 1.000000000000000100E-005 ), #10561, 'distance_accuracy_value', 'NONE');
#6651 = VECTOR ( 'NONE', #6473, 1000.000000000000000 ) ;
#6652 = DIRECTION ( 'NONE',  ( 0.0000000000000000000, 0.0000000000000000000, 1.000000000000000000 ) ) ;
#6653 = MECHANICAL_DESIGN_GEOMETRIC_PRESENTATION_REPRESENTATION (  '', ( #4877 ), #7218 ) ;
#6654 =( GEOMETRIC_REPRESENTATION_CONTEXT ( 3 ) GLOBAL_UNCERTAINTY_ASSIGNED_CONTEXT ( ( #5710 ) ) GLOBAL_UNIT_ASSIGNED_CONTEXT ( ( #3226, #9377, #4108 ) ) REPRESENTATION_CONTEXT ( 'NONE', 'WORKASPACE' ) );
#6655 = ADVANCED_FACE ( 'NONE', ( #6449 ), #5826, .T. ) ;
#6656 = SURFACE_STYLE_USAGE ( .BOTH. , #432 ) ;
#6657 = VECTOR ( 'NONE', #7239, 1000.000000000000000 ) ;
#6658 = DIRECTION ( 'NONE',  ( -1.000000000000000000, 0.0000000000000000000, -2.304851557154559200E-017 ) ) ;
#6659 = LINE ( 'NONE', #7326, #1945 ) ;
#6660 = DIRECTION ( 'NONE',  ( -1.000000000000000000, -0.0000000000000000000, 3.049318610115480700E-016 ) ) ;
#6661 = FILL_AREA_STYLE_COLOUR ( '', #7071 ) ;
#6662 = DIRECTION ( 'NONE',  ( -0.0000000000000000000, -1.000000000000000000, -0.0000000000000000000 ) ) ;
#6663 = CARTESIAN_POINT ( 'NONE',  ( -2.660000000000000100, 2.999999999999999600, -1.761828530288944700E-016 ) ) ;
#6664 = FACE_OUTER_BOUND ( 'NONE', #10527, .T. ) ;
#6665 = ORIENTED_EDGE ( 'NONE', *, *, #2749, .T. ) ;
#6666 = ORIENTED_EDGE ( 'NONE', *, *, #2981, .T. ) ;
#6667 = VECTOR ( 'NONE', #4459, 1000.000000000000000 ) ;
#6668 = LINE ( 'NONE', #1878, #1086 ) ;
#6669 = DIRECTION ( 'NONE',  ( 2.990902544787597600E-016, 0.0000000000000000000, 1.000000000000000000 ) ) ;
#6670 = VECTOR ( 'NONE', #5341, 1000.000000000000000 ) ;
#6671 = ADVANCED_FACE ( 'NONE', ( #3272 ), #6747, .F. ) ;
#6672 = FILL_AREA_STYLE ('',( #3994 ) ) ;
#6673 = AXIS2_PLACEMENT_3D ( 'NONE', #8473, #6751, #1449 ) ;
#6674 = VECTOR ( 'NONE', #4718, 1000.000000000000000 ) ;
#6675 =( NAMED_UNIT ( * ) PLANE_ANGLE_UNIT ( ) SI_UNIT ( $, .RADIAN. ) );
#6676 = CARTESIAN_POINT ( 'NONE',  ( 4.524000000000000900, -1.100000000000000100, 1.276000000000000000 ) ) ;
#6677 = VECTOR ( 'NONE', #9707, 1000.000000000000000 ) ;
#6678 = VERTEX_POINT ( 'NONE', #4050 ) ;
#6679 = ORIENTED_EDGE ( 'NONE', *, *, #2939, .T. ) ;
#6680 = LINE ( 'NONE', #6810, #1689 ) ;
#6681 = VECTOR ( 'NONE', #7831, 1000.000000000000000 ) ;
#6682 = EDGE_CURVE ( 'NONE', #9844, #8797, #2432, .T. ) ;
#6683 = DIRECTION ( 'NONE',  ( 0.1940285000290634100, 0.1455213750217966800, -0.9701425001453328800 ) ) ;
#6684 = PLANE ( 'NONE',  #7001 ) ;
#6685 = CARTESIAN_POINT ( 'NONE',  ( -1.090000000000000100, 3.100000000000000100, 0.3499999999999989800 ) ) ;
#6686 = LINE ( 'NONE', #11037, #4325 ) ;
#6687 = VERTEX_POINT ( 'NONE', #576 ) ;
#6688 = EDGE_LOOP ( 'NONE', ( #2395, #3851, #9792, #3549 ) ) ;
#6689 = COLOUR_RGB ( '',0.8000000000000000400, 0.8078431372549019800, 0.8000000000000000400 ) ;
#6690 = PRESENTATION_STYLE_ASSIGNMENT (( #2173 ) ) ;
#6691 = FACE_OUTER_BOUND ( 'NONE', #11146, .T. ) ;
#6692 = FACE_OUTER_BOUND ( 'NONE', #9110, .T. ) ;
#6693 =( LENGTH_UNIT ( ) NAMED_UNIT ( * ) SI_UNIT ( .MILLI., .METRE. ) );
#6694 = DIRECTION ( 'NONE',  ( -1.000000000000000000, 6.776263578034385000E-016, -0.0000000000000000000 ) ) ;
#6695 = EDGE_CURVE ( 'NONE', #2252, #10901, #9174, .T. ) ;
#6696 = EDGE_LOOP ( 'NONE', ( #8090, #5995, #5325, #497 ) ) ;
#6697 = ORIENTED_EDGE ( 'NONE', *, *, #3296, .F. ) ;
#6698 = VERTEX_POINT ( 'NONE', #8537 ) ;
#6699 = CARTESIAN_POINT ( 'NONE',  ( 3.399999999999995900, 0.8499999999999996400, 1.749999999999996400 ) ) ;
#6700 = EDGE_CURVE ( 'NONE', #954, #5638, #4778, .T. ) ;
#6701 = CARTESIAN_POINT ( 'NONE',  ( 3.050000000000002000, 1.174999999999998700, 2.874999999999990700 ) ) ;
#6702 = EDGE_CURVE ( 'NONE', #9600, #10810, #4493, .T. ) ;
#6703 = DIRECTION ( 'NONE',  ( 3.049318610115480700E-016, -0.0000000000000000000, 1.000000000000000000 ) ) ;
#6704 = LINE ( 'NONE', #10448, #6421 ) ;
#6705 = DIRECTION ( 'NONE',  ( 0.0000000000000000000, -1.294569758191648900E-016, 1.000000000000000000 ) ) ;
#6706 =( LENGTH_UNIT ( ) NAMED_UNIT ( * ) SI_UNIT ( .MILLI., .METRE. ) );
#6707 = ORIENTED_EDGE ( 'NONE', *, *, #10738, .T. ) ;
#6708 = ORIENTED_EDGE ( 'NONE', *, *, #7695, .T. ) ;
#6709 = FILL_AREA_STYLE_COLOUR ( '', #4587 ) ;
#6710 = FACE_OUTER_BOUND ( 'NONE', #5806, .T. ) ;
#6711 =( LENGTH_UNIT ( ) NAMED_UNIT ( * ) SI_UNIT ( .MILLI., .METRE. ) );
#6712 = CARTESIAN_POINT ( 'NONE',  ( -4.474000000000000200, 1.200000000000000000, 0.5200000000000015700 ) ) ;
#6713 = ADVANCED_FACE ( 'NONE', ( #6590 ), #6818, .T. ) ;
#6714 = CARTESIAN_POINT ( 'NONE',  ( 0.1599999999999999800, 0.2499999999999996700, 0.2999999999999966000 ) ) ;
#6715 = EDGE_CURVE ( 'NONE', #5023, #5711, #10989, .T. ) ;
#6716 = ORIENTED_EDGE ( 'NONE', *, *, #10235, .T. ) ;
#6717 = MANIFOLD_SOLID_BREP ( 'Case', #2089 ) ;
#6718 = ORIENTED_EDGE ( 'NONE', *, *, #5742, .F. ) ;
#6719 = FILL_AREA_STYLE ('',( #484 ) ) ;
#6720 = PRESENTATION_STYLE_ASSIGNMENT (( #8711 ) ) ;
#6721 = STYLED_ITEM ( 'NONE', ( #5698 ), #8430 ) ;
#6722 = LINE ( 'NONE', #458, #11400 ) ;
#6723 = MECHANICAL_DESIGN_GEOMETRIC_PRESENTATION_REPRESENTATION (  '', ( #4936 ), #7276 ) ;
#6724 = DIRECTION ( 'NONE',  ( 0.0000000000000000000, -2.258754526011467700E-016, 1.000000000000000000 ) ) ;
#6725 = PRESENTATION_LAYER_ASSIGNMENT (  '', '', ( #5718 ) ) ;
#6726 = ADVANCED_FACE ( 'NONE', ( #3402 ), #3314, .T. ) ;
#6727 = ORIENTED_EDGE ( 'NONE', *, *, #360, .F. ) ;
#6728 = ORIENTED_EDGE ( 'NONE', *, *, #4994, .F. ) ;
#6729 = CARTESIAN_POINT ( 'NONE',  ( -2.024999999999999500, 2.123118842698621800, 3.249999999999996000 ) ) ;
#6730 = COLOUR_RGB ( '',0.8000000000000000400, 0.8078431372549019800, 0.8000000000000000400 ) ;
#6731 = STYLED_ITEM ( 'NONE', ( #8595 ), #3083 ) ;
#6732 = LINE ( 'NONE', #6303, #2018 ) ;
#6733 =( NAMED_UNIT ( * ) SI_UNIT ( $, .STERADIAN. ) SOLID_ANGLE_UNIT ( ) );
#6734 = PLANE ( 'NONE',  #10771 ) ;
#6735 = CARTESIAN_POINT ( 'NONE',  ( 5.500000000000001800, 1.700000000000000000, 2.200000000000000200 ) ) ;
#6736 = MECHANICAL_DESIGN_GEOMETRIC_PRESENTATION_REPRESENTATION (  '', ( #3772 ), #7302 ) ;
#6737 = DIRECTION ( 'NONE',  ( 0.0000000000000000000, -1.000000000000000000, -0.0000000000000000000 ) ) ;
#6738 = CARTESIAN_POINT ( 'NONE',  ( -2.024999999999999000, -0.9999999999999983300, 4.699999999999995700 ) ) ;
#6739 = DIRECTION ( 'NONE',  ( -0.0000000000000000000, -1.000000000000000000, -0.0000000000000000000 ) ) ;
#6740 = EDGE_CURVE ( 'NONE', #7081, #5941, #156, .T. ) ;
#6741 = CARTESIAN_POINT ( 'NONE',  ( 2.560000000000000100, -0.3750000000000005600, 3.999999999999993300 ) ) ;
#6742 = PRESENTATION_LAYER_ASSIGNMENT (  '', '', ( #5540 ) ) ;
#6743 = DIRECTION ( 'NONE',  ( -0.0000000000000000000, 1.000000000000000000, 0.0000000000000000000 ) ) ;
#6744 = ORIENTED_EDGE ( 'NONE', *, *, #10160, .F. ) ;
#6745 = LINE ( 'NONE', #10508, #1763 ) ;
#6746 = EDGE_LOOP ( 'NONE', ( #3469, #4182, #129, #9647 ) ) ;
#6747 = PLANE ( 'NONE',  #1542 ) ;
#6748 = FILL_AREA_STYLE_COLOUR ( '', #146 ) ;
#6749 =( LENGTH_UNIT ( ) NAMED_UNIT ( * ) SI_UNIT ( .MILLI., .METRE. ) );
#6750 = FACE_OUTER_BOUND ( 'NONE', #8541, .T. ) ;
#6751 = DIRECTION ( 'NONE',  ( 4.380838333381156200E-016, 0.7071067811865494600, -0.7071067811865455700 ) ) ;
#6752 = EDGE_CURVE ( 'NONE', #2009, #10658, #6974, .T. ) ;
#6753 = EDGE_CURVE ( 'NONE', #1041, #5401, #4619, .T. ) ;
#6754 = EDGE_CURVE ( 'NONE', #3250, #10161, #11391, .T. ) ;
#6755 = DIRECTION ( 'NONE',  ( -0.0000000000000000000, -0.0000000000000000000, -1.000000000000000000 ) ) ;
#6756 = ADVANCED_FACE ( 'NONE', ( #11106 ), #6928, .F. ) ;
#6757 = PLANE ( 'NONE',  #999 ) ;
#6758 = CARTESIAN_POINT ( 'NONE',  ( 4.000000000000000900, -1.100000000000000300, 0.04999999999999747700 ) ) ;
#6759 = CARTESIAN_POINT ( 'NONE',  ( 1.409999999999999700, -0.1500000000000003300, 0.2999999999999965500 ) ) ;
#6760 = CARTESIAN_POINT ( 'NONE',  ( 1.089999999999999900, -0.1500000000000003300, 0.2999999999999965500 ) ) ;
#6761 = EDGE_LOOP ( 'NONE', ( #6243, #10382, #586, #7231 ) ) ;
#6762 = CARTESIAN_POINT ( 'NONE',  ( 1.674999999999999400, 2.600000000000000100, 0.6499999999999980200 ) ) ;
#6763 = CARTESIAN_POINT ( 'NONE',  ( -4.000000000000000900, 1.700000000000000000, 2.400000000000000800 ) ) ;
#6764 = ADVANCED_FACE ( 'NONE', ( #1998 ), #8658, .T. ) ;
#6765 = DIRECTION ( 'NONE',  ( -1.000000000000000000, 0.0000000000000000000, 3.051828337366604500E-016 ) ) ;
#6766 = EDGE_CURVE ( 'NONE', #9812, #375, #6437, .T. ) ;
#6767 = ORIENTED_EDGE ( 'NONE', *, *, #11454, .T. ) ;
#6768 = CARTESIAN_POINT ( 'NONE',  ( 3.999999999999997300, 2.600000000000000100, 0.2999999999999975500 ) ) ;
#6769 = ORIENTED_EDGE ( 'NONE', *, *, #10312, .T. ) ;
#6770 = CARTESIAN_POINT ( 'NONE',  ( 2.440000000000000400, -0.3750000000000005600, 3.999999999999993300 ) ) ;
#6771 = VECTOR ( 'NONE', #11390, 999.9999999999998900 ) ;
#6772 =( NAMED_UNIT ( * ) SI_UNIT ( $, .STERADIAN. ) SOLID_ANGLE_UNIT ( ) );
#6773 = STYLED_ITEM ( 'NONE', ( #3061 ), #723 ) ;
#6774 = SURFACE_STYLE_FILL_AREA ( #4881 ) ;
#6775 =( NAMED_UNIT ( * ) PLANE_ANGLE_UNIT ( ) SI_UNIT ( $, .RADIAN. ) );
#6776 = CARTESIAN_POINT ( 'NONE',  ( 2.025000000000001700, 3.673118842698620300, 4.699999999999995700 ) ) ;
#6777 = ORIENTED_EDGE ( 'NONE', *, *, #10965, .T. ) ;
#6778 =( NAMED_UNIT ( * ) PLANE_ANGLE_UNIT ( ) SI_UNIT ( $, .RADIAN. ) );
#6779 = UNCERTAINTY_MEASURE_WITH_UNIT (LENGTH_MEASURE( 1.000000000000000100E-005 ), #2136, 'distance_accuracy_value', 'NONE');
#6780 = LINE ( 'NONE', #9754, #9106 ) ;
#6781 = AXIS2_PLACEMENT_3D ( 'NONE', #8925, #4538, #10730 ) ;
#6782 = CARTESIAN_POINT ( 'NONE',  ( 2.660000000000000100, 2.500000000000000000, -1.084202172485504400E-016 ) ) ;
#6783 =( GEOMETRIC_REPRESENTATION_CONTEXT ( 3 ) GLOBAL_UNCERTAINTY_ASSIGNED_CONTEXT ( ( #8298 ) ) GLOBAL_UNIT_ASSIGNED_CONTEXT ( ( #5044, #4958, #4816 ) ) REPRESENTATION_CONTEXT ( 'NONE', 'WORKASPACE' ) );
#6784 = VECTOR ( 'NONE', #4015, 1000.000000000000000 ) ;
#6785 = LINE ( 'NONE', #8070, #11191 ) ;
#6786 = AXIS2_PLACEMENT_3D ( 'NONE', #9727, #4430, #10612 ) ;
#6787 = AXIS2_PLACEMENT_3D ( 'NONE', #9964, #2721, #5559 ) ;
#6788 = ORIENTED_EDGE ( 'NONE', *, *, #9489, .F. ) ;
#6789 = SURFACE_STYLE_FILL_AREA ( #10779 ) ;
#6790 = VERTEX_POINT ( 'NONE', #767 ) ;
#6791 = ORIENTED_EDGE ( 'NONE', *, *, #3018, .T. ) ;
#6792 = LINE ( 'NONE', #1144, #2090 ) ;
#6793 =( NAMED_UNIT ( * ) PLANE_ANGLE_UNIT ( ) SI_UNIT ( $, .RADIAN. ) );
#6794 = DIRECTION ( 'NONE',  ( -1.000000000000000000, 6.776263578034385900E-016, 0.0000000000000000000 ) ) ;
#6795 = VECTOR ( 'NONE', #4191, 1000.000000000000000 ) ;
#6796 = VECTOR ( 'NONE', #4771, 1000.000000000000000 ) ;
#6797 = CARTESIAN_POINT ( 'NONE',  ( 0.8249999999999997300, -1.100000000000000100, 0.6499999999999980200 ) ) ;
#6798 = FACE_OUTER_BOUND ( 'NONE', #10599, .T. ) ;
#6799 = LINE ( 'NONE', #66, #9417 ) ;
#6800 = SURFACE_STYLE_FILL_AREA ( #4223 ) ;
#6801 = EDGE_LOOP ( 'NONE', ( #222, #7624, #7246, #10055 ) ) ;
#6802 = ORIENTED_EDGE ( 'NONE', *, *, #5085, .T. ) ;
#6803 =( LENGTH_UNIT ( ) NAMED_UNIT ( * ) SI_UNIT ( .MILLI., .METRE. ) );
#6804 = VECTOR ( 'NONE', #2403, 1000.000000000000000 ) ;
#6805 = DIRECTION ( 'NONE',  ( -1.000000000000000000, -0.0000000000000000000, -0.0000000000000000000 ) ) ;
#6806 = AXIS2_PLACEMENT_3D ( 'NONE', #6483, #6525, #1194 ) ;
#6807 = PRESENTATION_STYLE_ASSIGNMENT (( #9202 ) ) ;
#6808 = CARTESIAN_POINT ( 'NONE',  ( -2.660000000000000100, 0.4249999999999998200, 3.999999999999993300 ) ) ;
#6809 = SURFACE_STYLE_USAGE ( .BOTH. , #7070 ) ;
#6810 = CARTESIAN_POINT ( 'NONE',  ( -3.399999999999999900, -0.9999999999999986700, 4.699999999999995700 ) ) ;
#6811 = ADVANCED_FACE ( 'NONE', ( #6710 ), #10476, .T. ) ;
#6812 = ORIENTED_EDGE ( 'NONE', *, *, #5537, .T. ) ;
#6813 = ORIENTED_EDGE ( 'NONE', *, *, #5064, .T. ) ;
#6814 = VERTEX_POINT ( 'NONE', #8773 ) ;
#6815 = FACE_OUTER_BOUND ( 'NONE', #4822, .T. ) ;
#6816 = EDGE_CURVE ( 'NONE', #4055, #4531, #7930, .T. ) ;
#6817 = LINE ( 'NONE', #6296, #11233 ) ;
#6818 = PLANE ( 'NONE',  #2743 ) ;
#6819 = FACE_OUTER_BOUND ( 'NONE', #6064, .T. ) ;
#6820 = EDGE_CURVE ( 'NONE', #5460, #8118, #3261, .T. ) ;
#6821 = CARTESIAN_POINT ( 'NONE',  ( 4.524000000000000900, 1.100000000000000100, 0.2540000000000000000 ) ) ;
#6822 = VERTEX_POINT ( 'NONE', #10569 ) ;
#6823 = VECTOR ( 'NONE', #9101, 1000.000000000000000 ) ;
#6824 = FILL_AREA_STYLE ('',( #4159 ) ) ;
#6825 = ADVANCED_FACE ( 'NONE', ( #2988 ), #851, .T. ) ;
#6826 = PLANE ( 'NONE',  #8415 ) ;
#6827 = ORIENTED_EDGE ( 'NONE', *, *, #482, .F. ) ;
#6828 = ORIENTED_EDGE ( 'NONE', *, *, #3671, .F. ) ;
#6829 = ORIENTED_EDGE ( 'NONE', *, *, #7113, .T. ) ;
#6830 = VECTOR ( 'NONE', #1477, 1000.000000000000000 ) ;
#6831 = CARTESIAN_POINT ( 'NONE',  ( -1.409999999999999900, 2.500000000000000000, -1.084202172485504400E-016 ) ) ;
#6832 = VECTOR ( 'NONE', #4567, 1000.000000000000000 ) ;
#6833 = FILL_AREA_STYLE ('',( #5958 ) ) ;
#6834 = EDGE_CURVE ( 'NONE', #954, #8140, #874, .T. ) ;
#6835 = CARTESIAN_POINT ( 'NONE',  ( -3.399999999999999500, 1.700000000000000000, 4.399999999999995900 ) ) ;
#6836 = UNCERTAINTY_MEASURE_WITH_UNIT (LENGTH_MEASURE( 1.000000000000000100E-005 ), #8664, 'distance_accuracy_value', 'NONE');
#6837 = SURFACE_STYLE_USAGE ( .BOTH. , #630 ) ;
#6838 = DIRECTION ( 'NONE',  ( 0.0000000000000000000, -1.000000000000000000, 0.0000000000000000000 ) ) ;
#6839 = EDGE_CURVE ( 'NONE', #6586, #10775, #590, .T. ) ;
#6840 =( LENGTH_UNIT ( ) NAMED_UNIT ( * ) SI_UNIT ( .MILLI., .METRE. ) );
#6841 = ORIENTED_EDGE ( 'NONE', *, *, #449, .T. ) ;
#6842 = ORIENTED_EDGE ( 'NONE', *, *, #11102, .F. ) ;
#6843 = VECTOR ( 'NONE', #7092, 1000.000000000000000 ) ;
#6844 = VECTOR ( 'NONE', #11125, 1000.000000000000000 ) ;
#6845 = SURFACE_SIDE_STYLE ('',( #106 ) ) ;
#6846 = PLANE ( 'NONE',  #10859 ) ;
#6847 = AXIS2_PLACEMENT_3D ( 'NONE', #3662, #3071, #2958 ) ;
#6848 = DIRECTION ( 'NONE',  ( 0.0000000000000000000, 0.0000000000000000000, -1.000000000000000000 ) ) ;
#6849 = DIRECTION ( 'NONE',  ( -0.7071067811865497900, -0.7071067811865452400, 0.0000000000000000000 ) ) ;
#6850 = CARTESIAN_POINT ( 'NONE',  ( -3.050000000000000300, 1.700000000000000200, 1.749999999999996400 ) ) ;
#6851 = ORIENTED_EDGE ( 'NONE', *, *, #6551, .F. ) ;
#6852 = PLANE ( 'NONE',  #11290 ) ;
#6853 = FILL_AREA_STYLE_COLOUR ( '', #9694 ) ;
#6854 = AXIS2_PLACEMENT_3D ( 'NONE', #10014, #4715, #10887 ) ;
#6855 =( LENGTH_UNIT ( ) NAMED_UNIT ( * ) SI_UNIT ( .MILLI., .METRE. ) );
#6856 = EDGE_LOOP ( 'NONE', ( #517, #6588, #7625, #49, #7245, #4427, #3187, #4043, #5236, #5302, #11197, #206, #6034, #1977, #7299, #6582, #7728, #424, #7362, #2621 ) ) ;
#6857 = DIRECTION ( 'NONE',  ( -1.000000000000000000, 0.0000000000000000000, 0.0000000000000000000 ) ) ;
#6858 = AXIS2_PLACEMENT_3D ( 'NONE', #10815, #5512, #186 ) ;
#6859 = STYLED_ITEM ( 'NONE', ( #1250 ), #2019 ) ;
#6860 = CARTESIAN_POINT ( 'NONE',  ( 1.410000000000000600, 1.338521200599388900E-016, 0.6499999999999980200 ) ) ;
#6861 = MECHANICAL_DESIGN_GEOMETRIC_PRESENTATION_REPRESENTATION (  '', ( #5092 ), #7442 ) ;
#6862 = UNCERTAINTY_MEASURE_WITH_UNIT (LENGTH_MEASURE( 1.000000000000000100E-005 ), #9353, 'distance_accuracy_value', 'NONE');
#6863 = VECTOR ( 'NONE', #11382, 1000.000000000000000 ) ;
#6864 = DIRECTION ( 'NONE',  ( 0.0000000000000000000, 0.7071067811865436900, -0.7071067811865513500 ) ) ;
#6865 = CARTESIAN_POINT ( 'NONE',  ( -1.392993197278912000, -0.3537414965986413500, 3.585034013605425100 ) ) ;
#6866 = PRODUCT_DEFINITION_FORMATION_WITH_SPECIFIED_SOURCE ( 'ANY', '', #4160, .NOT_KNOWN. ) ;
#6867 = STYLED_ITEM ( 'NONE', ( #107 ), #3412 ) ;
#6868 = ADVANCED_FACE ( 'NONE', ( #5043 ), #9360, .F. ) ;
#6869 = CARTESIAN_POINT ( 'NONE',  ( -4.000000000000000900, -1.100000000000000100, 0.2999999999999999900 ) ) ;
#6870 =( LENGTH_UNIT ( ) NAMED_UNIT ( * ) SI_UNIT ( .MILLI., .METRE. ) );
#6871 =( GEOMETRIC_REPRESENTATION_CONTEXT ( 3 ) GLOBAL_UNCERTAINTY_ASSIGNED_CONTEXT ( ( #2832 ) ) GLOBAL_UNIT_ASSIGNED_CONTEXT ( ( #10413, #5121, #11281 ) ) REPRESENTATION_CONTEXT ( 'NONE', 'WORKASPACE' ) );
#6872 = CARTESIAN_POINT ( 'NONE',  ( -5.020000000000001400, 1.200000000000000000, 1.529999999999999800 ) ) ;
#6873 = CARTESIAN_POINT ( 'NONE',  ( 5.200000000000004600, 1.399999999999998600, 4.699999999999997500 ) ) ;
#6874 = CARTESIAN_POINT ( 'NONE',  ( -3.500000000000001300, 1.700000000000000000, 0.04999999999999980800 ) ) ;
#6875 = ADVANCED_FACE ( 'NONE', ( #9735 ), #3205, .F. ) ;
#6876 = VECTOR ( 'NONE', #9383, 1000.000000000000000 ) ;
#6877 = DIRECTION ( 'NONE',  ( -0.0000000000000000000, 1.000000000000000000, -0.0000000000000000000 ) ) ;
#6878 = EDGE_CURVE ( 'NONE', #9028, #8118, #9450, .T. ) ;
#6879 = CARTESIAN_POINT ( 'NONE',  ( 2.925000000000000300, -1.100000000000000100, 0.6499999999999978000 ) ) ;
#6880 = EDGE_CURVE ( 'NONE', #8673, #6310, #7657, .T. ) ;
#6881 = DIRECTION ( 'NONE',  ( -0.0000000000000000000, -1.000000000000000000, -0.0000000000000000000 ) ) ;
#6882 = ORIENTED_EDGE ( 'NONE', *, *, #8872, .F. ) ;
#6883 = CARTESIAN_POINT ( 'NONE',  ( 2.075000000000000200, -1.100000000000000100, 0.6499999999999978000 ) ) ;
#6884 = EDGE_LOOP ( 'NONE', ( #4464, #2890, #6263, #1161 ) ) ;
#6885 = ORIENTED_EDGE ( 'NONE', *, *, #6194, .F. ) ;
#6886 = ORIENTED_EDGE ( 'NONE', *, *, #5129, .T. ) ;
#6887 = DIRECTION ( 'NONE',  ( 0.0000000000000000000, 1.223202451009284600E-015, -1.000000000000000000 ) ) ;
#6888 = ORIENTED_EDGE ( 'NONE', *, *, #7793, .T. ) ;
#6889 = CARTESIAN_POINT ( 'NONE',  ( 0.1599999999999999800, 0.2499999999999996700, 0.1799999999999966600 ) ) ;
#6890 = ORIENTED_EDGE ( 'NONE', *, *, #7497, .F. ) ;
#6891 = ORIENTED_EDGE ( 'NONE', *, *, #10744, .T. ) ;
#6892 = UNCERTAINTY_MEASURE_WITH_UNIT (LENGTH_MEASURE( 1.000000000000000100E-005 ), #1856, 'distance_accuracy_value', 'NONE');
#6893 =( LENGTH_UNIT ( ) NAMED_UNIT ( * ) SI_UNIT ( .MILLI., .METRE. ) );
#6894 = CARTESIAN_POINT ( 'NONE',  ( 4.474000000000000200, -0.8799999999999969000, 1.276000000000000000 ) ) ;
#6895 = EDGE_CURVE ( 'NONE', #7047, #5445, #305, .T. ) ;
#6896 = EDGE_CURVE ( 'NONE', #11001, #642, #7102, .T. ) ;
#6897 = ORIENTED_EDGE ( 'NONE', *, *, #7923, .T. ) ;
#6898 = VECTOR ( 'NONE', #6660, 1000.000000000000000 ) ;
#6899 = EDGE_CURVE ( 'NONE', #8140, #1528, #2420, .T. ) ;
#6900 = ORIENTED_EDGE ( 'NONE', *, *, #5425, .F. ) ;
#6901 = DIRECTION ( 'NONE',  ( -1.000000000000000000, -0.0000000000000000000, -0.0000000000000000000 ) ) ;
#6902 = CARTESIAN_POINT ( 'NONE',  ( 1.409999999999999700, 0.4249999999999998200, 3.999999999999993300 ) ) ;
#6903 = COLOUR_RGB ( '',0.8000000000000000400, 0.8078431372549019800, 0.8000000000000000400 ) ;
#6904 = VECTOR ( 'NONE', #3217, 1000.000000000000000 ) ;
#6905 = DIRECTION ( 'NONE',  ( 0.0000000000000000000, -1.000000000000000000, -1.223202451009284400E-015 ) ) ;
#6906 = CARTESIAN_POINT ( 'NONE',  ( -3.050000000000000300, 1.700000000000000200, 1.749999999999996400 ) ) ;
#6907 = DIRECTION ( 'NONE',  ( -1.000000000000000000, 0.0000000000000000000, 0.0000000000000000000 ) ) ;
#6908 = LINE ( 'NONE', #5191, #9243 ) ;
#6909 = ORIENTED_EDGE ( 'NONE', *, *, #9253, .T. ) ;
#6910 = LINE ( 'NONE', #4673, #8695 ) ;
#6911 = PLANE ( 'NONE',  #4641 ) ;
#6912 = ORIENTED_EDGE ( 'NONE', *, *, #2118, .F. ) ;
#6913 = VERTEX_POINT ( 'NONE', #3290 ) ;
#6914 = EDGE_CURVE ( 'NONE', #2828, #11040, #11245, .T. ) ;
#6915 = FACE_OUTER_BOUND ( 'NONE', #4295, .T. ) ;
#6916 = PLANE ( 'NONE',  #10045 ) ;
#6917 = DIRECTION ( 'NONE',  ( 0.0000000000000000000, 0.9701425001453327600, -0.2425356250363297200 ) ) ;
#6918 = VECTOR ( 'NONE', #9102, 1000.000000000000000 ) ;
#6919 = VERTEX_POINT ( 'NONE', #8544 ) ;
#6921 = ORIENTED_EDGE ( 'NONE', *, *, #10163, .F. ) ;
#6920 = ADVANCED_FACE ( 'NONE', ( #6579 ), #6826, .T. ) ;
#6922 = VECTOR ( 'NONE', #2586, 1000.000000000000000 ) ;
#6923 = STYLED_ITEM ( 'NONE', ( #3534 ), #1301 ) ;
#6924 = LINE ( 'NONE', #9814, #5833 ) ;
#6925 = ORIENTED_EDGE ( 'NONE', *, *, #3658, .F. ) ;
#6926 = VECTOR ( 'NONE', #8835, 1000.000000000000000 ) ;
#6927 = VECTOR ( 'NONE', #1492, 1000.000000000000000 ) ;
#6928 = PLANE ( 'NONE',  #9838 ) ;
#6929 = VECTOR ( 'NONE', #6471, 1000.000000000000000 ) ;
#6930 = SURFACE_SIDE_STYLE ('',( #10786 ) ) ;
#6931 = PRESENTATION_STYLE_ASSIGNMENT (( #3565 ) ) ;
#6932 = MECHANICAL_DESIGN_GEOMETRIC_PRESENTATION_REPRESENTATION (  '', ( #5765 ), #7527 ) ;
#6933 = DIRECTION ( 'NONE',  ( 0.0000000000000000000, -1.000000000000000000, 0.0000000000000000000 ) ) ;
#6934 = VERTEX_POINT ( 'NONE', #3324 ) ;
#6935 = ORIENTED_EDGE ( 'NONE', *, *, #3448, .T. ) ;
#6936 = LINE ( 'NONE', #1932, #2534 ) ;
#6937 = ADVANCED_FACE ( 'NONE', ( #4216 ), #2438, .T. ) ;
#6938 = DIRECTION ( 'NONE',  ( 3.051828337366604500E-016, -0.0000000000000000000, 1.000000000000000000 ) ) ;
#6939 = PRESENTATION_STYLE_ASSIGNMENT (( #10248 ) ) ;
#6940 = VECTOR ( 'NONE', #826, 1000.000000000000000 ) ;
#6941 = CARTESIAN_POINT ( 'NONE',  ( 4.200000000000000200, 1.700000000000000000, 2.200000000000000200 ) ) ;
#6942 = AXIS2_PLACEMENT_3D ( 'NONE', #8671, #9570, #4285 ) ;
#6943 = PRODUCT_DEFINITION_SHAPE ( 'NONE', 'NONE',  #6293 ) ;
#6944 = CARTESIAN_POINT ( 'NONE',  ( 2.660000000000000100, -0.3750000000000001100, 0.6499999999999975800 ) ) ;
#6945 = VECTOR ( 'NONE', #3116, 1000.000000000000000 ) ;
#6946 = VERTEX_POINT ( 'NONE', #9486 ) ;
#6947 = EDGE_LOOP ( 'NONE', ( #4125, #2978, #5009, #3596, #3064, #4860, #11241, #11465, #10685, #2754, #8828, #2146 ) ) ;
#6948 = PRESENTATION_LAYER_ASSIGNMENT (  '', '', ( #5774 ) ) ;
#6949 = SURFACE_STYLE_FILL_AREA ( #2646 ) ;
#6950 = DIRECTION ( 'NONE',  ( 0.0000000000000000000, -1.000000000000000000, 1.355252715606881500E-016 ) ) ;
#6951 = LINE ( 'NONE', #6558, #4594 ) ;
#6952 = DIRECTION ( 'NONE',  ( 0.0000000000000000000, 1.000000000000000000, 0.0000000000000000000 ) ) ;
#6953 = EDGE_CURVE ( 'NONE', #11332, #8134, #8892, .T. ) ;
#6954 = CARTESIAN_POINT ( 'NONE',  ( -3.699999999999999300, 1.700000000000000000, 4.699999999999996600 ) ) ;
#6955 = FACE_OUTER_BOUND ( 'NONE', #474, .T. ) ;
#6956 = VECTOR ( 'NONE', #5572, 1000.000000000000000 ) ;
#6957 = AXIS2_PLACEMENT_3D ( 'NONE', #3101, #11025, #5759 ) ;
#6958 = FACE_OUTER_BOUND ( 'NONE', #766, .T. ) ;
#6959 = CARTESIAN_POINT ( 'NONE',  ( -1.324999999999999500, 2.123118842698621800, 2.099999999999996100 ) ) ;
#6960 = CARTESIAN_POINT ( 'NONE',  ( -2.500000000000004000, 0.1999999999999961800, 3.499999999999994700 ) ) ;
#6961 = EDGE_LOOP ( 'NONE', ( #1953, #3669, #1641, #5161 ) ) ;
#6962 = ORIENTED_EDGE ( 'NONE', *, *, #1871, .F. ) ;
#6963 = ORIENTED_EDGE ( 'NONE', *, *, #5331, .T. ) ;
#6964 = DIRECTION ( 'NONE',  ( 0.0000000000000000000, -1.000000000000000000, -1.223202451009284400E-015 ) ) ;
#6965 = VECTOR ( 'NONE', #6933, 1000.000000000000000 ) ;
#6966 = CARTESIAN_POINT ( 'NONE',  ( -1.675000000000000000, -1.100000000000000300, 0.6499999999999984700 ) ) ;
#6967 = UNCERTAINTY_MEASURE_WITH_UNIT (LENGTH_MEASURE( 1.000000000000000100E-005 ), #1047, 'distance_accuracy_value', 'NONE');
#6968 = EDGE_LOOP ( 'NONE', ( #2786, #9532, #10456, #1561 ) ) ;
#6969 = EDGE_CURVE ( 'NONE', #5700, #4028, #4478, .T. ) ;
#6970 = VERTEX_POINT ( 'NONE', #2469 ) ;
#6971 = ORIENTED_EDGE ( 'NONE', *, *, #7407, .T. ) ;
#6972 = CARTESIAN_POINT ( 'NONE',  ( 1.724999999999999900, 3.673118842698620300, 4.699999999999995700 ) ) ;
#6973 = EDGE_CURVE ( 'NONE', #1807, #4404, #3937, .T. ) ;
#6974 = LINE ( 'NONE', #11207, #2278 ) ;
#6975 = DIRECTION ( 'NONE',  ( 0.0000000000000000000, -1.294569758191648900E-016, 1.000000000000000000 ) ) ;
#6976 = ORIENTED_EDGE ( 'NONE', *, *, #743, .T. ) ;
#6977 = VERTEX_POINT ( 'NONE', #8637 ) ;
#6978 = CARTESIAN_POINT ( 'NONE',  ( 4.220000000000000600, 1.200000000000000000, 1.529999999999999800 ) ) ;
#6979 = LINE ( 'NONE', #11337, #11399 ) ;
#6980 = EDGE_CURVE ( 'NONE', #3358, #2622, #8620, .T. ) ;
#6981 = ADVANCED_FACE ( 'NONE', ( #6292 ), #11288, .T. ) ;
#6982 = DIRECTION ( 'NONE',  ( 1.000000000000000000, 0.0000000000000000000, 0.0000000000000000000 ) ) ;
#6983 = DIRECTION ( 'NONE',  ( -0.0000000000000000000, -1.000000000000000000, -0.0000000000000000000 ) ) ;
#6984 = CARTESIAN_POINT ( 'NONE',  ( -4.694000000000001700, -1.100000000000000100, 0.3000000000000002100 ) ) ;
#6985 = EDGE_CURVE ( 'NONE', #4506, #9232, #5175, .T. ) ;
#6986 = CARTESIAN_POINT ( 'NONE',  ( 5.500000000000001800, 1.700000000000000000, 2.200000000000000200 ) ) ;
#6987 = EDGE_LOOP ( 'NONE', ( #1730, #7322, #10621, #6767 ) ) ;
#6988 = UNCERTAINTY_MEASURE_WITH_UNIT (LENGTH_MEASURE( 1.000000000000000100E-005 ), #10056, 'distance_accuracy_value', 'NONE');
#6989 = CARTESIAN_POINT ( 'NONE',  ( 0.4250000000000000400, -1.100000000000000300, 0.2999999999999982100 ) ) ;
#6990 = CARTESIAN_POINT ( 'NONE',  ( -1.090000000000000100, -0.6250000000000003300, 0.6499999999999964700 ) ) ;
#6991 = VECTOR ( 'NONE', #3642, 1000.000000000000000 ) ;
#6992 =( NAMED_UNIT ( * ) SI_UNIT ( $, .STERADIAN. ) SOLID_ANGLE_UNIT ( ) );
#6993 = AXIS2_PLACEMENT_3D ( 'NONE', #5271, #6181, #6208 ) ;
#6994 = PLANE ( 'NONE',  #11213 ) ;
#6995 = DIRECTION ( 'NONE',  ( -1.000000000000000000, 0.0000000000000000000, -0.0000000000000000000 ) ) ;
#6996 =( GEOMETRIC_REPRESENTATION_CONTEXT ( 3 ) GLOBAL_UNCERTAINTY_ASSIGNED_CONTEXT ( ( #10361 ) ) GLOBAL_UNIT_ASSIGNED_CONTEXT ( ( #3445, #9613, #4329 ) ) REPRESENTATION_CONTEXT ( 'NONE', 'WORKASPACE' ) );
#6997 = ORIENTED_EDGE ( 'NONE', *, *, #6682, .F. ) ;
#6998 = DIRECTION ( 'NONE',  ( 0.0000000000000000000, 1.141265444721583800E-016, -1.000000000000000000 ) ) ;
#6999 = DIRECTION ( 'NONE',  ( 1.000000000000000000, 0.0000000000000000000, 0.0000000000000000000 ) ) ;
#7000 = STYLED_ITEM ( 'NONE', ( #10345 ), #9345 ) ;
#7001 = AXIS2_PLACEMENT_3D ( 'NONE', #8104, #6410, #5785 ) ;
#7002 = DIRECTION ( 'NONE',  ( 0.0000000000000000000, 0.0000000000000000000, 1.000000000000000000 ) ) ;
#7003 = MECHANICAL_DESIGN_GEOMETRIC_PRESENTATION_REPRESENTATION (  '', ( #5235 ), #7588 ) ;
#7004 = VECTOR ( 'NONE', #11313, 1000.000000000000000 ) ;
#7005 = CARTESIAN_POINT ( 'NONE',  ( 4.000000000000000900, 1.700000000000000000, 2.400000000000000800 ) ) ;
#7006 = CARTESIAN_POINT ( 'NONE',  ( -2.339999999999999900, 2.500000000000000000, -1.084202172485504400E-016 ) ) ;
#7007 = MECHANICAL_DESIGN_GEOMETRIC_PRESENTATION_REPRESENTATION (  '', ( #5241 ), #7600 ) ;
#7008 = FILL_AREA_STYLE_COLOUR ( '', #1899 ) ;
#7009 = DIRECTION ( 'NONE',  ( 0.0000000000000000000, 1.000000000000000000, 0.0000000000000000000 ) ) ;
#7010 = CARTESIAN_POINT ( 'NONE',  ( 0.1599999999999999800, -0.6250000000000003300, 0.6499999999999964700 ) ) ;
#7011 = LINE ( 'NONE', #2746, #2885 ) ;
#7012 = CARTESIAN_POINT ( 'NONE',  ( -2.024999999999999500, -0.6999999999999988500, 4.399999999999995000 ) ) ;
#7013 =( GEOMETRIC_REPRESENTATION_CONTEXT ( 3 ) GLOBAL_UNCERTAINTY_ASSIGNED_CONTEXT ( ( #7241 ) ) GLOBAL_UNIT_ASSIGNED_CONTEXT ( ( #7037, #1764, #7932 ) ) REPRESENTATION_CONTEXT ( 'NONE', 'WORKASPACE' ) );
#7014 = ORIENTED_EDGE ( 'NONE', *, *, #9637, .T. ) ;
#7015 = CARTESIAN_POINT ( 'NONE',  ( -5.020000000000001400, 1.100000000000000100, 1.529999999999999800 ) ) ;
#7016 = ORIENTED_EDGE ( 'NONE', *, *, #4166, .F. ) ;
#7017 = ORIENTED_EDGE ( 'NONE', *, *, #2987, .F. ) ;
#7018 = DIRECTION ( 'NONE',  ( -0.0000000000000000000, 1.000000000000000000, 0.0000000000000000000 ) ) ;
#7019 = CARTESIAN_POINT ( 'NONE',  ( 0.1600000000000008600, 0.4249999999999998200, 1.749999999999996400 ) ) ;
#7020 = CARTESIAN_POINT ( 'NONE',  ( -1.090000000000000100, -0.3750000000000001100, 0.6499999999999975800 ) ) ;
#7021 = DIRECTION ( 'NONE',  ( 0.0000000000000000000, 0.0000000000000000000, -1.000000000000000000 ) ) ;
#7022 = EDGE_CURVE ( 'NONE', #8967, #3568, #731, .T. ) ;
#7023 = ORIENTED_EDGE ( 'NONE', *, *, #4514, .T. ) ;
#7024 = DIRECTION ( 'NONE',  ( 1.000000000000000000, 0.0000000000000000000, 0.0000000000000000000 ) ) ;
#7025 = ADVANCED_FACE ( 'NONE', ( #7518 ), #3439, .T. ) ;
#7026 = ORIENTED_EDGE ( 'NONE', *, *, #6493, .T. ) ;
#7027 = LINE ( 'NONE', #2734, #225 ) ;
#7028 = UNCERTAINTY_MEASURE_WITH_UNIT (LENGTH_MEASURE( 1.000000000000000100E-005 ), #8202, 'distance_accuracy_value', 'NONE');
#7029 = DIRECTION ( 'NONE',  ( 0.0000000000000000000, -0.0000000000000000000, -1.000000000000000000 ) ) ;
#7030 = EDGE_LOOP ( 'NONE', ( #4591, #3709, #7459, #9873 ) ) ;
#7031 = DIRECTION ( 'NONE',  ( 0.0000000000000000000, -1.000000000000000000, 0.0000000000000000000 ) ) ;
#7032 = DIRECTION ( 'NONE',  ( 0.0000000000000000000, 0.7071067811865453500, -0.7071067811865496800 ) ) ;
#7033 = ORIENTED_EDGE ( 'NONE', *, *, #8495, .F. ) ;
#7034 =( NAMED_UNIT ( * ) SI_UNIT ( $, .STERADIAN. ) SOLID_ANGLE_UNIT ( ) );
#7035 = VECTOR ( 'NONE', #5878, 1000.000000000000000 ) ;
#7036 = VERTEX_POINT ( 'NONE', #9634 ) ;
#7037 =( LENGTH_UNIT ( ) NAMED_UNIT ( * ) SI_UNIT ( .MILLI., .METRE. ) );
#7038 = VECTOR ( 'NONE', #5644, 1000.000000000000000 ) ;
#7039 = EDGE_CURVE ( 'NONE', #10676, #938, #1988, .T. ) ;
#7040 = FACE_OUTER_BOUND ( 'NONE', #8817, .T. ) ;
#7041 = EDGE_CURVE ( 'NONE', #4749, #642, #6419, .T. ) ;
#7042 = EDGE_CURVE ( 'NONE', #7891, #1528, #1711, .T. ) ;
#7043 = DIRECTION ( 'NONE',  ( 0.0000000000000000000, -0.7071067811865496800, -0.7071067811865453500 ) ) ;
#7044 = DIRECTION ( 'NONE',  ( -0.0000000000000000000, -1.000000000000000000, -0.0000000000000000000 ) ) ;
#7045 = ORIENTED_EDGE ( 'NONE', *, *, #5652, .T. ) ;
#7046 = CARTESIAN_POINT ( 'NONE',  ( -4.694000000000001700, 1.420000000000001300, 0.3000000000000002100 ) ) ;
#7047 = VERTEX_POINT ( 'NONE', #7005 ) ;
#7048 = SURFACE_STYLE_USAGE ( .BOTH. , #867 ) ;
#7049 = VECTOR ( 'NONE', #2952, 999.9999999999998900 ) ;
#7050 = STYLED_ITEM ( 'NONE', ( #2254 ), #179 ) ;
#7051 = FACE_OUTER_BOUND ( 'NONE', #338, .T. ) ;
#7052 = VECTOR ( 'NONE', #11028, 1000.000000000000000 ) ;
#7053 = FACE_OUTER_BOUND ( 'NONE', #3992, .T. ) ;
#7054 = DIRECTION ( 'NONE',  ( 0.0000000000000000000, -0.9889363528682980600, -0.1483404529302414000 ) ) ;
#7055 = VECTOR ( 'NONE', #1913, 1000.000000000000100 ) ;
#7056 = VERTEX_POINT ( 'NONE', #2620 ) ;
#7057 = ORIENTED_EDGE ( 'NONE', *, *, #7639, .T. ) ;
#7058 = CARTESIAN_POINT ( 'NONE',  ( 3.500000000000000400, 2.600000000000000100, 0.2999999999999977100 ) ) ;
#7059 = CARTESIAN_POINT ( 'NONE',  ( -4.524000000000000900, 1.100000000000000100, 0.2540000000000000000 ) ) ;
#7060 = EDGE_CURVE ( 'NONE', #2134, #8210, #8744, .T. ) ;
#7061 = FACE_OUTER_BOUND ( 'NONE', #3551, .T. ) ;
#7062 = CARTESIAN_POINT ( 'NONE',  ( -1.090000000000000100, 0.3499999999999997000, 3.999999999999993300 ) ) ;
#7063 = VECTOR ( 'NONE', #4027, 1000.000000000000000 ) ;
#7064 = LINE ( 'NONE', #5369, #2381 ) ;
#7065 = FILL_AREA_STYLE_COLOUR ( '', #8972 ) ;
#7066 = PRESENTATION_LAYER_ASSIGNMENT (  '', '', ( #6499 ) ) ;
#7067 = MECHANICAL_DESIGN_GEOMETRIC_PRESENTATION_REPRESENTATION (  '', ( #5310 ), #7667 ) ;
#7068 = EDGE_LOOP ( 'NONE', ( #7584, #10706, #4927, #10801 ) ) ;
#7069 = ORIENTED_EDGE ( 'NONE', *, *, #1334, .F. ) ;
#7070 = SURFACE_SIDE_STYLE ('',( #5673 ) ) ;
#7071 = COLOUR_RGB ( '',0.8000000000000000400, 0.8078431372549019800, 0.8000000000000000400 ) ;
#7072 = VECTOR ( 'NONE', #4984, 1000.000000000000000 ) ;
#7073 = VECTOR ( 'NONE', #11017, 1000.000000000000000 ) ;
#7074 = CARTESIAN_POINT ( 'NONE',  ( -2.439999999999999900, 0.3499999999999997000, 3.999999999999993300 ) ) ;
#7075 = VECTOR ( 'NONE', #9470, 1000.000000000000000 ) ;
#7076 = SURFACE_STYLE_USAGE ( .BOTH. , #6930 ) ;
#7077 =( GEOMETRIC_REPRESENTATION_CONTEXT ( 3 ) GLOBAL_UNCERTAINTY_ASSIGNED_CONTEXT ( ( #5659 ) ) GLOBAL_UNIT_ASSIGNED_CONTEXT ( ( #4256, #10430, #5143 ) ) REPRESENTATION_CONTEXT ( 'NONE', 'WORKASPACE' ) );
#7078 = PLANE ( 'NONE',  #1776 ) ;
#7079 = STYLED_ITEM ( 'NONE', ( #5552 ), #3254 ) ;
#7080 = CARTESIAN_POINT ( 'NONE',  ( -1.409999999999999900, -0.6250000000000003300, 0.2999999999999964900 ) ) ;
#7081 = VERTEX_POINT ( 'NONE', #3523 ) ;
#7082 = ORIENTED_EDGE ( 'NONE', *, *, #7554, .T. ) ;
#7083 = ORIENTED_EDGE ( 'NONE', *, *, #2613, .F. ) ;
#7084 = CIRCLE ( 'NONE', #4556, 0.04999999999999969700 ) ;
#7085 = LINE ( 'NONE', #5355, #2404 ) ;
#7086 = CARTESIAN_POINT ( 'NONE',  ( -2.339999999999999900, 3.100000000000000100, 0.09999999999999947800 ) ) ;
#7087 = CARTESIAN_POINT ( 'NONE',  ( -4.220000000000000600, 1.200000000000000000, 1.529999999999999800 ) ) ;
#7088 = MECHANICAL_DESIGN_GEOMETRIC_PRESENTATION_REPRESENTATION (  '', ( #5326 ), #7682 ) ;
#7089 = ADVANCED_FACE ( 'NONE', ( #10559 ), #8781, .T. ) ;
#7090 = DIRECTION ( 'NONE',  ( -1.172110456741085800E-016, 1.000000000000000000, -0.0000000000000000000 ) ) ;
#7091 = LINE ( 'NONE', #1158, #8883 ) ;
#7092 = DIRECTION ( 'NONE',  ( 1.172110456741085800E-016, -1.000000000000000000, 0.0000000000000000000 ) ) ;
#7093 = DIRECTION ( 'NONE',  ( 0.0000000000000000000, -1.000000000000000000, 1.355252715606881500E-016 ) ) ;
#7094 = EDGE_CURVE ( 'NONE', #8905, #5994, #9717, .T. ) ;
#7095 = ORIENTED_EDGE ( 'NONE', *, *, #3419, .F. ) ;
#7096 = VERTEX_POINT ( 'NONE', #5321 ) ;
#7097 = ORIENTED_EDGE ( 'NONE', *, *, #5885, .F. ) ;
#7098 = ORIENTED_EDGE ( 'NONE', *, *, #6481, .T. ) ;
#7099 = VECTOR ( 'NONE', #6645, 1000.000000000000000 ) ;
#7100 = PRESENTATION_LAYER_ASSIGNMENT (  '', '', ( #5934 ) ) ;
#7101 = EDGE_CURVE ( 'NONE', #5981, #7096, #575, .T. ) ;
#7102 = LINE ( 'NONE', #582, #6830 ) ;
#7103 = UNCERTAINTY_MEASURE_WITH_UNIT (LENGTH_MEASURE( 1.000000000000000100E-005 ), #4842, 'distance_accuracy_value', 'NONE');
#7104 = SURFACE_STYLE_USAGE ( .BOTH. , #906 ) ;
#7105 = CARTESIAN_POINT ( 'NONE',  ( 5.020000000000001400, 1.100000000000000100, 1.276000000000000000 ) ) ;
#7106 = ORIENTED_EDGE ( 'NONE', *, *, #4465, .T. ) ;
#7107 = COLOUR_RGB ( '',0.7921568627450980000, 0.8196078431372548800, 0.9333333333333333500 ) ;
#7108 =( LENGTH_UNIT ( ) NAMED_UNIT ( * ) SI_UNIT ( .MILLI., .METRE. ) );
#7109 = VERTEX_POINT ( 'NONE', #2703 ) ;
#7110 = VECTOR ( 'NONE', #4387, 1000.000000000000000 ) ;
#7111 = DIRECTION ( 'NONE',  ( 0.0000000000000000000, 0.0000000000000000000, -1.000000000000000000 ) ) ;
#7112 = CARTESIAN_POINT ( 'NONE',  ( 1.089999999999999900, 3.100000000000000100, 0.3499999999999989800 ) ) ;
#7113 = EDGE_CURVE ( 'NONE', #1102, #11217, #292, .T. ) ;
#7114 = EDGE_CURVE ( 'NONE', #8968, #5096, #7363, .T. ) ;
#7115 = CARTESIAN_POINT ( 'NONE',  ( -0.1599999999999999800, -0.6250000000000003300, 0.6499999999999964700 ) ) ;
#7116 = EDGE_CURVE ( 'NONE', #4861, #5134, #7085, .T. ) ;
#7117 = ORIENTED_EDGE ( 'NONE', *, *, #2172, .F. ) ;
#7118 =( LENGTH_UNIT ( ) NAMED_UNIT ( * ) SI_UNIT ( .MILLI., .METRE. ) );
#7119 = CARTESIAN_POINT ( 'NONE',  ( 1.409999999999999700, -0.1500000000000003300, 0.2999999999999965500 ) ) ;
#7120 = VECTOR ( 'NONE', #9410, 1000.000000000000000 ) ;
#7121 = DIRECTION ( 'NONE',  ( 2.156193867210994500E-016, 0.7071067811865474600, 0.7071067811865475700 ) ) ;
#7122 = CARTESIAN_POINT ( 'NONE',  ( 2.339999999999999900, -0.1500000000000003000, 0.1799999999999965800 ) ) ;
#7123 = PLANE ( 'NONE',  #11065 ) ;
#7124 = SURFACE_STYLE_USAGE ( .BOTH. , #928 ) ;
#7125 = ORIENTED_EDGE ( 'NONE', *, *, #6880, .F. ) ;
#7126 = CARTESIAN_POINT ( 'NONE',  ( 0.1599999999999999800, -0.1500000000000003000, 0.1799999999999965800 ) ) ;
#7127 = DIRECTION ( 'NONE',  ( -2.304851557154559200E-017, 0.0000000000000000000, 1.000000000000000000 ) ) ;
#7128 = EDGE_LOOP ( 'NONE', ( #8829, #10289, #10027, #7312 ) ) ;
#7129 = LINE ( 'NONE', #8710, #2455 ) ;
#7130 = CARTESIAN_POINT ( 'NONE',  ( -1.409999999999999900, -0.3750000000000001100, 0.6499999999999984700 ) ) ;
#7131 = EDGE_CURVE ( 'NONE', #1056, #8310, #2690, .T. ) ;
#7132 = SURFACE_STYLE_USAGE ( .BOTH. , #936 ) ;
#7133 = CARTESIAN_POINT ( 'NONE',  ( -5.700000000000001100, -0.8999999999999991300, 0.2539999999999999500 ) ) ;
#7134 = VERTEX_POINT ( 'NONE', #7122 ) ;
#7135 = MECHANICAL_DESIGN_GEOMETRIC_PRESENTATION_REPRESENTATION (  '', ( #5368 ), #7729 ) ;
#7136 = DIRECTION ( 'NONE',  ( 0.0000000000000000000, -1.000000000000000000, 0.0000000000000000000 ) ) ;
#7137 = CARTESIAN_POINT ( 'NONE',  ( -2.339999999999999900, 3.000000000000000000, 0.4499999999999998400 ) ) ;
#7138 = LINE ( 'NONE', #8836, #347 ) ;
#7139 = DIRECTION ( 'NONE',  ( 0.0000000000000000000, 1.000000000000000000, 4.336808689942013800E-015 ) ) ;
#7140 = DIRECTION ( 'NONE',  ( 0.0000000000000000000, 0.0000000000000000000, -1.000000000000000000 ) ) ;
#7141 = STYLED_ITEM ( 'NONE', ( #7161 ), #2649 ) ;
#7142 = DIRECTION ( 'NONE',  ( 0.0000000000000000000, -1.000000000000000000, 0.0000000000000000000 ) ) ;
#7143 = EDGE_LOOP ( 'NONE', ( #5761, #2157, #10113, #268 ) ) ;
#7144 = VECTOR ( 'NONE', #1131, 1000.000000000000000 ) ;
#7145 =( NAMED_UNIT ( * ) PLANE_ANGLE_UNIT ( ) SI_UNIT ( $, .RADIAN. ) );
#7146 = ORIENTED_EDGE ( 'NONE', *, *, #2749, .F. ) ;
#7147 = AXIS2_PLACEMENT_3D ( 'NONE', #10874, #9123, #6084 ) ;
#7148 = SURFACE_SIDE_STYLE ('',( #10414 ) ) ;
#7149 =( GEOMETRIC_REPRESENTATION_CONTEXT ( 3 ) GLOBAL_UNCERTAINTY_ASSIGNED_CONTEXT ( ( #4408 ) ) GLOBAL_UNIT_ASSIGNED_CONTEXT ( ( #5846, #499, #6733 ) ) REPRESENTATION_CONTEXT ( 'NONE', 'WORKASPACE' ) );
#7150 = VERTEX_POINT ( 'NONE', #1850 ) ;
#7151 = DIRECTION ( 'NONE',  ( -1.000000000000000000, 0.0000000000000000000, 3.049318610115480700E-016 ) ) ;
#7152 = DIRECTION ( 'NONE',  ( 1.000000000000000000, 0.0000000000000000000, 0.0000000000000000000 ) ) ;
#7153 = FILL_AREA_STYLE_COLOUR ( '', #5877 ) ;
#7154 = EDGE_CURVE ( 'NONE', #6202, #7494, #4468, .T. ) ;
#7155 = ORIENTED_EDGE ( 'NONE', *, *, #4847, .F. ) ;
#7156 = CARTESIAN_POINT ( 'NONE',  ( -1.409999999999999900, 3.100000000000000100, 0.09999999999999947800 ) ) ;
#7157 = DIRECTION ( 'NONE',  ( -1.000000000000000000, 0.0000000000000000000, 0.0000000000000000000 ) ) ;
#7158 = ORIENTED_EDGE ( 'NONE', *, *, #10364, .T. ) ;
#7159 = VERTEX_POINT ( 'NONE', #2740 ) ;
#7160 = DIRECTION ( 'NONE',  ( 1.000000000000000000, 1.172110456741085800E-016, 0.0000000000000000000 ) ) ;
#7161 = PRESENTATION_STYLE_ASSIGNMENT (( #10723 ) ) ;
#7162 = CARTESIAN_POINT ( 'NONE',  ( -2.660000000000000100, -0.6250000000000003300, 0.6499999999999964700 ) ) ;
#7163 = DIRECTION ( 'NONE',  ( 0.7071067811865489100, 0.0000000000000000000, 0.7071067811865462400 ) ) ;
#7164 = VECTOR ( 'NONE', #7449, 1000.000000000000000 ) ;
#7165 = ORIENTED_EDGE ( 'NONE', *, *, #8446, .T. ) ;
#7166 = DIRECTION ( 'NONE',  ( 0.0000000000000000000, 0.0000000000000000000, 1.000000000000000000 ) ) ;
#7167 = DIRECTION ( 'NONE',  ( 0.0000000000000000000, -1.000000000000000000, 0.0000000000000000000 ) ) ;
#7168 = LINE ( 'NONE', #9366, #6904 ) ;
#7169 = CARTESIAN_POINT ( 'NONE',  ( 2.425000000000001200, -0.6999999999999992900, 3.249999999999995100 ) ) ;
#7170 = EDGE_CURVE ( 'NONE', #5615, #11036, #11, .T. ) ;
#7171 = CARTESIAN_POINT ( 'NONE',  ( 4.524000000000000900, 1.100000000000000100, -2.710505431213761100E-017 ) ) ;
#7172 = FACE_OUTER_BOUND ( 'NONE', #11414, .T. ) ;
#7173 = EDGE_CURVE ( 'NONE', #9596, #1331, #6817, .T. ) ;
#7174 = CARTESIAN_POINT ( 'NONE',  ( -1.409999999999999900, 2.350000000000003200, 0.6499999999999986900 ) ) ;
#7175 = VECTOR ( 'NONE', #10402, 1000.000000000000000 ) ;
#7176 = VERTEX_POINT ( 'NONE', #969 ) ;
#7177 = VERTEX_POINT ( 'NONE', #8035 ) ;
#7178 = LINE ( 'NONE', #8552, #2782 ) ;
#7179 = CARTESIAN_POINT ( 'NONE',  ( -3.999999999999999100, -0.8000000000000001600, 2.400000000000002600 ) ) ;
#7180 = UNCERTAINTY_MEASURE_WITH_UNIT (LENGTH_MEASURE( 1.000000000000000100E-005 ), #10039, 'distance_accuracy_value', 'NONE');
#7181 = COLOUR_RGB ( '',0.8000000000000000400, 0.8078431372549019800, 0.8000000000000000400 ) ;
#7182 = DIRECTION ( 'NONE',  ( -1.000000000000000000, 0.0000000000000000000, 3.252606517456515800E-016 ) ) ;
#7183 = LINE ( 'NONE', #5577, #9547 ) ;
#7184 = EDGE_LOOP ( 'NONE', ( #7846, #258, #11104, #3424, #5870, #2623, #6912 ) ) ;
#7185 = EDGE_CURVE ( 'NONE', #1011, #4749, #10964, .T. ) ;
#7186 = ORIENTED_EDGE ( 'NONE', *, *, #8749, .F. ) ;
#7187 = CARTESIAN_POINT ( 'NONE',  ( 2.660000000000000100, -0.6250000000000003300, 0.2999999999999964900 ) ) ;
#7188 = VECTOR ( 'NONE', #10598, 1000.000000000000000 ) ;
#7189 = VERTEX_POINT ( 'NONE', #8919 ) ;
#7190 = VECTOR ( 'NONE', #2686, 1000.000000000000000 ) ;
#7191 = EDGE_CURVE ( 'NONE', #3161, #8462, #1854, .T. ) ;
#7192 = COLOUR_RGB ( '',0.8000000000000000400, 0.8078431372549019800, 0.8000000000000000400 ) ;
#7193 = LINE ( 'NONE', #3297, #6927 ) ;
#7194 = CARTESIAN_POINT ( 'NONE',  ( 2.660000000000000100, 0.4249999999999998200, 3.999999999999993300 ) ) ;
#7195 = VECTOR ( 'NONE', #9048, 1000.000000000000000 ) ;
#7196 = FACE_OUTER_BOUND ( 'NONE', #1316, .T. ) ;
#7197 = LINE ( 'NONE', #11409, #2531 ) ;
#7198 = ORIENTED_EDGE ( 'NONE', *, *, #4244, .F. ) ;
#7199 = ORIENTED_EDGE ( 'NONE', *, *, #6895, .T. ) ;
#7200 = CARTESIAN_POINT ( 'NONE',  ( -0.8250000000000004000, 2.600000000000000100, 0.6499999999999984700 ) ) ;
#7201 = MECHANICAL_DESIGN_GEOMETRIC_PRESENTATION_REPRESENTATION (  '', ( #5441 ), #7805 ) ;
#7202 = DIRECTION ( 'NONE',  ( -0.0000000000000000000, -0.0000000000000000000, -1.000000000000000000 ) ) ;
#7203 =( GEOMETRIC_REPRESENTATION_CONTEXT ( 3 ) GLOBAL_UNCERTAINTY_ASSIGNED_CONTEXT ( ( #2992 ) ) GLOBAL_UNIT_ASSIGNED_CONTEXT ( ( #9808, #9885, #10880 ) ) REPRESENTATION_CONTEXT ( 'NONE', 'WORKASPACE' ) );
#7204 = LINE ( 'NONE', #8759, #417 ) ;
#7205 = VECTOR ( 'NONE', #5190, 1000.000000000000100 ) ;
#7206 = CARTESIAN_POINT ( 'NONE',  ( -0.1599999999999999800, -0.3750000000000001100, 0.6499999999999982500 ) ) ;
#7207 = AXIS2_PLACEMENT_3D ( 'NONE', #11075, #5847, #502 ) ;
#7208 = PLANE ( 'NONE',  #8962 ) ;
#7209 = ORIENTED_EDGE ( 'NONE', *, *, #3952, .F. ) ;
#7210 = VERTEX_POINT ( 'NONE', #2772 ) ;
#7211 = CARTESIAN_POINT ( 'NONE',  ( -5.500000000000001800, -1.100000000000000100, 0.2540000000000000000 ) ) ;
#7212 = FACE_OUTER_BOUND ( 'NONE', #6023, .T. ) ;
#7213 = FILL_AREA_STYLE ('',( #3686 ) ) ;
#7214 = VECTOR ( 'NONE', #1992, 1000.000000000000000 ) ;
#7215 = VECTOR ( 'NONE', #7182, 1000.000000000000000 ) ;
#7216 = DIRECTION ( 'NONE',  ( 0.0000000000000000000, -0.9889363528682980600, -0.1483404529302414000 ) ) ;
#7217 = AXIS2_PLACEMENT_3D ( 'NONE', #4882, #2244, #8400 ) ;
#7218 =( GEOMETRIC_REPRESENTATION_CONTEXT ( 3 ) GLOBAL_UNCERTAINTY_ASSIGNED_CONTEXT ( ( #8800 ) ) GLOBAL_UNIT_ASSIGNED_CONTEXT ( ( #3785, #4623, #4658 ) ) REPRESENTATION_CONTEXT ( 'NONE', 'WORKASPACE' ) );
#7219 = LINE ( 'NONE', #6628, #137 ) ;
#7220 = ORIENTED_EDGE ( 'NONE', *, *, #515, .T. ) ;
#7221 = VERTEX_POINT ( 'NONE', #4533 ) ;
#7222 = ORIENTED_EDGE ( 'NONE', *, *, #2156, .T. ) ;
#7223 = ADVANCED_FACE ( 'NONE', ( #6280 ), #6327, .T. ) ;
#7224 = LINE ( 'NONE', #2335, #440 ) ;
#7225 = DIRECTION ( 'NONE',  ( 0.0000000000000000000, -1.000000000000000000, 0.0000000000000000000 ) ) ;
#7226 = CARTESIAN_POINT ( 'NONE',  ( 2.660000000000000100, 0.0000000000000000000, 0.0000000000000000000 ) ) ;
#7227 = PRESENTATION_STYLE_ASSIGNMENT (( #5208 ) ) ;
#7228 = LINE ( 'NONE', #6860, #4904 ) ;
#7229 = CARTESIAN_POINT ( 'NONE',  ( 1.089999999999999900, -0.3750000000000001100, 0.6499999999999975800 ) ) ;
#7230 = FACE_OUTER_BOUND ( 'NONE', #6224, .T. ) ;
#7231 = ORIENTED_EDGE ( 'NONE', *, *, #7984, .T. ) ;
#7232 = PLANE ( 'NONE',  #1143 ) ;
#7233 = ORIENTED_EDGE ( 'NONE', *, *, #10440, .F. ) ;
#7234 = ORIENTED_EDGE ( 'NONE', *, *, #7328, .F. ) ;
#7235 = DIRECTION ( 'NONE',  ( 0.0000000000000000000, -1.000000000000000000, -2.032879073410321300E-016 ) ) ;
#7236 = FILL_AREA_STYLE_COLOUR ( '', #10934 ) ;
#7237 = SURFACE_STYLE_FILL_AREA ( #7317 ) ;
#7238 =( NAMED_UNIT ( * ) SI_UNIT ( $, .STERADIAN. ) SOLID_ANGLE_UNIT ( ) );
#7239 = DIRECTION ( 'NONE',  ( 0.0000000000000000000, 0.0000000000000000000, -1.000000000000000000 ) ) ;
#7240 = PLANE ( 'NONE',  #7957 ) ;
#7241 = UNCERTAINTY_MEASURE_WITH_UNIT (LENGTH_MEASURE( 1.000000000000000100E-005 ), #7037, 'distance_accuracy_value', 'NONE');
#7242 = DIRECTION ( 'NONE',  ( -3.942553354492747000E-016, 0.0000000000000000000, -1.000000000000000000 ) ) ;
#7243 = CARTESIAN_POINT ( 'NONE',  ( -3.999999999999999100, 2.600000000000000100, 4.699999999999995700 ) ) ;
#7244 = EDGE_CURVE ( 'NONE', #1674, #527, #7780, .T. ) ;
#7245 = ORIENTED_EDGE ( 'NONE', *, *, #2012, .F. ) ;
#7246 = ORIENTED_EDGE ( 'NONE', *, *, #10176, .F. ) ;
#7247 = VECTOR ( 'NONE', #2520, 1000.000000000000100 ) ;
#7248 = DIRECTION ( 'NONE',  ( 1.172110456741085800E-016, -1.000000000000000000, 0.0000000000000000000 ) ) ;
#7249 = DIRECTION ( 'NONE',  ( -0.7071067811865474600, 0.0000000000000000000, -0.7071067811865475700 ) ) ;
#7250 = CARTESIAN_POINT ( 'NONE',  ( -3.699999999999999300, 0.09999999999999982500, 1.749999999999996400 ) ) ;
#7251 = CARTESIAN_POINT ( 'NONE',  ( 1.409999999999999700, 0.4249999999999998200, 0.6499999999999964700 ) ) ;
#7252 = UNCERTAINTY_MEASURE_WITH_UNIT (LENGTH_MEASURE( 1.000000000000000100E-005 ), #5904, 'distance_accuracy_value', 'NONE');
#7253 = CARTESIAN_POINT ( 'NONE',  ( -0.1599999999999999800, -0.6250000000000003300, 0.2999999999999964900 ) ) ;
#7254 =( NAMED_UNIT ( * ) PLANE_ANGLE_UNIT ( ) SI_UNIT ( $, .RADIAN. ) );
#7255 = DIRECTION ( 'NONE',  ( 1.000000000000000000, 1.172110456741085800E-016, 0.0000000000000000000 ) ) ;
#7256 = VERTEX_POINT ( 'NONE', #2852 ) ;
#7257 = VECTOR ( 'NONE', #5359, 1000.000000000000000 ) ;
#7258 =( LENGTH_UNIT ( ) NAMED_UNIT ( * ) SI_UNIT ( .MILLI., .METRE. ) );
#7259 = EDGE_CURVE ( 'NONE', #5954, #5021, #9856, .T. ) ;
#7260 = EDGE_CURVE ( 'NONE', #483, #9247, #3107, .T. ) ;
#7261 =( NAMED_UNIT ( * ) SI_UNIT ( $, .STERADIAN. ) SOLID_ANGLE_UNIT ( ) );
#7262 = EDGE_CURVE ( 'NONE', #9190, #5711, #5164, .T. ) ;
#7263 = DIRECTION ( 'NONE',  ( 0.0000000000000000000, 0.0000000000000000000, 1.000000000000000000 ) ) ;
#7264 = VECTOR ( 'NONE', #105, 1000.000000000000000 ) ;
#7265 = PLANE ( 'NONE',  #2054 ) ;
#7266 = CARTESIAN_POINT ( 'NONE',  ( 2.339999999999999900, 0.4249999999999998200, 1.749999999999996400 ) ) ;
#7267 = CARTESIAN_POINT ( 'NONE',  ( -2.660000000000000100, 2.549999999999999800, 0.4499999999999999000 ) ) ;
#7268 = DIRECTION ( 'NONE',  ( -1.971276677246371500E-016, 0.0000000000000000000, -1.000000000000000000 ) ) ;
#7269 = CARTESIAN_POINT ( 'NONE',  ( -5.700000000000001100, -0.8999999999999991300, -5.421010862427522200E-017 ) ) ;
#7270 = LINE ( 'NONE', #4264, #191 ) ;
#7271 = EDGE_CURVE ( 'NONE', #2133, #1350, #2818, .T. ) ;
#7272 = ADVANCED_FACE ( 'NONE', ( #2549 ), #7265, .F. ) ;
#7273 = ORIENTED_EDGE ( 'NONE', *, *, #8888, .F. ) ;
#7274 = AXIS2_PLACEMENT_3D ( 'NONE', #8130, #2880, #9026 ) ;
#7275 = CARTESIAN_POINT ( 'NONE',  ( -2.339999999999999900, -0.1500000000000003000, 0.1799999999999965800 ) ) ;
#7276 =( GEOMETRIC_REPRESENTATION_CONTEXT ( 3 ) GLOBAL_UNCERTAINTY_ASSIGNED_CONTEXT ( ( #5205 ) ) GLOBAL_UNIT_ASSIGNED_CONTEXT ( ( #7258, #239, #7384 ) ) REPRESENTATION_CONTEXT ( 'NONE', 'WORKASPACE' ) );
#7277 = FILL_AREA_STYLE_COLOUR ( '', #5546 ) ;
#7278 = MECHANICAL_DESIGN_GEOMETRIC_PRESENTATION_REPRESENTATION (  '', ( #5718 ), #7879 ) ;
#7279 =( LENGTH_UNIT ( ) NAMED_UNIT ( * ) SI_UNIT ( .MILLI., .METRE. ) );
#7280 =( NAMED_UNIT ( * ) SI_UNIT ( $, .STERADIAN. ) SOLID_ANGLE_UNIT ( ) );
#7281 = ORIENTED_EDGE ( 'NONE', *, *, #2613, .T. ) ;
#7282 = CIRCLE ( 'NONE', #6209, 0.04999999999999969700 ) ;
#7283 = EDGE_LOOP ( 'NONE', ( #10553, #924, #10974, #7045 ) ) ;
#7284 = DIRECTION ( 'NONE',  ( 0.0000000000000000000, 0.0000000000000000000, -1.000000000000000000 ) ) ;
#7285 = FILL_AREA_STYLE_COLOUR ( '', #9942 ) ;
#7286 = CARTESIAN_POINT ( 'NONE',  ( 5.200000000000004600, 1.700000000000000000, 2.200000000000000200 ) ) ;
#7287 = EDGE_LOOP ( 'NONE', ( #2307, #3122, #7388, #10030 ) ) ;
#7288 = CARTESIAN_POINT ( 'NONE',  ( -5.200000000000001100, 1.399999999999999900, 4.699999999999997500 ) ) ;
#7289 = DIRECTION ( 'NONE',  ( 0.0000000000000000000, 0.0000000000000000000, 1.000000000000000000 ) ) ;
#7290 = ORIENTED_EDGE ( 'NONE', *, *, #11178, .F. ) ;
#7291 = AXIS2_PLACEMENT_3D ( 'NONE', #4840, #11012, #5743 ) ;
#7292 = CARTESIAN_POINT ( 'NONE',  ( -1.189999999999999900, -0.3750000000000005600, 3.999999999999993300 ) ) ;
#7293 = LINE ( 'NONE', #1004, #498 ) ;
#7294 = AXIS2_PLACEMENT_3D ( 'NONE', #8566, #3300, #9465 ) ;
#7295 = CARTESIAN_POINT ( 'NONE',  ( 4.000000000000001800, -0.8000000000000014900, 2.400000000000000400 ) ) ;
#7296 = CARTESIAN_POINT ( 'NONE',  ( 3.399999999999995900, 0.8499999999999996400, 1.749999999999996400 ) ) ;
#7297 = DIRECTION ( 'NONE',  ( 0.0000000000000000000, 0.0000000000000000000, -1.000000000000000000 ) ) ;
#7298 = SURFACE_STYLE_USAGE ( .BOTH. , #1109 ) ;
#7299 = ORIENTED_EDGE ( 'NONE', *, *, #4740, .F. ) ;
#7300 = DIRECTION ( 'NONE',  ( 1.000000000000000000, 0.0000000000000000000, 0.0000000000000000000 ) ) ;
#7301 = DIRECTION ( 'NONE',  ( -0.0000000000000000000, -1.000000000000000000, -0.0000000000000000000 ) ) ;
#7302 =( GEOMETRIC_REPRESENTATION_CONTEXT ( 3 ) GLOBAL_UNCERTAINTY_ASSIGNED_CONTEXT ( ( #7028 ) ) GLOBAL_UNIT_ASSIGNED_CONTEXT ( ( #8202, #2930, #9073 ) ) REPRESENTATION_CONTEXT ( 'NONE', 'WORKASPACE' ) );
#7303 = MANIFOLD_SOLID_BREP ( 'Линейный массив4[3]', #9617 ) ;
#7304 = VERTEX_POINT ( 'NONE', #9902 ) ;
#7305 = FILL_AREA_STYLE ('',( #7696 ) ) ;
#7306 =( NAMED_UNIT ( * ) PLANE_ANGLE_UNIT ( ) SI_UNIT ( $, .RADIAN. ) );
#7307 = LINE ( 'NONE', #6004, #2630 ) ;
#7308 = EDGE_CURVE ( 'NONE', #9812, #316, #1700, .T. ) ;
#7309 = LINE ( 'NONE', #2302, #2633 ) ;
#7310 = CARTESIAN_POINT ( 'NONE',  ( -3.999999999999999100, 2.299999999999999800, 3.699999999999996600 ) ) ;
#7311 = CARTESIAN_POINT ( 'NONE',  ( -2.339999999999999900, 0.2499999999999996700, 0.1799999999999966600 ) ) ;
#7312 = ORIENTED_EDGE ( 'NONE', *, *, #1774, .F. ) ;
#7313 = MECHANICAL_DESIGN_GEOMETRIC_PRESENTATION_REPRESENTATION (  '', ( #5540 ), #7910 ) ;
#7314 = ORIENTED_EDGE ( 'NONE', *, *, #1969, .F. ) ;
#7315 = LINE ( 'NONE', #4964, #7035 ) ;
#7316 = SURFACE_SIDE_STYLE ('',( #5063 ) ) ;
#7317 = FILL_AREA_STYLE ('',( #5545 ) ) ;
#7318 = VERTEX_POINT ( 'NONE', #4689 ) ;
#7319 = DIRECTION ( 'NONE',  ( 0.0000000000000000000, -2.258754526011467700E-016, 1.000000000000000000 ) ) ;
#7320 = LINE ( 'NONE', #5977, #7038 ) ;
#7321 = LINE ( 'NONE', #5686, #528 ) ;
#7322 = ORIENTED_EDGE ( 'NONE', *, *, #11317, .F. ) ;
#7323 = CARTESIAN_POINT ( 'NONE',  ( 0.8249999999999997300, -1.100000000000000100, 0.2999999999999979900 ) ) ;
#7324 = CARTESIAN_POINT ( 'NONE',  ( 2.025000000000001200, 3.673118842698620300, 3.249999999999995100 ) ) ;
#7325 = ADVANCED_FACE ( 'NONE', ( #8457 ), #9985, .T. ) ;
#7326 = CARTESIAN_POINT ( 'NONE',  ( 1.724999999999999900, 3.673118842698620300, 3.249999999999995100 ) ) ;
#7327 = VECTOR ( 'NONE', #1147, 1000.000000000000000 ) ;
#7328 = EDGE_CURVE ( 'NONE', #5308, #9309, #6148, .T. ) ;
#7329 = SURFACE_STYLE_USAGE ( .BOTH. , #1150 ) ;
#7330 = COLOUR_RGB ( '',0.8000000000000000400, 0.8078431372549019800, 0.8000000000000000400 ) ;
#7331 = CARTESIAN_POINT ( 'NONE',  ( -1.090000000000000100, 0.2499999999999996700, 0.2999999999999966000 ) ) ;
#7332 = VECTOR ( 'NONE', #3949, 1000.000000000000000 ) ;
#7333 = EDGE_CURVE ( 'NONE', #8336, #3190, #8734, .T. ) ;
#7334 = CARTESIAN_POINT ( 'NONE',  ( -4.193836974888981100E-016, -1.100000000000000100, 1.056000000000000000 ) ) ;
#7335 = EDGE_CURVE ( 'NONE', #2898, #10850, #3778, .T. ) ;
#7336 = PLANE ( 'NONE',  #1365 ) ;
#7337 =( LENGTH_UNIT ( ) NAMED_UNIT ( * ) SI_UNIT ( .MILLI., .METRE. ) );
#7338 = LINE ( 'NONE', #8914, #4999 ) ;
#7339 = ORIENTED_EDGE ( 'NONE', *, *, #1432, .F. ) ;
#7340 = VERTEX_POINT ( 'NONE', #10033 ) ;
#7341 = DIRECTION ( 'NONE',  ( -1.000000000000000000, 0.0000000000000000000, 0.0000000000000000000 ) ) ;
#7342 = PRESENTATION_STYLE_ASSIGNMENT (( #4266 ) ) ;
#7343 = ADVANCED_FACE ( 'NONE', ( #3514 ), #296, .F. ) ;
#7344 = DIRECTION ( 'NONE',  ( 1.000000000000000000, 0.0000000000000000000, 0.0000000000000000000 ) ) ;
#7345 = CARTESIAN_POINT ( 'NONE',  ( -2.660000000000000100, 0.4249999999999998200, 3.499999999999981300 ) ) ;
#7346 =( NAMED_UNIT ( * ) SI_UNIT ( $, .STERADIAN. ) SOLID_ANGLE_UNIT ( ) );
#7347 = ORIENTED_EDGE ( 'NONE', *, *, #5890, .F. ) ;
#7348 = ORIENTED_EDGE ( 'NONE', *, *, #3958, .F. ) ;
#7349 = LINE ( 'NONE', #7286, #5010 ) ;
#7350 = LINE ( 'NONE', #9371, #7072 ) ;
#7351 = EDGE_CURVE ( 'NONE', #8782, #1137, #6406, .T. ) ;
#7352 = PRESENTATION_STYLE_ASSIGNMENT (( #10150 ) ) ;
#7353 = FILL_AREA_STYLE ('',( #5590 ) ) ;
#7354 = VECTOR ( 'NONE', #3836, 1000.000000000000000 ) ;
#7355 = FACE_OUTER_BOUND ( 'NONE', #10103, .T. ) ;
#7356 = PRESENTATION_STYLE_ASSIGNMENT (( #603 ) ) ;
#7357 =( LENGTH_UNIT ( ) NAMED_UNIT ( * ) SI_UNIT ( .MILLI., .METRE. ) );
#7358 = CARTESIAN_POINT ( 'NONE',  ( -3.999999999999999100, 2.299999999999999800, 3.699999999999996600 ) ) ;
#7359 = AXIS2_PLACEMENT_3D ( 'NONE', #4373, #3223, #3804 ) ;
#7360 = ORIENTED_EDGE ( 'NONE', *, *, #7940, .T. ) ;
#7361 = ORIENTED_EDGE ( 'NONE', *, *, #729, .T. ) ;
#7362 = ORIENTED_EDGE ( 'NONE', *, *, #6700, .F. ) ;
#7363 = LINE ( 'NONE', #4420, #5305 ) ;
#7364 = SURFACE_STYLE_FILL_AREA ( #10054 ) ;
#7365 = CARTESIAN_POINT ( 'NONE',  ( 5.500000000000001800, -1.100000000000000100, 0.3039999999999999400 ) ) ;
#7366 = STYLED_ITEM ( 'NONE', ( #153 ), #10626 ) ;
#7367 = LINE ( 'NONE', #192, #5031 ) ;
#7368 = FILL_AREA_STYLE ('',( #7277 ) ) ;
#7369 = SURFACE_STYLE_FILL_AREA ( #8646 ) ;
#7370 = DIRECTION ( 'NONE',  ( -1.000000000000000000, 0.0000000000000000000, 0.0000000000000000000 ) ) ;
#7371 =( NAMED_UNIT ( * ) PLANE_ANGLE_UNIT ( ) SI_UNIT ( $, .RADIAN. ) );
#7372 = ORIENTED_EDGE ( 'NONE', *, *, #7421, .F. ) ;
#7373 = CARTESIAN_POINT ( 'NONE',  ( 2.660000000000001000, -0.3750000000000003300, 0.04999999999999753300 ) ) ;
#7374 = ORIENTED_EDGE ( 'NONE', *, *, #3505, .T. ) ;
#7375 = DIRECTION ( 'NONE',  ( 1.000000000000000000, -6.195440985631560800E-016, -0.0000000000000000000 ) ) ;
#7376 = VECTOR ( 'NONE', #3973, 1000.000000000000000 ) ;
#7377 = SURFACE_STYLE_USAGE ( .BOTH. , #1183 ) ;
#7378 = CARTESIAN_POINT ( 'NONE',  ( 4.000000000000001800, 2.600000000000000100, 4.699999999999997500 ) ) ;
#7379 = VECTOR ( 'NONE', #9704, 1000.000000000000000 ) ;
#7380 = SURFACE_STYLE_USAGE ( .BOTH. , #7420 ) ;
#7381 = STYLED_ITEM ( 'NONE', ( #10777 ), #5905 ) ;
#7382 = CARTESIAN_POINT ( 'NONE',  ( -4.474000000000001100, 1.100000000000000100, 1.226000000000000000 ) ) ;
#7383 = FILL_AREA_STYLE_COLOUR ( '', #6903 ) ;
#7384 =( NAMED_UNIT ( * ) SI_UNIT ( $, .STERADIAN. ) SOLID_ANGLE_UNIT ( ) );
#7385 = DIRECTION ( 'NONE',  ( -1.000000000000000000, 1.807003620809170700E-016, 0.0000000000000000000 ) ) ;
#7386 = VERTEX_POINT ( 'NONE', #8263 ) ;
#7387 = VECTOR ( 'NONE', #8822, 1000.000000000000000 ) ;
#7388 = ORIENTED_EDGE ( 'NONE', *, *, #10521, .F. ) ;
#7389 = FILL_AREA_STYLE_COLOUR ( '', #2390 ) ;
#7390 = LINE ( 'NONE', #817, #600 ) ;
#7391 = AXIS2_PLACEMENT_3D ( 'NONE', #172, #6407, #1070 ) ;
#7392 = EDGE_LOOP ( 'NONE', ( #1607, #4880, #9928, #8528 ) ) ;
#7393 = DIRECTION ( 'NONE',  ( 1.000000000000000000, 0.0000000000000000000, 0.0000000000000000000 ) ) ;
#7394 = ADVANCED_FACE ( 'NONE', ( #10543 ), #3883, .F. ) ;
#7395 = UNCERTAINTY_MEASURE_WITH_UNIT (LENGTH_MEASURE( 1.000000000000000100E-005 ), #1823, 'distance_accuracy_value', 'NONE');
#7396 = DIRECTION ( 'NONE',  ( -1.000000000000000000, 0.0000000000000000000, -2.304851557154559200E-017 ) ) ;
#7397 = CARTESIAN_POINT ( 'NONE',  ( 4.524000000000000900, 1.100000000000000100, 0.3039999999999999400 ) ) ;
#7398 = ORIENTED_EDGE ( 'NONE', *, *, #7262, .F. ) ;
#7399 = CARTESIAN_POINT ( 'NONE',  ( -2.660000000000000100, -0.3750000000000001100, 0.04999999999999753300 ) ) ;
#7400 = LINE ( 'NONE', #8483, #329 ) ;
#7401 = DIRECTION ( 'NONE',  ( -1.000000000000000000, 0.0000000000000000000, 0.0000000000000000000 ) ) ;
#7402 = CARTESIAN_POINT ( 'NONE',  ( 4.000000000000001800, -1.100000000000000100, 4.699999999999997500 ) ) ;
#7403 = VECTOR ( 'NONE', #9039, 1000.000000000000000 ) ;
#7404 = DIRECTION ( 'NONE',  ( 0.0000000000000000000, 1.000000000000000000, 0.0000000000000000000 ) ) ;
#7405 = ADVANCED_FACE ( 'NONE', ( #1124 ), #6570, .T. ) ;
#7406 = EDGE_CURVE ( 'NONE', #5895, #4063, #3235, .T. ) ;
#7407 = EDGE_CURVE ( 'NONE', #1797, #531, #10272, .T. ) ;
#7408 = ORIENTED_EDGE ( 'NONE', *, *, #10040, .T. ) ;
#7409 =( LENGTH_UNIT ( ) NAMED_UNIT ( * ) SI_UNIT ( .MILLI., .METRE. ) );
#7410 = VECTOR ( 'NONE', #8116, 1000.000000000000000 ) ;
#7411 = ORIENTED_EDGE ( 'NONE', *, *, #8736, .T. ) ;
#7412 = LINE ( 'NONE', #6902, #5077 ) ;
#7413 = DIRECTION ( 'NONE',  ( 0.0000000000000000000, -0.7071067811865438000, 0.7071067811865513500 ) ) ;
#7414 = SURFACE_STYLE_USAGE ( .BOTH. , #1214 ) ;
#7415 =( NAMED_UNIT ( * ) SI_UNIT ( $, .STERADIAN. ) SOLID_ANGLE_UNIT ( ) );
#7416 = SURFACE_STYLE_USAGE ( .BOTH. , #1216 ) ;
#7417 = DIRECTION ( 'NONE',  ( 0.0000000000000000000, 1.000000000000000000, 0.0000000000000000000 ) ) ;
#7418 = DIRECTION ( 'NONE',  ( 0.0000000000000000000, 0.7071067811865436900, -0.7071067811865513500 ) ) ;
#7419 = CARTESIAN_POINT ( 'NONE',  ( -1.409999999999999900, 3.000000000000000000, 0.4499999999999998400 ) ) ;
#7420 = SURFACE_SIDE_STYLE ('',( #7364 ) ) ;
#7421 = EDGE_CURVE ( 'NONE', #7752, #2708, #5562, .T. ) ;
#7422 =( LENGTH_UNIT ( ) NAMED_UNIT ( * ) SI_UNIT ( .MILLI., .METRE. ) );
#7423 = CARTESIAN_POINT ( 'NONE',  ( 1.325000000000000200, -1.100000000000000100, 3.249999999999995600 ) ) ;
#7424 = EDGE_CURVE ( 'NONE', #5603, #6403, #850, .T. ) ;
#7425 = DIRECTION ( 'NONE',  ( 0.0000000000000000000, -1.000000000000000000, -2.258754526011468200E-016 ) ) ;
#7426 = CARTESIAN_POINT ( 'NONE',  ( 1.325000000000000200, -0.6999999999999992900, 3.249999999999995600 ) ) ;
#7427 = DIRECTION ( 'NONE',  ( 1.000000000000000000, 0.0000000000000000000, 0.0000000000000000000 ) ) ;
#7428 = AXIS2_PLACEMENT_3D ( 'NONE', #6636, #1322, #7511 ) ;
#7429 = ORIENTED_EDGE ( 'NONE', *, *, #8120, .T. ) ;
#7430 = VECTOR ( 'NONE', #10843, 1000.000000000000000 ) ;
#7431 = CARTESIAN_POINT ( 'NONE',  ( 0.1599999999999999800, 3.100000000000000100, 0.09999999999999947800 ) ) ;
#7432 = ORIENTED_EDGE ( 'NONE', *, *, #8582, .F. ) ;
#7433 = PLANE ( 'NONE',  #1162 ) ;
#7434 = VERTEX_POINT ( 'NONE', #2177 ) ;
#7435 = DIRECTION ( 'NONE',  ( 0.1940285000290634100, 0.1455213750217966800, -0.9701425001453328800 ) ) ;
#7436 = CARTESIAN_POINT ( 'NONE',  ( -2.339999999999999900, -0.6250000000000003300, 0.6499999999999964700 ) ) ;
#7437 = PRESENTATION_LAYER_ASSIGNMENT (  '', '', ( #6273 ) ) ;
#7438 = ORIENTED_EDGE ( 'NONE', *, *, #8062, .F. ) ;
#7439 = ORIENTED_EDGE ( 'NONE', *, *, #430, .F. ) ;
#7440 = AXIS2_PLACEMENT_3D ( 'NONE', #3578, #3, #6383 ) ;
#7441 = AXIS2_PLACEMENT_3D ( 'NONE', #10980, #6053, #7029 ) ;
#7442 =( GEOMETRIC_REPRESENTATION_CONTEXT ( 3 ) GLOBAL_UNCERTAINTY_ASSIGNED_CONTEXT ( ( #2900 ) ) GLOBAL_UNIT_ASSIGNED_CONTEXT ( ( #1178, #7371, #2080 ) ) REPRESENTATION_CONTEXT ( 'NONE', 'WORKASPACE' ) );
#7443 = LINE ( 'NONE', #2026, #5108 ) ;
#7444 = ADVANCED_FACE ( 'NONE', ( #2955 ), #1279, .T. ) ;
#7445 = CARTESIAN_POINT ( 'NONE',  ( -2.424999999999999400, -1.100000000000000100, 3.249999999999996000 ) ) ;
#7446 = SURFACE_STYLE_USAGE ( .BOTH. , #1261 ) ;
#7447 =( LENGTH_UNIT ( ) NAMED_UNIT ( * ) SI_UNIT ( .MILLI., .METRE. ) );
#7448 = LINE ( 'NONE', #5993, #4960 ) ;
#7449 = DIRECTION ( 'NONE',  ( -1.000000000000000000, -0.0000000000000000000, -0.0000000000000000000 ) ) ;
#7450 = DIRECTION ( 'NONE',  ( -1.000000000000000000, -0.0000000000000000000, -0.0000000000000000000 ) ) ;
#7451 = PLANE ( 'NONE',  #4789 ) ;
#7452 = LINE ( 'NONE', #2170, #7164 ) ;
#7453 = SURFACE_SIDE_STYLE ('',( #2257 ) ) ;
#7454 = ORIENTED_EDGE ( 'NONE', *, *, #1081, .T. ) ;
#7455 = PRODUCT_RELATED_PRODUCT_CATEGORY ( 'part', '', ( #4160 ) ) ;
#7456 = AXIS2_PLACEMENT_3D ( 'NONE', #7275, #2008, #8164 ) ;
#7457 = UNCERTAINTY_MEASURE_WITH_UNIT (LENGTH_MEASURE( 1.000000000000000100E-005 ), #2334, 'distance_accuracy_value', 'NONE');
#7458 = DIRECTION ( 'NONE',  ( 0.0000000000000000000, 0.0000000000000000000, 1.000000000000000000 ) ) ;
#7459 = ORIENTED_EDGE ( 'NONE', *, *, #3955, .F. ) ;
#7460 = CARTESIAN_POINT ( 'NONE',  ( -1.724999999999999400, 2.123118842698621800, 3.249999999999996000 ) ) ;
#7461 = ADVANCED_FACE ( 'NONE', ( #11221 ), #9269, .F. ) ;
#7462 = PLANE ( 'NONE',  #2942 ) ;
#7463 = PLANE ( 'NONE',  #6308 ) ;
#7464 = ORIENTED_EDGE ( 'NONE', *, *, #11502, .T. ) ;
#7465 = LINE ( 'NONE', #681, #7175 ) ;
#7466 = FILL_AREA_STYLE_COLOUR ( '', #6295 ) ;
#7467 = ORIENTED_EDGE ( 'NONE', *, *, #606, .F. ) ;
#7468 = CARTESIAN_POINT ( 'NONE',  ( 2.128248708952988800E-017, 0.0000000000000000000, 0.04999999999999877500 ) ) ;
#7469 = DIRECTION ( 'NONE',  ( -1.000000000000000000, -0.0000000000000000000, -0.0000000000000000000 ) ) ;
#7470 = EDGE_LOOP ( 'NONE', ( #8132, #4965, #4439, #10195 ) ) ;
#7471 = PRESENTATION_STYLE_ASSIGNMENT (( #9234 ) ) ;
#7472 = EDGE_CURVE ( 'NONE', #9070, #9105, #8871, .T. ) ;
#7473 = DIRECTION ( 'NONE',  ( 1.172110456741085800E-016, -1.000000000000000000, 0.0000000000000000000 ) ) ;
#7474 = VECTOR ( 'NONE', #11167, 1000.000000000000000 ) ;
#7475 = EDGE_CURVE ( 'NONE', #6215, #9182, #2110, .T. ) ;
#7476 = LINE ( 'NONE', #5539, #5131 ) ;
#7477 = CARTESIAN_POINT ( 'NONE',  ( -4.694000000000001700, -1.100000000000000100, 1.055999999999998300 ) ) ;
#7478 = ORIENTED_EDGE ( 'NONE', *, *, #11039, .T. ) ;
#7479 = VERTEX_POINT ( 'NONE', #6676 ) ;
#7480 = DIRECTION ( 'NONE',  ( 1.000000000000000000, 0.0000000000000000000, 2.168404344971008900E-016 ) ) ;
#7481 = CARTESIAN_POINT ( 'NONE',  ( 5.200000000000004600, -0.8000000000000013800, 2.200000000000000200 ) ) ;
#7482 = LINE ( 'NONE', #7922, #2521 ) ;
#7483 = ORIENTED_EDGE ( 'NONE', *, *, #7308, .T. ) ;
#7484 = LINE ( 'NONE', #8795, #5140 ) ;
#7485 = LINE ( 'NONE', #51, #2793 ) ;
#7486 = VECTOR ( 'NONE', #9464, 1000.000000000000000 ) ;
#7487 = LINE ( 'NONE', #223, #406 ) ;
#7488 = LINE ( 'NONE', #188, #5147 ) ;
#7489 = VECTOR ( 'NONE', #10489, 1000.000000000000000 ) ;
#7490 = CARTESIAN_POINT ( 'NONE',  ( -1.409999999999999900, -0.3750000000000001100, 0.04999999999999753300 ) ) ;
#7491 = CLOSED_SHELL ( 'NONE', ( #3368, #7089, #7444, #5658, #1249, #6040, #10339, #1414, #1176, #6484, #1120, #2256, #5780, #723, #539, #4925, #1912, #2422, #7688, #2649, #7394, #5621, #9895, #9226 ) ) ;
#7492 = FACE_BOUND ( 'NONE', #2488, .T. ) ;
#7493 = ORIENTED_EDGE ( 'NONE', *, *, #7154, .F. ) ;
#7494 = VERTEX_POINT ( 'NONE', #10102 ) ;
#7495 = DIRECTION ( 'NONE',  ( 0.0000000000000000000, -0.7071067811865496800, -0.7071067811865453500 ) ) ;
#7496 = CARTESIAN_POINT ( 'NONE',  ( 1.089999999999999900, 0.4249999999999998200, 0.04999999999999753300 ) ) ;
#7497 = EDGE_CURVE ( 'NONE', #6641, #712, #8593, .T. ) ;
#7498 =( LENGTH_UNIT ( ) NAMED_UNIT ( * ) SI_UNIT ( .MILLI., .METRE. ) );
#7499 = FACE_OUTER_BOUND ( 'NONE', #10759, .T. ) ;
#7500 = EDGE_CURVE ( 'NONE', #1797, #786, #1842, .T. ) ;
#7501 = EDGE_CURVE ( 'NONE', #18, #3610, #6270, .T. ) ;
#7502 = LINE ( 'NONE', #6960, #7205 ) ;
#7503 = VERTEX_POINT ( 'NONE', #6712 ) ;
#7504 = ORIENTED_EDGE ( 'NONE', *, *, #1408, .T. ) ;
#7505 = PLANE ( 'NONE',  #10483 ) ;
#7506 = FACE_OUTER_BOUND ( 'NONE', #1705, .T. ) ;
#7507 = CARTESIAN_POINT ( 'NONE',  ( 2.660000000000000100, 0.4249999999999998200, 3.499999999999981300 ) ) ;
#7508 = VECTOR ( 'NONE', #3725, 1000.000000000000100 ) ;
#7509 = DIRECTION ( 'NONE',  ( 0.0000000000000000000, -1.000000000000000000, 1.355252715606881500E-016 ) ) ;
#7510 = LINE ( 'NONE', #10984, #5168 ) ;
#7511 = DIRECTION ( 'NONE',  ( 0.0000000000000000000, -0.0000000000000000000, 1.000000000000000000 ) ) ;
#7512 = ADVANCED_FACE ( 'NONE', ( #8314 ), #7574, .T. ) ;
#7513 = EDGE_CURVE ( 'NONE', #7742, #10446, #5154, .T. ) ;
#7514 = ORIENTED_EDGE ( 'NONE', *, *, #650, .T. ) ;
#7515 = EDGE_LOOP ( 'NONE', ( #10923, #8704, #6035, #4895 ) ) ;
#7516 = ORIENTED_EDGE ( 'NONE', *, *, #6179, .T. ) ;
#7517 = CARTESIAN_POINT ( 'NONE',  ( 2.339999999999999900, -0.6250000000000003300, 0.6499999999999964700 ) ) ;
#7518 = FACE_OUTER_BOUND ( 'NONE', #1234, .T. ) ;
#7519 =( LENGTH_UNIT ( ) NAMED_UNIT ( * ) SI_UNIT ( .MILLI., .METRE. ) );
#7520 = VECTOR ( 'NONE', #2568, 1000.000000000000000 ) ;
#7521 = AXIS2_PLACEMENT_3D ( 'NONE', #7006, #6253, #6185 ) ;
#7522 = CARTESIAN_POINT ( 'NONE',  ( -2.660000000000000100, 3.000000000000000000, 0.4499999999999998400 ) ) ;
#7523 = ADVANCED_FACE ( 'NONE', ( #7499 ), #3152, .T. ) ;
#7524 = VERTEX_POINT ( 'NONE', #8499 ) ;
#7525 = EDGE_LOOP ( 'NONE', ( #649, #2780, #2425, #7220 ) ) ;
#7526 = VECTOR ( 'NONE', #1078, 1000.000000000000000 ) ;
#7527 =( GEOMETRIC_REPRESENTATION_CONTEXT ( 3 ) GLOBAL_UNCERTAINTY_ASSIGNED_CONTEXT ( ( #4700 ) ) GLOBAL_UNIT_ASSIGNED_CONTEXT ( ( #8087, #2841, #8977 ) ) REPRESENTATION_CONTEXT ( 'NONE', 'WORKASPACE' ) );
#7528 =( NAMED_UNIT ( * ) PLANE_ANGLE_UNIT ( ) SI_UNIT ( $, .RADIAN. ) );
#7529 = PLANE ( 'NONE',  #7217 ) ;
#7530 = CARTESIAN_POINT ( 'NONE',  ( 1.409999999999999700, 3.100000000000000100, 0.3499999999999989800 ) ) ;
#7531 = CARTESIAN_POINT ( 'NONE',  ( 2.560000000000000100, -0.2500000000000006700, 3.999999999999993300 ) ) ;
#7532 = DIRECTION ( 'NONE',  ( 0.0000000000000000000, -1.000000000000000000, 1.355252715606881500E-016 ) ) ;
#7533 = ORIENTED_EDGE ( 'NONE', *, *, #11341, .F. ) ;
#7534 = ORIENTED_EDGE ( 'NONE', *, *, #1890, .F. ) ;
#7535 = STYLED_ITEM ( 'NONE', ( #11269 ), #6239 ) ;
#7536 = COLOUR_RGB ( '',0.8000000000000000400, 0.8078431372549019800, 0.8000000000000000400 ) ;
#7537 = MECHANICAL_DESIGN_GEOMETRIC_PRESENTATION_REPRESENTATION (  '', ( #5774 ), #8094 ) ;
#7538 = FILL_AREA_STYLE ('',( #11043 ) ) ;
#7539 = SURFACE_STYLE_USAGE ( .BOTH. , #1338 ) ;
#7540 = EDGE_CURVE ( 'NONE', #4780, #6320, #1970, .T. ) ;
#7541 = DIRECTION ( 'NONE',  ( 0.0000000000000000000, -4.336808689942014600E-015, 1.000000000000000000 ) ) ;
#7542 = ORIENTED_EDGE ( 'NONE', *, *, #4662, .T. ) ;
#7543 = PRESENTATION_STYLE_ASSIGNMENT (( #1262 ) ) ;
#7544 = DIRECTION ( 'NONE',  ( 0.0000000000000000000, -1.000000000000000000, 0.0000000000000000000 ) ) ;
#7545 = LINE ( 'NONE', #9723, #5206 ) ;
#7546 = CARTESIAN_POINT ( 'NONE',  ( -5.200000000000001100, 1.399999999999999900, 1.699999999999989700 ) ) ;
#7547 = CARTESIAN_POINT ( 'NONE',  ( 2.563764705882352900, 0.3528235294117643100, 3.981176470588228400 ) ) ;
#7548 = DIRECTION ( 'NONE',  ( 0.0000000000000000000, -0.0000000000000000000, 1.000000000000000000 ) ) ;
#7549 = ORIENTED_EDGE ( 'NONE', *, *, #3390, .T. ) ;
#7550 = CARTESIAN_POINT ( 'NONE',  ( -2.339999999999999900, 2.200000000000004200, 0.2999999999999989900 ) ) ;
#7551 = LINE ( 'NONE', #10737, #7264 ) ;
#7552 = ORIENTED_EDGE ( 'NONE', *, *, #5587, .T. ) ;
#7553 = EDGE_CURVE ( 'NONE', #11285, #5891, #11076, .T. ) ;
#7554 = EDGE_CURVE ( 'NONE', #5460, #1295, #6680, .T. ) ;
#7555 =( NAMED_UNIT ( * ) SI_UNIT ( $, .STERADIAN. ) SOLID_ANGLE_UNIT ( ) );
#7556 = ADVANCED_FACE ( 'NONE', ( #8724 ), #8571, .F. ) ;
#7557 = CARTESIAN_POINT ( 'NONE',  ( 2.074999999999999700, 2.600000000000000100, 0.6499999999999978000 ) ) ;
#7558 = VERTEX_POINT ( 'NONE', #4149 ) ;
#7559 = LINE ( 'NONE', #8619, #9910 ) ;
#7560 = ORIENTED_EDGE ( 'NONE', *, *, #10451, .F. ) ;
#7561 = PLANE ( 'NONE',  #6063 ) ;
#7562 = DIRECTION ( 'NONE',  ( 0.0000000000000000000, -1.000000000000000000, 0.0000000000000000000 ) ) ;
#7563 = CARTESIAN_POINT ( 'NONE',  ( -1.409999999999999900, -0.6250000000000003300, 0.6499999999999964700 ) ) ;
#7564 = CARTESIAN_POINT ( 'NONE',  ( -3.500000000000001300, -0.4000000000000000800, 0.04999999999999980800 ) ) ;
#7565 = PLANE ( 'NONE',  #10858 ) ;
#7566 = EDGE_CURVE ( 'NONE', #5008, #4374, #4047, .T. ) ;
#7567 = CARTESIAN_POINT ( 'NONE',  ( -4.524000000000000900, 1.100000000000000100, 0.2540000000000000000 ) ) ;
#7568 = ADVANCED_FACE ( 'NONE', ( #10803 ), #5978, .T. ) ;
#7569 = EDGE_LOOP ( 'NONE', ( #11350, #9653, #5578, #10424 ) ) ;
#7570 =( NAMED_UNIT ( * ) SI_UNIT ( $, .STERADIAN. ) SOLID_ANGLE_UNIT ( ) );
#7571 = EDGE_CURVE ( 'NONE', #10810, #9074, #551, .T. ) ;
#7572 = ORIENTED_EDGE ( 'NONE', *, *, #7513, .T. ) ;
#7573 = DIRECTION ( 'NONE',  ( -0.0000000000000000000, 0.0000000000000000000, -1.000000000000000000 ) ) ;
#7574 = PLANE ( 'NONE',  #1281 ) ;
#7575 = AXIS2_PLACEMENT_3D ( 'NONE', #842, #7024, #1750 ) ;
#7576 = PRESENTATION_LAYER_ASSIGNMENT (  '', '', ( #6414 ) ) ;
#7577 = ORIENTED_EDGE ( 'NONE', *, *, #11171, .T. ) ;
#7578 = ORIENTED_EDGE ( 'NONE', *, *, #9343, .T. ) ;
#7579 = SURFACE_STYLE_USAGE ( .BOTH. , #1399 ) ;
#7580 = EDGE_LOOP ( 'NONE', ( #1378, #7467, #5238, #1257 ) ) ;
#7581 = ORIENTED_EDGE ( 'NONE', *, *, #10003, .F. ) ;
#7582 = VECTOR ( 'NONE', #4053, 1000.000000000000000 ) ;
#7583 = LINE ( 'NONE', #7253, #799 ) ;
#7584 = ORIENTED_EDGE ( 'NONE', *, *, #5484, .F. ) ;
#7585 = VECTOR ( 'NONE', #4299, 1000.000000000000000 ) ;
#7586 = AXIS2_PLACEMENT_3D ( 'NONE', #10429, #5139, #11295 ) ;
#7587 = PRESENTATION_LAYER_ASSIGNMENT (  '', '', ( #6438 ) ) ;
#7588 =( GEOMETRIC_REPRESENTATION_CONTEXT ( 3 ) GLOBAL_UNCERTAINTY_ASSIGNED_CONTEXT ( ( #9937 ) ) GLOBAL_UNIT_ASSIGNED_CONTEXT ( ( #10547, #5252, #11418 ) ) REPRESENTATION_CONTEXT ( 'NONE', 'WORKASPACE' ) );
#7589 = ORIENTED_EDGE ( 'NONE', *, *, #4036, .F. ) ;
#7590 = VERTEX_POINT ( 'NONE', #6883 ) ;
#7591 = CARTESIAN_POINT ( 'NONE',  ( 0.1599999999999999800, -0.1500000000000003300, 0.2999999999999965500 ) ) ;
#7592 = VECTOR ( 'NONE', #174, 1000.000000000000000 ) ;
#7593 = FACE_BOUND ( 'NONE', #5624, .T. ) ;
#7594 = CARTESIAN_POINT ( 'NONE',  ( 2.074999999999999700, 2.600000000000000100, 0.6499999999999978000 ) ) ;
#7595 = VECTOR ( 'NONE', #6075, 1000.000000000000000 ) ;
#7596 = DIRECTION ( 'NONE',  ( -3.051828337366604500E-016, 0.0000000000000000000, -1.000000000000000000 ) ) ;
#7597 = CARTESIAN_POINT ( 'NONE',  ( -4.200000000000000200, 1.700000000000000000, 2.200000000000000200 ) ) ;
#7598 = FILL_AREA_STYLE ('',( #4523 ) ) ;
#7599 = VECTOR ( 'NONE', #5715, 1000.000000000000000 ) ;
#7600 =( GEOMETRIC_REPRESENTATION_CONTEXT ( 3 ) GLOBAL_UNCERTAINTY_ASSIGNED_CONTEXT ( ( #10593 ) ) GLOBAL_UNIT_ASSIGNED_CONTEXT ( ( #9718, #4424, #10609 ) ) REPRESENTATION_CONTEXT ( 'NONE', 'WORKASPACE' ) );
#7601 = ORIENTED_EDGE ( 'NONE', *, *, #3852, .F. ) ;
#7602 = FACE_OUTER_BOUND ( 'NONE', #9097, .T. ) ;
#7603 = FILL_AREA_STYLE ('',( #1429 ) ) ;
#7604 = COLOUR_RGB ( '',0.8000000000000000400, 0.8078431372549019800, 0.8000000000000000400 ) ;
#7605 = ORIENTED_EDGE ( 'NONE', *, *, #8668, .T. ) ;
#7606 = DIRECTION ( 'NONE',  ( -0.7071067811865475700, -0.7071067811865475700, 0.0000000000000000000 ) ) ;
#7607 = LINE ( 'NONE', #9015, #10242 ) ;
#7608 = VECTOR ( 'NONE', #5217, 1000.000000000000000 ) ;
#7609 = VECTOR ( 'NONE', #11003, 1000.000000000000000 ) ;
#7610 = DIRECTION ( 'NONE',  ( 0.0000000000000000000, 1.000000000000000000, 0.0000000000000000000 ) ) ;
#7611 = VECTOR ( 'NONE', #9180, 1000.000000000000000 ) ;
#7612 = DIRECTION ( 'NONE',  ( -0.0000000000000000000, -0.0000000000000000000, 1.000000000000000000 ) ) ;
#7613 = ORIENTED_EDGE ( 'NONE', *, *, #7500, .F. ) ;
#7615 = ADVANCED_FACE ( 'NONE', ( #2940 ), #8655, .F. ) ;
#7614 = ORIENTED_EDGE ( 'NONE', *, *, #9681, .T. ) ;
#7616 = PRESENTATION_STYLE_ASSIGNMENT (( #8112 ) ) ;
#7617 = SURFACE_STYLE_FILL_AREA ( #3396 ) ;
#7618 = EDGE_CURVE ( 'NONE', #3808, #2622, #6538, .T. ) ;
#7619 = VECTOR ( 'NONE', #10083, 1000.000000000000000 ) ;
#7620 = SURFACE_STYLE_USAGE ( .BOTH. , #1445 ) ;
#7621 = UNCERTAINTY_MEASURE_WITH_UNIT (LENGTH_MEASURE( 1.000000000000000100E-005 ), #11470, 'distance_accuracy_value', 'NONE');
#7622 =( NAMED_UNIT ( * ) SI_UNIT ( $, .STERADIAN. ) SOLID_ANGLE_UNIT ( ) );
#7623 = FACE_OUTER_BOUND ( 'NONE', #10441, .T. ) ;
#7624 = ORIENTED_EDGE ( 'NONE', *, *, #3284, .T. ) ;
#7625 = ORIENTED_EDGE ( 'NONE', *, *, #878, .F. ) ;
#7626 = VECTOR ( 'NONE', #5888, 1000.000000000000000 ) ;
#7627 = ADVANCED_FACE ( 'NONE', ( #8857 ), #2501, .F. ) ;
#7628 = FACE_OUTER_BOUND ( 'NONE', #5518, .T. ) ;
#7629 = CARTESIAN_POINT ( 'NONE',  ( 4.000000000000000900, 1.700000000000000000, 2.400000000000000800 ) ) ;
#7630 = SURFACE_STYLE_FILL_AREA ( #9225 ) ;
#7631 = SURFACE_STYLE_FILL_AREA ( #6519 ) ;
#7632 = SURFACE_STYLE_FILL_AREA ( #4792 ) ;
#7633 = VECTOR ( 'NONE', #1461, 1000.000000000000000 ) ;
#7634 = SURFACE_SIDE_STYLE ('',( #2505 ) ) ;
#7635 = EDGE_CURVE ( 'NONE', #8068, #3484, #10941, .T. ) ;
#7636 = ORIENTED_EDGE ( 'NONE', *, *, #7798, .F. ) ;
#7637 = ORIENTED_EDGE ( 'NONE', *, *, #2232, .T. ) ;
#7638 = ORIENTED_EDGE ( 'NONE', *, *, #7170, .T. ) ;
#7639 = EDGE_CURVE ( 'NONE', #224, #10537, #4174, .T. ) ;
#7640 = PLANE ( 'NONE',  #9509 ) ;
#7641 = EDGE_CURVE ( 'NONE', #18, #11214, #1826, .T. ) ;
#7642 = DIRECTION ( 'NONE',  ( 0.0000000000000000000, -1.000000000000000000, -1.141265444721583800E-016 ) ) ;
#7643 = ORIENTED_EDGE ( 'NONE', *, *, #3234, .T. ) ;
#7644 = SURFACE_STYLE_FILL_AREA ( #7931 ) ;
#7645 = CARTESIAN_POINT ( 'NONE',  ( 4.524000000000000900, -1.100000000000000100, -2.710505431213761100E-017 ) ) ;
#7646 = ORIENTED_EDGE ( 'NONE', *, *, #8348, .F. ) ;
#7647 = ORIENTED_EDGE ( 'NONE', *, *, #5483, .F. ) ;
#7648 = PLANE ( 'NONE',  #9605 ) ;
#7649 = CARTESIAN_POINT ( 'NONE',  ( -2.024999999999999000, -1.100000000000000100, 4.699999999999995700 ) ) ;
#7650 = AXIS2_PLACEMENT_3D ( 'NONE', #6342, #8216, #10540 ) ;
#7651 = CARTESIAN_POINT ( 'NONE',  ( 2.924999999999999800, 2.600000000000000100, 0.6499999999999978000 ) ) ;
#7652 = ORIENTED_EDGE ( 'NONE', *, *, #5885, .T. ) ;
#7653 = EDGE_LOOP ( 'NONE', ( #5736, #9753, #1820, #10343 ) ) ;
#7654 = CARTESIAN_POINT ( 'NONE',  ( -3.999999999999999100, 1.700000000000000000, 4.699999999999996600 ) ) ;
#7655 = LINE ( 'NONE', #6581, #9734 ) ;
#7656 = DIRECTION ( 'NONE',  ( 0.0000000000000000000, -1.000000000000000000, 0.0000000000000000000 ) ) ;
#7657 = LINE ( 'NONE', #540, #4769 ) ;
#7658 = CARTESIAN_POINT ( 'NONE',  ( 2.660000000000000100, 2.999999999999999600, -1.761828530288944700E-016 ) ) ;
#7659 = STYLED_ITEM ( 'NONE', ( #2596 ), #10024 ) ;
#7660 = EDGE_CURVE ( 'NONE', #269, #7176, #8575, .T. ) ;
#7661 = VERTEX_POINT ( 'NONE', #7840 ) ;
#7662 = LINE ( 'NONE', #5330, #9459 ) ;
#7663 = ORIENTED_EDGE ( 'NONE', *, *, #9409, .F. ) ;
#7664 = CARTESIAN_POINT ( 'NONE',  ( -1.409999999999999900, 2.200000000000004200, 0.2999999999999989900 ) ) ;
#7665 = UNCERTAINTY_MEASURE_WITH_UNIT (LENGTH_MEASURE( 1.000000000000000100E-005 ), #2258, 'distance_accuracy_value', 'NONE');
#7666 = MECHANICAL_DESIGN_GEOMETRIC_PRESENTATION_REPRESENTATION (  '', ( #6499 ), #8243 ) ;
#7667 =( GEOMETRIC_REPRESENTATION_CONTEXT ( 3 ) GLOBAL_UNCERTAINTY_ASSIGNED_CONTEXT ( ( #6587 ) ) GLOBAL_UNIT_ASSIGNED_CONTEXT ( ( #4212, #219, #349 ) ) REPRESENTATION_CONTEXT ( 'NONE', 'WORKASPACE' ) );
#7668 = DIRECTION ( 'NONE',  ( -1.000000000000000000, 0.0000000000000000000, 3.049318610115480700E-016 ) ) ;
#7669 = AXIS2_PLACEMENT_3D ( 'NONE', #641, #6849, #1554 ) ;
#7670 = ORIENTED_EDGE ( 'NONE', *, *, #6307, .T. ) ;
#7671 = DIRECTION ( 'NONE',  ( -0.0000000000000000000, 1.000000000000000000, 0.0000000000000000000 ) ) ;
#7672 = FILL_AREA_STYLE_COLOUR ( '', #8031 ) ;
#7673 = ORIENTED_EDGE ( 'NONE', *, *, #3003, .F. ) ;
#7674 = CARTESIAN_POINT ( 'NONE',  ( -5.020000000000001400, -1.100000000000000100, 1.276000000000000000 ) ) ;
#7675 = VECTOR ( 'NONE', #2311, 1000.000000000000000 ) ;
#7676 = AXIS2_PLACEMENT_3D ( 'NONE', #1780, #3575, #9739 ) ;
#7677 = ADVANCED_FACE ( 'NONE', ( #5984 ), #4345, .T. ) ;
#7678 = CYLINDRICAL_SURFACE ( 'NONE', #4948, 0.05000000000000012800 ) ;
#7679 = CARTESIAN_POINT ( 'NONE',  ( 0.4249999999999996000, 2.600000000000000100, 0.6499999999999982500 ) ) ;
#7680 = DIRECTION ( 'NONE',  ( 0.0000000000000000000, 0.0000000000000000000, 1.000000000000000000 ) ) ;
#7681 = CARTESIAN_POINT ( 'NONE',  ( -4.000000000000000900, 2.600000000000000100, 0.04999999999999996800 ) ) ;
#7682 =( GEOMETRIC_REPRESENTATION_CONTEXT ( 3 ) GLOBAL_UNCERTAINTY_ASSIGNED_CONTEXT ( ( #8194 ) ) GLOBAL_UNIT_ASSIGNED_CONTEXT ( ( #2299, #8466, #3195 ) ) REPRESENTATION_CONTEXT ( 'NONE', 'WORKASPACE' ) );
#7683 = ORIENTED_EDGE ( 'NONE', *, *, #2781, .F. ) ;
#7684 = LINE ( 'NONE', #2013, #7410 ) ;
#7685 = ORIENTED_EDGE ( 'NONE', *, *, #11333, .F. ) ;
#7686 = LINE ( 'NONE', #5135, #622 ) ;
#7687 =( NAMED_UNIT ( * ) SI_UNIT ( $, .STERADIAN. ) SOLID_ANGLE_UNIT ( ) );
#7688 = ADVANCED_FACE ( 'NONE', ( #3895 ), #3508, .T. ) ;
#7689 = CARTESIAN_POINT ( 'NONE',  ( 5.700000000000001100, 0.9000000000000003600, 0.2539999999999999500 ) ) ;
#7690 = EDGE_CURVE ( 'NONE', #6320, #9947, #399, .T. ) ;
#7691 = DIRECTION ( 'NONE',  ( -1.000000000000000000, 0.0000000000000000000, 4.371782953570583600E-016 ) ) ;
#7692 = CARTESIAN_POINT ( 'NONE',  ( -2.660000000000000100, 0.4249999999999998200, 1.749999999999996400 ) ) ;
#7693 = CARTESIAN_POINT ( 'NONE',  ( -0.1599999999999999800, 3.100000000000000100, 0.3499999999999989800 ) ) ;
#7694 = MECHANICAL_DESIGN_GEOMETRIC_PRESENTATION_REPRESENTATION (  '', ( #5934 ), #8270 ) ;
#7695 = EDGE_CURVE ( 'NONE', #1416, #4657, #2790, .T. ) ;
#7696 = FILL_AREA_STYLE_COLOUR ( '', #944 ) ;
#7697 = DIRECTION ( 'NONE',  ( -1.000000000000000000, -0.0000000000000000000, -2.168404344971008900E-016 ) ) ;
#7698 = DIRECTION ( 'NONE',  ( 0.0000000000000000000, 1.000000000000000000, -0.0000000000000000000 ) ) ;
#7699 = CARTESIAN_POINT ( 'NONE',  ( -1.409999999999999900, -0.3750000000000005000, 3.499999999999983100 ) ) ;
#7700 = CARTESIAN_POINT ( 'NONE',  ( -1.409999999999999900, 0.4249999999999998200, 0.6499999999999964700 ) ) ;
#7701 = SURFACE_STYLE_USAGE ( .BOTH. , #1518 ) ;
#7702 = DIRECTION ( 'NONE',  ( -1.000000000000000000, 6.776263578034385900E-016, 0.0000000000000000000 ) ) ;
#7703 = EDGE_CURVE ( 'NONE', #9161, #5134, #7482, .T. ) ;
#7704 = EDGE_CURVE ( 'NONE', #10286, #9564, #4865, .T. ) ;
#7705 = EDGE_CURVE ( 'NONE', #1203, #3325, #9550, .T. ) ;
#7706 = PLANE ( 'NONE',  #1062 ) ;
#7707 = SURFACE_STYLE_USAGE ( .BOTH. , #1530 ) ;
#7708 = DIRECTION ( 'NONE',  ( -1.000000000000000000, 0.0000000000000000000, 0.0000000000000000000 ) ) ;
#7709 =( NAMED_UNIT ( * ) PLANE_ANGLE_UNIT ( ) SI_UNIT ( $, .RADIAN. ) );
#7710 = ORIENTED_EDGE ( 'NONE', *, *, #3056, .T. ) ;
#7711 = DIRECTION ( 'NONE',  ( 0.0000000000000000000, 1.000000000000000000, 4.336808689942013800E-015 ) ) ;
#7712 =( NAMED_UNIT ( * ) SI_UNIT ( $, .STERADIAN. ) SOLID_ANGLE_UNIT ( ) );
#7713 = ORIENTED_EDGE ( 'NONE', *, *, #8460, .F. ) ;
#7714 = ORIENTED_EDGE ( 'NONE', *, *, #3530, .F. ) ;
#7715 = ORIENTED_EDGE ( 'NONE', *, *, #3155, .T. ) ;
#7716 =( LENGTH_UNIT ( ) NAMED_UNIT ( * ) SI_UNIT ( .MILLI., .METRE. ) );
#7717 = VECTOR ( 'NONE', #7235, 1000.000000000000000 ) ;
#7718 = SURFACE_SIDE_STYLE ('',( #8873 ) ) ;
#7719 = EDGE_CURVE ( 'NONE', #5409, #8134, #102, .T. ) ;
#7720 = CARTESIAN_POINT ( 'NONE',  ( 4.000000000000000900, 2.600000000000000100, 0.04999999999999747700 ) ) ;
#7721 = DIRECTION ( 'NONE',  ( 0.0000000000000000000, -0.7071067811865439100, 0.7071067811865512400 ) ) ;
#7722 = ORIENTED_EDGE ( 'NONE', *, *, #9652, .T. ) ;
#7723 = DIRECTION ( 'NONE',  ( -0.7071067811865475700, -0.7071067811865475700, 0.0000000000000000000 ) ) ;
#7724 = COLOUR_RGB ( '',0.8000000000000000400, 0.8078431372549019800, 0.8000000000000000400 ) ;
#7725 = PLANE ( 'NONE',  #2815 ) ;
#7726 = SURFACE_SIDE_STYLE ('',( #6135 ) ) ;
#7727 = ADVANCED_FACE ( 'NONE', ( #2229 ), #5343, .F. ) ;
#7728 = ORIENTED_EDGE ( 'NONE', *, *, #4011, .F. ) ;
#7729 =( GEOMETRIC_REPRESENTATION_CONTEXT ( 3 ) GLOBAL_UNCERTAINTY_ASSIGNED_CONTEXT ( ( #8816 ) ) GLOBAL_UNIT_ASSIGNED_CONTEXT ( ( #11177, #5923, #596 ) ) REPRESENTATION_CONTEXT ( 'NONE', 'WORKASPACE' ) );
#7730 = FACE_OUTER_BOUND ( 'NONE', #8489, .T. ) ;
#7731 =( NAMED_UNIT ( * ) SI_UNIT ( $, .STERADIAN. ) SOLID_ANGLE_UNIT ( ) );
#7732 = DIRECTION ( 'NONE',  ( 0.0000000000000000000, 1.000000000000000000, 0.0000000000000000000 ) ) ;
#7733 = LINE ( 'NONE', #1550, #950 ) ;
#7734 = ORIENTED_EDGE ( 'NONE', *, *, #4163, .T. ) ;
#7735 = FILL_AREA_STYLE ('',( #2464 ) ) ;
#7736 = CARTESIAN_POINT ( 'NONE',  ( 1.089999999999999900, 2.500000000000000000, -1.084202172485504400E-016 ) ) ;
#7737 = SURFACE_STYLE_FILL_AREA ( #7598 ) ;
#7738 = STYLED_ITEM ( 'NONE', ( #9304 ), #10878 ) ;
#7739 = CARTESIAN_POINT ( 'NONE',  ( -3.050000000000000300, 1.700000000000000200, 1.749999999999996400 ) ) ;
#7740 = AXIS2_PLACEMENT_3D ( 'NONE', #2719, #828, #39 ) ;
#7741 = UNCERTAINTY_MEASURE_WITH_UNIT (LENGTH_MEASURE( 1.000000000000000100E-005 ), #8611, 'distance_accuracy_value', 'NONE');
#7742 = VERTEX_POINT ( 'NONE', #1833 ) ;
#7743 = VERTEX_POINT ( 'NONE', #7988 ) ;
#7744 = ADVANCED_FACE ( 'NONE', ( #4307 ), #911, .T. ) ;
#7745 = CARTESIAN_POINT ( 'NONE',  ( 4.524000000000000900, -1.100000000000000100, -2.710505431213761100E-017 ) ) ;
#7746 = LINE ( 'NONE', #10957, #3067 ) ;
#7747 = CIRCLE ( 'NONE', #857, 0.04999999999999969700 ) ;
#7748 = LINE ( 'NONE', #2305, #3070 ) ;
#7749 = VECTOR ( 'NONE', #205, 1000.000000000000000 ) ;
#7750 = PRESENTATION_LAYER_ASSIGNMENT (  '', '', ( #6600 ) ) ;
#7751 = CARTESIAN_POINT ( 'NONE',  ( 1.089999999999999900, 0.4249999999999998200, 3.499999999999981300 ) ) ;
#7752 = VERTEX_POINT ( 'NONE', #47 ) ;
#7753 = ORIENTED_EDGE ( 'NONE', *, *, #10244, .F. ) ;
#7754 = PRESENTATION_STYLE_ASSIGNMENT (( #2881 ) ) ;
#7755 = CARTESIAN_POINT ( 'NONE',  ( -1.090000000000000100, 0.2499999999999996700, 0.2999999999999966000 ) ) ;
#7756 = FILL_AREA_STYLE ('',( #6007 ) ) ;
#7757 = SURFACE_STYLE_USAGE ( .BOTH. , #1583 ) ;
#7758 = FACE_OUTER_BOUND ( 'NONE', #11247, .T. ) ;
#7759 =( NAMED_UNIT ( * ) SI_UNIT ( $, .STERADIAN. ) SOLID_ANGLE_UNIT ( ) );
#7760 = CARTESIAN_POINT ( 'NONE',  ( -2.660000000000000100, 0.2499999999999996700, 0.2999999999999966000 ) ) ;
#7761 = EDGE_CURVE ( 'NONE', #1003, #2253, #6668, .T. ) ;
#7762 = AXIS2_PLACEMENT_3D ( 'NONE', #5753, #416, #6640 ) ;
#7763 = CARTESIAN_POINT ( 'NONE',  ( -0.05999999999999972000, -0.2500000000000006700, 3.999999999999993300 ) ) ;
#7764 = ORIENTED_EDGE ( 'NONE', *, *, #2688, .F. ) ;
#7765 = CARTESIAN_POINT ( 'NONE',  ( -4.524000000000000900, -1.100000000000000100, 1.226000000000000000 ) ) ;
#7766 = LINE ( 'NONE', #4288, #3091 ) ;
#7767 = ORIENTED_EDGE ( 'NONE', *, *, #2095, .F. ) ;
#7768 = EDGE_LOOP ( 'NONE', ( #4119, #6545, #10578, #6090, #7372, #4413, #10174, #8497, #7614, #638, #9326, #4341 ) ) ;
#7769 = PRESENTATION_STYLE_ASSIGNMENT (( #10009 ) ) ;
#7770 = CARTESIAN_POINT ( 'NONE',  ( -4.220000000000001500, 1.100000000000000100, 0.3039999999999999400 ) ) ;
#7771 = DIRECTION ( 'NONE',  ( 0.0000000000000000000, -1.000000000000000000, 0.0000000000000000000 ) ) ;
#7772 = FACE_OUTER_BOUND ( 'NONE', #489, .T. ) ;
#7773 = DIRECTION ( 'NONE',  ( 0.0000000000000000000, 0.0000000000000000000, -1.000000000000000000 ) ) ;
#7774 = LINE ( 'NONE', #8679, #3097 ) ;
#7775 = DIRECTION ( 'NONE',  ( 0.0000000000000000000, -2.258754526011467700E-016, 1.000000000000000000 ) ) ;
#7776 = ORIENTED_EDGE ( 'NONE', *, *, #5672, .T. ) ;
#7777 = ORIENTED_EDGE ( 'NONE', *, *, #3207, .T. ) ;
#7778 = VECTOR ( 'NONE', #9973, 1000.000000000000000 ) ;
#7779 = EDGE_CURVE ( 'NONE', #6560, #10092, #6924, .T. ) ;
#7780 = LINE ( 'NONE', #82, #10146 ) ;
#7781 = DIRECTION ( 'NONE',  ( -0.0000000000000000000, -1.000000000000000000, -0.0000000000000000000 ) ) ;
#7782 = EDGE_CURVE ( 'NONE', #3421, #8118, #3487, .T. ) ;
#7783 = COLOUR_RGB ( '',0.8000000000000000400, 0.8078431372549019800, 0.8000000000000000400 ) ;
#7784 = DIRECTION ( 'NONE',  ( 0.0000000000000000000, 1.000000000000000000, 2.032879073410321300E-016 ) ) ;
#7785 = VECTOR ( 'NONE', #8253, 1000.000000000000000 ) ;
#7786 = CARTESIAN_POINT ( 'NONE',  ( 2.339999999999999900, 2.200000000000004200, 0.2999999999999989900 ) ) ;
#7787 = SURFACE_SIDE_STYLE ('',( #1868 ) ) ;
#7788 = ORIENTED_EDGE ( 'NONE', *, *, #7022, .T. ) ;
#7789 = EDGE_LOOP ( 'NONE', ( #2803, #8850, #3628, #11240, #11092 ) ) ;
#7790 = ORIENTED_EDGE ( 'NONE', *, *, #6114, .F. ) ;
#7791 = VERTEX_POINT ( 'NONE', #7174 ) ;
#7792 = VECTOR ( 'NONE', #1531, 1000.000000000000000 ) ;
#7793 = EDGE_CURVE ( 'NONE', #10735, #8676, #818, .T. ) ;
#7794 = ADVANCED_FACE ( 'NONE', ( #7882 ), #989, .F. ) ;
#7795 = PLANE ( 'NONE',  #6942 ) ;
#7796 = CARTESIAN_POINT ( 'NONE',  ( -2.075000000000000600, 0.09999999999999982500, 3.074999999999989100 ) ) ;
#7797 = DIRECTION ( 'NONE',  ( 0.0000000000000000000, -2.258754526011467700E-016, 1.000000000000000000 ) ) ;
#7798 = EDGE_CURVE ( 'NONE', #7791, #11112, #5989, .T. ) ;
#7799 = CARTESIAN_POINT ( 'NONE',  ( -4.583333333333333000, -0.5166666666666663900, 1.166666666666667400 ) ) ;
#7800 = VERTEX_POINT ( 'NONE', #2840 ) ;
#7801 = ORIENTED_EDGE ( 'NONE', *, *, #4363, .F. ) ;
#7802 = LINE ( 'NONE', #9908, #7526 ) ;
#7803 = PRESENTATION_STYLE_ASSIGNMENT (( #4243 ) ) ;
#7804 = DIRECTION ( 'NONE',  ( -1.000000000000000000, -0.0000000000000000000, -0.0000000000000000000 ) ) ;
#7805 =( GEOMETRIC_REPRESENTATION_CONTEXT ( 3 ) GLOBAL_UNCERTAINTY_ASSIGNED_CONTEXT ( ( #7970 ) ) GLOBAL_UNIT_ASSIGNED_CONTEXT ( ( #8622, #3354, #9507 ) ) REPRESENTATION_CONTEXT ( 'NONE', 'WORKASPACE' ) );
#7806 = DIRECTION ( 'NONE',  ( 4.371782953570583600E-016, 0.0000000000000000000, -1.000000000000000000 ) ) ;
#7807 = ADVANCED_FACE ( 'NONE', ( #1543 ), #10766, .T. ) ;
#7808 = DIRECTION ( 'NONE',  ( 0.7071067811865454600, 1.916616770854212100E-017, 0.7071067811865495700 ) ) ;
#7809 = DIRECTION ( 'NONE',  ( 3.051828337366604500E-016, -0.0000000000000000000, 1.000000000000000000 ) ) ;
#7810 = ORIENTED_EDGE ( 'NONE', *, *, #9643, .T. ) ;
#7811 = CARTESIAN_POINT ( 'NONE',  ( 1.409999999999999700, -0.6250000000000003300, 0.6499999999999964700 ) ) ;
#7812 = LINE ( 'NONE', #378, #10177 ) ;
#7813 = STYLED_ITEM ( 'NONE', ( #2444 ), #10243 ) ;
#7814 = VERTEX_POINT ( 'NONE', #4600 ) ;
#7815 = CARTESIAN_POINT ( 'NONE',  ( -4.694000000000001700, -1.100000000000000100, 0.0000000000000000000 ) ) ;
#7816 = EDGE_LOOP ( 'NONE', ( #8626, #10101, #4666, #9764 ) ) ;
#7817 = ORIENTED_EDGE ( 'NONE', *, *, #1334, .T. ) ;
#7818 = DIRECTION ( 'NONE',  ( 0.0000000000000000000, 0.0000000000000000000, -1.000000000000000000 ) ) ;
#7819 = ORIENTED_EDGE ( 'NONE', *, *, #10606, .T. ) ;
#7820 = VECTOR ( 'NONE', #2668, 1000.000000000000000 ) ;
#7821 = DIRECTION ( 'NONE',  ( 0.0000000000000000000, -1.000000000000000000, -2.032879073410321300E-016 ) ) ;
#7822 = CARTESIAN_POINT ( 'NONE',  ( 2.660000000000000100, 2.350000000000003200, 0.6499999999999986900 ) ) ;
#7823 = AXIS2_PLACEMENT_3D ( 'NONE', #8434, #3164, #9330 ) ;
#7824 = VERTEX_POINT ( 'NONE', #9922 ) ;
#7825 = ORIENTED_EDGE ( 'NONE', *, *, #11160, .T. ) ;
#7826 = FILL_AREA_STYLE ('',( #714 ) ) ;
#7827 = VERTEX_POINT ( 'NONE', #4635 ) ;
#7828 = FILL_AREA_STYLE ('',( #1699 ) ) ;
#7829 = CARTESIAN_POINT ( 'NONE',  ( -4.913333333333334000, -0.1866666666666654800, 1.213333333333334000 ) ) ;
#7830 = ORIENTED_EDGE ( 'NONE', *, *, #6114, .T. ) ;
#7831 = DIRECTION ( 'NONE',  ( 1.000000000000000000, 0.0000000000000000000, 0.0000000000000000000 ) ) ;
#7832 = UNCERTAINTY_MEASURE_WITH_UNIT (LENGTH_MEASURE( 1.000000000000000100E-005 ), #2984, 'distance_accuracy_value', 'NONE');
#7833 = ORIENTED_EDGE ( 'NONE', *, *, #10607, .F. ) ;
#7834 = FILL_AREA_STYLE_COLOUR ( '', #4884 ) ;
#7835 = LINE ( 'NONE', #9474, #5481 ) ;
#7836 = CARTESIAN_POINT ( 'NONE',  ( -4.474000000000000200, 1.200000000000000000, 1.276000000000000000 ) ) ;
#7837 = CARTESIAN_POINT ( 'NONE',  ( 2.440000000000000400, 0.3499999999999997000, 3.999999999999993300 ) ) ;
#7838 = EDGE_CURVE ( 'NONE', #10676, #4750, #7488, .T. ) ;
#7839 = CARTESIAN_POINT ( 'NONE',  ( -1.089999999999999200, -0.3750000000000003300, 0.04999999999999753300 ) ) ;
#7840 = CARTESIAN_POINT ( 'NONE',  ( 2.660000000000000100, 2.200000000000004200, 0.2999999999999989900 ) ) ;
#7841 = ADVANCED_FACE ( 'NONE', ( #7196 ), #6434, .F. ) ;
#7842 = ORIENTED_EDGE ( 'NONE', *, *, #4100, .T. ) ;
#7843 = ORIENTED_EDGE ( 'NONE', *, *, #3874, .F. ) ;
#7844 = DIRECTION ( 'NONE',  ( -0.1904761904761876300, 0.2380952380952350000, 0.9523809523809536600 ) ) ;
#7845 = CARTESIAN_POINT ( 'NONE',  ( 2.660000000000000100, 3.000000000000000000, 0.4499999999999998400 ) ) ;
#7846 = ORIENTED_EDGE ( 'NONE', *, *, #8381, .F. ) ;
#7847 = CARTESIAN_POINT ( 'NONE',  ( -3.050000000000000300, 1.700000000000000200, 1.749999999999996400 ) ) ;
#7848 = DIRECTION ( 'NONE',  ( 0.0000000000000000000, -4.336808689942014600E-015, 1.000000000000000000 ) ) ;
#7849 = EDGE_CURVE ( 'NONE', #11383, #3134, #2796, .T. ) ;
#7850 = EDGE_CURVE ( 'NONE', #8616, #5162, #408, .T. ) ;
#7851 = ORIENTED_EDGE ( 'NONE', *, *, #6527, .T. ) ;
#7852 = FACE_OUTER_BOUND ( 'NONE', #11230, .T. ) ;
#7853 = EDGE_CURVE ( 'NONE', #5119, #9406, #4873, .T. ) ;
#7854 = ORIENTED_EDGE ( 'NONE', *, *, #8598, .F. ) ;
#7855 = DIRECTION ( 'NONE',  ( -0.0000000000000000000, 1.000000000000000000, -0.0000000000000000000 ) ) ;
#7856 = ORIENTED_EDGE ( 'NONE', *, *, #9046, .T. ) ;
#7857 = VECTOR ( 'NONE', #3240, 1000.000000000000000 ) ;
#7858 = EDGE_CURVE ( 'NONE', #1307, #5981, #2530, .T. ) ;
#7859 = DIRECTION ( 'NONE',  ( 0.0000000000000000000, -1.000000000000000000, 0.0000000000000000000 ) ) ;
#7860 = VECTOR ( 'NONE', #11066, 1000.000000000000000 ) ;
#7861 = FACE_OUTER_BOUND ( 'NONE', #6154, .T. ) ;
#7862 = CARTESIAN_POINT ( 'NONE',  ( 0.1600000000000008600, -0.3750000000000003300, 0.6499999999999980200 ) ) ;
#7863 = VERTEX_POINT ( 'NONE', #2959 ) ;
#7864 = CYLINDRICAL_SURFACE ( 'NONE', #1824, 0.05000000000000012800 ) ;
#7865 = PLANE ( 'NONE',  #9364 ) ;
#7866 = ORIENTED_EDGE ( 'NONE', *, *, #1470, .T. ) ;
#7867 = CARTESIAN_POINT ( 'NONE',  ( 1.409999999999999700, 3.100000000000000100, 0.3499999999999989800 ) ) ;
#7868 = DIRECTION ( 'NONE',  ( 0.7071067811865474600, -0.7071067811865474600, -1.629776165692362500E-017 ) ) ;
#7869 = EDGE_CURVE ( 'NONE', #8732, #1818, #8978, .T. ) ;
#7870 = LINE ( 'NONE', #8361, #240 ) ;
#7871 = LINE ( 'NONE', #1618, #5522 ) ;
#7872 = DIRECTION ( 'NONE',  ( -0.0000000000000000000, 0.0000000000000000000, -1.000000000000000000 ) ) ;
#7873 = LINE ( 'NONE', #3046, #2920 ) ;
#7874 = CARTESIAN_POINT ( 'NONE',  ( -3.999999999999999100, 1.200000000000000000, 0.2999999999999999900 ) ) ;
#7875 = COLOUR_RGB ( '',0.8000000000000000400, 0.8078431372549019800, 0.8000000000000000400 ) ;
#7876 = ORIENTED_EDGE ( 'NONE', *, *, #8749, .T. ) ;
#7877 = VERTEX_POINT ( 'NONE', #9091 ) ;
#7878 = PRESENTATION_LAYER_ASSIGNMENT (  '', '', ( #6721 ) ) ;
#7879 =( GEOMETRIC_REPRESENTATION_CONTEXT ( 3 ) GLOBAL_UNCERTAINTY_ASSIGNED_CONTEXT ( ( #6039 ) ) GLOBAL_UNIT_ASSIGNED_CONTEXT ( ( #4894, #11046, #5777 ) ) REPRESENTATION_CONTEXT ( 'NONE', 'WORKASPACE' ) );
#7880 = UNCERTAINTY_MEASURE_WITH_UNIT (LENGTH_MEASURE( 1.000000000000000100E-005 ), #7422, 'distance_accuracy_value', 'NONE');
#7881 = UNCERTAINTY_MEASURE_WITH_UNIT (LENGTH_MEASURE( 1.000000000000000100E-005 ), #6362, 'distance_accuracy_value', 'NONE');
#7882 = FACE_OUTER_BOUND ( 'NONE', #9447, .T. ) ;
#7883 = VECTOR ( 'NONE', #5474, 1000.000000000000000 ) ;
#7884 = LINE ( 'NONE', #11348, #3751 ) ;
#7885 = FILL_AREA_STYLE_COLOUR ( '', #2800 ) ;
#7886 = VECTOR ( 'NONE', #3036, 1000.000000000000000 ) ;
#7887 = PRESENTATION_STYLE_ASSIGNMENT (( #7124 ) ) ;
#7888 = CARTESIAN_POINT ( 'NONE',  ( -1.324999999999999500, -0.6999999999999988500, 2.099999999999996100 ) ) ;
#7889 = PRESENTATION_LAYER_ASSIGNMENT (  '', '', ( #6731 ) ) ;
#7890 = ORIENTED_EDGE ( 'NONE', *, *, #7271, .F. ) ;
#7891 = VERTEX_POINT ( 'NONE', #10891 ) ;
#7892 = VECTOR ( 'NONE', #6593, 1000.000000000000000 ) ;
#7893 = CARTESIAN_POINT ( 'NONE',  ( 1.089999999999999900, 0.4249999999999998200, 1.749999999999996400 ) ) ;
#7894 = PRESENTATION_STYLE_ASSIGNMENT (( #10326 ) ) ;
#7895 = VECTOR ( 'NONE', #9782, 1000.000000000000000 ) ;
#7896 = FACE_OUTER_BOUND ( 'NONE', #1580, .T. ) ;
#7897 = ADVANCED_FACE ( 'NONE', ( #9266 ), #3828, .T. ) ;
#7898 = FILL_AREA_STYLE ('',( #7008 ) ) ;
#7899 = VECTOR ( 'NONE', #4103, 1000.000000000000000 ) ;
#7900 = EDGE_LOOP ( 'NONE', ( #1649, #8791, #1598, #9260, #10088 ) ) ;
#7901 = ORIENTED_EDGE ( 'NONE', *, *, #895, .F. ) ;
#7902 = VECTOR ( 'NONE', #9971, 1000.000000000000000 ) ;
#7903 = DIRECTION ( 'NONE',  ( 0.0000000000000000000, 1.000000000000000000, 0.0000000000000000000 ) ) ;
#7904 = VECTOR ( 'NONE', #7532, 1000.000000000000000 ) ;
#7905 = PLANE ( 'NONE',  #920 ) ;
#7906 = EDGE_CURVE ( 'NONE', #3877, #9214, #5837, .T. ) ;
#7907 = VECTOR ( 'NONE', #3927, 999.9999999999998900 ) ;
#7908 = FACE_OUTER_BOUND ( 'NONE', #4818, .T. ) ;
#7909 = VECTOR ( 'NONE', #787, 1000.000000000000000 ) ;
#7910 =( GEOMETRIC_REPRESENTATION_CONTEXT ( 3 ) GLOBAL_UNCERTAINTY_ASSIGNED_CONTEXT ( ( #3859 ) ) GLOBAL_UNIT_ASSIGNED_CONTEXT ( ( #3559, #9712, #4417 ) ) REPRESENTATION_CONTEXT ( 'NONE', 'WORKASPACE' ) );
#7911 = VECTOR ( 'NONE', #11116, 1000.000000000000000 ) ;
#7912 = CARTESIAN_POINT ( 'NONE',  ( -3.399999999999999900, -0.6999999999999988500, 1.749999999999996400 ) ) ;
#7913 = CARTESIAN_POINT ( 'NONE',  ( 4.000000000000001800, -1.100000000000000100, 4.699999999999997500 ) ) ;
#7914 = ORIENTED_EDGE ( 'NONE', *, *, #3720, .F. ) ;
#7915 = ORIENTED_EDGE ( 'NONE', *, *, #3874, .T. ) ;
#7916 = EDGE_LOOP ( 'NONE', ( #4774, #8563, #4390, #4327 ) ) ;
#7917 = CARTESIAN_POINT ( 'NONE',  ( 4.000000000000000900, 1.700000000000000000, 2.400000000000000800 ) ) ;
#7918 = PRESENTATION_STYLE_ASSIGNMENT (( #4246 ) ) ;
#7919 = FILL_AREA_STYLE_COLOUR ( '', #7967 ) ;
#7920 = VERTEX_POINT ( 'NONE', #2137 ) ;
#7921 = VECTOR ( 'NONE', #6182, 1000.000000000000000 ) ;
#7922 = CARTESIAN_POINT ( 'NONE',  ( 2.448282352941176600, 0.3437882352941176200, 4.041411764705874700 ) ) ;
#7923 = EDGE_CURVE ( 'NONE', #10749, #8221, #10249, .T. ) ;
#7924 = ORIENTED_EDGE ( 'NONE', *, *, #10325, .T. ) ;
#7925 = ORIENTED_EDGE ( 'NONE', *, *, #8313, .F. ) ;
#7926 = ORIENTED_EDGE ( 'NONE', *, *, #6479, .F. ) ;
#7927 = EDGE_CURVE ( 'NONE', #9299, #9596, #1097, .T. ) ;
#7928 = LINE ( 'NONE', #344, #3259 ) ;
#7929 = EDGE_CURVE ( 'NONE', #10151, #8488, #5541, .T. ) ;
#7930 = LINE ( 'NONE', #2615, #10019 ) ;
#7931 = FILL_AREA_STYLE ('',( #5272 ) ) ;
#7932 =( NAMED_UNIT ( * ) SI_UNIT ( $, .STERADIAN. ) SOLID_ANGLE_UNIT ( ) );
#7933 = CARTESIAN_POINT ( 'NONE',  ( 4.000000000000001800, 1.399999999999998800, 2.400000000000000400 ) ) ;
#7934 = ORIENTED_EDGE ( 'NONE', *, *, #3372, .T. ) ;
#7935 = LINE ( 'NONE', #1738, #10028 ) ;
#7936 = ORIENTED_EDGE ( 'NONE', *, *, #1432, .T. ) ;
#7937 = DIRECTION ( 'NONE',  ( 1.000000000000000000, 0.0000000000000000000, 0.0000000000000000000 ) ) ;
#7938 = CARTESIAN_POINT ( 'NONE',  ( -4.000000000000000900, 2.600000000000000100, 0.2999999999999999900 ) ) ;
#7939 =( NAMED_UNIT ( * ) PLANE_ANGLE_UNIT ( ) SI_UNIT ( $, .RADIAN. ) );
#7940 = EDGE_CURVE ( 'NONE', #9396, #7863, #4310, .T. ) ;
#7941 = CARTESIAN_POINT ( 'NONE',  ( -2.024999999999999500, -0.6999999999999988500, 3.249999999999996000 ) ) ;
#7942 = CARTESIAN_POINT ( 'NONE',  ( -5.500000000000001800, 1.700000000000000000, 0.7999999999999977100 ) ) ;
#7943 = ORIENTED_EDGE ( 'NONE', *, *, #1969, .T. ) ;
#7944 = DIRECTION ( 'NONE',  ( 0.0000000000000000000, 1.000000000000000000, -0.0000000000000000000 ) ) ;
#7945 = LINE ( 'NONE', #11109, #7675 ) ;
#7946 = DIRECTION ( 'NONE',  ( 0.0000000000000000000, 0.0000000000000000000, -1.000000000000000000 ) ) ;
#7947 = UNCERTAINTY_MEASURE_WITH_UNIT (LENGTH_MEASURE( 1.000000000000000100E-005 ), #10416, 'distance_accuracy_value', 'NONE');
#7948 = AXIS2_PLACEMENT_3D ( 'NONE', #2872, #9019, #3752 ) ;
#7949 = PRESENTATION_LAYER_ASSIGNMENT (  '', '', ( #6773 ) ) ;
#7950 = SURFACE_SIDE_STYLE ('',( #9979 ) ) ;
#7951 = DIRECTION ( 'NONE',  ( -0.0000000000000000000, -1.000000000000000000, -0.0000000000000000000 ) ) ;
#7952 = DIRECTION ( 'NONE',  ( 0.0000000000000000000, -0.7071067811865511300, -0.7071067811865440200 ) ) ;
#7953 = DIRECTION ( 'NONE',  ( 1.000000000000000000, 2.710505431213761100E-017, 0.0000000000000000000 ) ) ;
#7954 = DIRECTION ( 'NONE',  ( -1.000000000000000000, 0.0000000000000000000, 0.0000000000000000000 ) ) ;
#7955 = ORIENTED_EDGE ( 'NONE', *, *, #10145, .F. ) ;
#7956 = ADVANCED_FACE ( 'NONE', ( #3211 ), #7451, .T. ) ;
#7957 = AXIS2_PLACEMENT_3D ( 'NONE', #10753, #2859, #9005 ) ;
#7958 = CARTESIAN_POINT ( 'NONE',  ( 1.313764705882352700, 0.3528235294117643100, 3.981176470588228400 ) ) ;
#7959 = CARTESIAN_POINT ( 'NONE',  ( -1.090000000000000100, -0.3750000000000001100, 0.6499999999999975800 ) ) ;
#7960 = ORIENTED_EDGE ( 'NONE', *, *, #4682, .T. ) ;
#7961 = UNCERTAINTY_MEASURE_WITH_UNIT (LENGTH_MEASURE( 1.000000000000000100E-005 ), #8033, 'distance_accuracy_value', 'NONE');
#7962 = CARTESIAN_POINT ( 'NONE',  ( -1.724999999999999400, 2.123118842698621800, 4.699999999999995700 ) ) ;
#7963 = FILL_AREA_STYLE_COLOUR ( '', #2125 ) ;
#7964 = PRESENTATION_LAYER_ASSIGNMENT (  '', '', ( #7381 ) ) ;
#7965 = EDGE_LOOP ( 'NONE', ( #1995, #8073, #5249, #400 ) ) ;
#7966 = CARTESIAN_POINT ( 'NONE',  ( 1.089999999999999900, 3.100000000000000100, 0.3499999999999989800 ) ) ;
#7967 = COLOUR_RGB ( '',0.8000000000000000400, 0.8078431372549019800, 0.8000000000000000400 ) ;
#7968 = DIRECTION ( 'NONE',  ( 1.000000000000000000, 0.0000000000000000000, 0.0000000000000000000 ) ) ;
#7969 = STYLED_ITEM ( 'NONE', ( #9545 ), #4057 ) ;
#7970 = UNCERTAINTY_MEASURE_WITH_UNIT (LENGTH_MEASURE( 1.000000000000000100E-005 ), #8622, 'distance_accuracy_value', 'NONE');
#7971 = CARTESIAN_POINT ( 'NONE',  ( 5.020000000000001400, 1.200000000000000000, 1.529999999999999800 ) ) ;
#7972 = DIRECTION ( 'NONE',  ( 0.0000000000000000000, 1.000000000000000000, 4.336808689942013800E-015 ) ) ;
#7973 = VERTEX_POINT ( 'NONE', #1265 ) ;
#7974 = DIRECTION ( 'NONE',  ( 2.710505431213761100E-017, -1.000000000000000000, 0.0000000000000000000 ) ) ;
#7975 = AXIS2_PLACEMENT_3D ( 'NONE', #1164, #4781, #10950 ) ;
#7976 = EDGE_LOOP ( 'NONE', ( #8742, #2643, #4536, #456 ) ) ;
#7977 = ORIENTED_EDGE ( 'NONE', *, *, #6309, .F. ) ;
#7978 = CARTESIAN_POINT ( 'NONE',  ( -2.339999999999999900, 0.4249999999999998200, 3.499999999999981300 ) ) ;
#7979 = CARTESIAN_POINT ( 'NONE',  ( -5.240000000000002900, -1.100000000000000100, 1.055999999999998100 ) ) ;
#7980 =( NAMED_UNIT ( * ) PLANE_ANGLE_UNIT ( ) SI_UNIT ( $, .RADIAN. ) );
#7981 = CARTESIAN_POINT ( 'NONE',  ( -5.700000000000001100, 0.9000000000000003600, 0.2539999999999999500 ) ) ;
#7982 = ORIENTED_EDGE ( 'NONE', *, *, #3005, .T. ) ;
#7983 = VECTOR ( 'NONE', #6048, 1000.000000000000000 ) ;
#7984 = EDGE_CURVE ( 'NONE', #5902, #6215, #4590, .T. ) ;
#7985 = ORIENTED_EDGE ( 'NONE', *, *, #6914, .T. ) ;
#7986 =( NAMED_UNIT ( * ) SI_UNIT ( $, .STERADIAN. ) SOLID_ANGLE_UNIT ( ) );
#7987 = EDGE_CURVE ( 'NONE', #1331, #4356, #2251, .T. ) ;
#7988 = CARTESIAN_POINT ( 'NONE',  ( 1.089999999999999900, 2.350000000000003200, 0.6499999999999986900 ) ) ;
#7989 = LINE ( 'NONE', #7194, #10351 ) ;
#7990 = CARTESIAN_POINT ( 'NONE',  ( -5.020000000000001400, -0.8799999999999986700, 1.529999999999999800 ) ) ;
#7991 = VERTEX_POINT ( 'NONE', #1305 ) ;
#7992 = PLANE ( 'NONE',  #2640 ) ;
#7993 = LINE ( 'NONE', #3562, #5665 ) ;
#7994 = DIRECTION ( 'NONE',  ( 0.0000000000000000000, 1.000000000000000000, 1.141265444721583800E-016 ) ) ;
#7995 = ORIENTED_EDGE ( 'NONE', *, *, #8811, .T. ) ;
#7996 = VECTOR ( 'NONE', #3839, 1000.000000000000000 ) ;
#7997 = DIRECTION ( 'NONE',  ( -0.0000000000000000000, -1.000000000000000000, 0.0000000000000000000 ) ) ;
#7998 = EDGE_CURVE ( 'NONE', #2214, #224, #9283, .T. ) ;
#7999 = PRESENTATION_STYLE_ASSIGNMENT (( #11108 ) ) ;
#8000 = EDGE_CURVE ( 'NONE', #8018, #144, #6686, .T. ) ;
#8001 = FACE_OUTER_BOUND ( 'NONE', #7515, .T. ) ;
#8002 = DIRECTION ( 'NONE',  ( 0.0000000000000000000, 0.0000000000000000000, -1.000000000000000000 ) ) ;
#8003 =( NAMED_UNIT ( * ) PLANE_ANGLE_UNIT ( ) SI_UNIT ( $, .RADIAN. ) );
#8004 = ORIENTED_EDGE ( 'NONE', *, *, #8096, .T. ) ;
#8005 = LINE ( 'NONE', #5930, #3340 ) ;
#8006 = ORIENTED_EDGE ( 'NONE', *, *, #7998, .F. ) ;
#8007 = DIRECTION ( 'NONE',  ( -1.000000000000000000, -0.0000000000000000000, -0.0000000000000000000 ) ) ;
#8008 = DIRECTION ( 'NONE',  ( 0.0000000000000000000, 0.0000000000000000000, -1.000000000000000000 ) ) ;
#8009 = ORIENTED_EDGE ( 'NONE', *, *, #4165, .F. ) ;
#8010 = AXIS2_PLACEMENT_3D ( 'NONE', #10212, #4928, #11088 ) ;
#8011 = STYLED_ITEM ( 'NONE', ( #7769 ), #365 ) ;
#8012 = COLOUR_RGB ( '',0.8000000000000000400, 0.8078431372549019800, 0.8000000000000000400 ) ;
#8013 =( NAMED_UNIT ( * ) PLANE_ANGLE_UNIT ( ) SI_UNIT ( $, .RADIAN. ) );
#8014 = LINE ( 'NONE', #4436, #10377 ) ;
#8015 = LINE ( 'NONE', #4940, #5691 ) ;
#8016 = FACE_OUTER_BOUND ( 'NONE', #3436, .T. ) ;
#8017 = EDGE_LOOP ( 'NONE', ( #9686, #6888, #1964, #10709 ) ) ;
#8018 = VERTEX_POINT ( 'NONE', #2247 ) ;
#8019 = CARTESIAN_POINT ( 'NONE',  ( 1.325000000000000400, 3.673118842698620300, 2.099999999999996100 ) ) ;
#8020 = MECHANICAL_DESIGN_GEOMETRIC_PRESENTATION_REPRESENTATION (  '', ( #6273 ), #8625 ) ;
#8021 = LINE ( 'NONE', #4300, #5703 ) ;
#8022 = CARTESIAN_POINT ( 'NONE',  ( 2.339999999999999900, 0.4249999999999998200, 0.6499999999999964700 ) ) ;
#8023 = STYLED_ITEM ( 'NONE', ( #2907 ), #9011 ) ;
#8024 = CIRCLE ( 'NONE', #2185, 0.3039999999999996000 ) ;
#8025 = DIRECTION ( 'NONE',  ( -0.0000000000000000000, -1.000000000000000000, -0.0000000000000000000 ) ) ;
#8026 = ORIENTED_EDGE ( 'NONE', *, *, #1790, .F. ) ;
#8027 = ORIENTED_EDGE ( 'NONE', *, *, #11408, .F. ) ;
#8028 = VECTOR ( 'NONE', #552, 1000.000000000000000 ) ;
#8029 = VECTOR ( 'NONE', #8305, 1000.000000000000000 ) ;
#8030 = DIRECTION ( 'NONE',  ( -0.0000000000000000000, 1.000000000000000000, 0.0000000000000000000 ) ) ;
#8031 = COLOUR_RGB ( '',0.8000000000000000400, 0.8078431372549019800, 0.8000000000000000400 ) ;
#8032 = UNCERTAINTY_MEASURE_WITH_UNIT (LENGTH_MEASURE( 1.000000000000000100E-005 ), #7447, 'distance_accuracy_value', 'NONE');
#8033 =( LENGTH_UNIT ( ) NAMED_UNIT ( * ) SI_UNIT ( .MILLI., .METRE. ) );
#8034 = PRESENTATION_LAYER_ASSIGNMENT (  '', '', ( #6867 ) ) ;
#8035 = CARTESIAN_POINT ( 'NONE',  ( 0.8249999999999992900, 2.600000000000000100, 0.2999999999999979900 ) ) ;
#8036 = VERTEX_POINT ( 'NONE', #7531 ) ;
#8037 = ORIENTED_EDGE ( 'NONE', *, *, #4118, .T. ) ;
#8038 = LINE ( 'NONE', #6032, #5725 ) ;
#8039 = VECTOR ( 'NONE', #9056, 1000.000000000000000 ) ;
#8040 = VECTOR ( 'NONE', #4500, 1000.000000000000000 ) ;
#8041 = LINE ( 'NONE', #8127, #10148 ) ;
#8042 = DIRECTION ( 'NONE',  ( -1.000000000000000000, -0.0000000000000000000, -0.0000000000000000000 ) ) ;
#8043 = CARTESIAN_POINT ( 'NONE',  ( -5.020000000000001400, 1.100000000000000100, 1.529999999999999800 ) ) ;
#8044 = VECTOR ( 'NONE', #7859, 1000.000000000000000 ) ;
#8045 = CARTESIAN_POINT ( 'NONE',  ( 4.474000000000000200, 1.200000000000000000, 1.276000000000000000 ) ) ;
#8046 = EDGE_CURVE ( 'NONE', #2269, #2073, #6402, .T. ) ;
#8047 = ORIENTED_EDGE ( 'NONE', *, *, #9921, .T. ) ;
#8048 = ORIENTED_EDGE ( 'NONE', *, *, #2091, .T. ) ;
#8049 = ORIENTED_EDGE ( 'NONE', *, *, #6357, .F. ) ;
#8050 = PRESENTATION_STYLE_ASSIGNMENT (( #3200 ) ) ;
#8051 = EDGE_CURVE ( 'NONE', #642, #10200, #8730, .T. ) ;
#8052 = DIRECTION ( 'NONE',  ( -1.000000000000000000, 0.0000000000000000000, 0.0000000000000000000 ) ) ;
#8053 = VERTEX_POINT ( 'NONE', #11077 ) ;
#8054 = DIRECTION ( 'NONE',  ( -1.000000000000000000, 0.0000000000000000000, 2.304851557154559200E-017 ) ) ;
#8055 = ORIENTED_EDGE ( 'NONE', *, *, #5740, .F. ) ;
#8056 = LINE ( 'NONE', #4584, #5750 ) ;
#8057 = DIRECTION ( 'NONE',  ( -1.000000000000000000, 0.0000000000000000000, 0.0000000000000000000 ) ) ;
#8058 = CARTESIAN_POINT ( 'NONE',  ( 3.050000000000002000, 1.700000000000000400, 1.749999999999996400 ) ) ;
#8059 = EDGE_CURVE ( 'NONE', #3080, #8110, #8452, .T. ) ;
#8060 = EDGE_CURVE ( 'NONE', #5401, #7081, #11360, .T. ) ;
#8061 = PLANE ( 'NONE',  #2583 ) ;
#8062 = EDGE_CURVE ( 'NONE', #5444, #2073, #3774, .T. ) ;
#8063 = ORIENTED_EDGE ( 'NONE', *, *, #3309, .T. ) ;
#8064 = PLANE ( 'NONE',  #6529 ) ;
#8065 = SURFACE_STYLE_FILL_AREA ( #7756 ) ;
#8066 = DIRECTION ( 'NONE',  ( 0.0000000000000000000, 0.0000000000000000000, -1.000000000000000000 ) ) ;
#8067 = VECTOR ( 'NONE', #8274, 1000.000000000000000 ) ;
#8068 = VERTEX_POINT ( 'NONE', #9337 ) ;
#8069 = SURFACE_SIDE_STYLE ('',( #6566 ) ) ;
#8070 = CARTESIAN_POINT ( 'NONE',  ( -5.000000000000000900, 1.700000000000000000, 0.2999999999999999300 ) ) ;
#8071 = DIRECTION ( 'NONE',  ( 1.172110456741085800E-016, -1.000000000000000000, 0.0000000000000000000 ) ) ;
#8072 = EDGE_LOOP ( 'NONE', ( #8406, #2202, #608, #2440 ) ) ;
#8073 = ORIENTED_EDGE ( 'NONE', *, *, #3309, .F. ) ;
#8074 = DIRECTION ( 'NONE',  ( 0.0000000000000000000, -1.000000000000000000, -0.0000000000000000000 ) ) ;
#8075 = UNCERTAINTY_MEASURE_WITH_UNIT (LENGTH_MEASURE( 1.000000000000000100E-005 ), #5039, 'distance_accuracy_value', 'NONE');
#8076 = DIRECTION ( 'NONE',  ( -1.172110456741085800E-016, 1.000000000000000000, -0.0000000000000000000 ) ) ;
#8077 = CARTESIAN_POINT ( 'NONE',  ( -1.324999999999999500, -0.6999999999999988500, 3.249999999999996000 ) ) ;
#8078 = EDGE_CURVE ( 'NONE', #9947, #5119, #5856, .T. ) ;
#8079 = ADVANCED_FACE ( 'NONE', ( #10809 ), #10236, .F. ) ;
#8080 = ORIENTED_EDGE ( 'NONE', *, *, #4450, .T. ) ;
#8081 = AXIS2_PLACEMENT_3D ( 'NONE', #853, #7032, #1756 ) ;
#8082 = PRESENTATION_LAYER_ASSIGNMENT (  '', '', ( #6923 ) ) ;
#8083 = VERTEX_POINT ( 'NONE', #4946 ) ;
#8084 = DIRECTION ( 'NONE',  ( 3.051828337366604500E-016, -0.0000000000000000000, 1.000000000000000000 ) ) ;
#8085 = SURFACE_STYLE_USAGE ( .BOTH. , #1934 ) ;
#8086 = FILL_AREA_STYLE_COLOUR ( '', #3641 ) ;
#8087 =( LENGTH_UNIT ( ) NAMED_UNIT ( * ) SI_UNIT ( .MILLI., .METRE. ) );
#8088 = AXIS2_PLACEMENT_3D ( 'NONE', #9186, #3920, #10098 ) ;
#8089 = LINE ( 'NONE', #8570, #3438 ) ;
#8090 = ORIENTED_EDGE ( 'NONE', *, *, #1335, .T. ) ;
#8091 = CARTESIAN_POINT ( 'NONE',  ( -2.660000000000000100, -0.3750000000000001100, 1.749999999999996400 ) ) ;
#8092 = AXIS2_PLACEMENT_3D ( 'NONE', #10457, #778, #6982 ) ;
#8093 = PLANE ( 'NONE',  #5007 ) ;
#8094 =( GEOMETRIC_REPRESENTATION_CONTEXT ( 3 ) GLOBAL_UNCERTAINTY_ASSIGNED_CONTEXT ( ( #4286 ) ) GLOBAL_UNIT_ASSIGNED_CONTEXT ( ( #6711, #6675, #6524 ) ) REPRESENTATION_CONTEXT ( 'NONE', 'WORKASPACE' ) );
#8095 = PRESENTATION_STYLE_ASSIGNMENT (( #7048 ) ) ;
#8096 = EDGE_CURVE ( 'NONE', #7096, #2252, #1403, .T. ) ;
#8097 = ORIENTED_EDGE ( 'NONE', *, *, #7407, .F. ) ;
#8098 = PLANE ( 'NONE',  #7391 ) ;
#8099 = ORIENTED_EDGE ( 'NONE', *, *, #4783, .F. ) ;
#8100 = AXIS2_PLACEMENT_3D ( 'NONE', #1326, #8389, #3133 ) ;
#8101 = VERTEX_POINT ( 'NONE', #4983 ) ;
#8102 = DIRECTION ( 'NONE',  ( 0.0000000000000000000, 0.0000000000000000000, -1.000000000000000000 ) ) ;
#8103 = SURFACE_STYLE_FILL_AREA ( #3479 ) ;
#8104 = CARTESIAN_POINT ( 'NONE',  ( -4.000000000000000900, 2.600000000000000100, 0.2999999999999999900 ) ) ;
#8105 = CARTESIAN_POINT ( 'NONE',  ( -0.1599999999999999800, 2.999999999999999600, -1.761828530288944700E-016 ) ) ;
#8106 = PLANE ( 'NONE',  #1050 ) ;
#8107 = ORIENTED_EDGE ( 'NONE', *, *, #9024, .T. ) ;
#8108 = VECTOR ( 'NONE', #6794, 1000.000000000000000 ) ;
#8109 = VERTEX_POINT ( 'NONE', #3221 ) ;
#8110 = VERTEX_POINT ( 'NONE', #10285 ) ;
#8111 = CARTESIAN_POINT ( 'NONE',  ( -2.339999999999999900, 2.200000000000004200, 0.2999999999999989900 ) ) ;
#8112 = SURFACE_STYLE_USAGE ( .BOTH. , #7950 ) ;
#8113 = FACE_OUTER_BOUND ( 'NONE', #6801, .T. ) ;
#8114 = VECTOR ( 'NONE', #8555, 1000.000000000000000 ) ;
#8115 = EDGE_CURVE ( 'NONE', #5981, #3675, #3227, .T. ) ;
#8116 = DIRECTION ( 'NONE',  ( -1.000000000000000000, -0.0000000000000000000, -0.0000000000000000000 ) ) ;
#8117 = FACE_OUTER_BOUND ( 'NONE', #7128, .T. ) ;
#8118 = VERTEX_POINT ( 'NONE', #5889 ) ;
#8119 = CARTESIAN_POINT ( 'NONE',  ( 2.660000000000001000, -0.3750000000000003300, 0.6499999999999975800 ) ) ;
#8120 = EDGE_CURVE ( 'NONE', #11057, #5589, #8166, .T. ) ;
#8121 = VECTOR ( 'NONE', #9651, 1000.000000000000000 ) ;
#8122 = CARTESIAN_POINT ( 'NONE',  ( -2.925000000000000300, -1.100000000000000300, 0.6499999999999986900 ) ) ;
#8123 = ORIENTED_EDGE ( 'NONE', *, *, #7060, .T. ) ;
#8124 = LINE ( 'NONE', #1207, #3188 ) ;
#8125 = ORIENTED_EDGE ( 'NONE', *, *, #311, .T. ) ;
#8126 = ORIENTED_EDGE ( 'NONE', *, *, #8920, .F. ) ;
#8127 = CARTESIAN_POINT ( 'NONE',  ( 3.399999999999995900, 0.0000000000000000000, 3.699999999999996600 ) ) ;
#8128 = LINE ( 'NONE', #11292, #1080 ) ;
#8129 = ADVANCED_FACE ( 'NONE', ( #7623 ), #7640, .T. ) ;
#8130 = CARTESIAN_POINT ( 'NONE',  ( 1.089999999999999900, 0.0000000000000000000, 0.0000000000000000000 ) ) ;
#8131 = FILL_AREA_STYLE_COLOUR ( '', #6120 ) ;
#8132 = ORIENTED_EDGE ( 'NONE', *, *, #4484, .T. ) ;
#8133 = DIRECTION ( 'NONE',  ( 0.0000000000000000000, 1.000000000000000000, 0.0000000000000000000 ) ) ;
#8134 = VERTEX_POINT ( 'NONE', #1457 ) ;
#8135 = LINE ( 'NONE', #7507, #5827 ) ;
#8136 = VERTEX_POINT ( 'NONE', #9456 ) ;
#8137 = EDGE_CURVE ( 'NONE', #113, #483, #4453, .T. ) ;
#8138 = ORIENTED_EDGE ( 'NONE', *, *, #11238, .T. ) ;
#8139 = CARTESIAN_POINT ( 'NONE',  ( 5.020000000000001400, 1.200000000000000000, 1.529999999999999800 ) ) ;
#8140 = VERTEX_POINT ( 'NONE', #10344 ) ;
#8141 = VECTOR ( 'NONE', #8084, 1000.000000000000000 ) ;
#8142 = ORIENTED_EDGE ( 'NONE', *, *, #3661, .T. ) ;
#8143 = EDGE_CURVE ( 'NONE', #9608, #10112, #11496, .T. ) ;
#8144 = LINE ( 'NONE', #10897, #1091 ) ;
#8145 = LINE ( 'NONE', #4258, #10519 ) ;
#8146 = DIRECTION ( 'NONE',  ( 1.000000000000000000, 0.0000000000000000000, 0.0000000000000000000 ) ) ;
#8147 = VECTOR ( 'NONE', #10018, 1000.000000000000000 ) ;
#8148 = LINE ( 'NONE', #2710, #1389 ) ;
#8149 = CARTESIAN_POINT ( 'NONE',  ( -5.020000000000001400, -1.100000000000000100, 1.529999999999999800 ) ) ;
#8150 = FACE_OUTER_BOUND ( 'NONE', #11267, .T. ) ;
#8151 = CARTESIAN_POINT ( 'NONE',  ( -1.675000000000000500, 2.600000000000000100, 0.6499999999999984700 ) ) ;
#8152 = ORIENTED_EDGE ( 'NONE', *, *, #8833, .T. ) ;
#8153 = VERTEX_POINT ( 'NONE', #5069 ) ;
#8154 = CARTESIAN_POINT ( 'NONE',  ( -1.324999999999999500, -1.100000000000000100, 2.099999999999996100 ) ) ;
#8155 = LINE ( 'NONE', #5554, #1103 ) ;
#8156 = STYLED_ITEM ( 'NONE', ( #11067 ), #7744 ) ;
#8157 = DIRECTION ( 'NONE',  ( 0.0000000000000000000, -0.9889363528682980600, -0.1483404529302414000 ) ) ;
#8158 = MECHANICAL_DESIGN_GEOMETRIC_PRESENTATION_REPRESENTATION (  '', ( #6414 ), #8764 ) ;
#8159 = DIRECTION ( 'NONE',  ( -0.0000000000000000000, 1.000000000000000000, 0.0000000000000000000 ) ) ;
#8160 = CARTESIAN_POINT ( 'NONE',  ( 3.399999999999995900, 2.000000000000001300, 3.699999999999997500 ) ) ;
#8161 = LINE ( 'NONE', #9379, #1397 ) ;
#8162 = LINE ( 'NONE', #8345, #1111 ) ;
#8163 = LINE ( 'NONE', #10590, #5853 ) ;
#8164 = DIRECTION ( 'NONE',  ( 0.0000000000000000000, 2.258754526011468200E-016, -1.000000000000000000 ) ) ;
#8165 = STYLED_ITEM ( 'NONE', ( #1446 ), #10353 ) ;
#8166 = LINE ( 'NONE', #6759, #5555 ) ;
#8167 = ORIENTED_EDGE ( 'NONE', *, *, #10829, .T. ) ;
#8168 = ORIENTED_EDGE ( 'NONE', *, *, #4987, .F. ) ;
#8169 = DIRECTION ( 'NONE',  ( 3.051828337366604500E-016, -0.0000000000000000000, 1.000000000000000000 ) ) ;
#8170 = LINE ( 'NONE', #10977, #1406 ) ;
#8171 = CARTESIAN_POINT ( 'NONE',  ( 4.474000000000001100, 1.100000000000000100, 1.226000000000000000 ) ) ;
#8172 = VECTOR ( 'NONE', #393, 1000.000000000000000 ) ;
#8173 = FILL_AREA_STYLE ('',( #9054 ) ) ;
#8174 = VECTOR ( 'NONE', #4734, 1000.000000000000000 ) ;
#8175 = FILL_AREA_STYLE ('',( #7285 ) ) ;
#8176 = VECTOR ( 'NONE', #9932, 1000.000000000000000 ) ;
#8177 = DIRECTION ( 'NONE',  ( 1.807003620809170700E-016, 1.000000000000000000, -0.0000000000000000000 ) ) ;
#8178 = LINE ( 'NONE', #3570, #7909 ) ;
#8179 = PRESENTATION_LAYER_ASSIGNMENT (  '', '', ( #7000 ) ) ;
#8180 = MECHANICAL_DESIGN_GEOMETRIC_PRESENTATION_REPRESENTATION (  '', ( #6438 ), #8777 ) ;
#8181 = VECTOR ( 'NONE', #2290, 1000.000000000000000 ) ;
#8182 = VERTEX_POINT ( 'NONE', #5962 ) ;
#8183 = ORIENTED_EDGE ( 'NONE', *, *, #3704, .F. ) ;
#8184 = ORIENTED_EDGE ( 'NONE', *, *, #3588, .F. ) ;
#8185 = CARTESIAN_POINT ( 'NONE',  ( -3.999999999999999100, -1.100000000000000100, 1.750000000000001300 ) ) ;
#8186 = VECTOR ( 'NONE', #2430, 1000.000000000000000 ) ;
#8187 =( NAMED_UNIT ( * ) PLANE_ANGLE_UNIT ( ) SI_UNIT ( $, .RADIAN. ) );
#8188 = ORIENTED_EDGE ( 'NONE', *, *, #4916, .F. ) ;
#8189 = LINE ( 'NONE', #804, #3533 ) ;
#8190 = DIRECTION ( 'NONE',  ( 3.051828337366604500E-016, -0.0000000000000000000, 1.000000000000000000 ) ) ;
#8191 = VECTOR ( 'NONE', #1888, 1000.000000000000000 ) ;
#8192 = DIRECTION ( 'NONE',  ( 0.0000000000000000000, -1.294569758191648900E-016, 1.000000000000000000 ) ) ;
#8193 = ADVANCED_FACE ( 'NONE', ( #11215 ), #2450, .T. ) ;
#8194 = UNCERTAINTY_MEASURE_WITH_UNIT (LENGTH_MEASURE( 1.000000000000000100E-005 ), #2299, 'distance_accuracy_value', 'NONE');
#8195 = ORIENTED_EDGE ( 'NONE', *, *, #7333, .T. ) ;
#8196 = EDGE_LOOP ( 'NONE', ( #10254, #5781, #6451, #9300 ) ) ;
#8197 = CARTESIAN_POINT ( 'NONE',  ( -1.089999999999999200, 0.4249999999999998200, 1.749999999999996400 ) ) ;
#8198 = VERTEX_POINT ( 'NONE', #8602 ) ;
#8199 = STYLED_ITEM ( 'NONE', ( #4201 ), #7223 ) ;
#8200 = LINE ( 'NONE', #7402, #3543 ) ;
#8201 = CARTESIAN_POINT ( 'NONE',  ( 3.050000000000002000, 2.299999999999999400, 1.749999999999996400 ) ) ;
#8202 =( LENGTH_UNIT ( ) NAMED_UNIT ( * ) SI_UNIT ( .MILLI., .METRE. ) );
#8203 = SURFACE_STYLE_USAGE ( .BOTH. , #2030 ) ;
#8204 = CARTESIAN_POINT ( 'NONE',  ( 0.1599999999999999800, -0.1500000000000003000, 0.1799999999999965800 ) ) ;
#8205 = CARTESIAN_POINT ( 'NONE',  ( 3.999999999999997300, -1.100000000000000100, 1.529999999999999800 ) ) ;
#8206 = FILL_AREA_STYLE ('',( #346 ) ) ;
#8207 = ADVANCED_FACE ( 'NONE', ( #9135 ), #11266, .T. ) ;
#8208 = EDGE_CURVE ( 'NONE', #771, #10183, #5709, .T. ) ;
#8209 = ORIENTED_EDGE ( 'NONE', *, *, #8920, .T. ) ;
#8210 = VERTEX_POINT ( 'NONE', #11297 ) ;
#8211 = COLOUR_RGB ( '',0.8000000000000000400, 0.8078431372549019800, 0.8000000000000000400 ) ;
#8212 = PLANE ( 'NONE',  #11013 ) ;
#8213 = CARTESIAN_POINT ( 'NONE',  ( -4.474000000000000200, -0.8799999999999986700, 0.2999999999999999900 ) ) ;
#8214 =( NAMED_UNIT ( * ) PLANE_ANGLE_UNIT ( ) SI_UNIT ( $, .RADIAN. ) );
#8215 = CARTESIAN_POINT ( 'NONE',  ( 1.674999999999999400, 2.600000000000000100, 0.6499999999999980200 ) ) ;
#8216 = DIRECTION ( 'NONE',  ( 1.000000000000000000, 0.0000000000000000000, -0.0000000000000000000 ) ) ;
#8217 = CARTESIAN_POINT ( 'NONE',  ( -0.05999999999999972000, -0.3750000000000005600, 3.999999999999993300 ) ) ;
#8218 = DIRECTION ( 'NONE',  ( -1.000000000000000000, -1.172110456741085800E-016, 0.0000000000000000000 ) ) ;
#8219 = ORIENTED_EDGE ( 'NONE', *, *, #6551, .T. ) ;
#8220 = LINE ( 'NONE', #1333, #10316 ) ;
#8221 = VERTEX_POINT ( 'NONE', #1537 ) ;
#8222 = DIRECTION ( 'NONE',  ( -0.0000000000000000000, 1.000000000000000000, 0.0000000000000000000 ) ) ;
#8223 = EDGE_CURVE ( 'NONE', #29, #846, #10396, .T. ) ;
#8224 = CARTESIAN_POINT ( 'NONE',  ( 4.000000000000001800, 1.399999999999998800, 1.699999999999989700 ) ) ;
#8225 = EDGE_CURVE ( 'NONE', #1635, #10735, #974, .T. ) ;
#8226 = CARTESIAN_POINT ( 'NONE',  ( -5.200000000000001100, 1.399999999999999900, 4.699999999999997500 ) ) ;
#8227 = EDGE_CURVE ( 'NONE', #5172, #7800, #7766, .T. ) ;
#8228 = DIRECTION ( 'NONE',  ( -1.000000000000000000, 0.0000000000000000000, 3.252606517456515800E-016 ) ) ;
#8229 = ORIENTED_EDGE ( 'NONE', *, *, #5587, .F. ) ;
#8230 = CARTESIAN_POINT ( 'NONE',  ( -4.524000000000000900, 1.100000000000000100, 1.276000000000000000 ) ) ;
#8231 = DIRECTION ( 'NONE',  ( 0.0000000000000000000, -1.000000000000000000, -1.141265444721583800E-016 ) ) ;
#8232 = UNCERTAINTY_MEASURE_WITH_UNIT (LENGTH_MEASURE( 1.000000000000000100E-005 ), #3536, 'distance_accuracy_value', 'NONE');
#8233 = PRESENTATION_LAYER_ASSIGNMENT (  '', '', ( #7050 ) ) ;
#8234 = SURFACE_STYLE_USAGE ( .BOTH. , #2053 ) ;
#8235 = DIRECTION ( 'NONE',  ( -1.000000000000000000, 0.0000000000000000000, -0.0000000000000000000 ) ) ;
#8236 = CARTESIAN_POINT ( 'NONE',  ( 3.399999999999995900, 0.8499999999999996400, 1.749999999999996400 ) ) ;
#8237 = CARTESIAN_POINT ( 'NONE',  ( 2.660000000000000100, 2.350000000000003200, 0.6499999999999986900 ) ) ;
#8238 = AXIS2_PLACEMENT_3D ( 'NONE', #7171, #1906, #8054 ) ;
#8239 = FILL_AREA_STYLE_COLOUR ( '', #8560 ) ;
#8240 = SURFACE_SIDE_STYLE ('',( #11475 ) ) ;
#8241 = VECTOR ( 'NONE', #3506, 1000.000000000000000 ) ;
#8242 = EDGE_CURVE ( 'NONE', #5132, #10776, #8024, .T. ) ;
#8243 =( GEOMETRIC_REPRESENTATION_CONTEXT ( 3 ) GLOBAL_UNCERTAINTY_ASSIGNED_CONTEXT ( ( #3880 ) ) GLOBAL_UNIT_ASSIGNED_CONTEXT ( ( #6706, #1382, #7570 ) ) REPRESENTATION_CONTEXT ( 'NONE', 'WORKASPACE' ) );
#8244 = DIRECTION ( 'NONE',  ( 0.0000000000000000000, 0.0000000000000000000, 1.000000000000000000 ) ) ;
#8245 = DIRECTION ( 'NONE',  ( 0.0000000000000000000, -1.000000000000000000, 0.0000000000000000000 ) ) ;
#8246 = ADVANCED_FACE ( 'NONE', ( #703, #7492 ), #10460, .F. ) ;
#8247 = ORIENTED_EDGE ( 'NONE', *, *, #10145, .T. ) ;
#8248 = DIRECTION ( 'NONE',  ( 0.0000000000000000000, 0.0000000000000000000, 1.000000000000000000 ) ) ;
#8249 = FILL_AREA_STYLE_COLOUR ( '', #3609 ) ;
#8250 =( NAMED_UNIT ( * ) PLANE_ANGLE_UNIT ( ) SI_UNIT ( $, .RADIAN. ) );
#8251 = DIRECTION ( 'NONE',  ( -1.000000000000000000, 0.0000000000000000000, 1.971276677246371500E-016 ) ) ;
#8252 = PRESENTATION_LAYER_ASSIGNMENT (  '', '', ( #7079 ) ) ;
#8253 = DIRECTION ( 'NONE',  ( 0.0000000000000000000, 0.0000000000000000000, -1.000000000000000000 ) ) ;
#8254 = ORIENTED_EDGE ( 'NONE', *, *, #8681, .F. ) ;
#8255 = ADVANCED_FACE ( 'NONE', ( #5418 ), #8774, .T. ) ;
#8256 = VERTEX_POINT ( 'NONE', #750 ) ;
#8257 = ORIENTED_EDGE ( 'NONE', *, *, #4225, .T. ) ;
#8258 = LINE ( 'NONE', #5961, #1205 ) ;
#8259 = CARTESIAN_POINT ( 'NONE',  ( -5.020000000000001400, 1.100000000000000100, 1.276000000000000000 ) ) ;
#8260 = ORIENTED_EDGE ( 'NONE', *, *, #3952, .T. ) ;
#8261 = PLANE ( 'NONE',  #5115 ) ;
#8262 = DIRECTION ( 'NONE',  ( 0.0000000000000000000, -0.7071067811865440200, 0.7071067811865511300 ) ) ;
#8263 = CARTESIAN_POINT ( 'NONE',  ( -4.524000000000000900, -1.100000000000000100, 0.2540000000000000000 ) ) ;
#8264 = ORIENTED_EDGE ( 'NONE', *, *, #6618, .F. ) ;
#8265 = LINE ( 'NONE', #5407, #6221 ) ;
#8266 = EDGE_CURVE ( 'NONE', #10749, #8488, #4313, .T. ) ;
#8267 = PRESENTATION_STYLE_ASSIGNMENT (( #7701 ) ) ;
#8268 = ORIENTED_EDGE ( 'NONE', *, *, #9024, .F. ) ;
#8269 = SURFACE_STYLE_FILL_AREA ( #6554 ) ;
#8270 =( GEOMETRIC_REPRESENTATION_CONTEXT ( 3 ) GLOBAL_UNCERTAINTY_ASSIGNED_CONTEXT ( ( #9598 ) ) GLOBAL_UNIT_ASSIGNED_CONTEXT ( ( #10780, #5490, #165 ) ) REPRESENTATION_CONTEXT ( 'NONE', 'WORKASPACE' ) );
#8271 = EDGE_CURVE ( 'NONE', #4066, #5428, #1963, .T. ) ;
#8272 = ORIENTED_EDGE ( 'NONE', *, *, #3141, .T. ) ;
#8273 = VECTOR ( 'NONE', #9748, 1000.000000000000000 ) ;
#8274 = DIRECTION ( 'NONE',  ( -1.000000000000000000, -0.0000000000000000000, -0.0000000000000000000 ) ) ;
#8275 = PLANE ( 'NONE',  #2279 ) ;
#8276 = DIRECTION ( 'NONE',  ( -1.971276677246371500E-016, 0.0000000000000000000, -1.000000000000000000 ) ) ;
#8277 = CARTESIAN_POINT ( 'NONE',  ( 0.1599999999999999800, 0.4249999999999998200, 0.6499999999999964700 ) ) ;
#8278 = VERTEX_POINT ( 'NONE', #5315 ) ;
#8279 = LINE ( 'NONE', #9184, #3333 ) ;
#8280 = VECTOR ( 'NONE', #3820, 1000.000000000000000 ) ;
#8281 = ORIENTED_EDGE ( 'NONE', *, *, #45, .F. ) ;
#8282 = LINE ( 'NONE', #4137, #10368 ) ;
#8283 = ORIENTED_EDGE ( 'NONE', *, *, #1195, .T. ) ;
#8284 =( NAMED_UNIT ( * ) SI_UNIT ( $, .STERADIAN. ) SOLID_ANGLE_UNIT ( ) );
#8285 = VERTEX_POINT ( 'NONE', #3556 ) ;
#8286 =( NAMED_UNIT ( * ) PLANE_ANGLE_UNIT ( ) SI_UNIT ( $, .RADIAN. ) );
#8287 = VECTOR ( 'NONE', #9045, 1000.000000000000000 ) ;
#8288 = EDGE_CURVE ( 'NONE', #7109, #3440, #4041, .T. ) ;
#8289 = CARTESIAN_POINT ( 'NONE',  ( 2.339999999999999900, 0.2499999999999996700, 0.2999999999999966000 ) ) ;
#8290 =( NAMED_UNIT ( * ) PLANE_ANGLE_UNIT ( ) SI_UNIT ( $, .RADIAN. ) );
#8291 = VECTOR ( 'NONE', #4061, 1000.000000000000000 ) ;
#8292 = EDGE_CURVE ( 'NONE', #1295, #3421, #8983, .T. ) ;
#8293 = EDGE_CURVE ( 'NONE', #11498, #8210, #10798, .T. ) ;
#8294 = CARTESIAN_POINT ( 'NONE',  ( -1.409999999999999900, 2.549999999999999800, 0.4499999999999999000 ) ) ;
#8295 = EDGE_LOOP ( 'NONE', ( #2728, #7777, #4793, #2413, #3280, #6163, #5443, #7095, #4312, #10975, #2471, #8026, #5313, #7016, #4395, #5762, #6842, #5724 ) ) ;
#8296 = ORIENTED_EDGE ( 'NONE', *, *, #9652, .F. ) ;
#8297 = ORIENTED_EDGE ( 'NONE', *, *, #2939, .F. ) ;
#8298 = UNCERTAINTY_MEASURE_WITH_UNIT (LENGTH_MEASURE( 1.000000000000000100E-005 ), #5044, 'distance_accuracy_value', 'NONE');
#8299 = VECTOR ( 'NONE', #3461, 1000.000000000000000 ) ;
#8300 =( NAMED_UNIT ( * ) SI_UNIT ( $, .STERADIAN. ) SOLID_ANGLE_UNIT ( ) );
#8301 = FACE_OUTER_BOUND ( 'NONE', #1838, .T. ) ;
#8302 = COLOUR_RGB ( '',0.8000000000000000400, 0.8078431372549019800, 0.8000000000000000400 ) ;
#8303 = FACE_OUTER_BOUND ( 'NONE', #1444, .T. ) ;
#8304 = COLOUR_RGB ( '',0.8000000000000000400, 0.8078431372549019800, 0.8000000000000000400 ) ;
#8305 = DIRECTION ( 'NONE',  ( 0.0000000000000000000, 0.0000000000000000000, -1.000000000000000000 ) ) ;
#8306 = PRESENTATION_STYLE_ASSIGNMENT (( #6386 ) ) ;
#8307 = ORIENTED_EDGE ( 'NONE', *, *, #11201, .F. ) ;
#8308 = CARTESIAN_POINT ( 'NONE',  ( 5.020000000000001400, 1.100000000000000100, 1.529999999999999800 ) ) ;
#8309 = ORIENTED_EDGE ( 'NONE', *, *, #1275, .T. ) ;
#8311 = ADVANCED_FACE ( 'NONE', ( #8436 ), #9752, .T. ) ;
#8310 = VERTEX_POINT ( 'NONE', #7074 ) ;
#8312 = LINE ( 'NONE', #2400, #5997 ) ;
#8313 = EDGE_CURVE ( 'NONE', #8686, #3918, #10525, .T. ) ;
#8314 = FACE_OUTER_BOUND ( 'NONE', #11448, .T. ) ;
#8315 = DIRECTION ( 'NONE',  ( 0.0000000000000000000, 0.7071067811865496800, 0.7071067811865453500 ) ) ;
#8316 = LINE ( 'NONE', #3150, #118 ) ;
#8317 = FACE_OUTER_BOUND ( 'NONE', #10702, .T. ) ;
#8318 = CARTESIAN_POINT ( 'NONE',  ( -4.474000000000001100, 1.100000000000000100, 1.226000000000000000 ) ) ;
#8319 = DIRECTION ( 'NONE',  ( 0.0000000000000000000, -1.000000000000000000, -1.223202451009284400E-015 ) ) ;
#8320 = AXIS2_PLACEMENT_3D ( 'NONE', #1063, #1192, #1388 ) ;
#8321 = CARTESIAN_POINT ( 'NONE',  ( 0.1599999999999999800, 2.200000000000004200, 0.2999999999999989900 ) ) ;
#8322 = VERTEX_POINT ( 'NONE', #7990 ) ;
#8323 = ORIENTED_EDGE ( 'NONE', *, *, #9554, .F. ) ;
#8324 = LINE ( 'NONE', #4, #10411 ) ;
#8325 = ADVANCED_FACE ( 'NONE', ( #8150 ), #5352, .T. ) ;
#8326 = ORIENTED_EDGE ( 'NONE', *, *, #10682, .F. ) ;
#8327 = VECTOR ( 'NONE', #2738, 1000.000000000000000 ) ;
#8328 = VECTOR ( 'NONE', #1100, 1000.000000000000200 ) ;
#8329 = AXIS2_PLACEMENT_3D ( 'NONE', #11127, #5879, #533 ) ;
#8330 = PRESENTATION_LAYER_ASSIGNMENT (  '', '', ( #7141 ) ) ;
#8331 = LINE ( 'NONE', #4331, #10302 ) ;
#8332 =( NAMED_UNIT ( * ) PLANE_ANGLE_UNIT ( ) SI_UNIT ( $, .RADIAN. ) );
#8333 = ORIENTED_EDGE ( 'NONE', *, *, #6627, .F. ) ;
#8334 = ORIENTED_EDGE ( 'NONE', *, *, #1876, .F. ) ;
#8335 =( NAMED_UNIT ( * ) SI_UNIT ( $, .STERADIAN. ) SOLID_ANGLE_UNIT ( ) );
#8336 = VERTEX_POINT ( 'NONE', #7115 ) ;
#8337 = CARTESIAN_POINT ( 'NONE',  ( -1.090000000000000100, 3.100000000000000100, 0.3499999999999989800 ) ) ;
#8338 = LINE ( 'NONE', #4934, #1287 ) ;
#8339 = FILL_AREA_STYLE ('',( #6598 ) ) ;
#8340 =( LENGTH_UNIT ( ) NAMED_UNIT ( * ) SI_UNIT ( .MILLI., .METRE. ) );
#8341 = MECHANICAL_DESIGN_GEOMETRIC_PRESENTATION_REPRESENTATION (  '', ( #6600 ), #8916 ) ;
#8342 = VECTOR ( 'NONE', #6041, 1000.000000000000000 ) ;
#8343 =( NAMED_UNIT ( * ) PLANE_ANGLE_UNIT ( ) SI_UNIT ( $, .RADIAN. ) );
#8344 = STYLED_ITEM ( 'NONE', ( #2206 ), #6040 ) ;
#8345 = CARTESIAN_POINT ( 'NONE',  ( 2.339999999999999900, 2.350000000000003200, 0.6499999999999986900 ) ) ;
#8346 = DIRECTION ( 'NONE',  ( 1.000000000000000000, 0.0000000000000000000, -2.304851557154559200E-017 ) ) ;
#8347 = CARTESIAN_POINT ( 'NONE',  ( 0.0000000000000000000, 2.600000000000000100, 0.0000000000000000000 ) ) ;
#8348 = EDGE_CURVE ( 'NONE', #5117, #1377, #545, .T. ) ;
#8349 = ORIENTED_EDGE ( 'NONE', *, *, #7929, .F. ) ;
#8350 = ORIENTED_EDGE ( 'NONE', *, *, #7641, .T. ) ;
#8351 = DIRECTION ( 'NONE',  ( 0.0000000000000000000, -1.000000000000000000, 0.0000000000000000000 ) ) ;
#8352 = LINE ( 'NONE', #3735, #10164 ) ;
#8353 = DIRECTION ( 'NONE',  ( 3.049318610115480700E-016, -0.0000000000000000000, 1.000000000000000000 ) ) ;
#8354 = FILL_AREA_STYLE ('',( #9195 ) ) ;
#8355 = ORIENTED_EDGE ( 'NONE', *, *, #5299, .T. ) ;
#8356 = DIRECTION ( 'NONE',  ( -1.885568995626965000E-016, 0.0000000000000000000, 1.000000000000000000 ) ) ;
#8357 = VECTOR ( 'NONE', #9454, 1000.000000000000100 ) ;
#8358 =( NAMED_UNIT ( * ) SI_UNIT ( $, .STERADIAN. ) SOLID_ANGLE_UNIT ( ) );
#8359 = VECTOR ( 'NONE', #306, 1000.000000000000000 ) ;
#8360 = DIRECTION ( 'NONE',  ( -1.000000000000000000, -0.0000000000000000000, -0.0000000000000000000 ) ) ;
#8361 = CARTESIAN_POINT ( 'NONE',  ( 4.000000000000000900, 1.700000000000000000, 0.2999999999999999900 ) ) ;
#8362 = EDGE_CURVE ( 'NONE', #657, #6390, #7338, .T. ) ;
#8363 = EDGE_CURVE ( 'NONE', #5829, #1293, #9688, .T. ) ;
#8364 = ORIENTED_EDGE ( 'NONE', *, *, #4760, .F. ) ;
#8365 = DIRECTION ( 'NONE',  ( -1.000000000000000000, 6.776263578034385900E-016, 0.0000000000000000000 ) ) ;
#8366 = DIRECTION ( 'NONE',  ( 0.0000000000000000000, 1.000000000000000000, 0.0000000000000000000 ) ) ;
#8367 = PRESENTATION_STYLE_ASSIGNMENT (( #323 ) ) ;
#8368 = ADVANCED_FACE ( 'NONE', ( #9403 ), #8061, .T. ) ;
#8369 = VERTEX_POINT ( 'NONE', #7179 ) ;
#8370 = FILL_AREA_STYLE_COLOUR ( '', #11174 ) ;
#8371 = PLANE ( 'NONE',  #4878 ) ;
#8372 =( NAMED_UNIT ( * ) SI_UNIT ( $, .STERADIAN. ) SOLID_ANGLE_UNIT ( ) );
#8373 = CARTESIAN_POINT ( 'NONE',  ( 2.660000000000001000, 0.4249999999999998200, 0.04999999999999753300 ) ) ;
#8374 = DIRECTION ( 'NONE',  ( -1.000000000000000000, 0.0000000000000000000, -3.971436529250929000E-016 ) ) ;
#8375 = EDGE_CURVE ( 'NONE', #938, #5008, #2374, .T. ) ;
#8376 = ORIENTED_EDGE ( 'NONE', *, *, #798, .T. ) ;
#8377 = VECTOR ( 'NONE', #7139, 1000.000000000000000 ) ;
#8378 = PLANE ( 'NONE',  #9295 ) ;
#8379 = ADVANCED_FACE ( 'NONE', ( #256 ), #1024, .T. ) ;
#8380 = CARTESIAN_POINT ( 'NONE',  ( 2.339999999999999900, 2.500000000000000000, -1.084202172485504400E-016 ) ) ;
#8381 = EDGE_CURVE ( 'NONE', #10301, #5749, #4437, .T. ) ;
#8382 = CARTESIAN_POINT ( 'NONE',  ( -4.000000000000000900, 2.600000000000000100, 0.2999999999999999900 ) ) ;
#8383 = ORIENTED_EDGE ( 'NONE', *, *, #8293, .F. ) ;
#8384 = UNCERTAINTY_MEASURE_WITH_UNIT (LENGTH_MEASURE( 1.000000000000000100E-005 ), #1840, 'distance_accuracy_value', 'NONE');
#8385 = ORIENTED_EDGE ( 'NONE', *, *, #6899, .T. ) ;
#8386 =( NAMED_UNIT ( * ) SI_UNIT ( $, .STERADIAN. ) SOLID_ANGLE_UNIT ( ) );
#8387 = FILL_AREA_STYLE_COLOUR ( '', #2417 ) ;
#8388 = AXIS2_PLACEMENT_3D ( 'NONE', #9367, #10280, #4980 ) ;
#8389 = DIRECTION ( 'NONE',  ( -1.000000000000000000, 0.0000000000000000000, 0.0000000000000000000 ) ) ;
#8390 = ORIENTED_EDGE ( 'NONE', *, *, #7042, .T. ) ;
#8391 = VECTOR ( 'NONE', #7093, 1000.000000000000000 ) ;
#8392 = ORIENTED_EDGE ( 'NONE', *, *, #1577, .F. ) ;
#8393 = AXIS2_PLACEMENT_3D ( 'NONE', #6699, #7562, #2281 ) ;
#8394 = EDGE_LOOP ( 'NONE', ( #1119, #10485, #8307, #9599 ) ) ;
#8395 = STYLED_ITEM ( 'NONE', ( #2363 ), #2145 ) ;
#8396 = AXIS2_PLACEMENT_3D ( 'NONE', #4989, #11143, #5896 ) ;
#8397 = ORIENTED_EDGE ( 'NONE', *, *, #5067, .T. ) ;
#8398 = VECTOR ( 'NONE', #5463, 1000.000000000000000 ) ;
#8399 = DIRECTION ( 'NONE',  ( 3.051828337366604500E-016, -0.0000000000000000000, 1.000000000000000000 ) ) ;
#8400 = DIRECTION ( 'NONE',  ( -1.000000000000000000, 0.0000000000000000000, 3.971436529250929000E-016 ) ) ;
#8401 = CARTESIAN_POINT ( 'NONE',  ( -1.724999999999999400, -1.100000000000000100, 3.249999999999996000 ) ) ;
#8402 = ORIENTED_EDGE ( 'NONE', *, *, #6985, .T. ) ;
#8403 = ORIENTED_EDGE ( 'NONE', *, *, #5635, .T. ) ;
#8404 = VECTOR ( 'NONE', #1420, 1000.000000000000000 ) ;
#8405 = CARTESIAN_POINT ( 'NONE',  ( 1.410000000000000600, 0.4249999999999998200, 1.749999999999996400 ) ) ;
#8406 = ORIENTED_EDGE ( 'NONE', *, *, #9035, .F. ) ;
#8407 = STYLED_ITEM ( 'NONE', ( #95 ), #3703 ) ;
#8408 = DIRECTION ( 'NONE',  ( 4.565061778886335000E-016, 1.000000000000000000, -0.0000000000000000000 ) ) ;
#8409 = LINE ( 'NONE', #5707, #10761 ) ;
#8410 = VECTOR ( 'NONE', #549, 1000.000000000000000 ) ;
#8411 = SURFACE_STYLE_USAGE ( .BOTH. , #2255 ) ;
#8412 =( NAMED_UNIT ( * ) PLANE_ANGLE_UNIT ( ) SI_UNIT ( $, .RADIAN. ) );
#8413 = LINE ( 'NONE', #1291, #10495 ) ;
#8414 = DIRECTION ( 'NONE',  ( 0.0000000000000000000, 0.0000000000000000000, 1.000000000000000000 ) ) ;
#8415 = AXIS2_PLACEMENT_3D ( 'NONE', #4162, #1521, #7702 ) ;
#8416 = LINE ( 'NONE', #836, #3468 ) ;
#8417 = ORIENTED_EDGE ( 'NONE', *, *, #6097, .F. ) ;
#8418 = VECTOR ( 'NONE', #2186, 1000.000000000000000 ) ;
#8419 = ADVANCED_FACE ( 'NONE', ( #2087 ), #2844, .F. ) ;
#8420 = VECTOR ( 'NONE', #8640, 1000.000000000000000 ) ;
#8421 = EDGE_CURVE ( 'NONE', #9309, #1514, #10381, .T. ) ;
#8422 = EDGE_LOOP ( 'NONE', ( #1739, #10394, #8403, #8512 ) ) ;
#8423 = VECTOR ( 'NONE', #1274, 1000.000000000000200 ) ;
#8424 = ORIENTED_EDGE ( 'NONE', *, *, #3442, .F. ) ;
#8425 = ORIENTED_EDGE ( 'NONE', *, *, #10090, .T. ) ;
#8426 = CARTESIAN_POINT ( 'NONE',  ( 4.220000000000000600, -0.8799999999999969000, 1.529999999999999800 ) ) ;
#8427 = COLOUR_RGB ( '',0.8000000000000000400, 0.8078431372549019800, 0.8000000000000000400 ) ;
#8428 = DIRECTION ( 'NONE',  ( -1.000000000000000000, -0.0000000000000000000, -0.0000000000000000000 ) ) ;
#8429 = LINE ( 'NONE', #2833, #6124 ) ;
#8430 = ADVANCED_FACE ( 'NONE', ( #8016 ), #3766, .T. ) ;
#8431 = FILL_AREA_STYLE ('',( #5188 ) ) ;
#8432 = LINE ( 'NONE', #11268, #10791 ) ;
#8433 = PRESENTATION_STYLE_ASSIGNMENT (( #1208 ) ) ;
#8434 = CARTESIAN_POINT ( 'NONE',  ( 2.339999999999999900, 0.0000000000000000000, 0.0000000000000000000 ) ) ;
#8435 = VERTEX_POINT ( 'NONE', #193 ) ;
#8436 = FACE_OUTER_BOUND ( 'NONE', #5745, .T. ) ;
#8437 = ORIENTED_EDGE ( 'NONE', *, *, #10452, .T. ) ;
#8438 = VERTEX_POINT ( 'NONE', #245 ) ;
#8439 = FILL_AREA_STYLE_COLOUR ( '', #5674 ) ;
#8440 = EDGE_CURVE ( 'NONE', #5543, #8686, #395, .T. ) ;
#8441 = PRESENTATION_STYLE_ASSIGNMENT (( #2459 ) ) ;
#8442 = CARTESIAN_POINT ( 'NONE',  ( 4.220000000000000600, -0.8799999999999969000, 1.529999999999999800 ) ) ;
#8443 = EDGE_CURVE ( 'NONE', #10512, #3918, #7183, .T. ) ;
#8444 = CARTESIAN_POINT ( 'NONE',  ( -3.999999999999999100, 1.700000000000000000, 3.699999999999996600 ) ) ;
#8445 = DIRECTION ( 'NONE',  ( 1.000000000000000000, -0.0000000000000000000, -3.252606517456515800E-016 ) ) ;
#8446 = EDGE_CURVE ( 'NONE', #9016, #5655, #4859, .T. ) ;
#8447 = LINE ( 'NONE', #9096, #3504 ) ;
#8448 = CARTESIAN_POINT ( 'NONE',  ( 2.660000000000000100, 3.100000000000000100, 0.09999999999999947800 ) ) ;
#8449 = SURFACE_STYLE_FILL_AREA ( #6595 ) ;
#8450 = LINE ( 'NONE', #3500, #1400 ) ;
#8451 = PLANE ( 'NONE',  #8396 ) ;
#8452 = LINE ( 'NONE', #5770, #6145 ) ;
#8453 = ORIENTED_EDGE ( 'NONE', *, *, #6381, .F. ) ;
#8454 = ORIENTED_EDGE ( 'NONE', *, *, #7406, .F. ) ;
#8455 = EDGE_CURVE ( 'NONE', #4583, #6629, #98, .T. ) ;
#8456 = CARTESIAN_POINT ( 'NONE',  ( 5.020000000000001400, 1.100000000000000100, 1.529999999999999800 ) ) ;
#8457 = FACE_OUTER_BOUND ( 'NONE', #3621, .T. ) ;
#8458 = DIRECTION ( 'NONE',  ( -0.0000000000000000000, -1.000000000000000000, -0.0000000000000000000 ) ) ;
#8459 = VECTOR ( 'NONE', #2176, 1000.000000000000000 ) ;
#8460 = EDGE_CURVE ( 'NONE', #10000, #10658, #9258, .T. ) ;
#8461 = VERTEX_POINT ( 'NONE', #10900 ) ;
#8462 = VERTEX_POINT ( 'NONE', #6517 ) ;
#8463 = VERTEX_POINT ( 'NONE', #2096 ) ;
#8464 = LINE ( 'NONE', #5054, #1708 ) ;
#8465 = VECTOR ( 'NONE', #1726, 1000.000000000000000 ) ;
#8466 =( NAMED_UNIT ( * ) PLANE_ANGLE_UNIT ( ) SI_UNIT ( $, .RADIAN. ) );
#8467 = VECTOR ( 'NONE', #5204, 1000.000000000000000 ) ;
#8468 = VECTOR ( 'NONE', #3564, 1000.000000000000000 ) ;
#8469 = CARTESIAN_POINT ( 'NONE',  ( 5.000000000000000900, 1.700000000000000000, 0.2999999999999999300 ) ) ;
#8470 = SURFACE_SIDE_STYLE ('',( #1576 ) ) ;
#8471 = ORIENTED_EDGE ( 'NONE', *, *, #11317, .T. ) ;
#8472 = MECHANICAL_DESIGN_GEOMETRIC_PRESENTATION_REPRESENTATION (  '', ( #6721 ), #9047 ) ;
#8473 = CARTESIAN_POINT ( 'NONE',  ( 1.239088197126313500E-015, 2.000000000000002200, 3.699999999999996600 ) ) ;
#8474 = EDGE_LOOP ( 'NONE', ( #450, #6649, #9189, #1894 ) ) ;
#8475 = EDGE_LOOP ( 'NONE', ( #2775, #9924, #11486, #10839 ) ) ;
#8476 = ORIENTED_EDGE ( 'NONE', *, *, #11479, .F. ) ;
#8477 = LINE ( 'NONE', #10036, #10570 ) ;
#8478 = DIRECTION ( 'NONE',  ( 0.0000000000000000000, 0.0000000000000000000, 1.000000000000000000 ) ) ;
#8479 = AXIS2_PLACEMENT_3D ( 'NONE', #361, #2201, #8374 ) ;
#8480 = MECHANICAL_DESIGN_GEOMETRIC_PRESENTATION_REPRESENTATION (  '', ( #6731 ), #9057 ) ;
#8481 = ADVANCED_FACE ( 'NONE', ( #6664 ), #10025, .T. ) ;
#8482 = DIRECTION ( 'NONE',  ( 0.0000000000000000000, 1.000000000000000000, 1.141265444721583800E-016 ) ) ;
#8483 = CARTESIAN_POINT ( 'NONE',  ( 1.089999999999999900, 0.3499999999999997000, 3.499999999999983100 ) ) ;
#8484 = DIRECTION ( 'NONE',  ( 0.0000000000000000000, 0.0000000000000000000, -1.000000000000000000 ) ) ;
#8485 = CARTESIAN_POINT ( 'NONE',  ( -4.000000000000000000, 1.420000000000000600, 0.3000000000000005400 ) ) ;
#8486 = CARTESIAN_POINT ( 'NONE',  ( -1.090000000000000100, 2.200000000000004200, 0.2999999999999989900 ) ) ;
#8487 = CARTESIAN_POINT ( 'NONE',  ( 1.250000000000000000, 0.4249999999999998200, 0.6499999999999984700 ) ) ;
#8488 = VERTEX_POINT ( 'NONE', #3013 ) ;
#8489 = EDGE_LOOP ( 'NONE', ( #3311, #1074, #6286, #5120 ) ) ;
#8490 = SURFACE_STYLE_USAGE ( .BOTH. , #2317 ) ;
#8491 = CARTESIAN_POINT ( 'NONE',  ( 1.325000000000000200, 3.673118842698620300, 3.249999999999995600 ) ) ;
#8492 = ADVANCED_FACE ( 'NONE', ( #11058 ), #5651, .T. ) ;
#8493 = ORIENTED_EDGE ( 'NONE', *, *, #10744, .F. ) ;
#8494 = CARTESIAN_POINT ( 'NONE',  ( -1.409999999999999900, 3.100000000000000100, 0.3499999999999989800 ) ) ;
#8495 = EDGE_CURVE ( 'NONE', #383, #9028, #4303, .T. ) ;
#8496 = CARTESIAN_POINT ( 'NONE',  ( 3.699999999999995700, 0.09999999999999982500, 1.749999999999996400 ) ) ;
#8497 = ORIENTED_EDGE ( 'NONE', *, *, #9706, .T. ) ;
#8498 = DIRECTION ( 'NONE',  ( 0.0000000000000000000, 0.0000000000000000000, -1.000000000000000000 ) ) ;
#8499 = CARTESIAN_POINT ( 'NONE',  ( 5.020000000000001400, -1.100000000000000100, 1.529999999999999800 ) ) ;
#8500 = ORIENTED_EDGE ( 'NONE', *, *, #1796, .F. ) ;
#8501 = DIRECTION ( 'NONE',  ( 0.0000000000000000000, 0.0000000000000000000, 1.000000000000000000 ) ) ;
#8502 = ORIENTED_EDGE ( 'NONE', *, *, #96, .F. ) ;
#8503 =( NAMED_UNIT ( * ) PLANE_ANGLE_UNIT ( ) SI_UNIT ( $, .RADIAN. ) );
#8504 = DIRECTION ( 'NONE',  ( 0.0000000000000000000, -1.000000000000000000, -1.223202451009284400E-015 ) ) ;
#8505 = CARTESIAN_POINT ( 'NONE',  ( -1.090000000000000100, 0.2499999999999996700, 0.2999999999999966000 ) ) ;
#8506 = VECTOR ( 'NONE', #6382, 1000.000000000000000 ) ;
#8507 = EDGE_LOOP ( 'NONE', ( #2239, #8257, #8746, #1284, #8184 ) ) ;
#8508 = EDGE_CURVE ( 'NONE', #1882, #11036, #1952, .T. ) ;
#8509 = EDGE_CURVE ( 'NONE', #3421, #238, #4565, .T. ) ;
#8510 = EDGE_CURVE ( 'NONE', #4349, #8036, #4026, .T. ) ;
#8511 = CARTESIAN_POINT ( 'NONE',  ( -2.339999999999999900, 3.100000000000000100, 0.3499999999999989800 ) ) ;
#8512 = ORIENTED_EDGE ( 'NONE', *, *, #741, .T. ) ;
#8513 =( LENGTH_UNIT ( ) NAMED_UNIT ( * ) SI_UNIT ( .MILLI., .METRE. ) );
#8514 = EDGE_LOOP ( 'NONE', ( #9853, #10765, #10068, #5000 ) ) ;
#8515 = VECTOR ( 'NONE', #6099, 1000.000000000000000 ) ;
#8516 = UNCERTAINTY_MEASURE_WITH_UNIT (LENGTH_MEASURE( 1.000000000000000100E-005 ), #3379, 'distance_accuracy_value', 'NONE');
#8517 = CARTESIAN_POINT ( 'NONE',  ( -2.339999999999999900, 0.2499999999999996700, 0.1799999999999966600 ) ) ;
#8518 = UNCERTAINTY_MEASURE_WITH_UNIT (LENGTH_MEASURE( 1.000000000000000100E-005 ), #2479, 'distance_accuracy_value', 'NONE');
#8519 = DIRECTION ( 'NONE',  ( 0.0000000000000000000, -1.000000000000000000, 0.0000000000000000000 ) ) ;
#8520 = DIRECTION ( 'NONE',  ( 0.0000000000000000000, -1.000000000000000000, -1.141265444721583800E-016 ) ) ;
#8521 = DIRECTION ( 'NONE',  ( 0.0000000000000000000, -1.000000000000000000, 0.0000000000000000000 ) ) ;
#8522 = ORIENTED_EDGE ( 'NONE', *, *, #5484, .T. ) ;
#8523 = ORIENTED_EDGE ( 'NONE', *, *, #11425, .F. ) ;
#8524 = FACE_OUTER_BOUND ( 'NONE', #506, .T. ) ;
#8525 = PLANE ( 'NONE',  #1517 ) ;
#8526 = EDGE_CURVE ( 'NONE', #4820, #2595, #8705, .T. ) ;
#8527 = CARTESIAN_POINT ( 'NONE',  ( -4.000000000000000900, -1.100000000000000100, 0.2999999999999999900 ) ) ;
#8528 = ORIENTED_EDGE ( 'NONE', *, *, #8798, .T. ) ;
#8529 = ORIENTED_EDGE ( 'NONE', *, *, #9702, .T. ) ;
#8530 = DIRECTION ( 'NONE',  ( 0.0000000000000000000, 1.000000000000000000, -1.355252715606881500E-016 ) ) ;
#8531 = VERTEX_POINT ( 'NONE', #3084 ) ;
#8532 = ADVANCED_FACE ( 'NONE', ( #10781 ), #7462, .F. ) ;
#8533 = STYLED_ITEM ( 'NONE', ( #1961 ), #7897 ) ;
#8534 = MECHANICAL_DESIGN_GEOMETRIC_PRESENTATION_REPRESENTATION (  '', ( #6773 ), #9124 ) ;
#8535 = ORIENTED_EDGE ( 'NONE', *, *, #3346, .T. ) ;
#8536 = EDGE_LOOP ( 'NONE', ( #9436, #1684, #10065, #2238 ) ) ;
#8537 = CARTESIAN_POINT ( 'NONE',  ( 2.025000000000001700, -1.100000000000000100, 4.699999999999995700 ) ) ;
#8538 = DIRECTION ( 'NONE',  ( 0.0000000000000000000, -0.7071067811865512400, -0.7071067811865439100 ) ) ;
#8539 = ORIENTED_EDGE ( 'NONE', *, *, #9231, .T. ) ;
#8540 = PRESENTATION_LAYER_ASSIGNMENT (  '', '', ( #7366 ) ) ;
#8541 = EDGE_LOOP ( 'NONE', ( #9925, #8167, #7534, #3317 ) ) ;
#8542 = AXIS2_PLACEMENT_3D ( 'NONE', #4688, #4570, #4524 ) ;
#8543 = ADVANCED_FACE ( 'NONE', ( #1376 ), #6630, .T. ) ;
#8544 = CARTESIAN_POINT ( 'NONE',  ( 4.000000000000000900, 1.700000000000000000, 0.2999999999999974900 ) ) ;
#8545 = VERTEX_POINT ( 'NONE', #9219 ) ;
#8546 = VECTOR ( 'NONE', #5913, 1000.000000000000000 ) ;
#8547 = ORIENTED_EDGE ( 'NONE', *, *, #1469, .T. ) ;
#8548 = LINE ( 'NONE', #6506, #6225 ) ;
#8549 = VERTEX_POINT ( 'NONE', #8380 ) ;
#8550 = LINE ( 'NONE', #2823, #3867 ) ;
#8551 = AXIS2_PLACEMENT_3D ( 'NONE', #9770, #6267, #935 ) ;
#8552 = CARTESIAN_POINT ( 'NONE',  ( 2.339999999999999900, 0.4249999999999998200, 1.749999999999996400 ) ) ;
#8553 = MECHANICAL_DESIGN_GEOMETRIC_PRESENTATION_REPRESENTATION (  '', ( #7381 ), #9146 ) ;
#8554 = VERTEX_POINT ( 'NONE', #3120 ) ;
#8555 = DIRECTION ( 'NONE',  ( -1.172110456741085800E-016, 1.000000000000000000, -0.0000000000000000000 ) ) ;
#8556 = DIRECTION ( 'NONE',  ( 0.0000000000000000000, 0.7071067811865453500, -0.7071067811865496800 ) ) ;
#8557 = CARTESIAN_POINT ( 'NONE',  ( 1.410000000000000600, 0.4249999999999998200, 0.04999999999999753300 ) ) ;
#8558 = DIRECTION ( 'NONE',  ( 0.0000000000000000000, -1.000000000000000000, -1.141265444721583800E-016 ) ) ;
#8559 = FILL_AREA_STYLE_COLOUR ( '', #5011 ) ;
#8560 = COLOUR_RGB ( '',0.8000000000000000400, 0.8078431372549019800, 0.8000000000000000400 ) ;
#8561 = LINE ( 'NONE', #11117, #1806 ) ;
#8562 = AXIS2_PLACEMENT_3D ( 'NONE', #10840, #4693, #10869 ) ;
#8563 = ORIENTED_EDGE ( 'NONE', *, *, #962, .T. ) ;
#8564 = FACE_OUTER_BOUND ( 'NONE', #10567, .T. ) ;
#8565 = ORIENTED_EDGE ( 'NONE', *, *, #7039, .T. ) ;
#8566 = CARTESIAN_POINT ( 'NONE',  ( 0.1599999999999999800, -0.3750000000000005000, 3.499999999999986700 ) ) ;
#8567 = CARTESIAN_POINT ( 'NONE',  ( -3.399999999999999500, 1.700000000000000200, 3.399999999999995000 ) ) ;
#8568 = VECTOR ( 'NONE', #2187, 1000.000000000000000 ) ;
#8569 = CARTESIAN_POINT ( 'NONE',  ( 3.500000000000000400, -1.100000000000000100, 0.2999999999999977100 ) ) ;
#8570 = CARTESIAN_POINT ( 'NONE',  ( -3.699999999999999300, 0.09999999999999982500, 1.749999999999996400 ) ) ;
#8571 = PLANE ( 'NONE',  #6057 ) ;
#8572 = ORIENTED_EDGE ( 'NONE', *, *, #1747, .T. ) ;
#8573 = ORIENTED_EDGE ( 'NONE', *, *, #6969, .T. ) ;
#8574 = FACE_OUTER_BOUND ( 'NONE', #11135, .T. ) ;
#8575 = LINE ( 'NONE', #10510, #8299 ) ;
#8576 = VECTOR ( 'NONE', #3394, 1000.000000000000000 ) ;
#8577 = FACE_OUTER_BOUND ( 'NONE', #1965, .T. ) ;
#8578 = EDGE_CURVE ( 'NONE', #9161, #7920, #8135, .T. ) ;
#8579 = VECTOR ( 'NONE', #1379, 1000.000000000000000 ) ;
#8580 = DIRECTION ( 'NONE',  ( 0.0000000000000000000, -1.000000000000000000, 0.0000000000000000000 ) ) ;
#8581 = SURFACE_STYLE_FILL_AREA ( #9912 ) ;
#8582 = EDGE_CURVE ( 'NONE', #2634, #2106, #10511, .T. ) ;
#8583 = DIRECTION ( 'NONE',  ( -2.990902544787597100E-016, 0.0000000000000000000, -1.000000000000000000 ) ) ;
#8584 = CARTESIAN_POINT ( 'NONE',  ( 1.089999999999999900, -0.3750000000000005000, 3.499999999999983100 ) ) ;
#8585 =( NAMED_UNIT ( * ) PLANE_ANGLE_UNIT ( ) SI_UNIT ( $, .RADIAN. ) );
#8586 = EDGE_LOOP ( 'NONE', ( #4270, #7876, #11120, #8183 ) ) ;
#8587 = MANIFOLD_SOLID_BREP ( 'Линейный массив4[2]', #6521 ) ;
#8588 = VERTEX_POINT ( 'NONE', #11045 ) ;
#8589 = ORIENTED_EDGE ( 'NONE', *, *, #4301, .T. ) ;
#8590 = UNCERTAINTY_MEASURE_WITH_UNIT (LENGTH_MEASURE( 1.000000000000000100E-005 ), #9614, 'distance_accuracy_value', 'NONE');
#8591 = VECTOR ( 'NONE', #3687, 1000.000000000000000 ) ;
#8592 = CARTESIAN_POINT ( 'NONE',  ( -1.090000000000000100, 2.350000000000003200, 0.6499999999999986900 ) ) ;
#8593 = CIRCLE ( 'NONE', #8010, 0.3040000000000004400 ) ;
#8594 = SURFACE_SIDE_STYLE ('',( #4857 ) ) ;
#8595 = PRESENTATION_STYLE_ASSIGNMENT (( #2456 ) ) ;
#8596 = ADVANCED_FACE ( 'NONE', ( #10238 ), #2209, .F. ) ;
#8597 =( NAMED_UNIT ( * ) PLANE_ANGLE_UNIT ( ) SI_UNIT ( $, .RADIAN. ) );
#8598 = EDGE_CURVE ( 'NONE', #8153, #8140, #8561, .T. ) ;
#8599 = ORIENTED_EDGE ( 'NONE', *, *, #2180, .F. ) ;
#8600 = ORIENTED_EDGE ( 'NONE', *, *, #9185, .T. ) ;
#8601 = LINE ( 'NONE', #8201, #6008 ) ;
#8602 = CARTESIAN_POINT ( 'NONE',  ( -2.660000000000000100, 2.350000000000003200, 0.6499999999999986900 ) ) ;
#8603 = EDGE_CURVE ( 'NONE', #5534, #5283, #4155, .T. ) ;
#8604 = UNCERTAINTY_MEASURE_WITH_UNIT (LENGTH_MEASURE( 1.000000000000000100E-005 ), #4317, 'distance_accuracy_value', 'NONE');
#8605 = VECTOR ( 'NONE', #5390, 1000.000000000000000 ) ;
#8606 = VECTOR ( 'NONE', #7997, 1000.000000000000000 ) ;
#8607 = SURFACE_STYLE_FILL_AREA ( #332 ) ;
#8608 =( NAMED_UNIT ( * ) SI_UNIT ( $, .STERADIAN. ) SOLID_ANGLE_UNIT ( ) );
#8609 = VECTOR ( 'NONE', #3418, 999.9999999999998900 ) ;
#8610 = AXIS2_PLACEMENT_3D ( 'NONE', #8382, #8353, #4000 ) ;
#8611 =( LENGTH_UNIT ( ) NAMED_UNIT ( * ) SI_UNIT ( .MILLI., .METRE. ) );
#8612 = ADVANCED_FACE ( 'NONE', ( #10647 ), #5966, .F. ) ;
#8613 = AXIS2_PLACEMENT_3D ( 'NONE', #2715, #1094, #903 ) ;
#8614 = CARTESIAN_POINT ( 'NONE',  ( -1.324999999999999500, -1.100000000000000100, 3.249999999999996000 ) ) ;
#8615 = EDGE_LOOP ( 'NONE', ( #11339, #11162, #8931, #1022 ) ) ;
#8616 = VERTEX_POINT ( 'NONE', #8494 ) ;
#8617 = ORIENTED_EDGE ( 'NONE', *, *, #821, .F. ) ;
#8618 = CARTESIAN_POINT ( 'NONE',  ( -2.075000000000000200, -1.100000000000000300, 0.6499999999999986900 ) ) ;
#8619 = CARTESIAN_POINT ( 'NONE',  ( -4.000000000000000900, 1.420000000000001300, 0.2999999999999999900 ) ) ;
#8620 = LINE ( 'NONE', #3369, #8342 ) ;
#8621 = DIRECTION ( 'NONE',  ( 0.0000000000000000000, 0.0000000000000000000, 1.000000000000000000 ) ) ;
#8622 =( LENGTH_UNIT ( ) NAMED_UNIT ( * ) SI_UNIT ( .MILLI., .METRE. ) );
#8623 = VECTOR ( 'NONE', #126, 1000.000000000000000 ) ;
#8624 = ORIENTED_EDGE ( 'NONE', *, *, #4392, .F. ) ;
#8625 =( GEOMETRIC_REPRESENTATION_CONTEXT ( 3 ) GLOBAL_UNCERTAINTY_ASSIGNED_CONTEXT ( ( #266 ) ) GLOBAL_UNIT_ASSIGNED_CONTEXT ( ( #6552, #1215, #7415 ) ) REPRESENTATION_CONTEXT ( 'NONE', 'WORKASPACE' ) );
#8626 = ORIENTED_EDGE ( 'NONE', *, *, #343, .F. ) ;
#8627 = ORIENTED_EDGE ( 'NONE', *, *, #3210, .T. ) ;
#8628 = FILL_AREA_STYLE_COLOUR ( '', #1007 ) ;
#8629 = FACE_OUTER_BOUND ( 'NONE', #2396, .T. ) ;
#8630 = VERTEX_POINT ( 'NONE', #2322 ) ;
#8631 = DIRECTION ( 'NONE',  ( 0.0000000000000000000, 1.000000000000000000, 1.126443815569353400E-015 ) ) ;
#8632 = PRESENTATION_LAYER_ASSIGNMENT (  '', '', ( #8023 ) ) ;
#8633 = SURFACE_STYLE_FILL_AREA ( #11249 ) ;
#8634 = AXIS2_PLACEMENT_3D ( 'NONE', #4643, #5804, #5146 ) ;
#8635 = DIRECTION ( 'NONE',  ( 1.445602896647339700E-015, 1.000000000000000000, 0.0000000000000000000 ) ) ;
#8636 = STYLED_ITEM ( 'NONE', ( #3769 ), #5488 ) ;
#8637 = CARTESIAN_POINT ( 'NONE',  ( -2.660000000000000100, 2.999999999999999600, -1.761828530288944700E-016 ) ) ;
#8638 = ORIENTED_EDGE ( 'NONE', *, *, #2168, .F. ) ;
#8639 = ORIENTED_EDGE ( 'NONE', *, *, #10453, .T. ) ;
#8640 = DIRECTION ( 'NONE',  ( 0.1940285000290632400, -0.1455213750217967100, 0.9701425001453329900 ) ) ;
#8641 = LINE ( 'NONE', #4173, #8357 ) ;
#8642 = MECHANICAL_DESIGN_GEOMETRIC_PRESENTATION_REPRESENTATION (  '', ( #6867 ), #9215 ) ;
#8643 = LINE ( 'NONE', #9115, #6312 ) ;
#8644 = SURFACE_STYLE_USAGE ( .BOTH. , #2478 ) ;
#8645 =( NAMED_UNIT ( * ) PLANE_ANGLE_UNIT ( ) SI_UNIT ( $, .RADIAN. ) );
#8646 = FILL_AREA_STYLE ('',( #10392 ) ) ;
#8647 = AXIS2_PLACEMENT_3D ( 'NONE', #696, #6887, #1606 ) ;
#8648 = VERTEX_POINT ( 'NONE', #4112 ) ;
#8649 = ORIENTED_EDGE ( 'NONE', *, *, #5064, .F. ) ;
#8650 = VECTOR ( 'NONE', #8248, 1000.000000000000000 ) ;
#8651 = DIRECTION ( 'NONE',  ( 1.000000000000000000, 0.0000000000000000000, 0.0000000000000000000 ) ) ;
#8652 = CARTESIAN_POINT ( 'NONE',  ( 0.1599999999999999800, 3.000000000000000000, 0.4499999999999998400 ) ) ;
#8653 = EDGE_CURVE ( 'NONE', #5048, #845, #6238, .T. ) ;
#8654 = DIRECTION ( 'NONE',  ( 0.0000000000000000000, -1.000000000000000000, 0.0000000000000000000 ) ) ;
#8655 = PLANE ( 'NONE',  #1663 ) ;
#8656 = ADVANCED_FACE ( 'NONE', ( #10922 ), #4993, .F. ) ;
#8657 = ORIENTED_EDGE ( 'NONE', *, *, #2987, .T. ) ;
#8658 = PLANE ( 'NONE',  #11018 ) ;
#8659 = DIRECTION ( 'NONE',  ( -0.7071067811865493500, 0.0000000000000000000, -0.7071067811865456900 ) ) ;
#8660 = FILL_AREA_STYLE ('',( #8131 ) ) ;
#8661 = CARTESIAN_POINT ( 'NONE',  ( -1.409999999999999900, -0.3750000000000001100, 0.6499999999999975800 ) ) ;
#8662 = ADVANCED_FACE ( 'NONE', ( #1232 ), #8525, .T. ) ;
#8663 = ORIENTED_EDGE ( 'NONE', *, *, #4973, .F. ) ;
#8664 =( LENGTH_UNIT ( ) NAMED_UNIT ( * ) SI_UNIT ( .MILLI., .METRE. ) );
#8665 = EDGE_CURVE ( 'NONE', #5589, #1206, #8282, .T. ) ;
#8666 = UNCERTAINTY_MEASURE_WITH_UNIT (LENGTH_MEASURE( 1.000000000000000100E-005 ), #6693, 'distance_accuracy_value', 'NONE');
#8667 = EDGE_CURVE ( 'NONE', #1514, #8336, #8005, .T. ) ;
#8668 = EDGE_CURVE ( 'NONE', #6130, #984, #5678, .T. ) ;
#8669 = ORIENTED_EDGE ( 'NONE', *, *, #5742, .T. ) ;
#8670 = CARTESIAN_POINT ( 'NONE',  ( -3.699999999999999300, 2.600000000000000100, 4.699999999999995700 ) ) ;
#8671 = CARTESIAN_POINT ( 'NONE',  ( 4.000000000000000900, -1.100000000000000300, 0.04999999999999747700 ) ) ;
#8672 = CARTESIAN_POINT ( 'NONE',  ( 5.020000000000001400, 1.200000000000000000, 1.529999999999999800 ) ) ;
#8673 = VERTEX_POINT ( 'NONE', #7689 ) ;
#8674 = DIRECTION ( 'NONE',  ( 0.0000000000000000000, 0.0000000000000000000, -1.000000000000000000 ) ) ;
#8675 = ORIENTED_EDGE ( 'NONE', *, *, #3796, .F. ) ;
#8676 = VERTEX_POINT ( 'NONE', #8567 ) ;
#8677 = ORIENTED_EDGE ( 'NONE', *, *, #4615, .T. ) ;
#8678 = VECTOR ( 'NONE', #5280, 999.9999999999998900 ) ;
#8679 = CARTESIAN_POINT ( 'NONE',  ( 5.020000000000001400, -1.100000000000000100, 1.529999999999999800 ) ) ;
#8680 = DIRECTION ( 'NONE',  ( -1.000000000000000000, 6.776263578034385000E-016, -0.0000000000000000000 ) ) ;
#8681 = EDGE_CURVE ( 'NONE', #6106, #5700, #5394, .T. ) ;
#8682 = DIRECTION ( 'NONE',  ( -3.771137991253929100E-016, 0.0000000000000000000, -1.000000000000000000 ) ) ;
#8683 = FACE_OUTER_BOUND ( 'NONE', #3526, .T. ) ;
#8684 = ORIENTED_EDGE ( 'NONE', *, *, #5364, .T. ) ;
#8685 = DIRECTION ( 'NONE',  ( 3.771137991253931500E-016, 0.0000000000000000000, 1.000000000000000000 ) ) ;
#8686 = VERTEX_POINT ( 'NONE', #4188 ) ;
#8687 = STYLED_ITEM ( 'NONE', ( #5841 ), #8325 ) ;
#8688 = MECHANICAL_DESIGN_GEOMETRIC_PRESENTATION_REPRESENTATION (  '', ( #6923 ), #9282 ) ;
#8689 = UNCERTAINTY_MEASURE_WITH_UNIT (LENGTH_MEASURE( 1.000000000000000100E-005 ), #8513, 'distance_accuracy_value', 'NONE');
#8690 = DIRECTION ( 'NONE',  ( -0.7071067811865475700, 0.7071067811865475700, 0.0000000000000000000 ) ) ;
#8691 = VECTOR ( 'NONE', #6094, 1000.000000000000000 ) ;
#8692 = ORIENTED_EDGE ( 'NONE', *, *, #8904, .F. ) ;
#8693 = CARTESIAN_POINT ( 'NONE',  ( -4.524000000000000900, -1.100000000000000100, 0.3039999999999999400 ) ) ;
#8694 = DIRECTION ( 'NONE',  ( -1.000000000000000000, -0.0000000000000000000, -0.0000000000000000000 ) ) ;
#8695 = VECTOR ( 'NONE', #8583, 1000.000000000000000 ) ;
#8696 = DIRECTION ( 'NONE',  ( 0.0000000000000000000, 0.7071067811865436900, -0.7071067811865513500 ) ) ;
#8697 = DIRECTION ( 'NONE',  ( 0.0000000000000000000, -1.294569758191648900E-016, 1.000000000000000000 ) ) ;
#8698 = COLOUR_RGB ( '',0.8000000000000000400, 0.8078431372549019800, 0.8000000000000000400 ) ;
#8699 = VECTOR ( 'NONE', #9085, 1000.000000000000000 ) ;
#8700 = VECTOR ( 'NONE', #7396, 1000.000000000000000 ) ;
#8701 = DIRECTION ( 'NONE',  ( 0.0000000000000000000, 0.0000000000000000000, -1.000000000000000000 ) ) ;
#8702 = DIRECTION ( 'NONE',  ( -1.000000000000000000, -0.0000000000000000000, -0.0000000000000000000 ) ) ;
#8703 = PRESENTATION_LAYER_ASSIGNMENT (  '', '', ( #7535 ) ) ;
#8704 = ORIENTED_EDGE ( 'NONE', *, *, #9880, .F. ) ;
#8705 = LINE ( 'NONE', #2175, #3741 ) ;
#8706 = EDGE_LOOP ( 'NONE', ( #6829, #9893, #871, #413 ) ) ;
#8708 = ORIENTED_EDGE ( 'NONE', *, *, #6834, .T. ) ;
#8707 = ADVANCED_FACE ( 'NONE', ( #671 ), #9467, .T. ) ;
#8709 = VECTOR ( 'NONE', #2769, 1000.000000000000000 ) ;
#8710 = CARTESIAN_POINT ( 'NONE',  ( 4.000000000000000900, -0.8000000000000014900, 2.400000000000000800 ) ) ;
#8711 = SURFACE_STYLE_USAGE ( .BOTH. , #2569 ) ;
#8712 = SURFACE_SIDE_STYLE ('',( #5650 ) ) ;
#8713 = VECTOR ( 'NONE', #4519, 1000.000000000000100 ) ;
#8714 = CARTESIAN_POINT ( 'NONE',  ( 2.339999999999999900, -0.3750000000000001100, 0.04999999999999753300 ) ) ;
#8715 = EDGE_CURVE ( 'NONE', #6934, #10151, #7733, .T. ) ;
#8716 = STYLED_ITEM ( 'NONE', ( #9660 ), #4372 ) ;
#8717 = DIRECTION ( 'NONE',  ( 0.0000000000000000000, -1.000000000000000000, -1.141265444721583800E-016 ) ) ;
#8718 = PLANE ( 'NONE',  #5840 ) ;
#8719 = VECTOR ( 'NONE', #8803, 1000.000000000000000 ) ;
#8720 = VERTEX_POINT ( 'NONE', #5971 ) ;
#8721 = VERTEX_POINT ( 'NONE', #8614 ) ;
#8722 = CARTESIAN_POINT ( 'NONE',  ( -3.500000000000001300, 2.600000000000000100, 0.2999999999999998200 ) ) ;
#8723 = DIRECTION ( 'NONE',  ( -1.000000000000000000, 0.0000000000000000000, -3.971436529250928500E-016 ) ) ;
#8724 = FACE_OUTER_BOUND ( 'NONE', #10536, .T. ) ;
#8725 = DIRECTION ( 'NONE',  ( 0.0000000000000000000, -1.000000000000000000, 0.0000000000000000000 ) ) ;
#8726 = LINE ( 'NONE', #2842, #1690 ) ;
#8727 = DIRECTION ( 'NONE',  ( 0.0000000000000000000, 0.0000000000000000000, 1.000000000000000000 ) ) ;
#8728 = VECTOR ( 'NONE', #3545, 1000.000000000000000 ) ;
#8729 = CARTESIAN_POINT ( 'NONE',  ( 2.660000000000000100, 3.100000000000000100, 0.3499999999999989800 ) ) ;
#8730 = LINE ( 'NONE', #4917, #11079 ) ;
#8731 = ORIENTED_EDGE ( 'NONE', *, *, #3183, .T. ) ;
#8732 = VERTEX_POINT ( 'NONE', #4236 ) ;
#8733 = EDGE_CURVE ( 'NONE', #8758, #923, #1513, .T. ) ;
#8734 = LINE ( 'NONE', #4649, #1409 ) ;
#8735 = FILL_AREA_STYLE_COLOUR ( '', #4084 ) ;
#8736 = EDGE_CURVE ( 'NONE', #531, #1875, #5122, .T. ) ;
#8737 = VECTOR ( 'NONE', #9935, 1000.000000000000000 ) ;
#8738 = SURFACE_SIDE_STYLE ('',( #5265 ) ) ;
#8739 = DIRECTION ( 'NONE',  ( 1.000000000000000000, -1.445602896647339700E-015, 0.0000000000000000000 ) ) ;
#8740 = CARTESIAN_POINT ( 'NONE',  ( -2.075000000000000200, -1.100000000000000300, 0.2999999999999987100 ) ) ;
#8741 = EDGE_LOOP ( 'NONE', ( #3557, #259, #10330, #10184 ) ) ;
#8742 = ORIENTED_EDGE ( 'NONE', *, *, #10738, .F. ) ;
#8743 = ORIENTED_EDGE ( 'NONE', *, *, #5972, .T. ) ;
#8744 = LINE ( 'NONE', #6894, #1424 ) ;
#8745 = DIRECTION ( 'NONE',  ( 1.000000000000000000, -1.807003620809169700E-016, 0.0000000000000000000 ) ) ;
#8746 = ORIENTED_EDGE ( 'NONE', *, *, #3720, .T. ) ;
#8747 = VECTOR ( 'NONE', #6975, 1000.000000000000000 ) ;
#8748 = LINE ( 'NONE', #2704, #8468 ) ;
#8749 = EDGE_CURVE ( 'NONE', #3325, #9498, #7465, .T. ) ;
#8750 = CARTESIAN_POINT ( 'NONE',  ( 3.399999999999996400, -0.6999999999999988500, 1.749999999999996400 ) ) ;
#8751 = ORIENTED_EDGE ( 'NONE', *, *, #119, .T. ) ;
#8752 = SURFACE_STYLE_USAGE ( .BOTH. , #2597 ) ;
#8753 = SURFACE_SIDE_STYLE ('',( #68 ) ) ;
#8754 = DIRECTION ( 'NONE',  ( 1.000000000000000000, 0.0000000000000000000, 0.0000000000000000000 ) ) ;
#8755 = EDGE_CURVE ( 'NONE', #5301, #150, #9533, .T. ) ;
#8756 = CARTESIAN_POINT ( 'NONE',  ( -5.500000000000001800, 1.700000000000000000, 0.7999999999999977100 ) ) ;
#8757 = VERTEX_POINT ( 'NONE', #9541 ) ;
#8758 = VERTEX_POINT ( 'NONE', #10438 ) ;
#8759 = CARTESIAN_POINT ( 'NONE',  ( -3.500000000000001300, -1.100000000000000300, 0.04999999999999980800 ) ) ;
#8760 = SURFACE_STYLE_FILL_AREA ( #3467 ) ;
#8761 = FILL_AREA_STYLE ('',( #2637 ) ) ;
#8762 = AXIS2_PLACEMENT_3D ( 'NONE', #4407, #13, #6237 ) ;
#8763 = DIRECTION ( 'NONE',  ( 0.0000000000000000000, 0.7071067811865439100, -0.7071067811865512400 ) ) ;
#8764 =( GEOMETRIC_REPRESENTATION_CONTEXT ( 3 ) GLOBAL_UNCERTAINTY_ASSIGNED_CONTEXT ( ( #9007 ) ) GLOBAL_UNIT_ASSIGNED_CONTEXT ( ( #7118, #7145, #7034 ) ) REPRESENTATION_CONTEXT ( 'NONE', 'WORKASPACE' ) );
#8765 = CARTESIAN_POINT ( 'NONE',  ( -4.000000000000000900, 2.600000000000000100, 0.2999999999999999900 ) ) ;
#8766 = ORIENTED_EDGE ( 'NONE', *, *, #5127, .T. ) ;
#8767 = DIRECTION ( 'NONE',  ( -1.000000000000000000, 0.0000000000000000000, 0.0000000000000000000 ) ) ;
#8768 = ORIENTED_EDGE ( 'NONE', *, *, #7475, .F. ) ;
#8769 = ORIENTED_EDGE ( 'NONE', *, *, #3129, .T. ) ;
#8770 = ADVANCED_FACE ( 'NONE', ( #89 ), #11307, .T. ) ;
#8771 = VECTOR ( 'NONE', #2270, 1000.000000000000000 ) ;
#8772 = AXIS2_PLACEMENT_3D ( 'NONE', #5213, #11384, #6122 ) ;
#8773 = CARTESIAN_POINT ( 'NONE',  ( 1.409999999999999700, 3.100000000000000100, 0.3499999999999989800 ) ) ;
#8774 = PLANE ( 'NONE',  #8081 ) ;
#8775 = ORIENTED_EDGE ( 'NONE', *, *, #3373, .F. ) ;
#8776 = MECHANICAL_DESIGN_GEOMETRIC_PRESENTATION_REPRESENTATION (  '', ( #7000 ), #9362 ) ;
#8777 =( GEOMETRIC_REPRESENTATION_CONTEXT ( 3 ) GLOBAL_UNCERTAINTY_ASSIGNED_CONTEXT ( ( #3522 ) ) GLOBAL_UNIT_ASSIGNED_CONTEXT ( ( #7357, #4537, #4508 ) ) REPRESENTATION_CONTEXT ( 'NONE', 'WORKASPACE' ) );
#8778 = CARTESIAN_POINT ( 'NONE',  ( 1.310000000000000100, -0.2500000000000006700, 3.999999999999993300 ) ) ;
#8779 = STYLED_ITEM ( 'NONE', ( #11187 ), #5789 ) ;
#8780 = PRESENTATION_STYLE_ASSIGNMENT (( #136 ) ) ;
#8781 = PLANE ( 'NONE',  #8790 ) ;
#8782 = VERTEX_POINT ( 'NONE', #2495 ) ;
#8783 = DIRECTION ( 'NONE',  ( -1.000000000000000000, 0.0000000000000000000, 0.0000000000000000000 ) ) ;
#8784 = STYLED_ITEM ( 'NONE', ( #7887 ), #3928 ) ;
#8785 = SURFACE_STYLE_USAGE ( .BOTH. , #2627 ) ;
#8786 = LINE ( 'NONE', #1046, #8506 ) ;
#8787 = DIRECTION ( 'NONE',  ( -0.0000000000000000000, 0.0000000000000000000, 1.000000000000000000 ) ) ;
#8788 = DIRECTION ( 'NONE',  ( -1.000000000000000000, -0.0000000000000000000, -0.0000000000000000000 ) ) ;
#8789 = PLANE ( 'NONE',  #2337 ) ;
#8790 = AXIS2_PLACEMENT_3D ( 'NONE', #8806, #3563, #9713 ) ;
#8791 = ORIENTED_EDGE ( 'NONE', *, *, #4242, .F. ) ;
#8792 =( NAMED_UNIT ( * ) PLANE_ANGLE_UNIT ( ) SI_UNIT ( $, .RADIAN. ) );
#8793 = LINE ( 'NONE', #5223, #8515 ) ;
#8794 = CARTESIAN_POINT ( 'NONE',  ( 3.399999999999995900, 1.700000000000000200, 4.399999999999995900 ) ) ;
#8795 = CARTESIAN_POINT ( 'NONE',  ( -5.500000000000001800, 1.100000000000000100, 0.3039999999999999400 ) ) ;
#8796 = EDGE_CURVE ( 'NONE', #1929, #4750, #4850, .T. ) ;
#8797 = VERTEX_POINT ( 'NONE', #2536 ) ;
#8798 = EDGE_CURVE ( 'NONE', #11000, #1003, #382, .T. ) ;
#8799 = CIRCLE ( 'NONE', #10338, 0.3040000000000004400 ) ;
#8800 = UNCERTAINTY_MEASURE_WITH_UNIT (LENGTH_MEASURE( 1.000000000000000100E-005 ), #3785, 'distance_accuracy_value', 'NONE');
#8801 = CARTESIAN_POINT ( 'NONE',  ( 2.425000000000000700, 3.673118842698620300, 2.099999999999996100 ) ) ;
#8802 = ORIENTED_EDGE ( 'NONE', *, *, #3056, .F. ) ;
#8803 = DIRECTION ( 'NONE',  ( 0.0000000000000000000, -1.000000000000000000, -0.0000000000000000000 ) ) ;
#8804 = SURFACE_STYLE_USAGE ( .BOTH. , #8738 ) ;
#8805 = SURFACE_STYLE_USAGE ( .BOTH. , #2657 ) ;
#8806 = CARTESIAN_POINT ( 'NONE',  ( -2.339999999999999900, 0.2499999999999996700, 0.1799999999999966600 ) ) ;
#8807 = EDGE_CURVE ( 'NONE', #8908, #7742, #6908, .T. ) ;
#8808 = ORIENTED_EDGE ( 'NONE', *, *, #11178, .T. ) ;
#8809 = EDGE_CURVE ( 'NONE', #10581, #4374, #2211, .T. ) ;
#8810 = EDGE_LOOP ( 'NONE', ( #9201, #6373, #9381, #8063 ) ) ;
#8811 = EDGE_CURVE ( 'NONE', #5444, #3654, #6648, .T. ) ;
#8812 = ORIENTED_EDGE ( 'NONE', *, *, #10532, .T. ) ;
#8813 = CARTESIAN_POINT ( 'NONE',  ( -2.660000000000000100, 0.0000000000000000000, 0.0000000000000000000 ) ) ;
#8814 = SURFACE_SIDE_STYLE ('',( #2236 ) ) ;
#8815 = ADVANCED_FACE ( 'NONE', ( #8955 ), #9622, .F. ) ;
#8816 = UNCERTAINTY_MEASURE_WITH_UNIT (LENGTH_MEASURE( 1.000000000000000100E-005 ), #11177, 'distance_accuracy_value', 'NONE');
#8817 = EDGE_LOOP ( 'NONE', ( #4141, #6288, #494, #1647 ) ) ;
#8818 = CARTESIAN_POINT ( 'NONE',  ( -3.999999999999999100, 1.700000000000000000, 3.699999999999996600 ) ) ;
#8819 =( NAMED_UNIT ( * ) PLANE_ANGLE_UNIT ( ) SI_UNIT ( $, .RADIAN. ) );
#8820 = DIRECTION ( 'NONE',  ( 1.000000000000000000, 0.0000000000000000000, -3.049318610115480700E-016 ) ) ;
#8821 = MECHANICAL_DESIGN_GEOMETRIC_PRESENTATION_REPRESENTATION (  '', ( #7050 ), #9424 ) ;
#8822 = DIRECTION ( 'NONE',  ( 1.000000000000000000, 0.0000000000000000000, 0.0000000000000000000 ) ) ;
#8823 = ORIENTED_EDGE ( 'NONE', *, *, #10597, .F. ) ;
#8824 = LINE ( 'NONE', #8215, #2056 ) ;
#8825 = ORIENTED_EDGE ( 'NONE', *, *, #1019, .F. ) ;
#8826 = VECTOR ( 'NONE', #10691, 1000.000000000000000 ) ;
#8827 = PLANE ( 'NONE',  #6594 ) ;
#8828 = ORIENTED_EDGE ( 'NONE', *, *, #4392, .T. ) ;
#8829 = ORIENTED_EDGE ( 'NONE', *, *, #9569, .F. ) ;
#8830 = PLANE ( 'NONE',  #7676 ) ;
#8831 = PRESENTATION_LAYER_ASSIGNMENT (  '', '', ( #7659 ) ) ;
#8832 = PLANE ( 'NONE',  #7440 ) ;
#8833 = EDGE_CURVE ( 'NONE', #10446, #4531, #1937, .T. ) ;
#8834 = PRESENTATION_STYLE_ASSIGNMENT (( #6656 ) ) ;
#8835 = DIRECTION ( 'NONE',  ( 0.5773502691896250600, -0.5773502691896250600, -0.5773502691896272900 ) ) ;
#8836 = CARTESIAN_POINT ( 'NONE',  ( -3.500000000000001300, -0.4000000000000000800, 0.2999999999999998200 ) ) ;
#8837 = LINE ( 'NONE', #6415, #6518 ) ;
#8838 = PLANE ( 'NONE',  #904 ) ;
#8839 = ORIENTED_EDGE ( 'NONE', *, *, #9787, .T. ) ;
#8840 = ORIENTED_EDGE ( 'NONE', *, *, #3958, .T. ) ;
#8841 = VECTOR ( 'NONE', #8694, 1000.000000000000000 ) ;
#8842 = AXIS2_PLACEMENT_3D ( 'NONE', #11274, #10439, #5155 ) ;
#8843 = CARTESIAN_POINT ( 'NONE',  ( 4.000000000000001800, 1.399999999999998800, 1.699999999999989700 ) ) ;
#8844 = ORIENTED_EDGE ( 'NONE', *, *, #1575, .T. ) ;
#8845 = FACE_OUTER_BOUND ( 'NONE', #5103, .T. ) ;
#8846 =( LENGTH_UNIT ( ) NAMED_UNIT ( * ) SI_UNIT ( .MILLI., .METRE. ) );
#8847 = FACE_OUTER_BOUND ( 'NONE', #4486, .T. ) ;
#8848 = AXIS2_PLACEMENT_3D ( 'NONE', #6052, #717, #6907 ) ;
#8849 = CARTESIAN_POINT ( 'NONE',  ( 2.339999999999999900, -0.3750000000000001100, 1.749999999999996400 ) ) ;
#8850 = ORIENTED_EDGE ( 'NONE', *, *, #2838, .T. ) ;
#8851 = MECHANICAL_DESIGN_GEOMETRIC_PRESENTATION_REPRESENTATION (  '', ( #7079 ), #9452 ) ;
#8852 = ORIENTED_EDGE ( 'NONE', *, *, #1571, .T. ) ;
#8853 = ORIENTED_EDGE ( 'NONE', *, *, #501, .T. ) ;
#8854 = VECTOR ( 'NONE', #5316, 1000.000000000000000 ) ;
#8855 = CARTESIAN_POINT ( 'NONE',  ( -2.439999999999999900, -0.3750000000000005600, 3.999999999999993300 ) ) ;
#8856 = CARTESIAN_POINT ( 'NONE',  ( -1.409999999999999900, 0.2499999999999996700, 0.1799999999999966600 ) ) ;
#8857 = FACE_OUTER_BOUND ( 'NONE', #8507, .T. ) ;
#8858 = VECTOR ( 'NONE', #5113, 1000.000000000000000 ) ;
#8859 = VECTOR ( 'NONE', #4335, 1000.000000000000000 ) ;
#8860 = VECTOR ( 'NONE', #11010, 1000.000000000000000 ) ;
#8861 = DIRECTION ( 'NONE',  ( -0.7071067811865452400, -0.7071067811865497900, 1.629776165692356900E-017 ) ) ;
#8862 = VECTOR ( 'NONE', #1902, 999.9999999999998900 ) ;
#8863 = STYLED_ITEM ( 'NONE', ( #5604 ), #6671 ) ;
#8864 = UNCERTAINTY_MEASURE_WITH_UNIT (LENGTH_MEASURE( 1.000000000000000100E-005 ), #6870, 'distance_accuracy_value', 'NONE');
#8865 = VECTOR ( 'NONE', #716, 1000.000000000000000 ) ;
#8866 = ORIENTED_EDGE ( 'NONE', *, *, #4612, .T. ) ;
#8867 = ORIENTED_EDGE ( 'NONE', *, *, #7779, .F. ) ;
#8868 = PLANE ( 'NONE',  #2108 ) ;
#8869 = LINE ( 'NONE', #6797, #6550 ) ;
#8870 = EDGE_CURVE ( 'NONE', #11057, #9619, #4012, .T. ) ;
#8871 = LINE ( 'NONE', #4897, #6553 ) ;
#8872 = EDGE_CURVE ( 'NONE', #771, #2214, #1658, .T. ) ;
#8873 = SURFACE_STYLE_FILL_AREA ( #1548 ) ;
#8874 = CARTESIAN_POINT ( 'NONE',  ( 4.524000000000000900, -1.100000000000000100, 0.3039999999999999400 ) ) ;
#8875 = ORIENTED_EDGE ( 'NONE', *, *, #895, .T. ) ;
#8876 = ORIENTED_EDGE ( 'NONE', *, *, #10231, .F. ) ;
#8877 = ORIENTED_EDGE ( 'NONE', *, *, #4118, .F. ) ;
#8878 = CARTESIAN_POINT ( 'NONE',  ( -4.524000000000000900, -1.100000000000000100, 1.276000000000000000 ) ) ;
#8879 = VECTOR ( 'NONE', #57, 1000.000000000000000 ) ;
#8880 = SURFACE_SIDE_STYLE ('',( #1959 ) ) ;
#8881 = VECTOR ( 'NONE', #3805, 1000.000000000000000 ) ;
#8882 = CARTESIAN_POINT ( 'NONE',  ( -1.090000000000000100, -0.1500000000000003300, 0.2999999999999965500 ) ) ;
#8883 = VECTOR ( 'NONE', #3835, 1000.000000000000000 ) ;
#8884 = EDGE_CURVE ( 'NONE', #2276, #8673, #6359, .T. ) ;
#8885 = ORIENTED_EDGE ( 'NONE', *, *, #3606, .F. ) ;
#8886 = ORIENTED_EDGE ( 'NONE', *, *, #4574, .T. ) ;
#8887 = ORIENTED_EDGE ( 'NONE', *, *, #3717, .T. ) ;
#8888 = EDGE_CURVE ( 'NONE', #7150, #11001, #3730, .T. ) ;
#8889 = DIRECTION ( 'NONE',  ( -0.5773502691896257300, 0.5773502691896257300, -0.5773502691896257300 ) ) ;
#8890 = EDGE_CURVE ( 'NONE', #4268, #11349, #8416, .T. ) ;
#8891 =( NAMED_UNIT ( * ) PLANE_ANGLE_UNIT ( ) SI_UNIT ( $, .RADIAN. ) );
#8892 = LINE ( 'NONE', #8592, #10978 ) ;
#8893 = CARTESIAN_POINT ( 'NONE',  ( -2.339999999999999900, -0.6250000000000003300, 0.2999999999999964900 ) ) ;
#8894 = VECTOR ( 'NONE', #5581, 1000.000000000000000 ) ;
#8895 = ORIENTED_EDGE ( 'NONE', *, *, #2314, .T. ) ;
#8896 = ORIENTED_EDGE ( 'NONE', *, *, #562, .T. ) ;
#8897 = CARTESIAN_POINT ( 'NONE',  ( 4.000000000000001800, 2.299999999999999800, 3.699999999999996600 ) ) ;
#8898 = LINE ( 'NONE', #6222, #6589 ) ;
#8899 = FILL_AREA_STYLE_COLOUR ( '', #6689 ) ;
#8900 = VECTOR ( 'NONE', #5051, 1000.000000000000000 ) ;
#8901 = CARTESIAN_POINT ( 'NONE',  ( 0.1599999999999999800, 2.999999999999999600, -1.761828530288944700E-016 ) ) ;
#8902 = CARTESIAN_POINT ( 'NONE',  ( -4.524000000000000900, 1.100000000000000100, 0.2540000000000000000 ) ) ;
#8903 = DIRECTION ( 'NONE',  ( 0.0000000000000000000, 1.000000000000000000, 0.0000000000000000000 ) ) ;
#8904 = EDGE_CURVE ( 'NONE', #354, #6168, #10497, .T. ) ;
#8905 = VERTEX_POINT ( 'NONE', #11424 ) ;
#8906 = STYLED_ITEM ( 'NONE', ( #3939 ), #1176 ) ;
#8907 = DIRECTION ( 'NONE',  ( 0.0000000000000000000, 1.000000000000000000, 1.126443815569353400E-015 ) ) ;
#8908 = VERTEX_POINT ( 'NONE', #8794 ) ;
#8909 = PRESENTATION_LAYER_ASSIGNMENT (  '', '', ( #7738 ) ) ;
#8910 = MECHANICAL_DESIGN_GEOMETRIC_PRESENTATION_REPRESENTATION (  '', ( #7141 ), #9517 ) ;
#8911 = CARTESIAN_POINT ( 'NONE',  ( -1.090000000000000100, 3.100000000000000100, 0.09999999999999947800 ) ) ;
#8912 = ORIENTED_EDGE ( 'NONE', *, *, #9327, .T. ) ;
#8913 = VECTOR ( 'NONE', #5243, 1000.000000000000000 ) ;
#8914 = CARTESIAN_POINT ( 'NONE',  ( -4.000000000000000900, 1.399999999999999700, 2.400000000000000800 ) ) ;
#8915 =( NAMED_UNIT ( * ) SI_UNIT ( $, .STERADIAN. ) SOLID_ANGLE_UNIT ( ) );
#8916 =( GEOMETRIC_REPRESENTATION_CONTEXT ( 3 ) GLOBAL_UNCERTAINTY_ASSIGNED_CONTEXT ( ( #1595 ) ) GLOBAL_UNIT_ASSIGNED_CONTEXT ( ( #10328, #5042, #11190 ) ) REPRESENTATION_CONTEXT ( 'NONE', 'WORKASPACE' ) );
#8917 =( NAMED_UNIT ( * ) SI_UNIT ( $, .STERADIAN. ) SOLID_ANGLE_UNIT ( ) );
#8918 = AXIS2_PLACEMENT_3D ( 'NONE', #7591, #2306, #8482 ) ;
#8919 = CARTESIAN_POINT ( 'NONE',  ( 3.699999999999995700, 0.09999999999999982500, 1.749999999999996400 ) ) ;
#8920 = EDGE_CURVE ( 'NONE', #8256, #4506, #1073, .T. ) ;
#8921 = CARTESIAN_POINT ( 'NONE',  ( 2.660000000000001000, 0.4249999999999998200, 1.749999999999996400 ) ) ;
#8922 = AXIS2_PLACEMENT_3D ( 'NONE', #3128, #8159, #9044 ) ;
#8923 = DIRECTION ( 'NONE',  ( -1.000000000000000000, 0.0000000000000000000, 0.0000000000000000000 ) ) ;
#8924 = CARTESIAN_POINT ( 'NONE',  ( -5.200000000000001100, -0.8000000000000001600, 1.699999999999989700 ) ) ;
#8925 = CARTESIAN_POINT ( 'NONE',  ( -3.999999999999999100, 2.600000000000000100, 4.699999999999995700 ) ) ;
#8926 = PLANE ( 'NONE',  #10935 ) ;
#8927 = VERTEX_POINT ( 'NONE', #7020 ) ;
#8928 = EDGE_LOOP ( 'NONE', ( #7083, #97, #4476, #4655, #5529, #9537, #10477, #2162, #8126, #6921, #2851, #10937, #1002, #10904, #4016, #890, #3627, #2573 ) ) ;
#8929 = SURFACE_STYLE_FILL_AREA ( #3281 ) ;
#8930 = EDGE_LOOP ( 'NONE', ( #770, #7273, #4592, #10811 ) ) ;
#8931 = ORIENTED_EDGE ( 'NONE', *, *, #3370, .T. ) ;
#8932 = CARTESIAN_POINT ( 'NONE',  ( -3.399999999999999500, 0.09999999999999982500, 1.749999999999996400 ) ) ;
#8933 = ORIENTED_EDGE ( 'NONE', *, *, #7906, .T. ) ;
#8934 = EDGE_LOOP ( 'NONE', ( #579, #283, #4130, #5820 ) ) ;
#8935 = EDGE_CURVE ( 'NONE', #5179, #7386, #5817, .T. ) ;
#8936 = ORIENTED_EDGE ( 'NONE', *, *, #11032, .T. ) ;
#8937 = CARTESIAN_POINT ( 'NONE',  ( 3.399999999999995900, 0.8499999999999996400, 1.749999999999996400 ) ) ;
#8938 = EDGE_CURVE ( 'NONE', #7479, #1003, #3185, .T. ) ;
#8939 = CARTESIAN_POINT ( 'NONE',  ( -1.189999999999999900, -0.2500000000000006700, 3.999999999999993300 ) ) ;
#8940 = ORIENTED_EDGE ( 'NONE', *, *, #10892, .T. ) ;
#8941 = ADVANCED_FACE ( 'NONE', ( #7861 ), #8832, .F. ) ;
#8942 = VERTEX_POINT ( 'NONE', #11466 ) ;
#8943 = ORIENTED_EDGE ( 'NONE', *, *, #1558, .F. ) ;
#8944 = FACE_OUTER_BOUND ( 'NONE', #164, .T. ) ;
#8945 = DIRECTION ( 'NONE',  ( -0.0000000000000000000, 0.0000000000000000000, -1.000000000000000000 ) ) ;
#8946 = ORIENTED_EDGE ( 'NONE', *, *, #8225, .F. ) ;
#8947 = DIRECTION ( 'NONE',  ( -1.000000000000000000, -0.0000000000000000000, -0.0000000000000000000 ) ) ;
#8948 = EDGE_CURVE ( 'NONE', #6417, #8336, #7583, .T. ) ;
#8949 = ORIENTED_EDGE ( 'NONE', *, *, #4902, .T. ) ;
#8950 = DIRECTION ( 'NONE',  ( -0.7071067811865460200, 0.0000000000000000000, -0.7071067811865490200 ) ) ;
#8951 =( LENGTH_UNIT ( ) NAMED_UNIT ( * ) SI_UNIT ( .MILLI., .METRE. ) );
#8952 = EDGE_CURVE ( 'NONE', #2708, #7827, #5248, .T. ) ;
#8953 = DIRECTION ( 'NONE',  ( 1.000000000000000000, 0.0000000000000000000, 5.421010862427522200E-017 ) ) ;
#8954 = ORIENTED_EDGE ( 'NONE', *, *, #7705, .F. ) ;
#8955 = FACE_OUTER_BOUND ( 'NONE', #4694, .T. ) ;
#8956 = VERTEX_POINT ( 'NONE', #8119 ) ;
#8957 = LINE ( 'NONE', #2502, #6651 ) ;
#8958 = CARTESIAN_POINT ( 'NONE',  ( 5.000000000000000900, 1.700000000000000000, 0.2999999999999999300 ) ) ;
#8959 = CARTESIAN_POINT ( 'NONE',  ( -1.189999999999999900, 0.3499999999999997000, 3.999999999999993300 ) ) ;
#8960 = EDGE_LOOP ( 'NONE', ( #6350, #10034, #859, #6679 ) ) ;
#8961 = STYLED_ITEM ( 'NONE', ( #7342 ), #7615 ) ;
#8962 = AXIS2_PLACEMENT_3D ( 'NONE', #9133, #8366, #10551 ) ;
#8963 = FACE_OUTER_BOUND ( 'NONE', #8615, .T. ) ;
#8964 = VECTOR ( 'NONE', #228, 1000.000000000000000 ) ;
#8965 = ORIENTED_EDGE ( 'NONE', *, *, #2259, .F. ) ;
#8966 = VECTOR ( 'NONE', #1191, 1000.000000000000000 ) ;
#8967 = VERTEX_POINT ( 'NONE', #4633 ) ;
#8968 = VERTEX_POINT ( 'NONE', #9740 ) ;
#8969 = FACE_OUTER_BOUND ( 'NONE', #2845, .T. ) ;
#8970 = CARTESIAN_POINT ( 'NONE',  ( -0.1599999999999999800, 2.200000000000004200, 0.2999999999999989900 ) ) ;
#8971 = PRESENTATION_LAYER_ASSIGNMENT (  '', '', ( #7813 ) ) ;
#8972 = COLOUR_RGB ( '',0.8000000000000000400, 0.8078431372549019800, 0.8000000000000000400 ) ;
#8973 = VERTEX_POINT ( 'NONE', #9920 ) ;
#8974 = LINE ( 'NONE', #4549, #11068 ) ;
#8975 = CARTESIAN_POINT ( 'NONE',  ( 1.089999999999999900, 3.100000000000000100, 0.09999999999999947800 ) ) ;
#8976 =( NAMED_UNIT ( * ) PLANE_ANGLE_UNIT ( ) SI_UNIT ( $, .RADIAN. ) );
#8977 =( NAMED_UNIT ( * ) SI_UNIT ( $, .STERADIAN. ) SOLID_ANGLE_UNIT ( ) );
#8978 = LINE ( 'NONE', #8217, #6674 ) ;
#8979 = FACE_OUTER_BOUND ( 'NONE', #1362, .T. ) ;
#8980 = AXIS2_PLACEMENT_3D ( 'NONE', #5500, #5633, #5671 ) ;
#8981 = STYLED_ITEM ( 'NONE', ( #11343 ), #5658 ) ;
#8982 = ORIENTED_EDGE ( 'NONE', *, *, #1483, .F. ) ;
#8983 = LINE ( 'NONE', #7962, #6389 ) ;
#8984 = ORIENTED_EDGE ( 'NONE', *, *, #8495, .T. ) ;
#8985 = ORIENTED_EDGE ( 'NONE', *, *, #6033, .F. ) ;
#8986 = PRESENTATION_STYLE_ASSIGNMENT (( #3109 ) ) ;
#8987 = FACE_OUTER_BOUND ( 'NONE', #2753, .T. ) ;
#8988 = FACE_OUTER_BOUND ( 'NONE', #370, .T. ) ;
#8989 = FILL_AREA_STYLE_COLOUR ( '', #4597 ) ;
#8990 = AXIS2_PLACEMENT_3D ( 'NONE', #6729, #4096, #10275 ) ;
#8991 = SURFACE_STYLE_USAGE ( .BOTH. , #1954 ) ;
#8992 = VECTOR ( 'NONE', #9254, 1000.000000000000000 ) ;
#8993 = ORIENTED_EDGE ( 'NONE', *, *, #1001, .T. ) ;
#8994 = ORIENTED_EDGE ( 'NONE', *, *, #359, .T. ) ;
#8995 = VECTOR ( 'NONE', #4521, 1000.000000000000000 ) ;
#8996 = FACE_OUTER_BOUND ( 'NONE', #4284, .T. ) ;
#8997 = CARTESIAN_POINT ( 'NONE',  ( 0.1599999999999999800, 0.2499999999999996700, 0.2999999999999966000 ) ) ;
#8998 = SURFACE_SIDE_STYLE ('',( #1816 ) ) ;
#8999 = VECTOR ( 'NONE', #8947, 1000.000000000000000 ) ;
#9000 = STYLED_ITEM ( 'NONE', ( #10701 ), #6981 ) ;
#9001 = ORIENTED_EDGE ( 'NONE', *, *, #10451, .T. ) ;
#9002 = LINE ( 'NONE', #3926, #2262 ) ;
#9003 = DIRECTION ( 'NONE',  ( -1.000000000000000000, -0.0000000000000000000, -0.0000000000000000000 ) ) ;
#9004 = PRESENTATION_STYLE_ASSIGNMENT (( #8411 ) ) ;
#9005 = DIRECTION ( 'NONE',  ( 0.0000000000000000000, -0.0000000000000000000, -1.000000000000000000 ) ) ;
#9006 = CARTESIAN_POINT ( 'NONE',  ( -4.000000000000000900, 1.700000000000000000, 0.2999999999999999900 ) ) ;
#9007 = UNCERTAINTY_MEASURE_WITH_UNIT (LENGTH_MEASURE( 1.000000000000000100E-005 ), #7118, 'distance_accuracy_value', 'NONE');
#9008 = ORIENTED_EDGE ( 'NONE', *, *, #4677, .T. ) ;
#9009 = ORIENTED_EDGE ( 'NONE', *, *, #2707, .F. ) ;
#9010 = ORIENTED_EDGE ( 'NONE', *, *, #4446, .F. ) ;
#9011 = ADVANCED_FACE ( 'NONE', ( #9663 ), #1093, .F. ) ;
#9012 = EDGE_CURVE ( 'NONE', #4199, #5622, #8824, .T. ) ;
#9013 = VECTOR ( 'NONE', #2467, 1000.000000000000000 ) ;
#9014 = CARTESIAN_POINT ( 'NONE',  ( -5.020000000000001400, -1.100000000000000100, 1.529999999999999800 ) ) ;
#9015 = CARTESIAN_POINT ( 'NONE',  ( -4.474000000000000200, 1.200000000000000000, 0.5200000000000015700 ) ) ;
#9016 = VERTEX_POINT ( 'NONE', #2041 ) ;
#9017 = DIRECTION ( 'NONE',  ( 0.0000000000000000000, -1.000000000000000000, -0.0000000000000000000 ) ) ;
#9018 = VERTEX_POINT ( 'NONE', #9089 ) ;
#9019 = DIRECTION ( 'NONE',  ( -0.9805806756909207800, 0.0000000000000000000, 0.1961161351381807700 ) ) ;
#9020 = CARTESIAN_POINT ( 'NONE',  ( 3.699999999999994000, 2.600000000000004100, 4.699999999999997500 ) ) ;
#9021 = VECTOR ( 'NONE', #6066, 1000.000000000000000 ) ;
#9022 = FILL_AREA_STYLE ('',( #7153 ) ) ;
#9023 = DIRECTION ( 'NONE',  ( 0.0000000000000000000, -0.0000000000000000000, 1.000000000000000000 ) ) ;
#9024 = EDGE_CURVE ( 'NONE', #6106, #10901, #1794, .T. ) ;
#9025 = EDGE_CURVE ( 'NONE', #6310, #9564, #11164, .T. ) ;
#9026 = DIRECTION ( 'NONE',  ( 0.0000000000000000000, 0.0000000000000000000, -1.000000000000000000 ) ) ;
#9027 = EDGE_CURVE ( 'NONE', #1865, #4780, #8548, .T. ) ;
#9028 = VERTEX_POINT ( 'NONE', #3827 ) ;
#9029 = DIRECTION ( 'NONE',  ( -0.0000000000000000000, 1.000000000000000000, 0.0000000000000000000 ) ) ;
#9030 = ORIENTED_EDGE ( 'NONE', *, *, #9339, .F. ) ;
#9031 = CARTESIAN_POINT ( 'NONE',  ( -4.524000000000000900, 1.100000000000000100, 0.3039999999999999400 ) ) ;
#9032 = FACE_OUTER_BOUND ( 'NONE', #704, .T. ) ;
#9033 = LINE ( 'NONE', #11056, #8771 ) ;
#9034 = DIRECTION ( 'NONE',  ( 0.0000000000000000000, 0.0000000000000000000, 1.000000000000000000 ) ) ;
#9035 = EDGE_CURVE ( 'NONE', #2622, #6678, #6508, .T. ) ;
#9036 =( NAMED_UNIT ( * ) SI_UNIT ( $, .STERADIAN. ) SOLID_ANGLE_UNIT ( ) );
#9037 = DIRECTION ( 'NONE',  ( 0.0000000000000000000, 0.0000000000000000000, 1.000000000000000000 ) ) ;
#9038 = EDGE_LOOP ( 'NONE', ( #2383, #7483, #6576, #2837 ) ) ;
#9039 = DIRECTION ( 'NONE',  ( 0.0000000000000000000, 0.0000000000000000000, -1.000000000000000000 ) ) ;
#9040 = SURFACE_STYLE_FILL_AREA ( #5689 ) ;
#9041 = DIRECTION ( 'NONE',  ( -0.0000000000000000000, -0.0000000000000000000, -1.000000000000000000 ) ) ;
#9042 = VERTEX_POINT ( 'NONE', #1181 ) ;
#9043 = LINE ( 'NONE', #8924, #6458 ) ;
#9044 = DIRECTION ( 'NONE',  ( 1.000000000000000000, 0.0000000000000000000, 0.0000000000000000000 ) ) ;
#9045 = DIRECTION ( 'NONE',  ( 3.942553354492747000E-016, -0.0000000000000000000, 1.000000000000000000 ) ) ;
#9046 = EDGE_CURVE ( 'NONE', #10775, #2813, #4412, .T. ) ;
#9047 =( GEOMETRIC_REPRESENTATION_CONTEXT ( 3 ) GLOBAL_UNCERTAINTY_ASSIGNED_CONTEXT ( ( #5170 ) ) GLOBAL_UNIT_ASSIGNED_CONTEXT ( ( #2020, #8187, #2918 ) ) REPRESENTATION_CONTEXT ( 'NONE', 'WORKASPACE' ) );
#9048 = DIRECTION ( 'NONE',  ( -1.000000000000000000, -0.0000000000000000000, -0.0000000000000000000 ) ) ;
#9049 = AXIS2_PLACEMENT_3D ( 'NONE', #6392, #8222, #9023 ) ;
#9050 = FILL_AREA_STYLE_COLOUR ( '', #986 ) ;
#9051 = ADVANCED_FACE ( 'NONE', ( #1502 ), #4764, .T. ) ;
#9052 = DIRECTION ( 'NONE',  ( 0.0000000000000000000, 0.0000000000000000000, 1.000000000000000000 ) ) ;
#9053 = CARTESIAN_POINT ( 'NONE',  ( -2.660000000000000100, 2.500000000000000000, -1.084202172485504400E-016 ) ) ;
#9054 = FILL_AREA_STYLE_COLOUR ( '', #5074 ) ;
#9055 = SURFACE_STYLE_USAGE ( .BOTH. , #2904 ) ;
#9056 = DIRECTION ( 'NONE',  ( -1.000000000000000000, 6.776263578034385900E-016, 0.0000000000000000000 ) ) ;
#9057 =( GEOMETRIC_REPRESENTATION_CONTEXT ( 3 ) GLOBAL_UNCERTAINTY_ASSIGNED_CONTEXT ( ( #7741 ) ) GLOBAL_UNIT_ASSIGNED_CONTEXT ( ( #8611, #3344, #9499 ) ) REPRESENTATION_CONTEXT ( 'NONE', 'WORKASPACE' ) );
#9058 = CARTESIAN_POINT ( 'NONE',  ( -0.1599999999999999800, -0.1500000000000003300, 0.2999999999999965500 ) ) ;
#9059 = EDGE_LOOP ( 'NONE', ( #4823, #6146, #2886, #369, #2275 ) ) ;
#9060 = ORIENTED_EDGE ( 'NONE', *, *, #8096, .F. ) ;
#9061 = VECTOR ( 'NONE', #2541, 1000.000000000000000 ) ;
#9062 = CARTESIAN_POINT ( 'NONE',  ( -0.4250000000000004900, 2.600000000000000100, 0.6499999999999982500 ) ) ;
#9063 = ADVANCED_FACE ( 'NONE', ( #9802 ), #358, .T. ) ;
#9064 = EDGE_LOOP ( 'NONE', ( #3965, #7199, #11047, #9072, #8886, #1706 ) ) ;
#9065 = AXIS2_PLACEMENT_3D ( 'NONE', #9995, #4696, #10872 ) ;
#9066 = CARTESIAN_POINT ( 'NONE',  ( 3.399999999999995900, 1.700000000000000200, 1.749999999999996400 ) ) ;
#9067 = LINE ( 'NONE', #3681, #6486 ) ;
#9068 = EDGE_CURVE ( 'NONE', #6535, #9396, #376, .T. ) ;
#9069 = CARTESIAN_POINT ( 'NONE',  ( 3.399999999999995900, 0.09999999999999982500, 4.399999999999995900 ) ) ;
#9070 = VERTEX_POINT ( 'NONE', #8337 ) ;
#9071 = STYLED_ITEM ( 'NONE', ( #9155 ), #4664 ) ;
#9072 = ORIENTED_EDGE ( 'NONE', *, *, #7660, .T. ) ;
#9073 =( NAMED_UNIT ( * ) SI_UNIT ( $, .STERADIAN. ) SOLID_ANGLE_UNIT ( ) );
#9074 = VERTEX_POINT ( 'NONE', #6597 ) ;
#9075 =( NAMED_UNIT ( * ) PLANE_ANGLE_UNIT ( ) SI_UNIT ( $, .RADIAN. ) );
#9076 = SURFACE_STYLE_USAGE ( .BOTH. , #8240 ) ;
#9077 = ORIENTED_EDGE ( 'NONE', *, *, #8509, .T. ) ;
#9078 = PRESENTATION_STYLE_ASSIGNMENT (( #7757 ) ) ;
#9079 = ORIENTED_EDGE ( 'NONE', *, *, #2981, .F. ) ;
#9080 = UNCERTAINTY_MEASURE_WITH_UNIT (LENGTH_MEASURE( 1.000000000000000100E-005 ), #4852, 'distance_accuracy_value', 'NONE');
#9081 = ORIENTED_EDGE ( 'NONE', *, *, #10292, .T. ) ;
#9082 = ORIENTED_EDGE ( 'NONE', *, *, #3547, .T. ) ;
#9083 = EDGE_LOOP ( 'NONE', ( #4735, #1851, #5449, #8529, #4966, #7360, #209, #8840, #6444, #11260, #1151, #5943, #9405 ) ) ;
#9084 = DIRECTION ( 'NONE',  ( -1.000000000000000000, 6.776263578034385900E-016, 0.0000000000000000000 ) ) ;
#9085 = DIRECTION ( 'NONE',  ( 0.0000000000000000000, 0.0000000000000000000, -1.000000000000000000 ) ) ;
#9086 = CARTESIAN_POINT ( 'NONE',  ( -5.200000000000001100, 1.399999999999999900, 1.699999999999989700 ) ) ;
#9087 = EDGE_CURVE ( 'NONE', #10898, #10526, #7452, .T. ) ;
#9088 = ORIENTED_EDGE ( 'NONE', *, *, #7497, .T. ) ;
#9089 = CARTESIAN_POINT ( 'NONE',  ( -1.675000000000000000, -1.100000000000000300, 0.2999999999999984300 ) ) ;
#9090 = EDGE_CURVE ( 'NONE', #7503, #10398, #9520, .T. ) ;
#9091 = CARTESIAN_POINT ( 'NONE',  ( 0.1599999999999999800, -0.3750000000000001100, 0.6499999999999975800 ) ) ;
#9092 = EDGE_CURVE ( 'NONE', #6534, #1203, #2765, .T. ) ;
#9093 = CARTESIAN_POINT ( 'NONE',  ( -4.694000000000001700, -1.100000000000000100, 0.0000000000000000000 ) ) ;
#9094 = ORIENTED_EDGE ( 'NONE', *, *, #5471, .F. ) ;
#9095 = VECTOR ( 'NONE', #138, 1000.000000000000000 ) ;
#9096 = CARTESIAN_POINT ( 'NONE',  ( 5.020000000000001400, 1.200000000000000000, 1.275999999999999800 ) ) ;
#9097 = EDGE_LOOP ( 'NONE', ( #480, #1082, #8350, #9690 ) ) ;
#9098 = ORIENTED_EDGE ( 'NONE', *, *, #8208, .F. ) ;
#9099 = ORIENTED_EDGE ( 'NONE', *, *, #2313, .T. ) ;
#9100 = VECTOR ( 'NONE', #7495, 1000.000000000000000 ) ;
#9101 = DIRECTION ( 'NONE',  ( 1.000000000000000000, -1.807003620809169700E-016, 0.0000000000000000000 ) ) ;
#9102 = DIRECTION ( 'NONE',  ( -1.000000000000000000, -0.0000000000000000000, -0.0000000000000000000 ) ) ;
#9103 = DIRECTION ( 'NONE',  ( 0.0000000000000000000, -1.000000000000000000, 0.0000000000000000000 ) ) ;
#9104 = ORIENTED_EDGE ( 'NONE', *, *, #1727, .T. ) ;
#9105 = VERTEX_POINT ( 'NONE', #11011 ) ;
#9106 = VECTOR ( 'NONE', #9666, 1000.000000000000200 ) ;
#9107 = CARTESIAN_POINT ( 'NONE',  ( -0.1599999999999999800, 0.4249999999999998200, 0.04999999999999753300 ) ) ;
#9108 = DIRECTION ( 'NONE',  ( 0.0000000000000000000, 1.000000000000000000, 4.336808689942013800E-015 ) ) ;
#9109 = ADVANCED_FACE ( 'NONE', ( #77 ), #6625, .T. ) ;
#9110 = EDGE_LOOP ( 'NONE', ( #9512, #7464, #10725, #4477 ) ) ;
#9111 = EDGE_CURVE ( 'NONE', #8942, #3161, #2200, .T. ) ;
#9112 =( NAMED_UNIT ( * ) PLANE_ANGLE_UNIT ( ) SI_UNIT ( $, .RADIAN. ) );
#9113 = SURFACE_STYLE_FILL_AREA ( #11069 ) ;
#9114 = LINE ( 'NONE', #6329, #254 ) ;
#9115 = CARTESIAN_POINT ( 'NONE',  ( -5.500000000000001800, -1.100000000000000100, -5.421010862427522200E-017 ) ) ;
#9116 = VECTOR ( 'NONE', #121, 1000.000000000000000 ) ;
#9117 =( LENGTH_UNIT ( ) NAMED_UNIT ( * ) SI_UNIT ( .MILLI., .METRE. ) );
#9118 = ORIENTED_EDGE ( 'NONE', *, *, #3129, .F. ) ;
#9119 = VERTEX_POINT ( 'NONE', #5769 ) ;
#9120 = CARTESIAN_POINT ( 'NONE',  ( 1.409999999999999700, 0.2499999999999996700, 0.1799999999999966600 ) ) ;
#9121 = VECTOR ( 'NONE', #10079, 1000.000000000000000 ) ;
#9122 = AXIS2_PLACEMENT_3D ( 'NONE', #7288, #8177, #2906 ) ;
#9123 = DIRECTION ( 'NONE',  ( 0.0000000000000000000, 0.7071067811865495700, -0.7071067811865454600 ) ) ;
#9124 =( GEOMETRIC_REPRESENTATION_CONTEXT ( 3 ) GLOBAL_UNCERTAINTY_ASSIGNED_CONTEXT ( ( #7103 ) ) GLOBAL_UNIT_ASSIGNED_CONTEXT ( ( #4842, #4452, #9595 ) ) REPRESENTATION_CONTEXT ( 'NONE', 'WORKASPACE' ) );
#9125 = SURFACE_SIDE_STYLE ('',( #1229 ) ) ;
#9126 = LINE ( 'NONE', #6026, #11203 ) ;
#9127 = ADVANCED_FACE ( 'NONE', ( #8944 ), #7529, .T. ) ;
#9128 = LINE ( 'NONE', #5894, #8859 ) ;
#9129 = LINE ( 'NONE', #10168, #8579 ) ;
#9130 = LINE ( 'NONE', #10617, #2101 ) ;
#9131 = DIRECTION ( 'NONE',  ( -1.000000000000000000, -0.0000000000000000000, -0.0000000000000000000 ) ) ;
#9132 = MECHANICAL_DESIGN_GEOMETRIC_PRESENTATION_REPRESENTATION (  '', ( #7366 ), #9749 ) ;
#9133 = CARTESIAN_POINT ( 'NONE',  ( 4.524000000000000900, 1.100000000000000100, 0.3039999999999999400 ) ) ;
#9134 = ORIENTED_EDGE ( 'NONE', *, *, #2310, .T. ) ;
#9135 = FACE_OUTER_BOUND ( 'NONE', #2759, .T. ) ;
#9136 = STYLED_ITEM ( 'NONE', ( #3464 ), #2493 ) ;
#9137 = ORIENTED_EDGE ( 'NONE', *, *, #5047, .F. ) ;
#9138 = ORIENTED_EDGE ( 'NONE', *, *, #821, .T. ) ;
#9139 = SURFACE_SIDE_STYLE ('',( #4560 ) ) ;
#9140 = DIRECTION ( 'NONE',  ( 0.0000000000000000000, 0.9701425001453327600, -0.2425356250363297200 ) ) ;
#9141 = FACE_OUTER_BOUND ( 'NONE', #7184, .T. ) ;
#9142 = DIRECTION ( 'NONE',  ( 0.0000000000000000000, 0.7071067811865436900, -0.7071067811865513500 ) ) ;
#9143 = PRESENTATION_STYLE_ASSIGNMENT (( #10059 ) ) ;
#9144 = COLOUR_RGB ( '',0.8000000000000000400, 0.8078431372549019800, 0.8000000000000000400 ) ;
#9145 = CARTESIAN_POINT ( 'NONE',  ( -1.090000000000000100, 2.999999999999999600, -1.761828530288944700E-016 ) ) ;
#9146 =( GEOMETRIC_REPRESENTATION_CONTEXT ( 3 ) GLOBAL_UNCERTAINTY_ASSIGNED_CONTEXT ( ( #1511 ) ) GLOBAL_UNIT_ASSIGNED_CONTEXT ( ( #10048, #4758, #10929 ) ) REPRESENTATION_CONTEXT ( 'NONE', 'WORKASPACE' ) );
#9147 = FILL_AREA_STYLE_COLOUR ( '', #11467 ) ;
#9148 = ORIENTED_EDGE ( 'NONE', *, *, #2558, .T. ) ;
#9149 = ORIENTED_EDGE ( 'NONE', *, *, #1480, .T. ) ;
#9150 = EDGE_LOOP ( 'NONE', ( #5450, #3228, #492, #8768, #725, #5274, #9572, #10303, #4475, #5919, #5648, #995, #9733, #8523, #6526, #9081, #4554, #10210, #6616, #6206 ) ) ;
#9151 = DIRECTION ( 'NONE',  ( 1.000000000000000000, -0.0000000000000000000, -3.252606517456518700E-016 ) ) ;
#9152 = LINE ( 'NONE', #11321, #4466 ) ;
#9153 = CARTESIAN_POINT ( 'NONE',  ( 1.089999999999999900, 0.4249999999999998200, 0.04999999999999753300 ) ) ;
#9154 = VECTOR ( 'NONE', #9760, 1000.000000000000000 ) ;
#9155 = PRESENTATION_STYLE_ASSIGNMENT (( #10639 ) ) ;
#9156 = PLANE ( 'NONE',  #3935 ) ;
#9157 = PRESENTATION_LAYER_ASSIGNMENT (  '', '', ( #7969 ) ) ;
#9158 = LINE ( 'NONE', #2093, #4208 ) ;
#9159 = DIRECTION ( 'NONE',  ( -0.0000000000000000000, 1.000000000000000000, 0.0000000000000000000 ) ) ;
#9160 = ORIENTED_EDGE ( 'NONE', *, *, #3296, .T. ) ;
#9161 = VERTEX_POINT ( 'NONE', #11034 ) ;
#9162 = ORIENTED_EDGE ( 'NONE', *, *, #1410, .T. ) ;
#9163 = VECTOR ( 'NONE', #1570, 1000.000000000000000 ) ;
#9164 = DIRECTION ( 'NONE',  ( -1.000000000000000000, 6.776263578034385900E-016, 0.0000000000000000000 ) ) ;
#9165 = LINE ( 'NONE', #10743, #8623 ) ;
#9166 = CARTESIAN_POINT ( 'NONE',  ( -5.700000000000001100, 0.9000000000000003600, -5.421010862427522200E-017 ) ) ;
#9167 = DIRECTION ( 'NONE',  ( 0.7071067811865460200, 0.0000000000000000000, 0.7071067811865490200 ) ) ;
#9168 =( LENGTH_UNIT ( ) NAMED_UNIT ( * ) SI_UNIT ( .MILLI., .METRE. ) );
#9169 = EDGE_CURVE ( 'NONE', #9276, #3325, #11311, .T. ) ;
#9170 = ORIENTED_EDGE ( 'NONE', *, *, #10391, .T. ) ;
#9171 = ORIENTED_EDGE ( 'NONE', *, *, #8884, .T. ) ;
#9172 = EDGE_CURVE ( 'NONE', #5023, #2428, #4541, .T. ) ;
#9173 = LINE ( 'NONE', #9768, #1877 ) ;
#9174 = LINE ( 'NONE', #7664, #2151 ) ;
#9175 = CARTESIAN_POINT ( 'NONE',  ( 5.700000000000001100, 0.9000000000000003600, 0.2539999999999999500 ) ) ;
#9176 = SURFACE_SIDE_STYLE ('',( #3380 ) ) ;
#9177 = ADVANCED_FACE ( 'NONE', ( #8683 ), #469, .T. ) ;
#9178 = CARTESIAN_POINT ( 'NONE',  ( -3.999999999999999100, 2.600000000000000100, 1.749999999999996400 ) ) ;
#9179 = DIRECTION ( 'NONE',  ( 0.0000000000000000000, 0.0000000000000000000, -1.000000000000000000 ) ) ;
#9180 = DIRECTION ( 'NONE',  ( -1.000000000000000000, -0.0000000000000000000, 3.049318610115480700E-016 ) ) ;
#9181 = FILL_AREA_STYLE ('',( #3913 ) ) ;
#9182 = VERTEX_POINT ( 'NONE', #10203 ) ;
#9183 = CARTESIAN_POINT ( 'NONE',  ( -2.339999999999999900, -0.3750000000000005600, 3.999999999999993300 ) ) ;
#9184 = CARTESIAN_POINT ( 'NONE',  ( 1.409999999999999700, 2.500000000000000000, -1.084202172485504400E-016 ) ) ;
#9185 = EDGE_CURVE ( 'NONE', #3610, #6560, #1927, .T. ) ;
#9186 = CARTESIAN_POINT ( 'NONE',  ( -1.090000000000000100, -0.1500000000000003300, 0.2999999999999965500 ) ) ;
#9187 = ADVANCED_FACE ( 'NONE', ( #11038 ), #4067, .T. ) ;
#9188 = EDGE_CURVE ( 'NONE', #3431, #4088, #10757, .T. ) ;
#9189 = ORIENTED_EDGE ( 'NONE', *, *, #4704, .F. ) ;
#9190 = VERTEX_POINT ( 'NONE', #3219 ) ;
#9191 = CARTESIAN_POINT ( 'NONE',  ( 0.1599999999999999800, 2.500000000000000000, -1.084202172485504400E-016 ) ) ;
#9192 = STYLED_ITEM ( 'NONE', ( #5998 ), #7512 ) ;
#9193 = VECTOR ( 'NONE', #5211, 1000.000000000000000 ) ;
#9194 = PRESENTATION_LAYER_ASSIGNMENT (  '', '', ( #8011 ) ) ;
#9195 = FILL_AREA_STYLE_COLOUR ( '', #530 ) ;
#9196 = CARTESIAN_POINT ( 'NONE',  ( 1.325000000000000400, -1.100000000000000100, 2.099999999999996100 ) ) ;
#9197 = STYLED_ITEM ( 'NONE', ( #7543 ), #10126 ) ;
#9198 = ORIENTED_EDGE ( 'NONE', *, *, #2097, .F. ) ;
#9199 = DIRECTION ( 'NONE',  ( 0.0000000000000000000, 1.000000000000000000, 1.223202451009284600E-015 ) ) ;
#9200 = PRESENTATION_STYLE_ASSIGNMENT (( #910 ) ) ;
#9201 = ORIENTED_EDGE ( 'NONE', *, *, #937, .F. ) ;
#9202 = SURFACE_STYLE_USAGE ( .BOTH. , #5013 ) ;
#9203 = MECHANICAL_DESIGN_GEOMETRIC_PRESENTATION_REPRESENTATION (  '', ( #8023 ), #9818 ) ;
#9204 = AXIS2_PLACEMENT_3D ( 'NONE', #7015, #6440, #6514 ) ;
#9205 = CARTESIAN_POINT ( 'NONE',  ( 1.089999999999999900, 0.2499999999999996700, 0.2999999999999966000 ) ) ;
#9206 = AXIS2_PLACEMENT_3D ( 'NONE', #3000, #9140, #3857 ) ;
#9207 = CARTESIAN_POINT ( 'NONE',  ( -5.500000000000001800, 1.100000000000000100, 0.2540000000000000000 ) ) ;
#9208 = ORIENTED_EDGE ( 'NONE', *, *, #8288, .T. ) ;
#9209 = FACE_OUTER_BOUND ( 'NONE', #4986, .T. ) ;
#9210 = CARTESIAN_POINT ( 'NONE',  ( -1.090000000000000100, 3.000000000000000000, 0.4499999999999998400 ) ) ;
#9211 = DIRECTION ( 'NONE',  ( -0.5773502691896258400, -0.5773502691896258400, -0.5773502691896257300 ) ) ;
#9212 = SURFACE_STYLE_USAGE ( .BOTH. , #3072 ) ;
#9213 =( NAMED_UNIT ( * ) SI_UNIT ( $, .STERADIAN. ) SOLID_ANGLE_UNIT ( ) );
#9214 = VERTEX_POINT ( 'NONE', #7594 ) ;
#9215 =( GEOMETRIC_REPRESENTATION_CONTEXT ( 3 ) GLOBAL_UNCERTAINTY_ASSIGNED_CONTEXT ( ( #1889 ) ) GLOBAL_UNIT_ASSIGNED_CONTEXT ( ( #10879, #5605, #267 ) ) REPRESENTATION_CONTEXT ( 'NONE', 'WORKASPACE' ) );
#9216 = UNCERTAINTY_MEASURE_WITH_UNIT (LENGTH_MEASURE( 1.000000000000000100E-005 ), #7409, 'distance_accuracy_value', 'NONE');
#9217 = EDGE_LOOP ( 'NONE', ( #10973, #921, #11072, #5312, #8385, #5185, #11014, #2045 ) ) ;
#9218 = COLOUR_RGB ( '',0.8000000000000000400, 0.8078431372549019800, 0.8000000000000000400 ) ;
#9219 = CARTESIAN_POINT ( 'NONE',  ( -3.700000000000000200, -0.9999999999999986700, 4.699999999999995700 ) ) ;
#9220 = EDGE_LOOP ( 'NONE', ( #2532, #2835, #10697, #3862 ) ) ;
#9221 = CARTESIAN_POINT ( 'NONE',  ( -2.925000000000000700, 2.600000000000000100, 0.6499999999999986900 ) ) ;
#9222 = ORIENTED_EDGE ( 'NONE', *, *, #11022, .T. ) ;
#9223 = ORIENTED_EDGE ( 'NONE', *, *, #10040, .F. ) ;
#9224 = ORIENTED_EDGE ( 'NONE', *, *, #9706, .F. ) ;
#9225 = FILL_AREA_STYLE ('',( #3090 ) ) ;
#9226 = ADVANCED_FACE ( 'NONE', ( #4839 ), #6734, .F. ) ;
#9227 = SURFACE_STYLE_USAGE ( .BOTH. , #3095 ) ;
#9228 = ORIENTED_EDGE ( 'NONE', *, *, #6051, .F. ) ;
#9229 = VECTOR ( 'NONE', #1304, 1000.000000000000000 ) ;
#9230 = CARTESIAN_POINT ( 'NONE',  ( 1.409999999999999700, -0.6250000000000003300, 0.6499999999999964700 ) ) ;
#9231 = EDGE_CURVE ( 'NONE', #4606, #8463, #6096, .T. ) ;
#9232 = VERTEX_POINT ( 'NONE', #9368 ) ;
#9233 = PLANE ( 'NONE',  #2356 ) ;
#9234 = SURFACE_STYLE_USAGE ( .BOTH. , #9945 ) ;
#9235 = CARTESIAN_POINT ( 'NONE',  ( -2.660000000000000100, -0.1500000000000003000, 0.1799999999999965800 ) ) ;
#9236 = ORIENTED_EDGE ( 'NONE', *, *, #9921, .F. ) ;
#9237 = SURFACE_STYLE_FILL_AREA ( #5625 ) ;
#9238 = FACE_OUTER_BOUND ( 'NONE', #7283, .T. ) ;
#9239 = ADVANCED_FACE ( 'NONE', ( #1648 ), #2353, .T. ) ;
#9240 = PRESENTATION_STYLE_ASSIGNMENT (( #5670 ) ) ;
#9241 = ORIENTED_EDGE ( 'NONE', *, *, #6740, .T. ) ;
#9242 = ORIENTED_EDGE ( 'NONE', *, *, #373, .F. ) ;
#9243 = VECTOR ( 'NONE', #7808, 1000.000000000000200 ) ;
#9244 = ORIENTED_EDGE ( 'NONE', *, *, #9933, .F. ) ;
#9245 = CARTESIAN_POINT ( 'NONE',  ( -0.1599999999999999800, 2.200000000000004200, 0.2999999999999989900 ) ) ;
#9246 = ORIENTED_EDGE ( 'NONE', *, *, #2817, .F. ) ;
#9247 = VERTEX_POINT ( 'NONE', #9411 ) ;
#9248 = DIRECTION ( 'NONE',  ( -0.0000000000000000000, 0.0000000000000000000, 1.000000000000000000 ) ) ;
#9249 = DIRECTION ( 'NONE',  ( -0.0000000000000000000, 0.0000000000000000000, -1.000000000000000000 ) ) ;
#9250 = EDGE_CURVE ( 'NONE', #9852, #9608, #1349, .T. ) ;
#9251 = CARTESIAN_POINT ( 'NONE',  ( 0.1599999999999999800, -0.1500000000000003000, 0.1799999999999965800 ) ) ;
#9252 = VECTOR ( 'NONE', #5956, 1000.000000000000000 ) ;
#9253 = EDGE_CURVE ( 'NONE', #8956, #9299, #10486, .T. ) ;
#9254 = DIRECTION ( 'NONE',  ( 0.0000000000000000000, 0.0000000000000000000, 1.000000000000000000 ) ) ;
#9255 = EDGE_CURVE ( 'NONE', #2191, #6298, #3718, .T. ) ;
#9256 = SURFACE_STYLE_USAGE ( .BOTH. , #9386 ) ;
#9257 = ORIENTED_EDGE ( 'NONE', *, *, #2156, .F. ) ;
#9258 = LINE ( 'NONE', #290, #8966 ) ;
#9259 = VERTEX_POINT ( 'NONE', #2399 ) ;
#9260 = ORIENTED_EDGE ( 'NONE', *, *, #11395, .F. ) ;
#9261 = VECTOR ( 'NONE', #1786, 1000.000000000000000 ) ;
#9262 = DIRECTION ( 'NONE',  ( 1.000000000000000000, -5.421010862427532000E-016, 0.0000000000000000000 ) ) ;
#9263 = VECTOR ( 'NONE', #10665, 1000.000000000000000 ) ;
#9264 = CIRCLE ( 'NONE', #1051, 0.05000000000000056500 ) ;
#9265 = FILL_AREA_STYLE ('',( #3964 ) ) ;
#9266 = FACE_OUTER_BOUND ( 'NONE', #1634, .T. ) ;
#9267 = LINE ( 'NONE', #6187, #110 ) ;
#9268 = ORIENTED_EDGE ( 'NONE', *, *, #6754, .T. ) ;
#9269 = PLANE ( 'NONE',  #8610 ) ;
#9270 = ORIENTED_EDGE ( 'NONE', *, *, #10367, .T. ) ;
#9271 = ORIENTED_EDGE ( 'NONE', *, *, #10163, .T. ) ;
#9272 = SURFACE_STYLE_FILL_AREA ( #2944 ) ;
#9273 = EDGE_CURVE ( 'NONE', #3959, #11217, #1058, .T. ) ;
#9274 = CARTESIAN_POINT ( 'NONE',  ( 0.1599999999999999800, 3.000000000000000000, 0.4499999999999998400 ) ) ;
#9275 = SURFACE_STYLE_FILL_AREA ( #4926 ) ;
#9276 = VERTEX_POINT ( 'NONE', #595 ) ;
#9277 = LINE ( 'NONE', #2489, #6681 ) ;
#9278 = CARTESIAN_POINT ( 'NONE',  ( -1.090000000000000100, -0.1500000000000003000, 0.1799999999999965800 ) ) ;
#9279 = DIRECTION ( 'NONE',  ( 1.172110456741085800E-016, -1.000000000000000000, 0.0000000000000000000 ) ) ;
#9280 = FILL_AREA_STYLE ('',( #8387 ) ) ;
#9281 = AXIS2_PLACEMENT_3D ( 'NONE', #10635, #6245, #918 ) ;
#9282 =( GEOMETRIC_REPRESENTATION_CONTEXT ( 3 ) GLOBAL_UNCERTAINTY_ASSIGNED_CONTEXT ( ( #9296 ) ) GLOBAL_UNIT_ASSIGNED_CONTEXT ( ( #7337, #8343, #9890 ) ) REPRESENTATION_CONTEXT ( 'NONE', 'WORKASPACE' ) );
#9283 = LINE ( 'NONE', #5692, #1975 ) ;
#9284 = EDGE_LOOP ( 'NONE', ( #8247, #9939, #573, #7825, #7439, #4879 ) ) ;
#9285 = ORIENTED_EDGE ( 'NONE', *, *, #1640, .T. ) ;
#9286 = LINE ( 'NONE', #10204, #2547 ) ;
#9287 = LINE ( 'NONE', #4804, #2548 ) ;
#9288 = ORIENTED_EDGE ( 'NONE', *, *, #5353, .T. ) ;
#9289 = VECTOR ( 'NONE', #6294, 1000.000000000000000 ) ;
#9290 = VERTEX_POINT ( 'NONE', #10341 ) ;
#9291 = LINE ( 'NONE', #1065, #8737 ) ;
#9292 = PLANE ( 'NONE',  #7823 ) ;
#9293 = AXIS2_PLACEMENT_3D ( 'NONE', #9888, #4602, #10768 ) ;
#9294 = LINE ( 'NONE', #4924, #3781 ) ;
#9295 = AXIS2_PLACEMENT_3D ( 'NONE', #1313, #9262, #3990 ) ;
#9296 = UNCERTAINTY_MEASURE_WITH_UNIT (LENGTH_MEASURE( 1.000000000000000100E-005 ), #7337, 'distance_accuracy_value', 'NONE');
#9297 = ADVANCED_FACE ( 'NONE', ( #7852 ), #1456, .T. ) ;
#9298 = CARTESIAN_POINT ( 'NONE',  ( -1.090000000000000100, 2.350000000000003200, 0.6499999999999986900 ) ) ;
#9299 = VERTEX_POINT ( 'NONE', #3335 ) ;
#9300 = ORIENTED_EDGE ( 'NONE', *, *, #9558, .F. ) ;
#9301 = CARTESIAN_POINT ( 'NONE',  ( -2.424999999999999800, -1.100000000000000100, 2.099999999999996100 ) ) ;
#9302 = ORIENTED_EDGE ( 'NONE', *, *, #2914, .F. ) ;
#9303 = CARTESIAN_POINT ( 'NONE',  ( -2.660000000000000100, -0.3750000000000001100, 0.6499999999999975800 ) ) ;
#9304 = PRESENTATION_STYLE_ASSIGNMENT (( #5910 ) ) ;
#9305 = DIRECTION ( 'NONE',  ( 0.1904761904761875000, 0.2380952380952350300, 0.9523809523809537700 ) ) ;
#9306 = DIRECTION ( 'NONE',  ( 0.0000000000000000000, -1.000000000000000000, 1.355252715606881500E-016 ) ) ;
#9307 = VECTOR ( 'NONE', #6038, 1000.000000000000000 ) ;
#9308 = MECHANICAL_DESIGN_GEOMETRIC_PRESENTATION_REPRESENTATION (  '', ( #7535 ), #9899 ) ;
#9309 = VERTEX_POINT ( 'NONE', #666 ) ;
#9310 = STYLED_ITEM ( 'NONE', ( #83 ), #2437 ) ;
#9311 =( NAMED_UNIT ( * ) PLANE_ANGLE_UNIT ( ) SI_UNIT ( $, .RADIAN. ) );
#9312 = ADVANCED_FACE ( 'NONE', ( #11443 ), #5101, .F. ) ;
#9313 = EDGE_CURVE ( 'NONE', #3078, #11057, #10622, .T. ) ;
#9314 = EDGE_LOOP ( 'NONE', ( #4154, #2758, #1673, #8049 ) ) ;
#9315 = ORIENTED_EDGE ( 'NONE', *, *, #10003, .T. ) ;
#9316 = CARTESIAN_POINT ( 'NONE',  ( -1.089999999999999200, -0.3750000000000003300, 1.749999999999996400 ) ) ;
#9317 = AXIS2_PLACEMENT_3D ( 'NONE', #6646, #11100, #5832 ) ;
#9318 = VECTOR ( 'NONE', #7844, 1000.000000000000200 ) ;
#9319 = ORIENTED_EDGE ( 'NONE', *, *, #5672, .F. ) ;
#9320 = ORIENTED_EDGE ( 'NONE', *, *, #7998, .T. ) ;
#9321 = CARTESIAN_POINT ( 'NONE',  ( -5.500000000000001800, -1.100000000000000100, 0.7999999999999977100 ) ) ;
#9322 = VECTOR ( 'NONE', #3415, 1000.000000000000000 ) ;
#9323 = CARTESIAN_POINT ( 'NONE',  ( 5.020000000000001400, -0.8799999999999969000, 1.275999999999999800 ) ) ;
#9324 = UNCERTAINTY_MEASURE_WITH_UNIT (LENGTH_MEASURE( 1.000000000000000100E-005 ), #3486, 'distance_accuracy_value', 'NONE');
#9325 = CARTESIAN_POINT ( 'NONE',  ( -1.090000000000000100, -0.1500000000000003000, 0.1799999999999965800 ) ) ;
#9326 = ORIENTED_EDGE ( 'NONE', *, *, #2914, .T. ) ;
#9327 = EDGE_CURVE ( 'NONE', #6250, #2189, #3849, .T. ) ;
#9328 = EDGE_CURVE ( 'NONE', #9596, #2697, #8258, .T. ) ;
#9329 = ORIENTED_EDGE ( 'NONE', *, *, #7114, .T. ) ;
#9330 = DIRECTION ( 'NONE',  ( 0.0000000000000000000, 0.0000000000000000000, -1.000000000000000000 ) ) ;
#9331 = ORIENTED_EDGE ( 'NONE', *, *, #3448, .F. ) ;
#9332 = LINE ( 'NONE', #4507, #2296 ) ;
#9333 = PLANE ( 'NONE',  #8918 ) ;
#9334 = PLANE ( 'NONE',  #2788 ) ;
#9335 = DIRECTION ( 'NONE',  ( 0.0000000000000000000, 0.0000000000000000000, -1.000000000000000000 ) ) ;
#9336 = CARTESIAN_POINT ( 'NONE',  ( -2.660000000000000100, 0.4249999999999998200, 0.6499999999999964700 ) ) ;
#9337 = CARTESIAN_POINT ( 'NONE',  ( -1.675000000000000000, -1.100000000000000300, 0.6499999999999984700 ) ) ;
#9338 = DIRECTION ( 'NONE',  ( -1.000000000000000000, 6.776263578034385900E-016, 0.0000000000000000000 ) ) ;
#9339 = EDGE_CURVE ( 'NONE', #10512, #8968, #1486, .T. ) ;
#9340 = EDGE_LOOP ( 'NONE', ( #5697, #605, #2814, #9519 ) ) ;
#9341 = DIRECTION ( 'NONE',  ( -1.000000000000000000, 0.0000000000000000000, 0.0000000000000000000 ) ) ;
#9342 = DIRECTION ( 'NONE',  ( 1.000000000000000000, 0.0000000000000000000, -4.371782953570583600E-016 ) ) ;
#9343 = EDGE_CURVE ( 'NONE', #5603, #4462, #3597, .T. ) ;
#9344 = SURFACE_SIDE_STYLE ('',( #4190 ) ) ;
#9345 = ADVANCED_FACE ( 'NONE', ( #10074 ), #749, .T. ) ;
#9346 = PRESENTATION_LAYER_ASSIGNMENT (  '', '', ( #8156 ) ) ;
#9347 = ORIENTED_EDGE ( 'NONE', *, *, #3672, .T. ) ;
#9348 = LINE ( 'NONE', #7839, #11423 ) ;
#9349 =( NAMED_UNIT ( * ) PLANE_ANGLE_UNIT ( ) SI_UNIT ( $, .RADIAN. ) );
#9350 = ORIENTED_EDGE ( 'NONE', *, *, #4301, .F. ) ;
#9351 = FILL_AREA_STYLE_COLOUR ( '', #7724 ) ;
#9352 = CARTESIAN_POINT ( 'NONE',  ( 1.409999999999999700, 2.549999999999999800, 0.4499999999999999000 ) ) ;
#9353 =( LENGTH_UNIT ( ) NAMED_UNIT ( * ) SI_UNIT ( .MILLI., .METRE. ) );
#9354 = PRESENTATION_LAYER_ASSIGNMENT (  '', '', ( #8165 ) ) ;
#9355 = PLANE ( 'NONE',  #1387 ) ;
#9356 = ADVANCED_FACE ( 'NONE', ( #2483 ), #2598, .T. ) ;
#9357 = ORIENTED_EDGE ( 'NONE', *, *, #6112, .F. ) ;
#9358 = ORIENTED_EDGE ( 'NONE', *, *, #8051, .F. ) ;
#9359 = FACE_OUTER_BOUND ( 'NONE', #6696, .T. ) ;
#9360 = PLANE ( 'NONE',  #5465 ) ;
#9361 = ORIENTED_EDGE ( 'NONE', *, *, #2849, .T. ) ;
#9362 =( GEOMETRIC_REPRESENTATION_CONTEXT ( 3 ) GLOBAL_UNCERTAINTY_ASSIGNED_CONTEXT ( ( #8590 ) ) GLOBAL_UNIT_ASSIGNED_CONTEXT ( ( #9614, #4330, #10493 ) ) REPRESENTATION_CONTEXT ( 'NONE', 'WORKASPACE' ) );
#9363 = ORIENTED_EDGE ( 'NONE', *, *, #9092, .T. ) ;
#9364 = AXIS2_PLACEMENT_3D ( 'NONE', #829, #7018, #1740 ) ;
#9365 = VECTOR ( 'NONE', #1765, 1000.000000000000000 ) ;
#9366 = CARTESIAN_POINT ( 'NONE',  ( -4.000000000000000900, -0.4000000000000000800, 0.04999999999999996800 ) ) ;
#9367 = CARTESIAN_POINT ( 'NONE',  ( 0.0000000000000000000, 0.0000000000000000000, 3.699999999999996600 ) ) ;
#9368 = CARTESIAN_POINT ( 'NONE',  ( 2.660000000000000100, -0.1500000000000003000, 0.1799999999999965800 ) ) ;
#9369 = DIRECTION ( 'NONE',  ( 0.0000000000000000000, -2.258754526011467700E-016, 1.000000000000000000 ) ) ;
#9370 = ORIENTED_EDGE ( 'NONE', *, *, #196, .T. ) ;
#9371 = CARTESIAN_POINT ( 'NONE',  ( -4.000000000000000900, 1.700000000000000000, 2.400000000000000800 ) ) ;
#9372 = VERTEX_POINT ( 'NONE', #1736 ) ;
#9373 = AXIS2_PLACEMENT_3D ( 'NONE', #11493, #6219, #899 ) ;
#9374 = DIRECTION ( 'NONE',  ( 0.0000000000000000000, 0.7071067811865436900, -0.7071067811865513500 ) ) ;
#9375 = ORIENTED_EDGE ( 'NONE', *, *, #6178, .F. ) ;
#9376 = ORIENTED_EDGE ( 'NONE', *, *, #3077, .F. ) ;
#9377 =( NAMED_UNIT ( * ) PLANE_ANGLE_UNIT ( ) SI_UNIT ( $, .RADIAN. ) );
#9378 = SURFACE_STYLE_FILL_AREA ( #9772 ) ;
#9379 = CARTESIAN_POINT ( 'NONE',  ( 5.500000000000001800, -1.100000000000000100, 2.200000000000000200 ) ) ;
#9380 = PRESENTATION_LAYER_ASSIGNMENT (  '', '', ( #8199 ) ) ;
#9381 = ORIENTED_EDGE ( 'NONE', *, *, #2616, .T. ) ;
#9382 = ORIENTED_EDGE ( 'NONE', *, *, #9779, .T. ) ;
#9383 = DIRECTION ( 'NONE',  ( 1.000000000000000000, -0.0000000000000000000, -0.0000000000000000000 ) ) ;
#9384 = LINE ( 'NONE', #10417, #11166 ) ;
#9385 = DIRECTION ( 'NONE',  ( 0.0000000000000000000, -1.000000000000000000, 0.0000000000000000000 ) ) ;
#9386 = SURFACE_SIDE_STYLE ('',( #7737 ) ) ;
#9387 = ORIENTED_EDGE ( 'NONE', *, *, #3292, .T. ) ;
#9388 = FACE_OUTER_BOUND ( 'NONE', #7470, .T. ) ;
#9389 = VECTOR ( 'NONE', #3065, 1000.000000000000000 ) ;
#9390 = EDGE_CURVE ( 'NONE', #2342, #9161, #1636, .T. ) ;
#9391 = EDGE_CURVE ( 'NONE', #10111, #2414, #10747, .T. ) ;
#9392 = PRESENTATION_STYLE_ASSIGNMENT (( #477 ) ) ;
#9393 = EDGE_LOOP ( 'NONE', ( #8390, #4419, #4566, #8617, #11204 ) ) ;
#9394 = DIRECTION ( 'NONE',  ( 0.0000000000000000000, 1.000000000000000000, 1.126443815569353400E-015 ) ) ;
#9395 = DIRECTION ( 'NONE',  ( 0.0000000000000000000, -0.0000000000000000000, 1.000000000000000000 ) ) ;
#9396 = VERTEX_POINT ( 'NONE', #6984 ) ;
#9397 = LINE ( 'NONE', #9053, #7049 ) ;
#9398 = DIRECTION ( 'NONE',  ( 0.0000000000000000000, 0.0000000000000000000, 1.000000000000000000 ) ) ;
#9399 = COLOUR_RGB ( '',0.8000000000000000400, 0.8078431372549019800, 0.8000000000000000400 ) ;
#9400 = LINE ( 'NONE', #3137, #6784 ) ;
#9401 = LINE ( 'NONE', #973, #3495 ) ;
#9402 = CARTESIAN_POINT ( 'NONE',  ( 2.339999999999999900, 3.100000000000000100, 0.3499999999999989800 ) ) ;
#9403 = FACE_OUTER_BOUND ( 'NONE', #4438, .T. ) ;
#9404 = CARTESIAN_POINT ( 'NONE',  ( 2.660000000000000100, -0.1500000000000003300, 0.2999999999999965500 ) ) ;
#9405 = ORIENTED_EDGE ( 'NONE', *, *, #664, .T. ) ;
#9407 = ADVANCED_FACE ( 'NONE', ( #6085 ), #10584, .T. ) ;
#9406 = VERTEX_POINT ( 'NONE', #9679 ) ;
#9408 =( NAMED_UNIT ( * ) SI_UNIT ( $, .STERADIAN. ) SOLID_ANGLE_UNIT ( ) );
#9409 = EDGE_CURVE ( 'NONE', #6334, #5895, #9645, .T. ) ;
#9410 = DIRECTION ( 'NONE',  ( -1.000000000000000000, -0.0000000000000000000, -0.0000000000000000000 ) ) ;
#9411 = CARTESIAN_POINT ( 'NONE',  ( 2.660000000000000100, -0.6250000000000003300, 0.6499999999999964700 ) ) ;
#9412 = LINE ( 'NONE', #3349, #8858 ) ;
#9413 = EDGE_CURVE ( 'NONE', #1514, #7877, #491, .T. ) ;
#9414 = FILL_AREA_STYLE_COLOUR ( '', #9986 ) ;
#9415 = EDGE_CURVE ( 'NONE', #6130, #5179, #7282, .T. ) ;
#9416 = DIRECTION ( 'NONE',  ( -0.0000000000000000000, 0.0000000000000000000, -1.000000000000000000 ) ) ;
#9417 = VECTOR ( 'NONE', #6313, 1000.000000000000000 ) ;
#9418 = CARTESIAN_POINT ( 'NONE',  ( -3.999999999999999100, -1.100000000000000100, 4.699999999999995700 ) ) ;
#9419 = CARTESIAN_POINT ( 'NONE',  ( -2.660000000000000100, 0.3499999999999997000, 3.499999999999983100 ) ) ;
#9420 = ORIENTED_EDGE ( 'NONE', *, *, #7472, .T. ) ;
#9421 = VERTEX_POINT ( 'NONE', #3604 ) ;
#9422 = SURFACE_STYLE_FILL_AREA ( #6470 ) ;
#9423 = ADVANCED_FACE ( 'NONE', ( #2612 ), #5329, .F. ) ;
#9424 =( GEOMETRIC_REPRESENTATION_CONTEXT ( 3 ) GLOBAL_UNCERTAINTY_ASSIGNED_CONTEXT ( ( #3674 ) ) GLOBAL_UNIT_ASSIGNED_CONTEXT ( ( #1584, #782, #11471 ) ) REPRESENTATION_CONTEXT ( 'NONE', 'WORKASPACE' ) );
#9425 = VECTOR ( 'NONE', #554, 1000.000000000000000 ) ;
#9426 = DIRECTION ( 'NONE',  ( 1.172110456741085800E-016, -1.000000000000000000, 0.0000000000000000000 ) ) ;
#9427 = VECTOR ( 'NONE', #6482, 1000.000000000000200 ) ;
#9428 = FILL_AREA_STYLE ('',( #3277 ) ) ;
#9429 = DIRECTION ( 'NONE',  ( -0.5773502691896242900, 0.5773502691896247300, -0.5773502691896280600 ) ) ;
#9430 = LINE ( 'NONE', #5041, #7075 ) ;
#9431 = SURFACE_SIDE_STYLE ('',( #8929 ) ) ;
#9432 = CARTESIAN_POINT ( 'NONE',  ( 3.399999999999995900, 1.700000000000000200, 1.749999999999996400 ) ) ;
#9433 = MECHANICAL_DESIGN_GEOMETRIC_PRESENTATION_REPRESENTATION (  '', ( #7659 ), #10038 ) ;
#9434 = EDGE_CURVE ( 'NONE', #5119, #396, #7011, .T. ) ;
#9435 = ORIENTED_EDGE ( 'NONE', *, *, #1168, .T. ) ;
#9436 = ORIENTED_EDGE ( 'NONE', *, *, #8046, .T. ) ;
#9437 = ORIENTED_EDGE ( 'NONE', *, *, #6235, .T. ) ;
#9438 = LINE ( 'NONE', #10447, #10 ) ;
#9439 = VECTOR ( 'NONE', #3593, 1000.000000000000000 ) ;
#9440 = CARTESIAN_POINT ( 'NONE',  ( -3.699999999999999300, 0.8499999999999996400, 1.749999999999996400 ) ) ;
#9441 = ORIENTED_EDGE ( 'NONE', *, *, #1184, .T. ) ;
#9442 = AXIS2_PLACEMENT_3D ( 'NONE', #1174, #1251, #2190 ) ;
#9443 = VECTOR ( 'NONE', #7297, 1000.000000000000000 ) ;
#9444 = PLANE ( 'NONE',  #4956 ) ;
#9445 = ORIENTED_EDGE ( 'NONE', *, *, #6573, .F. ) ;
#9446 = ORIENTED_EDGE ( 'NONE', *, *, #2919, .T. ) ;
#9447 = EDGE_LOOP ( 'NONE', ( #2847, #9911, #1986, #1390 ) ) ;
#9448 = ORIENTED_EDGE ( 'NONE', *, *, #1656, .T. ) ;
#9449 = VECTOR ( 'NONE', #4862, 1000.000000000000000 ) ;
#9450 = LINE ( 'NONE', #3255, #2701 ) ;
#9451 = DIRECTION ( 'NONE',  ( -0.0000000000000000000, 1.000000000000000000, -0.0000000000000000000 ) ) ;
#9452 =( GEOMETRIC_REPRESENTATION_CONTEXT ( 3 ) GLOBAL_UNCERTAINTY_ASSIGNED_CONTEXT ( ( #7395 ) ) GLOBAL_UNIT_ASSIGNED_CONTEXT ( ( #1823, #7980, #2723 ) ) REPRESENTATION_CONTEXT ( 'NONE', 'WORKASPACE' ) );
#9453 = CARTESIAN_POINT ( 'NONE',  ( -3.999999999999999100, 1.700000000000000000, 3.699999999999996600 ) ) ;
#9454 = DIRECTION ( 'NONE',  ( 0.5773502691896254000, -0.5773502691896254000, -0.5773502691896264000 ) ) ;
#9455 = DIRECTION ( 'NONE',  ( 0.0000000000000000000, 0.0000000000000000000, 1.000000000000000000 ) ) ;
#9456 = CARTESIAN_POINT ( 'NONE',  ( -0.1599999999999999800, 3.100000000000000100, 0.3499999999999989800 ) ) ;
#9457 = DIRECTION ( 'NONE',  ( 0.0000000000000000000, 0.0000000000000000000, -1.000000000000000000 ) ) ;
#9458 = EDGE_LOOP ( 'NONE', ( #6769, #3961, #10857, #9978 ) ) ;
#9459 = VECTOR ( 'NONE', #4393, 1000.000000000000100 ) ;
#9460 = ORIENTED_EDGE ( 'NONE', *, *, #9409, .T. ) ;
#9461 = AXIS2_PLACEMENT_3D ( 'NONE', #4090, #10259, #4963 ) ;
#9462 = LINE ( 'NONE', #11499, #6843 ) ;
#9463 = ORIENTED_EDGE ( 'NONE', *, *, #2897, .T. ) ;
#9464 = DIRECTION ( 'NONE',  ( 3.051828337366604500E-016, -0.0000000000000000000, 1.000000000000000000 ) ) ;
#9465 = DIRECTION ( 'NONE',  ( -1.000000000000000000, 0.0000000000000000000, 0.0000000000000000000 ) ) ;
#9466 = VERTEX_POINT ( 'NONE', #7130 ) ;
#9467 = PLANE ( 'NONE',  #2731 ) ;
#9468 = EDGE_CURVE ( 'NONE', #2428, #8068, #2321, .T. ) ;
#9469 = DIRECTION ( 'NONE',  ( 0.0000000000000000000, 0.0000000000000000000, 1.000000000000000000 ) ) ;
#9470 = DIRECTION ( 'NONE',  ( -0.0000000000000000000, 1.000000000000000000, -0.0000000000000000000 ) ) ;
#9471 = STYLED_ITEM ( 'NONE', ( #9143 ), #4853 ) ;
#9472 = EDGE_CURVE ( 'NONE', #5460, #1377, #200, .T. ) ;
#9473 = ORIENTED_EDGE ( 'NONE', *, *, #1408, .F. ) ;
#9474 = CARTESIAN_POINT ( 'NONE',  ( 4.474000000000001100, 1.100000000000000100, 1.226000000000000000 ) ) ;
#9475 = DIRECTION ( 'NONE',  ( 0.0000000000000000000, -0.7071067811865440200, 0.7071067811865511300 ) ) ;
#9476 = SURFACE_STYLE_FILL_AREA ( #5022 ) ;
#9477 = DIRECTION ( 'NONE',  ( 1.000000000000000000, 0.0000000000000000000, 0.0000000000000000000 ) ) ;
#9478 = ADVANCED_FACE ( 'NONE', ( #9359 ), #979, .F. ) ;
#9479 = FACE_OUTER_BOUND ( 'NONE', #3947, .T. ) ;
#9480 = ORIENTED_EDGE ( 'NONE', *, *, #8059, .T. ) ;
#9481 = CARTESIAN_POINT ( 'NONE',  ( 0.1599999999999999800, -0.1500000000000003300, 0.2999999999999965500 ) ) ;
#9482 = CARTESIAN_POINT ( 'NONE',  ( 2.339999999999999900, -0.6250000000000003300, 0.2999999999999964900 ) ) ;
#9483 = CARTESIAN_POINT ( 'NONE',  ( 2.660000000000000100, 3.100000000000000100, 0.3499999999999989800 ) ) ;
#9484 = LINE ( 'NONE', #747, #3017 ) ;
#9485 = ADVANCED_FACE ( 'NONE', ( #6750 ), #8926, .F. ) ;
#9486 = CARTESIAN_POINT ( 'NONE',  ( 3.399999999999995900, 0.8499999999999996400, 1.749999999999996400 ) ) ;
#9487 = EDGE_CURVE ( 'NONE', #6088, #11442, #11147, .T. ) ;
#9488 = EDGE_CURVE ( 'NONE', #1269, #1875, #9067, .T. ) ;
#9489 = EDGE_CURVE ( 'NONE', #11060, #377, #8799, .T. ) ;
#9490 =( LENGTH_UNIT ( ) NAMED_UNIT ( * ) SI_UNIT ( .MILLI., .METRE. ) );
#9491 = COLOUR_RGB ( '',0.8000000000000000400, 0.8078431372549019800, 0.8000000000000000400 ) ;
#9492 = PLANE ( 'NONE',  #1676 ) ;
#9493 = CARTESIAN_POINT ( 'NONE',  ( -1.090000000000000100, 0.0000000000000000000, 0.0000000000000000000 ) ) ;
#9494 = DIRECTION ( 'NONE',  ( -1.000000000000000000, 6.776263578034385900E-016, 0.0000000000000000000 ) ) ;
#9495 = DIRECTION ( 'NONE',  ( -0.9805806756909207800, 0.0000000000000000000, 0.1961161351381807700 ) ) ;
#9496 = CARTESIAN_POINT ( 'NONE',  ( -1.675000000000000500, 2.600000000000000100, 0.6499999999999984700 ) ) ;
#9497 = PLANE ( 'NONE',  #7441 ) ;
#9498 = VERTEX_POINT ( 'NONE', #2825 ) ;
#9499 =( NAMED_UNIT ( * ) SI_UNIT ( $, .STERADIAN. ) SOLID_ANGLE_UNIT ( ) );
#9500 = ORIENTED_EDGE ( 'NONE', *, *, #10748, .F. ) ;
#9501 = ORIENTED_EDGE ( 'NONE', *, *, #3590, .T. ) ;
#9502 = LINE ( 'NONE', #4656, #7144 ) ;
#9503 = CARTESIAN_POINT ( 'NONE',  ( 4.000000000000001800, 1.399999999999998800, 1.699999999999989700 ) ) ;
#9504 = EDGE_CURVE ( 'NONE', #11248, #4616, #4126, .T. ) ;
#9505 = DIRECTION ( 'NONE',  ( -1.000000000000000000, -0.0000000000000000000, 3.049318610115480700E-016 ) ) ;
#9506 = ORIENTED_EDGE ( 'NONE', *, *, #449, .F. ) ;
#9507 =( NAMED_UNIT ( * ) SI_UNIT ( $, .STERADIAN. ) SOLID_ANGLE_UNIT ( ) );
#9508 = UNCERTAINTY_MEASURE_WITH_UNIT (LENGTH_MEASURE( 1.000000000000000100E-005 ), #10739, 'distance_accuracy_value', 'NONE');
#9509 = AXIS2_PLACEMENT_3D ( 'NONE', #1485, #7680, #2402 ) ;
#9510 = AXIS2_PLACEMENT_3D ( 'NONE', #2811, #7121, #7151 ) ;
#9511 = ORIENTED_EDGE ( 'NONE', *, *, #360, .T. ) ;
#9512 = ORIENTED_EDGE ( 'NONE', *, *, #583, .F. ) ;
#9513 = SURFACE_SIDE_STYLE ('',( #10166 ) ) ;
#9514 = SURFACE_SIDE_STYLE ('',( #1139 ) ) ;
#9515 = MECHANICAL_DESIGN_GEOMETRIC_PRESENTATION_REPRESENTATION (  '', ( #7738 ), #10122 ) ;
#9516 = COLOUR_RGB ( '',0.8000000000000000400, 0.8078431372549019800, 0.8000000000000000400 ) ;
#9517 =( GEOMETRIC_REPRESENTATION_CONTEXT ( 3 ) GLOBAL_UNCERTAINTY_ASSIGNED_CONTEXT ( ( #5079 ) ) GLOBAL_UNIT_ASSIGNED_CONTEXT ( ( #9761, #9674, #9036 ) ) REPRESENTATION_CONTEXT ( 'NONE', 'WORKASPACE' ) );
#9518 = FILL_AREA_STYLE_COLOUR ( '', #6029 ) ;
#9519 = ORIENTED_EDGE ( 'NONE', *, *, #6700, .T. ) ;
#9520 = LINE ( 'NONE', #4837, #2498 ) ;
#9521 = ORIENTED_EDGE ( 'NONE', *, *, #3442, .T. ) ;
#9522 = AXIS2_PLACEMENT_3D ( 'NONE', #685, #6881, #1599 ) ;
#9523 = PRESENTATION_LAYER_ASSIGNMENT (  '', '', ( #8344 ) ) ;
#9524 = ADVANCED_FACE ( 'NONE', ( #8524 ), #10731, .F. ) ;
#9525 = DIRECTION ( 'NONE',  ( 0.0000000000000000000, -1.000000000000000000, 1.204669080539448600E-016 ) ) ;
#9526 =( NAMED_UNIT ( * ) PLANE_ANGLE_UNIT ( ) SI_UNIT ( $, .RADIAN. ) );
#9527 = DIRECTION ( 'NONE',  ( 0.0000000000000000000, -1.000000000000000000, -1.294569758191649100E-016 ) ) ;
#9528 = SURFACE_STYLE_USAGE ( .BOTH. , #3385 ) ;
#9529 = EDGE_CURVE ( 'NONE', #8554, #3040, #3843, .T. ) ;
#9530 = CARTESIAN_POINT ( 'NONE',  ( -1.409999999999999900, 3.100000000000000100, 0.3499999999999989800 ) ) ;
#9531 = VECTOR ( 'NONE', #9167, 1000.000000000000100 ) ;
#9532 = ORIENTED_EDGE ( 'NONE', *, *, #2705, .F. ) ;
#9533 = LINE ( 'NONE', #1596, #2508 ) ;
#9534 = STYLED_ITEM ( 'NONE', ( #5676 ), #4219 ) ;
#9535 = ORIENTED_EDGE ( 'NONE', *, *, #11238, .F. ) ;
#9536 = DIRECTION ( 'NONE',  ( -0.0000000000000000000, 0.0000000000000000000, -1.000000000000000000 ) ) ;
#9537 = ORIENTED_EDGE ( 'NONE', *, *, #8137, .F. ) ;
#9538 = DIRECTION ( 'NONE',  ( 0.0000000000000000000, 1.000000000000000000, 0.0000000000000000000 ) ) ;
#9539 = ADVANCED_FACE ( 'NONE', ( #1476 ), #1967, .F. ) ;
#9540 = ORIENTED_EDGE ( 'NONE', *, *, #6112, .T. ) ;
#9541 = CARTESIAN_POINT ( 'NONE',  ( 4.474000000000000200, 1.200000000000000000, 0.5200000000000004600 ) ) ;
#9542 = VECTOR ( 'NONE', #1479, 1000.000000000000000 ) ;
#9543 = DIRECTION ( 'NONE',  ( 0.0000000000000000000, -1.000000000000000000, 0.0000000000000000000 ) ) ;
#9544 = CARTESIAN_POINT ( 'NONE',  ( 4.524000000000000900, 1.100000000000000100, 1.276000000000000000 ) ) ;
#9545 = PRESENTATION_STYLE_ASSIGNMENT (( #8234 ) ) ;
#9546 = SURFACE_SIDE_STYLE ('',( #7617 ) ) ;
#9547 = VECTOR ( 'NONE', #2973, 1000.000000000000000 ) ;
#9548 = ORIENTED_EDGE ( 'NONE', *, *, #3505, .F. ) ;
#9549 = VERTEX_POINT ( 'NONE', #9949 ) ;
#9550 = LINE ( 'NONE', #2648, #4572 ) ;
#9551 = ORIENTED_EDGE ( 'NONE', *, *, #8266, .T. ) ;
#9552 = VECTOR ( 'NONE', #909, 1000.000000000000000 ) ;
#9553 = CYLINDRICAL_SURFACE ( 'NONE', #1298, 0.3039999999999999900 ) ;
#9554 = EDGE_CURVE ( 'NONE', #7743, #8101, #5363, .T. ) ;
#9555 = LINE ( 'NONE', #4134, #7486 ) ;
#9556 = DIRECTION ( 'NONE',  ( 0.0000000000000000000, 0.0000000000000000000, 1.000000000000000000 ) ) ;
#9557 = COLOUR_RGB ( '',0.8000000000000000400, 0.8078431372549019800, 0.8000000000000000400 ) ;
#9558 = EDGE_CURVE ( 'NONE', #2414, #3931, #639, .T. ) ;
#9559 = VECTOR ( 'NONE', #3803, 1000.000000000000000 ) ;
#9560 = DIRECTION ( 'NONE',  ( -1.000000000000000000, -0.0000000000000000000, -0.0000000000000000000 ) ) ;
#9561 = FACE_OUTER_BOUND ( 'NONE', #9719, .T. ) ;
#9562 = CARTESIAN_POINT ( 'NONE',  ( -4.000000000000000900, 1.700000000000000000, 2.400000000000000800 ) ) ;
#9563 = VERTEX_POINT ( 'NONE', #8105 ) ;
#9564 = VERTEX_POINT ( 'NONE', #213 ) ;
#9565 =( NAMED_UNIT ( * ) SI_UNIT ( $, .STERADIAN. ) SOLID_ANGLE_UNIT ( ) );
#9566 = LINE ( 'NONE', #8911, #2539 ) ;
#9567 = DIRECTION ( 'NONE',  ( 0.7071067811865475700, 0.0000000000000000000, 0.7071067811865475700 ) ) ;
#9568 = FACE_OUTER_BOUND ( 'NONE', #10686, .T. ) ;
#9569 = EDGE_CURVE ( 'NONE', #7973, #4245, #9502, .T. ) ;
#9570 = DIRECTION ( 'NONE',  ( -1.000000000000000000, -1.239088197126290500E-015, 3.051828337366604500E-016 ) ) ;
#9571 = ORIENTED_EDGE ( 'NONE', *, *, #4225, .F. ) ;
#9572 = ORIENTED_EDGE ( 'NONE', *, *, #9487, .T. ) ;
#9573 = CARTESIAN_POINT ( 'NONE',  ( 3.606666666666665100, 1.813333333333335700, -0.09333333333333480900 ) ) ;
#9574 = FACE_OUTER_BOUND ( 'NONE', #5734, .T. ) ;
#9575 = DIRECTION ( 'NONE',  ( 0.0000000000000000000, 0.0000000000000000000, 1.000000000000000000 ) ) ;
#9576 = EDGE_CURVE ( 'NONE', #7159, #5308, #5095, .T. ) ;
#9577 = PRESENTATION_STYLE_ASSIGNMENT (( #6452 ) ) ;
#9578 = LINE ( 'NONE', #5424, #9289 ) ;
#9579 = VECTOR ( 'NONE', #11015, 1000.000000000000000 ) ;
#9580 = DIRECTION ( 'NONE',  ( 1.172110456741085800E-016, -1.000000000000000000, 0.0000000000000000000 ) ) ;
#9581 = AXIS2_PLACEMENT_3D ( 'NONE', #10406, #5118, #11275 ) ;
#9582 = STYLED_ITEM ( 'NONE', ( #6251 ), #522 ) ;
#9583 = CARTESIAN_POINT ( 'NONE',  ( -2.339999999999999400, 0.4249999999999998200, 0.04999999999999753300 ) ) ;
#9584 = VERTEX_POINT ( 'NONE', #9997 ) ;
#9585 = ORIENTED_EDGE ( 'NONE', *, *, #46, .T. ) ;
#9586 = ORIENTED_EDGE ( 'NONE', *, *, #9111, .T. ) ;
#9587 = ORIENTED_EDGE ( 'NONE', *, *, #8890, .F. ) ;
#9588 = DIRECTION ( 'NONE',  ( 0.0000000000000000000, 0.0000000000000000000, 1.000000000000000000 ) ) ;
#9589 = LINE ( 'NONE', #11099, #2563 ) ;
#9590 = CARTESIAN_POINT ( 'NONE',  ( -4.220000000000000600, -0.8799999999999986700, 0.5200000000000013500 ) ) ;
#9591 = COLOUR_RGB ( '',0.8000000000000000400, 0.8078431372549019800, 0.8000000000000000400 ) ;
#9592 = DIRECTION ( 'NONE',  ( 0.0000000000000000000, 1.000000000000000000, 1.126443815569353400E-015 ) ) ;
#9593 = LINE ( 'NONE', #3443, #7520 ) ;
#9594 = ADVANCED_FACE ( 'NONE', ( #355 ), #2935, .F. ) ;
#9595 =( NAMED_UNIT ( * ) SI_UNIT ( $, .STERADIAN. ) SOLID_ANGLE_UNIT ( ) );
#9596 = VERTEX_POINT ( 'NONE', #4701 ) ;
#9597 = MECHANICAL_DESIGN_GEOMETRIC_PRESENTATION_REPRESENTATION (  '', ( #7813 ), #10192 ) ;
#9598 = UNCERTAINTY_MEASURE_WITH_UNIT (LENGTH_MEASURE( 1.000000000000000100E-005 ), #10780, 'distance_accuracy_value', 'NONE');
#9599 = ORIENTED_EDGE ( 'NONE', *, *, #9903, .F. ) ;
#9600 = VERTEX_POINT ( 'NONE', #2064 ) ;
#9601 = VECTOR ( 'NONE', #4654, 1000.000000000000000 ) ;
#9602 = DIRECTION ( 'NONE',  ( 1.000000000000000000, 0.0000000000000000000, 0.0000000000000000000 ) ) ;
#9603 = AXIS2_PLACEMENT_3D ( 'NONE', #8442, #5848, #503 ) ;
#9604 = PRESENTATION_LAYER_ASSIGNMENT (  '', '', ( #8395 ) ) ;
#9605 = AXIS2_PLACEMENT_3D ( 'NONE', #555, #2359, #8521 ) ;
#9606 = ADVANCED_FACE ( 'NONE', ( #9209 ), #2993, .F. ) ;
#9607 = ORIENTED_EDGE ( 'NONE', *, *, #1384, .T. ) ;
#9608 = VERTEX_POINT ( 'NONE', #7358 ) ;
#9609 = COLOUR_RGB ( '',0.8000000000000000400, 0.8078431372549019800, 0.8000000000000000400 ) ;
#9610 = PRESENTATION_LAYER_ASSIGNMENT (  '', '', ( #8407 ) ) ;
#9611 = DIRECTION ( 'NONE',  ( -0.7071067811865460200, 0.0000000000000000000, 0.7071067811865490200 ) ) ;
#9612 = ORIENTED_EDGE ( 'NONE', *, *, #4744, .F. ) ;
#9613 =( NAMED_UNIT ( * ) PLANE_ANGLE_UNIT ( ) SI_UNIT ( $, .RADIAN. ) );
#9614 =( LENGTH_UNIT ( ) NAMED_UNIT ( * ) SI_UNIT ( .MILLI., .METRE. ) );
#9615 = DIRECTION ( 'NONE',  ( 0.0000000000000000000, 0.0000000000000000000, 1.000000000000000000 ) ) ;
#9616 = AXIS2_PLACEMENT_3D ( 'NONE', #5057, #4211, #10375 ) ;
#9617 = CLOSED_SHELL ( 'NONE', ( #4219, #9407, #2052, #6726, #10990, #2437, #8255, #6981, #3168, #6093, #5905, #10867, #7568, #8129, #6239, #7025, #11132, #4664, #9956, #8419, #5789, #11315, #11324, #9011 ) ) ;
#9618 = DIRECTION ( 'NONE',  ( -1.000000000000000000, 0.0000000000000000000, 0.0000000000000000000 ) ) ;
#9619 = VERTEX_POINT ( 'NONE', #2325 ) ;
#9620 = LINE ( 'NONE', #2778, #4644 ) ;
#9621 = DIRECTION ( 'NONE',  ( 0.0000000000000000000, -1.000000000000000000, 0.0000000000000000000 ) ) ;
#9622 = PLANE ( 'NONE',  #5089 ) ;
#9623 = EDGE_CURVE ( 'NONE', #923, #2192, #4819, .T. ) ;
#9624 = CARTESIAN_POINT ( 'NONE',  ( -1.324999999999999500, -1.100000000000000100, 3.249999999999996000 ) ) ;
#9625 = DIRECTION ( 'NONE',  ( 0.0000000000000000000, 0.0000000000000000000, -1.000000000000000000 ) ) ;
#9626 = ORIENTED_EDGE ( 'NONE', *, *, #10216, .F. ) ;
#9627 = SURFACE_STYLE_FILL_AREA ( #7213 ) ;
#9628 = SURFACE_SIDE_STYLE ('',( #8760 ) ) ;
#9629 = DIRECTION ( 'NONE',  ( 0.0000000000000000000, -0.0000000000000000000, 1.000000000000000000 ) ) ;
#9630 = DIRECTION ( 'NONE',  ( -0.7071067811865493500, 0.0000000000000000000, -0.7071067811865456900 ) ) ;
#9631 = ORIENTED_EDGE ( 'NONE', *, *, #668, .T. ) ;
#9632 = ORIENTED_EDGE ( 'NONE', *, *, #3433, .T. ) ;
#9633 = VECTOR ( 'NONE', #3351, 1000.000000000000000 ) ;
#9634 = CARTESIAN_POINT ( 'NONE',  ( 0.1600000000000008600, 0.4249999999999998200, 1.749999999999996400 ) ) ;
#9635 = EDGE_CURVE ( 'NONE', #3877, #1525, #2468, .T. ) ;
#9636 = EDGE_CURVE ( 'NONE', #5301, #2739, #2747, .T. ) ;
#9637 = EDGE_CURVE ( 'NONE', #5134, #9119, #2179, .T. ) ;
#9638 = DIRECTION ( 'NONE',  ( -1.000000000000000000, 0.0000000000000000000, -0.0000000000000000000 ) ) ;
#9639 = ADVANCED_FACE ( 'NONE', ( #1910 ), #10201, .F. ) ;
#9640 = CARTESIAN_POINT ( 'NONE',  ( 5.240000000000003800, -1.100000000000000100, 1.055999999999996500 ) ) ;
#9641 =( NAMED_UNIT ( * ) PLANE_ANGLE_UNIT ( ) SI_UNIT ( $, .RADIAN. ) );
#9642 =( LENGTH_UNIT ( ) NAMED_UNIT ( * ) SI_UNIT ( .MILLI., .METRE. ) );
#9643 = EDGE_CURVE ( 'NONE', #1417, #954, #8089, .T. ) ;
#9644 = EDGE_LOOP ( 'NONE', ( #4042, #10643, #9943, #4269 ) ) ;
#9645 = LINE ( 'NONE', #902, #8391 ) ;
#9646 = VERTEX_POINT ( 'NONE', #1504 ) ;
#9647 = ORIENTED_EDGE ( 'NONE', *, *, #5487, .F. ) ;
#9648 = SURFACE_SIDE_STYLE ('',( #2927 ) ) ;
#9649 = CARTESIAN_POINT ( 'NONE',  ( 4.000000000000000000, -0.4000000000000000800, 0.04999999999999747700 ) ) ;
#9650 = CARTESIAN_POINT ( 'NONE',  ( -4.220000000000000600, 1.200000000000000000, 0.5200000000000013500 ) ) ;
#9651 = DIRECTION ( 'NONE',  ( 0.0000000000000000000, -1.000000000000000000, 0.0000000000000000000 ) ) ;
#9652 = EDGE_CURVE ( 'NONE', #4820, #247, #5782, .T. ) ;
#9653 = ORIENTED_EDGE ( 'NONE', *, *, #5636, .T. ) ;
#9654 = ORIENTED_EDGE ( 'NONE', *, *, #11105, .T. ) ;
#9655 = CARTESIAN_POINT ( 'NONE',  ( -2.075000000000000600, 2.600000000000000100, 0.6499999999999986900 ) ) ;
#9656 = SURFACE_SIDE_STYLE ('',( #10663 ) ) ;
#9657 = VERTEX_POINT ( 'NONE', #11244 ) ;
#9658 = AXIS2_PLACEMENT_3D ( 'NONE', #1340, #7541, #2261 ) ;
#9659 = ORIENTED_EDGE ( 'NONE', *, *, #4377, .T. ) ;
#9660 = PRESENTATION_STYLE_ASSIGNMENT (( #535 ) ) ;
#9661 = DIRECTION ( 'NONE',  ( 0.7071067811865451300, 0.0000000000000000000, 0.7071067811865500200 ) ) ;
#9662 = ORIENTED_EDGE ( 'NONE', *, *, #8460, .T. ) ;
#9663 = FACE_OUTER_BOUND ( 'NONE', #8930, .T. ) ;
#9664 = SURFACE_SIDE_STYLE ('',( #5149 ) ) ;
#9665 = EDGE_LOOP ( 'NONE', ( #9918, #10464, #574, #1419 ) ) ;
#9666 = DIRECTION ( 'NONE',  ( -1.022195611122246700E-015, -0.7071067811865454600, -0.7071067811865495700 ) ) ;
#9667 = VECTOR ( 'NONE', #7691, 1000.000000000000000 ) ;
#9668 = AXIS2_PLACEMENT_3D ( 'NONE', #10205, #6703, #1373 ) ;
#9669 = CARTESIAN_POINT ( 'NONE',  ( -1.324999999999999500, -0.6999999999999988500, 3.249999999999996000 ) ) ;
#9670 = DIRECTION ( 'NONE',  ( 0.0000000000000000000, 0.0000000000000000000, 1.000000000000000000 ) ) ;
#9671 = VECTOR ( 'NONE', #11051, 1000.000000000000000 ) ;
#9672 = LINE ( 'NONE', #10129, #242 ) ;
#9673 = PRESENTATION_STYLE_ASSIGNMENT (( #9227 ) ) ;
#9674 =( NAMED_UNIT ( * ) PLANE_ANGLE_UNIT ( ) SI_UNIT ( $, .RADIAN. ) );
#9675 = ORIENTED_EDGE ( 'NONE', *, *, #55, .T. ) ;
#9676 = ORIENTED_EDGE ( 'NONE', *, *, #9390, .T. ) ;
#9677 =( NAMED_UNIT ( * ) PLANE_ANGLE_UNIT ( ) SI_UNIT ( $, .RADIAN. ) );
#9678 = CARTESIAN_POINT ( 'NONE',  ( -4.474000000000000200, -0.8799999999999986700, 1.276000000000000000 ) ) ;
#9679 = CARTESIAN_POINT ( 'NONE',  ( 3.399999999999995900, 2.000000000000000000, 3.699999999999996600 ) ) ;
#9680 = VECTOR ( 'NONE', #10011, 1000.000000000000000 ) ;
#9681 = EDGE_CURVE ( 'NONE', #11000, #354, #7835, .T. ) ;
#9682 = PRESENTATION_STYLE_ASSIGNMENT (( #4365 ) ) ;
#9683 = LINE ( 'NONE', #5681, #7332 ) ;
#9684 = AXIS2_PLACEMENT_3D ( 'NONE', #5319, #11483, #6210 ) ;
#9685 = DIRECTION ( 'NONE',  ( 0.0000000000000000000, -1.000000000000000000, -1.126443815569353600E-015 ) ) ;
#9686 = ORIENTED_EDGE ( 'NONE', *, *, #8225, .T. ) ;
#9687 = SURFACE_SIDE_STYLE ('',( #6528 ) ) ;
#9688 = LINE ( 'NONE', #996, #7055 ) ;
#9689 = EDGE_LOOP ( 'NONE', ( #5058, #3891, #3697, #6647 ) ) ;
#9690 = ORIENTED_EDGE ( 'NONE', *, *, #1179, .T. ) ;
#9691 = DIRECTION ( 'NONE',  ( 1.000000000000000000, 0.0000000000000000000, 0.0000000000000000000 ) ) ;
#9692 = FILL_AREA_STYLE ('',( #152 ) ) ;
#9693 = CARTESIAN_POINT ( 'NONE',  ( 4.524000000000000900, 1.100000000000000100, 0.3039999999999999400 ) ) ;
#9694 = COLOUR_RGB ( '',0.8000000000000000400, 0.8078431372549019800, 0.8000000000000000400 ) ;
#9695 = PLANE ( 'NONE',  #1132 ) ;
#9696 = DIRECTION ( 'NONE',  ( -1.000000000000000000, 6.195440985631560800E-016, -0.0000000000000000000 ) ) ;
#9697 = ADVANCED_FACE ( 'NONE', ( #772 ), #6852, .T. ) ;
#9698 = EDGE_LOOP ( 'NONE', ( #3393, #2545, #6340, #5684, #3398, #9244 ) ) ;
#9699 = ORIENTED_EDGE ( 'NONE', *, *, #10176, .T. ) ;
#9700 = LINE ( 'NONE', #7334, #8591 ) ;
#9701 = LINE ( 'NONE', #509, #10269 ) ;
#9702 = EDGE_CURVE ( 'NONE', #4900, #10398, #7559, .T. ) ;
#9703 = COLOUR_RGB ( '',0.8000000000000000400, 0.8078431372549019800, 0.8000000000000000400 ) ;
#9704 = DIRECTION ( 'NONE',  ( 0.0000000000000000000, -1.000000000000000000, 0.0000000000000000000 ) ) ;
#9705 = LINE ( 'NONE', #5580, #2677 ) ;
#9706 = EDGE_CURVE ( 'NONE', #9743, #11000, #5220, .T. ) ;
#9707 = DIRECTION ( 'NONE',  ( 0.0000000000000000000, 0.0000000000000000000, 1.000000000000000000 ) ) ;
#9708 = EDGE_CURVE ( 'NONE', #9105, #1307, #2877, .T. ) ;
#9709 = VECTOR ( 'NONE', #566, 1000.000000000000000 ) ;
#9710 = CARTESIAN_POINT ( 'NONE',  ( 0.1599999999999999800, 0.2499999999999996700, 0.2999999999999966000 ) ) ;
#9711 = COLOUR_RGB ( '',0.8000000000000000400, 0.8078431372549019800, 0.8000000000000000400 ) ;
#9712 =( NAMED_UNIT ( * ) PLANE_ANGLE_UNIT ( ) SI_UNIT ( $, .RADIAN. ) );
#9713 = DIRECTION ( 'NONE',  ( 0.0000000000000000000, 1.000000000000000000, 2.032879073410321300E-016 ) ) ;
#9714 = ORIENTED_EDGE ( 'NONE', *, *, #10022, .T. ) ;
#9715 = ORIENTED_EDGE ( 'NONE', *, *, #7022, .F. ) ;
#9716 = ORIENTED_EDGE ( 'NONE', *, *, #3225, .T. ) ;
#9717 = LINE ( 'NONE', #11489, #2975 ) ;
#9718 =( LENGTH_UNIT ( ) NAMED_UNIT ( * ) SI_UNIT ( .MILLI., .METRE. ) );
#9719 = EDGE_LOOP ( 'NONE', ( #4736, #11347, #919, #99 ) ) ;
#9720 = LINE ( 'NONE', #3075, #8881 ) ;
#9721 = UNCERTAINTY_MEASURE_WITH_UNIT (LENGTH_MEASURE( 1.000000000000000100E-005 ), #3971, 'distance_accuracy_value', 'NONE');
#9722 = ORIENTED_EDGE ( 'NONE', *, *, #1108, .T. ) ;
#9723 = CARTESIAN_POINT ( 'NONE',  ( 2.924999999999999800, 2.600000000000000100, 0.6499999999999978000 ) ) ;
#9724 = ORIENTED_EDGE ( 'NONE', *, *, #7566, .T. ) ;
#9725 = CARTESIAN_POINT ( 'NONE',  ( 3.699999999999995700, 0.8499999999999996400, 4.699999999999996600 ) ) ;
#9726 = VECTOR ( 'NONE', #669, 1000.000000000000000 ) ;
#9727 = CARTESIAN_POINT ( 'NONE',  ( 1.409999999999999700, 0.2499999999999996700, 0.1799999999999966600 ) ) ;
#9728 = CARTESIAN_POINT ( 'NONE',  ( 0.0000000000000000000, 0.0000000000000000000, 1.699999999999989700 ) ) ;
#9729 = EDGE_CURVE ( 'NONE', #10301, #8720, #1040, .T. ) ;
#9730 = CARTESIAN_POINT ( 'NONE',  ( 4.474000000000000200, 1.200000000000000000, 1.276000000000000000 ) ) ;
#9731 = ORIENTED_EDGE ( 'NONE', *, *, #6385, .F. ) ;
#9732 = ORIENTED_EDGE ( 'NONE', *, *, #5805, .F. ) ;
#9733 = ORIENTED_EDGE ( 'NONE', *, *, #9504, .F. ) ;
#9734 = VECTOR ( 'NONE', #10114, 1000.000000000000000 ) ;
#9735 = FACE_OUTER_BOUND ( 'NONE', #2049, .T. ) ;
#9736 = DIRECTION ( 'NONE',  ( 0.0000000000000000000, -1.126443815569353600E-015, 1.000000000000000000 ) ) ;
#9737 = DIRECTION ( 'NONE',  ( 0.0000000000000000000, 0.0000000000000000000, 1.000000000000000000 ) ) ;
#9738 = PRESENTATION_LAYER_ASSIGNMENT (  '', '', ( #8533 ) ) ;
#9739 = DIRECTION ( 'NONE',  ( -0.0000000000000000000, 0.0000000000000000000, -1.000000000000000000 ) ) ;
#9740 = CARTESIAN_POINT ( 'NONE',  ( 4.220000000000000600, 1.200000000000000000, 1.529999999999999800 ) ) ;
#9741 = DIRECTION ( 'NONE',  ( 0.0000000000000000000, 1.000000000000000000, 4.336808689942013800E-015 ) ) ;
#9742 = DIRECTION ( 'NONE',  ( -1.000000000000000000, 0.0000000000000000000, 3.051828337366604500E-016 ) ) ;
#9743 = VERTEX_POINT ( 'NONE', #9544 ) ;
#9744 = ORIENTED_EDGE ( 'NONE', *, *, #9866, .T. ) ;
#9745 = CARTESIAN_POINT ( 'NONE',  ( 2.425000000000001200, -1.100000000000000100, 3.249999999999995100 ) ) ;
#9746 = LINE ( 'NONE', #9678, #7110 ) ;
#9747 = DIRECTION ( 'NONE',  ( 0.0000000000000000000, -1.000000000000000000, 1.204669080539448600E-016 ) ) ;
#9748 = DIRECTION ( 'NONE',  ( 0.0000000000000000000, -1.000000000000000000, -1.141265444721583800E-016 ) ) ;
#9749 =( GEOMETRIC_REPRESENTATION_CONTEXT ( 3 ) GLOBAL_UNCERTAINTY_ASSIGNED_CONTEXT ( ( #4923 ) ) GLOBAL_UNIT_ASSIGNED_CONTEXT ( ( #2934, #9075, #3817 ) ) REPRESENTATION_CONTEXT ( 'NONE', 'WORKASPACE' ) );
#9750 = AXIS2_PLACEMENT_3D ( 'NONE', #3882, #3088, #3010 ) ;
#9751 = EDGE_LOOP ( 'NONE', ( #2047, #676, #2004, #5264 ) ) ;
#9752 = PLANE ( 'NONE',  #9281 ) ;
#9753 = ORIENTED_EDGE ( 'NONE', *, *, #3590, .F. ) ;
#9754 = CARTESIAN_POINT ( 'NONE',  ( -3.050000000000001600, 0.8750000000000006700, 2.574999999999990900 ) ) ;
#9755 = AXIS2_PLACEMENT_3D ( 'NONE', #10694, #7163, #1900 ) ;
#9756 = FILL_AREA_STYLE ('',( #7963 ) ) ;
#9757 = VECTOR ( 'NONE', #1455, 1000.000000000000000 ) ;
#9758 = ORIENTED_EDGE ( 'NONE', *, *, #8603, .F. ) ;
#9759 = LINE ( 'NONE', #4652, #2722 ) ;
#9760 = DIRECTION ( 'NONE',  ( 0.0000000000000000000, 1.000000000000000000, 0.0000000000000000000 ) ) ;
#9761 =( LENGTH_UNIT ( ) NAMED_UNIT ( * ) SI_UNIT ( .MILLI., .METRE. ) );
#9762 = CARTESIAN_POINT ( 'NONE',  ( -0.1599999999999999800, 0.4249999999999998200, 1.749999999999996400 ) ) ;
#9763 = MECHANICAL_DESIGN_GEOMETRIC_PRESENTATION_REPRESENTATION (  '', ( #7969 ), #10348 ) ;
#9764 = ORIENTED_EDGE ( 'NONE', *, *, #6527, .F. ) ;
#9765 = ORIENTED_EDGE ( 'NONE', *, *, #7472, .F. ) ;
#9766 = CARTESIAN_POINT ( 'NONE',  ( 3.399999999999995900, 1.700000000000000200, 3.399999999999995000 ) ) ;
#9767 = SURFACE_STYLE_FILL_AREA ( #8173 ) ;
#9768 = CARTESIAN_POINT ( 'NONE',  ( 3.500000000000000900, -0.4000000000000000800, 0.04999999999999763700 ) ) ;
#9769 = FACE_OUTER_BOUND ( 'NONE', #10908, .T. ) ;
#9770 = CARTESIAN_POINT ( 'NONE',  ( 4.474000000000000200, 1.200000000000000000, 0.2999999999999999900 ) ) ;
#9771 =( NAMED_UNIT ( * ) SI_UNIT ( $, .STERADIAN. ) SOLID_ANGLE_UNIT ( ) );
#9772 = FILL_AREA_STYLE ('',( #645 ) ) ;
#9773 = DIRECTION ( 'NONE',  ( -1.000000000000000000, 0.0000000000000000000, 0.0000000000000000000 ) ) ;
#9774 = ORIENTED_EDGE ( 'NONE', *, *, #2412, .F. ) ;
#9775 = CARTESIAN_POINT ( 'NONE',  ( 2.660000000000000100, -0.3750000000000005600, 3.999999999999993300 ) ) ;
#9776 = DIRECTION ( 'NONE',  ( 0.7071067811865475700, -0.7071067811865475700, 0.0000000000000000000 ) ) ;
#9777 = EDGE_CURVE ( 'NONE', #1269, #2581, #7270, .T. ) ;
#9778 = DIRECTION ( 'NONE',  ( 1.000000000000000000, 0.0000000000000000000, 0.0000000000000000000 ) ) ;
#9779 = EDGE_CURVE ( 'NONE', #2764, #1416, #2605, .T. ) ;
#9780 =( LENGTH_UNIT ( ) NAMED_UNIT ( * ) SI_UNIT ( .MILLI., .METRE. ) );
#9781 = DIRECTION ( 'NONE',  ( 0.0000000000000000000, -1.000000000000000000, 0.0000000000000000000 ) ) ;
#9782 = DIRECTION ( 'NONE',  ( 0.0000000000000000000, 1.000000000000000000, 0.0000000000000000000 ) ) ;
#9783 = ORIENTED_EDGE ( 'NONE', *, *, #10494, .T. ) ;
#9784 = VECTOR ( 'NONE', #7319, 1000.000000000000000 ) ;
#9785 = ORIENTED_EDGE ( 'NONE', *, *, #3003, .T. ) ;
#9786 = DIRECTION ( 'NONE',  ( -0.5773502691896254000, 0.5773502691896254000, 0.5773502691896264000 ) ) ;
#9787 = EDGE_CURVE ( 'NONE', #247, #8198, #481, .T. ) ;
#9788 = ORIENTED_EDGE ( 'NONE', *, *, #3294, .F. ) ;
#9789 = EDGE_CURVE ( 'NONE', #9190, #5283, #4659, .T. ) ;
#9790 = ORIENTED_EDGE ( 'NONE', *, *, #10023, .F. ) ;
#9791 = CARTESIAN_POINT ( 'NONE',  ( -1.090000000000000100, 0.4249999999999998200, 0.6499999999999964700 ) ) ;
#9792 = ORIENTED_EDGE ( 'NONE', *, *, #1487, .F. ) ;
#9793 = CARTESIAN_POINT ( 'NONE',  ( 0.8249999999999992900, 2.600000000000000100, 0.6499999999999980200 ) ) ;
#9794 = CARTESIAN_POINT ( 'NONE',  ( 1.089999999999999900, 3.100000000000000100, 0.09999999999999947800 ) ) ;
#9795 = LINE ( 'NONE', #1804, #10080 ) ;
#9796 = PLANE ( 'NONE',  #5606 ) ;
#9797 = PRESENTATION_LAYER_ASSIGNMENT (  '', '', ( #9192 ) ) ;
#9798 = MECHANICAL_DESIGN_GEOMETRIC_PRESENTATION_REPRESENTATION (  '', ( #8011 ), #10401 ) ;
#9799 = DIRECTION ( 'NONE',  ( 1.000000000000000000, 0.0000000000000000000, 0.0000000000000000000 ) ) ;
#9800 = VECTOR ( 'NONE', #8635, 1000.000000000000000 ) ;
#9801 = EDGE_LOOP ( 'NONE', ( #6204, #6180, #3721, #6963 ) ) ;
#9802 = FACE_OUTER_BOUND ( 'NONE', #745, .T. ) ;
#9803 = EDGE_LOOP ( 'NONE', ( #9171, #2182, #6022, #3047 ) ) ;
#9804 = ORIENTED_EDGE ( 'NONE', *, *, #5953, .F. ) ;
#9805 = ORIENTED_EDGE ( 'NONE', *, *, #1110, .T. ) ;
#9806 = DIRECTION ( 'NONE',  ( 1.885568995626964800E-016, 0.0000000000000000000, -1.000000000000000000 ) ) ;
#9807 = PRESENTATION_LAYER_ASSIGNMENT (  '', '', ( #9197 ) ) ;
#9808 =( LENGTH_UNIT ( ) NAMED_UNIT ( * ) SI_UNIT ( .MILLI., .METRE. ) );
#9809 = FILL_AREA_STYLE ('',( #9050 ) ) ;
#9810 = CARTESIAN_POINT ( 'NONE',  ( -0.4250000000000000400, -1.100000000000000300, 0.2999999999999982100 ) ) ;
#9811 = FILL_AREA_STYLE ('',( #3581 ) ) ;
#9812 = VERTEX_POINT ( 'NONE', #1632 ) ;
#9813 = ORIENTED_EDGE ( 'NONE', *, *, #3530, .T. ) ;
#9814 = CARTESIAN_POINT ( 'NONE',  ( 2.339999999999999900, 3.100000000000000100, 0.09999999999999947800 ) ) ;
#9815 = VECTOR ( 'NONE', #6877, 1000.000000000000000 ) ;
#9816 = ORIENTED_EDGE ( 'NONE', *, *, #8715, .F. ) ;
#9817 = FILL_AREA_STYLE_COLOUR ( '', #10924 ) ;
#9818 =( GEOMETRIC_REPRESENTATION_CONTEXT ( 3 ) GLOBAL_UNCERTAINTY_ASSIGNED_CONTEXT ( ( #5062 ) ) GLOBAL_UNIT_ASSIGNED_CONTEXT ( ( #3800, #9969, #4668 ) ) REPRESENTATION_CONTEXT ( 'NONE', 'WORKASPACE' ) );
#9819 = PRESENTATION_LAYER_ASSIGNMENT (  '', '', ( #6859 ) ) ;
#9820 = PRESENTATION_LAYER_ASSIGNMENT (  '', '', ( #8636 ) ) ;
#9821 = CARTESIAN_POINT ( 'NONE',  ( 0.0000000000000000000, 0.0000000000000000000, 0.6499999999999986900 ) ) ;
#9822 = CARTESIAN_POINT ( 'NONE',  ( -2.339999999999999900, 2.500000000000000000, -1.084202172485504400E-016 ) ) ;
#9823 = LINE ( 'NONE', #7547, #11326 ) ;
#9824 = PRESENTATION_STYLE_ASSIGNMENT (( #40 ) ) ;
#9825 = VECTOR ( 'NONE', #3262, 1000.000000000000000 ) ;
#9826 = CARTESIAN_POINT ( 'NONE',  ( -1.324999999999999500, 2.123118842698621800, 3.249999999999996000 ) ) ;
#9827 = DIRECTION ( 'NONE',  ( -1.000000000000000000, -0.0000000000000000000, 3.049318610115480700E-016 ) ) ;
#9828 = VECTOR ( 'NONE', #1126, 1000.000000000000000 ) ;
#9829 = CARTESIAN_POINT ( 'NONE',  ( 2.660000000000000100, 2.350000000000003200, 0.6499999999999986900 ) ) ;
#9830 = VERTEX_POINT ( 'NONE', #4302 ) ;
#9831 = ORIENTED_EDGE ( 'NONE', *, *, #1134, .T. ) ;
#9832 = CARTESIAN_POINT ( 'NONE',  ( -3.500000000000001300, 2.600000000000000100, 0.2999999999999998200 ) ) ;
#9833 = LINE ( 'NONE', #4403, #7190 ) ;
#9834 = VERTEX_POINT ( 'NONE', #9590 ) ;
#9835 = FACE_OUTER_BOUND ( 'NONE', #8586, .T. ) ;
#9836 = DIRECTION ( 'NONE',  ( -0.7071067811865456900, 0.0000000000000000000, 0.7071067811865493500 ) ) ;
#9837 = LINE ( 'NONE', #9960, #3086 ) ;
#9838 = AXIS2_PLACEMENT_3D ( 'NONE', #7815, #8690, #3434 ) ;
#9839 = LINE ( 'NONE', #5177, #7489 ) ;
#9840 = DIRECTION ( 'NONE',  ( 0.0000000000000000000, 1.000000000000000000, 0.0000000000000000000 ) ) ;
#9841 = VERTEX_POINT ( 'NONE', #5194 ) ;
#9842 = PRESENTATION_STYLE_ASSIGNMENT (( #4378 ) ) ;
#9843 = ORIENTED_EDGE ( 'NONE', *, *, #7869, .T. ) ;
#9844 = VERTEX_POINT ( 'NONE', #7811 ) ;
#9845 = DIRECTION ( 'NONE',  ( -1.000000000000000000, -0.0000000000000000000, 3.049318610115480700E-016 ) ) ;
#9846 = DIRECTION ( 'NONE',  ( -1.000000000000000000, 0.0000000000000000000, 3.971436529250929000E-016 ) ) ;
#9847 = VECTOR ( 'NONE', #9385, 1000.000000000000000 ) ;
#9848 = EDGE_CURVE ( 'NONE', #10225, #677, #4382, .T. ) ;
#9849 = CARTESIAN_POINT ( 'NONE',  ( 2.660000000000000100, 0.4249999999999998200, 0.6499999999999964700 ) ) ;
#9850 = LINE ( 'NONE', #10462, #5157 ) ;
#9851 = DIRECTION ( 'NONE',  ( 0.0000000000000000000, -0.7071067811865475700, -0.7071067811865475700 ) ) ;
#9852 = VERTEX_POINT ( 'NONE', #10467 ) ;
#9853 = ORIENTED_EDGE ( 'NONE', *, *, #8000, .T. ) ;
#9854 = DIRECTION ( 'NONE',  ( -1.000000000000000000, -0.0000000000000000000, -0.0000000000000000000 ) ) ;
#9855 = VECTOR ( 'NONE', #7289, 1000.000000000000000 ) ;
#9856 = LINE ( 'NONE', #1958, #7508 ) ;
#9857 = SURFACE_SIDE_STYLE ('',( #10241 ) ) ;
#9858 = ORIENTED_EDGE ( 'NONE', *, *, #6097, .T. ) ;
#9859 = LINE ( 'NONE', #7460, #4896 ) ;
#9860 = CARTESIAN_POINT ( 'NONE',  ( -1.409999999999999900, 0.4249999999999998200, 0.6499999999999982500 ) ) ;
#9861 = EDGE_CURVE ( 'NONE', #6577, #4938, #9348, .T. ) ;
#9862 = ORIENTED_EDGE ( 'NONE', *, *, #5299, .F. ) ;
#9863 = ORIENTED_EDGE ( 'NONE', *, *, #10440, .T. ) ;
#9864 = ORIENTED_EDGE ( 'NONE', *, *, #1551, .T. ) ;
#9865 = ORIENTED_EDGE ( 'NONE', *, *, #3210, .F. ) ;
#9866 = EDGE_CURVE ( 'NONE', #238, #8721, #11136, .T. ) ;
#9867 = EDGE_CURVE ( 'NONE', #5622, #2647, #6745, .T. ) ;
#9868 = VECTOR ( 'NONE', #7821, 1000.000000000000000 ) ;
#9869 = DIRECTION ( 'NONE',  ( -1.000000000000000000, 0.0000000000000000000, -0.0000000000000000000 ) ) ;
#9870 = VECTOR ( 'NONE', #1367, 1000.000000000000000 ) ;
#9871 = ORIENTED_EDGE ( 'NONE', *, *, #201, .T. ) ;
#9872 =( NAMED_UNIT ( * ) SI_UNIT ( $, .STERADIAN. ) SOLID_ANGLE_UNIT ( ) );
#9873 = ORIENTED_EDGE ( 'NONE', *, *, #7987, .F. ) ;
#9874 = ORIENTED_EDGE ( 'NONE', *, *, #2025, .T. ) ;
#9875 = DIRECTION ( 'NONE',  ( 0.0000000000000000000, -1.000000000000000000, 0.0000000000000000000 ) ) ;
#9876 = LINE ( 'NONE', #8154, #2839 ) ;
#9877 = FILL_AREA_STYLE_COLOUR ( '', #10860 ) ;
#9878 = DIRECTION ( 'NONE',  ( 0.0000000000000000000, -0.7071067811865496800, -0.7071067811865453500 ) ) ;
#9879 = DIRECTION ( 'NONE',  ( 0.0000000000000000000, 1.000000000000000000, 0.0000000000000000000 ) ) ;
#9880 = EDGE_CURVE ( 'NONE', #3078, #2106, #8793, .T. ) ;
#9881 = EDGE_LOOP ( 'NONE', ( #5544, #917, #7670, #2268 ) ) ;
#9882 = PRESENTATION_LAYER_ASSIGNMENT (  '', '', ( #8687 ) ) ;
#9883 = SURFACE_STYLE_FILL_AREA ( #3096 ) ;
#9884 = CARTESIAN_POINT ( 'NONE',  ( -4.524000000000000900, 1.100000000000000100, 1.226000000000000000 ) ) ;
#9885 =( NAMED_UNIT ( * ) PLANE_ANGLE_UNIT ( ) SI_UNIT ( $, .RADIAN. ) );
#9886 = DIRECTION ( 'NONE',  ( 1.000000000000000000, 2.710505431213761100E-017, 0.0000000000000000000 ) ) ;
#9887 = DIRECTION ( 'NONE',  ( 0.0000000000000000000, 0.7071067811865436900, -0.7071067811865513500 ) ) ;
#9888 = CARTESIAN_POINT ( 'NONE',  ( 1.409999999999999700, 2.500000000000000000, -1.084202172485504400E-016 ) ) ;
#9889 = EDGE_LOOP ( 'NONE', ( #11449, #10800, #8219, #10627 ) ) ;
#9890 =( NAMED_UNIT ( * ) SI_UNIT ( $, .STERADIAN. ) SOLID_ANGLE_UNIT ( ) );
#9891 = FACE_OUTER_BOUND ( 'NONE', #3595, .T. ) ;
#9892 = STYLED_ITEM ( 'NONE', ( #9004 ), #2974 ) ;
#9893 = ORIENTED_EDGE ( 'NONE', *, *, #11406, .T. ) ;
#9894 = VECTOR ( 'NONE', #10610, 1000.000000000000000 ) ;
#9895 = ADVANCED_FACE ( 'NONE', ( #4117 ), #1710, .F. ) ;
#9896 = DIRECTION ( 'NONE',  ( 0.0000000000000000000, 0.0000000000000000000, -1.000000000000000000 ) ) ;
#9897 = CARTESIAN_POINT ( 'NONE',  ( 2.500000000000000000, 8.923474670662592800E-017, 0.6499999999999982500 ) ) ;
#9898 = SURFACE_SIDE_STYLE ('',( #4333 ) ) ;
#9899 =( GEOMETRIC_REPRESENTATION_CONTEXT ( 3 ) GLOBAL_UNCERTAINTY_ASSIGNED_CONTEXT ( ( #8232 ) ) GLOBAL_UNIT_ASSIGNED_CONTEXT ( ( #3536, #9677, #4386 ) ) REPRESENTATION_CONTEXT ( 'NONE', 'WORKASPACE' ) );
#9900 = EDGE_LOOP ( 'NONE', ( #5556, #7454, #11398, #2267, #932, #6599, #693, #11487, #3978, #6607, #2947, #3172, #9463, #1670, #4685, #1353, #9831, #11497 ) ) ;
#9901 = EDGE_LOOP ( 'NONE', ( #4169, #10073, #8376, #6024 ) ) ;
#9902 = CARTESIAN_POINT ( 'NONE',  ( 2.339999999999999900, 2.549999999999999800, 0.4499999999999999000 ) ) ;
#9903 = EDGE_CURVE ( 'NONE', #1137, #1839, #1468, .T. ) ;
#9904 =( LENGTH_UNIT ( ) NAMED_UNIT ( * ) SI_UNIT ( .MILLI., .METRE. ) );
#9905 = PRESENTATION_LAYER_ASSIGNMENT (  '', '', ( #8716 ) ) ;
#9906 = CARTESIAN_POINT ( 'NONE',  ( -5.500000000000001800, -1.100000000000000100, 0.7999999999999977100 ) ) ;
#9907 = CARTESIAN_POINT ( 'NONE',  ( 2.025000000000001200, -1.100000000000000100, 3.249999999999995100 ) ) ;
#9908 = CARTESIAN_POINT ( 'NONE',  ( 2.560000000000000100, -0.3750000000000005600, 3.999999999999993300 ) ) ;
#9909 = CARTESIAN_POINT ( 'NONE',  ( 1.089999999999999900, 2.350000000000003200, 0.6499999999999986900 ) ) ;
#9910 = VECTOR ( 'NONE', #2419, 1000.000000000000000 ) ;
#9911 = ORIENTED_EDGE ( 'NONE', *, *, #6618, .T. ) ;
#9912 = FILL_AREA_STYLE ('',( #2865 ) ) ;
#9913 = SURFACE_SIDE_STYLE ('',( #5713 ) ) ;
#9914 = CARTESIAN_POINT ( 'NONE',  ( -1.090000000000000100, 3.000000000000000000, 0.4499999999999998400 ) ) ;
#9915 = EDGE_LOOP ( 'NONE', ( #6841, #8283, #9357, #672 ) ) ;
#9916 = ORIENTED_EDGE ( 'NONE', *, *, #5647, .F. ) ;
#9917 = EDGE_CURVE ( 'NONE', #6532, #2730, #6198, .T. ) ;
#9918 = ORIENTED_EDGE ( 'NONE', *, *, #6702, .F. ) ;
#9919 = FILL_AREA_STYLE ('',( #6341 ) ) ;
#9920 = CARTESIAN_POINT ( 'NONE',  ( 1.409999999999999700, 0.2499999999999996700, 0.1799999999999966600 ) ) ;
#9921 = EDGE_CURVE ( 'NONE', #8973, #2634, #10604, .T. ) ;
#9922 = CARTESIAN_POINT ( 'NONE',  ( 3.500000000000000900, -0.4000000000000000800, 0.04999999999999763700 ) ) ;
#9923 = CARTESIAN_POINT ( 'NONE',  ( 2.660000000000001000, -0.3750000000000003300, 1.749999999999996400 ) ) ;
#9924 = ORIENTED_EDGE ( 'NONE', *, *, #8668, .F. ) ;
#9925 = ORIENTED_EDGE ( 'NONE', *, *, #8293, .T. ) ;
#9926 = CARTESIAN_POINT ( 'NONE',  ( -3.399999999999999500, 2.000000000000000000, 3.699999999999996600 ) ) ;
#9927 = DIRECTION ( 'NONE',  ( 0.0000000000000000000, -1.000000000000000000, 0.0000000000000000000 ) ) ;
#9928 = ORIENTED_EDGE ( 'NONE', *, *, #9681, .F. ) ;
#9929 = PRESENTATION_STYLE_ASSIGNMENT (( #6837 ) ) ;
#9930 = ORIENTED_EDGE ( 'NONE', *, *, #10825, .F. ) ;
#9931 = CARTESIAN_POINT ( 'NONE',  ( -4.000000000000000900, 1.399999999999999700, 2.400000000000000800 ) ) ;
#9932 = DIRECTION ( 'NONE',  ( -1.000000000000000000, -0.0000000000000000000, -0.0000000000000000000 ) ) ;
#9933 = EDGE_CURVE ( 'NONE', #4404, #10938, #3834, .T. ) ;
#9934 = ORIENTED_EDGE ( 'NONE', *, *, #1637, .T. ) ;
#9935 = DIRECTION ( 'NONE',  ( 0.0000000000000000000, 0.7071067811865436900, -0.7071067811865513500 ) ) ;
#9936 = FILL_AREA_STYLE_COLOUR ( '', #132 ) ;
#9937 = UNCERTAINTY_MEASURE_WITH_UNIT (LENGTH_MEASURE( 1.000000000000000100E-005 ), #10547, 'distance_accuracy_value', 'NONE');
#9938 = ADVANCED_FACE ( 'NONE', ( #1187 ), #9695, .T. ) ;
#9939 = ORIENTED_EDGE ( 'NONE', *, *, #2331, .T. ) ;
#9940 = EDGE_CURVE ( 'NONE', #4657, #8018, #7138, .T. ) ;
#9941 = FACE_BOUND ( 'NONE', #3052, .T. ) ;
#9942 = COLOUR_RGB ( '',0.8000000000000000400, 0.8078431372549019800, 0.8000000000000000400 ) ;
#9943 = ORIENTED_EDGE ( 'NONE', *, *, #8526, .F. ) ;
#9944 = VECTOR ( 'NONE', #2034, 1000.000000000000000 ) ;
#9945 = SURFACE_SIDE_STYLE ('',( #682 ) ) ;
#9946 = ORIENTED_EDGE ( 'NONE', *, *, #1182, .F. ) ;
#9947 = VERTEX_POINT ( 'NONE', #5342 ) ;
#9948 = MECHANICAL_DESIGN_GEOMETRIC_PRESENTATION_REPRESENTATION (  '', ( #8156 ), #10548 ) ;
#9949 = CARTESIAN_POINT ( 'NONE',  ( -5.020000000000001400, 1.100000000000000100, 1.276000000000000000 ) ) ;
#9950 = STYLED_ITEM ( 'NONE', ( #2924 ), #647 ) ;
#9951 = PLANE ( 'NONE',  #10149 ) ;
#9952 =( NAMED_UNIT ( * ) PLANE_ANGLE_UNIT ( ) SI_UNIT ( $, .RADIAN. ) );
#9953 = FACE_OUTER_BOUND ( 'NONE', #202, .T. ) ;
#9954 = FACE_BOUND ( 'NONE', #11362, .T. ) ;
#9955 = FACE_OUTER_BOUND ( 'NONE', #7143, .T. ) ;
#9956 = ADVANCED_FACE ( 'NONE', ( #2461 ), #10624, .T. ) ;
#9957 = FACE_OUTER_BOUND ( 'NONE', #9038, .T. ) ;
#9958 = VERTEX_POINT ( 'NONE', #8878 ) ;
#9959 = VECTOR ( 'NONE', #6396, 1000.000000000000000 ) ;
#9960 = CARTESIAN_POINT ( 'NONE',  ( -2.075000000000000600, 2.600000000000000100, 0.2999999999999987100 ) ) ;
#9961 = MECHANICAL_DESIGN_GEOMETRIC_PRESENTATION_REPRESENTATION (  '', ( #8165 ), #10564 ) ;
#9962 = CARTESIAN_POINT ( 'NONE',  ( -1.409999999999999900, 2.999999999999999600, -1.761828530288944700E-016 ) ) ;
#9963 = VECTOR ( 'NONE', #8057, 1000.000000000000000 ) ;
#9964 = CARTESIAN_POINT ( 'NONE',  ( -4.524000000000000900, 1.100000000000000100, -2.710505431213761100E-017 ) ) ;
#9965 = LINE ( 'NONE', #1090, #4992 ) ;
#9966 = DIRECTION ( 'NONE',  ( 0.1904761904761875000, 0.2380952380952350300, 0.9523809523809537700 ) ) ;
#9967 = DIRECTION ( 'NONE',  ( 1.000000000000000000, 0.0000000000000000000, 0.0000000000000000000 ) ) ;
#9968 = VECTOR ( 'NONE', #1661, 1000.000000000000000 ) ;
#9969 =( NAMED_UNIT ( * ) PLANE_ANGLE_UNIT ( ) SI_UNIT ( $, .RADIAN. ) );
#9970 = LINE ( 'NONE', #10967, #3209 ) ;
#9971 = DIRECTION ( 'NONE',  ( 0.1940285000290632400, -0.1455213750217967100, 0.9701425001453329900 ) ) ;
#9972 = CARTESIAN_POINT ( 'NONE',  ( 1.239088197126313500E-015, 2.000000000000002200, 3.699999999999996600 ) ) ;
#9973 = DIRECTION ( 'NONE',  ( 0.0000000000000000000, -1.000000000000000000, -0.0000000000000000000 ) ) ;
#9974 = SURFACE_STYLE_FILL_AREA ( #8339 ) ;
#9975 = PRESENTATION_LAYER_ASSIGNMENT (  '', '', ( #8779 ) ) ;
#9976 = DIRECTION ( 'NONE',  ( 0.5773502691896242900, 0.5773502691896264000, -0.5773502691896265100 ) ) ;
#9977 = ORIENTED_EDGE ( 'NONE', *, *, #1509, .T. ) ;
#9978 = ORIENTED_EDGE ( 'NONE', *, *, #4009, .F. ) ;
#9979 = SURFACE_STYLE_FILL_AREA ( #7368 ) ;
#9980 = CARTESIAN_POINT ( 'NONE',  ( -3.999999999999999100, -1.100000000000000100, 0.2999999999999999900 ) ) ;
#9981 = DIRECTION ( 'NONE',  ( -1.000000000000000000, 0.0000000000000000000, 0.0000000000000000000 ) ) ;
#9982 = DIRECTION ( 'NONE',  ( 0.0000000000000000000, -4.336808689942014600E-015, 1.000000000000000000 ) ) ;
#9983 = LINE ( 'NONE', #10882, #7619 ) ;
#9984 = PRESENTATION_LAYER_ASSIGNMENT (  '', '', ( #8784 ) ) ;
#9985 = PLANE ( 'NONE',  #5628 ) ;
#9986 = COLOUR_RGB ( '',0.8000000000000000400, 0.8078431372549019800, 0.8000000000000000400 ) ;
#9987 = EDGE_LOOP ( 'NONE', ( #3541, #7398, #1159, #10076 ) ) ;
#9988 = ORIENTED_EDGE ( 'NONE', *, *, #1252, .F. ) ;
#9989 = FACE_OUTER_BOUND ( 'NONE', #3644, .T. ) ;
#9990 = VECTOR ( 'NONE', #9338, 1000.000000000000000 ) ;
#9991 = VECTOR ( 'NONE', #4817, 1000.000000000000000 ) ;
#9992 = VECTOR ( 'NONE', #8190, 1000.000000000000000 ) ;
#9993 = MECHANICAL_DESIGN_GEOMETRIC_PRESENTATION_REPRESENTATION (  '', ( #8199 ), #10586 ) ;
#9994 = VECTOR ( 'NONE', #4114, 1000.000000000000000 ) ;
#9995 = CARTESIAN_POINT ( 'NONE',  ( -2.339999999999999900, 3.000000000000000000, 0.4499999999999998400 ) ) ;
#9996 = FACE_OUTER_BOUND ( 'NONE', #11438, .T. ) ;
#9997 = CARTESIAN_POINT ( 'NONE',  ( 2.339999999999999900, 3.000000000000000000, 0.4499999999999998400 ) ) ;
#9998 = CARTESIAN_POINT ( 'NONE',  ( -2.339999999999999900, 3.100000000000000100, 0.3499999999999989800 ) ) ;
#9999 =( NAMED_UNIT ( * ) SI_UNIT ( $, .STERADIAN. ) SOLID_ANGLE_UNIT ( ) );
#10000 = VERTEX_POINT ( 'NONE', #10667 ) ;
#10001 = EDGE_LOOP ( 'NONE', ( #547, #1741, #670, #4308 ) ) ;
#10002 = ORIENTED_EDGE ( 'NONE', *, *, #2706, .T. ) ;
#10003 = EDGE_CURVE ( 'NONE', #10475, #9276, #4809, .T. ) ;
#10004 = COLOUR_RGB ( '',0.8000000000000000400, 0.8078431372549019800, 0.8000000000000000400 ) ;
#10005 = EDGE_CURVE ( 'NONE', #7661, #4488, #1622, .T. ) ;
#10006 = DIRECTION ( 'NONE',  ( -1.000000000000000000, 0.0000000000000000000, 0.0000000000000000000 ) ) ;
#10007 = ORIENTED_EDGE ( 'NONE', *, *, #4994, .T. ) ;
#10008 = SURFACE_SIDE_STYLE ('',( #2529 ) ) ;
#10009 = SURFACE_STYLE_USAGE ( .BOTH. , #9913 ) ;
#10010 = ADVANCED_FACE ( 'NONE', ( #3977 ), #3659, .F. ) ;
#10011 = DIRECTION ( 'NONE',  ( -0.0000000000000000000, 1.000000000000000000, -0.0000000000000000000 ) ) ;
#10012 = VERTEX_POINT ( 'NONE', #947 ) ;
#10013 = ORIENTED_EDGE ( 'NONE', *, *, #5652, .F. ) ;
#10014 = CARTESIAN_POINT ( 'NONE',  ( -1.090000000000000100, 0.2499999999999996700, 0.1799999999999966600 ) ) ;
#10015 = ORIENTED_EDGE ( 'NONE', *, *, #1637, .F. ) ;
#10016 = CARTESIAN_POINT ( 'NONE',  ( 0.4249999999999996000, 2.600000000000000100, 0.2999999999999982100 ) ) ;
#10017 = VECTOR ( 'NONE', #1245, 1000.000000000000000 ) ;
#10018 = DIRECTION ( 'NONE',  ( -1.000000000000000000, -0.0000000000000000000, -0.0000000000000000000 ) ) ;
#10019 = VECTOR ( 'NONE', #9661, 1000.000000000000100 ) ;
#10020 = UNCERTAINTY_MEASURE_WITH_UNIT (LENGTH_MEASURE( 1.000000000000000100E-005 ), #5414, 'distance_accuracy_value', 'NONE');
#10021 = DIRECTION ( 'NONE',  ( 0.0000000000000000000, 0.0000000000000000000, 1.000000000000000000 ) ) ;
#10022 = EDGE_CURVE ( 'NONE', #6946, #4985, #2868, .T. ) ;
#10023 = EDGE_CURVE ( 'NONE', #1331, #8956, #7551, .T. ) ;
#10024 = ADVANCED_FACE ( 'NONE', ( #471 ), #1018, .T. ) ;
#10025 = PLANE ( 'NONE',  #534 ) ;
#10026 = EDGE_CURVE ( 'NONE', #2191, #11383, #1753, .T. ) ;
#10027 = ORIENTED_EDGE ( 'NONE', *, *, #9012, .F. ) ;
#10028 = VECTOR ( 'NONE', #8788, 1000.000000000000000 ) ;
#10029 = PLANE ( 'NONE',  #2424 ) ;
#10030 = ORIENTED_EDGE ( 'NONE', *, *, #7635, .F. ) ;
#10031 = COLOUR_RGB ( '',0.8000000000000000400, 0.8078431372549019800, 0.8000000000000000400 ) ;
#10032 = DIRECTION ( 'NONE',  ( -0.1904761904761876300, 0.2380952380952350000, 0.9523809523809536600 ) ) ;
#10033 = CARTESIAN_POINT ( 'NONE',  ( -2.660000000000000100, 2.200000000000004200, 0.2999999999999989900 ) ) ;
#10034 = ORIENTED_EDGE ( 'NONE', *, *, #265, .F. ) ;
#10035 = VECTOR ( 'NONE', #468, 1000.000000000000000 ) ;
#10036 = CARTESIAN_POINT ( 'NONE',  ( -2.339999999999999900, 3.100000000000000100, 0.3499999999999989800 ) ) ;
#10037 = PRESENTATION_STYLE_ASSIGNMENT (( #2028 ) ) ;
#10038 =( GEOMETRIC_REPRESENTATION_CONTEXT ( 3 ) GLOBAL_UNCERTAINTY_ASSIGNED_CONTEXT ( ( #3375 ) ) GLOBAL_UNIT_ASSIGNED_CONTEXT ( ( #2836, #8976, #3710 ) ) REPRESENTATION_CONTEXT ( 'NONE', 'WORKASPACE' ) );
#10039 =( LENGTH_UNIT ( ) NAMED_UNIT ( * ) SI_UNIT ( .MILLI., .METRE. ) );
#10040 = EDGE_CURVE ( 'NONE', #8221, #1102, #8786, .T. ) ;
#10041 = ORIENTED_EDGE ( 'NONE', *, *, #9413, .F. ) ;
#10042 = AXIS2_PLACEMENT_3D ( 'NONE', #8456, #3182, #9342 ) ;
#10043 = CARTESIAN_POINT ( 'NONE',  ( -2.339999999999999900, 0.2499999999999996700, 0.1799999999999966600 ) ) ;
#10044 = STYLED_ITEM ( 'NONE', ( #5717 ), #1715 ) ;
#10045 = AXIS2_PLACEMENT_3D ( 'NONE', #1631, #2538, #8682 ) ;
#10046 = LINE ( 'NONE', #3798, #5346 ) ;
#10047 = LINE ( 'NONE', #6078, #2735 ) ;
#10048 =( LENGTH_UNIT ( ) NAMED_UNIT ( * ) SI_UNIT ( .MILLI., .METRE. ) );
#10049 = CARTESIAN_POINT ( 'NONE',  ( -0.4250000000000000400, -1.100000000000000300, 0.6499999999999982500 ) ) ;
#10050 = PLANE ( 'NONE',  #1290 ) ;
#10051 = CARTESIAN_POINT ( 'NONE',  ( 0.1599999999999999800, 2.999999999999999600, -1.761828530288944700E-016 ) ) ;
#10052 = CARTESIAN_POINT ( 'NONE',  ( 0.0000000000000000000, 0.0000000000000000000, 3.699999999999996600 ) ) ;
#10053 = AXIS2_PLACEMENT_3D ( 'NONE', #5102, #751, #6952 ) ;
#10054 = FILL_AREA_STYLE ('',( #4640 ) ) ;
#10055 = ORIENTED_EDGE ( 'NONE', *, *, #9231, .F. ) ;
#10056 =( LENGTH_UNIT ( ) NAMED_UNIT ( * ) SI_UNIT ( .MILLI., .METRE. ) );
#10057 = CARTESIAN_POINT ( 'NONE',  ( -1.309999999999999800, -0.2500000000000006700, 3.999999999999993300 ) ) ;
#10058 = DIRECTION ( 'NONE',  ( -1.000000000000000000, 0.0000000000000000000, -4.371782953570583600E-016 ) ) ;
#10059 = SURFACE_STYLE_USAGE ( .BOTH. , #3876 ) ;
#10060 = PRESENTATION_LAYER_ASSIGNMENT (  '', '', ( #8863 ) ) ;
#10061 = CARTESIAN_POINT ( 'NONE',  ( -1.409999999999999900, -0.1500000000000003300, 0.2999999999999965500 ) ) ;
#10062 = ADVANCED_FACE ( 'NONE', ( #4107 ), #620, .T. ) ;
#10063 = EDGE_CURVE ( 'NONE', #8285, #2764, #10046, .T. ) ;
#10064 = FILL_AREA_STYLE ('',( #302 ) ) ;
#10065 = ORIENTED_EDGE ( 'NONE', *, *, #8363, .F. ) ;
#10066 = AXIS2_PLACEMENT_3D ( 'NONE', #1061, #7263, #1990 ) ;
#10067 = EDGE_CURVE ( 'NONE', #2983, #10092, #7684, .T. ) ;
#10068 = ORIENTED_EDGE ( 'NONE', *, *, #6740, .F. ) ;
#10069 = VERTEX_POINT ( 'NONE', #10853 ) ;
#10070 = FILL_AREA_STYLE ('',( #1036 ) ) ;
#10071 = CARTESIAN_POINT ( 'NONE',  ( 0.1599999999999999800, 2.500000000000000000, -1.084202172485504400E-016 ) ) ;
#10072 = ADVANCED_FACE ( 'NONE', ( #2733 ), #6468, .T. ) ;
#10073 = ORIENTED_EDGE ( 'NONE', *, *, #2917, .F. ) ;
#10074 = FACE_OUTER_BOUND ( 'NONE', #1057, .T. ) ;
#10075 = EDGE_LOOP ( 'NONE', ( #9319, #10240, #8535, #1034 ) ) ;
#10076 = ORIENTED_EDGE ( 'NONE', *, *, #6115, .T. ) ;
#10077 = ORIENTED_EDGE ( 'NONE', *, *, #11160, .F. ) ;
#10078 = DIRECTION ( 'NONE',  ( 0.0000000000000000000, 0.0000000000000000000, -1.000000000000000000 ) ) ;
#10079 = DIRECTION ( 'NONE',  ( 0.0000000000000000000, 0.0000000000000000000, -1.000000000000000000 ) ) ;
#10080 = VECTOR ( 'NONE', #972, 1000.000000000000000 ) ;
#10081 = DIRECTION ( 'NONE',  ( 1.000000000000000000, 0.0000000000000000000, 0.0000000000000000000 ) ) ;
#10082 = DIRECTION ( 'NONE',  ( 0.0000000000000000000, -1.000000000000000000, 0.0000000000000000000 ) ) ;
#10083 = DIRECTION ( 'NONE',  ( 0.0000000000000000000, 0.0000000000000000000, -1.000000000000000000 ) ) ;
#10084 = EDGE_CURVE ( 'NONE', #7134, #1435, #3015, .T. ) ;
#10085 = FILL_AREA_STYLE_COLOUR ( '', #10728 ) ;
#10086 = DIRECTION ( 'NONE',  ( -0.0000000000000000000, 1.000000000000000000, 0.0000000000000000000 ) ) ;
#10087 = EDGE_CURVE ( 'NONE', #8956, #11027, #4248, .T. ) ;
#10088 = ORIENTED_EDGE ( 'NONE', *, *, #2463, .F. ) ;
#10089 = CARTESIAN_POINT ( 'NONE',  ( -4.000000000000000900, -1.100000000000000100, 0.2999999999999999900 ) ) ;
#10090 = EDGE_CURVE ( 'NONE', #9421, #2867, #1896, .T. ) ;
#10091 = DIRECTION ( 'NONE',  ( 1.000000000000000000, 0.0000000000000000000, 2.168404344971008900E-016 ) ) ;
#10092 = VERTEX_POINT ( 'NONE', #2081 ) ;
#10093 = SURFACE_STYLE_FILL_AREA ( #10334 ) ;
#10094 = CARTESIAN_POINT ( 'NONE',  ( -3.500000000000001300, 1.700000000000000000, 0.04999999999999980800 ) ) ;
#10095 = ORIENTED_EDGE ( 'NONE', *, *, #2849, .F. ) ;
#10096 = VECTOR ( 'NONE', #8192, 1000.000000000000000 ) ;
#10097 = MANIFOLD_SOLID_BREP ( 'Фаска7', #7491 ) ;
#10098 = DIRECTION ( 'NONE',  ( 0.0000000000000000000, 1.000000000000000000, 1.141265444721583800E-016 ) ) ;
#10099 = DIRECTION ( 'NONE',  ( 0.7071067811865490200, -3.833233541708451400E-016, 0.7071067811865461300 ) ) ;
#10100 = VECTOR ( 'NONE', #2411, 1000.000000000000000 ) ;
#10101 = ORIENTED_EDGE ( 'NONE', *, *, #2562, .F. ) ;
#10102 = CARTESIAN_POINT ( 'NONE',  ( 5.020000000000001400, -0.8799999999999969000, 1.275999999999999800 ) ) ;
#10103 = EDGE_LOOP ( 'NONE', ( #2205, #1717, #1118, #931 ) ) ;
#10104 = EDGE_CURVE ( 'NONE', #7210, #8588, #3138, .T. ) ;
#10105 = LINE ( 'NONE', #3940, #10653 ) ;
#10106 = SURFACE_STYLE_FILL_AREA ( #10659 ) ;
#10107 = CARTESIAN_POINT ( 'NONE',  ( 2.660000000000000100, -0.1500000000000003000, 0.1799999999999965800 ) ) ;
#10108 = LINE ( 'NONE', #8511, #5128 ) ;
#10109 = LINE ( 'NONE', #2887, #3352 ) ;
#10110 = DIRECTION ( 'NONE',  ( 0.0000000000000000000, 0.0000000000000000000, 1.000000000000000000 ) ) ;
#10111 = VERTEX_POINT ( 'NONE', #1180 ) ;
#10112 = VERTEX_POINT ( 'NONE', #3033 ) ;
#10113 = ORIENTED_EDGE ( 'NONE', *, *, #10452, .F. ) ;
#10114 = DIRECTION ( 'NONE',  ( 0.0000000000000000000, -0.7071067811865439100, 0.7071067811865512400 ) ) ;
#10115 = LINE ( 'NONE', #2021, #968 ) ;
#10116 = STYLED_ITEM ( 'NONE', ( #4184 ), #8207 ) ;
#10117 = PRESENTATION_LAYER_ASSIGNMENT (  '', '', ( #8906 ) ) ;
#10118 = CARTESIAN_POINT ( 'NONE',  ( 4.000000000000001800, 2.299999999999998900, 1.749999999999996400 ) ) ;
#10119 = VERTEX_POINT ( 'NONE', #4801 ) ;
#10120 = VECTOR ( 'NONE', #11394, 1000.000000000000000 ) ;
#10121 = CARTESIAN_POINT ( 'NONE',  ( -0.8249999999999999600, -1.100000000000000300, 0.6499999999999984700 ) ) ;
#10122 =( GEOMETRIC_REPRESENTATION_CONTEXT ( 3 ) GLOBAL_UNCERTAINTY_ASSIGNED_CONTEXT ( ( #4559 ) ) GLOBAL_UNIT_ASSIGNED_CONTEXT ( ( #578, #6778, #1471 ) ) REPRESENTATION_CONTEXT ( 'NONE', 'WORKASPACE' ) );
#10123 = VECTOR ( 'NONE', #2524, 1000.000000000000000 ) ;
#10124 = EDGE_LOOP ( 'NONE', ( #4213, #6791, #4075, #3816 ) ) ;
#10126 = ADVANCED_FACE ( 'NONE', ( #9891 ), #10050, .F. ) ;
#10125 = ORIENTED_EDGE ( 'NONE', *, *, #3435, .T. ) ;
#10127 = UNCERTAINTY_MEASURE_WITH_UNIT (LENGTH_MEASURE( 1.000000000000000100E-005 ), #10252, 'distance_accuracy_value', 'NONE');
#10128 = FACE_OUTER_BOUND ( 'NONE', #5685, .T. ) ;
#10129 = CARTESIAN_POINT ( 'NONE',  ( 3.500000000000000900, 2.600000000000000100, 0.04999999999999763700 ) ) ;
#10130 = DIRECTION ( 'NONE',  ( 0.0000000000000000000, -0.7071067811865511300, -0.7071067811865440200 ) ) ;
#10131 = DIRECTION ( 'NONE',  ( 0.0000000000000000000, 1.000000000000000000, -1.204669080539448900E-016 ) ) ;
#10132 = LINE ( 'NONE', #10208, #2245 ) ;
#10133 =( NAMED_UNIT ( * ) PLANE_ANGLE_UNIT ( ) SI_UNIT ( $, .RADIAN. ) );
#10134 = CARTESIAN_POINT ( 'NONE',  ( -1.409999999999999900, 0.4249999999999998200, 0.6499999999999964700 ) ) ;
#10135 = SURFACE_STYLE_USAGE ( .BOTH. , #10894 ) ;
#10136 = LINE ( 'NONE', #3426, #419 ) ;
#10137 = MECHANICAL_DESIGN_GEOMETRIC_PRESENTATION_REPRESENTATION (  '', ( #8344 ), #10717 ) ;
#10138 = ORIENTED_EDGE ( 'NONE', *, *, #5085, .F. ) ;
#10139 = EDGE_LOOP ( 'NONE', ( #8323, #270, #10822, #4625 ) ) ;
#10140 = PRESENTATION_STYLE_ASSIGNMENT (( #11447 ) ) ;
#10141 = CARTESIAN_POINT ( 'NONE',  ( -0.05171764705882335400, 0.3437882352941176200, 4.041411764705874700 ) ) ;
#10142 = ADVANCED_FACE ( 'NONE', ( #2294 ), #5737, .T. ) ;
#10143 = LINE ( 'NONE', #4672, #715 ) ;
#10144 = DIRECTION ( 'NONE',  ( 0.0000000000000000000, -1.000000000000000000, 0.0000000000000000000 ) ) ;
#10145 = EDGE_CURVE ( 'NONE', #11040, #11196, #5903, .T. ) ;
#10146 = VECTOR ( 'NONE', #1030, 1000.000000000000000 ) ;
#10147 = CARTESIAN_POINT ( 'NONE',  ( -2.925000000000000300, -1.100000000000000300, 0.6499999999999986900 ) ) ;
#10148 = VECTOR ( 'NONE', #5519, 1000.000000000000000 ) ;
#10149 = AXIS2_PLACEMENT_3D ( 'NONE', #5548, #215, #6460 ) ;
#10150 = SURFACE_STYLE_USAGE ( .BOTH. , #3968 ) ;
#10151 = VERTEX_POINT ( 'NONE', #11033 ) ;
#10152 = ORIENTED_EDGE ( 'NONE', *, *, #8733, .F. ) ;
#10153 = VERTEX_POINT ( 'NONE', #5768 ) ;
#10154 =( NAMED_UNIT ( * ) PLANE_ANGLE_UNIT ( ) SI_UNIT ( $, .RADIAN. ) );
#10155 = DIRECTION ( 'NONE',  ( -1.000000000000000000, 0.0000000000000000000, -2.168404344971008900E-016 ) ) ;
#10156 = LINE ( 'NONE', #1695, #9870 ) ;
#10157 = CARTESIAN_POINT ( 'NONE',  ( -0.1599999999999999800, 0.4249999999999998200, 3.999999999999993300 ) ) ;
#10158 = PLANE ( 'NONE',  #8100 ) ;
#10159 = ORIENTED_EDGE ( 'NONE', *, *, #7308, .F. ) ;
#10160 = EDGE_CURVE ( 'NONE', #4921, #7109, #8220, .T. ) ;
#10161 = VERTEX_POINT ( 'NONE', #389 ) ;
#10162 = EDGE_LOOP ( 'NONE', ( #5754, #1955, #5502, #5613 ) ) ;
#10163 = EDGE_CURVE ( 'NONE', #7661, #8256, #1170, .T. ) ;
#10164 = VECTOR ( 'NONE', #1966, 1000.000000000000000 ) ;
#10165 = EDGE_LOOP ( 'NONE', ( #2684, #9612, #11455, #5345 ) ) ;
#10166 = SURFACE_STYLE_FILL_AREA ( #3360 ) ;
#10167 = CARTESIAN_POINT ( 'NONE',  ( -4.200000000000000200, 1.700000000000000000, 2.200000000000000200 ) ) ;
#10168 = CARTESIAN_POINT ( 'NONE',  ( -2.339999999999999900, -0.6250000000000003300, 0.6499999999999964700 ) ) ;
#10169 = DIRECTION ( 'NONE',  ( 0.0000000000000000000, 2.258754526011468200E-016, -1.000000000000000000 ) ) ;
#10170 = DIRECTION ( 'NONE',  ( -0.0000000000000000000, 0.0000000000000000000, -1.000000000000000000 ) ) ;
#10171 = CARTESIAN_POINT ( 'NONE',  ( -5.046000000000002000, -1.451999999999999700, 0.7039999999999981800 ) ) ;
#10172 = DIRECTION ( 'NONE',  ( 0.7071067811865474600, 0.7071067811865474600, 1.629776165692362500E-017 ) ) ;
#10173 = ORIENTED_EDGE ( 'NONE', *, *, #7719, .F. ) ;
#10174 = ORIENTED_EDGE ( 'NONE', *, *, #445, .T. ) ;
#10175 = CARTESIAN_POINT ( 'NONE',  ( -2.339999999999999400, -0.3750000000000003300, 1.749999999999996400 ) ) ;
#10176 = EDGE_CURVE ( 'NONE', #8463, #1149, #3560, .T. ) ;
#10177 = VECTOR ( 'NONE', #6612, 1000.000000000000000 ) ;
#10178 = ORIENTED_EDGE ( 'NONE', *, *, #9867, .F. ) ;
#10179 = CARTESIAN_POINT ( 'NONE',  ( 2.660000000000000100, 2.999999999999999600, -1.761828530288944700E-016 ) ) ;
#10180 = EDGE_CURVE ( 'NONE', #7891, #1882, #3282, .T. ) ;
#10181 = SURFACE_STYLE_USAGE ( .BOTH. , #3997 ) ;
#10182 = VERTEX_POINT ( 'NONE', #5798 ) ;
#10183 = VERTEX_POINT ( 'NONE', #1368 ) ;
#10184 = ORIENTED_EDGE ( 'NONE', *, *, #8603, .T. ) ;
#10185 = DIRECTION ( 'NONE',  ( 0.0000000000000000000, 0.0000000000000000000, -1.000000000000000000 ) ) ;
#10186 = ADVANCED_FACE ( 'NONE', ( #892 ), #7561, .F. ) ;
#10187 = PRESENTATION_LAYER_ASSIGNMENT (  '', '', ( #8961 ) ) ;
#10188 = VECTOR ( 'NONE', #1769, 1000.000000000000000 ) ;
#10189 = AXIS2_PLACEMENT_3D ( 'NONE', #9650, #7249, #2725 ) ;
#10190 = DIRECTION ( 'NONE',  ( 0.0000000000000000000, 2.258754526011468200E-016, -1.000000000000000000 ) ) ;
#10191 = SURFACE_STYLE_USAGE ( .BOTH. , #4005 ) ;
#10192 =( GEOMETRIC_REPRESENTATION_CONTEXT ( 3 ) GLOBAL_UNCERTAINTY_ASSIGNED_CONTEXT ( ( #4733 ) ) GLOBAL_UNIT_ASSIGNED_CONTEXT ( ( #594, #6793, #1481 ) ) REPRESENTATION_CONTEXT ( 'NONE', 'WORKASPACE' ) );
#10193 = CARTESIAN_POINT ( 'NONE',  ( -1.089999999999999200, 0.4249999999999998200, 0.6499999999999982500 ) ) ;
#10194 = ADVANCED_FACE ( 'NONE', ( #5335 ), #2280, .T. ) ;
#10195 = ORIENTED_EDGE ( 'NONE', *, *, #606, .T. ) ;
#10196 = FILL_AREA_STYLE_COLOUR ( '', #4432 ) ;
#10197 = MECHANICAL_DESIGN_GEOMETRIC_PRESENTATION_REPRESENTATION (  '', ( #8395 ), #10772 ) ;
#10198 = PRESENTATION_LAYER_ASSIGNMENT (  '', '', ( #8981 ) ) ;
#10199 = DIRECTION ( 'NONE',  ( 0.0000000000000000000, -0.7071067811865438000, 0.7071067811865513500 ) ) ;
#10200 = VERTEX_POINT ( 'NONE', #10232 ) ;
#10201 = CYLINDRICAL_SURFACE ( 'NONE', #10715, 0.05000000000000002400 ) ;
#10202 = DIRECTION ( 'NONE',  ( 0.0000000000000000000, -1.000000000000000000, -1.223202451009284400E-015 ) ) ;
#10203 = CARTESIAN_POINT ( 'NONE',  ( 3.399999999999996400, -0.6999999999999988500, 4.399999999999995900 ) ) ;
#10204 = CARTESIAN_POINT ( 'NONE',  ( 1.089999999999999900, 0.4249999999999998200, 1.749999999999996400 ) ) ;
#10205 = CARTESIAN_POINT ( 'NONE',  ( -4.000000000000000900, 2.600000000000000100, 0.2999999999999999900 ) ) ;
#10206 = MECHANICAL_DESIGN_GEOMETRIC_PRESENTATION_REPRESENTATION (  '', ( #8407 ), #10782 ) ;
#10207 = ORIENTED_EDGE ( 'NONE', *, *, #11408, .T. ) ;
#10208 = CARTESIAN_POINT ( 'NONE',  ( -4.524000000000000900, 1.100000000000000100, 1.276000000000000000 ) ) ;
#10209 = PRESENTATION_LAYER_ASSIGNMENT (  '', '', ( #9000 ) ) ;
#10210 = ORIENTED_EDGE ( 'NONE', *, *, #9558, .T. ) ;
#10211 = CARTESIAN_POINT ( 'NONE',  ( 2.075000000000000200, -1.100000000000000100, 0.6499999999999978000 ) ) ;
#10212 = CARTESIAN_POINT ( 'NONE',  ( -4.524000000000000900, -1.100000000000000100, 1.226000000000000000 ) ) ;
#10213 = ORIENTED_EDGE ( 'NONE', *, *, #5793, .F. ) ;
#10214 = ORIENTED_EDGE ( 'NONE', *, *, #9729, .F. ) ;
#10215 = VECTOR ( 'NONE', #1482, 1000.000000000000000 ) ;
#10216 = EDGE_CURVE ( 'NONE', #3431, #11163, #7945, .T. ) ;
#10217 = ORIENTED_EDGE ( 'NONE', *, *, #5431, .T. ) ;
#10218 = DIRECTION ( 'NONE',  ( -1.000000000000000000, -0.0000000000000000000, -0.0000000000000000000 ) ) ;
#10219 = DIRECTION ( 'NONE',  ( 0.0000000000000000000, -1.000000000000000000, -0.0000000000000000000 ) ) ;
#10220 = PLANE ( 'NONE',  #9317 ) ;
#10221 = SURFACE_STYLE_FILL_AREA ( #2103 ) ;
#10222 = LINE ( 'NONE', #5787, #3466 ) ;
#10223 = ORIENTED_EDGE ( 'NONE', *, *, #428, .F. ) ;
#10224 = VECTOR ( 'NONE', #7951, 1000.000000000000000 ) ;
#10225 = VERTEX_POINT ( 'NONE', #3218 ) ;
#10226 = LINE ( 'NONE', #10576, #8418 ) ;
#10227 = CARTESIAN_POINT ( 'NONE',  ( -4.000000000000000900, -1.100000000000000100, 0.2999999999999999900 ) ) ;
#10228 = ORIENTED_EDGE ( 'NONE', *, *, #9576, .F. ) ;
#10229 = ADVANCED_FACE ( 'NONE', ( #611 ), #1418, .T. ) ;
#10230 = FILL_AREA_STYLE ('',( #8439 ) ) ;
#10231 = EDGE_CURVE ( 'NONE', #3250, #4921, #5060, .T. ) ;
#10232 = CARTESIAN_POINT ( 'NONE',  ( 1.190000000000000200, -0.2500000000000006700, 3.999999999999993300 ) ) ;
#10233 = DIRECTION ( 'NONE',  ( 0.0000000000000000000, 0.0000000000000000000, -1.000000000000000000 ) ) ;
#10234 = LINE ( 'NONE', #10454, #1370 ) ;
#10235 = EDGE_CURVE ( 'NONE', #642, #3736, #7400, .T. ) ;
#10236 = PLANE ( 'NONE',  #5982 ) ;
#10237 = EDGE_CURVE ( 'NONE', #4088, #9600, #2720, .T. ) ;
#10238 = FACE_OUTER_BOUND ( 'NONE', #2509, .T. ) ;
#10239 = EDGE_LOOP ( 'NONE', ( #7715, #7209, #1919, #2771 ) ) ;
#10240 = ORIENTED_EDGE ( 'NONE', *, *, #4953, .F. ) ;
#10241 = SURFACE_STYLE_FILL_AREA ( #3688 ) ;
#10242 = VECTOR ( 'NONE', #4631, 1000.000000000000000 ) ;
#10243 = ADVANCED_FACE ( 'NONE', ( #3008 ), #10318, .T. ) ;
#10244 = EDGE_CURVE ( 'NONE', #1435, #793, #1600, .T. ) ;
#10245 = CARTESIAN_POINT ( 'NONE',  ( -0.4250000000000000400, -1.100000000000000300, 0.6499999999999982500 ) ) ;
#10246 = COLOUR_RGB ( '',0.8000000000000000400, 0.8078431372549019800, 0.8000000000000000400 ) ;
#10247 = LINE ( 'NONE', #10501, #541 ) ;
#10248 = SURFACE_STYLE_USAGE ( .BOTH. , #4082 ) ;
#10249 = LINE ( 'NONE', #3863, #7886 ) ;
#10250 = COLOUR_RGB ( '',0.8000000000000000400, 0.8078431372549019800, 0.8000000000000000400 ) ;
#10251 = CARTESIAN_POINT ( 'NONE',  ( -4.000000000000000900, 1.700000000000000000, 2.400000000000000800 ) ) ;
#10252 =( LENGTH_UNIT ( ) NAMED_UNIT ( * ) SI_UNIT ( .MILLI., .METRE. ) );
#10253 = ORIENTED_EDGE ( 'NONE', *, *, #10311, .F. ) ;
#10254 = ORIENTED_EDGE ( 'NONE', *, *, #1796, .T. ) ;
#10255 = LINE ( 'NONE', #5607, #3216 ) ;
#10256 = EDGE_CURVE ( 'NONE', #8210, #5480, #8641, .T. ) ;
#10257 = VECTOR ( 'NONE', #565, 1000.000000000000000 ) ;
#10258 = COLOUR_RGB ( '',0.8000000000000000400, 0.8078431372549019800, 0.8000000000000000400 ) ;
#10259 = DIRECTION ( 'NONE',  ( -0.0000000000000000000, 0.7071067811865513500, 0.7071067811865438000 ) ) ;
#10260 = LINE ( 'NONE', #943, #264 ) ;
#10261 =( NAMED_UNIT ( * ) SI_UNIT ( $, .STERADIAN. ) SOLID_ANGLE_UNIT ( ) );
#10262 = AXIS2_PLACEMENT_3D ( 'NONE', #6400, #5626, #5530 ) ;
#10263 = CARTESIAN_POINT ( 'NONE',  ( -2.339999999999999400, 0.4249999999999998200, 1.749999999999996400 ) ) ;
#10264 = STYLED_ITEM ( 'NONE', ( #6939 ), #4969 ) ;
#10265 = PRESENTATION_STYLE_ASSIGNMENT (( #5025 ) ) ;
#10266 = ORIENTED_EDGE ( 'NONE', *, *, #4465, .F. ) ;
#10267 = ORIENTED_EDGE ( 'NONE', *, *, #1946, .F. ) ;
#10268 = FACE_OUTER_BOUND ( 'NONE', #7068, .T. ) ;
#10269 = VECTOR ( 'NONE', #2282, 1000.000000000000000 ) ;
#10270 = DIRECTION ( 'NONE',  ( -1.000000000000000000, 0.0000000000000000000, 0.0000000000000000000 ) ) ;
#10271 = ORIENTED_EDGE ( 'NONE', *, *, #5259, .F. ) ;
#10272 = LINE ( 'NONE', #1236, #9991 ) ;
#10273 = VECTOR ( 'NONE', #8133, 1000.000000000000000 ) ;
#10274 = VECTOR ( 'NONE', #7721, 1000.000000000000000 ) ;
#10275 = DIRECTION ( 'NONE',  ( -1.000000000000000000, 0.0000000000000000000, 0.0000000000000000000 ) ) ;
#10276 = FACE_OUTER_BOUND ( 'NONE', #5643, .T. ) ;
#10277 = CARTESIAN_POINT ( 'NONE',  ( 5.020000000000001400, 1.100000000000000100, 1.529999999999999800 ) ) ;
#10278 = ORIENTED_EDGE ( 'NONE', *, *, #4189, .T. ) ;
#10279 = ORIENTED_EDGE ( 'NONE', *, *, #7060, .F. ) ;
#10280 = DIRECTION ( 'NONE',  ( -0.0000000000000000000, 0.0000000000000000000, 1.000000000000000000 ) ) ;
#10281 = ORIENTED_EDGE ( 'NONE', *, *, #8443, .T. ) ;
#10282 = DIRECTION ( 'NONE',  ( -0.9805806756909207800, 0.0000000000000000000, -0.1961161351381809400 ) ) ;
#10283 = CARTESIAN_POINT ( 'NONE',  ( -2.339999999999999900, -0.1500000000000003000, 0.1799999999999965800 ) ) ;
#10284 = COLOUR_RGB ( '',0.8000000000000000400, 0.8078431372549019800, 0.8000000000000000400 ) ;
#10285 = CARTESIAN_POINT ( 'NONE',  ( 5.500000000000001800, -1.100000000000000100, 2.200000000000000200 ) ) ;
#10286 = VERTEX_POINT ( 'NONE', #629 ) ;
#10287 = VECTOR ( 'NONE', #2618, 1000.000000000000000 ) ;
#10288 = AXIS2_PLACEMENT_3D ( 'NONE', #255, #8235, #2989 ) ;
#10289 = ORIENTED_EDGE ( 'NONE', *, *, #5333, .F. ) ;
#10290 = CARTESIAN_POINT ( 'NONE',  ( -3.399999999999999500, 0.0000000000000000000, 3.699999999999996600 ) ) ;
#10291 = DIRECTION ( 'NONE',  ( 1.000000000000000000, 0.0000000000000000000, 0.0000000000000000000 ) ) ;
#10292 = EDGE_CURVE ( 'NONE', #1377, #10111, #3683, .T. ) ;
#10293 = ORIENTED_EDGE ( 'NONE', *, *, #6309, .T. ) ;
#10294 = ORIENTED_EDGE ( 'NONE', *, *, #9529, .T. ) ;
#10295 = VECTOR ( 'NONE', #3022, 1000.000000000000000 ) ;
#10296 = PRESENTATION_LAYER_ASSIGNMENT (  '', '', ( #9071 ) ) ;
#10297 = EDGE_CURVE ( 'NONE', #926, #1417, #3960, .T. ) ;
#10298 = CARTESIAN_POINT ( 'NONE',  ( 4.524000000000000900, 1.100000000000000100, 0.3039999999999999400 ) ) ;
#10299 = FILL_AREA_STYLE ('',( #2328 ) ) ;
#10300 = ADVANCED_FACE ( 'NONE', ( #5755 ), #9492, .T. ) ;
#10301 = VERTEX_POINT ( 'NONE', #6835 ) ;
#10302 = VECTOR ( 'NONE', #11386, 1000.000000000000000 ) ;
#10303 = ORIENTED_EDGE ( 'NONE', *, *, #3524, .F. ) ;
#10304 = DIRECTION ( 'NONE',  ( 1.000000000000000000, 0.0000000000000000000, 0.0000000000000000000 ) ) ;
#10305 = PLANE ( 'NONE',  #385 ) ;
#10306 = CARTESIAN_POINT ( 'NONE',  ( -4.220000000000000600, 1.100000000000000100, 1.226000000000000000 ) ) ;
#10307 = EDGE_LOOP ( 'NONE', ( #1918, #524, #6828, #4342 ) ) ;
#10308 = ADVANCED_FACE ( 'NONE', ( #10718 ), #1582, .F. ) ;
#10309 = DIRECTION ( 'NONE',  ( 0.0000000000000000000, 0.0000000000000000000, -1.000000000000000000 ) ) ;
#10310 = EDGE_CURVE ( 'NONE', #8153, #6365, #2582, .T. ) ;
#10311 = EDGE_CURVE ( 'NONE', #5968, #7434, #4922, .T. ) ;
#10312 = EDGE_CURVE ( 'NONE', #5096, #9259, #167, .T. ) ;
#10313 = VERTEX_POINT ( 'NONE', #4287 ) ;
#10314 = ORIENTED_EDGE ( 'NONE', *, *, #8440, .F. ) ;
#10315 = CARTESIAN_POINT ( 'NONE',  ( -2.660000000000000100, 3.100000000000000100, 0.3499999999999989800 ) ) ;
#10316 = VECTOR ( 'NONE', #8399, 1000.000000000000000 ) ;
#10317 = CARTESIAN_POINT ( 'NONE',  ( -2.339999999999999900, 2.999999999999999600, -1.761828530288944700E-016 ) ) ;
#10318 = PLANE ( 'NONE',  #459 ) ;
#10319 = CARTESIAN_POINT ( 'NONE',  ( -3.999999999999999100, 2.299999999999999800, 1.749999999999996400 ) ) ;
#10320 = SURFACE_SIDE_STYLE ('',( #1117 ) ) ;
#10321 = UNCERTAINTY_MEASURE_WITH_UNIT (LENGTH_MEASURE( 1.000000000000000100E-005 ), #11375, 'distance_accuracy_value', 'NONE');
#10322 = FILL_AREA_STYLE_COLOUR ( '', #10258 ) ;
#10323 = ORIENTED_EDGE ( 'NONE', *, *, #11333, .T. ) ;
#10324 = DIRECTION ( 'NONE',  ( 0.0000000000000000000, 0.0000000000000000000, 1.000000000000000000 ) ) ;
#10325 = EDGE_CURVE ( 'NONE', #7827, #5239, #6979, .T. ) ;
#10326 = SURFACE_STYLE_USAGE ( .BOTH. , #4140 ) ;
#10327 = CARTESIAN_POINT ( 'NONE',  ( -2.660000000000000100, 3.100000000000000100, 0.09999999999999947800 ) ) ;
#10328 =( LENGTH_UNIT ( ) NAMED_UNIT ( * ) SI_UNIT ( .MILLI., .METRE. ) );
#10329 = MECHANICAL_DESIGN_GEOMETRIC_PRESENTATION_REPRESENTATION (  '', ( #8533 ), #10917 ) ;
#10330 = ORIENTED_EDGE ( 'NONE', *, *, #2172, .T. ) ;
#10331 = VECTOR ( 'NONE', #1749, 1000.000000000000000 ) ;
#10332 = ORIENTED_EDGE ( 'NONE', *, *, #4913, .T. ) ;
#10333 = CLOSED_SHELL ( 'NONE', ( #5860, #4278, #10463, #8612, #6564, #813, #8481, #2010, #3135, #1971, #6868, #4796, #7405, #4150, #5034, #5242 ) ) ;
#10334 = FILL_AREA_STYLE ('',( #9351 ) ) ;
#10335 = DIRECTION ( 'NONE',  ( 0.0000000000000000000, 0.0000000000000000000, -1.000000000000000000 ) ) ;
#10336 = PRESENTATION_LAYER_ASSIGNMENT (  '', '', ( #9136 ) ) ;
#10337 = ORIENTED_EDGE ( 'NONE', *, *, #2767, .T. ) ;
#10338 = AXIS2_PLACEMENT_3D ( 'NONE', #3702, #9879, #4586 ) ;
#10339 = ADVANCED_FACE ( 'NONE', ( #9032 ), #6079, .T. ) ;
#10340 = DIRECTION ( 'NONE',  ( 1.000000000000000000, 2.710505431213761100E-017, 0.0000000000000000000 ) ) ;
#10341 = CARTESIAN_POINT ( 'NONE',  ( -3.999999999999999100, -0.8000000000000001600, 1.699999999999989700 ) ) ;
#10342 = ORIENTED_EDGE ( 'NONE', *, *, #7424, .T. ) ;
#10343 = ORIENTED_EDGE ( 'NONE', *, *, #6715, .T. ) ;
#10344 = CARTESIAN_POINT ( 'NONE',  ( -3.699999999999999300, 0.8499999999999996400, 4.699999999999996600 ) ) ;
#10345 = PRESENTATION_STYLE_ASSIGNMENT (( #3446 ) ) ;
#10346 = CARTESIAN_POINT ( 'NONE',  ( 3.500000000000000900, 2.600000000000000100, 0.04999999999999763700 ) ) ;
#10347 = ORIENTED_EDGE ( 'NONE', *, *, #6167, .F. ) ;
#10348 =( GEOMETRIC_REPRESENTATION_CONTEXT ( 3 ) GLOBAL_UNCERTAINTY_ASSIGNED_CONTEXT ( ( #7832 ) ) GLOBAL_UNIT_ASSIGNED_CONTEXT ( ( #2984, #9112, #3844 ) ) REPRESENTATION_CONTEXT ( 'NONE', 'WORKASPACE' ) );
#10349 = CARTESIAN_POINT ( 'NONE',  ( 4.524000000000000900, -1.100000000000000100, 0.2540000000000000000 ) ) ;
#10350 = FILL_AREA_STYLE ('',( #4183 ) ) ;
#10351 = VECTOR ( 'NONE', #8701, 1000.000000000000000 ) ;
#10352 = CARTESIAN_POINT ( 'NONE',  ( 0.1599999999999999800, 2.200000000000004200, 0.2999999999999989900 ) ) ;
#10353 = ADVANCED_FACE ( 'NONE', ( #5893 ), #780, .T. ) ;
#10354 = DIRECTION ( 'NONE',  ( 0.0000000000000000000, 0.0000000000000000000, -1.000000000000000000 ) ) ;
#10355 = CARTESIAN_POINT ( 'NONE',  ( -5.700000000000001100, 0.9000000000000003600, 0.2539999999999999500 ) ) ;
#10356 = CARTESIAN_POINT ( 'NONE',  ( 1.133333333333343700, 1.566666666666657100, 2.133333333333327500 ) ) ;
#10357 = ORIENTED_EDGE ( 'NONE', *, *, #3672, .F. ) ;
#10358 = DIRECTION ( 'NONE',  ( 0.0000000000000000000, 0.0000000000000000000, -1.000000000000000000 ) ) ;
#10359 = LINE ( 'NONE', #2663, #1505 ) ;
#10360 = CARTESIAN_POINT ( 'NONE',  ( 1.089999999999999900, -0.6250000000000003300, 0.6499999999999964700 ) ) ;
#10361 = UNCERTAINTY_MEASURE_WITH_UNIT (LENGTH_MEASURE( 1.000000000000000100E-005 ), #3445, 'distance_accuracy_value', 'NONE');
#10362 = LINE ( 'NONE', #7959, #10096 ) ;
#10363 = LINE ( 'NONE', #467, #4422 ) ;
#10364 = EDGE_CURVE ( 'NONE', #11060, #6641, #7390, .T. ) ;
#10365 = VECTOR ( 'NONE', #5599, 1000.000000000000000 ) ;
#10366 = DIRECTION ( 'NONE',  ( 0.0000000000000000000, 0.0000000000000000000, -1.000000000000000000 ) ) ;
#10367 = EDGE_CURVE ( 'NONE', #3568, #3246, #5053, .T. ) ;
#10368 = VECTOR ( 'NONE', #3276, 1000.000000000000000 ) ;
#10369 = ORIENTED_EDGE ( 'NONE', *, *, #1253, .F. ) ;
#10370 = CARTESIAN_POINT ( 'NONE',  ( -5.200000000000001100, 1.399999999999999900, 4.699999999999997500 ) ) ;
#10371 = CARTESIAN_POINT ( 'NONE',  ( 3.399999999999995900, 0.09999999999999982500, 4.399999999999995900 ) ) ;
#10372 = PLANE ( 'NONE',  #3819 ) ;
#10373 = DIRECTION ( 'NONE',  ( 2.304851557154559200E-017, 0.0000000000000000000, 1.000000000000000000 ) ) ;
#10374 = ORIENTED_EDGE ( 'NONE', *, *, #2171, .F. ) ;
#10375 = DIRECTION ( 'NONE',  ( -0.0000000000000000000, 0.0000000000000000000, -1.000000000000000000 ) ) ;
#10376 = VECTOR ( 'NONE', #4933, 1000.000000000000100 ) ;
#10377 = VECTOR ( 'NONE', #7946, 1000.000000000000000 ) ;
#10378 = LINE ( 'NONE', #11130, #959 ) ;
#10379 =( NAMED_UNIT ( * ) SI_UNIT ( $, .STERADIAN. ) SOLID_ANGLE_UNIT ( ) );
#10380 = ORIENTED_EDGE ( 'NONE', *, *, #340, .F. ) ;
#10381 = LINE ( 'NONE', #10828, #3633 ) ;
#10382 = ORIENTED_EDGE ( 'NONE', *, *, #794, .T. ) ;
#10383 = ORIENTED_EDGE ( 'NONE', *, *, #11316, .T. ) ;
#10384 = DIRECTION ( 'NONE',  ( 0.0000000000000000000, -1.204669080539448900E-016, -1.000000000000000000 ) ) ;
#10385 = EDGE_CURVE ( 'NONE', #1293, #2073, #9746, .T. ) ;
#10386 = CARTESIAN_POINT ( 'NONE',  ( -1.090000000000000100, -0.6250000000000003300, 0.2999999999999964900 ) ) ;
#10387 = DIRECTION ( 'NONE',  ( 0.0000000000000000000, 0.0000000000000000000, -1.000000000000000000 ) ) ;
#10388 = VECTOR ( 'NONE', #1781, 1000.000000000000000 ) ;
#10389 = DIRECTION ( 'NONE',  ( 1.172110456741085800E-016, -1.000000000000000000, 0.0000000000000000000 ) ) ;
#10390 = FILL_AREA_STYLE_COLOUR ( '', #6544 ) ;
#10391 = EDGE_CURVE ( 'NONE', #8053, #527, #2711, .T. ) ;
#10392 = FILL_AREA_STYLE_COLOUR ( '', #2696 ) ;
#10393 = DIRECTION ( 'NONE',  ( 0.0000000000000000000, 1.000000000000000000, -0.0000000000000000000 ) ) ;
#10394 = ORIENTED_EDGE ( 'NONE', *, *, #7131, .T. ) ;
#10395 = DIRECTION ( 'NONE',  ( 0.0000000000000000000, 1.223202451009284600E-015, -1.000000000000000000 ) ) ;
#10396 = LINE ( 'NONE', #5141, #10123 ) ;
#10397 = VERTEX_POINT ( 'NONE', #11452 ) ;
#10398 = VERTEX_POINT ( 'NONE', #7046 ) ;
#10399 = LINE ( 'NONE', #841, #978 ) ;
#10400 = MECHANICAL_DESIGN_GEOMETRIC_PRESENTATION_REPRESENTATION (  '', ( #9192 ), #10991 ) ;
#10401 =( GEOMETRIC_REPRESENTATION_CONTEXT ( 3 ) GLOBAL_UNCERTAINTY_ASSIGNED_CONTEXT ( ( #2804 ) ) GLOBAL_UNIT_ASSIGNED_CONTEXT ( ( #10591, #8792, #6465 ) ) REPRESENTATION_CONTEXT ( 'NONE', 'WORKASPACE' ) );
#10402 = DIRECTION ( 'NONE',  ( 0.1904761904761875000, 0.2380952380952350300, 0.9523809523809537700 ) ) ;
#10403 = LINE ( 'NONE', #6633, #3371 ) ;
#10404 = DIRECTION ( 'NONE',  ( -0.7071067811865460200, 0.0000000000000000000, -0.7071067811865490200 ) ) ;
#10405 = SURFACE_STYLE_FILL_AREA ( #5915 ) ;
#10406 = CARTESIAN_POINT ( 'NONE',  ( 1.409999999999999700, 0.4249999999999998200, 3.999999999999993300 ) ) ;
#10407 = ADVANCED_FACE ( 'NONE', ( #4777 ), #866, .F. ) ;
#10408 = MECHANICAL_DESIGN_GEOMETRIC_PRESENTATION_REPRESENTATION (  '', ( #9197 ), #10998 ) ;
#10409 = CLOSED_SHELL ( 'NONE', ( #6617, #10072, #4372, #522, #5532, #5610, #10243, #10826, #710, #10126, #5970, #3928, #10353, #4752, #8207, #179, #9356, #2894, #9297, #6671, #7794, #7807, #5485, #1301 ) ) ;
#10410 = ORIENTED_EDGE ( 'NONE', *, *, #2853, .T. ) ;
#10411 = VECTOR ( 'NONE', #321, 1000.000000000000000 ) ;
#10412 = LINE ( 'NONE', #8122, #1273 ) ;
#10413 =( LENGTH_UNIT ( ) NAMED_UNIT ( * ) SI_UNIT ( .MILLI., .METRE. ) );
#10414 = SURFACE_STYLE_FILL_AREA ( #964 ) ;
#10415 = LINE ( 'NONE', #2912, #3924 ) ;
#10416 =( LENGTH_UNIT ( ) NAMED_UNIT ( * ) SI_UNIT ( .MILLI., .METRE. ) );
#10417 = CARTESIAN_POINT ( 'NONE',  ( 0.1600000000000008600, 0.4249999999999998200, 0.04999999999999753300 ) ) ;
#10418 = EDGE_LOOP ( 'NONE', ( #11378, #10875, #2626, #2460 ) ) ;
#10419 = MECHANICAL_DESIGN_GEOMETRIC_PRESENTATION_REPRESENTATION (  '', ( #6859 ), #11004 ) ;
#10420 = MECHANICAL_DESIGN_GEOMETRIC_PRESENTATION_REPRESENTATION (  '', ( #8636 ), #11005 ) ;
#10421 = LINE ( 'NONE', #2599, #3389 ) ;
#10422 = ADVANCED_FACE ( 'NONE', ( #31 ), #4429, .F. ) ;
#10423 = ORIENTED_EDGE ( 'NONE', *, *, #4598, .T. ) ;
#10424 = ORIENTED_EDGE ( 'NONE', *, *, #7114, .F. ) ;
#10425 = ORIENTED_EDGE ( 'NONE', *, *, #3350, .F. ) ;
#10426 = FACE_OUTER_BOUND ( 'NONE', #2560, .T. ) ;
#10427 = STYLED_ITEM ( 'NONE', ( #8433 ), #3427 ) ;
#10428 = ORIENTED_EDGE ( 'NONE', *, *, #10325, .F. ) ;
#10429 = CARTESIAN_POINT ( 'NONE',  ( 4.524000000000000900, -1.100000000000000100, 0.3039999999999999400 ) ) ;
#10430 =( NAMED_UNIT ( * ) PLANE_ANGLE_UNIT ( ) SI_UNIT ( $, .RADIAN. ) );
#10431 = ORIENTED_EDGE ( 'NONE', *, *, #8807, .F. ) ;
#10432 = EDGE_LOOP ( 'NONE', ( #7647, #10013, #2473, #2435 ) ) ;
#10433 = STYLED_ITEM ( 'NONE', ( #1724 ), #6811 ) ;
#10434 = VECTOR ( 'NONE', #8076, 1000.000000000000000 ) ;
#10435 = ORIENTED_EDGE ( 'NONE', *, *, #6013, .T. ) ;
#10436 = CARTESIAN_POINT ( 'NONE',  ( 4.524000000000000900, 1.100000000000000100, 1.530000000000000000 ) ) ;
#10437 = CARTESIAN_POINT ( 'NONE',  ( -5.020000000000001400, 1.100000000000000100, 1.529999999999999800 ) ) ;
#10438 = CARTESIAN_POINT ( 'NONE',  ( -2.424999999999999400, -0.6999999999999988500, 3.249999999999996000 ) ) ;
#10439 = DIRECTION ( 'NONE',  ( 3.252606517456515800E-016, -0.0000000000000000000, 1.000000000000000000 ) ) ;
#10440 = EDGE_CURVE ( 'NONE', #1698, #4920, #9462, .T. ) ;
#10441 = EDGE_LOOP ( 'NONE', ( #10961, #6812, #985, #4510 ) ) ;
#10442 = CARTESIAN_POINT ( 'NONE',  ( -3.999999999999999100, -1.100000000000000100, 0.0000000000000000000 ) ) ;
#10443 = PRESENTATION_STYLE_ASSIGNMENT (( #8644 ) ) ;
#10444 =( LENGTH_UNIT ( ) NAMED_UNIT ( * ) SI_UNIT ( .MILLI., .METRE. ) );
#10445 = LINE ( 'NONE', #1240, #3413 ) ;
#10446 = VERTEX_POINT ( 'NONE', #9725 ) ;
#10447 = CARTESIAN_POINT ( 'NONE',  ( 1.409999999999999700, 0.2499999999999996700, 0.2999999999999966000 ) ) ;
#10448 = CARTESIAN_POINT ( 'NONE',  ( 0.1599999999999999800, 2.999999999999999600, -1.761828530288944700E-016 ) ) ;
#10449 = VERTEX_POINT ( 'NONE', #10611 ) ;
#10450 = CARTESIAN_POINT ( 'NONE',  ( 1.409999999999999700, 3.100000000000000100, 0.3499999999999989800 ) ) ;
#10451 = EDGE_CURVE ( 'NONE', #10850, #9812, #8898, .T. ) ;
#10452 = EDGE_CURVE ( 'NONE', #8285, #8322, #2150, .T. ) ;
#10453 = EDGE_CURVE ( 'NONE', #7824, #11432, #9173, .T. ) ;
#10454 = CARTESIAN_POINT ( 'NONE',  ( 2.660000000000000100, 2.549999999999999800, 0.4499999999999999000 ) ) ;
#10455 = ADVANCED_FACE ( 'NONE', ( #8629 ), #6265, .F. ) ;
#10456 = ORIENTED_EDGE ( 'NONE', *, *, #6177, .F. ) ;
#10457 = CARTESIAN_POINT ( 'NONE',  ( 0.0000000000000000000, 0.0000000000000000000, 1.699999999999989700 ) ) ;
#10458 = ORIENTED_EDGE ( 'NONE', *, *, #7782, .T. ) ;
#10459 = DIRECTION ( 'NONE',  ( -0.5773502691896257300, 0.5773502691896259500, -0.5773502691896257300 ) ) ;
#10460 = PLANE ( 'NONE',  #4543 ) ;
#10461 = CARTESIAN_POINT ( 'NONE',  ( 4.200000000000000200, -0.8000000000000014900, 2.200000000000000200 ) ) ;
#10462 = CARTESIAN_POINT ( 'NONE',  ( 1.409999999999999700, 3.000000000000000000, 0.4499999999999998400 ) ) ;
#10463 = ADVANCED_FACE ( 'NONE', ( #11250 ), #9796, .T. ) ;
#10464 = ORIENTED_EDGE ( 'NONE', *, *, #10237, .F. ) ;
#10465 = DIRECTION ( 'NONE',  ( 0.0000000000000000000, -1.000000000000000000, -0.0000000000000000000 ) ) ;
#10466 = EDGE_CURVE ( 'NONE', #3330, #8782, #10988, .T. ) ;
#10467 = CARTESIAN_POINT ( 'NONE',  ( -3.999999999999999100, 2.299999999999999800, 1.749999999999996400 ) ) ;
#10468 = DIRECTION ( 'NONE',  ( 0.0000000000000000000, -1.000000000000000000, 0.0000000000000000000 ) ) ;
#10469 = MECHANICAL_DESIGN_GEOMETRIC_PRESENTATION_REPRESENTATION (  '', ( #8687 ), #11064 ) ;
#10470 = STYLED_ITEM ( 'NONE', ( #4074 ), #1314 ) ;
#10471 = ORIENTED_EDGE ( 'NONE', *, *, #6044, .T. ) ;
#10472 = ORIENTED_EDGE ( 'NONE', *, *, #7113, .F. ) ;
#10473 = COLOUR_RGB ( '',0.8000000000000000400, 0.8078431372549019800, 0.8000000000000000400 ) ;
#10474 = CARTESIAN_POINT ( 'NONE',  ( -0.1599999999999999800, -0.3750000000000001100, 0.04999999999999753300 ) ) ;
#10475 = VERTEX_POINT ( 'NONE', #7162 ) ;
#10476 = PLANE ( 'NONE',  #3124 ) ;
#10477 = ORIENTED_EDGE ( 'NONE', *, *, #4100, .F. ) ;
#10478 = PLANE ( 'NONE',  #9293 ) ;
#10479 = CARTESIAN_POINT ( 'NONE',  ( -0.8249999999999999600, -1.100000000000000300, 0.2999999999999984300 ) ) ;
#10480 = AXIS2_PLACEMENT_3D ( 'NONE', #5478, #7255, #1982 ) ;
#10481 = PLANE ( 'NONE',  #6172 ) ;
#10482 = COLOUR_RGB ( '',0.8000000000000000400, 0.8078431372549019800, 0.8000000000000000400 ) ;
#10483 = AXIS2_PLACEMENT_3D ( 'NONE', #4890, #448, #6669 ) ;
#10484 = SURFACE_SIDE_STYLE ('',( #2830 ) ) ;
#10485 = ORIENTED_EDGE ( 'NONE', *, *, #10466, .F. ) ;
#10486 = LINE ( 'NONE', #5024, #8108 ) ;
#10487 = ORIENTED_EDGE ( 'NONE', *, *, #7923, .F. ) ;
#10488 = SURFACE_SIDE_STYLE ('',( #372 ) ) ;
#10489 = DIRECTION ( 'NONE',  ( 0.0000000000000000000, -2.258754526011467700E-016, 1.000000000000000000 ) ) ;
#10490 = ORIENTED_EDGE ( 'NONE', *, *, #5052, .T. ) ;
#10491 = VECTOR ( 'NONE', #4085, 1000.000000000000000 ) ;
#10492 = PRESENTATION_STYLE_ASSIGNMENT (( #7707 ) ) ;
#10493 =( NAMED_UNIT ( * ) SI_UNIT ( $, .STERADIAN. ) SOLID_ANGLE_UNIT ( ) );
#10494 = EDGE_CURVE ( 'NONE', #5829, #8285, #4229, .T. ) ;
#10495 = VECTOR ( 'NONE', #8360, 1000.000000000000000 ) ;
#10496 = ORIENTED_EDGE ( 'NONE', *, *, #2097, .T. ) ;
#10497 = CIRCLE ( 'NONE', #4492, 0.04999999999999969700 ) ;
#10498 = MECHANICAL_DESIGN_GEOMETRIC_PRESENTATION_REPRESENTATION (  '', ( #8716 ), #11087 ) ;
#10499 = VERTEX_POINT ( 'NONE', #8043 ) ;
#10500 = FACE_OUTER_BOUND ( 'NONE', #10075, .T. ) ;
#10501 = CARTESIAN_POINT ( 'NONE',  ( 4.474000000000000200, 1.200000000000000000, 0.5200000000000004600 ) ) ;
#10502 = UNCERTAINTY_MEASURE_WITH_UNIT (LENGTH_MEASURE( 1.000000000000000100E-005 ), #177, 'distance_accuracy_value', 'NONE');
#10503 = FILL_AREA_STYLE ('',( #7834 ) ) ;
#10504 = ORIENTED_EDGE ( 'NONE', *, *, #2817, .T. ) ;
#10505 = DIRECTION ( 'NONE',  ( 1.000000000000000000, 0.0000000000000000000, -3.049318610115480700E-016 ) ) ;
#10506 = VECTOR ( 'NONE', #1524, 1000.000000000000000 ) ;
#10507 = CARTESIAN_POINT ( 'NONE',  ( -3.399999999999999500, 0.8499999999999996400, 1.749999999999996400 ) ) ;
#10508 = CARTESIAN_POINT ( 'NONE',  ( 1.674999999999999400, 2.600000000000000100, 0.6499999999999980200 ) ) ;
#10509 = ORIENTED_EDGE ( 'NONE', *, *, #7191, .T. ) ;
#10510 = CARTESIAN_POINT ( 'NONE',  ( 5.500000000000001800, 1.700000000000000000, 2.200000000000000200 ) ) ;
#10511 = LINE ( 'NONE', #4892, #1083 ) ;
#10512 = VERTEX_POINT ( 'NONE', #7971 ) ;
#10514 = ORIENTED_EDGE ( 'NONE', *, *, #2707, .T. ) ;
#10513 = ADVANCED_FACE ( 'NONE', ( #1590 ), #6305, .F. ) ;
#10515 = PLANE ( 'NONE',  #7359 ) ;
#10516 = LINE ( 'NONE', #6338, #8141 ) ;
#10517 = PRESENTATION_STYLE_ASSIGNMENT (( #3054 ) ) ;
#10518 = EDGE_CURVE ( 'NONE', #9018, #1259, #6037, .T. ) ;
#10519 = VECTOR ( 'NONE', #7804, 1000.000000000000000 ) ;
#10520 =( LENGTH_UNIT ( ) NAMED_UNIT ( * ) SI_UNIT ( .MILLI., .METRE. ) );
#10521 = EDGE_CURVE ( 'NONE', #3484, #5023, #3677, .T. ) ;
#10522 = CARTESIAN_POINT ( 'NONE',  ( -4.524000000000000900, 1.100000000000000100, 0.3039999999999999400 ) ) ;
#10523 = LINE ( 'NONE', #9762, #3754 ) ;
#10524 = VERTEX_POINT ( 'NONE', #3680 ) ;
#10525 = LINE ( 'NONE', #2736, #3757 ) ;
#10526 = VERTEX_POINT ( 'NONE', #1925 ) ;
#10527 = EDGE_LOOP ( 'NONE', ( #4056, #8663, #3868, #3890 ) ) ;
#10528 = VECTOR ( 'NONE', #6377, 1000.000000000000000 ) ;
#10529 = DIRECTION ( 'NONE',  ( 0.0000000000000000000, 1.000000000000000000, 0.0000000000000000000 ) ) ;
#10530 = VECTOR ( 'NONE', #8025, 1000.000000000000000 ) ;
#10531 = LINE ( 'NONE', #11420, #3770 ) ;
#10532 = EDGE_CURVE ( 'NONE', #2214, #10899, #3400, .T. ) ;
#10533 = UNCERTAINTY_MEASURE_WITH_UNIT (LENGTH_MEASURE( 1.000000000000000100E-005 ), #4776, 'distance_accuracy_value', 'NONE');
#10534 = CARTESIAN_POINT ( 'NONE',  ( 4.524000000000000900, 1.100000000000000100, -2.710505431213761100E-017 ) ) ;
#10535 = VECTOR ( 'NONE', #4070, 1000.000000000000000 ) ;
#10536 = EDGE_LOOP ( 'NONE', ( #8437, #7801, #7685, #4898 ) ) ;
#10537 = VERTEX_POINT ( 'NONE', #8959 ) ;
#10538 = LINE ( 'NONE', #10854, #1121 ) ;
#10539 =( NAMED_UNIT ( * ) SI_UNIT ( $, .STERADIAN. ) SOLID_ANGLE_UNIT ( ) );
#10540 = DIRECTION ( 'NONE',  ( 0.0000000000000000000, 0.0000000000000000000, 1.000000000000000000 ) ) ;
#10541 = LINE ( 'NONE', #6663, #7904 ) ;
#10542 = EDGE_CURVE ( 'NONE', #5534, #9042, #8056, .T. ) ;
#10543 = FACE_OUTER_BOUND ( 'NONE', #9644, .T. ) ;
#10544 = LINE ( 'NONE', #2882, #10273 ) ;
#10545 = VECTOR ( 'NONE', #4394, 1000.000000000000000 ) ;
#10546 = LINE ( 'NONE', #11082, #8181 ) ;
#10547 =( LENGTH_UNIT ( ) NAMED_UNIT ( * ) SI_UNIT ( .MILLI., .METRE. ) );
#10548 =( GEOMETRIC_REPRESENTATION_CONTEXT ( 3 ) GLOBAL_UNCERTAINTY_ASSIGNED_CONTEXT ( ( #203 ) ) GLOBAL_UNIT_ASSIGNED_CONTEXT ( ( #9780, #4490, #10671 ) ) REPRESENTATION_CONTEXT ( 'NONE', 'WORKASPACE' ) );
#10549 = PLANE ( 'NONE',  #6513 ) ;
#10550 = AXIS2_PLACEMENT_3D ( 'NONE', #7226, #7300, #7818 ) ;
#10551 = DIRECTION ( 'NONE',  ( -1.000000000000000000, 0.0000000000000000000, 0.0000000000000000000 ) ) ;
#10552 = CARTESIAN_POINT ( 'NONE',  ( 1.409999999999999700, 0.0000000000000000000, 3.499999999999985800 ) ) ;
#10553 = ORIENTED_EDGE ( 'NONE', *, *, #11171, .F. ) ;
#10554 = EDGE_LOOP ( 'NONE', ( #2982, #11459, #10435, #6455 ) ) ;
#10555 = VERTEX_POINT ( 'NONE', #140 ) ;
#10556 = DIRECTION ( 'NONE',  ( 1.000000000000000000, 0.0000000000000000000, -3.049318610115480700E-016 ) ) ;
#10557 = VECTOR ( 'NONE', #5087, 1000.000000000000000 ) ;
#10558 = CARTESIAN_POINT ( 'NONE',  ( 0.1600000000000008600, 8.923474670662592800E-017, 0.6499999999999982500 ) ) ;
#10559 = FACE_OUTER_BOUND ( 'NONE', #9665, .T. ) ;
#10560 = LINE ( 'NONE', #1725, #10287 ) ;
#10561 =( LENGTH_UNIT ( ) NAMED_UNIT ( * ) SI_UNIT ( .MILLI., .METRE. ) );
#10562 = FACE_OUTER_BOUND ( 'NONE', #6095, .T. ) ;
#10563 = ORIENTED_EDGE ( 'NONE', *, *, #5047, .T. ) ;
#10564 =( GEOMETRIC_REPRESENTATION_CONTEXT ( 3 ) GLOBAL_UNCERTAINTY_ASSIGNED_CONTEXT ( ( #9324 ) ) GLOBAL_UNIT_ASSIGNED_CONTEXT ( ( #3486, #9641, #4360 ) ) REPRESENTATION_CONTEXT ( 'NONE', 'WORKASPACE' ) );
#10565 = ORIENTED_EDGE ( 'NONE', *, *, #10595, .F. ) ;
#10566 = EDGE_LOOP ( 'NONE', ( #830, #4909, #2165, #11090 ) ) ;
#10567 = EDGE_LOOP ( 'NONE', ( #9977, #2661, #11473, #1140 ) ) ;
#10568 = ORIENTED_EDGE ( 'NONE', *, *, #8809, .T. ) ;
#10569 = CARTESIAN_POINT ( 'NONE',  ( -2.339999999999999900, 2.350000000000003200, 0.6499999999999986900 ) ) ;
#10570 = VECTOR ( 'NONE', #5631, 1000.000000000000000 ) ;
#10571 =( LENGTH_UNIT ( ) NAMED_UNIT ( * ) SI_UNIT ( .MILLI., .METRE. ) );
#10572 = STYLED_ITEM ( 'NONE', ( #4827 ), #9356 ) ;
#10573 = DIRECTION ( 'NONE',  ( -1.000000000000000000, -0.0000000000000000000, 3.049318610115480700E-016 ) ) ;
#10574 = MECHANICAL_DESIGN_GEOMETRIC_PRESENTATION_REPRESENTATION (  '', ( #8779 ), #11131 ) ;
#10575 = FILL_AREA_STYLE_COLOUR ( '', #6158 ) ;
#10576 = CARTESIAN_POINT ( 'NONE',  ( -3.999999999999999100, 1.700000000000000000, 3.699999999999996600 ) ) ;
#10577 = EDGE_LOOP ( 'NONE', ( #4841, #635, #38, #10383 ) ) ;
#10578 = ORIENTED_EDGE ( 'NONE', *, *, #2726, .F. ) ;
#10579 = FILL_AREA_STYLE ('',( #10688 ) ) ;
#10580 = SURFACE_STYLE_FILL_AREA ( #5181 ) ;
#10581 = VERTEX_POINT ( 'NONE', #5468 ) ;
#10582 = MECHANICAL_DESIGN_GEOMETRIC_PRESENTATION_REPRESENTATION (  '', ( #8784 ), #11142 ) ;
#10583 = ADVANCED_FACE ( 'NONE', ( #1296 ), #7240, .T. ) ;
#10584 = PLANE ( 'NONE',  #6786 ) ;
#10585 = DIRECTION ( 'NONE',  ( -1.000000000000000000, 0.0000000000000000000, 3.252606517456513300E-016 ) ) ;
#10586 =( GEOMETRIC_REPRESENTATION_CONTEXT ( 3 ) GLOBAL_UNCERTAINTY_ASSIGNED_CONTEXT ( ( #421 ) ) GLOBAL_UNIT_ASSIGNED_CONTEXT ( ( #8951, #3699, #9872 ) ) REPRESENTATION_CONTEXT ( 'NONE', 'WORKASPACE' ) );
#10587 = ORIENTED_EDGE ( 'NONE', *, *, #8755, .T. ) ;
#10588 = VECTOR ( 'NONE', #6658, 1000.000000000000000 ) ;
#10589 =( LENGTH_UNIT ( ) NAMED_UNIT ( * ) SI_UNIT ( .MILLI., .METRE. ) );
#10590 = CARTESIAN_POINT ( 'NONE',  ( -2.925000000000000300, -1.100000000000000300, 0.6499999999999986900 ) ) ;
#10591 =( LENGTH_UNIT ( ) NAMED_UNIT ( * ) SI_UNIT ( .MILLI., .METRE. ) );
#10592 = DIRECTION ( 'NONE',  ( -1.000000000000000000, 0.0000000000000000000, 0.0000000000000000000 ) ) ;
#10593 = UNCERTAINTY_MEASURE_WITH_UNIT (LENGTH_MEASURE( 1.000000000000000100E-005 ), #9718, 'distance_accuracy_value', 'NONE');
#10594 = DIRECTION ( 'NONE',  ( -0.7071067811865490200, 0.0000000000000000000, -0.7071067811865460200 ) ) ;
#10595 = EDGE_CURVE ( 'NONE', #367, #10512, #8352, .T. ) ;
#10596 = SURFACE_SIDE_STYLE ('',( #5920 ) ) ;
#10597 = EDGE_CURVE ( 'NONE', #1867, #9841, #5451, .T. ) ;
#10598 = DIRECTION ( 'NONE',  ( 0.0000000000000000000, 1.000000000000000000, 0.0000000000000000000 ) ) ;
#10599 = EDGE_LOOP ( 'NONE', ( #6897, #7408, #10674, #2659 ) ) ;
#10600 = ORIENTED_EDGE ( 'NONE', *, *, #7333, .F. ) ;
#10601 = DIRECTION ( 'NONE',  ( -0.0000000000000000000, 0.0000000000000000000, 1.000000000000000000 ) ) ;
#10602 = EDGE_LOOP ( 'NONE', ( #5374, #6495, #8743, #9662 ) ) ;
#10603 = CLOSED_SHELL ( 'NONE', ( #4853, #3872, #1715, #9345, #9938, #7523, #3703, #647, #2130, #2362, #4678, #2544, #7512, #3254, #4057, #1314, #2712, #6811, #604, #3535, #297, #10024, #7615, #4969 ) ) ;
#10604 = LINE ( 'NONE', #4369, #3577 ) ;
#10605 = EDGE_CURVE ( 'NONE', #8036, #4861, #7802, .T. ) ;
#10606 = EDGE_CURVE ( 'NONE', #8721, #8463, #9876, .T. ) ;
#10607 = EDGE_CURVE ( 'NONE', #457, #4271, #5187, .T. ) ;
#10608 = ORIENTED_EDGE ( 'NONE', *, *, #7101, .T. ) ;
#10609 =( NAMED_UNIT ( * ) SI_UNIT ( $, .STERADIAN. ) SOLID_ANGLE_UNIT ( ) );
#10610 = DIRECTION ( 'NONE',  ( 0.0000000000000000000, 0.0000000000000000000, 1.000000000000000000 ) ) ;
#10611 = CARTESIAN_POINT ( 'NONE',  ( -5.500000000000001800, -1.100000000000000100, 2.200000000000000200 ) ) ;
#10612 = DIRECTION ( 'NONE',  ( 0.0000000000000000000, 1.000000000000000000, 2.032879073410321300E-016 ) ) ;
#10613 = DIRECTION ( 'NONE',  ( -1.172110456741085800E-016, 1.000000000000000000, -0.0000000000000000000 ) ) ;
#10614 = PRESENTATION_STYLE_ASSIGNMENT (( #5499 ) ) ;
#10615 = DIRECTION ( 'NONE',  ( -1.000000000000000000, 0.0000000000000000000, -0.0000000000000000000 ) ) ;
#10616 = ORIENTED_EDGE ( 'NONE', *, *, #9328, .F. ) ;
#10617 = CARTESIAN_POINT ( 'NONE',  ( -5.200000000000001100, 1.700000000000000000, 2.200000000000000200 ) ) ;
#10618 = DIRECTION ( 'NONE',  ( -0.0000000000000000000, -1.000000000000000000, -0.0000000000000000000 ) ) ;
#10619 = EDGE_CURVE ( 'NONE', #2106, #9619, #3125, .T. ) ;
#10620 = CARTESIAN_POINT ( 'NONE',  ( 3.780666666666670000, -0.1866666666666667900, 1.213333333333333600 ) ) ;
#10621 = ORIENTED_EDGE ( 'NONE', *, *, #587, .T. ) ;
#10622 = LINE ( 'NONE', #1624, #2332 ) ;
#10623 = ORIENTED_EDGE ( 'NONE', *, *, #5199, .T. ) ;
#10624 = PLANE ( 'NONE',  #4702 ) ;
#10625 = FILL_AREA_STYLE ('',( #7065 ) ) ;
#10626 = ADVANCED_FACE ( 'NONE', ( #452 ), #6457, .F. ) ;
#10627 = ORIENTED_EDGE ( 'NONE', *, *, #6980, .T. ) ;
#10628 = AXIS2_PLACEMENT_3D ( 'NONE', #2123, #2439, #4939 ) ;
#10629 = ORIENTED_EDGE ( 'NONE', *, *, #404, .F. ) ;
#10630 = LINE ( 'NONE', #7133, #1211 ) ;
#10631 = DIRECTION ( 'NONE',  ( 0.0000000000000000000, 1.000000000000000000, -1.204669080539448900E-016 ) ) ;
#10632 = DIRECTION ( 'NONE',  ( -1.000000000000000000, 4.565061778886335000E-016, 0.0000000000000000000 ) ) ;
#10633 = SURFACE_STYLE_FILL_AREA ( #6824 ) ;
#10634 = VECTOR ( 'NONE', #9142, 1000.000000000000000 ) ;
#10635 = CARTESIAN_POINT ( 'NONE',  ( -2.024999999999999000, 2.123118842698621800, 4.699999999999995700 ) ) ;
#10636 = ORIENTED_EDGE ( 'NONE', *, *, #10836, .F. ) ;
#10637 = DIRECTION ( 'NONE',  ( 1.000000000000000000, 0.0000000000000000000, 0.0000000000000000000 ) ) ;
#10638 = LINE ( 'NONE', #6436, #3611 ) ;
#10639 = SURFACE_STYLE_USAGE ( .BOTH. , #4460 ) ;
#10640 = ORIENTED_EDGE ( 'NONE', *, *, #3796, .T. ) ;
#10641 = DIRECTION ( 'NONE',  ( 0.0000000000000000000, 0.0000000000000000000, -1.000000000000000000 ) ) ;
#10642 = LINE ( 'NONE', #9822, #3869 ) ;
#10643 = ORIENTED_EDGE ( 'NONE', *, *, #2070, .T. ) ;
#10644 = LINE ( 'NONE', #9998, #3620 ) ;
#10645 = PLANE ( 'NONE',  #1459 ) ;
#10646 = MECHANICAL_DESIGN_GEOMETRIC_PRESENTATION_REPRESENTATION (  '', ( #8863 ), #11234 ) ;
#10647 = FACE_OUTER_BOUND ( 'NONE', #8475, .T. ) ;
#10648 = ORIENTED_EDGE ( 'NONE', *, *, #1108, .F. ) ;
#10649 = DIRECTION ( 'NONE',  ( 5.421010862427532000E-016, -1.000000000000000000, 1.175494350822289700E-031 ) ) ;
#10650 = DIRECTION ( 'NONE',  ( 0.5773502691896257300, 0.5773502691896257300, -0.5773502691896257300 ) ) ;
#10651 = ORIENTED_EDGE ( 'NONE', *, *, #11035, .F. ) ;
#10652 = DIRECTION ( 'NONE',  ( 0.0000000000000000000, 1.000000000000000000, 0.0000000000000000000 ) ) ;
#10653 = VECTOR ( 'NONE', #2892, 1000.000000000000000 ) ;
#10654 = APPLICATION_PROTOCOL_DEFINITION ( 'draft international standard', 'automotive_design', 1998, #37 ) ;
#10655 = EDGE_CURVE ( 'NONE', #3246, #1525, #4083, .T. ) ;
#10656 = EDGE_CURVE ( 'NONE', #2699, #10012, #1721, .T. ) ;
#10657 =( NAMED_UNIT ( * ) SI_UNIT ( $, .STERADIAN. ) SOLID_ANGLE_UNIT ( ) );
#10658 = VERTEX_POINT ( 'NONE', #1171 ) ;
#10659 = FILL_AREA_STYLE ('',( #4479 ) ) ;
#10660 = VERTEX_POINT ( 'NONE', #8237 ) ;
#10661 = ORIENTED_EDGE ( 'NONE', *, *, #5331, .F. ) ;
#10662 = DIRECTION ( 'NONE',  ( 1.000000000000000000, 0.0000000000000000000, -0.0000000000000000000 ) ) ;
#10663 = SURFACE_STYLE_FILL_AREA ( #6141 ) ;
#10664 = VECTOR ( 'NONE', #9588, 1000.000000000000000 ) ;
#10665 = DIRECTION ( 'NONE',  ( -1.000000000000000000, 4.336808689942017700E-016, 3.252606517456513300E-016 ) ) ;
#10666 = LINE ( 'NONE', #159, #1538 ) ;
#10667 = CARTESIAN_POINT ( 'NONE',  ( -1.409999999999999900, -0.3750000000000001100, 1.749999999999996400 ) ) ;
#10668 = UNCERTAINTY_MEASURE_WITH_UNIT (LENGTH_MEASURE( 1.000000000000000100E-005 ), #2445, 'distance_accuracy_value', 'NONE');
#10669 = VECTOR ( 'NONE', #4076, 1000.000000000000000 ) ;
#10670 = FACE_OUTER_BOUND ( 'NONE', #4762, .T. ) ;
#10671 =( NAMED_UNIT ( * ) SI_UNIT ( $, .STERADIAN. ) SOLID_ANGLE_UNIT ( ) );
#10672 = VECTOR ( 'NONE', #9887, 1000.000000000000000 ) ;
#10673 = ORIENTED_EDGE ( 'NONE', *, *, #9569, .T. ) ;
#10674 = ORIENTED_EDGE ( 'NONE', *, *, #122, .F. ) ;
#10675 = CIRCLE ( 'NONE', #6268, 0.3039999999999996000 ) ;
#10676 = VERTEX_POINT ( 'NONE', #211 ) ;
#10677 = EDGE_CURVE ( 'NONE', #728, #457, #8477, .T. ) ;
#10678 = VECTOR ( 'NONE', #1391, 1000.000000000000000 ) ;
#10679 = LINE ( 'NONE', #5705, #5999 ) ;
#10680 = EDGE_CURVE ( 'NONE', #8973, #3078, #1438, .T. ) ;
#10681 = SURFACE_SIDE_STYLE ('',( #11070 ) ) ;
#10682 = EDGE_CURVE ( 'NONE', #3196, #786, #8200, .T. ) ;
#10683 = VECTOR ( 'NONE', #313, 1000.000000000000000 ) ;
#10684 = CARTESIAN_POINT ( 'NONE',  ( -2.024999999999999000, 2.123118842698621800, 4.699999999999995700 ) ) ;
#10685 = ORIENTED_EDGE ( 'NONE', *, *, #4375, .T. ) ;
#10686 = EDGE_LOOP ( 'NONE', ( #3747, #3313, #10266, #1478 ) ) ;
#10687 = VECTOR ( 'NONE', #2237, 1000.000000000000000 ) ;
#10688 = FILL_AREA_STYLE_COLOUR ( '', #9516 ) ;
#10689 = DIRECTION ( 'NONE',  ( 0.0000000000000000000, -1.000000000000000000, -1.126443815569353600E-015 ) ) ;
#10690 = FACE_OUTER_BOUND ( 'NONE', #2585, .T. ) ;
#10691 = DIRECTION ( 'NONE',  ( -1.000000000000000000, -0.0000000000000000000, -0.0000000000000000000 ) ) ;
#10692 = CARTESIAN_POINT ( 'NONE',  ( -0.1599999999999999800, 8.923474670662592800E-017, 0.6499999999999982500 ) ) ;
#10693 = VECTOR ( 'NONE', #784, 1000.000000000000000 ) ;
#10694 = CARTESIAN_POINT ( 'NONE',  ( 4.474000000000000200, 1.200000000000000000, 0.5200000000000004600 ) ) ;
#10695 = EDGE_CURVE ( 'NONE', #7056, #9074, #10841, .T. ) ;
#10696 = APPLICATION_CONTEXT ( 'automotive_design' ) ;
#10697 = ORIENTED_EDGE ( 'NONE', *, *, #11102, .T. ) ;
#10698 = ORIENTED_EDGE ( 'NONE', *, *, #2462, .F. ) ;
#10699 = ORIENTED_EDGE ( 'NONE', *, *, #10063, .T. ) ;
#10700 = LINE ( 'NONE', #9323, #3934 ) ;
#10701 = PRESENTATION_STYLE_ASSIGNMENT (( #2512 ) ) ;
#10702 = EDGE_LOOP ( 'NONE', ( #3453, #1101, #7, #9149 ) ) ;
#10703 = AXIS2_PLACEMENT_3D ( 'NONE', #631, #3336, #9494 ) ;
#10704 = CARTESIAN_POINT ( 'NONE',  ( 5.020000000000001400, -0.8799999999999969000, 1.529999999999999800 ) ) ;
#10705 = MECHANICAL_DESIGN_GEOMETRIC_PRESENTATION_REPRESENTATION (  '', ( #8906 ), #11277 ) ;
#10706 = ORIENTED_EDGE ( 'NONE', *, *, #6399, .F. ) ;
#10707 = ORIENTED_EDGE ( 'NONE', *, *, #7849, .F. ) ;
#10708 = SURFACE_STYLE_USAGE ( .BOTH. , #4520 ) ;
#10709 = ORIENTED_EDGE ( 'NONE', *, *, #4011, .T. ) ;
#10710 = VECTOR ( 'NONE', #977, 1000.000000000000000 ) ;
#10711 = STYLED_ITEM ( 'NONE', ( #3713 ), #2712 ) ;
#10712 = SURFACE_STYLE_USAGE ( .BOTH. , #10820 ) ;
#10713 = DIRECTION ( 'NONE',  ( 1.000000000000000000, 0.0000000000000000000, 2.168404344971008900E-016 ) ) ;
#10714 = ORIENTED_EDGE ( 'NONE', *, *, #10367, .F. ) ;
#10715 = AXIS2_PLACEMENT_3D ( 'NONE', #10298, #1464, #609 ) ;
#10716 = DIRECTION ( 'NONE',  ( 0.0000000000000000000, -0.7071067811865438000, 0.7071067811865513500 ) ) ;
#10717 =( GEOMETRIC_REPRESENTATION_CONTEXT ( 3 ) GLOBAL_UNCERTAINTY_ASSIGNED_CONTEXT ( ( #8689 ) ) GLOBAL_UNIT_ASSIGNED_CONTEXT ( ( #8513, #3264, #9408 ) ) REPRESENTATION_CONTEXT ( 'NONE', 'WORKASPACE' ) );
#10718 = FACE_OUTER_BOUND ( 'NONE', #5872, .T. ) ;
#10719 = UNCERTAINTY_MEASURE_WITH_UNIT (LENGTH_MEASURE( 1.000000000000000100E-005 ), #2167, 'distance_accuracy_value', 'NONE');
#10720 = LINE ( 'NONE', #10955, #1603 ) ;
#10721 = AXIS2_PLACEMENT_3D ( 'NONE', #3679, #3131, #3098 ) ;
#10722 = EDGE_CURVE ( 'NONE', #1761, #5603, #5884, .T. ) ;
#10723 = SURFACE_STYLE_USAGE ( .BOTH. , #10488 ) ;
#10724 = PRESENTATION_LAYER_ASSIGNMENT (  '', '', ( #9534 ) ) ;
#10725 = ORIENTED_EDGE ( 'NONE', *, *, #9487, .F. ) ;
#10726 = ORIENTED_EDGE ( 'NONE', *, *, #2763, .F. ) ;
#10727 = CARTESIAN_POINT ( 'NONE',  ( 1.089999999999999900, 2.999999999999999600, -1.761828530288944700E-016 ) ) ;
#10728 = COLOUR_RGB ( '',0.8000000000000000400, 0.8078431372549019800, 0.8000000000000000400 ) ;
#10729 = CARTESIAN_POINT ( 'NONE',  ( -4.474000000000001100, -1.100000000000000100, 0.3039999999999999400 ) ) ;
#10730 = DIRECTION ( 'NONE',  ( -1.000000000000000000, 0.0000000000000000000, -2.168404344971008900E-016 ) ) ;
#10731 = PLANE ( 'NONE',  #1221 ) ;
#10732 = DIRECTION ( 'NONE',  ( 0.0000000000000000000, 0.7071067811865436900, -0.7071067811865513500 ) ) ;
#10733 = ORIENTED_EDGE ( 'NONE', *, *, #6405, .T. ) ;
#10734 = VECTOR ( 'NONE', #2755, 1000.000000000000000 ) ;
#10735 = VERTEX_POINT ( 'NONE', #5668 ) ;
#10736 = EDGE_CURVE ( 'NONE', #457, #5504, #873, .T. ) ;
#10737 = CARTESIAN_POINT ( 'NONE',  ( 2.660000000000001000, 1.784694934132518600E-016, 0.6499999999999978000 ) ) ;
#10738 = EDGE_CURVE ( 'NONE', #7340, #11163, #7928, .T. ) ;
#10739 =( LENGTH_UNIT ( ) NAMED_UNIT ( * ) SI_UNIT ( .MILLI., .METRE. ) );
#10740 = DIRECTION ( 'NONE',  ( 1.000000000000000000, 0.0000000000000000000, 0.0000000000000000000 ) ) ;
#10741 = PLANE ( 'NONE',  #10066 ) ;
#10742 = ORIENTED_EDGE ( 'NONE', *, *, #6232, .F. ) ;
#10743 = CARTESIAN_POINT ( 'NONE',  ( -5.020000000000001400, 1.100000000000000100, 1.529999999999999800 ) ) ;
#10744 = EDGE_CURVE ( 'NONE', #7800, #10475, #1153, .T. ) ;
#10745 = CARTESIAN_POINT ( 'NONE',  ( -0.1599999999999999800, 0.0000000000000000000, 3.499999999999983100 ) ) ;
#10746 = ORIENTED_EDGE ( 'NONE', *, *, #9327, .F. ) ;
#10747 = LINE ( 'NONE', #3538, #3708 ) ;
#10748 = EDGE_CURVE ( 'NONE', #3610, #9584, #7655, .T. ) ;
#10749 = VERTEX_POINT ( 'NONE', #3941 ) ;
#10750 = PLANE ( 'NONE',  #11284 ) ;
#10751 = FILL_AREA_STYLE ('',( #9877 ) ) ;
#10752 = LINE ( 'NONE', #7310, #8398 ) ;
#10753 = CARTESIAN_POINT ( 'NONE',  ( -0.1599999999999999800, 0.4249999999999998200, 0.04999999999999753300 ) ) ;
#10754 = MECHANICAL_DESIGN_GEOMETRIC_PRESENTATION_REPRESENTATION (  '', ( #8961 ), #11353 ) ;
#10755 = PRESENTATION_LAYER_ASSIGNMENT (  '', '', ( #9582 ) ) ;
#10756 = ADVANCED_FACE ( 'NONE', ( #5314 ), #10996, .T. ) ;
#10757 = LINE ( 'NONE', #2312, #6351 ) ;
#10758 = ORIENTED_EDGE ( 'NONE', *, *, #5561, .F. ) ;
#10759 = EDGE_LOOP ( 'NONE', ( #3166, #3889, #5901, #7817 ) ) ;
#10760 = DIRECTION ( 'NONE',  ( 1.000000000000000000, 0.0000000000000000000, 0.0000000000000000000 ) ) ;
#10761 = VECTOR ( 'NONE', #4240, 1000.000000000000000 ) ;
#10762 = CARTESIAN_POINT ( 'NONE',  ( -4.200000000000000200, -1.100000000000000100, 2.200000000000000200 ) ) ;
#10763 = DIRECTION ( 'NONE',  ( -0.9805806756909207800, 0.0000000000000000000, 0.1961161351381807700 ) ) ;
#10764 = LINE ( 'NONE', #5722, #6104 ) ;
#10765 = ORIENTED_EDGE ( 'NONE', *, *, #1728, .F. ) ;
#10766 = PLANE ( 'NONE',  #7948 ) ;
#10767 = VECTOR ( 'NONE', #5221, 1000.000000000000000 ) ;
#10768 = DIRECTION ( 'NONE',  ( 0.0000000000000000000, 0.7071067811865440200, -0.7071067811865511300 ) ) ;
#10769 = ORIENTED_EDGE ( 'NONE', *, *, #9504, .T. ) ;
#10770 = FACE_OUTER_BOUND ( 'NONE', #6961, .T. ) ;
#10771 = AXIS2_PLACEMENT_3D ( 'NONE', #4101, #10282, #4982 ) ;
#10772 =( GEOMETRIC_REPRESENTATION_CONTEXT ( 3 ) GLOBAL_UNCERTAINTY_ASSIGNED_CONTEXT ( ( #65 ) ) GLOBAL_UNIT_ASSIGNED_CONTEXT ( ( #9168, #9952, #9999 ) ) REPRESENTATION_CONTEXT ( 'NONE', 'WORKASPACE' ) );
#10773 = MECHANICAL_DESIGN_GEOMETRIC_PRESENTATION_REPRESENTATION (  '', ( #8981 ), #11374 ) ;
#10774 = DIRECTION ( 'NONE',  ( -1.000000000000000000, -0.0000000000000000000, -0.0000000000000000000 ) ) ;
#10775 = VERTEX_POINT ( 'NONE', #6613 ) ;
#10776 = VERTEX_POINT ( 'NONE', #2184 ) ;
#10777 = PRESENTATION_STYLE_ASSIGNMENT (( #3856 ) ) ;
#10778 = LINE ( 'NONE', #6865, #10506 ) ;
#10779 = FILL_AREA_STYLE ('',( #4608 ) ) ;
#10780 =( LENGTH_UNIT ( ) NAMED_UNIT ( * ) SI_UNIT ( .MILLI., .METRE. ) );
#10781 = FACE_OUTER_BOUND ( 'NONE', #3799, .T. ) ;
#10782 =( GEOMETRIC_REPRESENTATION_CONTEXT ( 3 ) GLOBAL_UNCERTAINTY_ASSIGNED_CONTEXT ( ( #4503 ) ) GLOBAL_UNIT_ASSIGNED_CONTEXT ( ( #9490, #4217, #10379 ) ) REPRESENTATION_CONTEXT ( 'NONE', 'WORKASPACE' ) );
#10783 = ORIENTED_EDGE ( 'NONE', *, *, #4931, .F. ) ;
#10784 =( NAMED_UNIT ( * ) PLANE_ANGLE_UNIT ( ) SI_UNIT ( $, .RADIAN. ) );
#10785 = ORIENTED_EDGE ( 'NONE', *, *, #4831, .F. ) ;
#10786 = SURFACE_STYLE_FILL_AREA ( #6068 ) ;
#10787 = DIRECTION ( 'NONE',  ( 0.0000000000000000000, 0.0000000000000000000, 1.000000000000000000 ) ) ;
#10788 = UNCERTAINTY_MEASURE_WITH_UNIT (LENGTH_MEASURE( 1.000000000000000100E-005 ), #10589, 'distance_accuracy_value', 'NONE');
#10789 = VERTEX_POINT ( 'NONE', #2159 ) ;
#10790 = FACE_OUTER_BOUND ( 'NONE', #9751, .T. ) ;
#10791 = VECTOR ( 'NONE', #11280, 1000.000000000000200 ) ;
#10792 = CARTESIAN_POINT ( 'NONE',  ( 1.674999999999999400, 2.600000000000000100, 0.2999999999999979900 ) ) ;
#10793 =( NAMED_UNIT ( * ) SI_UNIT ( $, .STERADIAN. ) SOLID_ANGLE_UNIT ( ) );
#10794 = FACE_OUTER_BOUND ( 'NONE', #9803, .T. ) ;
#10795 = MECHANICAL_DESIGN_GEOMETRIC_PRESENTATION_REPRESENTATION (  '', ( #9000 ), #11389 ) ;
#10796 = DIRECTION ( 'NONE',  ( 0.7071067811865460200, 0.0000000000000000000, 0.7071067811865490200 ) ) ;
#10797 = ORIENTED_EDGE ( 'NONE', *, *, #5184, .F. ) ;
#10798 = LINE ( 'NONE', #3589, #6129 ) ;
#10799 = CARTESIAN_POINT ( 'NONE',  ( -1.090000000000000100, -0.3750000000000005000, 3.499999999999986700 ) ) ;
#10800 = ORIENTED_EDGE ( 'NONE', *, *, #1017, .F. ) ;
#10801 = ORIENTED_EDGE ( 'NONE', *, *, #2750, .F. ) ;
#10802 = SURFACE_SIDE_STYLE ('',( #2039 ) ) ;
#10803 = FACE_OUTER_BOUND ( 'NONE', #10124, .T. ) ;
#10804 = LINE ( 'NONE', #3009, #7895 ) ;
#10805 = EDGE_CURVE ( 'NONE', #11332, #7791, #2700, .T. ) ;
#10806 = LINE ( 'NONE', #5639, #4049 ) ;
#10807 = LINE ( 'NONE', #7019, #4051 ) ;
#10808 = SURFACE_STYLE_USAGE ( .BOTH. , #4628 ) ;
#10809 = FACE_OUTER_BOUND ( 'NONE', #2298, .T. ) ;
#10810 = VERTEX_POINT ( 'NONE', #9235 ) ;
#10811 = ORIENTED_EDGE ( 'NONE', *, *, #5537, .F. ) ;
#10812 = DIRECTION ( 'NONE',  ( 0.0000000000000000000, 0.0000000000000000000, 1.000000000000000000 ) ) ;
#10813 = SURFACE_STYLE_USAGE ( .BOTH. , #4632 ) ;
#10814 = VECTOR ( 'NONE', #3812, 1000.000000000000000 ) ;
#10815 = CARTESIAN_POINT ( 'NONE',  ( 4.524000000000000900, 1.100000000000000100, 1.226000000000000000 ) ) ;
#10816 = CARTESIAN_POINT ( 'NONE',  ( 1.409999999999999700, 2.350000000000003200, 0.6499999999999986900 ) ) ;
#10817 = LINE ( 'NONE', #9530, #10545 ) ;
#10818 = CARTESIAN_POINT ( 'NONE',  ( 4.524000000000000900, 1.100000000000000100, 1.276000000000000000 ) ) ;
#10819 = DIRECTION ( 'NONE',  ( 0.0000000000000000000, 0.0000000000000000000, -1.000000000000000000 ) ) ;
#10820 = SURFACE_SIDE_STYLE ('',( #3222 ) ) ;
#10821 = EDGE_CURVE ( 'NONE', #2898, #3808, #588, .T. ) ;
#10822 = ORIENTED_EDGE ( 'NONE', *, *, #7849, .T. ) ;
#10823 = ORIENTED_EDGE ( 'NONE', *, *, #7262, .T. ) ;
#10824 = ORIENTED_EDGE ( 'NONE', *, *, #8798, .F. ) ;
#10825 = EDGE_CURVE ( 'NONE', #7047, #1269, #303, .T. ) ;
#10826 = ADVANCED_FACE ( 'NONE', ( #21 ), #2226, .T. ) ;
#10827 = LINE ( 'NONE', #4121, #3789 ) ;
#10828 = CARTESIAN_POINT ( 'NONE',  ( 0.1599999999999999800, -0.6250000000000003300, 0.2999999999999964900 ) ) ;
#10829 = EDGE_CURVE ( 'NONE', #8210, #7494, #10700, .T. ) ;
#10830 = CARTESIAN_POINT ( 'NONE',  ( -4.000000000000000900, -1.100000000000000100, 0.2999999999999999900 ) ) ;
#10831 = SURFACE_STYLE_FILL_AREA ( #11440 ) ;
#10832 = ORIENTED_EDGE ( 'NONE', *, *, #3141, .F. ) ;
#10833 = LINE ( 'NONE', #6109, #8747 ) ;
#10834 = LINE ( 'NONE', #970, #8191 ) ;
#10835 = ORIENTED_EDGE ( 'NONE', *, *, #10605, .F. ) ;
#10836 = EDGE_CURVE ( 'NONE', #3918, #11173, #6289, .T. ) ;
#10837 = ORIENTED_EDGE ( 'NONE', *, *, #10311, .T. ) ;
#10838 = ORIENTED_EDGE ( 'NONE', *, *, #7571, .F. ) ;
#10839 = ORIENTED_EDGE ( 'NONE', *, *, #8935, .T. ) ;
#10840 = CARTESIAN_POINT ( 'NONE',  ( 2.339999999999999900, 0.4249999999999998200, 0.04999999999999753300 ) ) ;
#10841 = LINE ( 'NONE', #308, #10295 ) ;
#10842 = PLANE ( 'NONE',  #9065 ) ;
#10843 = DIRECTION ( 'NONE',  ( 0.0000000000000000000, 0.7071067811865436900, -0.7071067811865513500 ) ) ;
#10844 = EDGE_CURVE ( 'NONE', #354, #2253, #8338, .T. ) ;
#10845 = ORIENTED_EDGE ( 'NONE', *, *, #10364, .F. ) ;
#10846 = ORIENTED_EDGE ( 'NONE', *, *, #9917, .T. ) ;
#10847 = AXIS2_PLACEMENT_3D ( 'NONE', #3807, #9982, #4681 ) ;
#10848 = COLOUR_RGB ( '',0.8000000000000000400, 0.8078431372549019800, 0.8000000000000000400 ) ;
#10849 = AXIS2_PLACEMENT_3D ( 'NONE', #11085, #1386, #7573 ) ;
#10850 = VERTEX_POINT ( 'NONE', #1401 ) ;
#10851 = PLANE ( 'NONE',  #6787 ) ;
#10852 = CARTESIAN_POINT ( 'NONE',  ( -4.474000000000000200, 1.200000000000000000, 1.276000000000000000 ) ) ;
#10853 = CARTESIAN_POINT ( 'NONE',  ( -0.1599999999999999800, -0.1500000000000003300, 0.2999999999999965500 ) ) ;
#10854 = CARTESIAN_POINT ( 'NONE',  ( 4.000000000000000900, 1.700000000000000000, 0.2999999999999974900 ) ) ;
#10855 = CARTESIAN_POINT ( 'NONE',  ( -1.409999999999999900, 3.100000000000000100, 0.3499999999999989800 ) ) ;
#10856 = CARTESIAN_POINT ( 'NONE',  ( -4.524000000000000900, -1.100000000000000100, -2.710505431213761100E-017 ) ) ;
#10857 = ORIENTED_EDGE ( 'NONE', *, *, #1335, .F. ) ;
#10858 = AXIS2_PLACEMENT_3D ( 'NONE', #4947, #11110, #5852 ) ;
#10859 = AXIS2_PLACEMENT_3D ( 'NONE', #5109, #11270, #6021 ) ;
#10860 = COLOUR_RGB ( '',0.8000000000000000400, 0.8078431372549019800, 0.8000000000000000400 ) ;
#10861 = CARTESIAN_POINT ( 'NONE',  ( 2.339999999999999900, -0.6250000000000003300, 0.6499999999999964700 ) ) ;
#10862 = CARTESIAN_POINT ( 'NONE',  ( 5.020000000000001400, -1.100000000000000100, 1.750000000000003100 ) ) ;
#10863 = PLANE ( 'NONE',  #342 ) ;
#10864 = EDGE_LOOP ( 'NONE', ( #966, #5038, #8624, #8875 ) ) ;
#10865 = DIRECTION ( 'NONE',  ( 0.0000000000000000000, -1.204669080539448900E-016, -1.000000000000000000 ) ) ;
#10866 = SURFACE_STYLE_FILL_AREA ( #9919 ) ;
#10867 = ADVANCED_FACE ( 'NONE', ( #10426 ), #5830, .T. ) ;
#10868 = EDGE_CURVE ( 'NONE', #4488, #7210, #7224, .T. ) ;
#10869 = DIRECTION ( 'NONE',  ( 0.0000000000000000000, -0.0000000000000000000, -1.000000000000000000 ) ) ;
#10870 = MECHANICAL_DESIGN_GEOMETRIC_PRESENTATION_REPRESENTATION (  '', ( #9071 ), #11457 ) ;
#10871 = EDGE_CURVE ( 'NONE', #5933, #10660, #9589, .T. ) ;
#10872 = DIRECTION ( 'NONE',  ( 0.0000000000000000000, 1.000000000000000000, -1.204669080539448900E-016 ) ) ;
#10873 = DIRECTION ( 'NONE',  ( 1.000000000000000000, 0.0000000000000000000, 0.0000000000000000000 ) ) ;
#10874 = CARTESIAN_POINT ( 'NONE',  ( 0.0000000000000000000, 2.000000000000000000, 3.699999999999996600 ) ) ;
#10875 = ORIENTED_EDGE ( 'NONE', *, *, #3715, .T. ) ;
#10876 = DIRECTION ( 'NONE',  ( 0.0000000000000000000, 0.0000000000000000000, -1.000000000000000000 ) ) ;
#10877 = VECTOR ( 'NONE', #5260, 1000.000000000000000 ) ;
#10878 = ADVANCED_FACE ( 'NONE', ( #2829 ), #10305, .F. ) ;
#10879 =( LENGTH_UNIT ( ) NAMED_UNIT ( * ) SI_UNIT ( .MILLI., .METRE. ) );
#10880 =( NAMED_UNIT ( * ) SI_UNIT ( $, .STERADIAN. ) SOLID_ANGLE_UNIT ( ) );
#10881 = CARTESIAN_POINT ( 'NONE',  ( 0.1599999999999999800, 2.500000000000000000, -1.084202172485504400E-016 ) ) ;
#10882 = CARTESIAN_POINT ( 'NONE',  ( -4.474000000000001100, 1.100000000000000100, 1.226000000000000000 ) ) ;
#10883 = EDGE_LOOP ( 'NONE', ( #713, #4830, #2309, #3791 ) ) ;
#10884 = EDGE_LOOP ( 'NONE', ( #8982, #6925, #2884, #10837 ) ) ;
#10885 = VECTOR ( 'NONE', #5470, 1000.000000000000000 ) ;
#10886 = EDGE_CURVE ( 'NONE', #7752, #7524, #8464, .T. ) ;
#10887 = DIRECTION ( 'NONE',  ( 0.0000000000000000000, 1.000000000000000000, 2.032879073410321300E-016 ) ) ;
#10888 = CARTESIAN_POINT ( 'NONE',  ( -0.1599999999999999800, 2.350000000000003200, 0.6499999999999986900 ) ) ;
#10889 = EDGE_CURVE ( 'NONE', #3931, #6586, #10827, .T. ) ;
#10890 = VERTEX_POINT ( 'NONE', #4157 ) ;
#10891 = CARTESIAN_POINT ( 'NONE',  ( -3.999999999999999100, 1.700000000000000000, 4.699999999999996600 ) ) ;
#10892 = EDGE_CURVE ( 'NONE', #6168, #1897, #6157, .T. ) ;
#10893 = CARTESIAN_POINT ( 'NONE',  ( -2.339999999999999900, 2.200000000000004200, 0.2999999999999989900 ) ) ;
#10894 = SURFACE_SIDE_STYLE ('',( #6162 ) ) ;
#10895 = PLANE ( 'NONE',  #5507 ) ;
#10896 =( NAMED_UNIT ( * ) PLANE_ANGLE_UNIT ( ) SI_UNIT ( $, .RADIAN. ) );
#10897 = CARTESIAN_POINT ( 'NONE',  ( -3.999999999999999100, -1.100000000000000100, 4.699999999999995700 ) ) ;
#10898 = VERTEX_POINT ( 'NONE', #1515 ) ;
#10899 = VERTEX_POINT ( 'NONE', #7699 ) ;
#10900 = CARTESIAN_POINT ( 'NONE',  ( 4.694000000000002600, 1.420000000000003000, 0.2999999999999973200 ) ) ;
#10901 = VERTEX_POINT ( 'NONE', #3315 ) ;
#10902 = CARTESIAN_POINT ( 'NONE',  ( -0.8250000000000004000, 2.600000000000000100, 0.6499999999999984700 ) ) ;
#10903 = DIRECTION ( 'NONE',  ( 0.0000000000000000000, 0.0000000000000000000, 1.000000000000000000 ) ) ;
#10904 = ORIENTED_EDGE ( 'NONE', *, *, #7641, .F. ) ;
#10905 = EDGE_LOOP ( 'NONE', ( #7985, #9946, #2995, #6522 ) ) ;
#10906 = CARTESIAN_POINT ( 'NONE',  ( 2.660000000000000100, 3.000000000000000000, 0.4499999999999998400 ) ) ;
#10907 = ORIENTED_EDGE ( 'NONE', *, *, #9848, .T. ) ;
#10908 = EDGE_LOOP ( 'NONE', ( #9134, #6744, #8876, #9268 ) ) ;
#10909 = EDGE_CURVE ( 'NONE', #5308, #10069, #4069, .T. ) ;
#10910 = LINE ( 'NONE', #4123, #6505 ) ;
#10911 = DIRECTION ( 'NONE',  ( 0.0000000000000000000, -1.000000000000000000, -1.294569758191649100E-016 ) ) ;
#10912 = ORIENTED_EDGE ( 'NONE', *, *, #10821, .F. ) ;
#10913 = VECTOR ( 'NONE', #1152, 1000.000000000000000 ) ;
#10914 = ORIENTED_EDGE ( 'NONE', *, *, #1727, .F. ) ;
#10915 = FACE_OUTER_BOUND ( 'NONE', #217, .T. ) ;
#10916 = CARTESIAN_POINT ( 'NONE',  ( -2.660000000000000100, -0.1500000000000003300, 0.2999999999999965500 ) ) ;
#10917 =( GEOMETRIC_REPRESENTATION_CONTEXT ( 3 ) GLOBAL_UNCERTAINTY_ASSIGNED_CONTEXT ( ( #11154 ) ) GLOBAL_UNIT_ASSIGNED_CONTEXT ( ( #2084, #8250, #3004 ) ) REPRESENTATION_CONTEXT ( 'NONE', 'WORKASPACE' ) );
#10918 = AXIS2_PLACEMENT_3D ( 'NONE', #9183, #8501, #3664 ) ;
#10919 =( NAMED_UNIT ( * ) SI_UNIT ( $, .STERADIAN. ) SOLID_ANGLE_UNIT ( ) );
#10920 = FACE_OUTER_BOUND ( 'NONE', #1546, .T. ) ;
#10921 = VERTEX_POINT ( 'NONE', #5990 ) ;
#10922 = FACE_OUTER_BOUND ( 'NONE', #8514, .T. ) ;
#10923 = ORIENTED_EDGE ( 'NONE', *, *, #10619, .F. ) ;
#10924 = COLOUR_RGB ( '',0.8000000000000000400, 0.8078431372549019800, 0.8000000000000000400 ) ;
#10925 = FILL_AREA_STYLE_COLOUR ( '', #6384 ) ;
#10926 = MECHANICAL_DESIGN_GEOMETRIC_PRESENTATION_REPRESENTATION (  '', ( #9136 ), #16 ) ;
#10927 = CARTESIAN_POINT ( 'NONE',  ( -4.200000000000000200, -0.8000000000000001600, 2.200000000000000600 ) ) ;
#10928 = ADVANCED_FACE ( 'NONE', ( #1422 ), #4204, .F. ) ;
#10929 =( NAMED_UNIT ( * ) SI_UNIT ( $, .STERADIAN. ) SOLID_ANGLE_UNIT ( ) );
#10930 = FILL_AREA_STYLE ('',( #3858 ) ) ;
#10931 = DIRECTION ( 'NONE',  ( -1.000000000000000000, 0.0000000000000000000, 0.0000000000000000000 ) ) ;
#10932 = DIRECTION ( 'NONE',  ( 0.0000000000000000000, 1.000000000000000000, -1.355252715606881500E-016 ) ) ;
#10933 = DIRECTION ( 'NONE',  ( 1.000000000000000000, 0.0000000000000000000, 0.0000000000000000000 ) ) ;
#10934 = COLOUR_RGB ( '',0.8000000000000000400, 0.8078431372549019800, 0.8000000000000000400 ) ;
#10935 = AXIS2_PLACEMENT_3D ( 'NONE', #8045, #6306, #9846 ) ;
#10936 = AXIS2_PLACEMENT_3D ( 'NONE', #6548, #1213, #7413 ) ;
#10937 = ORIENTED_EDGE ( 'NONE', *, *, #2297, .F. ) ;
#10938 = VERTEX_POINT ( 'NONE', #654 ) ;
#10939 = VECTOR ( 'NONE', #802, 1000.000000000000000 ) ;
#10940 = DIRECTION ( 'NONE',  ( 6.776263578034385900E-016, 1.000000000000000000, -0.0000000000000000000 ) ) ;
#10941 = LINE ( 'NONE', #6966, #2092 ) ;
#10942 = CARTESIAN_POINT ( 'NONE',  ( -0.1599999999999999800, 0.4249999999999998200, 3.499999999999981300 ) ) ;
#10943 = LINE ( 'NONE', #11357, #10664 ) ;
#10944 = ADVANCED_FACE ( 'NONE', ( #3529 ), #3361, .T. ) ;
#10945 = FACE_OUTER_BOUND ( 'NONE', #3171, .T. ) ;
#10946 = PRESENTATION_STYLE_ASSIGNMENT (( #8490 ) ) ;
#10947 = CIRCLE ( 'NONE', #1526, 0.05000000000000056500 ) ;
#10948 =( NAMED_UNIT ( * ) PLANE_ANGLE_UNIT ( ) SI_UNIT ( $, .RADIAN. ) );
#10949 = EDGE_LOOP ( 'NONE', ( #3585, #7082, #4116, #10458 ) ) ;
#10950 = DIRECTION ( 'NONE',  ( -1.000000000000000000, -0.0000000000000000000, 0.0000000000000000000 ) ) ;
#10951 = ORIENTED_EDGE ( 'NONE', *, *, #9708, .T. ) ;
#10952 = EDGE_LOOP ( 'NONE', ( #4708, #2481, #7589, #9988 ) ) ;
#10953 = VECTOR ( 'NONE', #1344, 1000.000000000000000 ) ;
#10954 = SURFACE_STYLE_USAGE ( .BOTH. , #4784 ) ;
#10955 = CARTESIAN_POINT ( 'NONE',  ( 0.1599999999999999800, 0.4249999999999998200, 0.6499999999999964700 ) ) ;
#10956 = FACE_OUTER_BOUND ( 'NONE', #3357, .T. ) ;
#10957 = CARTESIAN_POINT ( 'NONE',  ( -3.999999999999999100, 2.299999999999999800, 1.749999999999996400 ) ) ;
#10958 = CARTESIAN_POINT ( 'NONE',  ( -2.339999999999999900, 3.000000000000000000, 0.4499999999999998400 ) ) ;
#10959 = SURFACE_SIDE_STYLE ('',( #2506 ) ) ;
#10960 = ORIENTED_EDGE ( 'NONE', *, *, #6752, .T. ) ;
#10961 = ORIENTED_EDGE ( 'NONE', *, *, #6274, .T. ) ;
#10962 = VECTOR ( 'NONE', #9741, 1000.000000000000000 ) ;
#10963 = EDGE_CURVE ( 'NONE', #7814, #7318, #5873, .T. ) ;
#10964 = LINE ( 'NONE', #4502, #8605 ) ;
#10965 = EDGE_CURVE ( 'NONE', #10921, #8908, #289, .T. ) ;
#10966 = LINE ( 'NONE', #2964, #8606 ) ;
#10967 = CARTESIAN_POINT ( 'NONE',  ( -0.1599999999999999800, 3.000000000000000000, 0.4499999999999998400 ) ) ;
#10968 = LINE ( 'NONE', #6478, #6283 ) ;
#10969 = LINE ( 'NONE', #7760, #4210 ) ;
#10970 = DIRECTION ( 'NONE',  ( 0.0000000000000000000, 1.000000000000000000, 1.126443815569353400E-015 ) ) ;
#10971 = DIRECTION ( 'NONE',  ( -1.000000000000000000, 0.0000000000000000000, -0.0000000000000000000 ) ) ;
#10972 = FILL_AREA_STYLE_COLOUR ( '', #1691 ) ;
#10973 = ORIENTED_EDGE ( 'NONE', *, *, #7170, .F. ) ;
#10974 = ORIENTED_EDGE ( 'NONE', *, *, #1790, .T. ) ;
#10975 = ORIENTED_EDGE ( 'NONE', *, *, #11084, .F. ) ;
#10976 = CARTESIAN_POINT ( 'NONE',  ( -2.925000000000000700, 2.600000000000000100, 0.6499999999999986900 ) ) ;
#10977 = CARTESIAN_POINT ( 'NONE',  ( -1.675000000000000500, 2.600000000000000100, 0.2999999999999984300 ) ) ;
#10978 = VECTOR ( 'NONE', #6864, 1000.000000000000000 ) ;
#10979 = FACE_OUTER_BOUND ( 'NONE', #1976, .T. ) ;
#10980 = CARTESIAN_POINT ( 'NONE',  ( -2.339999999999999900, -0.6250000000000003300, 0.2999999999999964900 ) ) ;
#10981 = EDGE_CURVE ( 'NONE', #2189, #677, #9438, .T. ) ;
#10982 =( NAMED_UNIT ( * ) SI_UNIT ( $, .STERADIAN. ) SOLID_ANGLE_UNIT ( ) );
#10983 = EDGE_CURVE ( 'NONE', #984, #7386, #7084, .T. ) ;
#10984 = CARTESIAN_POINT ( 'NONE',  ( 4.524000000000000900, 1.100000000000000100, 0.2540000000000000000 ) ) ;
#10985 = EDGE_CURVE ( 'NONE', #9016, #6334, #9152, .T. ) ;
#10986 = ORIENTED_EDGE ( 'NONE', *, *, #5887, .T. ) ;
#10987 = ORIENTED_EDGE ( 'NONE', *, *, #9068, .T. ) ;
#10988 = LINE ( 'NONE', #10692, #6302 ) ;
#10989 = LINE ( 'NONE', #4202, #11252 ) ;
#10990 = ADVANCED_FACE ( 'NONE', ( #6815 ), #10478, .T. ) ;
#10991 =( GEOMETRIC_REPRESENTATION_CONTEXT ( 3 ) GLOBAL_UNCERTAINTY_ASSIGNED_CONTEXT ( ( #10127 ) ) GLOBAL_UNIT_ASSIGNED_CONTEXT ( ( #10252, #4959, #11122 ) ) REPRESENTATION_CONTEXT ( 'NONE', 'WORKASPACE' ) );
#10992 = PLANE ( 'NONE',  #8922 ) ;
#10993 = ORIENTED_EDGE ( 'NONE', *, *, #9787, .F. ) ;
#10994 = CARTESIAN_POINT ( 'NONE',  ( -3.999999999999999100, 2.600000000000000100, 4.699999999999995700 ) ) ;
#10995 = DIRECTION ( 'NONE',  ( 0.0000000000000000000, 1.000000000000000000, 0.0000000000000000000 ) ) ;
#10996 = PLANE ( 'NONE',  #1209 ) ;
#10997 = LINE ( 'NONE', #5593, #4241 ) ;
#10998 =( GEOMETRIC_REPRESENTATION_CONTEXT ( 3 ) GLOBAL_UNCERTAINTY_ASSIGNED_CONTEXT ( ( #8032 ) ) GLOBAL_UNIT_ASSIGNED_CONTEXT ( ( #7447, #2169, #8335 ) ) REPRESENTATION_CONTEXT ( 'NONE', 'WORKASPACE' ) );
#10999 = ADVANCED_FACE ( 'NONE', ( #6010 ), #6387, .T. ) ;
#11000 = VERTEX_POINT ( 'NONE', #155 ) ;
#11001 = VERTEX_POINT ( 'NONE', #2873 ) ;
#11002 = STYLED_ITEM ( 'NONE', ( #3864 ), #9051 ) ;
#11003 = DIRECTION ( 'NONE',  ( 0.0000000000000000000, 1.000000000000000000, 0.0000000000000000000 ) ) ;
#11004 =( GEOMETRIC_REPRESENTATION_CONTEXT ( 3 ) GLOBAL_UNCERTAINTY_ASSIGNED_CONTEXT ( ( #4433 ) ) GLOBAL_UNIT_ASSIGNED_CONTEXT ( ( #6893, #6775, #11253 ) ) REPRESENTATION_CONTEXT ( 'NONE', 'WORKASPACE' ) );
#11005 =( GEOMETRIC_REPRESENTATION_CONTEXT ( 3 ) GLOBAL_UNCERTAINTY_ASSIGNED_CONTEXT ( ( #11351 ) ) GLOBAL_UNIT_ASSIGNED_CONTEXT ( ( #2132, #8286, #3031 ) ) REPRESENTATION_CONTEXT ( 'NONE', 'WORKASPACE' ) );
#11006 = COLOUR_RGB ( '',0.8000000000000000400, 0.8078431372549019800, 0.8000000000000000400 ) ;
#11007 = UNCERTAINTY_MEASURE_WITH_UNIT (LENGTH_MEASURE( 1.000000000000000100E-005 ), #8846, 'distance_accuracy_value', 'NONE');
#11008 = FACE_OUTER_BOUND ( 'NONE', #11184, .T. ) ;
#11009 = CARTESIAN_POINT ( 'NONE',  ( -2.339999999999999900, 0.4249999999999998200, 0.6499999999999964700 ) ) ;
#11010 = DIRECTION ( 'NONE',  ( 0.0000000000000000000, 0.0000000000000000000, 1.000000000000000000 ) ) ;
#11011 = CARTESIAN_POINT ( 'NONE',  ( -1.090000000000000100, 3.100000000000000100, 0.09999999999999947800 ) ) ;
#11012 = DIRECTION ( 'NONE',  ( 0.0000000000000000000, -1.000000000000000000, 0.0000000000000000000 ) ) ;
#11013 = AXIS2_PLACEMENT_3D ( 'NONE', #7365, #2075, #8244 ) ;
#11014 = ORIENTED_EDGE ( 'NONE', *, *, #10180, .T. ) ;
#11015 = DIRECTION ( 'NONE',  ( 0.1940285000290632400, -0.1455213750217967100, 0.9701425001453329900 ) ) ;
#11016 = DIRECTION ( 'NONE',  ( 1.000000000000000000, 0.0000000000000000000, 0.0000000000000000000 ) ) ;
#11017 = DIRECTION ( 'NONE',  ( 0.0000000000000000000, -0.7071067811865496800, -0.7071067811865453500 ) ) ;
#11018 = AXIS2_PLACEMENT_3D ( 'NONE', #2550, #5200, #11367 ) ;
#11019 =( NAMED_UNIT ( * ) PLANE_ANGLE_UNIT ( ) SI_UNIT ( $, .RADIAN. ) );
#11020 =( NAMED_UNIT ( * ) PLANE_ANGLE_UNIT ( ) SI_UNIT ( $, .RADIAN. ) );
#11021 = EDGE_LOOP ( 'NONE', ( #8476, #7069, #10002, #1084 ) ) ;
#11022 = EDGE_CURVE ( 'NONE', #4920, #6532, #10412, .T. ) ;
#11023 = FILL_AREA_STYLE_COLOUR ( '', #7536 ) ;
#11024 = CARTESIAN_POINT ( 'NONE',  ( -2.024999999999999500, -1.100000000000000100, 3.249999999999996000 ) ) ;
#11025 = DIRECTION ( 'NONE',  ( 1.000000000000000000, 1.172110456741085800E-016, 0.0000000000000000000 ) ) ;
#11026 = ORIENTED_EDGE ( 'NONE', *, *, #4918, .T. ) ;
#11027 = VERTEX_POINT ( 'NONE', #9923 ) ;
#11028 = DIRECTION ( 'NONE',  ( -1.000000000000000000, 0.0000000000000000000, 0.0000000000000000000 ) ) ;
#11029 = LINE ( 'NONE', #7156, #4001 ) ;
#11030 = ADVANCED_FACE ( 'NONE', ( #5726 ), #189, .T. ) ;
#11031 = CARTESIAN_POINT ( 'NONE',  ( -1.090000000000000100, -0.6250000000000003300, 0.2999999999999964900 ) ) ;
#11032 = EDGE_CURVE ( 'NONE', #6934, #10749, #988, .T. ) ;
#11033 = CARTESIAN_POINT ( 'NONE',  ( 1.410000000000000600, -0.3750000000000003300, 1.749999999999996400 ) ) ;
#11034 = CARTESIAN_POINT ( 'NONE',  ( 2.339999999999999900, 0.4249999999999998200, 3.499999999999981300 ) ) ;
#11035 = EDGE_CURVE ( 'NONE', #9743, #7479, #3657, .T. ) ;
#11036 = VERTEX_POINT ( 'NONE', #2015 ) ;
#11037 = CARTESIAN_POINT ( 'NONE',  ( -3.500000000000001300, -1.100000000000000300, 0.2999999999999998200 ) ) ;
#11038 = FACE_OUTER_BOUND ( 'NONE', #6643, .T. ) ;
#11039 = EDGE_CURVE ( 'NONE', #10850, #4230, #10143, .T. ) ;
#11040 = VERTEX_POINT ( 'NONE', #10856 ) ;
#11041 = VERTEX_POINT ( 'NONE', #5569 ) ;
#11042 = CARTESIAN_POINT ( 'NONE',  ( 1.409999999999999700, 0.2499999999999996700, 0.2999999999999966000 ) ) ;
#11043 = FILL_AREA_STYLE_COLOUR ( '', #4604 ) ;
#11044 = ADVANCED_FACE ( 'NONE', ( #7506 ), #7336, .T. ) ;
#11045 = CARTESIAN_POINT ( 'NONE',  ( 2.339999999999999900, 0.2499999999999996700, 0.1799999999999966600 ) ) ;
#11046 =( NAMED_UNIT ( * ) PLANE_ANGLE_UNIT ( ) SI_UNIT ( $, .RADIAN. ) );
#11047 = ORIENTED_EDGE ( 'NONE', *, *, #2484, .T. ) ;
#11048 = VECTOR ( 'NONE', #8723, 1000.000000000000000 ) ;
#11049 = EDGE_LOOP ( 'NONE', ( #7117, #7714, #9228, #6420 ) ) ;
#11050 = LINE ( 'NONE', #4798, #3732 ) ;
#11051 = DIRECTION ( 'NONE',  ( 0.0000000000000000000, -1.000000000000000000, 0.0000000000000000000 ) ) ;
#11052 = EDGE_CURVE ( 'NONE', #9396, #2269, #3106, .T. ) ;
#11053 = LINE ( 'NONE', #5399, #5402 ) ;
#11054 = CIRCLE ( 'NONE', #6211, 0.3040000000000004400 ) ;
#11055 = PRESENTATION_STYLE_ASSIGNMENT (( #10954 ) ) ;
#11056 = CARTESIAN_POINT ( 'NONE',  ( 4.474000000000000200, -1.100000000000000100, 1.055999999999996700 ) ) ;
#11057 = VERTEX_POINT ( 'NONE', #6472 ) ;
#11058 = FACE_OUTER_BOUND ( 'NONE', #735, .T. ) ;
#11059 = CARTESIAN_POINT ( 'NONE',  ( 1.409999999999999700, 0.4249999999999998200, 0.6499999999999964700 ) ) ;
#11060 = VERTEX_POINT ( 'NONE', #4719 ) ;
#11061 = EDGE_LOOP ( 'NONE', ( #2518, #11193, #3146, #10410 ) ) ;
#11062 =( NAMED_UNIT ( * ) PLANE_ANGLE_UNIT ( ) SI_UNIT ( $, .RADIAN. ) );
#11063 = LINE ( 'NONE', #5384, #4032 ) ;
#11064 =( GEOMETRIC_REPRESENTATION_CONTEXT ( 3 ) GLOBAL_UNCERTAINTY_ASSIGNED_CONTEXT ( ( #4456 ) ) GLOBAL_UNIT_ASSIGNED_CONTEXT ( ( #52, #6290, #961 ) ) REPRESENTATION_CONTEXT ( 'NONE', 'WORKASPACE' ) );
#11065 = AXIS2_PLACEMENT_3D ( 'NONE', #7292, #6601, #6512 ) ;
#11066 = DIRECTION ( 'NONE',  ( 1.000000000000000000, 0.0000000000000000000, -3.049318610115480700E-016 ) ) ;
#11067 = PRESENTATION_STYLE_ASSIGNMENT (( #3622 ) ) ;
#11068 = VECTOR ( 'NONE', #9854, 1000.000000000000000 ) ;
#11069 = FILL_AREA_STYLE ('',( #10196 ) ) ;
#11070 = SURFACE_STYLE_FILL_AREA ( #4497 ) ;
#11071 = PRESENTATION_LAYER_ASSIGNMENT (  '', '', ( #9892 ) ) ;
#11072 = ORIENTED_EDGE ( 'NONE', *, *, #4318, .T. ) ;
#11073 = ORIENTED_EDGE ( 'NONE', *, *, #9623, .T. ) ;
#11074 = UNCERTAINTY_MEASURE_WITH_UNIT (LENGTH_MEASURE( 1.000000000000000100E-005 ), #7279, 'distance_accuracy_value', 'NONE');
#11075 = CARTESIAN_POINT ( 'NONE',  ( -4.474000000000000200, 1.200000000000000000, 1.276000000000000000 ) ) ;
#11076 = LINE ( 'NONE', #5938, #6393 ) ;
#11077 = CARTESIAN_POINT ( 'NONE',  ( -3.399999999999999500, 2.000000000000000000, 3.699999999999996600 ) ) ;
#11078 = LINE ( 'NONE', #7112, #4048 ) ;
#11079 = VECTOR ( 'NONE', #9305, 1000.000000000000000 ) ;
#11080 = ORIENTED_EDGE ( 'NONE', *, *, #1948, .T. ) ;
#11081 = ORIENTED_EDGE ( 'NONE', *, *, #2023, .T. ) ;
#11082 = CARTESIAN_POINT ( 'NONE',  ( -1.090000000000000100, -0.2500000000000006700, 3.999999999999993300 ) ) ;
#11083 = FILL_AREA_STYLE ('',( #4035 ) ) ;
#11084 = EDGE_CURVE ( 'NONE', #3363, #3431, #5163, .T. ) ;
#11085 = CARTESIAN_POINT ( 'NONE',  ( 1.724999999999999900, 3.673118842698620300, 3.249999999999995100 ) ) ;
#11086 = LINE ( 'NONE', #1163, #3780 ) ;
#11087 =( GEOMETRIC_REPRESENTATION_CONTEXT ( 3 ) GLOBAL_UNCERTAINTY_ASSIGNED_CONTEXT ( ( #1620 ) ) GLOBAL_UNIT_ASSIGNED_CONTEXT ( ( #6749, #1447, #7622 ) ) REPRESENTATION_CONTEXT ( 'NONE', 'WORKASPACE' ) );
#11088 = DIRECTION ( 'NONE',  ( 1.000000000000000000, 0.0000000000000000000, 0.0000000000000000000 ) ) ;
#11089 = ADVANCED_FACE ( 'NONE', ( #9574 ), #1185, .F. ) ;
#11090 = ORIENTED_EDGE ( 'NONE', *, *, #10297, .T. ) ;
#11091 = ORIENTED_EDGE ( 'NONE', *, *, #4539, .T. ) ;
#11092 = ORIENTED_EDGE ( 'NONE', *, *, #9777, .F. ) ;
#11093 = VECTOR ( 'NONE', #8697, 1000.000000000000000 ) ;
#11094 = CARTESIAN_POINT ( 'NONE',  ( -4.524000000000000900, -1.100000000000000100, 1.530000000000000000 ) ) ;
#11095 = ORIENTED_EDGE ( 'NONE', *, *, #3801, .F. ) ;
#11096 = LINE ( 'NONE', #3404, #1712 ) ;
#11097 = CARTESIAN_POINT ( 'NONE',  ( -3.699999999999999300, 0.8499999999999996400, 1.749999999999996400 ) ) ;
#11098 = DIRECTION ( 'NONE',  ( 0.0000000000000000000, 0.0000000000000000000, -1.000000000000000000 ) ) ;
#11099 = CARTESIAN_POINT ( 'NONE',  ( 2.660000000000000100, 0.4249999999999998200, 0.6499999999999964700 ) ) ;
#11100 = DIRECTION ( 'NONE',  ( -0.0000000000000000000, 0.0000000000000000000, 1.000000000000000000 ) ) ;
#11101 = ADVANCED_FACE ( 'NONE', ( #7212 ), #3865, .T. ) ;
#11102 = EDGE_CURVE ( 'NONE', #6822, #5504, #4891, .T. ) ;
#11103 = ORIENTED_EDGE ( 'NONE', *, *, #9848, .F. ) ;
#11104 = ORIENTED_EDGE ( 'NONE', *, *, #5130, .F. ) ;
#11105 = EDGE_CURVE ( 'NONE', #1041, #1416, #3383, .T. ) ;
#11106 = FACE_OUTER_BOUND ( 'NONE', #9689, .T. ) ;
#11107 = CARTESIAN_POINT ( 'NONE',  ( -3.399999999999999500, 1.700000000000000200, 1.749999999999996400 ) ) ;
#11108 = SURFACE_STYLE_USAGE ( .BOTH. , #4943 ) ;
#11109 = CARTESIAN_POINT ( 'NONE',  ( -2.339999999999999900, 0.2499999999999996700, 0.2999999999999966000 ) ) ;
#11110 = DIRECTION ( 'NONE',  ( 1.807003620809169700E-016, 1.000000000000000000, -0.0000000000000000000 ) ) ;
#11111 = ORIENTED_EDGE ( 'NONE', *, *, #5116, .F. ) ;
#11112 = VERTEX_POINT ( 'NONE', #8294 ) ;
#11113 = EDGE_CURVE ( 'NONE', #1519, #9182, #6951, .T. ) ;
#11114 = LINE ( 'NONE', #9321, #1732 ) ;
#11115 = ORIENTED_EDGE ( 'NONE', *, *, #9413, .T. ) ;
#11116 = DIRECTION ( 'NONE',  ( -1.000000000000000000, 6.776263578034385900E-016, 0.0000000000000000000 ) ) ;
#11117 = CARTESIAN_POINT ( 'NONE',  ( -3.699999999999999300, 0.09999999999999982500, 4.699999999999996600 ) ) ;
#11118 = EDGE_CURVE ( 'NONE', #2595, #1789, #9287, .T. ) ;
#11119 =( NAMED_UNIT ( * ) PLANE_ANGLE_UNIT ( ) SI_UNIT ( $, .RADIAN. ) );
#11120 = ORIENTED_EDGE ( 'NONE', *, *, #741, .F. ) ;
#11121 = VERTEX_POINT ( 'NONE', #5693 ) ;
#11122 =( NAMED_UNIT ( * ) SI_UNIT ( $, .STERADIAN. ) SOLID_ANGLE_UNIT ( ) );
#11123 = LINE ( 'NONE', #91, #1742 ) ;
#11124 = PRESENTATION_LAYER_ASSIGNMENT (  '', '', ( #9950 ) ) ;
#11125 = DIRECTION ( 'NONE',  ( -1.000000000000000000, -0.0000000000000000000, -0.0000000000000000000 ) ) ;
#11126 = SURFACE_SIDE_STYLE ('',( #10093 ) ) ;
#11127 = CARTESIAN_POINT ( 'NONE',  ( 1.409999999999999700, 0.4249999999999998200, 0.6499999999999964700 ) ) ;
#11128 = FILL_AREA_STYLE ('',( #3201 ) ) ;
#11129 = AXIS2_PLACEMENT_3D ( 'NONE', #11385, #6123, #781 ) ;
#11130 = CARTESIAN_POINT ( 'NONE',  ( 1.409999999999999700, 2.350000000000003200, 0.6499999999999986900 ) ) ;
#11131 =( GEOMETRIC_REPRESENTATION_CONTEXT ( 3 ) GLOBAL_UNCERTAINTY_ASSIGNED_CONTEXT ( ( #10788 ) ) GLOBAL_UNIT_ASSIGNED_CONTEXT ( ( #10589, #5295, #11462 ) ) REPRESENTATION_CONTEXT ( 'NONE', 'WORKASPACE' ) );
#11132 = ADVANCED_FACE ( 'NONE', ( #8996 ), #1267, .T. ) ;
#11133 = VERTEX_POINT ( 'NONE', #10134 ) ;
#11134 = PLANE ( 'NONE',  #2204 ) ;
#11135 = EDGE_LOOP ( 'NONE', ( #3342, #9060, #4315, #8107 ) ) ;
#11136 = LINE ( 'NONE', #9624, #6476 ) ;
#11137 = FILL_AREA_STYLE_COLOUR ( '', #4787 ) ;
#11138 = CARTESIAN_POINT ( 'NONE',  ( -1.324999999999999500, 2.123118842698621800, 2.099999999999996100 ) ) ;
#11139 = DIRECTION ( 'NONE',  ( 0.0000000000000000000, -1.000000000000000000, -4.336808689942014600E-015 ) ) ;
#11140 = CARTESIAN_POINT ( 'NONE',  ( -1.090000000000000100, 2.500000000000000000, -1.084202172485504400E-016 ) ) ;
#11141 = CARTESIAN_POINT ( 'NONE',  ( -3.399999999999999500, 0.8499999999999996400, 1.749999999999996400 ) ) ;
#11142 =( GEOMETRIC_REPRESENTATION_CONTEXT ( 3 ) GLOBAL_UNCERTAINTY_ASSIGNED_CONTEXT ( ( #6892 ) ) GLOBAL_UNIT_ASSIGNED_CONTEXT ( ( #1856, #8003, #2742 ) ) REPRESENTATION_CONTEXT ( 'NONE', 'WORKASPACE' ) );
#11143 = DIRECTION ( 'NONE',  ( 0.0000000000000000000, -1.355252715606881500E-016, -1.000000000000000000 ) ) ;
#11144 = DIRECTION ( 'NONE',  ( -1.084202172485505400E-015, 0.0000000000000000000, -1.000000000000000000 ) ) ;
#11145 = ADVANCED_FACE ( 'NONE', ( #5861 ), #1306, .F. ) ;
#11146 = EDGE_LOOP ( 'NONE', ( #8657, #7057, #10623, #8425 ) ) ;
#11147 = LINE ( 'NONE', #94, #4391 ) ;
#11148 = DIRECTION ( 'NONE',  ( 0.0000000000000000000, -1.000000000000000000, 0.0000000000000000000 ) ) ;
#11149 = CARTESIAN_POINT ( 'NONE',  ( 5.240000000000003800, -1.100000000000000100, 1.275999999999999800 ) ) ;
#11150 = CARTESIAN_POINT ( 'NONE',  ( 3.399999999999996400, -0.6999999999999988500, 3.249999999999995100 ) ) ;
#11151 = ORIENTED_EDGE ( 'NONE', *, *, #1729, .F. ) ;
#11152 = SURFACE_STYLE_USAGE ( .BOTH. , #4998 ) ;
#11153 = ORIENTED_EDGE ( 'NONE', *, *, #2562, .T. ) ;
#11154 = UNCERTAINTY_MEASURE_WITH_UNIT (LENGTH_MEASURE( 1.000000000000000100E-005 ), #2084, 'distance_accuracy_value', 'NONE');
#11155 = ORIENTED_EDGE ( 'NONE', *, *, #1324, .T. ) ;
#11156 = ORIENTED_EDGE ( 'NONE', *, *, #8227, .T. ) ;
#11157 = EDGE_CURVE ( 'NONE', #8673, #9372, #1407, .T. ) ;
#11158 = ORIENTED_EDGE ( 'NONE', *, *, #3930, .F. ) ;
#11159 = CARTESIAN_POINT ( 'NONE',  ( 1.409999999999999700, -0.6250000000000003300, 0.6499999999999964700 ) ) ;
#11160 = EDGE_CURVE ( 'NONE', #2224, #4226, #426, .T. ) ;
#11161 = SURFACE_SIDE_STYLE ('',( #4901 ) ) ;
#11162 = ORIENTED_EDGE ( 'NONE', *, *, #10518, .T. ) ;
#11163 = VERTEX_POINT ( 'NONE', #5771 ) ;
#11164 = LINE ( 'NONE', #4716, #4143 ) ;
#11165 = ORIENTED_EDGE ( 'NONE', *, *, #798, .F. ) ;
#11166 = VECTOR ( 'NONE', #1860, 1000.000000000000000 ) ;
#11167 = DIRECTION ( 'NONE',  ( 1.000000000000000000, 0.0000000000000000000, 4.371782953570583600E-016 ) ) ;
#11168 = CARTESIAN_POINT ( 'NONE',  ( 1.249999999999999800, -0.3750000000000018900, 0.6499999999999984700 ) ) ;
#11169 = ORIENTED_EDGE ( 'NONE', *, *, #10963, .T. ) ;
#11170 = DIRECTION ( 'NONE',  ( 0.0000000000000000000, 1.000000000000000000, -1.355252715606881500E-016 ) ) ;
#11171 = EDGE_CURVE ( 'NONE', #6977, #11121, #10541, .T. ) ;
#11172 = SURFACE_SIDE_STYLE ('',( #9476 ) ) ;
#11173 = VERTEX_POINT ( 'NONE', #442 ) ;
#11174 = COLOUR_RGB ( '',0.8000000000000000400, 0.8078431372549019800, 0.8000000000000000400 ) ;
#11175 = DIRECTION ( 'NONE',  ( 0.0000000000000000000, 0.0000000000000000000, 1.000000000000000000 ) ) ;
#11176 = EDGE_CURVE ( 'NONE', #805, #3675, #3513, .T. ) ;
#11177 =( LENGTH_UNIT ( ) NAMED_UNIT ( * ) SI_UNIT ( .MILLI., .METRE. ) );
#11178 = EDGE_CURVE ( 'NONE', #7973, #7177, #5560, .T. ) ;
#11179 = DIRECTION ( 'NONE',  ( 1.000000000000000000, 0.0000000000000000000, 0.0000000000000000000 ) ) ;
#11180 = LINE ( 'NONE', #1323, #4423 ) ;
#11181 = ORIENTED_EDGE ( 'NONE', *, *, #2389, .T. ) ;
#11182 = LINE ( 'NONE', #11251, #6241 ) ;
#11183 = CARTESIAN_POINT ( 'NONE',  ( 4.220000000000000600, -0.8799999999999969000, 0.2999999999999999300 ) ) ;
#11184 = EDGE_LOOP ( 'NONE', ( #1787, #4692, #6344, #3598 ) ) ;
#11185 = FILL_AREA_STYLE ('',( #2360 ) ) ;
#11186 = AXIS2_PLACEMENT_3D ( 'NONE', #11296, #11265, #11139 ) ;
#11187 = PRESENTATION_STYLE_ASSIGNMENT (( #4397 ) ) ;
#11188 =( NAMED_UNIT ( * ) PLANE_ANGLE_UNIT ( ) SI_UNIT ( $, .RADIAN. ) );
#11189 = FILL_AREA_STYLE_COLOUR ( '', #9144 ) ;
#11190 =( NAMED_UNIT ( * ) SI_UNIT ( $, .STERADIAN. ) SOLID_ANGLE_UNIT ( ) );
#11191 = VECTOR ( 'NONE', #8953, 1000.000000000000000 ) ;
#11192 =( LENGTH_UNIT ( ) NAMED_UNIT ( * ) SI_UNIT ( .MILLI., .METRE. ) );
#11193 = ORIENTED_EDGE ( 'NONE', *, *, #5259, .T. ) ;
#11194 = CARTESIAN_POINT ( 'NONE',  ( 0.0000000000000000000, -1.100000000000000100, 1.750000000000001300 ) ) ;
#11195 = PRESENTATION_STYLE_ASSIGNMENT (( #162 ) ) ;
#11196 = VERTEX_POINT ( 'NONE', #5801 ) ;
#11198 = ADVANCED_FACE ( 'NONE', ( #7628 ), #4024, .F. ) ;
#11197 = ORIENTED_EDGE ( 'NONE', *, *, #2025, .F. ) ;
#11199 = LINE ( 'NONE', #11481, #4171 ) ;
#11200 = STYLED_ITEM ( 'NONE', ( #3824 ), #10062 ) ;
#11201 = EDGE_CURVE ( 'NONE', #1839, #3330, #2953, .T. ) ;
#11202 = VECTOR ( 'NONE', #9592, 1000.000000000000000 ) ;
#11203 = VECTOR ( 'NONE', #10404, 1000.000000000000100 ) ;
#11204 = ORIENTED_EDGE ( 'NONE', *, *, #6257, .T. ) ;
#11205 = LINE ( 'NONE', #915, #3897 ) ;
#11206 = VECTOR ( 'NONE', #1302, 1000.000000000000000 ) ;
#11207 = CARTESIAN_POINT ( 'NONE',  ( -1.409999999999999900, 0.4249999999999998200, 0.04999999999999753300 ) ) ;
#11208 = VECTOR ( 'NONE', #1013, 1000.000000000000000 ) ;
#11209 = DIRECTION ( 'NONE',  ( 0.0000000000000000000, -1.000000000000000000, -0.0000000000000000000 ) ) ;
#11210 = AXIS2_PLACEMENT_3D ( 'NONE', #4952, #6739, #1431 ) ;
#11211 = PRESENTATION_LAYER_ASSIGNMENT (  '', '', ( #10044 ) ) ;
#11212 = CARTESIAN_POINT ( 'NONE',  ( 5.500000000000001800, -1.100000000000000100, -4.960040550996611700E-017 ) ) ;
#11213 = AXIS2_PLACEMENT_3D ( 'NONE', #1668, #1707, #7872 ) ;
#11214 = VERTEX_POINT ( 'NONE', #8448 ) ;
#11215 = FACE_OUTER_BOUND ( 'NONE', #1994, .T. ) ;
#11216 = ORIENTED_EDGE ( 'NONE', *, *, #2310, .F. ) ;
#11217 = VERTEX_POINT ( 'NONE', #8405 ) ;
#11218 = ADVANCED_FACE ( 'NONE', ( #5288 ), #7565, .F. ) ;
#11219 = FACE_OUTER_BOUND ( 'NONE', #1064, .T. ) ;
#11220 = CARTESIAN_POINT ( 'NONE',  ( -4.524000000000000900, -1.100000000000000100, 0.3039999999999999400 ) ) ;
#11221 = FACE_OUTER_BOUND ( 'NONE', #1085, .T. ) ;
#11222 = CARTESIAN_POINT ( 'NONE',  ( 4.000000000000001800, 2.299999999999999800, 3.699999999999996600 ) ) ;
#11223 = AXIS2_PLACEMENT_3D ( 'NONE', #8756, #6166, #823 ) ;
#11224 = LINE ( 'NONE', #10352, #2112 ) ;
#11225 = AXIS2_PLACEMENT_3D ( 'NONE', #9775, #4481, #10662 ) ;
#11226 = PLANE ( 'NONE',  #5772 ) ;
#11227 = ORIENTED_EDGE ( 'NONE', *, *, #2767, .F. ) ;
#11228 = EDGE_LOOP ( 'NONE', ( #5482, #10293, #519, #10565 ) ) ;
#11229 = DIRECTION ( 'NONE',  ( 0.0000000000000000000, -1.000000000000000000, -1.141265444721583800E-016 ) ) ;
#11230 = EDGE_LOOP ( 'NONE', ( #9098, #6216, #9774, #7198, #3153, #860, #2533, #1029, #8254, #8055, #4568, #861, #6, #9765, #3527, #2878, #3042, #11165 ) ) ;
#11231 = PRESENTATION_STYLE_ASSIGNMENT (( #1938 ) ) ;
#11232 = PLANE ( 'NONE',  #5318 ) ;
#11233 = VECTOR ( 'NONE', #7152, 1000.000000000000000 ) ;
#11234 =( GEOMETRIC_REPRESENTATION_CONTEXT ( 3 ) GLOBAL_UNCERTAINTY_ASSIGNED_CONTEXT ( ( #7457 ) ) GLOBAL_UNIT_ASSIGNED_CONTEXT ( ( #2334, #8503, #3248 ) ) REPRESENTATION_CONTEXT ( 'NONE', 'WORKASPACE' ) );
#11235 = LINE ( 'NONE', #8224, #6823 ) ;
#11236 = CARTESIAN_POINT ( 'NONE',  ( 4.200000000000000200, -1.100000000000000100, 2.200000000000000200 ) ) ;
#11237 = CARTESIAN_POINT ( 'NONE',  ( 0.0000000000000000000, -1.100000000000000100, 0.0000000000000000000 ) ) ;
#11238 = EDGE_CURVE ( 'NONE', #6687, #8908, #9701, .T. ) ;
#11239 = ORIENTED_EDGE ( 'NONE', *, *, #10235, .F. ) ;
#11240 = ORIENTED_EDGE ( 'NONE', *, *, #3814, .F. ) ;
#11241 = ORIENTED_EDGE ( 'NONE', *, *, #6324, .F. ) ;
#11242 = AXIS2_PLACEMENT_3D ( 'NONE', #9031, #7301, #2022 ) ;
#11243 = EDGE_CURVE ( 'NONE', #10789, #6390, #560, .T. ) ;
#11244 = CARTESIAN_POINT ( 'NONE',  ( -4.000000000000000900, 2.600000000000000100, 0.04999999999999996800 ) ) ;
#11245 = CIRCLE ( 'NONE', #6087, 0.3039999999999996000 ) ;
#11246 = VECTOR ( 'NONE', #8066, 1000.000000000000000 ) ;
#11247 = EDGE_LOOP ( 'NONE', ( #10509, #8099, #7890, #451 ) ) ;
#11248 = VERTEX_POINT ( 'NONE', #2315 ) ;
#11249 = FILL_AREA_STYLE ('',( #5086 ) ) ;
#11250 = FACE_OUTER_BOUND ( 'NONE', #3788, .T. ) ;
#11251 = CARTESIAN_POINT ( 'NONE',  ( 2.660000000000000100, -0.3750000000000001100, 0.6499999999999975800 ) ) ;
#11252 = VECTOR ( 'NONE', #10366, 1000.000000000000000 ) ;
#11253 =( NAMED_UNIT ( * ) SI_UNIT ( $, .STERADIAN. ) SOLID_ANGLE_UNIT ( ) );
#11254 = CARTESIAN_POINT ( 'NONE',  ( -1.090000000000000100, 0.2499999999999996700, 0.1799999999999966600 ) ) ;
#11255 = CARTESIAN_POINT ( 'NONE',  ( -1.724999999999999200, -0.9999999999999985600, 4.699999999999995700 ) ) ;
#11256 = EDGE_CURVE ( 'NONE', #3040, #657, #7350, .T. ) ;
#11257 = EDGE_CURVE ( 'NONE', #2009, #4292, #274, .T. ) ;
#11258 = EDGE_CURVE ( 'NONE', #9619, #1206, #4739, .T. ) ;
#11259 = ORIENTED_EDGE ( 'NONE', *, *, #6953, .T. ) ;
#11260 = ORIENTED_EDGE ( 'NONE', *, *, #7191, .F. ) ;
#11261 = CARTESIAN_POINT ( 'NONE',  ( 2.660000000000000100, 3.100000000000000100, 0.09999999999999947800 ) ) ;
#11262 = ADVANCED_FACE ( 'NONE', ( #2388 ), #2355, .F. ) ;
#11263 = DIRECTION ( 'NONE',  ( 0.0000000000000000000, 0.0000000000000000000, 1.000000000000000000 ) ) ;
#11264 = FILL_AREA_STYLE ('',( #6009 ) ) ;
#11265 = DIRECTION ( 'NONE',  ( 0.0000000000000000000, -4.336808689942014600E-015, 1.000000000000000000 ) ) ;
#11266 = PLANE ( 'NONE',  #2787 ) ;
#11267 = EDGE_LOOP ( 'NONE', ( #10912, #5965, #7478, #6240 ) ) ;
#11268 = CARTESIAN_POINT ( 'NONE',  ( -2.436235294117647100, 0.3528235294117643100, 3.981176470588228400 ) ) ;
#11269 = PRESENTATION_STYLE_ASSIGNMENT (( #8785 ) ) ;
#11270 = DIRECTION ( 'NONE',  ( 1.000000000000000000, 0.0000000000000000000, -0.0000000000000000000 ) ) ;
#11271 = ADVANCED_FACE ( 'NONE', ( #9141 ), #1458, .T. ) ;
#11272 = DIRECTION ( 'NONE',  ( 0.0000000000000000000, -1.000000000000000000, 0.0000000000000000000 ) ) ;
#11273 = EDGE_CURVE ( 'NONE', #6101, #9657, #2109, .T. ) ;
#11274 = CARTESIAN_POINT ( 'NONE',  ( 2.128248708952992500E-017, 0.0000000000000000000, 0.04999999999999867100 ) ) ;
#11275 = DIRECTION ( 'NONE',  ( 0.0000000000000000000, -0.0000000000000000000, 1.000000000000000000 ) ) ;
#11276 = PRESENTATION_LAYER_ASSIGNMENT (  '', '', ( #10116 ) ) ;
#11277 =( GEOMETRIC_REPRESENTATION_CONTEXT ( 3 ) GLOBAL_UNCERTAINTY_ASSIGNED_CONTEXT ( ( #2410 ) ) GLOBAL_UNIT_ASSIGNED_CONTEXT ( ( #1849, #10784, #3332 ) ) REPRESENTATION_CONTEXT ( 'NONE', 'WORKASPACE' ) );
#11278 = ORIENTED_EDGE ( 'NONE', *, *, #2484, .F. ) ;
#11279 = UNCERTAINTY_MEASURE_WITH_UNIT (LENGTH_MEASURE( 1.000000000000000100E-005 ), #10444, 'distance_accuracy_value', 'NONE');
#11280 = DIRECTION ( 'NONE',  ( 0.1940285000290634100, 0.1455213750217966800, -0.9701425001453328800 ) ) ;
#11281 =( NAMED_UNIT ( * ) SI_UNIT ( $, .STERADIAN. ) SOLID_ANGLE_UNIT ( ) );
#11282 =( NAMED_UNIT ( * ) SI_UNIT ( $, .STERADIAN. ) SOLID_ANGLE_UNIT ( ) );
#11283 = CARTESIAN_POINT ( 'NONE',  ( -2.424999999999999800, -0.6999999999999988500, 2.099999999999996100 ) ) ;
#11284 = AXIS2_PLACEMENT_3D ( 'NONE', #8813, #8146, #8002 ) ;
#11285 = VERTEX_POINT ( 'NONE', #1488 ) ;
#11286 = EDGE_LOOP ( 'NONE', ( #1697, #2889, #1270, #6416 ) ) ;
#11287 = VECTOR ( 'NONE', #569, 1000.000000000000000 ) ;
#11288 = PLANE ( 'NONE',  #1701 ) ;
#11289 = ORIENTED_EDGE ( 'NONE', *, *, #8060, .T. ) ;
#11290 = AXIS2_PLACEMENT_3D ( 'NONE', #4193, #7723, #2458 ) ;
#11291 = CARTESIAN_POINT ( 'NONE',  ( 1.089999999999999900, 0.2499999999999996700, 0.1799999999999966600 ) ) ;
#11292 = CARTESIAN_POINT ( 'NONE',  ( -3.999999999999999100, -0.8000000000000001600, 4.699999999999997500 ) ) ;
#11293 = CARTESIAN_POINT ( 'NONE',  ( 3.500000000000000900, -1.100000000000000100, 0.04999999999999763700 ) ) ;
#11294 = DIRECTION ( 'NONE',  ( 1.000000000000000000, 0.0000000000000000000, -0.0000000000000000000 ) ) ;
#11295 = DIRECTION ( 'NONE',  ( -1.000000000000000000, 0.0000000000000000000, 0.0000000000000000000 ) ) ;
#11296 = CARTESIAN_POINT ( 'NONE',  ( -1.090000000000000100, -0.6250000000000003300, 0.6499999999999964700 ) ) ;
#11297 = CARTESIAN_POINT ( 'NONE',  ( 4.474000000000000200, -0.8799999999999969000, 1.276000000000000000 ) ) ;
#11298 = EDGE_CURVE ( 'NONE', #4245, #3407, #8869, .T. ) ;
#11299 = ORIENTED_EDGE ( 'NONE', *, *, #58, .F. ) ;
#11300 = ORIENTED_EDGE ( 'NONE', *, *, #6493, .F. ) ;
#11301 = MECHANICAL_DESIGN_GEOMETRIC_PRESENTATION_REPRESENTATION (  '', ( #9534 ), #407 ) ;
#11302 =( NAMED_UNIT ( * ) SI_UNIT ( $, .STERADIAN. ) SOLID_ANGLE_UNIT ( ) );
#11303 = VERTEX_POINT ( 'NONE', #10346 ) ;
#11304 = CARTESIAN_POINT ( 'NONE',  ( -0.1599999999999999800, -0.3750000000000001100, 0.6499999999999975800 ) ) ;
#11305 = ORIENTED_EDGE ( 'NONE', *, *, #3018, .F. ) ;
#11306 = CARTESIAN_POINT ( 'NONE',  ( 1.409999999999999700, 2.549999999999999800, 0.4499999999999999000 ) ) ;
#11307 = PLANE ( 'NONE',  #3901 ) ;
#11308 = CARTESIAN_POINT ( 'NONE',  ( -4.220000000000000600, 1.200000000000000000, 1.529999999999999800 ) ) ;
#11309 = ORIENTED_EDGE ( 'NONE', *, *, #4138, .T. ) ;
#11310 = ORIENTED_EDGE ( 'NONE', *, *, #8313, .T. ) ;
#11311 = LINE ( 'NONE', #9303, #4280 ) ;
#11312 = VERTEX_POINT ( 'NONE', #5026 ) ;
#11313 = DIRECTION ( 'NONE',  ( 0.0000000000000000000, 0.0000000000000000000, -1.000000000000000000 ) ) ;
#11314 =( NAMED_UNIT ( * ) SI_UNIT ( $, .STERADIAN. ) SOLID_ANGLE_UNIT ( ) );
#11315 = ADVANCED_FACE ( 'NONE', ( #11219 ), #11232, .T. ) ;
#11316 = EDGE_CURVE ( 'NONE', #11303, #5048, #581, .T. ) ;
#11317 = EDGE_CURVE ( 'NONE', #9646, #10449, #2980, .T. ) ;
#11318 = EDGE_LOOP ( 'NONE', ( #929, #8268, #6062, #8573 ) ) ;
#11319 = VECTOR ( 'NONE', #10465, 1000.000000000000000 ) ;
#11320 = ORIENTED_EDGE ( 'NONE', *, *, #11176, .F. ) ;
#11321 = CARTESIAN_POINT ( 'NONE',  ( 0.1599999999999999800, 3.100000000000000100, 0.09999999999999947800 ) ) ;
#11322 = LINE ( 'NONE', #1507, #2215 ) ;
#11323 = DIRECTION ( 'NONE',  ( 0.0000000000000000000, -1.000000000000000000, 0.0000000000000000000 ) ) ;
#11324 = ADVANCED_FACE ( 'NONE', ( #5311 ), #2485, .F. ) ;
#11325 = DIRECTION ( 'NONE',  ( 0.0000000000000000000, -0.0000000000000000000, 1.000000000000000000 ) ) ;
#11326 = VECTOR ( 'NONE', #7435, 1000.000000000000200 ) ;
#11327 = ORIENTED_EDGE ( 'NONE', *, *, #3850, .F. ) ;
#11328 = LINE ( 'NONE', #6467, #8964 ) ;
#11329 = ORIENTED_EDGE ( 'NONE', *, *, #11395, .T. ) ;
#11330 = VECTOR ( 'NONE', #333, 1000.000000000000000 ) ;
#11331 = CARTESIAN_POINT ( 'NONE',  ( 1.089999999999999900, 0.4249999999999998200, 0.6499999999999964700 ) ) ;
#11332 = VERTEX_POINT ( 'NONE', #2526 ) ;
#11333 = EDGE_CURVE ( 'NONE', #2764, #2517, #6572, .T. ) ;
#11334 = ORIENTED_EDGE ( 'NONE', *, *, #10605, .T. ) ;
#11335 = LINE ( 'NONE', #4499, #6667 ) ;
#11336 = DIRECTION ( 'NONE',  ( 0.0000000000000000000, -1.000000000000000000, 0.0000000000000000000 ) ) ;
#11337 = CARTESIAN_POINT ( 'NONE',  ( 4.220000000000000600, 1.100000000000000100, 1.226000000000000000 ) ) ;
#11338 = VECTOR ( 'NONE', #9747, 1000.000000000000000 ) ;
#11339 = ORIENTED_EDGE ( 'NONE', *, *, #184, .T. ) ;
#11340 = LINE ( 'NONE', #44, #6670 ) ;
#11341 = EDGE_CURVE ( 'NONE', #11163, #9600, #10969, .T. ) ;
#11342 = CARTESIAN_POINT ( 'NONE',  ( 1.409999999999999700, 2.350000000000003200, 0.6499999999999986900 ) ) ;
#11343 = PRESENTATION_STYLE_ASSIGNMENT (( #1544 ) ) ;
#11344 = CARTESIAN_POINT ( 'NONE',  ( 1.409999999999999700, 3.000000000000000000, 0.4499999999999998400 ) ) ;
#11345 = COLOUR_RGB ( '',0.8000000000000000400, 0.8078431372549019800, 0.8000000000000000400 ) ;
#11346 = COLOUR_RGB ( '',0.8000000000000000400, 0.8078431372549019800, 0.8000000000000000400 ) ;
#11347 = ORIENTED_EDGE ( 'NONE', *, *, #4847, .T. ) ;
#11348 = CARTESIAN_POINT ( 'NONE',  ( 2.660000000000000100, -0.2500000000000006700, 3.999999999999993300 ) ) ;
#11349 = VERTEX_POINT ( 'NONE', #10461 ) ;
#11350 = ORIENTED_EDGE ( 'NONE', *, *, #5931, .T. ) ;
#11351 = UNCERTAINTY_MEASURE_WITH_UNIT (LENGTH_MEASURE( 1.000000000000000100E-005 ), #2132, 'distance_accuracy_value', 'NONE');
#11352 = FACE_OUTER_BOUND ( 'NONE', #8810, .T. ) ;
#11353 =( GEOMETRIC_REPRESENTATION_CONTEXT ( 3 ) GLOBAL_UNCERTAINTY_ASSIGNED_CONTEXT ( ( #11279 ) ) GLOBAL_UNIT_ASSIGNED_CONTEXT ( ( #10444, #5158, #11314 ) ) REPRESENTATION_CONTEXT ( 'NONE', 'WORKASPACE' ) );
#11354 = DIRECTION ( 'NONE',  ( -1.000000000000000000, -0.0000000000000000000, -0.0000000000000000000 ) ) ;
#11355 = MECHANICAL_DESIGN_GEOMETRIC_PRESENTATION_REPRESENTATION (  '', ( #9582 ), #455 ) ;
#11356 = FACE_OUTER_BOUND ( 'NONE', #6183, .T. ) ;
#11357 = CARTESIAN_POINT ( 'NONE',  ( -2.660000000000000100, -0.6250000000000003300, 0.2999999999999964900 ) ) ;
#11358 = VECTOR ( 'NONE', #1460, 1000.000000000000200 ) ;
#11359 = DIRECTION ( 'NONE',  ( 1.000000000000000000, -0.0000000000000000000, -0.0000000000000000000 ) ) ;
#11360 = LINE ( 'NONE', #7564, #1696 ) ;
#11361 = ORIENTED_EDGE ( 'NONE', *, *, #2616, .F. ) ;
#11362 = EDGE_LOOP ( 'NONE', ( #9724, #3645, #11387, #9934 ) ) ;
#11363 = ORIENTED_EDGE ( 'NONE', *, *, #1928, .F. ) ;
#11364 = LINE ( 'NONE', #4669, #8995 ) ;
#11365 = COLOUR_RGB ( '',0.8000000000000000400, 0.8078431372549019800, 0.8000000000000000400 ) ;
#11366 = PLANE ( 'NONE',  #7650 ) ;
#11367 = DIRECTION ( 'NONE',  ( 0.0000000000000000000, 0.0000000000000000000, 1.000000000000000000 ) ) ;
#11368 = PRESENTATION_STYLE_ASSIGNMENT (( #4611 ) ) ;
#11369 = VECTOR ( 'NONE', #10032, 1000.000000000000200 ) ;
#11370 = FILL_AREA_STYLE ('',( #1642 ) ) ;
#11371 = STYLED_ITEM ( 'NONE', ( #9929 ), #9297 ) ;
#11372 = SURFACE_STYLE_FILL_AREA ( #7538 ) ;
#11373 = CARTESIAN_POINT ( 'NONE',  ( 0.1599999999999999800, 3.100000000000000100, 0.3499999999999989800 ) ) ;
#11374 =( GEOMETRIC_REPRESENTATION_CONTEXT ( 3 ) GLOBAL_UNCERTAINTY_ASSIGNED_CONTEXT ( ( #11410 ) ) GLOBAL_UNIT_ASSIGNED_CONTEXT ( ( #7716, #2454, #8608 ) ) REPRESENTATION_CONTEXT ( 'NONE', 'WORKASPACE' ) );
#11375 =( LENGTH_UNIT ( ) NAMED_UNIT ( * ) SI_UNIT ( .MILLI., .METRE. ) );
#11376 = ORIENTED_EDGE ( 'NONE', *, *, #1747, .F. ) ;
#11377 = ORIENTED_EDGE ( 'NONE', *, *, #5907, .T. ) ;
#11378 = ORIENTED_EDGE ( 'NONE', *, *, #1081, .F. ) ;
#11379 = CARTESIAN_POINT ( 'NONE',  ( 5.200000000000004600, -0.8000000000000013800, 1.699999999999989700 ) ) ;
#11380 = LINE ( 'NONE', #1611, #9013 ) ;
#11381 = ADVANCED_FACE ( 'NONE', ( #6285 ), #5183, .T. ) ;
#11382 = DIRECTION ( 'NONE',  ( 0.0000000000000000000, 0.0000000000000000000, 1.000000000000000000 ) ) ;
#11383 = VERTEX_POINT ( 'NONE', #11342 ) ;
#11384 = DIRECTION ( 'NONE',  ( 0.0000000000000000000, 0.7071067811865453500, -0.7071067811865496800 ) ) ;
#11385 = CARTESIAN_POINT ( 'NONE',  ( 2.660000000000000100, 2.200000000000004200, 0.2999999999999989900 ) ) ;
#11386 = DIRECTION ( 'NONE',  ( 0.0000000000000000000, 0.0000000000000000000, -1.000000000000000000 ) ) ;
#11387 = ORIENTED_EDGE ( 'NONE', *, *, #8796, .T. ) ;
#11388 = ORIENTED_EDGE ( 'NONE', *, *, #4843, .T. ) ;
#11389 =( GEOMETRIC_REPRESENTATION_CONTEXT ( 3 ) GLOBAL_UNCERTAINTY_ASSIGNED_CONTEXT ( ( #6836 ) ) GLOBAL_UNIT_ASSIGNED_CONTEXT ( ( #8664, #3406, #9565 ) ) REPRESENTATION_CONTEXT ( 'NONE', 'WORKASPACE' ) );
#11390 = DIRECTION ( 'NONE',  ( 0.0000000000000000000, -0.7071067811865440200, 0.7071067811865511300 ) ) ;
#11391 = LINE ( 'NONE', #738, #4351 ) ;
#11392 = CARTESIAN_POINT ( 'NONE',  ( -5.700000000000001100, -0.8999999999999991300, 0.2539999999999999500 ) ) ;
#11393 = SURFACE_STYLE_USAGE ( .BOTH. , #5219 ) ;
#11394 = DIRECTION ( 'NONE',  ( 0.0000000000000000000, 0.0000000000000000000, 1.000000000000000000 ) ) ;
#11395 = EDGE_CURVE ( 'NONE', #9834, #1416, #1569, .T. ) ;
#11396 = EDGE_LOOP ( 'NONE', ( #8852, #10568, #446, #5300 ) ) ;
#11397 = DIRECTION ( 'NONE',  ( 0.0000000000000000000, 0.0000000000000000000, -1.000000000000000000 ) ) ;
#11398 = ORIENTED_EDGE ( 'NONE', *, *, #5793, .T. ) ;
#11399 = VECTOR ( 'NONE', #748, 1000.000000000000000 ) ;
#11400 = VECTOR ( 'NONE', #6683, 1000.000000000000200 ) ;
#11401 =( NAMED_UNIT ( * ) SI_UNIT ( $, .STERADIAN. ) SOLID_ANGLE_UNIT ( ) );
#11402 = DIRECTION ( 'NONE',  ( 1.000000000000000000, 0.0000000000000000000, 0.0000000000000000000 ) ) ;
#11403 = VERTEX_POINT ( 'NONE', #4289 ) ;
#11404 = PRESENTATION_STYLE_ASSIGNMENT (( #1303 ) ) ;
#11405 = FACE_OUTER_BOUND ( 'NONE', #5909, .T. ) ;
#11406 = EDGE_CURVE ( 'NONE', #11217, #10151, #6020, .T. ) ;
#11407 = EDGE_CURVE ( 'NONE', #9299, #6790, #3929, .T. ) ;
#11408 = EDGE_CURVE ( 'NONE', #269, #8110, #1280, .T. ) ;
#11409 = CARTESIAN_POINT ( 'NONE',  ( 0.1599999999999999800, 3.100000000000000100, 0.3499999999999989800 ) ) ;
#11410 = UNCERTAINTY_MEASURE_WITH_UNIT (LENGTH_MEASURE( 1.000000000000000100E-005 ), #7716, 'distance_accuracy_value', 'NONE');
#11411 = UNCERTAINTY_MEASURE_WITH_UNIT (LENGTH_MEASURE( 1.000000000000000100E-005 ), #5869, 'distance_accuracy_value', 'NONE');
#11412 = DIRECTION ( 'NONE',  ( 0.0000000000000000000, -1.000000000000000000, -0.0000000000000000000 ) ) ;
#11413 = DIRECTION ( 'NONE',  ( -0.0000000000000000000, 1.000000000000000000, 0.0000000000000000000 ) ) ;
#11414 = EDGE_LOOP ( 'NONE', ( #1294, #2515, #3966, #6515 ) ) ;
#11415 = CARTESIAN_POINT ( 'NONE',  ( -1.090000000000000100, -0.6250000000000003300, 0.2999999999999964900 ) ) ;
#11416 = EDGE_CURVE ( 'NONE', #6310, #10938, #10421, .T. ) ;
#11417 = PLANE ( 'NONE',  #11223 ) ;
#11418 =( NAMED_UNIT ( * ) SI_UNIT ( $, .STERADIAN. ) SOLID_ANGLE_UNIT ( ) );
#11419 = ORIENTED_EDGE ( 'NONE', *, *, #3871, .T. ) ;
#11420 = CARTESIAN_POINT ( 'NONE',  ( 4.474000000000000200, 1.200000000000000000, 1.276000000000000000 ) ) ;
#11421 = DIRECTION ( 'NONE',  ( 0.1904761904761875000, 0.2380952380952350300, 0.9523809523809537700 ) ) ;
#11422 = ORIENTED_EDGE ( 'NONE', *, *, #3995, .T. ) ;
#11423 = VECTOR ( 'NONE', #8727, 1000.000000000000000 ) ;
#11424 = CARTESIAN_POINT ( 'NONE',  ( 3.699999999999995700, -0.9999999999999986700, 4.699999999999997500 ) ) ;
#11425 = EDGE_CURVE ( 'NONE', #5117, #11248, #8331, .T. ) ;
#11426 = FILL_AREA_STYLE ('',( #4447 ) ) ;
#11427 = ORIENTED_EDGE ( 'NONE', *, *, #5645, .T. ) ;
#11428 =( NAMED_UNIT ( * ) SI_UNIT ( $, .STERADIAN. ) SOLID_ANGLE_UNIT ( ) );
#11429 = ADVANCED_FACE ( 'NONE', ( #1160 ), #11417, .T. ) ;
#11430 = AXIS2_PLACEMENT_3D ( 'NONE', #169, #197, #1115 ) ;
#11431 = PRESENTATION_LAYER_ASSIGNMENT (  '', '', ( #10264 ) ) ;
#11432 = VERTEX_POINT ( 'NONE', #4362 ) ;
#11433 = VECTOR ( 'NONE', #4512, 1000.000000000000000 ) ;
#11434 = ORIENTED_EDGE ( 'NONE', *, *, #960, .F. ) ;
#11435 =( NAMED_UNIT ( * ) SI_UNIT ( $, .STERADIAN. ) SOLID_ANGLE_UNIT ( ) );
#11436 = CARTESIAN_POINT ( 'NONE',  ( 1.089999999999999900, 0.2499999999999996700, 0.2999999999999966000 ) ) ;
#11437 = ORIENTED_EDGE ( 'NONE', *, *, #7858, .T. ) ;
#11438 = EDGE_LOOP ( 'NONE', ( #10159, #1243, #3667, #1405 ) ) ;
#11439 = SURFACE_STYLE_USAGE ( .BOTH. , #4381 ) ;
#11440 = FILL_AREA_STYLE ('',( #10575 ) ) ;
#11441 = ORIENTED_EDGE ( 'NONE', *, *, #11416, .F. ) ;
#11442 = VERTEX_POINT ( 'NONE', #7012 ) ;
#11443 = FACE_OUTER_BOUND ( 'NONE', #5712, .T. ) ;
#11444 = ORIENTED_EDGE ( 'NONE', *, *, #10722, .T. ) ;
#11445 = DIRECTION ( 'NONE',  ( 0.0000000000000000000, 1.000000000000000000, 0.0000000000000000000 ) ) ;
#11446 = AXIS2_PLACEMENT_3D ( 'NONE', #7399, #3020, #9164 ) ;
#11447 = SURFACE_STYLE_USAGE ( .BOTH. , #9176 ) ;
#11448 = EDGE_LOOP ( 'NONE', ( #9118, #2669, #7281, #976 ) ) ;
#11449 = ORIENTED_EDGE ( 'NONE', *, *, #7618, .F. ) ;
#11450 = DIRECTION ( 'NONE',  ( 0.0000000000000000000, -1.000000000000000000, -1.294569758191649100E-016 ) ) ;
#11451 = PRESENTATION_STYLE_ASSIGNMENT (( #3573 ) ) ;
#11452 = CARTESIAN_POINT ( 'NONE',  ( 2.075000000000000200, -1.100000000000000100, 0.2999999999999977700 ) ) ;
#11453 = DIRECTION ( 'NONE',  ( 0.1940285000290632400, -0.1455213750217967100, 0.9701425001453329900 ) ) ;
#11454 = EDGE_CURVE ( 'NONE', #1867, #6446, #5602, .T. ) ;
#11455 = ORIENTED_EDGE ( 'NONE', *, *, #8421, .T. ) ;
#11456 = ORIENTED_EDGE ( 'NONE', *, *, #58, .T. ) ;
#11457 =( GEOMETRIC_REPRESENTATION_CONTEXT ( 3 ) GLOBAL_UNCERTAINTY_ASSIGNED_CONTEXT ( ( #3969 ) ) GLOBAL_UNIT_ASSIGNED_CONTEXT ( ( #5354, #24, #6247 ) ) REPRESENTATION_CONTEXT ( 'NONE', 'WORKASPACE' ) );
#11458 = EDGE_CURVE ( 'NONE', #1789, #247, #7935, .T. ) ;
#11459 = ORIENTED_EDGE ( 'NONE', *, *, #6179, .F. ) ;
#11460 = VECTOR ( 'NONE', #10218, 1000.000000000000000 ) ;
#11461 =( NAMED_UNIT ( * ) PLANE_ANGLE_UNIT ( ) SI_UNIT ( $, .RADIAN. ) );
#11462 =( NAMED_UNIT ( * ) SI_UNIT ( $, .STERADIAN. ) SOLID_ANGLE_UNIT ( ) );
#11463 = ORIENTED_EDGE ( 'NONE', *, *, #5333, .T. ) ;
#11464 = CARTESIAN_POINT ( 'NONE',  ( -3.049999999999999400, 2.299999999999999800, 1.749999999999996400 ) ) ;
#11465 = ORIENTED_EDGE ( 'NONE', *, *, #1168, .F. ) ;
#11466 = CARTESIAN_POINT ( 'NONE',  ( -2.925000000000000700, 2.600000000000000100, 0.2999999999999987100 ) ) ;
#11467 = COLOUR_RGB ( '',0.8000000000000000400, 0.8078431372549019800, 0.8000000000000000400 ) ;
#11468 = FACE_OUTER_BOUND ( 'NONE', #5646, .T. ) ;
#11469 = CARTESIAN_POINT ( 'NONE',  ( -3.500000000000001300, 2.600000000000000100, 0.04999999999999980800 ) ) ;
#11470 =( LENGTH_UNIT ( ) NAMED_UNIT ( * ) SI_UNIT ( .MILLI., .METRE. ) );
#11471 =( NAMED_UNIT ( * ) SI_UNIT ( $, .STERADIAN. ) SOLID_ANGLE_UNIT ( ) );
#11472 = ORIENTED_EDGE ( 'NONE', *, *, #759, .F. ) ;
#11473 = ORIENTED_EDGE ( 'NONE', *, *, #4829, .F. ) ;
#11474 = FACE_OUTER_BOUND ( 'NONE', #1285, .T. ) ;
#11475 = SURFACE_STYLE_FILL_AREA ( #8206 ) ;
#11476 = EDGE_CURVE ( 'NONE', #6970, #9421, #880, .T. ) ;
#11477 = CARTESIAN_POINT ( 'NONE',  ( 2.074999999999999700, 2.600000000000000100, 0.2999999999999977700 ) ) ;
#11478 = PRESENTATION_STYLE_ASSIGNMENT (( #463 ) ) ;
#11479 = EDGE_CURVE ( 'NONE', #8549, #4488, #3268, .T. ) ;
#11480 = EDGE_CURVE ( 'NONE', #8758, #10119, #2996, .T. ) ;
#11481 = CARTESIAN_POINT ( 'NONE',  ( -4.220000000000000600, -1.100000000000000100, 1.226000000000000000 ) ) ;
#11482 = VECTOR ( 'NONE', #9875, 1000.000000000000000 ) ;
#11483 = DIRECTION ( 'NONE',  ( 0.0000000000000000000, -1.000000000000000000, 0.0000000000000000000 ) ) ;
#11484 = ORIENTED_EDGE ( 'NONE', *, *, #7690, .F. ) ;
#11485 = VECTOR ( 'NONE', #9896, 1000.000000000000000 ) ;
#11486 = ORIENTED_EDGE ( 'NONE', *, *, #9415, .T. ) ;
#11487 = ORIENTED_EDGE ( 'NONE', *, *, #7850, .T. ) ;
#11488 = LINE ( 'NONE', #9205, #8854 ) ;
#11489 = CARTESIAN_POINT ( 'NONE',  ( -3.399999999999999900, -0.9999999999999986700, 4.699999999999995700 ) ) ;
#11490 = CARTESIAN_POINT ( 'NONE',  ( -5.020000000000001400, -0.8799999999999986700, 1.275999999999999800 ) ) ;
#11491 = FACE_OUTER_BOUND ( 'NONE', #7816, .T. ) ;
#11492 = LINE ( 'NONE', #3452, #2098 ) ;
#11493 = CARTESIAN_POINT ( 'NONE',  ( 2.660000000000000100, 0.2499999999999996700, 0.1799999999999966600 ) ) ;
#11494 = FACE_OUTER_BOUND ( 'NONE', #8196, .T. ) ;
#11495 = ADVANCED_FACE ( 'NONE', ( #5049 ), #7905, .T. ) ;
#11496 = LINE ( 'NONE', #4178, #2384 ) ;
#11497 = ORIENTED_EDGE ( 'NONE', *, *, #263, .T. ) ;
#11498 = VERTEX_POINT ( 'NONE', #9730 ) ;
#11499 = CARTESIAN_POINT ( 'NONE',  ( -2.925000000000000700, 2.600000000000000100, 0.6499999999999986900 ) ) ;
#11500 = CARTESIAN_POINT ( 'NONE',  ( 1.724999999999999900, -0.9999999999999981100, 4.699999999999996600 ) ) ;
#11501 = VECTOR ( 'NONE', #7642, 1000.000000000000000 ) ;
#11502 = EDGE_CURVE ( 'NONE', #5615, #11442, #7662, .T. ) ;
#11503 =( LENGTH_UNIT ( ) NAMED_UNIT ( * ) SI_UNIT ( .MILLI., .METRE. ) );
#11504 = FACE_OUTER_BOUND ( 'NONE', #1904, .T. ) ;
#11505 = VECTOR ( 'NONE', #9429, 1000.000000000000200 ) ;
#11506 = PLANE ( 'NONE',  #5380 ) ;
ENDSEC;
END-ISO-10303-21;
