ISO-10303-21;
HEADER;
FILE_DESCRIPTION (( 'STEP AP214' ),
    '1' );
FILE_NAME ('DA80E192-B8D5-457C-9166-DDC8738BE884.STEP',
    '2023-07-26T15:41:47',
    ( '' ),
    ( '' ),
    'SwSTEP 2.0',
    'SolidWorks 2022',
    '' );
FILE_SCHEMA (( 'AUTOMOTIVE_DESIGN' ));
ENDSEC;

DATA;
#1 =( NAMED_UNIT ( * ) SI_UNIT ( $, .STERADIAN. ) SOLID_ANGLE_UNIT ( ) );
#2 = ORIENTED_EDGE ( 'NONE', *, *, #3807, .T. ) ;
#3 =( LENGTH_UNIT ( ) NAMED_UNIT ( * ) SI_UNIT ( .MILLI., .METRE. ) );
#4 = DIRECTION ( 'NONE',  ( -0.0000000000000000000, -1.000000000000000000, -0.0000000000000000000 ) ) ;
#5 = CARTESIAN_POINT ( 'NONE',  ( -11.69999999999999929, -0.001000000000000882995, 25.22500000000001208 ) ) ;
#6 = CARTESIAN_POINT ( 'NONE',  ( -7.099999999999996980, 0.0000000000000000000, 25.22500000000000853 ) ) ;
#7 = EDGE_LOOP ( 'NONE', ( #5292, #9135, #6085, #7299 ) ) ;
#8 = SURFACE_STYLE_USAGE ( .BOTH. , #12357 ) ;
#9 = VERTEX_POINT ( 'NONE', #4914 ) ;
#10 = VECTOR ( 'NONE', #11849, 1000.000000000000000 ) ;
#11 =( GEOMETRIC_REPRESENTATION_CONTEXT ( 3 ) GLOBAL_UNCERTAINTY_ASSIGNED_CONTEXT ( ( #4612 ) ) GLOBAL_UNIT_ASSIGNED_CONTEXT ( ( #1239, #9553, #6446 ) ) REPRESENTATION_CONTEXT ( 'NONE', 'WORKASPACE' ) );
#12 = CARTESIAN_POINT ( 'NONE',  ( 10.90000000000000391, 1.000999999999999890, 22.92499999999999716 ) ) ;
#13 = ORIENTED_EDGE ( 'NONE', *, *, #3836, .T. ) ;
#14 = FACE_OUTER_BOUND ( 'NONE', #1770, .T. ) ;
#15 = COLOUR_RGB ( '',1.000000000000000000, 1.000000000000000000, 0.0000000000000000000 ) ;
#16 = ORIENTED_EDGE ( 'NONE', *, *, #11750, .T. ) ;
#17 = CARTESIAN_POINT ( 'NONE',  ( 3.700000000000003730, 1.000999999999999890, 25.22500000000000142 ) ) ;
#18 = CARTESIAN_POINT ( 'NONE',  ( 7.900000000000003908, 1.000999999999999890, 22.92499999999999716 ) ) ;
#19 = PRESENTATION_LAYER_ASSIGNMENT (  '', '', ( #1133 ) ) ;
#20 = DIRECTION ( 'NONE',  ( 1.000000000000000000, 0.0000000000000000000, 0.0000000000000000000 ) ) ;
#21 = ORIENTED_EDGE ( 'NONE', *, *, #996, .T. ) ;
#22 = CARTESIAN_POINT ( 'NONE',  ( 15.00000000000000000, 3.399999999999999911, -19.67499999999999361 ) ) ;
#23 = ORIENTED_EDGE ( 'NONE', *, *, #12730, .F. ) ;
#24 = PLANE ( 'NONE',  #11791 ) ;
#25 = CARTESIAN_POINT ( 'NONE',  ( 5.900000000000002132, -0.001000000000000000021, 22.92500000000000071 ) ) ;
#26 = VECTOR ( 'NONE', #10744, 1000.000000000000000 ) ;
#27 =( GEOMETRIC_REPRESENTATION_CONTEXT ( 3 ) GLOBAL_UNCERTAINTY_ASSIGNED_CONTEXT ( ( #7562 ) ) GLOBAL_UNIT_ASSIGNED_CONTEXT ( ( #5333, #3221, #5195 ) ) REPRESENTATION_CONTEXT ( 'NONE', 'WORKASPACE' ) );
#28 = SURFACE_STYLE_USAGE ( .BOTH. , #9329 ) ;
#29 = DIRECTION ( 'NONE',  ( 0.0000000000000000000, 1.000000000000000000, 0.0000000000000000000 ) ) ;
#30 = MECHANICAL_DESIGN_GEOMETRIC_PRESENTATION_REPRESENTATION (  '', ( #2677 ), #1581 ) ;
#31 = DIRECTION ( 'NONE',  ( 1.000000000000000000, 0.0000000000000000000, 0.0000000000000000000 ) ) ;
#32 = PRESENTATION_STYLE_ASSIGNMENT (( #8197 ) ) ;
#33 = EDGE_CURVE ( 'NONE', #2093, #1256, #750, .T. ) ;
#34 = ORIENTED_EDGE ( 'NONE', *, *, #12666, .T. ) ;
#35 = PRESENTATION_STYLE_ASSIGNMENT (( #9337 ) ) ;
#36 = CARTESIAN_POINT ( 'NONE',  ( -8.699999999999999289, -0.001000000000000504609, 25.22500000000001208 ) ) ;
#37 = FILL_AREA_STYLE_COLOUR ( '', #2180 ) ;
#38 = PRESENTATION_LAYER_ASSIGNMENT (  '', '', ( #11113 ) ) ;
#39 = FILL_AREA_STYLE ('',( #5230 ) ) ;
#40 = VERTEX_POINT ( 'NONE', #3830 ) ;
#41 = FACE_OUTER_BOUND ( 'NONE', #4270, .T. ) ;
#42 = LINE ( 'NONE', #1670, #5220 ) ;
#43 = DIRECTION ( 'NONE',  ( 1.000000000000000000, 0.0000000000000000000, 0.0000000000000000000 ) ) ;
#44 = AXIS2_PLACEMENT_3D ( 'NONE', #11963, #2704, #5545 ) ;
#45 = EDGE_CURVE ( 'NONE', #7236, #9083, #8818, .T. ) ;
#46 = DIRECTION ( 'NONE',  ( 0.0000000000000000000, -1.000000000000000000, 0.0000000000000000000 ) ) ;
#47 =( GEOMETRIC_REPRESENTATION_CONTEXT ( 3 ) GLOBAL_UNCERTAINTY_ASSIGNED_CONTEXT ( ( #3496 ) ) GLOBAL_UNIT_ASSIGNED_CONTEXT ( ( #5384, #333, #1175 ) ) REPRESENTATION_CONTEXT ( 'NONE', 'WORKASPACE' ) );
#48 = CARTESIAN_POINT ( 'NONE',  ( 15.00000000000000000, 1.000000000000000000, 25.22500000000000853 ) ) ;
#49 = CARTESIAN_POINT ( 'NONE',  ( 11.50000000000000355, -0.001000000000000000021, 25.22499999999999432 ) ) ;
#50 = ORIENTED_EDGE ( 'NONE', *, *, #2167, .T. ) ;
#51 = PLANE ( 'NONE',  #7661 ) ;
#52 = EDGE_CURVE ( 'NONE', #6303, #7126, #13166, .T. ) ;
#53 = FILL_AREA_STYLE_COLOUR ( '', #6113 ) ;
#54 = ORIENTED_EDGE ( 'NONE', *, *, #12995, .T. ) ;
#55 = FACE_OUTER_BOUND ( 'NONE', #4642, .T. ) ;
#56 = EDGE_CURVE ( 'NONE', #9656, #11146, #545, .T. ) ;
#57 = CARTESIAN_POINT ( 'NONE',  ( 15.00000000000000000, 1.000000000000000000, 25.22500000000000853 ) ) ;
#58 = EDGE_LOOP ( 'NONE', ( #2236, #7671, #11537, #9424 ) ) ;
#59 = SURFACE_STYLE_USAGE ( .BOTH. , #12530 ) ;
#60 = SURFACE_STYLE_USAGE ( .BOTH. , #2125 ) ;
#61 = FACE_OUTER_BOUND ( 'NONE', #6584, .T. ) ;
#62 = ORIENTED_EDGE ( 'NONE', *, *, #11238, .F. ) ;
#63 = EDGE_CURVE ( 'NONE', #9656, #6333, #3677, .T. ) ;
#64 = EDGE_CURVE ( 'NONE', #3537, #9213, #3131, .T. ) ;
#65 = PLANE ( 'NONE',  #2359 ) ;
#66 = AXIS2_PLACEMENT_3D ( 'NONE', #9397, #7300, #3241 ) ;
#67 =( LENGTH_UNIT ( ) NAMED_UNIT ( * ) SI_UNIT ( .MILLI., .METRE. ) );
#68 = DIRECTION ( 'NONE',  ( -0.0000000000000000000, 1.000000000000000000, -0.0000000000000000000 ) ) ;
#69 = ADVANCED_FACE ( 'NONE', ( #4093 ), #886, .F. ) ;
#70 = CARTESIAN_POINT ( 'NONE',  ( -3.099999999999996980, 0.2500000000000036637, 25.47500000000001208 ) ) ;
#71 = UNCERTAINTY_MEASURE_WITH_UNIT (LENGTH_MEASURE( 1.000000000000000082E-05 ), #740, 'distance_accuracy_value', 'NONE');
#72 = ORIENTED_EDGE ( 'NONE', *, *, #5550, .F. ) ;
#73 = UNCERTAINTY_MEASURE_WITH_UNIT (LENGTH_MEASURE( 1.000000000000000082E-05 ), #5391, 'distance_accuracy_value', 'NONE');
#74 =( NAMED_UNIT ( * ) SI_UNIT ( $, .STERADIAN. ) SOLID_ANGLE_UNIT ( ) );
#75 = ORIENTED_EDGE ( 'NONE', *, *, #1937, .F. ) ;
#76 = COLOUR_RGB ( '',1.000000000000000000, 1.000000000000000000, 0.0000000000000000000 ) ;
#77 = EDGE_LOOP ( 'NONE', ( #221, #9138, #9254, #2337 ) ) ;
#78 = VECTOR ( 'NONE', #12777, 1000.000000000000000 ) ;
#79 = DIRECTION ( 'NONE',  ( 0.0000000000000000000, 1.000000000000000000, 0.0000000000000000000 ) ) ;
#80 = STYLED_ITEM ( 'NONE', ( #9671 ), #2987 ) ;
#81 = SURFACE_SIDE_STYLE ('',( #9447 ) ) ;
#82 = VERTEX_POINT ( 'NONE', #1985 ) ;
#83 = CARTESIAN_POINT ( 'NONE',  ( -0.4999999999999985012, -0.001000000000000000021, 25.22500000000000853 ) ) ;
#84 = UNCERTAINTY_MEASURE_WITH_UNIT (LENGTH_MEASURE( 1.000000000000000082E-05 ), #3281, 'distance_accuracy_value', 'NONE');
#85 = ORIENTED_EDGE ( 'NONE', *, *, #10242, .T. ) ;
#86 = CARTESIAN_POINT ( 'NONE',  ( 10.70000000000000107, -0.001000000000000000021, 25.22499999999999432 ) ) ;
#87 = CARTESIAN_POINT ( 'NONE',  ( -7.099999999999998757, -0.001000000000000252423, 25.22500000000001208 ) ) ;
#88 = AXIS2_PLACEMENT_3D ( 'NONE', #2624, #1681, #6613 ) ;
#89 = FACE_OUTER_BOUND ( 'NONE', #2642, .T. ) ;
#90 = ORIENTED_EDGE ( 'NONE', *, *, #12396, .F. ) ;
#91 = VECTOR ( 'NONE', #6505, 1000.000000000000000 ) ;
#92 = FILL_AREA_STYLE_COLOUR ( '', #3255 ) ;
#93 = EDGE_CURVE ( 'NONE', #10182, #9243, #12330, .T. ) ;
#94 =( NAMED_UNIT ( * ) PLANE_ANGLE_UNIT ( ) SI_UNIT ( $, .RADIAN. ) );
#95 = ORIENTED_EDGE ( 'NONE', *, *, #8929, .T. ) ;
#96 = CARTESIAN_POINT ( 'NONE',  ( 10.10000000000000320, 1.000999999999999890, 22.92499999999999716 ) ) ;
#97 = DIRECTION ( 'NONE',  ( 0.0000000000000000000, -0.0000000000000000000, -1.000000000000000000 ) ) ;
#98 =( NAMED_UNIT ( * ) SI_UNIT ( $, .STERADIAN. ) SOLID_ANGLE_UNIT ( ) );
#99 =( GEOMETRIC_REPRESENTATION_CONTEXT ( 3 ) GLOBAL_UNCERTAINTY_ASSIGNED_CONTEXT ( ( #6332 ) ) GLOBAL_UNIT_ASSIGNED_CONTEXT ( ( #7224, #10133, #10196 ) ) REPRESENTATION_CONTEXT ( 'NONE', 'WORKASPACE' ) );
#100 = AXIS2_PLACEMENT_3D ( 'NONE', #6108, #959, #4085 ) ;
#101 = LINE ( 'NONE', #6295, #11280 ) ;
#102 = PRESENTATION_STYLE_ASSIGNMENT (( #7244 ) ) ;
#103 = CARTESIAN_POINT ( 'NONE',  ( 11.10000000000000320, 1.000999999999999890, 22.92499999999999361 ) ) ;
#104 = CARTESIAN_POINT ( 'NONE',  ( -9.200000000000006395, 3.399999999999999911, -25.47499999999999432 ) ) ;
#105 = SURFACE_STYLE_USAGE ( .BOTH. , #1022 ) ;
#106 = SURFACE_SIDE_STYLE ('',( #7456 ) ) ;
#107 = VERTEX_POINT ( 'NONE', #11444 ) ;
#108 = FILL_AREA_STYLE ('',( #7770 ) ) ;
#109 = LINE ( 'NONE', #5175, #7720 ) ;
#110 = SURFACE_STYLE_FILL_AREA ( #2052 ) ;
#111 = MECHANICAL_DESIGN_GEOMETRIC_PRESENTATION_REPRESENTATION (  '', ( #11355 ), #4050 ) ;
#112 = CARTESIAN_POINT ( 'NONE',  ( 7.900000000000003908, 1.000999999999999890, 25.22499999999999787 ) ) ;
#113 = CARTESIAN_POINT ( 'NONE',  ( -0.4999999999999980571, -0.001000000000000000021, 22.92500000000000782 ) ) ;
#114 = ORIENTED_EDGE ( 'NONE', *, *, #6964, .F. ) ;
#115 = SURFACE_STYLE_USAGE ( .BOTH. , #8539 ) ;
#116 = ORIENTED_EDGE ( 'NONE', *, *, #7290, .F. ) ;
#117 = LINE ( 'NONE', #1238, #5562 ) ;
#118 = DIRECTION ( 'NONE',  ( -1.000000000000000000, 0.0000000000000000000, -0.0000000000000000000 ) ) ;
#119 = CIRCLE ( 'NONE', #12920, 1.299999999999999156 ) ;
#120 = EDGE_CURVE ( 'NONE', #813, #5553, #2111, .T. ) ;
#121 = SURFACE_SIDE_STYLE ('',( #1450 ) ) ;
#122 = ORIENTED_EDGE ( 'NONE', *, *, #4778, .F. ) ;
#123 =( LENGTH_UNIT ( ) NAMED_UNIT ( * ) SI_UNIT ( .MILLI., .METRE. ) );
#124 = VECTOR ( 'NONE', #7865, 1000.000000000000000 ) ;
#125 = FILL_AREA_STYLE_COLOUR ( '', #3508 ) ;
#126 = ORIENTED_EDGE ( 'NONE', *, *, #12328, .T. ) ;
#127 = EDGE_CURVE ( 'NONE', #1871, #2800, #4029, .T. ) ;
#128 = EDGE_CURVE ( 'NONE', #9579, #10464, #824, .T. ) ;
#129 = CARTESIAN_POINT ( 'NONE',  ( -9.899999999999995026, 1.000000000000000000, 22.92500000000001137 ) ) ;
#130 = CIRCLE ( 'NONE', #3419, 1.299999999999999156 ) ;
#131 = FILL_AREA_STYLE ('',( #9433 ) ) ;
#132 = LINE ( 'NONE', #12472, #8726 ) ;
#133 = COLOUR_RGB ( '',1.000000000000000000, 1.000000000000000000, 0.0000000000000000000 ) ;
#134 = FILL_AREA_STYLE_COLOUR ( '', #9990 ) ;
#135 = EDGE_LOOP ( 'NONE', ( #5682, #1206, #6484, #404, #11788, #4427, #1497, #5146, #5523, #3957, #269, #5593, #1210, #8627, #10361, #2309, #11667, #5438, #7497, #7377, #8104, #1380, #10514, #11221, #11392, #11763, #11089, #5800, #8969, #11986, #10501, #10688, #11880, #2676, #8242, #8366, #9204, #1010, #5361, #5394 ) ) ;
#136 = FILL_AREA_STYLE_COLOUR ( '', #7002 ) ;
#137 = VECTOR ( 'NONE', #10970, 1000.000000000000000 ) ;
#138 = DIRECTION ( 'NONE',  ( 0.0000000000000000000, 0.0000000000000000000, -1.000000000000000000 ) ) ;
#139 = EDGE_CURVE ( 'NONE', #219, #2981, #9092, .T. ) ;
#140 = DIRECTION ( 'NONE',  ( 1.000000000000000000, 0.0000000000000000000, 0.0000000000000000000 ) ) ;
#141 = EDGE_CURVE ( 'NONE', #2365, #6151, #2049, .T. ) ;
#142 = SURFACE_SIDE_STYLE ('',( #1326 ) ) ;
#143 = ORIENTED_EDGE ( 'NONE', *, *, #1562, .T. ) ;
#144 = SURFACE_STYLE_FILL_AREA ( #7282 ) ;
#145 = ORIENTED_EDGE ( 'NONE', *, *, #12817, .F. ) ;
#146 = ADVANCED_FACE ( 'NONE', ( #10302 ), #10169, .F. ) ;
#147 = LINE ( 'NONE', #10532, #11651 ) ;
#148 = VECTOR ( 'NONE', #4575, 1000.000000000000000 ) ;
#149 = CARTESIAN_POINT ( 'NONE',  ( -2.849999999999996980, 1.000000000000000000, 22.27500000000000568 ) ) ;
#150 = VERTEX_POINT ( 'NONE', #11839 ) ;
#151 = DIRECTION ( 'NONE',  ( 1.000000000000000000, 0.0000000000000000000, -1.240565060293306583E-16 ) ) ;
#152 = ORIENTED_EDGE ( 'NONE', *, *, #5590, .F. ) ;
#153 = FACE_OUTER_BOUND ( 'NONE', #2784, .T. ) ;
#154 =( NAMED_UNIT ( * ) SI_UNIT ( $, .STERADIAN. ) SOLID_ANGLE_UNIT ( ) );
#155 = DIRECTION ( 'NONE',  ( -9.427844978134821433E-17, -0.0000000000000000000, 1.000000000000000000 ) ) ;
#156 = ORIENTED_EDGE ( 'NONE', *, *, #11182, .T. ) ;
#157 = CARTESIAN_POINT ( 'NONE',  ( 1.900000000000001465, -0.001000000000000000021, 25.22500000000000497 ) ) ;
#158 = ORIENTED_EDGE ( 'NONE', *, *, #2996, .T. ) ;
#159 = LINE ( 'NONE', #2034, #11138 ) ;
#160 = FACE_OUTER_BOUND ( 'NONE', #10554, .T. ) ;
#161 = MECHANICAL_DESIGN_GEOMETRIC_PRESENTATION_REPRESENTATION (  '', ( #1726 ), #12740 ) ;
#162 = DIRECTION ( 'NONE',  ( 0.0000000000000000000, 0.0000000000000000000, 1.000000000000000000 ) ) ;
#163 = VECTOR ( 'NONE', #12228, 1000.000000000000000 ) ;
#164 = ORIENTED_EDGE ( 'NONE', *, *, #4973, .T. ) ;
#165 = CARTESIAN_POINT ( 'NONE',  ( 1.500000000000003553, 1.000999999999999890, 25.22500000000000497 ) ) ;
#166 = CARTESIAN_POINT ( 'NONE',  ( 6.500000000000002665, -0.001000000000000000021, 25.22500000000000142 ) ) ;
#167 =( NAMED_UNIT ( * ) PLANE_ANGLE_UNIT ( ) SI_UNIT ( $, .RADIAN. ) );
#168 = CARTESIAN_POINT ( 'NONE',  ( -11.69999999999999929, -8.831319514063742788E-16, 25.22500000000001208 ) ) ;
#169 = FACE_OUTER_BOUND ( 'NONE', #10621, .T. ) ;
#170 = LINE ( 'NONE', #8456, #12974 ) ;
#171 = CARTESIAN_POINT ( 'NONE',  ( 11.50000000000000355, -0.001000000000000000021, 25.22499999999999432 ) ) ;
#172 = ORIENTED_EDGE ( 'NONE', *, *, #4320, .F. ) ;
#174 = MECHANICAL_DESIGN_GEOMETRIC_PRESENTATION_REPRESENTATION (  '', ( #11881 ), #6056 ) ;
#173 =( NAMED_UNIT ( * ) SI_UNIT ( $, .STERADIAN. ) SOLID_ANGLE_UNIT ( ) );
#175 = STYLED_ITEM ( 'NONE', ( #4146 ), #12323 ) ;
#176 = STYLED_ITEM ( 'NONE', ( #553 ), #4889 ) ;
#177 = DIRECTION ( 'NONE',  ( 0.0000000000000000000, 0.0000000000000000000, 1.000000000000000000 ) ) ;
#178 = LINE ( 'NONE', #4362, #12652 ) ;
#179 = DIRECTION ( 'NONE',  ( 0.0000000000000000000, -0.0000000000000000000, 1.000000000000000000 ) ) ;
#180 =( NAMED_UNIT ( * ) SI_UNIT ( $, .STERADIAN. ) SOLID_ANGLE_UNIT ( ) );
#181 = DIRECTION ( 'NONE',  ( -1.000000000000000000, -0.0000000000000000000, -0.0000000000000000000 ) ) ;
#182 = COLOUR_RGB ( '',1.000000000000000000, 1.000000000000000000, 0.0000000000000000000 ) ;
#183 =( GEOMETRIC_REPRESENTATION_CONTEXT ( 3 ) GLOBAL_UNCERTAINTY_ASSIGNED_CONTEXT ( ( #10017 ) ) GLOBAL_UNIT_ASSIGNED_CONTEXT ( ( #12247, #7238, #12109 ) ) REPRESENTATION_CONTEXT ( 'NONE', 'WORKASPACE' ) );
#184 = MECHANICAL_DESIGN_GEOMETRIC_PRESENTATION_REPRESENTATION (  '', ( #9087 ), #7346 ) ;
#185 = ORIENTED_EDGE ( 'NONE', *, *, #3998, .T. ) ;
#186 = ORIENTED_EDGE ( 'NONE', *, *, #13370, .F. ) ;
#187 =( NAMED_UNIT ( * ) SI_UNIT ( $, .STERADIAN. ) SOLID_ANGLE_UNIT ( ) );
#188 = CARTESIAN_POINT ( 'NONE',  ( -15.00000000000000000, 1.000000000000000000, 25.47500000000000853 ) ) ;
#189 = CARTESIAN_POINT ( 'NONE',  ( -12.10000000000000320, 1.000000000000000000, -23.87499999999998579 ) ) ;
#190 = DIRECTION ( 'NONE',  ( 1.000000000000000000, 0.0000000000000000000, 0.0000000000000000000 ) ) ;
#191 = ORIENTED_EDGE ( 'NONE', *, *, #10936, .F. ) ;
#192 = CARTESIAN_POINT ( 'NONE',  ( 11.30000000000000426, 0.0000000000000000000, 22.92499999999999361 ) ) ;
#193 = DIRECTION ( 'NONE',  ( 1.000000000000000000, -0.0000000000000000000, -0.0000000000000000000 ) ) ;
#194 =( NAMED_UNIT ( * ) PLANE_ANGLE_UNIT ( ) SI_UNIT ( $, .RADIAN. ) );
#195 = VECTOR ( 'NONE', #3470, 1000.000000000000000 ) ;
#196 =( NAMED_UNIT ( * ) PLANE_ANGLE_UNIT ( ) SI_UNIT ( $, .RADIAN. ) );
#197 = ORIENTED_EDGE ( 'NONE', *, *, #1329, .F. ) ;
#198 = VECTOR ( 'NONE', #3567, 1000.000000000000000 ) ;
#199 = DIRECTION ( 'NONE',  ( 0.0000000000000000000, 0.0000000000000000000, 1.000000000000000000 ) ) ;
#200 = EDGE_CURVE ( 'NONE', #2356, #4416, #4292, .T. ) ;
#201 =( NAMED_UNIT ( * ) SI_UNIT ( $, .STERADIAN. ) SOLID_ANGLE_UNIT ( ) );
#202 = VECTOR ( 'NONE', #10909, 1000.000000000000000 ) ;
#203 = DIRECTION ( 'NONE',  ( -1.000000000000000000, 0.0000000000000000000, 9.427844978134821433E-17 ) ) ;
#204 = DIRECTION ( 'NONE',  ( -1.000000000000000000, -0.0000000000000000000, -0.0000000000000000000 ) ) ;
#205 = FILL_AREA_STYLE ('',( #12691 ) ) ;
#206 = MECHANICAL_DESIGN_GEOMETRIC_PRESENTATION_REPRESENTATION (  '', ( #7811 ), #3055 ) ;
#207 = UNCERTAINTY_MEASURE_WITH_UNIT (LENGTH_MEASURE( 1.000000000000000082E-05 ), #11395, 'distance_accuracy_value', 'NONE');
#208 = ORIENTED_EDGE ( 'NONE', *, *, #12988, .F. ) ;
#209 = DIRECTION ( 'NONE',  ( 0.0000000000000000000, 0.0000000000000000000, -1.000000000000000000 ) ) ;
#210 = CARTESIAN_POINT ( 'NONE',  ( 8.700000000000002842, 1.000999999999999890, 25.22499999999999787 ) ) ;
#211 = VECTOR ( 'NONE', #11690, 1000.000000000000000 ) ;
#212 = FACE_OUTER_BOUND ( 'NONE', #10762, .T. ) ;
#213 = EDGE_CURVE ( 'NONE', #11701, #11887, #2558, .T. ) ;
#214 = VERTEX_POINT ( 'NONE', #1228 ) ;
#215 = VECTOR ( 'NONE', #7453, 1000.000000000000000 ) ;
#216 = ORIENTED_EDGE ( 'NONE', *, *, #8698, .T. ) ;
#217 = EDGE_CURVE ( 'NONE', #5751, #1186, #8847, .T. ) ;
#218 = FACE_OUTER_BOUND ( 'NONE', #7971, .T. ) ;
#219 = VERTEX_POINT ( 'NONE', #1157 ) ;
#220 = UNCERTAINTY_MEASURE_WITH_UNIT (LENGTH_MEASURE( 1.000000000000000082E-05 ), #7188, 'distance_accuracy_value', 'NONE');
#221 = ORIENTED_EDGE ( 'NONE', *, *, #7884, .T. ) ;
#222 =( LENGTH_UNIT ( ) NAMED_UNIT ( * ) SI_UNIT ( .MILLI., .METRE. ) );
#223 = CARTESIAN_POINT ( 'NONE',  ( 15.00000000000000000, 1.000000000000000000, 25.22500000000000853 ) ) ;
#224 = ADVANCED_FACE ( 'NONE', ( #10426 ), #6676, .F. ) ;
#225 = VECTOR ( 'NONE', #12223, 1000.000000000000000 ) ;
#226 = ORIENTED_EDGE ( 'NONE', *, *, #4817, .F. ) ;
#227 = ADVANCED_FACE ( 'NONE', ( #2492 ), #5301, .F. ) ;
#228 = CARTESIAN_POINT ( 'NONE',  ( 1.900000000000001465, -0.001000000000000000021, 25.22500000000000497 ) ) ;
#229 =( GEOMETRIC_REPRESENTATION_CONTEXT ( 3 ) GLOBAL_UNCERTAINTY_ASSIGNED_CONTEXT ( ( #10780 ) ) GLOBAL_UNIT_ASSIGNED_CONTEXT ( ( #6759, #10891, #9873 ) ) REPRESENTATION_CONTEXT ( 'NONE', 'WORKASPACE' ) );
#230 = ORIENTED_EDGE ( 'NONE', *, *, #411, .T. ) ;
#231 = LINE ( 'NONE', #1349, #5099 ) ;
#232 = MECHANICAL_DESIGN_GEOMETRIC_PRESENTATION_REPRESENTATION (  '', ( #10406 ), #9128 ) ;
#233 = EDGE_CURVE ( 'NONE', #3306, #7395, #9416, .T. ) ;
#234 = CARTESIAN_POINT ( 'NONE',  ( 11.70000000000000462, 1.000000000000000000, 25.22499999999999432 ) ) ;
#235 = AXIS2_PLACEMENT_3D ( 'NONE', #1869, #3019, #2056 ) ;
#236 = ORIENTED_EDGE ( 'NONE', *, *, #5988, .T. ) ;
#237 = CARTESIAN_POINT ( 'NONE',  ( -1.699999999999996625, 1.000999999999999890, 22.92500000000000782 ) ) ;
#238 = CARTESIAN_POINT ( 'NONE',  ( -11.69999999999999929, -0.001000000000000882995, 22.92500000000001137 ) ) ;
#239 = LINE ( 'NONE', #518, #6172 ) ;
#240 = CARTESIAN_POINT ( 'NONE',  ( -12.84999999999999964, -1.084202172485504434E-16, 23.07499999999997797 ) ) ;
#241 = ORIENTED_EDGE ( 'NONE', *, *, #1499, .T. ) ;
#242 = FACE_OUTER_BOUND ( 'NONE', #1321, .T. ) ;
#243 = VECTOR ( 'NONE', #12865, 1000.000000000000000 ) ;
#244 = DIRECTION ( 'NONE',  ( -1.000000000000000000, -0.0000000000000000000, -0.0000000000000000000 ) ) ;
#245 =( NAMED_UNIT ( * ) PLANE_ANGLE_UNIT ( ) SI_UNIT ( $, .RADIAN. ) );
#246 = FILL_AREA_STYLE ('',( #7313 ) ) ;
#247 = VERTEX_POINT ( 'NONE', #9472 ) ;
#248 = SURFACE_STYLE_USAGE ( .BOTH. , #2368 ) ;
#249 = FILL_AREA_STYLE_COLOUR ( '', #5635 ) ;
#250 = PRESENTATION_LAYER_ASSIGNMENT (  '', '', ( #9781 ) ) ;
#251 = VECTOR ( 'NONE', #6440, 1000.000000000000000 ) ;
#252 = DIRECTION ( 'NONE',  ( 0.0000000000000000000, 0.0000000000000000000, -1.000000000000000000 ) ) ;
#253 = SURFACE_STYLE_FILL_AREA ( #11523 ) ;
#254 = DIRECTION ( 'NONE',  ( 1.000000000000000000, 0.0000000000000000000, 1.885568995626964287E-16 ) ) ;
#255 = CARTESIAN_POINT ( 'NONE',  ( -10.69999999999999574, 1.000999999999999890, 22.92500000000001137 ) ) ;
#256 =( GEOMETRIC_REPRESENTATION_CONTEXT ( 3 ) GLOBAL_UNCERTAINTY_ASSIGNED_CONTEXT ( ( #9715 ) ) GLOBAL_UNIT_ASSIGNED_CONTEXT ( ( #8338, #1042, #4442 ) ) REPRESENTATION_CONTEXT ( 'NONE', 'WORKASPACE' ) );
#257 = DIRECTION ( 'NONE',  ( -1.000000000000000000, 0.0000000000000000000, 0.0000000000000000000 ) ) ;
#258 = ORIENTED_EDGE ( 'NONE', *, *, #8137, .T. ) ;
#259 = FILL_AREA_STYLE_COLOUR ( '', #2928 ) ;
#260 = COLOUR_RGB ( '',1.000000000000000000, 1.000000000000000000, 0.0000000000000000000 ) ;
#261 = VERTEX_POINT ( 'NONE', #8460 ) ;
#262 = LINE ( 'NONE', #12527, #11507 ) ;
#263 = ORIENTED_EDGE ( 'NONE', *, *, #12166, .F. ) ;
#264 = LINE ( 'NONE', #7604, #11542 ) ;
#265 = AXIS2_PLACEMENT_3D ( 'NONE', #11088, #12231, #7095 ) ;
#266 = FILL_AREA_STYLE_COLOUR ( '', #3789 ) ;
#267 = VECTOR ( 'NONE', #12060, 1000.000000000000000 ) ;
#268 = DIRECTION ( 'NONE',  ( 1.885568995626964287E-16, 0.0000000000000000000, -1.000000000000000000 ) ) ;
#269 = ORIENTED_EDGE ( 'NONE', *, *, #3773, .F. ) ;
#270 =( GEOMETRIC_REPRESENTATION_CONTEXT ( 3 ) GLOBAL_UNCERTAINTY_ASSIGNED_CONTEXT ( ( #7955 ) ) GLOBAL_UNIT_ASSIGNED_CONTEXT ( ( #11140, #4164, #10112 ) ) REPRESENTATION_CONTEXT ( 'NONE', 'WORKASPACE' ) );
#271 = CARTESIAN_POINT ( 'NONE',  ( -11.69999999999999929, -0.001000000000000882995, 25.22500000000001208 ) ) ;
#272 = DIRECTION ( 'NONE',  ( 0.0000000000000000000, 0.0000000000000000000, -1.000000000000000000 ) ) ;
#273 = DIRECTION ( 'NONE',  ( -0.0000000000000000000, 0.0000000000000000000, 1.000000000000000000 ) ) ;
#274 =( GEOMETRIC_REPRESENTATION_CONTEXT ( 3 ) GLOBAL_UNCERTAINTY_ASSIGNED_CONTEXT ( ( #8103 ) ) GLOBAL_UNIT_ASSIGNED_CONTEXT ( ( #4910, #12126, #6868 ) ) REPRESENTATION_CONTEXT ( 'NONE', 'WORKASPACE' ) );
#275 = FACE_OUTER_BOUND ( 'NONE', #5406, .T. ) ;
#276 = SURFACE_STYLE_FILL_AREA ( #205 ) ;
#277 = ORIENTED_EDGE ( 'NONE', *, *, #3748, .F. ) ;
#278 = PRESENTATION_LAYER_ASSIGNMENT (  '', '', ( #12207 ) ) ;
#279 = ORIENTED_EDGE ( 'NONE', *, *, #12663, .T. ) ;
#280 = DIRECTION ( 'NONE',  ( 1.000000000000000000, 0.0000000000000000000, 0.0000000000000000000 ) ) ;
#281 = ORIENTED_EDGE ( 'NONE', *, *, #7130, .F. ) ;
#282 = MECHANICAL_DESIGN_GEOMETRIC_PRESENTATION_REPRESENTATION (  '', ( #2934 ), #3782 ) ;
#283 = FILL_AREA_STYLE_COLOUR ( '', #7754 ) ;
#284 =( GEOMETRIC_REPRESENTATION_CONTEXT ( 3 ) GLOBAL_UNCERTAINTY_ASSIGNED_CONTEXT ( ( #10245 ) ) GLOBAL_UNIT_ASSIGNED_CONTEXT ( ( #6297, #3249, #12378 ) ) REPRESENTATION_CONTEXT ( 'NONE', 'WORKASPACE' ) );
#285 = EDGE_CURVE ( 'NONE', #12498, #9129, #7640, .T. ) ;
#286 = DIRECTION ( 'NONE',  ( -0.0000000000000000000, 0.0000000000000000000, 1.000000000000000000 ) ) ;
#287 = ORIENTED_EDGE ( 'NONE', *, *, #11004, .T. ) ;
#288 = CARTESIAN_POINT ( 'NONE',  ( -7.699999999999998401, -0.001000000000000252423, 25.22500000000001208 ) ) ;
#289 = ORIENTED_EDGE ( 'NONE', *, *, #5905, .T. ) ;
#290 = SURFACE_SIDE_STYLE ('',( #8370 ) ) ;
#291 = LINE ( 'NONE', #12848, #12877 ) ;
#292 = CARTESIAN_POINT ( 'NONE',  ( 9.199999999999999289, -1.350000000000000089, -25.47499999999999432 ) ) ;
#293 = ORIENTED_EDGE ( 'NONE', *, *, #9685, .T. ) ;
#294 = ADVANCED_FACE ( 'NONE', ( #9796 ), #6621, .F. ) ;
#295 = DIRECTION ( 'NONE',  ( -1.000000000000000000, -0.0000000000000000000, -0.0000000000000000000 ) ) ;
#296 = PRESENTATION_LAYER_ASSIGNMENT (  '', '', ( #4018 ) ) ;
#297 = ORIENTED_EDGE ( 'NONE', *, *, #7366, .T. ) ;
#298 = LINE ( 'NONE', #10548, #10203 ) ;
#299 = CIRCLE ( 'NONE', #7902, 1.299999999999999156 ) ;
#300 = EDGE_CURVE ( 'NONE', #3385, #219, #7098, .T. ) ;
#301 = EDGE_CURVE ( 'Edge11', #3005, #9534, #4941, .T. ) ;
#302 = DIRECTION ( 'NONE',  ( 0.0000000000000000000, 0.0000000000000000000, -1.000000000000000000 ) ) ;
#303 = EDGE_CURVE ( 'NONE', #10233, #5126, #11165, .T. ) ;
#304 = VERTEX_POINT ( 'NONE', #4875 ) ;
#305 = LINE ( 'NONE', #4483, #489 ) ;
#306 = CARTESIAN_POINT ( 'NONE',  ( -2.849999999999997424, 3.399999999999999911, 21.27500000000000924 ) ) ;
#307 = STYLED_ITEM ( 'NONE', ( #4348 ), #2916 ) ;
#308 =( LENGTH_UNIT ( ) NAMED_UNIT ( * ) SI_UNIT ( .MILLI., .METRE. ) );
#309 = ORIENTED_EDGE ( 'NONE', *, *, #2672, .T. ) ;
#310 = CARTESIAN_POINT ( 'NONE',  ( -8.099999999999996092, 1.000999999999999890, 25.22500000000001208 ) ) ;
#311 = CARTESIAN_POINT ( 'NONE',  ( -9.200000000000006395, -1.350000000000000089, -25.47499999999999432 ) ) ;
#312 = DIRECTION ( 'NONE',  ( -9.427844978134821433E-17, -0.0000000000000000000, 1.000000000000000000 ) ) ;
#313 = ADVANCED_FACE ( 'NONE', ( #857 ), #8048, .F. ) ;
#314 = PRESENTATION_STYLE_ASSIGNMENT (( #12659 ) ) ;
#315 = ORIENTED_EDGE ( 'NONE', *, *, #11001, .F. ) ;
#317 = EDGE_CURVE ( 'NONE', #1915, #3208, #1823, .T. ) ;
#316 =( NAMED_UNIT ( * ) SI_UNIT ( $, .STERADIAN. ) SOLID_ANGLE_UNIT ( ) );
#318 = FACE_OUTER_BOUND ( 'NONE', #12416, .T. ) ;
#319 = PRESENTATION_LAYER_ASSIGNMENT (  '', '', ( #11592 ) ) ;
#320 = EDGE_CURVE ( 'NONE', #4723, #11363, #3788, .T. ) ;
#321 = CARTESIAN_POINT ( 'NONE',  ( 0.1000000000000017819, -0.001000000000000000021, 25.22500000000000853 ) ) ;
#322 = EDGE_CURVE ( 'NONE', #1802, #1404, #2782, .T. ) ;
#323 = CARTESIAN_POINT ( 'NONE',  ( 6.900000000000003020, 1.000999999999999890, 22.92500000000000071 ) ) ;
#324 = CARTESIAN_POINT ( 'NONE',  ( -10.69999999999999574, 1.000999999999999890, 25.22500000000001208 ) ) ;
#325 = EDGE_LOOP ( 'NONE', ( #8404, #3694, #7013, #12425 ) ) ;
#326 = VECTOR ( 'NONE', #3226, 1000.000000000000000 ) ;
#327 = ORIENTED_EDGE ( 'NONE', *, *, #7444, .T. ) ;
#328 = LINE ( 'NONE', #10767, #785 ) ;
#329 = LINE ( 'NONE', #9554, #12698 ) ;
#330 = CARTESIAN_POINT ( 'NONE',  ( -12.84999999999999964, 1.000000000000000000, 25.22500000000000853 ) ) ;
#331 = VERTEX_POINT ( 'NONE', #6902 ) ;
#332 = LINE ( 'NONE', #1576, #1156 ) ;
#333 =( NAMED_UNIT ( * ) PLANE_ANGLE_UNIT ( ) SI_UNIT ( $, .RADIAN. ) );
#334 = SURFACE_STYLE_USAGE ( .BOTH. , #5657 ) ;
#335 = ORIENTED_EDGE ( 'NONE', *, *, #6534, .F. ) ;
#336 = AXIS2_PLACEMENT_3D ( 'NONE', #8606, #8541, #8673 ) ;
#337 = AXIS2_PLACEMENT_3D ( 'NONE', #683, #3754, #546 ) ;
#338 = SURFACE_STYLE_FILL_AREA ( #10643 ) ;
#339 = PRESENTATION_STYLE_ASSIGNMENT (( #9767 ) ) ;
#340 = DIRECTION ( 'NONE',  ( 1.000000000000000000, 0.0000000000000000000, 0.0000000000000000000 ) ) ;
#341 = FILL_AREA_STYLE_COLOUR ( '', #12844 ) ;
#342 = ADVANCED_FACE ( 'NONE', ( #1891 ), #11220, .T. ) ;
#343 = UNCERTAINTY_MEASURE_WITH_UNIT (LENGTH_MEASURE( 1.000000000000000082E-05 ), #1857, 'distance_accuracy_value', 'NONE');
#344 = VERTEX_POINT ( 'NONE', #6409 ) ;
#345 = CARTESIAN_POINT ( 'NONE',  ( 6.700000000000001954, -0.001000000000000000021, 25.22500000000000142 ) ) ;
#346 = PLANE ( 'NONE',  #2269 ) ;
#347 = DIRECTION ( 'NONE',  ( -0.0000000000000000000, -1.000000000000000000, -0.0000000000000000000 ) ) ;
#349 = COLOUR_RGB ( '',1.000000000000000000, 1.000000000000000000, 0.0000000000000000000 ) ;
#348 = DIRECTION ( 'NONE',  ( -1.000000000000000000, 0.0000000000000000000, -3.771137991253928573E-16 ) ) ;
#350 = VERTEX_POINT ( 'NONE', #4324 ) ;
#351 = CARTESIAN_POINT ( 'NONE',  ( -2.099999999999998312, -0.001000000000000000021, 22.92500000000000782 ) ) ;
#352 = COLOUR_RGB ( '',1.000000000000000000, 1.000000000000000000, 0.0000000000000000000 ) ;
#353 = FILL_AREA_STYLE ('',( #9782 ) ) ;
#354 = COLOUR_RGB ( '',1.000000000000000000, 1.000000000000000000, 0.0000000000000000000 ) ;
#355 = LINE ( 'NONE', #12772, #326 ) ;
#356 = ORIENTED_EDGE ( 'NONE', *, *, #11917, .F. ) ;
#357 = SURFACE_STYLE_USAGE ( .BOTH. , #9651 ) ;
#358 = UNCERTAINTY_MEASURE_WITH_UNIT (LENGTH_MEASURE( 1.000000000000000082E-05 ), #6897, 'distance_accuracy_value', 'NONE');
#359 = ORIENTED_EDGE ( 'NONE', *, *, #2996, .F. ) ;
#360 = CARTESIAN_POINT ( 'NONE',  ( 9.100000000000001421, -0.001000000000000000021, 22.92499999999999716 ) ) ;
#361 = DIRECTION ( 'NONE',  ( -0.0000000000000000000, -1.000000000000000000, -0.0000000000000000000 ) ) ;
#362 = DIRECTION ( 'NONE',  ( -0.0000000000000000000, 1.000000000000000000, -0.0000000000000000000 ) ) ;
#363 = EDGE_LOOP ( 'NONE', ( #2872, #7517, #5257, #7736 ) ) ;
#364 = LINE ( 'NONE', #4871, #6289 ) ;
#365 =( NAMED_UNIT ( * ) SI_UNIT ( $, .STERADIAN. ) SOLID_ANGLE_UNIT ( ) );
#366 = ORIENTED_EDGE ( 'NONE', *, *, #5905, .F. ) ;
#367 = FILL_AREA_STYLE_COLOUR ( '', #7389 ) ;
#368 = FILL_AREA_STYLE_COLOUR ( '', #133 ) ;
#369 = PRESENTATION_STYLE_ASSIGNMENT (( #9665 ) ) ;
#370 = EDGE_CURVE ( 'NONE', #11808, #4390, #147, .T. ) ;
#371 = VERTEX_POINT ( 'NONE', #5338 ) ;
#372 = SURFACE_STYLE_FILL_AREA ( #8584 ) ;
#373 = DIRECTION ( 'NONE',  ( 0.0000000000000000000, 1.000000000000000000, 0.0000000000000000000 ) ) ;
#374 =( NAMED_UNIT ( * ) SI_UNIT ( $, .STERADIAN. ) SOLID_ANGLE_UNIT ( ) );
#375 = CARTESIAN_POINT ( 'NONE',  ( 8.900000000000003908, -0.001000000000000000021, 25.22499999999999787 ) ) ;
#376 = ORIENTED_EDGE ( 'NONE', *, *, #8688, .F. ) ;
#377 = SURFACE_SIDE_STYLE ('',( #11972 ) ) ;
#378 = CARTESIAN_POINT ( 'NONE',  ( -10.29999999999999893, 0.0000000000000000000, 22.92500000000001137 ) ) ;
#379 = EDGE_CURVE ( 'NONE', #4305, #6011, #10330, .T. ) ;
#380 = SURFACE_SIDE_STYLE ('',( #1702 ) ) ;
#381 = ADVANCED_FACE ( 'NONE', ( #10394 ), #2143, .T. ) ;
#382 = ORIENTED_EDGE ( 'NONE', *, *, #7268, .F. ) ;
#383 = LINE ( 'NONE', #1288, #12860 ) ;
#384 = DIRECTION ( 'NONE',  ( -9.427844978134821433E-17, -0.0000000000000000000, -1.000000000000000000 ) ) ;
#385 =( GEOMETRIC_REPRESENTATION_CONTEXT ( 3 ) GLOBAL_UNCERTAINTY_ASSIGNED_CONTEXT ( ( #778 ) ) GLOBAL_UNIT_ASSIGNED_CONTEXT ( ( #4792, #10189, #9045 ) ) REPRESENTATION_CONTEXT ( 'NONE', 'WORKASPACE' ) );
#386 = FACE_OUTER_BOUND ( 'NONE', #5349, .T. ) ;
#387 = ADVANCED_FACE ( 'NONE', ( #12296 ), #3291, .F. ) ;
#388 = DIRECTION ( 'NONE',  ( 0.0000000000000000000, 0.0000000000000000000, 1.000000000000000000 ) ) ;
#389 = CARTESIAN_POINT ( 'NONE',  ( 9.900000000000002132, 0.0000000000000000000, 22.92499999999999716 ) ) ;
#390 = PLANE ( 'NONE',  #12234 ) ;
#391 = ORIENTED_EDGE ( 'NONE', *, *, #7444, .F. ) ;
#392 = DIRECTION ( 'NONE',  ( 0.0000000000000000000, -1.000000000000000000, 0.0000000000000000000 ) ) ;
#393 = CARTESIAN_POINT ( 'NONE',  ( 0.5000000000000034417, 1.000000000000000000, 22.92500000000000426 ) ) ;
#394 = VECTOR ( 'NONE', #4996, 1000.000000000000000 ) ;
#395 = DIRECTION ( 'NONE',  ( 0.0000000000000000000, 0.0000000000000000000, -1.000000000000000000 ) ) ;
#396 = ORIENTED_EDGE ( 'NONE', *, *, #9772, .F. ) ;
#397 = LINE ( 'NONE', #9756, #11383 ) ;
#398 = CARTESIAN_POINT ( 'NONE',  ( 15.00000000000000000, 1.000000000000000000, -25.47499999999999432 ) ) ;
#399 = CARTESIAN_POINT ( 'NONE',  ( -7.699999999999998401, -0.001000000000000252423, 25.22500000000001208 ) ) ;
#400 = VECTOR ( 'NONE', #1790, 1000.000000000000000 ) ;
#401 = VECTOR ( 'NONE', #5595, 1000.000000000000000 ) ;
#402 =( LENGTH_UNIT ( ) NAMED_UNIT ( * ) SI_UNIT ( .MILLI., .METRE. ) );
#403 = ADVANCED_FACE ( 'NONE', ( #7228 ), #6213, .F. ) ;
#404 = ORIENTED_EDGE ( 'NONE', *, *, #10756, .F. ) ;
#405 = PLANE ( 'NONE',  #4861 ) ;
#406 = DIRECTION ( 'NONE',  ( -9.427844978134821433E-17, 0.0000000000000000000, 1.000000000000000000 ) ) ;
#407 = ORIENTED_EDGE ( 'NONE', *, *, #4230, .T. ) ;
#408 = COLOUR_RGB ( '',1.000000000000000000, 1.000000000000000000, 0.0000000000000000000 ) ;
#409 = PRESENTATION_LAYER_ASSIGNMENT (  '', '', ( #6069 ) ) ;
#410 = COLOUR_RGB ( '',1.000000000000000000, 1.000000000000000000, 0.0000000000000000000 ) ;
#411 = EDGE_CURVE ( 'NONE', #11561, #8088, #5755, .T. ) ;
#412 = FILL_AREA_STYLE ('',( #4513 ) ) ;
#413 = SURFACE_SIDE_STYLE ('',( #9702 ) ) ;
#414 = SURFACE_SIDE_STYLE ('',( #12967 ) ) ;
#415 = ORIENTED_EDGE ( 'NONE', *, *, #5145, .F. ) ;
#416 =( NAMED_UNIT ( * ) SI_UNIT ( $, .STERADIAN. ) SOLID_ANGLE_UNIT ( ) );
#417 = ORIENTED_EDGE ( 'NONE', *, *, #6380, .T. ) ;
#418 = AXIS2_PLACEMENT_3D ( 'NONE', #6420, #2358, #12641 ) ;
#419 = LINE ( 'NONE', #12973, #9109 ) ;
#420 = VECTOR ( 'NONE', #6911, 1000.000000000000000 ) ;
#421 = VECTOR ( 'NONE', #5725, 1000.000000000000000 ) ;
#422 =( NAMED_UNIT ( * ) PLANE_ANGLE_UNIT ( ) SI_UNIT ( $, .RADIAN. ) );
#423 = SURFACE_STYLE_FILL_AREA ( #13049 ) ;
#424 = PRESENTATION_LAYER_ASSIGNMENT (  '', '', ( #9509 ) ) ;
#425 = PRESENTATION_STYLE_ASSIGNMENT (( #7561 ) ) ;
#426 = ORIENTED_EDGE ( 'NONE', *, *, #3817, .T. ) ;
#427 = DIRECTION ( 'NONE',  ( 0.0000000000000000000, 0.0000000000000000000, 1.000000000000000000 ) ) ;
#428 = LINE ( 'NONE', #9856, #9617 ) ;
#429 = DIRECTION ( 'NONE',  ( 0.0000000000000000000, 0.7071067811865474617, -0.7071067811865474617 ) ) ;
#430 = MECHANICAL_DESIGN_GEOMETRIC_PRESENTATION_REPRESENTATION (  '', ( #5016 ), #2580 ) ;
#431 = SURFACE_STYLE_USAGE ( .BOTH. , #2482 ) ;
#432 = CARTESIAN_POINT ( 'NONE',  ( -6.099999999999997868, -0.001000000000000000021, 22.92500000000001137 ) ) ;
#433 = CARTESIAN_POINT ( 'NONE',  ( 9.100000000000001421, -0.001000000000000000021, 22.92499999999999716 ) ) ;
#434 = EDGE_LOOP ( 'NONE', ( #4369, #3562, #4273, #7487 ) ) ;
#435 =( NAMED_UNIT ( * ) SI_UNIT ( $, .STERADIAN. ) SOLID_ANGLE_UNIT ( ) );
#436 =( NAMED_UNIT ( * ) PLANE_ANGLE_UNIT ( ) SI_UNIT ( $, .RADIAN. ) );
#437 = STYLED_ITEM ( 'NONE', ( #10047 ), #2141 ) ;
#438 = DIRECTION ( 'NONE',  ( -0.0000000000000000000, 1.000000000000000000, -0.0000000000000000000 ) ) ;
#439 = LINE ( 'NONE', #4603, #5370 ) ;
#440 = VERTEX_POINT ( 'NONE', #7755 ) ;
#441 = CARTESIAN_POINT ( 'NONE',  ( 10.70000000000000284, 0.0000000000000000000, 22.92499999999999361 ) ) ;
#442 = MECHANICAL_DESIGN_GEOMETRIC_PRESENTATION_REPRESENTATION (  '', ( #12563 ), #8047 ) ;
#443 = VERTEX_POINT ( 'NONE', #5675 ) ;
#444 =( NAMED_UNIT ( * ) SI_UNIT ( $, .STERADIAN. ) SOLID_ANGLE_UNIT ( ) );
#445 = LINE ( 'NONE', #7783, #10164 ) ;
#446 = ORIENTED_EDGE ( 'NONE', *, *, #5302, .T. ) ;
#447 = LINE ( 'NONE', #13081, #8219 ) ;
#448 = COLOUR_RGB ( '',1.000000000000000000, 1.000000000000000000, 0.0000000000000000000 ) ;
#449 = MECHANICAL_DESIGN_GEOMETRIC_PRESENTATION_REPRESENTATION (  '', ( #11504 ), #9769 ) ;
#450 = MECHANICAL_DESIGN_GEOMETRIC_PRESENTATION_REPRESENTATION (  '', ( #5457 ), #1346 ) ;
#451 = LINE ( 'NONE', #12804, #7082 ) ;
#452 =( GEOMETRIC_REPRESENTATION_CONTEXT ( 3 ) GLOBAL_UNCERTAINTY_ASSIGNED_CONTEXT ( ( #4060 ) ) GLOBAL_UNIT_ASSIGNED_CONTEXT ( ( #6324, #1178, #5319 ) ) REPRESENTATION_CONTEXT ( 'NONE', 'WORKASPACE' ) );
#453 = DIRECTION ( 'NONE',  ( 1.000000000000000000, 0.0000000000000000000, 0.0000000000000000000 ) ) ;
#454 = ADVANCED_FACE ( 'NONE', ( #11624 ), #8701, .F. ) ;
#455 = SURFACE_SIDE_STYLE ('',( #7593 ) ) ;
#456 = CARTESIAN_POINT ( 'NONE',  ( 11.50000000000000355, 0.0000000000000000000, 25.22499999999999432 ) ) ;
#457 = ORIENTED_EDGE ( 'NONE', *, *, #1982, .T. ) ;
#458 = DIRECTION ( 'NONE',  ( 0.0000000000000000000, 0.0000000000000000000, -1.000000000000000000 ) ) ;
#459 = DIRECTION ( 'NONE',  ( -0.0000000000000000000, 1.000000000000000000, -0.0000000000000000000 ) ) ;
#460 = VECTOR ( 'NONE', #10837, 1000.000000000000000 ) ;
#461 = ORIENTED_EDGE ( 'NONE', *, *, #7001, .T. ) ;
#462 = SURFACE_STYLE_USAGE ( .BOTH. , #11927 ) ;
#463 = LINE ( 'NONE', #398, #3458 ) ;
#464 = CARTESIAN_POINT ( 'NONE',  ( -0.6999999999999982903, -0.001000000000000000021, 25.22500000000000853 ) ) ;
#465 = VECTOR ( 'NONE', #4712, 1000.000000000000000 ) ;
#466 = ORIENTED_EDGE ( 'NONE', *, *, #11549, .T. ) ;
#467 =( NAMED_UNIT ( * ) PLANE_ANGLE_UNIT ( ) SI_UNIT ( $, .RADIAN. ) );
#468 = FILL_AREA_STYLE ('',( #3827 ) ) ;
#469 = EDGE_CURVE ( 'NONE', #3969, #10569, #2412, .T. ) ;
#470 =( LENGTH_UNIT ( ) NAMED_UNIT ( * ) SI_UNIT ( .MILLI., .METRE. ) );
#471 =( GEOMETRIC_REPRESENTATION_CONTEXT ( 3 ) GLOBAL_UNCERTAINTY_ASSIGNED_CONTEXT ( ( #8482 ) ) GLOBAL_UNIT_ASSIGNED_CONTEXT ( ( #9064, #12172, #1896 ) ) REPRESENTATION_CONTEXT ( 'NONE', 'WORKASPACE' ) );
#472 = DIRECTION ( 'NONE',  ( -0.0000000000000000000, 1.000000000000000000, -0.0000000000000000000 ) ) ;
#473 = ORIENTED_EDGE ( 'NONE', *, *, #6801, .F. ) ;
#474 = DIRECTION ( 'NONE',  ( -1.000000000000000000, 0.0000000000000000000, -0.0000000000000000000 ) ) ;
#475 = VECTOR ( 'NONE', #10440, 1000.000000000000000 ) ;
#476 = EDGE_CURVE ( 'NONE', #5059, #2416, #11823, .T. ) ;
#477 = CARTESIAN_POINT ( 'NONE',  ( -8.699999999999999289, -0.001000000000000504609, 25.22500000000001208 ) ) ;
#478 = ADVANCED_FACE ( 'NONE', ( #10660 ), #1408, .F. ) ;
#479 = DIRECTION ( 'NONE',  ( -0.0000000000000000000, 0.0000000000000000000, 1.000000000000000000 ) ) ;
#480 = COLOUR_RGB ( '',1.000000000000000000, 1.000000000000000000, 0.0000000000000000000 ) ;
#481 = VERTEX_POINT ( 'NONE', #9989 ) ;
#482 = DIRECTION ( 'NONE',  ( 1.885568995626964287E-16, 0.0000000000000000000, -1.000000000000000000 ) ) ;
#483 = PRESENTATION_LAYER_ASSIGNMENT (  '', '', ( #2686 ) ) ;
#484 = PRESENTATION_LAYER_ASSIGNMENT (  '', '', ( #6345 ) ) ;
#485 = VERTEX_POINT ( 'NONE', #6073 ) ;
#486 =( GEOMETRIC_REPRESENTATION_CONTEXT ( 3 ) GLOBAL_UNCERTAINTY_ASSIGNED_CONTEXT ( ( #220 ) ) GLOBAL_UNIT_ASSIGNED_CONTEXT ( ( #7188, #12389, #8148 ) ) REPRESENTATION_CONTEXT ( 'NONE', 'WORKASPACE' ) );
#487 = SURFACE_STYLE_USAGE ( .BOTH. , #6532 ) ;
#488 = EDGE_CURVE ( 'NONE', #11163, #13188, #6818, .T. ) ;
#489 = VECTOR ( 'NONE', #8912, 1000.000000000000000 ) ;
#490 = EDGE_CURVE ( 'NONE', #11874, #13061, #7085, .T. ) ;
#491 = ADVANCED_FACE ( 'NONE', ( #5883 ), #11071, .T. ) ;
#492 = CARTESIAN_POINT ( 'NONE',  ( 2.300000000000003819, 1.000000000000000000, 25.22500000000000497 ) ) ;
#493 = COLOUR_RGB ( '',1.000000000000000000, 1.000000000000000000, 0.0000000000000000000 ) ;
#494 = VECTOR ( 'NONE', #4648, 1000.000000000000000 ) ;
#495 = UNCERTAINTY_MEASURE_WITH_UNIT (LENGTH_MEASURE( 1.000000000000000082E-05 ), #3568, 'distance_accuracy_value', 'NONE');
#496 = ORIENTED_EDGE ( 'NONE', *, *, #3556, .T. ) ;
#497 = LINE ( 'NONE', #11888, #8703 ) ;
#498 = CARTESIAN_POINT ( 'NONE',  ( -7.699999999999998401, -2.523234146875355012E-16, 25.22500000000001208 ) ) ;
#499 = FILL_AREA_STYLE_COLOUR ( '', #1690 ) ;
#500 = FILL_AREA_STYLE ('',( #2776 ) ) ;
#501 = UNCERTAINTY_MEASURE_WITH_UNIT (LENGTH_MEASURE( 1.000000000000000082E-05 ), #7842, 'distance_accuracy_value', 'NONE');
#502 = VECTOR ( 'NONE', #1965, 1000.000000000000000 ) ;
#503 = DIRECTION ( 'NONE',  ( 0.0000000000000000000, 0.0000000000000000000, 1.000000000000000000 ) ) ;
#504 = ORIENTED_EDGE ( 'NONE', *, *, #8503, .F. ) ;
#505 = SURFACE_SIDE_STYLE ('',( #6419 ) ) ;
#506 = COLOUR_RGB ( '',1.000000000000000000, 1.000000000000000000, 0.0000000000000000000 ) ;
#507 = FACE_OUTER_BOUND ( 'NONE', #12761, .T. ) ;
#508 = AXIS2_PLACEMENT_3D ( 'NONE', #10740, #10807, #1689 ) ;
#509 = SURFACE_SIDE_STYLE ('',( #5613 ) ) ;
#510 = VECTOR ( 'NONE', #5768, 1000.000000000000000 ) ;
#511 = ORIENTED_EDGE ( 'NONE', *, *, #10040, .T. ) ;
#512 = DIRECTION ( 'NONE',  ( 3.771137991253928573E-16, 0.0000000000000000000, -1.000000000000000000 ) ) ;
#513 = CARTESIAN_POINT ( 'NONE',  ( 10.90000000000000391, 1.000999999999999890, 22.92499999999999716 ) ) ;
#514 = UNCERTAINTY_MEASURE_WITH_UNIT (LENGTH_MEASURE( 1.000000000000000082E-05 ), #736, 'distance_accuracy_value', 'NONE');
#515 =( LENGTH_UNIT ( ) NAMED_UNIT ( * ) SI_UNIT ( .MILLI., .METRE. ) );
#516 = DIRECTION ( 'NONE',  ( -0.0000000000000000000, -1.000000000000000000, -0.0000000000000000000 ) ) ;
#517 = ADVANCED_FACE ( 'NONE', ( #2694 ), #13238, .F. ) ;
#518 = CARTESIAN_POINT ( 'NONE',  ( -10.09999999999999787, -0.001000000000000630810, 25.22500000000001208 ) ) ;
#519 = VERTEX_POINT ( 'NONE', #12410 ) ;
#520 = CARTESIAN_POINT ( 'NONE',  ( 7.100000000000004086, 1.000999999999999890, 22.92499999999999716 ) ) ;
#521 = CARTESIAN_POINT ( 'NONE',  ( -7.699999999999997513, 0.0000000000000000000, 22.92500000000001137 ) ) ;
#522 = PRESENTATION_STYLE_ASSIGNMENT (( #10751 ) ) ;
#523 = ORIENTED_EDGE ( 'NONE', *, *, #2829, .F. ) ;
#524 = COLOUR_RGB ( '',1.000000000000000000, 1.000000000000000000, 0.0000000000000000000 ) ;
#525 = STYLED_ITEM ( 'NONE', ( #3154 ), #9606 ) ;
#526 =( NAMED_UNIT ( * ) PLANE_ANGLE_UNIT ( ) SI_UNIT ( $, .RADIAN. ) );
#527 = CARTESIAN_POINT ( 'NONE',  ( 6.900000000000003908, 1.000000000000000000, 25.22500000000000142 ) ) ;
#528 = CARTESIAN_POINT ( 'NONE',  ( 0.1000000000000013795, 0.0000000000000000000, 22.92500000000000782 ) ) ;
#529 = LINE ( 'NONE', #10833, #3149 ) ;
#530 = VERTEX_POINT ( 'NONE', #4179 ) ;
#531 = DIRECTION ( 'NONE',  ( 0.0000000000000000000, 0.0000000000000000000, 1.000000000000000000 ) ) ;
#532 = DIRECTION ( 'NONE',  ( -1.000000000000000000, 0.0000000000000000000, -0.0000000000000000000 ) ) ;
#533 = FILL_AREA_STYLE ('',( #6710 ) ) ;
#534 = VERTEX_POINT ( 'NONE', #11268 ) ;
#535 = DIRECTION ( 'NONE',  ( -1.000000000000000000, -0.0000000000000000000, -0.0000000000000000000 ) ) ;
#536 = SURFACE_STYLE_USAGE ( .BOTH. , #10981 ) ;
#537 = STYLED_ITEM ( 'NONE', ( #10729 ), #9119 ) ;
#538 = CARTESIAN_POINT ( 'NONE',  ( -15.00000000000000000, 0.0000000000000000000, 25.22500000000000853 ) ) ;
#539 = VECTOR ( 'NONE', #5495, 1000.000000000000000 ) ;
#540 = VERTEX_POINT ( 'NONE', #2004 ) ;
#541 = PLANE ( 'NONE',  #13279 ) ;
#542 = VECTOR ( 'NONE', #10033, 1000.000000000000000 ) ;
#543 = CARTESIAN_POINT ( 'NONE',  ( -15.00000000000000533, -1.350000000000000089, -19.67499999999999361 ) ) ;
#544 = CARTESIAN_POINT ( 'NONE',  ( -1.299999999999998712, 0.0000000000000000000, 25.22500000000000853 ) ) ;
#545 = LINE ( 'NONE', #4709, #5830 ) ;
#546 = DIRECTION ( 'NONE',  ( -9.427844978134821433E-17, 0.0000000000000000000, 1.000000000000000000 ) ) ;
#547 = COLOUR_RGB ( '',0.0000000000000000000, 0.7529411764705882248, 0.0000000000000000000 ) ;
#548 = PRESENTATION_STYLE_ASSIGNMENT (( #5453 ) ) ;
#549 = VECTOR ( 'NONE', #2769, 1000.000000000000000 ) ;
#550 = EDGE_CURVE ( 'NONE', #9353, #8329, #10447, .T. ) ;
#551 = ORIENTED_EDGE ( 'NONE', *, *, #8361, .F. ) ;
#552 = CYLINDRICAL_SURFACE ( 'NONE', #6775, 0.7999999999999986011 ) ;
#553 = PRESENTATION_STYLE_ASSIGNMENT (( #8888 ) ) ;
#554 = DIRECTION ( 'NONE',  ( -1.000000000000000000, -0.0000000000000000000, -0.0000000000000000000 ) ) ;
#555 = ORIENTED_EDGE ( 'NONE', *, *, #5328, .F. ) ;
#556 = DIRECTION ( 'NONE',  ( 1.000000000000000000, 0.0000000000000000000, 0.0000000000000000000 ) ) ;
#557 = EDGE_CURVE ( 'NONE', #2028, #9863, #13445, .T. ) ;
#558 = EDGE_CURVE ( 'NONE', #8428, #6725, #6136, .T. ) ;
#559 = VECTOR ( 'NONE', #12689, 1000.000000000000000 ) ;
#560 = FILL_AREA_STYLE ('',( #283 ) ) ;
#561 = PLANE ( 'NONE',  #9860 ) ;
#562 = EDGE_CURVE ( 'NONE', #573, #4305, #5323, .T. ) ;
#563 = EDGE_CURVE ( 'NONE', #331, #8186, #4108, .T. ) ;
#564 = ORIENTED_EDGE ( 'NONE', *, *, #7511, .T. ) ;
#565 = DIRECTION ( 'NONE',  ( 9.435651794974613589E-17, 0.7071067811865474617, 0.7071067811865474617 ) ) ;
#566 = CARTESIAN_POINT ( 'NONE',  ( -2.849999999999997424, 1.000000000000000000, 21.27500000000000924 ) ) ;
#567 = PLANE ( 'NONE',  #12048 ) ;
#568 = DIRECTION ( 'NONE',  ( -4.336808689942029076E-16, 0.0000000000000000000, -1.000000000000000000 ) ) ;
#569 = SURFACE_STYLE_FILL_AREA ( #3441 ) ;
#570 =( GEOMETRIC_REPRESENTATION_CONTEXT ( 3 ) GLOBAL_UNCERTAINTY_ASSIGNED_CONTEXT ( ( #790 ) ) GLOBAL_UNIT_ASSIGNED_CONTEXT ( ( #7028, #3924, #11082 ) ) REPRESENTATION_CONTEXT ( 'NONE', 'WORKASPACE' ) );
#571 = FILL_AREA_STYLE ('',( #6830 ) ) ;
#572 = ADVANCED_FACE ( 'NONE', ( #12282 ), #1180, .F. ) ;
#573 = VERTEX_POINT ( 'NONE', #10381 ) ;
#574 = DIRECTION ( 'NONE',  ( -0.0000000000000000000, -1.000000000000000000, -0.0000000000000000000 ) ) ;
#575 = AXIS2_PLACEMENT_3D ( 'NONE', #2865, #661, #5715 ) ;
#576 = DIRECTION ( 'NONE',  ( 0.0000000000000000000, 0.0000000000000000000, 1.000000000000000000 ) ) ;
#577 = LINE ( 'NONE', #1489, #12998 ) ;
#578 = PRESENTATION_LAYER_ASSIGNMENT (  '', '', ( #12270 ) ) ;
#579 = EDGE_LOOP ( 'NONE', ( #1360, #8464, #6529, #10510 ) ) ;
#580 =( NAMED_UNIT ( * ) PLANE_ANGLE_UNIT ( ) SI_UNIT ( $, .RADIAN. ) );
#581 = LINE ( 'NONE', #7921, #10007 ) ;
#582 = DIRECTION ( 'NONE',  ( 0.0000000000000000000, 0.0000000000000000000, 1.000000000000000000 ) ) ;
#583 =( NAMED_UNIT ( * ) SI_UNIT ( $, .STERADIAN. ) SOLID_ANGLE_UNIT ( ) );
#584 = VECTOR ( 'NONE', #7336, 1000.000000000000000 ) ;
#585 = ORIENTED_EDGE ( 'NONE', *, *, #6782, .F. ) ;
#586 = DIRECTION ( 'NONE',  ( 1.000000000000000000, 0.0000000000000000000, 0.0000000000000000000 ) ) ;
#587 = COLOUR_RGB ( '',1.000000000000000000, 1.000000000000000000, 0.0000000000000000000 ) ;
#588 = PLANE ( 'NONE',  #1521 ) ;
#589 = DIRECTION ( 'NONE',  ( -1.334402673828313339E-16, -0.0000000000000000000, -1.000000000000000000 ) ) ;
#590 =( NAMED_UNIT ( * ) PLANE_ANGLE_UNIT ( ) SI_UNIT ( $, .RADIAN. ) );
#591 = ORIENTED_EDGE ( 'NONE', *, *, #2144, .F. ) ;
#592 = CARTESIAN_POINT ( 'NONE',  ( 8.300000000000004263, 0.0000000000000000000, 22.92499999999999716 ) ) ;
#593 = LINE ( 'NONE', #13407, #1547 ) ;
#594 = CLOSED_SHELL ( 'NONE', ( #10102, #1245, #6519, #1407, #8866, #3618, #227, #9601, #13015, #13330 ) ) ;
#595 = DIRECTION ( 'NONE',  ( -0.0000000000000000000, 1.000000000000000000, -0.0000000000000000000 ) ) ;
#596 = AXIS2_PLACEMENT_3D ( 'NONE', #6055, #5048, #8085 ) ;
#597 = CARTESIAN_POINT ( 'NONE',  ( -0.4999999999999980571, -0.001000000000000000021, 22.92500000000000782 ) ) ;
#598 = LINE ( 'NONE', #6703, #1430 ) ;
#599 = EDGE_LOOP ( 'NONE', ( #11829, #12529, #1000, #5152 ) ) ;
#600 = CARTESIAN_POINT ( 'NONE',  ( -6.899999999999998579, -0.001000000000000126222, 25.22500000000001208 ) ) ;
#601 = CARTESIAN_POINT ( 'NONE',  ( 3.500000000000001332, 0.0000000000000000000, 25.22500000000000142 ) ) ;
#602 = EDGE_LOOP ( 'NONE', ( #11570, #473, #9676, #2590 ) ) ;
#603 = SURFACE_SIDE_STYLE ('',( #814 ) ) ;
#604 = CARTESIAN_POINT ( 'NONE',  ( -10.49999999999999467, 1.000000000000000000, 25.22500000000000853 ) ) ;
#605 = FILL_AREA_STYLE_COLOUR ( '', #6076 ) ;
#606 = ORIENTED_EDGE ( 'NONE', *, *, #7370, .T. ) ;
#608 = VECTOR ( 'NONE', #5369, 1000.000000000000000 ) ;
#607 = FILL_AREA_STYLE_COLOUR ( '', #8295 ) ;
#609 = CARTESIAN_POINT ( 'NONE',  ( -9.299999999999998934, -0.001000000000000504609, 25.22500000000001208 ) ) ;
#610 = FILL_AREA_STYLE ('',( #12894 ) ) ;
#611 = SURFACE_STYLE_FILL_AREA ( #3676 ) ;
#612 = ORIENTED_EDGE ( 'NONE', *, *, #7146, .T. ) ;
#613 = LINE ( 'NONE', #12003, #9914 ) ;
#614 = SURFACE_SIDE_STYLE ('',( #9909 ) ) ;
#615 = SURFACE_STYLE_USAGE ( .BOTH. , #4847 ) ;
#616 = STYLED_ITEM ( 'NONE', ( #9439 ), #4737 ) ;
#617 = UNCERTAINTY_MEASURE_WITH_UNIT (LENGTH_MEASURE( 1.000000000000000082E-05 ), #9085, 'distance_accuracy_value', 'NONE');
#618 = ORIENTED_EDGE ( 'NONE', *, *, #4485, .F. ) ;
#619 = CARTESIAN_POINT ( 'NONE',  ( -7.499999999999995559, 1.000999999999999890, 25.22500000000001208 ) ) ;
#620 = EDGE_LOOP ( 'NONE', ( #4903, #5879, #172, #5959 ) ) ;
#621 = FACE_OUTER_BOUND ( 'NONE', #1732, .T. ) ;
#622 = ORIENTED_EDGE ( 'NONE', *, *, #13344, .T. ) ;
#623 = FILL_AREA_STYLE_COLOUR ( '', #1108 ) ;
#624 = VECTOR ( 'NONE', #8293, 1000.000000000000000 ) ;
#625 = VECTOR ( 'NONE', #1976, 1000.000000000000000 ) ;
#626 =( GEOMETRIC_REPRESENTATION_CONTEXT ( 3 ) GLOBAL_UNCERTAINTY_ASSIGNED_CONTEXT ( ( #12977 ) ) GLOBAL_UNIT_ASSIGNED_CONTEXT ( ( #6251, #5058, #1998 ) ) REPRESENTATION_CONTEXT ( 'NONE', 'WORKASPACE' ) );
#627 = EDGE_CURVE ( 'NONE', #344, #7470, #11329, .T. ) ;
#628 = DIRECTION ( 'NONE',  ( 1.000000000000000000, 0.0000000000000000000, -2.990902544787598592E-16 ) ) ;
#629 = UNCERTAINTY_MEASURE_WITH_UNIT (LENGTH_MEASURE( 1.000000000000000082E-05 ), #4785, 'distance_accuracy_value', 'NONE');
#630 =( GEOMETRIC_REPRESENTATION_CONTEXT ( 3 ) GLOBAL_UNCERTAINTY_ASSIGNED_CONTEXT ( ( #2546 ) ) GLOBAL_UNIT_ASSIGNED_CONTEXT ( ( #402, #4565, #12889 ) ) REPRESENTATION_CONTEXT ( 'NONE', 'WORKASPACE' ) );
#631 = ORIENTED_EDGE ( 'NONE', *, *, #13084, .T. ) ;
#632 = DIRECTION ( 'NONE',  ( 0.0000000000000000000, 1.000000000000000000, 0.0000000000000000000 ) ) ;
#633 = FILL_AREA_STYLE_COLOUR ( '', #1195 ) ;
#634 =( NAMED_UNIT ( * ) PLANE_ANGLE_UNIT ( ) SI_UNIT ( $, .RADIAN. ) );
#635 =( NAMED_UNIT ( * ) SI_UNIT ( $, .STERADIAN. ) SOLID_ANGLE_UNIT ( ) );
#636 = DIRECTION ( 'NONE',  ( -0.0000000000000000000, -1.000000000000000000, -0.0000000000000000000 ) ) ;
#637 = SURFACE_SIDE_STYLE ('',( #2124 ) ) ;
#638 = EDGE_LOOP ( 'NONE', ( #6449, #5400, #3101, #2232 ) ) ;
#639 = CARTESIAN_POINT ( 'NONE',  ( 6.300000000000003375, 1.000999999999999890, 22.92500000000000071 ) ) ;
#640 = ADVANCED_FACE ( 'NONE', ( #2066 ), #65, .F. ) ;
#641 =( NAMED_UNIT ( * ) PLANE_ANGLE_UNIT ( ) SI_UNIT ( $, .RADIAN. ) );
#642 = AXIS2_PLACEMENT_3D ( 'NONE', #1193, #2204, #4119 ) ;
#643 = ORIENTED_EDGE ( 'NONE', *, *, #10757, .T. ) ;
#644 = ADVANCED_FACE ( 'NONE', ( #9488 ), #12824, .F. ) ;
#645 = LINE ( 'NONE', #10012, #10659 ) ;
#646 = FILL_AREA_STYLE_COLOUR ( '', #8953 ) ;
#647 = UNCERTAINTY_MEASURE_WITH_UNIT (LENGTH_MEASURE( 1.000000000000000082E-05 ), #10759, 'distance_accuracy_value', 'NONE');
#648 = DIRECTION ( 'NONE',  ( -0.0000000000000000000, -0.0000000000000000000, -1.000000000000000000 ) ) ;
#649 = EDGE_CURVE ( 'NONE', #1463, #12210, #11613, .T. ) ;
#650 = FILL_AREA_STYLE ('',( #10745 ) ) ;
#651 = SURFACE_STYLE_FILL_AREA ( #12102 ) ;
#652 = VECTOR ( 'NONE', #12724, 1000.000000000000000 ) ;
#653 = ORIENTED_EDGE ( 'NONE', *, *, #8688, .T. ) ;
#654 = CARTESIAN_POINT ( 'NONE',  ( 3.900000000000003908, 1.000999999999999890, 25.22500000000000142 ) ) ;
#655 =( NAMED_UNIT ( * ) PLANE_ANGLE_UNIT ( ) SI_UNIT ( $, .RADIAN. ) );
#656 = COLOUR_RGB ( '',1.000000000000000000, 1.000000000000000000, 0.0000000000000000000 ) ;
#657 = DIRECTION ( 'NONE',  ( -9.427844978134821433E-17, -0.0000000000000000000, -1.000000000000000000 ) ) ;
#658 = ORIENTED_EDGE ( 'NONE', *, *, #6454, .T. ) ;
#659 = DIRECTION ( 'NONE',  ( -3.771137991253928573E-16, -0.0000000000000000000, 1.000000000000000000 ) ) ;
#660 = EDGE_CURVE ( 'NONE', #8255, #12141, #12613, .T. ) ;
#661 = DIRECTION ( 'NONE',  ( 1.000000000000000000, 0.0000000000000000000, 1.885568995626964287E-16 ) ) ;
#662 = CARTESIAN_POINT ( 'NONE',  ( -0.09999999999999635569, 1.000000000000000000, 25.22500000000000497 ) ) ;
#663 = STYLED_ITEM ( 'NONE', ( #885 ), #2146 ) ;
#664 = FACE_OUTER_BOUND ( 'NONE', #13008, .T. ) ;
#665 = VERTEX_POINT ( 'NONE', #3543 ) ;
#666 = LINE ( 'NONE', #11987, #10049 ) ;
#667 = CARTESIAN_POINT ( 'NONE',  ( 1.300000000000003375, 1.000999999999999890, 22.92500000000000426 ) ) ;
#668 = CARTESIAN_POINT ( 'NONE',  ( 10.50000000000000178, -0.001000000000000000021, 22.92499999999999716 ) ) ;
#669 = ORIENTED_EDGE ( 'NONE', *, *, #11924, .T. ) ;
#670 = CARTESIAN_POINT ( 'NONE',  ( 1.300000000000003375, 1.000999999999999890, 22.92500000000000426 ) ) ;
#671 = PRESENTATION_STYLE_ASSIGNMENT (( #10588 ) ) ;
#672 = SURFACE_SIDE_STYLE ('',( #12887 ) ) ;
#673 = SURFACE_SIDE_STYLE ('',( #817 ) ) ;
#674 = FILL_AREA_STYLE ('',( #9967 ) ) ;
#675 = EDGE_LOOP ( 'NONE', ( #669, #12819, #9820, #7961 ) ) ;
#676 = FACE_OUTER_BOUND ( 'NONE', #8276, .T. ) ;
#677 =( GEOMETRIC_REPRESENTATION_CONTEXT ( 3 ) GLOBAL_UNCERTAINTY_ASSIGNED_CONTEXT ( ( #8368 ) ) GLOBAL_UNIT_ASSIGNED_CONTEXT ( ( #5255, #10585, #6595 ) ) REPRESENTATION_CONTEXT ( 'NONE', 'WORKASPACE' ) );
#678 = LINE ( 'NONE', #13162, #1824 ) ;
#679 = DIRECTION ( 'NONE',  ( -1.000000000000000000, 0.0000000000000000000, -0.0000000000000000000 ) ) ;
#680 = VECTOR ( 'NONE', #9795, 1000.000000000000000 ) ;
#681 = FACE_OUTER_BOUND ( 'NONE', #5277, .T. ) ;
#682 = DIRECTION ( 'NONE',  ( 1.000000000000000000, 0.0000000000000000000, 0.0000000000000000000 ) ) ;
#683 = CARTESIAN_POINT ( 'NONE',  ( 6.500000000000002665, -0.001000000000000000021, 25.22500000000000142 ) ) ;
#684 = CARTESIAN_POINT ( 'NONE',  ( 7.100000000000005862, 1.000000000000000000, 25.22500000000000853 ) ) ;
#685 = VECTOR ( 'NONE', #6188, 1000.000000000000000 ) ;
#686 = FILL_AREA_STYLE_COLOUR ( '', #12612 ) ;
#687 = ORIENTED_EDGE ( 'NONE', *, *, #9857, .T. ) ;
#688 = DIRECTION ( 'NONE',  ( 0.0000000000000000000, 0.0000000000000000000, 1.000000000000000000 ) ) ;
#689 = VERTEX_POINT ( 'NONE', #7675 ) ;
#690 = EDGE_LOOP ( 'NONE', ( #5130, #5711, #13117, #7276 ) ) ;
#691 = VECTOR ( 'NONE', #1721, 1000.000000000000000 ) ;
#692 =( GEOMETRIC_REPRESENTATION_CONTEXT ( 3 ) GLOBAL_UNCERTAINTY_ASSIGNED_CONTEXT ( ( #2275 ) ) GLOBAL_UNIT_ASSIGNED_CONTEXT ( ( #11724, #4701, #8738 ) ) REPRESENTATION_CONTEXT ( 'NONE', 'WORKASPACE' ) );
#693 = PRESENTATION_LAYER_ASSIGNMENT (  '', '', ( #1586 ) ) ;
#694 = DIRECTION ( 'NONE',  ( -0.0000000000000000000, -1.000000000000000000, -0.0000000000000000000 ) ) ;
#695 = VECTOR ( 'NONE', #13078, 1000.000000000000000 ) ;
#696 = CARTESIAN_POINT ( 'NONE',  ( 10.10000000000000320, 1.000999999999999890, 22.92499999999999716 ) ) ;
#697 = VECTOR ( 'NONE', #2190, 1000.000000000000000 ) ;
#698 = ORIENTED_EDGE ( 'NONE', *, *, #11980, .F. ) ;
#699 = LINE ( 'NONE', #11079, #3539 ) ;
#700 = CARTESIAN_POINT ( 'NONE',  ( -0.8999999999999964695, 1.000999999999999890, 22.92500000000000782 ) ) ;
#701 = VECTOR ( 'NONE', #5489, 1000.000000000000000 ) ;
#702 = CARTESIAN_POINT ( 'NONE',  ( -1.699999999999996625, 1.000999999999999890, 25.22500000000000853 ) ) ;
#703 = SURFACE_SIDE_STYLE ('',( #6742 ) ) ;
#704 = PLANE ( 'NONE',  #3587 ) ;
#705 =( NAMED_UNIT ( * ) SI_UNIT ( $, .STERADIAN. ) SOLID_ANGLE_UNIT ( ) );
#706 = ORIENTED_EDGE ( 'NONE', *, *, #9524, .F. ) ;
#707 = PRESENTATION_LAYER_ASSIGNMENT (  '', '', ( #5943 ) ) ;
#708 = VECTOR ( 'NONE', #10442, 1000.000000000000000 ) ;
#709 = VECTOR ( 'NONE', #8755, 1000.000000000000000 ) ;
#710 =( NAMED_UNIT ( * ) PLANE_ANGLE_UNIT ( ) SI_UNIT ( $, .RADIAN. ) );
#711 = ORIENTED_EDGE ( 'NONE', *, *, #8767, .F. ) ;
#712 = CARTESIAN_POINT ( 'NONE',  ( 1.300000000000003597, 1.000999999999999890, 25.22500000000000497 ) ) ;
#713 = FACE_OUTER_BOUND ( 'NONE', #2942, .T. ) ;
#714 = DIRECTION ( 'NONE',  ( 1.000000000000000000, 0.0000000000000000000, 0.0000000000000000000 ) ) ;
#716 = EDGE_CURVE ( 'NONE', #2538, #8165, #4376, .T. ) ;
#715 = CARTESIAN_POINT ( 'NONE',  ( 3.100000000000003197, 1.000999999999999890, 22.92500000000000071 ) ) ;
#717 =( NAMED_UNIT ( * ) SI_UNIT ( $, .STERADIAN. ) SOLID_ANGLE_UNIT ( ) );
#718 = AXIS2_PLACEMENT_3D ( 'NONE', #288, #3297, #4524 ) ;
#719 = ORIENTED_EDGE ( 'NONE', *, *, #12666, .F. ) ;
#720 = SURFACE_STYLE_USAGE ( .BOTH. , #4064 ) ;
#721 = CARTESIAN_POINT ( 'NONE',  ( -7.299999999999995381, 1.000999999999999890, 25.22500000000001208 ) ) ;
#722 = MECHANICAL_DESIGN_GEOMETRIC_PRESENTATION_REPRESENTATION (  '', ( #1401 ), #3122 ) ;
#723 = PLANE ( 'NONE',  #4197 ) ;
#724 = DIRECTION ( 'NONE',  ( -0.0000000000000000000, -1.000000000000000000, -0.0000000000000000000 ) ) ;
#725 = DIRECTION ( 'NONE',  ( 0.0000000000000000000, 1.000000000000000000, 0.0000000000000000000 ) ) ;
#726 = DIRECTION ( 'NONE',  ( 0.0000000000000000000, 0.0000000000000000000, -1.000000000000000000 ) ) ;
#727 = EDGE_CURVE ( 'NONE', #9985, #7139, #3605, .T. ) ;
#728 = ADVANCED_FACE ( 'NONE', ( #11674 ), #3475, .F. ) ;
#729 = COLOUR_RGB ( '',1.000000000000000000, 1.000000000000000000, 0.0000000000000000000 ) ;
#730 = DIRECTION ( 'NONE',  ( -0.0000000000000000000, 1.000000000000000000, -0.0000000000000000000 ) ) ;
#731 = VECTOR ( 'NONE', #2363, 1000.000000000000000 ) ;
#732 = FILL_AREA_STYLE ('',( #6920 ) ) ;
#733 = VERTEX_POINT ( 'NONE', #4645 ) ;
#735 = EDGE_CURVE ( 'NONE', #7490, #8091, #9635, .T. ) ;
#734 =( NAMED_UNIT ( * ) SI_UNIT ( $, .STERADIAN. ) SOLID_ANGLE_UNIT ( ) );
#736 =( LENGTH_UNIT ( ) NAMED_UNIT ( * ) SI_UNIT ( .MILLI., .METRE. ) );
#737 = ADVANCED_FACE ( 'NONE', ( #4512 ), #10517, .F. ) ;
#738 =( NAMED_UNIT ( * ) SI_UNIT ( $, .STERADIAN. ) SOLID_ANGLE_UNIT ( ) );
#739 = ORIENTED_EDGE ( 'NONE', *, *, #3557, .F. ) ;
#740 =( LENGTH_UNIT ( ) NAMED_UNIT ( * ) SI_UNIT ( .MILLI., .METRE. ) );
#741 = SURFACE_STYLE_FILL_AREA ( #10038 ) ;
#742 = PRESENTATION_LAYER_ASSIGNMENT (  '', '', ( #12423 ) ) ;
#743 = FILL_AREA_STYLE ('',( #5039 ) ) ;
#744 = ORIENTED_EDGE ( 'NONE', *, *, #11176, .F. ) ;
#745 = SURFACE_STYLE_FILL_AREA ( #1793 ) ;
#746 = SURFACE_STYLE_FILL_AREA ( #5044 ) ;
#747 = EDGE_CURVE ( 'NONE', #13061, #12539, #13221, .T. ) ;
#748 = ADVANCED_FACE ( 'NONE', ( #1658 ), #10924, .F. ) ;
#749 =( NAMED_UNIT ( * ) SI_UNIT ( $, .STERADIAN. ) SOLID_ANGLE_UNIT ( ) );
#750 = LINE ( 'NONE', #2600, #2797 ) ;
#751 = COLOUR_RGB ( '',1.000000000000000000, 1.000000000000000000, 0.0000000000000000000 ) ;
#752 = FILL_AREA_STYLE ('',( #4710 ) ) ;
#753 = CARTESIAN_POINT ( 'NONE',  ( -2.099999999999998757, -0.001000000000000000021, 25.22500000000000853 ) ) ;
#754 = CARTESIAN_POINT ( 'NONE',  ( 4.500000000000003553, 1.000000000000000000, 22.92500000000000071 ) ) ;
#755 = COLOUR_RGB ( '',1.000000000000000000, 1.000000000000000000, 0.0000000000000000000 ) ;
#756 = LINE ( 'NONE', #4921, #7443 ) ;
#757 =( GEOMETRIC_REPRESENTATION_CONTEXT ( 3 ) GLOBAL_UNCERTAINTY_ASSIGNED_CONTEXT ( ( #6063 ) ) GLOBAL_UNIT_ASSIGNED_CONTEXT ( ( #12197, #13420, #8142 ) ) REPRESENTATION_CONTEXT ( 'NONE', 'WORKASPACE' ) );
#758 =( NAMED_UNIT ( * ) SI_UNIT ( $, .STERADIAN. ) SOLID_ANGLE_UNIT ( ) );
#759 = UNCERTAINTY_MEASURE_WITH_UNIT (LENGTH_MEASURE( 1.000000000000000082E-05 ), #3853, 'distance_accuracy_value', 'NONE');
#760 = ORIENTED_EDGE ( 'NONE', *, *, #3923, .F. ) ;
#761 = LINE ( 'NONE', #4923, #7496 ) ;
#762 = COLOUR_RGB ( '',1.000000000000000000, 1.000000000000000000, 0.0000000000000000000 ) ;
#763 = FILL_AREA_STYLE_COLOUR ( '', #7775 ) ;
#764 = ORIENTED_EDGE ( 'NONE', *, *, #11922, .T. ) ;
#765 = EDGE_LOOP ( 'NONE', ( #21, #9041, #9912, #5414 ) ) ;
#766 = PRESENTATION_LAYER_ASSIGNMENT (  '', '', ( #9636 ) ) ;
#767 = VECTOR ( 'NONE', #3452, 1000.000000000000000 ) ;
#768 = PRESENTATION_STYLE_ASSIGNMENT (( #12219 ) ) ;
#769 = EDGE_CURVE ( 'NONE', #1021, #2055, #7888, .T. ) ;
#770 = PLANE ( 'NONE',  #11378 ) ;
#771 = DIRECTION ( 'NONE',  ( 3.771137991253928573E-16, 0.0000000000000000000, -1.000000000000000000 ) ) ;
#772 = UNCERTAINTY_MEASURE_WITH_UNIT (LENGTH_MEASURE( 1.000000000000000082E-05 ), #2187, 'distance_accuracy_value', 'NONE');
#773 = VERTEX_POINT ( 'NONE', #2816 ) ;
#774 = CARTESIAN_POINT ( 'NONE',  ( 0.7000000000000036193, 1.000999999999999890, 22.92500000000000426 ) ) ;
#775 =( NAMED_UNIT ( * ) SI_UNIT ( $, .STERADIAN. ) SOLID_ANGLE_UNIT ( ) );
#776 = SURFACE_SIDE_STYLE ('',( #12023 ) ) ;
#777 = FILL_AREA_STYLE ('',( #12915 ) ) ;
#778 = UNCERTAINTY_MEASURE_WITH_UNIT (LENGTH_MEASURE( 1.000000000000000082E-05 ), #4792, 'distance_accuracy_value', 'NONE');
#779 = COLOUR_RGB ( '',1.000000000000000000, 1.000000000000000000, 0.0000000000000000000 ) ;
#780 = CARTESIAN_POINT ( 'NONE',  ( -10.49999999999999467, 1.000999999999999890, 22.92500000000001137 ) ) ;
#781 = PLANE ( 'NONE',  #642 ) ;
#782 = FACE_OUTER_BOUND ( 'NONE', #12381, .T. ) ;
#783 = ORIENTED_EDGE ( 'NONE', *, *, #13341, .F. ) ;
#784 =( NAMED_UNIT ( * ) PLANE_ANGLE_UNIT ( ) SI_UNIT ( $, .RADIAN. ) );
#785 = VECTOR ( 'NONE', #4503, 1000.000000000000000 ) ;
#786 = VECTOR ( 'NONE', #11135, 1000.000000000000000 ) ;
#787 = CARTESIAN_POINT ( 'NONE',  ( -11.09999999999999787, -0.001000000000000882995, 22.92500000000001137 ) ) ;
#788 = ORIENTED_EDGE ( 'NONE', *, *, #2751, .T. ) ;
#789 = CARTESIAN_POINT ( 'NONE',  ( -0.2999999999999966582, 1.000999999999999890, 22.92500000000000782 ) ) ;
#790 = UNCERTAINTY_MEASURE_WITH_UNIT (LENGTH_MEASURE( 1.000000000000000082E-05 ), #7028, 'distance_accuracy_value', 'NONE');
#791 = DIRECTION ( 'NONE',  ( 1.885568995626964287E-16, 0.0000000000000000000, -1.000000000000000000 ) ) ;
#792 = DIRECTION ( 'NONE',  ( -0.0000000000000000000, 1.000000000000000000, -0.0000000000000000000 ) ) ;
#793 = CARTESIAN_POINT ( 'NONE',  ( -1.499999999999998224, 0.0000000000000000000, 25.22500000000000853 ) ) ;
#794 = ORIENTED_EDGE ( 'NONE', *, *, #1920, .T. ) ;
#795 =( NAMED_UNIT ( * ) SI_UNIT ( $, .STERADIAN. ) SOLID_ANGLE_UNIT ( ) );
#796 = ORIENTED_EDGE ( 'NONE', *, *, #8274, .F. ) ;
#797 = STYLED_ITEM ( 'NONE', ( #3313 ), #1230 ) ;
#798 =( NAMED_UNIT ( * ) PLANE_ANGLE_UNIT ( ) SI_UNIT ( $, .RADIAN. ) );
#799 = FILL_AREA_STYLE ('',( #3806 ) ) ;
#800 = VECTOR ( 'NONE', #10264, 1000.000000000000000 ) ;
#801 = EDGE_CURVE ( 'NONE', #3879, #3503, #8957, .T. ) ;
#802 =( NAMED_UNIT ( * ) PLANE_ANGLE_UNIT ( ) SI_UNIT ( $, .RADIAN. ) );
#803 =( LENGTH_UNIT ( ) NAMED_UNIT ( * ) SI_UNIT ( .MILLI., .METRE. ) );
#804 =( NAMED_UNIT ( * ) SI_UNIT ( $, .STERADIAN. ) SOLID_ANGLE_UNIT ( ) );
#805 = AXIS2_PLACEMENT_3D ( 'NONE', #12997, #9867, #6903 ) ;
#806 =( NAMED_UNIT ( * ) SI_UNIT ( $, .STERADIAN. ) SOLID_ANGLE_UNIT ( ) );
#807 =( GEOMETRIC_REPRESENTATION_CONTEXT ( 3 ) GLOBAL_UNCERTAINTY_ASSIGNED_CONTEXT ( ( #7170 ) ) GLOBAL_UNIT_ASSIGNED_CONTEXT ( ( #13362, #1033, #7258 ) ) REPRESENTATION_CONTEXT ( 'NONE', 'WORKASPACE' ) );
#808 = EDGE_LOOP ( 'NONE', ( #156, #7674, #11350, #3994 ) ) ;
#809 = FILL_AREA_STYLE_COLOUR ( '', #6800 ) ;
#810 = FILL_AREA_STYLE_COLOUR ( '', #13436 ) ;
#811 = EDGE_CURVE ( 'NONE', #7187, #9585, #12002, .T. ) ;
#812 = SURFACE_STYLE_USAGE ( .BOTH. , #6993 ) ;
#813 = VERTEX_POINT ( 'NONE', #11058 ) ;
#814 = SURFACE_STYLE_FILL_AREA ( #6996 ) ;
#815 = FILL_AREA_STYLE_COLOUR ( '', #2958 ) ;
#816 = DIRECTION ( 'NONE',  ( 1.000000000000000000, 0.0000000000000000000, 0.0000000000000000000 ) ) ;
#817 = SURFACE_STYLE_FILL_AREA ( #743 ) ;
#818 = ORIENTED_EDGE ( 'NONE', *, *, #4054, .T. ) ;
#819 = DIRECTION ( 'NONE',  ( 0.0000000000000000000, 0.0000000000000000000, 1.000000000000000000 ) ) ;
#820 = SURFACE_STYLE_FILL_AREA ( #1981 ) ;
#821 = CARTESIAN_POINT ( 'NONE',  ( 2.100000000000003197, 1.000000000000000000, 22.92500000000000426 ) ) ;
#822 =( GEOMETRIC_REPRESENTATION_CONTEXT ( 3 ) GLOBAL_UNCERTAINTY_ASSIGNED_CONTEXT ( ( #5262 ) ) GLOBAL_UNIT_ASSIGNED_CONTEXT ( ( #4711, #2397, #11738 ) ) REPRESENTATION_CONTEXT ( 'NONE', 'WORKASPACE' ) );
#823 = DIRECTION ( 'NONE',  ( 0.0000000000000000000, -1.000000000000000000, 0.0000000000000000000 ) ) ;
#824 = LINE ( 'NONE', #5236, #13164 ) ;
#825 = EDGE_CURVE ( 'NONE', #8060, #1179, #6873, .T. ) ;
#826 = SURFACE_STYLE_USAGE ( .BOTH. , #4915 ) ;
#827 = FILL_AREA_STYLE ('',( #6937 ) ) ;
#828 = DIRECTION ( 'NONE',  ( 0.0000000000000000000, 0.0000000000000000000, -1.000000000000000000 ) ) ;
#829 = ORIENTED_EDGE ( 'NONE', *, *, #9524, .T. ) ;
#830 = CARTESIAN_POINT ( 'NONE',  ( 8.100000000000003197, 0.0000000000000000000, 25.22500000000000853 ) ) ;
#831 = ADVANCED_FACE ( 'NONE', ( #10050 ), #10106, .F. ) ;
#832 = PRESENTATION_STYLE_ASSIGNMENT (( #6125 ) ) ;
#833 = VERTEX_POINT ( 'NONE', #12331 ) ;
#834 = CARTESIAN_POINT ( 'NONE',  ( 12.84999999999999964, 1.000000000000000000, 23.07500000000000995 ) ) ;
#835 = EDGE_LOOP ( 'NONE', ( #9776, #12365, #9551, #4063 ) ) ;
#836 = DIRECTION ( 'NONE',  ( -0.0000000000000000000, -1.000000000000000000, -0.0000000000000000000 ) ) ;
#837 = VERTEX_POINT ( 'NONE', #889 ) ;
#838 = FACE_OUTER_BOUND ( 'NONE', #10228, .T. ) ;
#839 = DIRECTION ( 'NONE',  ( 1.000000000000000000, 0.0000000000000000000, 0.0000000000000000000 ) ) ;
#840 = ADVANCED_FACE ( 'NONE', ( #3194 ), #13361, .T. ) ;
#841 = AXIS2_PLACEMENT_3D ( 'NONE', #1673, #12018, #1742 ) ;
#842 =( NAMED_UNIT ( * ) PLANE_ANGLE_UNIT ( ) SI_UNIT ( $, .RADIAN. ) );
#843 = PRESENTATION_LAYER_ASSIGNMENT (  '', '', ( #3659 ) ) ;
#844 =( NAMED_UNIT ( * ) SI_UNIT ( $, .STERADIAN. ) SOLID_ANGLE_UNIT ( ) );
#845 = CARTESIAN_POINT ( 'NONE',  ( -6.099999999999998757, 0.0000000000000000000, 25.22500000000001208 ) ) ;
#846 = ORIENTED_EDGE ( 'NONE', *, *, #10008, .T. ) ;
#847 = FACE_OUTER_BOUND ( 'NONE', #3570, .T. ) ;
#848 = FILL_AREA_STYLE_COLOUR ( '', #11998 ) ;
#849 = SURFACE_STYLE_USAGE ( .BOTH. , #4935 ) ;
#850 = PRESENTATION_LAYER_ASSIGNMENT (  '', '', ( #5614 ) ) ;
#851 = DIRECTION ( 'NONE',  ( -0.0000000000000000000, -1.000000000000000000, -0.0000000000000000000 ) ) ;
#852 = DIRECTION ( 'NONE',  ( 0.0000000000000000000, 0.0000000000000000000, 1.000000000000000000 ) ) ;
#853 = VECTOR ( 'NONE', #11663, 1000.000000000000000 ) ;
#854 = COLOUR_RGB ( '',1.000000000000000000, 1.000000000000000000, 0.0000000000000000000 ) ;
#855 = FACE_OUTER_BOUND ( 'NONE', #7897, .T. ) ;
#856 = ORIENTED_EDGE ( 'NONE', *, *, #8702, .F. ) ;
#857 = FACE_OUTER_BOUND ( 'NONE', #1684, .T. ) ;
#858 =( GEOMETRIC_REPRESENTATION_CONTEXT ( 3 ) GLOBAL_UNCERTAINTY_ASSIGNED_CONTEXT ( ( #12041 ) ) GLOBAL_UNIT_ASSIGNED_CONTEXT ( ( #9807, #5627, #8792 ) ) REPRESENTATION_CONTEXT ( 'NONE', 'WORKASPACE' ) );
#859 = ORIENTED_EDGE ( 'NONE', *, *, #5222, .T. ) ;
#860 = PRESENTATION_STYLE_ASSIGNMENT (( #12490 ) ) ;
#861 = FILL_AREA_STYLE ('',( #2925 ) ) ;
#862 = CARTESIAN_POINT ( 'NONE',  ( -6.699999999999995737, 1.000999999999999890, 22.92500000000001137 ) ) ;
#863 = ORIENTED_EDGE ( 'NONE', *, *, #7880, .T. ) ;
#864 = CARTESIAN_POINT ( 'NONE',  ( 12.09999999999999964, 0.0000000000000000000, -22.57499999999998863 ) ) ;
#865 = LINE ( 'NONE', #11229, #11106 ) ;
#866 = ORIENTED_EDGE ( 'NONE', *, *, #6895, .F. ) ;
#867 = CARTESIAN_POINT ( 'NONE',  ( -9.699999999999995737, 1.000999999999999890, 22.92500000000001137 ) ) ;
#868 = FILL_AREA_STYLE_COLOUR ( '', #4993 ) ;
#869 = VECTOR ( 'NONE', #4239, 1000.000000000000000 ) ;
#870 = STYLED_ITEM ( 'NONE', ( #7934 ), #4150 ) ;
#871 = FILL_AREA_STYLE_COLOUR ( '', #9027 ) ;
#872 = DIRECTION ( 'NONE',  ( 1.885568995626964287E-16, 0.0000000000000000000, -1.000000000000000000 ) ) ;
#873 = PRESENTATION_LAYER_ASSIGNMENT (  '', '', ( #11504 ) ) ;
#874 = STYLED_ITEM ( 'NONE', ( #10123 ), #13185 ) ;
#875 = DIRECTION ( 'NONE',  ( -0.0000000000000000000, -0.0000000000000000000, -1.000000000000000000 ) ) ;
#876 = FACE_OUTER_BOUND ( 'NONE', #11600, .T. ) ;
#877 = ORIENTED_EDGE ( 'NONE', *, *, #11680, .T. ) ;
#878 = CARTESIAN_POINT ( 'NONE',  ( 6.100000000000001421, 1.000000000000000000, 22.92500000000000071 ) ) ;
#879 = FILL_AREA_STYLE ('',( #3007 ) ) ;
#880 = VECTOR ( 'NONE', #8454, 1000.000000000000000 ) ;
#881 = ORIENTED_EDGE ( 'NONE', *, *, #8355, .F. ) ;
#882 = LINE ( 'NONE', #12059, #7659 ) ;
#883 = PLANE ( 'NONE',  #7442 ) ;
#884 = LINE ( 'NONE', #13100, #8267 ) ;
#885 = PRESENTATION_STYLE_ASSIGNMENT (( #5999 ) ) ;
#886 = PLANE ( 'NONE',  #2556 ) ;
#887 = COLOUR_RGB ( '',1.000000000000000000, 1.000000000000000000, 0.0000000000000000000 ) ;
#888 = EDGE_CURVE ( 'NONE', #9379, #9, #109, .T. ) ;
#889 = CARTESIAN_POINT ( 'NONE',  ( 4.700000000000004619, 1.000999999999999890, 22.92500000000000071 ) ) ;
#890 = LINE ( 'NONE', #2955, #911 ) ;
#891 = EDGE_LOOP ( 'NONE', ( #7220, #2690, #8593, #8491 ) ) ;
#892 = LINE ( 'NONE', #5053, #11974 ) ;
#893 = CARTESIAN_POINT ( 'NONE',  ( 15.00000000000000000, 1.000000000000000000, 25.22500000000000853 ) ) ;
#894 = UNCERTAINTY_MEASURE_WITH_UNIT (LENGTH_MEASURE( 1.000000000000000082E-05 ), #10975, 'distance_accuracy_value', 'NONE');
#895 = AXIS2_PLACEMENT_3D ( 'NONE', #4382, #6463, #11550 ) ;
#896 = ORIENTED_EDGE ( 'NONE', *, *, #6949, .T. ) ;
#897 = SURFACE_SIDE_STYLE ('',( #1872 ) ) ;
#898 = EDGE_CURVE ( 'NONE', #4258, #11147, #4157, .T. ) ;
#899 = VECTOR ( 'NONE', #3516, 1000.000000000000000 ) ;
#900 = PRESENTATION_LAYER_ASSIGNMENT (  '', '', ( #11933 ) ) ;
#901 = ORIENTED_EDGE ( 'NONE', *, *, #9932, .T. ) ;
#902 = FILL_AREA_STYLE_COLOUR ( '', #1148 ) ;
#903 = VECTOR ( 'NONE', #10407, 1000.000000000000000 ) ;
#904 = LINE ( 'NONE', #7152, #6528 ) ;
#905 = ORIENTED_EDGE ( 'NONE', *, *, #10941, .T. ) ;
#906 = ADVANCED_FACE ( 'NONE', ( #1927 ), #7257, .T. ) ;
#907 = EDGE_CURVE ( 'NONE', #5467, #9411, #451, .T. ) ;
#908 =( NAMED_UNIT ( * ) PLANE_ANGLE_UNIT ( ) SI_UNIT ( $, .RADIAN. ) );
#909 = PRESENTATION_LAYER_ASSIGNMENT (  '', '', ( #2844 ) ) ;
#910 = EDGE_CURVE ( 'NONE', #11701, #4206, #6379, .T. ) ;
#911 = VECTOR ( 'NONE', #6057, 1000.000000000000000 ) ;
#912 =( NAMED_UNIT ( * ) PLANE_ANGLE_UNIT ( ) SI_UNIT ( $, .RADIAN. ) );
#913 = VERTEX_POINT ( 'NONE', #9473 ) ;
#914 = DIRECTION ( 'NONE',  ( 0.0000000000000000000, -1.000000000000000000, -0.0000000000000000000 ) ) ;
#915 = AXIS2_PLACEMENT_3D ( 'NONE', #10773, #8747, #8951 ) ;
#916 =( NAMED_UNIT ( * ) SI_UNIT ( $, .STERADIAN. ) SOLID_ANGLE_UNIT ( ) );
#917 = EDGE_CURVE ( 'NONE', #12830, #9787, #9543, .T. ) ;
#918 = CARTESIAN_POINT ( 'NONE',  ( 0.9000000000000021316, -0.001000000000000000021, 22.92500000000000426 ) ) ;
#919 = UNCERTAINTY_MEASURE_WITH_UNIT (LENGTH_MEASURE( 1.000000000000000082E-05 ), #9326, 'distance_accuracy_value', 'NONE');
#920 = EDGE_CURVE ( 'NONE', #4670, #6856, #6637, .T. ) ;
#921 = FILL_AREA_STYLE_COLOUR ( '', #1213 ) ;
#922 = ORIENTED_EDGE ( 'NONE', *, *, #9026, .T. ) ;
#923 = CARTESIAN_POINT ( 'NONE',  ( -8.899999999999995026, 1.000999999999999890, 25.22500000000001208 ) ) ;
#924 = MECHANICAL_DESIGN_GEOMETRIC_PRESENTATION_REPRESENTATION (  '', ( #12373 ), #9144 ) ;
#925 = ORIENTED_EDGE ( 'NONE', *, *, #9972, .T. ) ;
#926 = ADVANCED_FACE ( 'NONE', ( #7591 ), #3260, .F. ) ;
#927 = PRESENTATION_STYLE_ASSIGNMENT (( #4675 ) ) ;
#928 = EDGE_CURVE ( 'NONE', #107, #3385, #7388, .T. ) ;
#929 = VECTOR ( 'NONE', #12300, 1000.000000000000000 ) ;
#930 = MECHANICAL_DESIGN_GEOMETRIC_PRESENTATION_REPRESENTATION (  '', ( #7426 ), #8486 ) ;
#931 = ORIENTED_EDGE ( 'NONE', *, *, #3332, .T. ) ;
#932 = VECTOR ( 'NONE', #7982, 1000.000000000000000 ) ;
#933 = UNCERTAINTY_MEASURE_WITH_UNIT (LENGTH_MEASURE( 1.000000000000000082E-05 ), #308, 'distance_accuracy_value', 'NONE');
#934 = DIRECTION ( 'NONE',  ( -3.771137991253928573E-16, 0.0000000000000000000, 1.000000000000000000 ) ) ;
#935 = CARTESIAN_POINT ( 'NONE',  ( 3.100000000000003197, 1.000999999999999890, 25.22500000000000142 ) ) ;
#936 = ORIENTED_EDGE ( 'NONE', *, *, #5719, .F. ) ;
#937 = VECTOR ( 'NONE', #8558, 1000.000000000000000 ) ;
#938 = FILL_AREA_STYLE_COLOUR ( '', #3680 ) ;
#939 = FILL_AREA_STYLE ('',( #4008 ) ) ;
#940 = VECTOR ( 'NONE', #8710, 1000.000000000000000 ) ;
#941 = SURFACE_STYLE_FILL_AREA ( #13403 ) ;
#942 = ORIENTED_EDGE ( 'NONE', *, *, #1743, .F. ) ;
#943 =( NAMED_UNIT ( * ) SI_UNIT ( $, .STERADIAN. ) SOLID_ANGLE_UNIT ( ) );
#944 = PRESENTATION_STYLE_ASSIGNMENT (( #3873 ) ) ;
#945 = VECTOR ( 'NONE', #8813, 1000.000000000000000 ) ;
#946 =( LENGTH_UNIT ( ) NAMED_UNIT ( * ) SI_UNIT ( .MILLI., .METRE. ) );
#947 =( GEOMETRIC_REPRESENTATION_CONTEXT ( 3 ) GLOBAL_UNCERTAINTY_ASSIGNED_CONTEXT ( ( #1593 ) ) GLOBAL_UNIT_ASSIGNED_CONTEXT ( ( #6329, #9979, #6939 ) ) REPRESENTATION_CONTEXT ( 'NONE', 'WORKASPACE' ) );
#948 = PLANE ( 'NONE',  #3416 ) ;
#949 = PRESENTATION_LAYER_ASSIGNMENT (  '', '', ( #8718 ) ) ;
#950 = EDGE_CURVE ( 'NONE', #8739, #12742, #1370, .T. ) ;
#951 = DIRECTION ( 'NONE',  ( 0.0000000000000000000, -1.000000000000000000, 0.0000000000000000000 ) ) ;
#952 = PLANE ( 'NONE',  #13263 ) ;
#953 = AXIS2_PLACEMENT_3D ( 'NONE', #9090, #10101, #5114 ) ;
#954 =( NAMED_UNIT ( * ) SI_UNIT ( $, .STERADIAN. ) SOLID_ANGLE_UNIT ( ) );
#955 = VECTOR ( 'NONE', #12951, 1000.000000000000000 ) ;
#956 = LINE ( 'NONE', #12255, #11700 ) ;
#957 = VERTEX_POINT ( 'NONE', #12667 ) ;
#958 = FACE_OUTER_BOUND ( 'NONE', #5172, .T. ) ;
#959 = DIRECTION ( 'NONE',  ( -1.000000000000000000, 0.0000000000000000000, -9.427844978134821433E-17 ) ) ;
#960 =( NAMED_UNIT ( * ) PLANE_ANGLE_UNIT ( ) SI_UNIT ( $, .RADIAN. ) );
#961 = FACE_OUTER_BOUND ( 'NONE', #10085, .T. ) ;
#962 = VERTEX_POINT ( 'NONE', #4429 ) ;
#963 = CARTESIAN_POINT ( 'NONE',  ( -9.200000000000004619, -1.350000000000000089, -19.67499999999999361 ) ) ;
#964 = VECTOR ( 'NONE', #10968, 1000.000000000000000 ) ;
#965 = PRESENTATION_LAYER_ASSIGNMENT (  '', '', ( #5286 ) ) ;
#966 = FILL_AREA_STYLE ('',( #9163 ) ) ;
#967 = DIRECTION ( 'NONE',  ( -0.0000000000000000000, 0.0000000000000000000, 1.000000000000000000 ) ) ;
#968 = MECHANICAL_DESIGN_GEOMETRIC_PRESENTATION_REPRESENTATION (  '', ( #4444 ), #284 ) ;
#969 = MECHANICAL_DESIGN_GEOMETRIC_PRESENTATION_REPRESENTATION (  '', ( #9814 ), #8553 ) ;
#970 = DIRECTION ( 'NONE',  ( 1.000000000000000000, 0.0000000000000000000, -0.0000000000000000000 ) ) ;
#971 = FACE_OUTER_BOUND ( 'NONE', #9494, .T. ) ;
#972 = CARTESIAN_POINT ( 'NONE',  ( -15.00000000000000000, 0.0000000000000000000, 25.22500000000000853 ) ) ;
#973 = VECTOR ( 'NONE', #12922, 1000.000000000000000 ) ;
#974 = ORIENTED_EDGE ( 'NONE', *, *, #557, .F. ) ;
#975 = SURFACE_SIDE_STYLE ('',( #7140 ) ) ;
#976 = ORIENTED_EDGE ( 'NONE', *, *, #5549, .F. ) ;
#977 = DIRECTION ( 'NONE',  ( -1.000000000000000000, 0.0000000000000000000, 0.0000000000000000000 ) ) ;
#978 = AXIS2_PLACEMENT_3D ( 'NONE', #10068, #11081, #10129 ) ;
#979 = ORIENTED_EDGE ( 'NONE', *, *, #5565, .T. ) ;
#980 = CARTESIAN_POINT ( 'NONE',  ( -8.299999999999995381, 1.000999999999999890, 22.92500000000001137 ) ) ;
#981 = AXIS2_PLACEMENT_3D ( 'NONE', #10815, #2640, #5778 ) ;
#982 =( GEOMETRIC_REPRESENTATION_CONTEXT ( 3 ) GLOBAL_UNCERTAINTY_ASSIGNED_CONTEXT ( ( #13381 ) ) GLOBAL_UNIT_ASSIGNED_CONTEXT ( ( #11734, #7737, #4708 ) ) REPRESENTATION_CONTEXT ( 'NONE', 'WORKASPACE' ) );
#983 =( LENGTH_UNIT ( ) NAMED_UNIT ( * ) SI_UNIT ( .MILLI., .METRE. ) );
#984 = ORIENTED_EDGE ( 'NONE', *, *, #7963, .T. ) ;
#985 = SURFACE_SIDE_STYLE ('',( #7271 ) ) ;
#986 = EDGE_CURVE ( 'NONE', #8118, #11701, #3527, .T. ) ;
#987 = PRESENTATION_LAYER_ASSIGNMENT (  '', '', ( #525 ) ) ;
#988 = CARTESIAN_POINT ( 'NONE',  ( 11.70000000000000462, 1.000999999999999890, 22.92499999999999361 ) ) ;
#989 = AXIS2_PLACEMENT_3D ( 'NONE', #1728, #1589, #13039 ) ;
#990 = SURFACE_STYLE_FILL_AREA ( #5189 ) ;
#991 = ORIENTED_EDGE ( 'NONE', *, *, #7146, .F. ) ;
#992 = CARTESIAN_POINT ( 'NONE',  ( -7.899999999999999467, -0.001000000000000378407, 25.22500000000001208 ) ) ;
#993 = EDGE_CURVE ( 'NONE', #2282, #5553, #6436, .T. ) ;
#994 = CARTESIAN_POINT ( 'NONE',  ( 12.09999999999999964, 0.0000000000000000000, -23.87499999999998579 ) ) ;
#995 = PRESENTATION_STYLE_ASSIGNMENT (( #10131 ) ) ;
#996 = EDGE_CURVE ( 'NONE', #13351, #2534, #11594, .T. ) ;
#997 =( LENGTH_UNIT ( ) NAMED_UNIT ( * ) SI_UNIT ( .MILLI., .METRE. ) );
#998 = VERTEX_POINT ( 'NONE', #321 ) ;
#999 = CARTESIAN_POINT ( 'NONE',  ( 5.900000000000002132, -0.001000000000000000021, 22.92500000000000071 ) ) ;
#1000 = ORIENTED_EDGE ( 'NONE', *, *, #1758, .T. ) ;
#1001 =( NAMED_UNIT ( * ) PLANE_ANGLE_UNIT ( ) SI_UNIT ( $, .RADIAN. ) );
#1002 = ADVANCED_FACE ( 'NONE', ( #386 ), #4495, .F. ) ;
#1003 = ORIENTED_EDGE ( 'NONE', *, *, #2294, .T. ) ;
#1004 = PRESENTATION_LAYER_ASSIGNMENT (  '', '', ( #2517 ) ) ;
#1005 = SURFACE_STYLE_USAGE ( .BOTH. , #8299 ) ;
#1006 = CARTESIAN_POINT ( 'NONE',  ( -15.00000000000000533, 1.000000000000000000, -25.47499999999999432 ) ) ;
#1007 = SURFACE_SIDE_STYLE ('',( #3300 ) ) ;
#1008 = SURFACE_STYLE_FILL_AREA ( #11356 ) ;
#1009 = EDGE_CURVE ( 'NONE', #3625, #6798, #7996, .T. ) ;
#1010 = ORIENTED_EDGE ( 'NONE', *, *, #4073, .F. ) ;
#1011 = SURFACE_SIDE_STYLE ('',( #8185 ) ) ;
#1012 = CARTESIAN_POINT ( 'NONE',  ( 3.500000000000001776, -0.001000000000000000021, 22.92500000000000071 ) ) ;
#1013 = ORIENTED_EDGE ( 'NONE', *, *, #1672, .F. ) ;
#1014 = CARTESIAN_POINT ( 'NONE',  ( 9.099999999999999645, -0.001000000000000000021, 25.22499999999999787 ) ) ;
#1015 = COLOUR_RGB ( '',1.000000000000000000, 1.000000000000000000, 0.0000000000000000000 ) ;
#1016 =( GEOMETRIC_REPRESENTATION_CONTEXT ( 3 ) GLOBAL_UNCERTAINTY_ASSIGNED_CONTEXT ( ( #10132 ) ) GLOBAL_UNIT_ASSIGNED_CONTEXT ( ( #4624, #9618, #1439 ) ) REPRESENTATION_CONTEXT ( 'NONE', 'WORKASPACE' ) );
#1017 =( LENGTH_UNIT ( ) NAMED_UNIT ( * ) SI_UNIT ( .MILLI., .METRE. ) );
#1018 = SURFACE_STYLE_FILL_AREA ( #8248 ) ;
#1019 = VECTOR ( 'NONE', #1777, 1000.000000000000000 ) ;
#1020 = DIRECTION ( 'NONE',  ( 0.0000000000000000000, -1.000000000000000000, 0.0000000000000000000 ) ) ;
#1021 = VERTEX_POINT ( 'NONE', #11981 ) ;
#1022 = SURFACE_SIDE_STYLE ('',( #5362 ) ) ;
#1023 = CARTESIAN_POINT ( 'NONE',  ( -15.00000000000000533, 3.399999999999999911, -19.67499999999999361 ) ) ;
#1024 = LINE ( 'NONE', #13422, #400 ) ;
#1025 = FACE_OUTER_BOUND ( 'NONE', #135, .T. ) ;
#1026 =( NAMED_UNIT ( * ) SI_UNIT ( $, .STERADIAN. ) SOLID_ANGLE_UNIT ( ) );
#1027 = ORIENTED_EDGE ( 'NONE', *, *, #11417, .T. ) ;
#1028 = DIRECTION ( 'NONE',  ( 1.000000000000000000, 0.0000000000000000000, 0.0000000000000000000 ) ) ;
#1029 = FILL_AREA_STYLE ('',( #3068 ) ) ;
#1030 = MECHANICAL_DESIGN_GEOMETRIC_PRESENTATION_REPRESENTATION (  '', ( #4714 ), #570 ) ;
#1031 =( GEOMETRIC_REPRESENTATION_CONTEXT ( 3 ) GLOBAL_UNCERTAINTY_ASSIGNED_CONTEXT ( ( #11340 ) ) GLOBAL_UNIT_ASSIGNED_CONTEXT ( ( #7576, #5418, #5552 ) ) REPRESENTATION_CONTEXT ( 'NONE', 'WORKASPACE' ) );
#1032 = DIRECTION ( 'NONE',  ( 0.0000000000000000000, -0.0000000000000000000, -1.000000000000000000 ) ) ;
#1033 =( NAMED_UNIT ( * ) PLANE_ANGLE_UNIT ( ) SI_UNIT ( $, .RADIAN. ) );
#1034 = COLOUR_RGB ( '',0.0000000000000000000, 0.7529411764705882248, 0.0000000000000000000 ) ;
#1035 = ORIENTED_EDGE ( 'NONE', *, *, #6624, .F. ) ;
#1036 = DIRECTION ( 'NONE',  ( -1.000000000000000000, 0.0000000000000000000, -9.427844978134821433E-17 ) ) ;
#1037 = UNCERTAINTY_MEASURE_WITH_UNIT (LENGTH_MEASURE( 1.000000000000000082E-05 ), #4134, 'distance_accuracy_value', 'NONE');
#1038 = ORIENTED_EDGE ( 'NONE', *, *, #563, .T. ) ;
#1039 = SURFACE_SIDE_STYLE ('',( #7396 ) ) ;
#1040 = SURFACE_STYLE_FILL_AREA ( #2964 ) ;
#1041 = VERTEX_POINT ( 'NONE', #4693 ) ;
#1043 =( GEOMETRIC_REPRESENTATION_CONTEXT ( 3 ) GLOBAL_UNCERTAINTY_ASSIGNED_CONTEXT ( ( #8353 ) ) GLOBAL_UNIT_ASSIGNED_CONTEXT ( ( #67, #8286, #7272 ) ) REPRESENTATION_CONTEXT ( 'NONE', 'WORKASPACE' ) );
#1042 =( NAMED_UNIT ( * ) PLANE_ANGLE_UNIT ( ) SI_UNIT ( $, .RADIAN. ) );
#1044 = VECTOR ( 'NONE', #12879, 1000.000000000000000 ) ;
#1045 = CARTESIAN_POINT ( 'NONE',  ( -6.499999999999995559, 1.000999999999999890, 22.92500000000001137 ) ) ;
#1046 = FACE_OUTER_BOUND ( 'NONE', #579, .T. ) ;
#1047 = ORIENTED_EDGE ( 'NONE', *, *, #8952, .F. ) ;
#1048 = DIRECTION ( 'NONE',  ( 1.000000000000000000, 0.0000000000000000000, 0.0000000000000000000 ) ) ;
#1049 = CARTESIAN_POINT ( 'NONE',  ( -13.65000000000000036, 1.000000000000000000, 23.07499999999997797 ) ) ;
#1050 = PRESENTATION_LAYER_ASSIGNMENT (  '', '', ( #12720 ) ) ;
#1051 = CARTESIAN_POINT ( 'NONE',  ( -8.099999999999996092, 1.000000000000000000, 25.22500000000000853 ) ) ;
#1052 = CARTESIAN_POINT ( 'NONE',  ( 10.30000000000000426, 1.000000000000000000, 22.92499999999999716 ) ) ;
#1053 = UNCERTAINTY_MEASURE_WITH_UNIT (LENGTH_MEASURE( 1.000000000000000082E-05 ), #515, 'distance_accuracy_value', 'NONE');
#1054 = ORIENTED_EDGE ( 'NONE', *, *, #10433, .T. ) ;
#1055 = FACE_OUTER_BOUND ( 'NONE', #6633, .T. ) ;
#1056 = SURFACE_SIDE_STYLE ('',( #4370 ) ) ;
#1057 = CARTESIAN_POINT ( 'NONE',  ( -0.6999999999999982903, -0.001000000000000000021, 25.22500000000000853 ) ) ;
#1058 = VERTEX_POINT ( 'NONE', #9957 ) ;
#1059 = FACE_OUTER_BOUND ( 'NONE', #7467, .T. ) ;
#1060 = ORIENTED_EDGE ( 'NONE', *, *, #3637, .T. ) ;
#1061 = COLOUR_RGB ( '',1.000000000000000000, 1.000000000000000000, 0.0000000000000000000 ) ;
#1062 =( NAMED_UNIT ( * ) SI_UNIT ( $, .STERADIAN. ) SOLID_ANGLE_UNIT ( ) );
#1063 = EDGE_CURVE ( 'NONE', #837, #12573, #13019, .T. ) ;
#1064 = ORIENTED_EDGE ( 'NONE', *, *, #12517, .T. ) ;
#1065 = STYLED_ITEM ( 'NONE', ( #11399 ), #572 ) ;
#1066 = DIRECTION ( 'NONE',  ( 1.000000000000000000, 0.0000000000000000000, 1.885568995626964287E-16 ) ) ;
#1067 = UNCERTAINTY_MEASURE_WITH_UNIT (LENGTH_MEASURE( 1.000000000000000082E-05 ), #2732, 'distance_accuracy_value', 'NONE');
#1068 = EDGE_LOOP ( 'NONE', ( #12836, #5465, #9513, #8077, #6249, #7551, #13307, #11529 ) ) ;
#1069 = DIRECTION ( 'NONE',  ( 0.0000000000000000000, 0.0000000000000000000, 1.000000000000000000 ) ) ;
#1070 = SURFACE_STYLE_FILL_AREA ( #8373 ) ;
#1071 = VERTEX_POINT ( 'NONE', #6700 ) ;
#1072 = FILL_AREA_STYLE ('',( #1208 ) ) ;
#1073 = EDGE_CURVE ( 'NONE', #6465, #12498, #11115, .T. ) ;
#1074 = DIRECTION ( 'NONE',  ( -0.0000000000000000000, 1.000000000000000000, -0.0000000000000000000 ) ) ;
#1075 = ORIENTED_EDGE ( 'NONE', *, *, #8754, .F. ) ;
#1076 = SURFACE_STYLE_USAGE ( .BOTH. , #8309 ) ;
#1077 =( GEOMETRIC_REPRESENTATION_CONTEXT ( 3 ) GLOBAL_UNCERTAINTY_ASSIGNED_CONTEXT ( ( #8519 ) ) GLOBAL_UNIT_ASSIGNED_CONTEXT ( ( #12453, #8528, #12589 ) ) REPRESENTATION_CONTEXT ( 'NONE', 'WORKASPACE' ) );
#1078 = EDGE_CURVE ( 'NONE', #5460, #4211, #2730, .T. ) ;
#1079 = ADVANCED_FACE ( 'NONE', ( #6852 ), #3875, .F. ) ;
#1080 = LINE ( 'NONE', #12313, #3280 ) ;
#1081 = CARTESIAN_POINT ( 'NONE',  ( 15.00000000000000000, 1.000000000000000000, 25.22500000000000853 ) ) ;
#1082 = DIRECTION ( 'NONE',  ( 1.000000000000000000, 0.0000000000000000000, 0.0000000000000000000 ) ) ;
#1083 = FACE_OUTER_BOUND ( 'NONE', #1935, .T. ) ;
#1084 = ORIENTED_EDGE ( 'NONE', *, *, #1506, .F. ) ;
#1085 =( GEOMETRIC_REPRESENTATION_CONTEXT ( 3 ) GLOBAL_UNCERTAINTY_ASSIGNED_CONTEXT ( ( #2569 ) ) GLOBAL_UNIT_ASSIGNED_CONTEXT ( ( #5281, #5351, #12566 ) ) REPRESENTATION_CONTEXT ( 'NONE', 'WORKASPACE' ) );
#1086 = LINE ( 'NONE', #311, #8849 ) ;
#1087 = LINE ( 'NONE', #7251, #11469 ) ;
#1088 = VECTOR ( 'NONE', #9136, 1000.000000000000000 ) ;
#1089 = EDGE_CURVE ( 'NONE', #3519, #2929, #3727, .T. ) ;
#1090 = ORIENTED_EDGE ( 'NONE', *, *, #11320, .F. ) ;
#1092 = EDGE_CURVE ( 'NONE', #7665, #6310, #1638, .T. ) ;
#1091 = DIRECTION ( 'NONE',  ( 1.000000000000000000, 0.0000000000000000000, 0.0000000000000000000 ) ) ;
#1093 = PLANE ( 'NONE',  #3485 ) ;
#1094 =( GEOMETRIC_REPRESENTATION_CONTEXT ( 3 ) GLOBAL_UNCERTAINTY_ASSIGNED_CONTEXT ( ( #4751 ) ) GLOBAL_UNIT_ASSIGNED_CONTEXT ( ( #12253, #7117, #3881 ) ) REPRESENTATION_CONTEXT ( 'NONE', 'WORKASPACE' ) );
#1095 = CARTESIAN_POINT ( 'NONE',  ( -11.69999999999999929, -0.001000000000000882995, 22.92500000000001137 ) ) ;
#1096 =( GEOMETRIC_REPRESENTATION_CONTEXT ( 3 ) GLOBAL_UNCERTAINTY_ASSIGNED_CONTEXT ( ( #8652 ) ) GLOBAL_UNIT_ASSIGNED_CONTEXT ( ( #6485, #6284, #9518 ) ) REPRESENTATION_CONTEXT ( 'NONE', 'WORKASPACE' ) );
#1097 = PRESENTATION_STYLE_ASSIGNMENT (( #4161 ) ) ;
#1098 = ORIENTED_EDGE ( 'NONE', *, *, #3059, .T. ) ;
#1099 = PRESENTATION_STYLE_ASSIGNMENT (( #9622 ) ) ;
#1100 = VECTOR ( 'NONE', #4349, 1000.000000000000000 ) ;
#1101 = DIRECTION ( 'NONE',  ( 1.000000000000000000, 0.0000000000000000000, 3.771137991253928573E-16 ) ) ;
#1102 = EDGE_LOOP ( 'NONE', ( #5528, #3414, #5660, #10402 ) ) ;
#1103 = LINE ( 'NONE', #7600, #8568 ) ;
#1104 = SURFACE_STYLE_FILL_AREA ( #10374 ) ;
#1105 = ORIENTED_EDGE ( 'NONE', *, *, #4574, .F. ) ;
#1106 = PRESENTATION_STYLE_ASSIGNMENT (( #6450 ) ) ;
#1107 = LINE ( 'NONE', #3993, #11305 ) ;
#1108 = COLOUR_RGB ( '',1.000000000000000000, 1.000000000000000000, 0.0000000000000000000 ) ;
#1109 = LINE ( 'NONE', #12683, #10913 ) ;
#1110 = FILL_AREA_STYLE ('',( #125 ) ) ;
#1111 = VERTEX_POINT ( 'NONE', #2582 ) ;
#1112 = DIRECTION ( 'NONE',  ( -0.0000000000000000000, -0.0000000000000000000, -1.000000000000000000 ) ) ;
#1113 =( GEOMETRIC_REPRESENTATION_CONTEXT ( 3 ) GLOBAL_UNCERTAINTY_ASSIGNED_CONTEXT ( ( #10943 ) ) GLOBAL_UNIT_ASSIGNED_CONTEXT ( ( #4795, #8836, #10790 ) ) REPRESENTATION_CONTEXT ( 'NONE', 'WORKASPACE' ) );
#1114 =( NAMED_UNIT ( * ) SI_UNIT ( $, .STERADIAN. ) SOLID_ANGLE_UNIT ( ) );
#1115 =( GEOMETRIC_REPRESENTATION_CONTEXT ( 3 ) GLOBAL_UNCERTAINTY_ASSIGNED_CONTEXT ( ( #1765 ) ) GLOBAL_UNIT_ASSIGNED_CONTEXT ( ( #13295, #2814, #749 ) ) REPRESENTATION_CONTEXT ( 'NONE', 'WORKASPACE' ) );
#1116 = FACE_OUTER_BOUND ( 'NONE', #9444, .T. ) ;
#1117 = ORIENTED_EDGE ( 'NONE', *, *, #5815, .T. ) ;
#1118 = FACE_OUTER_BOUND ( 'NONE', #3114, .T. ) ;
#1119 =( NAMED_UNIT ( * ) PLANE_ANGLE_UNIT ( ) SI_UNIT ( $, .RADIAN. ) );
#1120 = DIRECTION ( 'NONE',  ( -0.0000000000000000000, 1.000000000000000000, -0.0000000000000000000 ) ) ;
#1121 = ORIENTED_EDGE ( 'NONE', *, *, #7697, .T. ) ;
#1122 = PLANE ( 'NONE',  #9975 ) ;
#1123 = VERTEX_POINT ( 'NONE', #9886 ) ;
#1124 = VECTOR ( 'NONE', #2638, 1000.000000000000000 ) ;
#1125 = FILL_AREA_STYLE ('',( #1265 ) ) ;
#1126 = VECTOR ( 'NONE', #1829, 1000.000000000000000 ) ;
#1127 = ORIENTED_EDGE ( 'NONE', *, *, #9434, .T. ) ;
#1128 = PRESENTATION_STYLE_ASSIGNMENT (( #1005 ) ) ;
#1129 = VECTOR ( 'NONE', #11476, 1000.000000000000000 ) ;
#1130 = EDGE_LOOP ( 'NONE', ( #8658, #5184, #698, #8435, #8711, #10018, #4341, #4482, #7577, #366, #10771, #760, #7799, #1135, #5928, #10690, #9648, #13092, #6941, #4786 ) ) ;
#1131 =( NAMED_UNIT ( * ) SI_UNIT ( $, .STERADIAN. ) SOLID_ANGLE_UNIT ( ) );
#1132 = DIRECTION ( 'NONE',  ( -1.000000000000000000, -0.0000000000000000000, -0.0000000000000000000 ) ) ;
#1133 = STYLED_ITEM ( 'NONE', ( #9639 ), #10328 ) ;
#1134 = LINE ( 'NONE', #6220, #11840 ) ;
#1135 = ORIENTED_EDGE ( 'NONE', *, *, #6380, .F. ) ;
#1136 = CARTESIAN_POINT ( 'NONE',  ( 12.84999999999999964, -0.3500000000000000333, 22.27500000000000924 ) ) ;
#1137 = EDGE_LOOP ( 'NONE', ( #9487, #6442, #9278, #3972 ) ) ;
#1138 = LINE ( 'NONE', #10474, #5511 ) ;
#1139 = AXIS2_PLACEMENT_3D ( 'NONE', #4663, #632, #5683 ) ;
#1140 =( GEOMETRIC_REPRESENTATION_CONTEXT ( 3 ) GLOBAL_UNCERTAINTY_ASSIGNED_CONTEXT ( ( #2415 ) ) GLOBAL_UNIT_ASSIGNED_CONTEXT ( ( #6659, #8760, #416 ) ) REPRESENTATION_CONTEXT ( 'NONE', 'WORKASPACE' ) );
#1141 = STYLED_ITEM ( 'NONE', ( #1097 ), #10642 ) ;
#1142 = EDGE_CURVE ( 'NONE', #2367, #10338, #1564, .T. ) ;
#1143 = FILL_AREA_STYLE ('',( #12504 ) ) ;
#1144 = AXIS2_PLACEMENT_3D ( 'NONE', #6143, #10262, #5136 ) ;
#1145 = AXIS2_PLACEMENT_3D ( 'NONE', #6691, #5561, #2575 ) ;
#1146 = CARTESIAN_POINT ( 'NONE',  ( -6.299999999999998934, -1.261617073437677506E-16, 25.22500000000001208 ) ) ;
#1147 = DIRECTION ( 'NONE',  ( 1.885568995626964287E-16, 0.0000000000000000000, -1.000000000000000000 ) ) ;
#1148 = COLOUR_RGB ( '',1.000000000000000000, 1.000000000000000000, 0.0000000000000000000 ) ;
#1149 = EDGE_LOOP ( 'NONE', ( #7932, #3024, #523, #8301 ) ) ;
#1150 =( NAMED_UNIT ( * ) SI_UNIT ( $, .STERADIAN. ) SOLID_ANGLE_UNIT ( ) );
#1151 = SURFACE_SIDE_STYLE ('',( #2234 ) ) ;
#1152 = ADVANCED_FACE ( 'NONE', ( #7241 ), #9145, .F. ) ;
#1153 = EDGE_CURVE ( 'NONE', #12747, #4865, #4138, .T. ) ;
#1154 = ORIENTED_EDGE ( 'NONE', *, *, #7964, .T. ) ;
#1155 =( NAMED_UNIT ( * ) PLANE_ANGLE_UNIT ( ) SI_UNIT ( $, .RADIAN. ) );
#1156 = VECTOR ( 'NONE', #5733, 1000.000000000000000 ) ;
#1157 = CARTESIAN_POINT ( 'NONE',  ( -6.699999999999995737, 1.000999999999999890, 22.92500000000001137 ) ) ;
#1158 = VECTOR ( 'NONE', #6931, 1000.000000000000000 ) ;
#1159 = EDGE_CURVE ( 'NONE', #13061, #11171, #2098, .T. ) ;
#1160 = AXIS2_PLACEMENT_3D ( 'NONE', #8346, #3213, #3358 ) ;
#1161 = ADVANCED_FACE ( 'NONE', ( #13412 ), #948, .F. ) ;
#1162 =( LENGTH_UNIT ( ) NAMED_UNIT ( * ) SI_UNIT ( .MILLI., .METRE. ) );
#1163 = ORIENTED_EDGE ( 'NONE', *, *, #11348, .T. ) ;
#1164 = DIRECTION ( 'NONE',  ( 0.0000000000000000000, 0.0000000000000000000, 1.000000000000000000 ) ) ;
#1165 = LINE ( 'NONE', #11451, #3724 ) ;
#1166 = ORIENTED_EDGE ( 'NONE', *, *, #7192, .F. ) ;
#1167 = DIRECTION ( 'NONE',  ( -1.000000000000000000, 0.0000000000000000000, -9.427844978134821433E-17 ) ) ;
#1168 = CARTESIAN_POINT ( 'NONE',  ( 3.100000000000003197, 1.000000000000000000, 22.92500000000000071 ) ) ;
#1169 = PRESENTATION_STYLE_ASSIGNMENT (( #7536 ) ) ;
#1170 = EDGE_CURVE ( 'NONE', #2740, #12701, #13345, .T. ) ;
#1171 = VERTEX_POINT ( 'NONE', #3944 ) ;
#1172 = CARTESIAN_POINT ( 'NONE',  ( -15.00000000000000000, 0.0000000000000000000, 20.37500000000001066 ) ) ;
#1173 = VECTOR ( 'NONE', #2048, 1000.000000000000000 ) ;
#1174 = EDGE_CURVE ( 'NONE', #11239, #8333, #8066, .T. ) ;
#1175 =( NAMED_UNIT ( * ) SI_UNIT ( $, .STERADIAN. ) SOLID_ANGLE_UNIT ( ) );
#1176 = PRESENTATION_STYLE_ASSIGNMENT (( #60 ) ) ;
#1177 = AXIS2_PLACEMENT_3D ( 'NONE', #10908, #392, #4631 ) ;
#1178 =( NAMED_UNIT ( * ) PLANE_ANGLE_UNIT ( ) SI_UNIT ( $, .RADIAN. ) );
#1179 = VERTEX_POINT ( 'NONE', #11178 ) ;
#1180 = PLANE ( 'NONE',  #13182 ) ;
#1181 = VECTOR ( 'NONE', #4819, 1000.000000000000000 ) ;
#1182 = DIRECTION ( 'NONE',  ( 0.0000000000000000000, 0.0000000000000000000, -1.000000000000000000 ) ) ;
#1183 = DIRECTION ( 'NONE',  ( -1.000000000000000000, -0.0000000000000000000, -0.0000000000000000000 ) ) ;
#1184 = SURFACE_SIDE_STYLE ('',( #2400 ) ) ;
#1185 = UNCERTAINTY_MEASURE_WITH_UNIT (LENGTH_MEASURE( 1.000000000000000082E-05 ), #10678, 'distance_accuracy_value', 'NONE');
#1186 = VERTEX_POINT ( 'NONE', #234 ) ;
#1187 = LINE ( 'NONE', #8419, #8492 ) ;
#1188 = PLANE ( 'NONE',  #6392 ) ;
#1189 = FILL_AREA_STYLE_COLOUR ( '', #3027 ) ;
#1190 =( LENGTH_UNIT ( ) NAMED_UNIT ( * ) SI_UNIT ( .MILLI., .METRE. ) );
#1191 = ORIENTED_EDGE ( 'NONE', *, *, #3905, .T. ) ;
#1192 = VECTOR ( 'NONE', #6455, 1000.000000000000000 ) ;
#1193 = CARTESIAN_POINT ( 'NONE',  ( 10.10000000000000320, 1.000999999999999890, 22.92499999999999716 ) ) ;
#1194 = ORIENTED_EDGE ( 'NONE', *, *, #6602, .T. ) ;
#1195 = COLOUR_RGB ( '',1.000000000000000000, 1.000000000000000000, 0.0000000000000000000 ) ;
#1196 =( NAMED_UNIT ( * ) SI_UNIT ( $, .STERADIAN. ) SOLID_ANGLE_UNIT ( ) );
#1197 = PRESENTATION_LAYER_ASSIGNMENT (  '', '', ( #307 ) ) ;
#1198 = PLANE ( 'NONE',  #10720 ) ;
#1199 = ORIENTED_EDGE ( 'NONE', *, *, #10589, .F. ) ;
#1200 = FACE_OUTER_BOUND ( 'NONE', #8870, .T. ) ;
#1201 = UNCERTAINTY_MEASURE_WITH_UNIT (LENGTH_MEASURE( 1.000000000000000082E-05 ), #12900, 'distance_accuracy_value', 'NONE');
#1202 = VERTEX_POINT ( 'NONE', #7445 ) ;
#1203 = LINE ( 'NONE', #9591, #11953 ) ;
#1204 = STYLED_ITEM ( 'NONE', ( #1713 ), #9093 ) ;
#1205 = CARTESIAN_POINT ( 'NONE',  ( -9.099999999999996092, 1.000999999999999890, 22.92500000000001137 ) ) ;
#1206 = ORIENTED_EDGE ( 'NONE', *, *, #1569, .F. ) ;
#1207 = AXIS2_PLACEMENT_3D ( 'NONE', #6779, #10973, #5787 ) ;
#1208 = FILL_AREA_STYLE_COLOUR ( '', #410 ) ;
#1209 = CARTESIAN_POINT ( 'NONE',  ( -4.599999999999996092, 0.0000000000000000000, 25.47500000000001208 ) ) ;
#1210 = ORIENTED_EDGE ( 'NONE', *, *, #7968, .F. ) ;
#1211 = SURFACE_SIDE_STYLE ('',( #5280 ) ) ;
#1212 = DIRECTION ( 'NONE',  ( 0.0000000000000000000, 0.0000000000000000000, 1.000000000000000000 ) ) ;
#1213 = COLOUR_RGB ( '',1.000000000000000000, 1.000000000000000000, 0.0000000000000000000 ) ;
#1214 = AXIS2_PLACEMENT_3D ( 'NONE', #520, #1495, #3649 ) ;
#1215 = CARTESIAN_POINT ( 'NONE',  ( -1.699999999999996625, 1.000999999999999890, 22.92500000000000782 ) ) ;
#1216 = ORIENTED_EDGE ( 'NONE', *, *, #6525, .T. ) ;
#1217 =( NAMED_UNIT ( * ) SI_UNIT ( $, .STERADIAN. ) SOLID_ANGLE_UNIT ( ) );
#1218 = FILL_AREA_STYLE ('',( #10354 ) ) ;
#1219 =( LENGTH_UNIT ( ) NAMED_UNIT ( * ) SI_UNIT ( .MILLI., .METRE. ) );
#1220 = LINE ( 'NONE', #10689, #7698 ) ;
#1221 = DIRECTION ( 'NONE',  ( -1.000000000000000000, -0.0000000000000000000, -0.0000000000000000000 ) ) ;
#1222 =( LENGTH_UNIT ( ) NAMED_UNIT ( * ) SI_UNIT ( .MILLI., .METRE. ) );
#1223 = STYLED_ITEM ( 'NONE', ( #11547 ), #10269 ) ;
#1224 = ORIENTED_EDGE ( 'NONE', *, *, #4329, .T. ) ;
#1225 = DIRECTION ( 'NONE',  ( 1.000000000000000000, 0.0000000000000000000, 1.885568995626964287E-16 ) ) ;
#1226 = SURFACE_STYLE_FILL_AREA ( #4492 ) ;
#1227 = EDGE_CURVE ( 'NONE', #8088, #8441, #6362, .T. ) ;
#1228 = CARTESIAN_POINT ( 'NONE',  ( -1.299999999999999156, 0.0000000000000000000, 22.92500000000000782 ) ) ;
#1229 = PRESENTATION_STYLE_ASSIGNMENT (( #10496 ) ) ;
#1230 = ADVANCED_FACE ( 'NONE', ( #8381 ), #8511, .F. ) ;
#1231 = CARTESIAN_POINT ( 'NONE',  ( 6.300000000000006928, 1.000000000000000000, 25.22500000000000853 ) ) ;
#1232 = PRESENTATION_LAYER_ASSIGNMENT (  '', '', ( #3406 ) ) ;
#1233 =( NAMED_UNIT ( * ) PLANE_ANGLE_UNIT ( ) SI_UNIT ( $, .RADIAN. ) );
#1234 = ORIENTED_EDGE ( 'NONE', *, *, #9685, .F. ) ;
#1235 = CARTESIAN_POINT ( 'NONE',  ( -2.499999999999996447, 1.000999999999999890, 22.92500000000000782 ) ) ;
#1236 = CARTESIAN_POINT ( 'NONE',  ( 9.500000000000003553, 1.000999999999999890, 22.92499999999999716 ) ) ;
#1237 = ORIENTED_EDGE ( 'NONE', *, *, #3145, .F. ) ;
#1238 = CARTESIAN_POINT ( 'NONE',  ( -8.899999999999995026, 1.000999999999999890, 25.22500000000001208 ) ) ;
#1239 =( LENGTH_UNIT ( ) NAMED_UNIT ( * ) SI_UNIT ( .MILLI., .METRE. ) );
#1240 = MECHANICAL_DESIGN_GEOMETRIC_PRESENTATION_REPRESENTATION (  '', ( #3608 ), #1794 ) ;
#1241 = CARTESIAN_POINT ( 'NONE',  ( 4.700000000000004619, 1.000999999999999890, 22.92500000000000071 ) ) ;
#1242 = EDGE_LOOP ( 'NONE', ( #2464, #9454, #10851, #12726 ) ) ;
#1243 = DIRECTION ( 'NONE',  ( 1.000000000000000000, 0.0000000000000000000, -0.0000000000000000000 ) ) ;
#1244 = SURFACE_STYLE_FILL_AREA ( #6321 ) ;
#1245 = ADVANCED_FACE ( 'NONE', ( #9401 ), #11502, .F. ) ;
#1246 = PLANE ( 'NONE',  #10275 ) ;
#1247 = ADVANCED_FACE ( 'NONE', ( #5353 ), #4481, .F. ) ;
#1248 = AXIS2_PLACEMENT_3D ( 'NONE', #8645, #162, #12787 ) ;
#1249 = ORIENTED_EDGE ( 'NONE', *, *, #5753, .T. ) ;
#1250 = VECTOR ( 'NONE', #6414, 1000.000000000000000 ) ;
#1251 = CARTESIAN_POINT ( 'NONE',  ( -1.899999999999996803, 1.000999999999999890, 22.92500000000000782 ) ) ;
#1252 = ADVANCED_FACE ( 'NONE', ( #8580 ), #12717, .F. ) ;
#1253 =( NAMED_UNIT ( * ) SI_UNIT ( $, .STERADIAN. ) SOLID_ANGLE_UNIT ( ) );
#1254 = PRESENTATION_LAYER_ASSIGNMENT (  '', '', ( #8586 ) ) ;
#1255 =( NAMED_UNIT ( * ) SI_UNIT ( $, .STERADIAN. ) SOLID_ANGLE_UNIT ( ) );
#1256 = VERTEX_POINT ( 'NONE', #13136 ) ;
#1257 =( NAMED_UNIT ( * ) PLANE_ANGLE_UNIT ( ) SI_UNIT ( $, .RADIAN. ) );
#1258 = PRESENTATION_LAYER_ASSIGNMENT (  '', '', ( #7099 ) ) ;
#1259 = DIRECTION ( 'NONE',  ( 1.000000000000000000, 0.0000000000000000000, 0.0000000000000000000 ) ) ;
#1260 = DIRECTION ( 'NONE',  ( -1.000000000000000000, -0.0000000000000000000, -0.0000000000000000000 ) ) ;
#1261 = ORIENTED_EDGE ( 'NONE', *, *, #910, .T. ) ;
#1262 = ADVANCED_FACE ( 'NONE', ( #10884 ), #12095, .T. ) ;
#1263 = ORIENTED_EDGE ( 'NONE', *, *, #7050, .T. ) ;
#1264 = MECHANICAL_DESIGN_GEOMETRIC_PRESENTATION_REPRESENTATION (  '', ( #10337 ), #8822 ) ;
#1265 = FILL_AREA_STYLE_COLOUR ( '', #1061 ) ;
#1266 = COLOUR_RGB ( '',1.000000000000000000, 1.000000000000000000, 0.0000000000000000000 ) ;
#1267 = DIRECTION ( 'NONE',  ( -0.0000000000000000000, 1.000000000000000000, -0.0000000000000000000 ) ) ;
#1268 = ORIENTED_EDGE ( 'NONE', *, *, #13326, .F. ) ;
#1269 = CARTESIAN_POINT ( 'NONE',  ( -15.00000000000000533, 3.399999999999999911, -19.67499999999999361 ) ) ;
#1270 = EDGE_LOOP ( 'NONE', ( #7281, #11641, #6870, #846 ) ) ;
#1271 = CARTESIAN_POINT ( 'NONE',  ( 9.900000000000002132, -0.001000000000000000021, 25.22499999999999787 ) ) ;
#1272 = AXIS2_PLACEMENT_3D ( 'NONE', #5965, #9127, #10076 ) ;
#1273 = ORIENTED_EDGE ( 'NONE', *, *, #6536, .F. ) ;
#1274 = CARTESIAN_POINT ( 'NONE',  ( -6.699999999999995737, 1.000999999999999890, 25.22500000000001208 ) ) ;
#1275 = PRESENTATION_STYLE_ASSIGNMENT (( #7502 ) ) ;
#1276 = VERTEX_POINT ( 'NONE', #4676 ) ;
#1277 =( LENGTH_UNIT ( ) NAMED_UNIT ( * ) SI_UNIT ( .MILLI., .METRE. ) );
#1278 = DIRECTION ( 'NONE',  ( -1.000000000000000000, 0.0000000000000000000, -0.0000000000000000000 ) ) ;
#1279 = MECHANICAL_DESIGN_GEOMETRIC_PRESENTATION_REPRESENTATION (  '', ( #616 ), #13400 ) ;
#1280 = ORIENTED_EDGE ( 'NONE', *, *, #11653, .F. ) ;
#1281 = SURFACE_SIDE_STYLE ('',( #10551 ) ) ;
#1282 = DIRECTION ( 'NONE',  ( 0.0000000000000000000, 0.0000000000000000000, -1.000000000000000000 ) ) ;
#1283 = ORIENTED_EDGE ( 'NONE', *, *, #3398, .F. ) ;
#1284 =( NAMED_UNIT ( * ) SI_UNIT ( $, .STERADIAN. ) SOLID_ANGLE_UNIT ( ) );
#1285 = CARTESIAN_POINT ( 'NONE',  ( -6.899999999999998579, -0.001000000000000126222, 25.22500000000001208 ) ) ;
#1286 = CARTESIAN_POINT ( 'NONE',  ( 3.500000000000001332, -0.001000000000000000021, 25.22500000000000142 ) ) ;
#1287 = ORIENTED_EDGE ( 'NONE', *, *, #3702, .T. ) ;
#1288 = CARTESIAN_POINT ( 'NONE',  ( 5.300000000000004263, 1.000999999999999890, 25.22500000000000142 ) ) ;
#1289 = PRESENTATION_STYLE_ASSIGNMENT (( #7384 ) ) ;
#1290 = STYLED_ITEM ( 'NONE', ( #10116 ), #4912 ) ;
#1291 = DIRECTION ( 'NONE',  ( -0.0000000000000000000, 1.000000000000000000, -0.0000000000000000000 ) ) ;
#1292 = CARTESIAN_POINT ( 'NONE',  ( -11.69999999999999929, -0.001000000000000882995, 22.92500000000001137 ) ) ;
#1293 = CARTESIAN_POINT ( 'NONE',  ( -8.499999999999998224, -3.784851220313032271E-16, 25.22500000000001208 ) ) ;
#1294 = PRESENTATION_STYLE_ASSIGNMENT (( #7466 ) ) ;
#1295 = COLOUR_RGB ( '',1.000000000000000000, 1.000000000000000000, 0.0000000000000000000 ) ;
#1296 = COLOUR_RGB ( '',1.000000000000000000, 1.000000000000000000, 0.0000000000000000000 ) ;
#1297 =( GEOMETRIC_REPRESENTATION_CONTEXT ( 3 ) GLOBAL_UNCERTAINTY_ASSIGNED_CONTEXT ( ( #4754 ) ) GLOBAL_UNIT_ASSIGNED_CONTEXT ( ( #4616, #3581, #11908 ) ) REPRESENTATION_CONTEXT ( 'NONE', 'WORKASPACE' ) );
#1298 = VERTEX_POINT ( 'NONE', #5697 ) ;
#1299 = CARTESIAN_POINT ( 'NONE',  ( -9.200000000000006395, -1.350000000000000089, -25.47499999999999432 ) ) ;
#1300 = DIRECTION ( 'NONE',  ( 1.000000000000000000, 0.0000000000000000000, 0.0000000000000000000 ) ) ;
#1301 = EDGE_LOOP ( 'NONE', ( #8231, #4168, #2186, #7042 ) ) ;
#1302 = DIRECTION ( 'NONE',  ( -1.000000000000000000, -0.0000000000000000000, -0.0000000000000000000 ) ) ;
#1303 = CARTESIAN_POINT ( 'NONE',  ( -8.899999999999995026, 1.000000000000000000, 22.92500000000001137 ) ) ;
#1304 = CARTESIAN_POINT ( 'NONE',  ( -7.099999999999997868, -0.001000000000000252423, 22.92500000000001137 ) ) ;
#1305 = DIRECTION ( 'NONE',  ( -2.990902544787598592E-16, -0.0000000000000000000, -1.000000000000000000 ) ) ;
#1306 = ORIENTED_EDGE ( 'NONE', *, *, #649, .F. ) ;
#1307 = DIRECTION ( 'NONE',  ( -1.000000000000000000, 0.0000000000000000000, -0.0000000000000000000 ) ) ;
#1308 = EDGE_CURVE ( 'NONE', #12795, #8013, #2847, .T. ) ;
#1309 = VECTOR ( 'NONE', #7472, 1000.000000000000000 ) ;
#1310 = ORIENTED_EDGE ( 'NONE', *, *, #11918, .T. ) ;
#1311 =( GEOMETRIC_REPRESENTATION_CONTEXT ( 3 ) GLOBAL_UNCERTAINTY_ASSIGNED_CONTEXT ( ( #11102 ) ) GLOBAL_UNIT_ASSIGNED_CONTEXT ( ( #12294, #2840, #5961 ) ) REPRESENTATION_CONTEXT ( 'NONE', 'WORKASPACE' ) );
#1312 =( LENGTH_UNIT ( ) NAMED_UNIT ( * ) SI_UNIT ( .MILLI., .METRE. ) );
#1313 = ADVANCED_BREP_SHAPE_REPRESENTATION ( 'DA80E192-B8D5-457C-9166-DDC8738BE884', ( #10642, #6265, #10870, #3051 ), #9508 ) ;
#1314 = VECTOR ( 'NONE', #11861, 1000.000000000000000 ) ;
#1315 = PLANE ( 'NONE',  #6412 ) ;
#1316 = EDGE_CURVE ( 'NONE', #5822, #1871, #5615, .T. ) ;
#1317 = CARTESIAN_POINT ( 'NONE',  ( 15.00000000000000000, 1.000000000000000000, 25.22500000000000853 ) ) ;
#1318 = DIRECTION ( 'NONE',  ( 9.427844978134821433E-17, 0.0000000000000000000, 1.000000000000000000 ) ) ;
#1319 = PRESENTATION_LAYER_ASSIGNMENT (  '', '', ( #2616 ) ) ;
#1320 = UNCERTAINTY_MEASURE_WITH_UNIT (LENGTH_MEASURE( 1.000000000000000082E-05 ), #470, 'distance_accuracy_value', 'NONE');
#1321 = EDGE_LOOP ( 'NONE', ( #11799, #8495, #8611, #4371 ) ) ;
#1322 = LINE ( 'NONE', #10321, #5069 ) ;
#1323 =( NAMED_UNIT ( * ) PLANE_ANGLE_UNIT ( ) SI_UNIT ( $, .RADIAN. ) );
#1324 = VECTOR ( 'NONE', #11070, 1000.000000000000000 ) ;
#1325 =( NAMED_UNIT ( * ) SI_UNIT ( $, .STERADIAN. ) SOLID_ANGLE_UNIT ( ) );
#1326 = SURFACE_STYLE_FILL_AREA ( #5399 ) ;
#1327 = VERTEX_POINT ( 'NONE', #9799 ) ;
#1328 = CARTESIAN_POINT ( 'NONE',  ( -15.00000000000000000, 0.0000000000000000000, 25.22500000000000853 ) ) ;
#1329 = EDGE_CURVE ( 'NONE', #12795, #11634, #2710, .T. ) ;
#1330 = EDGE_CURVE ( 'NONE', #8886, #7289, #8784, .T. ) ;
#1331 = ORIENTED_EDGE ( 'NONE', *, *, #9764, .F. ) ;
#1332 = EDGE_CURVE ( 'NONE', #10464, #11297, #439, .T. ) ;
#1333 = PRESENTATION_STYLE_ASSIGNMENT (( #5600 ) ) ;
#1334 = AXIS2_PLACEMENT_3D ( 'NONE', #11247, #823, #3894 ) ;
#1335 = DIRECTION ( 'NONE',  ( -0.0000000000000000000, -1.000000000000000000, -0.0000000000000000000 ) ) ;
#1336 = ADVANCED_FACE ( 'NONE', ( #12926 ), #3639, .F. ) ;
#1337 = ORIENTED_EDGE ( 'NONE', *, *, #9112, .T. ) ;
#1338 = EDGE_CURVE ( 'NONE', #82, #371, #4377, .T. ) ;
#1339 = DIRECTION ( 'NONE',  ( 1.021426973097236944E-16, 0.0000000000000000000, 1.000000000000000000 ) ) ;
#1340 = UNCERTAINTY_MEASURE_WITH_UNIT (LENGTH_MEASURE( 1.000000000000000082E-05 ), #8973, 'distance_accuracy_value', 'NONE');
#1341 = ORIENTED_EDGE ( 'NONE', *, *, #8665, .T. ) ;
#1342 = FILL_AREA_STYLE_COLOUR ( '', #2487 ) ;
#1343 = STYLED_ITEM ( 'NONE', ( #6201 ), #6205 ) ;
#1344 = ORIENTED_EDGE ( 'NONE', *, *, #11328, .F. ) ;
#1345 = CARTESIAN_POINT ( 'NONE',  ( -1.299999999999998268, -0.001000000000000000021, 22.92500000000000782 ) ) ;
#1346 =( GEOMETRIC_REPRESENTATION_CONTEXT ( 3 ) GLOBAL_UNCERTAINTY_ASSIGNED_CONTEXT ( ( #3518 ) ) GLOBAL_UNIT_ASSIGNED_CONTEXT ( ( #1898, #5019, #12301 ) ) REPRESENTATION_CONTEXT ( 'NONE', 'WORKASPACE' ) );
#1347 = EDGE_CURVE ( 'NONE', #13438, #11544, #12614, .T. ) ;
#1348 = VERTEX_POINT ( 'NONE', #6965 ) ;
#1349 = CARTESIAN_POINT ( 'NONE',  ( -6.899999999999998579, -0.001000000000000126222, 22.92500000000001137 ) ) ;
#1350 = PRESENTATION_LAYER_ASSIGNMENT (  '', '', ( #9325 ) ) ;
#1351 = EDGE_CURVE ( 'NONE', #5126, #11945, #11091, .T. ) ;
#1352 = FILL_AREA_STYLE ('',( #367 ) ) ;
#1353 = PRESENTATION_LAYER_ASSIGNMENT (  '', '', ( #5242 ) ) ;
#1354 = EDGE_LOOP ( 'NONE', ( #5949, #8812, #8803, #13435 ) ) ;
#1355 = AXIS2_PLACEMENT_3D ( 'NONE', #12130, #828, #7009 ) ;
#1356 = LINE ( 'NONE', #12789, #6772 ) ;
#1357 = LINE ( 'NONE', #9608, #4874 ) ;
#1358 = SURFACE_STYLE_USAGE ( .BOTH. , #5624 ) ;
#1359 = UNCERTAINTY_MEASURE_WITH_UNIT (LENGTH_MEASURE( 1.000000000000000082E-05 ), #2857, 'distance_accuracy_value', 'NONE');
#1360 = ORIENTED_EDGE ( 'NONE', *, *, #8361, .T. ) ;
#1361 = LINE ( 'NONE', #7310, #539 ) ;
#1362 = PLANE ( 'NONE',  #5200 ) ;
#1363 = CARTESIAN_POINT ( 'NONE',  ( 7.100000000000004086, 1.000999999999999890, 22.92499999999999716 ) ) ;
#1364 =( LENGTH_UNIT ( ) NAMED_UNIT ( * ) SI_UNIT ( .MILLI., .METRE. ) );
#1365 = ORIENTED_EDGE ( 'NONE', *, *, #12245, .T. ) ;
#1366 = SURFACE_SIDE_STYLE ('',( #11716 ) ) ;
#1367 = FILL_AREA_STYLE_COLOUR ( '', #10594 ) ;
#1368 = AXIS2_PLACEMENT_3D ( 'NONE', #165, #29, #2168 ) ;
#1369 = EDGE_CURVE ( 'NONE', #3276, #7429, #10546, .T. ) ;
#1370 = LINE ( 'NONE', #12592, #3178 ) ;
#1371 = COLOUR_RGB ( '',1.000000000000000000, 1.000000000000000000, 0.0000000000000000000 ) ;
#1372 = LINE ( 'NONE', #3337, #1044 ) ;
#1373 = LINE ( 'NONE', #6384, #7409 ) ;
#1374 = DIRECTION ( 'NONE',  ( -1.000000000000000000, 0.0000000000000000000, 9.427844978134821433E-17 ) ) ;
#1375 = ORIENTED_EDGE ( 'NONE', *, *, #9418, .T. ) ;
#1376 = FACE_OUTER_BOUND ( 'NONE', #10127, .T. ) ;
#1377 = VECTOR ( 'NONE', #6967, 1000.000000000000000 ) ;
#1378 = FACE_OUTER_BOUND ( 'NONE', #12901, .T. ) ;
#1379 = CARTESIAN_POINT ( 'NONE',  ( 3.900000000000003908, 1.000999999999999890, 25.22500000000000142 ) ) ;
#1380 = ORIENTED_EDGE ( 'NONE', *, *, #7124, .F. ) ;
#1381 = CARTESIAN_POINT ( 'NONE',  ( 1.300000000000003375, 1.000000000000000000, 22.92500000000000426 ) ) ;
#1382 = FILL_AREA_STYLE ('',( #2251 ) ) ;
#1383 = LINE ( 'NONE', #11338, #3856 ) ;
#1384 = DIRECTION ( 'NONE',  ( -1.000000000000000000, 0.0000000000000000000, -0.0000000000000000000 ) ) ;
#1385 = ORIENTED_EDGE ( 'NONE', *, *, #6536, .T. ) ;
#1386 = AXIS2_PLACEMENT_3D ( 'NONE', #3153, #10587, #209 ) ;
#1387 = SURFACE_SIDE_STYLE ('',( #5316 ) ) ;
#1388 = VECTOR ( 'NONE', #11394, 1000.000000000000000 ) ;
#1389 = VECTOR ( 'NONE', #3746, 1000.000000000000000 ) ;
#1390 = PRESENTATION_STYLE_ASSIGNMENT (( #4571 ) ) ;
#1391 = EDGE_LOOP ( 'NONE', ( #4337, #2314, #11301, #7508 ) ) ;
#1392 = VECTOR ( 'NONE', #7745, 1000.000000000000000 ) ;
#1393 = DIRECTION ( 'NONE',  ( 1.000000000000000000, 0.0000000000000000000, -0.0000000000000000000 ) ) ;
#1394 = CARTESIAN_POINT ( 'NONE',  ( -11.29999999999999538, 1.000999999999999890, 25.22500000000001208 ) ) ;
#1395 = PLANE ( 'NONE',  #8700 ) ;
#1396 = STYLED_ITEM ( 'NONE', ( #5366 ), #7125 ) ;
#1397 = FACE_OUTER_BOUND ( 'NONE', #4539, .T. ) ;
#1398 =( GEOMETRIC_REPRESENTATION_CONTEXT ( 3 ) GLOBAL_UNCERTAINTY_ASSIGNED_CONTEXT ( ( #7833 ) ) GLOBAL_UNIT_ASSIGNED_CONTEXT ( ( #4266, #13395, #4125 ) ) REPRESENTATION_CONTEXT ( 'NONE', 'WORKASPACE' ) );
#1399 = ORIENTED_EDGE ( 'NONE', *, *, #8555, .T. ) ;
#1400 =( LENGTH_UNIT ( ) NAMED_UNIT ( * ) SI_UNIT ( .MILLI., .METRE. ) );
#1401 = STYLED_ITEM ( 'NONE', ( #1099 ), #11505 ) ;
#1402 = DIRECTION ( 'NONE',  ( 0.0000000000000000000, -0.0000000000000000000, -1.000000000000000000 ) ) ;
#1403 = CARTESIAN_POINT ( 'NONE',  ( -0.2999999999999966582, 1.000999999999999890, 22.92500000000000782 ) ) ;
#1404 = VERTEX_POINT ( 'NONE', #787 ) ;
#1405 = CARTESIAN_POINT ( 'NONE',  ( 9.199999999999999289, -1.350000000000000089, -25.47499999999999432 ) ) ;
#1406 = COLOUR_RGB ( '',1.000000000000000000, 1.000000000000000000, 0.0000000000000000000 ) ;
#1407 = ADVANCED_FACE ( 'NONE', ( #6328 ), #5966, .F. ) ;
#1408 = PLANE ( 'NONE',  #841 ) ;
#1409 = VECTOR ( 'NONE', #12443, 1000.000000000000000 ) ;
#1410 = DIRECTION ( 'NONE',  ( -1.000000000000000000, 0.0000000000000000000, 0.0000000000000000000 ) ) ;
#1411 = ADVANCED_FACE ( 'NONE', ( #4943 ), #4247, .F. ) ;
#1412 = ORIENTED_EDGE ( 'NONE', *, *, #6553, .T. ) ;
#1413 = ADVANCED_FACE ( 'NONE', ( #5325 ), #5187, .F. ) ;
#1414 = SURFACE_STYLE_FILL_AREA ( #6477 ) ;
#1415 =( GEOMETRIC_REPRESENTATION_CONTEXT ( 3 ) GLOBAL_UNCERTAINTY_ASSIGNED_CONTEXT ( ( #8224 ) ) GLOBAL_UNIT_ASSIGNED_CONTEXT ( ( #1277, #11772, #435 ) ) REPRESENTATION_CONTEXT ( 'NONE', 'WORKASPACE' ) );
#1416 = ORIENTED_EDGE ( 'NONE', *, *, #4991, .F. ) ;
#1417 = CARTESIAN_POINT ( 'NONE',  ( -9.299999999999998934, -5.046468293750710023E-16, 25.22500000000001208 ) ) ;
#1418 = DIRECTION ( 'NONE',  ( -1.000000000000000000, -0.0000000000000000000, -0.0000000000000000000 ) ) ;
#1419 = DIRECTION ( 'NONE',  ( -0.0000000000000000000, 1.000000000000000000, -0.0000000000000000000 ) ) ;
#1420 = ORIENTED_EDGE ( 'NONE', *, *, #3144, .F. ) ;
#1421 = PRESENTATION_LAYER_ASSIGNMENT (  '', '', ( #10921 ) ) ;
#1422 = ORIENTED_EDGE ( 'NONE', *, *, #9328, .T. ) ;
#1423 = ADVANCED_FACE ( 'NONE', ( #11677 ), #9637, .F. ) ;
#1424 =( NAMED_UNIT ( * ) PLANE_ANGLE_UNIT ( ) SI_UNIT ( $, .RADIAN. ) );
#1425 = PLANE ( 'NONE',  #9843 ) ;
#1426 = ORIENTED_EDGE ( 'NONE', *, *, #2560, .T. ) ;
#1427 = EDGE_CURVE ( 'NONE', #2794, #3340, #11814, .T. ) ;
#1428 = COLOUR_RGB ( '',1.000000000000000000, 1.000000000000000000, 0.0000000000000000000 ) ;
#1429 = DIRECTION ( 'NONE',  ( 3.771137991253928573E-16, 0.0000000000000000000, -1.000000000000000000 ) ) ;
#1430 = VECTOR ( 'NONE', #11858, 1000.000000000000000 ) ;
#1431 = ORIENTED_EDGE ( 'NONE', *, *, #10168, .T. ) ;
#1432 = FILL_AREA_STYLE_COLOUR ( '', #13323 ) ;
#1433 = DIRECTION ( 'NONE',  ( -1.000000000000000000, -0.0000000000000000000, -0.0000000000000000000 ) ) ;
#1434 = PLANE ( 'NONE',  #3104 ) ;
#1435 = ORIENTED_EDGE ( 'NONE', *, *, #7705, .T. ) ;
#1436 = CARTESIAN_POINT ( 'NONE',  ( -10.29999999999999893, -0.001000000000000757011, 22.92500000000001137 ) ) ;
#1437 =( NAMED_UNIT ( * ) SI_UNIT ( $, .STERADIAN. ) SOLID_ANGLE_UNIT ( ) );
#1438 =( GEOMETRIC_REPRESENTATION_CONTEXT ( 3 ) GLOBAL_UNCERTAINTY_ASSIGNED_CONTEXT ( ( #11316 ) ) GLOBAL_UNIT_ASSIGNED_CONTEXT ( ( #3580, #10963, #444 ) ) REPRESENTATION_CONTEXT ( 'NONE', 'WORKASPACE' ) );
#1439 =( NAMED_UNIT ( * ) SI_UNIT ( $, .STERADIAN. ) SOLID_ANGLE_UNIT ( ) );
#1440 = CARTESIAN_POINT ( 'NONE',  ( 10.30000000000000426, 1.000000000000000000, 25.22499999999999787 ) ) ;
#1441 = LINE ( 'NONE', #8666, #3979 ) ;
#1442 = ORIENTED_EDGE ( 'NONE', *, *, #11608, .F. ) ;
#1443 = CARTESIAN_POINT ( 'NONE',  ( 0.9000000000000019096, -0.001000000000000000021, 25.22500000000000497 ) ) ;
#1444 = DIRECTION ( 'NONE',  ( -0.0000000000000000000, 1.000000000000000000, -0.0000000000000000000 ) ) ;
#1445 = FACE_OUTER_BOUND ( 'NONE', #1893, .T. ) ;
#1446 = ORIENTED_EDGE ( 'NONE', *, *, #1748, .T. ) ;
#1447 = CARTESIAN_POINT ( 'NONE',  ( 8.300000000000002487, -0.001000000000000000021, 25.22499999999999787 ) ) ;
#1448 = DIRECTION ( 'NONE',  ( 1.885568995626964287E-16, 0.0000000000000000000, -1.000000000000000000 ) ) ;
#1449 = DIRECTION ( 'NONE',  ( 0.0000000000000000000, 0.0000000000000000000, 1.000000000000000000 ) ) ;
#1450 = SURFACE_STYLE_FILL_AREA ( #2387 ) ;
#1451 = VERTEX_POINT ( 'NONE', #7611 ) ;
#1452 = FILL_AREA_STYLE ('',( #8612 ) ) ;
#1453 = SURFACE_STYLE_FILL_AREA ( #6796 ) ;
#1454 =( NAMED_UNIT ( * ) SI_UNIT ( $, .STERADIAN. ) SOLID_ANGLE_UNIT ( ) );
#1455 = VERTEX_POINT ( 'NONE', #8550 ) ;
#1456 = VECTOR ( 'NONE', #4772, 1000.000000000000000 ) ;
#1457 = AXIS2_PLACEMENT_3D ( 'NONE', #10303, #46, #1032 ) ;
#1458 = SURFACE_SIDE_STYLE ('',( #338 ) ) ;
#1459 = SURFACE_STYLE_USAGE ( .BOTH. , #6458 ) ;
#1460 = DIRECTION ( 'NONE',  ( -1.000000000000000000, 0.0000000000000000000, 0.0000000000000000000 ) ) ;
#1461 = FILL_AREA_STYLE_COLOUR ( '', #7872 ) ;
#1462 = UNCERTAINTY_MEASURE_WITH_UNIT (LENGTH_MEASURE( 1.000000000000000082E-05 ), #7796, 'distance_accuracy_value', 'NONE');
#1463 = VERTEX_POINT ( 'NONE', #10646 ) ;
#1464 = LINE ( 'NONE', #4584, #9481 ) ;
#1466 =( GEOMETRIC_REPRESENTATION_CONTEXT ( 3 ) GLOBAL_UNCERTAINTY_ASSIGNED_CONTEXT ( ( #5007 ) ) GLOBAL_UNIT_ASSIGNED_CONTEXT ( ( #8930, #802, #6917 ) ) REPRESENTATION_CONTEXT ( 'NONE', 'WORKASPACE' ) );
#1465 = SURFACE_STYLE_USAGE ( .BOTH. , #1529 ) ;
#1467 = ORIENTED_EDGE ( 'NONE', *, *, #3748, .T. ) ;
#1468 = CARTESIAN_POINT ( 'NONE',  ( -10.49999999999999467, 1.000000000000000000, 25.22500000000001208 ) ) ;
#1469 = MECHANICAL_DESIGN_GEOMETRIC_PRESENTATION_REPRESENTATION (  '', ( #11400 ), #8371 ) ;
#1470 =( NAMED_UNIT ( * ) SI_UNIT ( $, .STERADIAN. ) SOLID_ANGLE_UNIT ( ) );
#1471 = CARTESIAN_POINT ( 'NONE',  ( 15.00000000000000000, 1.000000000000000000, -25.47499999999999432 ) ) ;
#1472 =( GEOMETRIC_REPRESENTATION_CONTEXT ( 3 ) GLOBAL_UNCERTAINTY_ASSIGNED_CONTEXT ( ( #6338 ) ) GLOBAL_UNIT_ASSIGNED_CONTEXT ( ( #3704, #10806, #1549 ) ) REPRESENTATION_CONTEXT ( 'NONE', 'WORKASPACE' ) );
#1473 = CARTESIAN_POINT ( 'NONE',  ( 1.300000000000002487, 1.000000000000000000, 22.92500000000000426 ) ) ;
#1474 = VECTOR ( 'NONE', #10902, 1000.000000000000000 ) ;
#1475 =( LENGTH_UNIT ( ) NAMED_UNIT ( * ) SI_UNIT ( .MILLI., .METRE. ) );
#1476 = UNCERTAINTY_MEASURE_WITH_UNIT (LENGTH_MEASURE( 1.000000000000000082E-05 ), #123, 'distance_accuracy_value', 'NONE');
#1477 = APPLICATION_CONTEXT ( 'automotive_design' ) ;
#1478 = ORIENTED_EDGE ( 'NONE', *, *, #8685, .F. ) ;
#1479 = PLANE ( 'NONE',  #5485 ) ;
#1480 = LINE ( 'NONE', #5684, #7242 ) ;
#1481 = CARTESIAN_POINT ( 'NONE',  ( 10.50000000000000178, 0.0000000000000000000, 25.22499999999999787 ) ) ;
#1482 = CARTESIAN_POINT ( 'NONE',  ( 8.500000000000003553, 1.000999999999999890, 22.92499999999999716 ) ) ;
#1483 = ORIENTED_EDGE ( 'NONE', *, *, #317, .F. ) ;
#1484 = CLOSED_SHELL ( 'NONE', ( #2995, #6956, #2765, #6155, #6207, #2987, #3749, #7542, #12071, #2679, #7063, #9253, #12569, #1411, #2169, #11897, #831, #5397, #12739, #3156, #13185, #10269, #2832, #8513, #5348, #7624, #4897, #10822, #7166, #9580, #7351, #5544, #5998, #3981, #2553, #10937, #5567, #2333, #9146, #3081, #4323, #4244, #1423, #3400, #9093, #7889, #2525, #224, #1493, #5736, #12064, #2828, #9193, #10680, #6963, #1152, #13349, #2921, #7793, #7125, #728, #8051, #12925, #13409, #5234, #1161, #1336, #11483, #13429, #9606, #3391, #2916, #1230, #5388, #12487, #10253, #4579, #6709, #7700, #1413, #10508, #8509, #2327, #8119, #10186, #3472, #9010, #1988, #3086, #13314, #8591, #11423, #7630, #10828, #6541, #12961, #1854, #3335, #3722, #6975, #2146, #2654, #6459, #10351, #4907, #9825, #737, #5206, #12483, #517, #4000, #13167, #12481, #5487, #6434, #4171, #7206, #9201, #4823, #10173, #6137, #2787, #7547, #4975, #9923, #4918, #10328, #7044, #2082, #7682, #3560, #6214, #9265, #906, #8440, #454, #3641, #1583, #13408, #6471, #926, #12924, #6976, #381, #2007, #2493, #12909, #3896, #2336, #9541, #9113, #5970, #6887, #2303, #12156, #5162, #146, #1247, #4150, #2752, #9505, #3635, #7529, #9713, #6036, #6170, #9765, #2411, #1262, #8189, #12236, #1079, #5133, #10520, #7107, #11678, #8928, #7436, #13237, #5398, #11267, #5742, #9947, #9751, #1002, #13261, #8762, #9120, #6061, #6205, #3990, #9775, #10919, #5986, #5240, #2768, #6301, #4573, #11518, #11505, #11346, #10425, #4889, #2141, #9103, #1252, #748, #2162, #13415, #8429, #11169, #6292, #478, #4228, #403, #10258, #1535, #10009, #5997, #2069, #3723, #5150, #1647, #491, #7784, #10185, #294, #3946, #2763, #1826, #6285, #5743, #10754, #11193, #8018, #7543, #11259, #13256, #4737, #6543, #572, #6040, #3725, #2239, #6133, #12760, #6699, #7764, #342, #4912, #9119, #5290, #12752, #12673, #10925, #387, #11936, #6053, #9745, #6439, #2160, #11341, #12249, #840, #5756, #7520, #7689, #4494, #11916, #5979, #11692, #5214, #3293, #1956, #12323, #12634, #2481, #6199, #6307, #6785, #69, #8768, #640, #11752 ) ) ;
#1485 = VECTOR ( 'NONE', #1798, 1000.000000000000000 ) ;
#1486 = CARTESIAN_POINT ( 'NONE',  ( -8.099999999999996092, 1.000999999999999890, 22.92500000000001137 ) ) ;
#1487 = EDGE_CURVE ( 'NONE', #7360, #7813, #9700, .T. ) ;
#1488 = FILL_AREA_STYLE ('',( #10736 ) ) ;
#1489 = CARTESIAN_POINT ( 'NONE',  ( -7.899999999999997691, -0.001000000000000378407, 22.92500000000001137 ) ) ;
#1490 = EDGE_LOOP ( 'NONE', ( #8298, #1306, #3137, #10099 ) ) ;
#1491 = CARTESIAN_POINT ( 'NONE',  ( -8.099999999999996092, 1.000999999999999890, 25.22500000000001208 ) ) ;
#1493 = ADVANCED_FACE ( 'NONE', ( #2330 ), #10776, .T. ) ;
#1492 = PRESENTATION_STYLE_ASSIGNMENT (( #13005 ) ) ;
#1494 = FILL_AREA_STYLE ('',( #4611 ) ) ;
#1495 = DIRECTION ( 'NONE',  ( 1.000000000000000000, 0.0000000000000000000, 0.0000000000000000000 ) ) ;
#1496 = SURFACE_STYLE_USAGE ( .BOTH. , #7854 ) ;
#1497 = ORIENTED_EDGE ( 'NONE', *, *, #11428, .F. ) ;
#1498 = SURFACE_STYLE_FILL_AREA ( #4490 ) ;
#1499 = EDGE_CURVE ( 'NONE', #3584, #12604, #12065, .T. ) ;
#1500 = EDGE_CURVE ( 'NONE', #8288, #3731, #613, .T. ) ;
#1501 = DIRECTION ( 'NONE',  ( -0.0000000000000000000, 1.000000000000000000, -0.0000000000000000000 ) ) ;
#1502 = PLANE ( 'NONE',  #11951 ) ;
#1503 = DIRECTION ( 'NONE',  ( 0.0000000000000000000, 0.0000000000000000000, 1.000000000000000000 ) ) ;
#1504 = ORIENTED_EDGE ( 'NONE', *, *, #10190, .T. ) ;
#1506 = EDGE_CURVE ( 'NONE', #3537, #11835, #2817, .T. ) ;
#1505 = DIRECTION ( 'NONE',  ( 1.000000000000000000, 0.0000000000000000000, 0.0000000000000000000 ) ) ;
#1507 = CARTESIAN_POINT ( 'NONE',  ( 9.099999999999999645, 0.0000000000000000000, 25.22499999999999787 ) ) ;
#1508 = EDGE_CURVE ( 'NONE', #8069, #6900, #1863, .T. ) ;
#1509 = ORIENTED_EDGE ( 'NONE', *, *, #3139, .T. ) ;
#1510 = LINE ( 'NONE', #7732, #9076 ) ;
#1511 = CARTESIAN_POINT ( 'NONE',  ( -2.099999999999998757, 0.0000000000000000000, 25.22500000000000853 ) ) ;
#1512 =( GEOMETRIC_REPRESENTATION_CONTEXT ( 3 ) GLOBAL_UNCERTAINTY_ASSIGNED_CONTEXT ( ( #7580 ) ) GLOBAL_UNIT_ASSIGNED_CONTEXT ( ( #1852, #960, #7250 ) ) REPRESENTATION_CONTEXT ( 'NONE', 'WORKASPACE' ) );
#1513 = MECHANICAL_DESIGN_GEOMETRIC_PRESENTATION_REPRESENTATION (  '', ( #176 ), #4335 ) ;
#1514 = SURFACE_STYLE_FILL_AREA ( #674 ) ;
#1515 = ORIENTED_EDGE ( 'NONE', *, *, #10029, .T. ) ;
#1516 =( LENGTH_UNIT ( ) NAMED_UNIT ( * ) SI_UNIT ( .MILLI., .METRE. ) );
#1517 = DIRECTION ( 'NONE',  ( -9.427844978134821433E-17, -0.0000000000000000000, 1.000000000000000000 ) ) ;
#1518 = EDGE_CURVE ( 'NONE', #6430, #9880, #1929, .T. ) ;
#1519 = FACE_OUTER_BOUND ( 'NONE', #9511, .T. ) ;
#1520 = MECHANICAL_DESIGN_GEOMETRIC_PRESENTATION_REPRESENTATION (  '', ( #11448 ), #10792 ) ;
#1521 = AXIS2_PLACEMENT_3D ( 'NONE', #2436, #6845, #13075 ) ;
#1522 = PRESENTATION_STYLE_ASSIGNMENT (( #1459 ) ) ;
#1523 = LINE ( 'NONE', #6875, #2215 ) ;
#1524 = PLANE ( 'NONE',  #3770 ) ;
#1525 = CARTESIAN_POINT ( 'NONE',  ( 9.900000000000002132, -0.001000000000000000021, 22.92499999999999716 ) ) ;
#1526 = ORIENTED_EDGE ( 'NONE', *, *, #11015, .F. ) ;
#1527 = FILL_AREA_STYLE ('',( #2465 ) ) ;
#1528 = PRESENTATION_STYLE_ASSIGNMENT (( #11065 ) ) ;
#1529 = SURFACE_SIDE_STYLE ('',( #12765 ) ) ;
#1530 = EDGE_LOOP ( 'NONE', ( #925, #226, #4383, #11257 ) ) ;
#1531 = COLOUR_RGB ( '',1.000000000000000000, 1.000000000000000000, 0.0000000000000000000 ) ;
#1532 = CARTESIAN_POINT ( 'NONE',  ( 8.500000000000003553, 1.000000000000000000, 25.22499999999999787 ) ) ;
#1533 =( GEOMETRIC_REPRESENTATION_CONTEXT ( 3 ) GLOBAL_UNCERTAINTY_ASSIGNED_CONTEXT ( ( #6628 ) ) GLOBAL_UNIT_ASSIGNED_CONTEXT ( ( #2913, #12162, #705 ) ) REPRESENTATION_CONTEXT ( 'NONE', 'WORKASPACE' ) );
#1534 = VECTOR ( 'NONE', #10632, 1000.000000000000000 ) ;
#1535 = ADVANCED_FACE ( 'NONE', ( #4782 ), #4845, .F. ) ;
#1536 =( LENGTH_UNIT ( ) NAMED_UNIT ( * ) SI_UNIT ( .MILLI., .METRE. ) );
#1537 = VECTOR ( 'NONE', #1433, 1000.000000000000000 ) ;
#1538 = CARTESIAN_POINT ( 'NONE',  ( -9.200000000000006395, 3.399999999999999911, -25.47499999999999432 ) ) ;
#1539 = ORIENTED_EDGE ( 'NONE', *, *, #3310, .F. ) ;
#1540 = FACE_OUTER_BOUND ( 'NONE', #1490, .T. ) ;
#1541 = DIRECTION ( 'NONE',  ( 0.0000000000000000000, 0.0000000000000000000, -1.000000000000000000 ) ) ;
#1542 = DIRECTION ( 'NONE',  ( 1.000000000000000000, 0.0000000000000000000, 0.0000000000000000000 ) ) ;
#1543 = VECTOR ( 'NONE', #9334, 1000.000000000000000 ) ;
#1544 = FILL_AREA_STYLE_COLOUR ( '', #4034 ) ;
#1545 = ORIENTED_EDGE ( 'NONE', *, *, #9427, .T. ) ;
#1546 = DIRECTION ( 'NONE',  ( -3.771137991253928573E-16, -0.0000000000000000000, 1.000000000000000000 ) ) ;
#1547 = VECTOR ( 'NONE', #4071, 1000.000000000000000 ) ;
#1548 = CARTESIAN_POINT ( 'NONE',  ( -9.699999999999995737, 1.000999999999999890, 22.92500000000001137 ) ) ;
#1549 =( NAMED_UNIT ( * ) SI_UNIT ( $, .STERADIAN. ) SOLID_ANGLE_UNIT ( ) );
#1550 = DIRECTION ( 'NONE',  ( 1.000000000000000000, 0.0000000000000000000, 0.0000000000000000000 ) ) ;
#1551 = ORIENTED_EDGE ( 'NONE', *, *, #11608, .T. ) ;
#1552 = LINE ( 'NONE', #441, #11735 ) ;
#1553 = FILL_AREA_STYLE ('',( #10814 ) ) ;
#1554 = VECTOR ( 'NONE', #472, 1000.000000000000000 ) ;
#1555 = AXIS2_PLACEMENT_3D ( 'NONE', #5416, #7703, #6620 ) ;
#1556 = ORIENTED_EDGE ( 'NONE', *, *, #8763, .T. ) ;
#1557 = LINE ( 'NONE', #2643, #7918 ) ;
#1558 = CARTESIAN_POINT ( 'NONE',  ( 10.70000000000000107, -0.001000000000000000021, 25.22499999999999432 ) ) ;
#1559 =( NAMED_UNIT ( * ) SI_UNIT ( $, .STERADIAN. ) SOLID_ANGLE_UNIT ( ) );
#1560 = ORIENTED_EDGE ( 'NONE', *, *, #4940, .T. ) ;
#1561 = CARTESIAN_POINT ( 'NONE',  ( 9.099999999999999645, 0.0000000000000000000, 25.22499999999999787 ) ) ;
#1562 = EDGE_CURVE ( 'NONE', #2856, #4199, #9029, .T. ) ;
#1563 = VECTOR ( 'NONE', #2890, 1000.000000000000000 ) ;
#1564 = LINE ( 'NONE', #6038, #5811 ) ;
#1565 = CARTESIAN_POINT ( 'NONE',  ( 5.100000000000004086, 0.0000000000000000000, 22.92500000000000071 ) ) ;
#1566 = ORIENTED_EDGE ( 'NONE', *, *, #12005, .F. ) ;
#1567 = EDGE_CURVE ( 'NONE', #10800, #5248, #3833, .T. ) ;
#1568 = LINE ( 'NONE', #393, #421 ) ;
#1569 = EDGE_CURVE ( 'NONE', #1186, #913, #2680, .T. ) ;
#1570 = SURFACE_STYLE_FILL_AREA ( #9819 ) ;
#1571 = VERTEX_POINT ( 'NONE', #2889 ) ;
#1572 = CARTESIAN_POINT ( 'NONE',  ( 1.900000000000001465, 0.0000000000000000000, 25.22500000000000497 ) ) ;
#1573 = CARTESIAN_POINT ( 'NONE',  ( 1.900000000000002354, 0.0000000000000000000, 22.92500000000000426 ) ) ;
#1574 =( GEOMETRIC_REPRESENTATION_CONTEXT ( 3 ) GLOBAL_UNCERTAINTY_ASSIGNED_CONTEXT ( ( #1462 ) ) GLOBAL_UNIT_ASSIGNED_CONTEXT ( ( #7796, #11797, #9682 ) ) REPRESENTATION_CONTEXT ( 'NONE', 'WORKASPACE' ) );
#1575 = ORIENTED_EDGE ( 'NONE', *, *, #5654, .T. ) ;
#1576 = CARTESIAN_POINT ( 'NONE',  ( -10.09999999999999787, -6.308085367188387283E-16, 25.22500000000001208 ) ) ;
#1577 = CARTESIAN_POINT ( 'NONE',  ( 11.10000000000000497, 1.000000000000000000, 25.22500000000000853 ) ) ;
#1578 = VECTOR ( 'NONE', #7498, 1000.000000000000000 ) ;
#1579 = PLANE ( 'NONE',  #3492 ) ;
#1580 = ORIENTED_EDGE ( 'NONE', *, *, #12087, .T. ) ;
#1581 =( GEOMETRIC_REPRESENTATION_CONTEXT ( 3 ) GLOBAL_UNCERTAINTY_ASSIGNED_CONTEXT ( ( #3229 ) ) GLOBAL_UNIT_ASSIGNED_CONTEXT ( ( #9322, #94, #9519 ) ) REPRESENTATION_CONTEXT ( 'NONE', 'WORKASPACE' ) );
#1582 = EDGE_CURVE ( 'NONE', #6430, #1111, #3966, .T. ) ;
#1583 = ADVANCED_FACE ( 'NONE', ( #7008 ), #6803, .F. ) ;
#1584 = CARTESIAN_POINT ( 'NONE',  ( -4.599999999999996092, 0.2500000000000016098, 25.47500000000000853 ) ) ;
#1585 = MECHANICAL_DESIGN_GEOMETRIC_PRESENTATION_REPRESENTATION (  '', ( #11527 ), #11956 ) ;
#1586 = STYLED_ITEM ( 'NONE', ( #8067 ), #10828 ) ;
#1587 =( NAMED_UNIT ( * ) PLANE_ANGLE_UNIT ( ) SI_UNIT ( $, .RADIAN. ) );
#1588 = PLANE ( 'NONE',  #7840 ) ;
#1589 = DIRECTION ( 'NONE',  ( -1.000000000000000000, 0.0000000000000000000, 0.0000000000000000000 ) ) ;
#1590 = DIRECTION ( 'NONE',  ( -1.000000000000000000, -0.0000000000000000000, -0.0000000000000000000 ) ) ;
#1591 = EDGE_CURVE ( 'NONE', #5267, #12287, #10497, .T. ) ;
#1592 = PRESENTATION_STYLE_ASSIGNMENT (( #3610 ) ) ;
#1593 = UNCERTAINTY_MEASURE_WITH_UNIT (LENGTH_MEASURE( 1.000000000000000082E-05 ), #6329, 'distance_accuracy_value', 'NONE');
#1594 = ORIENTED_EDGE ( 'NONE', *, *, #9937, .T. ) ;
#1595 =( NAMED_UNIT ( * ) PLANE_ANGLE_UNIT ( ) SI_UNIT ( $, .RADIAN. ) );
#1596 = AXIS2_PLACEMENT_3D ( 'NONE', #9117, #914, #9192 ) ;
#1597 = SURFACE_STYLE_FILL_AREA ( #10861 ) ;
#1598 = ORIENTED_EDGE ( 'NONE', *, *, #379, .F. ) ;
#1599 = VECTOR ( 'NONE', #12893, 1000.000000000000000 ) ;
#1600 = CARTESIAN_POINT ( 'NONE',  ( 7.500000000000002665, -0.001000000000000000021, 25.22499999999999787 ) ) ;
#1601 = COLOUR_RGB ( '',1.000000000000000000, 1.000000000000000000, 0.0000000000000000000 ) ;
#1602 = DIRECTION ( 'NONE',  ( 1.885568995626964287E-16, 0.0000000000000000000, -1.000000000000000000 ) ) ;
#1603 = AXIS2_PLACEMENT_3D ( 'NONE', #6376, #4089, #10362 ) ;
#1604 = STYLED_ITEM ( 'NONE', ( #1128 ), #6040 ) ;
#1605 = VECTOR ( 'NONE', #9171, 1000.000000000000000 ) ;
#1606 = FILL_AREA_STYLE_COLOUR ( '', #10624 ) ;
#1607 = UNCERTAINTY_MEASURE_WITH_UNIT (LENGTH_MEASURE( 1.000000000000000082E-05 ), #12798, 'distance_accuracy_value', 'NONE');
#1608 = VERTEX_POINT ( 'NONE', #3072 ) ;
#1609 = CARTESIAN_POINT ( 'NONE',  ( -3.099999999999996980, 0.2499999999999994171, 25.47500000000000853 ) ) ;
#1610 = PRESENTATION_STYLE_ASSIGNMENT (( #10873 ) ) ;
#1611 = LINE ( 'NONE', #5762, #7507 ) ;
#1612 = DIRECTION ( 'NONE',  ( -0.0000000000000000000, -1.000000000000000000, -0.0000000000000000000 ) ) ;
#1613 = AXIS2_PLACEMENT_3D ( 'NONE', #9139, #11977, #5977 ) ;
#1614 = SURFACE_STYLE_FILL_AREA ( #4473 ) ;
#1615 = CARTESIAN_POINT ( 'NONE',  ( 6.100000000000003197, 1.000999999999999890, 22.92500000000000071 ) ) ;
#1616 = ORIENTED_EDGE ( 'NONE', *, *, #4361, .T. ) ;
#1617 = CARTESIAN_POINT ( 'NONE',  ( 9.100000000000001421, 0.0000000000000000000, 22.92499999999999716 ) ) ;
#1618 = PRODUCT_CONTEXT ( 'NONE', #1477, 'mechanical' ) ;
#1619 = MECHANICAL_DESIGN_GEOMETRIC_PRESENTATION_REPRESENTATION (  '', ( #5286 ), #13294 ) ;
#1620 = FILL_AREA_STYLE ('',( #6678 ) ) ;
#1621 = VERTEX_POINT ( 'NONE', #11310 ) ;
#1622 = SURFACE_STYLE_USAGE ( .BOTH. , #11843 ) ;
#1623 = FILL_AREA_STYLE_COLOUR ( '', #11322 ) ;
#1624 = UNCERTAINTY_MEASURE_WITH_UNIT (LENGTH_MEASURE( 1.000000000000000082E-05 ), #10428, 'distance_accuracy_value', 'NONE');
#1625 =( LENGTH_UNIT ( ) NAMED_UNIT ( * ) SI_UNIT ( .MILLI., .METRE. ) );
#1626 =( LENGTH_UNIT ( ) NAMED_UNIT ( * ) SI_UNIT ( .MILLI., .METRE. ) );
#1627 = UNCERTAINTY_MEASURE_WITH_UNIT (LENGTH_MEASURE( 1.000000000000000082E-05 ), #4274, 'distance_accuracy_value', 'NONE');
#1628 = VECTOR ( 'NONE', #2621, 1000.000000000000000 ) ;
#1629 = VERTEX_POINT ( 'NONE', #10365 ) ;
#1630 = DIRECTION ( 'NONE',  ( -0.0000000000000000000, 1.000000000000000000, -0.0000000000000000000 ) ) ;
#1631 = VECTOR ( 'NONE', #11783, 1000.000000000000000 ) ;
#1632 = LINE ( 'NONE', #5781, #2904 ) ;
#1633 = ORIENTED_EDGE ( 'NONE', *, *, #11680, .F. ) ;
#1634 = DIRECTION ( 'NONE',  ( 1.000000000000000000, 0.0000000000000000000, 0.0000000000000000000 ) ) ;
#1635 = DIRECTION ( 'NONE',  ( -1.000000000000000000, 0.0000000000000000000, 0.0000000000000000000 ) ) ;
#1636 = CARTESIAN_POINT ( 'NONE',  ( -6.099999999999998757, 0.0000000000000000000, 25.22500000000001208 ) ) ;
#1637 = STYLED_ITEM ( 'NONE', ( #10357 ), #9775 ) ;
#1638 = LINE ( 'NONE', #11854, #5359 ) ;
#1639 = STYLED_ITEM ( 'NONE', ( #4511 ), #2832 ) ;
#1640 = LINE ( 'NONE', #6987, #5372 ) ;
#1641 = EDGE_LOOP ( 'NONE', ( #5021, #10082, #11817, #9498 ) ) ;
#1642 = FACE_OUTER_BOUND ( 'NONE', #1876, .T. ) ;
#1643 = LINE ( 'NONE', #600, #3928 ) ;
#1644 = VERTEX_POINT ( 'NONE', #9417 ) ;
#1645 = CARTESIAN_POINT ( 'NONE',  ( -6.499999999999995559, 1.000999999999999890, 25.22500000000001208 ) ) ;
#1646 = FACE_OUTER_BOUND ( 'NONE', #1946, .T. ) ;
#1647 = ADVANCED_FACE ( 'NONE', ( #7317 ), #11525, .F. ) ;
#1648 = MECHANICAL_DESIGN_GEOMETRIC_PRESENTATION_REPRESENTATION (  '', ( #11591 ), #4468 ) ;
#1649 = PLANE ( 'NONE',  #9081 ) ;
#1650 = VECTOR ( 'NONE', #8588, 1000.000000000000000 ) ;
#1651 = ORIENTED_EDGE ( 'NONE', *, *, #7365, .T. ) ;
#1652 =( NAMED_UNIT ( * ) PLANE_ANGLE_UNIT ( ) SI_UNIT ( $, .RADIAN. ) );
#1653 = PRESENTATION_LAYER_ASSIGNMENT (  '', '', ( #11164 ) ) ;
#1654 =( NAMED_UNIT ( * ) SI_UNIT ( $, .STERADIAN. ) SOLID_ANGLE_UNIT ( ) );
#1655 = PRESENTATION_STYLE_ASSIGNMENT (( #2675 ) ) ;
#1656 = ORIENTED_EDGE ( 'NONE', *, *, #4154, .F. ) ;
#1657 = EDGE_CURVE ( 'NONE', #7595, #1276, #12518, .T. ) ;
#1658 = FACE_OUTER_BOUND ( 'NONE', #9689, .T. ) ;
#1659 = FILL_AREA_STYLE ('',( #10926 ) ) ;
#1660 = DIRECTION ( 'NONE',  ( 0.0000000000000000000, 0.0000000000000000000, 1.000000000000000000 ) ) ;
#1661 = CARTESIAN_POINT ( 'NONE',  ( -15.00000000000000000, 0.7499999999999997780, 25.47500000000000853 ) ) ;
#1662 = SURFACE_STYLE_FILL_AREA ( #10929 ) ;
#1663 = FILL_AREA_STYLE_COLOUR ( '', #2005 ) ;
#1664 = ORIENTED_EDGE ( 'NONE', *, *, #379, .T. ) ;
#1665 = DIRECTION ( 'NONE',  ( -0.0000000000000000000, -1.000000000000000000, -0.0000000000000000000 ) ) ;
#1666 = EDGE_CURVE ( 'NONE', #4035, #11634, #3262, .T. ) ;
#1667 = EDGE_LOOP ( 'NONE', ( #7047, #7202 ) ) ;
#1668 = DIRECTION ( 'NONE',  ( 1.000000000000000000, 0.0000000000000000000, 0.0000000000000000000 ) ) ;
#1669 = ORIENTED_EDGE ( 'NONE', *, *, #1347, .F. ) ;
#1670 = CARTESIAN_POINT ( 'NONE',  ( 3.900000000000003908, 1.000000000000000000, 25.22500000000000142 ) ) ;
#1671 = VECTOR ( 'NONE', #1996, 1000.000000000000000 ) ;
#1672 = EDGE_CURVE ( 'NONE', #12862, #10277, #4159, .T. ) ;
#1673 = CARTESIAN_POINT ( 'NONE',  ( 6.700000000000001954, -0.001000000000000000021, 25.22500000000000142 ) ) ;
#1674 = EDGE_CURVE ( 'NONE', #1171, #5877, #9350, .T. ) ;
#1675 =( LENGTH_UNIT ( ) NAMED_UNIT ( * ) SI_UNIT ( .MILLI., .METRE. ) );
#1676 = DIRECTION ( 'NONE',  ( 0.0000000000000000000, -0.0000000000000000000, 1.000000000000000000 ) ) ;
#1677 = ORIENTED_EDGE ( 'NONE', *, *, #5630, .F. ) ;
#1678 = DIRECTION ( 'NONE',  ( -0.0000000000000000000, 1.000000000000000000, -0.0000000000000000000 ) ) ;
#1679 = LINE ( 'NONE', #7973, #8531 ) ;
#1680 = EDGE_CURVE ( 'NONE', #8898, #6623, #7135, .T. ) ;
#1681 = DIRECTION ( 'NONE',  ( -0.0000000000000000000, 0.0000000000000000000, 1.000000000000000000 ) ) ;
#1682 = MECHANICAL_DESIGN_GEOMETRIC_PRESENTATION_REPRESENTATION (  '', ( #9249 ), #4277 ) ;
#1683 = SURFACE_SIDE_STYLE ('',( #9725 ) ) ;
#1684 = EDGE_LOOP ( 'NONE', ( #6542, #11040, #191, #5446 ) ) ;
#1685 =( NAMED_UNIT ( * ) SI_UNIT ( $, .STERADIAN. ) SOLID_ANGLE_UNIT ( ) );
#1686 = PRESENTATION_LAYER_ASSIGNMENT (  '', '', ( #6884 ) ) ;
#1687 = CARTESIAN_POINT ( 'NONE',  ( -6.099999999999997868, -0.001000000000000000021, 22.92500000000001137 ) ) ;
#1688 = SURFACE_STYLE_USAGE ( .BOTH. , #10953 ) ;
#1689 = DIRECTION ( 'NONE',  ( 0.0000000000000000000, -0.0000000000000000000, 1.000000000000000000 ) ) ;
#1690 = COLOUR_RGB ( '',1.000000000000000000, 1.000000000000000000, 0.0000000000000000000 ) ;
#1691 = ORIENTED_EDGE ( 'NONE', *, *, #4998, .T. ) ;
#1692 = CARTESIAN_POINT ( 'NONE',  ( -15.00000000000000533, 3.399999999999999911, -19.67499999999999361 ) ) ;
#1693 = LINE ( 'NONE', #5702, #2039 ) ;
#1694 =( NAMED_UNIT ( * ) PLANE_ANGLE_UNIT ( ) SI_UNIT ( $, .RADIAN. ) );
#1695 = CARTESIAN_POINT ( 'NONE',  ( 10.70000000000000107, -0.001000000000000000021, 25.22499999999999432 ) ) ;
#1696 = CARTESIAN_POINT ( 'NONE',  ( -6.699999999999995737, 1.000000000000000000, 22.92500000000001137 ) ) ;
#1697 = AXIS2_PLACEMENT_3D ( 'NONE', #9059, #3277, #10077 ) ;
#1698 = ORIENTED_EDGE ( 'NONE', *, *, #5464, .F. ) ;
#1699 = DIRECTION ( 'NONE',  ( -1.000000000000000000, 0.0000000000000000000, 0.0000000000000000000 ) ) ;
#1700 = CARTESIAN_POINT ( 'NONE',  ( 9.199999999999999289, 1.000000000000000000, -19.67499999999999361 ) ) ;
#1701 = FILL_AREA_STYLE ('',( #4952 ) ) ;
#1702 = SURFACE_STYLE_FILL_AREA ( #7655 ) ;
#1703 = ORIENTED_EDGE ( 'NONE', *, *, #12651, .T. ) ;
#1704 = SURFACE_STYLE_FILL_AREA ( #11978 ) ;
#1705 = DIRECTION ( 'NONE',  ( -0.0000000000000000000, -1.000000000000000000, -0.0000000000000000000 ) ) ;
#1706 = FACE_OUTER_BOUND ( 'NONE', #638, .T. ) ;
#1707 = FACE_OUTER_BOUND ( 'NONE', #9854, .T. ) ;
#1708 = CARTESIAN_POINT ( 'NONE',  ( 15.00000000000000000, 1.000000000000000000, -25.47499999999999432 ) ) ;
#1709 = ORIENTED_EDGE ( 'NONE', *, *, #10959, .F. ) ;
#1710 = DIRECTION ( 'NONE',  ( 0.0000000000000000000, 0.0000000000000000000, 1.000000000000000000 ) ) ;
#1711 =( NAMED_UNIT ( * ) PLANE_ANGLE_UNIT ( ) SI_UNIT ( $, .RADIAN. ) );
#1712 = ORIENTED_EDGE ( 'NONE', *, *, #6881, .F. ) ;
#1713 = PRESENTATION_STYLE_ASSIGNMENT (( #1916 ) ) ;
#1714 = FILL_AREA_STYLE ('',( #12816 ) ) ;
#1715 = PRESENTATION_STYLE_ASSIGNMENT (( #13028 ) ) ;
#1716 = DIRECTION ( 'NONE',  ( -9.427844978134821433E-17, -0.0000000000000000000, 1.000000000000000000 ) ) ;
#1717 = ORIENTED_EDGE ( 'NONE', *, *, #8160, .T. ) ;
#1719 = PRESENTATION_LAYER_ASSIGNMENT (  '', '', ( #11002 ) ) ;
#1718 = PRESENTATION_STYLE_ASSIGNMENT (( #10042 ) ) ;
#1720 = DIRECTION ( 'NONE',  ( 3.771137991253928573E-16, 0.0000000000000000000, -1.000000000000000000 ) ) ;
#1721 = DIRECTION ( 'NONE',  ( -9.427844978134821433E-17, -0.0000000000000000000, -1.000000000000000000 ) ) ;
#1722 = CARTESIAN_POINT ( 'NONE',  ( 4.500000000000003553, 1.000000000000000000, 25.22500000000000142 ) ) ;
#1723 = ORIENTED_EDGE ( 'NONE', *, *, #2316, .T. ) ;
#1724 = DIRECTION ( 'NONE',  ( -0.0000000000000000000, -1.000000000000000000, -0.0000000000000000000 ) ) ;
#1725 = DIRECTION ( 'NONE',  ( -0.0000000000000000000, 1.000000000000000000, -0.0000000000000000000 ) ) ;
#1726 = STYLED_ITEM ( 'NONE', ( #10061 ), #517 ) ;
#1727 = DIRECTION ( 'NONE',  ( 0.0000000000000000000, 1.000000000000000000, 0.0000000000000000000 ) ) ;
#1728 = CARTESIAN_POINT ( 'NONE',  ( -9.899999999999995026, 1.000999999999999890, 22.92500000000001137 ) ) ;
#1729 = LINE ( 'NONE', #11941, #2693 ) ;
#1730 = MECHANICAL_DESIGN_GEOMETRIC_PRESENTATION_REPRESENTATION (  '', ( #13184 ), #4109 ) ;
#1731 = UNCERTAINTY_MEASURE_WITH_UNIT (LENGTH_MEASURE( 1.000000000000000082E-05 ), #9768, 'distance_accuracy_value', 'NONE');
#1732 = EDGE_LOOP ( 'NONE', ( #5002, #1268, #3315, #6910 ) ) ;
#1733 = DIRECTION ( 'NONE',  ( -1.000000000000000000, 0.0000000000000000000, -0.0000000000000000000 ) ) ;
#1734 =( LENGTH_UNIT ( ) NAMED_UNIT ( * ) SI_UNIT ( .MILLI., .METRE. ) );
#1735 = EDGE_CURVE ( 'NONE', #9538, #7010, #3196, .T. ) ;
#1736 = ORIENTED_EDGE ( 'NONE', *, *, #12643, .F. ) ;
#1737 = DIRECTION ( 'NONE',  ( 1.000000000000000000, 0.0000000000000000000, -0.0000000000000000000 ) ) ;
#1738 = ORIENTED_EDGE ( 'NONE', *, *, #2574, .T. ) ;
#1739 = SURFACE_STYLE_FILL_AREA ( #10363 ) ;
#1740 = COLOUR_RGB ( '',1.000000000000000000, 1.000000000000000000, 0.0000000000000000000 ) ;
#1741 = STYLED_ITEM ( 'NONE', ( #7941 ), #12236 ) ;
#1742 = DIRECTION ( 'NONE',  ( -1.000000000000000000, 0.0000000000000000000, -0.0000000000000000000 ) ) ;
#1743 = EDGE_CURVE ( 'NONE', #2658, #7813, #10563, .T. ) ;
#1744 = UNCERTAINTY_MEASURE_WITH_UNIT (LENGTH_MEASURE( 1.000000000000000082E-05 ), #3906, 'distance_accuracy_value', 'NONE');
#1745 = VECTOR ( 'NONE', #7943, 1000.000000000000000 ) ;
#1746 = ORIENTED_EDGE ( 'NONE', *, *, #5482, .T. ) ;
#1747 = LINE ( 'NONE', #9996, #12178 ) ;
#1748 = EDGE_CURVE ( 'NONE', #10544, #1179, #11856, .T. ) ;
#1749 = DIRECTION ( 'NONE',  ( 1.000000000000000000, 0.0000000000000000000, -4.336808689942029076E-16 ) ) ;
#1750 = UNCERTAINTY_MEASURE_WITH_UNIT (LENGTH_MEASURE( 1.000000000000000082E-05 ), #7133, 'distance_accuracy_value', 'NONE');
#1751 = EDGE_CURVE ( 'NONE', #2139, #12000, #12732, .T. ) ;
#1752 = SURFACE_STYLE_FILL_AREA ( #10949 ) ;
#1753 = CARTESIAN_POINT ( 'NONE',  ( 4.300000000000001599, -0.001000000000000000021, 22.92500000000000071 ) ) ;
#1754 = ORIENTED_EDGE ( 'NONE', *, *, #8414, .T. ) ;
#1755 = FILL_AREA_STYLE_COLOUR ( '', #9400 ) ;
#1756 = CARTESIAN_POINT ( 'NONE',  ( -15.00000000000000000, 0.0000000000000000000, 25.22500000000000853 ) ) ;
#1757 = MECHANICAL_DESIGN_GEOMETRIC_PRESENTATION_REPRESENTATION (  '', ( #8656 ), #2846 ) ;
#1758 = EDGE_CURVE ( 'NONE', #13021, #13210, #3589, .T. ) ;
#1759 = EDGE_CURVE ( 'NONE', #5311, #3858, #7662, .T. ) ;
#1760 = SURFACE_STYLE_FILL_AREA ( #1620 ) ;
#1761 = VERTEX_POINT ( 'NONE', #11796 ) ;
#1762 = PRESENTATION_LAYER_ASSIGNMENT (  '', '', ( #7590 ) ) ;
#1763 = DIRECTION ( 'NONE',  ( 1.000000000000000000, 0.0000000000000000000, 0.0000000000000000000 ) ) ;
#1764 = FACE_OUTER_BOUND ( 'NONE', #9890, .T. ) ;
#1765 = UNCERTAINTY_MEASURE_WITH_UNIT (LENGTH_MEASURE( 1.000000000000000082E-05 ), #13295, 'distance_accuracy_value', 'NONE');
#1766 = FILL_AREA_STYLE_COLOUR ( '', #6323 ) ;
#1767 = EDGE_CURVE ( 'NONE', #11926, #8947, #6438, .T. ) ;
#1768 = MECHANICAL_DESIGN_GEOMETRIC_PRESENTATION_REPRESENTATION (  '', ( #4141 ), #12536 ) ;
#1769 = EDGE_CURVE ( 'NONE', #5877, #4416, #1372, .T. ) ;
#1770 = EDGE_LOOP ( 'NONE', ( #10490, #11480, #2301, #1556 ) ) ;
#1771 =( NAMED_UNIT ( * ) SI_UNIT ( $, .STERADIAN. ) SOLID_ANGLE_UNIT ( ) );
#1772 = MECHANICAL_DESIGN_GEOMETRIC_PRESENTATION_REPRESENTATION (  '', ( #8446 ), #5885 ) ;
#1773 = ORIENTED_EDGE ( 'NONE', *, *, #5819, .F. ) ;
#1774 = LINE ( 'NONE', #6981, #12411 ) ;
#1775 = DIRECTION ( 'NONE',  ( -9.427844978134821433E-17, -0.0000000000000000000, -1.000000000000000000 ) ) ;
#1776 = CARTESIAN_POINT ( 'NONE',  ( -8.499999999999996447, -0.001000000000000378407, 22.92500000000001137 ) ) ;
#1777 = DIRECTION ( 'NONE',  ( 0.0000000000000000000, 0.0000000000000000000, 1.000000000000000000 ) ) ;
#1778 = LINE ( 'NONE', #6853, #137 ) ;
#1779 = COLOUR_RGB ( '',1.000000000000000000, 1.000000000000000000, 0.0000000000000000000 ) ;
#1780 = CARTESIAN_POINT ( 'NONE',  ( 7.700000000000003730, 1.000000000000000000, 22.92499999999999716 ) ) ;
#1781 =( NAMED_UNIT ( * ) PLANE_ANGLE_UNIT ( ) SI_UNIT ( $, .RADIAN. ) );
#1782 =( GEOMETRIC_REPRESENTATION_CONTEXT ( 3 ) GLOBAL_UNCERTAINTY_ASSIGNED_CONTEXT ( ( #11352 ) ) GLOBAL_UNIT_ASSIGNED_CONTEXT ( ( #983, #2901, #5065 ) ) REPRESENTATION_CONTEXT ( 'NONE', 'WORKASPACE' ) );
#1783 = VERTEX_POINT ( 'NONE', #10829 ) ;
#1784 = DIRECTION ( 'NONE',  ( 1.000000000000000000, 0.0000000000000000000, 0.0000000000000000000 ) ) ;
#1785 = FILL_AREA_STYLE ('',( #4960 ) ) ;
#1786 = SURFACE_STYLE_FILL_AREA ( #7118 ) ;
#1787 = EDGE_LOOP ( 'NONE', ( #4857, #3929, #9393, #12256 ) ) ;
#1788 = DIRECTION ( 'NONE',  ( -0.0000000000000000000, -1.000000000000000000, -0.0000000000000000000 ) ) ;
#1789 = PLANE ( 'NONE',  #13110 ) ;
#1790 = DIRECTION ( 'NONE',  ( 1.000000000000000000, 0.0000000000000000000, 0.0000000000000000000 ) ) ;
#1791 = LINE ( 'NONE', #10982, #11688 ) ;
#1792 = VERTEX_POINT ( 'NONE', #11596 ) ;
#1793 = FILL_AREA_STYLE ('',( #11051 ) ) ;
#1794 =( GEOMETRIC_REPRESENTATION_CONTEXT ( 3 ) GLOBAL_UNCERTAINTY_ASSIGNED_CONTEXT ( ( #2565 ) ) GLOBAL_UNIT_ASSIGNED_CONTEXT ( ( #3741, #7733, #3469 ) ) REPRESENTATION_CONTEXT ( 'NONE', 'WORKASPACE' ) );
#1795 = VECTOR ( 'NONE', #2100, 1000.000000000000000 ) ;
#1796 = EDGE_LOOP ( 'NONE', ( #5274, #8890, #12435, #11722 ) ) ;
#1797 =( NAMED_UNIT ( * ) SI_UNIT ( $, .STERADIAN. ) SOLID_ANGLE_UNIT ( ) );
#1798 = DIRECTION ( 'NONE',  ( -1.000000000000000000, -0.0000000000000000000, -0.0000000000000000000 ) ) ;
#1799 =( NAMED_UNIT ( * ) SI_UNIT ( $, .STERADIAN. ) SOLID_ANGLE_UNIT ( ) );
#1800 =( GEOMETRIC_REPRESENTATION_CONTEXT ( 3 ) GLOBAL_UNCERTAINTY_ASSIGNED_CONTEXT ( ( #11487 ) ) GLOBAL_UNIT_ASSIGNED_CONTEXT ( ( #8823, #2684, #13040 ) ) REPRESENTATION_CONTEXT ( 'NONE', 'WORKASPACE' ) );
#1801 = DIRECTION ( 'NONE',  ( 1.000000000000000000, 0.0000000000000000000, 0.0000000000000000000 ) ) ;
#1802 = VERTEX_POINT ( 'NONE', #1292 ) ;
#1803 = CARTESIAN_POINT ( 'NONE',  ( 9.199999999999999289, 3.399999999999999911, -25.47499999999999432 ) ) ;
#1804 = SURFACE_STYLE_USAGE ( .BOTH. , #4924 ) ;
#1805 = ORIENTED_EDGE ( 'NONE', *, *, #1842, .T. ) ;
#1806 = PLANE ( 'NONE',  #4622 ) ;
#1807 = ORIENTED_EDGE ( 'NONE', *, *, #7365, .F. ) ;
#1808 = PRESENTATION_LAYER_ASSIGNMENT (  '', '', ( #7625 ) ) ;
#1809 =( NAMED_UNIT ( * ) PLANE_ANGLE_UNIT ( ) SI_UNIT ( $, .RADIAN. ) );
#1810 = AXIS2_PLACEMENT_3D ( 'NONE', #10456, #4454, #9378 ) ;
#1811 = VECTOR ( 'NONE', #6854, 1000.000000000000000 ) ;
#1812 = SURFACE_STYLE_FILL_AREA ( #5952 ) ;
#1813 = COLOUR_RGB ( '',0.0000000000000000000, 0.7529411764705882248, 0.0000000000000000000 ) ;
#1814 = MECHANICAL_DESIGN_GEOMETRIC_PRESENTATION_REPRESENTATION (  '', ( #11748 ), #256 ) ;
#1815 = VERTEX_POINT ( 'NONE', #3460 ) ;
#1816 = DIRECTION ( 'NONE',  ( 1.000000000000000000, 0.0000000000000000000, 0.0000000000000000000 ) ) ;
#1817 = FILL_AREA_STYLE ('',( #848 ) ) ;
#1818 = PRESENTATION_LAYER_ASSIGNMENT (  '', '', ( #8284 ) ) ;
#1819 = DIRECTION ( 'NONE',  ( -9.427844978134821433E-17, -0.0000000000000000000, 1.000000000000000000 ) ) ;
#1820 = LINE ( 'NONE', #4667, #12302 ) ;
#1821 = EDGE_CURVE ( 'NONE', #1256, #1571, #9474, .T. ) ;
#1822 = ORIENTED_EDGE ( 'NONE', *, *, #2931, .T. ) ;
#1823 = LINE ( 'NONE', #12235, #4098 ) ;
#1824 = VECTOR ( 'NONE', #4640, 1000.000000000000000 ) ;
#1825 = VECTOR ( 'NONE', #204, 1000.000000000000000 ) ;
#1826 = ADVANCED_FACE ( 'NONE', ( #11719 ), #7524, .F. ) ;
#1827 = ORIENTED_EDGE ( 'NONE', *, *, #550, .T. ) ;
#1828 = LINE ( 'NONE', #13379, #4632 ) ;
#1829 = DIRECTION ( 'NONE',  ( -9.427844978134821433E-17, -0.0000000000000000000, -1.000000000000000000 ) ) ;
#1830 =( NAMED_UNIT ( * ) SI_UNIT ( $, .STERADIAN. ) SOLID_ANGLE_UNIT ( ) );
#1831 =( LENGTH_UNIT ( ) NAMED_UNIT ( * ) SI_UNIT ( .MILLI., .METRE. ) );
#1832 = STYLED_ITEM ( 'NONE', ( #8913 ), #5998 ) ;
#1833 = ORIENTED_EDGE ( 'NONE', *, *, #10738, .F. ) ;
#1834 = CARTESIAN_POINT ( 'NONE',  ( -6.899999999999998579, -1.261617073437677506E-16, 25.22500000000001208 ) ) ;
#1835 = EDGE_CURVE ( 'NONE', #1644, #8333, #11652, .T. ) ;
#1836 = VECTOR ( 'NONE', #7527, 1000.000000000000000 ) ;
#1837 = DIRECTION ( 'NONE',  ( 0.0000000000000000000, 0.0000000000000000000, -1.000000000000000000 ) ) ;
#1838 = ORIENTED_EDGE ( 'NONE', *, *, #4261, .T. ) ;
#1839 = LINE ( 'NONE', #2725, #2472 ) ;
#1840 = PRESENTATION_STYLE_ASSIGNMENT (( #7863 ) ) ;
#1841 = AXIS2_PLACEMENT_3D ( 'NONE', #4342, #11499, #9263 ) ;
#1842 = EDGE_CURVE ( 'NONE', #4397, #2003, #9747, .T. ) ;
#1843 = DIRECTION ( 'NONE',  ( -1.000000000000000000, -0.0000000000000000000, -0.0000000000000000000 ) ) ;
#1844 = CARTESIAN_POINT ( 'NONE',  ( 0.7000000000000036193, 1.000999999999999890, 22.92500000000000426 ) ) ;
#1845 = SURFACE_STYLE_USAGE ( .BOTH. , #11293 ) ;
#1846 = VERTEX_POINT ( 'NONE', #5639 ) ;
#1847 = DIRECTION ( 'NONE',  ( -1.000000000000000000, -0.0000000000000000000, -0.0000000000000000000 ) ) ;
#1848 = EDGE_LOOP ( 'NONE', ( #2343, #9846, #10066, #1594 ) ) ;
#1849 = LINE ( 'NONE', #5925, #8354 ) ;
#1850 = FILL_AREA_STYLE ('',( #815 ) ) ;
#1851 =( GEOMETRIC_REPRESENTATION_CONTEXT ( 3 ) GLOBAL_UNCERTAINTY_ASSIGNED_CONTEXT ( ( #2009 ) ) GLOBAL_UNIT_ASSIGNED_CONTEXT ( ( #11705, #7441, #3571 ) ) REPRESENTATION_CONTEXT ( 'NONE', 'WORKASPACE' ) );
#1852 =( LENGTH_UNIT ( ) NAMED_UNIT ( * ) SI_UNIT ( .MILLI., .METRE. ) );
#1853 = DIRECTION ( 'NONE',  ( -9.427844978134821433E-17, -0.0000000000000000000, -1.000000000000000000 ) ) ;
#1854 = ADVANCED_FACE ( 'NONE', ( #4626 ), #8732, .F. ) ;
#1855 = CARTESIAN_POINT ( 'NONE',  ( 5.900000000000001243, 0.0000000000000000000, 25.22500000000000142 ) ) ;
#1856 = EDGE_LOOP ( 'NONE', ( #12431, #585, #12281, #11389 ) ) ;
#1857 =( LENGTH_UNIT ( ) NAMED_UNIT ( * ) SI_UNIT ( .MILLI., .METRE. ) );
#1858 =( LENGTH_UNIT ( ) NAMED_UNIT ( * ) SI_UNIT ( .MILLI., .METRE. ) );
#1859 = FILL_AREA_STYLE_COLOUR ( '', #3510 ) ;
#1860 = ORIENTED_EDGE ( 'NONE', *, *, #8524, .F. ) ;
#1861 = AXIS2_PLACEMENT_3D ( 'NONE', #5420, #7246, #12579 ) ;
#1862 = DIRECTION ( 'NONE',  ( 1.887130358994922718E-16, -0.7071067811865474617, -0.7071067811865474617 ) ) ;
#1863 = LINE ( 'NONE', #6002, #8825 ) ;
#1864 = DIRECTION ( 'NONE',  ( 1.000000000000000000, 0.0000000000000000000, 0.0000000000000000000 ) ) ;
#1865 = PRESENTATION_LAYER_ASSIGNMENT (  '', '', ( #7685 ) ) ;
#1866 = ORIENTED_EDGE ( 'NONE', *, *, #2559, .T. ) ;
#1867 =( NAMED_UNIT ( * ) SI_UNIT ( $, .STERADIAN. ) SOLID_ANGLE_UNIT ( ) );
#1868 = STYLED_ITEM ( 'NONE', ( #671 ), #9713 ) ;
#1869 = CARTESIAN_POINT ( 'NONE',  ( -10.89999999999999858, -0.001000000000000757011, 22.92500000000001137 ) ) ;
#1870 = UNCERTAINTY_MEASURE_WITH_UNIT (LENGTH_MEASURE( 1.000000000000000082E-05 ), #4233, 'distance_accuracy_value', 'NONE');
#1871 = VERTEX_POINT ( 'NONE', #1565 ) ;
#1872 = SURFACE_STYLE_FILL_AREA ( #8159 ) ;
#1873 = MECHANICAL_DESIGN_GEOMETRIC_PRESENTATION_REPRESENTATION (  '', ( #7256 ), #9415 ) ;
#1874 = VERTEX_POINT ( 'NONE', #5718 ) ;
#1875 = CARTESIAN_POINT ( 'NONE',  ( -0.8999999999999964695, 1.000999999999999890, 22.92500000000000782 ) ) ;
#1876 = EDGE_LOOP ( 'NONE', ( #11066, #4988, #6122, #8544 ) ) ;
#1877 = CARTESIAN_POINT ( 'NONE',  ( 1.100000000000002087, 0.0000000000000000000, 22.92500000000000426 ) ) ;
#1878 = MECHANICAL_DESIGN_GEOMETRIC_PRESENTATION_REPRESENTATION (  '', ( #12237 ), #99 ) ;
#1879 = MECHANICAL_DESIGN_GEOMETRIC_PRESENTATION_REPRESENTATION (  '', ( #12017 ), #12232 ) ;
#1880 = PRESENTATION_STYLE_ASSIGNMENT (( #3090 ) ) ;
#1881 = UNCERTAINTY_MEASURE_WITH_UNIT (LENGTH_MEASURE( 1.000000000000000082E-05 ), #12693, 'distance_accuracy_value', 'NONE');
#1882 = ORIENTED_EDGE ( 'NONE', *, *, #4232, .T. ) ;
#1883 = CARTESIAN_POINT ( 'NONE',  ( -8.699999999999999289, -0.001000000000000504609, 25.22500000000001208 ) ) ;
#1884 = LINE ( 'NONE', #700, #2260 ) ;
#1885 = CARTESIAN_POINT ( 'NONE',  ( -5.499999999999999112, 0.0000000000000000000, 25.22500000000001208 ) ) ;
#1886 = DIRECTION ( 'NONE',  ( 1.000000000000000000, 0.0000000000000000000, 0.0000000000000000000 ) ) ;
#1887 = UNCERTAINTY_MEASURE_WITH_UNIT (LENGTH_MEASURE( 1.000000000000000082E-05 ), #4031, 'distance_accuracy_value', 'NONE');
#1888 = MECHANICAL_DESIGN_GEOMETRIC_PRESENTATION_REPRESENTATION (  '', ( #8343 ), #6851 ) ;
#1889 = CARTESIAN_POINT ( 'NONE',  ( 10.90000000000000391, 1.000999999999999890, 22.92499999999999716 ) ) ;
#1890 = ORIENTED_EDGE ( 'NONE', *, *, #3310, .T. ) ;
#1891 = FACE_OUTER_BOUND ( 'NONE', #9995, .T. ) ;
#1892 = MECHANICAL_DESIGN_GEOMETRIC_PRESENTATION_REPRESENTATION (  '', ( #9236 ), #2307 ) ;
#1893 = EDGE_LOOP ( 'NONE', ( #1999, #12169, #6682, #4041 ) ) ;
#1894 = FACE_OUTER_BOUND ( 'NONE', #1856, .T. ) ;
#1895 = UNCERTAINTY_MEASURE_WITH_UNIT (LENGTH_MEASURE( 1.000000000000000082E-05 ), #2568, 'distance_accuracy_value', 'NONE');
#1896 =( NAMED_UNIT ( * ) SI_UNIT ( $, .STERADIAN. ) SOLID_ANGLE_UNIT ( ) );
#1897 = VECTOR ( 'NONE', #5579, 1000.000000000000000 ) ;
#1898 =( LENGTH_UNIT ( ) NAMED_UNIT ( * ) SI_UNIT ( .MILLI., .METRE. ) );
#1899 = DIRECTION ( 'NONE',  ( -9.435651794974613589E-17, 0.7071067811865474617, -0.7071067811865474617 ) ) ;
#1900 = ORIENTED_EDGE ( 'NONE', *, *, #3478, .T. ) ;
#1901 = CARTESIAN_POINT ( 'NONE',  ( -7.299999999999995381, 1.000999999999999890, 22.92500000000001137 ) ) ;
#1902 = EDGE_CURVE ( 'NONE', #8118, #10699, #12189, .T. ) ;
#1903 = VERTEX_POINT ( 'NONE', #527 ) ;
#1904 = PLANE ( 'NONE',  #10460 ) ;
#1905 =( GEOMETRIC_REPRESENTATION_CONTEXT ( 3 ) GLOBAL_UNCERTAINTY_ASSIGNED_CONTEXT ( ( #6082 ) ) GLOBAL_UNIT_ASSIGNED_CONTEXT ( ( #1017, #12311, #13208 ) ) REPRESENTATION_CONTEXT ( 'NONE', 'WORKASPACE' ) );
#1906 = CARTESIAN_POINT ( 'NONE',  ( 5.900000000000001243, -0.001000000000000000021, 25.22500000000000142 ) ) ;
#1907 = MECHANICAL_DESIGN_GEOMETRIC_PRESENTATION_REPRESENTATION (  '', ( #12270 ), #6433 ) ;
#1908 = DIRECTION ( 'NONE',  ( -0.0000000000000000000, 1.000000000000000000, -0.0000000000000000000 ) ) ;
#1909 = EDGE_CURVE ( 'NONE', #8369, #9863, #9887, .T. ) ;
#1910 = LINE ( 'NONE', #1780, #2902 ) ;
#1911 = MECHANICAL_DESIGN_GEOMETRIC_PRESENTATION_REPRESENTATION (  '', ( #3859 ), #12473 ) ;
#1912 = STYLED_ITEM ( 'NONE', ( #12668 ), #1826 ) ;
#1913 = LINE ( 'NONE', #6858, #13001 ) ;
#1914 = DIRECTION ( 'NONE',  ( 0.0000000000000000000, 0.0000000000000000000, 1.000000000000000000 ) ) ;
#1915 = VERTEX_POINT ( 'NONE', #2867 ) ;
#1916 = SURFACE_STYLE_USAGE ( .BOTH. , #11045 ) ;
#1917 = LINE ( 'NONE', #6109, #1953 ) ;
#1918 =( NAMED_UNIT ( * ) PLANE_ANGLE_UNIT ( ) SI_UNIT ( $, .RADIAN. ) );
#1919 = DIRECTION ( 'NONE',  ( -9.427844978134821433E-17, 0.0000000000000000000, 1.000000000000000000 ) ) ;
#1920 = EDGE_CURVE ( 'NONE', #7126, #2282, #7868, .T. ) ;
#1921 = VERTEX_POINT ( 'NONE', #11037 ) ;
#1922 = SURFACE_STYLE_FILL_AREA ( #7065 ) ;
#1923 = EDGE_CURVE ( 'NONE', #12054, #519, #5852, .T. ) ;
#1924 = DIRECTION ( 'NONE',  ( -9.427844978134821433E-17, -0.0000000000000000000, -1.000000000000000000 ) ) ;
#1925 = COLOUR_RGB ( '',1.000000000000000000, 1.000000000000000000, 0.0000000000000000000 ) ;
#1926 = SURFACE_SIDE_STYLE ('',( #8325 ) ) ;
#1927 = FACE_OUTER_BOUND ( 'NONE', #9262, .T. ) ;
#1928 = EDGE_CURVE ( 'NONE', #12742, #3105, #9958, .T. ) ;
#1929 = LINE ( 'NONE', #753, #1485 ) ;
#1930 = EDGE_CURVE ( 'NONE', #13321, #9014, #1778, .T. ) ;
#1931 = CARTESIAN_POINT ( 'NONE',  ( 5.700000000000001954, -0.001000000000000000021, 25.22500000000000142 ) ) ;
#1932 = ORIENTED_EDGE ( 'NONE', *, *, #1500, .T. ) ;
#1933 = LINE ( 'NONE', #4981, #9180 ) ;
#1934 = VECTOR ( 'NONE', #12031, 1000.000000000000000 ) ;
#1935 = EDGE_LOOP ( 'NONE', ( #13372, #10138, #1075, #11621 ) ) ;
#1936 =( LENGTH_UNIT ( ) NAMED_UNIT ( * ) SI_UNIT ( .MILLI., .METRE. ) );
#1937 = EDGE_CURVE ( 'NONE', #10649, #10879, #1640, .T. ) ;
#1938 = EDGE_LOOP ( 'NONE', ( #8602, #7035, #5673, #13329 ) ) ;
#1939 = DIRECTION ( 'NONE',  ( 1.000000000000000000, 0.0000000000000000000, 0.0000000000000000000 ) ) ;
#1940 = EDGE_CURVE ( 'NONE', #8216, #813, #8800, .T. ) ;
#1941 = LINE ( 'NONE', #9110, #3494 ) ;
#1942 = ORIENTED_EDGE ( 'NONE', *, *, #2560, .F. ) ;
#1943 = COLOUR_RGB ( '',1.000000000000000000, 1.000000000000000000, 0.0000000000000000000 ) ;
#1944 = VECTOR ( 'NONE', #4386, 1000.000000000000000 ) ;
#1945 = FILL_AREA_STYLE ('',( #11213 ) ) ;
#1946 = EDGE_LOOP ( 'NONE', ( #8872, #12853, #8225, #4178 ) ) ;
#1947 = CARTESIAN_POINT ( 'NONE',  ( -9.299999999999997158, -0.001000000000000504609, 22.92500000000001137 ) ) ;
#1948 = LINE ( 'NONE', #6079, #4450 ) ;
#1949 = SURFACE_STYLE_USAGE ( .BOTH. , #4115 ) ;
#1950 = LINE ( 'NONE', #4256, #9280 ) ;
#1951 =( GEOMETRIC_REPRESENTATION_CONTEXT ( 3 ) GLOBAL_UNCERTAINTY_ASSIGNED_CONTEXT ( ( #6898 ) ) GLOBAL_UNIT_ASSIGNED_CONTEXT ( ( #9766, #4972, #1797 ) ) REPRESENTATION_CONTEXT ( 'NONE', 'WORKASPACE' ) );
#1952 = FILL_AREA_STYLE_COLOUR ( '', #1967 ) ;
#1953 = VECTOR ( 'NONE', #3006, 1000.000000000000000 ) ;
#1954 = COLOUR_RGB ( '',1.000000000000000000, 1.000000000000000000, 0.0000000000000000000 ) ;
#1955 = ORIENTED_EDGE ( 'NONE', *, *, #52, .T. ) ;
#1956 = ADVANCED_FACE ( 'NONE', ( #1706 ), #3661, .T. ) ;
#1957 = CARTESIAN_POINT ( 'NONE',  ( -15.00000000000000533, 0.0000000000000000000, -19.67499999999999361 ) ) ;
#1958 = VECTOR ( 'NONE', #1635, 1000.000000000000000 ) ;
#1959 = ORIENTED_EDGE ( 'NONE', *, *, #4581, .T. ) ;
#1960 = LINE ( 'NONE', #10280, #2888 ) ;
#1961 = DIRECTION ( 'NONE',  ( 0.0000000000000000000, 0.0000000000000000000, 1.000000000000000000 ) ) ;
#1962 = EDGE_LOOP ( 'NONE', ( #8320, #901, #1979, #9683 ) ) ;
#1963 = DIRECTION ( 'NONE',  ( 1.000000000000000000, 0.0000000000000000000, 0.0000000000000000000 ) ) ;
#1964 = ORIENTED_EDGE ( 'NONE', *, *, #10400, .T. ) ;
#1965 = DIRECTION ( 'NONE',  ( 0.0000000000000000000, -1.000000000000000000, 0.0000000000000000000 ) ) ;
#1966 = MECHANICAL_DESIGN_GEOMETRIC_PRESENTATION_REPRESENTATION (  '', ( #11459 ), #630 ) ;
#1967 = COLOUR_RGB ( '',1.000000000000000000, 1.000000000000000000, 0.0000000000000000000 ) ;
#1968 = LINE ( 'NONE', #9216, #9544 ) ;
#1969 = PRESENTATION_LAYER_ASSIGNMENT (  '', '', ( #5653 ) ) ;
#1970 =( LENGTH_UNIT ( ) NAMED_UNIT ( * ) SI_UNIT ( .MILLI., .METRE. ) );
#1971 = DIRECTION ( 'NONE',  ( -0.0000000000000000000, 1.000000000000000000, -0.0000000000000000000 ) ) ;
#1972 = VECTOR ( 'NONE', #6661, 1000.000000000000000 ) ;
#1973 = LINE ( 'NONE', #6991, #2709 ) ;
#1974 = DIRECTION ( 'NONE',  ( 0.0000000000000000000, -0.0000000000000000000, -1.000000000000000000 ) ) ;
#1975 = ORIENTED_EDGE ( 'NONE', *, *, #8599, .T. ) ;
#1976 = DIRECTION ( 'NONE',  ( -1.000000000000000000, -0.0000000000000000000, -0.0000000000000000000 ) ) ;
#1977 = CARTESIAN_POINT ( 'NONE',  ( 3.100000000000003197, 1.000000000000000000, 22.92500000000000071 ) ) ;
#1978 = VECTOR ( 'NONE', #10035, 1000.000000000000000 ) ;
#1979 = ORIENTED_EDGE ( 'NONE', *, *, #3656, .T. ) ;
#1980 = LINE ( 'NONE', #2810, #8093 ) ;
#1981 = FILL_AREA_STYLE ('',( #2948 ) ) ;
#1982 = EDGE_CURVE ( 'NONE', #5231, #261, #10154, .T. ) ;
#1983 = SURFACE_STYLE_FILL_AREA ( #9023 ) ;
#1984 = SURFACE_STYLE_USAGE ( .BOTH. , #12265 ) ;
#1985 = CARTESIAN_POINT ( 'NONE',  ( 2.100000000000003642, 1.000999999999999890, 25.22500000000000497 ) ) ;
#1986 = COLOUR_RGB ( '',1.000000000000000000, 1.000000000000000000, 0.0000000000000000000 ) ;
#1987 =( NAMED_UNIT ( * ) PLANE_ANGLE_UNIT ( ) SI_UNIT ( $, .RADIAN. ) );
#1988 = ADVANCED_FACE ( 'NONE', ( #4140 ), #2099, .F. ) ;
#1989 = EDGE_CURVE ( 'NONE', #12177, #9379, #1080, .T. ) ;
#1990 = CARTESIAN_POINT ( 'NONE',  ( -9.699999999999995737, 1.000999999999999890, 25.22500000000001208 ) ) ;
#1991 = CARTESIAN_POINT ( 'NONE',  ( 7.100000000000004086, 1.000999999999999890, 22.92499999999999716 ) ) ;
#1992 = VERTEX_POINT ( 'NONE', #9269 ) ;
#1993 = LINE ( 'NONE', #11315, #685 ) ;
#1994 = UNCERTAINTY_MEASURE_WITH_UNIT (LENGTH_MEASURE( 1.000000000000000082E-05 ), #11403, 'distance_accuracy_value', 'NONE');
#1995 = ORIENTED_EDGE ( 'NONE', *, *, #12643, .T. ) ;
#1996 = DIRECTION ( 'NONE',  ( 3.771137991253928573E-16, 0.0000000000000000000, -1.000000000000000000 ) ) ;
#1997 = PRESENTATION_LAYER_ASSIGNMENT (  '', '', ( #2639 ) ) ;
#1998 =( NAMED_UNIT ( * ) SI_UNIT ( $, .STERADIAN. ) SOLID_ANGLE_UNIT ( ) );
#1999 = ORIENTED_EDGE ( 'NONE', *, *, #11588, .T. ) ;
#2000 = DIRECTION ( 'NONE',  ( -3.771137991253928573E-16, -0.0000000000000000000, 1.000000000000000000 ) ) ;
#2001 = EDGE_CURVE ( 'NONE', #11887, #10601, #4076, .T. ) ;
#2002 = EDGE_CURVE ( 'NONE', #13143, #3519, #101, .T. ) ;
#2003 = VERTEX_POINT ( 'NONE', #8312 ) ;
#2004 = CARTESIAN_POINT ( 'NONE',  ( 2.300000000000003375, 1.000000000000000000, 22.92500000000000426 ) ) ;
#2005 = COLOUR_RGB ( '',1.000000000000000000, 1.000000000000000000, 0.0000000000000000000 ) ;
#2006 = PRESENTATION_LAYER_ASSIGNMENT (  '', '', ( #3514 ) ) ;
#2007 = ADVANCED_FACE ( 'NONE', ( #12441 ), #11811, .F. ) ;
#2008 = CARTESIAN_POINT ( 'NONE',  ( 0.7000000000000036193, 1.000999999999999890, 22.92500000000000426 ) ) ;
#2009 = UNCERTAINTY_MEASURE_WITH_UNIT (LENGTH_MEASURE( 1.000000000000000082E-05 ), #11705, 'distance_accuracy_value', 'NONE');
#2010 = ORIENTED_EDGE ( 'NONE', *, *, #10333, .F. ) ;
#2011 = LINE ( 'NONE', #6952, #10427 ) ;
#2012 =( GEOMETRIC_REPRESENTATION_CONTEXT ( 3 ) GLOBAL_UNCERTAINTY_ASSIGNED_CONTEXT ( ( #1053 ) ) GLOBAL_UNIT_ASSIGNED_CONTEXT ( ( #515, #1694, #8854 ) ) REPRESENTATION_CONTEXT ( 'NONE', 'WORKASPACE' ) );
#2013 = DIRECTION ( 'NONE',  ( 1.000000000000000000, 0.0000000000000000000, 0.0000000000000000000 ) ) ;
#2014 = LINE ( 'NONE', #7342, #5850 ) ;
#2015 =( NAMED_UNIT ( * ) SI_UNIT ( $, .STERADIAN. ) SOLID_ANGLE_UNIT ( ) );
#2016 = ORIENTED_EDGE ( 'NONE', *, *, #488, .F. ) ;
#2017 = DIRECTION ( 'NONE',  ( 0.0000000000000000000, 0.0000000000000000000, -1.000000000000000000 ) ) ;
#2018 = PRESENTATION_LAYER_ASSIGNMENT (  '', '', ( #1141 ) ) ;
#2019 = ORIENTED_EDGE ( 'NONE', *, *, #3304, .F. ) ;
#2020 = MECHANICAL_DESIGN_GEOMETRIC_PRESENTATION_REPRESENTATION (  '', ( #6130 ), #10868 ) ;
#2021 = COLOUR_RGB ( '',1.000000000000000000, 1.000000000000000000, 0.0000000000000000000 ) ;
#2022 = ORIENTED_EDGE ( 'NONE', *, *, #141, .T. ) ;
#2023 = PRESENTATION_LAYER_ASSIGNMENT (  '', '', ( #6134 ) ) ;
#2024 = SURFACE_STYLE_FILL_AREA ( #10278 ) ;
#2025 = UNCERTAINTY_MEASURE_WITH_UNIT (LENGTH_MEASURE( 1.000000000000000082E-05 ), #12786, 'distance_accuracy_value', 'NONE');
#2026 = CARTESIAN_POINT ( 'NONE',  ( 7.100000000000004086, 1.000000000000000000, 25.22499999999999787 ) ) ;
#2027 = LINE ( 'NONE', #4882, #3279 ) ;
#2028 = VERTEX_POINT ( 'NONE', #12962 ) ;
#2029 = VECTOR ( 'NONE', #10128, 1000.000000000000000 ) ;
#2030 = DIRECTION ( 'NONE',  ( 1.000000000000000000, 0.0000000000000000000, 0.0000000000000000000 ) ) ;
#2031 = AXIS2_PLACEMENT_3D ( 'NONE', #9658, #9793, #503 ) ;
#2032 = DIRECTION ( 'NONE',  ( 0.0000000000000000000, 0.0000000000000000000, 1.000000000000000000 ) ) ;
#2033 = EDGE_LOOP ( 'NONE', ( #631, #145, #8303, #8824 ) ) ;
#2034 = CARTESIAN_POINT ( 'NONE',  ( 7.900000000000003908, 1.000999999999999890, 22.92499999999999716 ) ) ;
#2035 = COLOUR_RGB ( '',1.000000000000000000, 1.000000000000000000, 0.0000000000000000000 ) ;
#2036 = SURFACE_STYLE_USAGE ( .BOTH. , #11366 ) ;
#2037 = PRESENTATION_LAYER_ASSIGNMENT (  '', '', ( #3336 ) ) ;
#2038 = DIRECTION ( 'NONE',  ( -9.427844978134821433E-17, -0.0000000000000000000, -1.000000000000000000 ) ) ;
#2039 = VECTOR ( 'NONE', #2922, 1000.000000000000000 ) ;
#2040 = PRESENTATION_STYLE_ASSIGNMENT (( #3057 ) ) ;
#2041 = MECHANICAL_DESIGN_GEOMETRIC_PRESENTATION_REPRESENTATION (  '', ( #12207 ), #3776 ) ;
#2042 = SURFACE_SIDE_STYLE ('',( #12379 ) ) ;
#2043 = ORIENTED_EDGE ( 'NONE', *, *, #4817, .T. ) ;
#2044 = PRESENTATION_STYLE_ASSIGNMENT (( #7309 ) ) ;
#2045 = CARTESIAN_POINT ( 'NONE',  ( 6.700000000000001954, -0.001000000000000000021, 25.22500000000000142 ) ) ;
#2046 = ORIENTED_EDGE ( 'NONE', *, *, #8493, .F. ) ;
#2047 = VECTOR ( 'NONE', #724, 1000.000000000000000 ) ;
#2048 = DIRECTION ( 'NONE',  ( -1.000000000000000000, -0.0000000000000000000, -0.0000000000000000000 ) ) ;
#2049 = LINE ( 'NONE', #13219, #4306 ) ;
#2050 = AXIS2_PLACEMENT_3D ( 'NONE', #238, #4419, #8516 ) ;
#2051 = FILL_AREA_STYLE_COLOUR ( '', #6421 ) ;
#2052 = FILL_AREA_STYLE ('',( #12398 ) ) ;
#2053 = CARTESIAN_POINT ( 'NONE',  ( 4.700000000000006395, 1.000000000000000000, 22.92500000000000071 ) ) ;
#2054 = PRESENTATION_LAYER_ASSIGNMENT (  '', '', ( #5516 ) ) ;
#2055 = VERTEX_POINT ( 'NONE', #544 ) ;
#2056 = DIRECTION ( 'NONE',  ( 0.0000000000000000000, -0.0000000000000000000, -1.000000000000000000 ) ) ;
#2057 = EDGE_LOOP ( 'NONE', ( #11766, #11386, #1117, #12192, #8282, #7175 ) ) ;
#2058 = VECTOR ( 'NONE', #4127, 1000.000000000000000 ) ;
#2059 = EDGE_LOOP ( 'NONE', ( #3020, #6107, #11477, #9430 ) ) ;
#2060 = DIRECTION ( 'NONE',  ( 0.0000000000000000000, 0.0000000000000000000, 1.000000000000000000 ) ) ;
#2061 =( NAMED_UNIT ( * ) PLANE_ANGLE_UNIT ( ) SI_UNIT ( $, .RADIAN. ) );
#2062 = PRESENTATION_LAYER_ASSIGNMENT (  '', '', ( #4888 ) ) ;
#2063 = EDGE_CURVE ( 'NONE', #6465, #3353, #2599, .T. ) ;
#2064 = CARTESIAN_POINT ( 'NONE',  ( 0.3000000000000016542, 0.0000000000000000000, 25.22500000000000497 ) ) ;
#2065 = ORIENTED_EDGE ( 'NONE', *, *, #12663, .F. ) ;
#2066 = FACE_OUTER_BOUND ( 'NONE', #12809, .T. ) ;
#2067 = VECTOR ( 'NONE', #10839, 1000.000000000000114 ) ;
#2068 = COLOUR_RGB ( '',1.000000000000000000, 1.000000000000000000, 0.0000000000000000000 ) ;
#2069 = ADVANCED_FACE ( 'NONE', ( #1519 ), #6654, .F. ) ;
#2070 = DIRECTION ( 'NONE',  ( 1.000000000000000000, 0.0000000000000000000, 0.0000000000000000000 ) ) ;
#2071 = PLANE ( 'NONE',  #8893 ) ;
#2072 = EDGE_LOOP ( 'NONE', ( #446, #2010, #6234, #13202 ) ) ;
#2073 = DIRECTION ( 'NONE',  ( 1.885568995626964287E-16, 0.0000000000000000000, -1.000000000000000000 ) ) ;
#2074 = CARTESIAN_POINT ( 'NONE',  ( -15.00000000000000533, -0.3500000000000000333, 22.27499999999997726 ) ) ;
#2075 = CARTESIAN_POINT ( 'NONE',  ( -12.84999999999999964, 0.7499999999999997780, 25.47500000000000853 ) ) ;
#2076 = DIRECTION ( 'NONE',  ( -1.000000000000000000, 0.0000000000000000000, -0.0000000000000000000 ) ) ;
#2077 = ORIENTED_EDGE ( 'NONE', *, *, #9383, .F. ) ;
#2078 = PRESENTATION_LAYER_ASSIGNMENT (  '', '', ( #1204 ) ) ;
#2079 = ADVANCED_FACE ( 'NONE', ( #6797 ), #1579, .T. ) ;
#2080 = VECTOR ( 'NONE', #1267, 1000.000000000000000 ) ;
#2081 = ORIENTED_EDGE ( 'NONE', *, *, #3010, .T. ) ;
#2082 = ADVANCED_FACE ( 'NONE', ( #11873 ), #10850, .T. ) ;
#2083 = EDGE_CURVE ( 'NONE', #9863, #10725, #8682, .T. ) ;
#2084 = ORIENTED_EDGE ( 'NONE', *, *, #13179, .F. ) ;
#2085 = DIRECTION ( 'NONE',  ( -9.427844978134821433E-17, 0.0000000000000000000, 1.000000000000000000 ) ) ;
#2086 = ORIENTED_EDGE ( 'NONE', *, *, #660, .F. ) ;
#2087 = CARTESIAN_POINT ( 'NONE',  ( -2.099999999999998312, -0.001000000000000000021, 22.92500000000000782 ) ) ;
#2088 = FILL_AREA_STYLE_COLOUR ( '', #547 ) ;
#2089 = FACE_OUTER_BOUND ( 'NONE', #2057, .T. ) ;
#2090 = EDGE_LOOP ( 'NONE', ( #10320, #11108, #4331, #3871 ) ) ;
#2091 = DIRECTION ( 'NONE',  ( -0.0000000000000000000, -1.000000000000000000, -0.0000000000000000000 ) ) ;
#2092 = PLANE ( 'NONE',  #9165 ) ;
#2093 = VERTEX_POINT ( 'NONE', #13036 ) ;
#2094 = PLANE ( 'NONE',  #7582 ) ;
#2095 =( LENGTH_UNIT ( ) NAMED_UNIT ( * ) SI_UNIT ( .MILLI., .METRE. ) );
#2096 =( GEOMETRIC_REPRESENTATION_CONTEXT ( 3 ) GLOBAL_UNCERTAINTY_ASSIGNED_CONTEXT ( ( #4185 ) ) GLOBAL_UNIT_ASSIGNED_CONTEXT ( ( #6390, #12461, #12526 ) ) REPRESENTATION_CONTEXT ( 'NONE', 'WORKASPACE' ) );
#2097 = PRESENTATION_LAYER_ASSIGNMENT (  '', '', ( #12456 ) ) ;
#2098 = LINE ( 'NONE', #9267, #13360 ) ;
#2099 = PLANE ( 'NONE',  #4381 ) ;
#2100 = DIRECTION ( 'NONE',  ( -0.0000000000000000000, -1.000000000000000000, -0.0000000000000000000 ) ) ;
#2101 = CARTESIAN_POINT ( 'NONE',  ( 5.900000000000001243, -0.001000000000000000021, 25.22500000000000142 ) ) ;
#2102 = LINE ( 'NONE', #6669, #3266 ) ;
#2103 = EDGE_LOOP ( 'NONE', ( #11398, #9869 ) ) ;
#2104 = SURFACE_SIDE_STYLE ('',( #3125 ) ) ;
#2105 = CARTESIAN_POINT ( 'NONE',  ( 9.300000000000002487, 1.000999999999999890, 22.92499999999999716 ) ) ;
#2106 = SURFACE_STYLE_FILL_AREA ( #12658 ) ;
#2107 = SURFACE_SIDE_STYLE ('',( #8525 ) ) ;
#2108 = EDGE_LOOP ( 'NONE', ( #6159, #9597, #10506, #7492 ) ) ;
#2109 = FACE_OUTER_BOUND ( 'NONE', #10270, .T. ) ;
#2110 = VECTOR ( 'NONE', #1819, 1000.000000000000000 ) ;
#2111 = LINE ( 'NONE', #10105, #9911 ) ;
#2112 = STYLED_ITEM ( 'NONE', ( #548 ), #1423 ) ;
#2113 = DIRECTION ( 'NONE',  ( 1.000000000000000000, 0.0000000000000000000, 0.0000000000000000000 ) ) ;
#2114 = CARTESIAN_POINT ( 'NONE',  ( 12.84999999999999964, 0.2500000000000000555, 25.47500000000000853 ) ) ;
#2115 = ORIENTED_EDGE ( 'NONE', *, *, #11924, .F. ) ;
#2116 = LINE ( 'NONE', #11202, #1605 ) ;
#2117 = FACE_OUTER_BOUND ( 'NONE', #7656, .T. ) ;
#2118 = ORIENTED_EDGE ( 'NONE', *, *, #1159, .F. ) ;
#2119 = FILL_AREA_STYLE_COLOUR ( '', #1531 ) ;
#2120 = ORIENTED_EDGE ( 'NONE', *, *, #9340, .F. ) ;
#2122 = PRESENTATION_LAYER_ASSIGNMENT (  '', '', ( #7539 ) ) ;
#2121 = SURFACE_SIDE_STYLE ('',( #7475 ) ) ;
#2123 = VECTOR ( 'NONE', #453, 1000.000000000000000 ) ;
#2124 = SURFACE_STYLE_FILL_AREA ( #7978 ) ;
#2125 = SURFACE_SIDE_STYLE ('',( #10444 ) ) ;
#2126 = SURFACE_SIDE_STYLE ('',( #11397 ) ) ;
#2127 = ORIENTED_EDGE ( 'NONE', *, *, #13169, .T. ) ;
#2128 = FILL_AREA_STYLE ('',( #9297 ) ) ;
#2129 = PRESENTATION_STYLE_ASSIGNMENT (( #1688 ) ) ;
#2130 = STYLED_ITEM ( 'NONE', ( #13327 ), #342 ) ;
#2131 = SURFACE_STYLE_FILL_AREA ( #2399 ) ;
#2132 = SURFACE_STYLE_USAGE ( .BOTH. , #11404 ) ;
#2133 = EDGE_LOOP ( 'NONE', ( #8214, #12326, #3939, #10375 ) ) ;
#2134 = DIRECTION ( 'NONE',  ( -0.0000000000000000000, 1.000000000000000000, -0.0000000000000000000 ) ) ;
#2135 = DIRECTION ( 'NONE',  ( 9.427844978134821433E-17, 0.0000000000000000000, 1.000000000000000000 ) ) ;
#2136 = LINE ( 'NONE', #6266, #10218 ) ;
#2137 = ORIENTED_EDGE ( 'NONE', *, *, #4248, .T. ) ;
#2138 =( LENGTH_UNIT ( ) NAMED_UNIT ( * ) SI_UNIT ( .MILLI., .METRE. ) );
#2139 = VERTEX_POINT ( 'NONE', #8012 ) ;
#2140 = VECTOR ( 'NONE', #3490, 1000.000000000000000 ) ;
#2141 = ADVANCED_FACE ( 'NONE', ( #681 ), #9024, .T. ) ;
#2142 = AXIS2_PLACEMENT_3D ( 'NONE', #5825, #1749, #568 ) ;
#2143 = PLANE ( 'NONE',  #9921 ) ;
#2144 = EDGE_CURVE ( 'NONE', #9014, #4865, #2748, .T. ) ;
#2145 = VERTEX_POINT ( 'NONE', #1722 ) ;
#2146 = ADVANCED_FACE ( 'NONE', ( #10237 ), #2885, .F. ) ;
#2147 = AXIS2_PLACEMENT_3D ( 'NONE', #2887, #9907, #4780 ) ;
#2148 = CARTESIAN_POINT ( 'NONE',  ( -15.00000000000000000, 0.0000000000000000000, 25.22500000000000853 ) ) ;
#2149 = UNCERTAINTY_MEASURE_WITH_UNIT (LENGTH_MEASURE( 1.000000000000000082E-05 ), #4673, 'distance_accuracy_value', 'NONE');
#2150 = ORIENTED_EDGE ( 'NONE', *, *, #3075, .F. ) ;
#2151 = CARTESIAN_POINT ( 'NONE',  ( 10.10000000000000320, 1.000999999999999890, 25.22499999999999787 ) ) ;
#2152 = LINE ( 'NONE', #5275, #11793 ) ;
#2153 = VECTOR ( 'NONE', #6264, 1000.000000000000000 ) ;
#2154 = EDGE_LOOP ( 'NONE', ( #11016, #896, #5091, #5494 ) ) ;
#2155 = SURFACE_STYLE_FILL_AREA ( #6223 ) ;
#2156 = PRESENTATION_STYLE_ASSIGNMENT (( #3113 ) ) ;
#2157 = ORIENTED_EDGE ( 'NONE', *, *, #8938, .F. ) ;
#2158 = DIRECTION ( 'NONE',  ( -0.0000000000000000000, -1.000000000000000000, -0.0000000000000000000 ) ) ;
#2159 = DIRECTION ( 'NONE',  ( 0.0000000000000000000, -1.000000000000000000, 0.0000000000000000000 ) ) ;
#2160 = ADVANCED_FACE ( 'NONE', ( #3829 ), #3963, .F. ) ;
#2161 = FILL_AREA_STYLE_COLOUR ( '', #5908 ) ;
#2162 = ADVANCED_FACE ( 'NONE', ( #6771 ), #4820, .F. ) ;
#2163 =( GEOMETRIC_REPRESENTATION_CONTEXT ( 3 ) GLOBAL_UNCERTAINTY_ASSIGNED_CONTEXT ( ( #4465 ) ) GLOBAL_UNIT_ASSIGNED_CONTEXT ( ( #1222, #10557, #3188 ) ) REPRESENTATION_CONTEXT ( 'NONE', 'WORKASPACE' ) );
#2164 = VECTOR ( 'NONE', #384, 1000.000000000000000 ) ;
#2165 = STYLED_ITEM ( 'NONE', ( #5210 ), #12673 ) ;
#2166 = PRESENTATION_STYLE_ASSIGNMENT (( #12503 ) ) ;
#2167 = EDGE_CURVE ( 'NONE', #11544, #6217, #4955, .T. ) ;
#2168 = DIRECTION ( 'NONE',  ( 0.0000000000000000000, -0.0000000000000000000, 1.000000000000000000 ) ) ;
#2169 = ADVANCED_FACE ( 'NONE', ( #11112 ), #3657, .T. ) ;
#2170 = LINE ( 'NONE', #11643, #731 ) ;
#2171 = CARTESIAN_POINT ( 'NONE',  ( -9.200000000000006395, -1.350000000000000089, -25.47499999999999432 ) ) ;
#2172 = CARTESIAN_POINT ( 'NONE',  ( 4.300000000000001599, 0.0000000000000000000, 25.22500000000000142 ) ) ;
#2173 = VECTOR ( 'NONE', #5381, 1000.000000000000000 ) ;
#2174 = FILL_AREA_STYLE ('',( #2366 ) ) ;
#2175 = CARTESIAN_POINT ( 'NONE',  ( -11.69999999999999929, 0.0000000000000000000, 22.92500000000001137 ) ) ;
#2176 = CARTESIAN_POINT ( 'NONE',  ( -15.00000000000000000, 1.000000000000000000, 25.22500000000000853 ) ) ;
#2177 = SURFACE_SIDE_STYLE ('',( #12449 ) ) ;
#2178 = ORIENTED_EDGE ( 'NONE', *, *, #4778, .T. ) ;
#2179 = LINE ( 'NONE', #12512, #5089 ) ;
#2180 = COLOUR_RGB ( '',0.0000000000000000000, 0.7529411764705882248, 0.0000000000000000000 ) ;
#2181 = VECTOR ( 'NONE', #2091, 1000.000000000000000 ) ;
#2182 = LINE ( 'NONE', #2243, #4181 ) ;
#2183 = PLANE ( 'NONE',  #13115 ) ;
#2184 = VERTEX_POINT ( 'NONE', #10899 ) ;
#2185 =( GEOMETRIC_REPRESENTATION_CONTEXT ( 3 ) GLOBAL_UNCERTAINTY_ASSIGNED_CONTEXT ( ( #2715 ) ) GLOBAL_UNIT_ASSIGNED_CONTEXT ( ( #7937, #7182, #3882 ) ) REPRESENTATION_CONTEXT ( 'NONE', 'WORKASPACE' ) );
#2186 = ORIENTED_EDGE ( 'NONE', *, *, #3815, .F. ) ;
#2187 =( LENGTH_UNIT ( ) NAMED_UNIT ( * ) SI_UNIT ( .MILLI., .METRE. ) );
#2188 = DIRECTION ( 'NONE',  ( -1.000000000000000000, -0.0000000000000000000, -0.0000000000000000000 ) ) ;
#2189 = VERTEX_POINT ( 'NONE', #8063 ) ;
#2190 = DIRECTION ( 'NONE',  ( 1.000000000000000000, 0.0000000000000000000, 0.0000000000000000000 ) ) ;
#2191 =( NAMED_UNIT ( * ) SI_UNIT ( $, .STERADIAN. ) SOLID_ANGLE_UNIT ( ) );
#2192 = DIRECTION ( 'NONE',  ( 0.0000000000000000000, 0.0000000000000000000, -1.000000000000000000 ) ) ;
#2193 = AXIS2_PLACEMENT_3D ( 'NONE', #1776, #2728, #13017 ) ;
#2194 = ORIENTED_EDGE ( 'NONE', *, *, #3164, .T. ) ;
#2195 = DIRECTION ( 'NONE',  ( 0.0000000000000000000, 0.7071067811865474617, 0.7071067811865474617 ) ) ;
#2196 = CARTESIAN_POINT ( 'NONE',  ( 1.300000000000003375, 1.000999999999999890, 22.92500000000000426 ) ) ;
#2197 = PLANE ( 'NONE',  #9586 ) ;
#2198 = COLOUR_RGB ( '',1.000000000000000000, 1.000000000000000000, 0.0000000000000000000 ) ;
#2199 = AXIS2_PLACEMENT_3D ( 'NONE', #4014, #9399, #5098 ) ;
#2200 = ORIENTED_EDGE ( 'NONE', *, *, #476, .F. ) ;
#2201 = PLANE ( 'NONE',  #1386 ) ;
#2202 = DIRECTION ( 'NONE',  ( -0.0000000000000000000, -0.0000000000000000000, 1.000000000000000000 ) ) ;
#2203 = ORIENTED_EDGE ( 'NONE', *, *, #8763, .F. ) ;
#2204 = DIRECTION ( 'NONE',  ( -1.000000000000000000, 0.0000000000000000000, 9.427844978134821433E-17 ) ) ;
#2205 = ORIENTED_EDGE ( 'NONE', *, *, #8131, .T. ) ;
#2206 = COLOUR_RGB ( '',1.000000000000000000, 1.000000000000000000, 0.0000000000000000000 ) ;
#2207 = AXIS2_PLACEMENT_3D ( 'NONE', #9091, #8011, #679 ) ;
#2208 = ORIENTED_EDGE ( 'NONE', *, *, #3556, .F. ) ;
#2209 = FACE_OUTER_BOUND ( 'NONE', #2285, .T. ) ;
#2210 = AXIS2_PLACEMENT_3D ( 'NONE', #4561, #10977, #12884 ) ;
#2211 = ORIENTED_EDGE ( 'NONE', *, *, #7353, .F. ) ;
#2212 = FILL_AREA_STYLE_COLOUR ( '', #1371 ) ;
#2214 = EDGE_CURVE ( 'NONE', #8785, #5475, #12186, .T. ) ;
#2213 = FACE_OUTER_BOUND ( 'NONE', #10341, .T. ) ;
#2215 = VECTOR ( 'NONE', #13038, 1000.000000000000000 ) ;
#2216 = SURFACE_SIDE_STYLE ('',( #1070 ) ) ;
#2217 = ORIENTED_EDGE ( 'NONE', *, *, #1500, .F. ) ;
#2218 = EDGE_LOOP ( 'NONE', ( #8540, #1566, #356, #1575 ) ) ;
#2219 = DIRECTION ( 'NONE',  ( -9.427844978134821433E-17, -0.0000000000000000000, -1.000000000000000000 ) ) ;
#2220 = PRESENTATION_LAYER_ASSIGNMENT (  '', '', ( #7415 ) ) ;
#2221 = EDGE_CURVE ( 'NONE', #6178, #1298, #8798, .T. ) ;
#2222 = AXIS2_PLACEMENT_3D ( 'NONE', #10511, #2060, #1243 ) ;
#2223 = MECHANICAL_DESIGN_GEOMETRIC_PRESENTATION_REPRESENTATION (  '', ( #1141 ), #9790 ) ;
#2224 = ORIENTED_EDGE ( 'NONE', *, *, #3914, .T. ) ;
#2225 = DIRECTION ( 'NONE',  ( 0.0000000000000000000, 1.000000000000000000, 0.0000000000000000000 ) ) ;
#2226 = PRESENTATION_LAYER_ASSIGNMENT (  '', '', ( #7426 ) ) ;
#2228 = EDGE_CURVE ( 'NONE', #837, #10464, #593, .T. ) ;
#2227 = LINE ( 'NONE', #11433, #10411 ) ;
#2229 = CARTESIAN_POINT ( 'NONE',  ( -1.099999999999996758, 1.000999999999999890, 22.92500000000000782 ) ) ;
#2230 = LINE ( 'NONE', #6425, #2850 ) ;
#2231 = VECTOR ( 'NONE', #193, 1000.000000000000000 ) ;
#2232 = ORIENTED_EDGE ( 'NONE', *, *, #1928, .T. ) ;
#2233 = CARTESIAN_POINT ( 'NONE',  ( -15.00000000000000000, 1.000000000000000000, 22.27500000000000568 ) ) ;
#2234 = SURFACE_STYLE_FILL_AREA ( #4287 ) ;
#2235 = DIRECTION ( 'NONE',  ( -1.299418334065024133E-16, -0.0000000000000000000, -1.000000000000000000 ) ) ;
#2236 = ORIENTED_EDGE ( 'NONE', *, *, #3561, .T. ) ;
#2237 = CARTESIAN_POINT ( 'NONE',  ( -8.099999999999996092, 1.000000000000000000, 22.92500000000001137 ) ) ;
#2238 = PLANE ( 'NONE',  #12096 ) ;
#2239 = ADVANCED_FACE ( 'NONE', ( #8380 ), #12501, .T. ) ;
#2240 = DIRECTION ( 'NONE',  ( -0.0000000000000000000, -1.000000000000000000, -0.0000000000000000000 ) ) ;
#2241 = DIRECTION ( 'NONE',  ( -9.427844978134821433E-17, -0.0000000000000000000, 1.000000000000000000 ) ) ;
#2242 = PRESENTATION_LAYER_ASSIGNMENT (  '', '', ( #8290 ) ) ;
#2243 = CARTESIAN_POINT ( 'NONE',  ( 1.900000000000001910, -0.001000000000000000021, 22.92500000000000426 ) ) ;
#2244 = DIRECTION ( 'NONE',  ( 0.0000000000000000000, 0.0000000000000000000, 1.000000000000000000 ) ) ;
#2245 = ORIENTED_EDGE ( 'NONE', *, *, #7288, .F. ) ;
#2247 = EDGE_CURVE ( 'NONE', #6798, #3843, #12372, .T. ) ;
#2246 = DIRECTION ( 'NONE',  ( -0.0000000000000000000, -1.000000000000000000, -0.0000000000000000000 ) ) ;
#2248 = VERTEX_POINT ( 'NONE', #4136 ) ;
#2249 = FACE_OUTER_BOUND ( 'NONE', #6340, .T. ) ;
#2250 = VECTOR ( 'NONE', #3457, 1000.000000000000000 ) ;
#2251 = FILL_AREA_STYLE_COLOUR ( '', #4120 ) ;
#2252 = ORIENTED_EDGE ( 'NONE', *, *, #8133, .T. ) ;
#2253 = FILL_AREA_STYLE_COLOUR ( '', #8072 ) ;
#2254 = VECTOR ( 'NONE', #1339, 1000.000000000000000 ) ;
#2255 = FILL_AREA_STYLE_COLOUR ( '', #2035 ) ;
#2256 = VECTOR ( 'NONE', #5856, 1000.000000000000000 ) ;
#2257 = CARTESIAN_POINT ( 'NONE',  ( 2.700000000000001954, -0.001000000000000000021, 25.22500000000000497 ) ) ;
#2258 = ORIENTED_EDGE ( 'NONE', *, *, #9443, .F. ) ;
#2259 = STYLED_ITEM ( 'NONE', ( #13062 ), #7547 ) ;
#2260 = VECTOR ( 'NONE', #4867, 1000.000000000000000 ) ;
#2261 = ORIENTED_EDGE ( 'NONE', *, *, #6533, .T. ) ;
#2262 = PRESENTATION_LAYER_ASSIGNMENT (  '', '', ( #80 ) ) ;
#2263 = FACE_OUTER_BOUND ( 'NONE', #11271, .T. ) ;
#2264 = SURFACE_STYLE_FILL_AREA ( #8356 ) ;
#2265 = ORIENTED_EDGE ( 'NONE', *, *, #5322, .T. ) ;
#2266 = COLOUR_RGB ( '',1.000000000000000000, 1.000000000000000000, 0.0000000000000000000 ) ;
#2267 =( NAMED_UNIT ( * ) PLANE_ANGLE_UNIT ( ) SI_UNIT ( $, .RADIAN. ) );
#2268 = ORIENTED_EDGE ( 'NONE', *, *, #4997, .T. ) ;
#2269 = AXIS2_PLACEMENT_3D ( 'NONE', #8624, #9896, #7553 ) ;
#2270 = SURFACE_STYLE_USAGE ( .BOTH. , #7424 ) ;
#2271 = MECHANICAL_DESIGN_GEOMETRIC_PRESENTATION_REPRESENTATION (  '', ( #7111 ), #3811 ) ;
#2272 = FILL_AREA_STYLE_COLOUR ( '', #9849 ) ;
#2273 = ORIENTED_EDGE ( 'NONE', *, *, #7136, .F. ) ;
#2274 = FACE_OUTER_BOUND ( 'NONE', #3705, .T. ) ;
#2275 = UNCERTAINTY_MEASURE_WITH_UNIT (LENGTH_MEASURE( 1.000000000000000082E-05 ), #11724, 'distance_accuracy_value', 'NONE');
#2276 = ORIENTED_EDGE ( 'NONE', *, *, #3404, .T. ) ;
#2277 = FILL_AREA_STYLE_COLOUR ( '', #13050 ) ;
#2278 = FILL_AREA_STYLE ('',( #3169 ) ) ;
#2279 = AXIS2_PLACEMENT_3D ( 'NONE', #8840, #6743, #8639 ) ;
#2280 = CARTESIAN_POINT ( 'NONE',  ( 1.900000000000001910, -0.001000000000000000021, 22.92500000000000426 ) ) ;
#2281 = VECTOR ( 'NONE', #3716, 1000.000000000000000 ) ;
#2282 = VERTEX_POINT ( 'NONE', #10345 ) ;
#2283 = SURFACE_SIDE_STYLE ('',( #2155 ) ) ;
#2284 = FILL_AREA_STYLE_COLOUR ( '', #3529 ) ;
#2285 = EDGE_LOOP ( 'NONE', ( #6408, #13389, #11155, #1337 ) ) ;
#2286 = DIRECTION ( 'NONE',  ( 0.0000000000000000000, 0.0000000000000000000, -1.000000000000000000 ) ) ;
#2287 = FILL_AREA_STYLE ('',( #3176 ) ) ;
#2288 = SURFACE_STYLE_USAGE ( .BOTH. , #8579 ) ;
#2289 = PRESENTATION_LAYER_ASSIGNMENT (  '', '', ( #12237 ) ) ;
#2290 = SURFACE_SIDE_STYLE ('',( #6490 ) ) ;
#2291 = EDGE_LOOP ( 'NONE', ( #6629, #2084, #8377, #5488 ) ) ;
#2292 = LINE ( 'NONE', #6296, #10011 ) ;
#2293 = SURFACE_STYLE_USAGE ( .BOTH. , #2042 ) ;
#2294 = EDGE_CURVE ( 'NONE', #11210, #8878, #4214, .T. ) ;
#2295 = ORIENTED_EDGE ( 'NONE', *, *, #8283, .F. ) ;
#2296 = LINE ( 'NONE', #7379, #12664 ) ;
#2297 = DIRECTION ( 'NONE',  ( -0.0000000000000000000, 1.000000000000000000, -0.0000000000000000000 ) ) ;
#2298 = PLANE ( 'NONE',  #12116 ) ;
#2299 = FACE_OUTER_BOUND ( 'NONE', #6893, .T. ) ;
#2300 = VECTOR ( 'NONE', #4101, 1000.000000000000000 ) ;
#2301 = ORIENTED_EDGE ( 'NONE', *, *, #5777, .F. ) ;
#2302 = CARTESIAN_POINT ( 'NONE',  ( -10.89999999999999858, -0.001000000000000757011, 22.92500000000001137 ) ) ;
#2303 = ADVANCED_FACE ( 'NONE', ( #5213 ), #3118, .T. ) ;
#2304 = CARTESIAN_POINT ( 'NONE',  ( 1.700000000000001954, -0.001000000000000000021, 25.22500000000000497 ) ) ;
#2305 = DIRECTION ( 'NONE',  ( 1.000000000000000000, -0.0000000000000000000, -0.0000000000000000000 ) ) ;
#2306 = DIRECTION ( 'NONE',  ( 0.0000000000000000000, -1.000000000000000000, 0.0000000000000000000 ) ) ;
#2307 =( GEOMETRIC_REPRESENTATION_CONTEXT ( 3 ) GLOBAL_UNCERTAINTY_ASSIGNED_CONTEXT ( ( #1750 ) ) GLOBAL_UNIT_ASSIGNED_CONTEXT ( ( #7133, #3071, #12394 ) ) REPRESENTATION_CONTEXT ( 'NONE', 'WORKASPACE' ) );
#2308 = LINE ( 'NONE', #113, #7052 ) ;
#2309 = ORIENTED_EDGE ( 'NONE', *, *, #9418, .F. ) ;
#2310 = LINE ( 'NONE', #11657, #13077 ) ;
#2311 = EDGE_CURVE ( 'NONE', #530, #12297, #2994, .T. ) ;
#2312 = EDGE_CURVE ( 'NONE', #13021, #12597, #1968, .T. ) ;
#2313 = CARTESIAN_POINT ( 'NONE',  ( 5.500000000000003553, 1.000999999999999890, 22.92500000000000071 ) ) ;
#2314 = ORIENTED_EDGE ( 'NONE', *, *, #10503, .T. ) ;
#2315 = PRESENTATION_STYLE_ASSIGNMENT (( #11453 ) ) ;
#2316 = EDGE_CURVE ( 'NONE', #2439, #833, #10290, .T. ) ;
#2317 = FILL_AREA_STYLE_COLOUR ( '', #352 ) ;
#2318 = AXIS2_PLACEMENT_3D ( 'NONE', #5605, #5411, #9722 ) ;
#2319 = VERTEX_POINT ( 'NONE', #4478 ) ;
#2320 = CARTESIAN_POINT ( 'NONE',  ( -11.69999999999999929, -0.001000000000000882995, 22.92500000000001137 ) ) ;
#2321 = PRESENTATION_STYLE_ASSIGNMENT (( #5448 ) ) ;
#2322 = CARTESIAN_POINT ( 'NONE',  ( -11.49999999999999645, 1.000999999999999890, 22.92500000000001137 ) ) ;
#2323 = COLOUR_RGB ( '',1.000000000000000000, 1.000000000000000000, 0.0000000000000000000 ) ;
#2324 = DIRECTION ( 'NONE',  ( 0.0000000000000000000, 0.0000000000000000000, -1.000000000000000000 ) ) ;
#2325 = VERTEX_POINT ( 'NONE', #8712 ) ;
#2326 = EDGE_CURVE ( 'NONE', #10618, #9759, #298, .T. ) ;
#2327 = ADVANCED_FACE ( 'NONE', ( #2490 ), #3388, .F. ) ;
#2328 = FILL_AREA_STYLE_COLOUR ( '', #7333 ) ;
#2329 = VECTOR ( 'NONE', #11422, 1000.000000000000000 ) ;
#2330 = FACE_OUTER_BOUND ( 'NONE', #1391, .T. ) ;
#2331 = FACE_OUTER_BOUND ( 'NONE', #9025, .T. ) ;
#2332 = SURFACE_STYLE_FILL_AREA ( #12617 ) ;
#2333 = ADVANCED_FACE ( 'NONE', ( #4534 ), #10475, .F. ) ;
#2334 = AXIS2_PLACEMENT_3D ( 'NONE', #1251, #9489, #13446 ) ;
#2335 = DIRECTION ( 'NONE',  ( -2.668805347656626678E-16, -0.0000000000000000000, 1.000000000000000000 ) ) ;
#2336 = ADVANCED_FACE ( 'NONE', ( #160 ), #7506, .T. ) ;
#2337 = ORIENTED_EDGE ( 'NONE', *, *, #6953, .T. ) ;
#2338 = CARTESIAN_POINT ( 'NONE',  ( -5.899999999999995914, 1.000000000000000000, 22.92500000000001137 ) ) ;
#2339 = MECHANICAL_DESIGN_GEOMETRIC_PRESENTATION_REPRESENTATION (  '', ( #4728 ), #807 ) ;
#2340 = LINE ( 'NONE', #11555, #3893 ) ;
#2341 = ORIENTED_EDGE ( 'NONE', *, *, #7469, .T. ) ;
#2342 = SURFACE_STYLE_FILL_AREA ( #9780 ) ;
#2343 = ORIENTED_EDGE ( 'NONE', *, *, #10589, .T. ) ;
#2344 = VECTOR ( 'NONE', #8782, 1000.000000000000000 ) ;
#2345 = VECTOR ( 'NONE', #12964, 1000.000000000000000 ) ;
#2346 = LINE ( 'NONE', #10598, #4908 ) ;
#2347 = ORIENTED_EDGE ( 'NONE', *, *, #735, .T. ) ;
#2348 = LINE ( 'NONE', #8704, #11982 ) ;
#2349 = EDGE_LOOP ( 'NONE', ( #10121, #10393, #11412, #164 ) ) ;
#2350 = CARTESIAN_POINT ( 'NONE',  ( 5.500000000000005329, 1.000000000000000000, 25.22500000000000853 ) ) ;
#2351 = DIRECTION ( 'NONE',  ( -1.000000000000000000, -0.0000000000000000000, -0.0000000000000000000 ) ) ;
#2352 = DIRECTION ( 'NONE',  ( -0.0000000000000000000, 1.000000000000000000, -0.0000000000000000000 ) ) ;
#2353 = ORIENTED_EDGE ( 'NONE', *, *, #6149, .T. ) ;
#2354 = PRESENTATION_STYLE_ASSIGNMENT (( #10339 ) ) ;
#2355 = EDGE_CURVE ( 'NONE', #9585, #10459, #8031, .T. ) ;
#2356 = VERTEX_POINT ( 'NONE', #5694 ) ;
#2357 = FILL_AREA_STYLE ('',( #5693 ) ) ;
#2358 = DIRECTION ( 'NONE',  ( 0.0000000000000000000, 1.000000000000000000, 0.0000000000000000000 ) ) ;
#2359 = AXIS2_PLACEMENT_3D ( 'NONE', #271, #8548, #5390 ) ;
#2360 = DIRECTION ( 'NONE',  ( 1.000000000000000000, 0.0000000000000000000, -0.0000000000000000000 ) ) ;
#2361 = VECTOR ( 'NONE', #2202, 1000.000000000000000 ) ;
#2362 = ORIENTED_EDGE ( 'NONE', *, *, #8680, .T. ) ;
#2363 = DIRECTION ( 'NONE',  ( -0.0000000000000000000, -0.0000000000000000000, -1.000000000000000000 ) ) ;
#2364 = CARTESIAN_POINT ( 'NONE',  ( 9.199999999999999289, -1.350000000000000089, -19.67499999999999361 ) ) ;
#2365 = VERTEX_POINT ( 'NONE', #6013 ) ;
#2366 = FILL_AREA_STYLE_COLOUR ( '', #9638 ) ;
#2367 = VERTEX_POINT ( 'NONE', #10802 ) ;
#2368 = SURFACE_SIDE_STYLE ('',( #1498 ) ) ;
#2369 = CARTESIAN_POINT ( 'NONE',  ( 15.00000000000000000, 3.399999999999999911, -19.67499999999999361 ) ) ;
#2370 = AXIS2_PLACEMENT_3D ( 'NONE', #1405, #8696, #10785 ) ;
#2371 = VECTOR ( 'NONE', #2188, 1000.000000000000000 ) ;
#2372 = CARTESIAN_POINT ( 'NONE',  ( 7.900000000000003908, 1.000999999999999890, 25.22499999999999787 ) ) ;
#2373 = DIRECTION ( 'NONE',  ( 1.000000000000000000, 0.0000000000000000000, 0.0000000000000000000 ) ) ;
#2374 = CARTESIAN_POINT ( 'NONE',  ( -6.899999999999998579, -1.261617073437677506E-16, 22.92500000000001137 ) ) ;
#2375 = PRESENTATION_STYLE_ASSIGNMENT (( #6441 ) ) ;
#2376 = MECHANICAL_DESIGN_GEOMETRIC_PRESENTATION_REPRESENTATION (  '', ( #8424 ), #8643 ) ;
#2377 = MECHANICAL_DESIGN_GEOMETRIC_PRESENTATION_REPRESENTATION (  '', ( #11019 ), #3244 ) ;
#2378 = VECTOR ( 'NONE', #9338, 1000.000000000000000 ) ;
#2379 = EDGE_LOOP ( 'NONE', ( #10078, #1651, #4186, #1691 ) ) ;
#2380 =( NAMED_UNIT ( * ) SI_UNIT ( $, .STERADIAN. ) SOLID_ANGLE_UNIT ( ) );
#2381 = CARTESIAN_POINT ( 'NONE',  ( -1.699999999999996625, 1.000000000000000000, 22.92500000000000782 ) ) ;
#2382 = ORIENTED_EDGE ( 'NONE', *, *, #4720, .F. ) ;
#2383 = CARTESIAN_POINT ( 'NONE',  ( 9.500000000000003553, 1.000999999999999890, 22.92499999999999716 ) ) ;
#2384 = FACE_OUTER_BOUND ( 'NONE', #4451, .T. ) ;
#2385 = FILL_AREA_STYLE ('',( #3096 ) ) ;
#2386 = EDGE_CURVE ( 'NONE', #7332, #12587, #4043, .T. ) ;
#2387 = FILL_AREA_STYLE ('',( #10509 ) ) ;
#2388 = VERTEX_POINT ( 'NONE', #9181 ) ;
#2389 = PRESENTATION_STYLE_ASSIGNMENT (( #2670 ) ) ;
#2390 = LINE ( 'NONE', #9558, #708 ) ;
#2391 = FILL_AREA_STYLE_COLOUR ( '', #524 ) ;
#2392 = ORIENTED_EDGE ( 'NONE', *, *, #12176, .F. ) ;
#2393 = COLOUR_RGB ( '',1.000000000000000000, 1.000000000000000000, 0.0000000000000000000 ) ;
#2394 = EDGE_CURVE ( 'NONE', #11656, #7500, #904, .T. ) ;
#2395 = EDGE_CURVE ( 'NONE', #7781, #10987, #1941, .T. ) ;
#2396 = DIRECTION ( 'NONE',  ( 1.000000000000000000, 0.0000000000000000000, 0.0000000000000000000 ) ) ;
#2397 =( NAMED_UNIT ( * ) PLANE_ANGLE_UNIT ( ) SI_UNIT ( $, .RADIAN. ) );
#2398 = STYLED_ITEM ( 'NONE', ( #12120 ), #4228 ) ;
#2399 = FILL_AREA_STYLE ('',( #9566 ) ) ;
#2400 = SURFACE_STYLE_FILL_AREA ( #8620 ) ;
#2401 = PRESENTATION_LAYER_ASSIGNMENT (  '', '', ( #7811 ) ) ;
#2402 = UNCERTAINTY_MEASURE_WITH_UNIT (LENGTH_MEASURE( 1.000000000000000082E-05 ), #9428, 'distance_accuracy_value', 'NONE');
#2403 = ORIENTED_EDGE ( 'NONE', *, *, #5380, .F. ) ;
#2404 =( NAMED_UNIT ( * ) SI_UNIT ( $, .STERADIAN. ) SOLID_ANGLE_UNIT ( ) );
#2405 = VECTOR ( 'NONE', #11622, 1000.000000000000000 ) ;
#2406 = EDGE_CURVE ( 'NONE', #833, #12238, #8164, .T. ) ;
#2407 = SURFACE_SIDE_STYLE ('',( #12834 ) ) ;
#2408 = CARTESIAN_POINT ( 'NONE',  ( -10.49999999999999467, 1.000999999999999890, 25.22500000000001208 ) ) ;
#2409 = ORIENTED_EDGE ( 'NONE', *, *, #1758, .F. ) ;
#2410 = LINE ( 'NONE', #4457, #12542 ) ;
#2411 = ADVANCED_FACE ( 'NONE', ( #507 ), #4105, .F. ) ;
#2412 = LINE ( 'NONE', #12771, #10777 ) ;
#2413 = ORIENTED_EDGE ( 'NONE', *, *, #5081, .T. ) ;
#2414 = PLANE ( 'NONE',  #6164 ) ;
#2415 = UNCERTAINTY_MEASURE_WITH_UNIT (LENGTH_MEASURE( 1.000000000000000082E-05 ), #6659, 'distance_accuracy_value', 'NONE');
#2416 = VERTEX_POINT ( 'NONE', #8781 ) ;
#2417 = CARTESIAN_POINT ( 'NONE',  ( 0.9000000000000016875, 0.0000000000000000000, 22.92500000000000426 ) ) ;
#2418 = FACE_OUTER_BOUND ( 'NONE', #3061, .T. ) ;
#2419 = VECTOR ( 'NONE', #2335, 1000.000000000000000 ) ;
#2420 = VERTEX_POINT ( 'NONE', #4994 ) ;
#2421 = VECTOR ( 'NONE', #4774, 1000.000000000000000 ) ;
#2422 = DIRECTION ( 'NONE',  ( 1.000000000000000000, 0.0000000000000000000, 0.0000000000000000000 ) ) ;
#2423 = ORIENTED_EDGE ( 'NONE', *, *, #8342, .T. ) ;
#2424 = STYLED_ITEM ( 'NONE', ( #12923 ), #2411 ) ;
#2425 = FILL_AREA_STYLE_COLOUR ( '', #9664 ) ;
#2426 = VECTOR ( 'NONE', #6062, 1000.000000000000000 ) ;
#2427 = ORIENTED_EDGE ( 'NONE', *, *, #4075, .F. ) ;
#2428 =( GEOMETRIC_REPRESENTATION_CONTEXT ( 3 ) GLOBAL_UNCERTAINTY_ASSIGNED_CONTEXT ( ( #5125 ) ) GLOBAL_UNIT_ASSIGNED_CONTEXT ( ( #7318, #7391, #180 ) ) REPRESENTATION_CONTEXT ( 'NONE', 'WORKASPACE' ) );
#2429 = CARTESIAN_POINT ( 'NONE',  ( 0.5000000000000034417, 1.000999999999999890, 22.92500000000000426 ) ) ;
#2430 = SURFACE_SIDE_STYLE ('',( #11904 ) ) ;
#2431 = CARTESIAN_POINT ( 'NONE',  ( 9.300000000000002487, 1.000000000000000000, 22.92499999999999716 ) ) ;
#2432 = UNCERTAINTY_MEASURE_WITH_UNIT (LENGTH_MEASURE( 1.000000000000000082E-05 ), #5863, 'distance_accuracy_value', 'NONE');
#2433 = EDGE_LOOP ( 'NONE', ( #4388, #54, #12554, #10996 ) ) ;
#2434 = LINE ( 'NONE', #9466, #2511 ) ;
#2435 = MECHANICAL_DESIGN_GEOMETRIC_PRESENTATION_REPRESENTATION (  '', ( #12371 ), #2012 ) ;
#2436 = CARTESIAN_POINT ( 'NONE',  ( -9.200000000000004619, 3.399999999999999911, -19.67499999999999361 ) ) ;
#2437 =( LENGTH_UNIT ( ) NAMED_UNIT ( * ) SI_UNIT ( .MILLI., .METRE. ) );
#2438 = LINE ( 'NONE', #5710, #13271 ) ;
#2439 = VERTEX_POINT ( 'NONE', #11896 ) ;
#2440 = STYLED_ITEM ( 'NONE', ( #10527 ), #6541 ) ;
#2441 = AXIS2_PLACEMENT_3D ( 'NONE', #8450, #2225, #12442 ) ;
#2442 = VECTOR ( 'NONE', #12083, 1000.000000000000000 ) ;
#2443 = PRESENTATION_STYLE_ASSIGNMENT (( #11720 ) ) ;
#2444 = MECHANICAL_DESIGN_GEOMETRIC_PRESENTATION_REPRESENTATION (  '', ( #7208 ), #1140 ) ;
#2445 = CARTESIAN_POINT ( 'NONE',  ( 4.100000000000001421, 0.0000000000000000000, 25.22500000000000142 ) ) ;
#2446 = EDGE_LOOP ( 'NONE', ( #12735, #4026, #6506, #10670 ) ) ;
#2447 = COLOUR_RGB ( '',0.5019607843137254832, 0.5019607843137254832, 0.5019607843137254832 ) ;
#2448 = SURFACE_SIDE_STYLE ('',( #11723 ) ) ;
#2449 = ORIENTED_EDGE ( 'NONE', *, *, #11348, .F. ) ;
#2450 = DIRECTION ( 'NONE',  ( -1.299418334065024133E-16, 0.0000000000000000000, -1.000000000000000000 ) ) ;
#2451 = CARTESIAN_POINT ( 'NONE',  ( -2.099999999999998757, -0.001000000000000000021, 25.22500000000000853 ) ) ;
#2452 = DIRECTION ( 'NONE',  ( 0.0000000000000000000, 1.000000000000000000, 0.0000000000000000000 ) ) ;
#2453 = ORIENTED_EDGE ( 'NONE', *, *, #2228, .F. ) ;
#2454 =( LENGTH_UNIT ( ) NAMED_UNIT ( * ) SI_UNIT ( .MILLI., .METRE. ) );
#2455 = VECTOR ( 'NONE', #1665, 1000.000000000000000 ) ;
#2456 = FILL_AREA_STYLE_COLOUR ( '', #5720 ) ;
#2457 = MECHANICAL_DESIGN_GEOMETRIC_PRESENTATION_REPRESENTATION (  '', ( #8932 ), #6140 ) ;
#2458 = SURFACE_STYLE_USAGE ( .BOTH. , #8960 ) ;
#2459 = DIRECTION ( 'NONE',  ( -0.0000000000000000000, 1.000000000000000000, -0.0000000000000000000 ) ) ;
#2460 =( NAMED_UNIT ( * ) SI_UNIT ( $, .STERADIAN. ) SOLID_ANGLE_UNIT ( ) );
#2461 = PRESENTATION_LAYER_ASSIGNMENT (  '', '', ( #3772 ) ) ;
#2462 = DIRECTION ( 'NONE',  ( 1.000000000000000000, 0.0000000000000000000, 0.0000000000000000000 ) ) ;
#2463 =( GEOMETRIC_REPRESENTATION_CONTEXT ( 3 ) GLOBAL_UNCERTAINTY_ASSIGNED_CONTEXT ( ( #8497 ) ) GLOBAL_UNIT_ASSIGNED_CONTEXT ( ( #13357, #3959, #9161 ) ) REPRESENTATION_CONTEXT ( 'NONE', 'WORKASPACE' ) );
#2464 = ORIENTED_EDGE ( 'NONE', *, *, #1332, .T. ) ;
#2465 = FILL_AREA_STYLE_COLOUR ( '', #6561 ) ;
#2466 = VECTOR ( 'NONE', #2659, 1000.000000000000000 ) ;
#2467 = CARTESIAN_POINT ( 'NONE',  ( 10.30000000000000426, 1.000999999999999890, 22.92499999999999716 ) ) ;
#2468 = EDGE_CURVE ( 'NONE', #957, #2794, #11150, .T. ) ;
#2469 = CARTESIAN_POINT ( 'NONE',  ( 11.50000000000000355, -0.001000000000000000021, 22.92499999999999361 ) ) ;
#2470 = EDGE_LOOP ( 'NONE', ( #9198, #6094, #8605, #9718 ) ) ;
#2471 = PLANE ( 'NONE',  #2370 ) ;
#2472 = VECTOR ( 'NONE', #1634, 1000.000000000000000 ) ;
#2473 =( NAMED_UNIT ( * ) SI_UNIT ( $, .STERADIAN. ) SOLID_ANGLE_UNIT ( ) );
#2474 = EDGE_CURVE ( 'NONE', #40, #12795, #2966, .T. ) ;
#2475 = DIRECTION ( 'NONE',  ( -0.0000000000000000000, 1.000000000000000000, -0.0000000000000000000 ) ) ;
#2476 = FILL_AREA_STYLE_COLOUR ( '', #506 ) ;
#2477 = PRESENTATION_LAYER_ASSIGNMENT (  '', '', ( #11343 ) ) ;
#2478 = EDGE_LOOP ( 'NONE', ( #4796, #7512, #6271, #5514 ) ) ;
#2479 = CARTESIAN_POINT ( 'NONE',  ( 0.3000000000000016542, -0.001000000000000000021, 25.22500000000000497 ) ) ;
#2480 = CARTESIAN_POINT ( 'NONE',  ( -0.2999999999999964362, 1.000000000000000000, 25.22500000000000853 ) ) ;
#2481 = ADVANCED_FACE ( 'NONE', ( #61 ), #11543, .F. ) ;
#2482 = SURFACE_SIDE_STYLE ('',( #5687 ) ) ;
#2483 = ORIENTED_EDGE ( 'NONE', *, *, #4073, .T. ) ;
#2484 = DIRECTION ( 'NONE',  ( -0.0000000000000000000, 0.0000000000000000000, 1.000000000000000000 ) ) ;
#2485 = EDGE_CURVE ( 'NONE', #2139, #1171, #9486, .T. ) ;
#2486 = LINE ( 'NONE', #1615, #11966 ) ;
#2487 = COLOUR_RGB ( '',1.000000000000000000, 1.000000000000000000, 0.0000000000000000000 ) ;
#2488 = EDGE_LOOP ( 'NONE', ( #5177, #4347, #9964, #13173 ) ) ;
#2489 = PRESENTATION_STYLE_ASSIGNMENT (( #6487 ) ) ;
#2490 = FACE_OUTER_BOUND ( 'NONE', #1530, .T. ) ;
#2491 =( GEOMETRIC_REPRESENTATION_CONTEXT ( 3 ) GLOBAL_UNCERTAINTY_ASSIGNED_CONTEXT ( ( #7711 ) ) GLOBAL_UNIT_ASSIGNED_CONTEXT ( ( #8252, #3250, #12315 ) ) REPRESENTATION_CONTEXT ( 'NONE', 'WORKASPACE' ) );
#2492 = FACE_OUTER_BOUND ( 'NONE', #8640, .T. ) ;
#2493 = ADVANCED_FACE ( 'NONE', ( #3207 ), #12467, .F. ) ;
#2494 = EDGE_CURVE ( 'NONE', #7776, #2886, #11325, .T. ) ;
#2495 = CARTESIAN_POINT ( 'NONE',  ( -15.00000000000000533, 0.0000000000000000000, -25.47499999999999432 ) ) ;
#2496 = FILL_AREA_STYLE ('',( #8910 ) ) ;
#2497 = VECTOR ( 'NONE', #4984, 1000.000000000000000 ) ;
#2498 = EDGE_LOOP ( 'NONE', ( #9457, #3888, #11877, #10950 ) ) ;
#2499 = VECTOR ( 'NONE', #6144, 1000.000000000000000 ) ;
#2500 = PRESENTATION_STYLE_ASSIGNMENT (( #1622 ) ) ;
#2501 = CARTESIAN_POINT ( 'NONE',  ( -7.699999999999998401, -2.523234146875355012E-16, 25.22500000000001208 ) ) ;
#2502 = ADVANCED_FACE ( 'NONE', ( #6196 ), #13443, .F. ) ;
#2503 = ORIENTED_EDGE ( 'NONE', *, *, #10750, .T. ) ;
#2504 = CARTESIAN_POINT ( 'NONE',  ( -12.09999999999999609, 1.000999999999999890, 22.92500000000001137 ) ) ;
#2505 = SURFACE_SIDE_STYLE ('',( #4816 ) ) ;
#2506 = CARTESIAN_POINT ( 'NONE',  ( 10.30000000000000426, 1.000000000000000000, 22.92499999999999716 ) ) ;
#2507 = ORIENTED_EDGE ( 'NONE', *, *, #888, .F. ) ;
#2508 = CARTESIAN_POINT ( 'NONE',  ( -9.899999999999995026, 1.000999999999999890, 22.92500000000001137 ) ) ;
#2509 =( LENGTH_UNIT ( ) NAMED_UNIT ( * ) SI_UNIT ( .MILLI., .METRE. ) );
#2510 = VECTOR ( 'NONE', #8943, 1000.000000000000000 ) ;
#2511 = VECTOR ( 'NONE', #4285, 1000.000000000000000 ) ;
#2512 = DIRECTION ( 'NONE',  ( -9.427844978134821433E-17, -0.0000000000000000000, -1.000000000000000000 ) ) ;
#2513 = DIRECTION ( 'NONE',  ( 1.885568995626964287E-16, 0.0000000000000000000, -1.000000000000000000 ) ) ;
#2514 = FILL_AREA_STYLE ('',( #5504 ) ) ;
#2515 = ORIENTED_EDGE ( 'NONE', *, *, #2646, .F. ) ;
#2516 = CARTESIAN_POINT ( 'NONE',  ( 9.500000000000003553, 1.000000000000000000, 22.92499999999999716 ) ) ;
#2517 = STYLED_ITEM ( 'NONE', ( #7967 ), #10173 ) ;
#2518 = ORIENTED_EDGE ( 'NONE', *, *, #2406, .F. ) ;
#2519 = CARTESIAN_POINT ( 'NONE',  ( -1.299999999999998712, 0.0000000000000000000, 25.22500000000000853 ) ) ;
#2520 = DIRECTION ( 'NONE',  ( 0.0000000000000000000, 1.000000000000000000, 0.0000000000000000000 ) ) ;
#2521 = SURFACE_STYLE_USAGE ( .BOTH. , #8946 ) ;
#2522 = EDGE_LOOP ( 'NONE', ( #8676, #8175, #10705, #6559 ) ) ;
#2523 = LINE ( 'NONE', #2671, #8722 ) ;
#2524 =( NAMED_UNIT ( * ) SI_UNIT ( $, .STERADIAN. ) SOLID_ANGLE_UNIT ( ) );
#2525 = ADVANCED_FACE ( 'NONE', ( #1046 ), #2183, .F. ) ;
#2526 =( NAMED_UNIT ( * ) PLANE_ANGLE_UNIT ( ) SI_UNIT ( $, .RADIAN. ) );
#2527 = COLOUR_RGB ( '',1.000000000000000000, 1.000000000000000000, 0.0000000000000000000 ) ;
#2528 = DIRECTION ( 'NONE',  ( 0.0000000000000000000, 0.0000000000000000000, 1.000000000000000000 ) ) ;
#2529 = LINE ( 'NONE', #10778, #10638 ) ;
#2530 = VECTOR ( 'NONE', #12744, 1000.000000000000000 ) ;
#2531 = PRESENTATION_STYLE_ASSIGNMENT (( #3760 ) ) ;
#2532 = FILL_AREA_STYLE ('',( #134 ) ) ;
#2533 = UNCERTAINTY_MEASURE_WITH_UNIT (LENGTH_MEASURE( 1.000000000000000082E-05 ), #4279, 'distance_accuracy_value', 'NONE');
#2534 = VERTEX_POINT ( 'NONE', #11252 ) ;
#2535 = LINE ( 'NONE', #5808, #937 ) ;
#2536 =( NAMED_UNIT ( * ) PLANE_ANGLE_UNIT ( ) SI_UNIT ( $, .RADIAN. ) );
#2537 = FACE_OUTER_BOUND ( 'NONE', #4950, .T. ) ;
#2538 = VERTEX_POINT ( 'NONE', #2114 ) ;
#2539 = CARTESIAN_POINT ( 'NONE',  ( 2.300000000000003819, 1.000999999999999890, 25.22500000000000497 ) ) ;
#2540 = VECTOR ( 'NONE', #3346, 1000.000000000000000 ) ;
#2541 = SURFACE_STYLE_FILL_AREA ( #353 ) ;
#2542 = COLOUR_RGB ( '',0.0000000000000000000, 0.7529411764705882248, 0.0000000000000000000 ) ;
#2543 = SURFACE_STYLE_USAGE ( .BOTH. , #11824 ) ;
#2544 = VECTOR ( 'NONE', #2305, 1000.000000000000000 ) ;
#2545 = CARTESIAN_POINT ( 'NONE',  ( -9.299999999999998934, -0.001000000000000504609, 25.22500000000001208 ) ) ;
#2546 = UNCERTAINTY_MEASURE_WITH_UNIT (LENGTH_MEASURE( 1.000000000000000082E-05 ), #402, 'distance_accuracy_value', 'NONE');
#2547 = VERTEX_POINT ( 'NONE', #4095 ) ;
#2548 = CARTESIAN_POINT ( 'NONE',  ( 12.84999999999999964, 0.0000000000000000000, 25.22499999999999432 ) ) ;
#2549 = DIRECTION ( 'NONE',  ( -1.000000000000000000, 0.0000000000000000000, 0.0000000000000000000 ) ) ;
#2550 = DIRECTION ( 'NONE',  ( -1.000000000000000000, 0.0000000000000000000, -0.0000000000000000000 ) ) ;
#2551 =( LENGTH_UNIT ( ) NAMED_UNIT ( * ) SI_UNIT ( .MILLI., .METRE. ) );
#2552 = CARTESIAN_POINT ( 'NONE',  ( 0.3000000000000020983, -0.001000000000000000021, 22.92500000000000426 ) ) ;
#2553 = ADVANCED_FACE ( 'NONE', ( #11312 ), #8154, .F. ) ;
#2554 = CARTESIAN_POINT ( 'NONE',  ( 0.7000000000000061728, 1.000000000000000000, 25.22500000000000853 ) ) ;
#2555 = EDGE_LOOP ( 'NONE', ( #1422, #6343, #1736, #34 ) ) ;
#2556 = AXIS2_PLACEMENT_3D ( 'NONE', #1095, #967, #6051 ) ;
#2557 = AXIS2_PLACEMENT_3D ( 'NONE', #9908, #6874, #9976 ) ;
#2558 = LINE ( 'NONE', #7386, #4522 ) ;
#2559 = EDGE_CURVE ( 'NONE', #3838, #11661, #6058, .T. ) ;
#2560 = EDGE_CURVE ( 'NONE', #8878, #4206, #10241, .T. ) ;
#2561 = DIRECTION ( 'NONE',  ( 1.000000000000000000, 0.0000000000000000000, 0.0000000000000000000 ) ) ;
#2562 = PLANE ( 'NONE',  #11698 ) ;
#2563 = ORIENTED_EDGE ( 'NONE', *, *, #3569, .F. ) ;
#2564 =( NAMED_UNIT ( * ) PLANE_ANGLE_UNIT ( ) SI_UNIT ( $, .RADIAN. ) );
#2565 = UNCERTAINTY_MEASURE_WITH_UNIT (LENGTH_MEASURE( 1.000000000000000082E-05 ), #3741, 'distance_accuracy_value', 'NONE');
#2566 = DIRECTION ( 'NONE',  ( 1.000000000000000000, 0.0000000000000000000, 1.885568995626964287E-16 ) ) ;
#2567 = CARTESIAN_POINT ( 'NONE',  ( -1.899999999999996803, 1.000999999999999890, 22.92500000000000782 ) ) ;
#2568 =( LENGTH_UNIT ( ) NAMED_UNIT ( * ) SI_UNIT ( .MILLI., .METRE. ) );
#2569 = UNCERTAINTY_MEASURE_WITH_UNIT (LENGTH_MEASURE( 1.000000000000000082E-05 ), #5281, 'distance_accuracy_value', 'NONE');
#2570 = ORIENTED_EDGE ( 'NONE', *, *, #11000, .F. ) ;
#2571 = CARTESIAN_POINT ( 'NONE',  ( 2.500000000000002220, 0.0000000000000000000, 25.22500000000000853 ) ) ;
#2572 = CARTESIAN_POINT ( 'NONE',  ( -15.00000000000000000, 0.0000000000000000000, 25.22500000000000853 ) ) ;
#2573 = CARTESIAN_POINT ( 'NONE',  ( -10.69999999999999574, 1.000000000000000000, 22.92500000000001137 ) ) ;
#2574 = EDGE_CURVE ( 'NONE', #9759, #2658, #3407, .T. ) ;
#2575 = DIRECTION ( 'NONE',  ( -3.771137991253928573E-16, 0.0000000000000000000, 1.000000000000000000 ) ) ;
#2576 = ORIENTED_EDGE ( 'NONE', *, *, #1680, .T. ) ;
#2577 = EDGE_CURVE ( 'NONE', #6665, #10391, #4434, .T. ) ;
#2578 = DIRECTION ( 'NONE',  ( -1.000000000000000000, -0.0000000000000000000, -0.0000000000000000000 ) ) ;
#2579 = PRESENTATION_LAYER_ASSIGNMENT (  '', '', ( #8191 ) ) ;
#2580 =( GEOMETRIC_REPRESENTATION_CONTEXT ( 3 ) GLOBAL_UNCERTAINTY_ASSIGNED_CONTEXT ( ( #358 ) ) GLOBAL_UNIT_ASSIGNED_CONTEXT ( ( #6897, #634, #7975 ) ) REPRESENTATION_CONTEXT ( 'NONE', 'WORKASPACE' ) );
#2581 = ADVANCED_FACE ( 'NONE', ( #10630 ), #6385, .F. ) ;
#2582 = CARTESIAN_POINT ( 'NONE',  ( -1.499999999999997780, 0.0000000000000000000, 25.22500000000000853 ) ) ;
#2583 = EDGE_CURVE ( 'NONE', #8369, #1992, #2308, .T. ) ;
#2584 = CARTESIAN_POINT ( 'NONE',  ( 2.500000000000001776, -0.001000000000000000021, 25.22500000000000497 ) ) ;
#2585 = FILL_AREA_STYLE_COLOUR ( '', #4623 ) ;
#2586 = ORIENTED_EDGE ( 'NONE', *, *, #6364, .T. ) ;
#2587 = LINE ( 'NONE', #3732, #8297 ) ;
#2588 = SURFACE_STYLE_USAGE ( .BOTH. , #10698 ) ;
#2589 = MECHANICAL_DESIGN_GEOMETRIC_PRESENTATION_REPRESENTATION (  '', ( #5614 ), #1951 ) ;
#2590 = ORIENTED_EDGE ( 'NONE', *, *, #1835, .T. ) ;
#2591 = CARTESIAN_POINT ( 'NONE',  ( 5.500000000000003553, 1.000999999999999890, 22.92500000000000071 ) ) ;
#2592 = FACE_OUTER_BOUND ( 'NONE', #13129, .T. ) ;
#2593 = DIRECTION ( 'NONE',  ( -9.427844978134821433E-17, 0.0000000000000000000, 1.000000000000000000 ) ) ;
#2594 = VECTOR ( 'NONE', #7061, 1000.000000000000000 ) ;
#2595 = COLOUR_RGB ( '',1.000000000000000000, 1.000000000000000000, 0.0000000000000000000 ) ;
#2596 = DIRECTION ( 'NONE',  ( -1.000000000000000000, -0.0000000000000000000, -0.0000000000000000000 ) ) ;
#2597 = ORIENTED_EDGE ( 'NONE', *, *, #12781, .F. ) ;
#2598 = CARTESIAN_POINT ( 'NONE',  ( 12.10000000000000320, -0.001000000000000000021, 25.22499999999999432 ) ) ;
#2599 = LINE ( 'NONE', #4641, #1554 ) ;
#2600 = CARTESIAN_POINT ( 'NONE',  ( 15.00000000000000000, 1.000000000000000000, 25.22500000000000853 ) ) ;
#2601 = FILL_AREA_STYLE ('',( #2328 ) ) ;
#2602 =( GEOMETRIC_REPRESENTATION_CONTEXT ( 3 ) GLOBAL_UNCERTAINTY_ASSIGNED_CONTEXT ( ( #3777 ) ) GLOBAL_UNIT_ASSIGNED_CONTEXT ( ( #8743, #3066, #13425 ) ) REPRESENTATION_CONTEXT ( 'NONE', 'WORKASPACE' ) );
#2603 = VECTOR ( 'NONE', #3650, 1000.000000000000000 ) ;
#2604 =( NAMED_UNIT ( * ) PLANE_ANGLE_UNIT ( ) SI_UNIT ( $, .RADIAN. ) );
#2605 = FACE_OUTER_BOUND ( 'NONE', #7785, .T. ) ;
#2606 = SURFACE_STYLE_FILL_AREA ( #3683 ) ;
#2607 = ORIENTED_EDGE ( 'NONE', *, *, #907, .F. ) ;
#2608 = SURFACE_STYLE_FILL_AREA ( #6812 ) ;
#2609 = SURFACE_STYLE_FILL_AREA ( #6813 ) ;
#2610 = VERTEX_POINT ( 'NONE', #8536 ) ;
#2611 = AXIS2_PLACEMENT_3D ( 'NONE', #10574, #12679, #1384 ) ;
#2612 = DIRECTION ( 'NONE',  ( -1.000000000000000000, 0.0000000000000000000, 9.427844978134821433E-17 ) ) ;
#2613 = COLOUR_RGB ( '',1.000000000000000000, 1.000000000000000000, 0.0000000000000000000 ) ;
#2614 =( NAMED_UNIT ( * ) PLANE_ANGLE_UNIT ( ) SI_UNIT ( $, .RADIAN. ) );
#2615 = PLANE ( 'NONE',  #9431 ) ;
#2616 = STYLED_ITEM ( 'NONE', ( #7043 ), #3946 ) ;
#2617 = VECTOR ( 'NONE', #280, 1000.000000000000000 ) ;
#2618 = DIRECTION ( 'NONE',  ( 0.0000000000000000000, 1.000000000000000000, 0.0000000000000000000 ) ) ;
#2619 = ORIENTED_EDGE ( 'NONE', *, *, #13244, .T. ) ;
#2620 = DIRECTION ( 'NONE',  ( -0.0000000000000000000, 1.000000000000000000, -0.0000000000000000000 ) ) ;
#2621 = DIRECTION ( 'NONE',  ( 1.000000000000000000, 0.0000000000000000000, 0.0000000000000000000 ) ) ;
#2622 = FILL_AREA_STYLE ('',( #13056 ) ) ;
#2623 = VECTOR ( 'NONE', #8140, 1000.000000000000000 ) ;
#2624 = CARTESIAN_POINT ( 'NONE',  ( -6.899999999999998579, -0.001000000000000126222, 22.92500000000001137 ) ) ;
#2625 = PRESENTATION_STYLE_ASSIGNMENT (( #12987 ) ) ;
#2626 = LINE ( 'NONE', #4474, #2687 ) ;
#2627 = EDGE_LOOP ( 'NONE', ( #12058, #7369, #8294, #11609 ) ) ;
#2628 = SURFACE_SIDE_STYLE ('',( #13133 ) ) ;
#2629 = DIRECTION ( 'NONE',  ( -1.000000000000000000, -0.0000000000000000000, -0.0000000000000000000 ) ) ;
#2630 = VECTOR ( 'NONE', #6850, 1000.000000000000000 ) ;
#2631 = CARTESIAN_POINT ( 'NONE',  ( 1.500000000000003553, 1.000999999999999890, 22.92500000000000426 ) ) ;
#2632 = PRESENTATION_STYLE_ASSIGNMENT (( #7915 ) ) ;
#2633 = EDGE_CURVE ( 'NONE', #4317, #12409, #10761, .T. ) ;
#2634 = ORIENTED_EDGE ( 'NONE', *, *, #5160, .T. ) ;
#2635 =( NAMED_UNIT ( * ) PLANE_ANGLE_UNIT ( ) SI_UNIT ( $, .RADIAN. ) );
#2636 = STYLED_ITEM ( 'NONE', ( #3480 ), #6207 ) ;
#2637 = PLANE ( 'NONE',  #12808 ) ;
#2638 = DIRECTION ( 'NONE',  ( -0.0000000000000000000, 1.000000000000000000, -0.0000000000000000000 ) ) ;
#2639 = STYLED_ITEM ( 'NONE', ( #8451 ), #11897 ) ;
#2640 = DIRECTION ( 'NONE',  ( 0.0000000000000000000, 0.7071067811865475727, -0.7071067811865475727 ) ) ;
#2641 =( GEOMETRIC_REPRESENTATION_CONTEXT ( 3 ) GLOBAL_UNCERTAINTY_ASSIGNED_CONTEXT ( ( #3936 ) ) GLOBAL_UNIT_ASSIGNED_CONTEXT ( ( #2095, #9264, #13276 ) ) REPRESENTATION_CONTEXT ( 'NONE', 'WORKASPACE' ) );
#2642 = EDGE_LOOP ( 'NONE', ( #8027, #13177, #4010, #5026 ) ) ;
#2643 = CARTESIAN_POINT ( 'NONE',  ( -10.69999999999999574, 1.000999999999999890, 25.22500000000001208 ) ) ;
#2644 = LINE ( 'NONE', #2506, #5904 ) ;
#2645 = DIRECTION ( 'NONE',  ( -1.000000000000000000, -0.0000000000000000000, -0.0000000000000000000 ) ) ;
#2646 = EDGE_CURVE ( 'NONE', #7064, #10609, #4366, .T. ) ;
#2647 = ORIENTED_EDGE ( 'NONE', *, *, #8697, .T. ) ;
#2648 = CARTESIAN_POINT ( 'NONE',  ( -15.00000000000000533, 1.000000000000000000, -19.67499999999999361 ) ) ;
#2649 = DIRECTION ( 'NONE',  ( 0.0000000000000000000, -0.0000000000000000000, 1.000000000000000000 ) ) ;
#2650 =( LENGTH_UNIT ( ) NAMED_UNIT ( * ) SI_UNIT ( .MILLI., .METRE. ) );
#2651 = PRESENTATION_LAYER_ASSIGNMENT (  '', '', ( #9345 ) ) ;
#2652 = COLOUR_RGB ( '',1.000000000000000000, 1.000000000000000000, 0.0000000000000000000 ) ;
#2653 = CARTESIAN_POINT ( 'NONE',  ( 5.100000000000002309, -0.001000000000000000021, 25.22500000000000142 ) ) ;
#2654 = ADVANCED_FACE ( 'NONE', ( #7594 ), #390, .F. ) ;
#2655 = SURFACE_STYLE_FILL_AREA ( #2798 ) ;
#2656 = PLANE ( 'NONE',  #1207 ) ;
#2657 =( GEOMETRIC_REPRESENTATION_CONTEXT ( 3 ) GLOBAL_UNCERTAINTY_ASSIGNED_CONTEXT ( ( #11334 ) ) GLOBAL_UNIT_ASSIGNED_CONTEXT ( ( #1625, #6625, #8649 ) ) REPRESENTATION_CONTEXT ( 'NONE', 'WORKASPACE' ) );
#2658 = VERTEX_POINT ( 'NONE', #9476 ) ;
#2659 = DIRECTION ( 'NONE',  ( 1.885568995626964287E-16, 0.0000000000000000000, -1.000000000000000000 ) ) ;
#2660 = LINE ( 'NONE', #6784, #202 ) ;
#2661 = SURFACE_SIDE_STYLE ('',( #7729 ) ) ;
#2662 = AXIS2_PLACEMENT_3D ( 'NONE', #8489, #12622, #3368 ) ;
#2663 = EDGE_LOOP ( 'NONE', ( #6747, #9300, #3093, #788 ) ) ;
#2664 = LINE ( 'NONE', #9084, #3177 ) ;
#2665 = CARTESIAN_POINT ( 'NONE',  ( 8.300000000000002487, -0.001000000000000000021, 25.22499999999999787 ) ) ;
#2666 = LINE ( 'NONE', #8809, #2421 ) ;
#2667 = SURFACE_SIDE_STYLE ('',( #7670 ) ) ;
#2668 = EDGE_CURVE ( 'NONE', #6142, #3862, #10565, .T. ) ;
#2669 = ORIENTED_EDGE ( 'NONE', *, *, #12550, .F. ) ;
#2670 = SURFACE_STYLE_USAGE ( .BOTH. , #10845 ) ;
#2671 = CARTESIAN_POINT ( 'NONE',  ( -15.00000000000000000, 0.0000000000000000000, 25.22500000000000853 ) ) ;
#2672 = EDGE_CURVE ( 'NONE', #9787, #6310, #4554, .T. ) ;
#2673 = DIRECTION ( 'NONE',  ( -3.771137991253928573E-16, 0.0000000000000000000, 1.000000000000000000 ) ) ;
#2674 = VECTOR ( 'NONE', #11272, 1000.000000000000000 ) ;
#2675 = SURFACE_STYLE_USAGE ( .BOTH. , #7812 ) ;
#2676 = ORIENTED_EDGE ( 'NONE', *, *, #4997, .F. ) ;
#2677 = STYLED_ITEM ( 'NONE', ( #1275 ), #5398 ) ;
#2678 = VECTOR ( 'NONE', #8968, 1000.000000000000000 ) ;
#2679 = ADVANCED_FACE ( 'NONE', ( #3264 ), #8667, .F. ) ;
#2680 = LINE ( 'NONE', #8016, #10758 ) ;
#2681 = CARTESIAN_POINT ( 'NONE',  ( -8.899999999999995026, 1.000999999999999890, 22.92500000000001137 ) ) ;
#2682 = DIRECTION ( 'NONE',  ( -1.000000000000000000, -0.0000000000000000000, -0.0000000000000000000 ) ) ;
#2683 = DIRECTION ( 'NONE',  ( -9.427844978134821433E-17, 0.0000000000000000000, 1.000000000000000000 ) ) ;
#2684 =( NAMED_UNIT ( * ) PLANE_ANGLE_UNIT ( ) SI_UNIT ( $, .RADIAN. ) );
#2685 = ORIENTED_EDGE ( 'NONE', *, *, #8123, .F. ) ;
#2686 = STYLED_ITEM ( 'NONE', ( #11205 ), #8591 ) ;
#2687 = VECTOR ( 'NONE', #10878, 1000.000000000000000 ) ;
#2688 = SURFACE_SIDE_STYLE ('',( #12072 ) ) ;
#2689 = CARTESIAN_POINT ( 'NONE',  ( -5.499999999999999112, -0.001000000000000000021, 25.22500000000001208 ) ) ;
#2690 = ORIENTED_EDGE ( 'NONE', *, *, #5569, .T. ) ;
#2691 =( GEOMETRIC_REPRESENTATION_CONTEXT ( 3 ) GLOBAL_UNCERTAINTY_ASSIGNED_CONTEXT ( ( #10397 ) ) GLOBAL_UNIT_ASSIGNED_CONTEXT ( ( #8545, #9633, #11539 ) ) REPRESENTATION_CONTEXT ( 'NONE', 'WORKASPACE' ) );
#2692 = FACE_OUTER_BOUND ( 'NONE', #7004, .T. ) ;
#2693 = VECTOR ( 'NONE', #1590, 1000.000000000000000 ) ;
#2694 = FACE_OUTER_BOUND ( 'NONE', #1242, .T. ) ;
#2695 =( GEOMETRIC_REPRESENTATION_CONTEXT ( 3 ) GLOBAL_UNCERTAINTY_ASSIGNED_CONTEXT ( ( #12286 ) ) GLOBAL_UNIT_ASSIGNED_CONTEXT ( ( #1516, #467, #12261 ) ) REPRESENTATION_CONTEXT ( 'NONE', 'WORKASPACE' ) );
#2696 = VECTOR ( 'NONE', #8804, 1000.000000000000000 ) ;
#2697 = UNCERTAINTY_MEASURE_WITH_UNIT (LENGTH_MEASURE( 1.000000000000000082E-05 ), #10465, 'distance_accuracy_value', 'NONE');
#2698 = ORIENTED_EDGE ( 'NONE', *, *, #10572, .T. ) ;
#2699 = FACE_OUTER_BOUND ( 'NONE', #9469, .T. ) ;
#2700 = CARTESIAN_POINT ( 'NONE',  ( 4.100000000000002309, -0.001000000000000000021, 22.92500000000000071 ) ) ;
#2701 =( NAMED_UNIT ( * ) PLANE_ANGLE_UNIT ( ) SI_UNIT ( $, .RADIAN. ) );
#2702 = SURFACE_STYLE_USAGE ( .BOTH. , #4596 ) ;
#2703 = PRESENTATION_LAYER_ASSIGNMENT (  '', '', ( #11979 ) ) ;
#2704 = DIRECTION ( 'NONE',  ( 0.0000000000000000000, 1.000000000000000000, 0.0000000000000000000 ) ) ;
#2705 = ORIENTED_EDGE ( 'NONE', *, *, #5321, .T. ) ;
#2706 = SURFACE_SIDE_STYLE ('',( #11323 ) ) ;
#2707 = APPLICATION_PROTOCOL_DEFINITION ( 'draft international standard', 'automotive_design', 1998, #9082 ) ;
#2708 = AXIS2_PLACEMENT_3D ( 'NONE', #1538, #628, #13051 ) ;
#2709 = VECTOR ( 'NONE', #875, 1000.000000000000000 ) ;
#2710 = LINE ( 'NONE', #2631, #5585 ) ;
#2711 = COLOUR_RGB ( '',1.000000000000000000, 1.000000000000000000, 0.0000000000000000000 ) ;
#2712 =( NAMED_UNIT ( * ) SI_UNIT ( $, .STERADIAN. ) SOLID_ANGLE_UNIT ( ) );
#2713 = ORIENTED_EDGE ( 'NONE', *, *, #1937, .T. ) ;
#2714 = CARTESIAN_POINT ( 'NONE',  ( -9.499999999999998224, -0.001000000000000630810, 22.92500000000001137 ) ) ;
#2715 = UNCERTAINTY_MEASURE_WITH_UNIT (LENGTH_MEASURE( 1.000000000000000082E-05 ), #7937, 'distance_accuracy_value', 'NONE');
#2716 = DIRECTION ( 'NONE',  ( 0.0000000000000000000, -1.000000000000000000, 0.0000000000000000000 ) ) ;
#2717 = VECTOR ( 'NONE', #6825, 1000.000000000000000 ) ;
#2718 = ORIENTED_EDGE ( 'NONE', *, *, #2770, .F. ) ;
#2719 = DIRECTION ( 'NONE',  ( 0.0000000000000000000, 0.0000000000000000000, -1.000000000000000000 ) ) ;
#2720 = DIRECTION ( 'NONE',  ( -0.0000000000000000000, 1.000000000000000000, -0.0000000000000000000 ) ) ;
#2721 = DIRECTION ( 'NONE',  ( -1.000000000000000000, 0.0000000000000000000, 0.0000000000000000000 ) ) ;
#2722 = COLOUR_RGB ( '',1.000000000000000000, 1.000000000000000000, 0.0000000000000000000 ) ;
#2723 = DIRECTION ( 'NONE',  ( -1.000000000000000000, 0.0000000000000000000, 0.0000000000000000000 ) ) ;
#2724 = ORIENTED_EDGE ( 'NONE', *, *, #10373, .F. ) ;
#2725 = CARTESIAN_POINT ( 'NONE',  ( -0.09999999999999635569, 1.000999999999999890, 25.22500000000000497 ) ) ;
#2726 = PRESENTATION_STYLE_ASSIGNMENT (( #8660 ) ) ;
#2727 = STYLED_ITEM ( 'NONE', ( #6587 ), #7682 ) ;
#2728 = DIRECTION ( 'NONE',  ( -0.0000000000000000000, 0.0000000000000000000, 1.000000000000000000 ) ) ;
#2729 = VECTOR ( 'NONE', #9245, 1000.000000000000000 ) ;
#2730 = LINE ( 'NONE', #4766, #9241 ) ;
#2731 = VECTOR ( 'NONE', #4696, 1000.000000000000000 ) ;
#2732 =( LENGTH_UNIT ( ) NAMED_UNIT ( * ) SI_UNIT ( .MILLI., .METRE. ) );
#2733 = EDGE_CURVE ( 'NONE', #10338, #7064, #598, .T. ) ;
#2734 = FACE_OUTER_BOUND ( 'NONE', #7320, .T. ) ;
#2735 = SURFACE_STYLE_FILL_AREA ( #13150 ) ;
#2736 = ORIENTED_EDGE ( 'NONE', *, *, #7771, .F. ) ;
#2737 = CARTESIAN_POINT ( 'NONE',  ( 15.00000000000000000, 1.000000000000000000, -25.47499999999999432 ) ) ;
#2738 = DIRECTION ( 'NONE',  ( -1.000000000000000000, 0.0000000000000000000, -0.0000000000000000000 ) ) ;
#2739 = PLANE ( 'NONE',  #2210 ) ;
#2740 = VERTEX_POINT ( 'NONE', #456 ) ;
#2741 = CARTESIAN_POINT ( 'NONE',  ( 5.700000000000002842, -0.001000000000000000021, 22.92500000000000071 ) ) ;
#2742 = SURFACE_STYLE_FILL_AREA ( #13027 ) ;
#2743 =( GEOMETRIC_REPRESENTATION_CONTEXT ( 3 ) GLOBAL_UNCERTAINTY_ASSIGNED_CONTEXT ( ( #3215 ) ) GLOBAL_UNIT_ASSIGNED_CONTEXT ( ( #2551, #12917, #635 ) ) REPRESENTATION_CONTEXT ( 'NONE', 'WORKASPACE' ) );
#2744 = AXIS2_PLACEMENT_3D ( 'NONE', #3373, #7494, #11625 ) ;
#2745 = ORIENTED_EDGE ( 'NONE', *, *, #370, .T. ) ;
#2746 = SURFACE_STYLE_FILL_AREA ( #468 ) ;
#2747 = EDGE_CURVE ( 'NONE', #8329, #10809, #3812, .T. ) ;
#2748 = LINE ( 'NONE', #12062, #5025 ) ;
#2749 = ORIENTED_EDGE ( 'NONE', *, *, #13180, .T. ) ;
#2750 = DIRECTION ( 'NONE',  ( -1.000000000000000000, -0.0000000000000000000, -0.0000000000000000000 ) ) ;
#2751 = EDGE_CURVE ( 'NONE', #12141, #8186, #529, .T. ) ;
#2752 = ADVANCED_FACE ( 'NONE', ( #2870 ), #2656, .F. ) ;
#2753 = STYLED_ITEM ( 'NONE', ( #6663 ), #10186 ) ;
#2754 = EDGE_CURVE ( 'NONE', #150, #2367, #10906, .T. ) ;
#2755 =( NAMED_UNIT ( * ) PLANE_ANGLE_UNIT ( ) SI_UNIT ( $, .RADIAN. ) );
#2756 = EDGE_LOOP ( 'NONE', ( #6023, #1166, #12692, #10634 ) ) ;
#2757 = DIRECTION ( 'NONE',  ( 0.0000000000000000000, 1.000000000000000000, 0.0000000000000000000 ) ) ;
#2758 = CARTESIAN_POINT ( 'NONE',  ( -6.499999999999995559, 1.000000000000000000, 25.22500000000000853 ) ) ;
#2759 = ORIENTED_EDGE ( 'NONE', *, *, #93, .T. ) ;
#2760 = LINE ( 'NONE', #8626, #6994 ) ;
#2761 = ORIENTED_EDGE ( 'NONE', *, *, #10001, .F. ) ;
#2762 = PLANE ( 'NONE',  #11473 ) ;
#2763 = ADVANCED_FACE ( 'NONE', ( #4825 ), #3663, .T. ) ;
#2764 = VECTOR ( 'NONE', #9102, 1000.000000000000000 ) ;
#2765 = ADVANCED_FACE ( 'NONE', ( #7774, #10954, #12861 ), #9800, .F. ) ;
#2766 = VECTOR ( 'NONE', #2241, 1000.000000000000000 ) ;
#2767 = FILL_AREA_STYLE_COLOUR ( '', #11222 ) ;
#2768 = ADVANCED_FACE ( 'NONE', ( #2783 ), #2562, .F. ) ;
#2769 = DIRECTION ( 'NONE',  ( 1.885568995626964287E-16, 0.0000000000000000000, -1.000000000000000000 ) ) ;
#2770 = EDGE_CURVE ( 'NONE', #9353, #4582, #577, .T. ) ;
#2771 = CARTESIAN_POINT ( 'NONE',  ( 9.300000000000002487, 1.000000000000000000, 22.92499999999999716 ) ) ;
#2772 = ORIENTED_EDGE ( 'NONE', *, *, #7124, .T. ) ;
#2773 = DIRECTION ( 'NONE',  ( 0.0000000000000000000, 0.0000000000000000000, 1.000000000000000000 ) ) ;
#2774 = SURFACE_SIDE_STYLE ('',( #4798 ) ) ;
#2775 = LINE ( 'NONE', #10874, #2110 ) ;
#2776 = FILL_AREA_STYLE_COLOUR ( '', #11479 ) ;
#2777 = DIRECTION ( 'NONE',  ( -0.0000000000000000000, 1.000000000000000000, -0.0000000000000000000 ) ) ;
#2778 = COLOUR_RGB ( '',1.000000000000000000, 1.000000000000000000, 0.0000000000000000000 ) ;
#2779 = DIRECTION ( 'NONE',  ( 0.0000000000000000000, 0.0000000000000000000, 1.000000000000000000 ) ) ;
#2780 = ORIENTED_EDGE ( 'NONE', *, *, #8421, .T. ) ;
#2781 = SURFACE_STYLE_USAGE ( .BOTH. , #2706 ) ;
#2782 = LINE ( 'NONE', #6962, #4529 ) ;
#2783 = FACE_OUTER_BOUND ( 'NONE', #2218, .T. ) ;
#2784 = EDGE_LOOP ( 'NONE', ( #7944, #3684, #5429, #11517 ) ) ;
#2785 = FACE_OUTER_BOUND ( 'NONE', #3909, .T. ) ;
#2786 = DIRECTION ( 'NONE',  ( 0.0000000000000000000, 0.0000000000000000000, 1.000000000000000000 ) ) ;
#2787 = ADVANCED_FACE ( 'NONE', ( #4605 ), #1425, .F. ) ;
#2788 = PRESENTATION_LAYER_ASSIGNMENT (  '', '', ( #12050 ) ) ;
#2789 = ORIENTED_EDGE ( 'NONE', *, *, #3987, .F. ) ;
#2790 =( GEOMETRIC_REPRESENTATION_CONTEXT ( 3 ) GLOBAL_UNCERTAINTY_ASSIGNED_CONTEXT ( ( #1624 ) ) GLOBAL_UNIT_ASSIGNED_CONTEXT ( ( #10428, #7193, #7390 ) ) REPRESENTATION_CONTEXT ( 'NONE', 'WORKASPACE' ) );
#2791 = CARTESIAN_POINT ( 'NONE',  ( 8.100000000000003197, -0.001000000000000000021, 25.22499999999999787 ) ) ;
#2792 = SURFACE_STYLE_USAGE ( .BOTH. , #9211 ) ;
#2793 = PRESENTATION_STYLE_ASSIGNMENT (( #6979 ) ) ;
#2794 = VERTEX_POINT ( 'NONE', #4978 ) ;
#2795 = DIRECTION ( 'NONE',  ( 0.0000000000000000000, 0.0000000000000000000, 1.000000000000000000 ) ) ;
#2796 = FILL_AREA_STYLE ('',( #5712 ) ) ;
#2797 = VECTOR ( 'NONE', #682, 1000.000000000000000 ) ;
#2798 = FILL_AREA_STYLE ('',( #4767 ) ) ;
#2799 =( NAMED_UNIT ( * ) SI_UNIT ( $, .STERADIAN. ) SOLID_ANGLE_UNIT ( ) );
#2800 = VERTEX_POINT ( 'NONE', #10051 ) ;
#2801 =( NAMED_UNIT ( * ) PLANE_ANGLE_UNIT ( ) SI_UNIT ( $, .RADIAN. ) );
#2802 = SURFACE_STYLE_USAGE ( .BOTH. , #13154 ) ;
#2803 = DIRECTION ( 'NONE',  ( -0.0000000000000000000, -0.0000000000000000000, -1.000000000000000000 ) ) ;
#2804 = VERTEX_POINT ( 'NONE', #754 ) ;
#2805 = FACE_OUTER_BOUND ( 'NONE', #7314, .T. ) ;
#2806 = DIRECTION ( 'NONE',  ( 0.0000000000000000000, -1.000000000000000000, 0.0000000000000000000 ) ) ;
#2807 = CARTESIAN_POINT ( 'NONE',  ( 2.300000000000003819, 1.000999999999999890, 25.22500000000000497 ) ) ;
#2808 = DIRECTION ( 'NONE',  ( 0.0000000000000000000, 0.0000000000000000000, -1.000000000000000000 ) ) ;
#2809 = ORIENTED_EDGE ( 'NONE', *, *, #8917, .F. ) ;
#2811 = VECTOR ( 'NONE', #9200, 1000.000000000000000 ) ;
#2810 = CARTESIAN_POINT ( 'NONE',  ( -11.09999999999999787, -0.001000000000000882995, 22.92500000000001137 ) ) ;
#2812 = LINE ( 'NONE', #10918, #1599 ) ;
#2813 = PLANE ( 'NONE',  #2207 ) ;
#2814 =( NAMED_UNIT ( * ) PLANE_ANGLE_UNIT ( ) SI_UNIT ( $, .RADIAN. ) );
#2815 = ORIENTED_EDGE ( 'NONE', *, *, #4158, .F. ) ;
#2816 = CARTESIAN_POINT ( 'NONE',  ( -12.09999999999999609, 1.000000000000000000, 25.22500000000000853 ) ) ;
#2817 = LINE ( 'NONE', #13222, #3634 ) ;
#2818 = MECHANICAL_DESIGN_GEOMETRIC_PRESENTATION_REPRESENTATION (  '', ( #8191 ), #13394 ) ;
#2819 = DIRECTION ( 'NONE',  ( -9.427844978134821433E-17, 0.0000000000000000000, 1.000000000000000000 ) ) ;
#2820 = EDGE_CURVE ( 'NONE', #11171, #3513, #6005, .T. ) ;
#2821 =( GEOMETRIC_REPRESENTATION_CONTEXT ( 3 ) GLOBAL_UNCERTAINTY_ASSIGNED_CONTEXT ( ( #6737 ) ) GLOBAL_UNIT_ASSIGNED_CONTEXT ( ( #12477, #11410, #5138 ) ) REPRESENTATION_CONTEXT ( 'NONE', 'WORKASPACE' ) );
#2822 = EDGE_LOOP ( 'NONE', ( #1551, #1084, #8025, #11253 ) ) ;
#2823 = CARTESIAN_POINT ( 'NONE',  ( 5.100000000000002309, 0.0000000000000000000, 25.22500000000000142 ) ) ;
#2824 = PRESENTATION_STYLE_ASSIGNMENT (( #1804 ) ) ;
#2825 = ORIENTED_EDGE ( 'NONE', *, *, #12077, .T. ) ;
#2826 =( LENGTH_UNIT ( ) NAMED_UNIT ( * ) SI_UNIT ( .MILLI., .METRE. ) );
#2827 = ORIENTED_EDGE ( 'NONE', *, *, #3733, .F. ) ;
#2828 = ADVANCED_FACE ( 'NONE', ( #9978 ), #10856, .F. ) ;
#2829 = EDGE_CURVE ( 'NONE', #3858, #8964, #4920, .T. ) ;
#2830 = VECTOR ( 'NONE', #9691, 1000.000000000000000 ) ;
#2831 = CARTESIAN_POINT ( 'NONE',  ( 12.09999999999999964, 1.000000000000000000, -21.27499999999998792 ) ) ;
#2832 = ADVANCED_FACE ( 'NONE', ( #9837 ), #7753, .F. ) ;
#2833 = CARTESIAN_POINT ( 'NONE',  ( -15.00000000000000000, 1.000000000000000000, 25.47500000000000853 ) ) ;
#2834 = UNCERTAINTY_MEASURE_WITH_UNIT (LENGTH_MEASURE( 1.000000000000000082E-05 ), #12632, 'distance_accuracy_value', 'NONE');
#2835 = VERTEX_POINT ( 'NONE', #9616 ) ;
#2836 = CARTESIAN_POINT ( 'NONE',  ( 8.700000000000002842, 1.000999999999999890, 25.22499999999999787 ) ) ;
#2837 = DIRECTION ( 'NONE',  ( 1.000000000000000000, 0.0000000000000000000, 0.0000000000000000000 ) ) ;
#2838 = LINE ( 'NONE', #8901, #7558 ) ;
#2839 = LINE ( 'NONE', #6020, #6406 ) ;
#2840 =( NAMED_UNIT ( * ) PLANE_ANGLE_UNIT ( ) SI_UNIT ( $, .RADIAN. ) );
#2841 = SURFACE_STYLE_USAGE ( .BOTH. , #637 ) ;
#2842 = EDGE_CURVE ( 'NONE', #9213, #3625, #178, .T. ) ;
#2843 = EDGE_LOOP ( 'NONE', ( #13230, #4520, #11629, #6386 ) ) ;
#2844 = STYLED_ITEM ( 'NONE', ( #1715 ), #3641 ) ;
#2845 = CARTESIAN_POINT ( 'NONE',  ( -8.099999999999996092, 1.000000000000000000, 25.22500000000001208 ) ) ;
#2846 =( GEOMETRIC_REPRESENTATION_CONTEXT ( 3 ) GLOBAL_UNCERTAINTY_ASSIGNED_CONTEXT ( ( #12580 ) ) GLOBAL_UNIT_ASSIGNED_CONTEXT ( ( #10798, #7763, #10877 ) ) REPRESENTATION_CONTEXT ( 'NONE', 'WORKASPACE' ) );
#2847 = LINE ( 'NONE', #10739, #13374 ) ;
#2848 = EDGE_CURVE ( 'NONE', #10696, #10618, #7857, .T. ) ;
#2849 = VERTEX_POINT ( 'NONE', #3180 ) ;
#2850 = VECTOR ( 'NONE', #8520, 1000.000000000000000 ) ;
#2851 = CARTESIAN_POINT ( 'NONE',  ( 15.00000000000000000, -1.350000000000000089, 20.37500000000001066 ) ) ;
#2852 = SURFACE_SIDE_STYLE ('',( #10811 ) ) ;
#2853 = UNCERTAINTY_MEASURE_WITH_UNIT (LENGTH_MEASURE( 1.000000000000000082E-05 ), #3011, 'distance_accuracy_value', 'NONE');
#2854 = CARTESIAN_POINT ( 'NONE',  ( -9.699999999999995737, 1.000999999999999890, 22.92500000000001137 ) ) ;
#2855 = DIRECTION ( 'NONE',  ( -9.427844978134821433E-17, -0.0000000000000000000, 1.000000000000000000 ) ) ;
#2856 = VERTEX_POINT ( 'NONE', #7479 ) ;
#2857 =( LENGTH_UNIT ( ) NAMED_UNIT ( * ) SI_UNIT ( .MILLI., .METRE. ) );
#2858 = FACE_OUTER_BOUND ( 'NONE', #9396, .T. ) ;
#2859 = STYLED_ITEM ( 'NONE', ( #6012 ), #13237 ) ;
#2860 = SURFACE_SIDE_STYLE ('',( #7926 ) ) ;
#2861 = EDGE_LOOP ( 'NONE', ( #11286, #13391, #5015, #186, #11379, #11747, #9709, #4649, #7693, #622, #7328, #3008, #12494, #5197, #8501, #1234, #5012, #9356, #2946, #942, #13324, #7340, #8771, #2518, #13339, #3410, #13376, #4458, #281, #551, #2586, #415, #12429, #1273, #11011, #4779, #3919, #12891, #4567, #8514, #11567, #3348, #8587, #10034, #8433, #4401, #12511, #8002, #9106, #3440, #2483, #11715, #13262, #12009, #1446, #7887, #6738, #1669, #2268, #1677, #11707, #2507, #6705, #2898, #4327, #2427, #5727, #10469, #12640, #2157, #9894, #5807, #3268, #10325, #5812, #3483, #6286, #10575, #13102, #4289, #7459, #10974, #2772, #12564, #6491, #3433, #2252, #12246, #4697, #4194, #6276, #4958, #4613, #8837, #1375, #10730, #13285, #8273, #5041, #5746, #13226, #7074, #3442, #2570, #7875, #866, #3265, #13444, #3715, #12422, #5141, #8985, #5315, #10004, #6126, #9901, #315, #991 ) ) ;
#2862 = CARTESIAN_POINT ( 'NONE',  ( -7.299999999999995381, 1.000999999999999890, 25.22500000000001208 ) ) ;
#2863 = FILL_AREA_STYLE_COLOUR ( '', #1296 ) ;
#2864 = SURFACE_SIDE_STYLE ('',( #12111 ) ) ;
#2865 = CARTESIAN_POINT ( 'NONE',  ( 2.700000000000001954, -0.001000000000000000021, 25.22500000000000497 ) ) ;
#2866 = PRESENTATION_LAYER_ASSIGNMENT (  '', '', ( #6731 ) ) ;
#2867 = CARTESIAN_POINT ( 'NONE',  ( 7.700000000000004619, 1.000999999999999890, 25.22499999999999787 ) ) ;
#2868 = PRESENTATION_LAYER_ASSIGNMENT (  '', '', ( #13233 ) ) ;
#2869 = PRESENTATION_STYLE_ASSIGNMENT (( #12314 ) ) ;
#2870 = FACE_OUTER_BOUND ( 'NONE', #7100, .T. ) ;
#2871 = STYLED_ITEM ( 'NONE', ( #13342 ), #2303 ) ;
#2872 = ORIENTED_EDGE ( 'NONE', *, *, #7867, .T. ) ;
#2873 = CARTESIAN_POINT ( 'NONE',  ( -10.09999999999999787, -0.001000000000000630810, 22.92500000000001137 ) ) ;
#2874 = CARTESIAN_POINT ( 'NONE',  ( 7.100000000000004086, 1.000999999999999890, 22.92499999999999716 ) ) ;
#2875 = CARTESIAN_POINT ( 'NONE',  ( 7.500000000000003553, 0.0000000000000000000, 22.92499999999999716 ) ) ;
#2876 = ORIENTED_EDGE ( 'NONE', *, *, #3237, .F. ) ;
#2877 = FILL_AREA_STYLE ('',( #3822 ) ) ;
#2878 = CARTESIAN_POINT ( 'NONE',  ( 8.900000000000003908, -0.001000000000000000021, 25.22499999999999787 ) ) ;
#2879 = ORIENTED_EDGE ( 'NONE', *, *, #1767, .F. ) ;
#2880 = MECHANICAL_DESIGN_GEOMETRIC_PRESENTATION_REPRESENTATION (  '', ( #8262 ), #1800 ) ;
#2881 = PRESENTATION_LAYER_ASSIGNMENT (  '', '', ( #7363 ) ) ;
#2882 = CARTESIAN_POINT ( 'NONE',  ( 2.700000000000002398, -0.001000000000000000021, 22.92500000000000426 ) ) ;
#2883 = PRESENTATION_LAYER_ASSIGNMENT (  '', '', ( #7615 ) ) ;
#2884 = VECTOR ( 'NONE', #574, 1000.000000000000000 ) ;
#2885 = PLANE ( 'NONE',  #9984 ) ;
#2886 = VERTEX_POINT ( 'NONE', #6876 ) ;
#2887 = CARTESIAN_POINT ( 'NONE',  ( 4.500000000000003553, 1.000999999999999890, 22.92500000000000071 ) ) ;
#2888 = VECTOR ( 'NONE', #791, 1000.000000000000000 ) ;
#2889 = CARTESIAN_POINT ( 'NONE',  ( 10.90000000000000391, 1.000000000000000000, 25.22499999999999787 ) ) ;
#2890 = DIRECTION ( 'NONE',  ( 1.000000000000000000, 0.0000000000000000000, 0.0000000000000000000 ) ) ;
#2891 = COLOUR_RGB ( '',1.000000000000000000, 1.000000000000000000, 0.0000000000000000000 ) ;
#2892 = ORIENTED_EDGE ( 'NONE', *, *, #4175, .F. ) ;
#2893 = VERTEX_POINT ( 'NONE', #12444 ) ;
#2894 = CARTESIAN_POINT ( 'NONE',  ( 1.500000000000003553, 1.000999999999999890, 25.22500000000000497 ) ) ;
#2895 = CARTESIAN_POINT ( 'NONE',  ( 10.50000000000000178, 0.0000000000000000000, 25.22500000000000853 ) ) ;
#2896 = ORIENTED_EDGE ( 'NONE', *, *, #11516, .T. ) ;
#2897 = CARTESIAN_POINT ( 'NONE',  ( -2.499999999999996447, 1.000999999999999890, 22.92500000000000782 ) ) ;
#2898 = ORIENTED_EDGE ( 'NONE', *, *, #11111, .F. ) ;
#2899 = VECTOR ( 'NONE', #8170, 1000.000000000000000 ) ;
#2900 = FILL_AREA_STYLE ('',( #623 ) ) ;
#2901 =( NAMED_UNIT ( * ) PLANE_ANGLE_UNIT ( ) SI_UNIT ( $, .RADIAN. ) );
#2902 = VECTOR ( 'NONE', #2038, 1000.000000000000000 ) ;
#2903 = VECTOR ( 'NONE', #6657, 1000.000000000000000 ) ;
#2904 = VECTOR ( 'NONE', #8657, 1000.000000000000000 ) ;
#2905 = EDGE_CURVE ( 'NONE', #11426, #3738, #6173, .T. ) ;
#2906 = ORIENTED_EDGE ( 'NONE', *, *, #3733, .T. ) ;
#2907 = LINE ( 'NONE', #6016, #3317 ) ;
#2908 =( LENGTH_UNIT ( ) NAMED_UNIT ( * ) SI_UNIT ( .MILLI., .METRE. ) );
#2909 = VECTOR ( 'NONE', #13069, 1000.000000000000000 ) ;
#2910 = DIRECTION ( 'NONE',  ( -9.427844978134821433E-17, -0.0000000000000000000, 1.000000000000000000 ) ) ;
#2911 = LINE ( 'NONE', #13192, #10826 ) ;
#2912 = PLANE ( 'NONE',  #4690 ) ;
#2913 =( LENGTH_UNIT ( ) NAMED_UNIT ( * ) SI_UNIT ( .MILLI., .METRE. ) );
#2914 = LINE ( 'NONE', #13196, #1388 ) ;
#2915 = EDGE_LOOP ( 'NONE', ( #11068, #8538, #9630, #10484 ) ) ;
#2916 = ADVANCED_FACE ( 'NONE', ( #5223 ), #10415, .F. ) ;
#2917 =( NAMED_UNIT ( * ) SI_UNIT ( $, .STERADIAN. ) SOLID_ANGLE_UNIT ( ) );
#2918 = PRESENTATION_LAYER_ASSIGNMENT (  '', '', ( #9376 ) ) ;
#2919 = CARTESIAN_POINT ( 'NONE',  ( 15.00000000000000000, 1.000000000000000000, 25.22500000000000853 ) ) ;
#2920 = ORIENTED_EDGE ( 'NONE', *, *, #12175, .T. ) ;
#2921 = ADVANCED_FACE ( 'NONE', ( #7375 ), #10552, .F. ) ;
#2922 = DIRECTION ( 'NONE',  ( -9.427844978134821433E-17, -0.0000000000000000000, -1.000000000000000000 ) ) ;
#2923 = MECHANICAL_DESIGN_GEOMETRIC_PRESENTATION_REPRESENTATION (  '', ( #4002 ), #8300 ) ;
#2924 = EDGE_CURVE ( 'NONE', #6333, #7332, #5358, .T. ) ;
#2925 = FILL_AREA_STYLE_COLOUR ( '', #11279 ) ;
#2926 = CARTESIAN_POINT ( 'NONE',  ( -8.899999999999995026, 1.000999999999999890, 22.92500000000001137 ) ) ;
#2927 = ORIENTED_EDGE ( 'NONE', *, *, #12396, .T. ) ;
#2928 = COLOUR_RGB ( '',1.000000000000000000, 1.000000000000000000, 0.0000000000000000000 ) ;
#2929 = VERTEX_POINT ( 'NONE', #11370 ) ;
#2930 = LINE ( 'NONE', #12046, #9184 ) ;
#2931 = EDGE_CURVE ( 'NONE', #2325, #1202, #9462, .T. ) ;
#2932 =( NAMED_UNIT ( * ) PLANE_ANGLE_UNIT ( ) SI_UNIT ( $, .RADIAN. ) );
#2933 = EDGE_CURVE ( 'NONE', #7981, #6210, #9406, .T. ) ;
#2934 = STYLED_ITEM ( 'NONE', ( #7048 ), #7351 ) ;
#2935 = SURFACE_STYLE_USAGE ( .BOTH. , #8867 ) ;
#2936 = EDGE_CURVE ( 'NONE', #1792, #8316, #6233, .T. ) ;
#2937 = MECHANICAL_DESIGN_GEOMETRIC_PRESENTATION_REPRESENTATION (  '', ( #10921 ), #8313 ) ;
#2938 = VERTEX_POINT ( 'NONE', #8387 ) ;
#2939 = CARTESIAN_POINT ( 'NONE',  ( 1.100000000000002087, -0.001000000000000000021, 22.92500000000000426 ) ) ;
#2940 = MECHANICAL_DESIGN_GEOMETRIC_PRESENTATION_REPRESENTATION (  '', ( #10693 ), #12878 ) ;
#2941 = CARTESIAN_POINT ( 'NONE',  ( 8.900000000000003908, -0.001000000000000000021, 25.22499999999999787 ) ) ;
#2942 = EDGE_LOOP ( 'NONE', ( #2780, #5243, #6767, #10872 ) ) ;
#2943 = PLANE ( 'NONE',  #4930 ) ;
#2944 = COLOUR_RGB ( '',0.0000000000000000000, 0.7529411764705882248, 0.0000000000000000000 ) ;
#2945 = DIRECTION ( 'NONE',  ( 3.771137991253928573E-16, 0.0000000000000000000, -1.000000000000000000 ) ) ;
#2946 = ORIENTED_EDGE ( 'NONE', *, *, #7134, .T. ) ;
#2947 = FILL_AREA_STYLE_COLOUR ( '', #6154 ) ;
#2948 = FILL_AREA_STYLE_COLOUR ( '', #12610 ) ;
#2949 = CARTESIAN_POINT ( 'NONE',  ( -11.49999999999999645, 1.000999999999999890, 22.92500000000001137 ) ) ;
#2950 =( GEOMETRIC_REPRESENTATION_CONTEXT ( 3 ) GLOBAL_UNCERTAINTY_ASSIGNED_CONTEXT ( ( #7412 ) ) GLOBAL_UNIT_ASSIGNED_CONTEXT ( ( #12492, #4403, #154 ) ) REPRESENTATION_CONTEXT ( 'NONE', 'WORKASPACE' ) );
#2951 = FILL_AREA_STYLE ('',( #5046 ) ) ;
#2952 = MECHANICAL_DESIGN_GEOMETRIC_PRESENTATION_REPRESENTATION (  '', ( #307 ), #2491 ) ;
#2953 = CARTESIAN_POINT ( 'NONE',  ( 9.199999999999999289, -1.350000000000000089, -19.67499999999999361 ) ) ;
#2954 = DIRECTION ( 'NONE',  ( -0.0000000000000000000, 1.000000000000000000, -0.0000000000000000000 ) ) ;
#2955 = CARTESIAN_POINT ( 'NONE',  ( -9.200000000000004619, 3.399999999999999911, -19.67499999999999361 ) ) ;
#2956 =( GEOMETRIC_REPRESENTATION_CONTEXT ( 3 ) GLOBAL_UNCERTAINTY_ASSIGNED_CONTEXT ( ( #8348 ) ) GLOBAL_UNIT_ASSIGNED_CONTEXT ( ( #10797, #7699, #12851 ) ) REPRESENTATION_CONTEXT ( 'NONE', 'WORKASPACE' ) );
#2957 = ORIENTED_EDGE ( 'NONE', *, *, #4501, .T. ) ;
#2958 = COLOUR_RGB ( '',1.000000000000000000, 1.000000000000000000, 0.0000000000000000000 ) ;
#2959 = PLANE ( 'NONE',  #235 ) ;
#2960 = UNCERTAINTY_MEASURE_WITH_UNIT (LENGTH_MEASURE( 1.000000000000000082E-05 ), #6467, 'distance_accuracy_value', 'NONE');
#2961 = EDGE_LOOP ( 'NONE', ( #6550, #1964, #10586, #1060 ) ) ;
#2962 = DIRECTION ( 'NONE',  ( -9.427844978134821433E-17, -0.0000000000000000000, 1.000000000000000000 ) ) ;
#2963 = EDGE_CURVE ( 'NONE', #5267, #6142, #11710, .T. ) ;
#2964 = FILL_AREA_STYLE ('',( #11260 ) ) ;
#2965 = ORIENTED_EDGE ( 'NONE', *, *, #4734, .T. ) ;
#2966 = LINE ( 'NONE', #7083, #12577 ) ;
#2967 = ORIENTED_EDGE ( 'NONE', *, *, #11575, .T. ) ;
#2968 = VECTOR ( 'NONE', #13252, 1000.000000000000000 ) ;
#2969 = VECTOR ( 'NONE', #1699, 1000.000000000000000 ) ;
#2970 = FILL_AREA_STYLE_COLOUR ( '', #7706 ) ;
#2971 = CARTESIAN_POINT ( 'NONE',  ( -0.4999999999999980571, -0.001000000000000000021, 22.92500000000000782 ) ) ;
#2972 = UNCERTAINTY_MEASURE_WITH_UNIT (LENGTH_MEASURE( 1.000000000000000082E-05 ), #12565, 'distance_accuracy_value', 'NONE');
#2973 = ORIENTED_EDGE ( 'NONE', *, *, #3735, .T. ) ;
#2974 = LINE ( 'NONE', #11215, #2029 ) ;
#2975 = LINE ( 'NONE', #4439, #2540 ) ;
#2976 =( NAMED_UNIT ( * ) SI_UNIT ( $, .STERADIAN. ) SOLID_ANGLE_UNIT ( ) );
#2977 =( GEOMETRIC_REPRESENTATION_CONTEXT ( 3 ) GLOBAL_UNCERTAINTY_ASSIGNED_CONTEXT ( ( #3482 ) ) GLOBAL_UNIT_ASSIGNED_CONTEXT ( ( #3421, #11679, #11466 ) ) REPRESENTATION_CONTEXT ( 'NONE', 'WORKASPACE' ) );
#2978 = SURFACE_SIDE_STYLE ('',( #11160 ) ) ;
#2979 = SURFACE_STYLE_FILL_AREA ( #3855 ) ;
#2980 = CARTESIAN_POINT ( 'NONE',  ( 9.100000000000003197, 0.0000000000000000000, 22.92499999999999716 ) ) ;
#2981 = VERTEX_POINT ( 'NONE', #10617 ) ;
#2982 = ORIENTED_EDGE ( 'NONE', *, *, #11822, .T. ) ;
#2983 =( LENGTH_UNIT ( ) NAMED_UNIT ( * ) SI_UNIT ( .MILLI., .METRE. ) );
#2984 = UNCERTAINTY_MEASURE_WITH_UNIT (LENGTH_MEASURE( 1.000000000000000082E-05 ), #12880, 'distance_accuracy_value', 'NONE');
#2985 = DIRECTION ( 'NONE',  ( -1.000000000000000000, 0.0000000000000000000, -0.0000000000000000000 ) ) ;
#2987 = ADVANCED_FACE ( 'NONE', ( #7650 ), #7579, .F. ) ;
#2986 = CARTESIAN_POINT ( 'NONE',  ( -11.29999999999999538, 1.000999999999999890, 22.92500000000001137 ) ) ;
#2988 = FACE_OUTER_BOUND ( 'NONE', #434, .T. ) ;
#2989 = VERTEX_POINT ( 'NONE', #375 ) ;
#2990 = CARTESIAN_POINT ( 'NONE',  ( -6.499999999999995559, 1.000999999999999890, 22.92500000000001137 ) ) ;
#2991 = ORIENTED_EDGE ( 'NONE', *, *, #1940, .F. ) ;
#2992 =( GEOMETRIC_REPRESENTATION_CONTEXT ( 3 ) GLOBAL_UNCERTAINTY_ASSIGNED_CONTEXT ( ( #919 ) ) GLOBAL_UNIT_ASSIGNED_CONTEXT ( ( #9326, #4216, #8311 ) ) REPRESENTATION_CONTEXT ( 'NONE', 'WORKASPACE' ) );
#2993 = FILL_AREA_STYLE_COLOUR ( '', #9717 ) ;
#2994 = LINE ( 'NONE', #8132, #4814 ) ;
#2995 = ADVANCED_FACE ( 'NONE', ( #10746 ), #9805, .F. ) ;
#2996 = EDGE_CURVE ( 'NONE', #10391, #10609, #3517, .T. ) ;
#2997 = PRESENTATION_STYLE_ASSIGNMENT (( #4016 ) ) ;
#2998 = CARTESIAN_POINT ( 'NONE',  ( 9.900000000000002132, -0.001000000000000000021, 25.22499999999999787 ) ) ;
#2999 = VECTOR ( 'NONE', #12535, 1000.000000000000000 ) ;
#3000 = MECHANICAL_DESIGN_GEOMETRIC_PRESENTATION_REPRESENTATION (  '', ( #6437 ), #2790 ) ;
#3002 = EDGE_CURVE ( 'NONE', #3105, #3506, #239, .T. ) ;
#3001 = FACE_OUTER_BOUND ( 'NONE', #7016, .T. ) ;
#3003 = EDGE_CURVE ( 'NONE', #6565, #3435, #4420, .T. ) ;
#3004 = DIRECTION ( 'NONE',  ( -0.0000000000000000000, 1.000000000000000000, -0.0000000000000000000 ) ) ;
#3005 = VERTEX_POINT ( 'NONE', #3393 ) ;
#3006 = DIRECTION ( 'NONE',  ( 1.000000000000000000, -0.0000000000000000000, -0.0000000000000000000 ) ) ;
#3007 = FILL_AREA_STYLE_COLOUR ( '', #1295 ) ;
#3008 = ORIENTED_EDGE ( 'NONE', *, *, #9851, .F. ) ;
#3009 = DIRECTION ( 'NONE',  ( -0.0000000000000000000, 1.000000000000000000, -0.0000000000000000000 ) ) ;
#3010 = EDGE_CURVE ( 'NONE', #3022, #4258, #7510, .T. ) ;
#3011 =( LENGTH_UNIT ( ) NAMED_UNIT ( * ) SI_UNIT ( .MILLI., .METRE. ) );
#3012 = SURFACE_STYLE_USAGE ( .BOTH. , #13296 ) ;
#3013 = PRESENTATION_STYLE_ASSIGNMENT (( #11307 ) ) ;
#3014 = DIRECTION ( 'NONE',  ( 1.000000000000000000, 0.0000000000000000000, 0.0000000000000000000 ) ) ;
#3015 = DIRECTION ( 'NONE',  ( 1.000000000000000000, 0.0000000000000000000, 0.0000000000000000000 ) ) ;
#3016 = ORIENTED_EDGE ( 'NONE', *, *, #9427, .F. ) ;
#3017 = FILL_AREA_STYLE ('',( #8156 ) ) ;
#3018 = MECHANICAL_DESIGN_GEOMETRIC_PRESENTATION_REPRESENTATION (  '', ( #11002 ), #9471 ) ;
#3019 = DIRECTION ( 'NONE',  ( 0.0000000000000000000, -1.000000000000000000, 0.0000000000000000000 ) ) ;
#3020 = ORIENTED_EDGE ( 'NONE', *, *, #1989, .T. ) ;
#3021 = SURFACE_STYLE_USAGE ( .BOTH. , #9358 ) ;
#3022 = VERTEX_POINT ( 'NONE', #10960 ) ;
#3023 = CARTESIAN_POINT ( 'NONE',  ( -11.69999999999999929, -0.001000000000000882995, 25.22500000000001208 ) ) ;
#3024 = ORIENTED_EDGE ( 'NONE', *, *, #6707, .F. ) ;
#3025 = STYLED_ITEM ( 'NONE', ( #768 ), #491 ) ;
#3026 = CARTESIAN_POINT ( 'NONE',  ( 10.30000000000000426, 1.000999999999999890, 25.22499999999999787 ) ) ;
#3027 = COLOUR_RGB ( '',1.000000000000000000, 1.000000000000000000, 0.0000000000000000000 ) ;
#3028 =( LENGTH_UNIT ( ) NAMED_UNIT ( * ) SI_UNIT ( .MILLI., .METRE. ) );
#3029 = ORIENTED_EDGE ( 'NONE', *, *, #5828, .T. ) ;
#3030 = CARTESIAN_POINT ( 'NONE',  ( -2.499999999999996447, 1.000999999999999890, 22.92500000000000782 ) ) ;
#3031 = LINE ( 'NONE', #10387, #4249 ) ;
#3032 = DIRECTION ( 'NONE',  ( 0.0000000000000000000, 0.0000000000000000000, 1.000000000000000000 ) ) ;
#3033 = FILL_AREA_STYLE ('',( #12419 ) ) ;
#3034 = PRESENTATION_STYLE_ASSIGNMENT (( #12355 ) ) ;
#3035 = EDGE_LOOP ( 'NONE', ( #9667, #12636, #7284, #3532 ) ) ;
#3036 = VECTOR ( 'NONE', #1221, 1000.000000000000000 ) ;
#3037 = ORIENTED_EDGE ( 'NONE', *, *, #3637, .F. ) ;
#3038 = CARTESIAN_POINT ( 'NONE',  ( -7.699999999999997513, -0.001000000000000252423, 22.92500000000001137 ) ) ;
#3039 = MECHANICAL_DESIGN_GEOMETRIC_PRESENTATION_REPRESENTATION (  '', ( #8218 ), #11447 ) ;
#3040 = ORIENTED_EDGE ( 'NONE', *, *, #8335, .T. ) ;
#3041 = SURFACE_STYLE_USAGE ( .BOTH. , #6908 ) ;
#3042 = FILL_AREA_STYLE_COLOUR ( '', #3617 ) ;
#3043 = ORIENTED_EDGE ( 'NONE', *, *, #8430, .T. ) ;
#3044 = FILL_AREA_STYLE ('',( #938 ) ) ;
#3045 =( NAMED_UNIT ( * ) SI_UNIT ( $, .STERADIAN. ) SOLID_ANGLE_UNIT ( ) );
#3046 = SURFACE_SIDE_STYLE ('',( #12306 ) ) ;
#3047 = VERTEX_POINT ( 'NONE', #1696 ) ;
#3048 = PRESENTATION_STYLE_ASSIGNMENT (( #10214 ) ) ;
#3049 = DIRECTION ( 'NONE',  ( 0.0000000000000000000, -0.0000000000000000000, 1.000000000000000000 ) ) ;
#3050 = PRESENTATION_LAYER_ASSIGNMENT (  '', '', ( #5423 ) ) ;
#3051 = AXIS2_PLACEMENT_3D ( 'NONE', #4672, #9661, #11773 ) ;
#3052 = COLOUR_RGB ( '',1.000000000000000000, 1.000000000000000000, 0.0000000000000000000 ) ;
#3053 =( GEOMETRIC_REPRESENTATION_CONTEXT ( 3 ) GLOBAL_UNCERTAINTY_ASSIGNED_CONTEXT ( ( #514 ) ) GLOBAL_UNIT_ASSIGNED_CONTEXT ( ( #736, #10091, #4902 ) ) REPRESENTATION_CONTEXT ( 'NONE', 'WORKASPACE' ) );
#3054 = SURFACE_STYLE_FILL_AREA ( #10153 ) ;
#3055 =( GEOMETRIC_REPRESENTATION_CONTEXT ( 3 ) GLOBAL_UNCERTAINTY_ASSIGNED_CONTEXT ( ( #5017 ) ) GLOBAL_UNIT_ASSIGNED_CONTEXT ( ( #6912, #10146, #11105 ) ) REPRESENTATION_CONTEXT ( 'NONE', 'WORKASPACE' ) );
#3056 = MECHANICAL_DESIGN_GEOMETRIC_PRESENTATION_REPRESENTATION (  '', ( #874 ), #9311 ) ;
#3057 = SURFACE_STYLE_USAGE ( .BOTH. , #8195 ) ;
#3058 = DIRECTION ( 'NONE',  ( -0.0000000000000000000, 1.000000000000000000, -0.0000000000000000000 ) ) ;
#3059 = EDGE_CURVE ( 'NONE', #11163, #481, #299, .T. ) ;
#3060 =( LENGTH_UNIT ( ) NAMED_UNIT ( * ) SI_UNIT ( .MILLI., .METRE. ) );
#3061 = EDGE_LOOP ( 'NONE', ( #13247, #4702, #4263, #2353 ) ) ;
#3062 = LINE ( 'NONE', #9336, #12662 ) ;
#3063 = CARTESIAN_POINT ( 'NONE',  ( 8.500000000000000000, 1.000000000000000000, 22.92499999999999716 ) ) ;
#3064 = CARTESIAN_POINT ( 'NONE',  ( -0.09999999999999635569, 1.000999999999999890, 22.92500000000000426 ) ) ;
#3065 = PLANE ( 'NONE',  #13209 ) ;
#3066 =( NAMED_UNIT ( * ) PLANE_ANGLE_UNIT ( ) SI_UNIT ( $, .RADIAN. ) );
#3067 = EDGE_LOOP ( 'NONE', ( #1580, #5112, #3934, #3140 ) ) ;
#3068 = FILL_AREA_STYLE_COLOUR ( '', #4220 ) ;
#3069 = EDGE_CURVE ( 'NONE', #9411, #1111, #11226, .T. ) ;
#3070 = AXIS2_PLACEMENT_3D ( 'NONE', #1906, #726, #13082 ) ;
#3071 =( NAMED_UNIT ( * ) PLANE_ANGLE_UNIT ( ) SI_UNIT ( $, .RADIAN. ) );
#3072 = CARTESIAN_POINT ( 'NONE',  ( -10.49999999999999467, 1.000999999999999890, 25.22500000000001208 ) ) ;
#3073 = CARTESIAN_POINT ( 'NONE',  ( -13.65000000000000036, 1.000000000000000000, 22.27499999999997726 ) ) ;
#3074 = EDGE_LOOP ( 'NONE', ( #12942, #5203, #7917, #2043 ) ) ;
#3075 = EDGE_CURVE ( 'NONE', #2055, #1111, #9874, .T. ) ;
#3076 =( LENGTH_UNIT ( ) NAMED_UNIT ( * ) SI_UNIT ( .MILLI., .METRE. ) );
#3077 = UNCERTAINTY_MEASURE_WITH_UNIT (LENGTH_MEASURE( 1.000000000000000082E-05 ), #8330, 'distance_accuracy_value', 'NONE');
#3078 = PRESENTATION_LAYER_ASSIGNMENT (  '', '', ( #3502 ) ) ;
#3079 = EDGE_LOOP ( 'NONE', ( #3223, #396, #3767, #230 ) ) ;
#3080 = SURFACE_STYLE_FILL_AREA ( #8215 ) ;
#3081 = ADVANCED_FACE ( 'NONE', ( #2988 ), #12241, .F. ) ;
#3082 = STYLED_ITEM ( 'NONE', ( #11535 ), #12071 ) ;
#3083 = EDGE_LOOP ( 'NONE', ( #10717, #7227, #12625, #3381 ) ) ;
#3084 = CYLINDRICAL_SURFACE ( 'NONE', #9576, 1.299999999999999156 ) ;
#3085 = ORIENTED_EDGE ( 'NONE', *, *, #6871, .F. ) ;
#3086 = ADVANCED_FACE ( 'NONE', ( #7104 ), #6842, .T. ) ;
#3087 = CARTESIAN_POINT ( 'NONE',  ( 11.50000000000000355, -0.001000000000000000021, 22.92499999999999361 ) ) ;
#3088 = MECHANICAL_DESIGN_GEOMETRIC_PRESENTATION_REPRESENTATION (  '', ( #9345 ), #11503 ) ;
#3089 = COLOUR_RGB ( '',1.000000000000000000, 1.000000000000000000, 0.0000000000000000000 ) ;
#3090 = SURFACE_STYLE_USAGE ( .BOTH. , #12284 ) ;
#3091 = FILL_AREA_STYLE_COLOUR ( '', #1601 ) ;
#3092 = UNCERTAINTY_MEASURE_WITH_UNIT (LENGTH_MEASURE( 1.000000000000000082E-05 ), #3892, 'distance_accuracy_value', 'NONE');
#3093 = ORIENTED_EDGE ( 'NONE', *, *, #6157, .F. ) ;
#3094 = DIRECTION ( 'NONE',  ( 1.000000000000000000, 0.0000000000000000000, 1.885568995626964287E-16 ) ) ;
#3095 = LINE ( 'NONE', #2074, #5766 ) ;
#3096 = FILL_AREA_STYLE_COLOUR ( '', #9885 ) ;
#3097 = DIRECTION ( 'NONE',  ( 0.0000000000000000000, 0.0000000000000000000, -1.000000000000000000 ) ) ;
#3098 = UNCERTAINTY_MEASURE_WITH_UNIT (LENGTH_MEASURE( 1.000000000000000082E-05 ), #8413, 'distance_accuracy_value', 'NONE');
#3099 = ORIENTED_EDGE ( 'NONE', *, *, #2733, .F. ) ;
#3100 = VECTOR ( 'NONE', #1668, 1000.000000000000000 ) ;
#3101 = ORIENTED_EDGE ( 'NONE', *, *, #950, .T. ) ;
#3102 = DIRECTION ( 'NONE',  ( 1.000000000000000000, 0.0000000000000000000, 0.0000000000000000000 ) ) ;
#3103 = VECTOR ( 'NONE', #12555, 1000.000000000000000 ) ;
#3104 = AXIS2_PLACEMENT_3D ( 'NONE', #2990, #9137, #1837 ) ;
#3105 = VERTEX_POINT ( 'NONE', #5907 ) ;
#3106 =( LENGTH_UNIT ( ) NAMED_UNIT ( * ) SI_UNIT ( .MILLI., .METRE. ) );
#3107 = UNCERTAINTY_MEASURE_WITH_UNIT (LENGTH_MEASURE( 1.000000000000000082E-05 ), #10764, 'distance_accuracy_value', 'NONE');
#3108 = LINE ( 'NONE', #6163, #8810 ) ;
#3109 = ORIENTED_EDGE ( 'NONE', *, *, #6964, .T. ) ;
#3110 =( GEOMETRIC_REPRESENTATION_CONTEXT ( 3 ) GLOBAL_UNCERTAINTY_ASSIGNED_CONTEXT ( ( #3362 ) ) GLOBAL_UNIT_ASSIGNED_CONTEXT ( ( #3217, #1257, #4187 ) ) REPRESENTATION_CONTEXT ( 'NONE', 'WORKASPACE' ) );
#3111 = CARTESIAN_POINT ( 'NONE',  ( 0.7000000000000036193, 1.000999999999999890, 25.22500000000000497 ) ) ;
#3112 = CIRCLE ( 'NONE', #5944, 1.299999999999999156 ) ;
#3113 = SURFACE_STYLE_USAGE ( .BOTH. , #9395 ) ;
#3114 = EDGE_LOOP ( 'NONE', ( #863, #5209, #11948, #13404 ) ) ;
#3115 = CARTESIAN_POINT ( 'NONE',  ( 2.900000000000003908, 1.000999999999999890, 22.92500000000000426 ) ) ;
#3116 = DIRECTION ( 'NONE',  ( 0.0000000000000000000, 1.000000000000000000, 0.0000000000000000000 ) ) ;
#3117 = VECTOR ( 'NONE', #12960, 1000.000000000000000 ) ;
#3118 = PLANE ( 'NONE',  #2199 ) ;
#3119 = VECTOR ( 'NONE', #7127, 1000.000000000000000 ) ;
#3120 = AXIS2_PLACEMENT_3D ( 'NONE', #8367, #11419, #2085 ) ;
#3121 = CARTESIAN_POINT ( 'NONE',  ( -15.00000000000000000, 0.0000000000000000000, 25.22500000000000853 ) ) ;
#3122 =( GEOMETRIC_REPRESENTATION_CONTEXT ( 3 ) GLOBAL_UNCERTAINTY_ASSIGNED_CONTEXT ( ( #3077 ) ) GLOBAL_UNIT_ASSIGNED_CONTEXT ( ( #8330, #3198, #7933 ) ) REPRESENTATION_CONTEXT ( 'NONE', 'WORKASPACE' ) );
#3123 = LINE ( 'NONE', #240, #1100 ) ;
#3124 = ORIENTED_EDGE ( 'NONE', *, *, #3807, .F. ) ;
#3125 = SURFACE_STYLE_FILL_AREA ( #1850 ) ;
#3126 = DIRECTION ( 'NONE',  ( -1.000000000000000000, 0.0000000000000000000, -0.0000000000000000000 ) ) ;
#3127 = PLANE ( 'NONE',  #6745 ) ;
#3128 = ORIENTED_EDGE ( 'NONE', *, *, #1923, .F. ) ;
#3129 =( LENGTH_UNIT ( ) NAMED_UNIT ( * ) SI_UNIT ( .MILLI., .METRE. ) );
#3130 = LINE ( 'NONE', #6048, #1173 ) ;
#3131 = LINE ( 'NONE', #8151, #11211 ) ;
#3132 = DIRECTION ( 'NONE',  ( -0.0000000000000000000, 1.000000000000000000, -0.0000000000000000000 ) ) ;
#3133 = CARTESIAN_POINT ( 'NONE',  ( 3.900000000000003908, 1.000999999999999890, 22.92500000000000071 ) ) ;
#3134 = EDGE_LOOP ( 'NONE', ( #7767, #4106, #75, #6278 ) ) ;
#3135 = DIRECTION ( 'NONE',  ( -0.0000000000000000000, 0.0000000000000000000, 1.000000000000000000 ) ) ;
#3136 = CARTESIAN_POINT ( 'NONE',  ( 6.500000000000002665, 0.0000000000000000000, 25.22500000000000142 ) ) ;
#3137 = ORIENTED_EDGE ( 'NONE', *, *, #5482, .F. ) ;
#3138 = CARTESIAN_POINT ( 'NONE',  ( -15.00000000000000533, -1.084202172485504434E-16, 22.27499999999997726 ) ) ;
#3139 = EDGE_CURVE ( 'NONE', #4245, #5941, #11170, .T. ) ;
#3140 = ORIENTED_EDGE ( 'NONE', *, *, #9587, .T. ) ;
#3141 = SURFACE_SIDE_STYLE ('',( #10640 ) ) ;
#3142 = DIRECTION ( 'NONE',  ( 1.885568995626964287E-16, 0.0000000000000000000, -1.000000000000000000 ) ) ;
#3143 = ORIENTED_EDGE ( 'NONE', *, *, #5164, .T. ) ;
#3144 = EDGE_CURVE ( 'NONE', #219, #3047, #10143, .T. ) ;
#3145 = EDGE_CURVE ( 'NONE', #7490, #12712, #4269, .T. ) ;
#3146 = DIRECTION ( 'NONE',  ( -3.771137991253928573E-16, -0.0000000000000000000, 1.000000000000000000 ) ) ;
#3147 = VECTOR ( 'NONE', #8092, 1000.000000000000000 ) ;
#3148 = PLANE ( 'NONE',  #5341 ) ;
#3149 = VECTOR ( 'NONE', #12949, 1000.000000000000000 ) ;
#3150 =( NAMED_UNIT ( * ) PLANE_ANGLE_UNIT ( ) SI_UNIT ( $, .RADIAN. ) );
#3151 =( LENGTH_UNIT ( ) NAMED_UNIT ( * ) SI_UNIT ( .MILLI., .METRE. ) );
#3152 = EDGE_LOOP ( 'NONE', ( #3550, #10603, #4502, #8141 ) ) ;
#3153 = CARTESIAN_POINT ( 'NONE',  ( 8.700000000000002842, 1.000999999999999890, 22.92499999999999716 ) ) ;
#3154 = PRESENTATION_STYLE_ASSIGNMENT (( #11472 ) ) ;
#3155 = EDGE_CURVE ( 'NONE', #10569, #1903, #4336, .T. ) ;
#3156 = ADVANCED_FACE ( 'NONE', ( #2089 ), #5207, .F. ) ;
#3157 = CARTESIAN_POINT ( 'NONE',  ( 7.100000000000004086, 1.000999999999999890, 25.22499999999999787 ) ) ;
#3158 = ORIENTED_EDGE ( 'NONE', *, *, #12934, .T. ) ;
#3159 = LINE ( 'NONE', #999, #3932 ) ;
#3160 =( GEOMETRIC_REPRESENTATION_CONTEXT ( 3 ) GLOBAL_UNCERTAINTY_ASSIGNED_CONTEXT ( ( #12152 ) ) GLOBAL_UNIT_ASSIGNED_CONTEXT ( ( #5293, #9465, #8317 ) ) REPRESENTATION_CONTEXT ( 'NONE', 'WORKASPACE' ) );
#3161 = ORIENTED_EDGE ( 'NONE', *, *, #4054, .F. ) ;
#3162 = EDGE_CURVE ( 'NONE', #9233, #247, #5345, .T. ) ;
#3163 = CARTESIAN_POINT ( 'NONE',  ( 9.500000000000003553, 1.000999999999999890, 25.22499999999999787 ) ) ;
#3164 = EDGE_CURVE ( 'NONE', #12210, #1021, #1134, .T. ) ;
#3165 = ORIENTED_EDGE ( 'NONE', *, *, #10008, .F. ) ;
#3166 = PLANE ( 'NONE',  #3120 ) ;
#3167 = ORIENTED_EDGE ( 'NONE', *, *, #7618, .T. ) ;
#3168 = LINE ( 'NONE', #9514, #1578 ) ;
#3169 = FILL_AREA_STYLE_COLOUR ( '', #3360 ) ;
#3170 = CARTESIAN_POINT ( 'NONE',  ( 12.84999999999999964, -0.3500000000000000333, 22.27500000000000924 ) ) ;
#3171 = ORIENTED_EDGE ( 'NONE', *, *, #8043, .F. ) ;
#3172 = FACE_OUTER_BOUND ( 'NONE', #9875, .T. ) ;
#3173 =( NAMED_UNIT ( * ) SI_UNIT ( $, .STERADIAN. ) SOLID_ANGLE_UNIT ( ) );
#3174 = ORIENTED_EDGE ( 'NONE', *, *, #4581, .F. ) ;
#3175 = FILL_AREA_STYLE_COLOUR ( '', #729 ) ;
#3176 = FILL_AREA_STYLE_COLOUR ( '', #9729 ) ;
#3177 = VECTOR ( 'NONE', #1788, 1000.000000000000000 ) ;
#3178 = VECTOR ( 'NONE', #3333, 1000.000000000000000 ) ;
#3179 = DIRECTION ( 'NONE',  ( 0.0000000000000000000, 0.0000000000000000000, -1.000000000000000000 ) ) ;
#3180 = CARTESIAN_POINT ( 'NONE',  ( -9.099999999999996092, 1.000000000000000000, 25.22500000000001208 ) ) ;
#3181 = DIRECTION ( 'NONE',  ( -1.000000000000000000, -0.0000000000000000000, -0.0000000000000000000 ) ) ;
#3182 = DIRECTION ( 'NONE',  ( -1.000000000000000000, 0.0000000000000000000, 0.0000000000000000000 ) ) ;
#3183 = MECHANICAL_DESIGN_GEOMETRIC_PRESENTATION_REPRESENTATION (  '', ( #4722 ), #1905 ) ;
#3184 = CARTESIAN_POINT ( 'NONE',  ( 2.300000000000003819, 1.000999999999999890, 22.92500000000000426 ) ) ;
#3185 = SURFACE_STYLE_FILL_AREA ( #2174 ) ;
#3186 = CARTESIAN_POINT ( 'NONE',  ( -10.69999999999999574, 1.000999999999999890, 22.92500000000001137 ) ) ;
#3187 =( NAMED_UNIT ( * ) PLANE_ANGLE_UNIT ( ) SI_UNIT ( $, .RADIAN. ) );
#3188 =( NAMED_UNIT ( * ) SI_UNIT ( $, .STERADIAN. ) SOLID_ANGLE_UNIT ( ) );
#3189 = ORIENTED_EDGE ( 'NONE', *, *, #10831, .F. ) ;
#3190 = PLANE ( 'NONE',  #9499 ) ;
#3191 = PRESENTATION_LAYER_ASSIGNMENT (  '', '', ( #9249 ) ) ;
#3192 =( NAMED_UNIT ( * ) PLANE_ANGLE_UNIT ( ) SI_UNIT ( $, .RADIAN. ) );
#3193 = PRESENTATION_LAYER_ASSIGNMENT (  '', '', ( #11638 ) ) ;
#3194 = FACE_OUTER_BOUND ( 'NONE', #3975, .T. ) ;
#3195 = VECTOR ( 'NONE', #2113, 1000.000000000000000 ) ;
#3196 = LINE ( 'NONE', #6573, #2544 ) ;
#3197 = ORIENTED_EDGE ( 'NONE', *, *, #2646, .T. ) ;
#3198 =( NAMED_UNIT ( * ) PLANE_ANGLE_UNIT ( ) SI_UNIT ( $, .RADIAN. ) );
#3199 = ORIENTED_EDGE ( 'NONE', *, *, #12251, .F. ) ;
#3200 = SURFACE_STYLE_FILL_AREA ( #10701 ) ;
#3201 = EDGE_LOOP ( 'NONE', ( #6995, #8203, #11321, #3744 ) ) ;
#3203 = CLOSED_SHELL ( 'NONE', ( #7449, #6135, #12489, #6117, #2502, #313, #4756, #4550, #5900, #9002, #644, #2581, #8363, #2079 ) ) ;
#3202 = DIRECTION ( 'NONE',  ( -1.000000000000000000, -0.0000000000000000000, -0.0000000000000000000 ) ) ;
#3204 = VECTOR ( 'NONE', #13168, 1000.000000000000000 ) ;
#3205 = LINE ( 'NONE', #1753, #12393 ) ;
#3206 = FILL_AREA_STYLE ('',( #10576 ) ) ;
#3207 = FACE_OUTER_BOUND ( 'NONE', #3342, .T. ) ;
#3208 = VERTEX_POINT ( 'NONE', #5276 ) ;
#3209 = SURFACE_STYLE_USAGE ( .BOTH. , #6198 ) ;
#3210 = EDGE_CURVE ( 'NONE', #1903, #10334, #9207, .T. ) ;
#3211 = CARTESIAN_POINT ( 'NONE',  ( -1.099999999999996758, 1.000000000000000000, 22.92500000000000782 ) ) ;
#3212 = STYLED_ITEM ( 'NONE', ( #10721 ), #403 ) ;
#3213 = DIRECTION ( 'NONE',  ( -0.0000000000000000000, 0.0000000000000000000, 1.000000000000000000 ) ) ;
#3214 = PLANE ( 'NONE',  #8246 ) ;
#3215 = UNCERTAINTY_MEASURE_WITH_UNIT (LENGTH_MEASURE( 1.000000000000000082E-05 ), #2551, 'distance_accuracy_value', 'NONE');
#3216 = ORIENTED_EDGE ( 'NONE', *, *, #825, .F. ) ;
#3217 =( LENGTH_UNIT ( ) NAMED_UNIT ( * ) SI_UNIT ( .MILLI., .METRE. ) );
#3218 = CARTESIAN_POINT ( 'NONE',  ( -1.699999999999996625, 1.000999999999999890, 22.92500000000000782 ) ) ;
#3219 = UNCERTAINTY_MEASURE_WITH_UNIT (LENGTH_MEASURE( 1.000000000000000082E-05 ), #5664, 'distance_accuracy_value', 'NONE');
#3220 = EDGE_CURVE ( 'NONE', #8728, #10182, #8181, .T. ) ;
#3221 =( NAMED_UNIT ( * ) PLANE_ANGLE_UNIT ( ) SI_UNIT ( $, .RADIAN. ) );
#3222 = CARTESIAN_POINT ( 'NONE',  ( 1.900000000000001465, 0.0000000000000000000, 25.22500000000000497 ) ) ;
#3223 = ORIENTED_EDGE ( 'NONE', *, *, #1227, .T. ) ;
#3224 = FILL_AREA_STYLE_COLOUR ( '', #5599 ) ;
#3225 = EDGE_CURVE ( 'NONE', #6843, #4827, #130, .T. ) ;
#3226 = DIRECTION ( 'NONE',  ( 0.0000000000000000000, 0.0000000000000000000, 1.000000000000000000 ) ) ;
#3227 = ORIENTED_EDGE ( 'NONE', *, *, #7136, .T. ) ;
#3228 = VECTOR ( 'NONE', #3354, 1000.000000000000000 ) ;
#3229 = UNCERTAINTY_MEASURE_WITH_UNIT (LENGTH_MEASURE( 1.000000000000000082E-05 ), #9322, 'distance_accuracy_value', 'NONE');
#3230 = ORIENTED_EDGE ( 'NONE', *, *, #11409, .F. ) ;
#3231 = DIRECTION ( 'NONE',  ( -1.000000000000000000, 0.0000000000000000000, 0.0000000000000000000 ) ) ;
#3232 = DIRECTION ( 'NONE',  ( 0.0000000000000000000, 0.0000000000000000000, -1.000000000000000000 ) ) ;
#3233 = VECTOR ( 'NONE', #11298, 1000.000000000000000 ) ;
#3234 = PRESENTATION_LAYER_ASSIGNMENT (  '', '', ( #11883 ) ) ;
#3235 = DIRECTION ( 'NONE',  ( 0.0000000000000000000, 1.000000000000000000, 0.0000000000000000000 ) ) ;
#3236 = EDGE_CURVE ( 'NONE', #6900, #12701, #3108, .T. ) ;
#3237 = EDGE_CURVE ( 'NONE', #4100, #10606, #6093, .T. ) ;
#3238 = ORIENTED_EDGE ( 'NONE', *, *, #93, .F. ) ;
#3239 = LINE ( 'NONE', #1274, #2181 ) ;
#3240 = ORIENTED_EDGE ( 'NONE', *, *, #5147, .T. ) ;
#3241 = DIRECTION ( 'NONE',  ( -1.000000000000000000, 0.0000000000000000000, -0.0000000000000000000 ) ) ;
#3242 = SURFACE_STYLE_FILL_AREA ( #6290 ) ;
#3243 = MECHANICAL_DESIGN_GEOMETRIC_PRESENTATION_REPRESENTATION (  '', ( #8863 ), #12317 ) ;
#3244 =( GEOMETRIC_REPRESENTATION_CONTEXT ( 3 ) GLOBAL_UNCERTAINTY_ASSIGNED_CONTEXT ( ( #12867 ) ) GLOBAL_UNIT_ASSIGNED_CONTEXT ( ( #2509, #12801, #3525 ) ) REPRESENTATION_CONTEXT ( 'NONE', 'WORKASPACE' ) );
#3245 = COLOUR_RGB ( '',1.000000000000000000, 1.000000000000000000, 0.0000000000000000000 ) ;
#3246 = EDGE_CURVE ( 'NONE', #6011, #9320, #10281, .T. ) ;
#3247 = FILL_AREA_STYLE ('',( #368 ) ) ;
#3248 = SURFACE_STYLE_FILL_AREA ( #7447 ) ;
#3249 =( NAMED_UNIT ( * ) PLANE_ANGLE_UNIT ( ) SI_UNIT ( $, .RADIAN. ) );
#3250 =( NAMED_UNIT ( * ) PLANE_ANGLE_UNIT ( ) SI_UNIT ( $, .RADIAN. ) );
#3251 =( NAMED_UNIT ( * ) SI_UNIT ( $, .STERADIAN. ) SOLID_ANGLE_UNIT ( ) );
#3252 = STYLED_ITEM ( 'NONE', ( #1169 ), #4975 ) ;
#3253 = EDGE_LOOP ( 'NONE', ( #5342, #11092, #5767, #9273 ) ) ;
#3254 = LINE ( 'NONE', #10487, #3036 ) ;
#3255 = COLOUR_RGB ( '',0.0000000000000000000, 0.7529411764705882248, 0.0000000000000000000 ) ;
#3256 = LINE ( 'NONE', #9613, #9953 ) ;
#3257 = ORIENTED_EDGE ( 'NONE', *, *, #1316, .F. ) ;
#3258 = CARTESIAN_POINT ( 'NONE',  ( 10.70000000000000107, -0.001000000000000000021, 25.22499999999999432 ) ) ;
#3259 =( NAMED_UNIT ( * ) SI_UNIT ( $, .STERADIAN. ) SOLID_ANGLE_UNIT ( ) );
#3260 = PLANE ( 'NONE',  #8569 ) ;
#3261 = STYLED_ITEM ( 'NONE', ( #9442 ), #12961 ) ;
#3262 = LINE ( 'NONE', #13433, #12279 ) ;
#3263 = CARTESIAN_POINT ( 'NONE',  ( 7.100000000000004086, 1.000000000000000000, 22.92499999999999716 ) ) ;
#3264 = FACE_OUTER_BOUND ( 'NONE', #6083, .T. ) ;
#3265 = ORIENTED_EDGE ( 'NONE', *, *, #10578, .T. ) ;
#3266 = VECTOR ( 'NONE', #1147, 1000.000000000000000 ) ;
#3267 =( NAMED_UNIT ( * ) PLANE_ANGLE_UNIT ( ) SI_UNIT ( $, .RADIAN. ) );
#3268 = ORIENTED_EDGE ( 'NONE', *, *, #1666, .F. ) ;
#3269 = DIRECTION ( 'NONE',  ( -0.0000000000000000000, 1.000000000000000000, -0.0000000000000000000 ) ) ;
#3270 = CARTESIAN_POINT ( 'NONE',  ( -9.299999999999998934, -0.001000000000000504609, 25.22500000000001208 ) ) ;
#3271 =( LENGTH_UNIT ( ) NAMED_UNIT ( * ) SI_UNIT ( .MILLI., .METRE. ) );
#3272 = ORIENTED_EDGE ( 'NONE', *, *, #3926, .F. ) ;
#3273 = PLANE ( 'NONE',  #2222 ) ;
#3274 = COLOUR_RGB ( '',1.000000000000000000, 1.000000000000000000, 0.0000000000000000000 ) ;
#3275 =( LENGTH_UNIT ( ) NAMED_UNIT ( * ) SI_UNIT ( .MILLI., .METRE. ) );
#3276 = VERTEX_POINT ( 'NONE', #12303 ) ;
#3277 = DIRECTION ( 'NONE',  ( 0.0000000000000000000, 0.0000000000000000000, -1.000000000000000000 ) ) ;
#3278 = SURFACE_SIDE_STYLE ('',( #2131 ) ) ;
#3279 = VECTOR ( 'NONE', #8055, 1000.000000000000000 ) ;
#3280 = VECTOR ( 'NONE', #7114, 1000.000000000000000 ) ;
#3281 =( LENGTH_UNIT ( ) NAMED_UNIT ( * ) SI_UNIT ( .MILLI., .METRE. ) );
#3282 =( GEOMETRIC_REPRESENTATION_CONTEXT ( 3 ) GLOBAL_UNCERTAINTY_ASSIGNED_CONTEXT ( ( #2025 ) ) GLOBAL_UNIT_ASSIGNED_CONTEXT ( ( #12786, #5352, #12716 ) ) REPRESENTATION_CONTEXT ( 'NONE', 'WORKASPACE' ) );
#3283 = ORIENTED_EDGE ( 'NONE', *, *, #9663, .T. ) ;
#3284 = CARTESIAN_POINT ( 'NONE',  ( 6.700000000000001954, -0.001000000000000000021, 25.22500000000000142 ) ) ;
#3285 =( NAMED_UNIT ( * ) SI_UNIT ( $, .STERADIAN. ) SOLID_ANGLE_UNIT ( ) );
#3286 = ORIENTED_EDGE ( 'NONE', *, *, #9764, .T. ) ;
#3287 = SURFACE_STYLE_FILL_AREA ( #12545 ) ;
#3288 = VERTEX_POINT ( 'NONE', #9392 ) ;
#3289 = VECTOR ( 'NONE', #4147, 1000.000000000000000 ) ;
#3290 = VECTOR ( 'NONE', #1660, 1000.000000000000000 ) ;
#3291 = PLANE ( 'NONE',  #9057 ) ;
#3292 =( GEOMETRIC_REPRESENTATION_CONTEXT ( 3 ) GLOBAL_UNCERTAINTY_ASSIGNED_CONTEXT ( ( #4202 ) ) GLOBAL_UNIT_ASSIGNED_CONTEXT ( ( #3275, #196, #9429 ) ) REPRESENTATION_CONTEXT ( 'NONE', 'WORKASPACE' ) );
#3293 = ADVANCED_FACE ( 'NONE', ( #89 ), #11491, .F. ) ;
#3294 = DIRECTION ( 'NONE',  ( -9.427844978134821433E-17, -0.0000000000000000000, 1.000000000000000000 ) ) ;
#3295 =( GEOMETRIC_REPRESENTATION_CONTEXT ( 3 ) GLOBAL_UNCERTAINTY_ASSIGNED_CONTEXT ( ( #3092 ) ) GLOBAL_UNIT_ASSIGNED_CONTEXT ( ( #3892, #9971, #4913 ) ) REPRESENTATION_CONTEXT ( 'NONE', 'WORKASPACE' ) );
#3296 = ORIENTED_EDGE ( 'NONE', *, *, #7288, .T. ) ;
#3297 = DIRECTION ( 'NONE',  ( 0.0000000000000000000, 0.0000000000000000000, -1.000000000000000000 ) ) ;
#3298 = PRESENTATION_LAYER_ASSIGNMENT (  '', '', ( #2440 ) ) ;
#3299 = ORIENTED_EDGE ( 'NONE', *, *, #5165, .T. ) ;
#3300 = SURFACE_STYLE_FILL_AREA ( #12556 ) ;
#3301 = MECHANICAL_DESIGN_GEOMETRIC_PRESENTATION_REPRESENTATION (  '', ( #1586 ), #13047 ) ;
#3302 = DIRECTION ( 'NONE',  ( 0.0000000000000000000, 0.0000000000000000000, 1.000000000000000000 ) ) ;
#3303 = ORIENTED_EDGE ( 'NONE', *, *, #11090, .T. ) ;
#3304 = EDGE_CURVE ( 'NONE', #12224, #4723, #4405, .T. ) ;
#3305 = SURFACE_STYLE_FILL_AREA ( #12367 ) ;
#3306 = VERTEX_POINT ( 'NONE', #12635 ) ;
#3307 = CARTESIAN_POINT ( 'NONE',  ( 15.00000000000000000, 0.0000000000000000000, -19.67499999999999361 ) ) ;
#3308 = STYLED_ITEM ( 'NONE', ( #9071 ), #5348 ) ;
#3309 =( LENGTH_UNIT ( ) NAMED_UNIT ( * ) SI_UNIT ( .MILLI., .METRE. ) );
#3310 = EDGE_CURVE ( 'NONE', #4654, #12164, #10728, .T. ) ;
#3311 =( GEOMETRIC_REPRESENTATION_CONTEXT ( 3 ) GLOBAL_UNCERTAINTY_ASSIGNED_CONTEXT ( ( #13367 ) ) GLOBAL_UNIT_ASSIGNED_CONTEXT ( ( #12576, #6366, #1217 ) ) REPRESENTATION_CONTEXT ( 'NONE', 'WORKASPACE' ) );
#3312 = EDGE_CURVE ( 'NONE', #10994, #4909, #11633, .T. ) ;
#3313 = PRESENTATION_STYLE_ASSIGNMENT (( #4346 ) ) ;
#3314 = EDGE_CURVE ( 'NONE', #3513, #4986, #5540, .T. ) ;
#3315 = ORIENTED_EDGE ( 'NONE', *, *, #7348, .F. ) ;
#3316 = CARTESIAN_POINT ( 'NONE',  ( -1.899999999999996803, 1.000999999999999890, 22.92500000000000782 ) ) ;
#3317 = VECTOR ( 'NONE', #7026, 1000.000000000000000 ) ;
#3318 = CARTESIAN_POINT ( 'NONE',  ( -1.299999999999998712, -0.001000000000000000021, 25.22500000000000853 ) ) ;
#3319 = DIRECTION ( 'NONE',  ( -0.0000000000000000000, 1.000000000000000000, -0.0000000000000000000 ) ) ;
#3320 = CARTESIAN_POINT ( 'NONE',  ( -6.899999999999998579, -0.001000000000000126222, 25.22500000000001208 ) ) ;
#3321 = STYLED_ITEM ( 'NONE', ( #7066 ), #5970 ) ;
#3322 = ORIENTED_EDGE ( 'NONE', *, *, #9276, .T. ) ;
#3323 = FACE_OUTER_BOUND ( 'NONE', #2478, .T. ) ;
#3324 = LINE ( 'NONE', #4424, #6524 ) ;
#3325 = EDGE_CURVE ( 'NONE', #440, #5231, #9791, .T. ) ;
#3326 = SURFACE_STYLE_FILL_AREA ( #9468 ) ;
#3327 = ORIENTED_EDGE ( 'NONE', *, *, #1508, .T. ) ;
#3329 = EDGE_CURVE ( 'NONE', #3022, #8526, #4469, .T. ) ;
#3328 = CARTESIAN_POINT ( 'NONE',  ( -15.00000000000000533, 1.000000000000000000, -25.47499999999999432 ) ) ;
#3330 = FILL_AREA_STYLE_COLOUR ( '', #7563 ) ;
#3331 =( GEOMETRIC_REPRESENTATION_CONTEXT ( 3 ) GLOBAL_UNCERTAINTY_ASSIGNED_CONTEXT ( ( #343 ) ) GLOBAL_UNIT_ASSIGNED_CONTEXT ( ( #1857, #8078, #3889 ) ) REPRESENTATION_CONTEXT ( 'NONE', 'WORKASPACE' ) );
#3332 = EDGE_CURVE ( 'NONE', #12069, #4471, #5478, .T. ) ;
#3333 = DIRECTION ( 'NONE',  ( -3.771137991253928573E-16, -0.0000000000000000000, 1.000000000000000000 ) ) ;
#3334 = STYLED_ITEM ( 'NONE', ( #860 ), #6053 ) ;
#3335 = ADVANCED_FACE ( 'NONE', ( #2418 ), #6668, .F. ) ;
#3336 = STYLED_ITEM ( 'NONE', ( #2531 ), #11267 ) ;
#3337 = CARTESIAN_POINT ( 'NONE',  ( 3.300000000000002487, -0.001000000000000000021, 22.92500000000000426 ) ) ;
#3338 = CARTESIAN_POINT ( 'NONE',  ( -1.899999999999996581, 1.000000000000000000, 25.22500000000000853 ) ) ;
#3339 =( NAMED_UNIT ( * ) SI_UNIT ( $, .STERADIAN. ) SOLID_ANGLE_UNIT ( ) );
#3340 = VERTEX_POINT ( 'NONE', #6549 ) ;
#3341 = DIRECTION ( 'NONE',  ( 1.000000000000000000, 0.0000000000000000000, 0.0000000000000000000 ) ) ;
#3342 = EDGE_LOOP ( 'NONE', ( #7423, #12051, #7564, #9962 ) ) ;
#3343 = PLANE ( 'NONE',  #10722 ) ;
#3344 = VECTOR ( 'NONE', #659, 1000.000000000000000 ) ;
#3345 = DIRECTION ( 'NONE',  ( 0.0000000000000000000, 0.0000000000000000000, 1.000000000000000000 ) ) ;
#3346 = DIRECTION ( 'NONE',  ( 1.885568995626964287E-16, 0.0000000000000000000, -1.000000000000000000 ) ) ;
#3347 = LINE ( 'NONE', #11666, #1309 ) ;
#3348 = ORIENTED_EDGE ( 'NONE', *, *, #8034, .F. ) ;
#3349 = FILL_AREA_STYLE_COLOUR ( '', #4198 ) ;
#3350 = STYLED_ITEM ( 'NONE', ( #6891 ), #6137 ) ;
#3351 = PRESENTATION_STYLE_ASSIGNMENT (( #12609 ) ) ;
#3352 = VECTOR ( 'NONE', #531, 1000.000000000000000 ) ;
#3353 = VERTEX_POINT ( 'NONE', #5685 ) ;
#3354 = DIRECTION ( 'NONE',  ( -0.0000000000000000000, -0.0000000000000000000, -1.000000000000000000 ) ) ;
#3355 = AXIS2_PLACEMENT_3D ( 'NONE', #5964, #6833, #11965 ) ;
#3356 = CARTESIAN_POINT ( 'NONE',  ( -2.499999999999996447, 1.000000000000000000, 22.92500000000000782 ) ) ;
#3357 = LINE ( 'NONE', #9369, #11729 ) ;
#3358 = DIRECTION ( 'NONE',  ( 1.000000000000000000, 0.0000000000000000000, 0.0000000000000000000 ) ) ;
#3359 = EDGE_CURVE ( 'NONE', #12921, #4865, #9516, .T. ) ;
#3360 = COLOUR_RGB ( '',1.000000000000000000, 1.000000000000000000, 0.0000000000000000000 ) ;
#3361 = FILL_AREA_STYLE_COLOUR ( '', #3707 ) ;
#3362 = UNCERTAINTY_MEASURE_WITH_UNIT (LENGTH_MEASURE( 1.000000000000000082E-05 ), #3217, 'distance_accuracy_value', 'NONE');
#3363 = EDGE_LOOP ( 'NONE', ( #287, #8583, #4705, #4489 ) ) ;
#3364 = LINE ( 'NONE', #7277, #8931 ) ;
#3365 = PRESENTATION_STYLE_ASSIGNMENT (( #12620 ) ) ;
#3366 = VECTOR ( 'NONE', #6493, 1000.000000000000000 ) ;
#3367 = PLANE ( 'NONE',  #7326 ) ;
#3368 = DIRECTION ( 'NONE',  ( 1.885568995626964287E-16, 0.0000000000000000000, -1.000000000000000000 ) ) ;
#3369 = VERTEX_POINT ( 'NONE', #10130 ) ;
#3370 = AXIS2_PLACEMENT_3D ( 'NONE', #5737, #11932, #2673 ) ;
#3371 = CARTESIAN_POINT ( 'NONE',  ( 2.300000000000003819, 1.000999999999999890, 25.22500000000000497 ) ) ;
#3372 = ORIENTED_EDGE ( 'NONE', *, *, #10991, .T. ) ;
#3373 = CARTESIAN_POINT ( 'NONE',  ( 7.500000000000002665, -0.001000000000000000021, 25.22499999999999787 ) ) ;
#3374 = ORIENTED_EDGE ( 'NONE', *, *, #727, .T. ) ;
#3375 = PLANE ( 'NONE',  #6809 ) ;
#3376 = UNCERTAINTY_MEASURE_WITH_UNIT (LENGTH_MEASURE( 1.000000000000000082E-05 ), #9859, 'distance_accuracy_value', 'NONE');
#3377 = EDGE_LOOP ( 'NONE', ( #10439, #10398, #11214, #11928 ) ) ;
#3378 = SURFACE_STYLE_USAGE ( .BOTH. , #9453 ) ;
#3379 = MECHANICAL_DESIGN_GEOMETRIC_PRESENTATION_REPRESENTATION (  '', ( #7685 ), #2743 ) ;
#3380 = PRESENTATION_LAYER_ASSIGNMENT (  '', '', ( #5774 ) ) ;
#3381 = ORIENTED_EDGE ( 'NONE', *, *, #139, .T. ) ;
#3382 = PRESENTATION_LAYER_ASSIGNMENT (  '', '', ( #5532 ) ) ;
#3383 = CARTESIAN_POINT ( 'NONE',  ( 11.30000000000000071, 0.0000000000000000000, 25.22500000000000853 ) ) ;
#3384 = LINE ( 'NONE', #6355, #4843 ) ;
#3385 = VERTEX_POINT ( 'NONE', #10946 ) ;
#3386 = DIRECTION ( 'NONE',  ( -0.0000000000000000000, -1.000000000000000000, -0.0000000000000000000 ) ) ;
#3387 = CARTESIAN_POINT ( 'NONE',  ( -1.099999999999996314, 1.000000000000000000, 25.22500000000000853 ) ) ;
#3388 = PLANE ( 'NONE',  #1555 ) ;
#3389 = PRESENTATION_LAYER_ASSIGNMENT (  '', '', ( #8343 ) ) ;
#3390 = DIRECTION ( 'NONE',  ( -1.000000000000000000, -0.0000000000000000000, -0.0000000000000000000 ) ) ;
#3391 = ADVANCED_FACE ( 'NONE', ( #13124 ), #567, .F. ) ;
#3392 = ORIENTED_EDGE ( 'NONE', *, *, #1767, .T. ) ;
#3393 = CARTESIAN_POINT ( 'NONE',  ( -15.00000000000000000, 0.0000000000000000000, 20.37500000000001066 ) ) ;
#3394 = UNCERTAINTY_MEASURE_WITH_UNIT (LENGTH_MEASURE( 1.000000000000000082E-05 ), #2138, 'distance_accuracy_value', 'NONE');
#3395 = ORIENTED_EDGE ( 'NONE', *, *, #6391, .F. ) ;
#3396 = FILL_AREA_STYLE_COLOUR ( '', #12897 ) ;
#3397 = CARTESIAN_POINT ( 'NONE',  ( 8.700000000000006395, 1.000000000000000000, 25.22500000000000853 ) ) ;
#3398 = EDGE_CURVE ( 'NONE', #2248, #7603, #4799, .T. ) ;
#3399 = DIRECTION ( 'NONE',  ( -1.000000000000000000, 0.0000000000000000000, -3.771137991253928573E-16 ) ) ;
#3400 = ADVANCED_FACE ( 'NONE', ( #12984 ), #6826, .T. ) ;
#3401 = VECTOR ( 'NONE', #2962, 1000.000000000000000 ) ;
#3402 = VERTEX_POINT ( 'NONE', #12157 ) ;
#3403 = SURFACE_STYLE_USAGE ( .BOTH. , #1366 ) ;
#3404 = EDGE_CURVE ( 'NONE', #7845, #12950, #2775, .T. ) ;
#3405 = FILL_AREA_STYLE ('',( #12669 ) ) ;
#3406 = STYLED_ITEM ( 'NONE', ( #10170 ), #906 ) ;
#3407 = LINE ( 'NONE', #4297, #9850 ) ;
#3408 = ORIENTED_EDGE ( 'NONE', *, *, #9512, .T. ) ;
#3409 = DIRECTION ( 'NONE',  ( -3.771137991253928573E-16, -0.0000000000000000000, 1.000000000000000000 ) ) ;
#3410 = ORIENTED_EDGE ( 'NONE', *, *, #627, .F. ) ;
#3411 = DIRECTION ( 'NONE',  ( 0.0000000000000000000, 0.0000000000000000000, 1.000000000000000000 ) ) ;
#3412 = LINE ( 'NONE', #10703, #10171 ) ;
#3413 = EDGE_CURVE ( 'NONE', #2420, #4319, #1611, .T. ) ;
#3414 = ORIENTED_EDGE ( 'NONE', *, *, #6149, .F. ) ;
#3415 = FACE_OUTER_BOUND ( 'NONE', #7270, .T. ) ;
#3416 = AXIS2_PLACEMENT_3D ( 'NONE', #8192, #11235, #5100 ) ;
#3417 = ORIENTED_EDGE ( 'NONE', *, *, #9268, .T. ) ;
#3418 = CARTESIAN_POINT ( 'NONE',  ( 3.100000000000003197, 1.000999999999999890, 25.22500000000000142 ) ) ;
#3419 = AXIS2_PLACEMENT_3D ( 'NONE', #6281, #3235, #3302 ) ;
#3420 =( LENGTH_UNIT ( ) NAMED_UNIT ( * ) SI_UNIT ( .MILLI., .METRE. ) );
#3421 =( LENGTH_UNIT ( ) NAMED_UNIT ( * ) SI_UNIT ( .MILLI., .METRE. ) );
#3422 = CARTESIAN_POINT ( 'NONE',  ( 6.900000000000003020, 1.000999999999999890, 22.92500000000000071 ) ) ;
#3423 = CARTESIAN_POINT ( 'NONE',  ( -0.8999999999999964695, 1.000999999999999890, 22.92500000000000782 ) ) ;
#3424 = COLOUR_RGB ( '',1.000000000000000000, 1.000000000000000000, 0.0000000000000000000 ) ;
#3425 =( NAMED_UNIT ( * ) PLANE_ANGLE_UNIT ( ) SI_UNIT ( $, .RADIAN. ) );
#3426 = ORIENTED_EDGE ( 'NONE', *, *, #9677, .F. ) ;
#3427 = VECTOR ( 'NONE', #3728, 1000.000000000000000 ) ;
#3428 = DIRECTION ( 'NONE',  ( -1.000000000000000000, -0.0000000000000000000, -0.0000000000000000000 ) ) ;
#3429 = FILL_AREA_STYLE_COLOUR ( '', #3737 ) ;
#3430 = ORIENTED_EDGE ( 'NONE', *, *, #4087, .F. ) ;
#3431 = PLANE ( 'NONE',  #10580 ) ;
#3432 = COLOUR_RGB ( '',1.000000000000000000, 1.000000000000000000, 0.0000000000000000000 ) ;
#3433 = ORIENTED_EDGE ( 'NONE', *, *, #3710, .F. ) ;
#3434 = FILL_AREA_STYLE ('',( #2476 ) ) ;
#3435 = VERTEX_POINT ( 'NONE', #4868 ) ;
#3436 = DIRECTION ( 'NONE',  ( 0.0000000000000000000, 0.0000000000000000000, 1.000000000000000000 ) ) ;
#3437 = DIRECTION ( 'NONE',  ( -1.000000000000000000, -0.0000000000000000000, -0.0000000000000000000 ) ) ;
#3438 = SURFACE_STYLE_USAGE ( .BOTH. , #7632 ) ;
#3439 = AXIS2_PLACEMENT_3D ( 'NONE', #5695, #6377, #4360 ) ;
#3440 = ORIENTED_EDGE ( 'NONE', *, *, #3914, .F. ) ;
#3441 = FILL_AREA_STYLE ('',( #12780 ) ) ;
#3442 = ORIENTED_EDGE ( 'NONE', *, *, #13105, .T. ) ;
#3443 = PRESENTATION_STYLE_ASSIGNMENT (( #10545 ) ) ;
#3444 = PRESENTATION_STYLE_ASSIGNMENT (( #9398 ) ) ;
#3445 = FILL_AREA_STYLE ('',( #5548 ) ) ;
#3446 = FILL_AREA_STYLE_COLOUR ( '', #11396 ) ;
#3447 = ORIENTED_EDGE ( 'NONE', *, *, #8510, .T. ) ;
#3448 =( LENGTH_UNIT ( ) NAMED_UNIT ( * ) SI_UNIT ( .MILLI., .METRE. ) );
#3449 = LINE ( 'NONE', #1695, #5246 ) ;
#3450 = SURFACE_STYLE_FILL_AREA ( #1494 ) ;
#3451 = ORIENTED_EDGE ( 'NONE', *, *, #9916, .F. ) ;
#3452 = DIRECTION ( 'NONE',  ( -1.000000000000000000, -0.0000000000000000000, -0.0000000000000000000 ) ) ;
#3453 = DIRECTION ( 'NONE',  ( -0.0000000000000000000, -1.000000000000000000, -0.0000000000000000000 ) ) ;
#3454 = CARTESIAN_POINT ( 'NONE',  ( 8.700000000000006395, 1.000000000000000000, 22.92499999999999716 ) ) ;
#3455 = CARTESIAN_POINT ( 'NONE',  ( -4.849999999999997868, 1.000000000000000000, 21.27500000000000924 ) ) ;
#3456 = EDGE_LOOP ( 'NONE', ( #3109, #11771, #10967, #11405 ) ) ;
#3457 = DIRECTION ( 'NONE',  ( -0.0000000000000000000, -1.000000000000000000, -0.0000000000000000000 ) ) ;
#3458 = VECTOR ( 'NONE', #4835, 1000.000000000000000 ) ;
#3459 = DIRECTION ( 'NONE',  ( 1.000000000000000000, 0.0000000000000000000, 0.0000000000000000000 ) ) ;
#3460 = CARTESIAN_POINT ( 'NONE',  ( 13.65000000000000036, 1.000000000000000000, 22.27500000000000924 ) ) ;
#3461 = EDGE_CURVE ( 'NONE', #2416, #443, #7974, .T. ) ;
#3462 = DIRECTION ( 'NONE',  ( 0.0000000000000000000, 0.0000000000000000000, 1.000000000000000000 ) ) ;
#3463 = STYLED_ITEM ( 'NONE', ( #6358 ), #13429 ) ;
#3464 = ORIENTED_EDGE ( 'NONE', *, *, #7707, .T. ) ;
#3465 = SURFACE_STYLE_USAGE ( .BOTH. , #12736 ) ;
#3466 = LINE ( 'NONE', #3665, #12112 ) ;
#3467 = ORIENTED_EDGE ( 'NONE', *, *, #10503, .F. ) ;
#3468 = CARTESIAN_POINT ( 'NONE',  ( 6.500000000000002665, 0.0000000000000000000, 22.92500000000000071 ) ) ;
#3469 =( NAMED_UNIT ( * ) SI_UNIT ( $, .STERADIAN. ) SOLID_ANGLE_UNIT ( ) );
#3470 = DIRECTION ( 'NONE',  ( -0.0000000000000000000, -1.000000000000000000, -0.0000000000000000000 ) ) ;
#3471 = EDGE_LOOP ( 'NONE', ( #9258, #3124, #11902, #9360 ) ) ;
#3472 = ADVANCED_FACE ( 'NONE', ( #11158 ), #12227, .F. ) ;
#3473 = ORIENTED_EDGE ( 'NONE', *, *, #5565, .F. ) ;
#3474 = MECHANICAL_DESIGN_GEOMETRIC_PRESENTATION_REPRESENTATION (  '', ( #10388 ), #4572 ) ;
#3475 = PLANE ( 'NONE',  #4976 ) ;
#3476 = MECHANICAL_DESIGN_GEOMETRIC_PRESENTATION_REPRESENTATION (  '', ( #7590 ), #2185 ) ;
#3477 = EDGE_CURVE ( 'NONE', #11912, #11656, #1383, .T. ) ;
#3478 = EDGE_CURVE ( 'NONE', #10601, #8118, #5513, .T. ) ;
#3479 = SURFACE_STYLE_FILL_AREA ( #11548 ) ;
#3480 = PRESENTATION_STYLE_ASSIGNMENT (( #5458 ) ) ;
#3481 = VECTOR ( 'NONE', #1630, 1000.000000000000000 ) ;
#3482 = UNCERTAINTY_MEASURE_WITH_UNIT (LENGTH_MEASURE( 1.000000000000000082E-05 ), #3421, 'distance_accuracy_value', 'NONE');
#3483 = ORIENTED_EDGE ( 'NONE', *, *, #8530, .F. ) ;
#3484 = LINE ( 'NONE', #5942, #10441 ) ;
#3485 = AXIS2_PLACEMENT_3D ( 'NONE', #5951, #12076, #11148 ) ;
#3486 = DIRECTION ( 'NONE',  ( -9.427844978134821433E-17, -0.0000000000000000000, 1.000000000000000000 ) ) ;
#3487 = EDGE_LOOP ( 'NONE', ( #50, #3699, #10310, #2967 ) ) ;
#3488 = FACE_OUTER_BOUND ( 'NONE', #7406, .T. ) ;
#3489 = EDGE_CURVE ( 'NONE', #8210, #12343, #4049, .T. ) ;
#3490 = DIRECTION ( 'NONE',  ( -0.0000000000000000000, 1.000000000000000000, -0.0000000000000000000 ) ) ;
#3491 =( GEOMETRIC_REPRESENTATION_CONTEXT ( 3 ) GLOBAL_UNCERTAINTY_ASSIGNED_CONTEXT ( ( #5821 ) ) GLOBAL_UNIT_ASSIGNED_CONTEXT ( ( #7156, #5071, #9242 ) ) REPRESENTATION_CONTEXT ( 'NONE', 'WORKASPACE' ) );
#3492 = AXIS2_PLACEMENT_3D ( 'NONE', #6720, #6588, #3602 ) ;
#3493 = LINE ( 'NONE', #10463, #10714 ) ;
#3494 = VECTOR ( 'NONE', #839, 1000.000000000000000 ) ;
#3495 = CARTESIAN_POINT ( 'NONE',  ( -8.699999999999997513, -0.001000000000000504609, 22.92500000000001137 ) ) ;
#3496 = UNCERTAINTY_MEASURE_WITH_UNIT (LENGTH_MEASURE( 1.000000000000000082E-05 ), #5384, 'distance_accuracy_value', 'NONE');
#3497 = VERTEX_POINT ( 'NONE', #189 ) ;
#3498 = LINE ( 'NONE', #2479, #6989 ) ;
#3499 = PLANE ( 'NONE',  #978 ) ;
#3500 = CARTESIAN_POINT ( 'NONE',  ( 4.300000000000001599, -0.001000000000000000021, 25.22500000000000142 ) ) ;
#3501 = FILL_AREA_STYLE ('',( #1544 ) ) ;
#3502 = STYLED_ITEM ( 'NONE', ( #6821 ), #6155 ) ;
#3503 = VERTEX_POINT ( 'NONE', #5444 ) ;
#3504 = FACE_OUTER_BOUND ( 'NONE', #12293, .T. ) ;
#3505 = VECTOR ( 'NONE', #3345, 1000.000000000000000 ) ;
#3506 = VERTEX_POINT ( 'NONE', #12602 ) ;
#3507 = DIRECTION ( 'NONE',  ( 1.000000000000000000, 0.0000000000000000000, 0.0000000000000000000 ) ) ;
#3508 = COLOUR_RGB ( '',1.000000000000000000, 1.000000000000000000, 0.0000000000000000000 ) ;
#3509 = DIRECTION ( 'NONE',  ( -1.000000000000000000, -0.0000000000000000000, -0.0000000000000000000 ) ) ;
#3510 = COLOUR_RGB ( '',1.000000000000000000, 1.000000000000000000, 0.0000000000000000000 ) ;
#3511 = SURFACE_SIDE_STYLE ('',( #4536 ) ) ;
#3512 = FILL_AREA_STYLE_COLOUR ( '', #10292 ) ;
#3513 = VERTEX_POINT ( 'NONE', #2075 ) ;
#3514 = STYLED_ITEM ( 'NONE', ( #12827 ), #10425 ) ;
#3515 = LINE ( 'NONE', #10887, #4415 ) ;
#3516 = DIRECTION ( 'NONE',  ( 1.885568995626964287E-16, 0.0000000000000000000, -1.000000000000000000 ) ) ;
#3517 = LINE ( 'NONE', #4541, #1631 ) ;
#3518 = UNCERTAINTY_MEASURE_WITH_UNIT (LENGTH_MEASURE( 1.000000000000000082E-05 ), #1898, 'distance_accuracy_value', 'NONE');
#3519 = VERTEX_POINT ( 'NONE', #8106 ) ;
#3520 = PRESENTATION_LAYER_ASSIGNMENT (  '', '', ( #6752 ) ) ;
#3521 = CARTESIAN_POINT ( 'NONE',  ( -11.29999999999999538, 1.000999999999999890, 25.22500000000001208 ) ) ;
#3522 = PLANE ( 'NONE',  #11263 ) ;
#3523 = ORIENTED_EDGE ( 'NONE', *, *, #10940, .F. ) ;
#3524 = LINE ( 'NONE', #2648, #4870 ) ;
#3525 =( NAMED_UNIT ( * ) SI_UNIT ( $, .STERADIAN. ) SOLID_ANGLE_UNIT ( ) );
#3526 = PRESENTATION_LAYER_ASSIGNMENT (  '', '', ( #4836 ) ) ;
#3527 = LINE ( 'NONE', #9746, #2766 ) ;
#3528 = VECTOR ( 'NONE', #13317, 1000.000000000000000 ) ;
#3529 = COLOUR_RGB ( '',1.000000000000000000, 1.000000000000000000, 0.0000000000000000000 ) ;
#3530 = SURFACE_SIDE_STYLE ('',( #11985 ) ) ;
#3531 = PRESENTATION_LAYER_ASSIGNMENT (  '', '', ( #7208 ) ) ;
#3532 = ORIENTED_EDGE ( 'NONE', *, *, #56, .T. ) ;
#3533 = VECTOR ( 'NONE', #7371, 1000.000000000000000 ) ;
#3534 = VERTEX_POINT ( 'NONE', #994 ) ;
#3535 = LINE ( 'NONE', #4703, #7255 ) ;
#3536 = FACE_OUTER_BOUND ( 'NONE', #10639, .T. ) ;
#3537 = VERTEX_POINT ( 'NONE', #1304 ) ;
#3538 = SURFACE_STYLE_FILL_AREA ( #12820 ) ;
#3539 = VECTOR ( 'NONE', #12154, 1000.000000000000000 ) ;
#3540 = CARTESIAN_POINT ( 'NONE',  ( 8.300000000000002487, -0.001000000000000000021, 25.22499999999999787 ) ) ;
#3541 = ORIENTED_EDGE ( 'NONE', *, *, #5063, .F. ) ;
#3542 = VECTOR ( 'NONE', #11741, 1000.000000000000000 ) ;
#3543 = CARTESIAN_POINT ( 'NONE',  ( -1.099999999999996314, 1.000999999999999890, 25.22500000000000853 ) ) ;
#3544 = FILL_AREA_STYLE ('',( #9835 ) ) ;
#3545 =( NAMED_UNIT ( * ) PLANE_ANGLE_UNIT ( ) SI_UNIT ( $, .RADIAN. ) );
#3546 = PRESENTATION_LAYER_ASSIGNMENT (  '', '', ( #4217 ) ) ;
#3547 = EDGE_CURVE ( 'NONE', #6375, #9250, #5137, .T. ) ;
#3548 = CARTESIAN_POINT ( 'NONE',  ( 4.700000000000006395, 1.000000000000000000, 25.22500000000000853 ) ) ;
#3549 = SURFACE_STYLE_USAGE ( .BOTH. , #11943 ) ;
#3550 = ORIENTED_EDGE ( 'NONE', *, *, #8530, .T. ) ;
#3551 = DIRECTION ( 'NONE',  ( 0.0000000000000000000, -1.000000000000000000, 0.0000000000000000000 ) ) ;
#3552 = VECTOR ( 'NONE', #4080, 1000.000000000000000 ) ;
#3553 = DIRECTION ( 'NONE',  ( -0.0000000000000000000, -1.000000000000000000, -0.0000000000000000000 ) ) ;
#3554 = ORIENTED_EDGE ( 'NONE', *, *, #7609, .T. ) ;
#3555 = DIRECTION ( 'NONE',  ( 1.000000000000000000, 0.0000000000000000000, 0.0000000000000000000 ) ) ;
#3556 = EDGE_CURVE ( 'NONE', #3991, #13143, #329, .T. ) ;
#3557 = EDGE_CURVE ( 'NONE', #12224, #2365, #2975, .T. ) ;
#3558 = SURFACE_STYLE_USAGE ( .BOTH. , #8766 ) ;
#3559 = FACE_OUTER_BOUND ( 'NONE', #11103, .T. ) ;
#3560 = ADVANCED_FACE ( 'NONE', ( #11607 ), #11216, .F. ) ;
#3561 = EDGE_CURVE ( 'NONE', #1111, #6815, #10915, .T. ) ;
#3562 = ORIENTED_EDGE ( 'NONE', *, *, #12919, .F. ) ;
#3563 = LINE ( 'NONE', #9720, #6378 ) ;
#3564 = DIRECTION ( 'NONE',  ( -0.0000000000000000000, -1.000000000000000000, -0.0000000000000000000 ) ) ;
#3565 =( NAMED_UNIT ( * ) PLANE_ANGLE_UNIT ( ) SI_UNIT ( $, .RADIAN. ) );
#3566 = PRESENTATION_STYLE_ASSIGNMENT (( #431 ) ) ;
#3567 = DIRECTION ( 'NONE',  ( -0.0000000000000000000, -1.000000000000000000, -0.0000000000000000000 ) ) ;
#3568 =( LENGTH_UNIT ( ) NAMED_UNIT ( * ) SI_UNIT ( .MILLI., .METRE. ) );
#3569 = EDGE_CURVE ( 'NONE', #6151, #4144, #6583, .T. ) ;
#3570 = EDGE_LOOP ( 'NONE', ( #4556, #1805, #6193, #3286, #12153, #7808, #6476, #12479, #3866, #8158, #1995, #16 ) ) ;
#3571 =( NAMED_UNIT ( * ) SI_UNIT ( $, .STERADIAN. ) SOLID_ANGLE_UNIT ( ) );
#3572 = EDGE_CURVE ( 'NONE', #3497, #13156, #119, .T. ) ;
#3573 =( LENGTH_UNIT ( ) NAMED_UNIT ( * ) SI_UNIT ( .MILLI., .METRE. ) );
#3574 = MECHANICAL_DESIGN_GEOMETRIC_PRESENTATION_REPRESENTATION (  '', ( #9636 ), #3160 ) ;
#3575 = ORIENTED_EDGE ( 'NONE', *, *, #825, .T. ) ;
#3576 = FILL_AREA_STYLE_COLOUR ( '', #260 ) ;
#3577 = VECTOR ( 'NONE', #5437, 1000.000000000000000 ) ;
#3578 =( NAMED_UNIT ( * ) SI_UNIT ( $, .STERADIAN. ) SOLID_ANGLE_UNIT ( ) );
#3579 = ORIENTED_EDGE ( 'NONE', *, *, #7316, .F. ) ;
#3580 =( LENGTH_UNIT ( ) NAMED_UNIT ( * ) SI_UNIT ( .MILLI., .METRE. ) );
#3581 =( NAMED_UNIT ( * ) PLANE_ANGLE_UNIT ( ) SI_UNIT ( $, .RADIAN. ) );
#3582 = CARTESIAN_POINT ( 'NONE',  ( 7.500000000000003553, -0.001000000000000000021, 22.92499999999999716 ) ) ;
#3583 = FILL_AREA_STYLE_COLOUR ( '', #6557 ) ;
#3584 = VERTEX_POINT ( 'NONE', #11804 ) ;
#3585 = PRESENTATION_STYLE_ASSIGNMENT (( #3403 ) ) ;
#3586 = DIRECTION ( 'NONE',  ( 1.000000000000000000, 0.0000000000000000000, 0.0000000000000000000 ) ) ;
#3587 = AXIS2_PLACEMENT_3D ( 'NONE', #3927, #8108, #12292 ) ;
#3588 =( GEOMETRIC_REPRESENTATION_CONTEXT ( 3 ) GLOBAL_UNCERTAINTY_ASSIGNED_CONTEXT ( ( #9035 ) ) GLOBAL_UNIT_ASSIGNED_CONTEXT ( ( #12507, #8391, #9409 ) ) REPRESENTATION_CONTEXT ( 'NONE', 'WORKASPACE' ) );
#3589 = LINE ( 'NONE', #2584, #11848 ) ;
#3590 = CARTESIAN_POINT ( 'NONE',  ( 1.500000000000003553, 1.000000000000000000, 22.92500000000000426 ) ) ;
#3591 =( NAMED_UNIT ( * ) SI_UNIT ( $, .STERADIAN. ) SOLID_ANGLE_UNIT ( ) );
#3592 = ORIENTED_EDGE ( 'NONE', *, *, #1338, .F. ) ;
#3593 = FILL_AREA_STYLE_COLOUR ( '', #12621 ) ;
#3594 = MECHANICAL_DESIGN_GEOMETRIC_PRESENTATION_REPRESENTATION (  '', ( #2517 ), #8564 ) ;
#3595 = EDGE_LOOP ( 'NONE', ( #9196, #12103, #12098, #5168 ) ) ;
#3596 =( NAMED_UNIT ( * ) PLANE_ANGLE_UNIT ( ) SI_UNIT ( $, .RADIAN. ) );
#3597 = DIRECTION ( 'NONE',  ( -1.000000000000000000, 0.0000000000000000000, -0.0000000000000000000 ) ) ;
#3598 = ORIENTED_EDGE ( 'NONE', *, *, #11825, .T. ) ;
#3599 = SURFACE_STYLE_USAGE ( .BOTH. , #7672 ) ;
#3600 =( NAMED_UNIT ( * ) PLANE_ANGLE_UNIT ( ) SI_UNIT ( $, .RADIAN. ) );
#3601 = SURFACE_SIDE_STYLE ('',( #1453 ) ) ;
#3602 = DIRECTION ( 'NONE',  ( 0.0000000000000000000, 0.0000000000000000000, -1.000000000000000000 ) ) ;
#3603 = ORIENTED_EDGE ( 'NONE', *, *, #801, .F. ) ;
#3604 = STYLED_ITEM ( 'NONE', ( #3964 ), #748 ) ;
#3605 = LINE ( 'NONE', #6590, #3228 ) ;
#3606 = DIRECTION ( 'NONE',  ( 1.000000000000000000, 0.0000000000000000000, 0.0000000000000000000 ) ) ;
#3607 = FILL_AREA_STYLE_COLOUR ( '', #13313 ) ;
#3608 = STYLED_ITEM ( 'NONE', ( #11866 ), #3635 ) ;
#3609 = CARTESIAN_POINT ( 'NONE',  ( 9.700000000000002842, 0.0000000000000000000, 25.22499999999999787 ) ) ;
#3610 = SURFACE_STYLE_USAGE ( .BOTH. , #414 ) ;
#3611 = UNCERTAINTY_MEASURE_WITH_UNIT (LENGTH_MEASURE( 1.000000000000000082E-05 ), #10222, 'distance_accuracy_value', 'NONE');
#3612 = ORIENTED_EDGE ( 'NONE', *, *, #4320, .T. ) ;
#3613 = CARTESIAN_POINT ( 'NONE',  ( -13.65000000000000036, -0.3500000000000000333, 23.07499999999997797 ) ) ;
#3614 = LINE ( 'NONE', #10718, #13046 ) ;
#3615 = EDGE_LOOP ( 'NONE', ( #12195, #7080, #12788, #1866 ) ) ;
#3616 = CARTESIAN_POINT ( 'NONE',  ( 3.900000000000003908, 1.000999999999999890, 25.22500000000000142 ) ) ;
#3617 = COLOUR_RGB ( '',1.000000000000000000, 1.000000000000000000, 0.0000000000000000000 ) ;
#3618 = ADVANCED_FACE ( 'NONE', ( #1646 ), #11728, .F. ) ;
#3619 = SURFACE_STYLE_FILL_AREA ( #560 ) ;
#3620 = SURFACE_STYLE_USAGE ( .BOTH. , #12080 ) ;
#3621 = PRESENTATION_LAYER_ASSIGNMENT (  '', '', ( #1912 ) ) ;
#3622 = EDGE_CURVE ( 'NONE', #11626, #962, #7878, .T. ) ;
#3623 = FILL_AREA_STYLE ('',( #6736 ) ) ;
#3624 = UNCERTAINTY_MEASURE_WITH_UNIT (LENGTH_MEASURE( 1.000000000000000082E-05 ), #10707, 'distance_accuracy_value', 'NONE');
#3625 = VERTEX_POINT ( 'NONE', #399 ) ;
#3626 = CARTESIAN_POINT ( 'NONE',  ( -15.00000000000000000, 0.0000000000000000000, 25.22500000000000853 ) ) ;
#3627 = CARTESIAN_POINT ( 'NONE',  ( 2.300000000000003375, 1.000000000000000000, 25.22500000000000853 ) ) ;
#3628 = UNCERTAINTY_MEASURE_WITH_UNIT (LENGTH_MEASURE( 1.000000000000000082E-05 ), #6730, 'distance_accuracy_value', 'NONE');
#3629 = PRESENTATION_STYLE_ASSIGNMENT (( #8841 ) ) ;
#3630 = PRESENTATION_STYLE_ASSIGNMENT (( #4668 ) ) ;
#3631 = ORIENTED_EDGE ( 'NONE', *, *, #320, .T. ) ;
#3632 = CARTESIAN_POINT ( 'NONE',  ( 15.00000000000000000, 0.0000000000000000000, 22.27499999999999147 ) ) ;
#3633 = VECTOR ( 'NONE', #9227, 1000.000000000000000 ) ;
#3634 = VECTOR ( 'NONE', #1725, 1000.000000000000000 ) ;
#3635 = ADVANCED_FACE ( 'NONE', ( #9898 ), #7601, .F. ) ;
#3636 = SURFACE_SIDE_STYLE ('',( #12280 ) ) ;
#3637 = EDGE_CURVE ( 'NONE', #10314, #8216, #2666, .T. ) ;
#3638 = DIRECTION ( 'NONE',  ( -1.000000000000000000, -0.0000000000000000000, -0.0000000000000000000 ) ) ;
#3639 = PLANE ( 'NONE',  #2334 ) ;
#3640 = EDGE_LOOP ( 'NONE', ( #5760, #11372, #5894, #6692 ) ) ;
#3641 = ADVANCED_FACE ( 'NONE', ( #5651 ), #5730, .F. ) ;
#3642 =( NAMED_UNIT ( * ) SI_UNIT ( $, .STERADIAN. ) SOLID_ANGLE_UNIT ( ) );
#3643 = PRESENTATION_LAYER_ASSIGNMENT (  '', '', ( #2130 ) ) ;
#3644 =( NAMED_UNIT ( * ) SI_UNIT ( $, .STERADIAN. ) SOLID_ANGLE_UNIT ( ) );
#3645 = UNCERTAINTY_MEASURE_WITH_UNIT (LENGTH_MEASURE( 1.000000000000000082E-05 ), #13142, 'distance_accuracy_value', 'NONE');
#3646 = CARTESIAN_POINT ( 'NONE',  ( 4.500000000000003553, 1.000999999999999890, 25.22500000000000142 ) ) ;
#3647 = FACE_OUTER_BOUND ( 'NONE', #7292, .T. ) ;
#3648 = ORIENTED_EDGE ( 'NONE', *, *, #1316, .T. ) ;
#3649 = DIRECTION ( 'NONE',  ( 0.0000000000000000000, 0.0000000000000000000, -1.000000000000000000 ) ) ;
#3650 = DIRECTION ( 'NONE',  ( -1.000000000000000000, 0.0000000000000000000, 0.0000000000000000000 ) ) ;
#3651 = DIRECTION ( 'NONE',  ( 0.0000000000000000000, 0.0000000000000000000, 1.000000000000000000 ) ) ;
#3652 = FACE_OUTER_BOUND ( 'NONE', #3035, .T. ) ;
#3653 = ORIENTED_EDGE ( 'NONE', *, *, #1562, .F. ) ;
#3654 = FILL_AREA_STYLE ('',( #4689 ) ) ;
#3655 = LINE ( 'NONE', #10825, #1958 ) ;
#3656 = EDGE_CURVE ( 'NONE', #82, #40, #11242, .T. ) ;
#3657 = PLANE ( 'NONE',  #11269 ) ;
#3658 = PRESENTATION_LAYER_ASSIGNMENT (  '', '', ( #4107 ) ) ;
#3659 = STYLED_ITEM ( 'NONE', ( #2824 ), #4823 ) ;
#3660 = FILL_AREA_STYLE_COLOUR ( '', #2323 ) ;
#3661 = PLANE ( 'NONE',  #10848 ) ;
#3662 = DIRECTION ( 'NONE',  ( 1.000000000000000000, 0.0000000000000000000, 0.0000000000000000000 ) ) ;
#3663 = PLANE ( 'NONE',  #12665 ) ;
#3664 = ORIENTED_EDGE ( 'NONE', *, *, #3913, .T. ) ;
#3665 = CARTESIAN_POINT ( 'NONE',  ( 7.300000000000002487, -0.001000000000000000021, 25.22500000000000142 ) ) ;
#3666 = DIRECTION ( 'NONE',  ( -0.0000000000000000000, 1.000000000000000000, -0.0000000000000000000 ) ) ;
#3667 = ORIENTED_EDGE ( 'NONE', *, *, #233, .F. ) ;
#3668 = FACE_OUTER_BOUND ( 'NONE', #8642, .T. ) ;
#3669 = PLANE ( 'NONE',  #8415 ) ;
#3670 = SURFACE_STYLE_FILL_AREA ( #4704 ) ;
#3671 = AXIS2_PLACEMENT_3D ( 'NONE', #12276, #977, #5128 ) ;
#3672 = LINE ( 'NONE', #13095, #6704 ) ;
#3673 = ORIENTED_EDGE ( 'NONE', *, *, #12408, .F. ) ;
#3674 = CARTESIAN_POINT ( 'NONE',  ( -2.849999999999996980, 3.399999999999999911, 22.27500000000000568 ) ) ;
#3675 = SURFACE_STYLE_USAGE ( .BOTH. , #3601 ) ;
#3676 = FILL_AREA_STYLE ('',( #8817 ) ) ;
#3677 = LINE ( 'NONE', #11248, #3633 ) ;
#3678 = PRESENTATION_LAYER_ASSIGNMENT (  '', '', ( #8218 ) ) ;
#3679 = VECTOR ( 'NONE', #11851, 1000.000000000000000 ) ;
#3680 = COLOUR_RGB ( '',1.000000000000000000, 1.000000000000000000, 0.0000000000000000000 ) ;
#3681 =( NAMED_UNIT ( * ) PLANE_ANGLE_UNIT ( ) SI_UNIT ( $, .RADIAN. ) );
#3682 =( NAMED_UNIT ( * ) SI_UNIT ( $, .STERADIAN. ) SOLID_ANGLE_UNIT ( ) );
#3683 = FILL_AREA_STYLE ('',( #1663 ) ) ;
#3684 = ORIENTED_EDGE ( 'NONE', *, *, #7608, .F. ) ;
#3685 =( NAMED_UNIT ( * ) SI_UNIT ( $, .STERADIAN. ) SOLID_ANGLE_UNIT ( ) );
#3686 = CARTESIAN_POINT ( 'NONE',  ( 5.500000000000003553, 1.000999999999999890, 25.22500000000000142 ) ) ;
#3687 = VERTEX_POINT ( 'NONE', #7062 ) ;
#3688 = STYLED_ITEM ( 'NONE', ( #944 ), #13415 ) ;
#3689 = CARTESIAN_POINT ( 'NONE',  ( 11.10000000000000320, 1.000000000000000000, 25.22499999999999432 ) ) ;
#3690 = VECTOR ( 'NONE', #852, 1000.000000000000000 ) ;
#3691 = VECTOR ( 'NONE', #1847, 1000.000000000000000 ) ;
#3692 = SURFACE_STYLE_FILL_AREA ( #11003 ) ;
#3693 = COLOUR_RGB ( '',1.000000000000000000, 1.000000000000000000, 0.0000000000000000000 ) ;
#3694 = ORIENTED_EDGE ( 'NONE', *, *, #8929, .F. ) ;
#3695 = FILL_AREA_STYLE_COLOUR ( '', #9784 ) ;
#3696 = CARTESIAN_POINT ( 'NONE',  ( 4.300000000000005151, 0.0000000000000000000, 22.92500000000000071 ) ) ;
#3697 = FACE_OUTER_BOUND ( 'NONE', #5088, .T. ) ;
#3698 = VECTOR ( 'NONE', #10553, 1000.000000000000000 ) ;
#3699 = ORIENTED_EDGE ( 'NONE', *, *, #12754, .F. ) ;
#3700 = FILL_AREA_STYLE_COLOUR ( '', #7037 ) ;
#3701 = PRESENTATION_LAYER_ASSIGNMENT (  '', '', ( #437 ) ) ;
#3702 = EDGE_CURVE ( 'NONE', #2534, #10386, #9018, .T. ) ;
#3703 = SURFACE_STYLE_USAGE ( .BOTH. , #10803 ) ;
#3704 =( LENGTH_UNIT ( ) NAMED_UNIT ( * ) SI_UNIT ( .MILLI., .METRE. ) );
#3705 = EDGE_LOOP ( 'NONE', ( #8443, #12969, #1331, #7587 ) ) ;
#3706 = DIRECTION ( 'NONE',  ( -1.000000000000000000, 0.0000000000000000000, -0.0000000000000000000 ) ) ;
#3707 = COLOUR_RGB ( '',1.000000000000000000, 1.000000000000000000, 0.0000000000000000000 ) ;
#3708 = SURFACE_STYLE_FILL_AREA ( #4752 ) ;
#3710 = EDGE_CURVE ( 'NONE', #2145, #2804, #6927, .T. ) ;
#3709 = CARTESIAN_POINT ( 'NONE',  ( 2.500000000000001776, -0.001000000000000000021, 25.22500000000000497 ) ) ;
#3711 = VECTOR ( 'NONE', #10141, 1000.000000000000000 ) ;
#3712 = PRESENTATION_LAYER_ASSIGNMENT (  '', '', ( #12563 ) ) ;
#3713 = CARTESIAN_POINT ( 'NONE',  ( 12.09999999999999964, 1.000000000000000000, -22.57499999999998863 ) ) ;
#3714 = PRESENTATION_LAYER_ASSIGNMENT (  '', '', ( #10406 ) ) ;
#3715 = ORIENTED_EDGE ( 'NONE', *, *, #2668, .F. ) ;
#3716 = DIRECTION ( 'NONE',  ( 1.000000000000000000, 0.0000000000000000000, 0.0000000000000000000 ) ) ;
#3717 = LINE ( 'NONE', #3521, #4995 ) ;
#3718 = LINE ( 'NONE', #6496, #652 ) ;
#3719 = ORIENTED_EDGE ( 'NONE', *, *, #2312, .T. ) ;
#3720 = FILL_AREA_STYLE_COLOUR ( '', #8740 ) ;
#3721 =( NAMED_UNIT ( * ) SI_UNIT ( $, .STERADIAN. ) SOLID_ANGLE_UNIT ( ) );
#3722 = ADVANCED_FACE ( 'NONE', ( #5993 ), #3065, .T. ) ;
#3723 = ADVANCED_FACE ( 'NONE', ( #3887 ), #13354, .F. ) ;
#3724 = VECTOR ( 'NONE', #6248, 1000.000000000000000 ) ;
#3725 = ADVANCED_FACE ( 'NONE', ( #9275 ), #2298, .F. ) ;
#3726 =( GEOMETRIC_REPRESENTATION_CONTEXT ( 3 ) GLOBAL_UNCERTAINTY_ASSIGNED_CONTEXT ( ( #6879 ) ) GLOBAL_UNIT_ASSIGNED_CONTEXT ( ( #4312, #7612, #10383 ) ) REPRESENTATION_CONTEXT ( 'NONE', 'WORKASPACE' ) );
#3727 = LINE ( 'NONE', #2653, #7725 ) ;
#3728 = DIRECTION ( 'NONE',  ( -0.0000000000000000000, 1.000000000000000000, -0.0000000000000000000 ) ) ;
#3729 = LINE ( 'NONE', #4553, #9354 ) ;
#3730 = PRESENTATION_STYLE_ASSIGNMENT (( #3878 ) ) ;
#3731 = VERTEX_POINT ( 'NONE', #10359 ) ;
#3733 = EDGE_CURVE ( 'NONE', #7139, #2439, #3324, .T. ) ;
#3732 = CARTESIAN_POINT ( 'NONE',  ( -1.299999999999998268, 0.0000000000000000000, 22.92500000000000782 ) ) ;
#3734 = CARTESIAN_POINT ( 'NONE',  ( 15.00000000000000000, 1.000000000000000000, 25.22500000000000853 ) ) ;
#3735 = EDGE_CURVE ( 'NONE', #4986, #7429, #7515, .T. ) ;
#3736 = CARTESIAN_POINT ( 'NONE',  ( 9.500000000000003553, 1.000999999999999890, 22.92499999999999716 ) ) ;
#3737 = COLOUR_RGB ( '',1.000000000000000000, 1.000000000000000000, 0.0000000000000000000 ) ;
#3738 = VERTEX_POINT ( 'NONE', #9410 ) ;
#3739 = DIRECTION ( 'NONE',  ( -0.0000000000000000000, 1.000000000000000000, -0.0000000000000000000 ) ) ;
#3740 = DIRECTION ( 'NONE',  ( 1.885568995626964287E-16, 0.0000000000000000000, -1.000000000000000000 ) ) ;
#3741 =( LENGTH_UNIT ( ) NAMED_UNIT ( * ) SI_UNIT ( .MILLI., .METRE. ) );
#3742 = VECTOR ( 'NONE', #1971, 1000.000000000000000 ) ;
#3743 = LINE ( 'NONE', #11806, #11899 ) ;
#3744 = ORIENTED_EDGE ( 'NONE', *, *, #12159, .T. ) ;
#3745 = SURFACE_SIDE_STYLE ('',( #1922 ) ) ;
#3746 = DIRECTION ( 'NONE',  ( 1.000000000000000000, 0.0000000000000000000, 0.0000000000000000000 ) ) ;
#3747 = DIRECTION ( 'NONE',  ( 1.000000000000000000, 0.0000000000000000000, 0.0000000000000000000 ) ) ;
#3748 = EDGE_CURVE ( 'NONE', #150, #733, #7381, .T. ) ;
#3749 = ADVANCED_FACE ( 'NONE', ( #1025 ), #3127, .T. ) ;
#3750 = VECTOR ( 'NONE', #7694, 1000.000000000000000 ) ;
#3751 = SURFACE_STYLE_USAGE ( .BOTH. , #11194 ) ;
#3752 = ORIENTED_EDGE ( 'NONE', *, *, #8190, .T. ) ;
#3753 = VECTOR ( 'NONE', #2723, 1000.000000000000000 ) ;
#3754 = DIRECTION ( 'NONE',  ( -1.000000000000000000, 0.0000000000000000000, -9.427844978134821433E-17 ) ) ;
#3755 =( GEOMETRIC_REPRESENTATION_CONTEXT ( 3 ) GLOBAL_UNCERTAINTY_ASSIGNED_CONTEXT ( ( #1476 ) ) GLOBAL_UNIT_ASSIGNED_CONTEXT ( ( #123, #4173, #9292 ) ) REPRESENTATION_CONTEXT ( 'NONE', 'WORKASPACE' ) );
#3756 = MECHANICAL_DESIGN_GEOMETRIC_PRESENTATION_REPRESENTATION (  '', ( #11113 ), #12385 ) ;
#3757 = SURFACE_STYLE_FILL_AREA ( #827 ) ;
#3758 = FACE_OUTER_BOUND ( 'NONE', #6946, .T. ) ;
#3759 = CARTESIAN_POINT ( 'NONE',  ( 6.300000000000003375, 1.000999999999999890, 22.92500000000000071 ) ) ;
#3760 = SURFACE_STYLE_USAGE ( .BOTH. , #8885 ) ;
#3761 = UNCERTAINTY_MEASURE_WITH_UNIT (LENGTH_MEASURE( 1.000000000000000082E-05 ), #1536, 'distance_accuracy_value', 'NONE');
#3762 = ORIENTED_EDGE ( 'NONE', *, *, #649, .T. ) ;
#3763 = CARTESIAN_POINT ( 'NONE',  ( 5.100000000000002309, -0.001000000000000000021, 25.22500000000000142 ) ) ;
#3764 = MECHANICAL_DESIGN_GEOMETRIC_PRESENTATION_REPRESENTATION (  '', ( #13268 ), #3110 ) ;
#3765 = ORIENTED_EDGE ( 'NONE', *, *, #13399, .F. ) ;
#3766 = LINE ( 'NONE', #12835, #11950 ) ;
#3767 = ORIENTED_EDGE ( 'NONE', *, *, #13344, .F. ) ;
#3768 = PRESENTATION_LAYER_ASSIGNMENT (  '', '', ( #5492 ) ) ;
#3769 = DIRECTION ( 'NONE',  ( -0.0000000000000000000, -1.000000000000000000, -0.0000000000000000000 ) ) ;
#3770 = AXIS2_PLACEMENT_3D ( 'NONE', #6723, #479, #10992 ) ;
#3771 =( NAMED_UNIT ( * ) PLANE_ANGLE_UNIT ( ) SI_UNIT ( $, .RADIAN. ) );
#3772 = STYLED_ITEM ( 'NONE', ( #4706 ), #6975 ) ;
#3773 = EDGE_CURVE ( 'NONE', #12868, #13045, #1087, .T. ) ;
#3774 = SURFACE_SIDE_STYLE ('',( #3848 ) ) ;
#3775 = AXIS2_PLACEMENT_3D ( 'NONE', #5836, #4750, #10888 ) ;
#3776 =( GEOMETRIC_REPRESENTATION_CONTEXT ( 3 ) GLOBAL_UNCERTAINTY_ASSIGNED_CONTEXT ( ( #7822 ) ) GLOBAL_UNIT_ASSIGNED_CONTEXT ( ( #7321, #4500, #2380 ) ) REPRESENTATION_CONTEXT ( 'NONE', 'WORKASPACE' ) );
#3777 = UNCERTAINTY_MEASURE_WITH_UNIT (LENGTH_MEASURE( 1.000000000000000082E-05 ), #8743, 'distance_accuracy_value', 'NONE');
#3778 = VERTEX_POINT ( 'NONE', #12509 ) ;
#3779 = CARTESIAN_POINT ( 'NONE',  ( 0.3000000000000016542, -0.001000000000000000021, 25.22500000000000497 ) ) ;
#3780 = SURFACE_STYLE_FILL_AREA ( #777 ) ;
#3781 = UNCERTAINTY_MEASURE_WITH_UNIT (LENGTH_MEASURE( 1.000000000000000082E-05 ), #9384, 'distance_accuracy_value', 'NONE');
#3782 =( GEOMETRIC_REPRESENTATION_CONTEXT ( 3 ) GLOBAL_UNCERTAINTY_ASSIGNED_CONTEXT ( ( #7157 ) ) GLOBAL_UNIT_ASSIGNED_CONTEXT ( ( #9881, #12108, #4763 ) ) REPRESENTATION_CONTEXT ( 'NONE', 'WORKASPACE' ) );
#3783 = FACE_OUTER_BOUND ( 'NONE', #12063, .T. ) ;
#3784 = CARTESIAN_POINT ( 'NONE',  ( -5.499999999999998224, -0.001000000000000000021, 22.92500000000001137 ) ) ;
#3785 = ORIENTED_EDGE ( 'NONE', *, *, #2002, .T. ) ;
#3786 = FILL_AREA_STYLE ('',( #1755 ) ) ;
#3787 = VECTOR ( 'NONE', #12650, 1000.000000000000000 ) ;
#3788 = LINE ( 'NONE', #1756, #2811 ) ;
#3789 = COLOUR_RGB ( '',1.000000000000000000, 1.000000000000000000, 0.0000000000000000000 ) ;
#3790 = VERTEX_POINT ( 'NONE', #10488 ) ;
#3791 = LINE ( 'NONE', #1052, #13277 ) ;
#3792 = UNCERTAINTY_MEASURE_WITH_UNIT (LENGTH_MEASURE( 1.000000000000000082E-05 ), #9815, 'distance_accuracy_value', 'NONE');
#3793 = SURFACE_STYLE_FILL_AREA ( #13071 ) ;
#3794 = DIRECTION ( 'NONE',  ( -1.000000000000000000, 0.0000000000000000000, -0.0000000000000000000 ) ) ;
#3795 = DIRECTION ( 'NONE',  ( 0.0000000000000000000, 0.0000000000000000000, -1.000000000000000000 ) ) ;
#3796 = UNCERTAINTY_MEASURE_WITH_UNIT (LENGTH_MEASURE( 1.000000000000000082E-05 ), #3129, 'distance_accuracy_value', 'NONE');
#3797 = VECTOR ( 'NONE', #4595, 1000.000000000000000 ) ;
#3798 = ORIENTED_EDGE ( 'NONE', *, *, #4160, .T. ) ;
#3799 = SURFACE_STYLE_USAGE ( .BOTH. , #1011 ) ;
#3800 = DIRECTION ( 'NONE',  ( 1.000000000000000000, 0.0000000000000000000, 0.0000000000000000000 ) ) ;
#3801 = AXIS2_PLACEMENT_3D ( 'NONE', #5555, #8585, #10892 ) ;
#3802 = CARTESIAN_POINT ( 'NONE',  ( -0.8999999999999962474, 1.000000000000000000, 22.92500000000000782 ) ) ;
#3803 = ORIENTED_EDGE ( 'NONE', *, *, #8697, .F. ) ;
#3804 = DIRECTION ( 'NONE',  ( -1.000000000000000000, 0.0000000000000000000, -0.0000000000000000000 ) ) ;
#3805 = CARTESIAN_POINT ( 'NONE',  ( -5.499999999999999112, -0.001000000000000000021, 25.22500000000001208 ) ) ;
#3806 = FILL_AREA_STYLE_COLOUR ( '', #1779 ) ;
#3807 = EDGE_CURVE ( 'NONE', #10523, #6545, #9741, .T. ) ;
#3808 = AXIS2_PLACEMENT_3D ( 'NONE', #8469, #6315, #7471 ) ;
#3809 =( LENGTH_UNIT ( ) NAMED_UNIT ( * ) SI_UNIT ( .MILLI., .METRE. ) );
#3810 = AXIS2_PLACEMENT_3D ( 'NONE', #11446, #3015, #7137 ) ;
#3811 =( GEOMETRIC_REPRESENTATION_CONTEXT ( 3 ) GLOBAL_UNCERTAINTY_ASSIGNED_CONTEXT ( ( #12430 ) ) GLOBAL_UNIT_ASSIGNED_CONTEXT ( ( #11779, #3545, #8753 ) ) REPRESENTATION_CONTEXT ( 'NONE', 'WORKASPACE' ) );
#3812 = LINE ( 'NONE', #9889, #2731 ) ;
#3813 = ORIENTED_EDGE ( 'NONE', *, *, #5322, .F. ) ;
#3814 = CARTESIAN_POINT ( 'NONE',  ( 9.500000000000003553, 1.000000000000000000, 22.92499999999999716 ) ) ;
#3815 = EDGE_CURVE ( 'NONE', #4199, #8898, #9675, .T. ) ;
#3816 = FILL_AREA_STYLE ('',( #810 ) ) ;
#3817 = EDGE_CURVE ( 'NONE', #5320, #6246, #7717, .T. ) ;
#3818 = VERTEX_POINT ( 'NONE', #378 ) ;
#3819 = LINE ( 'NONE', #2741, #3823 ) ;
#3820 = CARTESIAN_POINT ( 'NONE',  ( 9.199999999999999289, 3.399999999999999911, -19.67499999999999361 ) ) ;
#3821 = CARTESIAN_POINT ( 'NONE',  ( -11.49999999999999645, 1.000999999999999890, 22.92500000000001137 ) ) ;
#3822 = FILL_AREA_STYLE_COLOUR ( '', #3958 ) ;
#3823 = VECTOR ( 'NONE', #3739, 1000.000000000000000 ) ;
#3824 = FACE_OUTER_BOUND ( 'NONE', #7230, .T. ) ;
#3825 = MECHANICAL_DESIGN_GEOMETRIC_PRESENTATION_REPRESENTATION (  '', ( #11592 ), #3588 ) ;
#3826 = VERTEX_POINT ( 'NONE', #2573 ) ;
#3827 = FILL_AREA_STYLE_COLOUR ( '', #9166 ) ;
#3828 = SURFACE_SIDE_STYLE ('',( #1983 ) ) ;
#3829 = FACE_OUTER_BOUND ( 'NONE', #8022, .T. ) ;
#3830 = CARTESIAN_POINT ( 'NONE',  ( 2.100000000000003197, 1.000999999999999890, 22.92500000000000426 ) ) ;
#3831 = EDGE_CURVE ( 'NONE', #11345, #1256, #2644, .T. ) ;
#3832 = CARTESIAN_POINT ( 'NONE',  ( 9.900000000000002132, -0.001000000000000000021, 25.22499999999999787 ) ) ;
#3833 = LINE ( 'NONE', #4974, #3204 ) ;
#3834 =( GEOMETRIC_REPRESENTATION_CONTEXT ( 3 ) GLOBAL_UNCERTAINTY_ASSIGNED_CONTEXT ( ( #12968 ) ) GLOBAL_UNIT_ASSIGNED_CONTEXT ( ( #1675, #7756, #4590 ) ) REPRESENTATION_CONTEXT ( 'NONE', 'WORKASPACE' ) );
#3835 = DIRECTION ( 'NONE',  ( 1.000000000000000000, 0.0000000000000000000, 0.0000000000000000000 ) ) ;
#3836 = EDGE_CURVE ( 'NONE', #12701, #6246, #7654, .T. ) ;
#3837 =( NAMED_UNIT ( * ) SI_UNIT ( $, .STERADIAN. ) SOLID_ANGLE_UNIT ( ) );
#3838 = VERTEX_POINT ( 'NONE', #1363 ) ;
#3839 = LINE ( 'NONE', #13231, #13134 ) ;
#3840 =( LENGTH_UNIT ( ) NAMED_UNIT ( * ) SI_UNIT ( .MILLI., .METRE. ) );
#3841 = VERTEX_POINT ( 'NONE', #4545 ) ;
#3842 = FACE_OUTER_BOUND ( 'NONE', #7644, .T. ) ;
#3843 = VERTEX_POINT ( 'NONE', #521 ) ;
#3844 = DIRECTION ( 'NONE',  ( 0.0000000000000000000, -0.0000000000000000000, -1.000000000000000000 ) ) ;
#3845 = VECTOR ( 'NONE', #3269, 1000.000000000000000 ) ;
#3846 = STYLED_ITEM ( 'NONE', ( #9028 ), #831 ) ;
#3847 =( NAMED_UNIT ( * ) SI_UNIT ( $, .STERADIAN. ) SOLID_ANGLE_UNIT ( ) );
#3848 = SURFACE_STYLE_FILL_AREA ( #13120 ) ;
#3849 = MECHANICAL_DESIGN_GEOMETRIC_PRESENTATION_REPRESENTATION (  '', ( #12699 ), #4510 ) ;
#3850 =( NAMED_UNIT ( * ) SI_UNIT ( $, .STERADIAN. ) SOLID_ANGLE_UNIT ( ) );
#3851 = VERTEX_POINT ( 'NONE', #8858 ) ;
#3852 = DIRECTION ( 'NONE',  ( -1.000000000000000000, 0.0000000000000000000, 0.0000000000000000000 ) ) ;
#3853 =( LENGTH_UNIT ( ) NAMED_UNIT ( * ) SI_UNIT ( .MILLI., .METRE. ) );
#3854 = DIRECTION ( 'NONE',  ( 0.0000000000000000000, 0.0000000000000000000, 1.000000000000000000 ) ) ;
#3855 = FILL_AREA_STYLE ('',( #8981 ) ) ;
#3856 = VECTOR ( 'NONE', #2013, 1000.000000000000000 ) ;
#3857 = DIRECTION ( 'NONE',  ( -0.0000000000000000000, 1.000000000000000000, -0.0000000000000000000 ) ) ;
#3858 = VERTEX_POINT ( 'NONE', #8655 ) ;
#3859 = STYLED_ITEM ( 'NONE', ( #5283 ), #1252 ) ;
#3860 =( NAMED_UNIT ( * ) SI_UNIT ( $, .STERADIAN. ) SOLID_ANGLE_UNIT ( ) );
#3861 = SURFACE_SIDE_STYLE ('',( #1760 ) ) ;
#3862 = VERTEX_POINT ( 'NONE', #3454 ) ;
#3863 = LINE ( 'NONE', #11332, #932 ) ;
#3864 = CARTESIAN_POINT ( 'NONE',  ( -0.8999999999999964695, 1.000000000000000000, 22.92500000000000782 ) ) ;
#3865 = LINE ( 'NONE', #9132, #3711 ) ;
#3866 = ORIENTED_EDGE ( 'NONE', *, *, #10414, .T. ) ;
#3867 = AXIS2_PLACEMENT_3D ( 'NONE', #9228, #5305, #970 ) ;
#3868 = FILL_AREA_STYLE_COLOUR ( '', #6275 ) ;
#3869 = CARTESIAN_POINT ( 'NONE',  ( 6.300000000000003375, 1.000999999999999890, 25.22500000000000142 ) ) ;
#3870 = FILL_AREA_STYLE ('',( #10286 ) ) ;
#3871 = ORIENTED_EDGE ( 'NONE', *, *, #12148, .T. ) ;
#3872 = SURFACE_STYLE_FILL_AREA ( #8925 ) ;
#3873 = SURFACE_STYLE_USAGE ( .BOTH. , #9140 ) ;
#3874 =( GEOMETRIC_REPRESENTATION_CONTEXT ( 3 ) GLOBAL_UNCERTAINTY_ASSIGNED_CONTEXT ( ( #11084 ) ) GLOBAL_UNIT_ASSIGNED_CONTEXT ( ( #8988, #784, #2917 ) ) REPRESENTATION_CONTEXT ( 'NONE', 'WORKASPACE' ) );
#3875 = PLANE ( 'NONE',  #9888 ) ;
#3876 = DIRECTION ( 'NONE',  ( -0.0000000000000000000, -1.000000000000000000, -0.0000000000000000000 ) ) ;
#3877 = DIRECTION ( 'NONE',  ( 0.0000000000000000000, 0.0000000000000000000, -1.000000000000000000 ) ) ;
#3878 = SURFACE_STYLE_USAGE ( .BOTH. , #7797 ) ;
#3879 = VERTEX_POINT ( 'NONE', #8793 ) ;
#3880 = LINE ( 'NONE', #8000, #8966 ) ;
#3881 =( NAMED_UNIT ( * ) SI_UNIT ( $, .STERADIAN. ) SOLID_ANGLE_UNIT ( ) );
#3882 =( NAMED_UNIT ( * ) SI_UNIT ( $, .STERADIAN. ) SOLID_ANGLE_UNIT ( ) );
#3883 = EDGE_LOOP ( 'NONE', ( #1127, #7265, #10332, #8634 ) ) ;
#3884 = FILL_AREA_STYLE ('',( #10979 ) ) ;
#3885 = SURFACE_STYLE_USAGE ( .BOTH. , #3954 ) ;
#3886 = LINE ( 'NONE', #6177, #4775 ) ;
#3887 = FACE_OUTER_BOUND ( 'NONE', #11992, .T. ) ;
#3888 = ORIENTED_EDGE ( 'NONE', *, *, #6675, .T. ) ;
#3890 = STYLED_ITEM ( 'NONE', ( #11463 ), #640 ) ;
#3889 =( NAMED_UNIT ( * ) SI_UNIT ( $, .STERADIAN. ) SOLID_ANGLE_UNIT ( ) );
#3891 = CARTESIAN_POINT ( 'NONE',  ( 9.500000000000005329, 1.000000000000000000, 22.92499999999999716 ) ) ;
#3892 =( LENGTH_UNIT ( ) NAMED_UNIT ( * ) SI_UNIT ( .MILLI., .METRE. ) );
#3893 = VECTOR ( 'NONE', #347, 1000.000000000000000 ) ;
#3894 = DIRECTION ( 'NONE',  ( 0.0000000000000000000, -0.0000000000000000000, -1.000000000000000000 ) ) ;
#3895 = CARTESIAN_POINT ( 'NONE',  ( -0.09999999999999635569, 1.000999999999999890, 25.22500000000000497 ) ) ;
#3896 = ADVANCED_FACE ( 'NONE', ( #6764 ), #3522, .F. ) ;
#3897 =( NAMED_UNIT ( * ) PLANE_ANGLE_UNIT ( ) SI_UNIT ( $, .RADIAN. ) );
#3898 = COLOUR_RGB ( '',1.000000000000000000, 1.000000000000000000, 0.0000000000000000000 ) ;
#3899 = MECHANICAL_DESIGN_GEOMETRIC_PRESENTATION_REPRESENTATION (  '', ( #1741 ), #12756 ) ;
#3900 = DIRECTION ( 'NONE',  ( 0.0000000000000000000, 0.0000000000000000000, 1.000000000000000000 ) ) ;
#3901 =( GEOMETRIC_REPRESENTATION_CONTEXT ( 3 ) GLOBAL_UNCERTAINTY_ASSIGNED_CONTEXT ( ( #1744 ) ) GLOBAL_UNIT_ASSIGNED_CONTEXT ( ( #3906, #4102, #5247 ) ) REPRESENTATION_CONTEXT ( 'NONE', 'WORKASPACE' ) );
#3902 =( NAMED_UNIT ( * ) PLANE_ANGLE_UNIT ( ) SI_UNIT ( $, .RADIAN. ) );
#3903 = UNCERTAINTY_MEASURE_WITH_UNIT (LENGTH_MEASURE( 1.000000000000000082E-05 ), #9114, 'distance_accuracy_value', 'NONE');
#3904 = ORIENTED_EDGE ( 'NONE', *, *, #10673, .T. ) ;
#3905 = EDGE_CURVE ( 'NONE', #5311, #1903, #11909, .T. ) ;
#3906 =( LENGTH_UNIT ( ) NAMED_UNIT ( * ) SI_UNIT ( .MILLI., .METRE. ) );
#3907 = ORIENTED_EDGE ( 'NONE', *, *, #1759, .T. ) ;
#3908 = CARTESIAN_POINT ( 'NONE',  ( -12.10000000000000320, 0.0000000000000000000, -23.87499999999998579 ) ) ;
#3909 = EDGE_LOOP ( 'NONE', ( #9366, #2200, #4203, #10187 ) ) ;
#3910 = PRESENTATION_LAYER_ASSIGNMENT (  '', '', ( #9716 ) ) ;
#3911 = CARTESIAN_POINT ( 'NONE',  ( -10.49999999999999467, 1.000000000000000000, 22.92500000000001137 ) ) ;
#3912 = VECTOR ( 'NONE', #8375, 1000.000000000000000 ) ;
#3913 = EDGE_CURVE ( 'NONE', #7018, #1874, #10820, .T. ) ;
#3914 = EDGE_CURVE ( 'NONE', #5941, #8337, #5780, .T. ) ;
#3915 =( NAMED_UNIT ( * ) SI_UNIT ( $, .STERADIAN. ) SOLID_ANGLE_UNIT ( ) );
#3916 = UNCERTAINTY_MEASURE_WITH_UNIT (LENGTH_MEASURE( 1.000000000000000082E-05 ), #1219, 'distance_accuracy_value', 'NONE');
#3917 = VECTOR ( 'NONE', #10770, 1000.000000000000000 ) ;
#3918 = MECHANICAL_DESIGN_GEOMETRIC_PRESENTATION_REPRESENTATION (  '', ( #3463 ), #5643 ) ;
#3919 = ORIENTED_EDGE ( 'NONE', *, *, #11182, .F. ) ;
#3920 = CARTESIAN_POINT ( 'NONE',  ( 12.09999999999999964, 0.0000000000000000000, 25.22500000000000853 ) ) ;
#3921 = LINE ( 'NONE', #12084, #2717 ) ;
#3922 = PRESENTATION_LAYER_ASSIGNMENT (  '', '', ( #10388 ) ) ;
#3923 = EDGE_CURVE ( 'NONE', #3435, #10809, #3718, .T. ) ;
#3924 =( NAMED_UNIT ( * ) PLANE_ANGLE_UNIT ( ) SI_UNIT ( $, .RADIAN. ) );
#3925 = FACE_OUTER_BOUND ( 'NONE', #10742, .T. ) ;
#3926 = EDGE_CURVE ( 'NONE', #1992, #998, #5497, .T. ) ;
#3927 = CARTESIAN_POINT ( 'NONE',  ( -8.099999999999996092, 1.000999999999999890, 25.22500000000001208 ) ) ;
#3928 = VECTOR ( 'NONE', #4559, 1000.000000000000000 ) ;
#3929 = ORIENTED_EDGE ( 'NONE', *, *, #285, .F. ) ;
#3930 = EDGE_CURVE ( 'NONE', #8358, #8449, #4488, .T. ) ;
#3931 = MECHANICAL_DESIGN_GEOMETRIC_PRESENTATION_REPRESENTATION (  '', ( #7363 ), #5245 ) ;
#3932 = VECTOR ( 'NONE', #13390, 1000.000000000000000 ) ;
#3933 =( NAMED_UNIT ( * ) PLANE_ANGLE_UNIT ( ) SI_UNIT ( $, .RADIAN. ) );
#3934 = ORIENTED_EDGE ( 'NONE', *, *, #12307, .F. ) ;
#3935 = CIRCLE ( 'NONE', #12124, 0.7999999999999986011 ) ;
#3936 = UNCERTAINTY_MEASURE_WITH_UNIT (LENGTH_MEASURE( 1.000000000000000082E-05 ), #2095, 'distance_accuracy_value', 'NONE');
#3937 =( NAMED_UNIT ( * ) SI_UNIT ( $, .STERADIAN. ) SOLID_ANGLE_UNIT ( ) );
#3938 = CARTESIAN_POINT ( 'NONE',  ( -0.6999999999999982903, -0.001000000000000000021, 25.22500000000000853 ) ) ;
#3939 = ORIENTED_EDGE ( 'NONE', *, *, #4726, .T. ) ;
#3940 = DIRECTION ( 'NONE',  ( -0.0000000000000000000, 0.0000000000000000000, 1.000000000000000000 ) ) ;
#3941 = CARTESIAN_POINT ( 'NONE',  ( 9.099999999999999645, -0.001000000000000000021, 25.22499999999999787 ) ) ;
#3942 = EDGE_LOOP ( 'NONE', ( #9078, #11976, #3085, #12990 ) ) ;
#3943 = LINE ( 'NONE', #8061, #6161 ) ;
#3944 = CARTESIAN_POINT ( 'NONE',  ( 2.700000000000002398, -0.001000000000000000021, 22.92500000000000426 ) ) ;
#3945 = AXIS2_PLACEMENT_3D ( 'NONE', #2971, #4046, #6075 ) ;
#3946 = ADVANCED_FACE ( 'NONE', ( #7925 ), #5911, .F. ) ;
#3947 = CARTESIAN_POINT ( 'NONE',  ( 2.900000000000003908, 1.000999999999999890, 22.92500000000000426 ) ) ;
#3948 = MECHANICAL_DESIGN_GEOMETRIC_PRESENTATION_REPRESENTATION (  '', ( #11933 ), #6102 ) ;
#3949 = AXIS2_PLACEMENT_3D ( 'NONE', #12348, #6674, #13181 ) ;
#3950 = EDGE_LOOP ( 'NONE', ( #461, #719, #12349, #1932 ) ) ;
#3951 = PLANE ( 'NONE',  #8647 ) ;
#3952 = ORIENTED_EDGE ( 'NONE', *, *, #5945, .F. ) ;
#3953 = CARTESIAN_POINT ( 'NONE',  ( 6.300000000000003375, 1.000999999999999890, 22.92500000000000071 ) ) ;
#3954 = SURFACE_SIDE_STYLE ('',( #11127 ) ) ;
#3955 =( LENGTH_UNIT ( ) NAMED_UNIT ( * ) SI_UNIT ( .MILLI., .METRE. ) );
#3956 = FILL_AREA_STYLE ('',( #5171 ) ) ;
#3957 = ORIENTED_EDGE ( 'NONE', *, *, #10578, .F. ) ;
#3958 = COLOUR_RGB ( '',1.000000000000000000, 1.000000000000000000, 0.0000000000000000000 ) ;
#3959 =( NAMED_UNIT ( * ) PLANE_ANGLE_UNIT ( ) SI_UNIT ( $, .RADIAN. ) );
#3960 = LINE ( 'NONE', #12203, #11949 ) ;
#3961 = VECTOR ( 'NONE', #11709, 1000.000000000000000 ) ;
#3962 = PRESENTATION_LAYER_ASSIGNMENT (  '', '', ( #9774 ) ) ;
#3963 = PLANE ( 'NONE',  #2193 ) ;
#3964 = PRESENTATION_STYLE_ASSIGNMENT (( #5936 ) ) ;
#3965 = VECTOR ( 'NONE', #3009, 1000.000000000000000 ) ;
#3966 = LINE ( 'NONE', #12209, #6658 ) ;
#3967 = DIRECTION ( 'NONE',  ( 1.000000000000000000, 0.0000000000000000000, 0.0000000000000000000 ) ) ;
#3968 =( GEOMETRIC_REPRESENTATION_CONTEXT ( 3 ) GLOBAL_UNCERTAINTY_ASSIGNED_CONTEXT ( ( #12703 ) ) GLOBAL_UNIT_ASSIGNED_CONTEXT ( ( #11925, #1711, #9688 ) ) REPRESENTATION_CONTEXT ( 'NONE', 'WORKASPACE' ) );
#3969 = VERTEX_POINT ( 'NONE', #3869 ) ;
#3970 = VECTOR ( 'NONE', #4646, 1000.000000000000000 ) ;
#3971 = FACE_OUTER_BOUND ( 'NONE', #1137, .T. ) ;
#3972 = ORIENTED_EDGE ( 'NONE', *, *, #6605, .T. ) ;
#3973 = DIRECTION ( 'NONE',  ( -1.000000000000000000, -0.0000000000000000000, -0.0000000000000000000 ) ) ;
#3974 = DIRECTION ( 'NONE',  ( 0.0000000000000000000, 0.0000000000000000000, -1.000000000000000000 ) ) ;
#3975 = EDGE_LOOP ( 'NONE', ( #9182, #4980, #1827, #6600 ) ) ;
#3976 = ORIENTED_EDGE ( 'NONE', *, *, #11670, .F. ) ;
#3977 = PRESENTATION_LAYER_ASSIGNMENT (  '', '', ( #11748 ) ) ;
#3978 = FILL_AREA_STYLE_COLOUR ( '', #8251 ) ;
#3979 = VECTOR ( 'NONE', #7724, 1000.000000000000000 ) ;
#3980 = DIRECTION ( 'NONE',  ( 1.000000000000000000, 0.0000000000000000000, 0.0000000000000000000 ) ) ;
#3981 = ADVANCED_FACE ( 'NONE', ( #13338 ), #10020, .T. ) ;
#3982 =( GEOMETRIC_REPRESENTATION_CONTEXT ( 3 ) GLOBAL_UNCERTAINTY_ASSIGNED_CONTEXT ( ( #5958 ) ) GLOBAL_UNIT_ASSIGNED_CONTEXT ( ( #5524, #1595, #2404 ) ) REPRESENTATION_CONTEXT ( 'NONE', 'WORKASPACE' ) );
#3983 = FACE_OUTER_BOUND ( 'NONE', #10998, .T. ) ;
#3984 = ORIENTED_EDGE ( 'NONE', *, *, #5654, .F. ) ;
#3985 = CARTESIAN_POINT ( 'NONE',  ( 14.99999999999999822, 3.399999999999999911, 22.27500000000000568 ) ) ;
#3986 = FILL_AREA_STYLE ('',( #633 ) ) ;
#3987 = EDGE_CURVE ( 'NONE', #1451, #13303, #13145, .T. ) ;
#3988 = DIRECTION ( 'NONE',  ( 0.0000000000000000000, 1.000000000000000000, 0.0000000000000000000 ) ) ;
#3989 = CARTESIAN_POINT ( 'NONE',  ( 4.300000000000001599, -0.001000000000000000021, 25.22500000000000142 ) ) ;
#3990 = ADVANCED_FACE ( 'NONE', ( #2858 ), #8921, .F. ) ;
#3991 = VERTEX_POINT ( 'NONE', #5154 ) ;
#3992 = DIRECTION ( 'NONE',  ( 1.000000000000000000, 0.0000000000000000000, 0.0000000000000000000 ) ) ;
#3993 = CARTESIAN_POINT ( 'NONE',  ( -4.849999999999997868, 1.000000000000000000, 22.27500000000000568 ) ) ;
#3994 = ORIENTED_EDGE ( 'NONE', *, *, #7290, .T. ) ;
#3995 =( GEOMETRIC_REPRESENTATION_CONTEXT ( 3 ) GLOBAL_UNCERTAINTY_ASSIGNED_CONTEXT ( ( #5000 ) ) GLOBAL_UNIT_ASSIGNED_CONTEXT ( ( #10559, #1155, #173 ) ) REPRESENTATION_CONTEXT ( 'NONE', 'WORKASPACE' ) );
#3996 = DIRECTION ( 'NONE',  ( -9.427844978134821433E-17, -0.0000000000000000000, -1.000000000000000000 ) ) ;
#3997 = COLOUR_RGB ( '',1.000000000000000000, 1.000000000000000000, 0.0000000000000000000 ) ;
#3998 = EDGE_CURVE ( 'NONE', #9129, #5625, #9260, .T. ) ;
#3999 = STYLED_ITEM ( 'NONE', ( #7011 ), #11346 ) ;
#4000 = ADVANCED_FACE ( 'NONE', ( #8670 ), #13023, .F. ) ;
#4001 = ORIENTED_EDGE ( 'NONE', *, *, #10172, .T. ) ;
#4002 = STYLED_ITEM ( 'NONE', ( #3585 ), #7166 ) ;
#4003 = PRESENTATION_STYLE_ASSIGNMENT (( #3041 ) ) ;
#4004 = EDGE_CURVE ( 'NONE', #2929, #12950, #8805, .T. ) ;
#4005 = AXIS2_PLACEMENT_3D ( 'NONE', #11562, #8496, #771 ) ;
#4006 = ORIENTED_EDGE ( 'NONE', *, *, #7772, .T. ) ;
#4007 = DIRECTION ( 'NONE',  ( 0.0000000000000000000, 0.0000000000000000000, 1.000000000000000000 ) ) ;
#4008 = FILL_AREA_STYLE_COLOUR ( '', #5433 ) ;
#4009 = AXIS2_PLACEMENT_3D ( 'NONE', #6576, #10697, #13022 ) ;
#4010 = ORIENTED_EDGE ( 'NONE', *, *, #1928, .F. ) ;
#4011 = CARTESIAN_POINT ( 'NONE',  ( -7.499999999999995559, 1.000999999999999890, 22.92500000000001137 ) ) ;
#4012 = PRESENTATION_LAYER_ASSIGNMENT (  '', '', ( #9814 ) ) ;
#4013 = PRESENTATION_STYLE_ASSIGNMENT (( #12370 ) ) ;
#4014 = CARTESIAN_POINT ( 'NONE',  ( 11.10000000000000320, 1.000999999999999890, 25.22499999999999432 ) ) ;
#4015 = COLOUR_RGB ( '',1.000000000000000000, 1.000000000000000000, 0.0000000000000000000 ) ;
#4016 = SURFACE_STYLE_USAGE ( .BOTH. , #10348 ) ;
#4017 = DIRECTION ( 'NONE',  ( 1.000000000000000000, 0.0000000000000000000, -0.0000000000000000000 ) ) ;
#4018 = STYLED_ITEM ( 'NONE', ( #12633 ), #9253 ) ;
#4019 =( LENGTH_UNIT ( ) NAMED_UNIT ( * ) SI_UNIT ( .MILLI., .METRE. ) );
#4020 = CARTESIAN_POINT ( 'NONE',  ( 4.300000000000001599, -0.001000000000000000021, 25.22500000000000142 ) ) ;
#4021 = ORIENTED_EDGE ( 'NONE', *, *, #10591, .F. ) ;
#4022 = FILL_AREA_STYLE_COLOUR ( '', #2527 ) ;
#4023 = MECHANICAL_DESIGN_GEOMETRIC_PRESENTATION_REPRESENTATION (  '', ( #2727 ), #982 ) ;
#4024 = FILL_AREA_STYLE_COLOUR ( '', #7995 ) ;
#4025 =( NAMED_UNIT ( * ) PLANE_ANGLE_UNIT ( ) SI_UNIT ( $, .RADIAN. ) );
#4026 = ORIENTED_EDGE ( 'NONE', *, *, #8971, .F. ) ;
#4027 = SURFACE_SIDE_STYLE ('',( #745 ) ) ;
#4028 = CARTESIAN_POINT ( 'NONE',  ( 0.3000000000000016542, 0.0000000000000000000, 25.22500000000000497 ) ) ;
#4029 = LINE ( 'NONE', #12266, #10124 ) ;
#4030 = STYLED_ITEM ( 'NONE', ( #7819 ), #2828 ) ;
#4031 =( LENGTH_UNIT ( ) NAMED_UNIT ( * ) SI_UNIT ( .MILLI., .METRE. ) );
#4032 = CARTESIAN_POINT ( 'NONE',  ( -11.09999999999999787, -8.831319514063742788E-16, 25.22500000000001208 ) ) ;
#4033 = SURFACE_STYLE_USAGE ( .BOTH. , #13299 ) ;
#4034 = COLOUR_RGB ( '',1.000000000000000000, 1.000000000000000000, 0.0000000000000000000 ) ;
#4035 = VERTEX_POINT ( 'NONE', #7728 ) ;
#4036 = MECHANICAL_DESIGN_GEOMETRIC_PRESENTATION_REPRESENTATION (  '', ( #6407 ), #1438 ) ;
#4037 = LINE ( 'NONE', #1379, #11725 ) ;
#4038 = ORIENTED_EDGE ( 'NONE', *, *, #12737, .F. ) ;
#4039 = STYLED_ITEM ( 'NONE', ( #3730 ), #2752 ) ;
#4040 = CARTESIAN_POINT ( 'NONE',  ( 10.70000000000000107, 0.0000000000000000000, 25.22499999999999432 ) ) ;
#4041 = ORIENTED_EDGE ( 'NONE', *, *, #9677, .T. ) ;
#4042 =( NAMED_UNIT ( * ) PLANE_ANGLE_UNIT ( ) SI_UNIT ( $, .RADIAN. ) );
#4043 = LINE ( 'NONE', #11209, #12361 ) ;
#4044 = EDGE_LOOP ( 'NONE', ( #3189, #4121 ) ) ;
#4045 = MECHANICAL_DESIGN_GEOMETRIC_PRESENTATION_REPRESENTATION (  '', ( #11599 ), #10500 ) ;
#4046 = DIRECTION ( 'NONE',  ( -0.0000000000000000000, 0.0000000000000000000, 1.000000000000000000 ) ) ;
#4047 = ORIENTED_EDGE ( 'NONE', *, *, #11522, .F. ) ;
#4048 = LINE ( 'NONE', #13189, #11104 ) ;
#4049 = LINE ( 'NONE', #13318, #800 ) ;
#4050 =( GEOMETRIC_REPRESENTATION_CONTEXT ( 3 ) GLOBAL_UNCERTAINTY_ASSIGNED_CONTEXT ( ( #772 ) ) GLOBAL_UNIT_ASSIGNED_CONTEXT ( ( #2187, #6191, #187 ) ) REPRESENTATION_CONTEXT ( 'NONE', 'WORKASPACE' ) );
#4051 = CARTESIAN_POINT ( 'NONE',  ( 5.500000000000003553, 1.000999999999999890, 22.92500000000000071 ) ) ;
#4052 = ORIENTED_EDGE ( 'NONE', *, *, #7194, .F. ) ;
#4053 = LINE ( 'NONE', #6899, #3690 ) ;
#4054 = EDGE_CURVE ( 'NONE', #10606, #12950, #6644, .T. ) ;
#4055 = EDGE_LOOP ( 'NONE', ( #8622, #12972, #12127, #11615 ) ) ;
#4056 = EDGE_CURVE ( 'NONE', #5467, #6430, #5574, .T. ) ;
#4057 = STYLED_ITEM ( 'NONE', ( #1229 ), #926 ) ;
#4058 = ORIENTED_EDGE ( 'NONE', *, *, #7149, .F. ) ;
#4059 = LINE ( 'NONE', #2148, #8507 ) ;
#4060 = UNCERTAINTY_MEASURE_WITH_UNIT (LENGTH_MEASURE( 1.000000000000000082E-05 ), #6324, 'distance_accuracy_value', 'NONE');
#4061 = LINE ( 'NONE', #1006, #929 ) ;
#4062 = CARTESIAN_POINT ( 'NONE',  ( 5.500000000000005329, 1.000000000000000000, 22.92500000000000071 ) ) ;
#4063 = ORIENTED_EDGE ( 'NONE', *, *, #10732, .F. ) ;
#4064 = SURFACE_SIDE_STYLE ('',( #5910 ) ) ;
#4065 = EDGE_CURVE ( 'NONE', #1327, #8498, #12811, .T. ) ;
#4066 = DIRECTION ( 'NONE',  ( 0.0000000000000000000, 1.000000000000000000, 0.0000000000000000000 ) ) ;
#4067 = ORIENTED_EDGE ( 'NONE', *, *, #4398, .F. ) ;
#4068 = LINE ( 'NONE', #4212, #8961 ) ;
#4069 = VECTOR ( 'NONE', #6100, 1000.000000000000000 ) ;
#4070 = PLANE ( 'NONE',  #13410 ) ;
#4071 = DIRECTION ( 'NONE',  ( -0.0000000000000000000, -1.000000000000000000, -0.0000000000000000000 ) ) ;
#4072 = VECTOR ( 'NONE', #429, 1000.000000000000114 ) ;
#4073 = EDGE_CURVE ( 'NONE', #5941, #3340, #10836, .T. ) ;
#4074 = CARTESIAN_POINT ( 'NONE',  ( -6.499999999999995559, 1.000000000000000000, 22.92500000000001137 ) ) ;
#4075 = EDGE_CURVE ( 'NONE', #2282, #8058, #1568, .T. ) ;
#4076 = LINE ( 'NONE', #8193, #5678 ) ;
#4077 = PLANE ( 'NONE',  #1368 ) ;
#4078 = COLOUR_RGB ( '',1.000000000000000000, 1.000000000000000000, 0.0000000000000000000 ) ;
#4079 = MECHANICAL_DESIGN_GEOMETRIC_PRESENTATION_REPRESENTATION (  '', ( #1912 ), #12061 ) ;
#4080 = DIRECTION ( 'NONE',  ( -0.0000000000000000000, -1.000000000000000000, -0.0000000000000000000 ) ) ;
#4081 = SURFACE_STYLE_FILL_AREA ( #8453 ) ;
#4082 = FACE_OUTER_BOUND ( 'NONE', #10656, .T. ) ;
#4083 = ORIENTED_EDGE ( 'NONE', *, *, #2905, .F. ) ;
#4084 = FILL_AREA_STYLE ('',( #10485 ) ) ;
#4085 = DIRECTION ( 'NONE',  ( -9.427844978134821433E-17, 0.0000000000000000000, 1.000000000000000000 ) ) ;
#4086 = CARTESIAN_POINT ( 'NONE',  ( 9.500000000000005329, 1.000000000000000000, 25.22500000000000853 ) ) ;
#4087 = EDGE_CURVE ( 'NONE', #5059, #13368, #3466, .T. ) ;
#4088 = EDGE_LOOP ( 'NONE', ( #4001, #4058, #2382, #4466 ) ) ;
#4089 = DIRECTION ( 'NONE',  ( 1.000000000000000000, 0.0000000000000000000, 0.0000000000000000000 ) ) ;
#4090 = CARTESIAN_POINT ( 'NONE',  ( 11.70000000000000462, 1.000999999999999890, 22.92499999999999361 ) ) ;
#4091 = VECTOR ( 'NONE', #9831, 1000.000000000000000 ) ;
#4092 = PRESENTATION_LAYER_ASSIGNMENT (  '', '', ( #6032 ) ) ;
#4093 = FACE_OUTER_BOUND ( 'NONE', #77, .T. ) ;
#4094 = FILL_AREA_STYLE ('',( #11060 ) ) ;
#4095 = CARTESIAN_POINT ( 'NONE',  ( -8.899999999999995026, 1.000999999999999890, 25.22500000000001208 ) ) ;
#4096 = ORIENTED_EDGE ( 'NONE', *, *, #2747, .T. ) ;
#4097 = SURFACE_STYLE_FILL_AREA ( #5178 ) ;
#4098 = VECTOR ( 'NONE', #3996, 1000.000000000000000 ) ;
#4099 = FILL_AREA_STYLE_COLOUR ( '', #448 ) ;
#4100 = VERTEX_POINT ( 'NONE', #11923 ) ;
#4101 = DIRECTION ( 'NONE',  ( 1.000000000000000000, 0.0000000000000000000, 0.0000000000000000000 ) ) ;
#4102 =( NAMED_UNIT ( * ) PLANE_ANGLE_UNIT ( ) SI_UNIT ( $, .RADIAN. ) );
#4103 = ORIENTED_EDGE ( 'NONE', *, *, #1338, .T. ) ;
#4104 = CARTESIAN_POINT ( 'NONE',  ( -2.099999999999997868, 0.0000000000000000000, 25.22500000000000853 ) ) ;
#4105 = PLANE ( 'NONE',  #3949 ) ;
#4106 = ORIENTED_EDGE ( 'NONE', *, *, #11934, .F. ) ;
#4107 = STYLED_ITEM ( 'NONE', ( #11753 ), #478 ) ;
#4108 = LINE ( 'NONE', #9432, #5402 ) ;
#4109 =( GEOMETRIC_REPRESENTATION_CONTEXT ( 3 ) GLOBAL_UNCERTAINTY_ASSIGNED_CONTEXT ( ( #3376 ) ) GLOBAL_UNIT_ASSIGNED_CONTEXT ( ( #9859, #2701, #2976 ) ) REPRESENTATION_CONTEXT ( 'NONE', 'WORKASPACE' ) );
#4110 = CARTESIAN_POINT ( 'NONE',  ( 3.700000000000003286, 1.000999999999999890, 22.92500000000000071 ) ) ;
#4111 = CARTESIAN_POINT ( 'NONE',  ( 10.70000000000000107, -0.001000000000000000021, 25.22499999999999432 ) ) ;
#4112 = ORIENTED_EDGE ( 'NONE', *, *, #8778, .T. ) ;
#4113 = CARTESIAN_POINT ( 'NONE',  ( -8.899999999999995026, 1.000000000000000000, 25.22500000000000853 ) ) ;
#4114 = FILL_AREA_STYLE_COLOUR ( '', #12647 ) ;
#4115 = SURFACE_SIDE_STYLE ('',( #7092 ) ) ;
#4116 = CARTESIAN_POINT ( 'NONE',  ( 7.700000000000004619, 1.000000000000000000, 25.22499999999999787 ) ) ;
#4117 = FACE_OUTER_BOUND ( 'NONE', #1301, .T. ) ;
#4118 = EDGE_LOOP ( 'NONE', ( #6930, #4832, #6848, #12118 ) ) ;
#4119 = DIRECTION ( 'NONE',  ( 9.427844978134821433E-17, 0.0000000000000000000, 1.000000000000000000 ) ) ;
#4120 = COLOUR_RGB ( '',1.000000000000000000, 1.000000000000000000, 0.0000000000000000000 ) ;
#4121 = ORIENTED_EDGE ( 'NONE', *, *, #3059, .F. ) ;
#4122 = PRESENTATION_LAYER_ASSIGNMENT (  '', '', ( #12767 ) ) ;
#4123 = MECHANICAL_DESIGN_GEOMETRIC_PRESENTATION_REPRESENTATION (  '', ( #6069 ), #1077 ) ;
#4124 = ORIENTED_EDGE ( 'NONE', *, *, #1666, .T. ) ;
#4125 =( NAMED_UNIT ( * ) SI_UNIT ( $, .STERADIAN. ) SOLID_ANGLE_UNIT ( ) );
#4126 = LINE ( 'NONE', #5149, #9779 ) ;
#4127 = DIRECTION ( 'NONE',  ( 1.885568995626964287E-16, 0.0000000000000000000, -1.000000000000000000 ) ) ;
#4128 = DIRECTION ( 'NONE',  ( -9.427844978134821433E-17, -0.0000000000000000000, 1.000000000000000000 ) ) ;
#4129 = ORIENTED_EDGE ( 'NONE', *, *, #5754, .T. ) ;
#4130 = CARTESIAN_POINT ( 'NONE',  ( 11.50000000000000355, -0.001000000000000000021, 22.92499999999999361 ) ) ;
#4131 = EDGE_CURVE ( 'NONE', #9464, #10355, #2660, .T. ) ;
#4132 = EDGE_LOOP ( 'NONE', ( #2576, #11846, #143, #10817 ) ) ;
#4133 = PLANE ( 'NONE',  #1841 ) ;
#4134 =( LENGTH_UNIT ( ) NAMED_UNIT ( * ) SI_UNIT ( .MILLI., .METRE. ) );
#4135 = AXIS2_PLACEMENT_3D ( 'NONE', #432, #2484, #2422 ) ;
#4136 = CARTESIAN_POINT ( 'NONE',  ( -5.499999999999997335, 0.0000000000000000000, 22.92500000000001137 ) ) ;
#4137 = VECTOR ( 'NONE', #5106, 1000.000000000000000 ) ;
#4138 = LINE ( 'NONE', #4074, #4069 ) ;
#4139 = EDGE_CURVE ( 'NONE', #12400, #12587, #1643, .T. ) ;
#4140 = FACE_OUTER_BOUND ( 'NONE', #6589, .T. ) ;
#4141 = STYLED_ITEM ( 'NONE', ( #13076 ), #3990 ) ;
#4142 = PRESENTATION_LAYER_ASSIGNMENT (  '', '', ( #874 ) ) ;
#4143 = DIRECTION ( 'NONE',  ( -1.000000000000000000, -0.0000000000000000000, -0.0000000000000000000 ) ) ;
#4144 = VERTEX_POINT ( 'NONE', #11658 ) ;
#4145 = FACE_OUTER_BOUND ( 'NONE', #7163, .T. ) ;
#4146 = PRESENTATION_STYLE_ASSIGNMENT (( #4904 ) ) ;
#4147 = DIRECTION ( 'NONE',  ( -0.0000000000000000000, 1.000000000000000000, -0.0000000000000000000 ) ) ;
#4148 = EDGE_CURVE ( 'NONE', #6217, #1179, #8603, .T. ) ;
#4149 = CARTESIAN_POINT ( 'NONE',  ( -3.099999999999996980, 0.0000000000000000000, 25.22500000000000853 ) ) ;
#4150 = ADVANCED_FACE ( 'NONE', ( #1378 ), #5507, .T. ) ;
#4151 = ORIENTED_EDGE ( 'NONE', *, *, #6294, .T. ) ;
#4152 = SURFACE_SIDE_STYLE ('',( #9279 ) ) ;
#4153 = SURFACE_STYLE_FILL_AREA ( #1029 ) ;
#4154 = EDGE_CURVE ( 'NONE', #10391, #150, #8070, .T. ) ;
#4155 = SURFACE_STYLE_FILL_AREA ( #11195 ) ;
#4156 = MECHANICAL_DESIGN_GEOMETRIC_PRESENTATION_REPRESENTATION (  '', ( #8681 ), #13448 ) ;
#4157 = LINE ( 'NONE', #2953, #10723 ) ;
#4158 = EDGE_CURVE ( 'NONE', #11277, #6465, #6105, .T. ) ;
#4159 = LINE ( 'NONE', #4032, #7969 ) ;
#4160 = EDGE_CURVE ( 'NONE', #2989, #11275, #10157, .T. ) ;
#4161 = SURFACE_STYLE_USAGE ( .BOTH. , #11654 ) ;
#4162 = FILL_AREA_STYLE_COLOUR ( '', #762 ) ;
#4163 = ORIENTED_EDGE ( 'NONE', *, *, #12550, .T. ) ;
#4164 =( NAMED_UNIT ( * ) PLANE_ANGLE_UNIT ( ) SI_UNIT ( $, .RADIAN. ) );
#4165 =( LENGTH_UNIT ( ) NAMED_UNIT ( * ) SI_UNIT ( .MILLI., .METRE. ) );
#4166 = PRODUCT_DEFINITION_CONTEXT ( 'detailed design', #9082, 'design' ) ;
#4167 = COLOUR_RGB ( '',1.000000000000000000, 1.000000000000000000, 0.0000000000000000000 ) ;
#4168 = ORIENTED_EDGE ( 'NONE', *, *, #8927, .F. ) ;
#4169 = STYLED_ITEM ( 'NONE', ( #6429 ), #3725 ) ;
#4170 = CARTESIAN_POINT ( 'NONE',  ( -6.899999999999998579, -0.001000000000000126222, 25.22500000000001208 ) ) ;
#4171 = ADVANCED_FACE ( 'NONE', ( #876 ), #7873, .F. ) ;
#4172 = ORIENTED_EDGE ( 'NONE', *, *, #6799, .F. ) ;
#4173 =( NAMED_UNIT ( * ) PLANE_ANGLE_UNIT ( ) SI_UNIT ( $, .RADIAN. ) );
#4174 = VECTOR ( 'NONE', #9602, 1000.000000000000000 ) ;
#4175 = EDGE_CURVE ( 'NONE', #1455, #2319, #1913, .T. ) ;
#4176 =( NAMED_UNIT ( * ) SI_UNIT ( $, .STERADIAN. ) SOLID_ANGLE_UNIT ( ) );
#4177 = SURFACE_SIDE_STYLE ('',( #7209 ) ) ;
#4178 = ORIENTED_EDGE ( 'NONE', *, *, #5814, .T. ) ;
#4179 = CARTESIAN_POINT ( 'NONE',  ( 6.100000000000004086, 1.000000000000000000, 25.22500000000000142 ) ) ;
#4180 = AXIS2_PLACEMENT_3D ( 'NONE', #9100, #1036, #13228 ) ;
#4181 = VECTOR ( 'NONE', #10629, 1000.000000000000000 ) ;
#4182 = PRESENTATION_STYLE_ASSIGNMENT (( #5132 ) ) ;
#4183 = SURFACE_SIDE_STYLE ('',( #9942 ) ) ;
#4184 = DIRECTION ( 'NONE',  ( -1.000000000000000000, 0.0000000000000000000, -0.0000000000000000000 ) ) ;
#4185 = UNCERTAINTY_MEASURE_WITH_UNIT (LENGTH_MEASURE( 1.000000000000000082E-05 ), #6390, 'distance_accuracy_value', 'NONE');
#4186 = ORIENTED_EDGE ( 'NONE', *, *, #7316, .T. ) ;
#4187 =( NAMED_UNIT ( * ) SI_UNIT ( $, .STERADIAN. ) SOLID_ANGLE_UNIT ( ) );
#4188 = VECTOR ( 'NONE', #7131, 1000.000000000000000 ) ;
#4189 = CARTESIAN_POINT ( 'NONE',  ( 9.199999999999999289, -1.350000000000000089, -25.47499999999999432 ) ) ;
#4190 = UNCERTAINTY_MEASURE_WITH_UNIT (LENGTH_MEASURE( 1.000000000000000082E-05 ), #11777, 'distance_accuracy_value', 'NONE');
#4191 = LINE ( 'NONE', #3157, #7408 ) ;
#4192 = ORIENTED_EDGE ( 'NONE', *, *, #4308, .F. ) ;
#4193 = COLOUR_RGB ( '',1.000000000000000000, 1.000000000000000000, 0.0000000000000000000 ) ;
#4194 = ORIENTED_EDGE ( 'NONE', *, *, #13347, .F. ) ;
#4195 = EDGE_CURVE ( 'NONE', #3838, #8292, #4829, .T. ) ;
#4196 = VECTOR ( 'NONE', #1816, 1000.000000000000000 ) ;
#4197 = AXIS2_PLACEMENT_3D ( 'NONE', #11172, #4066, #10147 ) ;
#4198 = COLOUR_RGB ( '',0.0000000000000000000, 0.7529411764705882248, 0.0000000000000000000 ) ;
#4199 = VERTEX_POINT ( 'NONE', #5857 ) ;
#4200 = PRESENTATION_LAYER_ASSIGNMENT (  '', '', ( #11960 ) ) ;
#4201 = FILL_AREA_STYLE_COLOUR ( '', #3997 ) ;
#4202 = UNCERTAINTY_MEASURE_WITH_UNIT (LENGTH_MEASURE( 1.000000000000000082E-05 ), #3275, 'distance_accuracy_value', 'NONE');
#4203 = ORIENTED_EDGE ( 'NONE', *, *, #11249, .F. ) ;
#4204 = CARTESIAN_POINT ( 'NONE',  ( -2.849999999999996980, 3.399999999999999911, 22.27500000000000568 ) ) ;
#4205 = DIRECTION ( 'NONE',  ( -0.0000000000000000000, -1.000000000000000000, -0.0000000000000000000 ) ) ;
#4206 = VERTEX_POINT ( 'NONE', #6992 ) ;
#4207 = COLOUR_RGB ( '',1.000000000000000000, 1.000000000000000000, 0.0000000000000000000 ) ;
#4208 = SURFACE_STYLE_FILL_AREA ( #1072 ) ;
#4209 = COLOUR_RGB ( '',1.000000000000000000, 1.000000000000000000, 0.0000000000000000000 ) ;
#4210 = DIRECTION ( 'NONE',  ( -1.000000000000000000, 0.0000000000000000000, -2.668805347656627171E-16 ) ) ;
#4211 = VERTEX_POINT ( 'NONE', #9963 ) ;
#4212 = CARTESIAN_POINT ( 'NONE',  ( 0.9000000000000021316, -0.001000000000000000021, 22.92500000000000426 ) ) ;
#4213 =( LENGTH_UNIT ( ) NAMED_UNIT ( * ) SI_UNIT ( .MILLI., .METRE. ) );
#4214 = LINE ( 'NONE', #5161, #5034 ) ;
#4215 = PRESENTATION_LAYER_ASSIGNMENT (  '', '', ( #3999 ) ) ;
#4216 =( NAMED_UNIT ( * ) PLANE_ANGLE_UNIT ( ) SI_UNIT ( $, .RADIAN. ) );
#4217 = STYLED_ITEM ( 'NONE', ( #11809 ), #6976 ) ;
#4218 = PRESENTATION_STYLE_ASSIGNMENT (( #28 ) ) ;
#4219 = LINE ( 'NONE', #1081, #3533 ) ;
#4220 = COLOUR_RGB ( '',1.000000000000000000, 1.000000000000000000, 0.0000000000000000000 ) ;
#4221 = STYLED_ITEM ( 'NONE', ( #7871 ), #11518 ) ;
#4222 = EDGE_LOOP ( 'NONE', ( #5452, #3128, #7581, #5082 ) ) ;
#4223 =( NAMED_UNIT ( * ) SI_UNIT ( $, .STERADIAN. ) SOLID_ANGLE_UNIT ( ) );
#4224 = VERTEX_POINT ( 'NONE', #13090 ) ;
#4225 = DIRECTION ( 'NONE',  ( 1.000000000000000000, 0.0000000000000000000, -0.0000000000000000000 ) ) ;
#4226 = FACE_OUTER_BOUND ( 'NONE', #6472, .T. ) ;
#4227 = MECHANICAL_DESIGN_GEOMETRIC_PRESENTATION_REPRESENTATION (  '', ( #6581 ), #12202 ) ;
#4228 = ADVANCED_FACE ( 'NONE', ( #5987 ), #3951, .T. ) ;
#4229 = DIRECTION ( 'NONE',  ( -3.771137991253928573E-16, -0.0000000000000000000, 1.000000000000000000 ) ) ;
#4230 = EDGE_CURVE ( 'NONE', #6545, #3402, #9080, .T. ) ;
#4231 = PRESENTATION_STYLE_ASSIGNMENT (( #12334 ) ) ;
#4232 = EDGE_CURVE ( 'NONE', #6729, #3826, #956, .T. ) ;
#4233 =( LENGTH_UNIT ( ) NAMED_UNIT ( * ) SI_UNIT ( .MILLI., .METRE. ) );
#4234 = ORIENTED_EDGE ( 'NONE', *, *, #12001, .F. ) ;
#4235 = LINE ( 'NONE', #6507, #13297 ) ;
#4236 = DIRECTION ( 'NONE',  ( -1.000000000000000000, 0.0000000000000000000, 0.0000000000000000000 ) ) ;
#4237 = EDGE_LOOP ( 'NONE', ( #7802, #10931, #5809, #1738 ) ) ;
#4238 = PRESENTATION_STYLE_ASSIGNMENT (( #7201 ) ) ;
#4239 = DIRECTION ( 'NONE',  ( 1.000000000000000000, 0.0000000000000000000, 0.0000000000000000000 ) ) ;
#4240 =( GEOMETRIC_REPRESENTATION_CONTEXT ( 3 ) GLOBAL_UNCERTAINTY_ASSIGNED_CONTEXT ( ( #9436 ) ) GLOBAL_UNIT_ASSIGNED_CONTEXT ( ( #222, #11490, #9317 ) ) REPRESENTATION_CONTEXT ( 'NONE', 'WORKASPACE' ) );
#4241 = VERTEX_POINT ( 'NONE', #5167 ) ;
#4242 = FILL_AREA_STYLE ('',( #3349 ) ) ;
#4243 = CARTESIAN_POINT ( 'NONE',  ( 5.300000000000004263, 1.000999999999999890, 22.92500000000000071 ) ) ;
#4244 = ADVANCED_FACE ( 'NONE', ( #4082 ), #11184, .F. ) ;
#4245 = VERTEX_POINT ( 'NONE', #6041 ) ;
#4246 = AXIS2_PLACEMENT_3D ( 'NONE', #10229, #7378, #12319 ) ;
#4247 = PLANE ( 'NONE',  #9251 ) ;
#4248 = EDGE_CURVE ( 'NONE', #12136, #12082, #8001, .T. ) ;
#4249 = VECTOR ( 'NONE', #13384, 1000.000000000000000 ) ;
#4250 = MECHANICAL_DESIGN_GEOMETRIC_PRESENTATION_REPRESENTATION (  '', ( #5532 ), #9218 ) ;
#4251 = CARTESIAN_POINT ( 'NONE',  ( -6.299999999999998934, 0.0000000000000000000, 22.92500000000001137 ) ) ;
#4252 = CARTESIAN_POINT ( 'NONE',  ( -1.699999999999996625, 1.000000000000000000, 22.92500000000000782 ) ) ;
#4253 = ORIENTED_EDGE ( 'NONE', *, *, #5309, .F. ) ;
#4254 = SURFACE_STYLE_FILL_AREA ( #12352 ) ;
#4255 = LINE ( 'NONE', #8350, #6181 ) ;
#4256 = CARTESIAN_POINT ( 'NONE',  ( -0.4999999999999985012, -0.001000000000000000021, 25.22500000000000853 ) ) ;
#4257 = DIRECTION ( 'NONE',  ( -9.427844978134821433E-17, -0.0000000000000000000, -1.000000000000000000 ) ) ;
#4258 = VERTEX_POINT ( 'NONE', #13091 ) ;
#4259 = DIRECTION ( 'NONE',  ( 0.0000000000000000000, 0.0000000000000000000, 1.000000000000000000 ) ) ;
#4260 = AXIS2_PLACEMENT_3D ( 'NONE', #7248, #4351, #7120 ) ;
#4261 = EDGE_CURVE ( 'NONE', #13156, #4827, #11043, .T. ) ;
#4262 = MECHANICAL_DESIGN_GEOMETRIC_PRESENTATION_REPRESENTATION (  '', ( #1637 ), #8991 ) ;
#4263 = ORIENTED_EDGE ( 'NONE', *, *, #4973, .F. ) ;
#4264 = ORIENTED_EDGE ( 'NONE', *, *, #3926, .T. ) ;
#4265 = VECTOR ( 'NONE', #694, 1000.000000000000000 ) ;
#4266 =( LENGTH_UNIT ( ) NAMED_UNIT ( * ) SI_UNIT ( .MILLI., .METRE. ) );
#4267 = ORIENTED_EDGE ( 'NONE', *, *, #4131, .F. ) ;
#4268 = LINE ( 'NONE', #2151, #3103 ) ;
#4269 = LINE ( 'NONE', #935, #4659 ) ;
#4270 = EDGE_LOOP ( 'NONE', ( #10261, #10978, #4922, #11964 ) ) ;
#4271 = CARTESIAN_POINT ( 'NONE',  ( 6.700000000000002842, -0.001000000000000000021, 22.92500000000000071 ) ) ;
#4272 = LINE ( 'NONE', #12561, #7638 ) ;
#4273 = ORIENTED_EDGE ( 'NONE', *, *, #10350, .F. ) ;
#4274 =( LENGTH_UNIT ( ) NAMED_UNIT ( * ) SI_UNIT ( .MILLI., .METRE. ) );
#4275 = PRESENTATION_LAYER_ASSIGNMENT (  '', '', ( #10092 ) ) ;
#4276 = VECTOR ( 'NONE', #6001, 1000.000000000000000 ) ;
#4277 =( GEOMETRIC_REPRESENTATION_CONTEXT ( 3 ) GLOBAL_UNCERTAINTY_ASSIGNED_CONTEXT ( ( #5968 ) ) GLOBAL_UNIT_ASSIGNED_CONTEXT ( ( #4528, #8638, #7568 ) ) REPRESENTATION_CONTEXT ( 'NONE', 'WORKASPACE' ) );
#4278 = CARTESIAN_POINT ( 'NONE',  ( 0.7000000000000036193, 1.000999999999999890, 22.92500000000000426 ) ) ;
#4279 =( LENGTH_UNIT ( ) NAMED_UNIT ( * ) SI_UNIT ( .MILLI., .METRE. ) );
#4280 = FILL_AREA_STYLE_COLOUR ( '', #7179 ) ;
#4281 = DIRECTION ( 'NONE',  ( -0.0000000000000000000, 1.000000000000000000, -0.0000000000000000000 ) ) ;
#4282 = PRESENTATION_LAYER_ASSIGNMENT (  '', '', ( #797 ) ) ;
#4283 = CARTESIAN_POINT ( 'NONE',  ( -11.69999999999999929, -0.001000000000000882995, 25.22500000000001208 ) ) ;
#4284 =( NAMED_UNIT ( * ) SI_UNIT ( $, .STERADIAN. ) SOLID_ANGLE_UNIT ( ) );
#4285 = DIRECTION ( 'NONE',  ( 1.000000000000000000, 0.0000000000000000000, 0.0000000000000000000 ) ) ;
#4286 = SURFACE_STYLE_USAGE ( .BOTH. , #106 ) ;
#4287 = FILL_AREA_STYLE ('',( #37 ) ) ;
#4288 = PLANE ( 'NONE',  #11032 ) ;
#4289 = ORIENTED_EDGE ( 'NONE', *, *, #12085, .F. ) ;
#4290 = DIRECTION ( 'NONE',  ( -1.000000000000000000, -0.0000000000000000000, -0.0000000000000000000 ) ) ;
#4291 = VECTOR ( 'NONE', #9318, 1000.000000000000000 ) ;
#4292 = LINE ( 'NONE', #12858, #2344 ) ;
#4293 =( NAMED_UNIT ( * ) SI_UNIT ( $, .STERADIAN. ) SOLID_ANGLE_UNIT ( ) );
#4294 = PRESENTATION_LAYER_ASSIGNMENT (  '', '', ( #4728 ) ) ;
#4295 = PRESENTATION_STYLE_ASSIGNMENT (( #5120 ) ) ;
#4296 = DIRECTION ( 'NONE',  ( 1.000000000000000000, 0.0000000000000000000, 0.0000000000000000000 ) ) ;
#4297 = CARTESIAN_POINT ( 'NONE',  ( -11.29999999999999538, 1.000999999999999890, 22.92500000000001137 ) ) ;
#4298 = ORIENTED_EDGE ( 'NONE', *, *, #5087, .T. ) ;
#4299 = CARTESIAN_POINT ( 'NONE',  ( 2.100000000000003197, 1.000999999999999890, 22.92500000000000426 ) ) ;
#4300 = LINE ( 'NONE', #7394, #5698 ) ;
#4301 = EDGE_LOOP ( 'NONE', ( #11995, #2669, #3430, #10287 ) ) ;
#4302 = CARTESIAN_POINT ( 'NONE',  ( 3.300000000000002043, -0.001000000000000000021, 25.22500000000000497 ) ) ;
#4303 = LINE ( 'NONE', #1303, #2371 ) ;
#4304 = DIRECTION ( 'NONE',  ( 1.885568995626964287E-16, 0.0000000000000000000, -1.000000000000000000 ) ) ;
#4305 = VERTEX_POINT ( 'NONE', #10158 ) ;
#4306 = VECTOR ( 'NONE', #43, 1000.000000000000000 ) ;
#4307 = SURFACE_SIDE_STYLE ('',( #1244 ) ) ;
#4308 = EDGE_CURVE ( 'NONE', #12069, #3790, #4961, .T. ) ;
#4309 = PRESENTATION_STYLE_ASSIGNMENT (( #7405 ) ) ;
#4310 = ORIENTED_EDGE ( 'NONE', *, *, #322, .T. ) ;
#4311 = COLOUR_RGB ( '',1.000000000000000000, 1.000000000000000000, 0.0000000000000000000 ) ;
#4312 =( LENGTH_UNIT ( ) NAMED_UNIT ( * ) SI_UNIT ( .MILLI., .METRE. ) );
#4313 = EDGE_CURVE ( 'NONE', #2835, #8924, #8198, .T. ) ;
#4314 = DIRECTION ( 'NONE',  ( 1.000000000000000000, 0.0000000000000000000, 0.0000000000000000000 ) ) ;
#4315 =( NAMED_UNIT ( * ) SI_UNIT ( $, .STERADIAN. ) SOLID_ANGLE_UNIT ( ) );
#4316 = UNCERTAINTY_MEASURE_WITH_UNIT (LENGTH_MEASURE( 1.000000000000000082E-05 ), #12289, 'distance_accuracy_value', 'NONE');
#4317 = VERTEX_POINT ( 'NONE', #168 ) ;
#4318 = SURFACE_SIDE_STYLE ('',( #11554 ) ) ;
#4319 = VERTEX_POINT ( 'NONE', #9533 ) ;
#4320 = EDGE_CURVE ( 'NONE', #6333, #12400, #5422, .T. ) ;
#4321 = VERTEX_POINT ( 'NONE', #4421 ) ;
#4322 = COLOUR_RGB ( '',1.000000000000000000, 1.000000000000000000, 0.0000000000000000000 ) ;
#4323 = ADVANCED_FACE ( 'NONE', ( #1083 ), #5291, .F. ) ;
#4324 = CARTESIAN_POINT ( 'NONE',  ( 1.100000000000003642, 0.0000000000000000000, 22.92500000000000426 ) ) ;
#4325 = LINE ( 'NONE', #4463, #6003 ) ;
#4326 = EDGE_CURVE ( 'NONE', #13132, #8369, #2102, .T. ) ;
#4327 = ORIENTED_EDGE ( 'NONE', *, *, #9972, .F. ) ;
#4329 = EDGE_CURVE ( 'NONE', #5822, #3991, #5360, .T. ) ;
#4328 = VECTOR ( 'NONE', #7610, 1000.000000000000000 ) ;
#4330 = UNCERTAINTY_MEASURE_WITH_UNIT (LENGTH_MEASURE( 1.000000000000000082E-05 ), #3151, 'distance_accuracy_value', 'NONE');
#4331 = ORIENTED_EDGE ( 'NONE', *, *, #5051, .F. ) ;
#4332 = CARTESIAN_POINT ( 'NONE',  ( -1.699999999999996625, 1.000999999999999890, 25.22500000000000853 ) ) ;
#4333 = CARTESIAN_POINT ( 'NONE',  ( -1.299999999999998268, -0.001000000000000000021, 22.92500000000000782 ) ) ;
#4334 = VECTOR ( 'NONE', #3740, 1000.000000000000000 ) ;
#4335 =( GEOMETRIC_REPRESENTATION_CONTEXT ( 3 ) GLOBAL_UNCERTAINTY_ASSIGNED_CONTEXT ( ( #12020 ) ) GLOBAL_UNIT_ASSIGNED_CONTEXT ( ( #3840, #13043, #3685 ) ) REPRESENTATION_CONTEXT ( 'NONE', 'WORKASPACE' ) );
#4336 = LINE ( 'NONE', #8438, #4725 ) ;
#4337 = ORIENTED_EDGE ( 'NONE', *, *, #7214, .T. ) ;
#4338 = LINE ( 'NONE', #157, #5881 ) ;
#4339 = CARTESIAN_POINT ( 'NONE',  ( -1.499999999999998002, -0.001000000000000000021, 22.92500000000000782 ) ) ;
#4340 = EDGE_CURVE ( 'NONE', #1792, #3778, #5224, .T. ) ;
#4341 = ORIENTED_EDGE ( 'NONE', *, *, #8112, .F. ) ;
#4342 = CARTESIAN_POINT ( 'NONE',  ( 9.199999999999999289, 3.399999999999999911, -25.47499999999999432 ) ) ;
#4343 =( NAMED_UNIT ( * ) PLANE_ANGLE_UNIT ( ) SI_UNIT ( $, .RADIAN. ) );
#4344 = SURFACE_STYLE_FILL_AREA ( #3445 ) ;
#4345 = MECHANICAL_DESIGN_GEOMETRIC_PRESENTATION_REPRESENTATION (  '', ( #12770 ), #7791 ) ;
#4346 = SURFACE_STYLE_USAGE ( .BOTH. , #12502 ) ;
#4347 = ORIENTED_EDGE ( 'NONE', *, *, #898, .F. ) ;
#4348 = PRESENTATION_STYLE_ASSIGNMENT (( #2293 ) ) ;
#4349 = DIRECTION ( 'NONE',  ( -0.0000000000000000000, -1.000000000000000000, 0.0000000000000000000 ) ) ;
#4350 = VECTOR ( 'NONE', #12957, 1000.000000000000000 ) ;
#4351 = DIRECTION ( 'NONE',  ( 1.000000000000000000, 0.0000000000000000000, 0.0000000000000000000 ) ) ;
#4352 = DIRECTION ( 'NONE',  ( 0.0000000000000000000, -0.7071067811865474617, 0.7071067811865474617 ) ) ;
#4353 = PRODUCT_DEFINITION_FORMATION_WITH_SPECIFIED_SOURCE ( 'ANY', '', #5738, .NOT_KNOWN. ) ;
#4354 = FILL_AREA_STYLE_COLOUR ( '', #3245 ) ;
#4355 = SURFACE_STYLE_USAGE ( .BOTH. , #1151 ) ;
#4356 = STYLED_ITEM ( 'NONE', ( #2354 ), #12739 ) ;
#4357 = ORIENTED_EDGE ( 'NONE', *, *, #2326, .T. ) ;
#4358 =( LENGTH_UNIT ( ) NAMED_UNIT ( * ) SI_UNIT ( .MILLI., .METRE. ) );
#4359 = PRESENTATION_LAYER_ASSIGNMENT (  '', '', ( #9309 ) ) ;
#4360 = DIRECTION ( 'NONE',  ( -2.990902544787598592E-16, 0.0000000000000000000, -1.000000000000000000 ) ) ;
#4361 = EDGE_CURVE ( 'NONE', #7429, #10024, #3123, .T. ) ;
#4362 = CARTESIAN_POINT ( 'NONE',  ( -7.699999999999998401, -0.001000000000000252423, 25.22500000000001208 ) ) ;
#4363 = CARTESIAN_POINT ( 'NONE',  ( 2.900000000000003908, 1.000000000000000000, 22.92500000000000426 ) ) ;
#4364 = MECHANICAL_DESIGN_GEOMETRIC_PRESENTATION_REPRESENTATION (  '', ( #2616 ), #12345 ) ;
#4365 =( GEOMETRIC_REPRESENTATION_CONTEXT ( 3 ) GLOBAL_UNCERTAINTY_ASSIGNED_CONTEXT ( ( #10816 ) ) GLOBAL_UNIT_ASSIGNED_CONTEXT ( ( #9577, #7622, #12906 ) ) REPRESENTATION_CONTEXT ( 'NONE', 'WORKASPACE' ) );
#4366 = LINE ( 'NONE', #2445, #7912 ) ;
#4367 = VERTEX_POINT ( 'NONE', #9407 ) ;
#4368 = PRESENTATION_LAYER_ASSIGNMENT (  '', '', ( #9527 ) ) ;
#4369 = ORIENTED_EDGE ( 'NONE', *, *, #5145, .T. ) ;
#4370 = SURFACE_STYLE_FILL_AREA ( #2385 ) ;
#4371 = ORIENTED_EDGE ( 'NONE', *, *, #6685, .T. ) ;
#4372 = CARTESIAN_POINT ( 'NONE',  ( 7.100000000000004086, 1.000999999999999890, 25.22499999999999787 ) ) ;
#4373 = PLANE ( 'NONE',  #8529 ) ;
#4374 = PRESENTATION_LAYER_ASSIGNMENT (  '', '', ( #8681 ) ) ;
#4375 = CARTESIAN_POINT ( 'NONE',  ( 10.30000000000000426, 1.000999999999999890, 25.22499999999999787 ) ) ;
#4376 = LINE ( 'NONE', #12895, #10150 ) ;
#4377 = LINE ( 'NONE', #8478, #9040 ) ;
#4378 = CARTESIAN_POINT ( 'NONE',  ( -11.09999999999999787, 0.0000000000000000000, 25.22500000000000853 ) ) ;
#4379 = CARTESIAN_POINT ( 'NONE',  ( 6.500000000000002665, -0.001000000000000000021, 22.92500000000000071 ) ) ;
#4380 = VECTOR ( 'NONE', #10081, 1000.000000000000000 ) ;
#4381 = AXIS2_PLACEMENT_3D ( 'NONE', #4278, #5163, #4017 ) ;
#4382 = CARTESIAN_POINT ( 'NONE',  ( -15.00000000000000000, 1.000000000000000000, 25.47500000000000853 ) ) ;
#4383 = ORIENTED_EDGE ( 'NONE', *, *, #12412, .F. ) ;
#4384 = LINE ( 'NONE', #11553, #11754 ) ;
#4385 = LINE ( 'NONE', #7278, #2729 ) ;
#4386 = DIRECTION ( 'NONE',  ( -1.000000000000000000, -0.0000000000000000000, -0.0000000000000000000 ) ) ;
#4387 = PLANE ( 'NONE',  #2662 ) ;
#4388 = ORIENTED_EDGE ( 'NONE', *, *, #8527, .T. ) ;
#4389 = FILL_AREA_STYLE_COLOUR ( '', #656 ) ;
#4390 = VERTEX_POINT ( 'NONE', #7307 ) ;
#4391 = EDGE_CURVE ( 'NONE', #2835, #9225, #11511, .T. ) ;
#4392 = PRESENTATION_LAYER_ASSIGNMENT (  '', '', ( #5045 ) ) ;
#4393 = DIRECTION ( 'NONE',  ( 0.0000000000000000000, -0.0000000000000000000, 1.000000000000000000 ) ) ;
#4394 =( LENGTH_UNIT ( ) NAMED_UNIT ( * ) SI_UNIT ( .MILLI., .METRE. ) );
#4395 = STYLED_ITEM ( 'NONE', ( #4840 ), #7764 ) ;
#4396 = EDGE_CURVE ( 'NONE', #2886, #9464, #11371, .T. ) ;
#4397 = VERTEX_POINT ( 'NONE', #104 ) ;
#4398 = EDGE_CURVE ( 'NONE', #13024, #5267, #8315, .T. ) ;
#4399 =( NAMED_UNIT ( * ) PLANE_ANGLE_UNIT ( ) SI_UNIT ( $, .RADIAN. ) );
#4400 = VECTOR ( 'NONE', #5527, 1000.000000000000000 ) ;
#4401 = ORIENTED_EDGE ( 'NONE', *, *, #4065, .F. ) ;
#4402 = PLANE ( 'NONE',  #1139 ) ;
#4403 =( NAMED_UNIT ( * ) PLANE_ANGLE_UNIT ( ) SI_UNIT ( $, .RADIAN. ) );
#4404 = AXIS2_PLACEMENT_3D ( 'NONE', #6777, #7663, #9749 ) ;
#4405 = LINE ( 'NONE', #9593, #9899 ) ;
#4406 = ORIENTED_EDGE ( 'NONE', *, *, #233, .T. ) ;
#4407 = DIRECTION ( 'NONE',  ( 0.0000000000000000000, 0.0000000000000000000, -1.000000000000000000 ) ) ;
#4408 = CARTESIAN_POINT ( 'NONE',  ( -0.2999999999999964362, 1.000999999999999890, 25.22500000000000853 ) ) ;
#4409 = ORIENTED_EDGE ( 'NONE', *, *, #1923, .T. ) ;
#4410 = SURFACE_STYLE_FILL_AREA ( #7702 ) ;
#4411 = PLANE ( 'NONE',  #418 ) ;
#4412 = EDGE_CURVE ( 'NONE', #8881, #1802, #6367, .T. ) ;
#4413 = PRESENTATION_STYLE_ASSIGNMENT (( #8447 ) ) ;
#4414 = EDGE_CURVE ( 'NONE', #7235, #4367, #12445, .T. ) ;
#4415 = VECTOR ( 'NONE', #5554, 1000.000000000000000 ) ;
#4416 = VERTEX_POINT ( 'NONE', #11435 ) ;
#4417 = EDGE_CURVE ( 'NONE', #10395, #12830, #2230, .T. ) ;
#4418 = PLANE ( 'NONE',  #9578 ) ;
#4419 = DIRECTION ( 'NONE',  ( 0.0000000000000000000, -1.000000000000000000, 0.0000000000000000000 ) ) ;
#4420 = LINE ( 'NONE', #2501, #9202 ) ;
#4421 = CARTESIAN_POINT ( 'NONE',  ( 15.00000000000000000, 1.000000000000000000, 22.27500000000000924 ) ) ;
#4422 = ORIENTED_EDGE ( 'NONE', *, *, #5916, .F. ) ;
#4423 = DIRECTION ( 'NONE',  ( 0.0000000000000000000, 0.0000000000000000000, -1.000000000000000000 ) ) ;
#4424 = CARTESIAN_POINT ( 'NONE',  ( -10.49999999999999467, 1.000999999999999890, 22.92500000000001137 ) ) ;
#4425 = AXIS2_PLACEMENT_3D ( 'NONE', #7075, #3135, #11387 ) ;
#4426 = CARTESIAN_POINT ( 'NONE',  ( 3.900000000000003908, 1.000999999999999890, 22.92500000000000071 ) ) ;
#4427 = ORIENTED_EDGE ( 'NONE', *, *, #33, .F. ) ;
#4428 =( LENGTH_UNIT ( ) NAMED_UNIT ( * ) SI_UNIT ( .MILLI., .METRE. ) );
#4429 = CARTESIAN_POINT ( 'NONE',  ( 3.900000000000004352, 1.000000000000000000, 25.22500000000000853 ) ) ;
#4430 = MECHANICAL_DESIGN_GEOMETRIC_PRESENTATION_REPRESENTATION (  '', ( #1832 ), #8731 ) ;
#4431 =( GEOMETRIC_REPRESENTATION_CONTEXT ( 3 ) GLOBAL_UNCERTAINTY_ASSIGNED_CONTEXT ( ( #10113 ) ) GLOBAL_UNIT_ASSIGNED_CONTEXT ( ( #7596, #9422, #5439 ) ) REPRESENTATION_CONTEXT ( 'NONE', 'WORKASPACE' ) );
#4432 = SURFACE_STYLE_FILL_AREA ( #5570 ) ;
#4433 = LINE ( 'NONE', #3590, #10645 ) ;
#4434 = LINE ( 'NONE', #11528, #3577 ) ;
#4435 = ORIENTED_EDGE ( 'NONE', *, *, #12936, .T. ) ;
#4436 = ORIENTED_EDGE ( 'NONE', *, *, #7884, .F. ) ;
#4437 = PLANE ( 'NONE',  #336 ) ;
#4438 = VECTOR ( 'NONE', #9073, 1000.000000000000000 ) ;
#4439 = CARTESIAN_POINT ( 'NONE',  ( 8.300000000000002487, -0.001000000000000000021, 25.22499999999999787 ) ) ;
#4440 = CARTESIAN_POINT ( 'NONE',  ( 2.300000000000003819, 1.000999999999999890, 22.92500000000000426 ) ) ;
#4441 = ORIENTED_EDGE ( 'NONE', *, *, #12159, .F. ) ;
#4442 =( NAMED_UNIT ( * ) SI_UNIT ( $, .STERADIAN. ) SOLID_ANGLE_UNIT ( ) );
#4443 = DIRECTION ( 'NONE',  ( -0.0000000000000000000, -1.000000000000000000, -0.0000000000000000000 ) ) ;
#4444 = STYLED_ITEM ( 'NONE', ( #102 ), #11752 ) ;
#4445 = FILL_AREA_STYLE_COLOUR ( '', #2206 ) ;
#4446 = CARTESIAN_POINT ( 'NONE',  ( 9.199999999999999289, 3.399999999999999911, -19.67499999999999361 ) ) ;
#4447 = VECTOR ( 'NONE', #3386, 1000.000000000000000 ) ;
#4448 = DIRECTION ( 'NONE',  ( 0.0000000000000000000, 0.0000000000000000000, 1.000000000000000000 ) ) ;
#4449 = CARTESIAN_POINT ( 'NONE',  ( -15.00000000000000000, 0.0000000000000000000, 25.22500000000000853 ) ) ;
#4450 = VECTOR ( 'NONE', #5824, 1000.000000000000000 ) ;
#4451 = EDGE_LOOP ( 'NONE', ( #12482, #11056, #12783, #10666 ) ) ;
#4452 = AXIS2_PLACEMENT_3D ( 'NONE', #2229, #10482, #7451 ) ;
#4453 = CARTESIAN_POINT ( 'NONE',  ( 15.00000000000000000, 0.0000000000000000000, 20.37500000000001066 ) ) ;
#4454 = DIRECTION ( 'NONE',  ( 1.000000000000000000, 0.0000000000000000000, 0.0000000000000000000 ) ) ;
#4455 = EDGE_LOOP ( 'NONE', ( #6933, #4441, #9750, #5190 ) ) ;
#4456 = PRESENTATION_LAYER_ASSIGNMENT (  '', '', ( #2727 ) ) ;
#4457 = CARTESIAN_POINT ( 'NONE',  ( 15.00000000000000000, 1.000000000000000000, 25.22500000000000853 ) ) ;
#4458 = ORIENTED_EDGE ( 'NONE', *, *, #5560, .F. ) ;
#4459 = PRESENTATION_LAYER_ASSIGNMENT (  '', '', ( #9839 ) ) ;
#4460 =( NAMED_UNIT ( * ) SI_UNIT ( $, .STERADIAN. ) SOLID_ANGLE_UNIT ( ) );
#4461 = COLOUR_RGB ( '',1.000000000000000000, 1.000000000000000000, 0.0000000000000000000 ) ;
#4462 = MECHANICAL_DESIGN_GEOMETRIC_PRESENTATION_REPRESENTATION (  '', ( #1639 ), #7045 ) ;
#4463 = CARTESIAN_POINT ( 'NONE',  ( -7.499999999999995559, 1.000999999999999890, 22.92500000000001137 ) ) ;
#4464 = ORIENTED_EDGE ( 'NONE', *, *, #727, .F. ) ;
#4465 = UNCERTAINTY_MEASURE_WITH_UNIT (LENGTH_MEASURE( 1.000000000000000082E-05 ), #1222, 'distance_accuracy_value', 'NONE');
#4466 = ORIENTED_EDGE ( 'NONE', *, *, #13163, .T. ) ;
#4467 = LINE ( 'NONE', #12705, #10223 ) ;
#4468 =( GEOMETRIC_REPRESENTATION_CONTEXT ( 3 ) GLOBAL_UNCERTAINTY_ASSIGNED_CONTEXT ( ( #12538 ) ) GLOBAL_UNIT_ASSIGNED_CONTEXT ( ( #11893, #8776, #13320 ) ) REPRESENTATION_CONTEXT ( 'NONE', 'WORKASPACE' ) );
#4469 = LINE ( 'NONE', #292, #7519 ) ;
#4470 = VECTOR ( 'NONE', #4614, 1000.000000000000000 ) ;
#4471 = VERTEX_POINT ( 'NONE', #2172 ) ;
#4472 = STYLED_ITEM ( 'NONE', ( #2632 ), #2768 ) ;
#4473 = FILL_AREA_STYLE ('',( #4531 ) ) ;
#4474 = CARTESIAN_POINT ( 'NONE',  ( -9.699999999999995737, 1.000000000000000000, 22.92500000000001137 ) ) ;
#4475 = ORIENTED_EDGE ( 'NONE', *, *, #11409, .T. ) ;
#4476 = PLANE ( 'NONE',  #10267 ) ;
#4477 = APPLICATION_PROTOCOL_DEFINITION ( 'draft international standard', 'automotive_design', 1998, #1477 ) ;
#4478 = CARTESIAN_POINT ( 'NONE',  ( 7.500000000000002665, -0.001000000000000000021, 25.22499999999999787 ) ) ;
#4479 = EDGE_CURVE ( 'NONE', #8749, #1815, #3935, .T. ) ;
#4480 = MECHANICAL_DESIGN_GEOMETRIC_PRESENTATION_REPRESENTATION (  '', ( #7929 ), #3834 ) ;
#4481 = PLANE ( 'NONE',  #7097 ) ;
#4482 = ORIENTED_EDGE ( 'NONE', *, *, #11822, .F. ) ;
#4483 = CARTESIAN_POINT ( 'NONE',  ( -2.849999999999996980, 3.399999999999999911, 22.27500000000000568 ) ) ;
#4485 = EDGE_CURVE ( 'NONE', #12260, #2416, #2911, .T. ) ;
#4484 = CARTESIAN_POINT ( 'NONE',  ( 0.7000000000000036193, 1.000000000000000000, 25.22500000000000497 ) ) ;
#4486 = VERTEX_POINT ( 'NONE', #3627 ) ;
#4487 = DIRECTION ( 'NONE',  ( 1.000000000000000000, 0.0000000000000000000, -0.0000000000000000000 ) ) ;
#4488 = LINE ( 'NONE', #5559, #5219 ) ;
#4489 = ORIENTED_EDGE ( 'NONE', *, *, #3145, .T. ) ;
#4490 = FILL_AREA_STYLE ('',( #10753 ) ) ;
#4491 = VECTOR ( 'NONE', #2512, 1000.000000000000000 ) ;
#4492 = FILL_AREA_STYLE ('',( #1367 ) ) ;
#4493 = EDGE_CURVE ( 'NONE', #6186, #4224, #8978, .T. ) ;
#4494 = ADVANCED_FACE ( 'NONE', ( #3925 ), #5763, .F. ) ;
#4495 = PLANE ( 'NONE',  #575 ) ;
#4496 = CARTESIAN_POINT ( 'NONE',  ( 2.700000000000001954, -0.001000000000000000021, 25.22500000000000497 ) ) ;
#4497 = CARTESIAN_POINT ( 'NONE',  ( 6.300000000000003375, 1.000000000000000000, 22.92500000000000071 ) ) ;
#4498 = DIRECTION ( 'NONE',  ( -1.000000000000000000, 0.0000000000000000000, 0.0000000000000000000 ) ) ;
#4499 = ORIENTED_EDGE ( 'NONE', *, *, #986, .T. ) ;
#4501 = EDGE_CURVE ( 'NONE', #11945, #12921, #2838, .T. ) ;
#4500 =( NAMED_UNIT ( * ) PLANE_ANGLE_UNIT ( ) SI_UNIT ( $, .RADIAN. ) );
#4502 = ORIENTED_EDGE ( 'NONE', *, *, #4414, .F. ) ;
#4503 = DIRECTION ( 'NONE',  ( 1.000000000000000000, 0.0000000000000000000, 0.0000000000000000000 ) ) ;
#4504 =( NAMED_UNIT ( * ) PLANE_ANGLE_UNIT ( ) SI_UNIT ( $, .RADIAN. ) );
#4505 = MECHANICAL_DESIGN_GEOMETRIC_PRESENTATION_REPRESENTATION (  '', ( #5151 ), #9031 ) ;
#4506 = LINE ( 'NONE', #7399, #8014 ) ;
#4507 = ORIENTED_EDGE ( 'NONE', *, *, #3325, .T. ) ;
#4508 = DIRECTION ( 'NONE',  ( 1.000000000000000000, 0.0000000000000000000, 0.0000000000000000000 ) ) ;
#4509 = CARTESIAN_POINT ( 'NONE',  ( 10.50000000000000178, -0.001000000000000000021, 25.22499999999999787 ) ) ;
#4510 =( GEOMETRIC_REPRESENTATION_CONTEXT ( 3 ) GLOBAL_UNCERTAINTY_ASSIGNED_CONTEXT ( ( #4190 ) ) GLOBAL_UNIT_ASSIGNED_CONTEXT ( ( #11777, #1424, #9604 ) ) REPRESENTATION_CONTEXT ( 'NONE', 'WORKASPACE' ) );
#4511 = PRESENTATION_STYLE_ASSIGNMENT (( #2458 ) ) ;
#4512 = FACE_OUTER_BOUND ( 'NONE', #325, .T. ) ;
#4513 = FILL_AREA_STYLE_COLOUR ( '', #9046 ) ;
#4514 = CARTESIAN_POINT ( 'NONE',  ( -12.84999999999999964, -0.3500000000000000333, 25.47500000000001208 ) ) ;
#4515 = ORIENTED_EDGE ( 'NONE', *, *, #9276, .F. ) ;
#4516 = SURFACE_STYLE_FILL_AREA ( #1527 ) ;
#4517 = SURFACE_SIDE_STYLE ('',( #741 ) ) ;
#4518 = CARTESIAN_POINT ( 'NONE',  ( -6.099999999999998757, -0.001000000000000000021, 25.22500000000001208 ) ) ;
#4519 = CARTESIAN_POINT ( 'NONE',  ( -9.200000000000006395, 3.399999999999999911, -25.47499999999999432 ) ) ;
#4520 = ORIENTED_EDGE ( 'NONE', *, *, #11320, .T. ) ;
#4521 = CARTESIAN_POINT ( 'NONE',  ( -12.10000000000000320, 1.000000000000000000, -21.27499999999998792 ) ) ;
#4522 = VECTOR ( 'NONE', #3638, 1000.000000000000000 ) ;
#4523 = SURFACE_SIDE_STYLE ('',( #2541 ) ) ;
#4524 = DIRECTION ( 'NONE',  ( -1.000000000000000000, 0.0000000000000000000, -0.0000000000000000000 ) ) ;
#4525 = VERTEX_POINT ( 'NONE', #12024 ) ;
#4526 = LINE ( 'NONE', #4732, #3750 ) ;
#4527 = CARTESIAN_POINT ( 'NONE',  ( -1.499999999999998002, 0.0000000000000000000, 22.92500000000000782 ) ) ;
#4528 =( LENGTH_UNIT ( ) NAMED_UNIT ( * ) SI_UNIT ( .MILLI., .METRE. ) );
#4529 = VECTOR ( 'NONE', #7913, 1000.000000000000000 ) ;
#4530 = ORIENTED_EDGE ( 'NONE', *, *, #9203, .T. ) ;
#4531 = FILL_AREA_STYLE_COLOUR ( '', #11695 ) ;
#4532 = DIRECTION ( 'NONE',  ( -0.0000000000000000000, -1.000000000000000000, -0.0000000000000000000 ) ) ;
#4533 = ORIENTED_EDGE ( 'NONE', *, *, #12085, .T. ) ;
#4534 = FACE_OUTER_BOUND ( 'NONE', #808, .T. ) ;
#4535 = MECHANICAL_DESIGN_GEOMETRIC_PRESENTATION_REPRESENTATION (  '', ( #4107 ), #7994 ) ;
#4536 = SURFACE_STYLE_FILL_AREA ( #3247 ) ;
#4537 = PRESENTATION_STYLE_ASSIGNMENT (( #6837 ) ) ;
#4538 = VECTOR ( 'NONE', #1260, 1000.000000000000000 ) ;
#4539 = EDGE_LOOP ( 'NONE', ( #3322, #11456, #3554, #11636 ) ) ;
#4540 = CARTESIAN_POINT ( 'NONE',  ( -11.09999999999999787, -0.001000000000000882995, 25.22500000000001208 ) ) ;
#4541 = CARTESIAN_POINT ( 'NONE',  ( 4.100000000000001421, -0.001000000000000000021, 25.22500000000000142 ) ) ;
#4542 = VERTEX_POINT ( 'NONE', #7029 ) ;
#4543 = DIRECTION ( 'NONE',  ( 1.000000000000000000, 0.0000000000000000000, 0.0000000000000000000 ) ) ;
#4544 = CARTESIAN_POINT ( 'NONE',  ( -4.599999999999996092, 0.0000000000000000000, 25.22500000000000853 ) ) ;
#4545 = CARTESIAN_POINT ( 'NONE',  ( -8.299999999999995381, 1.000999999999999890, 22.92500000000001137 ) ) ;
#4546 = LINE ( 'NONE', #9809, #7005 ) ;
#4547 = VERTEX_POINT ( 'NONE', #11009 ) ;
#4548 = CARTESIAN_POINT ( 'NONE',  ( -6.499999999999995559, 1.000999999999999890, 25.22500000000001208 ) ) ;
#4549 = FACE_OUTER_BOUND ( 'NONE', #1068, .T. ) ;
#4550 = ADVANCED_FACE ( 'NONE', ( #6955 ), #6827, .F. ) ;
#4551 = SURFACE_SIDE_STYLE ('',( #12731 ) ) ;
#4552 = CARTESIAN_POINT ( 'NONE',  ( 9.900000000000002132, -0.001000000000000000021, 25.22499999999999787 ) ) ;
#4553 = CARTESIAN_POINT ( 'NONE',  ( -15.00000000000000000, 0.0000000000000000000, 25.22500000000000853 ) ) ;
#4554 = LINE ( 'NONE', #11798, #7485 ) ;
#4555 = VECTOR ( 'NONE', #11494, 1000.000000000000000 ) ;
#4556 = ORIENTED_EDGE ( 'NONE', *, *, #7771, .T. ) ;
#4557 = CARTESIAN_POINT ( 'NONE',  ( -3.099999999999996980, 0.0000000000000000000, 25.47500000000001208 ) ) ;
#4558 = EDGE_CURVE ( 'NONE', #5126, #6132, #5891, .T. ) ;
#4559 = DIRECTION ( 'NONE',  ( -0.0000000000000000000, 1.000000000000000000, -0.0000000000000000000 ) ) ;
#4560 = EDGE_CURVE ( 'NONE', #8349, #7595, #1820, .T. ) ;
#4561 = CARTESIAN_POINT ( 'NONE',  ( 15.00000000000000000, -1.350000000000000089, 20.37500000000001066 ) ) ;
#4562 = ORIENTED_EDGE ( 'NONE', *, *, #8767, .T. ) ;
#4563 = DIRECTION ( 'NONE',  ( -0.0000000000000000000, -1.000000000000000000, -0.0000000000000000000 ) ) ;
#4564 = FILL_AREA_STYLE_COLOUR ( '', #9445 ) ;
#4565 =( NAMED_UNIT ( * ) PLANE_ANGLE_UNIT ( ) SI_UNIT ( $, .RADIAN. ) );
#4566 = AXIS2_PLACEMENT_3D ( 'NONE', #11042, #11989, #2738 ) ;
#4567 = ORIENTED_EDGE ( 'NONE', *, *, #1351, .T. ) ;
#4568 = PLANE ( 'NONE',  #8949 ) ;
#4569 = SURFACE_STYLE_USAGE ( .BOTH. , #4307 ) ;
#4570 =( NAMED_UNIT ( * ) PLANE_ANGLE_UNIT ( ) SI_UNIT ( $, .RADIAN. ) );
#4571 = SURFACE_STYLE_USAGE ( .BOTH. , #11672 ) ;
#4572 =( GEOMETRIC_REPRESENTATION_CONTEXT ( 3 ) GLOBAL_UNCERTAINTY_ASSIGNED_CONTEXT ( ( #7452 ) ) GLOBAL_UNIT_ASSIGNED_CONTEXT ( ( #8777, #11962, #6829 ) ) REPRESENTATION_CONTEXT ( 'NONE', 'WORKASPACE' ) );
#4573 = ADVANCED_FACE ( 'NONE', ( #3697 ), #9052, .F. ) ;
#4574 = EDGE_CURVE ( 'NONE', #7852, #8881, #12290, .T. ) ;
#4575 = DIRECTION ( 'NONE',  ( -0.0000000000000000000, -1.000000000000000000, -0.0000000000000000000 ) ) ;
#4576 = VECTOR ( 'NONE', #13416, 1000.000000000000000 ) ;
#4577 = FILL_AREA_STYLE ('',( #12966 ) ) ;
#4578 = LINE ( 'NONE', #9770, #494 ) ;
#4579 = ADVANCED_FACE ( 'NONE', ( #7093 ), #10323, .F. ) ;
#4580 = UNCERTAINTY_MEASURE_WITH_UNIT (LENGTH_MEASURE( 1.000000000000000082E-05 ), #3448, 'distance_accuracy_value', 'NONE');
#4581 = EDGE_CURVE ( 'NONE', #10395, #13045, #11274, .T. ) ;
#4582 = VERTEX_POINT ( 'NONE', #9377 ) ;
#4583 = DIRECTION ( 'NONE',  ( -1.000000000000000000, 0.0000000000000000000, 9.427844978134821433E-17 ) ) ;
#4584 = CARTESIAN_POINT ( 'NONE',  ( -0.09999999999999635569, 1.000999999999999890, 22.92500000000000426 ) ) ;
#4585 = COLOUR_RGB ( '',0.0000000000000000000, 0.7529411764705882248, 0.0000000000000000000 ) ;
#4586 = LINE ( 'NONE', #7750, #4604 ) ;
#4587 = VERTEX_POINT ( 'NONE', #4116 ) ;
#4588 = VECTOR ( 'NONE', #11955, 1000.000000000000000 ) ;
#4589 = AXIS2_PLACEMENT_3D ( 'NONE', #9830, #9763, #7541 ) ;
#4590 =( NAMED_UNIT ( * ) SI_UNIT ( $, .STERADIAN. ) SOLID_ANGLE_UNIT ( ) );
#4591 = MECHANICAL_DESIGN_GEOMETRIC_PRESENTATION_REPRESENTATION (  '', ( #6735 ), #2641 ) ;
#4592 = UNCERTAINTY_MEASURE_WITH_UNIT (LENGTH_MEASURE( 1.000000000000000082E-05 ), #1364, 'distance_accuracy_value', 'NONE');
#4593 = ORIENTED_EDGE ( 'NONE', *, *, #9359, .F. ) ;
#4594 = DIRECTION ( 'NONE',  ( -0.0000000000000000000, 1.000000000000000000, -0.0000000000000000000 ) ) ;
#4595 = DIRECTION ( 'NONE',  ( -0.0000000000000000000, -1.000000000000000000, -0.0000000000000000000 ) ) ;
#4596 = SURFACE_SIDE_STYLE ('',( #5892 ) ) ;
#4597 = AXIS2_PLACEMENT_3D ( 'NONE', #13215, #7123, #11048 ) ;
#4598 = CARTESIAN_POINT ( 'NONE',  ( -9.899999999999995026, 1.000999999999999890, 25.22500000000001208 ) ) ;
#4599 = STYLED_ITEM ( 'NONE', ( #1492 ), #11916 ) ;
#4600 = ORIENTED_EDGE ( 'NONE', *, *, #213, .T. ) ;
#4601 = SURFACE_SIDE_STYLE ('',( #4410 ) ) ;
#4602 =( GEOMETRIC_REPRESENTATION_CONTEXT ( 3 ) GLOBAL_UNCERTAINTY_ASSIGNED_CONTEXT ( ( #10648 ) ) GLOBAL_UNIT_ASSIGNED_CONTEXT ( ( #11997, #4570, #2524 ) ) REPRESENTATION_CONTEXT ( 'NONE', 'WORKASPACE' ) );
#4603 = CARTESIAN_POINT ( 'NONE',  ( 4.700000000000004619, 1.000000000000000000, 22.92500000000000071 ) ) ;
#4604 = VECTOR ( 'NONE', #11879, 1000.000000000000000 ) ;
#4605 = FACE_OUTER_BOUND ( 'NONE', #4938, .T. ) ;
#4606 = VERTEX_POINT ( 'NONE', #918 ) ;
#4607 = STYLED_ITEM ( 'NONE', ( #7195 ), #10508 ) ;
#4608 = LINE ( 'NONE', #10614, #7864 ) ;
#4609 = CARTESIAN_POINT ( 'NONE',  ( 9.199999999999999289, 1.000000000000000000, -25.47499999999999432 ) ) ;
#4610 = DIRECTION ( 'NONE',  ( -9.427844978134821433E-17, -0.0000000000000000000, 1.000000000000000000 ) ) ;
#4611 = FILL_AREA_STYLE_COLOUR ( '', #6598 ) ;
#4612 = UNCERTAINTY_MEASURE_WITH_UNIT (LENGTH_MEASURE( 1.000000000000000082E-05 ), #1239, 'distance_accuracy_value', 'NONE');
#4613 = ORIENTED_EDGE ( 'NONE', *, *, #8208, .F. ) ;
#4614 = DIRECTION ( 'NONE',  ( -1.000000000000000000, -0.0000000000000000000, -0.0000000000000000000 ) ) ;
#4615 = AXIS2_PLACEMENT_3D ( 'NONE', #86, #11630, #5476 ) ;
#4616 =( LENGTH_UNIT ( ) NAMED_UNIT ( * ) SI_UNIT ( .MILLI., .METRE. ) );
#4617 = CARTESIAN_POINT ( 'NONE',  ( 10.30000000000000426, 1.000999999999999890, 22.92499999999999716 ) ) ;
#4618 =( NAMED_UNIT ( * ) SI_UNIT ( $, .STERADIAN. ) SOLID_ANGLE_UNIT ( ) );
#4619 = ORIENTED_EDGE ( 'NONE', *, *, #2583, .F. ) ;
#4620 = DIRECTION ( 'NONE',  ( 0.0000000000000000000, -0.0000000000000000000, 1.000000000000000000 ) ) ;
#4621 = DIRECTION ( 'NONE',  ( 0.0000000000000000000, 0.0000000000000000000, -1.000000000000000000 ) ) ;
#4622 = AXIS2_PLACEMENT_3D ( 'NONE', #3023, #7148, #5948 ) ;
#4623 = COLOUR_RGB ( '',1.000000000000000000, 1.000000000000000000, 0.0000000000000000000 ) ;
#4624 =( LENGTH_UNIT ( ) NAMED_UNIT ( * ) SI_UNIT ( .MILLI., .METRE. ) );
#4625 = COLOUR_RGB ( '',1.000000000000000000, 1.000000000000000000, 0.0000000000000000000 ) ;
#4626 = FACE_OUTER_BOUND ( 'NONE', #1102, .T. ) ;
#4627 = FILL_AREA_STYLE ('',( #2585 ) ) ;
#4628 = AXIS2_PLACEMENT_3D ( 'NONE', #12682, #11810, #406 ) ;
#4629 = SURFACE_STYLE_USAGE ( .BOTH. , #5854 ) ;
#4630 = EDGE_LOOP ( 'NONE', ( #4954, #277, #1656, #158 ) ) ;
#4631 = DIRECTION ( 'NONE',  ( 0.0000000000000000000, -0.0000000000000000000, -1.000000000000000000 ) ) ;
#4632 = VECTOR ( 'NONE', #2070, 1000.000000000000000 ) ;
#4633 = CARTESIAN_POINT ( 'NONE',  ( -1.499999999999998224, -0.001000000000000000021, 25.22500000000000853 ) ) ;
#4634 = ORIENTED_EDGE ( 'NONE', *, *, #9502, .T. ) ;
#4635 = PLANE ( 'NONE',  #9229 ) ;
#4636 = DIRECTION ( 'NONE',  ( -0.0000000000000000000, -1.000000000000000000, -0.0000000000000000000 ) ) ;
#4637 = EDGE_CURVE ( 'NONE', #1463, #8728, #13251, .T. ) ;
#4638 = ORIENTED_EDGE ( 'NONE', *, *, #1842, .F. ) ;
#4639 = MECHANICAL_DESIGN_GEOMETRIC_PRESENTATION_REPRESENTATION (  '', ( #1396 ), #3995 ) ;
#4640 = DIRECTION ( 'NONE',  ( 1.000000000000000000, 0.0000000000000000000, 0.0000000000000000000 ) ) ;
#4641 = CARTESIAN_POINT ( 'NONE',  ( 9.700000000000002842, -0.001000000000000000021, 25.22499999999999787 ) ) ;
#4642 = EDGE_LOOP ( 'NONE', ( #11488, #8146, #9191, #8672 ) ) ;
#4643 = VECTOR ( 'NONE', #1801, 1000.000000000000000 ) ;
#4644 = EDGE_CURVE ( 'NONE', #1783, #5143, #2014, .T. ) ;
#4645 = CARTESIAN_POINT ( 'NONE',  ( 3.500000000000001332, 0.0000000000000000000, 25.22500000000000142 ) ) ;
#4646 = DIRECTION ( 'NONE',  ( 1.000000000000000000, 0.0000000000000000000, 0.0000000000000000000 ) ) ;
#4647 = PRESENTATION_LAYER_ASSIGNMENT (  '', '', ( #6581 ) ) ;
#4648 = DIRECTION ( 'NONE',  ( -0.0000000000000000000, 1.000000000000000000, -0.0000000000000000000 ) ) ;
#4649 = ORIENTED_EDGE ( 'NONE', *, *, #10941, .F. ) ;
#4650 = LINE ( 'NONE', #7552, #7015 ) ;
#4651 = EDGE_CURVE ( 'NONE', #12646, #2388, #5077, .T. ) ;
#4652 = STYLED_ITEM ( 'NONE', ( #2040 ), #11678 ) ;
#4653 = SURFACE_STYLE_USAGE ( .BOTH. , #9918 ) ;
#4654 = VERTEX_POINT ( 'NONE', #6148 ) ;
#4655 =( GEOMETRIC_REPRESENTATION_CONTEXT ( 3 ) GLOBAL_UNCERTAINTY_ASSIGNED_CONTEXT ( ( #5134 ) ) GLOBAL_UNIT_ASSIGNED_CONTEXT ( ( #6960, #10951, #8844 ) ) REPRESENTATION_CONTEXT ( 'NONE', 'WORKASPACE' ) );
#4656 = EDGE_CURVE ( 'NONE', #4144, #11275, #9246, .T. ) ;
#4657 = DIRECTION ( 'NONE',  ( -1.000000000000000000, 0.0000000000000000000, -0.0000000000000000000 ) ) ;
#4658 = PRESENTATION_LAYER_ASSIGNMENT (  '', '', ( #10472 ) ) ;
#4659 = VECTOR ( 'NONE', #4205, 1000.000000000000000 ) ;
#4660 = SURFACE_SIDE_STYLE ('',( #9785 ) ) ;
#4661 = STYLED_ITEM ( 'NONE', ( #3351 ), #7624 ) ;
#4662 = ORIENTED_EDGE ( 'NONE', *, *, #4651, .F. ) ;
#4663 = CARTESIAN_POINT ( 'NONE',  ( -0.09999999999999635569, 1.000999999999999890, 25.22500000000000497 ) ) ;
#4664 = SURFACE_SIDE_STYLE ('',( #7629 ) ) ;
#4665 = EDGE_CURVE ( 'NONE', #13132, #2028, #1950, .T. ) ;
#4666 = SURFACE_STYLE_FILL_AREA ( #6483 ) ;
#4667 = CARTESIAN_POINT ( 'NONE',  ( 4.500000000000003553, 1.000999999999999890, 22.92500000000000071 ) ) ;
#4668 = SURFACE_STYLE_USAGE ( .BOTH. , #1683 ) ;
#4669 = VECTOR ( 'NONE', #4, 1000.000000000000000 ) ;
#4670 = VERTEX_POINT ( 'NONE', #13386 ) ;
#4671 = PRESENTATION_STYLE_ASSIGNMENT (( #12713 ) ) ;
#4672 = CARTESIAN_POINT ( 'NONE',  ( 0.0000000000000000000, 0.0000000000000000000, 0.0000000000000000000 ) ) ;
#4673 =( LENGTH_UNIT ( ) NAMED_UNIT ( * ) SI_UNIT ( .MILLI., .METRE. ) );
#4674 = MECHANICAL_DESIGN_GEOMETRIC_PRESENTATION_REPRESENTATION (  '', ( #4030 ), #10285 ) ;
#4675 = SURFACE_STYLE_USAGE ( .BOTH. , #509 ) ;
#4676 = CARTESIAN_POINT ( 'NONE',  ( 3.900000000000003908, 1.000999999999999890, 22.92500000000000071 ) ) ;
#4677 =( GEOMETRIC_REPRESENTATION_CONTEXT ( 3 ) GLOBAL_UNCERTAINTY_ASSIGNED_CONTEXT ( ( #3916 ) ) GLOBAL_UNIT_ASSIGNED_CONTEXT ( ( #1219, #8390, #1150 ) ) REPRESENTATION_CONTEXT ( 'NONE', 'WORKASPACE' ) );
#4678 = ORIENTED_EDGE ( 'NONE', *, *, #2221, .F. ) ;
#4679 = FILL_AREA_STYLE ('',( #11368 ) ) ;
#4680 = PLANE ( 'NONE',  #12407 ) ;
#4681 = VECTOR ( 'NONE', #6121, 1000.000000000000000 ) ;
#4682 = DIRECTION ( 'NONE',  ( -0.0000000000000000000, 1.000000000000000000, -0.0000000000000000000 ) ) ;
#4683 = ORIENTED_EDGE ( 'NONE', *, *, #4637, .T. ) ;
#4684 = LINE ( 'NONE', #13009, #4470 ) ;
#4685 = DIRECTION ( 'NONE',  ( 1.000000000000000000, 0.0000000000000000000, 0.0000000000000000000 ) ) ;
#4686 = FILL_AREA_STYLE ('',( #5628 ) ) ;
#4687 = CARTESIAN_POINT ( 'NONE',  ( 6.900000000000003908, 1.000999999999999890, 25.22500000000000142 ) ) ;
#4688 = ORIENTED_EDGE ( 'NONE', *, *, #2751, .F. ) ;
#4689 = FILL_AREA_STYLE_COLOUR ( '', #10052 ) ;
#4690 = AXIS2_PLACEMENT_3D ( 'NONE', #780, #6150, #8979 ) ;
#4691 = DIRECTION ( 'NONE',  ( 1.000000000000000000, 0.0000000000000000000, 0.0000000000000000000 ) ) ;
#4692 = VECTOR ( 'NONE', #4543, 1000.000000000000000 ) ;
#4693 = CARTESIAN_POINT ( 'NONE',  ( 11.70000000000000284, 1.000000000000000000, 22.92499999999999361 ) ) ;
#4694 = CARTESIAN_POINT ( 'NONE',  ( -10.09999999999999787, -0.001000000000000630810, 25.22500000000001208 ) ) ;
#4695 = LINE ( 'NONE', #10904, #7631 ) ;
#4696 = DIRECTION ( 'NONE',  ( -0.0000000000000000000, 1.000000000000000000, -0.0000000000000000000 ) ) ;
#4697 = ORIENTED_EDGE ( 'NONE', *, *, #128, .F. ) ;
#4698 = CARTESIAN_POINT ( 'NONE',  ( -9.899999999999995026, 1.000999999999999890, 22.92500000000001137 ) ) ;
#4699 = DIRECTION ( 'NONE',  ( 1.885568995626964287E-16, 0.0000000000000000000, -1.000000000000000000 ) ) ;
#4700 = MECHANICAL_DESIGN_GEOMETRIC_PRESENTATION_REPRESENTATION (  '', ( #2753 ), #13331 ) ;
#4701 =( NAMED_UNIT ( * ) PLANE_ANGLE_UNIT ( ) SI_UNIT ( $, .RADIAN. ) );
#4702 = ORIENTED_EDGE ( 'NONE', *, *, #8592, .F. ) ;
#4703 = CARTESIAN_POINT ( 'NONE',  ( 3.300000000000002043, 0.0000000000000000000, 25.22500000000000497 ) ) ;
#4704 = FILL_AREA_STYLE ('',( #4564 ) ) ;
#4705 = ORIENTED_EDGE ( 'NONE', *, *, #735, .F. ) ;
#4706 = PRESENTATION_STYLE_ASSIGNMENT (( #12681 ) ) ;
#4707 = CARTESIAN_POINT ( 'NONE',  ( 3.300000000000002487, -0.001000000000000000021, 22.92500000000000426 ) ) ;
#4708 =( NAMED_UNIT ( * ) SI_UNIT ( $, .STERADIAN. ) SOLID_ANGLE_UNIT ( ) );
#4709 = CARTESIAN_POINT ( 'NONE',  ( -6.299999999999998046, -0.001000000000000126222, 22.92500000000001137 ) ) ;
#4710 = FILL_AREA_STYLE_COLOUR ( '', #11384 ) ;
#4711 =( LENGTH_UNIT ( ) NAMED_UNIT ( * ) SI_UNIT ( .MILLI., .METRE. ) );
#4712 = DIRECTION ( 'NONE',  ( 4.135216867644355278E-17, 0.0000000000000000000, -1.000000000000000000 ) ) ;
#4713 = DIRECTION ( 'NONE',  ( 9.427844978134821433E-17, 0.0000000000000000000, 1.000000000000000000 ) ) ;
#4714 = STYLED_ITEM ( 'NONE', ( #8900 ), #3400 ) ;
#4715 = FILL_AREA_STYLE ('',( #686 ) ) ;
#4716 = FACE_OUTER_BOUND ( 'NONE', #4301, .T. ) ;
#4717 = UNCERTAINTY_MEASURE_WITH_UNIT (LENGTH_MEASURE( 1.000000000000000082E-05 ), #13211, 'distance_accuracy_value', 'NONE');
#4718 = ORIENTED_EDGE ( 'NONE', *, *, #6675, .F. ) ;
#4719 = PLANE ( 'NONE',  #10582 ) ;
#4720 = EDGE_CURVE ( 'NONE', #4367, #10089, #6081, .T. ) ;
#4722 = STYLED_ITEM ( 'NONE', ( #5030 ), #1152 ) ;
#4721 = LINE ( 'NONE', #4519, #4400 ) ;
#4723 = VERTEX_POINT ( 'NONE', #6019 ) ;
#4724 = FACE_OUTER_BOUND ( 'NONE', #6059, .T. ) ;
#4725 = VECTOR ( 'NONE', #7437, 1000.000000000000000 ) ;
#4726 = EDGE_CURVE ( 'NONE', #2189, #12953, #10195, .T. ) ;
#4727 = LINE ( 'NONE', #492, #7072 ) ;
#4728 = STYLED_ITEM ( 'NONE', ( #4295 ), #1647 ) ;
#4729 = LINE ( 'NONE', #2545, #225 ) ;
#4730 = UNCERTAINTY_MEASURE_WITH_UNIT (LENGTH_MEASURE( 1.000000000000000082E-05 ), #11096, 'distance_accuracy_value', 'NONE');
#4731 = ORIENTED_EDGE ( 'NONE', *, *, #7370, .F. ) ;
#4732 = CARTESIAN_POINT ( 'NONE',  ( 15.00000000000000000, 1.000000000000000000, 25.22500000000000853 ) ) ;
#4733 = LINE ( 'NONE', #498, #12639 ) ;
#4734 = EDGE_CURVE ( 'NONE', #2365, #6944, #6468, .T. ) ;
#4735 = PRESENTATION_STYLE_ASSIGNMENT (( #849 ) ) ;
#4736 = DIRECTION ( 'NONE',  ( 0.0000000000000000000, 0.0000000000000000000, -1.000000000000000000 ) ) ;
#4737 = ADVANCED_FACE ( 'NONE', ( #212 ), #3367, .T. ) ;
#4738 = SURFACE_SIDE_STYLE ('',( #569 ) ) ;
#4739 = EDGE_CURVE ( 'NONE', #8037, #530, #9643, .T. ) ;
#4740 = FILL_AREA_STYLE_COLOUR ( '', #7648 ) ;
#4741 = ORIENTED_EDGE ( 'NONE', *, *, #1009, .T. ) ;
#4742 = CARTESIAN_POINT ( 'NONE',  ( -15.00000000000000533, 1.000000000000000000, -25.47499999999999432 ) ) ;
#4743 = CARTESIAN_POINT ( 'NONE',  ( 10.30000000000000426, 1.000999999999999890, 25.22499999999999787 ) ) ;
#4744 = EDGE_CURVE ( 'NONE', #10649, #10544, #2340, .T. ) ;
#4745 = EDGE_CURVE ( 'Edge5', #13439, #4211, #8420, .T. ) ;
#4746 = FILL_AREA_STYLE ('',( #11900 ) ) ;
#4747 = FILL_AREA_STYLE ('',( #8715 ) ) ;
#4748 = ORIENTED_EDGE ( 'NONE', *, *, #9413, .F. ) ;
#4749 = DIRECTION ( 'NONE',  ( -1.000000000000000000, -0.0000000000000000000, -0.0000000000000000000 ) ) ;
#4750 = DIRECTION ( 'NONE',  ( 0.0000000000000000000, -1.000000000000000000, 0.0000000000000000000 ) ) ;
#4751 = UNCERTAINTY_MEASURE_WITH_UNIT (LENGTH_MEASURE( 1.000000000000000082E-05 ), #12253, 'distance_accuracy_value', 'NONE');
#4752 = FILL_AREA_STYLE ('',( #1766 ) ) ;
#4753 = SURFACE_SIDE_STYLE ('',( #651 ) ) ;
#4754 = UNCERTAINTY_MEASURE_WITH_UNIT (LENGTH_MEASURE( 1.000000000000000082E-05 ), #4616, 'distance_accuracy_value', 'NONE');
#4755 = EDGE_CURVE ( 'NONE', #5645, #12277, #5526, .T. ) ;
#4756 = ADVANCED_FACE ( 'NONE', ( #2263 ), #6404, .F. ) ;
#4757 = ORIENTED_EDGE ( 'NONE', *, *, #4656, .F. ) ;
#4758 = CARTESIAN_POINT ( 'NONE',  ( -15.00000000000000000, 0.0000000000000000000, 25.22500000000000853 ) ) ;
#4759 = DIRECTION ( 'NONE',  ( 0.0000000000000000000, 0.0000000000000000000, -1.000000000000000000 ) ) ;
#4760 = DIRECTION ( 'NONE',  ( -0.0000000000000000000, 1.000000000000000000, -0.0000000000000000000 ) ) ;
#4761 = CARTESIAN_POINT ( 'NONE',  ( -10.69999999999999574, 1.000999999999999890, 22.92500000000001137 ) ) ;
#4762 = ORIENTED_EDGE ( 'NONE', *, *, #11825, .F. ) ;
#4763 =( NAMED_UNIT ( * ) SI_UNIT ( $, .STERADIAN. ) SOLID_ANGLE_UNIT ( ) );
#4764 = LINE ( 'NONE', #592, #3679 ) ;
#4765 = DIRECTION ( 'NONE',  ( 0.0000000000000000000, 0.7071067811865475727, 0.7071067811865475727 ) ) ;
#4766 = CARTESIAN_POINT ( 'NONE',  ( 15.00000000000000000, -1.350000000000000089, 20.37500000000001066 ) ) ;
#4767 = FILL_AREA_STYLE_COLOUR ( '', #9458 ) ;
#4768 = LINE ( 'NONE', #8868, #1811 ) ;
#4769 = VERTEX_POINT ( 'NONE', #9496 ) ;
#4770 = PRESENTATION_STYLE_ASSIGNMENT (( #9893 ) ) ;
#4771 = ORIENTED_EDGE ( 'NONE', *, *, #6619, .F. ) ;
#4772 = DIRECTION ( 'NONE',  ( -0.0000000000000000000, 1.000000000000000000, -0.0000000000000000000 ) ) ;
#4773 = MECHANICAL_DESIGN_GEOMETRIC_PRESENTATION_REPRESENTATION (  '', ( #2859 ), #11675 ) ;
#4774 = DIRECTION ( 'NONE',  ( -1.000000000000000000, -0.0000000000000000000, -0.0000000000000000000 ) ) ;
#4775 = VECTOR ( 'NONE', #10298, 1000.000000000000000 ) ;
#4776 = ORIENTED_EDGE ( 'NONE', *, *, #8582, .T. ) ;
#4777 = PRESENTATION_STYLE_ASSIGNMENT (( #334 ) ) ;
#4778 = EDGE_CURVE ( 'NONE', #13368, #5181, #12694, .T. ) ;
#4779 = ORIENTED_EDGE ( 'NONE', *, *, #10108, .F. ) ;
#4780 = DIRECTION ( 'NONE',  ( 9.427844978134821433E-17, 0.0000000000000000000, 1.000000000000000000 ) ) ;
#4781 = STYLED_ITEM ( 'NONE', ( #5652 ), #5150 ) ;
#4782 = FACE_OUTER_BOUND ( 'NONE', #5346, .T. ) ;
#4783 =( LENGTH_UNIT ( ) NAMED_UNIT ( * ) SI_UNIT ( .MILLI., .METRE. ) );
#4784 = PRESENTATION_STYLE_ASSIGNMENT (( #9910 ) ) ;
#4785 =( LENGTH_UNIT ( ) NAMED_UNIT ( * ) SI_UNIT ( .MILLI., .METRE. ) );
#4786 = ORIENTED_EDGE ( 'NONE', *, *, #490, .F. ) ;
#4787 = CARTESIAN_POINT ( 'NONE',  ( 2.300000000000003819, 1.000999999999999890, 22.92500000000000426 ) ) ;
#4788 =( LENGTH_UNIT ( ) NAMED_UNIT ( * ) SI_UNIT ( .MILLI., .METRE. ) );
#4789 = ORIENTED_EDGE ( 'NONE', *, *, #2820, .F. ) ;
#4790 = PRESENTATION_STYLE_ASSIGNMENT (( #4653 ) ) ;
#4791 = ORIENTED_EDGE ( 'NONE', *, *, #13096, .T. ) ;
#4792 =( LENGTH_UNIT ( ) NAMED_UNIT ( * ) SI_UNIT ( .MILLI., .METRE. ) );
#4793 = FILL_AREA_STYLE ('',( #11885 ) ) ;
#4794 = VECTOR ( 'NONE', #2721, 1000.000000000000000 ) ;
#4795 =( LENGTH_UNIT ( ) NAMED_UNIT ( * ) SI_UNIT ( .MILLI., .METRE. ) );
#4796 = ORIENTED_EDGE ( 'NONE', *, *, #12079, .T. ) ;
#4797 = LINE ( 'NONE', #1609, #5268 ) ;
#4798 = SURFACE_STYLE_FILL_AREA ( #3986 ) ;
#4799 = LINE ( 'NONE', #1885, #5580 ) ;
#4800 = EDGE_CURVE ( 'NONE', #10725, #12623, #7554, .T. ) ;
#4801 =( LENGTH_UNIT ( ) NAMED_UNIT ( * ) SI_UNIT ( .MILLI., .METRE. ) );
#4802 = ORIENTED_EDGE ( 'NONE', *, *, #9503, .T. ) ;
#4803 =( NAMED_UNIT ( * ) SI_UNIT ( $, .STERADIAN. ) SOLID_ANGLE_UNIT ( ) );
#4804 = AXIS2_PLACEMENT_3D ( 'NONE', #3540, #7673, #9905 ) ;
#4805 = DIRECTION ( 'NONE',  ( 0.0000000000000000000, -1.000000000000000000, 0.0000000000000000000 ) ) ;
#4806 = EDGE_CURVE ( 'NONE', #6011, #3369, #11745, .T. ) ;
#4807 = EDGE_CURVE ( 'NONE', #9233, #12054, #6599, .T. ) ;
#4808 = SURFACE_SIDE_STYLE ('',( #9939 ) ) ;
#4809 = ORIENTED_EDGE ( 'NONE', *, *, #9503, .F. ) ;
#4810 = DIRECTION ( 'NONE',  ( -3.771137991253928573E-16, -0.0000000000000000000, 1.000000000000000000 ) ) ;
#4811 = SURFACE_STYLE_FILL_AREA ( #5775 ) ;
#4812 = FACE_OUTER_BOUND ( 'NONE', #9575, .T. ) ;
#4813 = VECTOR ( 'NONE', #7373, 1000.000000000000000 ) ;
#4814 = VECTOR ( 'NONE', #7110, 1000.000000000000000 ) ;
#4815 = VERTEX_POINT ( 'NONE', #8488 ) ;
#4816 = SURFACE_STYLE_FILL_AREA ( #5558 ) ;
#4817 = EDGE_CURVE ( 'NONE', #10451, #2184, #1464, .T. ) ;
#4818 = ORIENTED_EDGE ( 'NONE', *, *, #9485, .T. ) ;
#4819 = DIRECTION ( 'NONE',  ( -0.0000000000000000000, -1.000000000000000000, -0.0000000000000000000 ) ) ;
#4820 = PLANE ( 'NONE',  #3070 ) ;
#4821 = MECHANICAL_DESIGN_GEOMETRIC_PRESENTATION_REPRESENTATION (  '', ( #8686 ), #12363 ) ;
#4822 = VECTOR ( 'NONE', #5254, 1000.000000000000000 ) ;
#4823 = ADVANCED_FACE ( 'NONE', ( #11474 ), #6337, .T. ) ;
#4824 = PRESENTATION_STYLE_ASSIGNMENT (( #4895 ) ) ;
#4825 = FACE_OUTER_BOUND ( 'NONE', #6411, .T. ) ;
#4826 = VECTOR ( 'NONE', #11844, 1000.000000000000000 ) ;
#4827 = VERTEX_POINT ( 'NONE', #12013 ) ;
#4828 = LINE ( 'NONE', #4557, #11775 ) ;
#4829 = LINE ( 'NONE', #2874, #6084 ) ;
#4830 = CARTESIAN_POINT ( 'NONE',  ( 0.1000000000000017819, -0.001000000000000000021, 25.22500000000000853 ) ) ;
#4831 = PRESENTATION_LAYER_ASSIGNMENT (  '', '', ( #10644 ) ) ;
#4832 = ORIENTED_EDGE ( 'NONE', *, *, #13334, .F. ) ;
#4833 = CARTESIAN_POINT ( 'NONE',  ( -7.899999999999999467, -3.784851220313032271E-16, 25.22500000000001208 ) ) ;
#4834 = SURFACE_SIDE_STYLE ('',( #7940 ) ) ;
#4835 = DIRECTION ( 'NONE',  ( -0.0000000000000000000, -0.0000000000000000000, -1.000000000000000000 ) ) ;
#4836 = STYLED_ITEM ( 'NONE', ( #10832 ), #10680 ) ;
#4837 = LINE ( 'NONE', #11867, #4350 ) ;
#4838 = ORIENTED_EDGE ( 'NONE', *, *, #928, .F. ) ;
#4839 = PLANE ( 'NONE',  #6347 ) ;
#4840 = PRESENTATION_STYLE_ASSIGNMENT (( #6114 ) ) ;
#4841 = STYLED_ITEM ( 'NONE', ( #4947 ), #8018 ) ;
#4842 = SURFACE_STYLE_FILL_AREA ( #966 ) ;
#4843 = VECTOR ( 'NONE', #9596, 1000.000000000000000 ) ;
#4844 = FILL_AREA_STYLE_COLOUR ( '', #3898 ) ;
#4845 = PLANE ( 'NONE',  #596 ) ;
#4846 = LINE ( 'NONE', #8959, #3970 ) ;
#4847 = SURFACE_SIDE_STYLE ('',( #9030 ) ) ;
#4848 = CARTESIAN_POINT ( 'NONE',  ( 9.700000000000002842, -0.001000000000000000021, 22.92499999999999716 ) ) ;
#4849 = DIRECTION ( 'NONE',  ( -1.000000000000000000, 0.0000000000000000000, -9.427844978134821433E-17 ) ) ;
#4850 = UNCERTAINTY_MEASURE_WITH_UNIT (LENGTH_MEASURE( 1.000000000000000082E-05 ), #11311, 'distance_accuracy_value', 'NONE');
#4851 = ORIENTED_EDGE ( 'NONE', *, *, #5896, .T. ) ;
#4852 = CARTESIAN_POINT ( 'NONE',  ( -6.899999999999998579, -0.001000000000000126222, 25.22500000000001208 ) ) ;
#4853 = STYLED_ITEM ( 'NONE', ( #9301 ), #8440 ) ;
#4854 =( GEOMETRIC_REPRESENTATION_CONTEXT ( 3 ) GLOBAL_UNCERTAINTY_ASSIGNED_CONTEXT ( ( #11628 ) ) GLOBAL_UNIT_ASSIGNED_CONTEXT ( ( #6552, #7766, #365 ) ) REPRESENTATION_CONTEXT ( 'NONE', 'WORKASPACE' ) );
#4855 = ORIENTED_EDGE ( 'NONE', *, *, #11595, .F. ) ;
#4856 = CARTESIAN_POINT ( 'NONE',  ( 11.30000000000000249, -0.001000000000000000021, 25.22499999999999432 ) ) ;
#4857 = ORIENTED_EDGE ( 'NONE', *, *, #13341, .T. ) ;
#4858 = STYLED_ITEM ( 'NONE', ( #2321 ), #5742 ) ;
#4859 = DIRECTION ( 'NONE',  ( -0.0000000000000000000, 1.000000000000000000, -0.0000000000000000000 ) ) ;
#4860 = VECTOR ( 'NONE', #2462, 1000.000000000000000 ) ;
#4861 = AXIS2_PLACEMENT_3D ( 'NONE', #6585, #10706, #6793 ) ;
#4862 = FILL_AREA_STYLE_COLOUR ( '', #779 ) ;
#4863 = SURFACE_STYLE_USAGE ( .BOTH. , #4660 ) ;
#4864 = UNCERTAINTY_MEASURE_WITH_UNIT (LENGTH_MEASURE( 1.000000000000000082E-05 ), #11028, 'distance_accuracy_value', 'NONE');
#4865 = VERTEX_POINT ( 'NONE', #2758 ) ;
#4866 = DIRECTION ( 'NONE',  ( -1.000000000000000000, -0.0000000000000000000, -0.0000000000000000000 ) ) ;
#4867 = DIRECTION ( 'NONE',  ( -0.0000000000000000000, -1.000000000000000000, -0.0000000000000000000 ) ) ;
#4868 = CARTESIAN_POINT ( 'NONE',  ( -7.699999999999998401, -2.523234146875355012E-16, 25.22500000000001208 ) ) ;
#4869 = ORIENTED_EDGE ( 'NONE', *, *, #128, .T. ) ;
#4870 = VECTOR ( 'NONE', #9539, 1000.000000000000000 ) ;
#4871 = CARTESIAN_POINT ( 'NONE',  ( -12.09999999999999609, 1.000999999999999890, 25.22500000000001208 ) ) ;
#4872 = LINE ( 'NONE', #8983, #10662 ) ;
#4873 = ORIENTED_EDGE ( 'NONE', *, *, #7844, .F. ) ;
#4874 = VECTOR ( 'NONE', #1082, 1000.000000000000000 ) ;
#4875 = CARTESIAN_POINT ( 'NONE',  ( 10.10000000000000320, 1.000999999999999890, 25.22499999999999787 ) ) ;
#4876 =( GEOMETRIC_REPRESENTATION_CONTEXT ( 3 ) GLOBAL_UNCERTAINTY_ASSIGNED_CONTEXT ( ( #10260 ) ) GLOBAL_UNIT_ASSIGNED_CONTEXT ( ( #8045, #2061, #4803 ) ) REPRESENTATION_CONTEXT ( 'NONE', 'WORKASPACE' ) );
#4877 = ORIENTED_EDGE ( 'NONE', *, *, #10927, .F. ) ;
#4878 = CARTESIAN_POINT ( 'NONE',  ( -15.00000000000000000, 3.399999999999999911, 22.27500000000000568 ) ) ;
#4879 =( LENGTH_UNIT ( ) NAMED_UNIT ( * ) SI_UNIT ( .MILLI., .METRE. ) );
#4880 = UNCERTAINTY_MEASURE_WITH_UNIT (LENGTH_MEASURE( 1.000000000000000082E-05 ), #1162, 'distance_accuracy_value', 'NONE');
#4881 = SURFACE_SIDE_STYLE ('',( #10015 ) ) ;
#4882 = CARTESIAN_POINT ( 'NONE',  ( 1.700000000000001954, 0.0000000000000000000, 25.22500000000000497 ) ) ;
#4883 = SURFACE_STYLE_USAGE ( .BOTH. , #4753 ) ;
#4884 = STYLED_ITEM ( 'NONE', ( #5075 ), #9541 ) ;
#4885 = EDGE_LOOP ( 'NONE', ( #7454, #12751 ) ) ;
#4886 = FACE_OUTER_BOUND ( 'NONE', #10379, .T. ) ;
#4887 = DIRECTION ( 'NONE',  ( 0.0000000000000000000, 1.000000000000000000, 0.0000000000000000000 ) ) ;
#4888 = STYLED_ITEM ( 'NONE', ( #32 ), #2921 ) ;
#4889 = ADVANCED_FACE ( 'NONE', ( #6943 ), #4719, .F. ) ;
#4890 = VERTEX_POINT ( 'NONE', #619 ) ;
#4891 = CARTESIAN_POINT ( 'NONE',  ( -6.299999999999998046, 0.0000000000000000000, 25.22500000000000853 ) ) ;
#4892 =( NAMED_UNIT ( * ) PLANE_ANGLE_UNIT ( ) SI_UNIT ( $, .RADIAN. ) );
#4893 = FILL_AREA_STYLE_COLOUR ( '', #4585 ) ;
#4894 = VECTOR ( 'NONE', #10372, 1000.000000000000000 ) ;
#4895 = SURFACE_STYLE_USAGE ( .BOTH. , #9003 ) ;
#4896 = COLOUR_RGB ( '',1.000000000000000000, 1.000000000000000000, 0.0000000000000000000 ) ;
#4897 = ADVANCED_FACE ( 'NONE', ( #8826 ), #13174, .F. ) ;
#4898 = FILL_AREA_STYLE ('',( #11919 ) ) ;
#4899 = CARTESIAN_POINT ( 'NONE',  ( -9.200000000000004619, -1.350000000000000089, -19.67499999999999361 ) ) ;
#4900 = ORIENTED_EDGE ( 'NONE', *, *, #11099, .F. ) ;
#4901 = FILL_AREA_STYLE_COLOUR ( '', #11134 ) ;
#4902 =( NAMED_UNIT ( * ) SI_UNIT ( $, .STERADIAN. ) SOLID_ANGLE_UNIT ( ) );
#4903 = ORIENTED_EDGE ( 'NONE', *, *, #2386, .T. ) ;
#4904 = SURFACE_STYLE_USAGE ( .BOTH. , #10230 ) ;
#4905 = SURFACE_STYLE_USAGE ( .BOTH. , #673 ) ;
#4906 = DIRECTION ( 'NONE',  ( -1.000000000000000000, 0.0000000000000000000, -9.427844978134821433E-17 ) ) ;
#4907 = ADVANCED_FACE ( 'NONE', ( #6192 ), #8024, .F. ) ;
#4908 = VECTOR ( 'NONE', #1410, 1000.000000000000000 ) ;
#4909 = VERTEX_POINT ( 'NONE', #2895 ) ;
#4910 =( LENGTH_UNIT ( ) NAMED_UNIT ( * ) SI_UNIT ( .MILLI., .METRE. ) );
#4911 = LINE ( 'NONE', #2598, #267 ) ;
#4912 = ADVANCED_FACE ( 'NONE', ( #11145 ), #13232, .F. ) ;
#4913 =( NAMED_UNIT ( * ) SI_UNIT ( $, .STERADIAN. ) SOLID_ANGLE_UNIT ( ) );
#4914 = CARTESIAN_POINT ( 'NONE',  ( -0.2999999999999964362, 1.000000000000000000, 22.92500000000000782 ) ) ;
#4915 = SURFACE_SIDE_STYLE ('',( #8819 ) ) ;
#4916 = EDGE_CURVE ( 'NONE', #6246, #2388, #13305, .T. ) ;
#4917 = DIRECTION ( 'NONE',  ( -0.0000000000000000000, 1.000000000000000000, -0.0000000000000000000 ) ) ;
#4918 = ADVANCED_FACE ( 'NONE', ( #11391 ), #12405, .F. ) ;
#4919 = SURFACE_STYLE_FILL_AREA ( #4094 ) ;
#4920 = LINE ( 'NONE', #3759, #7478 ) ;
#4921 = CARTESIAN_POINT ( 'NONE',  ( 9.900000000000002132, 0.0000000000000000000, 25.22499999999999787 ) ) ;
#4922 = ORIENTED_EDGE ( 'NONE', *, *, #2001, .F. ) ;
#4923 = CARTESIAN_POINT ( 'NONE',  ( 7.900000000000003908, 1.000999999999999890, 25.22499999999999787 ) ) ;
#4924 = SURFACE_SIDE_STYLE ('',( #2608 ) ) ;
#4925 = EDGE_CURVE ( 'NONE', #6729, #12238, #3412, .T. ) ;
#4926 = ORIENTED_EDGE ( 'NONE', *, *, #1330, .F. ) ;
#4927 = LINE ( 'NONE', #10997, #6341 ) ;
#4928 = ORIENTED_EDGE ( 'NONE', *, *, #6808, .F. ) ;
#4929 = CARTESIAN_POINT ( 'NONE',  ( 12.09999999999999964, 0.0000000000000000000, -21.27499999999998792 ) ) ;
#4930 = AXIS2_PLACEMENT_3D ( 'NONE', #12122, #8074, #10161 ) ;
#4931 = DIRECTION ( 'NONE',  ( -0.0000000000000000000, -1.000000000000000000, -0.0000000000000000000 ) ) ;
#4932 = FILL_AREA_STYLE_COLOUR ( '', #5783 ) ;
#4933 = ORIENTED_EDGE ( 'NONE', *, *, #8043, .T. ) ;
#4934 = CARTESIAN_POINT ( 'NONE',  ( -6.099999999999997868, -0.001000000000000000021, 22.92500000000001137 ) ) ;
#4935 = SURFACE_SIDE_STYLE ('',( #6018 ) ) ;
#4936 = SURFACE_STYLE_USAGE ( .BOTH. , #7761 ) ;
#4937 = LINE ( 'NONE', #11276, #12332 ) ;
#4938 = EDGE_LOOP ( 'NONE', ( #10111, #4873, #12271, #1191 ) ) ;
#4939 = DIRECTION ( 'NONE',  ( 0.0000000000000000000, 0.0000000000000000000, 1.000000000000000000 ) ) ;
#4940 = EDGE_CURVE ( 'NONE', #485, #3738, #11455, .T. ) ;
#4941 = LINE ( 'NONE', #1957, #12729 ) ;
#4942 = VECTOR ( 'NONE', #12049, 1000.000000000000000 ) ;
#4943 = FACE_OUTER_BOUND ( 'NONE', #1130, .T. ) ;
#4944 = ORIENTED_EDGE ( 'NONE', *, *, #5805, .T. ) ;
#4945 = PLANE ( 'NONE',  #1160 ) ;
#4946 = SURFACE_STYLE_USAGE ( .BOTH. , #9870 ) ;
#4947 = PRESENTATION_STYLE_ASSIGNMENT (( #8993 ) ) ;
#4948 =( LENGTH_UNIT ( ) NAMED_UNIT ( * ) SI_UNIT ( .MILLI., .METRE. ) );
#4949 = FILL_AREA_STYLE_COLOUR ( '', #751 ) ;
#4950 = EDGE_LOOP ( 'NONE', ( #12304, #706, #10197, #11317 ) ) ;
#4951 = PLANE ( 'NONE',  #11034 ) ;
#4952 = FILL_AREA_STYLE_COLOUR ( '', #12784 ) ;
#4953 = SURFACE_SIDE_STYLE ('',( #941 ) ) ;
#4954 = ORIENTED_EDGE ( 'NONE', *, *, #11331, .T. ) ;
#4955 = LINE ( 'NONE', #11915, #2630 ) ;
#4956 = SURFACE_STYLE_FILL_AREA ( #12190 ) ;
#4957 = CARTESIAN_POINT ( 'NONE',  ( 9.100000000000001421, -0.001000000000000000021, 22.92499999999999716 ) ) ;
#4958 = ORIENTED_EDGE ( 'NONE', *, *, #8610, .F. ) ;
#4959 = DIRECTION ( 'NONE',  ( -0.0000000000000000000, 0.0000000000000000000, 1.000000000000000000 ) ) ;
#4960 = FILL_AREA_STYLE_COLOUR ( '', #2613 ) ;
#4961 = LINE ( 'NONE', #4020, #2623 ) ;
#4962 = EDGE_LOOP ( 'NONE', ( #2825, #13041, #10766, #5355 ) ) ;
#4963 = DIRECTION ( 'NONE',  ( 0.0000000000000000000, 0.0000000000000000000, -1.000000000000000000 ) ) ;
#4964 = FILL_AREA_STYLE ('',( #4024 ) ) ;
#4965 = DIRECTION ( 'NONE',  ( -1.000000000000000000, -0.0000000000000000000, -0.0000000000000000000 ) ) ;
#4966 = VERTEX_POINT ( 'NONE', #7327 ) ;
#4967 = CARTESIAN_POINT ( 'NONE',  ( 7.900000000000003908, 1.000999999999999890, 22.92499999999999716 ) ) ;
#4968 = EDGE_CURVE ( 'NONE', #2804, #11626, #3347, .T. ) ;
#4969 = DIRECTION ( 'NONE',  ( -1.000000000000000000, 0.0000000000000000000, 0.0000000000000000000 ) ) ;
#4970 = VECTOR ( 'NONE', #9304, 1000.000000000000000 ) ;
#4971 = DIRECTION ( 'NONE',  ( -1.000000000000000000, -0.0000000000000000000, -0.0000000000000000000 ) ) ;
#4972 =( NAMED_UNIT ( * ) PLANE_ANGLE_UNIT ( ) SI_UNIT ( $, .RADIAN. ) );
#4973 = EDGE_CURVE ( 'NONE', #3288, #7235, #12528, .T. ) ;
#4974 = CARTESIAN_POINT ( 'NONE',  ( -10.30000000000000071, -0.001000000000000757011, 25.22500000000001208 ) ) ;
#4975 = ADVANCED_FACE ( 'NONE', ( #6319 ), #11536, .T. ) ;
#4976 = AXIS2_PLACEMENT_3D ( 'NONE', #8683, #5662, #474 ) ;
#4977 = CARTESIAN_POINT ( 'NONE',  ( 10.70000000000000284, -0.001000000000000000021, 22.92499999999999361 ) ) ;
#4978 = CARTESIAN_POINT ( 'NONE',  ( -2.499999999999996891, 1.000000000000000000, 22.92500000000000782 ) ) ;
#4979 = AXIS2_PLACEMENT_3D ( 'NONE', #5038, #12384, #2945 ) ;
#4980 = ORIENTED_EDGE ( 'NONE', *, *, #10483, .T. ) ;
#4981 = CARTESIAN_POINT ( 'NONE',  ( 11.50000000000000355, 0.0000000000000000000, 22.92499999999999361 ) ) ;
#4982 = UNCERTAINTY_MEASURE_WITH_UNIT (LENGTH_MEASURE( 1.000000000000000082E-05 ), #10263, 'distance_accuracy_value', 'NONE');
#4983 = ORIENTED_EDGE ( 'NONE', *, *, #9328, .F. ) ;
#4984 = DIRECTION ( 'NONE',  ( 1.885568995626964287E-16, 0.0000000000000000000, -1.000000000000000000 ) ) ;
#4985 = SURFACE_STYLE_USAGE ( .BOTH. , #7079 ) ;
#4986 = VERTEX_POINT ( 'NONE', #330 ) ;
#4987 = LINE ( 'NONE', #5878, #2678 ) ;
#4988 = ORIENTED_EDGE ( 'NONE', *, *, #11917, .T. ) ;
#4989 = LINE ( 'NONE', #6947, #12785 ) ;
#4990 = EDGE_CURVE ( 'NONE', #9880, #7981, #4506, .T. ) ;
#4991 = EDGE_CURVE ( 'NONE', #11812, #261, #8609, .T. ) ;
#4992 = AXIS2_PLACEMENT_3D ( 'NONE', #2878, #4906, #1919 ) ;
#4993 = COLOUR_RGB ( '',1.000000000000000000, 1.000000000000000000, 0.0000000000000000000 ) ;
#4994 = CARTESIAN_POINT ( 'NONE',  ( 9.900000000000002132, -0.001000000000000000021, 22.92499999999999716 ) ) ;
#4995 = VECTOR ( 'NONE', #7716, 1000.000000000000000 ) ;
#4996 = DIRECTION ( 'NONE',  ( 1.000000000000000000, 0.0000000000000000000, 0.0000000000000000000 ) ) ;
#4997 = EDGE_CURVE ( 'NONE', #13438, #12177, #5581, .T. ) ;
#4998 = EDGE_CURVE ( 'NONE', #5649, #837, #8408, .T. ) ;
#4999 = PLANE ( 'NONE',  #3945 ) ;
#5000 = UNCERTAINTY_MEASURE_WITH_UNIT (LENGTH_MEASURE( 1.000000000000000082E-05 ), #10559, 'distance_accuracy_value', 'NONE');
#5001 = VECTOR ( 'NONE', #10916, 1000.000000000000000 ) ;
#5002 = ORIENTED_EDGE ( 'NONE', *, *, #3398, .T. ) ;
#5003 = PLANE ( 'NONE',  #1596 ) ;
#5004 =( NAMED_UNIT ( * ) PLANE_ANGLE_UNIT ( ) SI_UNIT ( $, .RADIAN. ) );
#5005 = VECTOR ( 'NONE', #11702, 1000.000000000000000 ) ;
#5006 =( NAMED_UNIT ( * ) SI_UNIT ( $, .STERADIAN. ) SOLID_ANGLE_UNIT ( ) );
#5007 = UNCERTAINTY_MEASURE_WITH_UNIT (LENGTH_MEASURE( 1.000000000000000082E-05 ), #8930, 'distance_accuracy_value', 'NONE');
#5008 = CARTESIAN_POINT ( 'NONE',  ( -6.499999999999995559, 1.000999999999999890, 25.22500000000001208 ) ) ;
#5009 = LINE ( 'NONE', #8903, #7798 ) ;
#5010 = PLANE ( 'NONE',  #4628 ) ;
#5011 = AXIS2_PLACEMENT_3D ( 'NONE', #9892, #458, #532 ) ;
#5012 = ORIENTED_EDGE ( 'NONE', *, *, #5081, .F. ) ;
#5013 = COLOUR_RGB ( '',1.000000000000000000, 1.000000000000000000, 0.0000000000000000000 ) ;
#5014 = AXIS2_PLACEMENT_3D ( 'NONE', #3371, #2017, #7226 ) ;
#5015 = ORIENTED_EDGE ( 'NONE', *, *, #12471, .F. ) ;
#5016 = STYLED_ITEM ( 'NONE', ( #9997 ), #4494 ) ;
#5017 = UNCERTAINTY_MEASURE_WITH_UNIT (LENGTH_MEASURE( 1.000000000000000082E-05 ), #6912, 'distance_accuracy_value', 'NONE');
#5018 = CARTESIAN_POINT ( 'NONE',  ( 6.300000000000003375, 1.000999999999999890, 25.22500000000000142 ) ) ;
#5019 =( NAMED_UNIT ( * ) PLANE_ANGLE_UNIT ( ) SI_UNIT ( $, .RADIAN. ) );
#5020 = DIRECTION ( 'NONE',  ( -0.0000000000000000000, -1.000000000000000000, -0.0000000000000000000 ) ) ;
#5021 = ORIENTED_EDGE ( 'NONE', *, *, #7738, .T. ) ;
#5022 = CARTESIAN_POINT ( 'NONE',  ( 9.199999999999999289, 3.399999999999999911, -19.67499999999999361 ) ) ;
#5023 = SURFACE_STYLE_FILL_AREA ( #1701 ) ;
#5024 = SURFACE_STYLE_USAGE ( .BOTH. , #4953 ) ;
#5025 = VECTOR ( 'NONE', #5933, 1000.000000000000000 ) ;
#5026 = ORIENTED_EDGE ( 'NONE', *, *, #12552, .T. ) ;
#5027 = CARTESIAN_POINT ( 'NONE',  ( 2.300000000000003819, 1.000999999999999890, 22.92500000000000426 ) ) ;
#5028 = DIRECTION ( 'NONE',  ( 0.0000000000000000000, -0.0000000000000000000, 1.000000000000000000 ) ) ;
#5029 =( NAMED_UNIT ( * ) PLANE_ANGLE_UNIT ( ) SI_UNIT ( $, .RADIAN. ) );
#5030 = PRESENTATION_STYLE_ASSIGNMENT (( #11291 ) ) ;
#5031 = PRESENTATION_LAYER_ASSIGNMENT (  '', '', ( #10200 ) ) ;
#5032 =( GEOMETRIC_REPRESENTATION_CONTEXT ( 3 ) GLOBAL_UNCERTAINTY_ASSIGNED_CONTEXT ( ( #6907 ) ) GLOBAL_UNIT_ASSIGNED_CONTEXT ( ( #803, #10031, #11292 ) ) REPRESENTATION_CONTEXT ( 'NONE', 'WORKASPACE' ) );
#5033 = SURFACE_STYLE_FILL_AREA ( #12115 ) ;
#5034 = VECTOR ( 'NONE', #10217, 1000.000000000000000 ) ;
#5035 = FACE_OUTER_BOUND ( 'NONE', #11335, .T. ) ;
#5036 = PRESENTATION_STYLE_ASSIGNMENT (( #2802 ) ) ;
#5037 = ORIENTED_EDGE ( 'NONE', *, *, #2394, .F. ) ;
#5038 = CARTESIAN_POINT ( 'NONE',  ( -10.90000000000000036, -0.001000000000000757011, 25.22500000000001208 ) ) ;
#5039 = FILL_AREA_STYLE_COLOUR ( '', #6971 ) ;
#5040 = CARTESIAN_POINT ( 'NONE',  ( -2.099999999999998312, -0.001000000000000000021, 22.92500000000000782 ) ) ;
#5041 = ORIENTED_EDGE ( 'NONE', *, *, #3210, .T. ) ;
#5042 = DIRECTION ( 'NONE',  ( 1.000000000000000000, 0.0000000000000000000, -0.0000000000000000000 ) ) ;
#5043 =( GEOMETRIC_REPRESENTATION_CONTEXT ( 3 ) GLOBAL_UNCERTAINTY_ASSIGNED_CONTEXT ( ( #12553 ) ) GLOBAL_UNIT_ASSIGNED_CONTEXT ( ( #9624, #9479, #6509 ) ) REPRESENTATION_CONTEXT ( 'NONE', 'WORKASPACE' ) );
#5044 = FILL_AREA_STYLE ('',( #11192 ) ) ;
#5045 = STYLED_ITEM ( 'NONE', ( #12898 ), #10351 ) ;
#5046 = FILL_AREA_STYLE_COLOUR ( '', #6727 ) ;
#5047 = CARTESIAN_POINT ( 'NONE',  ( -1.299999999999998712, -0.001000000000000000021, 25.22500000000000853 ) ) ;
#5048 = DIRECTION ( 'NONE',  ( -1.000000000000000000, 0.0000000000000000000, -9.427844978134821433E-17 ) ) ;
#5049 = FILL_AREA_STYLE ('',( #8086 ) ) ;
#5050 =( GEOMETRIC_REPRESENTATION_CONTEXT ( 3 ) GLOBAL_UNCERTAINTY_ASSIGNED_CONTEXT ( ( #7432 ) ) GLOBAL_UNIT_ASSIGNED_CONTEXT ( ( #5440, #3267, #12459 ) ) REPRESENTATION_CONTEXT ( 'NONE', 'WORKASPACE' ) );
#5051 = EDGE_CURVE ( 'NONE', #665, #7537, #8472, .T. ) ;
#5052 = ORIENTED_EDGE ( 'NONE', *, *, #12359, .T. ) ;
#5053 = CARTESIAN_POINT ( 'NONE',  ( 8.700000000000002842, 1.000999999999999890, 22.92499999999999716 ) ) ;
#5054 = MECHANICAL_DESIGN_GEOMETRIC_PRESENTATION_REPRESENTATION (  '', ( #5714 ), #8477 ) ;
#5055 = FILL_AREA_STYLE ('',( #4099 ) ) ;
#5056 = ORIENTED_EDGE ( 'NONE', *, *, #7372, .T. ) ;
#5057 = DIRECTION ( 'NONE',  ( 0.0000000000000000000, 0.0000000000000000000, 1.000000000000000000 ) ) ;
#5058 =( NAMED_UNIT ( * ) PLANE_ANGLE_UNIT ( ) SI_UNIT ( $, .RADIAN. ) );
#5059 = VERTEX_POINT ( 'NONE', #8811 ) ;
#5060 = SURFACE_STYLE_USAGE ( .BOTH. , #10119 ) ;
#5061 =( GEOMETRIC_REPRESENTATION_CONTEXT ( 3 ) GLOBAL_UNCERTAINTY_ASSIGNED_CONTEXT ( ( #11077 ) ) GLOBAL_UNIT_ASSIGNED_CONTEXT ( ( #12913, #9926, #9788 ) ) REPRESENTATION_CONTEXT ( 'NONE', 'WORKASPACE' ) );
#5062 = PRESENTATION_LAYER_ASSIGNMENT (  '', '', ( #5269 ) ) ;
#5063 = EDGE_CURVE ( 'NONE', #11275, #4723, #7735, .T. ) ;
#5064 = PRESENTATION_LAYER_ASSIGNMENT (  '', '', ( #7420 ) ) ;
#5065 =( NAMED_UNIT ( * ) SI_UNIT ( $, .STERADIAN. ) SOLID_ANGLE_UNIT ( ) );
#5066 = EDGE_LOOP ( 'NONE', ( #8567, #3603, #6614, #9594 ) ) ;
#5067 = VECTOR ( 'NONE', #6560, 1000.000000000000000 ) ;
#5068 =( NAMED_UNIT ( * ) PLANE_ANGLE_UNIT ( ) SI_UNIT ( $, .RADIAN. ) );
#5069 = VECTOR ( 'NONE', #5461, 1000.000000000000000 ) ;
#5070 = EDGE_CURVE ( 'NONE', #9129, #11275, #13029, .T. ) ;
#5071 =( NAMED_UNIT ( * ) PLANE_ANGLE_UNIT ( ) SI_UNIT ( $, .RADIAN. ) );
#5072 = PRESENTATION_LAYER_ASSIGNMENT (  '', '', ( #3321 ) ) ;
#5073 = EDGE_LOOP ( 'NONE', ( #2749, #11230, #12775, #5424 ) ) ;
#5074 = CARTESIAN_POINT ( 'NONE',  ( -3.099999999999997424, 1.000000000000000000, 22.22500000000001208 ) ) ;
#5075 = PRESENTATION_STYLE_ASSIGNMENT (( #7027 ) ) ;
#5076 = MECHANICAL_DESIGN_GEOMETRIC_PRESENTATION_REPRESENTATION (  '', ( #6146 ), #11968 ) ;
#5077 = LINE ( 'NONE', #6206, #6049 ) ;
#5078 = FILL_AREA_STYLE ('',( #13194 ) ) ;
#5079 = ORIENTED_EDGE ( 'NONE', *, *, #10676, .F. ) ;
#5080 = DIRECTION ( 'NONE',  ( -0.0000000000000000000, -1.000000000000000000, -0.0000000000000000000 ) ) ;
#5081 = EDGE_CURVE ( 'NONE', #6725, #7395, #3672, .T. ) ;
#5082 = ORIENTED_EDGE ( 'NONE', *, *, #3162, .T. ) ;
#5083 = PRESENTATION_LAYER_ASSIGNMENT (  '', '', ( #5734 ) ) ;
#5084 = EDGE_CURVE ( 'NONE', #8526, #11147, #4837, .T. ) ;
#5085 = DIRECTION ( 'NONE',  ( -1.299418334065024133E-16, -0.0000000000000000000, -1.000000000000000000 ) ) ;
#5086 = STYLED_ITEM ( 'NONE', ( #8263 ), #5986 ) ;
#5087 = EDGE_CURVE ( 'NONE', #10075, #813, #3743, .T. ) ;
#5088 = EDGE_LOOP ( 'NONE', ( #6861, #10478, #13053, #818 ) ) ;
#5089 = VECTOR ( 'NONE', #4290, 1000.000000000000000 ) ;
#5090 =( LENGTH_UNIT ( ) NAMED_UNIT ( * ) SI_UNIT ( .MILLI., .METRE. ) );
#5091 = ORIENTED_EDGE ( 'NONE', *, *, #317, .T. ) ;
#5092 = PRESENTATION_STYLE_ASSIGNMENT (( #3799 ) ) ;
#5093 = SURFACE_STYLE_FILL_AREA ( #939 ) ;
#5094 =( GEOMETRIC_REPRESENTATION_CONTEXT ( 3 ) GLOBAL_UNCERTAINTY_ASSIGNED_CONTEXT ( ( #9173 ) ) GLOBAL_UNIT_ASSIGNED_CONTEXT ( ( #7116, #2801, #954 ) ) REPRESENTATION_CONTEXT ( 'NONE', 'WORKASPACE' ) );
#5095 = ORIENTED_EDGE ( 'NONE', *, *, #2063, .F. ) ;
#5096 = FACE_OUTER_BOUND ( 'NONE', #11064, .T. ) ;
#5097 = COLOUR_RGB ( '',0.0000000000000000000, 0.7529411764705882248, 0.0000000000000000000 ) ;
#5098 = DIRECTION ( 'NONE',  ( 0.0000000000000000000, -0.0000000000000000000, 1.000000000000000000 ) ) ;
#5099 = VECTOR ( 'NONE', #3507, 1000.000000000000000 ) ;
#5100 = DIRECTION ( 'NONE',  ( -1.000000000000000000, 0.0000000000000000000, -0.0000000000000000000 ) ) ;
#5101 = AXIS2_PLACEMENT_3D ( 'NONE', #10335, #7233, #3232 ) ;
#5102 =( NAMED_UNIT ( * ) PLANE_ANGLE_UNIT ( ) SI_UNIT ( $, .RADIAN. ) );
#5103 = SURFACE_SIDE_STYLE ('',( #13153 ) ) ;
#5104 = VECTOR ( 'NONE', #3058, 1000.000000000000000 ) ;
#5105 = SURFACE_STYLE_USAGE ( .BOTH. , #2448 ) ;
#5106 = DIRECTION ( 'NONE',  ( 1.000000000000000000, 0.0000000000000000000, 0.0000000000000000000 ) ) ;
#5107 = ORIENTED_EDGE ( 'NONE', *, *, #127, .F. ) ;
#5108 = PLANE ( 'NONE',  #11805 ) ;
#5109 = DIRECTION ( 'NONE',  ( -0.0000000000000000000, -1.000000000000000000, -0.0000000000000000000 ) ) ;
#5110 = CARTESIAN_POINT ( 'NONE',  ( -6.099999999999998757, -0.001000000000000000021, 25.22500000000001208 ) ) ;
#5111 = SURFACE_STYLE_FILL_AREA ( #879 ) ;
#5112 = ORIENTED_EDGE ( 'NONE', *, *, #4493, .F. ) ;
#5113 = PLANE ( 'NONE',  #1603 ) ;
#5114 = DIRECTION ( 'NONE',  ( 3.771137991253928573E-16, 0.0000000000000000000, -1.000000000000000000 ) ) ;
#5115 = AXIS2_PLACEMENT_3D ( 'NONE', #13026, #2806, #6924 ) ;
#5116 = PRESENTATION_LAYER_ASSIGNMENT (  '', '', ( #8987 ) ) ;
#5117 = PRESENTATION_STYLE_ASSIGNMENT (( #12392 ) ) ;
#5118 = COLOUR_RGB ( '',0.0000000000000000000, 0.7529411764705882248, 0.0000000000000000000 ) ;
#5119 = DIRECTION ( 'NONE',  ( 1.000000000000000000, 0.0000000000000000000, -1.334402673828313586E-16 ) ) ;
#5120 = SURFACE_STYLE_USAGE ( .BOTH. , #10304 ) ;
#5121 = DIRECTION ( 'NONE',  ( -0.0000000000000000000, -1.000000000000000000, -0.0000000000000000000 ) ) ;
#5122 = ORIENTED_EDGE ( 'NONE', *, *, #769, .T. ) ;
#5123 = SURFACE_STYLE_USAGE ( .BOTH. , #975 ) ;
#5124 =( NAMED_UNIT ( * ) SI_UNIT ( $, .STERADIAN. ) SOLID_ANGLE_UNIT ( ) );
#5125 = UNCERTAINTY_MEASURE_WITH_UNIT (LENGTH_MEASURE( 1.000000000000000082E-05 ), #7318, 'distance_accuracy_value', 'NONE');
#5126 = VERTEX_POINT ( 'NONE', #9826 ) ;
#5127 = LINE ( 'NONE', #7324, #2300 ) ;
#5128 = DIRECTION ( 'NONE',  ( 0.0000000000000000000, 0.0000000000000000000, 1.000000000000000000 ) ) ;
#5129 = ORIENTED_EDGE ( 'NONE', *, *, #12312, .T. ) ;
#5130 = ORIENTED_EDGE ( 'NONE', *, *, #8610, .T. ) ;
#5131 =( LENGTH_UNIT ( ) NAMED_UNIT ( * ) SI_UNIT ( .MILLI., .METRE. ) );
#5132 = SURFACE_STYLE_USAGE ( .BOTH. , #8167 ) ;
#5133 = ADVANCED_FACE ( 'NONE', ( #3824 ), #1649, .F. ) ;
#5134 = UNCERTAINTY_MEASURE_WITH_UNIT (LENGTH_MEASURE( 1.000000000000000082E-05 ), #6960, 'distance_accuracy_value', 'NONE');
#5135 = ORIENTED_EDGE ( 'NONE', *, *, #12230, .T. ) ;
#5136 = DIRECTION ( 'NONE',  ( 0.0000000000000000000, 0.0000000000000000000, 1.000000000000000000 ) ) ;
#5137 = LINE ( 'NONE', #8172, #9239 ) ;
#5138 =( NAMED_UNIT ( * ) SI_UNIT ( $, .STERADIAN. ) SOLID_ANGLE_UNIT ( ) );
#5140 = VECTOR ( 'NONE', #6503, 1000.000000000000000 ) ;
#5139 = SURFACE_STYLE_USAGE ( .BOTH. , #2978 ) ;
#5141 = ORIENTED_EDGE ( 'NONE', *, *, #1591, .T. ) ;
#5142 = LINE ( 'NONE', #3222, #624 ) ;
#5143 = VERTEX_POINT ( 'NONE', #12057 ) ;
#5144 = EDGE_CURVE ( 'NONE', #11426, #3022, #6866, .T. ) ;
#5145 = EDGE_CURVE ( 'NONE', #4224, #8358, #6929, .T. ) ;
#5146 = ORIENTED_EDGE ( 'NONE', *, *, #1591, .F. ) ;
#5147 = EDGE_CURVE ( 'NONE', #2800, #10199, #1791, .T. ) ;
#5148 = UNCERTAINTY_MEASURE_WITH_UNIT (LENGTH_MEASURE( 1.000000000000000082E-05 ), #5090, 'distance_accuracy_value', 'NONE');
#5149 = CARTESIAN_POINT ( 'NONE',  ( 5.500000000000003553, 1.000999999999999890, 25.22500000000000142 ) ) ;
#5150 = ADVANCED_FACE ( 'NONE', ( #3536 ), #5865, .F. ) ;
#5151 = STYLED_ITEM ( 'NONE', ( #8470 ), #3472 ) ;
#5152 = ORIENTED_EDGE ( 'NONE', *, *, #12730, .T. ) ;
#5153 = CARTESIAN_POINT ( 'NONE',  ( -10.89999999999999858, -0.001000000000000757011, 22.92500000000001137 ) ) ;
#5154 = CARTESIAN_POINT ( 'NONE',  ( 5.700000000000002842, -0.001000000000000000021, 22.92500000000000071 ) ) ;
#5155 = PRESENTATION_STYLE_ASSIGNMENT (( #5912 ) ) ;
#5156 = VERTEX_POINT ( 'NONE', #4149 ) ;
#5157 = DIRECTION ( 'NONE',  ( 1.885568995626964287E-16, 0.0000000000000000000, -1.000000000000000000 ) ) ;
#5158 =( GEOMETRIC_REPRESENTATION_CONTEXT ( 3 ) GLOBAL_UNCERTAINTY_ASSIGNED_CONTEXT ( ( #9305 ) ) GLOBAL_UNIT_ASSIGNED_CONTEXT ( ( #3809, #526, #6774 ) ) REPRESENTATION_CONTEXT ( 'NONE', 'WORKASPACE' ) );
#5159 = SURFACE_STYLE_FILL_AREA ( #6982 ) ;
#5160 = EDGE_CURVE ( 'NONE', #4390, #1202, #12200, .T. ) ;
#5161 = CARTESIAN_POINT ( 'NONE',  ( 1.900000000000001465, -0.001000000000000000021, 25.22500000000000497 ) ) ;
#5162 = ADVANCED_FACE ( 'NONE', ( #961 ), #10165, .F. ) ;
#5163 = DIRECTION ( 'NONE',  ( 0.0000000000000000000, 0.0000000000000000000, 1.000000000000000000 ) ) ;
#5164 = EDGE_CURVE ( 'NONE', #1915, #4587, #11300, .T. ) ;
#5165 = EDGE_CURVE ( 'NONE', #12660, #11661, #9277, .T. ) ;
#5166 = PRESENTATION_STYLE_ASSIGNMENT (( #6171 ) ) ;
#5167 = CARTESIAN_POINT ( 'NONE',  ( 6.900000000000003020, 1.000000000000000000, 22.92500000000000071 ) ) ;
#5168 = ORIENTED_EDGE ( 'NONE', *, *, #10433, .F. ) ;
#5169 = PRESENTATION_STYLE_ASSIGNMENT (( #105 ) ) ;
#5170 = FILL_AREA_STYLE ('',( #9223 ) ) ;
#5171 = FILL_AREA_STYLE_COLOUR ( '', #9293 ) ;
#5172 = EDGE_LOOP ( 'NONE', ( #6365, #9605, #2761, #4530 ) ) ;
#5173 = LINE ( 'NONE', #12452, #8502 ) ;
#5174 = SURFACE_SIDE_STYLE ('',( #4153 ) ) ;
#5175 = CARTESIAN_POINT ( 'NONE',  ( -0.2999999999999966582, 1.000000000000000000, 22.92500000000000782 ) ) ;
#5176 =( NAMED_UNIT ( * ) PLANE_ANGLE_UNIT ( ) SI_UNIT ( $, .RADIAN. ) );
#5177 = ORIENTED_EDGE ( 'NONE', *, *, #5084, .T. ) ;
#5178 = FILL_AREA_STYLE ('',( #12272 ) ) ;
#5179 = PRESENTATION_LAYER_ASSIGNMENT (  '', '', ( #9266 ) ) ;
#5180 = PLANE ( 'NONE',  #4180 ) ;
#5181 = VERTEX_POINT ( 'NONE', #2045 ) ;
#5182 = PRESENTATION_STYLE_ASSIGNMENT (( #4985 ) ) ;
#5183 = ORIENTED_EDGE ( 'NONE', *, *, #3923, .T. ) ;
#5184 = ORIENTED_EDGE ( 'NONE', *, *, #5828, .F. ) ;
#5185 = DIRECTION ( 'NONE',  ( -1.000000000000000000, -0.0000000000000000000, -0.0000000000000000000 ) ) ;
#5186 = VECTOR ( 'NONE', #3428, 1000.000000000000000 ) ;
#5187 = PLANE ( 'NONE',  #6227 ) ;
#5188 = CARTESIAN_POINT ( 'NONE',  ( -1.899999999999997247, 1.000000000000000000, 22.92500000000000782 ) ) ;
#5189 = FILL_AREA_STYLE ('',( #9115 ) ) ;
#5190 = ORIENTED_EDGE ( 'NONE', *, *, #2468, .T. ) ;
#5191 = DIRECTION ( 'NONE',  ( -1.000000000000000000, 0.0000000000000000000, 0.0000000000000000000 ) ) ;
#5192 = LINE ( 'NONE', #5260, #7473 ) ;
#5193 =( NAMED_UNIT ( * ) SI_UNIT ( $, .STERADIAN. ) SOLID_ANGLE_UNIT ( ) );
#5194 = DIRECTION ( 'NONE',  ( -0.0000000000000000000, 1.000000000000000000, -0.0000000000000000000 ) ) ;
#5195 =( NAMED_UNIT ( * ) SI_UNIT ( $, .STERADIAN. ) SOLID_ANGLE_UNIT ( ) );
#5196 = ORIENTED_EDGE ( 'NONE', *, *, #716, .F. ) ;
#5197 = ORIENTED_EDGE ( 'NONE', *, *, #3735, .F. ) ;
#5198 = FILL_AREA_STYLE_COLOUR ( '', #4311 ) ;
#5199 = VECTOR ( 'NONE', #9341, 1000.000000000000000 ) ;
#5200 = AXIS2_PLACEMENT_3D ( 'NONE', #12448, #7311, #4487 ) ;
#5201 = ORIENTED_EDGE ( 'NONE', *, *, #12823, .T. ) ;
#5202 = SURFACE_STYLE_USAGE ( .BOTH. , #8120 ) ;
#5203 = ORIENTED_EDGE ( 'NONE', *, *, #52, .F. ) ;
#5204 = CARTESIAN_POINT ( 'NONE',  ( 15.00000000000000000, 0.0000000000000000000, -25.47499999999999432 ) ) ;
#5206 = ADVANCED_FACE ( 'NONE', ( #7252 ), #9158, .F. ) ;
#5205 = CARTESIAN_POINT ( 'NONE',  ( 10.90000000000000036, 1.000000000000000000, 22.92499999999999716 ) ) ;
#5207 = PLANE ( 'NONE',  #6022 ) ;
#5208 = VECTOR ( 'NONE', #12738, 1000.000000000000000 ) ;
#5209 = ORIENTED_EDGE ( 'NONE', *, *, #3489, .F. ) ;
#5210 = PRESENTATION_STYLE_ASSIGNMENT (( #5347 ) ) ;
#5211 = ORIENTED_EDGE ( 'NONE', *, *, #9932, .F. ) ;
#5212 = CARTESIAN_POINT ( 'NONE',  ( 3.100000000000003197, 1.000999999999999890, 25.22500000000000142 ) ) ;
#5213 = FACE_OUTER_BOUND ( 'NONE', #12721, .T. ) ;
#5214 = ADVANCED_FACE ( 'NONE', ( #7516 ), #4288, .F. ) ;
#5215 = EDGE_CURVE ( 'Edge12', #8360, #9538, #3256, .T. ) ;
#5216 = COLOUR_RGB ( '',1.000000000000000000, 1.000000000000000000, 0.0000000000000000000 ) ;
#5217 = DIRECTION ( 'NONE',  ( -1.000000000000000000, -0.0000000000000000000, -0.0000000000000000000 ) ) ;
#5218 = SURFACE_STYLE_USAGE ( .BOTH. , #7304 ) ;
#5219 = VECTOR ( 'NONE', #3800, 1000.000000000000000 ) ;
#5220 = VECTOR ( 'NONE', #9988, 1000.000000000000000 ) ;
#5222 = EDGE_CURVE ( 'NONE', #12718, #5553, #11440, .T. ) ;
#5221 = CYLINDRICAL_SURFACE ( 'NONE', #6101, 0.7500000000000006661 ) ;
#5223 = FACE_OUTER_BOUND ( 'NONE', #2090, .T. ) ;
#5224 = LINE ( 'NONE', #9272, #4576 ) ;
#5225 = ORIENTED_EDGE ( 'NONE', *, *, #5403, .T. ) ;
#5226 = DIRECTION ( 'NONE',  ( -0.0000000000000000000, 1.000000000000000000, -0.0000000000000000000 ) ) ;
#5227 = SURFACE_SIDE_STYLE ('',( #3185 ) ) ;
#5228 = CARTESIAN_POINT ( 'NONE',  ( 9.700000000000001066, 0.0000000000000000000, 22.92499999999999716 ) ) ;
#5229 = DIRECTION ( 'NONE',  ( -0.0000000000000000000, 0.0000000000000000000, 1.000000000000000000 ) ) ;
#5230 = FILL_AREA_STYLE_COLOUR ( '', #182 ) ;
#5231 = VERTEX_POINT ( 'NONE', #3455 ) ;
#5232 = DIRECTION ( 'NONE',  ( 1.885568995626964287E-16, 0.0000000000000000000, -1.000000000000000000 ) ) ;
#5233 = CARTESIAN_POINT ( 'NONE',  ( 2.500000000000001776, -0.001000000000000000021, 25.22500000000000497 ) ) ;
#5234 = ADVANCED_FACE ( 'NONE', ( #10360 ), #8319, .F. ) ;
#5235 = MECHANICAL_DESIGN_GEOMETRIC_PRESENTATION_REPRESENTATION (  '', ( #3502 ), #8046 ) ;
#5236 = CARTESIAN_POINT ( 'NONE',  ( 4.700000000000004619, 1.000000000000000000, 22.92500000000000071 ) ) ;
#5237 = AXIS2_PLACEMENT_3D ( 'NONE', #8614, #7606, #9698 ) ;
#5238 = CARTESIAN_POINT ( 'NONE',  ( 7.500000000000003553, -0.001000000000000000021, 22.92499999999999716 ) ) ;
#5239 = ORIENTED_EDGE ( 'NONE', *, *, #9927, .T. ) ;
#5240 = ADVANCED_FACE ( 'NONE', ( #2299 ), #7586, .F. ) ;
#5241 = LINE ( 'NONE', #11388, #7837 ) ;
#5242 = STYLED_ITEM ( 'NONE', ( #5377 ), #6434 ) ;
#5243 = ORIENTED_EDGE ( 'NONE', *, *, #7462, .F. ) ;
#5244 = FILL_AREA_STYLE ('',( #10507 ) ) ;
#5245 =( GEOMETRIC_REPRESENTATION_CONTEXT ( 3 ) GLOBAL_UNCERTAINTY_ASSIGNED_CONTEXT ( ( #10812 ) ) GLOBAL_UNIT_ASSIGNED_CONTEXT ( ( #6998, #4025, #10231 ) ) REPRESENTATION_CONTEXT ( 'NONE', 'WORKASPACE' ) );
#5246 = VECTOR ( 'NONE', #5839, 1000.000000000000000 ) ;
#5247 =( NAMED_UNIT ( * ) SI_UNIT ( $, .STERADIAN. ) SOLID_ANGLE_UNIT ( ) );
#5248 = VERTEX_POINT ( 'NONE', #7718 ) ;
#5249 = CARTESIAN_POINT ( 'NONE',  ( 8.500000000000003553, 1.000000000000000000, 22.92499999999999716 ) ) ;
#5250 = DIRECTION ( 'NONE',  ( -1.000000000000000000, 0.0000000000000000000, 0.0000000000000000000 ) ) ;
#5251 = FILL_AREA_STYLE_COLOUR ( '', #4896 ) ;
#5252 = ORIENTED_EDGE ( 'NONE', *, *, #550, .F. ) ;
#5253 = FILL_AREA_STYLE_COLOUR ( '', #10567 ) ;
#5254 = DIRECTION ( 'NONE',  ( -0.0000000000000000000, 1.000000000000000000, -0.0000000000000000000 ) ) ;
#5255 =( LENGTH_UNIT ( ) NAMED_UNIT ( * ) SI_UNIT ( .MILLI., .METRE. ) );
#5256 = UNCERTAINTY_MEASURE_WITH_UNIT (LENGTH_MEASURE( 1.000000000000000082E-05 ), #9626, 'distance_accuracy_value', 'NONE');
#5257 = ORIENTED_EDGE ( 'NONE', *, *, #11750, .F. ) ;
#5258 = DIRECTION ( 'NONE',  ( -0.0000000000000000000, -1.000000000000000000, -0.0000000000000000000 ) ) ;
#5259 = VECTOR ( 'NONE', #4594, 1000.000000000000000 ) ;
#5260 = CARTESIAN_POINT ( 'NONE',  ( -12.09999999999999609, 1.000000000000000000, 22.92500000000001137 ) ) ;
#5261 = CARTESIAN_POINT ( 'NONE',  ( 8.500000000000003553, 1.000999999999999890, 25.22499999999999787 ) ) ;
#5262 = UNCERTAINTY_MEASURE_WITH_UNIT (LENGTH_MEASURE( 1.000000000000000082E-05 ), #4711, 'distance_accuracy_value', 'NONE');
#5263 = PRESENTATION_STYLE_ASSIGNMENT (( #11619 ) ) ;
#5264 = ORIENTED_EDGE ( 'NONE', *, *, #6383, .F. ) ;
#5265 =( GEOMETRIC_REPRESENTATION_CONTEXT ( 3 ) GLOBAL_UNCERTAINTY_ASSIGNED_CONTEXT ( ( #5407 ) ) GLOBAL_UNIT_ASSIGNED_CONTEXT ( ( #1190, #8422, #74 ) ) REPRESENTATION_CONTEXT ( 'NONE', 'WORKASPACE' ) );
#5266 = VECTOR ( 'NONE', #5436, 1000.000000000000000 ) ;
#5267 = VERTEX_POINT ( 'NONE', #12872 ) ;
#5268 = VECTOR ( 'NONE', #565, 1000.000000000000114 ) ;
#5269 = STYLED_ITEM ( 'NONE', ( #2156 ), #5487 ) ;
#5270 = EDGE_LOOP ( 'NONE', ( #10036, #8857, #11021, #10056 ) ) ;
#5271 = AXIS2_PLACEMENT_3D ( 'NONE', #9802, #7777, #1429 ) ;
#5272 = FILL_AREA_STYLE ('',( #1623 ) ) ;
#5273 = UNCERTAINTY_MEASURE_WITH_UNIT (LENGTH_MEASURE( 1.000000000000000082E-05 ), #1858, 'distance_accuracy_value', 'NONE');
#5274 = ORIENTED_EDGE ( 'NONE', *, *, #8685, .T. ) ;
#5275 = CARTESIAN_POINT ( 'NONE',  ( 9.199999999999999289, 1.000000000000000000, -19.67499999999999361 ) ) ;
#5276 = CARTESIAN_POINT ( 'NONE',  ( 7.700000000000003730, 1.000999999999999890, 22.92499999999999716 ) ) ;
#5277 = EDGE_LOOP ( 'NONE', ( #653, #1224, #496, #3785 ) ) ;
#5278 = FACE_OUTER_BOUND ( 'NONE', #5473, .T. ) ;
#5279 = EDGE_LOOP ( 'NONE', ( #4475, #2203, #4718, #4851 ) ) ;
#5280 = SURFACE_STYLE_FILL_AREA ( #6099 ) ;
#5281 =( LENGTH_UNIT ( ) NAMED_UNIT ( * ) SI_UNIT ( .MILLI., .METRE. ) );
#5282 = MECHANICAL_DESIGN_GEOMETRIC_PRESENTATION_REPRESENTATION (  '', ( #3321 ), #486 ) ;
#5283 = PRESENTATION_STYLE_ASSIGNMENT (( #7643 ) ) ;
#5284 = STYLED_ITEM ( 'NONE', ( #12588 ), #7107 ) ;
#5285 = FILL_AREA_STYLE_COLOUR ( '', #13034 ) ;
#5286 = STYLED_ITEM ( 'NONE', ( #10602 ), #6061 ) ;
#5287 = LINE ( 'NONE', #7306, #1795 ) ;
#5288 = PRESENTATION_LAYER_ASSIGNMENT (  '', '', ( #4221 ) ) ;
#5289 = DIRECTION ( 'NONE',  ( -0.0000000000000000000, 1.000000000000000000, -0.0000000000000000000 ) ) ;
#5290 = ADVANCED_FACE ( 'NONE', ( #3652 ), #6632, .F. ) ;
#5291 = PLANE ( 'NONE',  #9744 ) ;
#5292 = ORIENTED_EDGE ( 'NONE', *, *, #7858, .T. ) ;
#5293 =( LENGTH_UNIT ( ) NAMED_UNIT ( * ) SI_UNIT ( .MILLI., .METRE. ) );
#5294 = SURFACE_STYLE_USAGE ( .BOTH. , #5363 ) ;
#5295 = SURFACE_STYLE_USAGE ( .BOTH. , #12585 ) ;
#5296 = DIRECTION ( 'NONE',  ( 1.000000000000000000, 0.0000000000000000000, -0.0000000000000000000 ) ) ;
#5297 = ORIENTED_EDGE ( 'NONE', *, *, #1308, .F. ) ;
#5298 = SURFACE_STYLE_FILL_AREA ( #13427 ) ;
#5299 =( NAMED_UNIT ( * ) PLANE_ANGLE_UNIT ( ) SI_UNIT ( $, .RADIAN. ) );
#5300 = VECTOR ( 'NONE', #10824, 1000.000000000000114 ) ;
#5301 = PLANE ( 'NONE',  #3439 ) ;
#5302 = EDGE_CURVE ( 'NONE', #5475, #331, #2438, .T. ) ;
#5303 = SURFACE_SIDE_STYLE ('',( #6054 ) ) ;
#5304 = STYLED_ITEM ( 'NONE', ( #7850 ), #3086 ) ;
#5305 = DIRECTION ( 'NONE',  ( 0.0000000000000000000, 0.0000000000000000000, 1.000000000000000000 ) ) ;
#5306 = DIRECTION ( 'NONE',  ( 0.0000000000000000000, -0.0000000000000000000, -1.000000000000000000 ) ) ;
#5307 = SURFACE_STYLE_FILL_AREA ( #12670 ) ;
#5308 = EDGE_LOOP ( 'NONE', ( #5122, #9810, #9778, #9614 ) ) ;
#5309 = EDGE_CURVE ( 'NONE', #9460, #7845, #4546, .T. ) ;
#5310 = LINE ( 'NONE', #7322, #10633 ) ;
#5311 = VERTEX_POINT ( 'NONE', #4687 ) ;
#5312 = DIRECTION ( 'NONE',  ( 1.000000000000000000, 0.0000000000000000000, 0.0000000000000000000 ) ) ;
#5313 = SURFACE_STYLE_USAGE ( .BOTH. , #8334 ) ;
#5314 = EDGE_CURVE ( 'NONE', #9534, #485, #8794, .T. ) ;
#5315 = ORIENTED_EDGE ( 'NONE', *, *, #11597, .F. ) ;
#5316 = SURFACE_STYLE_FILL_AREA ( #6516 ) ;
#5317 = CARTESIAN_POINT ( 'NONE',  ( 10.50000000000000178, -0.001000000000000000021, 25.22499999999999787 ) ) ;
#5318 = MECHANICAL_DESIGN_GEOMETRIC_PRESENTATION_REPRESENTATION (  '', ( #5304 ), #11795 ) ;
#5319 =( NAMED_UNIT ( * ) SI_UNIT ( $, .STERADIAN. ) SOLID_ANGLE_UNIT ( ) );
#5320 = VERTEX_POINT ( 'NONE', #8923 ) ;
#5321 = EDGE_CURVE ( 'NONE', #10355, #7776, #1632, .T. ) ;
#5322 = EDGE_CURVE ( 'NONE', #6128, #4390, #8859, .T. ) ;
#5323 = LINE ( 'NONE', #3026, #6915 ) ;
#5324 = MECHANICAL_DESIGN_GEOMETRIC_PRESENTATION_REPRESENTATION (  '', ( #537 ), #2956 ) ;
#5325 = FACE_OUTER_BOUND ( 'NONE', #3074, .T. ) ;
#5326 = STYLED_ITEM ( 'NONE', ( #9274 ), #9765 ) ;
#5327 = COLOUR_RGB ( '',1.000000000000000000, 1.000000000000000000, 0.0000000000000000000 ) ;
#5328 = EDGE_CURVE ( 'NONE', #304, #7440, #6847, .T. ) ;
#5329 = DIRECTION ( 'NONE',  ( -1.000000000000000000, 0.0000000000000000000, 9.427844978134821433E-17 ) ) ;
#5330 = ORIENTED_EDGE ( 'NONE', *, *, #8721, .F. ) ;
#5331 = SURFACE_STYLE_USAGE ( .BOTH. , #10524 ) ;
#5332 = CARTESIAN_POINT ( 'NONE',  ( -9.699999999999995737, 1.000999999999999890, 22.92500000000001137 ) ) ;
#5333 =( LENGTH_UNIT ( ) NAMED_UNIT ( * ) SI_UNIT ( .MILLI., .METRE. ) );
#5334 = ORIENTED_EDGE ( 'NONE', *, *, #10483, .F. ) ;
#5335 = CARTESIAN_POINT ( 'NONE',  ( -6.499999999999995559, 1.000999999999999890, 22.92500000000001137 ) ) ;
#5336 = PRESENTATION_LAYER_ASSIGNMENT (  '', '', ( #11599 ) ) ;
#5337 = VERTEX_POINT ( 'NONE', #3802 ) ;
#5338 = CARTESIAN_POINT ( 'NONE',  ( 2.100000000000003642, 1.000000000000000000, 25.22500000000000497 ) ) ;
#5339 = DIRECTION ( 'NONE',  ( -1.000000000000000000, 0.0000000000000000000, -0.0000000000000000000 ) ) ;
#5340 = ORIENTED_EDGE ( 'NONE', *, *, #4806, .T. ) ;
#5341 = AXIS2_PLACEMENT_3D ( 'NONE', #10191, #7022, #10063 ) ;
#5342 = ORIENTED_EDGE ( 'NONE', *, *, #3155, .T. ) ;
#5343 = DIRECTION ( 'NONE',  ( -0.0000000000000000000, -0.0000000000000000000, -1.000000000000000000 ) ) ;
#5344 = DIRECTION ( 'NONE',  ( 0.0000000000000000000, 0.0000000000000000000, 1.000000000000000000 ) ) ;
#5345 = LINE ( 'NONE', #1205, #4291 ) ;
#5346 = EDGE_LOOP ( 'NONE', ( #12242, #7323, #8269, #2647 ) ) ;
#5347 = SURFACE_STYLE_USAGE ( .BOTH. , #5481 ) ;
#5348 = ADVANCED_FACE ( 'NONE', ( #11714 ), #1434, .F. ) ;
#5349 = EDGE_LOOP ( 'NONE', ( #12308, #11441, #5990, #11582 ) ) ;
#5350 = FACE_OUTER_BOUND ( 'NONE', #10674, .T. ) ;
#5351 =( NAMED_UNIT ( * ) PLANE_ANGLE_UNIT ( ) SI_UNIT ( $, .RADIAN. ) );
#5352 =( NAMED_UNIT ( * ) PLANE_ANGLE_UNIT ( ) SI_UNIT ( $, .RADIAN. ) );
#5353 = FACE_OUTER_BOUND ( 'NONE', #58, .T. ) ;
#5354 = COLOUR_RGB ( '',1.000000000000000000, 1.000000000000000000, 0.0000000000000000000 ) ;
#5355 = ORIENTED_EDGE ( 'NONE', *, *, #12390, .T. ) ;
#5356 = DIRECTION ( 'NONE',  ( -1.000000000000000000, -0.0000000000000000000, -0.0000000000000000000 ) ) ;
#5357 = SURFACE_STYLE_FILL_AREA ( #8386 ) ;
#5358 = LINE ( 'NONE', #11434, #5104 ) ;
#5359 = VECTOR ( 'NONE', #1705, 1000.000000000000000 ) ;
#5360 = LINE ( 'NONE', #7376, #10392 ) ;
#5361 = ORIENTED_EDGE ( 'NONE', *, *, #3139, .F. ) ;
#5362 = SURFACE_STYLE_FILL_AREA ( #10417 ) ;
#5363 = SURFACE_SIDE_STYLE ('',( #12583 ) ) ;
#5364 = CARTESIAN_POINT ( 'NONE',  ( 7.100000000000004086, 1.000999999999999890, 22.92499999999999716 ) ) ;
#5365 = ORIENTED_EDGE ( 'NONE', *, *, #9937, .F. ) ;
#5366 = PRESENTATION_STYLE_ASSIGNMENT (( #6431 ) ) ;
#5367 = SURFACE_SIDE_STYLE ('',( #11590 ) ) ;
#5368 = VECTOR ( 'NONE', #2352, 1000.000000000000000 ) ;
#5369 = DIRECTION ( 'NONE',  ( -0.0000000000000000000, -1.000000000000000000, -0.0000000000000000000 ) ) ;
#5370 = VECTOR ( 'NONE', #7773, 1000.000000000000000 ) ;
#5371 = DIRECTION ( 'NONE',  ( -0.0000000000000000000, 1.000000000000000000, -0.0000000000000000000 ) ) ;
#5372 = VECTOR ( 'NONE', #13086, 1000.000000000000000 ) ;
#5373 = CARTESIAN_POINT ( 'NONE',  ( 15.00000000000000000, 1.000000000000000000, 25.22500000000000853 ) ) ;
#5374 = DIRECTION ( 'NONE',  ( 9.427844978134821433E-17, 0.0000000000000000000, 1.000000000000000000 ) ) ;
#5375 = ORIENTED_EDGE ( 'NONE', *, *, #12399, .T. ) ;
#5376 = SURFACE_STYLE_FILL_AREA ( #8465 ) ;
#5377 = PRESENTATION_STYLE_ASSIGNMENT (( #115 ) ) ;
#5378 = EDGE_LOOP ( 'NONE', ( #6479, #3174, #856, #13402 ) ) ;
#5379 = SURFACE_SIDE_STYLE ('',( #8406 ) ) ;
#5380 = EDGE_CURVE ( 'NONE', #2981, #107, #13272, .T. ) ;
#5381 = DIRECTION ( 'NONE',  ( -1.000000000000000000, -0.0000000000000000000, -0.0000000000000000000 ) ) ;
#5382 = EDGE_LOOP ( 'NONE', ( #13316, #6444, #9625, #1959 ) ) ;
#5383 = PRESENTATION_LAYER_ASSIGNMENT (  '', '', ( #11212 ) ) ;
#5384 =( LENGTH_UNIT ( ) NAMED_UNIT ( * ) SI_UNIT ( .MILLI., .METRE. ) );
#5385 = DIRECTION ( 'NONE',  ( 1.000000000000000000, 0.0000000000000000000, -0.0000000000000000000 ) ) ;
#5386 = DIRECTION ( 'NONE',  ( -3.771137991253928573E-16, 0.0000000000000000000, 1.000000000000000000 ) ) ;
#5387 = ORIENTED_EDGE ( 'NONE', *, *, #9349, .F. ) ;
#5388 = ADVANCED_FACE ( 'NONE', ( #13204 ), #723, .T. ) ;
#5389 = EDGE_CURVE ( 'NONE', #1621, #10649, #865, .T. ) ;
#5390 = DIRECTION ( 'NONE',  ( -1.000000000000000000, 0.0000000000000000000, -0.0000000000000000000 ) ) ;
#5391 =( LENGTH_UNIT ( ) NAMED_UNIT ( * ) SI_UNIT ( .MILLI., .METRE. ) );
#5392 = DIRECTION ( 'NONE',  ( 1.885568995626964287E-16, 0.0000000000000000000, -1.000000000000000000 ) ) ;
#5393 = UNCERTAINTY_MEASURE_WITH_UNIT (LENGTH_MEASURE( 1.000000000000000082E-05 ), #6768, 'distance_accuracy_value', 'NONE');
#5394 = ORIENTED_EDGE ( 'NONE', *, *, #9857, .F. ) ;
#5395 =( NAMED_UNIT ( * ) SI_UNIT ( $, .STERADIAN. ) SOLID_ANGLE_UNIT ( ) );
#5396 = DIRECTION ( 'NONE',  ( 1.000000000000000000, 0.0000000000000000000, 0.0000000000000000000 ) ) ;
#5397 = ADVANCED_FACE ( 'NONE', ( #6096 ), #12044, .F. ) ;
#5398 = ADVANCED_FACE ( 'NONE', ( #5278 ), #2092, .F. ) ;
#5399 = FILL_AREA_STYLE ('',( #3429 ) ) ;
#5400 = ORIENTED_EDGE ( 'NONE', *, *, #8493, .T. ) ;
#5401 = ORIENTED_EDGE ( 'NONE', *, *, #63, .T. ) ;
#5402 = VECTOR ( 'NONE', #5185, 1000.000000000000000 ) ;
#5403 = EDGE_CURVE ( 'NONE', #10987, #9379, #6486, .T. ) ;
#5404 = DIRECTION ( 'NONE',  ( -9.427844978134821433E-17, -0.0000000000000000000, -1.000000000000000000 ) ) ;
#5405 = CARTESIAN_POINT ( 'NONE',  ( 9.199999999999999289, -1.350000000000000089, -19.67499999999999361 ) ) ;
#5406 = EDGE_LOOP ( 'NONE', ( #11697, #6885, #6510, #3327 ) ) ;
#5407 = UNCERTAINTY_MEASURE_WITH_UNIT (LENGTH_MEASURE( 1.000000000000000082E-05 ), #1190, 'distance_accuracy_value', 'NONE');
#5408 = ORIENTED_EDGE ( 'NONE', *, *, #8430, .F. ) ;
#5409 = FILL_AREA_STYLE ('',( #2212 ) ) ;
#5410 = VECTOR ( 'NONE', #3453, 1000.000000000000000 ) ;
#5411 = DIRECTION ( 'NONE',  ( 0.0000000000000000000, 0.0000000000000000000, 1.000000000000000000 ) ) ;
#5412 = VERTEX_POINT ( 'NONE', #12437 ) ;
#5413 = DIRECTION ( 'NONE',  ( -2.668805347656627171E-16, 0.0000000000000000000, 1.000000000000000000 ) ) ;
#5414 = ORIENTED_EDGE ( 'NONE', *, *, #12759, .T. ) ;
#5415 = FILL_AREA_STYLE ('',( #11427 ) ) ;
#5416 = CARTESIAN_POINT ( 'NONE',  ( -0.09999999999999635569, 1.000999999999999890, 22.92500000000000426 ) ) ;
#5417 = STYLED_ITEM ( 'NONE', ( #5092 ), #12634 ) ;
#5418 =( NAMED_UNIT ( * ) PLANE_ANGLE_UNIT ( ) SI_UNIT ( $, .RADIAN. ) );
#5419 = VERTEX_POINT ( 'NONE', #12496 ) ;
#5420 = CARTESIAN_POINT ( 'NONE',  ( -11.29999999999999538, 1.000999999999999890, 22.92500000000001137 ) ) ;
#5421 = UNCERTAINTY_MEASURE_WITH_UNIT (LENGTH_MEASURE( 1.000000000000000082E-05 ), #12462, 'distance_accuracy_value', 'NONE');
#5422 = LINE ( 'NONE', #3320, #10188 ) ;
#5423 = STYLED_ITEM ( 'NONE', ( #7145 ), #4918 ) ;
#5424 = ORIENTED_EDGE ( 'NONE', *, *, #9520, .T. ) ;
#5425 = LINE ( 'NONE', #36, #12515 ) ;
#5426 = PRESENTATION_STYLE_ASSIGNMENT (( #4355 ) ) ;
#5427 = AXIS2_PLACEMENT_3D ( 'NONE', #1889, #13130, #7164 ) ;
#5428 = SURFACE_STYLE_USAGE ( .BOTH. , #6373 ) ;
#5429 = ORIENTED_EDGE ( 'NONE', *, *, #12167, .F. ) ;
#5430 = LINE ( 'NONE', #10691, #13083 ) ;
#5431 = DIRECTION ( 'NONE',  ( 0.0000000000000000000, 0.0000000000000000000, -1.000000000000000000 ) ) ;
#5432 = DIRECTION ( 'NONE',  ( -9.427844978134821433E-17, -0.0000000000000000000, -1.000000000000000000 ) ) ;
#5433 = COLOUR_RGB ( '',1.000000000000000000, 1.000000000000000000, 0.0000000000000000000 ) ;
#5434 = STYLED_ITEM ( 'NONE', ( #8563 ), #13167 ) ;
#5435 = SURFACE_SIDE_STYLE ('',( #4432 ) ) ;
#5436 = DIRECTION ( 'NONE',  ( 3.771137991253928573E-16, 0.0000000000000000000, -1.000000000000000000 ) ) ;
#5437 = DIRECTION ( 'NONE',  ( -9.427844978134821433E-17, -0.0000000000000000000, 1.000000000000000000 ) ) ;
#5438 = ORIENTED_EDGE ( 'NONE', *, *, #8265, .F. ) ;
#5439 =( NAMED_UNIT ( * ) SI_UNIT ( $, .STERADIAN. ) SOLID_ANGLE_UNIT ( ) );
#5440 =( LENGTH_UNIT ( ) NAMED_UNIT ( * ) SI_UNIT ( .MILLI., .METRE. ) );
#5441 = ORIENTED_EDGE ( 'NONE', *, *, #10108, .T. ) ;
#5442 = LINE ( 'NONE', #12743, #10952 ) ;
#5443 = CARTESIAN_POINT ( 'NONE',  ( -1.099999999999996314, 1.000999999999999890, 25.22500000000000853 ) ) ;
#5444 = CARTESIAN_POINT ( 'NONE',  ( -4.849999999999997868, 1.000000000000000000, 22.27500000000000568 ) ) ;
#5445 = DIRECTION ( 'NONE',  ( -1.000000000000000000, -0.0000000000000000000, -0.0000000000000000000 ) ) ;
#5446 = ORIENTED_EDGE ( 'NONE', *, *, #801, .T. ) ;
#5447 = LINE ( 'NONE', #11457, #475 ) ;
#5448 = SURFACE_STYLE_USAGE ( .BOTH. , #7402 ) ;
#5449 = SURFACE_SIDE_STYLE ('',( #7403 ) ) ;
#5450 = PRESENTATION_LAYER_ASSIGNMENT (  '', '', ( #9531 ) ) ;
#5451 = DIRECTION ( 'NONE',  ( -1.000000000000000000, 0.0000000000000000000, -0.0000000000000000000 ) ) ;
#5452 = ORIENTED_EDGE ( 'NONE', *, *, #7130, .T. ) ;
#5453 = SURFACE_STYLE_USAGE ( .BOTH. , #12757 ) ;
#5454 = LINE ( 'NONE', #4449, #559 ) ;
#5455 = MECHANICAL_DESIGN_GEOMETRIC_PRESENTATION_REPRESENTATION (  '', ( #10200 ), #677 ) ;
#5456 = LINE ( 'NONE', #8417, #4860 ) ;
#5457 = STYLED_ITEM ( 'NONE', ( #6092 ), #12064 ) ;
#5458 = SURFACE_STYLE_USAGE ( .BOTH. , #6331 ) ;
#5459 = PRESENTATION_LAYER_ASSIGNMENT (  '', '', ( #6735 ) ) ;
#5460 = VERTEX_POINT ( 'NONE', #12638 ) ;
#5461 = DIRECTION ( 'NONE',  ( 0.0000000000000000000, 1.000000000000000000, 0.0000000000000000000 ) ) ;
#5462 =( NAMED_UNIT ( * ) SI_UNIT ( $, .STERADIAN. ) SOLID_ANGLE_UNIT ( ) );
#5463 = DIRECTION ( 'NONE',  ( -0.0000000000000000000, 1.000000000000000000, -0.0000000000000000000 ) ) ;
#5464 = EDGE_CURVE ( 'NONE', #6575, #13439, #4272, .T. ) ;
#5465 = ORIENTED_EDGE ( 'NONE', *, *, #12497, .F. ) ;
#5466 = DIRECTION ( 'NONE',  ( -1.000000000000000000, 0.0000000000000000000, 0.0000000000000000000 ) ) ;
#5467 = VERTEX_POINT ( 'NONE', #4339 ) ;
#5468 = AXIS2_PLACEMENT_3D ( 'NONE', #1525, #12007, #10993 ) ;
#5469 = PRESENTATION_LAYER_ASSIGNMENT (  '', '', ( #4607 ) ) ;
#5470 = EDGE_CURVE ( 'NONE', #10577, #12868, #6224, .T. ) ;
#5471 = CARTESIAN_POINT ( 'NONE',  ( -8.499999999999998224, -3.784851220313032271E-16, 25.22500000000001208 ) ) ;
#5472 = COLOUR_RGB ( '',1.000000000000000000, 1.000000000000000000, 0.0000000000000000000 ) ;
#5473 = EDGE_LOOP ( 'NONE', ( #4435, #1539, #12451, #1003 ) ) ;
#5474 = STYLED_ITEM ( 'NONE', ( #7598 ), #6459 ) ;
#5475 = VERTEX_POINT ( 'NONE', #8241 ) ;
#5476 = DIRECTION ( 'NONE',  ( 1.885568995626964287E-16, 0.0000000000000000000, -1.000000000000000000 ) ) ;
#5477 = DIRECTION ( 'NONE',  ( -1.000000000000000000, -0.0000000000000000000, -0.0000000000000000000 ) ) ;
#5478 = LINE ( 'NONE', #3500, #5816 ) ;
#5479 = EDGE_CURVE ( 'Edge4', #7555, #8088, #3384, .T. ) ;
#5480 = ORIENTED_EDGE ( 'NONE', *, *, #9670, .F. ) ;
#5481 = SURFACE_SIDE_STYLE ('',( #4208 ) ) ;
#5482 = EDGE_CURVE ( 'NONE', #9243, #1463, #11362, .T. ) ;
#5483 = VERTEX_POINT ( 'NONE', #4130 ) ;
#5484 = DIRECTION ( 'NONE',  ( 1.000000000000000000, 0.0000000000000000000, 0.0000000000000000000 ) ) ;
#5485 = AXIS2_PLACEMENT_3D ( 'NONE', #3779, #7905, #6546 ) ;
#5486 = COLOUR_RGB ( '',1.000000000000000000, 1.000000000000000000, 0.0000000000000000000 ) ;
#5487 = ADVANCED_FACE ( 'NONE', ( #7298 ), #10471, .T. ) ;
#5488 = ORIENTED_EDGE ( 'NONE', *, *, #10515, .T. ) ;
#5489 = DIRECTION ( 'NONE',  ( 0.0000000000000000000, 0.0000000000000000000, 1.000000000000000000 ) ) ;
#5490 =( GEOMETRIC_REPRESENTATION_CONTEXT ( 3 ) GLOBAL_UNCERTAINTY_ASSIGNED_CONTEXT ( ( #13246 ) ) GLOBAL_UNIT_ASSIGNED_CONTEXT ( ( #1936, #7078, #7957 ) ) REPRESENTATION_CONTEXT ( 'NONE', 'WORKASPACE' ) );
#5491 = LINE ( 'NONE', #1146, #4813 ) ;
#5492 = STYLED_ITEM ( 'NONE', ( #12531 ), #5756 ) ;
#5493 = PRODUCT_DEFINITION_SHAPE ( 'NONE', 'NONE',  #6732 ) ;
#5494 = ORIENTED_EDGE ( 'NONE', *, *, #12466, .T. ) ;
#5495 = DIRECTION ( 'NONE',  ( -1.000000000000000000, 0.0000000000000000000, 0.0000000000000000000 ) ) ;
#5496 =( LENGTH_UNIT ( ) NAMED_UNIT ( * ) SI_UNIT ( .MILLI., .METRE. ) );
#5497 = LINE ( 'NONE', #9612, #6086 ) ;
#5498 = VECTOR ( 'NONE', #9567, 1000.000000000000000 ) ;
#5499 = ORIENTED_EDGE ( 'NONE', *, *, #6072, .T. ) ;
#5500 = AXIS2_PLACEMENT_3D ( 'NONE', #6112, #9160, #10167 ) ;
#5501 = CARTESIAN_POINT ( 'NONE',  ( 3.700000000000003286, 1.000000000000000000, 22.92500000000000071 ) ) ;
#5502 = DIRECTION ( 'NONE',  ( 1.000000000000000000, 0.0000000000000000000, 0.0000000000000000000 ) ) ;
#5503 = CARTESIAN_POINT ( 'NONE',  ( 4.099999999999999645, 0.0000000000000000000, 25.22500000000000853 ) ) ;
#5504 = FILL_AREA_STYLE_COLOUR ( '', #7688 ) ;
#5505 = ORIENTED_EDGE ( 'NONE', *, *, #5630, .T. ) ;
#5506 = SURFACE_STYLE_FILL_AREA ( #10432 ) ;
#5507 = PLANE ( 'NONE',  #13207 ) ;
#5508 = SURFACE_SIDE_STYLE ('',( #8332 ) ) ;
#5509 = ORIENTED_EDGE ( 'NONE', *, *, #7602, .T. ) ;
#5510 = DIRECTION ( 'NONE',  ( -9.427844978134821433E-17, -0.0000000000000000000, -1.000000000000000000 ) ) ;
#5511 = VECTOR ( 'NONE', #2158, 1000.000000000000000 ) ;
#5512 = SURFACE_STYLE_USAGE ( .BOTH. , #5379 ) ;
#5513 = LINE ( 'NONE', #9628, #7294 ) ;
#5514 = ORIENTED_EDGE ( 'NONE', *, *, #1657, .T. ) ;
#5515 = SURFACE_STYLE_FILL_AREA ( #610 ) ;
#5516 = STYLED_ITEM ( 'NONE', ( #2489 ), #7529 ) ;
#5517 =( NAMED_UNIT ( * ) SI_UNIT ( $, .STERADIAN. ) SOLID_ANGLE_UNIT ( ) );
#5518 = SURFACE_STYLE_FILL_AREA ( #8345 ) ;
#5519 =( LENGTH_UNIT ( ) NAMED_UNIT ( * ) SI_UNIT ( .MILLI., .METRE. ) );
#5520 = VECTOR ( 'NONE', #2549, 1000.000000000000000 ) ;
#5521 = CARTESIAN_POINT ( 'NONE',  ( 3.500000000000001332, -0.001000000000000000021, 25.22500000000000142 ) ) ;
#5522 = UNCERTAINTY_MEASURE_WITH_UNIT (LENGTH_MEASURE( 1.000000000000000082E-05 ), #8237, 'distance_accuracy_value', 'NONE');
#5523 = ORIENTED_EDGE ( 'NONE', *, *, #12823, .F. ) ;
#5524 =( LENGTH_UNIT ( ) NAMED_UNIT ( * ) SI_UNIT ( .MILLI., .METRE. ) );
#5525 = VECTOR ( 'NONE', #12174, 1000.000000000000000 ) ;
#5526 = LINE ( 'NONE', #4518, #11431 ) ;
#5527 = DIRECTION ( 'NONE',  ( -0.0000000000000000000, -1.000000000000000000, -0.0000000000000000000 ) ) ;
#5528 = ORIENTED_EDGE ( 'NONE', *, *, #920, .T. ) ;
#5529 = CARTESIAN_POINT ( 'NONE',  ( 2.500000000000002220, -0.001000000000000000021, 22.92500000000000426 ) ) ;
#5530 = COLOUR_RGB ( '',1.000000000000000000, 1.000000000000000000, 0.0000000000000000000 ) ;
#5531 = PRESENTATION_LAYER_ASSIGNMENT (  '', '', ( #11577 ) ) ;
#5532 = STYLED_ITEM ( 'NONE', ( #10175 ), #2525 ) ;
#5533 = CARTESIAN_POINT ( 'NONE',  ( 2.900000000000004352, 1.000999999999999890, 25.22500000000000497 ) ) ;
#5534 = ORIENTED_EDGE ( 'NONE', *, *, #9359, .T. ) ;
#5535 = UNCERTAINTY_MEASURE_WITH_UNIT (LENGTH_MEASURE( 1.000000000000000082E-05 ), #9212, 'distance_accuracy_value', 'NONE');
#5536 = EDGE_LOOP ( 'NONE', ( #5542, #13302, #2713, #6883 ) ) ;
#5537 = SURFACE_SIDE_STYLE ('',( #6824 ) ) ;
#5538 = LINE ( 'NONE', #3626, #5520 ) ;
#5539 = VECTOR ( 'NONE', #9895, 1000.000000000000000 ) ;
#5540 = LINE ( 'NONE', #11832, #4072 ) ;
#5541 = AXIS2_PLACEMENT_3D ( 'NONE', #11711, #4423, #9535 ) ;
#5542 = ORIENTED_EDGE ( 'NONE', *, *, #8253, .T. ) ;
#5543 = CARTESIAN_POINT ( 'NONE',  ( 0.1000000000000020040, -0.001000000000000000021, 22.92500000000000782 ) ) ;
#5544 = ADVANCED_FACE ( 'NONE', ( #11769 ), #8576, .F. ) ;
#5545 = DIRECTION ( 'NONE',  ( 0.0000000000000000000, -0.0000000000000000000, 1.000000000000000000 ) ) ;
#5546 = ORIENTED_EDGE ( 'NONE', *, *, #1487, .T. ) ;
#5547 = DIRECTION ( 'NONE',  ( -1.000000000000000000, 0.0000000000000000000, -0.0000000000000000000 ) ) ;
#5548 = FILL_AREA_STYLE_COLOUR ( '', #11500 ) ;
#5549 = EDGE_CURVE ( 'NONE', #4199, #12297, #2486, .T. ) ;
#5550 = EDGE_CURVE ( 'NONE', #5460, #8360, #8641, .T. ) ;
#5551 = VECTOR ( 'NONE', #6138, 1000.000000000000000 ) ;
#5552 =( NAMED_UNIT ( * ) SI_UNIT ( $, .STERADIAN. ) SOLID_ANGLE_UNIT ( ) );
#5553 = VERTEX_POINT ( 'NONE', #2554 ) ;
#5554 = DIRECTION ( 'NONE',  ( 0.0000000000000000000, 0.0000000000000000000, -1.000000000000000000 ) ) ;
#5555 = CARTESIAN_POINT ( 'NONE',  ( 12.09999999999999964, 1.000000000000000000, -22.57499999999998863 ) ) ;
#5556 = VERTEX_POINT ( 'NONE', #12782 ) ;
#5557 = DIRECTION ( 'NONE',  ( -0.0000000000000000000, -1.000000000000000000, -0.0000000000000000000 ) ) ;
#5558 = FILL_AREA_STYLE ('',( #6763 ) ) ;
#5559 = CARTESIAN_POINT ( 'NONE',  ( -8.899999999999995026, 1.000000000000000000, 25.22500000000001208 ) ) ;
#5560 = EDGE_CURVE ( 'NONE', #519, #12604, #2626, .T. ) ;
#5561 = DIRECTION ( 'NONE',  ( -1.000000000000000000, 0.0000000000000000000, -3.771137991253928573E-16 ) ) ;
#5562 = VECTOR ( 'NONE', #5312, 1000.000000000000000 ) ;
#5563 = EDGE_LOOP ( 'NONE', ( #9569, #2022, #9641, #11731 ) ) ;
#5565 = EDGE_CURVE ( 'NONE', #1123, #11277, #10799, .T. ) ;
#5564 = DIRECTION ( 'NONE',  ( 0.0000000000000000000, 1.000000000000000000, 0.0000000000000000000 ) ) ;
#5566 = VECTOR ( 'NONE', #3459, 1000.000000000000000 ) ;
#5567 = ADVANCED_FACE ( 'NONE', ( #3504 ), #6616, .F. ) ;
#5568 = DIRECTION ( 'NONE',  ( -1.000000000000000000, 0.0000000000000000000, -0.0000000000000000000 ) ) ;
#5569 = EDGE_CURVE ( 'NONE', #13156, #3497, #3112, .T. ) ;
#5570 = FILL_AREA_STYLE ('',( #8664 ) ) ;
#5571 = LINE ( 'NONE', #4497, #11093 ) ;
#5572 = ORIENTED_EDGE ( 'NONE', *, *, #4916, .F. ) ;
#5573 = SURFACE_STYLE_FILL_AREA ( #10763 ) ;
#5574 = LINE ( 'NONE', #4633, #6714 ) ;
#5575 = FILL_AREA_STYLE_COLOUR ( '', #4193 ) ;
#5576 = ORIENTED_EDGE ( 'NONE', *, *, #3413, .T. ) ;
#5577 = FACE_OUTER_BOUND ( 'NONE', #8423, .T. ) ;
#5578 = DIRECTION ( 'NONE',  ( -0.0000000000000000000, -0.0000000000000000000, -1.000000000000000000 ) ) ;
#5579 = DIRECTION ( 'NONE',  ( 0.0000000000000000000, 0.0000000000000000000, 1.000000000000000000 ) ) ;
#5580 = VECTOR ( 'NONE', #8839, 1000.000000000000000 ) ;
#5581 = LINE ( 'NONE', #57, #869 ) ;
#5582 = EDGE_LOOP ( 'NONE', ( #2634, #10118, #62, #2745 ) ) ;
#5583 = SURFACE_STYLE_FILL_AREA ( #1452 ) ;
#5584 = PRESENTATION_STYLE_ASSIGNMENT (( #3675 ) ) ;
#5585 = VECTOR ( 'NONE', #8909, 1000.000000000000000 ) ;
#5586 = AXIS2_PLACEMENT_3D ( 'NONE', #8399, #9168, #13298 ) ;
#5587 =( NAMED_UNIT ( * ) SI_UNIT ( $, .STERADIAN. ) SOLID_ANGLE_UNIT ( ) );
#5588 = FACE_OUTER_BOUND ( 'NONE', #11142, .T. ) ;
#5589 = DIRECTION ( 'NONE',  ( 0.0000000000000000000, -0.0000000000000000000, -1.000000000000000000 ) ) ;
#5590 = EDGE_CURVE ( 'NONE', #3503, #5231, #1107, .T. ) ;
#5591 =( GEOMETRIC_REPRESENTATION_CONTEXT ( 3 ) GLOBAL_UNCERTAINTY_ASSIGNED_CONTEXT ( ( #8229 ) ) GLOBAL_UNIT_ASSIGNED_CONTEXT ( ( #8264, #3192, #12454 ) ) REPRESENTATION_CONTEXT ( 'NONE', 'WORKASPACE' ) );
#5592 = PLANE ( 'NONE',  #5688 ) ;
#5593 = ORIENTED_EDGE ( 'NONE', *, *, #13105, .F. ) ;
#5594 = LINE ( 'NONE', #12762, #7646 ) ;
#5595 = DIRECTION ( 'NONE',  ( -0.0000000000000000000, -0.0000000000000000000, -1.000000000000000000 ) ) ;
#5596 = FILL_AREA_STYLE_COLOUR ( '', #7641 ) ;
#5597 = VERTEX_POINT ( 'NONE', #12465 ) ;
#5598 = CARTESIAN_POINT ( 'NONE',  ( 0.5000000000000036637, 1.000999999999999890, 25.22500000000000497 ) ) ;
#5599 = COLOUR_RGB ( '',1.000000000000000000, 1.000000000000000000, 0.0000000000000000000 ) ;
#5600 = SURFACE_STYLE_USAGE ( .BOTH. , #7687 ) ;
#5601 = LINE ( 'NONE', #11560, #4265 ) ;
#5602 = ORIENTED_EDGE ( 'NONE', *, *, #3413, .F. ) ;
#5603 = DIRECTION ( 'NONE',  ( -0.0000000000000000000, 1.000000000000000000, -0.0000000000000000000 ) ) ;
#5604 = LINE ( 'NONE', #2700, #11151 ) ;
#5605 = CARTESIAN_POINT ( 'NONE',  ( 2.300000000000003819, 1.000999999999999890, 22.92500000000000426 ) ) ;
#5606 = AXIS2_PLACEMENT_3D ( 'NONE', #13183, #3980, #9183 ) ;
#5607 = CARTESIAN_POINT ( 'NONE',  ( -8.499999999999996447, 0.0000000000000000000, 22.92500000000001137 ) ) ;
#5608 = CARTESIAN_POINT ( 'NONE',  ( 1.500000000000003553, 1.000999999999999890, 22.92500000000000426 ) ) ;
#5609 = COLOUR_RGB ( '',1.000000000000000000, 1.000000000000000000, 0.0000000000000000000 ) ;
#5610 = SURFACE_SIDE_STYLE ('',( #10733 ) ) ;
#5611 = ORIENTED_EDGE ( 'NONE', *, *, #1982, .F. ) ;
#5612 = LINE ( 'NONE', #11836, #4447 ) ;
#5613 = SURFACE_STYLE_FILL_AREA ( #1488 ) ;
#5614 = STYLED_ITEM ( 'NONE', ( #12755 ), #737 ) ;
#5615 = LINE ( 'NONE', #12859, #7521 ) ;
#5616 =( LENGTH_UNIT ( ) NAMED_UNIT ( * ) SI_UNIT ( .MILLI., .METRE. ) );
#5617 = EDGE_CURVE ( 'NONE', #2893, #2248, #10073, .T. ) ;
#5618 = MECHANICAL_DESIGN_GEOMETRIC_PRESENTATION_REPRESENTATION (  '', ( #175 ), #1512 ) ;
#5619 = AXIS2_PLACEMENT_3D ( 'NONE', #4170, #8094, #8275 ) ;
#5620 = ORIENTED_EDGE ( 'NONE', *, *, #11842, .T. ) ;
#5621 = FACE_OUTER_BOUND ( 'NONE', #2446, .T. ) ;
#5622 = CARTESIAN_POINT ( 'NONE',  ( 4.900000000000001243, 0.0000000000000000000, 22.92500000000000071 ) ) ;
#5623 = PLANE ( 'NONE',  #6733 ) ;
#5624 = SURFACE_SIDE_STYLE ('',( #3450 ) ) ;
#5625 = VERTEX_POINT ( 'NONE', #2980 ) ;
#5626 = CARTESIAN_POINT ( 'NONE',  ( -7.699999999999997513, -0.001000000000000252423, 22.92500000000001137 ) ) ;
#5627 =( NAMED_UNIT ( * ) PLANE_ANGLE_UNIT ( ) SI_UNIT ( $, .RADIAN. ) );
#5628 = FILL_AREA_STYLE_COLOUR ( '', #7613 ) ;
#5629 = DIRECTION ( 'NONE',  ( 1.000000000000000000, 0.0000000000000000000, 1.885568995626964287E-16 ) ) ;
#5630 = EDGE_CURVE ( 'NONE', #5337, #12177, #2914, .T. ) ;
#5631 = EDGE_LOOP ( 'NONE', ( #3598, #1341, #687, #4855 ) ) ;
#5632 = PRESENTATION_STYLE_ASSIGNMENT (( #248 ) ) ;
#5633 = DIRECTION ( 'NONE',  ( -1.000000000000000000, 0.0000000000000000000, 0.0000000000000000000 ) ) ;
#5634 = VECTOR ( 'NONE', #12386, 1000.000000000000000 ) ;
#5635 = COLOUR_RGB ( '',1.000000000000000000, 1.000000000000000000, 0.0000000000000000000 ) ;
#5636 = MECHANICAL_DESIGN_GEOMETRIC_PRESENTATION_REPRESENTATION (  '', ( #2165 ), #10600 ) ;
#5637 = DIRECTION ( 'NONE',  ( 0.0000000000000000000, 0.0000000000000000000, -1.000000000000000000 ) ) ;
#5638 = EDGE_CURVE ( 'NONE', #1455, #11363, #4872, .T. ) ;
#5639 = CARTESIAN_POINT ( 'NONE',  ( -8.099999999999996092, 1.000999999999999890, 22.92500000000001137 ) ) ;
#5640 = LINE ( 'NONE', #8733, #9564 ) ;
#5641 = SURFACE_STYLE_FILL_AREA ( #732 ) ;
#5642 =( GEOMETRIC_REPRESENTATION_CONTEXT ( 3 ) GLOBAL_UNCERTAINTY_ASSIGNED_CONTEXT ( ( #7970 ) ) GLOBAL_UNIT_ASSIGNED_CONTEXT ( ( #3271, #12603, #6514 ) ) REPRESENTATION_CONTEXT ( 'NONE', 'WORKASPACE' ) );
#5643 =( GEOMETRIC_REPRESENTATION_CONTEXT ( 3 ) GLOBAL_UNCERTAINTY_ASSIGNED_CONTEXT ( ( #9288 ) ) GLOBAL_UNIT_ASSIGNED_CONTEXT ( ( #4213, #4343, #8506 ) ) REPRESENTATION_CONTEXT ( 'NONE', 'WORKASPACE' ) );
#5644 = VECTOR ( 'NONE', #9657, 1000.000000000000000 ) ;
#5645 = VERTEX_POINT ( 'NONE', #9933 ) ;
#5646 = CARTESIAN_POINT ( 'NONE',  ( 15.00000000000000000, 1.000000000000000000, 25.22500000000000853 ) ) ;
#5647 =( NAMED_UNIT ( * ) SI_UNIT ( $, .STERADIAN. ) SOLID_ANGLE_UNIT ( ) );
#5648 = LINE ( 'NONE', #9754, #9563 ) ;
#5649 = VERTEX_POINT ( 'NONE', #4243 ) ;
#5650 = SURFACE_STYLE_USAGE ( .BOTH. , #10768 ) ;
#5651 = FACE_OUTER_BOUND ( 'NONE', #2470, .T. ) ;
#5652 = PRESENTATION_STYLE_ASSIGNMENT (( #2521 ) ) ;
#5653 = STYLED_ITEM ( 'NONE', ( #12883 ), #4000 ) ;
#5654 = EDGE_CURVE ( 'NONE', #3790, #9460, #3205, .T. ) ;
#5655 = ORIENTED_EDGE ( 'NONE', *, *, #10572, .F. ) ;
#5656 = CARTESIAN_POINT ( 'NONE',  ( 2.500000000000001776, 0.0000000000000000000, 25.22500000000000497 ) ) ;
#5657 = SURFACE_SIDE_STYLE ('',( #5515 ) ) ;
#5658 = VECTOR ( 'NONE', #9808, 1000.000000000000000 ) ;
#5659 = FILL_AREA_STYLE ('',( #10922 ) ) ;
#5660 = ORIENTED_EDGE ( 'NONE', *, *, #7461, .F. ) ;
#5661 = VECTOR ( 'NONE', #11442, 1000.000000000000000 ) ;
#5662 = DIRECTION ( 'NONE',  ( 0.0000000000000000000, 0.0000000000000000000, -1.000000000000000000 ) ) ;
#5663 = EDGE_CURVE ( 'NONE', #7852, #10277, #11458, .T. ) ;
#5664 =( LENGTH_UNIT ( ) NAMED_UNIT ( * ) SI_UNIT ( .MILLI., .METRE. ) );
#5665 = CARTESIAN_POINT ( 'NONE',  ( 3.500000000000003109, 0.0000000000000000000, 22.92500000000000071 ) ) ;
#5666 = FILL_AREA_STYLE_COLOUR ( '', #15 ) ;
#5667 = UNCERTAINTY_MEASURE_WITH_UNIT (LENGTH_MEASURE( 1.000000000000000082E-05 ), #4948, 'distance_accuracy_value', 'NONE');
#5668 = EDGE_LOOP ( 'NONE', ( #5855, #1280, #4464, #10838 ) ) ;
#5669 = FACE_OUTER_BOUND ( 'NONE', #3595, .T. ) ;
#5670 =( NAMED_UNIT ( * ) SI_UNIT ( $, .STERADIAN. ) SOLID_ANGLE_UNIT ( ) );
#5671 = VECTOR ( 'NONE', #4691, 1000.000000000000000 ) ;
#5672 = LINE ( 'NONE', #2469, #3100 ) ;
#5673 = ORIENTED_EDGE ( 'NONE', *, *, #6808, .T. ) ;
#5674 = CARTESIAN_POINT ( 'NONE',  ( -4.599999999999996092, 0.2500000000000051070, 25.47500000000001208 ) ) ;
#5675 = CARTESIAN_POINT ( 'NONE',  ( 7.300000000000000711, 0.0000000000000000000, 25.22500000000000853 ) ) ;
#5676 = AXIS2_PLACEMENT_3D ( 'NONE', #12151, #13245, #4184 ) ;
#5677 = COLOUR_RGB ( '',1.000000000000000000, 1.000000000000000000, 0.0000000000000000000 ) ;
#5678 = VECTOR ( 'NONE', #872, 1000.000000000000000 ) ;
#5679 =( NAMED_UNIT ( * ) PLANE_ANGLE_UNIT ( ) SI_UNIT ( $, .RADIAN. ) );
#5680 = LINE ( 'NONE', #10942, #6306 ) ;
#5681 = UNCERTAINTY_MEASURE_WITH_UNIT (LENGTH_MEASURE( 1.000000000000000082E-05 ), #8128, 'distance_accuracy_value', 'NONE');
#5682 = ORIENTED_EDGE ( 'NONE', *, *, #9848, .F. ) ;
#5683 = DIRECTION ( 'NONE',  ( 0.0000000000000000000, -0.0000000000000000000, 1.000000000000000000 ) ) ;
#5684 = CARTESIAN_POINT ( 'NONE',  ( -10.90000000000000036, -7.569702440626064542E-16, 25.22500000000001208 ) ) ;
#5685 = CARTESIAN_POINT ( 'NONE',  ( 9.700000000000001066, 0.0000000000000000000, 25.22500000000000853 ) ) ;
#5686 = DIRECTION ( 'NONE',  ( -0.0000000000000000000, -1.000000000000000000, -0.0000000000000000000 ) ) ;
#5687 = SURFACE_STYLE_FILL_AREA ( #3501 ) ;
#5688 = AXIS2_PLACEMENT_3D ( 'NONE', #8756, #4849, #8157 ) ;
#5689 =( GEOMETRIC_REPRESENTATION_CONTEXT ( 3 ) GLOBAL_UNCERTAINTY_ASSIGNED_CONTEXT ( ( #8787 ) ) GLOBAL_UNIT_ASSIGNED_CONTEXT ( ( #6371, #3187, #9339 ) ) REPRESENTATION_CONTEXT ( 'NONE', 'WORKASPACE' ) );
#5690 = CARTESIAN_POINT ( 'NONE',  ( -1.699999999999996625, 1.000999999999999890, 22.92500000000000782 ) ) ;
#5691 = MECHANICAL_DESIGN_GEOMETRIC_PRESENTATION_REPRESENTATION (  '', ( #5045 ), #12574 ) ;
#5692 = ORIENTED_EDGE ( 'NONE', *, *, #8555, .F. ) ;
#5693 = FILL_AREA_STYLE_COLOUR ( '', #2944 ) ;
#5694 = CARTESIAN_POINT ( 'NONE',  ( 2.700000000000004619, 0.0000000000000000000, 22.92500000000000426 ) ) ;
#5695 = CARTESIAN_POINT ( 'NONE',  ( -9.200000000000006395, -1.350000000000000089, -25.47499999999999432 ) ) ;
#5696 = MECHANICAL_DESIGN_GEOMETRIC_PRESENTATION_REPRESENTATION (  '', ( #6752 ), #4602 ) ;
#5697 = CARTESIAN_POINT ( 'NONE',  ( -6.099999999999997868, 0.0000000000000000000, 22.92500000000001137 ) ) ;
#5698 = VECTOR ( 'NONE', #3666, 1000.000000000000000 ) ;
#5699 = SURFACE_SIDE_STYLE ('',( #12999 ) ) ;
#5700 = EDGE_LOOP ( 'NONE', ( #4944, #11471, #2685, #3575 ) ) ;
#5701 = COLOUR_RGB ( '',1.000000000000000000, 1.000000000000000000, 0.0000000000000000000 ) ;
#5702 = CARTESIAN_POINT ( 'NONE',  ( 3.700000000000003286, 1.000999999999999890, 22.92500000000000071 ) ) ;
#5703 = UNCERTAINTY_MEASURE_WITH_UNIT (LENGTH_MEASURE( 1.000000000000000082E-05 ), #2437, 'distance_accuracy_value', 'NONE');
#5704 = LINE ( 'NONE', #4609, #5919 ) ;
#5705 = LINE ( 'NONE', #8720, #899 ) ;
#5706 =( NAMED_UNIT ( * ) PLANE_ANGLE_UNIT ( ) SI_UNIT ( $, .RADIAN. ) );
#5707 = ORIENTED_EDGE ( 'NONE', *, *, #8448, .F. ) ;
#5708 = PRESENTATION_LAYER_ASSIGNMENT (  '', '', ( #4841 ) ) ;
#5709 = DIRECTION ( 'NONE',  ( 0.0000000000000000000, 0.0000000000000000000, 1.000000000000000000 ) ) ;
#5710 = CARTESIAN_POINT ( 'NONE',  ( -8.699999999999999289, -5.046468293750710023E-16, 25.22500000000001208 ) ) ;
#5711 = ORIENTED_EDGE ( 'NONE', *, *, #7963, .F. ) ;
#5712 = FILL_AREA_STYLE_COLOUR ( '', #1740 ) ;
#5713 = VECTOR ( 'NONE', #1939, 1000.000000000000000 ) ;
#5714 = STYLED_ITEM ( 'NONE', ( #2869 ), #10822 ) ;
#5715 = DIRECTION ( 'NONE',  ( 1.885568995626964287E-16, 0.0000000000000000000, -1.000000000000000000 ) ) ;
#5716 = CIRCLE ( 'NONE', #1144, 0.7500000000000006661 ) ;
#5717 = STYLED_ITEM ( 'NONE', ( #522 ), #5290 ) ;
#5718 = CARTESIAN_POINT ( 'NONE',  ( -6.899999999999998579, 0.0000000000000000000, 22.92500000000001137 ) ) ;
#5719 = EDGE_CURVE ( 'NONE', #5419, #10355, #12092, .T. ) ;
#5720 = COLOUR_RGB ( '',1.000000000000000000, 1.000000000000000000, 0.0000000000000000000 ) ;
#5721 = CARTESIAN_POINT ( 'NONE',  ( 3.500000000000001332, -0.001000000000000000021, 25.22500000000000142 ) ) ;
#5722 = ORIENTED_EDGE ( 'NONE', *, *, #562, .T. ) ;
#5723 = LINE ( 'NONE', #4698, #11559 ) ;
#5724 = MECHANICAL_DESIGN_GEOMETRIC_PRESENTATION_REPRESENTATION (  '', ( #9798 ), #8714 ) ;
#5725 = DIRECTION ( 'NONE',  ( -9.427844978134821433E-17, -0.0000000000000000000, -1.000000000000000000 ) ) ;
#5726 = LINE ( 'NONE', #667, #6754 ) ;
#5727 = ORIENTED_EDGE ( 'NONE', *, *, #993, .T. ) ;
#5728 = CARTESIAN_POINT ( 'NONE',  ( -10.90000000000000036, -7.569702440626064542E-16, 25.22500000000001208 ) ) ;
#5729 = CARTESIAN_POINT ( 'NONE',  ( 0.3000000000000020983, -0.001000000000000000021, 22.92500000000000426 ) ) ;
#5730 = PLANE ( 'NONE',  #4597 ) ;
#5731 = DIRECTION ( 'NONE',  ( -9.427844978134821433E-17, -0.0000000000000000000, -1.000000000000000000 ) ) ;
#5732 = ORIENTED_EDGE ( 'NONE', *, *, #3478, .F. ) ;
#5733 = DIRECTION ( 'NONE',  ( 3.771137991253928573E-16, 0.0000000000000000000, -1.000000000000000000 ) ) ;
#5734 = STYLED_ITEM ( 'NONE', ( #1718 ), #7044 ) ;
#5735 = CARTESIAN_POINT ( 'NONE',  ( 4.300000000000001599, -0.001000000000000000021, 25.22500000000000142 ) ) ;
#5736 = ADVANCED_FACE ( 'NONE', ( #782 ), #7034, .F. ) ;
#5737 = CARTESIAN_POINT ( 'NONE',  ( -8.699999999999999289, -0.001000000000000504609, 25.22500000000001208 ) ) ;
#5738 = PRODUCT ( 'DA80E192-B8D5-457C-9166-DDC8738BE884', 'DA80E192-B8D5-457C-9166-DDC8738BE884', '', ( #1618 ) ) ;
#5739 = CARTESIAN_POINT ( 'NONE',  ( -12.09999999999999609, 1.000999999999999890, 25.22500000000001208 ) ) ;
#5740 = MECHANICAL_DESIGN_GEOMETRIC_PRESENTATION_REPRESENTATION (  '', ( #3999 ), #270 ) ;
#5741 =( LENGTH_UNIT ( ) NAMED_UNIT ( * ) SI_UNIT ( .MILLI., .METRE. ) );
#5742 = ADVANCED_FACE ( 'NONE', ( #855 ), #5010, .F. ) ;
#5743 = ADVANCED_FACE ( 'NONE', ( #10512 ), #11669, .F. ) ;
#5744 = EDGE_CURVE ( 'NONE', #12573, #11297, #2390, .T. ) ;
#5745 = LINE ( 'NONE', #8962, #4643 ) ;
#5746 = ORIENTED_EDGE ( 'NONE', *, *, #10542, .F. ) ;
#5747 =( NAMED_UNIT ( * ) SI_UNIT ( $, .STERADIAN. ) SOLID_ANGLE_UNIT ( ) );
#5748 =( NAMED_UNIT ( * ) PLANE_ANGLE_UNIT ( ) SI_UNIT ( $, .RADIAN. ) );
#5749 = DIRECTION ( 'NONE',  ( 1.000000000000000000, 0.0000000000000000000, 0.0000000000000000000 ) ) ;
#5751 = VERTEX_POINT ( 'NONE', #8679 ) ;
#5750 = MECHANICAL_DESIGN_GEOMETRIC_PRESENTATION_REPRESENTATION (  '', ( #4472 ), #7513 ) ;
#5752 = LINE ( 'NONE', #3689, #2617 ) ;
#5753 = EDGE_CURVE ( 'NONE', #4258, #6575, #12607, .T. ) ;
#5754 = EDGE_CURVE ( 'NONE', #1846, #7108, #264, .T. ) ;
#5755 = LINE ( 'NONE', #1471, #6037 ) ;
#5756 = ADVANCED_FACE ( 'NONE', ( #7476 ), #6453, .F. ) ;
#5757 = VECTOR ( 'NONE', #2351, 1000.000000000000000 ) ;
#5758 = CARTESIAN_POINT ( 'NONE',  ( 9.100000000000001421, -0.001000000000000000021, 22.92499999999999716 ) ) ;
#5759 = EDGE_CURVE ( 'NONE', #12458, #3503, #678, .T. ) ;
#5760 = ORIENTED_EDGE ( 'NONE', *, *, #4745, .T. ) ;
#5761 = DIRECTION ( 'NONE',  ( -0.0000000000000000000, 1.000000000000000000, -0.0000000000000000000 ) ) ;
#5762 = CARTESIAN_POINT ( 'NONE',  ( 9.900000000000002132, -0.001000000000000000021, 22.92499999999999716 ) ) ;
#5763 = PLANE ( 'NONE',  #8207 ) ;
#5764 = FACE_OUTER_BOUND ( 'NONE', #5073, .T. ) ;
#5765 = PLANE ( 'NONE',  #9961 ) ;
#5766 = VECTOR ( 'NONE', #2134, 1000.000000000000000 ) ;
#5767 = ORIENTED_EDGE ( 'NONE', *, *, #7952, .F. ) ;
#5768 = DIRECTION ( 'NONE',  ( 1.000000000000000000, 0.0000000000000000000, 0.0000000000000000000 ) ) ;
#5769 = DIRECTION ( 'NONE',  ( 0.0000000000000000000, 1.000000000000000000, 0.0000000000000000000 ) ) ;
#5770 = DIRECTION ( 'NONE',  ( 1.000000000000000000, 0.0000000000000000000, -0.0000000000000000000 ) ) ;
#5771 = DIRECTION ( 'NONE',  ( 0.0000000000000000000, -0.0000000000000000000, -1.000000000000000000 ) ) ;
#5772 = MECHANICAL_DESIGN_GEOMETRIC_PRESENTATION_REPRESENTATION (  '', ( #1204 ), #13322 ) ;
#5773 = ORIENTED_EDGE ( 'NONE', *, *, #1909, .F. ) ;
#5774 = STYLED_ITEM ( 'NONE', ( #6475 ), #10009 ) ;
#5775 = FILL_AREA_STYLE ('',( #646 ) ) ;
#5776 = AXIS2_PLACEMENT_3D ( 'NONE', #12611, #10313, #8476 ) ;
#5777 = EDGE_CURVE ( 'NONE', #1761, #1644, #4911, .T. ) ;
#5778 = DIRECTION ( 'NONE',  ( 0.0000000000000000000, 0.7071067811865474617, 0.7071067811865474617 ) ) ;
#5779 = FACE_OUTER_BOUND ( 'NONE', #2291, .T. ) ;
#5780 = LINE ( 'NONE', #9878, #10183 ) ;
#5781 = CARTESIAN_POINT ( 'NONE',  ( 0.3000000000000016542, 0.0000000000000000000, 25.22500000000000497 ) ) ;
#5782 = FACE_OUTER_BOUND ( 'NONE', #13200, .T. ) ;
#5783 = COLOUR_RGB ( '',1.000000000000000000, 1.000000000000000000, 0.0000000000000000000 ) ;
#5784 = CARTESIAN_POINT ( 'NONE',  ( -7.699999999999998401, -0.001000000000000252423, 25.22500000000001208 ) ) ;
#5785 = SURFACE_STYLE_USAGE ( .BOTH. , #10088 ) ;
#5786 = DIRECTION ( 'NONE',  ( -0.0000000000000000000, -1.000000000000000000, -0.0000000000000000000 ) ) ;
#5787 = DIRECTION ( 'NONE',  ( 1.885568995626964287E-16, 0.0000000000000000000, -1.000000000000000000 ) ) ;
#5788 = ORIENTED_EDGE ( 'NONE', *, *, #3817, .F. ) ;
#5789 = LINE ( 'NONE', #2516, #3352 ) ;
#5790 = VECTOR ( 'NONE', #10437, 1000.000000000000000 ) ;
#5791 = SURFACE_SIDE_STYLE ('',( #1570 ) ) ;
#5792 = ORIENTED_EDGE ( 'NONE', *, *, #6364, .F. ) ;
#5793 =( NAMED_UNIT ( * ) PLANE_ANGLE_UNIT ( ) SI_UNIT ( $, .RADIAN. ) );
#5794 = LINE ( 'NONE', #3821, #5864 ) ;
#5795 = CARTESIAN_POINT ( 'NONE',  ( 3.900000000000003908, 1.000000000000000000, 22.92500000000000071 ) ) ;
#5796 = DIRECTION ( 'NONE',  ( -1.000000000000000000, 0.0000000000000000000, -0.0000000000000000000 ) ) ;
#5797 = ORIENTED_EDGE ( 'NONE', *, *, #7952, .T. ) ;
#5798 =( NAMED_UNIT ( * ) SI_UNIT ( $, .STERADIAN. ) SOLID_ANGLE_UNIT ( ) );
#5799 = DIRECTION ( 'NONE',  ( -1.000000000000000000, 0.0000000000000000000, 0.0000000000000000000 ) ) ;
#5800 = ORIENTED_EDGE ( 'NONE', *, *, #9491, .F. ) ;
#5801 = MECHANICAL_DESIGN_GEOMETRIC_PRESENTATION_REPRESENTATION (  '', ( #4057 ), #1016 ) ;
#5802 = SURFACE_STYLE_FILL_AREA ( #1659 ) ;
#5803 = FILL_AREA_STYLE ('',( #7890 ) ) ;
#5804 = AXIS2_PLACEMENT_3D ( 'NONE', #10571, #6147, #11273 ) ;
#5805 = EDGE_CURVE ( 'NONE', #1179, #13438, #5868, .T. ) ;
#5806 = SURFACE_SIDE_STYLE ('',( #1662 ) ) ;
#5807 = ORIENTED_EDGE ( 'NONE', *, *, #10654, .F. ) ;
#5808 = CARTESIAN_POINT ( 'NONE',  ( 2.300000000000003819, 1.000000000000000000, 22.92500000000000426 ) ) ;
#5809 = ORIENTED_EDGE ( 'NONE', *, *, #11988, .F. ) ;
#5811 = VECTOR ( 'NONE', #11430, 1000.000000000000000 ) ;
#5810 = FILL_AREA_STYLE_COLOUR ( '', #6326 ) ;
#5812 = ORIENTED_EDGE ( 'NONE', *, *, #11114, .T. ) ;
#5813 = SURFACE_STYLE_USAGE ( .BOTH. , #8028 ) ;
#5814 = EDGE_CURVE ( 'NONE', #9538, #9534, #11052, .T. ) ;
#5815 = EDGE_CURVE ( 'NONE', #8749, #913, #2812, .T. ) ;
#5816 = VECTOR ( 'NONE', #8573, 1000.000000000000000 ) ;
#5817 = CARTESIAN_POINT ( 'NONE',  ( -15.00000000000000000, 0.2500000000000002220, 25.47500000000000853 ) ) ;
#5818 = MECHANICAL_DESIGN_GEOMETRIC_PRESENTATION_REPRESENTATION (  '', ( #12050 ), #1472 ) ;
#5819 = EDGE_CURVE ( 'NONE', #733, #6823, #6869, .T. ) ;
#5820 = PLANE ( 'NONE',  #8678 ) ;
#5821 = UNCERTAINTY_MEASURE_WITH_UNIT (LENGTH_MEASURE( 1.000000000000000082E-05 ), #7156, 'distance_accuracy_value', 'NONE');
#5822 = VERTEX_POINT ( 'NONE', #10846 ) ;
#5823 = LINE ( 'NONE', #12981, #5259 ) ;
#5824 = DIRECTION ( 'NONE',  ( -1.000000000000000000, 0.0000000000000000000, 0.0000000000000000000 ) ) ;
#5825 = CARTESIAN_POINT ( 'NONE',  ( -2.849999999999997424, 3.399999999999999911, 21.27500000000000924 ) ) ;
#5826 = UNCERTAINTY_MEASURE_WITH_UNIT (LENGTH_MEASURE( 1.000000000000000082E-05 ), #5741, 'distance_accuracy_value', 'NONE');
#5827 = PRESENTATION_STYLE_ASSIGNMENT (( #9723 ) ) ;
#5828 = EDGE_CURVE ( 'NONE', #4317, #1071, #13033, .T. ) ;
#5829 = ORIENTED_EDGE ( 'NONE', *, *, #8582, .F. ) ;
#5830 = VECTOR ( 'NONE', #12963, 1000.000000000000000 ) ;
#5831 = CARTESIAN_POINT ( 'NONE',  ( -6.699999999999995737, 1.000999999999999890, 22.92500000000001137 ) ) ;
#5832 = CARTESIAN_POINT ( 'NONE',  ( -9.200000000000004619, 1.000000000000000000, -19.67499999999999361 ) ) ;
#5833 =( NAMED_UNIT ( * ) SI_UNIT ( $, .STERADIAN. ) SOLID_ANGLE_UNIT ( ) );
#5834 = ORIENTED_EDGE ( 'NONE', *, *, #6330, .F. ) ;
#5835 = CARTESIAN_POINT ( 'NONE',  ( 1.100000000000001643, 0.0000000000000000000, 25.22500000000000497 ) ) ;
#5836 = CARTESIAN_POINT ( 'NONE',  ( 7.500000000000003553, -0.001000000000000000021, 22.92499999999999716 ) ) ;
#5837 = UNCERTAINTY_MEASURE_WITH_UNIT (LENGTH_MEASURE( 1.000000000000000082E-05 ), #7696, 'distance_accuracy_value', 'NONE');
#5838 = LINE ( 'NONE', #11023, #26 ) ;
#5839 = DIRECTION ( 'NONE',  ( 1.885568995626964287E-16, 0.0000000000000000000, -1.000000000000000000 ) ) ;
#5840 = UNCERTAINTY_MEASURE_WITH_UNIT (LENGTH_MEASURE( 1.000000000000000082E-05 ), #12243, 'distance_accuracy_value', 'NONE');
#5841 = EDGE_LOOP ( 'NONE', ( #9006, #6174, #13418, #8761 ) ) ;
#5842 = LINE ( 'NONE', #9673, #7483 ) ;
#5843 = LINE ( 'NONE', #8724, #12522 ) ;
#5844 = SURFACE_SIDE_STYLE ('',( #10965 ) ) ;
#5845 = ORIENTED_EDGE ( 'NONE', *, *, #9126, .F. ) ;
#5846 = DIRECTION ( 'NONE',  ( -0.0000000000000000000, 1.000000000000000000, -0.0000000000000000000 ) ) ;
#5847 = DIRECTION ( 'NONE',  ( 0.0000000000000000000, 1.000000000000000000, 0.0000000000000000000 ) ) ;
#5848 = SURFACE_SIDE_STYLE ('',( #1704 ) ) ;
#5849 = PRESENTATION_LAYER_ASSIGNMENT (  '', '', ( #3025 ) ) ;
#5850 = VECTOR ( 'NONE', #8107, 1000.000000000000000 ) ;
#5851 = PRESENTATION_STYLE_ASSIGNMENT (( #8662 ) ) ;
#5852 = LINE ( 'NONE', #6776, #7302 ) ;
#5853 = FILL_AREA_STYLE_COLOUR ( '', #6342 ) ;
#5854 = SURFACE_SIDE_STYLE ('',( #5641 ) ) ;
#5855 = ORIENTED_EDGE ( 'NONE', *, *, #627, .T. ) ;
#5856 = DIRECTION ( 'NONE',  ( 1.000000000000000000, 0.0000000000000000000, 0.0000000000000000000 ) ) ;
#5857 = CARTESIAN_POINT ( 'NONE',  ( 6.100000000000003197, 1.000999999999999890, 22.92500000000000071 ) ) ;
#5858 = CARTESIAN_POINT ( 'NONE',  ( 9.700000000000002842, -0.001000000000000000021, 25.22499999999999787 ) ) ;
#5859 = VERTEX_POINT ( 'NONE', #1577 ) ;
#5860 =( LENGTH_UNIT ( ) NAMED_UNIT ( * ) SI_UNIT ( .MILLI., .METRE. ) );
#5861 = SURFACE_STYLE_FILL_AREA ( #7488 ) ;
#5862 = AXIS2_PLACEMENT_3D ( 'NONE', #11790, #5847, #2649 ) ;
#5863 =( LENGTH_UNIT ( ) NAMED_UNIT ( * ) SI_UNIT ( .MILLI., .METRE. ) );
#5864 = VECTOR ( 'NONE', #5578, 1000.000000000000000 ) ;
#5865 = PLANE ( 'NONE',  #4992 ) ;
#5866 = ORIENTED_EDGE ( 'NONE', *, *, #11094, .F. ) ;
#5867 = CARTESIAN_POINT ( 'NONE',  ( -6.899999999999998579, -0.001000000000000126222, 22.92500000000001137 ) ) ;
#5868 = LINE ( 'NONE', #9970, #3117 ) ;
#5869 =( LENGTH_UNIT ( ) NAMED_UNIT ( * ) SI_UNIT ( .MILLI., .METRE. ) );
#5870 = VERTEX_POINT ( 'NONE', #5930 ) ;
#5871 = COLOUR_RGB ( '',1.000000000000000000, 1.000000000000000000, 0.0000000000000000000 ) ;
#5872 = DIRECTION ( 'NONE',  ( 0.0000000000000000000, -0.0000000000000000000, 1.000000000000000000 ) ) ;
#5873 = SURFACE_STYLE_FILL_AREA ( #6805 ) ;
#5874 = DIRECTION ( 'NONE',  ( -1.000000000000000000, 0.0000000000000000000, -9.427844978134821433E-17 ) ) ;
#5875 = VERTEX_POINT ( 'NONE', #3891 ) ;
#5876 = CARTESIAN_POINT ( 'NONE',  ( -15.00000000000000000, 3.399999999999999911, 22.27500000000000568 ) ) ;
#5877 = VERTEX_POINT ( 'NONE', #4707 ) ;
#5878 = CARTESIAN_POINT ( 'NONE',  ( -7.699999999999998401, -0.001000000000000252423, 25.22500000000001208 ) ) ;
#5879 = ORIENTED_EDGE ( 'NONE', *, *, #4139, .F. ) ;
#5880 = COLOUR_RGB ( '',0.5019607843137254832, 0.5019607843137254832, 0.5019607843137254832 ) ;
#5881 = VECTOR ( 'NONE', #11425, 1000.000000000000000 ) ;
#5882 = COLOUR_RGB ( '',1.000000000000000000, 1.000000000000000000, 0.0000000000000000000 ) ;
#5883 = FACE_OUTER_BOUND ( 'NONE', #5563, .T. ) ;
#5884 = PRESENTATION_LAYER_ASSIGNMENT (  '', '', ( #4141 ) ) ;
#5885 =( GEOMETRIC_REPRESENTATION_CONTEXT ( 3 ) GLOBAL_UNCERTAINTY_ASSIGNED_CONTEXT ( ( #10961 ) ) GLOBAL_UNIT_ASSIGNED_CONTEXT ( ( #9380, #9248, #10458 ) ) REPRESENTATION_CONTEXT ( 'NONE', 'WORKASPACE' ) );
#5886 = EDGE_CURVE ( 'NONE', #10606, #12069, #8010, .T. ) ;
#5887 = CARTESIAN_POINT ( 'NONE',  ( 6.300000000000003375, 1.000999999999999890, 25.22500000000000142 ) ) ;
#5888 = ORIENTED_EDGE ( 'NONE', *, *, #9502, .F. ) ;
#5889 = CARTESIAN_POINT ( 'NONE',  ( -15.00000000000000533, 1.000000000000000000, -25.47499999999999432 ) ) ;
#5890 = DIRECTION ( 'NONE',  ( 1.000000000000000000, 0.0000000000000000000, 0.0000000000000000000 ) ) ;
#5891 = LINE ( 'NONE', #11159, #8407 ) ;
#5892 = SURFACE_STYLE_FILL_AREA ( #6828 ) ;
#5893 = CARTESIAN_POINT ( 'NONE',  ( -11.09999999999999787, -0.001000000000000882995, 25.22500000000001208 ) ) ;
#5894 = ORIENTED_EDGE ( 'NONE', *, *, #11144, .F. ) ;
#5895 = FACE_OUTER_BOUND ( 'NONE', #7, .T. ) ;
#5896 = EDGE_CURVE ( 'NONE', #5483, #5597, #13098, .T. ) ;
#5897 =( GEOMETRIC_REPRESENTATION_CONTEXT ( 3 ) GLOBAL_UNCERTAINTY_ASSIGNED_CONTEXT ( ( #12299 ) ) GLOBAL_UNIT_ASSIGNED_CONTEXT ( ( #2650, #2932, #3721 ) ) REPRESENTATION_CONTEXT ( 'NONE', 'WORKASPACE' ) );
#5898 = SURFACE_STYLE_USAGE ( .BOTH. , #11017 ) ;
#5899 = ORIENTED_EDGE ( 'NONE', *, *, #1142, .T. ) ;
#5900 = ADVANCED_FACE ( 'NONE', ( #11931 ), #4839, .F. ) ;
#5901 = LINE ( 'NONE', #12037, #2909 ) ;
#5902 =( NAMED_UNIT ( * ) SI_UNIT ( $, .STERADIAN. ) SOLID_ANGLE_UNIT ( ) );
#5903 = MECHANICAL_DESIGN_GEOMETRIC_PRESENTATION_REPRESENTATION (  '', ( #7829 ), #12558 ) ;
#5904 = VECTOR ( 'NONE', #5709, 1000.000000000000000 ) ;
#5905 = EDGE_CURVE ( 'NONE', #5143, #331, #2523, .T. ) ;
#5906 = CARTESIAN_POINT ( 'NONE',  ( -10.49999999999999467, 1.000999999999999890, 25.22500000000001208 ) ) ;
#5907 = CARTESIAN_POINT ( 'NONE',  ( -10.09999999999999787, -0.001000000000000630810, 25.22500000000001208 ) ) ;
#5908 = COLOUR_RGB ( '',1.000000000000000000, 1.000000000000000000, 0.0000000000000000000 ) ;
#5909 = ORIENTED_EDGE ( 'NONE', *, *, #3561, .F. ) ;
#5910 = SURFACE_STYLE_FILL_AREA ( #13203 ) ;
#5911 = PLANE ( 'NONE',  #13440 ) ;
#5912 = SURFACE_STYLE_USAGE ( .BOTH. , #2860 ) ;
#5913 = ORIENTED_EDGE ( 'NONE', *, *, #5215, .F. ) ;
#5914 = LINE ( 'NONE', #867, #964 ) ;
#5915 = LINE ( 'NONE', #3805, #6925 ) ;
#5916 = EDGE_CURVE ( 'NONE', #2938, #3818, #9902, .T. ) ;
#5917 = VECTOR ( 'NONE', #11526, 1000.000000000000000 ) ;
#5918 = DIRECTION ( 'NONE',  ( -0.0000000000000000000, 1.000000000000000000, -0.0000000000000000000 ) ) ;
#5919 = VECTOR ( 'NONE', #648, 1000.000000000000000 ) ;
#5920 = ORIENTED_EDGE ( 'NONE', *, *, #3314, .F. ) ;
#5921 = DIRECTION ( 'NONE',  ( 1.000000000000000000, 0.0000000000000000000, 0.0000000000000000000 ) ) ;
#5922 = CARTESIAN_POINT ( 'NONE',  ( -12.10000000000000320, 1.000000000000000000, -21.27499999999998792 ) ) ;
#5923 = AXIS2_PLACEMENT_3D ( 'NONE', #8604, #1101, #6312 ) ;
#5924 = ORIENTED_EDGE ( 'NONE', *, *, #11501, .T. ) ;
#5925 = CARTESIAN_POINT ( 'NONE',  ( -10.09999999999999787, -0.001000000000000630810, 25.22500000000001208 ) ) ;
#5926 = LINE ( 'NONE', #10039, #10786 ) ;
#5927 =( NAMED_UNIT ( * ) SI_UNIT ( $, .STERADIAN. ) SOLID_ANGLE_UNIT ( ) );
#5928 = ORIENTED_EDGE ( 'NONE', *, *, #2386, .F. ) ;
#5929 = CARTESIAN_POINT ( 'NONE',  ( 14.99999999999999822, 1.000000000000000000, 22.27500000000000568 ) ) ;
#5930 = CARTESIAN_POINT ( 'NONE',  ( 1.500000000000004885, 1.000000000000000000, 25.22500000000000853 ) ) ;
#5931 = LINE ( 'NONE', #821, #9141 ) ;
#5932 = MECHANICAL_DESIGN_GEOMETRIC_PRESENTATION_REPRESENTATION (  '', ( #4841 ), #471 ) ;
#5933 = DIRECTION ( 'NONE',  ( -0.0000000000000000000, -1.000000000000000000, -0.0000000000000000000 ) ) ;
#5934 = ORIENTED_EDGE ( 'NONE', *, *, #4990, .T. ) ;
#5935 = MECHANICAL_DESIGN_GEOMETRIC_PRESENTATION_REPRESENTATION (  '', ( #6345 ), #12377 ) ;
#5936 = SURFACE_STYLE_USAGE ( .BOTH. , #6934 ) ;
#5937 = MECHANICAL_DESIGN_GEOMETRIC_PRESENTATION_REPRESENTATION (  '', ( #7420 ), #3755 ) ;
#5938 = AXIS2_PLACEMENT_3D ( 'NONE', #1491, #10810, #3706 ) ;
#5939 = SURFACE_SIDE_STYLE ('',( #4919 ) ) ;
#5940 = SURFACE_STYLE_FILL_AREA ( #4715 ) ;
#5941 = VERTEX_POINT ( 'NONE', #7883 ) ;
#5942 = CARTESIAN_POINT ( 'NONE',  ( -0.8999999999999964695, 1.000999999999999890, 22.92500000000000782 ) ) ;
#5943 = STYLED_ITEM ( 'NONE', ( #6726 ), #8513 ) ;
#5944 = AXIS2_PLACEMENT_3D ( 'NONE', #5962, #13131, #2779 ) ;
#5945 = EDGE_CURVE ( 'NONE', #12597, #9982, #10772, .T. ) ;
#5946 =( NAMED_UNIT ( * ) SI_UNIT ( $, .STERADIAN. ) SOLID_ANGLE_UNIT ( ) );
#5947 = ORIENTED_EDGE ( 'NONE', *, *, #12936, .F. ) ;
#5948 = DIRECTION ( 'NONE',  ( 3.771137991253928573E-16, 0.0000000000000000000, -1.000000000000000000 ) ) ;
#5949 = ORIENTED_EDGE ( 'NONE', *, *, #10928, .T. ) ;
#5950 = STYLED_ITEM ( 'NONE', ( #6586 ), #5743 ) ;
#5951 = CARTESIAN_POINT ( 'NONE',  ( -15.00000000000000533, -0.3500000000000000333, 22.27499999999997726 ) ) ;
#5952 = FILL_AREA_STYLE ('',( #12078 ) ) ;
#5953 = MECHANICAL_DESIGN_GEOMETRIC_PRESENTATION_REPRESENTATION (  '', ( #5734 ), #3331 ) ;
#5954 =( NAMED_UNIT ( * ) PLANE_ANGLE_UNIT ( ) SI_UNIT ( $, .RADIAN. ) );
#5955 = PRESENTATION_LAYER_ASSIGNMENT (  '', '', ( #12191 ) ) ;
#5956 = VECTOR ( 'NONE', #6643, 1000.000000000000000 ) ;
#5957 = FACE_BOUND ( 'NONE', #4044, .T. ) ;
#5958 = UNCERTAINTY_MEASURE_WITH_UNIT (LENGTH_MEASURE( 1.000000000000000082E-05 ), #5524, 'distance_accuracy_value', 'NONE');
#5959 = ORIENTED_EDGE ( 'NONE', *, *, #2924, .T. ) ;
#5960 = LINE ( 'NONE', #7160, #3528 ) ;
#5961 =( NAMED_UNIT ( * ) SI_UNIT ( $, .STERADIAN. ) SOLID_ANGLE_UNIT ( ) );
#5962 = CARTESIAN_POINT ( 'NONE',  ( -12.10000000000000320, 1.000000000000000000, -22.57499999999998863 ) ) ;
#5963 = ORIENTED_EDGE ( 'NONE', *, *, #4644, .T. ) ;
#5964 = CARTESIAN_POINT ( 'NONE',  ( 10.70000000000000284, -0.001000000000000000021, 22.92499999999999361 ) ) ;
#5965 = CARTESIAN_POINT ( 'NONE',  ( 9.700000000000002842, -0.001000000000000000021, 25.22499999999999787 ) ) ;
#5966 = PLANE ( 'NONE',  #1697 ) ;
#5967 = ORIENTED_EDGE ( 'NONE', *, *, #9485, .F. ) ;
#5968 = UNCERTAINTY_MEASURE_WITH_UNIT (LENGTH_MEASURE( 1.000000000000000082E-05 ), #4528, 'distance_accuracy_value', 'NONE');
#5970 = ADVANCED_FACE ( 'NONE', ( #9760 ), #11996, .F. ) ;
#5969 = LINE ( 'NONE', #2986, #8461 ) ;
#5971 = MECHANICAL_DESIGN_GEOMETRIC_PRESENTATION_REPRESENTATION (  '', ( #4884 ), #9402 ) ;
#5972 = ORIENTED_EDGE ( 'NONE', *, *, #9342, .T. ) ;
#5973 = CARTESIAN_POINT ( 'NONE',  ( 12.09999999999999964, 1.000000000000000000, -22.57499999999998863 ) ) ;
#5974 = SURFACE_STYLE_USAGE ( .BOTH. , #5844 ) ;
#5975 =( GEOMETRIC_REPRESENTATION_CONTEXT ( 3 ) GLOBAL_UNCERTAINTY_ASSIGNED_CONTEXT ( ( #6090 ) ) GLOBAL_UNIT_ASSIGNED_CONTEXT ( ( #11580, #167, #6298 ) ) REPRESENTATION_CONTEXT ( 'NONE', 'WORKASPACE' ) );
#5976 = ORIENTED_EDGE ( 'NONE', *, *, #6383, .T. ) ;
#5977 = DIRECTION ( 'NONE',  ( 9.427844978134821433E-17, 0.0000000000000000000, 1.000000000000000000 ) ) ;
#5978 =( LENGTH_UNIT ( ) NAMED_UNIT ( * ) SI_UNIT ( .MILLI., .METRE. ) );
#5979 = ADVANCED_FACE ( 'NONE', ( #12262 ), #10301, .F. ) ;
#5980 = EDGE_CURVE ( 'NONE', #8333, #2740, #3130, .T. ) ;
#5981 = SURFACE_STYLE_FILL_AREA ( #10827 ) ;
#5982 = VECTOR ( 'NONE', #10695, 1000.000000000000000 ) ;
#5983 = SURFACE_STYLE_FILL_AREA ( #4898 ) ;
#5984 = DIRECTION ( 'NONE',  ( -1.000000000000000000, 0.0000000000000000000, -0.0000000000000000000 ) ) ;
#5985 = ORIENTED_EDGE ( 'NONE', *, *, #11337, .F. ) ;
#5986 = ADVANCED_FACE ( 'NONE', ( #6180 ), #883, .T. ) ;
#5987 = FACE_OUTER_BOUND ( 'NONE', #7025, .T. ) ;
#5988 = EDGE_CURVE ( 'NONE', #8091, #9521, #1693, .T. ) ;
#5989 = PRESENTATION_STYLE_ASSIGNMENT (( #812 ) ) ;
#5990 = ORIENTED_EDGE ( 'NONE', *, *, #2485, .F. ) ;
#5991 = CARTESIAN_POINT ( 'NONE',  ( 4.300000000000001599, 0.0000000000000000000, 25.22500000000000142 ) ) ;
#5992 = PLANE ( 'NONE',  #8324 ) ;
#5993 = FACE_OUTER_BOUND ( 'NONE', #2349, .T. ) ;
#5994 = DIRECTION ( 'NONE',  ( 1.000000000000000000, 0.0000000000000000000, 0.0000000000000000000 ) ) ;
#5995 = ORIENTED_EDGE ( 'NONE', *, *, #10591, .T. ) ;
#5996 = FACE_OUTER_BOUND ( 'NONE', #1354, .T. ) ;
#5997 = ADVANCED_FACE ( 'NONE', ( #12100 ), #6757, .T. ) ;
#5998 = ADVANCED_FACE ( 'NONE', ( #713 ), #8786, .F. ) ;
#5999 = SURFACE_STYLE_USAGE ( .BOTH. , #6116 ) ;
#6000 = EDGE_LOOP ( 'NONE', ( #13152, #11462, #4264, #1194 ) ) ;
#6001 = DIRECTION ( 'NONE',  ( -0.0000000000000000000, -1.000000000000000000, -0.0000000000000000000 ) ) ;
#6002 = CARTESIAN_POINT ( 'NONE',  ( 11.30000000000000249, -0.001000000000000000021, 22.92499999999999361 ) ) ;
#6003 = VECTOR ( 'NONE', #9647, 1000.000000000000000 ) ;
#6004 = LINE ( 'NONE', #10305, #12364 ) ;
#6005 = LINE ( 'NONE', #1661, #8127 ) ;
#6006 = ORIENTED_EDGE ( 'NONE', *, *, #301, .T. ) ;
#6007 = CARTESIAN_POINT ( 'NONE',  ( 10.30000000000000426, 1.000000000000000000, 22.92499999999999716 ) ) ;
#6008 = ORIENTED_EDGE ( 'NONE', *, *, #13099, .F. ) ;
#6009 = LINE ( 'NONE', #6942, #2764 ) ;
#6010 = ORIENTED_EDGE ( 'NONE', *, *, #11549, .F. ) ;
#6011 = VERTEX_POINT ( 'NONE', #513 ) ;
#6012 = PRESENTATION_STYLE_ASSIGNMENT (( #5813 ) ) ;
#6013 = CARTESIAN_POINT ( 'NONE',  ( 8.300000000000004263, -0.001000000000000000021, 22.92499999999999716 ) ) ;
#6014 = AXIS2_PLACEMENT_3D ( 'NONE', #1215, #12645, #2360 ) ;
#6015 = ORIENTED_EDGE ( 'NONE', *, *, #6221, .T. ) ;
#6016 = CARTESIAN_POINT ( 'NONE',  ( -11.69999999999999929, -0.001000000000000882995, 25.22500000000001208 ) ) ;
#6017 = SURFACE_STYLE_FILL_AREA ( #1817 ) ;
#6018 = SURFACE_STYLE_FILL_AREA ( #9858 ) ;
#6019 = CARTESIAN_POINT ( 'NONE',  ( 8.300000000000002487, 0.0000000000000000000, 25.22499999999999787 ) ) ;
#6020 = CARTESIAN_POINT ( 'NONE',  ( 11.10000000000000320, 1.000999999999999890, 25.22499999999999432 ) ) ;
#6021 = LINE ( 'NONE', #9054, #6497 ) ;
#6022 = AXIS2_PLACEMENT_3D ( 'NONE', #3170, #7296, #6352 ) ;
#6023 = ORIENTED_EDGE ( 'NONE', *, *, #2820, .T. ) ;
#6024 = MECHANICAL_DESIGN_GEOMETRIC_PRESENTATION_REPRESENTATION (  '', ( #10985 ), #10318 ) ;
#6025 = VECTOR ( 'NONE', #5502, 1000.000000000000000 ) ;
#6026 = ORIENTED_EDGE ( 'NONE', *, *, #9126, .T. ) ;
#6027 = FILL_AREA_STYLE_COLOUR ( '', #9179 ) ;
#6028 = LINE ( 'NONE', #3864, #6983 ) ;
#6029 = PRESENTATION_STYLE_ASSIGNMENT (( #7779 ) ) ;
#6030 = DIRECTION ( 'NONE',  ( 1.000000000000000000, 0.0000000000000000000, 0.0000000000000000000 ) ) ;
#6031 = ORIENTED_EDGE ( 'NONE', *, *, #12781, .T. ) ;
#6032 = STYLED_ITEM ( 'NONE', ( #1522 ), #1493 ) ;
#6033 = CARTESIAN_POINT ( 'NONE',  ( 0.1000000000000028644, 0.0000000000000000000, 25.22500000000000853 ) ) ;
#6034 = ORIENTED_EDGE ( 'NONE', *, *, #11306, .T. ) ;
#6035 = LINE ( 'NONE', #10149, #11330 ) ;
#6036 = ADVANCED_FACE ( 'NONE', ( #1764 ), #4680, .F. ) ;
#6037 = VECTOR ( 'NONE', #7559, 1000.000000000000000 ) ;
#6038 = CARTESIAN_POINT ( 'NONE',  ( 3.500000000000001776, -0.001000000000000000021, 22.92500000000000071 ) ) ;
#6039 = LINE ( 'NONE', #12252, #6811 ) ;
#6040 = ADVANCED_FACE ( 'NONE', ( #14 ), #3166, .F. ) ;
#6041 = CARTESIAN_POINT ( 'NONE',  ( -3.099999999999996980, 0.7499999999999963363, 25.47500000000001208 ) ) ;
#6042 = ORIENTED_EDGE ( 'NONE', *, *, #2485, .T. ) ;
#6043 = DIRECTION ( 'NONE',  ( 0.0000000000000000000, -1.000000000000000000, 0.0000000000000000000 ) ) ;
#6044 = CARTESIAN_POINT ( 'NONE',  ( 6.700000000000004619, 0.0000000000000000000, 22.92500000000000071 ) ) ;
#6045 =( LENGTH_UNIT ( ) NAMED_UNIT ( * ) SI_UNIT ( .MILLI., .METRE. ) );
#6046 = ORIENTED_EDGE ( 'NONE', *, *, #1940, .T. ) ;
#6047 = PRESENTATION_LAYER_ASSIGNMENT (  '', '', ( #1726 ) ) ;
#6048 = CARTESIAN_POINT ( 'NONE',  ( 11.50000000000000355, 0.0000000000000000000, 25.22499999999999432 ) ) ;
#6049 = VECTOR ( 'NONE', #5194, 1000.000000000000000 ) ;
#6050 =( NAMED_UNIT ( * ) SI_UNIT ( $, .STERADIAN. ) SOLID_ANGLE_UNIT ( ) );
#6051 = DIRECTION ( 'NONE',  ( 1.000000000000000000, 0.0000000000000000000, 0.0000000000000000000 ) ) ;
#6052 = EDGE_CURVE ( 'NONE', #3506, #5248, #4059, .T. ) ;
#6053 = ADVANCED_FACE ( 'NONE', ( #1894 ), #6277, .F. ) ;
#6054 = SURFACE_STYLE_FILL_AREA ( #11197 ) ;
#6055 = CARTESIAN_POINT ( 'NONE',  ( 8.100000000000003197, -0.001000000000000000021, 25.22499999999999787 ) ) ;
#6056 =( GEOMETRIC_REPRESENTATION_CONTEXT ( 3 ) GLOBAL_UNCERTAINTY_ASSIGNED_CONTEXT ( ( #10947 ) ) GLOBAL_UNIT_ASSIGNED_CONTEXT ( ( #1312, #9699, #12688 ) ) REPRESENTATION_CONTEXT ( 'NONE', 'WORKASPACE' ) );
#6057 = DIRECTION ( 'NONE',  ( -0.0000000000000000000, -1.000000000000000000, -0.0000000000000000000 ) ) ;
#6058 = LINE ( 'NONE', #1991, #4681 ) ;
#6059 = EDGE_LOOP ( 'NONE', ( #2081, #1249, #10734, #6531, #6959, #10784, #7090, #9289 ) ) ;
#6060 = LINE ( 'NONE', #9098, #10896 ) ;
#6061 = ADVANCED_FACE ( 'NONE', ( #1200 ), #2414, .T. ) ;
#6062 = DIRECTION ( 'NONE',  ( -9.427844978134821433E-17, -0.0000000000000000000, 1.000000000000000000 ) ) ;
#6063 = UNCERTAINTY_MEASURE_WITH_UNIT (LENGTH_MEASURE( 1.000000000000000082E-05 ), #12197, 'distance_accuracy_value', 'NONE');
#6064 = ORIENTED_EDGE ( 'NONE', *, *, #200, .T. ) ;
#6065 = CARTESIAN_POINT ( 'NONE',  ( 12.84999999999999964, -0.3500000000000000333, 25.47500000000000853 ) ) ;
#6066 = ORIENTED_EDGE ( 'NONE', *, *, #2214, .F. ) ;
#6067 = LINE ( 'NONE', #12074, #7006 ) ;
#6068 = AXIS2_PLACEMENT_3D ( 'NONE', #7458, #11587, #12725 ) ;
#6069 = STYLED_ITEM ( 'NONE', ( #12514 ), #13256 ) ;
#6070 = DIRECTION ( 'NONE',  ( -1.000000000000000000, -0.0000000000000000000, -0.0000000000000000000 ) ) ;
#6071 = ORIENTED_EDGE ( 'NONE', *, *, #1089, .T. ) ;
#6072 = EDGE_CURVE ( 'NONE', #3778, #5859, #2348, .T. ) ;
#6073 = CARTESIAN_POINT ( 'NONE',  ( -9.200000000000004619, 0.0000000000000000000, -19.67499999999999361 ) ) ;
#6074 =( LENGTH_UNIT ( ) NAMED_UNIT ( * ) SI_UNIT ( .MILLI., .METRE. ) );
#6075 = DIRECTION ( 'NONE',  ( 1.000000000000000000, 0.0000000000000000000, 0.0000000000000000000 ) ) ;
#6076 = COLOUR_RGB ( '',1.000000000000000000, 1.000000000000000000, 0.0000000000000000000 ) ;
#6077 = ORIENTED_EDGE ( 'NONE', *, *, #9510, .F. ) ;
#6078 = LINE ( 'NONE', #13383, #10881 ) ;
#6079 = CARTESIAN_POINT ( 'NONE',  ( -15.00000000000000000, 0.0000000000000000000, 25.22500000000000853 ) ) ;
#6080 = VECTOR ( 'NONE', #12918, 1000.000000000000000 ) ;
#6081 = LINE ( 'NONE', #8352, #6474 ) ;
#6082 = UNCERTAINTY_MEASURE_WITH_UNIT (LENGTH_MEASURE( 1.000000000000000082E-05 ), #1017, 'distance_accuracy_value', 'NONE');
#6083 = EDGE_LOOP ( 'NONE', ( #263, #564, #9672, #9482 ) ) ;
#6084 = VECTOR ( 'NONE', #1710, 1000.000000000000000 ) ;
#6085 = ORIENTED_EDGE ( 'NONE', *, *, #10516, .F. ) ;
#6086 = VECTOR ( 'NONE', #312, 1000.000000000000000 ) ;
#6087 = SURFACE_STYLE_FILL_AREA ( #8114 ) ;
#6088 = PRESENTATION_LAYER_ASSIGNMENT (  '', '', ( #3261 ) ) ;
#6089 = EDGE_LOOP ( 'NONE', ( #5201, #4067, #9235, #6403 ) ) ;
#6090 = UNCERTAINTY_MEASURE_WITH_UNIT (LENGTH_MEASURE( 1.000000000000000082E-05 ), #11580, 'distance_accuracy_value', 'NONE');
#6091 = LINE ( 'NONE', #2026, #11744 ) ;
#6092 = PRESENTATION_STYLE_ASSIGNMENT (( #7040 ) ) ;
#6093 = LINE ( 'NONE', #10401, #7734 ) ;
#6094 = ORIENTED_EDGE ( 'NONE', *, *, #12399, .F. ) ;
#6095 = CARTESIAN_POINT ( 'NONE',  ( 4.700000000000004619, 1.000999999999999890, 25.22500000000000142 ) ) ;
#6096 = FACE_OUTER_BOUND ( 'NONE', #7999, .T. ) ;
#6097 = MECHANICAL_DESIGN_GEOMETRIC_PRESENTATION_REPRESENTATION (  '', ( #663 ), #1115 ) ;
#6098 = VERTEX_POINT ( 'NONE', #3495 ) ;
#6099 = FILL_AREA_STYLE ('',( #3175 ) ) ;
#6100 = DIRECTION ( 'NONE',  ( 0.0000000000000000000, 0.0000000000000000000, 1.000000000000000000 ) ) ;
#6101 = AXIS2_PLACEMENT_3D ( 'NONE', #9804, #6626, #582 ) ;
#6102 =( GEOMETRIC_REPRESENTATION_CONTEXT ( 3 ) GLOBAL_UNCERTAINTY_ASSIGNED_CONTEXT ( ( #8914 ) ) GLOBAL_UNIT_ASSIGNED_CONTEXT ( ( #8748, #2526, #1454 ) ) REPRESENTATION_CONTEXT ( 'NONE', 'WORKASPACE' ) );
#6103 = COLOUR_RGB ( '',1.000000000000000000, 1.000000000000000000, 0.0000000000000000000 ) ;
#6104 = CARTESIAN_POINT ( 'NONE',  ( -8.099999999999996092, 1.000999999999999890, 25.22500000000001208 ) ) ;
#6105 = LINE ( 'NONE', #10226, #8020 ) ;
#6106 = DIRECTION ( 'NONE',  ( -1.000000000000000000, 0.0000000000000000000, 0.0000000000000000000 ) ) ;
#6107 = ORIENTED_EDGE ( 'NONE', *, *, #5403, .F. ) ;
#6108 = CARTESIAN_POINT ( 'NONE',  ( 4.100000000000001421, -0.001000000000000000021, 25.22500000000000142 ) ) ;
#6109 = CARTESIAN_POINT ( 'NONE',  ( 15.00000000000000000, 0.0000000000000000000, -19.67499999999999361 ) ) ;
#6110 =( NAMED_UNIT ( * ) PLANE_ANGLE_UNIT ( ) SI_UNIT ( $, .RADIAN. ) );
#6111 = ORIENTED_EDGE ( 'NONE', *, *, #4916, .T. ) ;
#6112 = CARTESIAN_POINT ( 'NONE',  ( 7.100000000000004086, 1.000999999999999890, 22.92499999999999716 ) ) ;
#6113 = COLOUR_RGB ( '',1.000000000000000000, 1.000000000000000000, 0.0000000000000000000 ) ;
#6114 = SURFACE_STYLE_USAGE ( .BOTH. , #8149 ) ;
#6115 = VECTOR ( 'NONE', #268, 1000.000000000000000 ) ;
#6116 = SURFACE_SIDE_STYLE ('',( #4842 ) ) ;
#6117 = ADVANCED_FACE ( 'NONE', ( #2274 ), #3375, .F. ) ;
#6118 = MECHANICAL_DESIGN_GEOMETRIC_PRESENTATION_REPRESENTATION (  '', ( #4395 ), #3295 ) ;
#6119 = CARTESIAN_POINT ( 'NONE',  ( -11.49999999999999645, 1.000999999999999890, 25.22500000000001208 ) ) ;
#6120 = STYLED_ITEM ( 'NONE', ( #4770 ), #6471 ) ;
#6121 = DIRECTION ( 'NONE',  ( -0.0000000000000000000, -1.000000000000000000, -0.0000000000000000000 ) ) ;
#6122 = ORIENTED_EDGE ( 'NONE', *, *, #3237, .T. ) ;
#6123 = PLANE ( 'NONE',  #4425 ) ;
#6124 = COLOUR_RGB ( '',0.5019607843137254832, 0.5019607843137254832, 0.5019607843137254832 ) ;
#6125 = SURFACE_STYLE_USAGE ( .BOTH. , #7076 ) ;
#6126 = ORIENTED_EDGE ( 'NONE', *, *, #33, .T. ) ;
#6127 = EDGE_CURVE ( 'Edge10', #8441, #8828, #7626, .T. ) ;
#6128 = VERTEX_POINT ( 'NONE', #10668 ) ;
#6129 = CARTESIAN_POINT ( 'NONE',  ( 11.50000000000000355, -0.001000000000000000021, 25.22499999999999432 ) ) ;
#6130 = STYLED_ITEM ( 'NONE', ( #9316 ), #8051 ) ;
#6131 = VECTOR ( 'NONE', #13176, 1000.000000000000000 ) ;
#6132 = VERTEX_POINT ( 'NONE', #11761 ) ;
#6133 = ADVANCED_FACE ( 'NONE', ( #2209 ), #7431, .F. ) ;
#6134 = STYLED_ITEM ( 'NONE', ( #10743 ), #10925 ) ;
#6135 = ADVANCED_FACE ( 'NONE', ( #7903 ), #7691, .F. ) ;
#6136 = LINE ( 'NONE', #8285, #7762 ) ;
#6137 = ADVANCED_FACE ( 'NONE', ( #12019 ), #5820, .F. ) ;
#6138 = DIRECTION ( 'NONE',  ( -0.0000000000000000000, -1.000000000000000000, -0.0000000000000000000 ) ) ;
#6139 = COLOUR_RGB ( '',1.000000000000000000, 1.000000000000000000, 0.0000000000000000000 ) ;
#6140 =( GEOMETRIC_REPRESENTATION_CONTEXT ( 3 ) GLOBAL_UNCERTAINTY_ASSIGNED_CONTEXT ( ( #495 ) ) GLOBAL_UNIT_ASSIGNED_CONTEXT ( ( #3568, #12989, #8339 ) ) REPRESENTATION_CONTEXT ( 'NONE', 'WORKASPACE' ) );
#6141 =( NAMED_UNIT ( * ) PLANE_ANGLE_UNIT ( ) SI_UNIT ( $, .RADIAN. ) );
#6142 = VERTEX_POINT ( 'NONE', #2771 ) ;
#6143 = CARTESIAN_POINT ( 'NONE',  ( -3.849999999999997424, 1.000000000000000000, 22.22500000000001208 ) ) ;
#6144 = DIRECTION ( 'NONE',  ( 1.000000000000000000, 0.0000000000000000000, 0.0000000000000000000 ) ) ;
#6145 = EDGE_CURVE ( 'NONE', #7440, #9827, #12845, .T. ) ;
#6146 = STYLED_ITEM ( 'NONE', ( #9640 ), #11193 ) ;
#6147 = DIRECTION ( 'NONE',  ( 0.0000000000000000000, 0.0000000000000000000, -1.000000000000000000 ) ) ;
#6148 = CARTESIAN_POINT ( 'NONE',  ( 1.900000000000001910, -0.001000000000000000021, 22.92500000000000426 ) ) ;
#6149 = EDGE_CURVE ( 'NONE', #3288, #6856, #5680, .T. ) ;
#6150 = DIRECTION ( 'NONE',  ( 0.0000000000000000000, 0.0000000000000000000, 1.000000000000000000 ) ) ;
#6151 = VERTEX_POINT ( 'NONE', #10871 ) ;
#6152 = CARTESIAN_POINT ( 'NONE',  ( -9.299999999999998934, -5.046468293750710023E-16, 25.22500000000001208 ) ) ;
#6153 = ORIENTED_EDGE ( 'NONE', *, *, #9268, .F. ) ;
#6154 = COLOUR_RGB ( '',1.000000000000000000, 1.000000000000000000, 0.0000000000000000000 ) ;
#6155 = ADVANCED_FACE ( 'NONE', ( #8769, #5957, #11076 ), #12081, .T. ) ;
#6156 = MECHANICAL_DESIGN_GEOMETRIC_PRESENTATION_REPRESENTATION (  '', ( #12191 ), #12618 ) ;
#6157 = EDGE_CURVE ( 'NONE', #12141, #8220, #4729, .T. ) ;
#6158 = COLOUR_RGB ( '',1.000000000000000000, 1.000000000000000000, 0.0000000000000000000 ) ;
#6159 = ORIENTED_EDGE ( 'NONE', *, *, #11001, .T. ) ;
#6160 = FILL_AREA_STYLE ('',( #6027 ) ) ;
#6161 = VECTOR ( 'NONE', #13014, 1000.000000000000000 ) ;
#6162 = FACE_OUTER_BOUND ( 'NONE', #7560, .T. ) ;
#6163 = CARTESIAN_POINT ( 'NONE',  ( 11.30000000000000249, 0.0000000000000000000, 25.22499999999999432 ) ) ;
#6164 = AXIS2_PLACEMENT_3D ( 'NONE', #8570, #12629, #10724 ) ;
#6165 = ORIENTED_EDGE ( 'NONE', *, *, #5063, .T. ) ;
#6166 = DIRECTION ( 'NONE',  ( 0.0000000000000000000, 0.0000000000000000000, -1.000000000000000000 ) ) ;
#6167 = ORIENTED_EDGE ( 'NONE', *, *, #11495, .F. ) ;
#6168 = SURFACE_STYLE_USAGE ( .BOTH. , #11175 ) ;
#6169 = DIRECTION ( 'NONE',  ( -0.0000000000000000000, 1.000000000000000000, -0.0000000000000000000 ) ) ;
#6170 = ADVANCED_FACE ( 'NONE', ( #1116 ), #4999, .F. ) ;
#6171 = SURFACE_STYLE_USAGE ( .BOTH. , #5103 ) ;
#6172 = VECTOR ( 'NONE', #4682, 1000.000000000000000 ) ;
#6173 = LINE ( 'NONE', #2171, #12222 ) ;
#6174 = ORIENTED_EDGE ( 'NONE', *, *, #7283, .F. ) ;
#6175 = DIRECTION ( 'NONE',  ( 0.0000000000000000000, 0.0000000000000000000, -1.000000000000000000 ) ) ;
#6176 = AXIS2_PLACEMENT_3D ( 'NONE', #10708, #3747, #8814 ) ;
#6177 = CARTESIAN_POINT ( 'NONE',  ( -11.09999999999999787, -0.001000000000000882995, 25.22500000000001208 ) ) ;
#6178 = VERTEX_POINT ( 'NONE', #845 ) ;
#6179 = CARTESIAN_POINT ( 'NONE',  ( 4.099999999999999645, 0.0000000000000000000, 22.92500000000000071 ) ) ;
#6180 = FACE_OUTER_BOUND ( 'NONE', #4055, .T. ) ;
#6181 = VECTOR ( 'NONE', #11617, 1000.000000000000000 ) ;
#6182 = AXIS2_PLACEMENT_3D ( 'NONE', #6641, #4498, #2244 ) ;
#6183 = VECTOR ( 'NONE', #8860, 1000.000000000000000 ) ;
#6184 =( NAMED_UNIT ( * ) PLANE_ANGLE_UNIT ( ) SI_UNIT ( $, .RADIAN. ) );
#6185 = FILL_AREA_STYLE ('',( #4162 ) ) ;
#6186 = VERTEX_POINT ( 'NONE', #13187 ) ;
#6187 = VECTOR ( 'NONE', #6346, 1000.000000000000000 ) ;
#6188 = DIRECTION ( 'NONE',  ( 1.885568995626964287E-16, 0.0000000000000000000, -1.000000000000000000 ) ) ;
#6189 = UNCERTAINTY_MEASURE_WITH_UNIT (LENGTH_MEASURE( 1.000000000000000082E-05 ), #6919, 'distance_accuracy_value', 'NONE');
#6190 = VERTEX_POINT ( 'NONE', #7089 ) ;
#6191 =( NAMED_UNIT ( * ) PLANE_ANGLE_UNIT ( ) SI_UNIT ( $, .RADIAN. ) );
#6192 = FACE_OUTER_BOUND ( 'NONE', #1270, .T. ) ;
#6193 = ORIENTED_EDGE ( 'NONE', *, *, #10408, .T. ) ;
#6194 = CARTESIAN_POINT ( 'NONE',  ( -12.10000000000000320, 1.000000000000000000, -22.57499999999998863 ) ) ;
#6195 = PLANE ( 'NONE',  #6591 ) ;
#6196 = FACE_OUTER_BOUND ( 'NONE', #5066, .T. ) ;
#6197 = ORIENTED_EDGE ( 'NONE', *, *, #3477, .T. ) ;
#6198 = SURFACE_SIDE_STYLE ('',( #12469 ) ) ;
#6199 = ADVANCED_FACE ( 'NONE', ( #12285 ), #8036, .F. ) ;
#6200 = LINE ( 'NONE', #5835, #7211 ) ;
#6201 = PRESENTATION_STYLE_ASSIGNMENT (( #13380 ) ) ;
#6202 = ORIENTED_EDGE ( 'NONE', *, *, #7550, .F. ) ;
#6203 = PLANE ( 'NONE',  #6344 ) ;
#6204 = CARTESIAN_POINT ( 'NONE',  ( 15.00000000000000000, 1.000000000000000000, 25.22500000000000853 ) ) ;
#6205 = ADVANCED_FACE ( 'NONE', ( #3983 ), #2071, .F. ) ;
#6206 = CARTESIAN_POINT ( 'NONE',  ( 10.70000000000000284, -0.001000000000000000021, 22.92499999999999361 ) ) ;
#6207 = ADVANCED_FACE ( 'NONE', ( #9493 ), #8556, .F. ) ;
#6208 = PRESENTATION_LAYER_ASSIGNMENT (  '', '', ( #11612 ) ) ;
#6209 =( GEOMETRIC_REPRESENTATION_CONTEXT ( 3 ) GLOBAL_UNCERTAINTY_ASSIGNED_CONTEXT ( ( #5826 ) ) GLOBAL_UNIT_ASSIGNED_CONTEXT ( ( #5741, #3897, #8883 ) ) REPRESENTATION_CONTEXT ( 'NONE', 'WORKASPACE' ) );
#6210 = VERTEX_POINT ( 'NONE', #7548 ) ;
#6211 = CARTESIAN_POINT ( 'NONE',  ( -12.09999999999999609, 1.000999999999999890, 22.92500000000001137 ) ) ;
#6212 = ORIENTED_EDGE ( 'NONE', *, *, #1170, .T. ) ;
#6213 = PLANE ( 'NONE',  #6460 ) ;
#6214 = ADVANCED_FACE ( 'NONE', ( #12474 ), #3214, .F. ) ;
#6215 = VERTEX_POINT ( 'NONE', #70 ) ;
#6216 = UNCERTAINTY_MEASURE_WITH_UNIT (LENGTH_MEASURE( 1.000000000000000082E-05 ), #12734, 'distance_accuracy_value', 'NONE');
#6217 = VERTEX_POINT ( 'NONE', #4252 ) ;
#6218 =( NAMED_UNIT ( * ) PLANE_ANGLE_UNIT ( ) SI_UNIT ( $, .RADIAN. ) );
#6219 = FACE_OUTER_BOUND ( 'NONE', #891, .T. ) ;
#6220 = CARTESIAN_POINT ( 'NONE',  ( -0.6999999999999982903, 0.0000000000000000000, 25.22500000000000853 ) ) ;
#6221 = EDGE_CURVE ( 'NONE', #3851, #9105, #8347, .T. ) ;
#6222 = EDGE_LOOP ( 'NONE', ( #1882, #11906, #7573, #5239 ) ) ;
#6223 = FILL_AREA_STYLE ('',( #92 ) ) ;
#6224 = LINE ( 'NONE', #10608, #9150 ) ;
#6225 = ORIENTED_EDGE ( 'NONE', *, *, #8030, .T. ) ;
#6226 = CARTESIAN_POINT ( 'NONE',  ( -9.899999999999995026, 1.000000000000000000, 22.92500000000001137 ) ) ;
#6227 = AXIS2_PLACEMENT_3D ( 'NONE', #10853, #8684, #272 ) ;
#6228 = CARTESIAN_POINT ( 'NONE',  ( 11.50000000000000355, -0.001000000000000000021, 22.92499999999999361 ) ) ;
#6229 = CARTESIAN_POINT ( 'NONE',  ( -11.29999999999999538, 1.000999999999999890, 25.22500000000001208 ) ) ;
#6230 =( LENGTH_UNIT ( ) NAMED_UNIT ( * ) SI_UNIT ( .MILLI., .METRE. ) );
#6231 = VECTOR ( 'NONE', #9619, 1000.000000000000000 ) ;
#6232 = CARTESIAN_POINT ( 'NONE',  ( -12.84999999999999964, 0.2500000000000037748, 25.47500000000001208 ) ) ;
#6233 = LINE ( 'NONE', #103, #12428 ) ;
#6234 = ORIENTED_EDGE ( 'NONE', *, *, #12359, .F. ) ;
#6235 = SURFACE_STYLE_FILL_AREA ( #4084 ) ;
#6236 = DIRECTION ( 'NONE',  ( 0.0000000000000000000, -0.0000000000000000000, -1.000000000000000000 ) ) ;
#6237 =( NAMED_UNIT ( * ) PLANE_ANGLE_UNIT ( ) SI_UNIT ( $, .RADIAN. ) );
#6238 = DIRECTION ( 'NONE',  ( -1.000000000000000000, 0.0000000000000000000, -0.0000000000000000000 ) ) ;
#6239 = ORIENTED_EDGE ( 'NONE', *, *, #3236, .F. ) ;
#6240 =( NAMED_UNIT ( * ) SI_UNIT ( $, .STERADIAN. ) SOLID_ANGLE_UNIT ( ) );
#6241 = PRESENTATION_LAYER_ASSIGNMENT (  '', '', ( #3212 ) ) ;
#6242 = DIRECTION ( 'NONE',  ( 1.000000000000000000, 0.0000000000000000000, 0.0000000000000000000 ) ) ;
#6243 = FILL_AREA_STYLE ('',( #2051 ) ) ;
#6244 = DIRECTION ( 'NONE',  ( -1.000000000000000000, -0.0000000000000000000, -0.0000000000000000000 ) ) ;
#6245 = SURFACE_SIDE_STYLE ('',( #8087 ) ) ;
#6246 = VERTEX_POINT ( 'NONE', #7339 ) ;
#6247 =( GEOMETRIC_REPRESENTATION_CONTEXT ( 3 ) GLOBAL_UNCERTAINTY_ASSIGNED_CONTEXT ( ( #3781 ) ) GLOBAL_UNIT_ASSIGNED_CONTEXT ( ( #9384, #11415, #1062 ) ) REPRESENTATION_CONTEXT ( 'NONE', 'WORKASPACE' ) );
#6248 = DIRECTION ( 'NONE',  ( -1.000000000000000000, -0.0000000000000000000, -0.0000000000000000000 ) ) ;
#6249 = ORIENTED_EDGE ( 'NONE', *, *, #301, .F. ) ;
#6250 = FILL_AREA_STYLE_COLOUR ( '', #1015 ) ;
#6251 =( LENGTH_UNIT ( ) NAMED_UNIT ( * ) SI_UNIT ( .MILLI., .METRE. ) );
#6252 = ORIENTED_EDGE ( 'NONE', *, *, #3075, .T. ) ;
#6253 = LINE ( 'NONE', #2320, #9786 ) ;
#6254 = DIRECTION ( 'NONE',  ( -0.0000000000000000000, 1.000000000000000000, -0.0000000000000000000 ) ) ;
#6255 = ORIENTED_EDGE ( 'NONE', *, *, #10738, .T. ) ;
#6256 = VECTOR ( 'NONE', #3146, 1000.000000000000000 ) ;
#6257 = AXIS2_PLACEMENT_3D ( 'NONE', #9823, #6790, #10840 ) ;
#6258 = AXIS2_PLACEMENT_3D ( 'NONE', #7749, #13116, #12902 ) ;
#6259 = DIRECTION ( 'NONE',  ( -0.0000000000000000000, -1.000000000000000000, -0.0000000000000000000 ) ) ;
#6260 = SURFACE_STYLE_USAGE ( .BOTH. , #3278 ) ;
#6261 = DIRECTION ( 'NONE',  ( -0.0000000000000000000, -1.000000000000000000, -0.0000000000000000000 ) ) ;
#6262 = ORIENTED_EDGE ( 'NONE', *, *, #6707, .T. ) ;
#6263 = PRESENTATION_STYLE_ASSIGNMENT (( #5331 ) ) ;
#6264 = DIRECTION ( 'NONE',  ( -9.427844978134821433E-17, -0.0000000000000000000, 1.000000000000000000 ) ) ;
#6265 = MANIFOLD_SOLID_BREP ( 'Extrude3', #594 ) ;
#6266 = CARTESIAN_POINT ( 'NONE',  ( -0.4999999999999985012, -0.001000000000000000021, 25.22500000000000853 ) ) ;
#6267 = ORIENTED_EDGE ( 'NONE', *, *, #141, .F. ) ;
#6268 = COLOUR_RGB ( '',1.000000000000000000, 1.000000000000000000, 0.0000000000000000000 ) ;
#6269 = VECTOR ( 'NONE', #13016, 1000.000000000000000 ) ;
#6270 = VECTOR ( 'NONE', #816, 1000.000000000000000 ) ;
#6271 = ORIENTED_EDGE ( 'NONE', *, *, #4560, .T. ) ;
#6272 = EDGE_CURVE ( 'NONE', #4827, #6843, #9999, .T. ) ;
#6273 = VECTOR ( 'NONE', #6713, 1000.000000000000000 ) ;
#6274 = STYLED_ITEM ( 'NONE', ( #3444 ), #1313 ) ;
#6275 = COLOUR_RGB ( '',0.0000000000000000000, 0.7529411764705882248, 0.0000000000000000000 ) ;
#6276 = ORIENTED_EDGE ( 'NONE', *, *, #8265, .T. ) ;
#6277 = PLANE ( 'NONE',  #718 ) ;
#6278 = ORIENTED_EDGE ( 'NONE', *, *, #4744, .T. ) ;
#6279 = LINE ( 'NONE', #10399, #13259 ) ;
#6280 = CARTESIAN_POINT ( 'NONE',  ( -9.099999999999996092, 1.000999999999999890, 22.92500000000001137 ) ) ;
#6281 = CARTESIAN_POINT ( 'NONE',  ( -12.10000000000000320, 0.0000000000000000000, -22.57499999999998863 ) ) ;
#6282 = MECHANICAL_DESIGN_GEOMETRIC_PRESENTATION_REPRESENTATION (  '', ( #5653 ), #12338 ) ;
#6283 = EDGE_LOOP ( 'NONE', ( #10593, #976, #3653, #9237 ) ) ;
#6284 =( NAMED_UNIT ( * ) PLANE_ANGLE_UNIT ( ) SI_UNIT ( $, .RADIAN. ) );
#6285 = ADVANCED_FACE ( 'NONE', ( #9704 ), #12068, .F. ) ;
#6286 = ORIENTED_EDGE ( 'NONE', *, *, #10843, .F. ) ;
#6287 = DIRECTION ( 'NONE',  ( -0.0000000000000000000, 1.000000000000000000, -0.0000000000000000000 ) ) ;
#6288 = PRESENTATION_LAYER_ASSIGNMENT (  '', '', ( #9737 ) ) ;
#6289 = VECTOR ( 'NONE', #13059, 1000.000000000000000 ) ;
#6290 = FILL_AREA_STYLE ('',( #2161 ) ) ;
#6291 = PRESENTATION_LAYER_ASSIGNMENT (  '', '', ( #5016 ) ) ;
#6292 = ADVANCED_FACE ( 'NONE', ( #4716 ), #5592, .F. ) ;
#6293 = CARTESIAN_POINT ( 'NONE',  ( -15.00000000000000000, 0.0000000000000000000, 25.22500000000000853 ) ) ;
#6294 = EDGE_CURVE ( 'NONE', #13024, #534, #8272, .T. ) ;
#6295 = CARTESIAN_POINT ( 'NONE',  ( 5.100000000000002309, -0.001000000000000000021, 25.22500000000000142 ) ) ;
#6296 = CARTESIAN_POINT ( 'NONE',  ( 2.300000000000003819, 1.000000000000000000, 22.92500000000000426 ) ) ;
#6297 =( LENGTH_UNIT ( ) NAMED_UNIT ( * ) SI_UNIT ( .MILLI., .METRE. ) );
#6298 =( NAMED_UNIT ( * ) SI_UNIT ( $, .STERADIAN. ) SOLID_ANGLE_UNIT ( ) );
#6299 = PRESENTATION_STYLE_ASSIGNMENT (( #10796 ) ) ;
#6300 = PLANE ( 'NONE',  #8644 ) ;
#6301 = ADVANCED_FACE ( 'NONE', ( #12401 ), #5180, .F. ) ;
#6302 = SURFACE_STYLE_USAGE ( .BOTH. , #2177 ) ;
#6303 = VERTEX_POINT ( 'NONE', #12339 ) ;
#6305 = EDGE_CURVE ( 'NONE', #8947, #4390, #11256, .T. ) ;
#6304 = PLANE ( 'NONE',  #10889 ) ;
#6306 = VECTOR ( 'NONE', #11005, 1000.000000000000000 ) ;
#6307 = ADVANCED_FACE ( 'NONE', ( #3971 ), #2959, .T. ) ;
#6308 =( NAMED_UNIT ( * ) SI_UNIT ( $, .STERADIAN. ) SOLID_ANGLE_UNIT ( ) );
#6309 = CARTESIAN_POINT ( 'NONE',  ( -8.499999999999996447, -3.784851220313032271E-16, 22.92500000000001137 ) ) ;
#6310 = VERTEX_POINT ( 'NONE', #13172 ) ;
#6311 = LINE ( 'NONE', #10370, #1836 ) ;
#6312 = DIRECTION ( 'NONE',  ( 3.771137991253928573E-16, 0.0000000000000000000, -1.000000000000000000 ) ) ;
#6313 = COLOUR_RGB ( '',1.000000000000000000, 1.000000000000000000, 0.0000000000000000000 ) ;
#6314 = ORIENTED_EDGE ( 'NONE', *, *, #2083, .T. ) ;
#6315 = DIRECTION ( 'NONE',  ( -1.000000000000000000, 0.0000000000000000000, -3.771137991253928573E-16 ) ) ;
#6316 = VECTOR ( 'NONE', #1853, 1000.000000000000000 ) ;
#6317 = CARTESIAN_POINT ( 'NONE',  ( 0.9000000000000019096, -0.001000000000000000021, 25.22500000000000497 ) ) ;
#6318 = VECTOR ( 'NONE', #13335, 1000.000000000000000 ) ;
#6319 = FACE_OUTER_BOUND ( 'NONE', #11424, .T. ) ;
#6320 = ORIENTED_EDGE ( 'NONE', *, *, #5560, .T. ) ;
#6321 = FILL_AREA_STYLE ('',( #2255 ) ) ;
#6322 =( NAMED_UNIT ( * ) PLANE_ANGLE_UNIT ( ) SI_UNIT ( $, .RADIAN. ) );
#6323 = COLOUR_RGB ( '',1.000000000000000000, 1.000000000000000000, 0.0000000000000000000 ) ;
#6324 =( LENGTH_UNIT ( ) NAMED_UNIT ( * ) SI_UNIT ( .MILLI., .METRE. ) );
#6325 = ORIENTED_EDGE ( 'NONE', *, *, #3461, .F. ) ;
#6326 = COLOUR_RGB ( '',1.000000000000000000, 1.000000000000000000, 0.0000000000000000000 ) ;
#6327 = AXIS2_PLACEMENT_3D ( 'NONE', #11598, #2306, #5306 ) ;
#6328 = FACE_OUTER_BOUND ( 'NONE', #11485, .T. ) ;
#6329 =( LENGTH_UNIT ( ) NAMED_UNIT ( * ) SI_UNIT ( .MILLI., .METRE. ) );
#6330 = EDGE_CURVE ( 'NONE', #8691, #6545, #1993, .T. ) ;
#6331 = SURFACE_SIDE_STYLE ('',( #276 ) ) ;
#6332 = UNCERTAINTY_MEASURE_WITH_UNIT (LENGTH_MEASURE( 1.000000000000000082E-05 ), #7224, 'distance_accuracy_value', 'NONE');
#6333 = VERTEX_POINT ( 'NONE', #7012 ) ;
#6334 = CARTESIAN_POINT ( 'NONE',  ( -8.299999999999995381, 1.000000000000000000, 25.22500000000001208 ) ) ;
#6335 = AXIS2_PLACEMENT_3D ( 'NONE', #12288, #7091, #11007 ) ;
#6336 =( NAMED_UNIT ( * ) PLANE_ANGLE_UNIT ( ) SI_UNIT ( $, .RADIAN. ) );
#6337 = PLANE ( 'NONE',  #6258 ) ;
#6338 = UNCERTAINTY_MEASURE_WITH_UNIT (LENGTH_MEASURE( 1.000000000000000082E-05 ), #3704, 'distance_accuracy_value', 'NONE');
#6339 = LINE ( 'NONE', #9440, #1129 ) ;
#6340 = EDGE_LOOP ( 'NONE', ( #8111, #11682, #11218, #9477 ) ) ;
#6341 = VECTOR ( 'NONE', #2000, 1000.000000000000000 ) ;
#6342 = COLOUR_RGB ( '',1.000000000000000000, 1.000000000000000000, 0.0000000000000000000 ) ;
#6343 = ORIENTED_EDGE ( 'NONE', *, *, #8830, .F. ) ;
#6344 = AXIS2_PLACEMENT_3D ( 'NONE', #11946, #4583, #8758 ) ;
#6345 = STYLED_ITEM ( 'NONE', ( #5155 ), #5388 ) ;
#6346 = DIRECTION ( 'NONE',  ( -0.0000000000000000000, -1.000000000000000000, -0.0000000000000000000 ) ) ;
#6347 = AXIS2_PLACEMENT_3D ( 'NONE', #3674, #8879, #7809 ) ;
#6348 = ORIENTED_EDGE ( 'NONE', *, *, #7608, .T. ) ;
#6349 = UNCERTAINTY_MEASURE_WITH_UNIT (LENGTH_MEASURE( 1.000000000000000082E-05 ), #8223, 'distance_accuracy_value', 'NONE');
#6350 = VERTEX_POINT ( 'NONE', #9034 ) ;
#6351 = SURFACE_STYLE_USAGE ( .BOTH. , #9451 ) ;
#6352 = DIRECTION ( 'NONE',  ( 0.0000000000000000000, 0.0000000000000000000, 1.000000000000000000 ) ) ;
#6353 = ORIENTED_EDGE ( 'NONE', *, *, #2936, .T. ) ;
#6354 = COLOUR_RGB ( '',1.000000000000000000, 1.000000000000000000, 0.0000000000000000000 ) ;
#6355 = CARTESIAN_POINT ( 'NONE',  ( 15.00000000000000000, 0.0000000000000000000, -25.47499999999999432 ) ) ;
#6356 = ORIENTED_EDGE ( 'NONE', *, *, #10959, .T. ) ;
#6357 = CARTESIAN_POINT ( 'NONE',  ( -7.299999999999995381, 1.000999999999999890, 22.92500000000001137 ) ) ;
#6358 = PRESENTATION_STYLE_ASSIGNMENT (( #10547 ) ) ;
#6359 = PRESENTATION_LAYER_ASSIGNMENT (  '', '', ( #10251 ) ) ;
#6360 = FILL_AREA_STYLE_COLOUR ( '', #3274 ) ;
#6361 = VECTOR ( 'NONE', #10053, 1000.000000000000000 ) ;
#6362 = LINE ( 'NONE', #2495, #10533 ) ;
#6363 = VECTOR ( 'NONE', #12369, 1000.000000000000000 ) ;
#6364 = EDGE_CURVE ( 'NONE', #2849, #8358, #11203, .T. ) ;
#6365 = ORIENTED_EDGE ( 'NONE', *, *, #13079, .T. ) ;
#6366 =( NAMED_UNIT ( * ) PLANE_ANGLE_UNIT ( ) SI_UNIT ( $, .RADIAN. ) );
#6367 = LINE ( 'NONE', #4283, #3698 ) ;
#6368 = FILL_AREA_STYLE_COLOUR ( '', #7916 ) ;
#6369 = PLANE ( 'NONE',  #5541 ) ;
#6370 = LINE ( 'NONE', #3186, #5410 ) ;
#6371 =( LENGTH_UNIT ( ) NAMED_UNIT ( * ) SI_UNIT ( .MILLI., .METRE. ) );
#6372 = EDGE_CURVE ( 'NONE', #13097, #8349, #4037, .T. ) ;
#6373 = SURFACE_SIDE_STYLE ('',( #3326 ) ) ;
#6374 = EDGE_CURVE ( 'NONE', #4241, #4542, #1165, .T. ) ;
#6375 = VERTEX_POINT ( 'NONE', #1236 ) ;
#6376 = CARTESIAN_POINT ( 'NONE',  ( -12.09999999999999609, 1.000999999999999890, 22.92500000000001137 ) ) ;
#6377 = DIRECTION ( 'NONE',  ( 1.000000000000000000, 0.0000000000000000000, -2.990902544787598592E-16 ) ) ;
#6378 = VECTOR ( 'NONE', #8838, 1000.000000000000000 ) ;
#6379 = LINE ( 'NONE', #2304, #9012 ) ;
#6380 = EDGE_CURVE ( 'NONE', #12587, #6565, #5310, .T. ) ;
#6381 = COLOUR_RGB ( '',1.000000000000000000, 1.000000000000000000, 0.0000000000000000000 ) ;
#6382 = SURFACE_SIDE_STYLE ('',( #5802 ) ) ;
#6383 = EDGE_CURVE ( 'NONE', #2610, #12539, #5241, .T. ) ;
#6384 = CARTESIAN_POINT ( 'NONE',  ( 15.00000000000000000, 1.000000000000000000, 25.22500000000000853 ) ) ;
#6385 = PLANE ( 'NONE',  #6182 ) ;
#6386 = ORIENTED_EDGE ( 'NONE', *, *, #8855, .T. ) ;
#6387 = PLANE ( 'NONE',  #4009 ) ;
#6388 = FILL_AREA_STYLE ('',( #6443 ) ) ;
#6389 = ORIENTED_EDGE ( 'NONE', *, *, #9687, .T. ) ;
#6390 =( LENGTH_UNIT ( ) NAMED_UNIT ( * ) SI_UNIT ( .MILLI., .METRE. ) );
#6391 = EDGE_CURVE ( 'NONE', #7172, #10800, #11532, .T. ) ;
#6392 = AXIS2_PLACEMENT_3D ( 'NONE', #4189, #12353, #10322 ) ;
#6393 = ORIENTED_EDGE ( 'NONE', *, *, #7113, .F. ) ;
#6394 = FILL_AREA_STYLE ('',( #2253 ) ) ;
#6395 =( NAMED_UNIT ( * ) SI_UNIT ( $, .STERADIAN. ) SOLID_ANGLE_UNIT ( ) );
#6396 = SURFACE_STYLE_USAGE ( .BOTH. , #4177 ) ;
#6397 = ORIENTED_EDGE ( 'NONE', *, *, #3477, .F. ) ;
#6398 = CARTESIAN_POINT ( 'NONE',  ( -7.899999999999999467, -0.001000000000000378407, 25.22500000000001208 ) ) ;
#6399 = MECHANICAL_DESIGN_GEOMETRIC_PRESENTATION_REPRESENTATION (  '', ( #8549 ), #4677 ) ;
#6400 = AXIS2_PLACEMENT_3D ( 'NONE', #11786, #2719, #10748 ) ;
#6401 = FILL_AREA_STYLE_COLOUR ( '', #2652 ) ;
#6402 = DIRECTION ( 'NONE',  ( 1.000000000000000000, 0.0000000000000000000, 1.885568995626964287E-16 ) ) ;
#6403 = ORIENTED_EDGE ( 'NONE', *, *, #3489, .T. ) ;
#6404 = PLANE ( 'NONE',  #8842 ) ;
#6405 = ORIENTED_EDGE ( 'NONE', *, *, #7469, .F. ) ;
#6406 = VECTOR ( 'NONE', #851, 1000.000000000000000 ) ;
#6407 = STYLED_ITEM ( 'NONE', ( #12796 ), #9947 ) ;
#6408 = ORIENTED_EDGE ( 'NONE', *, *, #2221, .T. ) ;
#6409 = CARTESIAN_POINT ( 'NONE',  ( -9.899999999999995026, 1.000000000000000000, 25.22500000000001208 ) ) ;
#6410 = DIRECTION ( 'NONE',  ( -9.427844978134821433E-17, -0.0000000000000000000, -1.000000000000000000 ) ) ;
#6411 = EDGE_LOOP ( 'NONE', ( #327, #979, #13217, #7979 ) ) ;
#6412 = AXIS2_PLACEMENT_3D ( 'NONE', #4514, #340, #1182 ) ;
#6413 = EDGE_LOOP ( 'NONE', ( #8177, #6470, #3451, #5576 ) ) ;
#6414 = DIRECTION ( 'NONE',  ( -9.427844978134821433E-17, -0.0000000000000000000, 1.000000000000000000 ) ) ;
#6415 = ORIENTED_EDGE ( 'NONE', *, *, #13018, .F. ) ;
#6416 = CARTESIAN_POINT ( 'NONE',  ( -15.00000000000000000, 0.0000000000000000000, 22.27499999999997726 ) ) ;
#6417 = FILL_AREA_STYLE ('',( #2284 ) ) ;
#6418 = EDGE_LOOP ( 'NONE', ( #11418, #6494, #9480, #3303 ) ) ;
#6419 = SURFACE_STYLE_FILL_AREA ( #2357 ) ;
#6420 = CARTESIAN_POINT ( 'NONE',  ( -2.499999999999996447, 1.000999999999999890, 25.22500000000000853 ) ) ;
#6421 = COLOUR_RGB ( '',1.000000000000000000, 1.000000000000000000, 0.0000000000000000000 ) ;
#6422 = ORIENTED_EDGE ( 'NONE', *, *, #12244, .F. ) ;
#6423 = PRESENTATION_STYLE_ASSIGNMENT (( #9403 ) ) ;
#6424 = FILL_AREA_STYLE ('',( #13283 ) ) ;
#6425 = CARTESIAN_POINT ( 'NONE',  ( 8.500000000000003553, 1.000999999999999890, 22.92499999999999716 ) ) ;
#6426 = EDGE_LOOP ( 'NONE', ( #9742, #7343, #2896, #2137 ) ) ;
#6427 = CARTESIAN_POINT ( 'NONE',  ( -2.099999999999998757, -0.001000000000000000021, 25.22500000000000853 ) ) ;
#6428 = DIRECTION ( 'NONE',  ( -2.990902544787598592E-16, -0.0000000000000000000, -1.000000000000000000 ) ) ;
#6429 = PRESENTATION_STYLE_ASSIGNMENT (( #5295 ) ) ;
#6430 = VERTEX_POINT ( 'NONE', #10505 ) ;
#6431 = SURFACE_STYLE_USAGE ( .BOTH. , #4152 ) ;
#6432 = SURFACE_SIDE_STYLE ('',( #9412 ) ) ;
#6433 =( GEOMETRIC_REPRESENTATION_CONTEXT ( 3 ) GLOBAL_UNCERTAINTY_ASSIGNED_CONTEXT ( ( #8121 ) ) GLOBAL_UNIT_ASSIGNED_CONTEXT ( ( #6611, #9655, #7760 ) ) REPRESENTATION_CONTEXT ( 'NONE', 'WORKASPACE' ) );
#6434 = ADVANCED_FACE ( 'NONE', ( #8466 ), #12599, .F. ) ;
#6435 =( GEOMETRIC_REPRESENTATION_CONTEXT ( 3 ) GLOBAL_UNCERTAINTY_ASSIGNED_CONTEXT ( ( #73 ) ) GLOBAL_UNIT_ASSIGNED_CONTEXT ( ( #5391, #3933, #201 ) ) REPRESENTATION_CONTEXT ( 'NONE', 'WORKASPACE' ) );
#6436 = LINE ( 'NONE', #11794, #10306 ) ;
#6437 = STYLED_ITEM ( 'NONE', ( #4231 ), #1583 ) ;
#6438 = LINE ( 'NONE', #10694, #7739 ) ;
#6439 = ADVANCED_FACE ( 'NONE', ( #2117 ), #7530, .F. ) ;
#6440 = DIRECTION ( 'NONE',  ( 0.0000000000000000000, 0.0000000000000000000, 1.000000000000000000 ) ) ;
#6441 = SURFACE_STYLE_USAGE ( .BOTH. , #11721 ) ;
#6442 = ORIENTED_EDGE ( 'NONE', *, *, #7113, .T. ) ;
#6443 = FILL_AREA_STYLE_COLOUR ( '', #6969 ) ;
#6444 = ORIENTED_EDGE ( 'NONE', *, *, #917, .F. ) ;
#6445 = PRESENTATION_STYLE_ASSIGNMENT (( #462 ) ) ;
#6446 =( NAMED_UNIT ( * ) SI_UNIT ( $, .STERADIAN. ) SOLID_ANGLE_UNIT ( ) );
#6447 = SURFACE_STYLE_USAGE ( .BOTH. , #1056 ) ;
#6448 = DIRECTION ( 'NONE',  ( 0.0000000000000000000, -0.0000000000000000000, 1.000000000000000000 ) ) ;
#6449 = ORIENTED_EDGE ( 'NONE', *, *, #9008, .T. ) ;
#6451 = COLOUR_RGB ( '',1.000000000000000000, 1.000000000000000000, 0.0000000000000000000 ) ;
#6450 = SURFACE_STYLE_USAGE ( .BOTH. , #2121 ) ;
#6452 =( GEOMETRIC_REPRESENTATION_CONTEXT ( 3 ) GLOBAL_UNCERTAINTY_ASSIGNED_CONTEXT ( ( #9205 ) ) GLOBAL_UNIT_ASSIGNED_CONTEXT ( ( #7816, #3681, #13106 ) ) REPRESENTATION_CONTEXT ( 'NONE', 'WORKASPACE' ) );
#6453 = PLANE ( 'NONE',  #9797 ) ;
#6454 = EDGE_CURVE ( 'NONE', #2610, #3851, #4300, .T. ) ;
#6455 = DIRECTION ( 'NONE',  ( -0.0000000000000000000, -1.000000000000000000, -0.0000000000000000000 ) ) ;
#6456 = FILL_AREA_STYLE ('',( #5251 ) ) ;
#6457 = ORIENTED_EDGE ( 'NONE', *, *, #7214, .F. ) ;
#6458 = SURFACE_SIDE_STYLE ('',( #8617 ) ) ;
#6459 = ADVANCED_FACE ( 'NONE', ( #12812 ), #10765, .F. ) ;
#6460 = AXIS2_PLACEMENT_3D ( 'NONE', #7493, #12908, #1602 ) ;
#6461 = LINE ( 'NONE', #7545, #4822 ) ;
#6462 = EDGE_CURVE ( 'NONE', #733, #10338, #11862, .T. ) ;
#6463 = DIRECTION ( 'NONE',  ( 0.0000000000000000000, 0.0000000000000000000, -1.000000000000000000 ) ) ;
#6464 = UNCERTAINTY_MEASURE_WITH_UNIT (LENGTH_MEASURE( 1.000000000000000082E-05 ), #4428, 'distance_accuracy_value', 'NONE');
#6465 = VERTEX_POINT ( 'NONE', #5858 ) ;
#6466 = SURFACE_SIDE_STYLE ('',( #7414 ) ) ;
#6467 =( LENGTH_UNIT ( ) NAMED_UNIT ( * ) SI_UNIT ( .MILLI., .METRE. ) );
#6468 = LINE ( 'NONE', #8625, #9066 ) ;
#6469 = CARTESIAN_POINT ( 'NONE',  ( 7.500000000000007105, 0.0000000000000000000, 22.92499999999999716 ) ) ;
#6470 = ORIENTED_EDGE ( 'NONE', *, *, #9044, .F. ) ;
#6471 = ADVANCED_FACE ( 'NONE', ( #1445 ), #11801, .F. ) ;
#6472 = EDGE_LOOP ( 'NONE', ( #6064, #8044, #11552, #4006 ) ) ;
#6473 = MECHANICAL_DESIGN_GEOMETRIC_PRESENTATION_REPRESENTATION (  '', ( #3890 ), #8205 ) ;
#6474 = VECTOR ( 'NONE', #1886, 1000.000000000000000 ) ;
#6475 = PRESENTATION_STYLE_ASSIGNMENT (( #11694 ) ) ;
#6476 = ORIENTED_EDGE ( 'NONE', *, *, #9670, .T. ) ;
#6477 = FILL_AREA_STYLE ('',( #9588 ) ) ;
#6478 = UNCERTAINTY_MEASURE_WITH_UNIT (LENGTH_MEASURE( 1.000000000000000082E-05 ), #8336, 'distance_accuracy_value', 'NONE');
#6479 = ORIENTED_EDGE ( 'NONE', *, *, #3773, .T. ) ;
#6480 = FILL_AREA_STYLE ('',( #2277 ) ) ;
#6481 = LINE ( 'NONE', #1271, #2058 ) ;
#6482 = PRESENTATION_LAYER_ASSIGNMENT (  '', '', ( #1290 ) ) ;
#6483 = FILL_AREA_STYLE ('',( #499 ) ) ;
#6484 = ORIENTED_EDGE ( 'NONE', *, *, #13079, .F. ) ;
#6485 =( LENGTH_UNIT ( ) NAMED_UNIT ( * ) SI_UNIT ( .MILLI., .METRE. ) );
#6486 = LINE ( 'NONE', #4408, #10651 ) ;
#6487 = SURFACE_STYLE_USAGE ( .BOTH. , #4601 ) ;
#6488 = PRESENTATION_LAYER_ASSIGNMENT (  '', '', ( #8424 ) ) ;
#6489 =( GEOMETRIC_REPRESENTATION_CONTEXT ( 3 ) GLOBAL_UNCERTAINTY_ASSIGNED_CONTEXT ( ( #7851 ) ) GLOBAL_UNIT_ASSIGNED_CONTEXT ( ( #4358, #8458, #1437 ) ) REPRESENTATION_CONTEXT ( 'NONE', 'WORKASPACE' ) );
#6490 = SURFACE_STYLE_FILL_AREA ( #11574 ) ;
#6491 = ORIENTED_EDGE ( 'NONE', *, *, #4968, .F. ) ;
#6492 = DIRECTION ( 'NONE',  ( -0.0000000000000000000, -1.000000000000000000, -0.0000000000000000000 ) ) ;
#6493 = DIRECTION ( 'NONE',  ( -0.0000000000000000000, -0.0000000000000000000, 1.000000000000000000 ) ) ;
#6494 = ORIENTED_EDGE ( 'NONE', *, *, #12552, .F. ) ;
#6495 = SURFACE_STYLE_FILL_AREA ( #8318 ) ;
#6496 = CARTESIAN_POINT ( 'NONE',  ( -15.00000000000000000, 0.0000000000000000000, 25.22500000000000853 ) ) ;
#6497 = VECTOR ( 'NONE', #636, 1000.000000000000000 ) ;
#6498 = CARTESIAN_POINT ( 'NONE',  ( 0.7000000000000036193, 1.000999999999999890, 25.22500000000000497 ) ) ;
#6499 = VERTEX_POINT ( 'NONE', #668 ) ;
#6500 = CARTESIAN_POINT ( 'NONE',  ( -4.599999999999996092, 0.9999999999999986677, 25.22500000000000853 ) ) ;
#6501 = CARTESIAN_POINT ( 'NONE',  ( -9.200000000000006395, 1.000000000000000000, -25.47499999999999432 ) ) ;
#6502 = PRESENTATION_LAYER_ASSIGNMENT (  '', '', ( #870 ) ) ;
#6503 = DIRECTION ( 'NONE',  ( -0.0000000000000000000, -1.000000000000000000, -0.0000000000000000000 ) ) ;
#6504 = MECHANICAL_DESIGN_GEOMETRIC_PRESENTATION_REPRESENTATION (  '', ( #11054 ), #7592 ) ;
#6505 = DIRECTION ( 'NONE',  ( -1.000000000000000000, -0.0000000000000000000, -0.0000000000000000000 ) ) ;
#6506 = ORIENTED_EDGE ( 'NONE', *, *, #9842, .F. ) ;
#6507 = CARTESIAN_POINT ( 'NONE',  ( 6.300000000000003375, 1.000999999999999890, 22.92500000000000071 ) ) ;
#6508 = CARTESIAN_POINT ( 'NONE',  ( -5.899999999999995914, 1.000000000000000000, 22.92500000000001137 ) ) ;
#6509 =( NAMED_UNIT ( * ) SI_UNIT ( $, .STERADIAN. ) SOLID_ANGLE_UNIT ( ) );
#6510 = ORIENTED_EDGE ( 'NONE', *, *, #11922, .F. ) ;
#6511 = DIRECTION ( 'NONE',  ( -0.0000000000000000000, -1.000000000000000000, -0.0000000000000000000 ) ) ;
#6512 = PLANE ( 'NONE',  #7567 ) ;
#6513 =( LENGTH_UNIT ( ) NAMED_UNIT ( * ) SI_UNIT ( .MILLI., .METRE. ) );
#6514 =( NAMED_UNIT ( * ) SI_UNIT ( $, .STERADIAN. ) SOLID_ANGLE_UNIT ( ) );
#6515 = ORIENTED_EDGE ( 'NONE', *, *, #56, .F. ) ;
#6516 = FILL_AREA_STYLE ('',( #2456 ) ) ;
#6517 = FILL_AREA_STYLE ('',( #2391 ) ) ;
#6518 = COLOUR_RGB ( '',1.000000000000000000, 1.000000000000000000, 0.0000000000000000000 ) ;
#6519 = ADVANCED_FACE ( 'NONE', ( #11991 ), #2739, .F. ) ;
#6520 =( NAMED_UNIT ( * ) PLANE_ANGLE_UNIT ( ) SI_UNIT ( $, .RADIAN. ) );
#6521 = ORIENTED_EDGE ( 'NONE', *, *, #5302, .F. ) ;
#6522 = FILL_AREA_STYLE_COLOUR ( '', #13193 ) ;
#6523 = CARTESIAN_POINT ( 'NONE',  ( 3.300000000000002043, -0.001000000000000000021, 25.22500000000000497 ) ) ;
#6524 = VECTOR ( 'NONE', #11515, 1000.000000000000000 ) ;
#6525 = EDGE_CURVE ( 'NONE', #998, #12623, #8671, .T. ) ;
#6526 = LINE ( 'NONE', #10647, #10667 ) ;
#6527 = MECHANICAL_DESIGN_GEOMETRIC_PRESENTATION_REPRESENTATION (  '', ( #4599 ), #229 ) ;
#6528 = VECTOR ( 'NONE', #1546, 1000.000000000000000 ) ;
#6529 = ORIENTED_EDGE ( 'NONE', *, *, #11774, .F. ) ;
#6530 = DIRECTION ( 'NONE',  ( -9.427844978134821433E-17, -0.0000000000000000000, -1.000000000000000000 ) ) ;
#6531 = ORIENTED_EDGE ( 'NONE', *, *, #5550, .T. ) ;
#6532 = SURFACE_SIDE_STYLE ('',( #2342 ) ) ;
#6533 = EDGE_CURVE ( 'NONE', #6780, #12701, #5648, .T. ) ;
#6534 = EDGE_CURVE ( 'NONE', #11078, #10314, #5726, .T. ) ;
#6535 = VECTOR ( 'NONE', #9287, 1000.000000000000000 ) ;
#6536 = EDGE_CURVE ( 'NONE', #8449, #6350, #6339, .T. ) ;
#6537 = PRESENTATION_LAYER_ASSIGNMENT (  '', '', ( #12163 ) ) ;
#6538 = DIRECTION ( 'NONE',  ( -0.0000000000000000000, -1.000000000000000000, -0.0000000000000000000 ) ) ;
#6539 = LINE ( 'NONE', #6604, #10291 ) ;
#6540 = PRESENTATION_LAYER_ASSIGNMENT (  '', '', ( #12371 ) ) ;
#6541 = ADVANCED_FACE ( 'NONE', ( #7418 ), #8561, .F. ) ;
#6542 = ORIENTED_EDGE ( 'NONE', *, *, #5590, .T. ) ;
#6543 = ADVANCED_FACE ( 'NONE', ( #12695 ), #4387, .F. ) ;
#6544 = SURFACE_STYLE_FILL_AREA ( #3434 ) ;
#6545 = VERTEX_POINT ( 'NONE', #6469 ) ;
#6546 = DIRECTION ( 'NONE',  ( 1.885568995626964287E-16, 0.0000000000000000000, -1.000000000000000000 ) ) ;
#6547 = LINE ( 'NONE', #7695, #3797 ) ;
#6548 = VECTOR ( 'NONE', #11237, 1000.000000000000000 ) ;
#6549 = CARTESIAN_POINT ( 'NONE',  ( -2.499999999999995115, 1.000000000000000000, 25.22500000000000853 ) ) ;
#6550 = ORIENTED_EDGE ( 'NONE', *, *, #12849, .T. ) ;
#6551 = LINE ( 'NONE', #5543, #12773 ) ;
#6552 =( LENGTH_UNIT ( ) NAMED_UNIT ( * ) SI_UNIT ( .MILLI., .METRE. ) );
#6553 = EDGE_CURVE ( 'NONE', #6210, #9411, #10592, .T. ) ;
#6554 = ORIENTED_EDGE ( 'NONE', *, *, #2316, .F. ) ;
#6555 = EDGE_CURVE ( 'NONE', #1608, #9985, #10390, .T. ) ;
#6556 = CIRCLE ( 'NONE', #12821, 0.7500000000000006661 ) ;
#6557 = COLOUR_RGB ( '',1.000000000000000000, 1.000000000000000000, 0.0000000000000000000 ) ;
#6558 = COLOUR_RGB ( '',1.000000000000000000, 1.000000000000000000, 0.0000000000000000000 ) ;
#6559 = ORIENTED_EDGE ( 'NONE', *, *, #9351, .T. ) ;
#6560 = DIRECTION ( 'NONE',  ( -0.0000000000000000000, -1.000000000000000000, -0.0000000000000000000 ) ) ;
#6561 = COLOUR_RGB ( '',0.0000000000000000000, 0.7529411764705882248, 0.0000000000000000000 ) ;
#6562 = MECHANICAL_DESIGN_GEOMETRIC_PRESENTATION_REPRESENTATION (  '', ( #12608 ), #4854 ) ;
#6563 = CARTESIAN_POINT ( 'NONE',  ( 11.30000000000000249, -0.001000000000000000021, 25.22499999999999432 ) ) ;
#6564 = FILL_AREA_STYLE_COLOUR ( '', #10064 ) ;
#6565 = VERTEX_POINT ( 'NONE', #6 ) ;
#6566 = PLANE ( 'NONE',  #1214 ) ;
#6567 = LINE ( 'NONE', #12870, #7575 ) ;
#6568 = ORIENTED_EDGE ( 'NONE', *, *, #5744, .T. ) ;
#6569 = COLOUR_RGB ( '',1.000000000000000000, 1.000000000000000000, 0.0000000000000000000 ) ;
#6570 = EDGE_CURVE ( 'NONE', #8292, #10334, #4191, .T. ) ;
#6571 = FILL_AREA_STYLE_COLOUR ( '', #12033 ) ;
#6572 = MECHANICAL_DESIGN_GEOMETRIC_PRESENTATION_REPRESENTATION (  '', ( #11324 ), #4431 ) ;
#6573 = CARTESIAN_POINT ( 'NONE',  ( -9.200000000000004619, -1.350000000000000089, -19.67499999999999361 ) ) ;
#6574 = DIRECTION ( 'NONE',  ( -9.427844978134821433E-17, -0.0000000000000000000, 1.000000000000000000 ) ) ;
#6575 = VERTEX_POINT ( 'NONE', #12421 ) ;
#6576 = CARTESIAN_POINT ( 'NONE',  ( 5.100000000000002309, -0.001000000000000000021, 25.22500000000000142 ) ) ;
#6577 = SURFACE_STYLE_FILL_AREA ( #9686 ) ;
#6578 = DIRECTION ( 'NONE',  ( 0.0000000000000000000, 0.0000000000000000000, 1.000000000000000000 ) ) ;
#6579 = ORIENTED_EDGE ( 'NONE', *, *, #4417, .T. ) ;
#6580 = CARTESIAN_POINT ( 'NONE',  ( -11.69999999999999929, -0.001000000000000882995, 25.22500000000001208 ) ) ;
#6581 = STYLED_ITEM ( 'NONE', ( #3048 ), #7436 ) ;
#6582 = DIRECTION ( 'NONE',  ( 1.000000000000000000, 0.0000000000000000000, 1.885568995626964287E-16 ) ) ;
#6583 = LINE ( 'NONE', #10841, #10103 ) ;
#6584 = EDGE_LOOP ( 'NONE', ( #7393, #6642, #3395, #11673 ) ) ;
#6585 = CARTESIAN_POINT ( 'NONE',  ( -11.29999999999999538, 1.000999999999999890, 22.92500000000001137 ) ) ;
#6586 = PRESENTATION_STYLE_ASSIGNMENT (( #4569 ) ) ;
#6587 = PRESENTATION_STYLE_ASSIGNMENT (( #7267 ) ) ;
#6588 = DIRECTION ( 'NONE',  ( 0.0000000000000000000, -1.000000000000000000, -0.0000000000000000000 ) ) ;
#6589 = EDGE_LOOP ( 'NONE', ( #4298, #2991, #3037, #13337 ) ) ;
#6590 = CARTESIAN_POINT ( 'NONE',  ( -9.899999999999995026, 1.000999999999999890, 22.92500000000001137 ) ) ;
#6591 = AXIS2_PLACEMENT_3D ( 'NONE', #639, #4939, #12347 ) ;
#6592 = SURFACE_STYLE_USAGE ( .BOTH. , #614 ) ;
#6593 = SURFACE_STYLE_USAGE ( .BOTH. , #12537 ) ;
#6594 = VECTOR ( 'NONE', #6740, 1000.000000000000000 ) ;
#6595 =( NAMED_UNIT ( * ) SI_UNIT ( $, .STERADIAN. ) SOLID_ANGLE_UNIT ( ) );
#6596 = UNCERTAINTY_MEASURE_WITH_UNIT (LENGTH_MEASURE( 1.000000000000000082E-05 ), #11815, 'distance_accuracy_value', 'NONE');
#6597 = ORIENTED_EDGE ( 'NONE', *, *, #11337, .T. ) ;
#6598 = COLOUR_RGB ( '',0.0000000000000000000, 0.7529411764705882248, 0.0000000000000000000 ) ;
#6599 = LINE ( 'NONE', #5332, #1944 ) ;
#6600 = ORIENTED_EDGE ( 'NONE', *, *, #12567, .T. ) ;
#6601 = LINE ( 'NONE', #1600, #211 ) ;
#6602 = EDGE_CURVE ( 'NONE', #998, #13132, #2136, .T. ) ;
#6603 = AXIS2_PLACEMENT_3D ( 'NONE', #2894, #7144, #1733 ) ;
#6604 = CARTESIAN_POINT ( 'NONE',  ( 6.900000000000003020, 1.000000000000000000, 22.92500000000000071 ) ) ;
#6605 = EDGE_CURVE ( 'NONE', #10800, #2835, #3614, .T. ) ;
#6606 = EDGE_CURVE ( 'NONE', #4397, #13303, #4721, .T. ) ;
#6607 = UNCERTAINTY_MEASURE_WITH_UNIT (LENGTH_MEASURE( 1.000000000000000082E-05 ), #11067, 'distance_accuracy_value', 'NONE');
#6608 = ORIENTED_EDGE ( 'NONE', *, *, #7036, .F. ) ;
#6609 = DIRECTION ( 'NONE',  ( 1.885568995626964287E-16, 0.0000000000000000000, -1.000000000000000000 ) ) ;
#6610 = COLOUR_RGB ( '',1.000000000000000000, 1.000000000000000000, 0.0000000000000000000 ) ;
#6611 =( LENGTH_UNIT ( ) NAMED_UNIT ( * ) SI_UNIT ( .MILLI., .METRE. ) );
#6612 = VECTOR ( 'NONE', #9582, 1000.000000000000000 ) ;
#6613 = DIRECTION ( 'NONE',  ( 1.000000000000000000, 0.0000000000000000000, 0.0000000000000000000 ) ) ;
#6614 = ORIENTED_EDGE ( 'NONE', *, *, #11852, .F. ) ;
#6615 = LINE ( 'NONE', #10731, #5644 ) ;
#6616 = PLANE ( 'NONE',  #265 ) ;
#6617 = ORIENTED_EDGE ( 'NONE', *, *, #6553, .F. ) ;
#6618 = FILL_AREA_STYLE_COLOUR ( '', #76 ) ;
#6619 = EDGE_CURVE ( 'NONE', #7813, #6729, #3766, .T. ) ;
#6620 = DIRECTION ( 'NONE',  ( 1.000000000000000000, 0.0000000000000000000, -0.0000000000000000000 ) ) ;
#6621 = PLANE ( 'NONE',  #1272 ) ;
#6622 =( NAMED_UNIT ( * ) PLANE_ANGLE_UNIT ( ) SI_UNIT ( $, .RADIAN. ) );
#6623 = VERTEX_POINT ( 'NONE', #3686 ) ;
#6624 = EDGE_CURVE ( 'NONE', #4525, #9, #8827, .T. ) ;
#6625 =( NAMED_UNIT ( * ) PLANE_ANGLE_UNIT ( ) SI_UNIT ( $, .RADIAN. ) );
#6626 = DIRECTION ( 'NONE',  ( -0.0000000000000000000, 1.000000000000000000, -0.0000000000000000000 ) ) ;
#6627 = PRESENTATION_STYLE_ASSIGNMENT (( #9735 ) ) ;
#6628 = UNCERTAINTY_MEASURE_WITH_UNIT (LENGTH_MEASURE( 1.000000000000000082E-05 ), #2913, 'distance_accuracy_value', 'NONE');
#6629 = ORIENTED_EDGE ( 'NONE', *, *, #1330, .T. ) ;
#6630 = PLANE ( 'NONE',  #6400 ) ;
#6631 =( NAMED_UNIT ( * ) PLANE_ANGLE_UNIT ( ) SI_UNIT ( $, .RADIAN. ) );
#6632 = PLANE ( 'NONE',  #1145 ) ;
#6633 = EDGE_LOOP ( 'NONE', ( #10148, #12929, #5692, #9174 ) ) ;
#6634 = FACE_OUTER_BOUND ( 'NONE', #2133, .T. ) ;
#6635 = LINE ( 'NONE', #7721, #8864 ) ;
#6636 = EDGE_CURVE ( 'NONE', #12000, #2356, #2760, .T. ) ;
#6637 = LINE ( 'NONE', #4363, #8163 ) ;
#6638 = CARTESIAN_POINT ( 'NONE',  ( 12.10000000000000320, -0.001000000000000000021, 25.22499999999999432 ) ) ;
#6639 = LINE ( 'NONE', #10760, #11531 ) ;
#6640 = VECTOR ( 'NONE', #9217, 1000.000000000000000 ) ;
#6641 = CARTESIAN_POINT ( 'NONE',  ( 9.199999999999999289, 3.399999999999999911, -25.47499999999999432 ) ) ;
#6642 = ORIENTED_EDGE ( 'NONE', *, *, #1567, .F. ) ;
#6643 = DIRECTION ( 'NONE',  ( -1.000000000000000000, -0.0000000000000000000, -0.0000000000000000000 ) ) ;
#6644 = LINE ( 'NONE', #12952, #7359 ) ;
#6645 = CARTESIAN_POINT ( 'NONE',  ( 3.100000000000003197, 1.000999999999999890, 22.92500000000000071 ) ) ;
#6646 = EDGE_LOOP ( 'NONE', ( #2759, #1746, #4683, #7419 ) ) ;
#6647 = DIRECTION ( 'NONE',  ( 1.000000000000000000, 0.0000000000000000000, 0.0000000000000000000 ) ) ;
#6648 = FACE_OUTER_BOUND ( 'NONE', #7904, .T. ) ;
#6649 = CARTESIAN_POINT ( 'NONE',  ( -9.200000000000004619, -1.350000000000000089, -19.67499999999999361 ) ) ;
#6650 =( GEOMETRIC_REPRESENTATION_CONTEXT ( 3 ) GLOBAL_UNCERTAINTY_ASSIGNED_CONTEXT ( ( #9871 ) ) GLOBAL_UNIT_ASSIGNED_CONTEXT ( ( #9051, #6954, #5006 ) ) REPRESENTATION_CONTEXT ( 'NONE', 'WORKASPACE' ) );
#6651 = CARTESIAN_POINT ( 'NONE',  ( 8.300000000000002487, 0.0000000000000000000, 25.22499999999999787 ) ) ;
#6652 = ORIENTED_EDGE ( 'NONE', *, *, #6555, .T. ) ;
#6653 = DIRECTION ( 'NONE',  ( -1.000000000000000000, 0.0000000000000000000, 0.0000000000000000000 ) ) ;
#6654 = PLANE ( 'NONE',  #4804 ) ;
#6655 = LINE ( 'NONE', #10854, #465 ) ;
#6656 = ORIENTED_EDGE ( 'NONE', *, *, #9929, .F. ) ;
#6657 = DIRECTION ( 'NONE',  ( 2.990902544787598592E-16, 0.0000000000000000000, 1.000000000000000000 ) ) ;
#6658 = VECTOR ( 'NONE', #2954, 1000.000000000000000 ) ;
#6659 =( LENGTH_UNIT ( ) NAMED_UNIT ( * ) SI_UNIT ( .MILLI., .METRE. ) );
#6660 = ORIENTED_EDGE ( 'NONE', *, *, #8101, .F. ) ;
#6661 = DIRECTION ( 'NONE',  ( -0.0000000000000000000, -1.000000000000000000, -0.0000000000000000000 ) ) ;
#6662 = AXIS2_PLACEMENT_3D ( 'NONE', #1548, #177, #5770 ) ;
#6663 = PRESENTATION_STYLE_ASSIGNMENT (( #2543 ) ) ;
#6664 = DIRECTION ( 'NONE',  ( -1.000000000000000000, 0.0000000000000000000, -0.0000000000000000000 ) ) ;
#6665 = VERTEX_POINT ( 'NONE', #7620 ) ;
#6666 = SURFACE_STYLE_USAGE ( .BOTH. , #5537 ) ;
#6667 = CARTESIAN_POINT ( 'NONE',  ( -15.00000000000000000, 0.0000000000000000000, 25.22500000000000853 ) ) ;
#6668 = PLANE ( 'NONE',  #2318 ) ;
#6669 = CARTESIAN_POINT ( 'NONE',  ( -0.4999999999999985012, -0.001000000000000000021, 25.22500000000000853 ) ) ;
#6670 = CARTESIAN_POINT ( 'NONE',  ( 9.900000000000002132, 0.0000000000000000000, 25.22499999999999787 ) ) ;
#6671 = LINE ( 'NONE', #4598, #6080 ) ;
#6672 = VECTOR ( 'NONE', #10389, 1000.000000000000000 ) ;
#6673 = VERTEX_POINT ( 'NONE', #7827 ) ;
#6674 = DIRECTION ( 'NONE',  ( 0.0000000000000000000, 0.0000000000000000000, -1.000000000000000000 ) ) ;
#6675 = EDGE_CURVE ( 'NONE', #5483, #1761, #5672, .T. ) ;
#6676 = PLANE ( 'NONE',  #6662 ) ;
#6677 = PRESENTATION_LAYER_ASSIGNMENT (  '', '', ( #11881 ) ) ;
#6678 = FILL_AREA_STYLE_COLOUR ( '', #4078 ) ;
#6679 = CARTESIAN_POINT ( 'NONE',  ( 4.300000000000001599, -0.001000000000000000021, 22.92500000000000071 ) ) ;
#6680 = STYLED_ITEM ( 'NONE', ( #6864 ), #12249 ) ;
#6681 = MECHANICAL_DESIGN_GEOMETRIC_PRESENTATION_REPRESENTATION (  '', ( #11883 ), #626 ) ;
#6682 = ORIENTED_EDGE ( 'NONE', *, *, #3547, .F. ) ;
#6683 = CARTESIAN_POINT ( 'NONE',  ( -10.49999999999999467, 1.000999999999999890, 22.92500000000001137 ) ) ;
#6685 = EDGE_CURVE ( 'NONE', #13097, #962, #11947, .T. ) ;
#6684 = FACE_OUTER_BOUND ( 'NONE', #4118, .T. ) ;
#6686 =( NAMED_UNIT ( * ) SI_UNIT ( $, .STERADIAN. ) SOLID_ANGLE_UNIT ( ) );
#6687 = ORIENTED_EDGE ( 'NONE', *, *, #3164, .F. ) ;
#6688 = LINE ( 'NONE', #10818, #2281 ) ;
#6689 = DIRECTION ( 'NONE',  ( -1.000000000000000000, -0.0000000000000000000, -0.0000000000000000000 ) ) ;
#6690 =( NAMED_UNIT ( * ) SI_UNIT ( $, .STERADIAN. ) SOLID_ANGLE_UNIT ( ) );
#6691 = CARTESIAN_POINT ( 'NONE',  ( -6.299999999999998934, -0.001000000000000126222, 25.22500000000001208 ) ) ;
#6692 = ORIENTED_EDGE ( 'NONE', *, *, #5464, .T. ) ;
#6693 =( NAMED_UNIT ( * ) PLANE_ANGLE_UNIT ( ) SI_UNIT ( $, .RADIAN. ) );
#6694 = CARTESIAN_POINT ( 'NONE',  ( 5.300000000000004263, 1.000000000000000000, 22.92500000000000071 ) ) ;
#6695 = VECTOR ( 'NONE', #8258, 1000.000000000000000 ) ;
#6696 = MECHANICAL_DESIGN_GEOMETRIC_PRESENTATION_REPRESENTATION (  '', ( #12979 ), #183 ) ;
#6697 = PRESENTATION_LAYER_ASSIGNMENT (  '', '', ( #9087 ) ) ;
#6698 = EDGE_CURVE ( 'NONE', #7470, #833, #4586, .T. ) ;
#6699 = ADVANCED_FACE ( 'NONE', ( #621 ), #12904, .F. ) ;
#6700 = CARTESIAN_POINT ( 'NONE',  ( -12.84999999999999964, 0.0000000000000000000, 25.22500000000000853 ) ) ;
#6701 = DIRECTION ( 'NONE',  ( -9.427844978134821433E-17, -0.0000000000000000000, 1.000000000000000000 ) ) ;
#6702 = LINE ( 'NONE', #389, #11737 ) ;
#6703 = CARTESIAN_POINT ( 'NONE',  ( 3.500000000000001776, 0.0000000000000000000, 22.92500000000000071 ) ) ;
#6704 = VECTOR ( 'NONE', #10842, 1000.000000000000000 ) ;
#6705 = ORIENTED_EDGE ( 'NONE', *, *, #10852, .T. ) ;
#6707 = EDGE_CURVE ( 'NONE', #8964, #4542, #7895, .T. ) ;
#6706 = LINE ( 'NONE', #8669, #2466 ) ;
#6708 = CARTESIAN_POINT ( 'NONE',  ( -15.00000000000000000, 0.0000000000000000000, 25.22500000000000853 ) ) ;
#6709 = ADVANCED_FACE ( 'NONE', ( #2537 ), #10783, .F. ) ;
#6710 = FILL_AREA_STYLE_COLOUR ( '', #2891 ) ;
#6711 = EDGE_LOOP ( 'NONE', ( #13, #5788, #8306, #2261 ) ) ;
#6712 = CARTESIAN_POINT ( 'NONE',  ( -12.84999999999999964, 0.2500000000000002220, 25.47500000000000853 ) ) ;
#6713 = DIRECTION ( 'NONE',  ( 1.000000000000000000, -0.0000000000000000000, -0.0000000000000000000 ) ) ;
#6714 = VECTOR ( 'NONE', #9818, 1000.000000000000000 ) ;
#6715 = ORIENTED_EDGE ( 'NONE', *, *, #12567, .F. ) ;
#6716 =( LENGTH_UNIT ( ) NAMED_UNIT ( * ) SI_UNIT ( .MILLI., .METRE. ) );
#6717 = DIRECTION ( 'NONE',  ( -1.000000000000000000, 0.0000000000000000000, 0.0000000000000000000 ) ) ;
#6718 = EDGE_CURVE ( 'NONE', #4865, #1327, #10057, .T. ) ;
#6719 = COLOUR_RGB ( '',1.000000000000000000, 1.000000000000000000, 0.0000000000000000000 ) ;
#6720 = CARTESIAN_POINT ( 'NONE',  ( -4.849999999999997868, 1.000000000000000000, -25.47499999999999432 ) ) ;
#6721 = MECHANICAL_DESIGN_GEOMETRIC_PRESENTATION_REPRESENTATION (  '', ( #5434 ), #4365 ) ;
#6722 = CARTESIAN_POINT ( 'NONE',  ( -2.849999999999996980, 3.399999999999999911, 22.27500000000000568 ) ) ;
#6723 = CARTESIAN_POINT ( 'NONE',  ( 1.900000000000001910, -0.001000000000000000021, 22.92500000000000426 ) ) ;
#6724 = UNCERTAINTY_MEASURE_WITH_UNIT (LENGTH_MEASURE( 1.000000000000000082E-05 ), #12930, 'distance_accuracy_value', 'NONE');
#6725 = VERTEX_POINT ( 'NONE', #6945 ) ;
#6726 = PRESENTATION_STYLE_ASSIGNMENT (( #9777 ) ) ;
#6727 = COLOUR_RGB ( '',1.000000000000000000, 1.000000000000000000, 0.0000000000000000000 ) ;
#6728 = DIRECTION ( 'NONE',  ( -3.771137991253928573E-16, 0.0000000000000000000, 1.000000000000000000 ) ) ;
#6729 = VERTEX_POINT ( 'NONE', #8026 ) ;
#6730 =( LENGTH_UNIT ( ) NAMED_UNIT ( * ) SI_UNIT ( .MILLI., .METRE. ) );
#6731 = STYLED_ITEM ( 'NONE', ( #11154 ), #6199 ) ;
#6732 = PRODUCT_DEFINITION ( 'UNKNOWN', '', #4353, #4166 ) ;
#6733 = AXIS2_PLACEMENT_3D ( 'NONE', #10685, #2716, #9945 ) ;
#6734 = CARTESIAN_POINT ( 'NONE',  ( 6.300000000000003375, 1.000999999999999890, 22.92500000000000071 ) ) ;
#6735 = STYLED_ITEM ( 'NONE', ( #9142 ), #2239 ) ;
#6736 = FILL_AREA_STYLE_COLOUR ( '', #9187 ) ;
#6737 = UNCERTAINTY_MEASURE_WITH_UNIT (LENGTH_MEASURE( 1.000000000000000082E-05 ), #12477, 'distance_accuracy_value', 'NONE');
#6738 = ORIENTED_EDGE ( 'NONE', *, *, #2167, .F. ) ;
#6739 = LINE ( 'NONE', #8975, #2442 ) ;
#6740 = DIRECTION ( 'NONE',  ( -1.000000000000000000, 0.0000000000000000000, 0.0000000000000000000 ) ) ;
#6741 = CARTESIAN_POINT ( 'NONE',  ( -8.899999999999995026, 1.000999999999999890, 25.22500000000001208 ) ) ;
#6742 = SURFACE_STYLE_FILL_AREA ( #500 ) ;
#6743 = DIRECTION ( 'NONE',  ( 0.0000000000000000000, 0.0000000000000000000, -1.000000000000000000 ) ) ;
#6744 = AXIS2_PLACEMENT_3D ( 'NONE', #2313, #3341, #9423 ) ;
#6745 = AXIS2_PLACEMENT_3D ( 'NONE', #2176, #8393, #11646 ) ;
#6746 =( GEOMETRIC_REPRESENTATION_CONTEXT ( 3 ) GLOBAL_UNCERTAINTY_ASSIGNED_CONTEXT ( ( #4850 ) ) GLOBAL_UNIT_ASSIGNED_CONTEXT ( ( #11311, #5176, #1799 ) ) REPRESENTATION_CONTEXT ( 'NONE', 'WORKASPACE' ) );
#6747 = ORIENTED_EDGE ( 'NONE', *, *, #12988, .T. ) ;
#6748 = CARTESIAN_POINT ( 'NONE',  ( 4.500000000000003553, 1.000999999999999890, 22.92500000000000071 ) ) ;
#6749 = AXIS2_PLACEMENT_3D ( 'NONE', #4375, #2324, #5451 ) ;
#6750 = CARTESIAN_POINT ( 'NONE',  ( -2.499999999999996447, 1.000999999999999890, 22.92500000000000782 ) ) ;
#6751 = DIRECTION ( 'NONE',  ( -1.000000000000000000, 0.0000000000000000000, -9.427844978134821433E-17 ) ) ;
#6752 = STYLED_ITEM ( 'NONE', ( #4777 ), #7700 ) ;
#6753 = DIRECTION ( 'NONE',  ( -0.0000000000000000000, 1.000000000000000000, -0.0000000000000000000 ) ) ;
#6754 = VECTOR ( 'NONE', #4257, 1000.000000000000000 ) ;
#6755 = ORIENTED_EDGE ( 'NONE', *, *, #3314, .T. ) ;
#6756 = MECHANICAL_DESIGN_GEOMETRIC_PRESENTATION_REPRESENTATION (  '', ( #4836 ), #1574 ) ;
#6757 = PLANE ( 'NONE',  #3775 ) ;
#6758 = UNCERTAINTY_MEASURE_WITH_UNIT (LENGTH_MEASURE( 1.000000000000000082E-05 ), #8126, 'distance_accuracy_value', 'NONE');
#6759 =( LENGTH_UNIT ( ) NAMED_UNIT ( * ) SI_UNIT ( .MILLI., .METRE. ) );
#6760 = SURFACE_SIDE_STYLE ('',( #8651 ) ) ;
#6761 = EDGE_LOOP ( 'NONE', ( #8340, #8409, #8389, #12685 ) ) ;
#6762 = VECTOR ( 'NONE', #7758, 1000.000000000000000 ) ;
#6763 = FILL_AREA_STYLE_COLOUR ( '', #10380 ) ;
#6764 = FACE_OUTER_BOUND ( 'NONE', #2108, .T. ) ;
#6765 = VECTOR ( 'NONE', #2032, 1000.000000000000000 ) ;
#6766 = DIRECTION ( 'NONE',  ( -3.771137991253928573E-16, -0.0000000000000000000, 1.000000000000000000 ) ) ;
#6767 = ORIENTED_EDGE ( 'NONE', *, *, #139, .F. ) ;
#6768 =( LENGTH_UNIT ( ) NAMED_UNIT ( * ) SI_UNIT ( .MILLI., .METRE. ) );
#6769 =( NAMED_UNIT ( * ) SI_UNIT ( $, .STERADIAN. ) SOLID_ANGLE_UNIT ( ) );
#6770 = VECTOR ( 'NONE', #9483, 1000.000000000000000 ) ;
#6771 = FACE_OUTER_BOUND ( 'NONE', #5582, .T. ) ;
#6772 = VECTOR ( 'NONE', #4749, 1000.000000000000000 ) ;
#6773 = EDGE_CURVE ( 'NONE', #8967, #3862, #6067, .T. ) ;
#6774 =( NAMED_UNIT ( * ) SI_UNIT ( $, .STERADIAN. ) SOLID_ANGLE_UNIT ( ) );
#6775 = AXIS2_PLACEMENT_3D ( 'NONE', #3613, #3551, #10932 ) ;
#6776 = CARTESIAN_POINT ( 'NONE',  ( -9.699999999999995737, 1.000999999999999890, 22.92500000000001137 ) ) ;
#6777 = CARTESIAN_POINT ( 'NONE',  ( -10.49999999999999467, 1.000999999999999890, 25.22500000000001208 ) ) ;
#6778 = STYLED_ITEM ( 'NONE', ( #11303 ), #5979 ) ;
#6779 = CARTESIAN_POINT ( 'NONE',  ( -1.299999999999998712, -0.001000000000000000021, 25.22500000000000853 ) ) ;
#6780 = VERTEX_POINT ( 'NONE', #4856 ) ;
#6781 = LINE ( 'NONE', #3814, #5956 ) ;
#6782 = EDGE_CURVE ( 'NONE', #3625, #3435, #4987, .T. ) ;
#6783 =( GEOMETRIC_REPRESENTATION_CONTEXT ( 3 ) GLOBAL_UNCERTAINTY_ASSIGNED_CONTEXT ( ( #7678 ) ) GLOBAL_UNIT_ASSIGNED_CONTEXT ( ( #8211, #12211, #1867 ) ) REPRESENTATION_CONTEXT ( 'NONE', 'WORKASPACE' ) );
#6784 = CARTESIAN_POINT ( 'NONE',  ( 0.9000000000000019096, 0.0000000000000000000, 25.22500000000000497 ) ) ;
#6785 = ADVANCED_FACE ( 'NONE', ( #3842 ), #1806, .F. ) ;
#6786 = SURFACE_STYLE_USAGE ( .BOTH. , #2661 ) ;
#6787 = ORIENTED_EDGE ( 'NONE', *, *, #4131, .T. ) ;
#6788 = DIRECTION ( 'NONE',  ( -1.000000000000000000, 0.0000000000000000000, 9.427844978134821433E-17 ) ) ;
#6789 = FILL_AREA_STYLE_COLOUR ( '', #9414 ) ;
#6790 = DIRECTION ( 'NONE',  ( 0.0000000000000000000, 1.000000000000000000, 0.0000000000000000000 ) ) ;
#6791 = DIRECTION ( 'NONE',  ( -0.0000000000000000000, 1.000000000000000000, -0.0000000000000000000 ) ) ;
#6792 = ORIENTED_EDGE ( 'NONE', *, *, #9946, .T. ) ;
#6793 = DIRECTION ( 'NONE',  ( 0.0000000000000000000, 0.0000000000000000000, -1.000000000000000000 ) ) ;
#6794 = VECTOR ( 'NONE', #1028, 1000.000000000000000 ) ;
#6795 = CARTESIAN_POINT ( 'NONE',  ( -15.00000000000000000, 0.0000000000000000000, 25.22500000000000853 ) ) ;
#6796 = FILL_AREA_STYLE ('',( #7885 ) ) ;
#6797 = FACE_OUTER_BOUND ( 'NONE', #13000, .T. ) ;
#6798 = VERTEX_POINT ( 'NONE', #11262 ) ;
#6799 = EDGE_CURVE ( 'NONE', #11835, #6565, #4927, .T. ) ;
#6800 = COLOUR_RGB ( '',1.000000000000000000, 1.000000000000000000, 0.0000000000000000000 ) ;
#6801 = EDGE_CURVE ( 'NONE', #1348, #2740, #9039, .T. ) ;
#6802 = CARTESIAN_POINT ( 'NONE',  ( -1.299999999999998712, 0.0000000000000000000, 25.22500000000000853 ) ) ;
#6803 = PLANE ( 'NONE',  #3867 ) ;
#6804 = LINE ( 'NONE', #2681, #3290 ) ;
#6805 = FILL_AREA_STYLE ('',( #10990 ) ) ;
#6806 = VECTOR ( 'NONE', #12800, 1000.000000000000000 ) ;
#6807 = FILL_AREA_STYLE_COLOUR ( '', #8096 ) ;
#6808 = EDGE_CURVE ( 'NONE', #3687, #3841, #10250, .T. ) ;
#6809 = AXIS2_PLACEMENT_3D ( 'NONE', #1269, #151, #12702 ) ;
#6810 = ORIENTED_EDGE ( 'NONE', *, *, #11180, .F. ) ;
#6811 = VECTOR ( 'NONE', #10156, 1000.000000000000000 ) ;
#6812 = FILL_AREA_STYLE ('',( #1189 ) ) ;
#6813 = FILL_AREA_STYLE ('',( #5810 ) ) ;
#6815 = VERTEX_POINT ( 'NONE', #4104 ) ;
#6814 = MECHANICAL_DESIGN_GEOMETRIC_PRESENTATION_REPRESENTATION (  '', ( #7896 ), #9610 ) ;
#6816 = DIRECTION ( 'NONE',  ( 0.0000000000000000000, 0.0000000000000000000, 1.000000000000000000 ) ) ;
#6817 = PRESENTATION_LAYER_ASSIGNMENT (  '', '', ( #4661 ) ) ;
#6818 = LINE ( 'NONE', #2831, #9062 ) ;
#6819 = STYLED_ITEM ( 'NONE', ( #13398 ), #9265 ) ;
#6820 = FACE_OUTER_BOUND ( 'NONE', #7210, .T. ) ;
#6821 = PRESENTATION_STYLE_ASSIGNMENT (( #4863 ) ) ;
#6822 =( GEOMETRIC_REPRESENTATION_CONTEXT ( 3 ) GLOBAL_UNCERTAINTY_ASSIGNED_CONTEXT ( ( #1320 ) ) GLOBAL_UNIT_ASSIGNED_CONTEXT ( ( #470, #12750, #11872 ) ) REPRESENTATION_CONTEXT ( 'NONE', 'WORKASPACE' ) );
#6823 = VERTEX_POINT ( 'NONE', #8217 ) ;
#6824 = SURFACE_STYLE_FILL_AREA ( #7835 ) ;
#6825 = DIRECTION ( 'NONE',  ( -1.000000000000000000, -0.0000000000000000000, -0.0000000000000000000 ) ) ;
#6826 = PLANE ( 'NONE',  #8581 ) ;
#6827 = PLANE ( 'NONE',  #2142 ) ;
#6828 = FILL_AREA_STYLE ('',( #12382 ) ) ;
#6829 =( NAMED_UNIT ( * ) SI_UNIT ( $, .STERADIAN. ) SOLID_ANGLE_UNIT ( ) );
#6830 = FILL_AREA_STYLE_COLOUR ( '', #7866 ) ;
#6831 = MECHANICAL_DESIGN_GEOMETRIC_PRESENTATION_REPRESENTATION (  '', ( #525 ), #8543 ) ;
#6832 = ORIENTED_EDGE ( 'NONE', *, *, #12312, .F. ) ;
#6833 = DIRECTION ( 'NONE',  ( -0.0000000000000000000, 0.0000000000000000000, 1.000000000000000000 ) ) ;
#6834 = PRESENTATION_LAYER_ASSIGNMENT (  '', '', ( #7256 ) ) ;
#6835 = PRESENTATION_LAYER_ASSIGNMENT (  '', '', ( #4030 ) ) ;
#6836 = SURFACE_STYLE_FILL_AREA ( #4746 ) ;
#6837 = SURFACE_STYLE_USAGE ( .BOTH. , #5699 ) ;
#6838 = ORIENTED_EDGE ( 'NONE', *, *, #4665, .F. ) ;
#6839 = VECTOR ( 'NONE', #1335, 1000.000000000000000 ) ;
#6840 = LINE ( 'NONE', #4878, #10232 ) ;
#6841 = LINE ( 'NONE', #9734, #3961 ) ;
#6842 = PLANE ( 'NONE',  #7681 ) ;
#6843 = VERTEX_POINT ( 'NONE', #3908 ) ;
#6844 = DIRECTION ( 'NONE',  ( 1.000000000000000000, 0.0000000000000000000, 0.0000000000000000000 ) ) ;
#6845 = DIRECTION ( 'NONE',  ( 0.0000000000000000000, -0.0000000000000000000, 1.000000000000000000 ) ) ;
#6846 = FILL_AREA_STYLE ('',( #6978 ) ) ;
#6847 = LINE ( 'NONE', #10966, #10443 ) ;
#6848 = ORIENTED_EDGE ( 'NONE', *, *, #64, .F. ) ;
#6849 = CARTESIAN_POINT ( 'NONE',  ( -15.00000000000000533, 1.000000000000000000, -19.67499999999999361 ) ) ;
#6850 = DIRECTION ( 'NONE',  ( -1.000000000000000000, -0.0000000000000000000, -0.0000000000000000000 ) ) ;
#6851 =( GEOMETRIC_REPRESENTATION_CONTEXT ( 3 ) GLOBAL_UNCERTAINTY_ASSIGNED_CONTEXT ( ( #3903 ) ) GLOBAL_UNIT_ASSIGNED_CONTEXT ( ( #9114, #5954, #7155 ) ) REPRESENTATION_CONTEXT ( 'NONE', 'WORKASPACE' ) );
#6852 = FACE_OUTER_BOUND ( 'NONE', #10473, .T. ) ;
#6853 = CARTESIAN_POINT ( 'NONE',  ( -6.499999999999995559, 1.000999999999999890, 22.92500000000001137 ) ) ;
#6854 = DIRECTION ( 'NONE',  ( 1.000000000000000000, 0.0000000000000000000, 0.0000000000000000000 ) ) ;
#6855 =( NAMED_UNIT ( * ) PLANE_ANGLE_UNIT ( ) SI_UNIT ( $, .RADIAN. ) );
#6856 = VERTEX_POINT ( 'NONE', #9986 ) ;
#6857 = DIRECTION ( 'NONE',  ( -0.0000000000000000000, -1.000000000000000000, -0.0000000000000000000 ) ) ;
#6858 = CARTESIAN_POINT ( 'NONE',  ( 7.500000000000002665, -0.001000000000000000021, 25.22499999999999787 ) ) ;
#6859 = VECTOR ( 'NONE', #1724, 1000.000000000000000 ) ;
#6860 = DIRECTION ( 'NONE',  ( 1.000000000000000000, 0.0000000000000000000, -0.0000000000000000000 ) ) ;
#6861 = ORIENTED_EDGE ( 'NONE', *, *, #8954, .T. ) ;
#6862 = SURFACE_STYLE_FILL_AREA ( #3884 ) ;
#6863 = FACE_OUTER_BOUND ( 'NONE', #10369, .T. ) ;
#6864 = PRESENTATION_STYLE_ASSIGNMENT (( #5650 ) ) ;
#6865 = CARTESIAN_POINT ( 'NONE',  ( 7.900000000000003908, 1.000999999999999890, 25.22499999999999787 ) ) ;
#6866 = LINE ( 'NONE', #8675, #6273 ) ;
#6867 = ORIENTED_EDGE ( 'NONE', *, *, #1930, .F. ) ;
#6868 =( NAMED_UNIT ( * ) SI_UNIT ( $, .STERADIAN. ) SOLID_ANGLE_UNIT ( ) );
#6869 = LINE ( 'NONE', #9022, #7428 ) ;
#6870 = ORIENTED_EDGE ( 'NONE', *, *, #12079, .F. ) ;
#6871 = EDGE_CURVE ( 'NONE', #10879, #957, #12140, .T. ) ;
#6872 = PRESENTATION_LAYER_ASSIGNMENT (  '', '', ( #12699 ) ) ;
#6873 = LINE ( 'NONE', #10988, #6859 ) ;
#6874 = DIRECTION ( 'NONE',  ( 0.0000000000000000000, 1.000000000000000000, 0.0000000000000000000 ) ) ;
#6875 = CARTESIAN_POINT ( 'NONE',  ( 1.900000000000001465, -0.001000000000000000021, 25.22500000000000497 ) ) ;
#6876 = CARTESIAN_POINT ( 'NONE',  ( 0.3000000000000016542, 0.0000000000000000000, 22.92500000000000426 ) ) ;
#6877 = PRESENTATION_LAYER_ASSIGNMENT (  '', '', ( #12470 ) ) ;
#6878 =( NAMED_UNIT ( * ) PLANE_ANGLE_UNIT ( ) SI_UNIT ( $, .RADIAN. ) );
#6879 = UNCERTAINTY_MEASURE_WITH_UNIT (LENGTH_MEASURE( 1.000000000000000082E-05 ), #4312, 'distance_accuracy_value', 'NONE');
#6880 = ORIENTED_EDGE ( 'NONE', *, *, #7134, .F. ) ;
#6881 = EDGE_CURVE ( 'NONE', #9982, #8878, #5447, .T. ) ;
#6882 = SURFACE_SIDE_STYLE ('',( #1597 ) ) ;
#6883 = ORIENTED_EDGE ( 'NONE', *, *, #6871, .T. ) ;
#6884 = STYLED_ITEM ( 'NONE', ( #2997 ), #1161 ) ;
#6885 = ORIENTED_EDGE ( 'NONE', *, *, #6533, .F. ) ;
#6886 = DIRECTION ( 'NONE',  ( 0.0000000000000000000, -1.000000000000000000, 0.0000000000000000000 ) ) ;
#6887 = ADVANCED_FACE ( 'NONE', ( #7401 ), #3273, .F. ) ;
#6888 = EDGE_CURVE ( 'NONE', #4211, #3005, #8277, .T. ) ;
#6889 = MECHANICAL_DESIGN_GEOMETRIC_PRESENTATION_REPRESENTATION (  '', ( #8586 ), #6435 ) ;
#6890 = CARTESIAN_POINT ( 'NONE',  ( -1.299999999999998712, -0.001000000000000000021, 25.22500000000000853 ) ) ;
#6891 = PRESENTATION_STYLE_ASSIGNMENT (( #11828 ) ) ;
#6892 = UNCERTAINTY_MEASURE_WITH_UNIT (LENGTH_MEASURE( 1.000000000000000082E-05 ), #4788, 'distance_accuracy_value', 'NONE');
#6893 = EDGE_LOOP ( 'NONE', ( #466, #3984, #4192, #931 ) ) ;
#6894 = CARTESIAN_POINT ( 'NONE',  ( 11.10000000000000320, 1.000999999999999890, 25.22499999999999432 ) ) ;
#6895 = EDGE_CURVE ( 'NONE', #13045, #9787, #9557, .T. ) ;
#6896 = DIRECTION ( 'NONE',  ( -0.0000000000000000000, 1.000000000000000000, -0.0000000000000000000 ) ) ;
#6897 =( LENGTH_UNIT ( ) NAMED_UNIT ( * ) SI_UNIT ( .MILLI., .METRE. ) );
#6898 = UNCERTAINTY_MEASURE_WITH_UNIT (LENGTH_MEASURE( 1.000000000000000082E-05 ), #9766, 'distance_accuracy_value', 'NONE');
#6899 = CARTESIAN_POINT ( 'NONE',  ( 0.7000000000000036193, 1.000999999999999890, 22.92500000000000426 ) ) ;
#6900 = VERTEX_POINT ( 'NONE', #192 ) ;
#6901 = VECTOR ( 'NONE', #9346, 1000.000000000000000 ) ;
#6902 = CARTESIAN_POINT ( 'NONE',  ( -8.699999999999997513, 0.0000000000000000000, 25.22500000000000853 ) ) ;
#6903 = DIRECTION ( 'NONE',  ( 0.0000000000000000000, -0.0000000000000000000, -1.000000000000000000 ) ) ;
#6904 = ORIENTED_EDGE ( 'NONE', *, *, #6305, .F. ) ;
#6905 = LINE ( 'NONE', #11022, #7642 ) ;
#6906 = DIRECTION ( 'NONE',  ( 1.000000000000000000, 0.0000000000000000000, -0.0000000000000000000 ) ) ;
#6907 = UNCERTAINTY_MEASURE_WITH_UNIT (LENGTH_MEASURE( 1.000000000000000082E-05 ), #803, 'distance_accuracy_value', 'NONE');
#6908 = SURFACE_SIDE_STYLE ('',( #3793 ) ) ;
#6909 = UNCERTAINTY_MEASURE_WITH_UNIT (LENGTH_MEASURE( 1.000000000000000082E-05 ), #8261, 'distance_accuracy_value', 'NONE');
#6910 = ORIENTED_EDGE ( 'NONE', *, *, #5617, .T. ) ;
#6911 = DIRECTION ( 'NONE',  ( -9.427844978134821433E-17, -0.0000000000000000000, 1.000000000000000000 ) ) ;
#6912 =( LENGTH_UNIT ( ) NAMED_UNIT ( * ) SI_UNIT ( .MILLI., .METRE. ) );
#6913 = ORIENTED_EDGE ( 'NONE', *, *, #13328, .F. ) ;
#6914 = LINE ( 'NONE', #13206, #8512 ) ;
#6915 = VECTOR ( 'NONE', #1048, 1000.000000000000000 ) ;
#6916 = MECHANICAL_DESIGN_GEOMETRIC_PRESENTATION_REPRESENTATION (  '', ( #3659 ), #8629 ) ;
#6917 =( NAMED_UNIT ( * ) SI_UNIT ( $, .STERADIAN. ) SOLID_ANGLE_UNIT ( ) );
#6918 =( NAMED_UNIT ( * ) PLANE_ANGLE_UNIT ( ) SI_UNIT ( $, .RADIAN. ) );
#6919 =( LENGTH_UNIT ( ) NAMED_UNIT ( * ) SI_UNIT ( .MILLI., .METRE. ) );
#6920 = FILL_AREA_STYLE_COLOUR ( '', #4461 ) ;
#6921 = ORIENTED_EDGE ( 'NONE', *, *, #11118, .T. ) ;
#6922 = ORIENTED_EDGE ( 'NONE', *, *, #5070, .T. ) ;
#6923 = PLANE ( 'NONE',  #4260 ) ;
#6924 = DIRECTION ( 'NONE',  ( 0.0000000000000000000, -0.0000000000000000000, -1.000000000000000000 ) ) ;
#6925 = VECTOR ( 'NONE', #8926, 1000.000000000000000 ) ;
#6926 = PLANE ( 'NONE',  #6928 ) ;
#6927 = LINE ( 'NONE', #12322, #6316 ) ;
#6928 = AXIS2_PLACEMENT_3D ( 'NONE', #5729, #9897, #7668 ) ;
#6929 = LINE ( 'NONE', #9758, #1745 ) ;
#6930 = ORIENTED_EDGE ( 'NONE', *, *, #6799, .T. ) ;
#6931 = DIRECTION ( 'NONE',  ( -1.000000000000000000, -0.0000000000000000000, -0.0000000000000000000 ) ) ;
#6932 = SURFACE_STYLE_USAGE ( .BOTH. , #3828 ) ;
#6933 = ORIENTED_EDGE ( 'NONE', *, *, #1427, .T. ) ;
#6934 = SURFACE_SIDE_STYLE ('',( #7815 ) ) ;
#6935 = MECHANICAL_DESIGN_GEOMETRIC_PRESENTATION_REPRESENTATION (  '', ( #12767 ), #2163 ) ;
#6936 =( GEOMETRIC_REPRESENTATION_CONTEXT ( 3 ) GLOBAL_UNCERTAINTY_ASSIGNED_CONTEXT ( ( #1359 ) ) GLOBAL_UNIT_ASSIGNED_CONTEXT ( ( #2857, #7173, #12179 ) ) REPRESENTATION_CONTEXT ( 'NONE', 'WORKASPACE' ) );
#6937 = FILL_AREA_STYLE_COLOUR ( '', #1266 ) ;
#6938 = LINE ( 'NONE', #6119, #6986 ) ;
#6939 =( NAMED_UNIT ( * ) SI_UNIT ( $, .STERADIAN. ) SOLID_ANGLE_UNIT ( ) );
#6940 =( NAMED_UNIT ( * ) PLANE_ANGLE_UNIT ( ) SI_UNIT ( $, .RADIAN. ) );
#6941 = ORIENTED_EDGE ( 'NONE', *, *, #747, .F. ) ;
#6942 = CARTESIAN_POINT ( 'NONE',  ( 8.100000000000003197, -0.001000000000000000021, 22.92499999999999716 ) ) ;
#6943 = FACE_OUTER_BOUND ( 'NONE', #1796, .T. ) ;
#6944 = VERTEX_POINT ( 'NONE', #7266 ) ;
#6945 = CARTESIAN_POINT ( 'NONE',  ( -11.49999999999999645, 1.000000000000000000, 22.92500000000001137 ) ) ;
#6946 = EDGE_LOOP ( 'NONE', ( #10054, #2347, #236, #11557 ) ) ;
#6947 = CARTESIAN_POINT ( 'NONE',  ( -10.89999999999999858, -0.001000000000000757011, 22.92500000000001137 ) ) ;
#6948 =( GEOMETRIC_REPRESENTATION_CONTEXT ( 3 ) GLOBAL_UNCERTAINTY_ASSIGNED_CONTEXT ( ( #5837 ) ) GLOBAL_UNIT_ASSIGNED_CONTEXT ( ( #7696, #3565, #3251 ) ) REPRESENTATION_CONTEXT ( 'NONE', 'WORKASPACE' ) );
#6949 = EDGE_CURVE ( 'NONE', #8292, #1915, #8410, .T. ) ;
#6950 = DIRECTION ( 'NONE',  ( 1.000000000000000000, 0.0000000000000000000, 0.0000000000000000000 ) ) ;
#6951 = EDGE_LOOP ( 'NONE', ( #10166, #90, #13119, #12093 ) ) ;
#6952 = CARTESIAN_POINT ( 'NONE',  ( -15.00000000000000000, 0.0000000000000000000, 25.22500000000000853 ) ) ;
#6953 = EDGE_CURVE ( 'NONE', #1802, #12409, #6253, .T. ) ;
#6954 =( NAMED_UNIT ( * ) PLANE_ANGLE_UNIT ( ) SI_UNIT ( $, .RADIAN. ) );
#6955 = FACE_OUTER_BOUND ( 'NONE', #7200, .T. ) ;
#6956 = ADVANCED_FACE ( 'NONE', ( #12605 ), #3084, .F. ) ;
#6957 = ORIENTED_EDGE ( 'NONE', *, *, #11988, .T. ) ;
#6958 = PRESENTATION_STYLE_ASSIGNMENT (( #2841 ) ) ;
#6959 = ORIENTED_EDGE ( 'NONE', *, *, #5215, .T. ) ;
#6960 =( LENGTH_UNIT ( ) NAMED_UNIT ( * ) SI_UNIT ( .MILLI., .METRE. ) );
#6961 = COLOUR_RGB ( '',0.0000000000000000000, 0.7529411764705882248, 0.0000000000000000000 ) ;
#6962 = CARTESIAN_POINT ( 'NONE',  ( -11.69999999999999929, -0.001000000000000882995, 22.92500000000001137 ) ) ;
#6963 = ADVANCED_FACE ( 'NONE', ( #12892 ), #405, .F. ) ;
#6964 = EDGE_CURVE ( 'NONE', #3506, #11912, #332, .T. ) ;
#6965 = CARTESIAN_POINT ( 'NONE',  ( 11.50000000000000355, -0.001000000000000000021, 25.22499999999999432 ) ) ;
#6966 = ORIENTED_EDGE ( 'NONE', *, *, #2633, .F. ) ;
#6967 = DIRECTION ( 'NONE',  ( -0.0000000000000000000, -0.0000000000000000000, 1.000000000000000000 ) ) ;
#6968 = CARTESIAN_POINT ( 'NONE',  ( 3.500000000000001776, -0.001000000000000000021, 22.92500000000000071 ) ) ;
#6969 = COLOUR_RGB ( '',1.000000000000000000, 1.000000000000000000, 0.0000000000000000000 ) ;
#6970 = DIRECTION ( 'NONE',  ( 0.0000000000000000000, 0.0000000000000000000, -1.000000000000000000 ) ) ;
#6971 = COLOUR_RGB ( '',1.000000000000000000, 1.000000000000000000, 0.0000000000000000000 ) ;
#6972 = PLANE ( 'NONE',  #9771 ) ;
#6973 =( GEOMETRIC_REPRESENTATION_CONTEXT ( 3 ) GLOBAL_UNCERTAINTY_ASSIGNED_CONTEXT ( ( #8213 ) ) GLOBAL_UNIT_ASSIGNED_CONTEXT ( ( #1626, #8650, #374 ) ) REPRESENTATION_CONTEXT ( 'NONE', 'WORKASPACE' ) );
#6974 = FILL_AREA_STYLE_COLOUR ( '', #6381 ) ;
#6975 = ADVANCED_FACE ( 'NONE', ( #3415 ), #541, .F. ) ;
#6976 = ADVANCED_FACE ( 'NONE', ( #11869 ), #4568, .F. ) ;
#6977 = ORIENTED_EDGE ( 'NONE', *, *, #7738, .F. ) ;
#6978 = FILL_AREA_STYLE_COLOUR ( '', #9973 ) ;
#6979 = SURFACE_STYLE_USAGE ( .BOTH. , #3046 ) ;
#6980 = EDGE_LOOP ( 'NONE', ( #11244, #6660, #10180, #504 ) ) ;
#6981 = CARTESIAN_POINT ( 'NONE',  ( -1.699999999999996625, 1.000999999999999890, 22.92500000000000782 ) ) ;
#6982 = FILL_AREA_STYLE ('',( #2993 ) ) ;
#6983 = VECTOR ( 'NONE', #9130, 1000.000000000000000 ) ;
#6984 = SURFACE_STYLE_USAGE ( .BOTH. , #2864 ) ;
#6985 = VECTOR ( 'NONE', #8941, 1000.000000000000000 ) ;
#6986 = VECTOR ( 'NONE', #5121, 1000.000000000000000 ) ;
#6987 = CARTESIAN_POINT ( 'NONE',  ( -1.899999999999996803, 1.000999999999999890, 22.92500000000000782 ) ) ;
#6988 = CARTESIAN_POINT ( 'NONE',  ( -6.499999999999995559, 1.000999999999999890, 22.92500000000001137 ) ) ;
#6989 = VECTOR ( 'NONE', #1678, 1000.000000000000000 ) ;
#6990 = ORIENTED_EDGE ( 'NONE', *, *, #2406, .T. ) ;
#6991 = CARTESIAN_POINT ( 'NONE',  ( 9.199999999999999289, 3.399999999999999911, -25.47499999999999432 ) ) ;
#6992 = CARTESIAN_POINT ( 'NONE',  ( 1.700000000000000178, 0.0000000000000000000, 25.22500000000000853 ) ) ;
#6993 = SURFACE_SIDE_STYLE ('',( #1786 ) ) ;
#6994 = VECTOR ( 'NONE', #8693, 1000.000000000000000 ) ;
#6995 = ORIENTED_EDGE ( 'NONE', *, *, #12325, .T. ) ;
#6996 = FILL_AREA_STYLE ('',( #4022 ) ) ;
#6997 = LINE ( 'NONE', #13353, #6270 ) ;
#6998 =( LENGTH_UNIT ( ) NAMED_UNIT ( * ) SI_UNIT ( .MILLI., .METRE. ) );
#6999 = COLOUR_RGB ( '',1.000000000000000000, 1.000000000000000000, 0.0000000000000000000 ) ;
#7000 = EDGE_LOOP ( 'NONE', ( #10307, #8199, #9020, #12107 ) ) ;
#7001 = EDGE_CURVE ( 'Edge8', #3731, #11414, #11245, .T. ) ;
#7002 = COLOUR_RGB ( '',1.000000000000000000, 1.000000000000000000, 0.0000000000000000000 ) ;
#7003 = DIRECTION ( 'NONE',  ( 0.0000000000000000000, 0.0000000000000000000, -1.000000000000000000 ) ) ;
#7004 = EDGE_LOOP ( 'NONE', ( #8412, #1900, #4499, #4600 ) ) ;
#7005 = VECTOR ( 'NONE', #9879, 1000.000000000000000 ) ;
#7006 = VECTOR ( 'NONE', #836, 1000.000000000000000 ) ;
#7007 = COLOUR_RGB ( '',1.000000000000000000, 1.000000000000000000, 0.0000000000000000000 ) ;
#7008 = FACE_OUTER_BOUND ( 'NONE', #7038, .T. ) ;
#7009 = DIRECTION ( 'NONE',  ( -1.000000000000000000, 0.0000000000000000000, -0.0000000000000000000 ) ) ;
#7010 = VERTEX_POINT ( 'NONE', #963 ) ;
#7011 = PRESENTATION_STYLE_ASSIGNMENT (( #9286 ) ) ;
#7012 = CARTESIAN_POINT ( 'NONE',  ( -6.299999999999998934, -0.001000000000000126222, 25.22500000000001208 ) ) ;
#7013 = ORIENTED_EDGE ( 'NONE', *, *, #4560, .F. ) ;
#7014 = PLANE ( 'NONE',  #6603 ) ;
#7015 = VECTOR ( 'NONE', #6530, 1000.000000000000000 ) ;
#7016 = EDGE_LOOP ( 'NONE', ( #6197, #11604, #2046, #2619 ) ) ;
#7017 = CARTESIAN_POINT ( 'NONE',  ( -6.499999999999995559, 1.000000000000000000, 25.22500000000001208 ) ) ;
#7018 = VERTEX_POINT ( 'NONE', #5867 ) ;
#7019 = MECHANICAL_DESIGN_GEOMETRIC_PRESENTATION_REPRESENTATION (  '', ( #5950 ), #47 ) ;
#7020 = VECTOR ( 'NONE', #7411, 1000.000000000000000 ) ;
#7021 = VECTOR ( 'NONE', #8948, 1000.000000000000000 ) ;
#7022 = DIRECTION ( 'NONE',  ( 0.0000000000000000000, 0.0000000000000000000, -1.000000000000000000 ) ) ;
#7023 = MECHANICAL_DESIGN_GEOMETRIC_PRESENTATION_REPRESENTATION (  '', ( #4652 ), #5094 ) ;
#7024 = UNCERTAINTY_MEASURE_WITH_UNIT (LENGTH_MEASURE( 1.000000000000000082E-05 ), #3, 'distance_accuracy_value', 'NONE');
#7025 = EDGE_LOOP ( 'NONE', ( #1399, #7058, #8155, #2178 ) ) ;
#7026 = DIRECTION ( 'NONE',  ( -0.0000000000000000000, 1.000000000000000000, -0.0000000000000000000 ) ) ;
#7027 = SURFACE_STYLE_USAGE ( .BOTH. , #7906 ) ;
#7028 =( LENGTH_UNIT ( ) NAMED_UNIT ( * ) SI_UNIT ( .MILLI., .METRE. ) );
#7029 = CARTESIAN_POINT ( 'NONE',  ( 6.300000000000006928, 1.000000000000000000, 22.92500000000000071 ) ) ;
#7030 = PRESENTATION_STYLE_ASSIGNMENT (( #5139 ) ) ;
#7031 = MECHANICAL_DESIGN_GEOMETRIC_PRESENTATION_REPRESENTATION (  '', ( #11979 ), #9388 ) ;
#7032 = CARTESIAN_POINT ( 'NONE',  ( -11.09999999999999787, 0.0000000000000000000, 22.92500000000001137 ) ) ;
#7033 = EDGE_CURVE ( 'NONE', #1404, #12862, #1980, .T. ) ;
#7034 = PLANE ( 'NONE',  #10032 ) ;
#7035 = ORIENTED_EDGE ( 'NONE', *, *, #8754, .T. ) ;
#7036 = EDGE_CURVE ( 'NONE', #12830, #7665, #9021, .T. ) ;
#7037 = COLOUR_RGB ( '',1.000000000000000000, 1.000000000000000000, 0.0000000000000000000 ) ;
#7038 = EDGE_LOOP ( 'NONE', ( #7607, #8851, #2258, #5375 ) ) ;
#7039 = UNCERTAINTY_MEASURE_WITH_UNIT (LENGTH_MEASURE( 1.000000000000000082E-05 ), #5978, 'distance_accuracy_value', 'NONE');
#7040 = SURFACE_STYLE_USAGE ( .BOTH. , #9065 ) ;
#7041 = AXIS2_PLACEMENT_3D ( 'NONE', #13054, #2837, #9050 ) ;
#7042 = ORIENTED_EDGE ( 'NONE', *, *, #5549, .T. ) ;
#7043 = PRESENTATION_STYLE_ASSIGNMENT (( #13270 ) ) ;
#7044 = ADVANCED_FACE ( 'NONE', ( #676 ), #7945, .F. ) ;
#7045 =( GEOMETRIC_REPRESENTATION_CONTEXT ( 3 ) GLOBAL_UNCERTAINTY_ASSIGNED_CONTEXT ( ( #12864 ) ) GLOBAL_UNIT_ASSIGNED_CONTEXT ( ( #12753, #11736, #1470 ) ) REPRESENTATION_CONTEXT ( 'NONE', 'WORKASPACE' ) );
#7046 = FILL_AREA_STYLE_COLOUR ( '', #5486 ) ;
#7047 = ORIENTED_EDGE ( 'NONE', *, *, #12575, .T. ) ;
#7048 = PRESENTATION_STYLE_ASSIGNMENT (( #7927 ) ) ;
#7049 = COLOUR_RGB ( '',1.000000000000000000, 1.000000000000000000, 0.0000000000000000000 ) ;
#7050 = EDGE_CURVE ( 'NONE', #11277, #12402, #882, .T. ) ;
#7051 = DIRECTION ( 'NONE',  ( -9.427844978134821433E-17, -0.0000000000000000000, 1.000000000000000000 ) ) ;
#7052 = VECTOR ( 'NONE', #9547, 1000.000000000000000 ) ;
#7053 = DIRECTION ( 'NONE',  ( -1.000000000000000000, 0.0000000000000000000, 9.427844978134821433E-17 ) ) ;
#7054 = ORIENTED_EDGE ( 'NONE', *, *, #2247, .F. ) ;
#7055 = CARTESIAN_POINT ( 'NONE',  ( 1.700000000000001954, -0.001000000000000000021, 25.22500000000000497 ) ) ;
#7056 = CARTESIAN_POINT ( 'NONE',  ( 3.500000000000001332, -0.001000000000000000021, 25.22500000000000142 ) ) ;
#7057 = SURFACE_STYLE_USAGE ( .BOTH. , #11295 ) ;
#7058 = ORIENTED_EDGE ( 'NONE', *, *, #11249, .T. ) ;
#7059 = LINE ( 'NONE', #11186, #5539 ) ;
#7060 =( NAMED_UNIT ( * ) SI_UNIT ( $, .STERADIAN. ) SOLID_ANGLE_UNIT ( ) );
#7061 = DIRECTION ( 'NONE',  ( 1.000000000000000000, 0.0000000000000000000, 0.0000000000000000000 ) ) ;
#7062 = CARTESIAN_POINT ( 'NONE',  ( -8.299999999999995381, 1.000999999999999890, 25.22500000000001208 ) ) ;
#7063 = ADVANCED_FACE ( 'NONE', ( #10234 ), #13031, .F. ) ;
#7064 = VERTEX_POINT ( 'NONE', #6179 ) ;
#7065 = FILL_AREA_STYLE ('',( #2947 ) ) ;
#7066 = PRESENTATION_STYLE_ASSIGNMENT (( #10044 ) ) ;
#7067 = LINE ( 'NONE', #10104, #4188 ) ;
#7068 = SURFACE_STYLE_FILL_AREA ( #2951 ) ;
#7069 =( NAMED_UNIT ( * ) PLANE_ANGLE_UNIT ( ) SI_UNIT ( $, .RADIAN. ) );
#7070 = FILL_AREA_STYLE_COLOUR ( '', #12696 ) ;
#7071 =( NAMED_UNIT ( * ) SI_UNIT ( $, .STERADIAN. ) SOLID_ANGLE_UNIT ( ) );
#7072 = VECTOR ( 'NONE', #8834, 1000.000000000000000 ) ;
#7073 = CARTESIAN_POINT ( 'NONE',  ( -0.09999999999999635569, 1.000999999999999890, 22.92500000000000426 ) ) ;
#7074 = ORIENTED_EDGE ( 'NONE', *, *, #10808, .F. ) ;
#7075 = CARTESIAN_POINT ( 'NONE',  ( 5.100000000000002309, -0.001000000000000000021, 22.92500000000000071 ) ) ;
#7076 = SURFACE_SIDE_STYLE ('',( #10179 ) ) ;
#7077 = ORIENTED_EDGE ( 'NONE', *, *, #5638, .T. ) ;
#7078 =( NAMED_UNIT ( * ) PLANE_ANGLE_UNIT ( ) SI_UNIT ( $, .RADIAN. ) );
#7079 = SURFACE_SIDE_STYLE ('',( #1040 ) ) ;
#7080 = ORIENTED_EDGE ( 'NONE', *, *, #6570, .F. ) ;
#7081 =( NAMED_UNIT ( * ) SI_UNIT ( $, .STERADIAN. ) SOLID_ANGLE_UNIT ( ) );
#7082 = VECTOR ( 'NONE', #5371, 1000.000000000000000 ) ;
#7083 = CARTESIAN_POINT ( 'NONE',  ( 1.500000000000003553, 1.000999999999999890, 22.92500000000000426 ) ) ;
#7084 = EDGE_LOOP ( 'NONE', ( #5509, #9694, #3473, #3752 ) ) ;
#7085 = LINE ( 'NONE', #5817, #394 ) ;
#7086 = PRESENTATION_LAYER_ASSIGNMENT (  '', '', ( #3608 ) ) ;
#7087 = DIRECTION ( 'NONE',  ( -0.0000000000000000000, -1.000000000000000000, -0.0000000000000000000 ) ) ;
#7088 = MECHANICAL_DESIGN_GEOMETRIC_PRESENTATION_REPRESENTATION (  '', ( #797 ), #1031 ) ;
#7089 = CARTESIAN_POINT ( 'NONE',  ( -15.00000000000000533, 1.000000000000000000, 22.27499999999997726 ) ) ;
#7090 = ORIENTED_EDGE ( 'NONE', *, *, #12408, .T. ) ;
#7091 = DIRECTION ( 'NONE',  ( 0.0000000000000000000, 1.000000000000000000, 0.0000000000000000000 ) ) ;
#7092 = SURFACE_STYLE_FILL_AREA ( #8542 ) ;
#7093 = FACE_OUTER_BOUND ( 'NONE', #12183, .T. ) ;
#7094 = STYLED_ITEM ( 'NONE', ( #9257 ), #3156 ) ;
#7095 = DIRECTION ( 'NONE',  ( 0.0000000000000000000, 0.0000000000000000000, 1.000000000000000000 ) ) ;
#7096 = EDGE_LOOP ( 'NONE', ( #7828, #3165, #9659, #95 ) ) ;
#7097 = AXIS2_PLACEMENT_3D ( 'NONE', #12570, #302, #1278 ) ;
#7098 = LINE ( 'NONE', #5831, #1934 ) ;
#7099 = STYLED_ITEM ( 'NONE', ( #9004 ), #1956 ) ;
#7100 = EDGE_LOOP ( 'NONE', ( #1365, #7730, #3238, #7383 ) ) ;
#7101 =( NAMED_UNIT ( * ) PLANE_ANGLE_UNIT ( ) SI_UNIT ( $, .RADIAN. ) );
#7102 = LINE ( 'NONE', #5018, #8695 ) ;
#7103 = LINE ( 'NONE', #3938, #4380 ) ;
#7104 = FACE_OUTER_BOUND ( 'NONE', #2961, .T. ) ;
#7105 = ORIENTED_EDGE ( 'NONE', *, *, #2474, .F. ) ;
#7106 = CYLINDRICAL_SURFACE ( 'NONE', #12110, 1.299999999999999156 ) ;
#7107 = ADVANCED_FACE ( 'NONE', ( #41 ), #6304, .F. ) ;
#7108 = VERTEX_POINT ( 'NONE', #2237 ) ;
#7109 = FACE_OUTER_BOUND ( 'NONE', #2433, .T. ) ;
#7110 = DIRECTION ( 'NONE',  ( -9.427844978134821433E-17, -0.0000000000000000000, -1.000000000000000000 ) ) ;
#7111 = STYLED_ITEM ( 'NONE', ( #369 ), #2787 ) ;
#7112 = COLOUR_RGB ( '',1.000000000000000000, 1.000000000000000000, 0.0000000000000000000 ) ;
#7113 = EDGE_CURVE ( 'NONE', #9225, #7172, #12327, .T. ) ;
#7114 = DIRECTION ( 'NONE',  ( 1.000000000000000000, 0.0000000000000000000, 0.0000000000000000000 ) ) ;
#7115 = LINE ( 'NONE', #9959, #6548 ) ;
#7116 =( LENGTH_UNIT ( ) NAMED_UNIT ( * ) SI_UNIT ( .MILLI., .METRE. ) );
#7117 =( NAMED_UNIT ( * ) PLANE_ANGLE_UNIT ( ) SI_UNIT ( $, .RADIAN. ) );
#7118 = FILL_AREA_STYLE ('',( #13155 ) ) ;
#7119 = ORIENTED_EDGE ( 'NONE', *, *, #4558, .T. ) ;
#7120 = DIRECTION ( 'NONE',  ( 0.0000000000000000000, 0.0000000000000000000, -1.000000000000000000 ) ) ;
#7121 = PLANE ( 'NONE',  #100 ) ;
#7122 = LINE ( 'NONE', #9156, #625 ) ;
#7123 = DIRECTION ( 'NONE',  ( -1.000000000000000000, 0.0000000000000000000, 9.427844978134821433E-17 ) ) ;
#7124 = EDGE_CURVE ( 'NONE', #13351, #962, #5173, .T. ) ;
#7125 = ADVANCED_FACE ( 'NONE', ( #2109 ), #5113, .F. ) ;
#7126 = VERTEX_POINT ( 'NONE', #7315 ) ;
#7128 = VECTOR ( 'NONE', #1112, 1000.000000000000000 ) ;
#7127 = DIRECTION ( 'NONE',  ( -1.000000000000000000, -0.0000000000000000000, -0.0000000000000000000 ) ) ;
#7129 = DIRECTION ( 'NONE',  ( -1.000000000000000000, 0.0000000000000000000, 9.427844978134821433E-17 ) ) ;
#7130 = EDGE_CURVE ( 'NONE', #247, #519, #2179, .T. ) ;
#7131 = DIRECTION ( 'NONE',  ( 3.771137991253928573E-16, 0.0000000000000000000, -1.000000000000000000 ) ) ;
#7132 = PRESENTATION_LAYER_ASSIGNMENT (  '', '', ( #616 ) ) ;
#7133 =( LENGTH_UNIT ( ) NAMED_UNIT ( * ) SI_UNIT ( .MILLI., .METRE. ) );
#7134 = EDGE_CURVE ( 'NONE', #8428, #7813, #9226, .T. ) ;
#7135 = LINE ( 'NONE', #11251, #9904 ) ;
#7136 = EDGE_CURVE ( 'NONE', #9105, #11171, #7588, .T. ) ;
#7137 = DIRECTION ( 'NONE',  ( 0.0000000000000000000, 0.0000000000000000000, -1.000000000000000000 ) ) ;
#7138 = VECTOR ( 'NONE', #9536, 1000.000000000000000 ) ;
#7139 = VERTEX_POINT ( 'NONE', #2508 ) ;
#7140 = SURFACE_STYLE_FILL_AREA ( #3017 ) ;
#7141 = AXIS2_PLACEMENT_3D ( 'NONE', #12341, #13371, #3974 ) ;
#7142 =( NAMED_UNIT ( * ) PLANE_ANGLE_UNIT ( ) SI_UNIT ( $, .RADIAN. ) );
#7143 = ORIENTED_EDGE ( 'NONE', *, *, #4230, .F. ) ;
#7144 = DIRECTION ( 'NONE',  ( 0.0000000000000000000, 0.0000000000000000000, -1.000000000000000000 ) ) ;
#7145 = PRESENTATION_STYLE_ASSIGNMENT (( #3021 ) ) ;
#7146 = EDGE_CURVE ( 'NONE', #1571, #9320, #5430, .T. ) ;
#7147 = ORIENTED_EDGE ( 'NONE', *, *, #8351, .F. ) ;
#7148 = DIRECTION ( 'NONE',  ( 1.000000000000000000, 0.0000000000000000000, 3.771137991253928573E-16 ) ) ;
#7149 = EDGE_CURVE ( 'NONE', #10089, #4670, #11913, .T. ) ;
#7150 = VECTOR ( 'NONE', #9019, 1000.000000000000000 ) ;
#7151 = AXIS2_PLACEMENT_3D ( 'NONE', #11288, #3116, #5028 ) ;
#7152 = CARTESIAN_POINT ( 'NONE',  ( -9.499999999999998224, -6.308085367188387283E-16, 25.22500000000001208 ) ) ;
#7153 = EDGE_LOOP ( 'NONE', ( #7531, #3592, #5211, #10529 ) ) ;
#7154 =( NAMED_UNIT ( * ) SI_UNIT ( $, .STERADIAN. ) SOLID_ANGLE_UNIT ( ) );
#7155 =( NAMED_UNIT ( * ) SI_UNIT ( $, .STERADIAN. ) SOLID_ANGLE_UNIT ( ) );
#7156 =( LENGTH_UNIT ( ) NAMED_UNIT ( * ) SI_UNIT ( .MILLI., .METRE. ) );
#7157 = UNCERTAINTY_MEASURE_WITH_UNIT (LENGTH_MEASURE( 1.000000000000000082E-05 ), #9881, 'distance_accuracy_value', 'NONE');
#7158 = VECTOR ( 'NONE', #1305, 1000.000000000000000 ) ;
#7159 = EDGE_LOOP ( 'NONE', ( #6966, #3029, #12523, #9611, #279, #10300, #7183, #9159, #3043, #1975, #8706, #1064, #11287, #3230, #2115, #6212, #6239, #12912, #5572, #8052, #11261, #13146, #5845, #6255, #5985, #7633, #11201, #6922, #4757, #6913, #11121, #3631, #13068, #7143, #5834, #9441, #6325, #618, #744, #2265, #6904, #2879, #12460, #9386, #7911, #5107, #9231, #13080, #9644, #4253, #6010, #11358, #2515, #3099, #9170, #11895, #2809, #8418, #10917, #13030, #3952, #3199, #5947, #1426, #4234, #11326, #4900, #11556, #4267, #12351, #9153, #8124, #11841, #13234, #974, #4818, #6687, #4047, #8098, #6252, #12030, #6617, #9101, #4634, #2503, #13236, #5976, #3408, #1283, #4593, #4678, #3040, #8235, #5655, #2245, #417, #4172, #1442, #5387, #5183, #10421, #4021, #9706, #289, #6521, #6066, #208, #2982, #5037, #6397, #114, #9450, #1526, #4422, #6977, #8996, #1013, #4436 ) ) ;
#7160 = CARTESIAN_POINT ( 'NONE',  ( -9.099999999999996092, 1.000999999999999890, 25.22500000000001208 ) ) ;
#7161 = SURFACE_SIDE_STYLE ('',( #12354 ) ) ;
#7162 =( NAMED_UNIT ( * ) PLANE_ANGLE_UNIT ( ) SI_UNIT ( $, .RADIAN. ) );
#7163 = EDGE_LOOP ( 'NONE', ( #2698, #6515, #9556, #3664 ) ) ;
#7164 = DIRECTION ( 'NONE',  ( 9.427844978134821433E-17, 0.0000000000000000000, 1.000000000000000000 ) ) ;
#7165 = ORIENTED_EDGE ( 'NONE', *, *, #8845, .T. ) ;
#7166 = ADVANCED_FACE ( 'NONE', ( #6634 ), #12943, .T. ) ;
#7167 = VECTOR ( 'NONE', #8590, 1000.000000000000000 ) ;
#7168 = ORIENTED_EDGE ( 'NONE', *, *, #12251, .T. ) ;
#7169 = DIRECTION ( 'NONE',  ( 1.885568995626964287E-16, 0.0000000000000000000, -1.000000000000000000 ) ) ;
#7170 = UNCERTAINTY_MEASURE_WITH_UNIT (LENGTH_MEASURE( 1.000000000000000082E-05 ), #13362, 'distance_accuracy_value', 'NONE');
#7171 =( NAMED_UNIT ( * ) PLANE_ANGLE_UNIT ( ) SI_UNIT ( $, .RADIAN. ) );
#7172 = VERTEX_POINT ( 'NONE', #1436 ) ;
#7173 =( NAMED_UNIT ( * ) PLANE_ANGLE_UNIT ( ) SI_UNIT ( $, .RADIAN. ) );
#7174 =( NAMED_UNIT ( * ) PLANE_ANGLE_UNIT ( ) SI_UNIT ( $, .RADIAN. ) );
#7175 = ORIENTED_EDGE ( 'NONE', *, *, #716, .T. ) ;
#7176 = FACE_OUTER_BOUND ( 'NONE', #1848, .T. ) ;
#7177 = MECHANICAL_DESIGN_GEOMETRIC_PRESENTATION_REPRESENTATION (  '', ( #6731 ), #3491 ) ;
#7178 =( NAMED_UNIT ( * ) PLANE_ANGLE_UNIT ( ) SI_UNIT ( $, .RADIAN. ) );
#7179 = COLOUR_RGB ( '',0.0000000000000000000, 0.7529411764705882248, 0.0000000000000000000 ) ;
#7180 = DIRECTION ( 'NONE',  ( 1.000000000000000000, 0.0000000000000000000, -0.0000000000000000000 ) ) ;
#7181 = CARTESIAN_POINT ( 'NONE',  ( -2.099999999999998312, -0.001000000000000000021, 22.92500000000000782 ) ) ;
#7182 =( NAMED_UNIT ( * ) PLANE_ANGLE_UNIT ( ) SI_UNIT ( $, .RADIAN. ) );
#7183 = ORIENTED_EDGE ( 'NONE', *, *, #1227, .F. ) ;
#7184 = FACE_OUTER_BOUND ( 'NONE', #7474, .T. ) ;
#7185 = DIRECTION ( 'NONE',  ( 0.0000000000000000000, 1.000000000000000000, 0.0000000000000000000 ) ) ;
#7186 = SURFACE_STYLE_USAGE ( .BOTH. , #9224 ) ;
#7187 = VERTEX_POINT ( 'NONE', #12874 ) ;
#7188 =( LENGTH_UNIT ( ) NAMED_UNIT ( * ) SI_UNIT ( .MILLI., .METRE. ) );
#7189 = EDGE_CURVE ( 'NONE', #6673, #7480, #383, .T. ) ;
#7190 = MECHANICAL_DESIGN_GEOMETRIC_PRESENTATION_REPRESENTATION (  '', ( #3514 ), #10003 ) ;
#7191 = SURFACE_STYLE_FILL_AREA ( #6243 ) ;
#7192 = EDGE_CURVE ( 'NONE', #11874, #3513, #11649, .T. ) ;
#7193 =( NAMED_UNIT ( * ) PLANE_ANGLE_UNIT ( ) SI_UNIT ( $, .RADIAN. ) );
#7194 = EDGE_CURVE ( 'Edge2', #7289, #12458, #3524, .T. ) ;
#7195 = PRESENTATION_STYLE_ASSIGNMENT (( #12336 ) ) ;
#7196 = VECTOR ( 'NONE', #12971, 1000.000000000000000 ) ;
#7197 = DIRECTION ( 'NONE',  ( -1.000000000000000000, 0.0000000000000000000, 0.0000000000000000000 ) ) ;
#7198 = ORIENTED_EDGE ( 'NONE', *, *, #5814, .F. ) ;
#7199 = CARTESIAN_POINT ( 'NONE',  ( -7.899999999999999467, -0.001000000000000378407, 25.22500000000001208 ) ) ;
#7200 = EDGE_LOOP ( 'NONE', ( #9732, #9816, #2295, #11493 ) ) ;
#7201 = SURFACE_STYLE_USAGE ( .BOTH. , #1039 ) ;
#7202 = ORIENTED_EDGE ( 'NONE', *, *, #12244, .T. ) ;
#7203 = SURFACE_STYLE_FILL_AREA ( #6394 ) ;
#7204 = COLOUR_RGB ( '',1.000000000000000000, 1.000000000000000000, 0.0000000000000000000 ) ;
#7205 = PRESENTATION_LAYER_ASSIGNMENT (  '', '', ( #5717 ) ) ;
#7206 = ADVANCED_FACE ( 'NONE', ( #7657 ), #11789, .F. ) ;
#7207 = DIRECTION ( 'NONE',  ( 1.000000000000000000, 0.0000000000000000000, -1.021426973097236944E-16 ) ) ;
#7208 = STYLED_ITEM ( 'NONE', ( #4790 ), #6699 ) ;
#7209 = SURFACE_STYLE_FILL_AREA ( #12534 ) ;
#7210 = EDGE_LOOP ( 'NONE', ( #10538, #12631, #12362, #6046 ) ) ;
#7211 = VECTOR ( 'NONE', #10956, 1000.000000000000000 ) ;
#7212 = DIRECTION ( 'NONE',  ( -0.0000000000000000000, 0.0000000000000000000, 1.000000000000000000 ) ) ;
#7213 = SURFACE_STYLE_FILL_AREA ( #13198 ) ;
#7214 = EDGE_CURVE ( 'NONE', #12054, #3584, #5914, .T. ) ;
#7215 = FILL_AREA_STYLE ('',( #4932 ) ) ;
#7216 =( GEOMETRIC_REPRESENTATION_CONTEXT ( 3 ) GLOBAL_UNCERTAINTY_ASSIGNED_CONTEXT ( ( #7024 ) ) GLOBAL_UNIT_ASSIGNED_CONTEXT ( ( #3, #10452, #5395 ) ) REPRESENTATION_CONTEXT ( 'NONE', 'WORKASPACE' ) );
#7217 = VECTOR ( 'NONE', #9055, 1000.000000000000000 ) ;
#7218 = DIRECTION ( 'NONE',  ( -9.427844978134821433E-17, -0.0000000000000000000, -1.000000000000000000 ) ) ;
#7219 = PRESENTATION_LAYER_ASSIGNMENT (  '', '', ( #5950 ) ) ;
#7220 = ORIENTED_EDGE ( 'NONE', *, *, #4261, .F. ) ;
#7221 = FACE_OUTER_BOUND ( 'NONE', #11420, .T. ) ;
#7222 =( NAMED_UNIT ( * ) SI_UNIT ( $, .STERADIAN. ) SOLID_ANGLE_UNIT ( ) );
#7223 = DIRECTION ( 'NONE',  ( 1.000000000000000000, 0.0000000000000000000, 0.0000000000000000000 ) ) ;
#7224 =( LENGTH_UNIT ( ) NAMED_UNIT ( * ) SI_UNIT ( .MILLI., .METRE. ) );
#7225 = ORIENTED_EDGE ( 'NONE', *, *, #11653, .T. ) ;
#7226 = DIRECTION ( 'NONE',  ( -1.000000000000000000, 0.0000000000000000000, -0.0000000000000000000 ) ) ;
#7227 = ORIENTED_EDGE ( 'NONE', *, *, #928, .T. ) ;
#7228 = FACE_OUTER_BOUND ( 'NONE', #3471, .T. ) ;
#7229 = COLOUR_RGB ( '',1.000000000000000000, 1.000000000000000000, 0.0000000000000000000 ) ;
#7230 = EDGE_LOOP ( 'NONE', ( #2705, #11353, #7261, #5056 ) ) ;
#7231 = PRESENTATION_LAYER_ASSIGNMENT (  '', '', ( #4002 ) ) ;
#7232 = CARTESIAN_POINT ( 'NONE',  ( 0.5000000000000034417, 1.000999999999999890, 22.92500000000000426 ) ) ;
#7233 = DIRECTION ( 'NONE',  ( -0.0000000000000000000, -1.000000000000000000, -0.0000000000000000000 ) ) ;
#7234 = CARTESIAN_POINT ( 'NONE',  ( -1.299999999999998712, -0.001000000000000000021, 25.22500000000000853 ) ) ;
#7235 = VERTEX_POINT ( 'NONE', #5027 ) ;
#7236 = VERTEX_POINT ( 'NONE', #11030 ) ;
#7237 = CARTESIAN_POINT ( 'NONE',  ( 0.9000000000000019096, -0.001000000000000000021, 25.22500000000000497 ) ) ;
#7238 =( NAMED_UNIT ( * ) PLANE_ANGLE_UNIT ( ) SI_UNIT ( $, .RADIAN. ) );
#7239 = CARTESIAN_POINT ( 'NONE',  ( -10.49999999999999467, 1.000999999999999890, 22.92500000000001137 ) ) ;
#7240 = MECHANICAL_DESIGN_GEOMETRIC_PRESENTATION_REPRESENTATION (  '', ( #4661 ), #8109 ) ;
#7241 = FACE_OUTER_BOUND ( 'NONE', #13013, .T. ) ;
#7242 = VECTOR ( 'NONE', #3437, 1000.000000000000000 ) ;
#7243 = PLANE ( 'NONE',  #5271 ) ;
#7244 = SURFACE_STYLE_USAGE ( .BOTH. , #1281 ) ;
#7245 = STYLED_ITEM ( 'NONE', ( #11101 ), #3081 ) ;
#7246 = DIRECTION ( 'NONE',  ( 0.0000000000000000000, 0.0000000000000000000, 1.000000000000000000 ) ) ;
#7247 = ORIENTED_EDGE ( 'NONE', *, *, #13328, .T. ) ;
#7248 = CARTESIAN_POINT ( 'NONE',  ( -9.699999999999995737, 1.000999999999999890, 22.92500000000001137 ) ) ;
#7249 = DIRECTION ( 'NONE',  ( 1.240565060293306583E-16, 0.0000000000000000000, 1.000000000000000000 ) ) ;
#7250 =( NAMED_UNIT ( * ) SI_UNIT ( $, .STERADIAN. ) SOLID_ANGLE_UNIT ( ) );
#7251 = CARTESIAN_POINT ( 'NONE',  ( 7.900000000000003908, 1.000000000000000000, 25.22499999999999787 ) ) ;
#7252 = FACE_OUTER_BOUND ( 'NONE', #7096, .T. ) ;
#7253 = EDGE_LOOP ( 'NONE', ( #5499, #8577, #11863, #12547 ) ) ;
#7254 = DIRECTION ( 'NONE',  ( 0.0000000000000000000, 0.0000000000000000000, 1.000000000000000000 ) ) ;
#7255 = VECTOR ( 'NONE', #9690, 1000.000000000000000 ) ;
#7256 = STYLED_ITEM ( 'NONE', ( #1294 ), #2679 ) ;
#7257 = PLANE ( 'NONE',  #10969 ) ;
#7258 =( NAMED_UNIT ( * ) SI_UNIT ( $, .STERADIAN. ) SOLID_ANGLE_UNIT ( ) );
#7259 =( NAMED_UNIT ( * ) PLANE_ANGLE_UNIT ( ) SI_UNIT ( $, .RADIAN. ) );
#7260 =( GEOMETRIC_REPRESENTATION_CONTEXT ( 3 ) GLOBAL_UNCERTAINTY_ASSIGNED_CONTEXT ( ( #71 ) ) GLOBAL_UNIT_ASSIGNED_CONTEXT ( ( #740, #13214, #11126 ) ) REPRESENTATION_CONTEXT ( 'NONE', 'WORKASPACE' ) );
#7261 = ORIENTED_EDGE ( 'NONE', *, *, #4248, .F. ) ;
#7262 = PRESENTATION_LAYER_ASSIGNMENT (  '', '', ( #6407 ) ) ;
#7263 = ORIENTED_EDGE ( 'NONE', *, *, #5945, .T. ) ;
#7264 = FILL_AREA_STYLE ('',( #10248 ) ) ;
#7265 = ORIENTED_EDGE ( 'NONE', *, *, #4313, .F. ) ;
#7266 = CARTESIAN_POINT ( 'NONE',  ( 8.300000000000006040, 0.0000000000000000000, 22.92499999999999716 ) ) ;
#7267 = SURFACE_STYLE_USAGE ( .BOTH. , #3141 ) ;
#7268 = EDGE_CURVE ( 'NONE', #13143, #10199, #6914, .T. ) ;
#7269 = SURFACE_STYLE_FILL_AREA ( #6456 ) ;
#7270 = EDGE_LOOP ( 'NONE', ( #4533, #1237, #8757, #297 ) ) ;
#7271 = SURFACE_STYLE_FILL_AREA ( #2128 ) ;
#7272 =( NAMED_UNIT ( * ) SI_UNIT ( $, .STERADIAN. ) SOLID_ANGLE_UNIT ( ) );
#7273 = DIRECTION ( 'NONE',  ( 0.0000000000000000000, 0.0000000000000000000, -1.000000000000000000 ) ) ;
#7274 = EDGE_CURVE ( 'NONE', #9243, #214, #9951, .T. ) ;
#7275 = SURFACE_STYLE_FILL_AREA ( #10319 ) ;
#7276 = ORIENTED_EDGE ( 'NONE', *, *, #8927, .T. ) ;
#7277 = CARTESIAN_POINT ( 'NONE',  ( -10.49999999999999467, 1.000999999999999890, 25.22500000000001208 ) ) ;
#7278 = CARTESIAN_POINT ( 'NONE',  ( -4.849999999999997868, 3.399999999999999911, 21.27500000000000924 ) ) ;
#7279 = UNCERTAINTY_MEASURE_WITH_UNIT (LENGTH_MEASURE( 1.000000000000000082E-05 ), #3573, 'distance_accuracy_value', 'NONE');
#7280 = SURFACE_SIDE_STYLE ('',( #2264 ) ) ;
#7281 = ORIENTED_EDGE ( 'NONE', *, *, #3622, .T. ) ;
#7282 = FILL_AREA_STYLE ('',( #4389 ) ) ;
#7283 = EDGE_CURVE ( 'NONE', #12953, #8498, #9000, .T. ) ;
#7284 = ORIENTED_EDGE ( 'NONE', *, *, #63, .F. ) ;
#7285 = EDGE_CURVE ( 'NONE', #6303, #689, #1839, .T. ) ;
#7286 = DIRECTION ( 'NONE',  ( -0.0000000000000000000, 1.000000000000000000, -0.0000000000000000000 ) ) ;
#7287 = AXIS2_PLACEMENT_3D ( 'NONE', #6229, #3179, #13278 ) ;
#7288 = EDGE_CURVE ( 'NONE', #12587, #1874, #3943, .T. ) ;
#7289 = VERTEX_POINT ( 'NONE', #6849 ) ;
#7290 = EDGE_CURVE ( 'NONE', #7400, #6132, #13274, .T. ) ;
#7291 = UNCERTAINTY_MEASURE_WITH_UNIT (LENGTH_MEASURE( 1.000000000000000082E-05 ), #8734, 'distance_accuracy_value', 'NONE');
#7292 = EDGE_LOOP ( 'NONE', ( #11189, #5129, #5052, #12318 ) ) ;
#7293 = CARTESIAN_POINT ( 'NONE',  ( 11.30000000000000249, -0.001000000000000000021, 22.92499999999999361 ) ) ;
#7294 = VECTOR ( 'NONE', #7223, 1000.000000000000000 ) ;
#7295 = SURFACE_STYLE_FILL_AREA ( #2278 ) ;
#7296 = DIRECTION ( 'NONE',  ( -1.000000000000000000, 0.0000000000000000000, 0.0000000000000000000 ) ) ;
#7297 = ORIENTED_EDGE ( 'NONE', *, *, #9772, .T. ) ;
#7298 = FACE_OUTER_BOUND ( 'NONE', #2379, .T. ) ;
#7299 = ORIENTED_EDGE ( 'NONE', *, *, #4651, .T. ) ;
#7300 = DIRECTION ( 'NONE',  ( 0.0000000000000000000, 0.0000000000000000000, -1.000000000000000000 ) ) ;
#7301 = VECTOR ( 'NONE', #9731, 1000.000000000000000 ) ;
#7302 = VECTOR ( 'NONE', #3876, 1000.000000000000000 ) ;
#7303 = FILL_AREA_STYLE ('',( #6360 ) ) ;
#7304 = SURFACE_SIDE_STYLE ('',( #3248 ) ) ;
#7305 =( GEOMETRIC_REPRESENTATION_CONTEXT ( 3 ) GLOBAL_UNCERTAINTY_ASSIGNED_CONTEXT ( ( #11475 ) ) GLOBAL_UNIT_ASSIGNED_CONTEXT ( ( #3420, #7742, #7071 ) ) REPRESENTATION_CONTEXT ( 'NONE', 'WORKASPACE' ) );
#7306 = CARTESIAN_POINT ( 'NONE',  ( 10.30000000000000426, 1.000999999999999890, 22.92499999999999716 ) ) ;
#7307 = CARTESIAN_POINT ( 'NONE',  ( 6.499999999999999112, 0.0000000000000000000, 25.22500000000000853 ) ) ;
#7308 = ORIENTED_EDGE ( 'NONE', *, *, #1329, .T. ) ;
#7309 = SURFACE_STYLE_USAGE ( .BOTH. , #8256 ) ;
#7310 = CARTESIAN_POINT ( 'NONE',  ( -15.00000000000000000, 0.7499999999999997780, 25.47500000000000853 ) ) ;
#7311 = DIRECTION ( 'NONE',  ( 0.0000000000000000000, 0.0000000000000000000, 1.000000000000000000 ) ) ;
#7312 = DIRECTION ( 'NONE',  ( 1.000000000000000000, 0.0000000000000000000, 0.0000000000000000000 ) ) ;
#7313 = FILL_AREA_STYLE_COLOUR ( '', #408 ) ;
#7314 = EDGE_LOOP ( 'NONE', ( #6320, #11920, #6457, #4409 ) ) ;
#7315 = CARTESIAN_POINT ( 'NONE',  ( -0.09999999999999592548, 1.000000000000000000, 25.22500000000000853 ) ) ;
#7316 = EDGE_CURVE ( 'NONE', #6673, #5649, #2930, .T. ) ;
#7317 = FACE_OUTER_BOUND ( 'NONE', #12799, .T. ) ;
#7318 =( LENGTH_UNIT ( ) NAMED_UNIT ( * ) SI_UNIT ( .MILLI., .METRE. ) );
#7319 =( NAMED_UNIT ( * ) SI_UNIT ( $, .STERADIAN. ) SOLID_ANGLE_UNIT ( ) );
#7320 = EDGE_LOOP ( 'NONE', ( #6356, #6652, #3374, #2906 ) ) ;
#7321 =( LENGTH_UNIT ( ) NAMED_UNIT ( * ) SI_UNIT ( .MILLI., .METRE. ) );
#7322 = CARTESIAN_POINT ( 'NONE',  ( -15.00000000000000000, 0.0000000000000000000, 25.22500000000000853 ) ) ;
#7323 = ORIENTED_EDGE ( 'NONE', *, *, #5638, .F. ) ;
#7324 = CARTESIAN_POINT ( 'NONE',  ( -2.849999999999996980, 1.000000000000000000, 22.27500000000000568 ) ) ;
#7325 = DIRECTION ( 'NONE',  ( 0.0000000000000000000, 0.0000000000000000000, -1.000000000000000000 ) ) ;
#7326 = AXIS2_PLACEMENT_3D ( 'NONE', #9573, #7417, #1402 ) ;
#7327 = CARTESIAN_POINT ( 'NONE',  ( 3.100000000000003197, 1.000999999999999890, 22.92500000000000071 ) ) ;
#7328 = ORIENTED_EDGE ( 'NONE', *, *, #7986, .T. ) ;
#7329 = DIRECTION ( 'NONE',  ( -0.0000000000000000000, 1.000000000000000000, -0.0000000000000000000 ) ) ;
#7330 = DIRECTION ( 'NONE',  ( -9.427844978134821433E-17, -0.0000000000000000000, 1.000000000000000000 ) ) ;
#7331 = SURFACE_SIDE_STYLE ('',( #7269 ) ) ;
#7332 = VERTEX_POINT ( 'NONE', #4891 ) ;
#7333 = COLOUR_RGB ( '',1.000000000000000000, 1.000000000000000000, 0.0000000000000000000 ) ;
#7334 = PRESENTATION_LAYER_ASSIGNMENT (  '', '', ( #1741 ) ) ;
#7335 = PRESENTATION_LAYER_ASSIGNMENT (  '', '', ( #176 ) ) ;
#7336 = DIRECTION ( 'NONE',  ( -9.427844978134821433E-17, -0.0000000000000000000, -1.000000000000000000 ) ) ;
#7337 = SURFACE_SIDE_STYLE ('',( #5518 ) ) ;
#7338 =( NAMED_UNIT ( * ) PLANE_ANGLE_UNIT ( ) SI_UNIT ( $, .RADIAN. ) );
#7339 = CARTESIAN_POINT ( 'NONE',  ( 10.70000000000000107, 0.0000000000000000000, 25.22499999999999432 ) ) ;
#7340 = ORIENTED_EDGE ( 'NONE', *, *, #4232, .F. ) ;
#7341 = PLANE ( 'NONE',  #9370 ) ;
#7342 = CARTESIAN_POINT ( 'NONE',  ( -8.499999999999998224, -0.001000000000000378407, 25.22500000000001208 ) ) ;
#7343 = ORIENTED_EDGE ( 'NONE', *, *, #10373, .T. ) ;
#7344 = PRESENTATION_LAYER_ASSIGNMENT (  '', '', ( #11448 ) ) ;
#7345 = PLANE ( 'NONE',  #5014 ) ;
#7346 =( GEOMETRIC_REPRESENTATION_CONTEXT ( 3 ) GLOBAL_UNCERTAINTY_ASSIGNED_CONTEXT ( ( #9068 ) ) GLOBAL_UNIT_ASSIGNED_CONTEXT ( ( #5496, #6237, #4223 ) ) REPRESENTATION_CONTEXT ( 'NONE', 'WORKASPACE' ) );
#7347 = EDGE_LOOP ( 'NONE', ( #6597, #5095, #2815, #1263 ) ) ;
#7348 = EDGE_CURVE ( 'NONE', #2893, #5645, #12184, .T. ) ;
#7349 = PRESENTATION_LAYER_ASSIGNMENT (  '', '', ( #11459 ) ) ;
#7350 = MECHANICAL_DESIGN_GEOMETRIC_PRESENTATION_REPRESENTATION (  '', ( #12994 ), #1311 ) ;
#7351 = ADVANCED_FACE ( 'NONE', ( #7860 ), #1904, .F. ) ;
#7352 = ORIENTED_EDGE ( 'NONE', *, *, #6888, .T. ) ;
#7353 = EDGE_CURVE ( 'NONE', #7956, #8060, #1774, .T. ) ;
#7354 =( NAMED_UNIT ( * ) SI_UNIT ( $, .STERADIAN. ) SOLID_ANGLE_UNIT ( ) );
#7355 = EDGE_LOOP ( 'NONE', ( #4124, #197, #7105, #12438 ) ) ;
#7356 = CARTESIAN_POINT ( 'NONE',  ( -10.09999999999999787, -6.308085367188387283E-16, 25.22500000000001208 ) ) ;
#7357 = LINE ( 'NONE', #8372, #13306 ) ;
#7358 = CARTESIAN_POINT ( 'NONE',  ( 10.90000000000000391, 1.000999999999999890, 22.92499999999999716 ) ) ;
#7359 = VECTOR ( 'NONE', #1444, 1000.000000000000000 ) ;
#7360 = VERTEX_POINT ( 'NONE', #11174 ) ;
#7361 = ORIENTED_EDGE ( 'NONE', *, *, #2355, .F. ) ;
#7362 = FACE_OUTER_BOUND ( 'NONE', #9307, .T. ) ;
#7363 = STYLED_ITEM ( 'NONE', ( #8006 ), #3723 ) ;
#7364 = VECTOR ( 'NONE', #556, 1000.000000000000000 ) ;
#7365 = EDGE_CURVE ( 'NONE', #12573, #6673, #6035, .T. ) ;
#7366 = EDGE_CURVE ( 'NONE', #4966, #10386, #1138, .T. ) ;
#7367 = MECHANICAL_DESIGN_GEOMETRIC_PRESENTATION_REPRESENTATION (  '', ( #9527 ), #6948 ) ;
#7368 = SURFACE_STYLE_USAGE ( .BOTH. , #2290 ) ;
#7369 = ORIENTED_EDGE ( 'NONE', *, *, #10495, .F. ) ;
#7370 = EDGE_CURVE ( 'NONE', #4606, #9464, #4068, .T. ) ;
#7371 = DIRECTION ( 'NONE',  ( 1.000000000000000000, 0.0000000000000000000, 0.0000000000000000000 ) ) ;
#7372 = EDGE_CURVE ( 'NONE', #12136, #10355, #10288, .T. ) ;
#7373 = DIRECTION ( 'NONE',  ( -3.771137991253928573E-16, -0.0000000000000000000, 1.000000000000000000 ) ) ;
#7374 = VECTOR ( 'NONE', #9884, 1000.000000000000000 ) ;
#7375 = FACE_OUTER_BOUND ( 'NONE', #4962, .T. ) ;
#7376 = CARTESIAN_POINT ( 'NONE',  ( 5.100000000000002309, -0.001000000000000000021, 22.92500000000000071 ) ) ;
#7377 = ORIENTED_EDGE ( 'NONE', *, *, #8133, .F. ) ;
#7378 = DIRECTION ( 'NONE',  ( 1.000000000000000000, 0.0000000000000000000, 1.885568995626964287E-16 ) ) ;
#7379 = CARTESIAN_POINT ( 'NONE',  ( 12.84999999999999964, 0.0000000000000000000, 25.47500000000000853 ) ) ;
#7380 = DIRECTION ( 'NONE',  ( -3.771137991253928573E-16, -0.0000000000000000000, 1.000000000000000000 ) ) ;
#7381 = LINE ( 'NONE', #1286, #3289 ) ;
#7382 = FILL_AREA_STYLE_COLOUR ( '', #6268 ) ;
#7383 = ORIENTED_EDGE ( 'NONE', *, *, #11760, .T. ) ;
#7384 = SURFACE_STYLE_USAGE ( .BOTH. , #6432 ) ;
#7385 = PRESENTATION_LAYER_ASSIGNMENT (  '', '', ( #1343 ) ) ;
#7386 = CARTESIAN_POINT ( 'NONE',  ( 1.100000000000001643, -0.001000000000000000021, 25.22500000000000497 ) ) ;
#7387 = COLOUR_RGB ( '',1.000000000000000000, 1.000000000000000000, 0.0000000000000000000 ) ;
#7388 = LINE ( 'NONE', #10562, #5566 ) ;
#7389 = COLOUR_RGB ( '',1.000000000000000000, 1.000000000000000000, 0.0000000000000000000 ) ;
#7390 =( NAMED_UNIT ( * ) SI_UNIT ( $, .STERADIAN. ) SOLID_ANGLE_UNIT ( ) );
#7391 =( NAMED_UNIT ( * ) PLANE_ANGLE_UNIT ( ) SI_UNIT ( $, .RADIAN. ) );
#7392 = DIRECTION ( 'NONE',  ( -0.0000000000000000000, -1.000000000000000000, -0.0000000000000000000 ) ) ;
#7393 = ORIENTED_EDGE ( 'NONE', *, *, #11015, .T. ) ;
#7394 = CARTESIAN_POINT ( 'NONE',  ( -4.599999999999995204, 0.0000000000000000000, 22.22500000000001208 ) ) ;
#7395 = VERTEX_POINT ( 'NONE', #8307 ) ;
#7396 = SURFACE_STYLE_FILL_AREA ( #5244 ) ;
#7397 = LINE ( 'NONE', #5443, #853 ) ;
#7398 = VECTOR ( 'NONE', #9230, 1000.000000000000000 ) ;
#7399 = CARTESIAN_POINT ( 'NONE',  ( -2.099999999999998757, -0.001000000000000000021, 25.22500000000000853 ) ) ;
#7400 = VERTEX_POINT ( 'NONE', #11364 ) ;
#7401 = FACE_OUTER_BOUND ( 'NONE', #2522, .T. ) ;
#7402 = SURFACE_SIDE_STYLE ('',( #8110 ) ) ;
#7403 = SURFACE_STYLE_FILL_AREA ( #3206 ) ;
#7404 = AXIS2_PLACEMENT_3D ( 'NONE', #12039, #2566, #12932 ) ;
#7405 = SURFACE_STYLE_USAGE ( .BOTH. , #2126 ) ;
#7406 = EDGE_LOOP ( 'NONE', ( #7495, #12121, #3579, #9116 ) ) ;
#7407 =( NAMED_UNIT ( * ) PLANE_ANGLE_UNIT ( ) SI_UNIT ( $, .RADIAN. ) );
#7408 = VECTOR ( 'NONE', #8291, 1000.000000000000000 ) ;
#7409 = VECTOR ( 'NONE', #4296, 1000.000000000000000 ) ;
#7410 = FILL_AREA_STYLE_COLOUR ( '', #2542 ) ;
#7411 = DIRECTION ( 'NONE',  ( -1.000000000000000000, -0.0000000000000000000, -0.0000000000000000000 ) ) ;
#7412 = UNCERTAINTY_MEASURE_WITH_UNIT (LENGTH_MEASURE( 1.000000000000000082E-05 ), #12492, 'distance_accuracy_value', 'NONE');
#7413 = ORIENTED_EDGE ( 'NONE', *, *, #3656, .F. ) ;
#7414 = SURFACE_STYLE_FILL_AREA ( #12417 ) ;
#7415 = STYLED_ITEM ( 'NONE', ( #10467 ), #8119 ) ;
#7416 = CARTESIAN_POINT ( 'NONE',  ( 9.900000000000002132, -0.001000000000000000021, 25.22499999999999787 ) ) ;
#7417 = DIRECTION ( 'NONE',  ( 0.0000000000000000000, -1.000000000000000000, 0.0000000000000000000 ) ) ;
#7418 = FACE_OUTER_BOUND ( 'NONE', #3152, .T. ) ;
#7419 = ORIENTED_EDGE ( 'NONE', *, *, #3220, .T. ) ;
#7420 = STYLED_ITEM ( 'NONE', ( #11538 ), #6887 ) ;
#7421 = DIRECTION ( 'NONE',  ( -0.0000000000000000000, -1.000000000000000000, -0.0000000000000000000 ) ) ;
#7422 = COLOUR_RGB ( '',1.000000000000000000, 1.000000000000000000, 0.0000000000000000000 ) ;
#7423 = ORIENTED_EDGE ( 'NONE', *, *, #1821, .T. ) ;
#7424 = SURFACE_SIDE_STYLE ('',( #11558 ) ) ;
#7425 = PRESENTATION_LAYER_ASSIGNMENT (  '', '', ( #13268 ) ) ;
#7426 = STYLED_ITEM ( 'NONE', ( #2793 ), #5397 ) ;
#7427 = FILL_AREA_STYLE ('',( #2272 ) ) ;
#7428 = VECTOR ( 'NONE', #6717, 1000.000000000000000 ) ;
#7429 = VERTEX_POINT ( 'NONE', #12439 ) ;
#7430 = VECTOR ( 'NONE', #3181, 1000.000000000000000 ) ;
#7431 = PLANE ( 'NONE',  #4005 ) ;
#7432 = UNCERTAINTY_MEASURE_WITH_UNIT (LENGTH_MEASURE( 1.000000000000000082E-05 ), #5440, 'distance_accuracy_value', 'NONE');
#7433 = ORIENTED_EDGE ( 'NONE', *, *, #1092, .F. ) ;
#7434 = DIRECTION ( 'NONE',  ( 1.000000000000000000, 0.0000000000000000000, 0.0000000000000000000 ) ) ;
#7436 = ADVANCED_FACE ( 'NONE', ( #5350 ), #12499, .F. ) ;
#7435 = CARTESIAN_POINT ( 'NONE',  ( -10.89999999999999858, -0.001000000000000757011, 22.92500000000001137 ) ) ;
#7437 = DIRECTION ( 'NONE',  ( 1.000000000000000000, 0.0000000000000000000, 0.0000000000000000000 ) ) ;
#7438 = ORIENTED_EDGE ( 'NONE', *, *, #5663, .T. ) ;
#7439 = CARTESIAN_POINT ( 'NONE',  ( 3.100000000000005418, 1.000000000000000000, 25.22500000000000853 ) ) ;
#7440 = VERTEX_POINT ( 'NONE', #96 ) ;
#7441 =( NAMED_UNIT ( * ) PLANE_ANGLE_UNIT ( ) SI_UNIT ( $, .RADIAN. ) );
#7442 = AXIS2_PLACEMENT_3D ( 'NONE', #6968, #10957, #12931 ) ;
#7443 = VECTOR ( 'NONE', #13227, 1000.000000000000000 ) ;
#7444 = EDGE_CURVE ( 'NONE', #12498, #1123, #13340, .T. ) ;
#7445 = CARTESIAN_POINT ( 'NONE',  ( 5.900000000000001243, 0.0000000000000000000, 25.22500000000000142 ) ) ;
#7446 = ORIENTED_EDGE ( 'NONE', *, *, #11401, .T. ) ;
#7447 = FILL_AREA_STYLE ('',( #10412 ) ) ;
#7448 = MECHANICAL_DESIGN_GEOMETRIC_PRESENTATION_REPRESENTATION (  '', ( #8099 ), #9812 ) ;
#7449 = ADVANCED_FACE ( 'NONE', ( #7362 ), #4133, .F. ) ;
#7450 = PRESENTATION_LAYER_ASSIGNMENT (  '', '', ( #4652 ) ) ;
#7451 = DIRECTION ( 'NONE',  ( 9.427844978134821433E-17, 0.0000000000000000000, 1.000000000000000000 ) ) ;
#7452 = UNCERTAINTY_MEASURE_WITH_UNIT (LENGTH_MEASURE( 1.000000000000000082E-05 ), #8777, 'distance_accuracy_value', 'NONE');
#7453 = DIRECTION ( 'NONE',  ( -0.0000000000000000000, -1.000000000000000000, -0.0000000000000000000 ) ) ;
#7454 = ORIENTED_EDGE ( 'NONE', *, *, #3572, .F. ) ;
#7455 = FILL_AREA_STYLE ('',( #3396 ) ) ;
#7456 = SURFACE_STYLE_FILL_AREA ( #10420 ) ;
#7457 = CARTESIAN_POINT ( 'NONE',  ( -12.84999999999999964, 1.000000000000000000, 25.47500000000001208 ) ) ;
#7458 = CARTESIAN_POINT ( 'NONE',  ( -2.499999999999996447, 1.000999999999999890, 22.92500000000000782 ) ) ;
#7459 = ORIENTED_EDGE ( 'NONE', *, *, #3702, .F. ) ;
#7460 =( LENGTH_UNIT ( ) NAMED_UNIT ( * ) SI_UNIT ( .MILLI., .METRE. ) );
#7461 = EDGE_CURVE ( 'NONE', #10089, #3288, #13405, .T. ) ;
#7462 = EDGE_CURVE ( 'NONE', #2981, #1629, #8243, .T. ) ;
#7463 = AXIS2_PLACEMENT_3D ( 'NONE', #18, #5344, #8437 ) ;
#7464 = CARTESIAN_POINT ( 'NONE',  ( 8.500000000000003553, 1.000999999999999890, 22.92499999999999716 ) ) ;
#7465 = DIRECTION ( 'NONE',  ( -1.000000000000000000, -0.0000000000000000000, -0.0000000000000000000 ) ) ;
#7466 = SURFACE_STYLE_USAGE ( .BOTH. , #12596 ) ;
#7467 = EDGE_LOOP ( 'NONE', ( #2413, #3667, #5365, #6348 ) ) ;
#7469 = EDGE_CURVE ( 'NONE', #7665, #10577, #159, .T. ) ;
#7468 = DIRECTION ( 'NONE',  ( -1.000000000000000000, 0.0000000000000000000, 9.427844978134821433E-17 ) ) ;
#7470 = VERTEX_POINT ( 'NONE', #6226 ) ;
#7471 = DIRECTION ( 'NONE',  ( -3.771137991253928573E-16, 0.0000000000000000000, 1.000000000000000000 ) ) ;
#7472 = DIRECTION ( 'NONE',  ( -1.000000000000000000, -0.0000000000000000000, -0.0000000000000000000 ) ) ;
#7473 = VECTOR ( 'NONE', #9302, 1000.000000000000000 ) ;
#7474 = EDGE_LOOP ( 'NONE', ( #9221, #7701, #3272, #6031 ) ) ;
#7475 = SURFACE_STYLE_FILL_AREA ( #4242 ) ;
#7476 = FACE_OUTER_BOUND ( 'NONE', #2663, .T. ) ;
#7477 = FACE_OUTER_BOUND ( 'NONE', #7355, .T. ) ;
#7478 = VECTOR ( 'NONE', #2682, 1000.000000000000000 ) ;
#7479 = CARTESIAN_POINT ( 'NONE',  ( 6.100000000000004086, 1.000999999999999890, 25.22500000000000142 ) ) ;
#7480 = VERTEX_POINT ( 'NONE', #10342 ) ;
#7481 = SURFACE_SIDE_STYLE ('',( #9562 ) ) ;
#7482 = PRESENTATION_LAYER_ASSIGNMENT (  '', '', ( #11591 ) ) ;
#7483 = VECTOR ( 'NONE', #6844, 1000.000000000000000 ) ;
#7484 = LINE ( 'NONE', #477, #10207 ) ;
#7485 = VECTOR ( 'NONE', #181, 1000.000000000000000 ) ;
#7486 = LINE ( 'NONE', #4379, #5498 ) ;
#7487 = ORIENTED_EDGE ( 'NONE', *, *, #4493, .T. ) ;
#7488 = FILL_AREA_STYLE ('',( #6789 ) ) ;
#7489 = FILL_AREA_STYLE ('',( #7619 ) ) ;
#7490 = VERTEX_POINT ( 'NONE', #5212 ) ;
#7491 = PRESENTATION_LAYER_ASSIGNMENT (  '', '', ( #10948 ) ) ;
#7492 = ORIENTED_EDGE ( 'NONE', *, *, #3246, .T. ) ;
#7493 = CARTESIAN_POINT ( 'NONE',  ( 7.500000000000002665, -0.001000000000000000021, 25.22499999999999787 ) ) ;
#7494 = DIRECTION ( 'NONE',  ( 0.0000000000000000000, 0.0000000000000000000, -1.000000000000000000 ) ) ;
#7495 = ORIENTED_EDGE ( 'NONE', *, *, #13347, .T. ) ;
#7496 = VECTOR ( 'NONE', #12214, 1000.000000000000000 ) ;
#7497 = ORIENTED_EDGE ( 'NONE', *, *, #12903, .F. ) ;
#7498 = DIRECTION ( 'NONE',  ( 0.0000000000000000000, -1.000000000000000000, -0.0000000000000000000 ) ) ;
#7499 = CARTESIAN_POINT ( 'NONE',  ( -10.09999999999999787, -0.001000000000000630810, 25.22500000000001208 ) ) ;
#7500 = VERTEX_POINT ( 'NONE', #9324 ) ;
#7501 = PLANE ( 'NONE',  #7585 ) ;
#7502 = SURFACE_STYLE_USAGE ( .BOTH. , #11496 ) ;
#7503 = ORIENTED_EDGE ( 'NONE', *, *, #11411, .T. ) ;
#7504 = CARTESIAN_POINT ( 'NONE',  ( -1.099999999999996758, 1.000999999999999890, 22.92500000000000782 ) ) ;
#7505 = SURFACE_SIDE_STYLE ('',( #10610 ) ) ;
#7506 = PLANE ( 'NONE',  #10627 ) ;
#7507 = VECTOR ( 'NONE', #6896, 1000.000000000000000 ) ;
#7508 = ORIENTED_EDGE ( 'NONE', *, *, #4807, .T. ) ;
#7509 = LINE ( 'NONE', #8314, #1409 ) ;
#7510 = LINE ( 'NONE', #2364, #3366 ) ;
#7511 = EDGE_CURVE ( 'NONE', #4321, #7555, #8187, .T. ) ;
#7512 = ORIENTED_EDGE ( 'NONE', *, *, #6372, .T. ) ;
#7513 =( GEOMETRIC_REPRESENTATION_CONTEXT ( 3 ) GLOBAL_UNCERTAINTY_ASSIGNED_CONTEXT ( ( #7984 ) ) GLOBAL_UNIT_ASSIGNED_CONTEXT ( ( #5616, #10885, #5833 ) ) REPRESENTATION_CONTEXT ( 'NONE', 'WORKASPACE' ) );
#7514 = SURFACE_STYLE_USAGE ( .BOTH. , #9467 ) ;
#7515 = LINE ( 'NONE', #7457, #9131 ) ;
#7516 = FACE_OUTER_BOUND ( 'NONE', #6418, .T. ) ;
#7517 = ORIENTED_EDGE ( 'NONE', *, *, #8698, .F. ) ;
#7518 = SURFACE_STYLE_USAGE ( .BOTH. , #5367 ) ;
#7519 = VECTOR ( 'NONE', #362, 1000.000000000000000 ) ;
#7520 = ADVANCED_FACE ( 'NONE', ( #5096 ), #24, .F. ) ;
#7521 = VECTOR ( 'NONE', #6753, 1000.000000000000000 ) ;
#7522 = DIRECTION ( 'NONE',  ( 1.000000000000000000, 0.0000000000000000000, 0.0000000000000000000 ) ) ;
#7523 =( GEOMETRIC_REPRESENTATION_CONTEXT ( 3 ) GLOBAL_UNCERTAINTY_ASSIGNED_CONTEXT ( ( #1067 ) ) GLOBAL_UNIT_ASSIGNED_CONTEXT ( ( #2732, #6918, #7795 ) ) REPRESENTATION_CONTEXT ( 'NONE', 'WORKASPACE' ) );
#7524 = PLANE ( 'NONE',  #13375 ) ;
#7525 = SURFACE_STYLE_FILL_AREA ( #3405 ) ;
#7526 = ORIENTED_EDGE ( 'NONE', *, *, #10242, .F. ) ;
#7527 = DIRECTION ( 'NONE',  ( 1.000000000000000000, 0.0000000000000000000, 0.0000000000000000000 ) ) ;
#7528 = EDGE_CURVE ( 'NONE', #7018, #9656, #231, .T. ) ;
#7529 = ADVANCED_FACE ( 'NONE', ( #8780 ), #7636, .F. ) ;
#7530 = PLANE ( 'NONE',  #5923 ) ;
#7531 = ORIENTED_EDGE ( 'NONE', *, *, #8117, .T. ) ;
#7532 = DIRECTION ( 'NONE',  ( 1.000000000000000000, 0.0000000000000000000, -1.299418334065024133E-16 ) ) ;
#7533 = LINE ( 'NONE', #1168, #3505 ) ;
#7534 = EDGE_CURVE ( 'NONE', #4305, #1571, #5612, .T. ) ;
#7535 =( NAMED_UNIT ( * ) SI_UNIT ( $, .STERADIAN. ) SOLID_ANGLE_UNIT ( ) );
#7536 = SURFACE_STYLE_USAGE ( .BOTH. , #121 ) ;
#7537 = VERTEX_POINT ( 'NONE', #7504 ) ;
#7539 = STYLED_ITEM ( 'NONE', ( #5117 ), #69 ) ;
#7538 =( NAMED_UNIT ( * ) PLANE_ANGLE_UNIT ( ) SI_UNIT ( $, .RADIAN. ) );
#7540 = FACE_OUTER_BOUND ( 'NONE', #12358, .T. ) ;
#7541 = DIRECTION ( 'NONE',  ( 0.0000000000000000000, 0.0000000000000000000, -1.000000000000000000 ) ) ;
#7542 = ADVANCED_FACE ( 'NONE', ( #11637 ), #4476, .F. ) ;
#7543 = ADVANCED_FACE ( 'NONE', ( #5895 ), #10312, .F. ) ;
#7544 = MECHANICAL_DESIGN_GEOMETRIC_PRESENTATION_REPRESENTATION (  '', ( #11219 ), #6247 ) ;
#7545 = CARTESIAN_POINT ( 'NONE',  ( 5.900000000000002132, -0.001000000000000000021, 22.92500000000000071 ) ) ;
#7546 = DIRECTION ( 'NONE',  ( 0.0000000000000000000, -1.000000000000000000, 0.0000000000000000000 ) ) ;
#7547 = ADVANCED_FACE ( 'NONE', ( #12094 ), #6195, .F. ) ;
#7548 = CARTESIAN_POINT ( 'NONE',  ( -2.099999999999998312, 0.0000000000000000000, 22.92500000000000782 ) ) ;
#7549 = UNCERTAINTY_MEASURE_WITH_UNIT (LENGTH_MEASURE( 1.000000000000000082E-05 ), #6716, 'distance_accuracy_value', 'NONE');
#7550 = EDGE_CURVE ( 'NONE', #12953, #13321, #8986, .T. ) ;
#7551 = ORIENTED_EDGE ( 'NONE', *, *, #6888, .F. ) ;
#7552 = CARTESIAN_POINT ( 'NONE',  ( -1.899999999999996803, 1.000000000000000000, 22.92500000000000782 ) ) ;
#7553 = DIRECTION ( 'NONE',  ( 0.0000000000000000000, -0.0000000000000000000, -1.000000000000000000 ) ) ;
#7554 = LINE ( 'NONE', #11685, #12745 ) ;
#7555 = VERTEX_POINT ( 'NONE', #3632 ) ;
#7556 = DIRECTION ( 'NONE',  ( -9.427844978134821433E-17, -0.0000000000000000000, 1.000000000000000000 ) ) ;
#7557 = MECHANICAL_DESIGN_GEOMETRIC_PRESENTATION_REPRESENTATION (  '', ( #3025 ), #385 ) ;
#7558 = VECTOR ( 'NONE', #13057, 1000.000000000000000 ) ;
#7559 = DIRECTION ( 'NONE',  ( -0.0000000000000000000, -1.000000000000000000, -0.0000000000000000000 ) ) ;
#7560 = EDGE_LOOP ( 'NONE', ( #6111, #4662, #8955, #426 ) ) ;
#7561 = SURFACE_STYLE_USAGE ( .BOTH. , #11627 ) ;
#7562 = UNCERTAINTY_MEASURE_WITH_UNIT (LENGTH_MEASURE( 1.000000000000000082E-05 ), #5333, 'distance_accuracy_value', 'NONE');
#7563 = COLOUR_RGB ( '',1.000000000000000000, 1.000000000000000000, 0.0000000000000000000 ) ;
#7564 = ORIENTED_EDGE ( 'NONE', *, *, #562, .F. ) ;
#7565 = SURFACE_STYLE_USAGE ( .BOTH. , #290 ) ;
#7566 = DIRECTION ( 'NONE',  ( -1.000000000000000000, 0.0000000000000000000, 0.0000000000000000000 ) ) ;
#7567 = AXIS2_PLACEMENT_3D ( 'NONE', #2451, #6582, #1448 ) ;
#7568 =( NAMED_UNIT ( * ) SI_UNIT ( $, .STERADIAN. ) SOLID_ANGLE_UNIT ( ) );
#7569 = VERTEX_POINT ( 'NONE', #7768 ) ;
#7570 = PLANE ( 'NONE',  #4135 ) ;
#7571 = PRODUCT_RELATED_PRODUCT_CATEGORY ( 'part', '', ( #5738 ) ) ;
#7572 = SURFACE_STYLE_USAGE ( .BOTH. , #5610 ) ;
#7573 = ORIENTED_EDGE ( 'NONE', *, *, #2848, .F. ) ;
#7574 = SURFACE_STYLE_USAGE ( .BOTH. , #12568 ) ;
#7575 = VECTOR ( 'NONE', #6689, 1000.000000000000000 ) ;
#7576 =( LENGTH_UNIT ( ) NAMED_UNIT ( * ) SI_UNIT ( .MILLI., .METRE. ) );
#7577 = ORIENTED_EDGE ( 'NONE', *, *, #563, .F. ) ;
#7578 = LINE ( 'NONE', #6563, #8690 ) ;
#7579 = PLANE ( 'NONE',  #981 ) ;
#7580 = UNCERTAINTY_MEASURE_WITH_UNIT (LENGTH_MEASURE( 1.000000000000000082E-05 ), #1852, 'distance_accuracy_value', 'NONE');
#7581 = ORIENTED_EDGE ( 'NONE', *, *, #4807, .F. ) ;
#7582 = AXIS2_PLACEMENT_3D ( 'NONE', #25, #2159, #97 ) ;
#7583 = CARTESIAN_POINT ( 'NONE',  ( -0.8999999999999964695, 1.000999999999999890, 22.92500000000000782 ) ) ;
#7584 = CARTESIAN_POINT ( 'NONE',  ( 5.500000000000003553, 1.000999999999999890, 22.92500000000000071 ) ) ;
#7585 = AXIS2_PLACEMENT_3D ( 'NONE', #1136, #4407, #12560 ) ;
#7586 = PLANE ( 'NONE',  #9571 ) ;
#7587 = ORIENTED_EDGE ( 'NONE', *, *, #13179, .T. ) ;
#7588 = LINE ( 'NONE', #6500, #5300 ) ;
#7589 = FILL_AREA_STYLE ('',( #249 ) ) ;
#7590 = STYLED_ITEM ( 'NONE', ( #5989 ), #4244 ) ;
#7591 = FACE_OUTER_BOUND ( 'NONE', #10144, .T. ) ;
#7592 =( GEOMETRIC_REPRESENTATION_CONTEXT ( 3 ) GLOBAL_UNCERTAINTY_ASSIGNED_CONTEXT ( ( #5703 ) ) GLOBAL_UNIT_ASSIGNED_CONTEXT ( ( #2437, #6631, #6690 ) ) REPRESENTATION_CONTEXT ( 'NONE', 'WORKASPACE' ) );
#7593 = SURFACE_STYLE_FILL_AREA ( #12733 ) ;
#7594 = FACE_OUTER_BOUND ( 'NONE', #765, .T. ) ;
#7595 = VERTEX_POINT ( 'NONE', #6748 ) ;
#7596 =( LENGTH_UNIT ( ) NAMED_UNIT ( * ) SI_UNIT ( .MILLI., .METRE. ) );
#7597 = FILL_AREA_STYLE ('',( #9623 ) ) ;
#7598 = PRESENTATION_STYLE_ASSIGNMENT (( #6786 ) ) ;
#7599 = ORIENTED_EDGE ( 'NONE', *, *, #12995, .F. ) ;
#7600 = CARTESIAN_POINT ( 'NONE',  ( -12.09999999999999609, 1.000000000000000000, 25.22500000000001208 ) ) ;
#7601 = PLANE ( 'NONE',  #10410 ) ;
#7602 = EDGE_CURVE ( 'NONE', #5625, #12402, #10880, .T. ) ;
#7603 = VERTEX_POINT ( 'NONE', #9559 ) ;
#7604 = CARTESIAN_POINT ( 'NONE',  ( -8.099999999999996092, 1.000999999999999890, 22.92500000000001137 ) ) ;
#7605 = FACE_OUTER_BOUND ( 'NONE', #2072, .T. ) ;
#7606 = DIRECTION ( 'NONE',  ( 0.0000000000000000000, 1.000000000000000000, 0.0000000000000000000 ) ) ;
#7607 = ORIENTED_EDGE ( 'NONE', *, *, #2668, .T. ) ;
#7608 = EDGE_CURVE ( 'NONE', #7727, #6725, #11611, .T. ) ;
#7609 = EDGE_CURVE ( 'NONE', #6499, #7187, #13442, .T. ) ;
#7610 = DIRECTION ( 'NONE',  ( -1.000000000000000000, -0.0000000000000000000, -0.0000000000000000000 ) ) ;
#7611 = CARTESIAN_POINT ( 'NONE',  ( 9.199999999999999289, 1.000000000000000000, -25.47499999999999432 ) ) ;
#7612 =( NAMED_UNIT ( * ) PLANE_ANGLE_UNIT ( ) SI_UNIT ( $, .RADIAN. ) );
#7613 = COLOUR_RGB ( '',1.000000000000000000, 1.000000000000000000, 0.0000000000000000000 ) ;
#7614 = LINE ( 'NONE', #1317, #12194 ) ;
#7615 = STYLED_ITEM ( 'NONE', ( #6029 ), #11936 ) ;
#7616 = ORIENTED_EDGE ( 'NONE', *, *, #320, .F. ) ;
#7617 = SURFACE_STYLE_USAGE ( .BOTH. , #9841 ) ;
#7618 = EDGE_CURVE ( 'NONE', #10523, #12937, #1109, .T. ) ;
#7619 = FILL_AREA_STYLE_COLOUR ( '', #10364 ) ;
#7620 = CARTESIAN_POINT ( 'NONE',  ( 4.100000000000002309, -0.001000000000000000021, 22.92500000000000071 ) ) ;
#7621 = ORIENTED_EDGE ( 'NONE', *, *, #1674, .T. ) ;
#7622 =( NAMED_UNIT ( * ) PLANE_ANGLE_UNIT ( ) SI_UNIT ( $, .RADIAN. ) );
#7623 = MECHANICAL_DESIGN_GEOMETRIC_PRESENTATION_REPRESENTATION (  '', ( #1133 ), #3726 ) ;
#7624 = ADVANCED_FACE ( 'NONE', ( #10376 ), #4373, .F. ) ;
#7625 = STYLED_ITEM ( 'NONE', ( #4003 ), #7889 ) ;
#7626 = LINE ( 'NONE', #11486, #2254 ) ;
#7627 = PRESENTATION_LAYER_ASSIGNMENT (  '', '', ( #6120 ) ) ;
#7628 = ORIENTED_EDGE ( 'NONE', *, *, #8351, .T. ) ;
#7629 = SURFACE_STYLE_FILL_AREA ( #9592 ) ;
#7630 = ADVANCED_FACE ( 'NONE', ( #7477 ), #1246, .F. ) ;
#7631 = VECTOR ( 'NONE', #5786, 1000.000000000000000 ) ;
#7632 = SURFACE_SIDE_STYLE ('',( #4666 ) ) ;
#7633 = ORIENTED_EDGE ( 'NONE', *, *, #7602, .F. ) ;
#7634 = FACE_OUTER_BOUND ( 'NONE', #13365, .T. ) ;
#7635 = ORIENTED_EDGE ( 'NONE', *, *, #7372, .F. ) ;
#7636 = PLANE ( 'NONE',  #7676 ) ;
#7637 = VECTOR ( 'NONE', #5603, 1000.000000000000000 ) ;
#7638 = VECTOR ( 'NONE', #1074, 1000.000000000000000 ) ;
#7639 = FILL_AREA_STYLE_COLOUR ( '', #6103 ) ;
#7640 = LINE ( 'NONE', #11776, #12959 ) ;
#7641 = COLOUR_RGB ( '',1.000000000000000000, 1.000000000000000000, 0.0000000000000000000 ) ;
#7642 = VECTOR ( 'NONE', #1763, 1000.000000000000000 ) ;
#7643 = SURFACE_STYLE_USAGE ( .BOTH. , #3511 ) ;
#7644 = EDGE_LOOP ( 'NONE', ( #12704, #11125, #11726, #9210 ) ) ;
#7645 = SURFACE_STYLE_USAGE ( .BOTH. , #12863 ) ;
#7646 = VECTOR ( 'NONE', #482, 1000.000000000000000 ) ;
#7647 = LINE ( 'NONE', #8719, #243 ) ;
#7648 = COLOUR_RGB ( '',1.000000000000000000, 1.000000000000000000, 0.0000000000000000000 ) ;
#7649 = LINE ( 'NONE', #3709, #1124 ) ;
#7650 = FACE_OUTER_BOUND ( 'NONE', #8990, .T. ) ;
#7651 =( GEOMETRIC_REPRESENTATION_CONTEXT ( 3 ) GLOBAL_UNCERTAINTY_ASSIGNED_CONTEXT ( ( #3624 ) ) GLOBAL_UNIT_ASSIGNED_CONTEXT ( ( #10707, #3600, #1654 ) ) REPRESENTATION_CONTEXT ( 'NONE', 'WORKASPACE' ) );
#7652 = ORIENTED_EDGE ( 'NONE', *, *, #910, .F. ) ;
#7653 = LINE ( 'NONE', #8653, #8775 ) ;
#7654 = LINE ( 'NONE', #10620, #10 ) ;
#7655 = FILL_AREA_STYLE ('',( #3583 ) ) ;
#7656 = EDGE_LOOP ( 'NONE', ( #7987, #10566, #4877, #5963 ) ) ;
#7657 = FACE_OUTER_BOUND ( 'NONE', #6283, .T. ) ;
#7658 = CARTESIAN_POINT ( 'NONE',  ( 1.500000000000003553, 1.000999999999999890, 22.92500000000000426 ) ) ;
#7659 = VECTOR ( 'NONE', #13292, 1000.000000000000000 ) ;
#7660 = CARTESIAN_POINT ( 'NONE',  ( 9.500000000000003553, 1.000999999999999890, 25.22499999999999787 ) ) ;
#7661 = AXIS2_PLACEMENT_3D ( 'NONE', #1235, #11530, #11601 ) ;
#7662 = LINE ( 'NONE', #323, #9042 ) ;
#7663 = DIRECTION ( 'NONE',  ( 0.0000000000000000000, 1.000000000000000000, 0.0000000000000000000 ) ) ;
#7664 = ORIENTED_EDGE ( 'NONE', *, *, #4755, .T. ) ;
#7665 = VERTEX_POINT ( 'NONE', #8546 ) ;
#7666 = DIRECTION ( 'NONE',  ( -1.000000000000000000, -0.0000000000000000000, -0.0000000000000000000 ) ) ;
#7667 = VECTOR ( 'NONE', #5157, 1000.000000000000000 ) ;
#7668 = DIRECTION ( 'NONE',  ( 1.000000000000000000, 0.0000000000000000000, 0.0000000000000000000 ) ) ;
#7669 = DIRECTION ( 'NONE',  ( -1.000000000000000000, 0.0000000000000000000, -9.427844978134821433E-17 ) ) ;
#7670 = SURFACE_STYLE_FILL_AREA ( #8877 ) ;
#7671 = ORIENTED_EDGE ( 'NONE', *, *, #12839, .F. ) ;
#7672 = SURFACE_SIDE_STYLE ('',( #3538 ) ) ;
#7673 = DIRECTION ( 'NONE',  ( 1.000000000000000000, 0.0000000000000000000, 1.885568995626964287E-16 ) ) ;
#7674 = ORIENTED_EDGE ( 'NONE', *, *, #5754, .F. ) ;
#7675 = CARTESIAN_POINT ( 'NONE',  ( 0.5000000000000036637, 1.000999999999999890, 25.22500000000000497 ) ) ;
#7676 = AXIS2_PLACEMENT_3D ( 'NONE', #9598, #2286, #5547 ) ;
#7677 = SURFACE_SIDE_STYLE ('',( #2606 ) ) ;
#7678 = UNCERTAINTY_MEASURE_WITH_UNIT (LENGTH_MEASURE( 1.000000000000000082E-05 ), #8211, 'distance_accuracy_value', 'NONE');
#7679 = EDGE_LOOP ( 'NONE', ( #8557, #2392, #3171, #5620 ) ) ;
#7680 = CARTESIAN_POINT ( 'NONE',  ( 2.100000000000003197, 1.000999999999999890, 22.92500000000000426 ) ) ;
#7681 = AXIS2_PLACEMENT_3D ( 'NONE', #9134, #13266, #8057 ) ;
#7682 = ADVANCED_FACE ( 'NONE', ( #7540 ), #11671, .F. ) ;
#7683 = ORIENTED_EDGE ( 'NONE', *, *, #4160, .F. ) ;
#7684 = CARTESIAN_POINT ( 'NONE',  ( -0.4999999999999985012, -0.001000000000000000021, 25.22500000000000853 ) ) ;
#7685 = STYLED_ITEM ( 'NONE', ( #5827 ), #9120 ) ;
#7686 = PRESENTATION_LAYER_ASSIGNMENT (  '', '', ( #1868 ) ) ;
#7687 = SURFACE_SIDE_STYLE ('',( #3619 ) ) ;
#7688 = COLOUR_RGB ( '',0.0000000000000000000, 0.7529411764705882248, 0.0000000000000000000 ) ;
#7689 = ADVANCED_FACE ( 'NONE', ( #7605 ), #7810, .F. ) ;
#7690 = DIRECTION ( 'NONE',  ( -0.0000000000000000000, 0.0000000000000000000, 1.000000000000000000 ) ) ;
#7691 = PLANE ( 'NONE',  #2708 ) ;
#7692 = UNCERTAINTY_MEASURE_WITH_UNIT (LENGTH_MEASURE( 1.000000000000000082E-05 ), #1734, 'distance_accuracy_value', 'NONE');
#7693 = ORIENTED_EDGE ( 'NONE', *, *, #12166, .T. ) ;
#7694 = DIRECTION ( 'NONE',  ( 1.000000000000000000, 0.0000000000000000000, 0.0000000000000000000 ) ) ;
#7695 = CARTESIAN_POINT ( 'NONE',  ( 7.700000000000003730, 1.000999999999999890, 22.92499999999999716 ) ) ;
#7696 =( LENGTH_UNIT ( ) NAMED_UNIT ( * ) SI_UNIT ( .MILLI., .METRE. ) );
#7697 = EDGE_CURVE ( 'NONE', #5751, #10213, #9634, .T. ) ;
#7698 = VECTOR ( 'NONE', #4352, 1000.000000000000114 ) ;
#7699 =( NAMED_UNIT ( * ) PLANE_ANGLE_UNIT ( ) SI_UNIT ( $, .RADIAN. ) );
#7700 = ADVANCED_FACE ( 'NONE', ( #10920 ), #9903, .T. ) ;
#7701 = ORIENTED_EDGE ( 'NONE', *, *, #6525, .F. ) ;
#7702 = FILL_AREA_STYLE ('',( #6618 ) ) ;
#7703 = DIRECTION ( 'NONE',  ( 0.0000000000000000000, 0.0000000000000000000, 1.000000000000000000 ) ) ;
#7704 =( NAMED_UNIT ( * ) SI_UNIT ( $, .STERADIAN. ) SOLID_ANGLE_UNIT ( ) );
#7705 = EDGE_CURVE ( 'NONE', #12604, #2849, #3960, .T. ) ;
#7706 = COLOUR_RGB ( '',1.000000000000000000, 1.000000000000000000, 0.0000000000000000000 ) ;
#7707 = EDGE_CURVE ( 'NONE', #2093, #9827, #7948, .T. ) ;
#7708 = SURFACE_SIDE_STYLE ('',( #11901 ) ) ;
#7709 = ORIENTED_EDGE ( 'NONE', *, *, #10333, .T. ) ;
#7710 = LINE ( 'NONE', #6683, #701 ) ;
#7711 = UNCERTAINTY_MEASURE_WITH_UNIT (LENGTH_MEASURE( 1.000000000000000082E-05 ), #8252, 'distance_accuracy_value', 'NONE');
#7712 = LINE ( 'NONE', #2567, #7830 ) ;
#7713 = EDGE_CURVE ( 'NONE', #371, #4035, #5931, .T. ) ;
#7714 = EDGE_LOOP ( 'NONE', ( #9072, #11173, #13197, #7297 ) ) ;
#7715 = FILL_AREA_STYLE ('',( #1432 ) ) ;
#7716 = DIRECTION ( 'NONE',  ( 1.000000000000000000, 0.0000000000000000000, 0.0000000000000000000 ) ) ;
#7717 = LINE ( 'NONE', #1558, #9991 ) ;
#7718 = CARTESIAN_POINT ( 'NONE',  ( -10.29999999999999893, 0.0000000000000000000, 25.22500000000000853 ) ) ;
#7719 = EDGE_LOOP ( 'NONE', ( #3447, #7891, #4638, #9036 ) ) ;
#7720 = VECTOR ( 'NONE', #13430, 1000.000000000000000 ) ;
#7721 = CARTESIAN_POINT ( 'NONE',  ( -15.00000000000000533, 1.000000000000000000, -25.47499999999999432 ) ) ;
#7722 = AXIS2_PLACEMENT_3D ( 'NONE', #6649, #10769, #12888 ) ;
#7723 = CARTESIAN_POINT ( 'NONE',  ( -11.29999999999999538, 1.000000000000000000, 22.92500000000001137 ) ) ;
#7724 = DIRECTION ( 'NONE',  ( -0.0000000000000000000, 1.000000000000000000, -0.0000000000000000000 ) ) ;
#7725 = VECTOR ( 'NONE', #595, 1000.000000000000000 ) ;
#7726 = FILL_AREA_STYLE_COLOUR ( '', #5327 ) ;
#7727 = VERTEX_POINT ( 'NONE', #2949 ) ;
#7728 = CARTESIAN_POINT ( 'NONE',  ( 2.100000000000000977, 1.000000000000000000, 22.92500000000000426 ) ) ;
#7729 = SURFACE_STYLE_FILL_AREA ( #533 ) ;
#7730 = ORIENTED_EDGE ( 'NONE', *, *, #7274, .F. ) ;
#7731 =( NAMED_UNIT ( * ) SI_UNIT ( $, .STERADIAN. ) SOLID_ANGLE_UNIT ( ) );
#7732 = CARTESIAN_POINT ( 'NONE',  ( 5.300000000000004263, 1.000999999999999890, 22.92500000000000071 ) ) ;
#7733 =( NAMED_UNIT ( * ) PLANE_ANGLE_UNIT ( ) SI_UNIT ( $, .RADIAN. ) );
#7734 = VECTOR ( 'NONE', #4128, 1000.000000000000000 ) ;
#7735 = LINE ( 'NONE', #6651, #3917 ) ;
#7736 = ORIENTED_EDGE ( 'NONE', *, *, #8830, .T. ) ;
#7737 =( NAMED_UNIT ( * ) PLANE_ANGLE_UNIT ( ) SI_UNIT ( $, .RADIAN. ) );
#7738 = EDGE_CURVE ( 'NONE', #8924, #2938, #7067, .T. ) ;
#7739 = VECTOR ( 'NONE', #2373, 1000.000000000000000 ) ;
#7740 = ORIENTED_EDGE ( 'NONE', *, *, #10276, .F. ) ;
#7741 = SURFACE_STYLE_USAGE ( .BOTH. , #7481 ) ;
#7742 =( NAMED_UNIT ( * ) PLANE_ANGLE_UNIT ( ) SI_UNIT ( $, .RADIAN. ) );
#7743 = PLANE ( 'NONE',  #13241 ) ;
#7744 =( NAMED_UNIT ( * ) PLANE_ANGLE_UNIT ( ) SI_UNIT ( $, .RADIAN. ) );
#7745 = DIRECTION ( 'NONE',  ( -9.427844978134821433E-17, -0.0000000000000000000, 1.000000000000000000 ) ) ;
#7746 = VECTOR ( 'NONE', #11304, 1000.000000000000000 ) ;
#7747 = ORIENTED_EDGE ( 'NONE', *, *, #217, .T. ) ;
#7748 = FILL_AREA_STYLE ('',( #9913 ) ) ;
#7749 = CARTESIAN_POINT ( 'NONE',  ( 5.500000000000003553, 1.000999999999999890, 25.22500000000000142 ) ) ;
#7750 = CARTESIAN_POINT ( 'NONE',  ( -10.49999999999999467, 1.000000000000000000, 22.92500000000001137 ) ) ;
#7751 = ORIENTED_EDGE ( 'NONE', *, *, #8101, .T. ) ;
#7752 = DIRECTION ( 'NONE',  ( 9.427844978134821433E-17, 0.0000000000000000000, 1.000000000000000000 ) ) ;
#7753 = CYLINDRICAL_SURFACE ( 'NONE', #8759, 0.7999999999999986011 ) ;
#7754 = COLOUR_RGB ( '',1.000000000000000000, 1.000000000000000000, 0.0000000000000000000 ) ;
#7755 = CARTESIAN_POINT ( 'NONE',  ( -4.849999999999997868, 3.399999999999999911, 21.27500000000000924 ) ) ;
#7756 =( NAMED_UNIT ( * ) PLANE_ANGLE_UNIT ( ) SI_UNIT ( $, .RADIAN. ) );
#7757 = ORIENTED_EDGE ( 'NONE', *, *, #9587, .F. ) ;
#7758 = DIRECTION ( 'NONE',  ( -0.0000000000000000000, 1.000000000000000000, -0.0000000000000000000 ) ) ;
#7759 = LINE ( 'NONE', #11699, #11347 ) ;
#7760 =( NAMED_UNIT ( * ) SI_UNIT ( $, .STERADIAN. ) SOLID_ANGLE_UNIT ( ) );
#7761 = SURFACE_SIDE_STYLE ('',( #3780 ) ) ;
#7762 = VECTOR ( 'NONE', #10315, 1000.000000000000000 ) ;
#7763 =( NAMED_UNIT ( * ) PLANE_ANGLE_UNIT ( ) SI_UNIT ( $, .RADIAN. ) );
#7764 = ADVANCED_FACE ( 'NONE', ( #5996 ), #2813, .F. ) ;
#7765 = AXIS2_PLACEMENT_3D ( 'NONE', #3989, #3097, #2076 ) ;
#7766 =( NAMED_UNIT ( * ) PLANE_ANGLE_UNIT ( ) SI_UNIT ( $, .RADIAN. ) );
#7767 = ORIENTED_EDGE ( 'NONE', *, *, #8533, .T. ) ;
#7768 = CARTESIAN_POINT ( 'NONE',  ( -0.8999999999999964695, 1.000999999999999890, 22.92500000000000782 ) ) ;
#7769 = SHAPE_DEFINITION_REPRESENTATION ( #5493, #1313 ) ;
#7770 = FILL_AREA_STYLE_COLOUR ( '', #3432 ) ;
#7771 = EDGE_CURVE ( 'NONE', #9974, #4397, #884, .T. ) ;
#7772 = EDGE_CURVE ( 'NONE', #1171, #2356, #9162, .T. ) ;
#7773 = DIRECTION ( 'NONE',  ( 0.0000000000000000000, 0.0000000000000000000, 1.000000000000000000 ) ) ;
#7774 = FACE_BOUND ( 'NONE', #2103, .T. ) ;
#7775 = COLOUR_RGB ( '',1.000000000000000000, 1.000000000000000000, 0.0000000000000000000 ) ;
#7776 = VERTEX_POINT ( 'NONE', #4028 ) ;
#7777 = DIRECTION ( 'NONE',  ( 1.000000000000000000, 0.0000000000000000000, 3.771137991253928573E-16 ) ) ;
#7778 = PRESENTATION_STYLE_ASSIGNMENT (( #10890 ) ) ;
#7779 = SURFACE_STYLE_USAGE ( .BOTH. , #12933 ) ;
#7780 = DIRECTION ( 'NONE',  ( -9.427844978134821433E-17, -0.0000000000000000000, -1.000000000000000000 ) ) ;
#7781 = VERTEX_POINT ( 'NONE', #12264 ) ;
#7782 = LINE ( 'NONE', #5626, #4692 ) ;
#7783 = CARTESIAN_POINT ( 'NONE',  ( 7.300000000000002487, -0.001000000000000000021, 25.22500000000000142 ) ) ;
#7784 = ADVANCED_FACE ( 'NONE', ( #10045 ), #11246, .F. ) ;
#7785 = EDGE_LOOP ( 'NONE', ( #922, #12356, #5252, #12045 ) ) ;
#7787 = EDGE_CURVE ( 'NONE', #8349, #2145, #13004, .T. ) ;
#7786 = DIRECTION ( 'NONE',  ( -0.0000000000000000000, -1.000000000000000000, -0.0000000000000000000 ) ) ;
#7788 = LINE ( 'NONE', #1561, #6269 ) ;
#7789 = MECHANICAL_DESIGN_GEOMETRIC_PRESENTATION_REPRESENTATION (  '', ( #9716 ), #10224 ) ;
#7790 = STYLED_ITEM ( 'NONE', ( #1289 ), #13261 ) ;
#7791 =( GEOMETRIC_REPRESENTATION_CONTEXT ( 3 ) GLOBAL_UNCERTAINTY_ASSIGNED_CONTEXT ( ( #5840 ) ) GLOBAL_UNIT_ASSIGNED_CONTEXT ( ( #12243, #7988, #1771 ) ) REPRESENTATION_CONTEXT ( 'NONE', 'WORKASPACE' ) );
#7792 = CARTESIAN_POINT ( 'NONE',  ( -9.299999999999997158, -5.046468293750710023E-16, 22.92500000000001137 ) ) ;
#7793 = ADVANCED_FACE ( 'NONE', ( #12791 ), #9733, .T. ) ;
#7794 = DIRECTION ( 'NONE',  ( -9.427844978134821433E-17, 0.0000000000000000000, 1.000000000000000000 ) ) ;
#7795 =( NAMED_UNIT ( * ) SI_UNIT ( $, .STERADIAN. ) SOLID_ANGLE_UNIT ( ) );
#7796 =( LENGTH_UNIT ( ) NAMED_UNIT ( * ) SI_UNIT ( .MILLI., .METRE. ) );
#7797 = SURFACE_SIDE_STYLE ('',( #2735 ) ) ;
#7798 = VECTOR ( 'NONE', #3992, 1000.000000000000000 ) ;
#7799 = ORIENTED_EDGE ( 'NONE', *, *, #3003, .F. ) ;
#7800 = CARTESIAN_POINT ( 'NONE',  ( 3.900000000000004352, 1.000000000000000000, 22.92500000000000071 ) ) ;
#7801 = DIRECTION ( 'NONE',  ( -9.427844978134821433E-17, -0.0000000000000000000, 1.000000000000000000 ) ) ;
#7802 = ORIENTED_EDGE ( 'NONE', *, *, #1743, .T. ) ;
#7803 = SURFACE_STYLE_FILL_AREA ( #9821 ) ;
#7804 =( LENGTH_UNIT ( ) NAMED_UNIT ( * ) SI_UNIT ( .MILLI., .METRE. ) );
#7805 = FILL_AREA_STYLE ('',( #12956 ) ) ;
#7806 = SURFACE_STYLE_USAGE ( .BOTH. , #2667 ) ;
#7807 = VECTOR ( 'NONE', #8871, 1000.000000000000000 ) ;
#7808 = ORIENTED_EDGE ( 'NONE', *, *, #10936, .T. ) ;
#7809 = DIRECTION ( 'NONE',  ( -1.000000000000000000, 0.0000000000000000000, -0.0000000000000000000 ) ) ;
#7810 = PLANE ( 'NONE',  #3370 ) ;
#7811 = STYLED_ITEM ( 'NONE', ( #12180 ), #3981 ) ;
#7812 = SURFACE_SIDE_STYLE ('',( #11937 ) ) ;
#7813 = VERTEX_POINT ( 'NONE', #7849 ) ;
#7814 = VECTOR ( 'NONE', #7421, 1000.000000000000000 ) ;
#7815 = SURFACE_STYLE_FILL_AREA ( #7950 ) ;
#7816 =( LENGTH_UNIT ( ) NAMED_UNIT ( * ) SI_UNIT ( .MILLI., .METRE. ) );
#7817 = AXIS2_PLACEMENT_3D ( 'NONE', #13284, #6106, #1914 ) ;
#7818 = CARTESIAN_POINT ( 'NONE',  ( 4.100000000000001421, -0.001000000000000000021, 25.22500000000000142 ) ) ;
#7819 = PRESENTATION_STYLE_ASSIGNMENT (( #615 ) ) ;
#7820 = CARTESIAN_POINT ( 'NONE',  ( 8.900000000000002132, 0.0000000000000000000, 25.22500000000000853 ) ) ;
#7821 = SURFACE_STYLE_USAGE ( .BOTH. , #7677 ) ;
#7822 = UNCERTAINTY_MEASURE_WITH_UNIT (LENGTH_MEASURE( 1.000000000000000082E-05 ), #7321, 'distance_accuracy_value', 'NONE');
#7823 = ORIENTED_EDGE ( 'NONE', *, *, #8680, .F. ) ;
#7824 = CARTESIAN_POINT ( 'NONE',  ( -9.200000000000006395, 1.000000000000000000, -25.47499999999999432 ) ) ;
#7825 = DIRECTION ( 'NONE',  ( 0.0000000000000000000, 0.0000000000000000000, -1.000000000000000000 ) ) ;
#7826 = PRESENTATION_LAYER_ASSIGNMENT (  '', '', ( #12128 ) ) ;
#7827 = CARTESIAN_POINT ( 'NONE',  ( 5.300000000000004263, 1.000999999999999890, 25.22500000000000142 ) ) ;
#7828 = ORIENTED_EDGE ( 'NONE', *, *, #4968, .T. ) ;
#7829 = STYLED_ITEM ( 'NONE', ( #10126 ), #6170 ) ;
#7830 = VECTOR ( 'NONE', #516, 1000.000000000000000 ) ;
#7831 = COLOUR_RGB ( '',1.000000000000000000, 1.000000000000000000, 0.0000000000000000000 ) ;
#7832 = DIRECTION ( 'NONE',  ( 1.000000000000000000, 0.0000000000000000000, 0.0000000000000000000 ) ) ;
#7833 = UNCERTAINTY_MEASURE_WITH_UNIT (LENGTH_MEASURE( 1.000000000000000082E-05 ), #4266, 'distance_accuracy_value', 'NONE');
#7834 = ORIENTED_EDGE ( 'NONE', *, *, #10001, .T. ) ;
#7835 = FILL_AREA_STYLE ('',( #3695 ) ) ;
#7836 = CARTESIAN_POINT ( 'NONE',  ( 15.00000000000000000, 1.000000000000000000, 25.22500000000000853 ) ) ;
#7837 = VECTOR ( 'NONE', #10435, 1000.000000000000000 ) ;
#7838 = LINE ( 'NONE', #8575, #5005 ) ;
#7839 =( NAMED_UNIT ( * ) SI_UNIT ( $, .STERADIAN. ) SOLID_ANGLE_UNIT ( ) );
#7840 = AXIS2_PLACEMENT_3D ( 'NONE', #10989, #1727, #5872 ) ;
#7841 = EDGE_LOOP ( 'NONE', ( #126, #1698, #11026, #9389 ) ) ;
#7842 =( LENGTH_UNIT ( ) NAMED_UNIT ( * ) SI_UNIT ( .MILLI., .METRE. ) );
#7843 = MECHANICAL_DESIGN_GEOMETRIC_PRESENTATION_REPRESENTATION (  '', ( #2440 ), #27 ) ;
#7844 = EDGE_CURVE ( 'NONE', #3858, #4241, #581, .T. ) ;
#7845 = VERTEX_POINT ( 'NONE', #5622 ) ;
#7846 = LINE ( 'NONE', #2429, #5067 ) ;
#7847 = SURFACE_STYLE_USAGE ( .BOTH. , #2852 ) ;
#7848 = UNCERTAINTY_MEASURE_WITH_UNIT (LENGTH_MEASURE( 1.000000000000000082E-05 ), #12684, 'distance_accuracy_value', 'NONE');
#7849 = CARTESIAN_POINT ( 'NONE',  ( -11.29999999999999716, 1.000000000000000000, 25.22500000000000853 ) ) ;
#7850 = PRESENTATION_STYLE_ASSIGNMENT (( #13006 ) ) ;
#7851 = UNCERTAINTY_MEASURE_WITH_UNIT (LENGTH_MEASURE( 1.000000000000000082E-05 ), #4358, 'distance_accuracy_value', 'NONE');
#7852 = VERTEX_POINT ( 'NONE', #4540 ) ;
#7853 = LINE ( 'NONE', #12797, #8221 ) ;
#7854 = SURFACE_SIDE_STYLE ('',( #10749 ) ) ;
#7855 = MECHANICAL_DESIGN_GEOMETRIC_PRESENTATION_REPRESENTATION (  '', ( #3308 ), #11954 ) ;
#7856 = DIRECTION ( 'NONE',  ( 1.885568995626964287E-16, 0.0000000000000000000, -1.000000000000000000 ) ) ;
#7857 = LINE ( 'NONE', #4761, #6183 ) ;
#7858 = EDGE_CURVE ( 'NONE', #2388, #6900, #1552, .T. ) ;
#7859 = ORIENTED_EDGE ( 'NONE', *, *, #469, .F. ) ;
#7860 = FACE_OUTER_BOUND ( 'NONE', #11452, .T. ) ;
#7861 = SURFACE_STYLE_FILL_AREA ( #2796 ) ;
#7862 = PRESENTATION_LAYER_ASSIGNMENT (  '', '', ( #8281 ) ) ;
#7863 = SURFACE_STYLE_USAGE ( .BOTH. , #5848 ) ;
#7864 = VECTOR ( 'NONE', #8717, 1000.000000000000000 ) ;
#7865 = DIRECTION ( 'NONE',  ( 3.771137991253928573E-16, 0.0000000000000000000, -1.000000000000000000 ) ) ;
#7866 = COLOUR_RGB ( '',1.000000000000000000, 1.000000000000000000, 0.0000000000000000000 ) ;
#7867 = EDGE_CURVE ( 'NONE', #12551, #1451, #5704, .T. ) ;
#7868 = LINE ( 'NONE', #662, #13151 ) ;
#7869 = DIRECTION ( 'NONE',  ( -1.334402673828313339E-16, -0.0000000000000000000, -1.000000000000000000 ) ) ;
#7870 = ORIENTED_EDGE ( 'NONE', *, *, #4056, .T. ) ;
#7871 = PRESENTATION_STYLE_ASSIGNMENT (( #9817 ) ) ;
#7872 = COLOUR_RGB ( '',1.000000000000000000, 1.000000000000000000, 0.0000000000000000000 ) ;
#7873 = PLANE ( 'NONE',  #4566 ) ;
#7874 = DIRECTION ( 'NONE',  ( 1.000000000000000000, 0.0000000000000000000, 0.0000000000000000000 ) ) ;
#7875 = ORIENTED_EDGE ( 'NONE', *, *, #2672, .F. ) ;
#7876 = SURFACE_STYLE_USAGE ( .BOTH. , #4834 ) ;
#7877 = LINE ( 'NONE', #8945, #2830 ) ;
#7878 = LINE ( 'NONE', #5795, #1897 ) ;
#7879 = PRESENTATION_STYLE_ASSIGNMENT (( #7806 ) ) ;
#7880 = EDGE_CURVE ( 'NONE', #3862, #12343, #5838, .T. ) ;
#7881 = EDGE_LOOP ( 'NONE', ( #5920, #4789, #2273, #11785, #10613, #9381, #9504, #12709, #10048, #8974, #10070, #5792, #12021, #11850, #13074, #12016, #4771, #6880, #8942, #12680 ) ) ;
#7882 = PRESENTATION_STYLE_ASSIGNMENT (( #8147 ) ) ;
#7883 = CARTESIAN_POINT ( 'NONE',  ( -3.099999999999996980, 1.000000000000000000, 25.22500000000000853 ) ) ;
#7884 = EDGE_CURVE ( 'NONE', #12409, #12862, #7647, .T. ) ;
#7885 = FILL_AREA_STYLE_COLOUR ( '', #2266 ) ;
#7886 = MECHANICAL_DESIGN_GEOMETRIC_PRESENTATION_REPRESENTATION (  '', ( #10251 ), #9600 ) ;
#7887 = ORIENTED_EDGE ( 'NONE', *, *, #4148, .F. ) ;
#7888 = LINE ( 'NONE', #6802, #786 ) ;
#7889 = ADVANCED_FACE ( 'NONE', ( #4812 ), #2637, .F. ) ;
#7890 = FILL_AREA_STYLE_COLOUR ( '', #3089 ) ;
#7891 = ORIENTED_EDGE ( 'NONE', *, *, #10515, .F. ) ;
#7892 = LINE ( 'NONE', #1803, #10072 ) ;
#7893 =( GEOMETRIC_REPRESENTATION_CONTEXT ( 3 ) GLOBAL_UNCERTAINTY_ASSIGNED_CONTEXT ( ( #4717 ) ) GLOBAL_UNIT_ASSIGNED_CONTEXT ( ( #13211, #9007, #734 ) ) REPRESENTATION_CONTEXT ( 'NONE', 'WORKASPACE' ) );
#7894 = ORIENTED_EDGE ( 'NONE', *, *, #1009, .F. ) ;
#7895 = LINE ( 'NONE', #12015, #8705 ) ;
#7897 = EDGE_LOOP ( 'NONE', ( #7263, #13291, #2409, #3719 ) ) ;
#7896 = STYLED_ITEM ( 'NONE', ( #9960 ), #2763 ) ;
#7898 = SURFACE_SIDE_STYLE ('',( #1739 ) ) ;
#7899 = STYLED_ITEM ( 'NONE', ( #10005 ), #7543 ) ;
#7900 =( NAMED_UNIT ( * ) SI_UNIT ( $, .STERADIAN. ) SOLID_ANGLE_UNIT ( ) );
#7901 = CARTESIAN_POINT ( 'NONE',  ( 5.900000000000001243, 0.0000000000000000000, 25.22500000000000142 ) ) ;
#7902 = AXIS2_PLACEMENT_3D ( 'NONE', #3713, #9067, #1961 ) ;
#7903 = FACE_OUTER_BOUND ( 'NONE', #7719, .T. ) ;
#7904 = EDGE_LOOP ( 'NONE', ( #10308, #10193, #6715, #4096 ) ) ;
#7905 = DIRECTION ( 'NONE',  ( 1.000000000000000000, 0.0000000000000000000, 1.885568995626964287E-16 ) ) ;
#7906 = SURFACE_SIDE_STYLE ('',( #6017 ) ) ;
#7907 = FILL_AREA_STYLE_COLOUR ( '', #2778 ) ;
#7908 = LINE ( 'NONE', #923, #8226 ) ;
#7909 = CIRCLE ( 'NONE', #8323, 0.7999999999999986011 ) ;
#7910 =( GEOMETRIC_REPRESENTATION_CONTEXT ( 3 ) GLOBAL_UNCERTAINTY_ASSIGNED_CONTEXT ( ( #2960 ) ) GLOBAL_UNIT_ASSIGNED_CONTEXT ( ( #6467, #10912, #11684 ) ) REPRESENTATION_CONTEXT ( 'NONE', 'WORKASPACE' ) );
#7911 = ORIENTED_EDGE ( 'NONE', *, *, #5147, .F. ) ;
#7912 = VECTOR ( 'NONE', #6574, 1000.000000000000000 ) ;
#7913 = DIRECTION ( 'NONE',  ( 1.000000000000000000, 0.0000000000000000000, 0.0000000000000000000 ) ) ;
#7914 =( NAMED_UNIT ( * ) SI_UNIT ( $, .STERADIAN. ) SOLID_ANGLE_UNIT ( ) );
#7915 = SURFACE_STYLE_USAGE ( .BOTH. , #7708 ) ;
#7916 = COLOUR_RGB ( '',1.000000000000000000, 1.000000000000000000, 0.0000000000000000000 ) ;
#7917 = ORIENTED_EDGE ( 'NONE', *, *, #12335, .F. ) ;
#7918 = VECTOR ( 'NONE', #5557, 1000.000000000000000 ) ;
#7919 = LINE ( 'NONE', #789, #10028 ) ;
#7920 = PRESENTATION_STYLE_ASSIGNMENT (( #7847 ) ) ;
#7921 = CARTESIAN_POINT ( 'NONE',  ( 6.900000000000003020, 1.000999999999999890, 22.92500000000000071 ) ) ;
#7922 = SURFACE_STYLE_FILL_AREA ( #8856 ) ;
#7923 = ORIENTED_EDGE ( 'NONE', *, *, #2829, .T. ) ;
#7924 = CARTESIAN_POINT ( 'NONE',  ( 10.70000000000000284, -0.001000000000000000021, 22.92499999999999361 ) ) ;
#7925 = FACE_OUTER_BOUND ( 'NONE', #1787, .T. ) ;
#7926 = SURFACE_STYLE_FILL_AREA ( #3870 ) ;
#7927 = SURFACE_STYLE_USAGE ( .BOTH. , #8130 ) ;
#7928 = DIRECTION ( 'NONE',  ( 0.0000000000000000000, 0.0000000000000000000, 1.000000000000000000 ) ) ;
#7929 = STYLED_ITEM ( 'NONE', ( #9714 ), #10185 ) ;
#7930 = CARTESIAN_POINT ( 'NONE',  ( 9.099999999999999645, -0.001000000000000000021, 25.22499999999999787 ) ) ;
#7931 = FILL_AREA_STYLE_COLOUR ( '', #7422 ) ;
#7932 = ORIENTED_EDGE ( 'NONE', *, *, #6374, .T. ) ;
#7933 =( NAMED_UNIT ( * ) SI_UNIT ( $, .STERADIAN. ) SOLID_ANGLE_UNIT ( ) );
#7934 = PRESENTATION_STYLE_ASSIGNMENT (( #5105 ) ) ;
#7935 = VECTOR ( 'NONE', #6511, 1000.000000000000000 ) ;
#7936 = VECTOR ( 'NONE', #2750, 1000.000000000000000 ) ;
#7937 =( LENGTH_UNIT ( ) NAMED_UNIT ( * ) SI_UNIT ( .MILLI., .METRE. ) );
#7938 = ORIENTED_EDGE ( 'NONE', *, *, #7348, .T. ) ;
#7939 = CARTESIAN_POINT ( 'NONE',  ( -11.49999999999999645, 1.000999999999999890, 25.22500000000001208 ) ) ;
#7940 = SURFACE_STYLE_FILL_AREA ( #8874 ) ;
#7941 = PRESENTATION_STYLE_ASSIGNMENT (( #9757 ) ) ;
#7942 = SURFACE_SIDE_STYLE ('',( #10096 ) ) ;
#7943 = DIRECTION ( 'NONE',  ( 0.0000000000000000000, 0.0000000000000000000, 1.000000000000000000 ) ) ;
#7944 = ORIENTED_EDGE ( 'NONE', *, *, #558, .T. ) ;
#7945 = PLANE ( 'NONE',  #5500 ) ;
#7946 = SURFACE_SIDE_STYLE ('',( #2746 ) ) ;
#7947 = EDGE_CURVE ( 'NONE', #9, #5337, #6028, .T. ) ;
#7948 = LINE ( 'NONE', #8079, #691 ) ;
#7949 = DIRECTION ( 'NONE',  ( 1.000000000000000000, 0.0000000000000000000, 0.0000000000000000000 ) ) ;
#7950 = FILL_AREA_STYLE ('',( #4844 ) ) ;
#7951 = EDGE_CURVE ( 'NONE', #689, #12075, #9206, .T. ) ;
#7952 = EDGE_CURVE ( 'NONE', #3969, #5311, #7102, .T. ) ;
#7953 = PRESENTATION_LAYER_ASSIGNMENT (  '', '', ( #11400 ) ) ;
#7954 = LINE ( 'NONE', #12067, #6361 ) ;
#7955 = UNCERTAINTY_MEASURE_WITH_UNIT (LENGTH_MEASURE( 1.000000000000000082E-05 ), #11140, 'distance_accuracy_value', 'NONE');
#7956 = VERTEX_POINT ( 'NONE', #8178 ) ;
#7957 =( NAMED_UNIT ( * ) SI_UNIT ( $, .STERADIAN. ) SOLID_ANGLE_UNIT ( ) );
#7958 = CARTESIAN_POINT ( 'NONE',  ( 5.100000000000002309, -0.001000000000000000021, 25.22500000000000142 ) ) ;
#7959 = ORIENTED_EDGE ( 'NONE', *, *, #2214, .T. ) ;
#7960 =( NAMED_UNIT ( * ) PLANE_ANGLE_UNIT ( ) SI_UNIT ( $, .RADIAN. ) );
#7961 = ORIENTED_EDGE ( 'NONE', *, *, #6801, .T. ) ;
#7962 = LINE ( 'NONE', #13178, #5661 ) ;
#7963 = EDGE_CURVE ( 'NONE', #6623, #8037, #4126, .T. ) ;
#7964 = EDGE_CURVE ( 'NONE', #4723, #6944, #1960, .T. ) ;
#7965 = SURFACE_SIDE_STYLE ('',( #3692 ) ) ;
#7966 = EDGE_CURVE ( 'NONE', #3497, #6843, #10206, .T. ) ;
#7967 = PRESENTATION_STYLE_ASSIGNMENT (( #3620 ) ) ;
#7968 = EDGE_CURVE ( 'NONE', #10334, #4587, #6091, .T. ) ;
#7969 = VECTOR ( 'NONE', #8152, 1000.000000000000000 ) ;
#7970 = UNCERTAINTY_MEASURE_WITH_UNIT (LENGTH_MEASURE( 1.000000000000000082E-05 ), #3271, 'distance_accuracy_value', 'NONE');
#7971 = EDGE_LOOP ( 'NONE', ( #1545, #5079, #2892, #7077 ) ) ;
#7972 = LINE ( 'NONE', #4934, #9362 ) ;
#7973 = CARTESIAN_POINT ( 'NONE',  ( -15.00000000000000000, 0.0000000000000000000, 25.22500000000000853 ) ) ;
#7974 = LINE ( 'NONE', #8040, #10316 ) ;
#7975 =( NAMED_UNIT ( * ) SI_UNIT ( $, .STERADIAN. ) SOLID_ANGLE_UNIT ( ) );
#7976 = UNCERTAINTY_MEASURE_WITH_UNIT (LENGTH_MEASURE( 1.000000000000000082E-05 ), #13258, 'distance_accuracy_value', 'NONE');
#7977 = DIRECTION ( 'NONE',  ( 1.000000000000000000, 0.0000000000000000000, -0.0000000000000000000 ) ) ;
#7978 = FILL_AREA_STYLE ('',( #12029 ) ) ;
#7979 = ORIENTED_EDGE ( 'NONE', *, *, #1073, .T. ) ;
#7980 = DIRECTION ( 'NONE',  ( 0.0000000000000000000, 0.0000000000000000000, 1.000000000000000000 ) ) ;
#7981 = VERTEX_POINT ( 'NONE', #2087 ) ;
#7982 = DIRECTION ( 'NONE',  ( 0.0000000000000000000, 0.0000000000000000000, 1.000000000000000000 ) ) ;
#7983 =( GEOMETRIC_REPRESENTATION_CONTEXT ( 3 ) GLOBAL_UNCERTAINTY_ASSIGNED_CONTEXT ( ( #13387 ) ) GLOBAL_UNIT_ASSIGNED_CONTEXT ( ( #5131, #7407, #7154 ) ) REPRESENTATION_CONTEXT ( 'NONE', 'WORKASPACE' ) );
#7984 = UNCERTAINTY_MEASURE_WITH_UNIT (LENGTH_MEASURE( 1.000000000000000082E-05 ), #5616, 'distance_accuracy_value', 'NONE');
#7985 = FACE_OUTER_BOUND ( 'NONE', #2033, .T. ) ;
#7986 = EDGE_CURVE ( 'Edge9', #8240, #6190, #4061, .T. ) ;
#7987 = ORIENTED_EDGE ( 'NONE', *, *, #10597, .T. ) ;
#7988 =( NAMED_UNIT ( * ) PLANE_ANGLE_UNIT ( ) SI_UNIT ( $, .RADIAN. ) );
#7989 = CARTESIAN_POINT ( 'NONE',  ( 9.199999999999999289, 1.000000000000000000, -25.47499999999999432 ) ) ;
#7990 = EDGE_LOOP ( 'NONE', ( #2973, #1616, #12468, #7165, #12337, #6755 ) ) ;
#7991 = CARTESIAN_POINT ( 'NONE',  ( -5.499999999999999112, -0.001000000000000000021, 25.22500000000001208 ) ) ;
#7992 =( LENGTH_UNIT ( ) NAMED_UNIT ( * ) SI_UNIT ( .MILLI., .METRE. ) );
#7993 = CARTESIAN_POINT ( 'NONE',  ( -15.00000000000000000, 1.000000000000000000, 25.22500000000000853 ) ) ;
#7994 =( GEOMETRIC_REPRESENTATION_CONTEXT ( 3 ) GLOBAL_UNCERTAINTY_ASSIGNED_CONTEXT ( ( #9194 ) ) GLOBAL_UNIT_ASSIGNED_CONTEXT ( ( #10788, #842, #3847 ) ) REPRESENTATION_CONTEXT ( 'NONE', 'WORKASPACE' ) );
#7995 = COLOUR_RGB ( '',1.000000000000000000, 1.000000000000000000, 0.0000000000000000000 ) ;
#7996 = LINE ( 'NONE', #5784, #124 ) ;
#7997 =( NAMED_UNIT ( * ) PLANE_ANGLE_UNIT ( ) SI_UNIT ( $, .RADIAN. ) );
#7998 =( NAMED_UNIT ( * ) PLANE_ANGLE_UNIT ( ) SI_UNIT ( $, .RADIAN. ) );
#7999 = EDGE_LOOP ( 'NONE', ( #10535, #5264, #658, #6015, #3227, #2118 ) ) ;
#8000 = CARTESIAN_POINT ( 'NONE',  ( 6.700000000000001954, 0.0000000000000000000, 25.22500000000000142 ) ) ;
#8001 = LINE ( 'NONE', #10227, #12778 ) ;
#8002 = ORIENTED_EDGE ( 'NONE', *, *, #6221, .F. ) ;
#8003 = LINE ( 'NONE', #8257, #8765 ) ;
#8004 = PRESENTATION_LAYER_ASSIGNMENT (  '', '', ( #10162 ) ) ;
#8005 = CARTESIAN_POINT ( 'NONE',  ( -8.899999999999995026, 1.000999999999999890, 22.92500000000001137 ) ) ;
#8006 = PRESENTATION_STYLE_ASSIGNMENT (( #4905 ) ) ;
#8007 = MECHANICAL_DESIGN_GEOMETRIC_PRESENTATION_REPRESENTATION (  '', ( #5417 ), #6936 ) ;
#8008 = SURFACE_STYLE_USAGE ( .BOTH. , #11377 ) ;
#8009 = ORIENTED_EDGE ( 'NONE', *, *, #12754, .T. ) ;
#8010 = LINE ( 'NONE', #5735, #1158 ) ;
#8011 = DIRECTION ( 'NONE',  ( 0.0000000000000000000, 0.0000000000000000000, -1.000000000000000000 ) ) ;
#8012 = CARTESIAN_POINT ( 'NONE',  ( 2.700000000000001954, -0.001000000000000000021, 25.22500000000000497 ) ) ;
#8013 = VERTEX_POINT ( 'NONE', #10080 ) ;
#8014 = VECTOR ( 'NONE', #4304, 1000.000000000000000 ) ;
#8015 = STYLED_ITEM ( 'NONE', ( #8392 ), #12483 ) ;
#8016 = CARTESIAN_POINT ( 'NONE',  ( 15.00000000000000000, 1.000000000000000000, 25.22500000000000853 ) ) ;
#8017 = PLANE ( 'NONE',  #1355 ) ;
#8018 = ADVANCED_FACE ( 'NONE', ( #6162 ), #13265, .F. ) ;
#8019 = FACE_OUTER_BOUND ( 'NONE', #8259, .T. ) ;
#8020 = VECTOR ( 'NONE', #13212, 1000.000000000000000 ) ;
#8021 = SURFACE_STYLE_USAGE ( .BOTH. , #8212 ) ;
#8022 = EDGE_LOOP ( 'NONE', ( #5995, #2718, #5334, #9335 ) ) ;
#8023 = LINE ( 'NONE', #10995, #3401 ) ;
#8024 = PLANE ( 'NONE',  #7141 ) ;
#8025 = ORIENTED_EDGE ( 'NONE', *, *, #9946, .F. ) ;
#8026 = CARTESIAN_POINT ( 'NONE',  ( -10.69999999999999574, 1.000000000000000000, 25.22500000000001208 ) ) ;
#8027 = ORIENTED_EDGE ( 'NONE', *, *, #8112, .T. ) ;
#8028 = SURFACE_SIDE_STYLE ('',( #12143 ) ) ;
#8029 = MECHANICAL_DESIGN_GEOMETRIC_PRESENTATION_REPRESENTATION (  '', ( #9509 ), #1533 ) ;
#8030 = EDGE_CURVE ( 'NONE', #304, #2093, #4268, .T. ) ;
#8031 = LINE ( 'NONE', #8846, #12142 ) ;
#8032 = COLOUR_RGB ( '',1.000000000000000000, 1.000000000000000000, 0.0000000000000000000 ) ;
#8033 = CARTESIAN_POINT ( 'NONE',  ( 5.700000000000000178, 0.0000000000000000000, 25.22500000000000853 ) ) ;
#8034 = EDGE_CURVE ( 'NONE', #12921, #3047, #4467, .T. ) ;
#8035 = PRESENTATION_LAYER_ASSIGNMENT (  '', '', ( #8452 ) ) ;
#8036 = PLANE ( 'NONE',  #5676 ) ;
#8037 = VERTEX_POINT ( 'NONE', #2350 ) ;
#8038 = CARTESIAN_POINT ( 'NONE',  ( 4.500000000000003553, 1.000999999999999890, 25.22500000000000142 ) ) ;
#8039 = CARTESIAN_POINT ( 'NONE',  ( -15.00000000000000533, 0.0000000000000000000, -19.67499999999999361 ) ) ;
#8040 = CARTESIAN_POINT ( 'NONE',  ( 7.300000000000002487, 0.0000000000000000000, 25.22500000000000142 ) ) ;
#8041 = SURFACE_STYLE_USAGE ( .BOTH. , #703 ) ;
#8042 = CARTESIAN_POINT ( 'NONE',  ( -13.65000000000000036, 0.0000000000000000000, 22.27499999999997726 ) ) ;
#8043 = EDGE_CURVE ( 'NONE', #3369, #573, #1203, .T. ) ;
#8044 = ORIENTED_EDGE ( 'NONE', *, *, #1769, .F. ) ;
#8045 =( LENGTH_UNIT ( ) NAMED_UNIT ( * ) SI_UNIT ( .MILLI., .METRE. ) );
#8046 =( GEOMETRIC_REPRESENTATION_CONTEXT ( 3 ) GLOBAL_UNCERTAINTY_ASSIGNED_CONTEXT ( ( #1340 ) ) GLOBAL_UNIT_ASSIGNED_CONTEXT ( ( #8973, #12911, #3850 ) ) REPRESENTATION_CONTEXT ( 'NONE', 'WORKASPACE' ) );
#8047 =( GEOMETRIC_REPRESENTATION_CONTEXT ( 3 ) GLOBAL_UNCERTAINTY_ASSIGNED_CONTEXT ( ( #12038 ) ) GLOBAL_UNIT_ASSIGNED_CONTEXT ( ( #6230, #10349, #8136 ) ) REPRESENTATION_CONTEXT ( 'NONE', 'WORKASPACE' ) );
#8048 = PLANE ( 'NONE',  #12493 ) ;
#8049 = MECHANICAL_DESIGN_GEOMETRIC_PRESENTATION_REPRESENTATION (  '', ( #2871 ), #8462 ) ;
#8050 = SURFACE_SIDE_STYLE ('',( #7213 ) ) ;
#8051 = ADVANCED_FACE ( 'NONE', ( #153 ), #12432, .F. ) ;
#8052 = ORIENTED_EDGE ( 'NONE', *, *, #13099, .T. ) ;
#8053 = STYLED_ITEM ( 'NONE', ( #12212 ), #6307 ) ;
#8054 = CARTESIAN_POINT ( 'NONE',  ( -12.10000000000000320, 1.000000000000000000, -23.87499999999998579 ) ) ;
#8055 = DIRECTION ( 'NONE',  ( -9.427844978134821433E-17, -0.0000000000000000000, 1.000000000000000000 ) ) ;
#8056 =( GEOMETRIC_REPRESENTATION_CONTEXT ( 3 ) GLOBAL_UNCERTAINTY_ASSIGNED_CONTEXT ( ( #5667 ) ) GLOBAL_UNIT_ASSIGNED_CONTEXT ( ( #4948, #10016, #1830 ) ) REPRESENTATION_CONTEXT ( 'NONE', 'WORKASPACE' ) );
#8057 = DIRECTION ( 'NONE',  ( 0.0000000000000000000, -0.0000000000000000000, 1.000000000000000000 ) ) ;
#8058 = VERTEX_POINT ( 'NONE', #8572 ) ;
#8059 = DIRECTION ( 'NONE',  ( 0.0000000000000000000, 0.0000000000000000000, -1.000000000000000000 ) ) ;
#8060 = VERTEX_POINT ( 'NONE', #4332 ) ;
#8061 = CARTESIAN_POINT ( 'NONE',  ( -6.899999999999998579, -1.261617073437677506E-16, 25.22500000000001208 ) ) ;
#8062 =( GEOMETRIC_REPRESENTATION_CONTEXT ( 3 ) GLOBAL_UNCERTAINTY_ASSIGNED_CONTEXT ( ( #5522 ) ) GLOBAL_UNIT_ASSIGNED_CONTEXT ( ( #8237, #11098, #3937 ) ) REPRESENTATION_CONTEXT ( 'NONE', 'WORKASPACE' ) );
#8063 = CARTESIAN_POINT ( 'NONE',  ( -5.899999999999995914, 1.000999999999999890, 25.22500000000001208 ) ) ;
#8064 = MECHANICAL_DESIGN_GEOMETRIC_PRESENTATION_REPRESENTATION (  '', ( #5474 ), #692 ) ;
#8065 = COLOUR_RGB ( '',1.000000000000000000, 1.000000000000000000, 0.0000000000000000000 ) ;
#8066 = LINE ( 'NONE', #12188, #10972 ) ;
#8067 = PRESENTATION_STYLE_ASSIGNMENT (( #1845 ) ) ;
#8068 = STYLED_ITEM ( 'NONE', ( #8635 ), #8189 ) ;
#8069 = VERTEX_POINT ( 'NONE', #7293 ) ;
#8070 = LINE ( 'NONE', #7056, #3691 ) ;
#8071 = CARTESIAN_POINT ( 'NONE',  ( 6.700000000000002842, -0.001000000000000000021, 22.92500000000000071 ) ) ;
#8072 = COLOUR_RGB ( '',1.000000000000000000, 1.000000000000000000, 0.0000000000000000000 ) ;
#8073 = ORIENTED_EDGE ( 'NONE', *, *, #4637, .F. ) ;
#8074 = DIRECTION ( 'NONE',  ( -1.000000000000000000, 0.0000000000000000000, -4.135216867644354661E-17 ) ) ;
#8075 =( NAMED_UNIT ( * ) SI_UNIT ( $, .STERADIAN. ) SOLID_ANGLE_UNIT ( ) );
#8076 = SURFACE_STYLE_FILL_AREA ( #3956 ) ;
#8077 = ORIENTED_EDGE ( 'NONE', *, *, #5314, .F. ) ;
#8078 =( NAMED_UNIT ( * ) PLANE_ANGLE_UNIT ( ) SI_UNIT ( $, .RADIAN. ) );
#8079 = CARTESIAN_POINT ( 'NONE',  ( 10.10000000000000320, 1.000000000000000000, 22.92499999999999716 ) ) ;
#8080 = MECHANICAL_DESIGN_GEOMETRIC_PRESENTATION_REPRESENTATION (  '', ( #4853 ), #7216 ) ;
#8081 = FILL_AREA_STYLE_COLOUR ( '', #6518 ) ;
#8082 =( LENGTH_UNIT ( ) NAMED_UNIT ( * ) SI_UNIT ( .MILLI., .METRE. ) );
#8083 = AXIS2_PLACEMENT_3D ( 'NONE', #4090, #7129, #8206 ) ;
#8084 = VECTOR ( 'NONE', #10317, 1000.000000000000000 ) ;
#8085 = DIRECTION ( 'NONE',  ( -9.427844978134821433E-17, 0.0000000000000000000, 1.000000000000000000 ) ) ;
#8086 = FILL_AREA_STYLE_COLOUR ( '', #8471 ) ;
#8087 = SURFACE_STYLE_FILL_AREA ( #6185 ) ;
#8088 = VERTEX_POINT ( 'NONE', #5204 ) ;
#8089 = DIRECTION ( 'NONE',  ( -1.000000000000000000, 0.0000000000000000000, -3.771137991253928573E-16 ) ) ;
#8090 = UNCERTAINTY_MEASURE_WITH_UNIT (LENGTH_MEASURE( 1.000000000000000082E-05 ), #1400, 'distance_accuracy_value', 'NONE');
#8091 = VERTEX_POINT ( 'NONE', #17 ) ;
#8092 = DIRECTION ( 'NONE',  ( -0.0000000000000000000, 1.000000000000000000, -0.0000000000000000000 ) ) ;
#8093 = VECTOR ( 'NONE', #11190, 1000.000000000000000 ) ;
#8094 = DIRECTION ( 'NONE',  ( 1.000000000000000000, 0.0000000000000000000, 3.771137991253928573E-16 ) ) ;
#8095 = VERTEX_POINT ( 'NONE', #4204 ) ;
#8096 = COLOUR_RGB ( '',1.000000000000000000, 1.000000000000000000, 0.0000000000000000000 ) ;
#8097 = DIRECTION ( 'NONE',  ( 0.0000000000000000000, -0.0000000000000000000, 1.000000000000000000 ) ) ;
#8098 = ORIENTED_EDGE ( 'NONE', *, *, #12245, .F. ) ;
#8099 = STYLED_ITEM ( 'NONE', ( #425 ), #6133 ) ;
#8100 = MECHANICAL_DESIGN_GEOMETRIC_PRESENTATION_REPRESENTATION (  '', ( #4221 ), #12857 ) ;
#8101 = EDGE_CURVE ( 'NONE', #1815, #5412, #3168, .T. ) ;
#8102 = FILL_AREA_STYLE_COLOUR ( '', #4167 ) ;
#8103 = UNCERTAINTY_MEASURE_WITH_UNIT (LENGTH_MEASURE( 1.000000000000000082E-05 ), #4910, 'distance_accuracy_value', 'NONE');
#8104 = ORIENTED_EDGE ( 'NONE', *, *, #13186, .F. ) ;
#8105 = CARTESIAN_POINT ( 'NONE',  ( -0.4999999999999980571, -0.001000000000000000021, 22.92500000000000782 ) ) ;
#8106 = CARTESIAN_POINT ( 'NONE',  ( 5.100000000000002309, -0.001000000000000000021, 25.22500000000000142 ) ) ;
#8107 = DIRECTION ( 'NONE',  ( -0.0000000000000000000, 1.000000000000000000, -0.0000000000000000000 ) ) ;
#8108 = DIRECTION ( 'NONE',  ( 0.0000000000000000000, 1.000000000000000000, 0.0000000000000000000 ) ) ;
#8109 =( GEOMETRIC_REPRESENTATION_CONTEXT ( 3 ) GLOBAL_UNCERTAINTY_ASSIGNED_CONTEXT ( ( #207 ) ) GLOBAL_UNIT_ASSIGNED_CONTEXT ( ( #11395, #6322, #4176 ) ) REPRESENTATION_CONTEXT ( 'NONE', 'WORKASPACE' ) );
#8110 = SURFACE_STYLE_FILL_AREA ( #13255 ) ;
#8111 = ORIENTED_EDGE ( 'NONE', *, *, #1672, .T. ) ;
#8112 = EDGE_CURVE ( 'NONE', #7500, #3506, #11421, .T. ) ;
#8113 = VECTOR ( 'NONE', #6609, 1000.000000000000000 ) ;
#8114 = FILL_AREA_STYLE ('',( #9058 ) ) ;
#8115 = VECTOR ( 'NONE', #3319, 1000.000000000000000 ) ;
#8116 = PRESENTATION_LAYER_ASSIGNMENT (  '', '', ( #11573 ) ) ;
#8117 = EDGE_CURVE ( 'NONE', #5870, #371, #6279, .T. ) ;
#8118 = VERTEX_POINT ( 'NONE', #9390 ) ;
#8119 = ADVANCED_FACE ( 'NONE', ( #11489 ), #4402, .T. ) ;
#8120 = SURFACE_SIDE_STYLE ('',( #11351 ) ) ;
#8121 = UNCERTAINTY_MEASURE_WITH_UNIT (LENGTH_MEASURE( 1.000000000000000082E-05 ), #6611, 'distance_accuracy_value', 'NONE');
#8122 = FILL_AREA_STYLE_COLOUR ( '', #7204 ) ;
#8123 = EDGE_CURVE ( 'NONE', #8060, #665, #11958, .T. ) ;
#8124 = ORIENTED_EDGE ( 'NONE', *, *, #9936, .T. ) ;
#8125 = FACE_OUTER_BOUND ( 'NONE', #8790, .T. ) ;
#8126 =( LENGTH_UNIT ( ) NAMED_UNIT ( * ) SI_UNIT ( .MILLI., .METRE. ) );
#8127 = VECTOR ( 'NONE', #10109, 1000.000000000000000 ) ;
#8128 =( LENGTH_UNIT ( ) NAMED_UNIT ( * ) SI_UNIT ( .MILLI., .METRE. ) );
#8129 = ORIENTED_EDGE ( 'NONE', *, *, #13225, .T. ) ;
#8130 = SURFACE_SIDE_STYLE ('',( #3872 ) ) ;
#8131 = EDGE_CURVE ( 'NONE', #5156, #6215, #4797, .T. ) ;
#8132 = CARTESIAN_POINT ( 'NONE',  ( 6.100000000000003197, 1.000000000000000000, 22.92500000000000071 ) ) ;
#8133 = EDGE_CURVE ( 'NONE', #2145, #11297, #4526, .T. ) ;
#8134 = AXIS2_PLACEMENT_3D ( 'NONE', #670, #6788, #13157 ) ;
#8135 = VECTOR ( 'NONE', #257, 1000.000000000000000 ) ;
#8136 =( NAMED_UNIT ( * ) SI_UNIT ( $, .STERADIAN. ) SOLID_ANGLE_UNIT ( ) );
#8137 = EDGE_CURVE ( 'NONE', #10327, #6823, #9719, .T. ) ;
#8138 = EDGE_CURVE ( 'NONE', #4815, #2610, #6556, .T. ) ;
#8139 = DIRECTION ( 'NONE',  ( -0.0000000000000000000, 0.0000000000000000000, 1.000000000000000000 ) ) ;
#8140 = DIRECTION ( 'NONE',  ( 1.885568995626964287E-16, 0.0000000000000000000, -1.000000000000000000 ) ) ;
#8141 = ORIENTED_EDGE ( 'NONE', *, *, #8592, .T. ) ;
#8142 =( NAMED_UNIT ( * ) SI_UNIT ( $, .STERADIAN. ) SOLID_ANGLE_UNIT ( ) );
#8143 =( NAMED_UNIT ( * ) PLANE_ANGLE_UNIT ( ) SI_UNIT ( $, .RADIAN. ) );
#8144 = COLOUR_RGB ( '',1.000000000000000000, 1.000000000000000000, 0.0000000000000000000 ) ;
#8145 = PRESENTATION_LAYER_ASSIGNMENT (  '', '', ( #7929 ) ) ;
#8146 = ORIENTED_EDGE ( 'NONE', *, *, #8137, .F. ) ;
#8147 = SURFACE_STYLE_USAGE ( .BOTH. , #4027 ) ;
#8148 =( NAMED_UNIT ( * ) SI_UNIT ( $, .STERADIAN. ) SOLID_ANGLE_UNIT ( ) );
#8149 = SURFACE_SIDE_STYLE ('',( #746 ) ) ;
#8150 = FILL_AREA_STYLE ('',( #8081 ) ) ;
#8151 = CARTESIAN_POINT ( 'NONE',  ( -7.099999999999998757, -0.001000000000000252423, 25.22500000000001208 ) ) ;
#8152 = DIRECTION ( 'NONE',  ( -3.771137991253928573E-16, -0.0000000000000000000, 1.000000000000000000 ) ) ;
#8153 =( NAMED_UNIT ( * ) SI_UNIT ( $, .STERADIAN. ) SOLID_ANGLE_UNIT ( ) );
#8154 = PLANE ( 'NONE',  #3810 ) ;
#8155 = ORIENTED_EDGE ( 'NONE', *, *, #4087, .T. ) ;
#8156 = FILL_AREA_STYLE_COLOUR ( '', #6158 ) ;
#8157 = DIRECTION ( 'NONE',  ( -9.427844978134821433E-17, 0.0000000000000000000, 1.000000000000000000 ) ) ;
#8158 = ORIENTED_EDGE ( 'NONE', *, *, #10346, .T. ) ;
#8159 = FILL_AREA_STYLE ('',( #11143 ) ) ;
#8160 = EDGE_CURVE ( 'NONE', #12082, #7776, #3498, .T. ) ;
#8161 = DIRECTION ( 'NONE',  ( 1.885568995626964287E-16, 0.0000000000000000000, -1.000000000000000000 ) ) ;
#8162 = ORIENTED_EDGE ( 'NONE', *, *, #10522, .F. ) ;
#8163 = VECTOR ( 'NONE', #5432, 1000.000000000000000 ) ;
#8164 = LINE ( 'NONE', #3911, #680 ) ;
#8165 = VERTEX_POINT ( 'NONE', #2548 ) ;
#8166 =( NAMED_UNIT ( * ) SI_UNIT ( $, .STERADIAN. ) SOLID_ANGLE_UNIT ( ) );
#8167 = SURFACE_SIDE_STYLE ('',( #12413 ) ) ;
#8168 = VECTOR ( 'NONE', #1843, 1000.000000000000000 ) ;
#8169 = ORIENTED_EDGE ( 'NONE', *, *, #4665, .T. ) ;
#8170 = DIRECTION ( 'NONE',  ( -0.0000000000000000000, -1.000000000000000000, -0.0000000000000000000 ) ) ;
#8171 = FACE_OUTER_BOUND ( 'NONE', #12779, .T. ) ;
#8172 = CARTESIAN_POINT ( 'NONE',  ( 9.500000000000003553, 1.000999999999999890, 22.92499999999999716 ) ) ;
#8173 = LINE ( 'NONE', #12088, #11166 ) ;
#8174 = ORIENTED_EDGE ( 'NONE', *, *, #12001, .T. ) ;
#8175 = ORIENTED_EDGE ( 'NONE', *, *, #4340, .F. ) ;
#8176 = AXIS2_PLACEMENT_3D ( 'NONE', #1049, #6259, #10382 ) ;
#8177 = ORIENTED_EDGE ( 'NONE', *, *, #10663, .T. ) ;
#8178 = CARTESIAN_POINT ( 'NONE',  ( -1.699999999999996625, 1.000999999999999890, 22.92500000000000782 ) ) ;
#8180 = EDGE_CURVE ( 'NONE', #12671, #12260, #5823, .T. ) ;
#8179 = LINE ( 'NONE', #8916, #10847 ) ;
#8181 = LINE ( 'NONE', #7234, #2329 ) ;
#8182 = AXIS2_PLACEMENT_3D ( 'NONE', #11521, #6751, #8713 ) ;
#8183 = ORIENTED_EDGE ( 'NONE', *, *, #13180, .F. ) ;
#8184 = PRESENTATION_LAYER_ASSIGNMENT (  '', '', ( #2112 ) ) ;
#8185 = SURFACE_STYLE_FILL_AREA ( #3044 ) ;
#8186 = VERTEX_POINT ( 'NONE', #1417 ) ;
#8187 = LINE ( 'NONE', #11231, #502 ) ;
#8188 = DIRECTION ( 'NONE',  ( 0.0000000000000000000, -0.0000000000000000000, -1.000000000000000000 ) ) ;
#8189 = ADVANCED_FACE ( 'NONE', ( #2699 ), #1479, .F. ) ;
#8190 = EDGE_CURVE ( 'NONE', #1123, #5625, #9653, .T. ) ;
#8191 = STYLED_ITEM ( 'NONE', ( #1333 ), #454 ) ;
#8192 = CARTESIAN_POINT ( 'NONE',  ( -2.499999999999996447, 1.000999999999999890, 25.22500000000000853 ) ) ;
#8193 = CARTESIAN_POINT ( 'NONE',  ( 1.100000000000001643, -0.001000000000000000021, 25.22500000000000497 ) ) ;
#8194 = CARTESIAN_POINT ( 'NONE',  ( -7.899999999999997691, 0.0000000000000000000, 25.22500000000000853 ) ) ;
#8196 = EDGE_CURVE ( 'NONE', #7172, #3818, #497, .T. ) ;
#8195 = SURFACE_SIDE_STYLE ('',( #11041 ) ) ;
#8197 = SURFACE_STYLE_USAGE ( .BOTH. , #9333 ) ;
#8198 = LINE ( 'NONE', #12316, #9111 ) ;
#8199 = ORIENTED_EDGE ( 'NONE', *, *, #10137, .F. ) ;
#8200 =( NAMED_UNIT ( * ) PLANE_ANGLE_UNIT ( ) SI_UNIT ( $, .RADIAN. ) );
#8201 = LINE ( 'NONE', #3064, #3233 ) ;
#8202 = PRESENTATION_STYLE_ASSIGNMENT (( #7186 ) ) ;
#8203 = ORIENTED_EDGE ( 'NONE', *, *, #4744, .F. ) ;
#8205 =( GEOMETRIC_REPRESENTATION_CONTEXT ( 3 ) GLOBAL_UNCERTAINTY_ASSIGNED_CONTEXT ( ( #3098 ) ) GLOBAL_UNIT_ASSIGNED_CONTEXT ( ( #8413, #908, #8166 ) ) REPRESENTATION_CONTEXT ( 'NONE', 'WORKASPACE' ) );
#8204 = CARTESIAN_POINT ( 'NONE',  ( 15.00000000000000000, 1.000000000000000000, 25.22500000000000853 ) ) ;
#8206 = DIRECTION ( 'NONE',  ( 9.427844978134821433E-17, 0.0000000000000000000, 1.000000000000000000 ) ) ;
#8207 = AXIS2_PLACEMENT_3D ( 'NONE', #12158, #4736, #12985 ) ;
#8208 = EDGE_CURVE ( 'NONE', #12297, #11969, #6739, .T. ) ;
#8209 = PRESENTATION_LAYER_ASSIGNMENT (  '', '', ( #6680 ) ) ;
#8210 = VERTEX_POINT ( 'NONE', #2836 ) ;
#8211 =( LENGTH_UNIT ( ) NAMED_UNIT ( * ) SI_UNIT ( .MILLI., .METRE. ) );
#8212 = SURFACE_SIDE_STYLE ('',( #11062 ) ) ;
#8213 = UNCERTAINTY_MEASURE_WITH_UNIT (LENGTH_MEASURE( 1.000000000000000082E-05 ), #1626, 'distance_accuracy_value', 'NONE');
#8214 = ORIENTED_EDGE ( 'NONE', *, *, #1930, .T. ) ;
#8215 = FILL_AREA_STYLE ('',( #6250 ) ) ;
#8216 = VERTEX_POINT ( 'NONE', #774 ) ;
#8217 = CARTESIAN_POINT ( 'NONE',  ( 3.300000000000000711, 0.0000000000000000000, 25.22500000000000853 ) ) ;
#8218 = STYLED_ITEM ( 'NONE', ( #8202 ), #5162 ) ;
#8219 = VECTOR ( 'NONE', #1775, 1000.000000000000000 ) ;
#8220 = VERTEX_POINT ( 'NONE', #1947 ) ;
#8221 = VECTOR ( 'NONE', #10964, 1000.000000000000000 ) ;
#8222 = FILL_AREA_STYLE ('',( #3091 ) ) ;
#8223 =( LENGTH_UNIT ( ) NAMED_UNIT ( * ) SI_UNIT ( .MILLI., .METRE. ) );
#8224 = UNCERTAINTY_MEASURE_WITH_UNIT (LENGTH_MEASURE( 1.000000000000000082E-05 ), #1277, 'distance_accuracy_value', 'NONE');
#8225 = ORIENTED_EDGE ( 'NONE', *, *, #1735, .F. ) ;
#8226 = VECTOR ( 'NONE', #5080, 1000.000000000000000 ) ;
#8227 = PRESENTATION_STYLE_ASSIGNMENT (( #1949 ) ) ;
#8228 = CARTESIAN_POINT ( 'NONE',  ( -5.899999999999995914, 1.000999999999999890, 22.92500000000001137 ) ) ;
#8229 = UNCERTAINTY_MEASURE_WITH_UNIT (LENGTH_MEASURE( 1.000000000000000082E-05 ), #8264, 'distance_accuracy_value', 'NONE');
#8230 = FACE_OUTER_BOUND ( 'NONE', #13137, .T. ) ;
#8231 = ORIENTED_EDGE ( 'NONE', *, *, #8208, .T. ) ;
#8232 = ORIENTED_EDGE ( 'NONE', *, *, #12258, .T. ) ;
#8233 = DIRECTION ( 'NONE',  ( -0.0000000000000000000, 0.0000000000000000000, 1.000000000000000000 ) ) ;
#8234 = VECTOR ( 'NONE', #12838, 1000.000000000000000 ) ;
#8235 = ORIENTED_EDGE ( 'NONE', *, *, #11837, .F. ) ;
#8236 = UNCERTAINTY_MEASURE_WITH_UNIT (LENGTH_MEASURE( 1.000000000000000082E-05 ), #11664, 'distance_accuracy_value', 'NONE');
#8237 =( LENGTH_UNIT ( ) NAMED_UNIT ( * ) SI_UNIT ( .MILLI., .METRE. ) );
#8238 = DIRECTION ( 'NONE',  ( 1.000000000000000000, 0.0000000000000000000, 0.0000000000000000000 ) ) ;
#8239 = SURFACE_SIDE_STYLE ('',( #1008 ) ) ;
#8240 = VERTEX_POINT ( 'NONE', #5889 ) ;
#8241 = CARTESIAN_POINT ( 'NONE',  ( -8.699999999999997513, 0.0000000000000000000, 22.92500000000001137 ) ) ;
#8242 = ORIENTED_EDGE ( 'NONE', *, *, #5805, .F. ) ;
#8243 = LINE ( 'NONE', #6357, #6363 ) ;
#8244 = CARTESIAN_POINT ( 'NONE',  ( -7.699999999999997513, -0.001000000000000252423, 22.92500000000001137 ) ) ;
#8245 = FILL_AREA_STYLE_COLOUR ( '', #349 ) ;
#8246 = AXIS2_PLACEMENT_3D ( 'NONE', #9371, #5329, #1318 ) ;
#8247 = MECHANICAL_DESIGN_GEOMETRIC_PRESENTATION_REPRESENTATION (  '', ( #4169 ), #5689 ) ;
#8248 = FILL_AREA_STYLE ('',( #13280 ) ) ;
#8249 = PRESENTATION_LAYER_ASSIGNMENT (  '', '', ( #5457 ) ) ;
#8250 = DIRECTION ( 'NONE',  ( 0.0000000000000000000, 0.0000000000000000000, -1.000000000000000000 ) ) ;
#8251 = COLOUR_RGB ( '',1.000000000000000000, 1.000000000000000000, 0.0000000000000000000 ) ;
#8252 =( LENGTH_UNIT ( ) NAMED_UNIT ( * ) SI_UNIT ( .MILLI., .METRE. ) );
#8253 = EDGE_CURVE ( 'NONE', #957, #1621, #9049, .T. ) ;
#8254 = SURFACE_STYLE_FILL_AREA ( #1218 ) ;
#8255 = VERTEX_POINT ( 'NONE', #1883 ) ;
#8256 = SURFACE_SIDE_STYLE ('',( #6235 ) ) ;
#8257 = CARTESIAN_POINT ( 'NONE',  ( -12.84999999999999964, 0.0000000000000000000, 25.47500000000000853 ) ) ;
#8258 = DIRECTION ( 'NONE',  ( -1.000000000000000000, -0.0000000000000000000, -0.0000000000000000000 ) ) ;
#8259 = EDGE_LOOP ( 'NONE', ( #9056, #1860, #7413, #4103 ) ) ;
#8260 = SURFACE_SIDE_STYLE ('',( #5298 ) ) ;
#8261 =( LENGTH_UNIT ( ) NAMED_UNIT ( * ) SI_UNIT ( .MILLI., .METRE. ) );
#8262 = STYLED_ITEM ( 'NONE', ( #8963 ), #6265 ) ;
#8263 = PRESENTATION_STYLE_ASSIGNMENT (( #13428 ) ) ;
#8264 =( LENGTH_UNIT ( ) NAMED_UNIT ( * ) SI_UNIT ( .MILLI., .METRE. ) );
#8265 = EDGE_CURVE ( 'NONE', #7480, #8037, #13123, .T. ) ;
#8266 = CARTESIAN_POINT ( 'NONE',  ( -3.099999999999997424, 0.0000000000000000000, 22.22500000000001208 ) ) ;
#8267 = VECTOR ( 'NONE', #4969, 1000.000000000000000 ) ;
#8268 = COLOUR_RGB ( '',1.000000000000000000, 1.000000000000000000, 0.0000000000000000000 ) ;
#8269 = ORIENTED_EDGE ( 'NONE', *, *, #12651, .F. ) ;
#8270 = CIRCLE ( 'NONE', #2441, 1.299999999999999156 ) ;
#8271 = EDGE_CURVE ( 'NONE', #10844, #1298, #7972, .T. ) ;
#8272 = LINE ( 'NONE', #11141, #6535 ) ;
#8273 = ORIENTED_EDGE ( 'NONE', *, *, #10022, .F. ) ;
#8274 = EDGE_CURVE ( 'NONE', #9987, #2849, #5960, .T. ) ;
#8275 = DIRECTION ( 'NONE',  ( 3.771137991253928573E-16, 0.0000000000000000000, -1.000000000000000000 ) ) ;
#8276 = EDGE_LOOP ( 'NONE', ( #3299, #9941, #13213, #5972 ) ) ;
#8277 = LINE ( 'NONE', #1172, #12595 ) ;
#8278 = MECHANICAL_DESIGN_GEOMETRIC_PRESENTATION_REPRESENTATION (  '', ( #8068 ), #5061 ) ;
#8279 = PRESENTATION_LAYER_ASSIGNMENT (  '', '', ( #3308 ) ) ;
#8280 = FILL_AREA_STYLE ('',( #266 ) ) ;
#8281 = STYLED_ITEM ( 'NONE', ( #9178 ), #6785 ) ;
#8282 = ORIENTED_EDGE ( 'NONE', *, *, #8665, .F. ) ;
#8283 = EDGE_CURVE ( 'NONE', #11812, #8095, #4048, .T. ) ;
#8284 = STYLED_ITEM ( 'NONE', ( #10384 ), #11169 ) ;
#8285 = CARTESIAN_POINT ( 'NONE',  ( -11.49999999999999645, 1.000000000000000000, 22.92500000000001137 ) ) ;
#8286 =( NAMED_UNIT ( * ) PLANE_ANGLE_UNIT ( ) SI_UNIT ( $, .RADIAN. ) );
#8287 = VECTOR ( 'NONE', #6254, 1000.000000000000000 ) ;
#8288 = VERTEX_POINT ( 'NONE', #3985 ) ;
#8289 = LINE ( 'NONE', #11408, #4669 ) ;
#8290 = STYLED_ITEM ( 'NONE', ( #4784 ), #11341 ) ;
#8291 = DIRECTION ( 'NONE',  ( -0.0000000000000000000, -1.000000000000000000, -0.0000000000000000000 ) ) ;
#8292 = VERTEX_POINT ( 'NONE', #10194 ) ;
#8293 = DIRECTION ( 'NONE',  ( 1.885568995626964287E-16, 0.0000000000000000000, -1.000000000000000000 ) ) ;
#8294 = ORIENTED_EDGE ( 'NONE', *, *, #45, .F. ) ;
#8295 = COLOUR_RGB ( '',1.000000000000000000, 1.000000000000000000, 0.0000000000000000000 ) ;
#8296 = FILL_AREA_STYLE ('',( #5198 ) ) ;
#8297 = VECTOR ( 'NONE', #1505, 1000.000000000000000 ) ;
#8298 = ORIENTED_EDGE ( 'NONE', *, *, #11522, .T. ) ;
#8299 = SURFACE_SIDE_STYLE ('',( #2024 ) ) ;
#8300 =( GEOMETRIC_REPRESENTATION_CONTEXT ( 3 ) GLOBAL_UNCERTAINTY_ASSIGNED_CONTEXT ( ( #5393 ) ) GLOBAL_UNIT_ASSIGNED_CONTEXT ( ( #6768, #6693, #8795 ) ) REPRESENTATION_CONTEXT ( 'NONE', 'WORKASPACE' ) );
#8301 = ORIENTED_EDGE ( 'NONE', *, *, #7844, .T. ) ;
#8302 =( LENGTH_UNIT ( ) NAMED_UNIT ( * ) SI_UNIT ( .MILLI., .METRE. ) );
#8303 = ORIENTED_EDGE ( 'NONE', *, *, #6555, .F. ) ;
#8304 = EDGE_CURVE ( 'NONE', #10314, #10075, #10067, .T. ) ;
#8305 = DIRECTION ( 'NONE',  ( -0.0000000000000000000, -1.000000000000000000, -0.0000000000000000000 ) ) ;
#8306 = ORIENTED_EDGE ( 'NONE', *, *, #11118, .F. ) ;
#8307 = CARTESIAN_POINT ( 'NONE',  ( -12.09999999999999609, 1.000000000000000000, 22.92500000000001137 ) ) ;
#8308 = SURFACE_STYLE_FILL_AREA ( #8578 ) ;
#8309 = SURFACE_SIDE_STYLE ('',( #3242 ) ) ;
#8310 = PRESENTATION_LAYER_ASSIGNMENT (  '', '', ( #7899 ) ) ;
#8311 =( NAMED_UNIT ( * ) SI_UNIT ( $, .STERADIAN. ) SOLID_ANGLE_UNIT ( ) );
#8312 = CARTESIAN_POINT ( 'NONE',  ( -9.200000000000004619, 3.399999999999999911, -19.67499999999999361 ) ) ;
#8313 =( GEOMETRIC_REPRESENTATION_CONTEXT ( 3 ) GLOBAL_UNCERTAINTY_ASSIGNED_CONTEXT ( ( #4316 ) ) GLOBAL_UNIT_ASSIGNED_CONTEXT ( ( #12289, #12226, #916 ) ) REPRESENTATION_CONTEXT ( 'NONE', 'WORKASPACE' ) );
#8314 = CARTESIAN_POINT ( 'NONE',  ( -0.8999999999999964695, 1.000999999999999890, 25.22500000000000853 ) ) ;
#8315 = LINE ( 'NONE', #12581, #215 ) ;
#8316 = VERTEX_POINT ( 'NONE', #6894 ) ;
#8317 =( NAMED_UNIT ( * ) SI_UNIT ( $, .STERADIAN. ) SOLID_ANGLE_UNIT ( ) );
#8318 = FILL_AREA_STYLE ('',( #4354 ) ) ;
#8319 = PLANE ( 'NONE',  #6068 ) ;
#8320 = ORIENTED_EDGE ( 'NONE', *, *, #1308, .T. ) ;
#8321 =( NAMED_UNIT ( * ) PLANE_ANGLE_UNIT ( ) SI_UNIT ( $, .RADIAN. ) );
#8322 = DIRECTION ( 'NONE',  ( 1.000000000000000000, 0.0000000000000000000, 0.0000000000000000000 ) ) ;
#8323 = AXIS2_PLACEMENT_3D ( 'NONE', #9983, #2757, #688 ) ;
#8324 = AXIS2_PLACEMENT_3D ( 'NONE', #12383, #13352, #12123 ) ;
#8325 = SURFACE_STYLE_FILL_AREA ( #11382 ) ;
#8326 =( NAMED_UNIT ( * ) PLANE_ANGLE_UNIT ( ) SI_UNIT ( $, .RADIAN. ) );
#8327 = DIRECTION ( 'NONE',  ( 0.0000000000000000000, 0.0000000000000000000, 1.000000000000000000 ) ) ;
#8328 =( NAMED_UNIT ( * ) SI_UNIT ( $, .STERADIAN. ) SOLID_ANGLE_UNIT ( ) );
#8329 = VERTEX_POINT ( 'NONE', #992 ) ;
#8330 =( LENGTH_UNIT ( ) NAMED_UNIT ( * ) SI_UNIT ( .MILLI., .METRE. ) );
#8331 = PRESENTATION_LAYER_ASSIGNMENT (  '', '', ( #1637 ) ) ;
#8332 = SURFACE_STYLE_FILL_AREA ( #11603 ) ;
#8333 = VERTEX_POINT ( 'NONE', #3920 ) ;
#8334 = SURFACE_SIDE_STYLE ('',( #3200 ) ) ;
#8335 = EDGE_CURVE ( 'NONE', #6178, #7332, #2011, .T. ) ;
#8336 =( LENGTH_UNIT ( ) NAMED_UNIT ( * ) SI_UNIT ( .MILLI., .METRE. ) );
#8337 = VERTEX_POINT ( 'NONE', #5074 ) ;
#8338 =( LENGTH_UNIT ( ) NAMED_UNIT ( * ) SI_UNIT ( .MILLI., .METRE. ) );
#8339 =( NAMED_UNIT ( * ) SI_UNIT ( $, .STERADIAN. ) SOLID_ANGLE_UNIT ( ) );
#8340 = ORIENTED_EDGE ( 'NONE', *, *, #12497, .T. ) ;
#8341 = EDGE_CURVE ( 'NONE', #10024, #12873, #12165, .T. ) ;
#8342 = EDGE_CURVE ( 'NONE', #8337, #3851, #5716, .T. ) ;
#8343 = STYLED_ITEM ( 'NONE', ( #4182 ), #10253 ) ;
#8344 = FILL_AREA_STYLE ('',( #5253 ) ) ;
#8345 = FILL_AREA_STYLE ('',( #6401 ) ) ;
#8346 = CARTESIAN_POINT ( 'NONE',  ( 6.700000000000002842, -0.001000000000000000021, 22.92500000000000071 ) ) ;
#8347 = LINE ( 'NONE', #8481, #2419 ) ;
#8348 = UNCERTAINTY_MEASURE_WITH_UNIT (LENGTH_MEASURE( 1.000000000000000082E-05 ), #10797, 'distance_accuracy_value', 'NONE');
#8349 = VERTEX_POINT ( 'NONE', #8038 ) ;
#8350 = CARTESIAN_POINT ( 'NONE',  ( 3.300000000000002043, -0.001000000000000000021, 25.22500000000000497 ) ) ;
#8351 = EDGE_CURVE ( 'NONE', #10327, #2139, #699, .T. ) ;
#8352 = CARTESIAN_POINT ( 'NONE',  ( 2.300000000000003819, 1.000999999999999890, 25.22500000000000497 ) ) ;
#8353 = UNCERTAINTY_MEASURE_WITH_UNIT (LENGTH_MEASURE( 1.000000000000000082E-05 ), #67, 'distance_accuracy_value', 'NONE');
#8354 = VECTOR ( 'NONE', #9965, 1000.000000000000000 ) ;
#8355 = EDGE_CURVE ( 'NONE', #8881, #4317, #2907, .T. ) ;
#8357 = MECHANICAL_DESIGN_GEOMETRIC_PRESENTATION_REPRESENTATION (  '', ( #3846 ), #11183 ) ;
#8356 = FILL_AREA_STYLE ('',( #9497 ) ) ;
#8358 = VERTEX_POINT ( 'NONE', #4113 ) ;
#8359 = FILL_AREA_STYLE_COLOUR ( '', #2393 ) ;
#8360 = VERTEX_POINT ( 'NONE', #9244 ) ;
#8361 = EDGE_CURVE ( 'NONE', #2849, #247, #2974, .T. ) ;
#8362 = SURFACE_SIDE_STYLE ('',( #10273 ) ) ;
#8363 = ADVANCED_FACE ( 'NONE', ( #847 ), #5003, .F. ) ;
#8364 = PRESENTATION_LAYER_ASSIGNMENT (  '', '', ( #8802 ) ) ;
#8365 = CARTESIAN_POINT ( 'NONE',  ( -12.84999999999999964, 0.0000000000000000000, 23.07499999999997797 ) ) ;
#8366 = ORIENTED_EDGE ( 'NONE', *, *, #1748, .F. ) ;
#8367 = CARTESIAN_POINT ( 'NONE',  ( 12.10000000000000320, -0.001000000000000000021, 25.22499999999999432 ) ) ;
#8368 = UNCERTAINTY_MEASURE_WITH_UNIT (LENGTH_MEASURE( 1.000000000000000082E-05 ), #5255, 'distance_accuracy_value', 'NONE');
#8369 = VERTEX_POINT ( 'NONE', #8105 ) ;
#8370 = SURFACE_STYLE_FILL_AREA ( #6480 ) ;
#8371 =( GEOMETRIC_REPRESENTATION_CONTEXT ( 3 ) GLOBAL_UNCERTAINTY_ASSIGNED_CONTEXT ( ( #8236 ) ) GLOBAL_UNIT_ASSIGNED_CONTEXT ( ( #11664, #12678, #7535 ) ) REPRESENTATION_CONTEXT ( 'NONE', 'WORKASPACE' ) );
#8372 = CARTESIAN_POINT ( 'NONE',  ( 15.00000000000000000, 1.000000000000000000, 25.22500000000000853 ) ) ;
#8373 = FILL_AREA_STYLE ('',( #11285 ) ) ;
#8374 = ORIENTED_EDGE ( 'NONE', *, *, #7528, .T. ) ;
#8375 = DIRECTION ( 'NONE',  ( -0.0000000000000000000, -1.000000000000000000, -0.0000000000000000000 ) ) ;
#8376 =( LENGTH_UNIT ( ) NAMED_UNIT ( * ) SI_UNIT ( .MILLI., .METRE. ) );
#8377 = ORIENTED_EDGE ( 'NONE', *, *, #10408, .F. ) ;
#8378 =( NAMED_UNIT ( * ) PLANE_ANGLE_UNIT ( ) SI_UNIT ( $, .RADIAN. ) );
#8379 = VECTOR ( 'NONE', #3014, 1000.000000000000000 ) ;
#8380 = FACE_OUTER_BOUND ( 'NONE', #2498, .T. ) ;
#8381 = FACE_OUTER_BOUND ( 'NONE', #3487, .T. ) ;
#8382 = SURFACE_STYLE_FILL_AREA ( #11432 ) ;
#8383 =( NAMED_UNIT ( * ) PLANE_ANGLE_UNIT ( ) SI_UNIT ( $, .RADIAN. ) );
#8384 = MECHANICAL_DESIGN_GEOMETRIC_PRESENTATION_REPRESENTATION (  '', ( #7539 ), #5591 ) ;
#8385 = COLOUR_RGB ( '',1.000000000000000000, 1.000000000000000000, 0.0000000000000000000 ) ;
#8386 = FILL_AREA_STYLE ('',( #4280 ) ) ;
#8387 = CARTESIAN_POINT ( 'NONE',  ( -10.89999999999999858, 0.0000000000000000000, 22.92500000000001137 ) ) ;
#8388 = SURFACE_SIDE_STYLE ('',( #8254 ) ) ;
#8389 = ORIENTED_EDGE ( 'NONE', *, *, #5144, .F. ) ;
#8390 =( NAMED_UNIT ( * ) PLANE_ANGLE_UNIT ( ) SI_UNIT ( $, .RADIAN. ) );
#8391 =( NAMED_UNIT ( * ) PLANE_ANGLE_UNIT ( ) SI_UNIT ( $, .RADIAN. ) );
#8392 = PRESENTATION_STYLE_ASSIGNMENT (( #4286 ) ) ;
#8393 = DIRECTION ( 'NONE',  ( 0.0000000000000000000, 0.7071067811865475727, 0.7071067811865475727 ) ) ;
#8394 = CARTESIAN_POINT ( 'NONE',  ( -9.499999999999998224, -0.001000000000000630810, 25.22500000000001208 ) ) ;
#8395 = EDGE_LOOP ( 'NONE', ( #2127, #9285, #5732, #9097 ) ) ;
#8396 = FILL_AREA_STYLE_COLOUR ( '', #6354 ) ;
#8397 = PRESENTATION_LAYER_ASSIGNMENT (  '', '', ( #11219 ) ) ;
#8398 = SURFACE_SIDE_STYLE ('',( #7191 ) ) ;
#8399 = CARTESIAN_POINT ( 'NONE',  ( 8.300000000000002487, -0.001000000000000000021, 25.22499999999999787 ) ) ;
#8400 = LINE ( 'NONE', #2374, #12818 ) ;
#8401 = EDGE_LOOP ( 'NONE', ( #2194, #9373, #8073, #3762 ) ) ;
#8402 = FACE_OUTER_BOUND ( 'NONE', #3942, .T. ) ;
#8403 = AXIS2_PLACEMENT_3D ( 'NONE', #12145, #8970, #8833 ) ;
#8404 = ORIENTED_EDGE ( 'NONE', *, *, #3710, .T. ) ;
#8405 = DIRECTION ( 'NONE',  ( -9.427844978134821433E-17, 0.0000000000000000000, 1.000000000000000000 ) ) ;
#8406 = SURFACE_STYLE_FILL_AREA ( #1382 ) ;
#8407 = VECTOR ( 'NONE', #11083, 1000.000000000000000 ) ;
#8408 = LINE ( 'NONE', #1241, #2173 ) ;
#8409 = ORIENTED_EDGE ( 'NONE', *, *, #3329, .F. ) ;
#8410 = LINE ( 'NONE', #4372, #697 ) ;
#8411 = CARTESIAN_POINT ( 'NONE',  ( 1.500000000000003553, 1.000999999999999890, 22.92500000000000426 ) ) ;
#8412 = ORIENTED_EDGE ( 'NONE', *, *, #2001, .T. ) ;
#8413 =( LENGTH_UNIT ( ) NAMED_UNIT ( * ) SI_UNIT ( .MILLI., .METRE. ) );
#8414 = EDGE_CURVE ( 'NONE', #1629, #11945, #6078, .T. ) ;
#8415 = AXIS2_PLACEMENT_3D ( 'NONE', #11241, #9086, #3126 ) ;
#8416 = SURFACE_STYLE_FILL_AREA ( #131 ) ;
#8417 = CARTESIAN_POINT ( 'NONE',  ( 6.700000000000002842, -0.001000000000000000021, 22.92500000000000071 ) ) ;
#8418 = ORIENTED_EDGE ( 'NONE', *, *, #200, .F. ) ;
#8419 = CARTESIAN_POINT ( 'NONE',  ( -10.09999999999999787, -0.001000000000000630810, 22.92500000000001137 ) ) ;
#8420 = LINE ( 'NONE', #4453, #2361 ) ;
#8421 = EDGE_CURVE ( 'NONE', #3047, #1629, #1747, .T. ) ;
#8422 =( NAMED_UNIT ( * ) PLANE_ANGLE_UNIT ( ) SI_UNIT ( $, .RADIAN. ) );
#8423 = EDGE_LOOP ( 'NONE', ( #6006, #7198, #5913, #4802 ) ) ;
#8424 = STYLED_ITEM ( 'NONE', ( #314 ), #5214 ) ;
#8425 =( GEOMETRIC_REPRESENTATION_CONTEXT ( 3 ) GLOBAL_UNCERTAINTY_ASSIGNED_CONTEXT ( ( #10687 ) ) GLOBAL_UNIT_ASSIGNED_CONTEXT ( ( #11717, #5299, #6769 ) ) REPRESENTATION_CONTEXT ( 'NONE', 'WORKASPACE' ) );
#8426 = CARTESIAN_POINT ( 'NONE',  ( 8.100000000000003197, -0.001000000000000000021, 22.92499999999999716 ) ) ;
#8427 = PRESENTATION_LAYER_ASSIGNMENT (  '', '', ( #11243 ) ) ;
#8428 = VERTEX_POINT ( 'NONE', #11406 ) ;
#8429 = ADVANCED_FACE ( 'NONE', ( #1055 ), #7341, .F. ) ;
#8430 = EDGE_CURVE ( 'NONE', #7555, #5412, #4384, .T. ) ;
#8431 = LINE ( 'NONE', #11756, #10299 ) ;
#8432 = PRESENTATION_LAYER_ASSIGNMENT (  '', '', ( #12994 ) ) ;
#8433 = ORIENTED_EDGE ( 'NONE', *, *, #11306, .F. ) ;
#8434 =( NAMED_UNIT ( * ) PLANE_ANGLE_UNIT ( ) SI_UNIT ( $, .RADIAN. ) );
#8435 = ORIENTED_EDGE ( 'NONE', *, *, #10271, .F. ) ;
#8436 = CARTESIAN_POINT ( 'NONE',  ( -11.49999999999999645, 1.000999999999999890, 22.92500000000001137 ) ) ;
#8437 = DIRECTION ( 'NONE',  ( 1.000000000000000000, 0.0000000000000000000, -0.0000000000000000000 ) ) ;
#8438 = CARTESIAN_POINT ( 'NONE',  ( 6.300000000000003375, 1.000000000000000000, 25.22500000000000142 ) ) ;
#8439 = MECHANICAL_DESIGN_GEOMETRIC_PRESENTATION_REPRESENTATION (  '', ( #870 ), #3053 ) ;
#8440 = ADVANCED_FACE ( 'NONE', ( #1118 ), #2201, .F. ) ;
#8441 = VERTEX_POINT ( 'NONE', #8484 ) ;
#8442 = DIRECTION ( 'NONE',  ( 0.0000000000000000000, -1.000000000000000000, 0.0000000000000000000 ) ) ;
#8443 = ORIENTED_EDGE ( 'NONE', *, *, #7194, .T. ) ;
#8444 = DIRECTION ( 'NONE',  ( 0.0000000000000000000, 0.0000000000000000000, 1.000000000000000000 ) ) ;
#8445 = PRESENTATION_LAYER_ASSIGNMENT (  '', '', ( #11054 ) ) ;
#8446 = STYLED_ITEM ( 'NONE', ( #12480 ), #12925 ) ;
#8447 = SURFACE_STYLE_USAGE ( .BOTH. , #9662 ) ;
#8448 = EDGE_CURVE ( 'NONE', #1608, #12238, #3364, .T. ) ;
#8449 = VERTEX_POINT ( 'NONE', #6334 ) ;
#8450 = CARTESIAN_POINT ( 'NONE',  ( 12.09999999999999964, 1.000000000000000000, -22.57499999999998863 ) ) ;
#8451 = PRESENTATION_STYLE_ASSIGNMENT (( #9461 ) ) ;
#8452 = STYLED_ITEM ( 'NONE', ( #12945 ), #2162 ) ;
#8453 = FILL_AREA_STYLE ('',( #11510 ) ) ;
#8454 = DIRECTION ( 'NONE',  ( 3.771137991253928573E-16, 0.0000000000000000000, -1.000000000000000000 ) ) ;
#8455 =( LENGTH_UNIT ( ) NAMED_UNIT ( * ) SI_UNIT ( .MILLI., .METRE. ) );
#8456 = CARTESIAN_POINT ( 'NONE',  ( 10.50000000000000178, -0.001000000000000000021, 25.22499999999999787 ) ) ;
#8457 = EDGE_LOOP ( 'NONE', ( #1287, #12885, #11589, #1504 ) ) ;
#8458 =( NAMED_UNIT ( * ) PLANE_ANGLE_UNIT ( ) SI_UNIT ( $, .RADIAN. ) );
#8459 =( GEOMETRIC_REPRESENTATION_CONTEXT ( 3 ) GLOBAL_UNCERTAINTY_ASSIGNED_CONTEXT ( ( #84 ) ) GLOBAL_UNIT_ASSIGNED_CONTEXT ( ( #3281, #3425, #4315 ) ) REPRESENTATION_CONTEXT ( 'NONE', 'WORKASPACE' ) );
#8460 = CARTESIAN_POINT ( 'NONE',  ( -2.849999999999997424, 1.000000000000000000, 21.27500000000000924 ) ) ;
#8461 = VECTOR ( 'NONE', #12240, 1000.000000000000000 ) ;
#8462 =( GEOMETRIC_REPRESENTATION_CONTEXT ( 3 ) GLOBAL_UNCERTAINTY_ASSIGNED_CONTEXT ( ( #10014 ) ) GLOBAL_UNIT_ASSIGNED_CONTEXT ( ( #946, #5029, #98 ) ) REPRESENTATION_CONTEXT ( 'NONE', 'WORKASPACE' ) );
#8463 =( NAMED_UNIT ( * ) SI_UNIT ( $, .STERADIAN. ) SOLID_ANGLE_UNIT ( ) );
#8464 = ORIENTED_EDGE ( 'NONE', *, *, #3162, .F. ) ;
#8465 = FILL_AREA_STYLE ('',( #259 ) ) ;
#8466 = FACE_OUTER_BOUND ( 'NONE', #690, .T. ) ;
#8467 =( GEOMETRIC_REPRESENTATION_CONTEXT ( 3 ) GLOBAL_UNCERTAINTY_ASSIGNED_CONTEXT ( ( #9449 ) ) GLOBAL_UNIT_ASSIGNED_CONTEXT ( ( #4165, #7142, #5124 ) ) REPRESENTATION_CONTEXT ( 'NONE', 'WORKASPACE' ) );
#8468 = EDGE_LOOP ( 'NONE', ( #6957, #10558, #11780, #4357 ) ) ;
#8469 = CARTESIAN_POINT ( 'NONE',  ( -11.09999999999999787, -0.001000000000000882995, 25.22500000000001208 ) ) ;
#8470 = PRESENTATION_STYLE_ASSIGNMENT (( #6447 ) ) ;
#8471 = COLOUR_RGB ( '',1.000000000000000000, 1.000000000000000000, 0.0000000000000000000 ) ;
#8472 = LINE ( 'NONE', #9693, #9728 ) ;
#8473 = ORIENTED_EDGE ( 'NONE', *, *, #6881, .T. ) ;
#8474 = DIRECTION ( 'NONE',  ( -0.0000000000000000000, 1.000000000000000000, -0.0000000000000000000 ) ) ;
#8475 = PRESENTATION_LAYER_ASSIGNMENT (  '', '', ( #4395 ) ) ;
#8476 = DIRECTION ( 'NONE',  ( -1.000000000000000000, 0.0000000000000000000, -0.0000000000000000000 ) ) ;
#8477 =( GEOMETRIC_REPRESENTATION_CONTEXT ( 3 ) GLOBAL_UNCERTAINTY_ASSIGNED_CONTEXT ( ( #3611 ) ) GLOBAL_UNIT_ASSIGNED_CONTEXT ( ( #10222, #5102, #804 ) ) REPRESENTATION_CONTEXT ( 'NONE', 'WORKASPACE' ) );
#8478 = CARTESIAN_POINT ( 'NONE',  ( 2.100000000000003642, 1.000999999999999890, 25.22500000000000497 ) ) ;
#8479 = CARTESIAN_POINT ( 'NONE',  ( 7.500000000000003553, -0.001000000000000000021, 22.92499999999999716 ) ) ;
#8480 = LINE ( 'NONE', #3423, #1825 ) ;
#8481 = CARTESIAN_POINT ( 'NONE',  ( -4.599999999999996092, 1.000000000000000000, 25.47500000000001208 ) ) ;
#8482 = UNCERTAINTY_MEASURE_WITH_UNIT (LENGTH_MEASURE( 1.000000000000000082E-05 ), #9064, 'distance_accuracy_value', 'NONE');
#8483 = ORIENTED_EDGE ( 'NONE', *, *, #8304, .F. ) ;
#8484 = CARTESIAN_POINT ( 'NONE',  ( -15.00000000000000533, 0.0000000000000000000, -25.47499999999999432 ) ) ;
#8485 = PRESENTATION_LAYER_ASSIGNMENT (  '', '', ( #6130 ) ) ;
#8486 =( GEOMETRIC_REPRESENTATION_CONTEXT ( 3 ) GLOBAL_UNCERTAINTY_ASSIGNED_CONTEXT ( ( #4864 ) ) GLOBAL_UNIT_ASSIGNED_CONTEXT ( ( #11028, #12106, #3173 ) ) REPRESENTATION_CONTEXT ( 'NONE', 'WORKASPACE' ) );
#8487 = DIRECTION ( 'NONE',  ( 1.000000000000000000, 0.0000000000000000000, 0.0000000000000000000 ) ) ;
#8488 = CARTESIAN_POINT ( 'NONE',  ( -3.099999999999997424, 0.0000000000000000000, 22.22500000000001208 ) ) ;
#8489 = CARTESIAN_POINT ( 'NONE',  ( 11.50000000000000355, -0.001000000000000000021, 25.22499999999999432 ) ) ;
#8490 = ORIENTED_EDGE ( 'NONE', *, *, #11740, .F. ) ;
#8491 = ORIENTED_EDGE ( 'NONE', *, *, #6272, .F. ) ;
#8492 = VECTOR ( 'NONE', #11616, 1000.000000000000000 ) ;
#8493 = EDGE_CURVE ( 'NONE', #8716, #8739, #1187, .T. ) ;
#8494 =( NAMED_UNIT ( * ) PLANE_ANGLE_UNIT ( ) SI_UNIT ( $, .RADIAN. ) );
#8495 = ORIENTED_EDGE ( 'NONE', *, *, #7787, .F. ) ;
#8496 = DIRECTION ( 'NONE',  ( 1.000000000000000000, 0.0000000000000000000, 3.771137991253928573E-16 ) ) ;
#8497 = UNCERTAINTY_MEASURE_WITH_UNIT (LENGTH_MEASURE( 1.000000000000000082E-05 ), #13357, 'distance_accuracy_value', 'NONE');
#8498 = VERTEX_POINT ( 'NONE', #2338 ) ;
#8499 = DIRECTION ( 'NONE',  ( -1.000000000000000000, -0.0000000000000000000, -0.0000000000000000000 ) ) ;
#8500 = LINE ( 'NONE', #11632, #5757 ) ;
#8501 = ORIENTED_EDGE ( 'NONE', *, *, #9261, .T. ) ;
#8502 = VECTOR ( 'NONE', #1091, 1000.000000000000000 ) ;
#8503 = EDGE_CURVE ( 'NONE', #4547, #8749, #1322, .T. ) ;
#8504 = DIRECTION ( 'NONE',  ( -0.0000000000000000000, -1.000000000000000000, -0.0000000000000000000 ) ) ;
#8505 = ORIENTED_EDGE ( 'NONE', *, *, #13370, .T. ) ;
#8506 =( NAMED_UNIT ( * ) SI_UNIT ( $, .STERADIAN. ) SOLID_ANGLE_UNIT ( ) );
#8507 = VECTOR ( 'NONE', #12239, 1000.000000000000000 ) ;
#8508 = STYLED_ITEM ( 'NONE', ( #5166 ), #11692 ) ;
#8509 = ADVANCED_FACE ( 'NONE', ( #7221 ), #6203, .F. ) ;
#8510 = EDGE_CURVE ( 'NONE', #13303, #8886, #11743, .T. ) ;
#8511 = PLANE ( 'NONE',  #6014 ) ;
#8512 = VECTOR ( 'NONE', #5846, 1000.000000000000000 ) ;
#8513 = ADVANCED_FACE ( 'NONE', ( #5669 ), #552, .F. ) ;
#8514 = ORIENTED_EDGE ( 'NONE', *, *, #8414, .F. ) ;
#8515 = PRESENTATION_LAYER_ASSIGNMENT (  '', '', ( #8099 ) ) ;
#8516 = DIRECTION ( 'NONE',  ( 0.0000000000000000000, -0.0000000000000000000, -1.000000000000000000 ) ) ;
#8517 = VECTOR ( 'NONE', #6492, 1000.000000000000000 ) ;
#8518 = FILL_AREA_STYLE ('',( #6564 ) ) ;
#8519 = UNCERTAINTY_MEASURE_WITH_UNIT (LENGTH_MEASURE( 1.000000000000000082E-05 ), #12453, 'distance_accuracy_value', 'NONE');
#8520 = DIRECTION ( 'NONE',  ( -9.427844978134821433E-17, -0.0000000000000000000, -1.000000000000000000 ) ) ;
#8521 = ORIENTED_EDGE ( 'NONE', *, *, #4075, .T. ) ;
#8522 = DIRECTION ( 'NONE',  ( 0.0000000000000000000, -0.0000000000000000000, 1.000000000000000000 ) ) ;
#8523 = DIRECTION ( 'NONE',  ( 1.000000000000000000, 0.0000000000000000000, 0.0000000000000000000 ) ) ;
#8524 = EDGE_CURVE ( 'NONE', #40, #4035, #10782, .T. ) ;
#8525 = SURFACE_STYLE_FILL_AREA ( #246 ) ;
#8526 = VERTEX_POINT ( 'NONE', #11818 ) ;
#8527 = EDGE_CURVE ( 'NONE', #2325, #5556, #5594, .T. ) ;
#8528 =( NAMED_UNIT ( * ) PLANE_ANGLE_UNIT ( ) SI_UNIT ( $, .RADIAN. ) );
#8529 = AXIS2_PLACEMENT_3D ( 'NONE', #10513, #2192, #1307 ) ;
#8530 = EDGE_CURVE ( 'NONE', #540, #4486, #2535, .T. ) ;
#8531 = VECTOR ( 'NONE', #8976, 1000.000000000000000 ) ;
#8532 = SURFACE_SIDE_STYLE ('',( #253 ) ) ;
#8533 = EDGE_CURVE ( 'NONE', #10544, #11130, #4650, .T. ) ;
#8534 = DIRECTION ( 'NONE',  ( -9.427844978134821433E-17, -0.0000000000000000000, -1.000000000000000000 ) ) ;
#8535 = CARTESIAN_POINT ( 'NONE',  ( 1.100000000000002087, -0.001000000000000000021, 22.92500000000000426 ) ) ;
#8536 = CARTESIAN_POINT ( 'NONE',  ( -4.599999999999995204, 0.0000000000000000000, 22.22500000000001208 ) ) ;
#8537 = MECHANICAL_DESIGN_GEOMETRIC_PRESENTATION_REPRESENTATION (  '', ( #11343 ), #12644 ) ;
#8538 = ORIENTED_EDGE ( 'NONE', *, *, #7285, .T. ) ;
#8539 = SURFACE_SIDE_STYLE ('',( #12741 ) ) ;
#8540 = ORIENTED_EDGE ( 'NONE', *, *, #5309, .T. ) ;
#8541 = DIRECTION ( 'NONE',  ( -1.000000000000000000, 0.0000000000000000000, -9.427844978134821433E-17 ) ) ;
#8542 = FILL_AREA_STYLE ('',( #2317 ) ) ;
#8543 =( GEOMETRIC_REPRESENTATION_CONTEXT ( 3 ) GLOBAL_UNCERTAINTY_ASSIGNED_CONTEXT ( ( #4982 ) ) GLOBAL_UNIT_ASSIGNED_CONTEXT ( ( #10263, #1119, #7222 ) ) REPRESENTATION_CONTEXT ( 'NONE', 'WORKASPACE' ) );
#8544 = ORIENTED_EDGE ( 'NONE', *, *, #5886, .T. ) ;
#8545 =( LENGTH_UNIT ( ) NAMED_UNIT ( * ) SI_UNIT ( .MILLI., .METRE. ) );
#8546 = CARTESIAN_POINT ( 'NONE',  ( 7.900000000000003908, 1.000999999999999890, 22.92499999999999716 ) ) ;
#8547 = PRESENTATION_STYLE_ASSIGNMENT (( #6396 ) ) ;
#8548 = DIRECTION ( 'NONE',  ( 0.0000000000000000000, 0.0000000000000000000, -1.000000000000000000 ) ) ;
#8549 = STYLED_ITEM ( 'NONE', ( #2044 ), #9103 ) ;
#8550 = CARTESIAN_POINT ( 'NONE',  ( 8.100000000000003197, -0.001000000000000000021, 25.22499999999999787 ) ) ;
#8551 =( GEOMETRIC_REPRESENTATION_CONTEXT ( 3 ) GLOBAL_UNCERTAINTY_ASSIGNED_CONTEXT ( ( #12829 ) ) GLOBAL_UNIT_ASSIGNED_CONTEXT ( ( #4394, #8494, #8631 ) ) REPRESENTATION_CONTEXT ( 'NONE', 'WORKASPACE' ) );
#8552 = DIRECTION ( 'NONE',  ( 1.000000000000000000, 0.0000000000000000000, 0.0000000000000000000 ) ) ;
#8553 =( GEOMETRIC_REPRESENTATION_CONTEXT ( 3 ) GLOBAL_UNCERTAINTY_ASSIGNED_CONTEXT ( ( #13140 ) ) GLOBAL_UNIT_ASSIGNED_CONTEXT ( ( #12927, #6622, #2712 ) ) REPRESENTATION_CONTEXT ( 'NONE', 'WORKASPACE' ) );
#8554 = SURFACE_SIDE_STYLE ('',( #2332 ) ) ;
#8555 = EDGE_CURVE ( 'NONE', #5181, #12671, #10650, .T. ) ;
#8556 = PLANE ( 'NONE',  #895 ) ;
#8557 = ORIENTED_EDGE ( 'NONE', *, *, #3831, .T. ) ;
#8558 = DIRECTION ( 'NONE',  ( 0.0000000000000000000, 0.0000000000000000000, 1.000000000000000000 ) ) ;
#8559 = FILL_AREA_STYLE_COLOUR ( '', #10282 ) ;
#8560 = DIRECTION ( 'NONE',  ( 0.0000000000000000000, 0.0000000000000000000, -1.000000000000000000 ) ) ;
#8561 = PLANE ( 'NONE',  #1810 ) ;
#8562 = ORIENTED_EDGE ( 'NONE', *, *, #3836, .F. ) ;
#8563 = PRESENTATION_STYLE_ASSIGNMENT (( #487 ) ) ;
#8564 =( GEOMETRIC_REPRESENTATION_CONTEXT ( 3 ) GLOBAL_UNCERTAINTY_ASSIGNED_CONTEXT ( ( #3761 ) ) GLOBAL_UNIT_ASSIGNED_CONTEXT ( ( #1536, #5679, #9852 ) ) REPRESENTATION_CONTEXT ( 'NONE', 'WORKASPACE' ) );
#8565 = CARTESIAN_POINT ( 'NONE',  ( 8.700000000000002842, 1.000999999999999890, 25.22499999999999787 ) ) ;
#8566 = CARTESIAN_POINT ( 'NONE',  ( -8.699999999999997513, -0.001000000000000504609, 22.92500000000001137 ) ) ;
#8567 = ORIENTED_EDGE ( 'NONE', *, *, #5759, .T. ) ;
#8568 = VECTOR ( 'NONE', #6647, 1000.000000000000000 ) ;
#8569 = AXIS2_PLACEMENT_3D ( 'NONE', #7660, #5637, #5568 ) ;
#8570 = CARTESIAN_POINT ( 'NONE',  ( 2.700000000000002398, -0.001000000000000000021, 22.92500000000000426 ) ) ;
#8571 = ORIENTED_EDGE ( 'NONE', *, *, #11740, .T. ) ;
#8572 = CARTESIAN_POINT ( 'NONE',  ( 0.5000000000000038858, 1.000000000000000000, 22.92500000000000426 ) ) ;
#8573 = DIRECTION ( 'NONE',  ( -0.0000000000000000000, 1.000000000000000000, -0.0000000000000000000 ) ) ;
#8574 = EDGE_LOOP ( 'NONE', ( #10540, #13393, #12368, #3648 ) ) ;
#8575 = CARTESIAN_POINT ( 'NONE',  ( 3.700000000000003730, 1.000999999999999890, 25.22500000000000142 ) ) ;
#8576 = PLANE ( 'NONE',  #2031 ) ;
#8577 = ORIENTED_EDGE ( 'NONE', *, *, #9203, .F. ) ;
#8578 = FILL_AREA_STYLE ('',( #10343 ) ) ;
#8579 = SURFACE_SIDE_STYLE ('',( #11838 ) ) ;
#8580 = FACE_OUTER_BOUND ( 'NONE', #9840, .T. ) ;
#8581 = AXIS2_PLACEMENT_3D ( 'NONE', #6741, #3988, #11890 ) ;
#8582 = EDGE_CURVE ( 'NONE', #7569, #7781, #3484, .T. ) ;
#8583 = ORIENTED_EDGE ( 'NONE', *, *, #12759, .F. ) ;
#8584 = FILL_AREA_STYLE ('',( #3576 ) ) ;
#8585 = DIRECTION ( 'NONE',  ( -0.0000000000000000000, -1.000000000000000000, -0.0000000000000000000 ) ) ;
#8586 = STYLED_ITEM ( 'NONE', ( #2129 ), #1336 ) ;
#8587 = ORIENTED_EDGE ( 'NONE', *, *, #3359, .T. ) ;
#8588 = DIRECTION ( 'NONE',  ( 1.000000000000000000, 0.0000000000000000000, 0.0000000000000000000 ) ) ;
#8589 = FILL_AREA_STYLE_COLOUR ( '', #9955 ) ;
#8590 = DIRECTION ( 'NONE',  ( -0.0000000000000000000, -1.000000000000000000, -0.0000000000000000000 ) ) ;
#8591 = ADVANCED_FACE ( 'NONE', ( #12275 ), #7014, .F. ) ;
#8592 = EDGE_CURVE ( 'NONE', #7235, #540, #13304, .T. ) ;
#8593 = ORIENTED_EDGE ( 'NONE', *, *, #7966, .T. ) ;
#8594 = DIRECTION ( 'NONE',  ( 1.000000000000000000, 0.0000000000000000000, 0.0000000000000000000 ) ) ;
#8595 = SURFACE_STYLE_USAGE ( .BOTH. , #9470 ) ;
#8596 =( GEOMETRIC_REPRESENTATION_CONTEXT ( 3 ) GLOBAL_UNCERTAINTY_ASSIGNED_CONTEXT ( ( #5148 ) ) GLOBAL_UNIT_ASSIGNED_CONTEXT ( ( #5090, #7171, #13401 ) ) REPRESENTATION_CONTEXT ( 'NONE', 'WORKASPACE' ) );
#8597 = FILL_AREA_STYLE ('',( #6571 ) ) ;
#8598 = VECTOR ( 'NONE', #12805, 1000.000000000000000 ) ;
#8599 = EDGE_CURVE ( 'NONE', #5412, #4547, #7909, .T. ) ;
#8600 = CARTESIAN_POINT ( 'NONE',  ( 1.700000000000000400, 0.0000000000000000000, 22.92500000000000426 ) ) ;
#8601 = FILL_AREA_STYLE_COLOUR ( '', #12649 ) ;
#8602 = ORIENTED_EDGE ( 'NONE', *, *, #10350, .T. ) ;
#8603 = LINE ( 'NONE', #2381, #1534 ) ;
#8604 = CARTESIAN_POINT ( 'NONE',  ( -8.499999999999998224, -0.001000000000000378407, 25.22500000000001208 ) ) ;
#8605 = ORIENTED_EDGE ( 'NONE', *, *, #6294, .F. ) ;
#8606 = CARTESIAN_POINT ( 'NONE',  ( 1.700000000000001954, -0.001000000000000000021, 25.22500000000000497 ) ) ;
#8607 =( NAMED_UNIT ( * ) SI_UNIT ( $, .STERADIAN. ) SOLID_ANGLE_UNIT ( ) );
#8608 =( LENGTH_UNIT ( ) NAMED_UNIT ( * ) SI_UNIT ( .MILLI., .METRE. ) );
#8609 = LINE ( 'NONE', #12746, #195 ) ;
#8610 = EDGE_CURVE ( 'NONE', #11969, #8037, #3839, .T. ) ;
#8611 = ORIENTED_EDGE ( 'NONE', *, *, #6372, .F. ) ;
#8612 = FILL_AREA_STYLE_COLOUR ( '', #6569 ) ;
#8613 = SURFACE_STYLE_USAGE ( .BOTH. , #1387 ) ;
#8614 = CARTESIAN_POINT ( 'NONE',  ( 7.100000000000004086, 1.000999999999999890, 25.22499999999999787 ) ) ;
#8615 = ORIENTED_EDGE ( 'NONE', *, *, #8030, .F. ) ;
#8616 = SURFACE_STYLE_USAGE ( .BOTH. , #1458 ) ;
#8617 = SURFACE_STYLE_FILL_AREA ( #412 ) ;
#8618 = VECTOR ( 'NONE', #10202, 1000.000000000000000 ) ;
#8619 = LINE ( 'NONE', #9435, #3542 ) ;
#8620 = FILL_AREA_STYLE ('',( #3361 ) ) ;
#8621 = UNCERTAINTY_MEASURE_WITH_UNIT (LENGTH_MEASURE( 1.000000000000000082E-05 ), #2908, 'distance_accuracy_value', 'NONE');
#8622 = ORIENTED_EDGE ( 'NONE', *, *, #2754, .T. ) ;
#8623 = DIRECTION ( 'NONE',  ( 1.885568995626964287E-16, 0.0000000000000000000, -1.000000000000000000 ) ) ;
#8624 = CARTESIAN_POINT ( 'NONE',  ( -1.299999999999998268, -0.001000000000000000021, 22.92500000000000782 ) ) ;
#8625 = CARTESIAN_POINT ( 'NONE',  ( 8.300000000000004263, -0.001000000000000000021, 22.92499999999999716 ) ) ;
#8626 = CARTESIAN_POINT ( 'NONE',  ( 2.700000000000001954, 0.0000000000000000000, 25.22500000000000497 ) ) ;
#8627 = ORIENTED_EDGE ( 'NONE', *, *, #3210, .F. ) ;
#8628 = LINE ( 'NONE', #1468, #8234 ) ;
#8629 =( GEOMETRIC_REPRESENTATION_CONTEXT ( 3 ) GLOBAL_UNCERTAINTY_ASSIGNED_CONTEXT ( ( #7692 ) ) GLOBAL_UNIT_ASSIGNED_CONTEXT ( ( #1734, #5748, #5946 ) ) REPRESENTATION_CONTEXT ( 'NONE', 'WORKASPACE' ) );
#8630 = SURFACE_STYLE_USAGE ( .BOTH. , #4523 ) ;
#8631 =( NAMED_UNIT ( * ) SI_UNIT ( $, .STERADIAN. ) SOLID_ANGLE_UNIT ( ) );
#8632 = UNCERTAINTY_MEASURE_WITH_UNIT (LENGTH_MEASURE( 1.000000000000000082E-05 ), #6045, 'distance_accuracy_value', 'NONE');
#8633 = VECTOR ( 'NONE', #11914, 1000.000000000000000 ) ;
#8634 = ORIENTED_EDGE ( 'NONE', *, *, #1567, .T. ) ;
#8635 = PRESENTATION_STYLE_ASSIGNMENT (( #6666 ) ) ;
#8636 = LINE ( 'NONE', #12982, #9199 ) ;
#8637 =( GEOMETRIC_REPRESENTATION_CONTEXT ( 3 ) GLOBAL_UNCERTAINTY_ASSIGNED_CONTEXT ( ( #5421 ) ) GLOBAL_UNIT_ASSIGNED_CONTEXT ( ( #12462, #4504, #8607 ) ) REPRESENTATION_CONTEXT ( 'NONE', 'WORKASPACE' ) );
#8638 =( NAMED_UNIT ( * ) PLANE_ANGLE_UNIT ( ) SI_UNIT ( $, .RADIAN. ) );
#8639 = DIRECTION ( 'NONE',  ( -1.000000000000000000, 0.0000000000000000000, -0.0000000000000000000 ) ) ;
#8640 = EDGE_LOOP ( 'NONE', ( #1560, #4083, #3673, #643 ) ) ;
#8641 = LINE ( 'NONE', #11894, #9581 ) ;
#8642 = EDGE_LOOP ( 'NONE', ( #8174, #7652, #10774, #12582 ) ) ;
#8643 =( GEOMETRIC_REPRESENTATION_CONTEXT ( 3 ) GLOBAL_UNCERTAINTY_ASSIGNED_CONTEXT ( ( #4592 ) ) GLOBAL_UNIT_ASSIGNED_CONTEXT ( ( #1364, #12586, #10489 ) ) REPRESENTATION_CONTEXT ( 'NONE', 'WORKASPACE' ) );
#8644 = AXIS2_PLACEMENT_3D ( 'NONE', #654, #11787, #9877 ) ;
#8645 = CARTESIAN_POINT ( 'NONE',  ( 15.00000000000000000, -1.350000000000000089, -19.67499999999999361 ) ) ;
#8646 = ORIENTED_EDGE ( 'NONE', *, *, #1078, .T. ) ;
#8647 = AXIS2_PLACEMENT_3D ( 'NONE', #8071, #1020, #1974 ) ;
#8648 = LINE ( 'NONE', #9668, #9157 ) ;
#8649 =( NAMED_UNIT ( * ) SI_UNIT ( $, .STERADIAN. ) SOLID_ANGLE_UNIT ( ) );
#8650 =( NAMED_UNIT ( * ) PLANE_ANGLE_UNIT ( ) SI_UNIT ( $, .RADIAN. ) );
#8651 = SURFACE_STYLE_FILL_AREA ( #8518 ) ;
#8652 = UNCERTAINTY_MEASURE_WITH_UNIT (LENGTH_MEASURE( 1.000000000000000082E-05 ), #6485, 'distance_accuracy_value', 'NONE');
#8653 = CARTESIAN_POINT ( 'NONE',  ( 1.500000000000003553, 1.000999999999999890, 25.22500000000000497 ) ) ;
#8654 = FACE_OUTER_BOUND ( 'NONE', #10793, .T. ) ;
#8655 = CARTESIAN_POINT ( 'NONE',  ( 6.900000000000003020, 1.000999999999999890, 22.92500000000000071 ) ) ;
#8656 = STYLED_ITEM ( 'NONE', ( #3629 ), #12752 ) ;
#8657 = DIRECTION ( 'NONE',  ( -1.000000000000000000, -0.0000000000000000000, -0.0000000000000000000 ) ) ;
#8658 = ORIENTED_EDGE ( 'NONE', *, *, #8845, .F. ) ;
#8659 = CARTESIAN_POINT ( 'NONE',  ( -12.84999999999999964, -0.3500000000000000333, 25.47500000000001208 ) ) ;
#8660 = SURFACE_STYLE_USAGE ( .BOTH. , #12875 ) ;
#8661 = VECTOR ( 'NONE', #11581, 1000.000000000000000 ) ;
#8662 = SURFACE_STYLE_USAGE ( .BOTH. , #4551 ) ;
#8663 = MECHANICAL_DESIGN_GEOMETRIC_PRESENTATION_REPRESENTATION (  '', ( #3261 ), #9525 ) ;
#8664 = FILL_AREA_STYLE_COLOUR ( '', #9680 ) ;
#8665 = EDGE_CURVE ( 'NONE', #2538, #1058, #8887, .T. ) ;
#8666 = CARTESIAN_POINT ( 'NONE',  ( 7.500000000000002665, -0.001000000000000000021, 25.22499999999999787 ) ) ;
#8667 = PLANE ( 'NONE',  #9632 ) ;
#8668 = ORIENTED_EDGE ( 'NONE', *, *, #12342, .F. ) ;
#8669 = CARTESIAN_POINT ( 'NONE',  ( 4.300000000000001599, 0.0000000000000000000, 25.22500000000000142 ) ) ;
#8670 = FACE_OUTER_BOUND ( 'NONE', #10416, .T. ) ;
#8671 = LINE ( 'NONE', #4830, #6985 ) ;
#8672 = ORIENTED_EDGE ( 'NONE', *, *, #1769, .T. ) ;
#8673 = DIRECTION ( 'NONE',  ( -9.427844978134821433E-17, 0.0000000000000000000, 1.000000000000000000 ) ) ;
#8674 = CARTESIAN_POINT ( 'NONE',  ( -0.6999999999999972911, 0.0000000000000000000, 22.92500000000000782 ) ) ;
#8675 = CARTESIAN_POINT ( 'NONE',  ( 9.199999999999999289, -1.350000000000000089, -25.47499999999999432 ) ) ;
#8676 = ORIENTED_EDGE ( 'NONE', *, *, #12471, .T. ) ;
#8677 = DIRECTION ( 'NONE',  ( 0.0000000000000000000, 0.0000000000000000000, -1.000000000000000000 ) ) ;
#8678 = AXIS2_PLACEMENT_3D ( 'NONE', #5887, #10065, #6664 ) ;
#8679 = CARTESIAN_POINT ( 'NONE',  ( 11.70000000000000462, 1.000999999999999890, 25.22499999999999432 ) ) ;
#8680 = EDGE_CURVE ( 'NONE', #12400, #7018, #12070, .T. ) ;
#8681 = STYLED_ITEM ( 'NONE', ( #8880 ), #2160 ) ;
#8682 = LINE ( 'NONE', #12822, #10830 ) ;
#8683 = CARTESIAN_POINT ( 'NONE',  ( -12.09999999999999609, 1.000999999999999890, 25.22500000000001208 ) ) ;
#8684 = DIRECTION ( 'NONE',  ( 1.000000000000000000, 0.0000000000000000000, 0.0000000000000000000 ) ) ;
#8685 = EDGE_CURVE ( 'NONE', #10199, #2929, #10181, .T. ) ;
#8686 = STYLED_ITEM ( 'NONE', ( #1592 ), #6285 ) ;
#8687 = PRESENTATION_LAYER_ASSIGNMENT (  '', '', ( #4169 ) ) ;
#8688 = EDGE_CURVE ( 'NONE', #3519, #5822, #13042, .T. ) ;
#8689 = LINE ( 'NONE', #12828, #709 ) ;
#8690 = VECTOR ( 'NONE', #4610, 1000.000000000000000 ) ;
#8691 = VERTEX_POINT ( 'NONE', #10115 ) ;
#8692 = CARTESIAN_POINT ( 'NONE',  ( 5.500000000000003553, 1.000000000000000000, 25.22500000000000142 ) ) ;
#8693 = DIRECTION ( 'NONE',  ( 1.885568995626964287E-16, 0.0000000000000000000, -1.000000000000000000 ) ) ;
#8694 = ORIENTED_EDGE ( 'NONE', *, *, #11255, .T. ) ;
#8695 = VECTOR ( 'NONE', #714, 1000.000000000000000 ) ;
#8696 = DIRECTION ( 'NONE',  ( 0.0000000000000000000, 1.000000000000000000, 0.0000000000000000000 ) ) ;
#8697 = EDGE_CURVE ( 'NONE', #12937, #3402, #6009, .T. ) ;
#8698 = EDGE_CURVE ( 'NONE', #9974, #1451, #7892, .T. ) ;
#8699 = VECTOR ( 'NONE', #11746, 1000.000000000000000 ) ;
#8700 = AXIS2_PLACEMENT_3D ( 'NONE', #9490, #203, #12615 ) ;
#8701 = PLANE ( 'NONE',  #9701 ) ;
#8702 = EDGE_CURVE ( 'NONE', #10577, #10395, #761, .T. ) ;
#8703 = VECTOR ( 'NONE', #2620, 1000.000000000000000 ) ;
#8704 = CARTESIAN_POINT ( 'NONE',  ( 11.10000000000000320, 1.000000000000000000, 22.92499999999999361 ) ) ;
#8705 = VECTOR ( 'NONE', #11819, 1000.000000000000000 ) ;
#8706 = ORIENTED_EDGE ( 'NONE', *, *, #9833, .T. ) ;
#8707 = LINE ( 'NONE', #566, #9829 ) ;
#8708 = PRESENTATION_LAYER_ASSIGNMENT (  '', '', ( #5714 ) ) ;
#8709 = LINE ( 'NONE', #5690, #198 ) ;
#8710 = DIRECTION ( 'NONE',  ( 1.000000000000000000, 0.0000000000000000000, 0.0000000000000000000 ) ) ;
#8711 = ORIENTED_EDGE ( 'NONE', *, *, #9434, .F. ) ;
#8712 = CARTESIAN_POINT ( 'NONE',  ( 5.900000000000001243, -0.001000000000000000021, 25.22500000000000142 ) ) ;
#8713 = DIRECTION ( 'NONE',  ( -9.427844978134821433E-17, 0.0000000000000000000, 1.000000000000000000 ) ) ;
#8714 =( GEOMETRIC_REPRESENTATION_CONTEXT ( 3 ) GLOBAL_UNCERTAINTY_ASSIGNED_CONTEXT ( ( #6724 ) ) GLOBAL_UNIT_ASSIGNED_CONTEXT ( ( #12930, #580, #13002 ) ) REPRESENTATION_CONTEXT ( 'NONE', 'WORKASPACE' ) );
#8715 = FILL_AREA_STYLE_COLOUR ( '', #480 ) ;
#8716 = VERTEX_POINT ( 'NONE', #12010 ) ;
#8717 = DIRECTION ( 'NONE',  ( -1.000000000000000000, -0.0000000000000000000, -0.0000000000000000000 ) ) ;
#8718 = STYLED_ITEM ( 'NONE', ( #7882 ), #7063 ) ;
#8719 = CARTESIAN_POINT ( 'NONE',  ( -11.69999999999999929, -8.831319514063742788E-16, 22.92500000000001137 ) ) ;
#8720 = CARTESIAN_POINT ( 'NONE',  ( 11.50000000000000355, 0.0000000000000000000, 25.22499999999999432 ) ) ;
#8721 = EDGE_CURVE ( 'NONE', #6151, #2989, #8023, .T. ) ;
#8722 = VECTOR ( 'NONE', #5799, 1000.000000000000000 ) ;
#8723 = ORIENTED_EDGE ( 'NONE', *, *, #9678, .F. ) ;
#8724 = CARTESIAN_POINT ( 'NONE',  ( -9.499999999999998224, -0.001000000000000630810, 25.22500000000001208 ) ) ;
#8725 = DIRECTION ( 'NONE',  ( 1.000000000000000000, 0.0000000000000000000, -0.0000000000000000000 ) ) ;
#8726 = VECTOR ( 'NONE', #11467, 1000.000000000000000 ) ;
#8727 = PRESENTATION_STYLE_ASSIGNMENT (( #6302 ) ) ;
#8728 = VERTEX_POINT ( 'NONE', #13114 ) ;
#8729 = LINE ( 'NONE', #12047, #8633 ) ;
#8730 = DIRECTION ( 'NONE',  ( -1.000000000000000000, 0.0000000000000000000, -9.427844978134821433E-17 ) ) ;
#8731 =( GEOMETRIC_REPRESENTATION_CONTEXT ( 3 ) GLOBAL_UNCERTAINTY_ASSIGNED_CONTEXT ( ( #11762 ) ) GLOBAL_UNIT_ASSIGNED_CONTEXT ( ( #4879, #12170, #5902 ) ) REPRESENTATION_CONTEXT ( 'NONE', 'WORKASPACE' ) );
#8732 = PLANE ( 'NONE',  #9252 ) ;
#8733 = CARTESIAN_POINT ( 'NONE',  ( -9.299999999999997158, -0.001000000000000504609, 22.92500000000001137 ) ) ;
#8734 =( LENGTH_UNIT ( ) NAMED_UNIT ( * ) SI_UNIT ( .MILLI., .METRE. ) );
#8735 = ORIENTED_EDGE ( 'NONE', *, *, #7189, .F. ) ;
#8736 = LINE ( 'NONE', #12882, #2696 ) ;
#8737 = FILL_AREA_STYLE_COLOUR ( '', #11036 ) ;
#8738 =( NAMED_UNIT ( * ) SI_UNIT ( $, .STERADIAN. ) SOLID_ANGLE_UNIT ( ) );
#8739 = VERTEX_POINT ( 'NONE', #12137 ) ;
#8740 = COLOUR_RGB ( '',1.000000000000000000, 1.000000000000000000, 0.0000000000000000000 ) ;
#8741 = LINE ( 'NONE', #10980, #11676 ) ;
#8742 = SURFACE_STYLE_FILL_AREA ( #7805 ) ;
#8743 =( LENGTH_UNIT ( ) NAMED_UNIT ( * ) SI_UNIT ( .MILLI., .METRE. ) );
#8744 = VERTEX_POINT ( 'NONE', #5876 ) ;
#8745 = FILL_AREA_STYLE ('',( #11732 ) ) ;
#8746 = DIRECTION ( 'NONE',  ( -0.0000000000000000000, 1.000000000000000000, -0.0000000000000000000 ) ) ;
#8747 = DIRECTION ( 'NONE',  ( 0.0000000000000000000, 1.000000000000000000, 0.0000000000000000000 ) ) ;
#8748 =( LENGTH_UNIT ( ) NAMED_UNIT ( * ) SI_UNIT ( .MILLI., .METRE. ) );
#8749 = VERTEX_POINT ( 'NONE', #834 ) ;
#8750 = VECTOR ( 'NONE', #5020, 1000.000000000000000 ) ;
#8751 = CARTESIAN_POINT ( 'NONE',  ( -9.299999999999998934, -0.001000000000000504609, 25.22500000000001208 ) ) ;
#8752 = CARTESIAN_POINT ( 'NONE',  ( -9.200000000000004619, 3.399999999999999911, -19.67499999999999361 ) ) ;
#8753 =( NAMED_UNIT ( * ) SI_UNIT ( $, .STERADIAN. ) SOLID_ANGLE_UNIT ( ) );
#8754 = EDGE_CURVE ( 'NONE', #2547, #3687, #117, .T. ) ;
#8755 = DIRECTION ( 'NONE',  ( -1.000000000000000000, -0.0000000000000000000, -0.0000000000000000000 ) ) ;
#8756 = CARTESIAN_POINT ( 'NONE',  ( 7.300000000000002487, -0.001000000000000000021, 25.22500000000000142 ) ) ;
#8757 = ORIENTED_EDGE ( 'NONE', *, *, #11952, .F. ) ;
#8758 = DIRECTION ( 'NONE',  ( 9.427844978134821433E-17, 0.0000000000000000000, 1.000000000000000000 ) ) ;
#8759 = AXIS2_PLACEMENT_3D ( 'NONE', #8831, #12975, #252 ) ;
#8760 =( NAMED_UNIT ( * ) PLANE_ANGLE_UNIT ( ) SI_UNIT ( $, .RADIAN. ) );
#8761 = ORIENTED_EDGE ( 'NONE', *, *, #10137, .T. ) ;
#8762 = ADVANCED_FACE ( 'NONE', ( #55 ), #3343, .F. ) ;
#8763 = EDGE_CURVE ( 'NONE', #1761, #11239, #10247, .T. ) ;
#8764 = PRESENTATION_LAYER_ASSIGNMENT (  '', '', ( #537 ) ) ;
#8765 = VECTOR ( 'NONE', #4963, 1000.000000000000000 ) ;
#8766 = SURFACE_SIDE_STYLE ('',( #12427 ) ) ;
#8767 = EDGE_CURVE ( 'NONE', #10010, #3731, #5127, .T. ) ;
#8768 = ADVANCED_FACE ( 'NONE', ( #2249 ), #9234, .F. ) ;
#8769 = FACE_BOUND ( 'NONE', #4885, .T. ) ;
#8770 = UNCERTAINTY_MEASURE_WITH_UNIT (LENGTH_MEASURE( 1.000000000000000082E-05 ), #4801, 'distance_accuracy_value', 'NONE');
#8771 = ORIENTED_EDGE ( 'NONE', *, *, #4925, .T. ) ;
#8772 = CARTESIAN_POINT ( 'NONE',  ( 3.300000000000002043, -0.001000000000000000021, 25.22500000000000497 ) ) ;
#8773 = LINE ( 'NONE', #11831, #10062 ) ;
#8774 = PRESENTATION_STYLE_ASSIGNMENT (( #3438 ) ) ;
#8775 = VECTOR ( 'NONE', #586, 1000.000000000000000 ) ;
#8776 =( NAMED_UNIT ( * ) PLANE_ANGLE_UNIT ( ) SI_UNIT ( $, .RADIAN. ) );
#8777 =( LENGTH_UNIT ( ) NAMED_UNIT ( * ) SI_UNIT ( .MILLI., .METRE. ) );
#8778 = EDGE_CURVE ( 'NONE', #2929, #1871, #12403, .T. ) ;
#8779 = ORIENTED_EDGE ( 'NONE', *, *, #2312, .F. ) ;
#8780 = FACE_OUTER_BOUND ( 'NONE', #5308, .T. ) ;
#8781 = CARTESIAN_POINT ( 'NONE',  ( 7.300000000000000711, 0.0000000000000000000, 22.92500000000000071 ) ) ;
#8782 = DIRECTION ( 'NONE',  ( 1.000000000000000000, 0.0000000000000000000, 0.0000000000000000000 ) ) ;
#8783 = MECHANICAL_DESIGN_GEOMETRIC_PRESENTATION_REPRESENTATION (  '', ( #1223 ), #2977 ) ;
#8784 = LINE ( 'NONE', #5832, #7301 ) ;
#8785 = VERTEX_POINT ( 'NONE', #13369 ) ;
#8786 = PLANE ( 'NONE',  #10462 ) ;
#8787 = UNCERTAINTY_MEASURE_WITH_UNIT (LENGTH_MEASURE( 1.000000000000000082E-05 ), #6371, 'distance_accuracy_value', 'NONE');
#8788 = DIRECTION ( 'NONE',  ( -0.0000000000000000000, -1.000000000000000000, -0.0000000000000000000 ) ) ;
#8789 = SURFACE_STYLE_FILL_AREA ( #1553 ) ;
#8790 = EDGE_LOOP ( 'NONE', ( #10204, #10781, #6393, #8129 ) ) ;
#8791 = SURFACE_STYLE_USAGE ( .BOTH. , #377 ) ;
#8792 =( NAMED_UNIT ( * ) SI_UNIT ( $, .STERADIAN. ) SOLID_ANGLE_UNIT ( ) );
#8793 = CARTESIAN_POINT ( 'NONE',  ( -4.849999999999997868, 3.399999999999999911, 22.27500000000000568 ) ) ;
#8794 = LINE ( 'NONE', #10897, #695 ) ;
#8795 =( NAMED_UNIT ( * ) SI_UNIT ( $, .STERADIAN. ) SOLID_ANGLE_UNIT ( ) );
#8796 = AXIS2_PLACEMENT_3D ( 'NONE', #8266, #5119, #12267 ) ;
#8797 = PLANE ( 'NONE',  #5862 ) ;
#8798 = LINE ( 'NONE', #1636, #7374 ) ;
#8799 = CARTESIAN_POINT ( 'NONE',  ( 4.700000000000004619, 1.000999999999999890, 22.92500000000000071 ) ) ;
#8800 = LINE ( 'NONE', #1844, #4942 ) ;
#8801 = CARTESIAN_POINT ( 'NONE',  ( -1.899999999999996581, 1.000999999999999890, 25.22500000000000853 ) ) ;
#8802 = STYLED_ITEM ( 'NONE', ( #4824 ), #1079 ) ;
#8803 = ORIENTED_EDGE ( 'NONE', *, *, #4755, .F. ) ;
#8804 = DIRECTION ( 'NONE',  ( 1.000000000000000000, 0.0000000000000000000, 0.0000000000000000000 ) ) ;
#8805 = LINE ( 'NONE', #6708, #7807 ) ;
#8806 = ORIENTED_EDGE ( 'NONE', *, *, #12996, .F. ) ;
#8807 = DIRECTION ( 'NONE',  ( -0.0000000000000000000, -1.000000000000000000, -0.0000000000000000000 ) ) ;
#8808 = CARTESIAN_POINT ( 'NONE',  ( -0.8999999999999980238, 1.000000000000000000, 25.22500000000000853 ) ) ;
#8809 = CARTESIAN_POINT ( 'NONE',  ( 0.7000000000000036193, 1.000999999999999890, 22.92500000000000426 ) ) ;
#8810 = VECTOR ( 'NONE', #11566, 1000.000000000000000 ) ;
#8811 = CARTESIAN_POINT ( 'NONE',  ( 7.300000000000002487, -0.001000000000000000021, 22.92500000000000071 ) ) ;
#8812 = ORIENTED_EDGE ( 'NONE', *, *, #9112, .F. ) ;
#8813 = DIRECTION ( 'NONE',  ( -0.0000000000000000000, 1.000000000000000000, -0.0000000000000000000 ) ) ;
#8814 = DIRECTION ( 'NONE',  ( 0.0000000000000000000, 0.0000000000000000000, -1.000000000000000000 ) ) ;
#8815 = PRESENTATION_LAYER_ASSIGNMENT (  '', '', ( #3859 ) ) ;
#8816 = VECTOR ( 'NONE', #1501, 1000.000000000000000 ) ;
#8817 = FILL_AREA_STYLE_COLOUR ( '', #1986 ) ;
#8818 = LINE ( 'NONE', #5739, #12283 ) ;
#8819 = SURFACE_STYLE_FILL_AREA ( #752 ) ;
#8820 = DIRECTION ( 'NONE',  ( 1.000000000000000000, 0.0000000000000000000, -0.0000000000000000000 ) ) ;
#8821 = LINE ( 'NONE', #6722, #11520 ) ;
#8822 =( GEOMETRIC_REPRESENTATION_CONTEXT ( 3 ) GLOBAL_UNCERTAINTY_ASSIGNED_CONTEXT ( ( #12420 ) ) GLOBAL_UNIT_ASSIGNED_CONTEXT ( ( #8082, #7069, #7704 ) ) REPRESENTATION_CONTEXT ( 'NONE', 'WORKASPACE' ) );
#8823 =( LENGTH_UNIT ( ) NAMED_UNIT ( * ) SI_UNIT ( .MILLI., .METRE. ) );
#8824 = ORIENTED_EDGE ( 'NONE', *, *, #8448, .T. ) ;
#8825 = VECTOR ( 'NONE', #4917, 1000.000000000000000 ) ;
#8826 = FACE_OUTER_BOUND ( 'NONE', #5841, .T. ) ;
#8827 = LINE ( 'NONE', #1403, #7196 ) ;
#8828 = VERTEX_POINT ( 'NONE', #3138 ) ;
#8829 = CARTESIAN_POINT ( 'NONE',  ( 9.300000000000002487, 1.000999999999999890, 25.22499999999999787 ) ) ;
#8830 = EDGE_CURVE ( 'NONE', #9738, #12551, #11318, .T. ) ;
#8831 = CARTESIAN_POINT ( 'NONE',  ( 13.65000000000000036, -0.3500000000000000333, 23.07500000000000995 ) ) ;
#8832 = MECHANICAL_DESIGN_GEOMETRIC_PRESENTATION_REPRESENTATION (  '', ( #2130 ), #3874 ) ;
#8833 = DIRECTION ( 'NONE',  ( 0.0000000000000000000, -0.0000000000000000000, -1.000000000000000000 ) ) ;
#8834 = DIRECTION ( 'NONE',  ( 1.000000000000000000, 0.0000000000000000000, 0.0000000000000000000 ) ) ;
#8835 = EDGE_CURVE ( 'NONE', #773, #8428, #1103, .T. ) ;
#8836 =( NAMED_UNIT ( * ) PLANE_ANGLE_UNIT ( ) SI_UNIT ( $, .RADIAN. ) );
#8837 = ORIENTED_EDGE ( 'NONE', *, *, #2311, .F. ) ;
#8838 = DIRECTION ( 'NONE',  ( 1.000000000000000000, 0.0000000000000000000, 0.0000000000000000000 ) ) ;
#8839 = DIRECTION ( 'NONE',  ( -3.771137991253928573E-16, -0.0000000000000000000, 1.000000000000000000 ) ) ;
#8840 = CARTESIAN_POINT ( 'NONE',  ( 2.700000000000001954, -0.001000000000000000021, 25.22500000000000497 ) ) ;
#8841 = SURFACE_STYLE_USAGE ( .BOTH. , #9861 ) ;
#8842 = AXIS2_PLACEMENT_3D ( 'NONE', #10455, #8560, #10526 ) ;
#8843 = ORIENTED_EDGE ( 'NONE', *, *, #7618, .F. ) ;
#8844 =( NAMED_UNIT ( * ) SI_UNIT ( $, .STERADIAN. ) SOLID_ANGLE_UNIT ( ) );
#8845 = EDGE_CURVE ( 'NONE', #1071, #11874, #11864, .T. ) ;
#8846 = CARTESIAN_POINT ( 'NONE',  ( 9.900000000000002132, -0.001000000000000000021, 25.22499999999999787 ) ) ;
#8847 = LINE ( 'NONE', #12991, #13377 ) ;
#8848 = PRESENTATION_STYLE_ASSIGNMENT (( #8989 ) ) ;
#8849 = VECTOR ( 'NONE', #6428, 1000.000000000000000 ) ;
#8850 = MECHANICAL_DESIGN_GEOMETRIC_PRESENTATION_REPRESENTATION (  '', ( #1290 ), #3901 ) ;
#8851 = ORIENTED_EDGE ( 'NONE', *, *, #6773, .F. ) ;
#8852 = EDGE_CURVE ( 'NONE', #2989, #12224, #12815, .T. ) ;
#8853 =( NAMED_UNIT ( * ) SI_UNIT ( $, .STERADIAN. ) SOLID_ANGLE_UNIT ( ) );
#8854 =( NAMED_UNIT ( * ) SI_UNIT ( $, .STERADIAN. ) SOLID_ANGLE_UNIT ( ) );
#8855 = EDGE_CURVE ( 'NONE', #7440, #6375, #12954, .T. ) ;
#8856 = FILL_AREA_STYLE ('',( #6974 ) ) ;
#8857 = ORIENTED_EDGE ( 'NONE', *, *, #8123, .T. ) ;
#8858 = CARTESIAN_POINT ( 'NONE',  ( -4.599999999999995204, 1.000000000000000000, 22.22500000000001208 ) ) ;
#8859 = LINE ( 'NONE', #11975, #3753 ) ;
#8860 = DIRECTION ( 'NONE',  ( -0.0000000000000000000, -0.0000000000000000000, -1.000000000000000000 ) ) ;
#8861 = ORIENTED_EDGE ( 'NONE', *, *, #3225, .F. ) ;
#8862 = DIRECTION ( 'NONE',  ( 0.0000000000000000000, 0.0000000000000000000, -1.000000000000000000 ) ) ;
#8863 = STYLED_ITEM ( 'NONE', ( #13290 ), #5206 ) ;
#8864 = VECTOR ( 'NONE', #2578, 1000.000000000000000 ) ;
#8865 = MECHANICAL_DESIGN_GEOMETRIC_PRESENTATION_REPRESENTATION (  '', ( #8015 ), #1297 ) ;
#8866 = ADVANCED_FACE ( 'NONE', ( #5577 ), #4635, .F. ) ;
#8867 = SURFACE_SIDE_STYLE ('',( #2655 ) ) ;
#8868 = CARTESIAN_POINT ( 'NONE',  ( 15.00000000000000000, 1.000000000000000000, 25.22500000000000853 ) ) ;
#8869 = COLOUR_RGB ( '',1.000000000000000000, 1.000000000000000000, 0.0000000000000000000 ) ;
#8870 = EDGE_LOOP ( 'NONE', ( #6042, #7621, #6389, #7628 ) ) ;
#8871 = DIRECTION ( 'NONE',  ( -1.000000000000000000, 0.0000000000000000000, 0.0000000000000000000 ) ) ;
#8872 = ORIENTED_EDGE ( 'NONE', *, *, #5314, .T. ) ;
#8873 = DIRECTION ( 'NONE',  ( -1.000000000000000000, -0.0000000000000000000, -0.0000000000000000000 ) ) ;
#8874 = FILL_AREA_STYLE ('',( #8559 ) ) ;
#8875 = LINE ( 'NONE', #2519, #4334 ) ;
#8876 = SURFACE_SIDE_STYLE ('',( #8742 ) ) ;
#8877 = FILL_AREA_STYLE ('',( #605 ) ) ;
#8878 = VERTEX_POINT ( 'NONE', #1572 ) ;
#8879 = DIRECTION ( 'NONE',  ( 0.0000000000000000000, 0.0000000000000000000, -1.000000000000000000 ) ) ;
#8880 = PRESENTATION_STYLE_ASSIGNMENT (( #1984 ) ) ;
#8881 = VERTEX_POINT ( 'NONE', #6580 ) ;
#8882 = VECTOR ( 'NONE', #6816, 1000.000000000000000 ) ;
#8883 =( NAMED_UNIT ( * ) SI_UNIT ( $, .STERADIAN. ) SOLID_ANGLE_UNIT ( ) );
#8884 = FILL_AREA_STYLE ('',( #3607 ) ) ;
#8885 = SURFACE_SIDE_STYLE ('',( #5940 ) ) ;
#8886 = VERTEX_POINT ( 'NONE', #11803 ) ;
#8887 = LINE ( 'NONE', #6065, #3147 ) ;
#8888 = SURFACE_STYLE_USAGE ( .BOTH. , #6882 ) ;
#8889 = MECHANICAL_DESIGN_GEOMETRIC_PRESENTATION_REPRESENTATION (  '', ( #8452 ), #5897 ) ;
#8890 = ORIENTED_EDGE ( 'NONE', *, *, #1089, .F. ) ;
#8891 = EDGE_LOOP ( 'NONE', ( #8571, #1047, #122, #4163 ) ) ;
#8892 = SURFACE_SIDE_STYLE ('',( #1812 ) ) ;
#8893 = AXIS2_PLACEMENT_3D ( 'NONE', #5521, #6402, #5392 ) ;
#8894 = COLOUR_RGB ( '',0.0000000000000000000, 0.7529411764705882248, 0.0000000000000000000 ) ;
#8895 = STYLED_ITEM ( 'NONE', ( #4413 ), #2336 ) ;
#8896 = SURFACE_SIDE_STYLE ('',( #11886 ) ) ;
#8897 = UNCERTAINTY_MEASURE_WITH_UNIT (LENGTH_MEASURE( 1.000000000000000082E-05 ), #1475, 'distance_accuracy_value', 'NONE');
#8898 = VERTEX_POINT ( 'NONE', #2591 ) ;
#8899 = CARTESIAN_POINT ( 'NONE',  ( 5.300000000000002487, 1.000000000000000000, 22.92500000000000071 ) ) ;
#8900 = PRESENTATION_STYLE_ASSIGNMENT (( #12086 ) ) ;
#8901 = CARTESIAN_POINT ( 'NONE',  ( -7.299999999999995381, 1.000000000000000000, 25.22500000000001208 ) ) ;
#8902 = AXIS2_PLACEMENT_3D ( 'NONE', #9568, #10779, #13111 ) ;
#8903 = CARTESIAN_POINT ( 'NONE',  ( 4.700000000000004619, 1.000000000000000000, 25.22500000000000142 ) ) ;
#8904 = DIRECTION ( 'NONE',  ( 1.000000000000000000, 0.0000000000000000000, 0.0000000000000000000 ) ) ;
#8905 = ORIENTED_EDGE ( 'NONE', *, *, #10087, .F. ) ;
#8906 = DIRECTION ( 'NONE',  ( -1.021426973097236944E-16, 0.0000000000000000000, -1.000000000000000000 ) ) ;
#8907 = EDGE_CURVE ( 'NONE', #10213, #1792, #397, .T. ) ;
#8908 = DIRECTION ( 'NONE',  ( 0.0000000000000000000, -0.0000000000000000000, -1.000000000000000000 ) ) ;
#8909 = DIRECTION ( 'NONE',  ( -0.0000000000000000000, -1.000000000000000000, -0.0000000000000000000 ) ) ;
#8910 = FILL_AREA_STYLE_COLOUR ( '', #5097 ) ;
#8911 = ORIENTED_EDGE ( 'NONE', *, *, #11331, .F. ) ;
#8912 = DIRECTION ( 'NONE',  ( -0.0000000000000000000, -1.000000000000000000, -0.0000000000000000000 ) ) ;
#8913 = PRESENTATION_STYLE_ASSIGNMENT (( #4946 ) ) ;
#8914 = UNCERTAINTY_MEASURE_WITH_UNIT (LENGTH_MEASURE( 1.000000000000000082E-05 ), #8748, 'distance_accuracy_value', 'NONE');
#8915 = FILL_AREA_STYLE_COLOUR ( '', #9560 ) ;
#8917 = EDGE_CURVE ( 'NONE', #4416, #6823, #3535, .T. ) ;
#8916 = CARTESIAN_POINT ( 'NONE',  ( 4.900000000000002132, -0.001000000000000000021, 22.92500000000000071 ) ) ;
#8918 =( NAMED_UNIT ( * ) PLANE_ANGLE_UNIT ( ) SI_UNIT ( $, .RADIAN. ) );
#8919 = ORIENTED_EDGE ( 'NONE', *, *, #11516, .F. ) ;
#8920 =( GEOMETRIC_REPRESENTATION_CONTEXT ( 3 ) GLOBAL_UNCERTAINTY_ASSIGNED_CONTEXT ( ( #2834 ) ) GLOBAL_UNIT_ASSIGNED_CONTEXT ( ( #12632, #12776, #10726 ) ) REPRESENTATION_CONTEXT ( 'NONE', 'WORKASPACE' ) );
#8921 = PLANE ( 'NONE',  #11049 ) ;
#8922 = PRESENTATION_LAYER_ASSIGNMENT (  '', '', ( #2677 ) ) ;
#8923 = CARTESIAN_POINT ( 'NONE',  ( 10.70000000000000107, -0.001000000000000000021, 25.22499999999999432 ) ) ;
#8924 = VERTEX_POINT ( 'NONE', #5728 ) ;
#8925 = FILL_AREA_STYLE ('',( #3720 ) ) ;
#8926 = DIRECTION ( 'NONE',  ( -0.0000000000000000000, 1.000000000000000000, -0.0000000000000000000 ) ) ;
#8927 = EDGE_CURVE ( 'NONE', #8898, #11969, #5442, .T. ) ;
#8928 = ADVANCED_FACE ( 'NONE', ( #3668 ), #4437, .F. ) ;
#8929 = EDGE_CURVE ( 'NONE', #7595, #2804, #12676, .T. ) ;
#8930 =( LENGTH_UNIT ( ) NAMED_UNIT ( * ) SI_UNIT ( .MILLI., .METRE. ) );
#8931 = VECTOR ( 'NONE', #5258, 1000.000000000000000 ) ;
#8932 = STYLED_ITEM ( 'NONE', ( #11703 ), #5567 ) ;
#8933 = FILL_AREA_STYLE_COLOUR ( '', #6999 ) ;
#8934 = MECHANICAL_DESIGN_GEOMETRIC_PRESENTATION_REPRESENTATION (  '', ( #4858 ), #2691 ) ;
#8935 = DIRECTION ( 'NONE',  ( -1.000000000000000000, 0.0000000000000000000, 0.0000000000000000000 ) ) ;
#8936 = ORIENTED_EDGE ( 'NONE', *, *, #6454, .F. ) ;
#8938 = EDGE_CURVE ( 'NONE', #4769, #10075, #10700, .T. ) ;
#8937 =( NAMED_UNIT ( * ) PLANE_ANGLE_UNIT ( ) SI_UNIT ( $, .RADIAN. ) );
#8939 = COLOUR_RGB ( '',1.000000000000000000, 1.000000000000000000, 0.0000000000000000000 ) ;
#8940 = EDGE_CURVE ( 'NONE', #6623, #2856, #328, .T. ) ;
#8941 = DIRECTION ( 'NONE',  ( -0.0000000000000000000, 1.000000000000000000, -0.0000000000000000000 ) ) ;
#8942 = ORIENTED_EDGE ( 'NONE', *, *, #8835, .F. ) ;
#8943 = DIRECTION ( 'NONE',  ( -3.771137991253928573E-16, -0.0000000000000000000, 1.000000000000000000 ) ) ;
#8944 = FACE_OUTER_BOUND ( 'NONE', #6646, .T. ) ;
#8945 = CARTESIAN_POINT ( 'NONE',  ( -8.299999999999995381, 1.000999999999999890, 25.22500000000001208 ) ) ;
#8946 = SURFACE_SIDE_STYLE ('',( #1514 ) ) ;
#8947 = VERTEX_POINT ( 'NONE', #3468 ) ;
#8948 = DIRECTION ( 'NONE',  ( 4.135216867644355278E-17, 0.0000000000000000000, -1.000000000000000000 ) ) ;
#8949 = AXIS2_PLACEMENT_3D ( 'NONE', #10100, #819, #5042 ) ;
#8950 = CARTESIAN_POINT ( 'NONE',  ( -10.89999999999999858, -7.569702440626064542E-16, 22.92500000000001137 ) ) ;
#8951 = DIRECTION ( 'NONE',  ( 0.0000000000000000000, -0.0000000000000000000, 1.000000000000000000 ) ) ;
#8952 = EDGE_CURVE ( 'NONE', #5181, #6128, #11727, .T. ) ;
#8953 = COLOUR_RGB ( '',1.000000000000000000, 1.000000000000000000, 0.0000000000000000000 ) ;
#8954 = EDGE_CURVE ( 'NONE', #12950, #4471, #12196, .T. ) ;
#8955 = ORIENTED_EDGE ( 'NONE', *, *, #11918, .F. ) ;
#8956 = PRESENTATION_LAYER_ASSIGNMENT (  '', '', ( #1401 ) ) ;
#8957 = LINE ( 'NONE', #13104, #4276 ) ;
#8958 = CARTESIAN_POINT ( 'NONE',  ( 6.100000000000003197, 1.000999999999999890, 22.92500000000000071 ) ) ;
#8959 = CARTESIAN_POINT ( 'NONE',  ( 0.3000000000000020983, -0.001000000000000000021, 22.92500000000000426 ) ) ;
#8960 = SURFACE_SIDE_STYLE ('',( #5873 ) ) ;
#8961 = VECTOR ( 'NONE', #12309, 1000.000000000000000 ) ;
#8962 = CARTESIAN_POINT ( 'NONE',  ( 9.500000000000003553, 1.000999999999999890, 25.22499999999999787 ) ) ;
#8963 = PRESENTATION_STYLE_ASSIGNMENT (( #3549 ) ) ;
#8964 = VERTEX_POINT ( 'NONE', #3953 ) ;
#8965 = DIRECTION ( 'NONE',  ( -0.0000000000000000000, -1.000000000000000000, -0.0000000000000000000 ) ) ;
#8966 = VECTOR ( 'NONE', #11179, 1000.000000000000000 ) ;
#8967 = VERTEX_POINT ( 'NONE', #13025 ) ;
#8968 = DIRECTION ( 'NONE',  ( -0.0000000000000000000, 1.000000000000000000, -0.0000000000000000000 ) ) ;
#8969 = ORIENTED_EDGE ( 'NONE', *, *, #11758, .F. ) ;
#8970 = DIRECTION ( 'NONE',  ( 0.0000000000000000000, -1.000000000000000000, 0.0000000000000000000 ) ) ;
#8971 = EDGE_CURVE ( 'NONE', #4890, #5126, #2664, .T. ) ;
#8972 =( GEOMETRIC_REPRESENTATION_CONTEXT ( 3 ) GLOBAL_UNCERTAINTY_ASSIGNED_CONTEXT ( ( #3645 ) ) GLOBAL_UNIT_ASSIGNED_CONTEXT ( ( #13142, #8918, #583 ) ) REPRESENTATION_CONTEXT ( 'NONE', 'WORKASPACE' ) );
#8973 =( LENGTH_UNIT ( ) NAMED_UNIT ( * ) SI_UNIT ( .MILLI., .METRE. ) );
#8974 = ORIENTED_EDGE ( 'NONE', *, *, #11233, .F. ) ;
#8975 = CARTESIAN_POINT ( 'NONE',  ( 5.500000000000003553, 1.000000000000000000, 22.92500000000000071 ) ) ;
#8976 = DIRECTION ( 'NONE',  ( -1.000000000000000000, 0.0000000000000000000, 0.0000000000000000000 ) ) ;
#8977 = DIRECTION ( 'NONE',  ( -1.000000000000000000, 0.0000000000000000000, -0.0000000000000000000 ) ) ;
#8978 = LINE ( 'NONE', #9928, #12546 ) ;
#8979 = DIRECTION ( 'NONE',  ( 1.000000000000000000, 0.0000000000000000000, -0.0000000000000000000 ) ) ;
#8980 = ORIENTED_EDGE ( 'NONE', *, *, #9349, .T. ) ;
#8981 = FILL_AREA_STYLE_COLOUR ( '', #3052 ) ;
#8982 =( GEOMETRIC_REPRESENTATION_CONTEXT ( 3 ) GLOBAL_UNCERTAINTY_ASSIGNED_CONTEXT ( ( #5256 ) ) GLOBAL_UNIT_ASSIGNED_CONTEXT ( ( #9626, #10635, #7731 ) ) REPRESENTATION_CONTEXT ( 'NONE', 'WORKASPACE' ) );
#8983 = CARTESIAN_POINT ( 'NONE',  ( 8.100000000000003197, -0.001000000000000000021, 25.22499999999999787 ) ) ;
#8984 = MECHANICAL_DESIGN_GEOMETRIC_PRESENTATION_REPRESENTATION (  '', ( #5326 ), #757 ) ;
#8985 = ORIENTED_EDGE ( 'NONE', *, *, #11588, .F. ) ;
#8986 = LINE ( 'NONE', #1045, #973 ) ;
#8987 = STYLED_ITEM ( 'NONE', ( #2375 ), #2654 ) ;
#8988 =( LENGTH_UNIT ( ) NAMED_UNIT ( * ) SI_UNIT ( .MILLI., .METRE. ) );
#8989 = SURFACE_STYLE_USAGE ( .BOTH. , #3861 ) ;
#8990 = EDGE_LOOP ( 'NONE', ( #5196, #4762, #9089, #5888, #5909, #2150, #9291, #5967, #1633, #11696, #12446, #936, #6153, #1942, #1712, #8905, #10457, #1773, #8911, #6077, #12218, #11050, #1478, #4748, #11204, #3813, #8490, #3765, #3016, #7616, #3541, #11506, #783, #1833, #2449, #6008, #8562, #9906, #9312, #9408 ) ) ;
#8991 =( GEOMETRIC_REPRESENTATION_CONTEXT ( 3 ) GLOBAL_UNCERTAINTY_ASSIGNED_CONTEXT ( ( #617 ) ) GLOBAL_UNIT_ASSIGNED_CONTEXT ( ( #9085, #8200, #13287 ) ) REPRESENTATION_CONTEXT ( 'NONE', 'WORKASPACE' ) );
#8992 = DIRECTION ( 'NONE',  ( -1.000000000000000000, -0.0000000000000000000, -0.0000000000000000000 ) ) ;
#8993 = SURFACE_STYLE_USAGE ( .BOTH. , #4881 ) ;
#8994 = SURFACE_STYLE_FILL_AREA ( #861 ) ;
#8995 = CARTESIAN_POINT ( 'NONE',  ( -3.099999999999996980, 1.000000000000000888, 25.22500000000000853 ) ) ;
#8996 = ORIENTED_EDGE ( 'NONE', *, *, #10271, .T. ) ;
#8997 = DIRECTION ( 'NONE',  ( 0.0000000000000000000, -0.0000000000000000000, 1.000000000000000000 ) ) ;
#8998 = FILL_AREA_STYLE ('',( #11107 ) ) ;
#8999 = EDGE_LOOP ( 'NONE', ( #12274, #3216, #2211, #8009 ) ) ;
#9000 = LINE ( 'NONE', #10025, #1181 ) ;
#9001 = FILL_AREA_STYLE ('',( #2863 ) ) ;
#9002 = ADVANCED_FACE ( 'NONE', ( #10094 ), #2943, .F. ) ;
#9003 = SURFACE_SIDE_STYLE ('',( #5981 ) ) ;
#9004 = PRESENTATION_STYLE_ASSIGNMENT (( #5785 ) ) ;
#9005 =( NAMED_UNIT ( * ) SI_UNIT ( $, .STERADIAN. ) SOLID_ANGLE_UNIT ( ) );
#9006 = ORIENTED_EDGE ( 'NONE', *, *, #4065, .T. ) ;
#9007 =( NAMED_UNIT ( * ) PLANE_ANGLE_UNIT ( ) SI_UNIT ( $, .RADIAN. ) );
#9008 = EDGE_CURVE ( 'NONE', #3105, #8716, #1849, .T. ) ;
#9009 = SURFACE_STYLE_FILL_AREA ( #1785 ) ;
#9010 = ADVANCED_FACE ( 'NONE', ( #10911 ), #11993, .F. ) ;
#9011 = VECTOR ( 'NONE', #8873, 1000.000000000000000 ) ;
#9012 = VECTOR ( 'NONE', #1291, 1000.000000000000000 ) ;
#9013 =( NAMED_UNIT ( * ) PLANE_ANGLE_UNIT ( ) SI_UNIT ( $, .RADIAN. ) );
#9014 = VERTEX_POINT ( 'NONE', #1645 ) ;
#9015 = SURFACE_STYLE_USAGE ( .BOTH. , #603 ) ;
#9016 = CARTESIAN_POINT ( 'NONE',  ( -11.29999999999999538, 1.000999999999999890, 22.92500000000001137 ) ) ;
#9017 = LINE ( 'NONE', #10163, #2594 ) ;
#9018 = LINE ( 'NONE', #1977, #13240 ) ;
#9019 = DIRECTION ( 'NONE',  ( -0.0000000000000000000, -1.000000000000000000, -0.0000000000000000000 ) ) ;
#9020 = ORIENTED_EDGE ( 'NONE', *, *, #9195, .F. ) ;
#9021 = LINE ( 'NONE', #4967, #3119 ) ;
#9022 = CARTESIAN_POINT ( 'NONE',  ( -15.00000000000000000, 0.0000000000000000000, 25.22500000000000853 ) ) ;
#9023 = FILL_AREA_STYLE ('',( #1859 ) ) ;
#9024 = PLANE ( 'NONE',  #1334 ) ;
#9025 = EDGE_LOOP ( 'NONE', ( #11687, #10176, #1483, #3143 ) ) ;
#9026 = EDGE_CURVE ( 'NONE', #4582, #10809, #9154, .T. ) ;
#9027 = COLOUR_RGB ( '',1.000000000000000000, 1.000000000000000000, 0.0000000000000000000 ) ;
#9028 = PRESENTATION_STYLE_ASSIGNMENT (( #826 ) ) ;
#9029 = LINE ( 'NONE', #8958, #2345 ) ;
#9030 = SURFACE_STYLE_FILL_AREA ( #8884 ) ;
#9031 =( GEOMETRIC_REPRESENTATION_CONTEXT ( 3 ) GLOBAL_UNCERTAINTY_ASSIGNED_CONTEXT ( ( #13396 ) ) GLOBAL_UNIT_ASSIGNED_CONTEXT ( ( #6513, #10637, #5193 ) ) REPRESENTATION_CONTEXT ( 'NONE', 'WORKASPACE' ) );
#9032 = DIRECTION ( 'NONE',  ( 1.000000000000000000, 0.0000000000000000000, 0.0000000000000000000 ) ) ;
#9033 = EDGE_CURVE ( 'NONE', #3991, #2800, #3819, .T. ) ;
#9034 = CARTESIAN_POINT ( 'NONE',  ( -8.299999999999995381, 1.000000000000000000, 22.92500000000001137 ) ) ;
#9035 = UNCERTAINTY_MEASURE_WITH_UNIT (LENGTH_MEASURE( 1.000000000000000082E-05 ), #12507, 'distance_accuracy_value', 'NONE');
#9036 = ORIENTED_EDGE ( 'NONE', *, *, #6606, .T. ) ;
#9037 = SURFACE_STYLE_USAGE ( .BOTH. , #897 ) ;
#9038 = EDGE_LOOP ( 'NONE', ( #3296, #11576, #7823, #10752 ) ) ;
#9040 = VECTOR ( 'NONE', #12168, 1000.000000000000000 ) ;
#9039 = LINE ( 'NONE', #6129, #6131 ) ;
#9041 = ORIENTED_EDGE ( 'NONE', *, *, #10190, .F. ) ;
#9042 = VECTOR ( 'NONE', #8534, 1000.000000000000000 ) ;
#9043 = CARTESIAN_POINT ( 'NONE',  ( 1.100000000000002087, -0.001000000000000000021, 22.92500000000000426 ) ) ;
#9044 = EDGE_CURVE ( 'NONE', #6499, #10994, #7059, .T. ) ;
#9045 =( NAMED_UNIT ( * ) SI_UNIT ( $, .STERADIAN. ) SOLID_ANGLE_UNIT ( ) );
#9046 = COLOUR_RGB ( '',1.000000000000000000, 1.000000000000000000, 0.0000000000000000000 ) ;
#9047 = UNCERTAINTY_MEASURE_WITH_UNIT (LENGTH_MEASURE( 1.000000000000000082E-05 ), #5860, 'distance_accuracy_value', 'NONE');
#9048 = ORIENTED_EDGE ( 'NONE', *, *, #10414, .F. ) ;
#9049 = LINE ( 'NONE', #3030, #2674 ) ;
#9050 = DIRECTION ( 'NONE',  ( 0.0000000000000000000, 0.0000000000000000000, -1.000000000000000000 ) ) ;
#9051 =( LENGTH_UNIT ( ) NAMED_UNIT ( * ) SI_UNIT ( .MILLI., .METRE. ) );
#9052 = PLANE ( 'NONE',  #7765 ) ;
#9053 = FILL_AREA_STYLE ('',( #921 ) ) ;
#9054 = CARTESIAN_POINT ( 'NONE',  ( 6.100000000000004086, 1.000999999999999890, 25.22500000000000142 ) ) ;
#9055 = DIRECTION ( 'NONE',  ( -0.0000000000000000000, 1.000000000000000000, -0.0000000000000000000 ) ) ;
#9056 = ORIENTED_EDGE ( 'NONE', *, *, #7713, .T. ) ;
#9057 = AXIS2_PLACEMENT_3D ( 'NONE', #3038, #8233, #3102 ) ;
#9058 = FILL_AREA_STYLE_COLOUR ( '', #7112 ) ;
#9059 = CARTESIAN_POINT ( 'NONE',  ( -15.00000000000000000, -1.350000000000000089, 20.37500000000001066 ) ) ;
#9060 = ORIENTED_EDGE ( 'NONE', *, *, #8034, .T. ) ;
#9061 = DIRECTION ( 'NONE',  ( -0.0000000000000000000, 1.000000000000000000, -0.0000000000000000000 ) ) ;
#9062 = VECTOR ( 'NONE', #4931, 1000.000000000000000 ) ;
#9063 = UNCERTAINTY_MEASURE_WITH_UNIT (LENGTH_MEASURE( 1.000000000000000082E-05 ), #5869, 'distance_accuracy_value', 'NONE');
#9064 =( LENGTH_UNIT ( ) NAMED_UNIT ( * ) SI_UNIT ( .MILLI., .METRE. ) );
#9065 = SURFACE_SIDE_STYLE ('',( #8994 ) ) ;
#9066 = VECTOR ( 'NONE', #5463, 1000.000000000000000 ) ;
#9067 = DIRECTION ( 'NONE',  ( 0.0000000000000000000, 1.000000000000000000, 0.0000000000000000000 ) ) ;
#9068 = UNCERTAINTY_MEASURE_WITH_UNIT (LENGTH_MEASURE( 1.000000000000000082E-05 ), #5496, 'distance_accuracy_value', 'NONE');
#9069 = EDGE_LOOP ( 'NONE', ( #11802, #6167, #9177, #859 ) ) ;
#9070 =( LENGTH_UNIT ( ) NAMED_UNIT ( * ) SI_UNIT ( .MILLI., .METRE. ) );
#9071 = PRESENTATION_STYLE_ASSIGNMENT (( #5024 ) ) ;
#9072 = ORIENTED_EDGE ( 'NONE', *, *, #6127, .T. ) ;
#9073 = DIRECTION ( 'NONE',  ( -0.0000000000000000000, 1.000000000000000000, -0.0000000000000000000 ) ) ;
#9074 =( NAMED_UNIT ( * ) SI_UNIT ( $, .STERADIAN. ) SOLID_ANGLE_UNIT ( ) );
#9075 =( NAMED_UNIT ( * ) PLANE_ANGLE_UNIT ( ) SI_UNIT ( $, .RADIAN. ) );
#9076 = VECTOR ( 'NONE', #4563, 1000.000000000000000 ) ;
#9077 = VECTOR ( 'NONE', #8161, 1000.000000000000000 ) ;
#9078 = ORIENTED_EDGE ( 'NONE', *, *, #12346, .T. ) ;
#9079 = FILL_AREA_STYLE ('',( #809 ) ) ;
#9080 = LINE ( 'NONE', #2875, #4137 ) ;
#9081 = AXIS2_PLACEMENT_3D ( 'NONE', #9900, #2808, #5796 ) ;
#9082 = APPLICATION_CONTEXT ( 'automotive_design' ) ;
#9083 = VERTEX_POINT ( 'NONE', #7939 ) ;
#9084 = CARTESIAN_POINT ( 'NONE',  ( -7.499999999999995559, 1.000999999999999890, 25.22500000000001208 ) ) ;
#9085 =( LENGTH_UNIT ( ) NAMED_UNIT ( * ) SI_UNIT ( .MILLI., .METRE. ) );
#9086 = DIRECTION ( 'NONE',  ( 0.0000000000000000000, 0.0000000000000000000, -1.000000000000000000 ) ) ;
#9087 = STYLED_ITEM ( 'NONE', ( #11645 ), #12481 ) ;
#9088 =( NAMED_UNIT ( * ) PLANE_ANGLE_UNIT ( ) SI_UNIT ( $, .RADIAN. ) );
#9089 = ORIENTED_EDGE ( 'NONE', *, *, #8131, .F. ) ;
#9090 = CARTESIAN_POINT ( 'NONE',  ( -10.09999999999999787, -0.001000000000000630810, 25.22500000000001208 ) ) ;
#9091 = CARTESIAN_POINT ( 'NONE',  ( -6.099999999999998757, -0.001000000000000000021, 25.22500000000001208 ) ) ;
#9092 = LINE ( 'NONE', #9164, #6901 ) ;
#9093 = ADVANCED_FACE ( 'NONE', ( #2805 ), #6923, .F. ) ;
#9094 = VECTOR ( 'NONE', #5445, 1000.000000000000000 ) ;
#9095 = CARTESIAN_POINT ( 'NONE',  ( -9.699999999999995737, 1.000999999999999890, 25.22500000000001208 ) ) ;
#9096 = FACE_OUTER_BOUND ( 'NONE', #6426, .T. ) ;
#9097 = ORIENTED_EDGE ( 'NONE', *, *, #11327, .T. ) ;
#9098 = CARTESIAN_POINT ( 'NONE',  ( -6.099999999999998757, -0.001000000000000000021, 25.22500000000001208 ) ) ;
#9099 = PRESENTATION_LAYER_ASSIGNMENT (  '', '', ( #2398 ) ) ;
#9100 = CARTESIAN_POINT ( 'NONE',  ( 4.900000000000001243, -0.001000000000000000021, 25.22500000000000142 ) ) ;
#9101 = ORIENTED_EDGE ( 'NONE', *, *, #9185, .F. ) ;
#9102 = DIRECTION ( 'NONE',  ( -0.0000000000000000000, 1.000000000000000000, -0.0000000000000000000 ) ) ;
#9103 = ADVANCED_FACE ( 'NONE', ( #169 ), #10356, .F. ) ;
#9104 = SURFACE_SIDE_STYLE ('',( #10309 ) ) ;
#9105 = VERTEX_POINT ( 'NONE', #11437 ) ;
#9106 = ORIENTED_EDGE ( 'NONE', *, *, #8342, .F. ) ;
#9107 = AXIS2_PLACEMENT_3D ( 'NONE', #13159, #5229, #8523 ) ;
#9108 = CARTESIAN_POINT ( 'NONE',  ( -8.099999999999996092, 1.000999999999999890, 22.92500000000001137 ) ) ;
#9109 = VECTOR ( 'NONE', #7556, 1000.000000000000000 ) ;
#9110 = CARTESIAN_POINT ( 'NONE',  ( -0.8999999999999964695, 1.000999999999999890, 25.22500000000000853 ) ) ;
#9111 = VECTOR ( 'NONE', #3004, 1000.000000000000000 ) ;
#9112 = EDGE_CURVE ( 'NONE', #12277, #6178, #3062, .T. ) ;
#9113 = ADVANCED_FACE ( 'NONE', ( #958 ), #5108, .F. ) ;
#9114 =( LENGTH_UNIT ( ) NAMED_UNIT ( * ) SI_UNIT ( .MILLI., .METRE. ) );
#9115 = FILL_AREA_STYLE_COLOUR ( '', #11492 ) ;
#9116 = ORIENTED_EDGE ( 'NONE', *, *, #7189, .T. ) ;
#9117 = CARTESIAN_POINT ( 'NONE',  ( -4.849999999999997868, 3.399999999999999911, -25.47499999999999432 ) ) ;
#9118 = PLANE ( 'NONE',  #7041 ) ;
#9119 = ADVANCED_FACE ( 'NONE', ( #4145 ), #13419, .F. ) ;
#9120 = ADVANCED_FACE ( 'NONE', ( #11961 ), #13058, .F. ) ;
#9121 = CARTESIAN_POINT ( 'NONE',  ( 2.700000000000001954, 0.0000000000000000000, 25.22500000000000497 ) ) ;
#9122 = FILL_AREA_STYLE ('',( #1952 ) ) ;
#9123 = FILL_AREA_STYLE_COLOUR ( '', #12843 ) ;
#9124 = VERTEX_POINT ( 'NONE', #5607 ) ;
#9125 = MECHANICAL_DESIGN_GEOMETRIC_PRESENTATION_REPRESENTATION (  '', ( #1343 ), #11278 ) ;
#9126 = EDGE_CURVE ( 'NONE', #10459, #4319, #12027, .T. ) ;
#9127 = DIRECTION ( 'NONE',  ( -1.000000000000000000, 0.0000000000000000000, -9.427844978134821433E-17 ) ) ;
#9128 =( GEOMETRIC_REPRESENTATION_CONTEXT ( 3 ) GLOBAL_UNCERTAINTY_ASSIGNED_CONTEXT ( ( #10958 ) ) GLOBAL_UNIT_ASSIGNED_CONTEXT ( ( #3309, #436, #10735 ) ) REPRESENTATION_CONTEXT ( 'NONE', 'WORKASPACE' ) );
#9129 = VERTEX_POINT ( 'NONE', #9998 ) ;
#9130 = DIRECTION ( 'NONE',  ( -1.000000000000000000, -0.0000000000000000000, -0.0000000000000000000 ) ) ;
#9131 = VECTOR ( 'NONE', #10556, 1000.000000000000000 ) ;
#9132 = CARTESIAN_POINT ( 'NONE',  ( -11.69999999999999929, -8.831319514063742788E-16, 25.22500000000001208 ) ) ;
#9133 = VECTOR ( 'NONE', #1460, 1000.000000000000000 ) ;
#9134 = CARTESIAN_POINT ( 'NONE',  ( 0.7000000000000036193, 1.000999999999999890, 25.22500000000000497 ) ) ;
#9135 = ORIENTED_EDGE ( 'NONE', *, *, #1508, .F. ) ;
#9136 = DIRECTION ( 'NONE',  ( -1.000000000000000000, -0.0000000000000000000, -0.0000000000000000000 ) ) ;
#9137 = DIRECTION ( 'NONE',  ( 1.000000000000000000, 0.0000000000000000000, 0.0000000000000000000 ) ) ;
#9138 = ORIENTED_EDGE ( 'NONE', *, *, #7033, .F. ) ;
#9139 = CARTESIAN_POINT ( 'NONE',  ( 6.100000000000003197, 1.000999999999999890, 22.92500000000000071 ) ) ;
#9140 = SURFACE_SIDE_STYLE ('',( #13149 ) ) ;
#9141 = VECTOR ( 'NONE', #1924, 1000.000000000000000 ) ;
#9142 = PRESENTATION_STYLE_ASSIGNMENT (( #2036 ) ) ;
#9143 = MECHANICAL_DESIGN_GEOMETRIC_PRESENTATION_REPRESENTATION (  '', ( #6120 ), #3968 ) ;
#9144 =( GEOMETRIC_REPRESENTATION_CONTEXT ( 3 ) GLOBAL_UNCERTAINTY_ASSIGNED_CONTEXT ( ( #9705 ) ) GLOBAL_UNIT_ASSIGNED_CONTEXT ( ( #4019, #7997, #11038 ) ) REPRESENTATION_CONTEXT ( 'NONE', 'WORKASPACE' ) );
#9145 = PLANE ( 'NONE',  #7287 ) ;
#9146 = ADVANCED_FACE ( 'NONE', ( #5764 ), #704, .T. ) ;
#9147 = DIRECTION ( 'NONE',  ( 1.000000000000000000, 0.0000000000000000000, 0.0000000000000000000 ) ) ;
#9148 = CARTESIAN_POINT ( 'NONE',  ( -10.30000000000000071, -0.001000000000000757011, 25.22500000000001208 ) ) ;
#9149 = PRESENTATION_LAYER_ASSIGNMENT (  '', '', ( #8068 ) ) ;
#9150 = VECTOR ( 'NONE', #8305, 1000.000000000000000 ) ;
#9151 = PLANE ( 'NONE',  #2050 ) ;
#9152 = VECTOR ( 'NONE', #11610, 1000.000000000000000 ) ;
#9153 = ORIENTED_EDGE ( 'NONE', *, *, #2494, .F. ) ;
#9154 = LINE ( 'NONE', #4833, #2510 ) ;
#9155 = SURFACE_STYLE_USAGE ( .BOTH. , #2104 ) ;
#9156 = CARTESIAN_POINT ( 'NONE',  ( 3.100000000000003197, 1.000999999999999890, 22.92500000000000071 ) ) ;
#9157 = VECTOR ( 'NONE', #512, 1000.000000000000000 ) ;
#9158 = PLANE ( 'NONE',  #12520 ) ;
#9159 = ORIENTED_EDGE ( 'NONE', *, *, #5479, .F. ) ;
#9160 = DIRECTION ( 'NONE',  ( 0.0000000000000000000, 0.0000000000000000000, 1.000000000000000000 ) ) ;
#9161 =( NAMED_UNIT ( * ) SI_UNIT ( $, .STERADIAN. ) SOLID_ANGLE_UNIT ( ) );
#9162 = LINE ( 'NONE', #2882, #3965 ) ;
#9163 = FILL_AREA_STYLE_COLOUR ( '', #887 ) ;
#9164 = CARTESIAN_POINT ( 'NONE',  ( -7.299999999999995381, 1.000999999999999890, 22.92500000000001137 ) ) ;
#9165 = AXIS2_PLACEMENT_3D ( 'NONE', #228, #10340, #9456 ) ;
#9166 = COLOUR_RGB ( '',1.000000000000000000, 1.000000000000000000, 0.0000000000000000000 ) ;
#9167 = PRESENTATION_LAYER_ASSIGNMENT (  '', '', ( #9798 ) ) ;
#9168 = DIRECTION ( 'NONE',  ( 0.0000000000000000000, 0.0000000000000000000, -1.000000000000000000 ) ) ;
#9169 = SURFACE_STYLE_FILL_AREA ( #5049 ) ;
#9170 = ORIENTED_EDGE ( 'NONE', *, *, #6462, .F. ) ;
#9171 = DIRECTION ( 'NONE',  ( 1.000000000000000000, 0.0000000000000000000, 0.0000000000000000000 ) ) ;
#9172 = DIRECTION ( 'NONE',  ( 1.000000000000000000, 0.0000000000000000000, 0.0000000000000000000 ) ) ;
#9173 = UNCERTAINTY_MEASURE_WITH_UNIT (LENGTH_MEASURE( 1.000000000000000082E-05 ), #7116, 'distance_accuracy_value', 'NONE');
#9174 = ORIENTED_EDGE ( 'NONE', *, *, #8952, .T. ) ;
#9175 =( GEOMETRIC_REPRESENTATION_CONTEXT ( 3 ) GLOBAL_UNCERTAINTY_ASSIGNED_CONTEXT ( ( #9190 ) ) GLOBAL_UNIT_ASSIGNED_CONTEXT ( ( #7460, #8321, #11302 ) ) REPRESENTATION_CONTEXT ( 'NONE', 'WORKASPACE' ) );
#9176 = SURFACE_STYLE_USAGE ( .BOTH. , #9104 ) ;
#9177 = ORIENTED_EDGE ( 'NONE', *, *, #10400, .F. ) ;
#9178 = PRESENTATION_STYLE_ASSIGNMENT (( #5060 ) ) ;
#9179 = COLOUR_RGB ( '',1.000000000000000000, 1.000000000000000000, 0.0000000000000000000 ) ;
#9180 = VECTOR ( 'NONE', #9032, 1000.000000000000000 ) ;
#9181 = CARTESIAN_POINT ( 'NONE',  ( 10.70000000000000462, 0.0000000000000000000, 22.92499999999999361 ) ) ;
#9182 = ORIENTED_EDGE ( 'NONE', *, *, #10927, .T. ) ;
#9183 = DIRECTION ( 'NONE',  ( 0.0000000000000000000, 0.0000000000000000000, -1.000000000000000000 ) ) ;
#9184 = VECTOR ( 'NONE', #11109, 1000.000000000000000 ) ;
#9185 = EDGE_CURVE ( 'NONE', #6815, #6210, #8173, .T. ) ;
#9186 = CARTESIAN_POINT ( 'NONE',  ( -7.299999999999995381, 1.000999999999999890, 25.22500000000001208 ) ) ;
#9187 = COLOUR_RGB ( '',1.000000000000000000, 1.000000000000000000, 0.0000000000000000000 ) ;
#9188 = AXIS2_PLACEMENT_3D ( 'NONE', #4299, #7468, #9549 ) ;
#9189 = SURFACE_SIDE_STYLE ('',( #990 ) ) ;
#9190 = UNCERTAINTY_MEASURE_WITH_UNIT (LENGTH_MEASURE( 1.000000000000000082E-05 ), #7460, 'distance_accuracy_value', 'NONE');
#9191 = ORIENTED_EDGE ( 'NONE', *, *, #9687, .F. ) ;
#9192 = DIRECTION ( 'NONE',  ( 0.0000000000000000000, 0.0000000000000000000, -1.000000000000000000 ) ) ;
#9193 = ADVANCED_FACE ( 'NONE', ( #8230 ), #2912, .F. ) ;
#9194 = UNCERTAINTY_MEASURE_WITH_UNIT (LENGTH_MEASURE( 1.000000000000000082E-05 ), #10788, 'distance_accuracy_value', 'NONE');
#9195 = EDGE_CURVE ( 'NONE', #9014, #2189, #13128, .T. ) ;
#9196 = ORIENTED_EDGE ( 'NONE', *, *, #8341, .F. ) ;
#9197 = MECHANICAL_DESIGN_GEOMETRIC_PRESENTATION_REPRESENTATION (  '', ( #5516 ), #1851 ) ;
#9198 = ORIENTED_EDGE ( 'NONE', *, *, #2963, .T. ) ;
#9199 = VECTOR ( 'NONE', #10604, 1000.000000000000000 ) ;
#9200 = DIRECTION ( 'NONE',  ( -1.000000000000000000, 0.0000000000000000000, 0.0000000000000000000 ) ) ;
#9201 = ADVANCED_FACE ( 'NONE', ( #4117 ), #10324, .F. ) ;
#9202 = VECTOR ( 'NONE', #12653, 1000.000000000000000 ) ;
#9203 = EDGE_CURVE ( 'NONE', #8316, #5859, #2839, .T. ) ;
#9204 = ORIENTED_EDGE ( 'NONE', *, *, #12325, .F. ) ;
#9205 = UNCERTAINTY_MEASURE_WITH_UNIT (LENGTH_MEASURE( 1.000000000000000082E-05 ), #7816, 'distance_accuracy_value', 'NONE');
#9206 = LINE ( 'NONE', #7232, #1126 ) ;
#9207 = LINE ( 'NONE', #12557, #11200 ) ;
#9208 = EDGE_CURVE ( 'NONE', #6823, #12000, #11085, .T. ) ;
#9209 = VECTOR ( 'NONE', #1259, 1000.000000000000000 ) ;
#9210 = ORIENTED_EDGE ( 'NONE', *, *, #8355, .T. ) ;
#9211 = SURFACE_SIDE_STYLE ('',( #5093 ) ) ;
#9212 =( LENGTH_UNIT ( ) NAMED_UNIT ( * ) SI_UNIT ( .MILLI., .METRE. ) );
#9213 = VERTEX_POINT ( 'NONE', #87 ) ;
#9214 = DIRECTION ( 'NONE',  ( 1.000000000000000000, 0.0000000000000000000, 0.0000000000000000000 ) ) ;
#9215 = FILL_AREA_STYLE ('',( #868 ) ) ;
#9216 = CARTESIAN_POINT ( 'NONE',  ( 2.500000000000002220, -0.001000000000000000021, 22.92500000000000426 ) ) ;
#9217 = DIRECTION ( 'NONE',  ( -1.000000000000000000, 0.0000000000000000000, 0.0000000000000000000 ) ) ;
#9218 =( GEOMETRIC_REPRESENTATION_CONTEXT ( 3 ) GLOBAL_UNCERTAINTY_ASSIGNED_CONTEXT ( ( #9314 ) ) GLOBAL_UNIT_ASSIGNED_CONTEXT ( ( #11385, #9283, #7319 ) ) REPRESENTATION_CONTEXT ( 'NONE', 'WORKASPACE' ) );
#9219 = CARTESIAN_POINT ( 'NONE',  ( -9.499999999999996447, 0.0000000000000000000, 22.92500000000001137 ) ) ;
#9220 = DIRECTION ( 'NONE',  ( -0.0000000000000000000, 1.000000000000000000, -0.0000000000000000000 ) ) ;
#9221 = ORIENTED_EDGE ( 'NONE', *, *, #4800, .T. ) ;
#9222 = CARTESIAN_POINT ( 'NONE',  ( 11.10000000000000320, 1.000999999999999890, 25.22499999999999432 ) ) ;
#9223 = FILL_AREA_STYLE_COLOUR ( '', #1428 ) ;
#9224 = SURFACE_SIDE_STYLE ('',( #5111 ) ) ;
#9225 = VERTEX_POINT ( 'NONE', #7435 ) ;
#9226 = LINE ( 'NONE', #8204, #11778 ) ;
#9227 = DIRECTION ( 'NONE',  ( -3.771137991253928573E-16, -0.0000000000000000000, 1.000000000000000000 ) ) ;
#9228 = CARTESIAN_POINT ( 'NONE',  ( 8.700000000000002842, 1.000999999999999890, 22.92499999999999716 ) ) ;
#9229 = AXIS2_PLACEMENT_3D ( 'NONE', #12886, #7532, #2450 ) ;
#9230 = DIRECTION ( 'NONE',  ( -0.0000000000000000000, 1.000000000000000000, 0.0000000000000000000 ) ) ;
#9231 = ORIENTED_EDGE ( 'NONE', *, *, #8778, .F. ) ;
#9232 = FACE_OUTER_BOUND ( 'NONE', #8574, .T. ) ;
#9233 = VERTEX_POINT ( 'NONE', #6280 ) ;
#9234 = PLANE ( 'NONE',  #3808 ) ;
#9235 = ORIENTED_EDGE ( 'NONE', *, *, #9663, .F. ) ;
#9236 = STYLED_ITEM ( 'NONE', ( #3013 ), #840 ) ;
#9237 = ORIENTED_EDGE ( 'NONE', *, *, #12916, .T. ) ;
#9238 = CARTESIAN_POINT ( 'NONE',  ( -0.4999999999999985012, 0.0000000000000000000, 25.22500000000000853 ) ) ;
#9239 = VECTOR ( 'NONE', #3032, 1000.000000000000000 ) ;
#9240 = CARTESIAN_POINT ( 'NONE',  ( -8.099999999999996092, 1.000999999999999890, 25.22500000000001208 ) ) ;
#9241 = VECTOR ( 'NONE', #730, 1000.000000000000000 ) ;
#9242 =( NAMED_UNIT ( * ) SI_UNIT ( $, .STERADIAN. ) SOLID_ANGLE_UNIT ( ) );
#9243 = VERTEX_POINT ( 'NONE', #4333 ) ;
#9244 = CARTESIAN_POINT ( 'NONE',  ( -15.00000000000000000, -1.350000000000000089, 20.37500000000001066 ) ) ;
#9245 = DIRECTION ( 'NONE',  ( 1.000000000000000000, 0.0000000000000000000, 0.0000000000000000000 ) ) ;
#9246 = LINE ( 'NONE', #11217, #163 ) ;
#9247 = ORIENTED_EDGE ( 'NONE', *, *, #9927, .F. ) ;
#9248 =( NAMED_UNIT ( * ) PLANE_ANGLE_UNIT ( ) SI_UNIT ( $, .RADIAN. ) );
#9249 = STYLED_ITEM ( 'NONE', ( #8774 ), #3335 ) ;
#9250 = VERTEX_POINT ( 'NONE', #9256 ) ;
#9251 = AXIS2_PLACEMENT_3D ( 'NONE', #10448, #11464, #2195 ) ;
#9252 = AXIS2_PLACEMENT_3D ( 'NONE', #3947, #7053, #12947 ) ;
#9253 = ADVANCED_FACE ( 'NONE', ( #6219 ), #9515, .F. ) ;
#9254 = ORIENTED_EDGE ( 'NONE', *, *, #322, .F. ) ;
#9255 = FILL_AREA_STYLE ('',( #8122 ) ) ;
#9256 = CARTESIAN_POINT ( 'NONE',  ( 9.500000000000003553, 1.000999999999999890, 25.22499999999999787 ) ) ;
#9257 = PRESENTATION_STYLE_ASSIGNMENT (( #13336 ) ) ;
#9258 = ORIENTED_EDGE ( 'NONE', *, *, #6330, .T. ) ;
#9259 = DIRECTION ( 'NONE',  ( 1.000000000000000000, 0.0000000000000000000, 0.0000000000000000000 ) ) ;
#9260 = LINE ( 'NONE', #1507, #10605 ) ;
#9261 = EDGE_CURVE ( 'NONE', #4986, #773, #7357, .T. ) ;
#9262 = EDGE_LOOP ( 'NONE', ( #2341, #9323, #6579, #12387 ) ) ;
#9263 = DIRECTION ( 'NONE',  ( 1.000000000000000000, 0.0000000000000000000, -0.0000000000000000000 ) ) ;
#9264 =( NAMED_UNIT ( * ) PLANE_ANGLE_UNIT ( ) SI_UNIT ( $, .RADIAN. ) );
#9265 = ADVANCED_FACE ( 'NONE', ( #2213 ), #9391, .F. ) ;
#9266 = STYLED_ITEM ( 'NONE', ( #10461 ), #387 ) ;
#9267 = CARTESIAN_POINT ( 'NONE',  ( -4.599999999999996092, 0.0000000000000000000, 25.47500000000001208 ) ) ;
#9268 = EDGE_CURVE ( 'NONE', #4206, #5419, #8500, .T. ) ;
#9269 = CARTESIAN_POINT ( 'NONE',  ( 0.1000000000000020040, -0.001000000000000000021, 22.92500000000000782 ) ) ;
#9270 = DIRECTION ( 'NONE',  ( -1.000000000000000000, 0.0000000000000000000, -0.0000000000000000000 ) ) ;
#9271 = FILL_AREA_STYLE_COLOUR ( '', #12012 ) ;
#9272 = CARTESIAN_POINT ( 'NONE',  ( 11.10000000000000320, 1.000999999999999890, 22.92499999999999361 ) ) ;
#9273 = ORIENTED_EDGE ( 'NONE', *, *, #469, .T. ) ;
#9274 = PRESENTATION_STYLE_ASSIGNMENT (( #3885 ) ) ;
#9275 = FACE_OUTER_BOUND ( 'NONE', #602, .T. ) ;
#9276 = EDGE_CURVE ( 'NONE', #9585, #2420, #6481, .T. ) ;
#9277 = LINE ( 'NONE', #13216, #5634 ) ;
#9278 = ORIENTED_EDGE ( 'NONE', *, *, #6391, .T. ) ;
#9279 = SURFACE_STYLE_FILL_AREA ( #11380 ) ;
#9280 = VECTOR ( 'NONE', #1120, 1000.000000000000000 ) ;
#9281 = FILL_AREA_STYLE_COLOUR ( '', #1925 ) ;
#9282 = DIRECTION ( 'NONE',  ( -1.000000000000000000, -0.0000000000000000000, -0.0000000000000000000 ) ) ;
#9283 =( NAMED_UNIT ( * ) PLANE_ANGLE_UNIT ( ) SI_UNIT ( $, .RADIAN. ) );
#9284 = PRESENTATION_LAYER_ASSIGNMENT (  '', '', ( #7790 ) ) ;
#9285 = ORIENTED_EDGE ( 'NONE', *, *, #1902, .F. ) ;
#9286 = SURFACE_STYLE_USAGE ( .BOTH. , #11314 ) ;
#9287 = DIRECTION ( 'NONE',  ( -9.427844978134821433E-17, -0.0000000000000000000, -1.000000000000000000 ) ) ;
#9288 = UNCERTAINTY_MEASURE_WITH_UNIT (LENGTH_MEASURE( 1.000000000000000082E-05 ), #4213, 'distance_accuracy_value', 'NONE');
#9289 = ORIENTED_EDGE ( 'NONE', *, *, #5144, .T. ) ;
#9290 = CARTESIAN_POINT ( 'NONE',  ( 9.199999999999999289, 3.399999999999999911, -19.67499999999999361 ) ) ;
#9291 = ORIENTED_EDGE ( 'NONE', *, *, #769, .F. ) ;
#9292 =( NAMED_UNIT ( * ) SI_UNIT ( $, .STERADIAN. ) SOLID_ANGLE_UNIT ( ) );
#9293 = COLOUR_RGB ( '',1.000000000000000000, 1.000000000000000000, 0.0000000000000000000 ) ;
#9294 = CARTESIAN_POINT ( 'NONE',  ( -10.30000000000000071, -0.001000000000000757011, 25.22500000000001208 ) ) ;
#9295 = EDGE_LOOP ( 'NONE', ( #5441, #3976, #8183, #4129 ) ) ;
#9296 = PRESENTATION_LAYER_ASSIGNMENT (  '', '', ( #12770 ) ) ;
#9297 = FILL_AREA_STYLE_COLOUR ( '', #1943 ) ;
#9298 = LINE ( 'NONE', #2851, #1377 ) ;
#9299 = UNCERTAINTY_MEASURE_WITH_UNIT (LENGTH_MEASURE( 1.000000000000000082E-05 ), #8302, 'distance_accuracy_value', 'NONE');
#9300 = ORIENTED_EDGE ( 'NONE', *, *, #10709, .F. ) ;
#9301 = PRESENTATION_STYLE_ASSIGNMENT (( #12540 ) ) ;
#9302 = DIRECTION ( 'NONE',  ( 0.0000000000000000000, 0.0000000000000000000, 1.000000000000000000 ) ) ;
#9303 = COLOUR_RGB ( '',1.000000000000000000, 1.000000000000000000, 0.0000000000000000000 ) ;
#9304 = DIRECTION ( 'NONE',  ( -1.000000000000000000, -0.0000000000000000000, -0.0000000000000000000 ) ) ;
#9305 = UNCERTAINTY_MEASURE_WITH_UNIT (LENGTH_MEASURE( 1.000000000000000082E-05 ), #3809, 'distance_accuracy_value', 'NONE');
#9306 = DIRECTION ( 'NONE',  ( 1.000000000000000000, 0.0000000000000000000, 0.0000000000000000000 ) ) ;
#9307 = EDGE_LOOP ( 'NONE', ( #11704, #10860, #2736, #216 ) ) ;
#9308 = DIRECTION ( 'NONE',  ( 1.000000000000000000, 0.0000000000000000000, -0.0000000000000000000 ) ) ;
#9309 = STYLED_ITEM ( 'NONE', ( #5036 ), #4171 ) ;
#9310 = ORIENTED_EDGE ( 'NONE', *, *, #11597, .T. ) ;
#9311 =( GEOMETRIC_REPRESENTATION_CONTEXT ( 3 ) GLOBAL_UNCERTAINTY_ASSIGNED_CONTEXT ( ( #3796 ) ) GLOBAL_UNIT_ASSIGNED_CONTEXT ( ( #3129, #1809, #6240 ) ) REPRESENTATION_CONTEXT ( 'NONE', 'WORKASPACE' ) );
#9312 = ORIENTED_EDGE ( 'NONE', *, *, #5980, .F. ) ;
#9313 = PRESENTATION_STYLE_ASSIGNMENT (( #5202 ) ) ;
#9314 = UNCERTAINTY_MEASURE_WITH_UNIT (LENGTH_MEASURE( 1.000000000000000082E-05 ), #11385, 'distance_accuracy_value', 'NONE');
#9315 = ORIENTED_EDGE ( 'NONE', *, *, #557, .T. ) ;
#9316 = PRESENTATION_STYLE_ASSIGNMENT (( #7565 ) ) ;
#9317 =( NAMED_UNIT ( * ) SI_UNIT ( $, .STERADIAN. ) SOLID_ANGLE_UNIT ( ) );
#9318 = DIRECTION ( 'NONE',  ( -0.0000000000000000000, -1.000000000000000000, -0.0000000000000000000 ) ) ;
#9319 = AXIS2_PLACEMENT_3D ( 'NONE', #2833, #2618, #1676 ) ;
#9320 = VERTEX_POINT ( 'NONE', #5205 ) ;
#9321 = CARTESIAN_POINT ( 'NONE',  ( -6.899999999999998579, -0.001000000000000126222, 22.92500000000001137 ) ) ;
#9322 =( LENGTH_UNIT ( ) NAMED_UNIT ( * ) SI_UNIT ( .MILLI., .METRE. ) );
#9323 = ORIENTED_EDGE ( 'NONE', *, *, #8702, .T. ) ;
#9324 = CARTESIAN_POINT ( 'NONE',  ( -9.499999999999998224, 0.0000000000000000000, 25.22500000000000853 ) ) ;
#9325 = STYLED_ITEM ( 'NONE', ( #12856 ), #2327 ) ;
#9326 =( LENGTH_UNIT ( ) NAMED_UNIT ( * ) SI_UNIT ( .MILLI., .METRE. ) );
#9327 = MECHANICAL_DESIGN_GEOMETRIC_PRESENTATION_REPRESENTATION (  '', ( #2844 ), #11718 ) ;
#9328 = EDGE_CURVE ( 'NONE', #11414, #12551, #2152, .T. ) ;
#9329 = SURFACE_SIDE_STYLE ('',( #1018 ) ) ;
#9330 = VECTOR ( 'NONE', #3411, 1000.000000000000000 ) ;
#9331 = PRESENTATION_STYLE_ASSIGNMENT (( #5218 ) ) ;
#9332 = MECHANICAL_DESIGN_GEOMETRIC_PRESENTATION_REPRESENTATION (  '', ( #9325 ), #3282 ) ;
#9333 = SURFACE_SIDE_STYLE ('',( #4081 ) ) ;
#9334 = DIRECTION ( 'NONE',  ( 1.000000000000000000, 0.0000000000000000000, 0.0000000000000000000 ) ) ;
#9335 = ORIENTED_EDGE ( 'NONE', *, *, #11177, .T. ) ;
#9336 = CARTESIAN_POINT ( 'NONE',  ( -6.099999999999998757, -0.001000000000000000021, 25.22500000000001208 ) ) ;
#9337 = SURFACE_STYLE_USAGE ( .BOTH. , #5227 ) ;
#9338 = DIRECTION ( 'NONE',  ( -1.000000000000000000, -0.0000000000000000000, -0.0000000000000000000 ) ) ;
#9339 =( NAMED_UNIT ( * ) SI_UNIT ( $, .STERADIAN. ) SOLID_ANGLE_UNIT ( ) );
#9340 = EDGE_CURVE ( 'NONE', #6665, #7064, #5604, .T. ) ;
#9341 = DIRECTION ( 'NONE',  ( -0.0000000000000000000, -1.000000000000000000, -0.0000000000000000000 ) ) ;
#9342 = EDGE_CURVE ( 'NONE', #3208, #12660, #6547, .T. ) ;
#9343 = ORIENTED_EDGE ( 'NONE', *, *, #4412, .T. ) ;
#9344 = CARTESIAN_POINT ( 'NONE',  ( -15.00000000000000533, 3.399999999999999911, -19.67499999999999361 ) ) ;
#9345 = STYLED_ITEM ( 'NONE', ( #9773 ), #6292 ) ;
#9346 = DIRECTION ( 'NONE',  ( -1.000000000000000000, -0.0000000000000000000, -0.0000000000000000000 ) ) ;
#9347 =( LENGTH_UNIT ( ) NAMED_UNIT ( * ) SI_UNIT ( .MILLI., .METRE. ) );
#9348 = MECHANICAL_DESIGN_GEOMETRIC_PRESENTATION_REPRESENTATION (  '', ( #7625 ), #8062 ) ;
#9349 = EDGE_CURVE ( 'NONE', #3435, #3843, #4733, .T. ) ;
#9350 = LINE ( 'NONE', #12268, #8379 ) ;
#9351 = EDGE_CURVE ( 'NONE', #10213, #1041, #291, .T. ) ;
#9352 = LINE ( 'NONE', #49, #10219 ) ;
#9353 = VERTEX_POINT ( 'NONE', #11765 ) ;
#9354 = VECTOR ( 'NONE', #12806, 1000.000000000000000 ) ;
#9355 = CARTESIAN_POINT ( 'NONE',  ( -10.30000000000000071, -0.001000000000000757011, 25.22500000000001208 ) ) ;
#9356 = ORIENTED_EDGE ( 'NONE', *, *, #558, .F. ) ;
#9357 = PLANE ( 'NONE',  #11073 ) ;
#9358 = SURFACE_SIDE_STYLE ('',( #1104 ) ) ;
#9359 = EDGE_CURVE ( 'NONE', #1298, #2248, #3563, .T. ) ;
#9360 = ORIENTED_EDGE ( 'NONE', *, *, #10676, .T. ) ;
#9361 = EDGE_CURVE ( 'NONE', #1348, #5483, #10727, .T. ) ;
#9362 = VECTOR ( 'NONE', #12022, 1000.000000000000000 ) ;
#9363 =( NAMED_UNIT ( * ) PLANE_ANGLE_UNIT ( ) SI_UNIT ( $, .RADIAN. ) );
#9364 = AXIS2_PLACEMENT_3D ( 'NONE', #1209, #4210, #5413 ) ;
#9365 = AXIS2_PLACEMENT_3D ( 'NONE', #2689, #348, #6728 ) ;
#9366 = ORIENTED_EDGE ( 'NONE', *, *, #4485, .T. ) ;
#9367 = DIRECTION ( 'NONE',  ( 1.885568995626964287E-16, 0.0000000000000000000, -1.000000000000000000 ) ) ;
#9368 = SURFACE_STYLE_USAGE ( .BOTH. , #8050 ) ;
#9369 = CARTESIAN_POINT ( 'NONE',  ( 1.100000000000001643, -0.001000000000000000021, 25.22500000000000497 ) ) ;
#9370 = AXIS2_PLACEMENT_3D ( 'NONE', #3284, #3094, #2073 ) ;
#9371 = CARTESIAN_POINT ( 'NONE',  ( 8.500000000000003553, 1.000999999999999890, 22.92499999999999716 ) ) ;
#9372 = VECTOR ( 'NONE', #6653, 1000.000000000000000 ) ;
#9373 = ORIENTED_EDGE ( 'NONE', *, *, #11990, .F. ) ;
#9374 = FILL_AREA_STYLE_COLOUR ( '', #4207 ) ;
#9375 = CARTESIAN_POINT ( 'NONE',  ( -7.299999999999995381, 1.000999999999999890, 22.92500000000001137 ) ) ;
#9376 = STYLED_ITEM ( 'NONE', ( #11681 ), #11259 ) ;
#9377 = CARTESIAN_POINT ( 'NONE',  ( -7.899999999999997691, 0.0000000000000000000, 22.92500000000001137 ) ) ;
#9378 = DIRECTION ( 'NONE',  ( 0.0000000000000000000, 0.0000000000000000000, -1.000000000000000000 ) ) ;
#9379 = VERTEX_POINT ( 'NONE', #2480 ) ;
#9380 =( LENGTH_UNIT ( ) NAMED_UNIT ( * ) SI_UNIT ( .MILLI., .METRE. ) );
#9381 = ORIENTED_EDGE ( 'NONE', *, *, #3359, .F. ) ;
#9382 =( GEOMETRIC_REPRESENTATION_CONTEXT ( 3 ) GLOBAL_UNCERTAINTY_ASSIGNED_CONTEXT ( ( #7549 ) ) GLOBAL_UNIT_ASSIGNED_CONTEXT ( ( #6716, #7538, #5798 ) ) REPRESENTATION_CONTEXT ( 'NONE', 'WORKASPACE' ) );
#9383 = EDGE_CURVE ( 'NONE', #261, #10010, #8707, .T. ) ;
#9384 =( LENGTH_UNIT ( ) NAMED_UNIT ( * ) SI_UNIT ( .MILLI., .METRE. ) );
#9385 = MECHANICAL_DESIGN_GEOMETRIC_PRESENTATION_REPRESENTATION (  '', ( #1604 ), #1398 ) ;
#9386 = ORIENTED_EDGE ( 'NONE', *, *, #9413, .T. ) ;
#9387 =( NAMED_UNIT ( * ) PLANE_ANGLE_UNIT ( ) SI_UNIT ( $, .RADIAN. ) );
#9388 =( GEOMETRIC_REPRESENTATION_CONTEXT ( 3 ) GLOBAL_UNCERTAINTY_ASSIGNED_CONTEXT ( ( #6464 ) ) GLOBAL_UNIT_ASSIGNED_CONTEXT ( ( #4428, #12661, #316 ) ) REPRESENTATION_CONTEXT ( 'NONE', 'WORKASPACE' ) );
#9389 = ORIENTED_EDGE ( 'NONE', *, *, #898, .T. ) ;
#9390 = CARTESIAN_POINT ( 'NONE',  ( 1.700000000000002176, -0.001000000000000000021, 22.92500000000000426 ) ) ;
#9391 = PLANE ( 'NONE',  #7463 ) ;
#9392 = CARTESIAN_POINT ( 'NONE',  ( 2.900000000000003908, 1.000999999999999890, 22.92500000000000426 ) ) ;
#9393 = ORIENTED_EDGE ( 'NONE', *, *, #1073, .F. ) ;
#9394 = CARTESIAN_POINT ( 'NONE',  ( -9.499999999999998224, -0.001000000000000630810, 25.22500000000001208 ) ) ;
#9395 = SURFACE_SIDE_STYLE ('',( #3305 ) ) ;
#9396 = EDGE_LOOP ( 'NONE', ( #13205, #2120, #6656, #5899 ) ) ;
#9397 = CARTESIAN_POINT ( 'NONE',  ( 1.100000000000001643, -0.001000000000000000021, 25.22500000000000497 ) ) ;
#9398 = SURFACE_STYLE_USAGE ( .BOTH. , #12714 ) ;
#9399 = DIRECTION ( 'NONE',  ( 0.0000000000000000000, 1.000000000000000000, 0.0000000000000000000 ) ) ;
#9400 = COLOUR_RGB ( '',1.000000000000000000, 1.000000000000000000, 0.0000000000000000000 ) ;
#9401 = FACE_OUTER_BOUND ( 'NONE', #7841, .T. ) ;
#9402 =( GEOMETRIC_REPRESENTATION_CONTEXT ( 3 ) GLOBAL_UNCERTAINTY_ASSIGNED_CONTEXT ( ( #759 ) ) GLOBAL_UNIT_ASSIGNED_CONTEXT ( ( #3853, #5004, #775 ) ) REPRESENTATION_CONTEXT ( 'NONE', 'WORKASPACE' ) );
#9403 = SURFACE_STYLE_USAGE ( .BOTH. , #13414 ) ;
#9404 = CARTESIAN_POINT ( 'NONE',  ( 1.100000000000001643, -0.001000000000000000021, 25.22500000000000497 ) ) ;
#9405 = PRESENTATION_LAYER_ASSIGNMENT (  '', '', ( #7245 ) ) ;
#9406 = LINE ( 'NONE', #7181, #8115 ) ;
#9407 = CARTESIAN_POINT ( 'NONE',  ( 2.300000000000003819, 1.000999999999999890, 25.22500000000000497 ) ) ;
#9408 = ORIENTED_EDGE ( 'NONE', *, *, #12517, .F. ) ;
#9409 =( NAMED_UNIT ( * ) SI_UNIT ( $, .STERADIAN. ) SOLID_ANGLE_UNIT ( ) );
#9410 = CARTESIAN_POINT ( 'NONE',  ( -9.200000000000006395, 0.0000000000000000000, -25.47499999999999432 ) ) ;
#9411 = VERTEX_POINT ( 'NONE', #4527 ) ;
#9412 = SURFACE_STYLE_FILL_AREA ( #9615 ) ;
#9413 = EDGE_CURVE ( 'NONE', #1202, #10199, #8773, .T. ) ;
#9414 = COLOUR_RGB ( '',1.000000000000000000, 1.000000000000000000, 0.0000000000000000000 ) ;
#9415 =( GEOMETRIC_REPRESENTATION_CONTEXT ( 3 ) GLOBAL_UNCERTAINTY_ASSIGNED_CONTEXT ( ( #7291 ) ) GLOBAL_UNIT_ASSIGNED_CONTEXT ( ( #8734, #1781, #3591 ) ) REPRESENTATION_CONTEXT ( 'NONE', 'WORKASPACE' ) );
#9416 = LINE ( 'NONE', #10494, #608 ) ;
#9417 = CARTESIAN_POINT ( 'NONE',  ( 12.10000000000000320, -0.001000000000000000021, 25.22499999999999432 ) ) ;
#9418 = EDGE_CURVE ( 'NONE', #530, #10569, #8636, .T. ) ;
#9419 = LINE ( 'NONE', #3263, #5917 ) ;
#9420 = VECTOR ( 'NONE', #1132, 1000.000000000000000 ) ;
#9421 = ORIENTED_EDGE ( 'NONE', *, *, #3304, .T. ) ;
#9422 =( NAMED_UNIT ( * ) PLANE_ANGLE_UNIT ( ) SI_UNIT ( $, .RADIAN. ) );
#9423 = DIRECTION ( 'NONE',  ( 0.0000000000000000000, 0.0000000000000000000, -1.000000000000000000 ) ) ;
#9424 = ORIENTED_EDGE ( 'NONE', *, *, #1582, .T. ) ;
#9425 =( NAMED_UNIT ( * ) SI_UNIT ( $, .STERADIAN. ) SOLID_ANGLE_UNIT ( ) );
#9426 = EDGE_LOOP ( 'NONE', ( #12766, #8483, #335, #13267 ) ) ;
#9427 = EDGE_CURVE ( 'NONE', #11363, #8691, #428, .T. ) ;
#9428 =( LENGTH_UNIT ( ) NAMED_UNIT ( * ) SI_UNIT ( .MILLI., .METRE. ) );
#9429 =( NAMED_UNIT ( * ) SI_UNIT ( $, .STERADIAN. ) SOLID_ANGLE_UNIT ( ) );
#9430 = ORIENTED_EDGE ( 'NONE', *, *, #11770, .T. ) ;
#9431 = AXIS2_PLACEMENT_3D ( 'NONE', #6734, #6950, #10867 ) ;
#9432 = CARTESIAN_POINT ( 'NONE',  ( -9.299999999999998934, -5.046468293750710023E-16, 25.22500000000001208 ) ) ;
#9433 = FILL_AREA_STYLE_COLOUR ( '', #3424 ) ;
#9434 = EDGE_CURVE ( 'NONE', #5248, #8924, #1480, .T. ) ;
#9435 = CARTESIAN_POINT ( 'NONE',  ( -8.499999999999996447, -0.001000000000000378407, 22.92500000000001137 ) ) ;
#9436 = UNCERTAINTY_MEASURE_WITH_UNIT (LENGTH_MEASURE( 1.000000000000000082E-05 ), #222, 'distance_accuracy_value', 'NONE');
#9437 = ORIENTED_EDGE ( 'NONE', *, *, #10331, .F. ) ;
#9438 = PLANE ( 'NONE',  #10930 ) ;
#9439 = PRESENTATION_STYLE_ASSIGNMENT (( #10653 ) ) ;
#9440 = CARTESIAN_POINT ( 'NONE',  ( -8.299999999999995381, 1.000000000000000000, 22.92500000000001137 ) ) ;
#9441 = ORIENTED_EDGE ( 'NONE', *, *, #13399, .T. ) ;
#9442 = PRESENTATION_STYLE_ASSIGNMENT (( #11413 ) ) ;
#9443 = EDGE_CURVE ( 'NONE', #534, #8967, #7759, .T. ) ;
#9444 = EDGE_LOOP ( 'NONE', ( #6314, #2597, #4619, #13175 ) ) ;
#9445 = COLOUR_RGB ( '',1.000000000000000000, 1.000000000000000000, 0.0000000000000000000 ) ;
#9446 = MECHANICAL_DESIGN_GEOMETRIC_PRESENTATION_REPRESENTATION (  '', ( #6884 ), #2992 ) ;
#9447 = SURFACE_STYLE_FILL_AREA ( #7427 ) ;
#9448 = ORIENTED_EDGE ( 'NONE', *, *, #8271, .T. ) ;
#9449 = UNCERTAINTY_MEASURE_WITH_UNIT (LENGTH_MEASURE( 1.000000000000000082E-05 ), #4165, 'distance_accuracy_value', 'NONE');
#9450 = ORIENTED_EDGE ( 'NONE', *, *, #6052, .T. ) ;
#9451 = SURFACE_SIDE_STYLE ('',( #11564 ) ) ;
#9452 = AXIS2_PLACEMENT_3D ( 'NONE', #7499, #1541, #12708 ) ;
#9453 = SURFACE_SIDE_STYLE ('',( #7295 ) ) ;
#9454 = ORIENTED_EDGE ( 'NONE', *, *, #5744, .F. ) ;
#9455 =( NAMED_UNIT ( * ) SI_UNIT ( $, .STERADIAN. ) SOLID_ANGLE_UNIT ( ) );
#9456 = DIRECTION ( 'NONE',  ( 1.885568995626964287E-16, 0.0000000000000000000, -1.000000000000000000 ) ) ;
#9457 = ORIENTED_EDGE ( 'NONE', *, *, #9361, .T. ) ;
#9458 = COLOUR_RGB ( '',1.000000000000000000, 1.000000000000000000, 0.0000000000000000000 ) ;
#9459 = FILL_AREA_STYLE ('',( #7639 ) ) ;
#9460 = VERTEX_POINT ( 'NONE', #3696 ) ;
#9461 = SURFACE_STYLE_USAGE ( .BOTH. , #12505 ) ;
#9462 = LINE ( 'NONE', #2101, #12217 ) ;
#9463 = CARTESIAN_POINT ( 'NONE',  ( -10.90000000000000036, -0.001000000000000757011, 25.22500000000001208 ) ) ;
#9464 = VERTEX_POINT ( 'NONE', #2417 ) ;
#9465 =( NAMED_UNIT ( * ) PLANE_ANGLE_UNIT ( ) SI_UNIT ( $, .RADIAN. ) );
#9466 = CARTESIAN_POINT ( 'NONE',  ( 9.900000000000002132, -0.001000000000000000021, 22.92499999999999716 ) ) ;
#9467 = SURFACE_SIDE_STYLE ('',( #6495 ) ) ;
#9468 = FILL_AREA_STYLE ('',( #7382 ) ) ;
#9469 = EDGE_LOOP ( 'NONE', ( #10445, #11563, #8668, #1717 ) ) ;
#9470 = SURFACE_SIDE_STYLE ('',( #1226 ) ) ;
#9471 =( GEOMETRIC_REPRESENTATION_CONTEXT ( 3 ) GLOBAL_UNCERTAINTY_ASSIGNED_CONTEXT ( ( #7976 ) ) GLOBAL_UNIT_ASSIGNED_CONTEXT ( ( #13258, #641, #3860 ) ) REPRESENTATION_CONTEXT ( 'NONE', 'WORKASPACE' ) );
#9472 = CARTESIAN_POINT ( 'NONE',  ( -9.099999999999996092, 1.000000000000000000, 22.92500000000001137 ) ) ;
#9473 = CARTESIAN_POINT ( 'NONE',  ( 12.84999999999999964, 1.000000000000000000, 25.22499999999999432 ) ) ;
#9474 = LINE ( 'NONE', #1440, #6025 ) ;
#9475 = DIRECTION ( 'NONE',  ( 1.000000000000000000, 0.0000000000000000000, 0.0000000000000000000 ) ) ;
#9476 = CARTESIAN_POINT ( 'NONE',  ( -11.29999999999999538, 1.000000000000000000, 22.92500000000001137 ) ) ;
#9477 = ORIENTED_EDGE ( 'NONE', *, *, #7033, .T. ) ;
#9478 = PRESENTATION_LAYER_ASSIGNMENT (  '', '', ( #1065 ) ) ;
#9479 =( NAMED_UNIT ( * ) PLANE_ANGLE_UNIT ( ) SI_UNIT ( $, .RADIAN. ) );
#9480 = ORIENTED_EDGE ( 'NONE', *, *, #950, .F. ) ;
#9481 = VECTOR ( 'NONE', #3553, 1000.000000000000000 ) ;
#9482 = ORIENTED_EDGE ( 'NONE', *, *, #411, .F. ) ;
#9483 = DIRECTION ( 'NONE',  ( -9.427844978134821433E-17, -0.0000000000000000000, -1.000000000000000000 ) ) ;
#9484 = CARTESIAN_POINT ( 'NONE',  ( 15.00000000000000000, -1.350000000000000089, -19.67499999999999361 ) ) ;
#9485 = EDGE_CURVE ( 'NONE', #2028, #1021, #5538, .T. ) ;
#9486 = LINE ( 'NONE', #2257, #6115 ) ;
#9487 = ORIENTED_EDGE ( 'NONE', *, *, #4391, .T. ) ;
#9488 = FACE_OUTER_BOUND ( 'NONE', #2555, .T. ) ;
#9489 = DIRECTION ( 'NONE',  ( -1.000000000000000000, 0.0000000000000000000, 9.427844978134821433E-17 ) ) ;
#9490 = CARTESIAN_POINT ( 'NONE',  ( 7.700000000000003730, 1.000999999999999890, 22.92499999999999716 ) ) ;
#9491 = EDGE_CURVE ( 'NONE', #4769, #5870, #9789, .T. ) ;
#9492 = CARTESIAN_POINT ( 'NONE',  ( 12.10000000000000320, 0.0000000000000000000, 22.92499999999999361 ) ) ;
#9493 = FACE_OUTER_BOUND ( 'NONE', #5631, .T. ) ;
#9494 = EDGE_LOOP ( 'NONE', ( #794, #12905, #9950, #1955 ) ) ;
#9495 = LINE ( 'NONE', #210, #2499 ) ;
#9496 = CARTESIAN_POINT ( 'NONE',  ( 1.300000000000003597, 1.000000000000000000, 25.22500000000000497 ) ) ;
#9497 = FILL_AREA_STYLE_COLOUR ( '', #8268 ) ;
#9498 = ORIENTED_EDGE ( 'NONE', *, *, #4313, .T. ) ;
#9499 = AXIS2_PLACEMENT_3D ( 'NONE', #7658, #3586, #4621 ) ;
#9500 = LINE ( 'NONE', #5335, #7814 ) ;
#9501 = CIRCLE ( 'NONE', #12983, 1.299999999999999156 ) ;
#9502 = EDGE_CURVE ( 'NONE', #6815, #5156, #11959, .T. ) ;
#9503 = EDGE_CURVE ( 'NONE', #8360, #3005, #9654, .T. ) ;
#9504 = ORIENTED_EDGE ( 'NONE', *, *, #4501, .F. ) ;
#9505 = ADVANCED_FACE ( 'NONE', ( #1540 ), #3499, .F. ) ;
#9506 = PRESENTATION_STYLE_ASSIGNMENT (( #2270 ) ) ;
#9507 = CARTESIAN_POINT ( 'NONE',  ( 3.900000000000003908, 1.000999999999999890, 22.92500000000000071 ) ) ;
#9508 =( GEOMETRIC_REPRESENTATION_CONTEXT ( 3 ) GLOBAL_UNCERTAINTY_ASSIGNED_CONTEXT ( ( #1627 ) ) GLOBAL_UNIT_ASSIGNED_CONTEXT ( ( #4274, #12500, #9599 ) ) REPRESENTATION_CONTEXT ( 'NONE', 'WORKASPACE' ) );
#9509 = STYLED_ITEM ( 'NONE', ( #12229 ), #12909 ) ;
#9510 = EDGE_CURVE ( 'NONE', #4471, #10609, #1679, .T. ) ;
#9511 = EDGE_LOOP ( 'NONE', ( #1154, #9726, #739, #9421 ) ) ;
#9512 = EDGE_CURVE ( 'NONE', #12539, #7603, #1948, .T. ) ;
#9513 = ORIENTED_EDGE ( 'NONE', *, *, #4940, .F. ) ;
#9514 = CARTESIAN_POINT ( 'NONE',  ( 13.65000000000000036, -1.084202172485504434E-16, 22.27500000000000924 ) ) ;
#9515 = CYLINDRICAL_SURFACE ( 'NONE', #5101, 1.299999999999999156 ) ;
#9516 = LINE ( 'NONE', #223, #9666 ) ;
#9517 = ORIENTED_EDGE ( 'NONE', *, *, #907, .T. ) ;
#9518 =( NAMED_UNIT ( * ) SI_UNIT ( $, .STERADIAN. ) SOLID_ANGLE_UNIT ( ) );
#9519 =( NAMED_UNIT ( * ) SI_UNIT ( $, .STERADIAN. ) SOLID_ANGLE_UNIT ( ) );
#9520 = EDGE_CURVE ( 'NONE', #7400, #1846, #3921, .T. ) ;
#9521 = VERTEX_POINT ( 'NONE', #13250 ) ;
#9522 = DIRECTION ( 'NONE',  ( -0.0000000000000000000, 0.0000000000000000000, 1.000000000000000000 ) ) ;
#9523 = FACE_OUTER_BOUND ( 'NONE', #5536, .T. ) ;
#9524 = EDGE_CURVE ( 'NONE', #7569, #5337, #1884, .T. ) ;
#9525 =( GEOMETRIC_REPRESENTATION_CONTEXT ( 3 ) GLOBAL_UNCERTAINTY_ASSIGNED_CONTEXT ( ( #3394 ) ) GLOBAL_UNIT_ASSIGNED_CONTEXT ( ( #2138, #2267, #10530 ) ) REPRESENTATION_CONTEXT ( 'NONE', 'WORKASPACE' ) );
#9526 = DIRECTION ( 'NONE',  ( 1.000000000000000000, 0.0000000000000000000, -0.0000000000000000000 ) ) ;
#9527 = STYLED_ITEM ( 'NONE', ( #6299 ), #4323 ) ;
#9528 = FILL_AREA_STYLE ('',( #3446 ) ) ;
#9529 = EDGE_LOOP ( 'NONE', ( #8473, #10710, #23, #10255 ) ) ;
#9530 = LINE ( 'NONE', #237, #7430 ) ;
#9531 = STYLED_ITEM ( 'NONE', ( #1390 ), #2082 ) ;
#9532 = FILL_AREA_STYLE ('',( #9271 ) ) ;
#9533 = CARTESIAN_POINT ( 'NONE',  ( 9.900000000000005684, 0.0000000000000000000, 22.92499999999999716 ) ) ;
#9534 = VERTEX_POINT ( 'NONE', #8039 ) ;
#9535 = DIRECTION ( 'NONE',  ( -1.000000000000000000, 0.0000000000000000000, -0.0000000000000000000 ) ) ;
#9536 = DIRECTION ( 'NONE',  ( -0.0000000000000000000, -1.000000000000000000, -0.0000000000000000000 ) ) ;
#9537 = PRESENTATION_STYLE_ASSIGNMENT (( #5428 ) ) ;
#9538 = VERTEX_POINT ( 'NONE', #10945 ) ;
#9539 = DIRECTION ( 'NONE',  ( 1.240565060293306583E-16, 0.0000000000000000000, 1.000000000000000000 ) ) ;
#9540 = DIRECTION ( 'NONE',  ( -1.000000000000000000, 0.0000000000000000000, -0.0000000000000000000 ) ) ;
#9541 = ADVANCED_FACE ( 'NONE', ( #11008 ), #9118, .F. ) ;
#9542 = AXIS2_PLACEMENT_3D ( 'NONE', #12173, #12101, #934 ) ;
#9543 = LINE ( 'NONE', #7464, #5140 ) ;
#9544 = VECTOR ( 'NONE', #6169, 1000.000000000000000 ) ;
#9545 =( NAMED_UNIT ( * ) PLANE_ANGLE_UNIT ( ) SI_UNIT ( $, .RADIAN. ) );
#9546 = LINE ( 'NONE', #10498, #251 ) ;
#9547 = DIRECTION ( 'NONE',  ( 1.000000000000000000, 0.0000000000000000000, 0.0000000000000000000 ) ) ;
#9548 = ORIENTED_EDGE ( 'NONE', *, *, #6145, .T. ) ;
#9549 = DIRECTION ( 'NONE',  ( 9.427844978134821433E-17, 0.0000000000000000000, 1.000000000000000000 ) ) ;
#9550 = STYLED_ITEM ( 'NONE', ( #832 ), #6301 ) ;
#9551 = ORIENTED_EDGE ( 'NONE', *, *, #12575, .F. ) ;
#9552 = FILL_AREA_STYLE_COLOUR ( '', #5530 ) ;
#9553 =( NAMED_UNIT ( * ) PLANE_ANGLE_UNIT ( ) SI_UNIT ( $, .RADIAN. ) );
#9554 = CARTESIAN_POINT ( 'NONE',  ( 5.700000000000001954, -0.001000000000000000021, 25.22500000000000142 ) ) ;
#9555 = MECHANICAL_DESIGN_GEOMETRIC_PRESENTATION_REPRESENTATION (  '', ( #4607 ), #6746 ) ;
#9556 = ORIENTED_EDGE ( 'NONE', *, *, #7528, .F. ) ;
#9557 = LINE ( 'NONE', #5249, #6770 ) ;
#9558 = CARTESIAN_POINT ( 'NONE',  ( 4.700000000000004619, 1.000999999999999890, 25.22500000000000142 ) ) ;
#9559 = CARTESIAN_POINT ( 'NONE',  ( -5.499999999999998224, 0.0000000000000000000, 25.22500000000000853 ) ) ;
#9560 = COLOUR_RGB ( '',1.000000000000000000, 1.000000000000000000, 0.0000000000000000000 ) ;
#9561 = EDGE_LOOP ( 'NONE', ( #8505, #10747, #11006, #7747 ) ) ;
#9562 = SURFACE_STYLE_FILL_AREA ( #2601 ) ;
#9563 = VECTOR ( 'NONE', #459, 1000.000000000000000 ) ;
#9564 = VECTOR ( 'NONE', #9813, 1000.000000000000000 ) ;
#9565 = CARTESIAN_POINT ( 'NONE',  ( -8.899999999999995026, 1.000999999999999890, 22.92500000000001137 ) ) ;
#9566 = FILL_AREA_STYLE_COLOUR ( '', #13127 ) ;
#9567 = DIRECTION ( 'NONE',  ( -0.0000000000000000000, 1.000000000000000000, -0.0000000000000000000 ) ) ;
#9568 = CARTESIAN_POINT ( 'NONE',  ( -12.10000000000000320, 0.0000000000000000000, -22.57499999999998863 ) ) ;
#9569 = ORIENTED_EDGE ( 'NONE', *, *, #3557, .T. ) ;
#9570 = MECHANICAL_DESIGN_GEOMETRIC_PRESENTATION_REPRESENTATION (  '', ( #7415 ), #8920 ) ;
#9571 = AXIS2_PLACEMENT_3D ( 'NONE', #12941, #5629, #7856 ) ;
#9572 = SURFACE_SIDE_STYLE ('',( #5861 ) ) ;
#9573 = CARTESIAN_POINT ( 'NONE',  ( 10.70000000000000284, -0.001000000000000000021, 22.92499999999999361 ) ) ;
#9574 = CARTESIAN_POINT ( 'NONE',  ( -2.099999999999998312, 0.0000000000000000000, 22.92500000000000782 ) ) ;
#9575 = EDGE_LOOP ( 'NONE', ( #1435, #796, #3467, #241 ) ) ;
#9576 = AXIS2_PLACEMENT_3D ( 'NONE', #6194, #10311, #11393 ) ;
#9577 =( LENGTH_UNIT ( ) NAMED_UNIT ( * ) SI_UNIT ( .MILLI., .METRE. ) );
#9578 = AXIS2_PLACEMENT_3D ( 'NONE', #10294, #8250, #9270 ) ;
#9579 = VERTEX_POINT ( 'NONE', #8899 ) ;
#9580 = ADVANCED_FACE ( 'NONE', ( #8171 ), #11157, .F. ) ;
#9581 = VECTOR ( 'NONE', #295, 1000.000000000000000 ) ;
#9582 = DIRECTION ( 'NONE',  ( -1.000000000000000000, -0.0000000000000000000, -0.0000000000000000000 ) ) ;
#9583 = AXIS2_PLACEMENT_3D ( 'NONE', #4509, #12749, #9696 ) ;
#9584 = EDGE_CURVE ( 'NONE', #1327, #9105, #12541, .T. ) ;
#9585 = VERTEX_POINT ( 'NONE', #7416 ) ;
#9586 = AXIS2_PLACEMENT_3D ( 'NONE', #10858, #5874, #2683 ) ;
#9587 = EDGE_CURVE ( 'NONE', #3841, #6350, #3031, .T. ) ;
#9588 = FILL_AREA_STYLE_COLOUR ( '', #11132 ) ;
#9589 = UNCERTAINTY_MEASURE_WITH_UNIT (LENGTH_MEASURE( 1.000000000000000082E-05 ), #3076, 'distance_accuracy_value', 'NONE');
#9590 = ORIENTED_EDGE ( 'NONE', *, *, #4574, .T. ) ;
#9591 = CARTESIAN_POINT ( 'NONE',  ( 10.30000000000000426, 1.000999999999999890, 22.92499999999999716 ) ) ;
#9592 = FILL_AREA_STYLE ('',( #1342 ) ) ;
#9593 = CARTESIAN_POINT ( 'NONE',  ( 8.300000000000002487, -0.001000000000000000021, 25.22499999999999787 ) ) ;
#9594 = ORIENTED_EDGE ( 'NONE', *, *, #11075, .T. ) ;
#9595 = COLOUR_RGB ( '',1.000000000000000000, 1.000000000000000000, 0.0000000000000000000 ) ;
#9596 = DIRECTION ( 'NONE',  ( -0.0000000000000000000, -0.0000000000000000000, -1.000000000000000000 ) ) ;
#9597 = ORIENTED_EDGE ( 'NONE', *, *, #11842, .F. ) ;
#9598 = CARTESIAN_POINT ( 'NONE',  ( -1.299999999999998712, -0.001000000000000000021, 25.22500000000000853 ) ) ;
#9599 =( NAMED_UNIT ( * ) SI_UNIT ( $, .STERADIAN. ) SOLID_ANGLE_UNIT ( ) );
#9600 =( GEOMETRIC_REPRESENTATION_CONTEXT ( 3 ) GLOBAL_UNCERTAINTY_ASSIGNED_CONTEXT ( ( #4730 ) ) GLOBAL_UNIT_ASSIGNED_CONTEXT ( ( #11096, #2635, #8853 ) ) REPRESENTATION_CONTEXT ( 'NONE', 'WORKASPACE' ) );
#9601 = ADVANCED_FACE ( 'NONE', ( #12418 ), #1188, .F. ) ;
#9602 = DIRECTION ( 'NONE',  ( -0.0000000000000000000, -1.000000000000000000, -0.0000000000000000000 ) ) ;
#9603 = PRESENTATION_LAYER_ASSIGNMENT (  '', '', ( #11324 ) ) ;
#9604 =( NAMED_UNIT ( * ) SI_UNIT ( $, .STERADIAN. ) SOLID_ANGLE_UNIT ( ) );
#9605 = ORIENTED_EDGE ( 'NONE', *, *, #217, .F. ) ;
#9606 = ADVANCED_FACE ( 'NONE', ( #10453 ), #9438, .F. ) ;
#9607 = CARTESIAN_POINT ( 'NONE',  ( -0.2999999999999964362, 1.000999999999999890, 25.22500000000000853 ) ) ;
#9608 = CARTESIAN_POINT ( 'NONE',  ( -15.00000000000000000, 0.2500000000000002220, 25.47500000000000853 ) ) ;
#9609 = COLOUR_RGB ( '',1.000000000000000000, 1.000000000000000000, 0.0000000000000000000 ) ;
#9610 =( GEOMETRIC_REPRESENTATION_CONTEXT ( 3 ) GLOBAL_UNCERTAINTY_ASSIGNED_CONTEXT ( ( #2984 ) ) GLOBAL_UNIT_ASSIGNED_CONTEXT ( ( #12880, #7998, #806 ) ) REPRESENTATION_CONTEXT ( 'NONE', 'WORKASPACE' ) );
#9611 = ORIENTED_EDGE ( 'NONE', *, *, #8341, .T. ) ;
#9612 = CARTESIAN_POINT ( 'NONE',  ( 0.1000000000000017819, -0.001000000000000000021, 25.22500000000000853 ) ) ;
#9613 = CARTESIAN_POINT ( 'NONE',  ( -15.00000000000000533, -1.350000000000000089, -19.67499999999999361 ) ) ;
#9614 = ORIENTED_EDGE ( 'NONE', *, *, #11990, .T. ) ;
#9615 = FILL_AREA_STYLE ('',( #3330 ) ) ;
#9616 = CARTESIAN_POINT ( 'NONE',  ( -10.90000000000000036, -0.001000000000000757011, 25.22500000000001208 ) ) ;
#9617 = VECTOR ( 'NONE', #5477, 1000.000000000000000 ) ;
#9618 =( NAMED_UNIT ( * ) PLANE_ANGLE_UNIT ( ) SI_UNIT ( $, .RADIAN. ) );
#9619 = DIRECTION ( 'NONE',  ( 2.990902544787598592E-16, 0.0000000000000000000, 1.000000000000000000 ) ) ;
#9620 = CARTESIAN_POINT ( 'NONE',  ( 4.900000000000001243, -0.001000000000000000021, 25.22500000000000142 ) ) ;
#9621 = ORIENTED_EDGE ( 'NONE', *, *, #213, .F. ) ;
#9622 = SURFACE_STYLE_USAGE ( .BOTH. , #10502 ) ;
#9623 = FILL_AREA_STYLE_COLOUR ( '', #5216 ) ;
#9624 =( LENGTH_UNIT ( ) NAMED_UNIT ( * ) SI_UNIT ( .MILLI., .METRE. ) );
#9625 = ORIENTED_EDGE ( 'NONE', *, *, #4417, .F. ) ;
#9626 =( LENGTH_UNIT ( ) NAMED_UNIT ( * ) SI_UNIT ( .MILLI., .METRE. ) );
#9627 = PRESENTATION_STYLE_ASSIGNMENT (( #5512 ) ) ;
#9628 = CARTESIAN_POINT ( 'NONE',  ( 1.100000000000002087, -0.001000000000000000021, 22.92500000000000426 ) ) ;
#9629 = MECHANICAL_DESIGN_GEOMETRIC_PRESENTATION_REPRESENTATION (  '', ( #11577 ), #11357 ) ;
#9630 = ORIENTED_EDGE ( 'NONE', *, *, #7951, .T. ) ;
#9631 = CARTESIAN_POINT ( 'NONE',  ( 3.100000000000003197, 1.000999999999999890, 22.92500000000000071 ) ) ;
#9632 = AXIS2_PLACEMENT_3D ( 'NONE', #1708, #8935, #1503 ) ;
#9633 =( NAMED_UNIT ( * ) PLANE_ANGLE_UNIT ( ) SI_UNIT ( $, .RADIAN. ) );
#9634 = LINE ( 'NONE', #9828, #11289 ) ;
#9635 = LINE ( 'NONE', #3418, #12513 ) ;
#9636 = STYLED_ITEM ( 'NONE', ( #5169 ), #9113 ) ;
#9637 = PLANE ( 'NONE',  #11855 ) ;
#9638 = COLOUR_RGB ( '',1.000000000000000000, 1.000000000000000000, 0.0000000000000000000 ) ;
#9639 = PRESENTATION_STYLE_ASSIGNMENT (( #11614 ) ) ;
#9640 = PRESENTATION_STYLE_ASSIGNMENT (( #6593 ) ) ;
#9641 = ORIENTED_EDGE ( 'NONE', *, *, #8721, .T. ) ;
#9642 =( NAMED_UNIT ( * ) PLANE_ANGLE_UNIT ( ) SI_UNIT ( $, .RADIAN. ) );
#9643 = LINE ( 'NONE', #8692, #11013 ) ;
#9644 = ORIENTED_EDGE ( 'NONE', *, *, #3404, .F. ) ;
#9645 = CARTESIAN_POINT ( 'NONE',  ( 5.700000000000001954, -0.001000000000000000021, 25.22500000000000142 ) ) ;
#9646 = AXIS2_PLACEMENT_3D ( 'NONE', #2008, #13242, #7273 ) ;
#9647 = DIRECTION ( 'NONE',  ( -0.0000000000000000000, -0.0000000000000000000, -1.000000000000000000 ) ) ;
#9648 = ORIENTED_EDGE ( 'NONE', *, *, #10928, .F. ) ;
#9649 = PRESENTATION_LAYER_ASSIGNMENT (  '', '', ( #12686 ) ) ;
#9650 = MECHANICAL_DESIGN_GEOMETRIC_PRESENTATION_REPRESENTATION (  '', ( #12456 ), #5158 ) ;
#9651 = SURFACE_SIDE_STYLE ('',( #1414 ) ) ;
#9652 = EDGE_LOOP ( 'NONE', ( #4869, #2453, #13088, #5135 ) ) ;
#9653 = LINE ( 'NONE', #360, #7637 ) ;
#9654 = LINE ( 'NONE', #10794, #78 ) ;
#9655 =( NAMED_UNIT ( * ) PLANE_ANGLE_UNIT ( ) SI_UNIT ( $, .RADIAN. ) );
#9656 = VERTEX_POINT ( 'NONE', #11336 ) ;
#9657 = DIRECTION ( 'NONE',  ( 1.000000000000000000, 0.0000000000000000000, 0.0000000000000000000 ) ) ;
#9658 = CARTESIAN_POINT ( 'NONE',  ( -6.699999999999995737, 1.000999999999999890, 22.92500000000001137 ) ) ;
#9659 = ORIENTED_EDGE ( 'NONE', *, *, #1657, .F. ) ;
#9660 =( NAMED_UNIT ( * ) PLANE_ANGLE_UNIT ( ) SI_UNIT ( $, .RADIAN. ) );
#9661 = DIRECTION ( 'NONE',  ( 0.0000000000000000000, 0.0000000000000000000, 1.000000000000000000 ) ) ;
#9662 = SURFACE_SIDE_STYLE ('',( #4344 ) ) ;
#9663 = EDGE_CURVE ( 'NONE', #8210, #13024, #9495, .T. ) ;
#9664 = COLOUR_RGB ( '',1.000000000000000000, 1.000000000000000000, 0.0000000000000000000 ) ;
#9665 = SURFACE_STYLE_USAGE ( .BOTH. , #4808 ) ;
#9666 = VECTOR ( 'NONE', #5890, 1000.000000000000000 ) ;
#9667 = ORIENTED_EDGE ( 'NONE', *, *, #11837, .T. ) ;
#9668 = CARTESIAN_POINT ( 'NONE',  ( -8.499999999999998224, -0.001000000000000378407, 25.22500000000001208 ) ) ;
#9670 = EDGE_CURVE ( 'NONE', #440, #11812, #4385, .T. ) ;
#9669 = CARTESIAN_POINT ( 'NONE',  ( 5.900000000000002132, 0.0000000000000000000, 22.92500000000000071 ) ) ;
#9671 = PRESENTATION_STYLE_ASSIGNMENT (( #1358 ) ) ;
#9672 = ORIENTED_EDGE ( 'NONE', *, *, #5479, .T. ) ;
#9673 = CARTESIAN_POINT ( 'NONE',  ( 3.500000000000001776, -0.001000000000000000021, 22.92500000000000071 ) ) ;
#9674 = PRESENTATION_STYLE_ASSIGNMENT (( #10819 ) ) ;
#9675 = LINE ( 'NONE', #7584, #1537 ) ;
#9676 = ORIENTED_EDGE ( 'NONE', *, *, #10579, .F. ) ;
#9677 = EDGE_CURVE ( 'NONE', #6375, #5875, #8289, .T. ) ;
#9678 = EDGE_CURVE ( 'NONE', #8828, #6190, #3095, .T. ) ;
#9679 = DIRECTION ( 'NONE',  ( 0.0000000000000000000, 1.000000000000000000, 0.0000000000000000000 ) ) ;
#9680 = COLOUR_RGB ( '',1.000000000000000000, 1.000000000000000000, 0.0000000000000000000 ) ;
#9681 = SURFACE_STYLE_USAGE ( .BOTH. , #5435 ) ;
#9682 =( NAMED_UNIT ( * ) SI_UNIT ( $, .STERADIAN. ) SOLID_ANGLE_UNIT ( ) );
#9683 = ORIENTED_EDGE ( 'NONE', *, *, #2474, .T. ) ;
#9685 = EDGE_CURVE ( 'NONE', #7395, #773, #5192, .T. ) ;
#9684 = CARTESIAN_POINT ( 'NONE',  ( -1.099999999999996758, 1.000000000000000000, 22.92500000000000782 ) ) ;
#9686 = FILL_AREA_STYLE ('',( #8737 ) ) ;
#9687 = EDGE_CURVE ( 'NONE', #5877, #10327, #4255, .T. ) ;
#9688 =( NAMED_UNIT ( * ) SI_UNIT ( $, .STERADIAN. ) SOLID_ANGLE_UNIT ( ) );
#9689 = EDGE_LOOP ( 'NONE', ( #12525, #13122, #6415, #11342 ) ) ;
#9690 = DIRECTION ( 'NONE',  ( -9.427844978134821433E-17, -0.0000000000000000000, 1.000000000000000000 ) ) ;
#9691 = DIRECTION ( 'NONE',  ( -0.0000000000000000000, -1.000000000000000000, -0.0000000000000000000 ) ) ;
#9692 = CARTESIAN_POINT ( 'NONE',  ( -12.10000000000000320, 1.000000000000000000, -22.57499999999998863 ) ) ;
#9693 = CARTESIAN_POINT ( 'NONE',  ( -1.099999999999996758, 1.000999999999999890, 22.92500000000000782 ) ) ;
#9694 = ORIENTED_EDGE ( 'NONE', *, *, #7050, .F. ) ;
#9695 =( GEOMETRIC_REPRESENTATION_CONTEXT ( 3 ) GLOBAL_UNCERTAINTY_ASSIGNED_CONTEXT ( ( #12025 ) ) GLOBAL_UNIT_ASSIGNED_CONTEXT ( ( #11281, #1001, #1196 ) ) REPRESENTATION_CONTEXT ( 'NONE', 'WORKASPACE' ) );
#9696 = DIRECTION ( 'NONE',  ( -9.427844978134821433E-17, 0.0000000000000000000, 1.000000000000000000 ) ) ;
#9697 = DIRECTION ( 'NONE',  ( -9.427844978134821433E-17, -0.0000000000000000000, -1.000000000000000000 ) ) ;
#9698 = DIRECTION ( 'NONE',  ( 0.0000000000000000000, -0.0000000000000000000, 1.000000000000000000 ) ) ;
#9699 =( NAMED_UNIT ( * ) PLANE_ANGLE_UNIT ( ) SI_UNIT ( $, .RADIAN. ) );
#9700 = LINE ( 'NONE', #1394, #148 ) ;
#9701 = AXIS2_PLACEMENT_3D ( 'NONE', #8565, #11693, #4657 ) ;
#9702 = SURFACE_STYLE_FILL_AREA ( #4577 ) ;
#9703 = CARTESIAN_POINT ( 'NONE',  ( 9.900000000000002132, -0.001000000000000000021, 22.92499999999999716 ) ) ;
#9704 = FACE_OUTER_BOUND ( 'NONE', #6413, .T. ) ;
#9705 = UNCERTAINTY_MEASURE_WITH_UNIT (LENGTH_MEASURE( 1.000000000000000082E-05 ), #4019, 'distance_accuracy_value', 'NONE');
#9706 = ORIENTED_EDGE ( 'NONE', *, *, #10597, .F. ) ;
#9707 = SURFACE_SIDE_STYLE ('',( #4516 ) ) ;
#9708 = PRESENTATION_STYLE_ASSIGNMENT (( #1465 ) ) ;
#9709 = ORIENTED_EDGE ( 'NONE', *, *, #4479, .T. ) ;
#9710 = CARTESIAN_POINT ( 'NONE',  ( 5.300000000000004263, 1.000999999999999890, 22.92500000000000071 ) ) ;
#9711 = VECTOR ( 'NONE', #1862, 1000.000000000000114 ) ;
#9712 = PRESENTATION_LAYER_ASSIGNMENT (  '', '', ( #175 ) ) ;
#9713 = ADVANCED_FACE ( 'NONE', ( #8944 ), #346, .T. ) ;
#9714 = PRESENTATION_STYLE_ASSIGNMENT (( #11074 ) ) ;
#9715 = UNCERTAINTY_MEASURE_WITH_UNIT (LENGTH_MEASURE( 1.000000000000000082E-05 ), #8338, 'distance_accuracy_value', 'NONE');
#9716 = STYLED_ITEM ( 'NONE', ( #8727 ), #5240 ) ;
#9717 = COLOUR_RGB ( '',1.000000000000000000, 1.000000000000000000, 0.0000000000000000000 ) ;
#9718 = ORIENTED_EDGE ( 'NONE', *, *, #4398, .T. ) ;
#9719 = LINE ( 'NONE', #8772, #6762 ) ;
#9720 = CARTESIAN_POINT ( 'NONE',  ( -6.099999999999997868, 0.0000000000000000000, 22.92500000000001137 ) ) ;
#9721 = PRESENTATION_LAYER_ASSIGNMENT (  '', '', ( #2165 ) ) ;
#9722 = DIRECTION ( 'NONE',  ( 1.000000000000000000, 0.0000000000000000000, -0.0000000000000000000 ) ) ;
#9723 = SURFACE_STYLE_USAGE ( .BOTH. , #12986 ) ;
#9724 = CARTESIAN_POINT ( 'NONE',  ( -6.899999999999998579, -0.001000000000000126222, 25.22500000000001208 ) ) ;
#9725 = SURFACE_STYLE_FILL_AREA ( #571 ) ;
#9726 = ORIENTED_EDGE ( 'NONE', *, *, #4734, .F. ) ;
#9727 =( NAMED_UNIT ( * ) PLANE_ANGLE_UNIT ( ) SI_UNIT ( $, .RADIAN. ) );
#9728 = VECTOR ( 'NONE', #5731, 1000.000000000000000 ) ;
#9729 = COLOUR_RGB ( '',1.000000000000000000, 1.000000000000000000, 0.0000000000000000000 ) ;
#9730 = PRESENTATION_LAYER_ASSIGNMENT (  '', '', ( #8656 ) ) ;
#9731 = DIRECTION ( 'NONE',  ( -1.000000000000000000, 0.0000000000000000000, 0.0000000000000000000 ) ) ;
#9732 = ORIENTED_EDGE ( 'NONE', *, *, #9383, .T. ) ;
#9733 = PLANE ( 'NONE',  #10216 ) ;
#9734 = CARTESIAN_POINT ( 'NONE',  ( 4.300000000000001599, -0.001000000000000000021, 22.92500000000000071 ) ) ;
#9735 = SURFACE_STYLE_USAGE ( .BOTH. , #6760 ) ;
#9736 = UNCERTAINTY_MEASURE_WITH_UNIT (LENGTH_MEASURE( 1.000000000000000082E-05 ), #12366, 'distance_accuracy_value', 'NONE');
#9737 = STYLED_ITEM ( 'NONE', ( #5426 ), #3749 ) ;
#9738 = VERTEX_POINT ( 'NONE', #3820 ) ;
#9739 = LINE ( 'NONE', #2504, #10504 ) ;
#9740 = PLANE ( 'NONE',  #10795 ) ;
#9741 = LINE ( 'NONE', #3582, #5658 ) ;
#9742 = ORIENTED_EDGE ( 'NONE', *, *, #12342, .T. ) ;
#9743 = LINE ( 'NONE', #6694, #2164 ) ;
#9744 = AXIS2_PLACEMENT_3D ( 'NONE', #12654, #1282, #2550 ) ;
#9745 = ADVANCED_FACE ( 'NONE', ( #6863 ), #9966, .T. ) ;
#9746 = CARTESIAN_POINT ( 'NONE',  ( 1.700000000000001954, -0.001000000000000000021, 25.22500000000000497 ) ) ;
#9747 = LINE ( 'NONE', #10628, #6231 ) ;
#9748 = MECHANICAL_DESIGN_GEOMETRIC_PRESENTATION_REPRESENTATION (  '', ( #12128 ), #11482 ) ;
#9749 = DIRECTION ( 'NONE',  ( 0.0000000000000000000, -0.0000000000000000000, 1.000000000000000000 ) ) ;
#9750 = ORIENTED_EDGE ( 'NONE', *, *, #8253, .F. ) ;
#9751 = ADVANCED_FACE ( 'NONE', ( #11046 ), #1789, .T. ) ;
#9752 =( NAMED_UNIT ( * ) PLANE_ANGLE_UNIT ( ) SI_UNIT ( $, .RADIAN. ) );
#9753 = EDGE_CURVE ( 'NONE', #1071, #10024, #8003, .T. ) ;
#9754 = CARTESIAN_POINT ( 'NONE',  ( 11.30000000000000249, -0.001000000000000000021, 25.22499999999999432 ) ) ;
#9755 = ORIENTED_EDGE ( 'NONE', *, *, #8940, .F. ) ;
#9756 = CARTESIAN_POINT ( 'NONE',  ( 11.10000000000000320, 1.000999999999999890, 22.92499999999999361 ) ) ;
#9757 = SURFACE_STYLE_USAGE ( .BOTH. , #672 ) ;
#9758 = CARTESIAN_POINT ( 'NONE',  ( -8.899999999999995026, 1.000000000000000000, 22.92500000000001137 ) ) ;
#9759 = VERTEX_POINT ( 'NONE', #9016 ) ;
#9760 = FACE_OUTER_BOUND ( 'NONE', #9561, .T. ) ;
#9761 =( GEOMETRIC_REPRESENTATION_CONTEXT ( 3 ) GLOBAL_UNCERTAINTY_ASSIGNED_CONTEXT ( ( #11223 ) ) GLOBAL_UNIT_ASSIGNED_CONTEXT ( ( #1970, #7178, #10293 ) ) REPRESENTATION_CONTEXT ( 'NONE', 'WORKASPACE' ) );
#9762 =( GEOMETRIC_REPRESENTATION_CONTEXT ( 3 ) GLOBAL_UNCERTAINTY_ASSIGNED_CONTEXT ( ( #2149 ) ) GLOBAL_UNIT_ASSIGNED_CONTEXT ( ( #4673, #9865, #11265 ) ) REPRESENTATION_CONTEXT ( 'NONE', 'WORKASPACE' ) );
#9763 = DIRECTION ( 'NONE',  ( 1.000000000000000000, 0.0000000000000000000, 0.0000000000000000000 ) ) ;
#9764 = EDGE_CURVE ( 'Edge1', #11167, #8744, #11187, .T. ) ;
#9765 = ADVANCED_FACE ( 'NONE', ( #7184 ), #5992, .F. ) ;
#9766 =( LENGTH_UNIT ( ) NAMED_UNIT ( * ) SI_UNIT ( .MILLI., .METRE. ) );
#9767 = SURFACE_STYLE_USAGE ( .BOTH. , #10518 ) ;
#9768 =( LENGTH_UNIT ( ) NAMED_UNIT ( * ) SI_UNIT ( .MILLI., .METRE. ) );
#9769 =( GEOMETRIC_REPRESENTATION_CONTEXT ( 3 ) GLOBAL_UNCERTAINTY_ASSIGNED_CONTEXT ( ( #12171 ) ) GLOBAL_UNIT_ASSIGNED_CONTEXT ( ( #3955, #11299, #8075 ) ) REPRESENTATION_CONTEXT ( 'NONE', 'WORKASPACE' ) );
#9770 = CARTESIAN_POINT ( 'NONE',  ( -3.099999999999997424, 0.0000000000000000000, 22.22500000000001208 ) ) ;
#9771 = AXIS2_PLACEMENT_3D ( 'NONE', #5906, #13072, #3794 ) ;
#9772 = EDGE_CURVE ( 'NONE', #8240, #8441, #13158, .T. ) ;
#9773 = PRESENTATION_STYLE_ASSIGNMENT (( #7821 ) ) ;
#9774 = STYLED_ITEM ( 'NONE', ( #8547 ), #2493 ) ;
#9775 = ADVANCED_FACE ( 'NONE', ( #11374 ), #7121, .F. ) ;
#9776 = ORIENTED_EDGE ( 'NONE', *, *, #10831, .T. ) ;
#9777 = SURFACE_STYLE_USAGE ( .BOTH. , #9707 ) ;
#9778 = ORIENTED_EDGE ( 'NONE', *, *, #3220, .F. ) ;
#9779 = VECTOR ( 'NONE', #13397, 1000.000000000000000 ) ;
#9780 = FILL_AREA_STYLE ('',( #12769 ) ) ;
#9781 = STYLED_ITEM ( 'NONE', ( #5263 ), #6543 ) ;
#9782 = FILL_AREA_STYLE_COLOUR ( '', #11429 ) ;
#9783 = FACE_OUTER_BOUND ( 'NONE', #7084, .T. ) ;
#9784 = COLOUR_RGB ( '',1.000000000000000000, 1.000000000000000000, 0.0000000000000000000 ) ;
#9785 = SURFACE_STYLE_FILL_AREA ( #12976 ) ;
#9786 = VECTOR ( 'NONE', #8474, 1000.000000000000000 ) ;
#9787 = VERTEX_POINT ( 'NONE', #3063 ) ;
#9788 =( NAMED_UNIT ( * ) SI_UNIT ( $, .STERADIAN. ) SOLID_ANGLE_UNIT ( ) );
#9789 = LINE ( 'NONE', #7836, #1628 ) ;
#9790 =( GEOMETRIC_REPRESENTATION_CONTEXT ( 3 ) GLOBAL_UNCERTAINTY_ASSIGNED_CONTEXT ( ( #1870 ) ) GLOBAL_UNIT_ASSIGNED_CONTEXT ( ( #4233, #7259, #8328 ) ) REPRESENTATION_CONTEXT ( 'NONE', 'WORKASPACE' ) );
#9791 = LINE ( 'NONE', #12850, #11631 ) ;
#9792 = DIRECTION ( 'NONE',  ( 0.0000000000000000000, 0.0000000000000000000, 1.000000000000000000 ) ) ;
#9793 = DIRECTION ( 'NONE',  ( -1.000000000000000000, 0.0000000000000000000, 0.0000000000000000000 ) ) ;
#9794 = EDGE_LOOP ( 'NONE', ( #4776, #9948, #12213, #8694 ) ) ;
#9795 = DIRECTION ( 'NONE',  ( 0.0000000000000000000, 0.0000000000000000000, 1.000000000000000000 ) ) ;
#9796 = FACE_OUTER_BOUND ( 'NONE', #7347, .T. ) ;
#9797 = AXIS2_PLACEMENT_3D ( 'NONE', #609, #11871, #1720 ) ;
#9798 = STYLED_ITEM ( 'NONE', ( #2500 ), #10937 ) ;
#9799 = CARTESIAN_POINT ( 'NONE',  ( -5.899999999999995914, 1.000000000000000000, 25.22500000000000853 ) ) ;
#9800 = PLANE ( 'NONE',  #508 ) ;
#9801 = ORIENTED_EDGE ( 'NONE', *, *, #9208, .T. ) ;
#9802 = CARTESIAN_POINT ( 'NONE',  ( -7.699999999999998401, -0.001000000000000252423, 25.22500000000001208 ) ) ;
#9803 = CARTESIAN_POINT ( 'NONE',  ( -7.299999999999995381, 1.000999999999999890, 22.92500000000001137 ) ) ;
#9804 = CARTESIAN_POINT ( 'NONE',  ( -3.849999999999997424, 0.0000000000000000000, 22.22500000000001208 ) ) ;
#9805 = CYLINDRICAL_SURFACE ( 'NONE', #3801, 1.299999999999999156 ) ;
#9806 = DIRECTION ( 'NONE',  ( -1.000000000000000000, -0.0000000000000000000, -0.0000000000000000000 ) ) ;
#9807 =( LENGTH_UNIT ( ) NAMED_UNIT ( * ) SI_UNIT ( .MILLI., .METRE. ) );
#9808 = DIRECTION ( 'NONE',  ( -0.0000000000000000000, 1.000000000000000000, -0.0000000000000000000 ) ) ;
#9809 = CARTESIAN_POINT ( 'NONE',  ( 4.300000000000001599, 0.0000000000000000000, 22.92500000000000071 ) ) ;
#9810 = ORIENTED_EDGE ( 'NONE', *, *, #11760, .F. ) ;
#9811 = VECTOR ( 'NONE', #2219, 1000.000000000000000 ) ;
#9812 =( GEOMETRIC_REPRESENTATION_CONTEXT ( 3 ) GLOBAL_UNCERTAINTY_ASSIGNED_CONTEXT ( ( #2697 ) ) GLOBAL_UNIT_ASSIGNED_CONTEXT ( ( #10465, #4399, #7354 ) ) REPRESENTATION_CONTEXT ( 'NONE', 'WORKASPACE' ) );
#9813 = DIRECTION ( 'NONE',  ( -0.0000000000000000000, 1.000000000000000000, -0.0000000000000000000 ) ) ;
#9814 = STYLED_ITEM ( 'NONE', ( #4537 ), #2765 ) ;
#9815 =( LENGTH_UNIT ( ) NAMED_UNIT ( * ) SI_UNIT ( .MILLI., .METRE. ) );
#9816 = ORIENTED_EDGE ( 'NONE', *, *, #10991, .F. ) ;
#9817 = SURFACE_STYLE_USAGE ( .BOTH. , #12052 ) ;
#9818 = DIRECTION ( 'NONE',  ( -9.427844978134821433E-17, -0.0000000000000000000, 1.000000000000000000 ) ) ;
#9819 = FILL_AREA_STYLE ('',( #5575 ) ) ;
#9820 = ORIENTED_EDGE ( 'NONE', *, *, #9361, .F. ) ;
#9821 = FILL_AREA_STYLE ('',( #9552 ) ) ;
#9822 = PRESENTATION_LAYER_ASSIGNMENT (  '', '', ( #2259 ) ) ;
#9823 = CARTESIAN_POINT ( 'NONE',  ( 12.09999999999999964, 0.0000000000000000000, -22.57499999999998863 ) ) ;
#9824 = DIRECTION ( 'NONE',  ( 0.0000000000000000000, 0.0000000000000000000, -1.000000000000000000 ) ) ;
#9825 = ADVANCED_FACE ( 'NONE', ( #242 ), #6369, .F. ) ;
#9826 = CARTESIAN_POINT ( 'NONE',  ( -7.499999999999995559, 1.000000000000000000, 25.22500000000001208 ) ) ;
#9827 = VERTEX_POINT ( 'NONE', #11583 ) ;
#9828 = CARTESIAN_POINT ( 'NONE',  ( 11.70000000000000462, 1.000999999999999890, 22.92499999999999361 ) ) ;
#9829 = VECTOR ( 'NONE', #12914, 1000.000000000000000 ) ;
#9830 = CARTESIAN_POINT ( 'NONE',  ( 10.30000000000000426, 1.000999999999999890, 22.92499999999999716 ) ) ;
#9831 = DIRECTION ( 'NONE',  ( -0.0000000000000000000, -1.000000000000000000, -0.0000000000000000000 ) ) ;
#9832 = MECHANICAL_DESIGN_GEOMETRIC_PRESENTATION_REPRESENTATION (  '', ( #7245 ), #8972 ) ;
#9833 = EDGE_CURVE ( 'NONE', #4547, #8165, #2296, .T. ) ;
#9834 = MECHANICAL_DESIGN_GEOMETRIC_PRESENTATION_REPRESENTATION (  '', ( #11573 ), #6822 ) ;
#9835 = FILL_AREA_STYLE_COLOUR ( '', #354 ) ;
#9836 = CARTESIAN_POINT ( 'NONE',  ( 3.100000000000005418, 1.000000000000000000, 22.92500000000000071 ) ) ;
#9837 = FACE_OUTER_BOUND ( 'NONE', #6980, .T. ) ;
#9838 = PLANE ( 'NONE',  #11309 ) ;
#9839 = STYLED_ITEM ( 'NONE', ( #12763 ), #9745 ) ;
#9840 = EDGE_LOOP ( 'NONE', ( #3392, #6810, #7599, #10863 ) ) ;
#9841 = SURFACE_SIDE_STYLE ('',( #11683 ) ) ;
#9842 = EDGE_CURVE ( 'NONE', #10246, #4890, #12722, .T. ) ;
#9843 = AXIS2_PLACEMENT_3D ( 'NONE', #3422, #12004, #4713 ) ;
#9844 = FILL_AREA_STYLE_COLOUR ( '', #854 ) ;
#9845 = DIRECTION ( 'NONE',  ( -1.000000000000000000, -0.0000000000000000000, -0.0000000000000000000 ) ) ;
#9846 = ORIENTED_EDGE ( 'NONE', *, *, #45, .T. ) ;
#9847 = VECTOR ( 'NONE', #11010, 1000.000000000000000 ) ;
#9848 = EDGE_CURVE ( 'NONE', #913, #1058, #1220, .T. ) ;
#9849 = COLOUR_RGB ( '',1.000000000000000000, 1.000000000000000000, 0.0000000000000000000 ) ;
#9850 = VECTOR ( 'NONE', #7392, 1000.000000000000000 ) ;
#9851 = EDGE_CURVE ( 'NONE', #3276, #6190, #11513, .T. ) ;
#9852 =( NAMED_UNIT ( * ) SI_UNIT ( $, .STERADIAN. ) SOLID_ANGLE_UNIT ( ) );
#9853 = UNCERTAINTY_MEASURE_WITH_UNIT (LENGTH_MEASURE( 1.000000000000000082E-05 ), #8376, 'distance_accuracy_value', 'NONE');
#9854 = EDGE_LOOP ( 'NONE', ( #1163, #7361, #12600, #2927 ) ) ;
#9855 = CARTESIAN_POINT ( 'NONE',  ( -1.699999999999996625, 1.000999999999999890, 25.22500000000000853 ) ) ;
#9856 = CARTESIAN_POINT ( 'NONE',  ( 7.500000000000002665, 0.0000000000000000000, 25.22499999999999787 ) ) ;
#9857 = EDGE_CURVE ( 'NONE', #1058, #4245, #1361, .T. ) ;
#9858 = FILL_AREA_STYLE ('',( #7907 ) ) ;
#9859 =( LENGTH_UNIT ( ) NAMED_UNIT ( * ) SI_UNIT ( .MILLI., .METRE. ) );
#9860 = AXIS2_PLACEMENT_3D ( 'NONE', #5758, #7690, #7832 ) ;
#9861 = SURFACE_SIDE_STYLE ('',( #1614 ) ) ;
#9862 =( NAMED_UNIT ( * ) PLANE_ANGLE_UNIT ( ) SI_UNIT ( $, .RADIAN. ) );
#9863 = VERTEX_POINT ( 'NONE', #10486 ) ;
#9864 = FILL_AREA_STYLE ('',( #3700 ) ) ;
#9865 =( NAMED_UNIT ( * ) PLANE_ANGLE_UNIT ( ) SI_UNIT ( $, .RADIAN. ) );
#9866 = VECTOR ( 'NONE', #10055, 1000.000000000000000 ) ;
#9867 = DIRECTION ( 'NONE',  ( 0.0000000000000000000, -1.000000000000000000, 0.0000000000000000000 ) ) ;
#9868 = DIRECTION ( 'NONE',  ( -0.0000000000000000000, 0.0000000000000000000, 1.000000000000000000 ) ) ;
#9869 = ORIENTED_EDGE ( 'NONE', *, *, #6272, .T. ) ;
#9870 = SURFACE_SIDE_STYLE ('',( #4811 ) ) ;
#9871 = UNCERTAINTY_MEASURE_WITH_UNIT (LENGTH_MEASURE( 1.000000000000000082E-05 ), #9051, 'distance_accuracy_value', 'NONE');
#9872 = DIRECTION ( 'NONE',  ( 0.0000000000000000000, -0.0000000000000000000, 1.000000000000000000 ) ) ;
#9873 =( NAMED_UNIT ( * ) SI_UNIT ( $, .STERADIAN. ) SOLID_ANGLE_UNIT ( ) );
#9874 = LINE ( 'NONE', #11025, #5525 ) ;
#9875 = EDGE_LOOP ( 'NONE', ( #2362, #8374, #5401, #3612 ) ) ;
#9876 = CARTESIAN_POINT ( 'NONE',  ( 9.199999999999999289, 3.399999999999999911, -25.47499999999999432 ) ) ;
#9877 = DIRECTION ( 'NONE',  ( 0.0000000000000000000, -0.0000000000000000000, 1.000000000000000000 ) ) ;
#9878 = CARTESIAN_POINT ( 'NONE',  ( -3.099999999999997424, 1.000000000000000000, 22.22500000000001208 ) ) ;
#9879 = DIRECTION ( 'NONE',  ( 1.000000000000000000, 0.0000000000000000000, 0.0000000000000000000 ) ) ;
#9880 = VERTEX_POINT ( 'NONE', #6427 ) ;
#9881 =( LENGTH_UNIT ( ) NAMED_UNIT ( * ) SI_UNIT ( .MILLI., .METRE. ) );
#9882 = COLOUR_RGB ( '',1.000000000000000000, 1.000000000000000000, 0.0000000000000000000 ) ;
#9883 = CARTESIAN_POINT ( 'NONE',  ( -6.499999999999995559, 1.000999999999999890, 22.92500000000001137 ) ) ;
#9884 = DIRECTION ( 'NONE',  ( 3.771137991253928573E-16, 0.0000000000000000000, -1.000000000000000000 ) ) ;
#9885 = COLOUR_RGB ( '',1.000000000000000000, 1.000000000000000000, 0.0000000000000000000 ) ;
#9886 = CARTESIAN_POINT ( 'NONE',  ( 9.100000000000001421, -0.001000000000000000021, 22.92499999999999716 ) ) ;
#9887 = LINE ( 'NONE', #597, #3427 ) ;
#9888 = AXIS2_PLACEMENT_3D ( 'NONE', #12113, #8730, #7794 ) ;
#9889 = CARTESIAN_POINT ( 'NONE',  ( -7.899999999999999467, -0.001000000000000378407, 25.22500000000001208 ) ) ;
#9890 = EDGE_LOOP ( 'NONE', ( #9315, #5773, #10894, #8169 ) ) ;
#9891 = LINE ( 'NONE', #1443, #955 ) ;
#9892 = CARTESIAN_POINT ( 'NONE',  ( 4.700000000000004619, 1.000999999999999890, 25.22500000000000142 ) ) ;
#9893 = SURFACE_STYLE_USAGE ( .BOTH. , #5791 ) ;
#9894 = ORIENTED_EDGE ( 'NONE', *, *, #9491, .T. ) ;
#9895 = DIRECTION ( 'NONE',  ( -0.0000000000000000000, 1.000000000000000000, -0.0000000000000000000 ) ) ;
#9896 = DIRECTION ( 'NONE',  ( 0.0000000000000000000, -1.000000000000000000, 0.0000000000000000000 ) ) ;
#9897 = DIRECTION ( 'NONE',  ( -0.0000000000000000000, 0.0000000000000000000, 1.000000000000000000 ) ) ;
#9898 = FACE_OUTER_BOUND ( 'NONE', #8401, .T. ) ;
#9899 = VECTOR ( 'NONE', #1419, 1000.000000000000000 ) ;
#9900 = CARTESIAN_POINT ( 'NONE',  ( 0.3000000000000016542, -0.001000000000000000021, 25.22500000000000497 ) ) ;
#9901 = ORIENTED_EDGE ( 'NONE', *, *, #3831, .F. ) ;
#9902 = LINE ( 'NONE', #8950, #1389 ) ;
#9903 = PLANE ( 'NONE',  #915 ) ;
#9904 = VECTOR ( 'NONE', #8327, 1000.000000000000000 ) ;
#9905 = DIRECTION ( 'NONE',  ( 1.885568995626964287E-16, 0.0000000000000000000, -1.000000000000000000 ) ) ;
#9906 = ORIENTED_EDGE ( 'NONE', *, *, #1170, .F. ) ;
#9907 = DIRECTION ( 'NONE',  ( -1.000000000000000000, 0.0000000000000000000, 9.427844978134821433E-17 ) ) ;
#9908 = CARTESIAN_POINT ( 'NONE',  ( -9.699999999999995737, 1.000999999999999890, 25.22500000000001208 ) ) ;
#9909 = SURFACE_STYLE_FILL_AREA ( #5803 ) ;
#9910 = SURFACE_STYLE_USAGE ( .BOTH. , #5806 ) ;
#9911 = VECTOR ( 'NONE', #13359, 1000.000000000000000 ) ;
#9912 = ORIENTED_EDGE ( 'NONE', *, *, #5988, .F. ) ;
#9913 = FILL_AREA_STYLE_COLOUR ( '', #6139 ) ;
#9914 = VECTOR ( 'NONE', #11198, 1000.000000000000000 ) ;
#9915 = DIRECTION ( 'NONE',  ( -1.000000000000000000, 0.0000000000000000000, -0.0000000000000000000 ) ) ;
#9916 = EDGE_CURVE ( 'NONE', #2420, #6499, #2434, .T. ) ;
#9917 = ORIENTED_EDGE ( 'NONE', *, *, #12903, .T. ) ;
#9918 = SURFACE_SIDE_STYLE ('',( #2609 ) ) ;
#9919 = ORIENTED_EDGE ( 'NONE', *, *, #1582, .F. ) ;
#9920 = SURFACE_STYLE_USAGE ( .BOTH. , #7898 ) ;
#9921 = AXIS2_PLACEMENT_3D ( 'NONE', #3163, #79, #4393 ) ;
#9922 = SURFACE_STYLE_USAGE ( .BOTH. , #8892 ) ;
#9923 = ADVANCED_FACE ( 'NONE', ( #12656 ), #6566, .F. ) ;
#9924 = PLANE ( 'NONE',  #9646 ) ;
#9925 = ORIENTED_EDGE ( 'NONE', *, *, #5617, .F. ) ;
#9926 =( NAMED_UNIT ( * ) PLANE_ANGLE_UNIT ( ) SI_UNIT ( $, .RADIAN. ) );
#9927 = EDGE_CURVE ( 'NONE', #10696, #6729, #1557, .T. ) ;
#9928 = CARTESIAN_POINT ( 'NONE',  ( -8.899999999999995026, 1.000999999999999890, 22.92500000000001137 ) ) ;
#9929 = EDGE_CURVE ( 'NONE', #2367, #6665, #5842, .T. ) ;
#9930 = AXIS2_PLACEMENT_3D ( 'NONE', #4446, #199, #1393 ) ;
#9931 = CARTESIAN_POINT ( 'NONE',  ( 7.900000000000003908, 1.000000000000000000, 25.22500000000000853 ) ) ;
#9932 = EDGE_CURVE ( 'NONE', #8013, #82, #7653, .T. ) ;
#9933 = CARTESIAN_POINT ( 'NONE',  ( -5.499999999999999112, -0.001000000000000000021, 25.22500000000001208 ) ) ;
#9934 = ORIENTED_EDGE ( 'NONE', *, *, #12916, .F. ) ;
#9935 = SURFACE_STYLE_USAGE ( .BOTH. , #2628 ) ;
#9936 = EDGE_CURVE ( 'NONE', #7776, #12623, #12938, .T. ) ;
#9937 = EDGE_CURVE ( 'NONE', #7727, #3306, #9739, .T. ) ;
#9938 = PRESENTATION_LAYER_ASSIGNMENT (  '', '', ( #2859 ) ) ;
#9939 = SURFACE_STYLE_FILL_AREA ( #4747 ) ;
#9940 = PRESENTATION_LAYER_ASSIGNMENT (  '', '', ( #11020 ) ) ;
#9941 = ORIENTED_EDGE ( 'NONE', *, *, #2559, .F. ) ;
#9942 = SURFACE_STYLE_FILL_AREA ( #8222 ) ;
#9943 = FILL_AREA_STYLE ('',( #10013 ) ) ;
#9944 = DIRECTION ( 'NONE',  ( 1.000000000000000000, 0.0000000000000000000, 0.0000000000000000000 ) ) ;
#9945 = DIRECTION ( 'NONE',  ( 0.0000000000000000000, -0.0000000000000000000, -1.000000000000000000 ) ) ;
#9946 = EDGE_CURVE ( 'NONE', #6798, #3537, #7782, .T. ) ;
#9947 = ADVANCED_FACE ( 'NONE', ( #11907 ), #6630, .F. ) ;
#9948 = ORIENTED_EDGE ( 'NONE', *, *, #2395, .T. ) ;
#9949 = SURFACE_SIDE_STYLE ('',( #5023 ) ) ;
#9950 = ORIENTED_EDGE ( 'NONE', *, *, #7285, .F. ) ;
#9951 = LINE ( 'NONE', #13147, #4438 ) ;
#9952 = PLANE ( 'NONE',  #9954 ) ;
#9953 = VECTOR ( 'NONE', #2235, 1000.000000000000000 ) ;
#9954 = AXIS2_PLACEMENT_3D ( 'NONE', #10755, #5633, #7928 ) ;
#9955 = COLOUR_RGB ( '',1.000000000000000000, 1.000000000000000000, 0.0000000000000000000 ) ;
#9956 =( NAMED_UNIT ( * ) SI_UNIT ( $, .STERADIAN. ) SOLID_ANGLE_UNIT ( ) );
#9957 = CARTESIAN_POINT ( 'NONE',  ( 12.84999999999999964, 0.7499999999999994449, 25.47500000000000853 ) ) ;
#9958 = LINE ( 'NONE', #4694, #1474 ) ;
#9959 = CARTESIAN_POINT ( 'NONE',  ( 15.00000000000000000, 1.000000000000000000, 25.22500000000000853 ) ) ;
#9960 = PRESENTATION_STYLE_ASSIGNMENT (( #4629 ) ) ;
#9961 = AXIS2_PLACEMENT_3D ( 'NONE', #9724, #11768, #12710 ) ;
#9962 = ORIENTED_EDGE ( 'NONE', *, *, #12176, .T. ) ;
#9963 = CARTESIAN_POINT ( 'NONE',  ( 15.00000000000000000, 0.0000000000000000000, 20.37500000000001066 ) ) ;
#9964 = ORIENTED_EDGE ( 'NONE', *, *, #3010, .F. ) ;
#9965 = DIRECTION ( 'NONE',  ( 3.771137991253928573E-16, 0.0000000000000000000, -1.000000000000000000 ) ) ;
#9966 = PLANE ( 'NONE',  #5115 ) ;
#9967 = FILL_AREA_STYLE_COLOUR ( '', #5871 ) ;
#9968 =( GEOMETRIC_REPRESENTATION_CONTEXT ( 3 ) GLOBAL_UNCERTAINTY_ASSIGNED_CONTEXT ( ( #13003 ) ) GLOBAL_UNIT_ASSIGNED_CONTEXT ( ( #3060, #9013, #738 ) ) REPRESENTATION_CONTEXT ( 'NONE', 'WORKASPACE' ) );
#9969 = ORIENTED_EDGE ( 'NONE', *, *, #5759, .F. ) ;
#9970 = CARTESIAN_POINT ( 'NONE',  ( -1.699999999999996625, 1.000000000000000000, 25.22500000000000853 ) ) ;
#9971 =( NAMED_UNIT ( * ) PLANE_ANGLE_UNIT ( ) SI_UNIT ( $, .RADIAN. ) );
#9972 = EDGE_CURVE ( 'NONE', #8058, #2184, #4684, .T. ) ;
#9973 = COLOUR_RGB ( '',1.000000000000000000, 1.000000000000000000, 0.0000000000000000000 ) ;
#9974 = VERTEX_POINT ( 'NONE', #9876 ) ;
#9975 = AXIS2_PLACEMENT_3D ( 'NONE', #6211, #4259, #9308 ) ;
#9976 = DIRECTION ( 'NONE',  ( 0.0000000000000000000, -0.0000000000000000000, 1.000000000000000000 ) ) ;
#9977 = CARTESIAN_POINT ( 'NONE',  ( 0.9000000000000014655, 0.0000000000000000000, 25.22500000000000853 ) ) ;
#9978 = FACE_OUTER_BOUND ( 'NONE', #5668, .T. ) ;
#9979 =( NAMED_UNIT ( * ) PLANE_ANGLE_UNIT ( ) SI_UNIT ( $, .RADIAN. ) );
#9980 =( NAMED_UNIT ( * ) SI_UNIT ( $, .STERADIAN. ) SOLID_ANGLE_UNIT ( ) );
#9981 = UNCERTAINTY_MEASURE_WITH_UNIT (LENGTH_MEASURE( 1.000000000000000082E-05 ), #8455, 'distance_accuracy_value', 'NONE');
#9982 = VERTEX_POINT ( 'NONE', #2571 ) ;
#9983 = CARTESIAN_POINT ( 'NONE',  ( 13.65000000000000036, 0.0000000000000000000, 23.07500000000000995 ) ) ;
#9984 = AXIS2_PLACEMENT_3D ( 'NONE', #12205, #7003, #13218 ) ;
#9985 = VERTEX_POINT ( 'NONE', #12869 ) ;
#9986 = CARTESIAN_POINT ( 'NONE',  ( 2.900000000000003464, 1.000000000000000000, 22.92500000000000426 ) ) ;
#9987 = VERTEX_POINT ( 'NONE', #11847 ) ;
#9988 = DIRECTION ( 'NONE',  ( 1.000000000000000000, 0.0000000000000000000, 0.0000000000000000000 ) ) ;
#9989 = CARTESIAN_POINT ( 'NONE',  ( 12.09999999999999964, 1.000000000000000000, -23.87499999999998579 ) ) ;
#9990 = COLOUR_RGB ( '',0.5019607843137254832, 0.5019607843137254832, 0.5019607843137254832 ) ;
#9991 = VECTOR ( 'NONE', #4760, 1000.000000000000000 ) ;
#9992 = FILL_AREA_STYLE_COLOUR ( '', #12026 ) ;
#9993 = MECHANICAL_DESIGN_GEOMETRIC_PRESENTATION_REPRESENTATION (  '', ( #2424 ), #9762 ) ;
#9994 = UNCERTAINTY_MEASURE_WITH_UNIT (LENGTH_MEASURE( 1.000000000000000082E-05 ), #12259, 'distance_accuracy_value', 'NONE');
#9995 = EDGE_LOOP ( 'NONE', ( #7503, #7446, #7938, #7664 ) ) ;
#9996 = CARTESIAN_POINT ( 'NONE',  ( -7.299999999999995381, 1.000000000000000000, 22.92500000000001137 ) ) ;
#9997 = PRESENTATION_STYLE_ASSIGNMENT (( #8041 ) ) ;
#9998 = CARTESIAN_POINT ( 'NONE',  ( 9.099999999999999645, 0.0000000000000000000, 25.22499999999999787 ) ) ;
#9999 = CIRCLE ( 'NONE', #8902, 1.299999999999999156 ) ;
#10000 = PLANE ( 'NONE',  #5427 ) ;
#10001 = EDGE_CURVE ( 'NONE', #8316, #5751, #6688, .T. ) ;
#10002 = CARTESIAN_POINT ( 'NONE',  ( -15.00000000000000000, 0.0000000000000000000, 25.22500000000000853 ) ) ;
#10003 =( GEOMETRIC_REPRESENTATION_CONTEXT ( 3 ) GLOBAL_UNCERTAINTY_ASSIGNED_CONTEXT ( ( #6596 ) ) GLOBAL_UNIT_ASSIGNED_CONTEXT ( ( #11815, #6184, #8153 ) ) REPRESENTATION_CONTEXT ( 'NONE', 'WORKASPACE' ) );
#10004 = ORIENTED_EDGE ( 'NONE', *, *, #7707, .F. ) ;
#10005 = PRESENTATION_STYLE_ASSIGNMENT (( #2781 ) ) ;
#10006 = DIRECTION ( 'NONE',  ( -1.000000000000000000, 0.0000000000000000000, 0.0000000000000000000 ) ) ;
#10007 = VECTOR ( 'NONE', #8788, 1000.000000000000000 ) ;
#10008 = EDGE_CURVE ( 'NONE', #1276, #11626, #12627, .T. ) ;
#10009 = ADVANCED_FACE ( 'NONE', ( #218 ), #11484, .F. ) ;
#10010 = VERTEX_POINT ( 'NONE', #149 ) ;
#10011 = VECTOR ( 'NONE', #5356, 1000.000000000000000 ) ;
#10012 = CARTESIAN_POINT ( 'NONE',  ( -10.30000000000000071, -7.569702440626064542E-16, 25.22500000000001208 ) ) ;
#10013 = FILL_AREA_STYLE_COLOUR ( '', #493 ) ;
#10014 = UNCERTAINTY_MEASURE_WITH_UNIT (LENGTH_MEASURE( 1.000000000000000082E-05 ), #946, 'distance_accuracy_value', 'NONE');
#10015 = SURFACE_STYLE_FILL_AREA ( #9255 ) ;
#10016 =( NAMED_UNIT ( * ) PLANE_ANGLE_UNIT ( ) SI_UNIT ( $, .RADIAN. ) );
#10017 = UNCERTAINTY_MEASURE_WITH_UNIT (LENGTH_MEASURE( 1.000000000000000082E-05 ), #12247, 'distance_accuracy_value', 'NONE');
#10018 = ORIENTED_EDGE ( 'NONE', *, *, #6052, .F. ) ;
#10019 = LINE ( 'NONE', #6416, #4555 ) ;
#10020 = PLANE ( 'NONE',  #10611 ) ;
#10021 = COLOUR_RGB ( '',1.000000000000000000, 1.000000000000000000, 0.0000000000000000000 ) ;
#10022 = EDGE_CURVE ( 'NONE', #1903, #4241, #6539, .T. ) ;
#10023 =( NAMED_UNIT ( * ) PLANE_ANGLE_UNIT ( ) SI_UNIT ( $, .RADIAN. ) );
#10024 = VERTEX_POINT ( 'NONE', #8365 ) ;
#10025 = CARTESIAN_POINT ( 'NONE',  ( -5.899999999999995914, 1.000999999999999890, 22.92500000000001137 ) ) ;
#10026 = CARTESIAN_POINT ( 'NONE',  ( 8.700000000000002842, 1.000999999999999890, 25.22499999999999787 ) ) ;
#10027 = VECTOR ( 'NONE', #13373, 1000.000000000000000 ) ;
#10028 = VECTOR ( 'NONE', #7218, 1000.000000000000000 ) ;
#10029 = EDGE_CURVE ( 'NONE', #9250, #12287, #12700, .T. ) ;
#10030 = VECTOR ( 'NONE', #5250, 1000.000000000000000 ) ;
#10031 =( NAMED_UNIT ( * ) PLANE_ANGLE_UNIT ( ) SI_UNIT ( $, .RADIAN. ) );
#10032 = AXIS2_PLACEMENT_3D ( 'NONE', #10134, #8904, #13060 ) ;
#10033 = DIRECTION ( 'NONE',  ( 1.885568995626964287E-16, 0.0000000000000000000, -1.000000000000000000 ) ) ;
#10034 = ORIENTED_EDGE ( 'NONE', *, *, #1153, .F. ) ;
#10035 = DIRECTION ( 'NONE',  ( -0.0000000000000000000, -1.000000000000000000, -0.0000000000000000000 ) ) ;
#10036 = ORIENTED_EDGE ( 'NONE', *, *, #7353, .T. ) ;
#10037 = PRESENTATION_STYLE_ASSIGNMENT (( #9015 ) ) ;
#10038 = FILL_AREA_STYLE ('',( #10652 ) ) ;
#10039 = CARTESIAN_POINT ( 'NONE',  ( 0.3000000000000016542, -0.001000000000000000021, 25.22500000000000497 ) ) ;
#10040 = EDGE_CURVE ( 'NONE', #12814, #2886, #3493, .T. ) ;
#10041 = ORIENTED_EDGE ( 'NONE', *, *, #11501, .F. ) ;
#10042 = SURFACE_STYLE_USAGE ( .BOTH. , #3745 ) ;
#10043 =( GEOMETRIC_REPRESENTATION_CONTEXT ( 3 ) GLOBAL_UNCERTAINTY_ASSIGNED_CONTEXT ( ( #10385 ) ) GLOBAL_UNIT_ASSIGNED_CONTEXT ( ( #2454, #1652, #11929 ) ) REPRESENTATION_CONTEXT ( 'NONE', 'WORKASPACE' ) );
#10044 = SURFACE_STYLE_USAGE ( .BOTH. , #7946 ) ;
#10045 = FACE_OUTER_BOUND ( 'NONE', #10549, .T. ) ;
#10046 = PRESENTATION_LAYER_ASSIGNMENT (  '', '', ( #1832 ) ) ;
#10047 = PRESENTATION_STYLE_ASSIGNMENT (( #3751 ) ) ;
#10048 = ORIENTED_EDGE ( 'NONE', *, *, #303, .F. ) ;
#10049 = VECTOR ( 'NONE', #6857, 1000.000000000000000 ) ;
#10050 = FACE_OUTER_BOUND ( 'NONE', #12132, .T. ) ;
#10051 = CARTESIAN_POINT ( 'NONE',  ( 5.700000000000003730, 0.0000000000000000000, 22.92500000000000071 ) ) ;
#10052 = COLOUR_RGB ( '',1.000000000000000000, 1.000000000000000000, 0.0000000000000000000 ) ;
#10053 = DIRECTION ( 'NONE',  ( -0.0000000000000000000, 1.000000000000000000, -0.0000000000000000000 ) ) ;
#10054 = ORIENTED_EDGE ( 'NONE', *, *, #11952, .T. ) ;
#10055 = DIRECTION ( 'NONE',  ( -0.0000000000000000000, -1.000000000000000000, -0.0000000000000000000 ) ) ;
#10056 = ORIENTED_EDGE ( 'NONE', *, *, #10903, .T. ) ;
#10057 = LINE ( 'NONE', #7017, #5713 ) ;
#10058 = ORIENTED_EDGE ( 'NONE', *, *, #8971, .T. ) ;
#10059 = LINE ( 'NONE', #9344, #10821 ) ;
#10060 = MECHANICAL_DESIGN_GEOMETRIC_PRESENTATION_REPRESENTATION (  '', ( #12423 ), #1415 ) ;
#10061 = PRESENTATION_STYLE_ASSIGNMENT (( #9922 ) ) ;
#10062 = VECTOR ( 'NONE', #7566, 1000.000000000000000 ) ;
#10063 = DIRECTION ( 'NONE',  ( -1.000000000000000000, 0.0000000000000000000, -0.0000000000000000000 ) ) ;
#10064 = COLOUR_RGB ( '',0.0000000000000000000, 0.7529411764705882248, 0.0000000000000000000 ) ;
#10065 = DIRECTION ( 'NONE',  ( 0.0000000000000000000, 0.0000000000000000000, -1.000000000000000000 ) ) ;
#10066 = ORIENTED_EDGE ( 'NONE', *, *, #12167, .T. ) ;
#10067 = LINE ( 'NONE', #13248, #2899 ) ;
#10068 = CARTESIAN_POINT ( 'NONE',  ( -1.299999999999998268, -0.001000000000000000021, 22.92500000000000782 ) ) ;
#10069 = DIRECTION ( 'NONE',  ( -9.427844978134821433E-17, -0.0000000000000000000, -1.000000000000000000 ) ) ;
#10070 = ORIENTED_EDGE ( 'NONE', *, *, #3930, .F. ) ;
#10071 = CARTESIAN_POINT ( 'NONE',  ( -6.699999999999995737, 1.000000000000000000, 25.22500000000001208 ) ) ;
#10072 = VECTOR ( 'NONE', #8965, 1000.000000000000000 ) ;
#10073 = LINE ( 'NONE', #3784, #7217 ) ;
#10074 =( GEOMETRIC_REPRESENTATION_CONTEXT ( 3 ) GLOBAL_UNCERTAINTY_ASSIGNED_CONTEXT ( ( #8090 ) ) GLOBAL_UNIT_ASSIGNED_CONTEXT ( ( #1400, #1323, #5462 ) ) REPRESENTATION_CONTEXT ( 'NONE', 'WORKASPACE' ) );
#10075 = VERTEX_POINT ( 'NONE', #1473 ) ;
#10076 = DIRECTION ( 'NONE',  ( -9.427844978134821433E-17, 0.0000000000000000000, 1.000000000000000000 ) ) ;
#10077 = DIRECTION ( 'NONE',  ( -1.000000000000000000, 0.0000000000000000000, -0.0000000000000000000 ) ) ;
#10078 = ORIENTED_EDGE ( 'NONE', *, *, #1063, .T. ) ;
#10079 = PRESENTATION_LAYER_ASSIGNMENT (  '', '', ( #12017 ) ) ;
#10080 = CARTESIAN_POINT ( 'NONE',  ( 1.500000000000003553, 1.000999999999999890, 25.22500000000000497 ) ) ;
#10081 = DIRECTION ( 'NONE',  ( -0.0000000000000000000, 1.000000000000000000, -0.0000000000000000000 ) ) ;
#10082 = ORIENTED_EDGE ( 'NONE', *, *, #13225, .F. ) ;
#10083 = DIRECTION ( 'NONE',  ( -0.0000000000000000000, -1.000000000000000000, -0.0000000000000000000 ) ) ;
#10084 = EDGE_CURVE ( 'NONE', #6098, #5475, #10534, .T. ) ;
#10085 = EDGE_LOOP ( 'NONE', ( #1412, #2607, #8806, #12881 ) ) ;
#10086 = PRESENTATION_LAYER_ASSIGNMENT (  '', '', ( #2753 ) ) ;
#10087 = EDGE_CURVE ( 'NONE', #12000, #9982, #2346, .T. ) ;
#10088 = SURFACE_SIDE_STYLE ('',( #5983 ) ) ;
#10089 = VERTEX_POINT ( 'NONE', #5533 ) ;
#10090 = CARTESIAN_POINT ( 'NONE',  ( 7.100000000000005862, 1.000000000000000000, 22.92499999999999716 ) ) ;
#10091 =( NAMED_UNIT ( * ) PLANE_ANGLE_UNIT ( ) SI_UNIT ( $, .RADIAN. ) );
#10092 = STYLED_ITEM ( 'NONE', ( #10037 ), #9010 ) ;
#10093 = ORIENTED_EDGE ( 'NONE', *, *, #5470, .F. ) ;
#10094 = FACE_OUTER_BOUND ( 'NONE', #3950, .T. ) ;
#10095 =( NAMED_UNIT ( * ) SI_UNIT ( $, .STERADIAN. ) SOLID_ANGLE_UNIT ( ) );
#10096 = SURFACE_STYLE_FILL_AREA ( #2877 ) ;
#10097 = CARTESIAN_POINT ( 'NONE',  ( 7.700000000000004619, 1.000999999999999890, 25.22499999999999787 ) ) ;
#10098 = EDGE_CURVE ( 'NONE', #10809, #5143, #12486, .T. ) ;
#10099 = ORIENTED_EDGE ( 'NONE', *, *, #7274, .T. ) ;
#10100 = CARTESIAN_POINT ( 'NONE',  ( 9.500000000000003553, 1.000999999999999890, 22.92499999999999716 ) ) ;
#10101 = DIRECTION ( 'NONE',  ( 1.000000000000000000, 0.0000000000000000000, 3.771137991253928573E-16 ) ) ;
#10102 = ADVANCED_FACE ( 'NONE', ( #12549 ), #1198, .F. ) ;
#10103 = VECTOR ( 'NONE', #6791, 1000.000000000000000 ) ;
#10104 = CARTESIAN_POINT ( 'NONE',  ( -10.90000000000000036, -7.569702440626064542E-16, 25.22500000000001208 ) ) ;
#10105 = CARTESIAN_POINT ( 'NONE',  ( 0.7000000000000036193, 1.000000000000000000, 22.92500000000000426 ) ) ;
#10106 = PLANE ( 'NONE',  #8796 ) ;
#10107 = EDGE_CURVE ( 'NONE', #4890, #7400, #4325, .T. ) ;
#10108 = EDGE_CURVE ( 'NONE', #7108, #10233, #355, .T. ) ;
#10109 = DIRECTION ( 'NONE',  ( -1.000000000000000000, 0.0000000000000000000, 0.0000000000000000000 ) ) ;
#10110 = AXIS2_PLACEMENT_3D ( 'NONE', #6865, #9824, #3597 ) ;
#10111 = ORIENTED_EDGE ( 'NONE', *, *, #10022, .T. ) ;
#10112 =( NAMED_UNIT ( * ) SI_UNIT ( $, .STERADIAN. ) SOLID_ANGLE_UNIT ( ) );
#10113 = UNCERTAINTY_MEASURE_WITH_UNIT (LENGTH_MEASURE( 1.000000000000000082E-05 ), #7596, 'distance_accuracy_value', 'NONE');
#10114 = EDGE_LOOP ( 'NONE', ( #10436, #3167, #1703, #10955 ) ) ;
#10115 = CARTESIAN_POINT ( 'NONE',  ( 7.500000000000002665, 0.0000000000000000000, 25.22499999999999787 ) ) ;
#10116 = PRESENTATION_STYLE_ASSIGNMENT (( #9176 ) ) ;
#10117 = EDGE_CURVE ( 'NONE', #3402, #11363, #8431, .T. ) ;
#10118 = ORIENTED_EDGE ( 'NONE', *, *, #2931, .F. ) ;
#10120 = PRESENTATION_LAYER_ASSIGNMENT (  '', '', ( #10985 ) ) ;
#10119 = SURFACE_SIDE_STYLE ('',( #13235 ) ) ;
#10121 = ORIENTED_EDGE ( 'NONE', *, *, #4414, .T. ) ;
#10122 = PRESENTATION_LAYER_ASSIGNMENT (  '', '', ( #6437 ) ) ;
#10123 = PRESENTATION_STYLE_ASSIGNMENT (( #9920 ) ) ;
#10124 = VECTOR ( 'NONE', #6242, 1000.000000000000000 ) ;
#10125 = MECHANICAL_DESIGN_GEOMETRIC_PRESENTATION_REPRESENTATION (  '', ( #2112 ), #822 ) ;
#10126 = PRESENTATION_STYLE_ASSIGNMENT (( #2132 ) ) ;
#10127 = EDGE_LOOP ( 'NONE', ( #4112, #3257, #376, #6071 ) ) ;
#10128 = DIRECTION ( 'NONE',  ( -0.0000000000000000000, -0.0000000000000000000, -1.000000000000000000 ) ) ;
#10129 = DIRECTION ( 'NONE',  ( 1.000000000000000000, 0.0000000000000000000, 0.0000000000000000000 ) ) ;
#10130 = CARTESIAN_POINT ( 'NONE',  ( 10.30000000000000426, 1.000999999999999890, 22.92499999999999716 ) ) ;
#10131 = SURFACE_STYLE_USAGE ( .BOTH. , #7161 ) ;
#10132 = UNCERTAINTY_MEASURE_WITH_UNIT (LENGTH_MEASURE( 1.000000000000000082E-05 ), #4624, 'distance_accuracy_value', 'NONE');
#10133 =( NAMED_UNIT ( * ) PLANE_ANGLE_UNIT ( ) SI_UNIT ( $, .RADIAN. ) );
#10134 = CARTESIAN_POINT ( 'NONE',  ( -10.49999999999999467, 1.000999999999999890, 22.92500000000001137 ) ) ;
#10135 = ORIENTED_EDGE ( 'NONE', *, *, #9443, .T. ) ;
#10136 = AXIS2_PLACEMENT_3D ( 'NONE', #1687, #4805, #8908 ) ;
#10137 = EDGE_CURVE ( 'NONE', #2189, #1327, #5601, .T. ) ;
#10138 = ORIENTED_EDGE ( 'NONE', *, *, #12175, .F. ) ;
#10139 = SURFACE_STYLE_FILL_AREA ( #6160 ) ;
#10140 = UNCERTAINTY_MEASURE_WITH_UNIT (LENGTH_MEASURE( 1.000000000000000082E-05 ), #11439, 'distance_accuracy_value', 'NONE');
#10141 = DIRECTION ( 'NONE',  ( -1.000000000000000000, -0.0000000000000000000, -0.0000000000000000000 ) ) ;
#10142 = COLOUR_RGB ( '',1.000000000000000000, 1.000000000000000000, 0.0000000000000000000 ) ;
#10143 = LINE ( 'NONE', #862, #8750 ) ;
#10144 = EDGE_LOOP ( 'NONE', ( #11450, #8615, #1090, #1515 ) ) ;
#10145 = LINE ( 'NONE', #5022, #1088 ) ;
#10146 =( NAMED_UNIT ( * ) PLANE_ANGLE_UNIT ( ) SI_UNIT ( $, .RADIAN. ) );
#10147 = DIRECTION ( 'NONE',  ( 0.0000000000000000000, -0.0000000000000000000, 1.000000000000000000 ) ) ;
#10148 = ORIENTED_EDGE ( 'NONE', *, *, #11176, .T. ) ;
#10149 = CARTESIAN_POINT ( 'NONE',  ( 4.700000000000004619, 1.000999999999999890, 25.22500000000000142 ) ) ;
#10150 = VECTOR ( 'NONE', #11813, 1000.000000000000114 ) ;
#10151 = COLOUR_RGB ( '',1.000000000000000000, 1.000000000000000000, 0.0000000000000000000 ) ;
#10152 = MECHANICAL_DESIGN_GEOMETRIC_PRESENTATION_REPRESENTATION (  '', ( #10787 ), #13195 ) ;
#10153 = FILL_AREA_STYLE ('',( #871 ) ) ;
#10154 = LINE ( 'NONE', #13346, #12138 ) ;
#10155 =( NAMED_UNIT ( * ) PLANE_ANGLE_UNIT ( ) SI_UNIT ( $, .RADIAN. ) );
#10156 = DIRECTION ( 'NONE',  ( -1.000000000000000000, -0.0000000000000000000, -0.0000000000000000000 ) ) ;
#10157 = LINE ( 'NONE', #2941, #11254 ) ;
#10158 = CARTESIAN_POINT ( 'NONE',  ( 10.90000000000000391, 1.000999999999999890, 25.22499999999999787 ) ) ;
#10159 = AXIS2_PLACEMENT_3D ( 'NONE', #5040, #12324, #5994 ) ;
#10160 = ORIENTED_EDGE ( 'NONE', *, *, #917, .T. ) ;
#10161 = DIRECTION ( 'NONE',  ( -4.135216867644354661E-17, 0.0000000000000000000, 1.000000000000000000 ) ) ;
#10162 = STYLED_ITEM ( 'NONE', ( #12728 ), #13314 ) ;
#10163 = CARTESIAN_POINT ( 'NONE',  ( -2.499999999999996447, 1.000000000000000000, 25.22500000000000853 ) ) ;
#10164 = VECTOR ( 'NONE', #2720, 1000.000000000000000 ) ;
#10165 = PLANE ( 'NONE',  #10159 ) ;
#10166 = ORIENTED_EDGE ( 'NONE', *, *, #3312, .T. ) ;
#10167 = DIRECTION ( 'NONE',  ( 1.000000000000000000, 0.0000000000000000000, -0.0000000000000000000 ) ) ;
#10168 = EDGE_CURVE ( 'NONE', #1202, #11926, #10789, .T. ) ;
#10169 = PLANE ( 'NONE',  #8182 ) ;
#10170 = PRESENTATION_STYLE_ASSIGNMENT (( #11445 ) ) ;
#10171 = VECTOR ( 'NONE', #190, 1000.000000000000000 ) ;
#10172 = EDGE_CURVE ( 'NONE', #4486, #4670, #4727, .T. ) ;
#10173 = ADVANCED_FACE ( 'NONE', ( #3559 ), #2615, .F. ) ;
#10174 = LINE ( 'NONE', #4977, #1563 ) ;
#10175 = PRESENTATION_STYLE_ASSIGNMENT (( #11461 ) ) ;
#10176 = ORIENTED_EDGE ( 'NONE', *, *, #9342, .F. ) ;
#10177 = DIRECTION ( 'NONE',  ( -3.771137991253928573E-16, 0.0000000000000000000, 1.000000000000000000 ) ) ;
#10178 = MECHANICAL_DESIGN_GEOMETRIC_PRESENTATION_REPRESENTATION (  '', ( #9309 ), #1094 ) ;
#10179 = SURFACE_STYLE_FILL_AREA ( #12134 ) ;
#10180 = ORIENTED_EDGE ( 'NONE', *, *, #4479, .F. ) ;
#10181 = LINE ( 'NONE', #2823, #13108 ) ;
#10182 = VERTEX_POINT ( 'NONE', #6890 ) ;
#10183 = VECTOR ( 'NONE', #589, 1000.000000000000000 ) ;
#10184 = PRESENTATION_LAYER_ASSIGNMENT (  '', '', ( #5434 ) ) ;
#10185 = ADVANCED_FACE ( 'NONE', ( #9783 ), #561, .F. ) ;
#10186 = ADVANCED_FACE ( 'NONE', ( #6820 ), #9924, .F. ) ;
#10187 = ORIENTED_EDGE ( 'NONE', *, *, #8180, .T. ) ;
#10188 = VECTOR ( 'NONE', #4143, 1000.000000000000000 ) ;
#10189 =( NAMED_UNIT ( * ) PLANE_ANGLE_UNIT ( ) SI_UNIT ( $, .RADIAN. ) );
#10190 = EDGE_CURVE ( 'NONE', #9521, #2534, #13378, .T. ) ;
#10191 = CARTESIAN_POINT ( 'NONE',  ( -0.8999999999999964695, 1.000999999999999890, 25.22500000000000853 ) ) ;
#10192 = SURFACE_STYLE_USAGE ( .BOTH. , #9189 ) ;
#10193 = ORIENTED_EDGE ( 'NONE', *, *, #4644, .F. ) ;
#10194 = CARTESIAN_POINT ( 'NONE',  ( 7.100000000000004086, 1.000999999999999890, 25.22499999999999787 ) ) ;
#10195 = LINE ( 'NONE', #8228, #401 ) ;
#10196 =( NAMED_UNIT ( * ) SI_UNIT ( $, .STERADIAN. ) SOLID_ANGLE_UNIT ( ) );
#10197 = ORIENTED_EDGE ( 'NONE', *, *, #11255, .F. ) ;
#10198 = SURFACE_SIDE_STYLE ('',( #13254 ) ) ;
#10199 = VERTEX_POINT ( 'NONE', #8033 ) ;
#10200 = STYLED_ITEM ( 'NONE', ( #11468 ), #6214 ) ;
#10201 = PRESENTATION_LAYER_ASSIGNMENT (  '', '', ( #4599 ) ) ;
#10202 = DIRECTION ( 'NONE',  ( 1.000000000000000000, 0.0000000000000000000, 0.0000000000000000000 ) ) ;
#10203 = VECTOR ( 'NONE', #3509, 1000.000000000000000 ) ;
#10204 = ORIENTED_EDGE ( 'NONE', *, *, #5916, .T. ) ;
#10205 = PRESENTATION_LAYER_ASSIGNMENT (  '', '', ( #8053 ) ) ;
#10206 = LINE ( 'NONE', #8054, #10419 ) ;
#10207 = VECTOR ( 'NONE', #11739, 1000.000000000000000 ) ;
#10208 = DIRECTION ( 'NONE',  ( -0.0000000000000000000, -1.000000000000000000, -0.0000000000000000000 ) ) ;
#10209 = PRESENTATION_LAYER_ASSIGNMENT (  '', '', ( #13243 ) ) ;
#10210 = ORIENTED_EDGE ( 'NONE', *, *, #6462, .T. ) ;
#10211 =( NAMED_UNIT ( * ) SI_UNIT ( $, .STERADIAN. ) SOLID_ANGLE_UNIT ( ) );
#10212 =( NAMED_UNIT ( * ) PLANE_ANGLE_UNIT ( ) SI_UNIT ( $, .RADIAN. ) );
#10213 = VERTEX_POINT ( 'NONE', #988 ) ;
#10214 = SURFACE_STYLE_USAGE ( .BOTH. , #1211 ) ;
#10215 = SURFACE_SIDE_STYLE ('',( #11110 ) ) ;
#10216 = AXIS2_PLACEMENT_3D ( 'NONE', #10813, #373, #9872 ) ;
#10217 = DIRECTION ( 'NONE',  ( -0.0000000000000000000, 1.000000000000000000, -0.0000000000000000000 ) ) ;
#10218 = VECTOR ( 'NONE', #9845, 1000.000000000000000 ) ;
#10219 = VECTOR ( 'NONE', #7465, 1000.000000000000000 ) ;
#10220 = SURFACE_SIDE_STYLE ('',( #3054 ) ) ;
#10221 = CARTESIAN_POINT ( 'NONE',  ( -10.09999999999999787, -0.001000000000000630810, 22.92500000000001137 ) ) ;
#10222 =( LENGTH_UNIT ( ) NAMED_UNIT ( * ) SI_UNIT ( .MILLI., .METRE. ) );
#10223 = VECTOR ( 'NONE', #5343, 1000.000000000000000 ) ;
#10224 =( GEOMETRIC_REPRESENTATION_CONTEXT ( 3 ) GLOBAL_UNCERTAINTY_ASSIGNED_CONTEXT ( ( #10791 ) ) GLOBAL_UNIT_ASSIGNED_CONTEXT ( ( #11911, #590, #4618 ) ) REPRESENTATION_CONTEXT ( 'NONE', 'WORKASPACE' ) );
#10225 = FACE_OUTER_BOUND ( 'NONE', #8395, .T. ) ;
#10226 = CARTESIAN_POINT ( 'NONE',  ( 9.700000000000002842, -0.001000000000000000021, 25.22499999999999787 ) ) ;
#10227 = CARTESIAN_POINT ( 'NONE',  ( 0.3000000000000016542, -0.001000000000000000021, 25.22500000000000497 ) ) ;
#10228 = EDGE_LOOP ( 'NONE', ( #2065, #1054, #11206, #8723 ) ) ;
#10229 = CARTESIAN_POINT ( 'NONE',  ( 5.900000000000001243, -0.001000000000000000021, 25.22500000000000142 ) ) ;
#10230 = SURFACE_SIDE_STYLE ('',( #13288 ) ) ;
#10231 =( NAMED_UNIT ( * ) SI_UNIT ( $, .STERADIAN. ) SOLID_ANGLE_UNIT ( ) );
#10232 = VECTOR ( 'NONE', #6261, 1000.000000000000000 ) ;
#10233 = VERTEX_POINT ( 'NONE', #1051 ) ;
#10234 = FACE_OUTER_BOUND ( 'NONE', #3079, .T. ) ;
#10235 = SURFACE_STYLE_USAGE ( .BOTH. , #11191 ) ;
#10236 = MECHANICAL_DESIGN_GEOMETRIC_PRESENTATION_REPRESENTATION (  '', ( #2686 ), #5490 ) ;
#10237 = FACE_OUTER_BOUND ( 'NONE', #3363, .T. ) ;
#10238 = FILL_AREA_STYLE_COLOUR ( '', #6451 ) ;
#10239 = PRESENTATION_LAYER_ASSIGNMENT (  '', '', ( #6778 ) ) ;
#10240 = MECHANICAL_DESIGN_GEOMETRIC_PRESENTATION_REPRESENTATION (  '', ( #8290 ), #6783 ) ;
#10241 = LINE ( 'NONE', #972, #8135 ) ;
#10242 = EDGE_CURVE ( 'NONE', #107, #11945, #11402, .T. ) ;
#10243 = ORIENTED_EDGE ( 'NONE', *, *, #4739, .T. ) ;
#10244 = DIRECTION ( 'NONE',  ( 3.771137991253928573E-16, 0.0000000000000000000, -1.000000000000000000 ) ) ;
#10245 = UNCERTAINTY_MEASURE_WITH_UNIT (LENGTH_MEASURE( 1.000000000000000082E-05 ), #6297, 'distance_accuracy_value', 'NONE');
#10246 = VERTEX_POINT ( 'NONE', #9240 ) ;
#10247 = LINE ( 'NONE', #11390, #3845 ) ;
#10248 = FILL_AREA_STYLE_COLOUR ( '', #1954 ) ;
#10249 = ORIENTED_EDGE ( 'NONE', *, *, #1092, .T. ) ;
#10250 = LINE ( 'NONE', #980, #10027 ) ;
#10251 = STYLED_ITEM ( 'NONE', ( #7920 ), #5997 ) ;
#10252 = PRESENTATION_LAYER_ASSIGNMENT (  '', '', ( #8508 ) ) ;
#10253 = ADVANCED_FACE ( 'NONE', ( #12221 ), #3148, .F. ) ;
#10254 = FILL_AREA_STYLE ('',( #3978 ) ) ;
#10255 = ORIENTED_EDGE ( 'NONE', *, *, #11905, .T. ) ;
#10256 = SURFACE_STYLE_USAGE ( .BOTH. , #985 ) ;
#10257 = PRESENTATION_LAYER_ASSIGNMENT (  '', '', ( #3350 ) ) ;
#10258 = ADVANCED_FACE ( 'NONE', ( #12149 ), #770, .F. ) ;
#10259 = MECHANICAL_DESIGN_GEOMETRIC_PRESENTATION_REPRESENTATION (  '', ( #8508 ), #7893 ) ;
#10260 = UNCERTAINTY_MEASURE_WITH_UNIT (LENGTH_MEASURE( 1.000000000000000082E-05 ), #8045, 'distance_accuracy_value', 'NONE');
#10261 = ORIENTED_EDGE ( 'NONE', *, *, #11099, .T. ) ;
#10262 = DIRECTION ( 'NONE',  ( 0.0000000000000000000, 1.000000000000000000, 0.0000000000000000000 ) ) ;
#10263 =( LENGTH_UNIT ( ) NAMED_UNIT ( * ) SI_UNIT ( .MILLI., .METRE. ) );
#10264 = DIRECTION ( 'NONE',  ( -0.0000000000000000000, -1.000000000000000000, -0.0000000000000000000 ) ) ;
#10265 = SURFACE_SIDE_STYLE ('',( #12160 ) ) ;
#10266 = EDGE_LOOP ( 'NONE', ( #2423, #8936, #10907, #12139 ) ) ;
#10267 = AXIS2_PLACEMENT_3D ( 'NONE', #4742, #7207, #8906 ) ;
#10268 = DIRECTION ( 'NONE',  ( 3.771137991253928573E-16, 0.0000000000000000000, -1.000000000000000000 ) ) ;
#10269 = ADVANCED_FACE ( 'NONE', ( #10583 ), #1315, .F. ) ;
#10270 = EDGE_LOOP ( 'NONE', ( #293, #10944, #1199, #4406 ) ) ;
#10271 = EDGE_CURVE ( 'NONE', #8924, #10277, #5454, .T. ) ;
#10272 = MECHANICAL_DESIGN_GEOMETRIC_PRESENTATION_REPRESENTATION (  '', ( #6819 ), #2950 ) ;
#10273 = SURFACE_STYLE_FILL_AREA ( #11481 ) ;
#10274 = VECTOR ( 'NONE', #7780, 1000.000000000000000 ) ;
#10275 = AXIS2_PLACEMENT_3D ( 'NONE', #8411, #12532, #5385 ) ;
#10276 = EDGE_CURVE ( 'NONE', #5556, #11926, #6461, .T. ) ;
#10277 = VERTEX_POINT ( 'NONE', #4378 ) ;
#10278 = FILL_AREA_STYLE ('',( #4201 ) ) ;
#10279 = UNCERTAINTY_MEASURE_WITH_UNIT (LENGTH_MEASURE( 1.000000000000000082E-05 ), #1831, 'distance_accuracy_value', 'NONE');
#10280 = CARTESIAN_POINT ( 'NONE',  ( 8.300000000000002487, 0.0000000000000000000, 25.22499999999999787 ) ) ;
#10281 = LINE ( 'NONE', #7358, #10539 ) ;
#10282 = COLOUR_RGB ( '',1.000000000000000000, 1.000000000000000000, 0.0000000000000000000 ) ;
#10283 = ORIENTED_EDGE ( 'NONE', *, *, #7966, .F. ) ;
#10284 = CARTESIAN_POINT ( 'NONE',  ( -9.699999999999993960, 1.000000000000000000, 25.22500000000000853 ) ) ;
#10285 =( GEOMETRIC_REPRESENTATION_CONTEXT ( 3 ) GLOBAL_UNCERTAINTY_ASSIGNED_CONTEXT ( ( #11097 ) ) GLOBAL_UNIT_ASSIGNED_CONTEXT ( ( #4783, #7744, #12131 ) ) REPRESENTATION_CONTEXT ( 'NONE', 'WORKASPACE' ) );
#10286 = FILL_AREA_STYLE_COLOUR ( '', #12181 ) ;
#10287 = ORIENTED_EDGE ( 'NONE', *, *, #476, .T. ) ;
#10288 = LINE ( 'NONE', #7237, #10682 ) ;
#10289 = PRESENTATION_STYLE_ASSIGNMENT (( #6168 ) ) ;
#10290 = LINE ( 'NONE', #7239, #4174 ) ;
#10291 = VECTOR ( 'NONE', #6410, 1000.000000000000000 ) ;
#10292 = COLOUR_RGB ( '',1.000000000000000000, 1.000000000000000000, 0.0000000000000000000 ) ;
#10293 =( NAMED_UNIT ( * ) SI_UNIT ( $, .STERADIAN. ) SOLID_ANGLE_UNIT ( ) );
#10294 = CARTESIAN_POINT ( 'NONE',  ( 3.500000000000001332, -0.001000000000000000021, 25.22500000000000142 ) ) ;
#10295 = LINE ( 'NONE', #6104, #3552 ) ;
#10296 = ORIENTED_EDGE ( 'NONE', *, *, #3569, .T. ) ;
#10297 = DIRECTION ( 'NONE',  ( -1.000000000000000000, 0.0000000000000000000, -0.0000000000000000000 ) ) ;
#10298 = DIRECTION ( 'NONE',  ( -3.771137991253928573E-16, -0.0000000000000000000, 1.000000000000000000 ) ) ;
#10299 = VECTOR ( 'NONE', #3294, 1000.000000000000000 ) ;
#10300 = ORIENTED_EDGE ( 'NONE', *, *, #6127, .F. ) ;
#10301 = PLANE ( 'NONE',  #953 ) ;
#10302 = FACE_OUTER_BOUND ( 'NONE', #11533, .T. ) ;
#10303 = CARTESIAN_POINT ( 'NONE',  ( -8.499999999999996447, -0.001000000000000378407, 22.92500000000001137 ) ) ;
#10304 = SURFACE_SIDE_STYLE ('',( #110 ) ) ;
#10305 = CARTESIAN_POINT ( 'NONE',  ( -8.499999999999996447, -0.001000000000000378407, 22.92500000000001137 ) ) ;
#10306 = VECTOR ( 'NONE', #7522, 1000.000000000000000 ) ;
#10307 = ORIENTED_EDGE ( 'NONE', *, *, #6718, .T. ) ;
#10308 = ORIENTED_EDGE ( 'NONE', *, *, #10098, .T. ) ;
#10309 = SURFACE_STYLE_FILL_AREA ( #7264 ) ;
#10310 = ORIENTED_EDGE ( 'NONE', *, *, #10903, .F. ) ;
#10311 = DIRECTION ( 'NONE',  ( -0.0000000000000000000, -1.000000000000000000, -0.0000000000000000000 ) ) ;
#10312 = PLANE ( 'NONE',  #3355 ) ;
#10313 = DIRECTION ( 'NONE',  ( 0.0000000000000000000, 0.0000000000000000000, -1.000000000000000000 ) ) ;
#10314 = VERTEX_POINT ( 'NONE', #2196 ) ;
#10315 = DIRECTION ( 'NONE',  ( -0.0000000000000000000, -0.0000000000000000000, -1.000000000000000000 ) ) ;
#10316 = VECTOR ( 'NONE', #2910, 1000.000000000000000 ) ;
#10317 = DIRECTION ( 'NONE',  ( -1.000000000000000000, -0.0000000000000000000, -0.0000000000000000000 ) ) ;
#10318 =( GEOMETRIC_REPRESENTATION_CONTEXT ( 3 ) GLOBAL_UNCERTAINTY_ASSIGNED_CONTEXT ( ( #3219 ) ) GLOBAL_UNIT_ASSIGNED_CONTEXT ( ( #5664, #1587, #5517 ) ) REPRESENTATION_CONTEXT ( 'NONE', 'WORKASPACE' ) );
#10319 = FILL_AREA_STYLE ('',( #8102 ) ) ;
#10320 = ORIENTED_EDGE ( 'NONE', *, *, #1347, .T. ) ;
#10321 = CARTESIAN_POINT ( 'NONE',  ( 12.84999999999999964, 1.000000000000000000, 23.07500000000000995 ) ) ;
#10322 = DIRECTION ( 'NONE',  ( 1.000000000000000000, 0.0000000000000000000, -0.0000000000000000000 ) ) ;
#10323 = PLANE ( 'NONE',  #11876 ) ;
#10324 = PLANE ( 'NONE',  #12896 ) ;
#10325 = ORIENTED_EDGE ( 'NONE', *, *, #7713, .F. ) ;
#10326 = FACE_OUTER_BOUND ( 'NONE', #4088, .T. ) ;
#10327 = VERTEX_POINT ( 'NONE', #6523 ) ;
#10328 = ADVANCED_FACE ( 'NONE', ( #2331 ), #1395, .F. ) ;
#10329 = MECHANICAL_DESIGN_GEOMETRIC_PRESENTATION_REPRESENTATION (  '', ( #12720 ), #10561 ) ;
#10330 = LINE ( 'NONE', #12, #13392 ) ;
#10331 = EDGE_CURVE ( 'NONE', #11887, #5419, #3357, .T. ) ;
#10332 = ORIENTED_EDGE ( 'NONE', *, *, #6605, .F. ) ;
#10333 = EDGE_CURVE ( 'NONE', #8255, #331, #7484, .T. ) ;
#10334 = VERTEX_POINT ( 'NONE', #684 ) ;
#10335 = CARTESIAN_POINT ( 'NONE',  ( -12.10000000000000320, 1.000000000000000000, -22.57499999999998863 ) ) ;
#10336 = SURFACE_STYLE_USAGE ( .BOTH. , #8239 ) ;
#10337 = STYLED_ITEM ( 'NONE', ( #12206 ), #146 ) ;
#10338 = VERTEX_POINT ( 'NONE', #5665 ) ;
#10339 = SURFACE_STYLE_USAGE ( .BOTH. , #2283 ) ;
#10340 = DIRECTION ( 'NONE',  ( 1.000000000000000000, 0.0000000000000000000, 1.885568995626964287E-16 ) ) ;
#10341 = EDGE_LOOP ( 'NONE', ( #309, #7433, #6608, #10160 ) ) ;
#10342 = CARTESIAN_POINT ( 'NONE',  ( 5.300000000000004263, 1.000000000000000000, 25.22500000000000142 ) ) ;
#10343 = FILL_AREA_STYLE_COLOUR ( '', #5880 ) ;
#10344 = EDGE_CURVE ( 'NONE', #11210, #4654, #1523, .T. ) ;
#10345 = CARTESIAN_POINT ( 'NONE',  ( 0.5000000000000036637, 1.000000000000000000, 25.22500000000000497 ) ) ;
#10346 = EDGE_CURVE ( 'Edge7', #8288, #13273, #6655, .T. ) ;
#10347 = COLOUR_RGB ( '',1.000000000000000000, 1.000000000000000000, 0.0000000000000000000 ) ;
#10348 = SURFACE_SIDE_STYLE ('',( #12250 ) ) ;
#10349 =( NAMED_UNIT ( * ) PLANE_ANGLE_UNIT ( ) SI_UNIT ( $, .RADIAN. ) );
#10350 = EDGE_CURVE ( 'NONE', #6186, #2547, #6804, .T. ) ;
#10351 = ADVANCED_FACE ( 'NONE', ( #3758 ), #1588, .T. ) ;
#10352 = FACE_OUTER_BOUND ( 'NONE', #10266, .T. ) ;
#10353 = DIRECTION ( 'NONE',  ( 0.0000000000000000000, 0.0000000000000000000, 1.000000000000000000 ) ) ;
#10354 = FILL_AREA_STYLE_COLOUR ( '', #8032 ) ;
#10355 = VERTEX_POINT ( 'NONE', #9977 ) ;
#10356 = PLANE ( 'NONE',  #4246 ) ;
#10357 = PRESENTATION_STYLE_ASSIGNMENT (( #9155 ) ) ;
#10358 = CARTESIAN_POINT ( 'NONE',  ( 11.10000000000000320, 1.000000000000000000, 22.92499999999999361 ) ) ;
#10359 = CARTESIAN_POINT ( 'NONE',  ( 14.99999999999999822, 1.000000000000000000, 22.27500000000000568 ) ) ;
#10360 = FACE_OUTER_BOUND ( 'NONE', #4455, .T. ) ;
#10361 = ORIENTED_EDGE ( 'NONE', *, *, #3155, .F. ) ;
#10362 = DIRECTION ( 'NONE',  ( 0.0000000000000000000, 0.0000000000000000000, -1.000000000000000000 ) ) ;
#10363 = FILL_AREA_STYLE ('',( #11381 ) ) ;
#10364 = COLOUR_RGB ( '',1.000000000000000000, 1.000000000000000000, 0.0000000000000000000 ) ;
#10365 = CARTESIAN_POINT ( 'NONE',  ( -7.299999999999995381, 1.000000000000000000, 22.92500000000001137 ) ) ;
#10366 = LINE ( 'NONE', #6309, #10434 ) ;
#10367 = PRESENTATION_STYLE_ASSIGNMENT (( #11199 ) ) ;
#10368 = COLOUR_RGB ( '',1.000000000000000000, 1.000000000000000000, 0.0000000000000000000 ) ;
#10369 = EDGE_LOOP ( 'NONE', ( #4741, #6792, #11266, #12406 ) ) ;
#10370 = CARTESIAN_POINT ( 'NONE',  ( 9.500000000000003553, 1.000000000000000000, 25.22499999999999787 ) ) ;
#10371 = ORIENTED_EDGE ( 'NONE', *, *, #1142, .F. ) ;
#10372 = DIRECTION ( 'NONE',  ( -0.0000000000000000000, -1.000000000000000000, -0.0000000000000000000 ) ) ;
#10373 = EDGE_CURVE ( 'NONE', #12814, #4606, #4846, .T. ) ;
#10374 = FILL_AREA_STYLE ('',( #2119 ) ) ;
#10375 = ORIENTED_EDGE ( 'NONE', *, *, #7550, .T. ) ;
#10376 = FACE_OUTER_BOUND ( 'NONE', #7000, .T. ) ;
#10377 = PRESENTATION_LAYER_ASSIGNMENT (  '', '', ( #8863 ) ) ;
#10378 = DIRECTION ( 'NONE',  ( -1.000000000000000000, 0.0000000000000000000, -3.771137991253928573E-16 ) ) ;
#10379 = EDGE_LOOP ( 'NONE', ( #2016, #1098, #12544, #6422 ) ) ;
#10380 = COLOUR_RGB ( '',1.000000000000000000, 1.000000000000000000, 0.0000000000000000000 ) ;
#10381 = CARTESIAN_POINT ( 'NONE',  ( 10.30000000000000426, 1.000999999999999890, 25.22499999999999787 ) ) ;
#10382 = DIRECTION ( 'NONE',  ( 0.0000000000000000000, 0.0000000000000000000, 1.000000000000000000 ) ) ;
#10383 =( NAMED_UNIT ( * ) SI_UNIT ( $, .STERADIAN. ) SOLID_ANGLE_UNIT ( ) );
#10384 = PRESENTATION_STYLE_ASSIGNMENT (( #11095 ) ) ;
#10385 = UNCERTAINTY_MEASURE_WITH_UNIT (LENGTH_MEASURE( 1.000000000000000082E-05 ), #2454, 'distance_accuracy_value', 'NONE');
#10386 = VERTEX_POINT ( 'NONE', #9836 ) ;
#10387 = CARTESIAN_POINT ( 'NONE',  ( -8.299999999999995381, 1.000999999999999890, 22.92500000000001137 ) ) ;
#10388 = STYLED_ITEM ( 'NONE', ( #2625 ), #12760 ) ;
#10389 = DIRECTION ( 'NONE',  ( -0.0000000000000000000, -1.000000000000000000, -0.0000000000000000000 ) ) ;
#10390 = LINE ( 'NONE', #2408, #10866 ) ;
#10391 = VERTEX_POINT ( 'NONE', #7818 ) ;
#10392 = VECTOR ( 'NONE', #1542, 1000.000000000000000 ) ;
#10393 = ORIENTED_EDGE ( 'NONE', *, *, #4720, .T. ) ;
#10394 = FACE_OUTER_BOUND ( 'NONE', #2843, .T. ) ;
#10395 = VERTEX_POINT ( 'NONE', #13107 ) ;
#10396 = SURFACE_SIDE_STYLE ('',( #10139 ) ) ;
#10397 = UNCERTAINTY_MEASURE_WITH_UNIT (LENGTH_MEASURE( 1.000000000000000082E-05 ), #8545, 'distance_accuracy_value', 'NONE');
#10398 = ORIENTED_EDGE ( 'NONE', *, *, #5164, .F. ) ;
#10399 = CARTESIAN_POINT ( 'NONE',  ( 1.500000000000003553, 1.000000000000000000, 25.22500000000000497 ) ) ;
#10400 = EDGE_CURVE ( 'NONE', #12718, #11078, #2529, .T. ) ;
#10401 = CARTESIAN_POINT ( 'NONE',  ( 4.900000000000001243, -0.001000000000000000021, 25.22500000000000142 ) ) ;
#10402 = ORIENTED_EDGE ( 'NONE', *, *, #7149, .T. ) ;
#10403 = DIRECTION ( 'NONE',  ( 1.000000000000000000, 0.0000000000000000000, 0.0000000000000000000 ) ) ;
#10404 = MECHANICAL_DESIGN_GEOMETRIC_PRESENTATION_REPRESENTATION (  '', ( #13233 ), #9761 ) ;
#10405 = ORIENTED_EDGE ( 'NONE', *, *, #10750, .F. ) ;
#10406 = STYLED_ITEM ( 'NONE', ( #11706 ), #2333 ) ;
#10407 = DIRECTION ( 'NONE',  ( -0.0000000000000000000, 1.000000000000000000, -0.0000000000000000000 ) ) ;
#10408 = EDGE_CURVE ( 'NONE', #2003, #11167, #10715, .T. ) ;
#10409 = PRESENTATION_LAYER_ASSIGNMENT (  '', '', ( #8686 ) ) ;
#10410 = AXIS2_PLACEMENT_3D ( 'NONE', #464, #7669, #2593 ) ;
#10411 = VECTOR ( 'NONE', #10481, 1000.000000000000000 ) ;
#10412 = FILL_AREA_STYLE_COLOUR ( '', #7007 ) ;
#10414 = EDGE_CURVE ( 'NONE', #8095, #8288, #8821, .T. ) ;
#10413 = CARTESIAN_POINT ( 'NONE',  ( 1.500000000000003553, 1.000999999999999890, 25.22500000000000497 ) ) ;
#10415 = PLANE ( 'NONE',  #4452 ) ;
#10416 = EDGE_LOOP ( 'NONE', ( #9917, #8735, #1807, #6568 ) ) ;
#10417 = FILL_AREA_STYLE ('',( #6368 ) ) ;
#10418 =( NAMED_UNIT ( * ) PLANE_ANGLE_UNIT ( ) SI_UNIT ( $, .RADIAN. ) );
#10419 = VECTOR ( 'NONE', #13333, 1000.000000000000000 ) ;
#10420 = FILL_AREA_STYLE ('',( #8589 ) ) ;
#10421 = ORIENTED_EDGE ( 'NONE', *, *, #9026, .F. ) ;
#10422 = CARTESIAN_POINT ( 'NONE',  ( 1.100000000000001643, -0.001000000000000000021, 25.22500000000000497 ) ) ;
#10423 = MECHANICAL_DESIGN_GEOMETRIC_PRESENTATION_REPRESENTATION (  '', ( #9781 ), #5265 ) ;
#10424 = VECTOR ( 'NONE', #1864, 1000.000000000000000 ) ;
#10425 = ADVANCED_FACE ( 'NONE', ( #5588 ), #7743, .F. ) ;
#10426 = FACE_OUTER_BOUND ( 'NONE', #4222, .T. ) ;
#10427 = VECTOR ( 'NONE', #3852, 1000.000000000000000 ) ;
#10428 =( LENGTH_UNIT ( ) NAMED_UNIT ( * ) SI_UNIT ( .MILLI., .METRE. ) );
#10429 = DIRECTION ( 'NONE',  ( 1.000000000000000000, 0.0000000000000000000, 0.0000000000000000000 ) ) ;
#10430 = MECHANICAL_DESIGN_GEOMETRIC_PRESENTATION_REPRESENTATION (  '', ( #8281 ), #13260 ) ;
#10431 = ORIENTED_EDGE ( 'NONE', *, *, #8190, .F. ) ;
#10433 = EDGE_CURVE ( 'NONE', #12873, #3276, #11137, .T. ) ;
#10432 = FILL_AREA_STYLE ('',( #12672 ) ) ;
#10434 = VECTOR ( 'NONE', #10429, 1000.000000000000000 ) ;
#10435 = DIRECTION ( 'NONE',  ( -2.668805347656626678E-16, -0.0000000000000000000, 1.000000000000000000 ) ) ;
#10436 = ORIENTED_EDGE ( 'NONE', *, *, #13011, .T. ) ;
#10437 = DIRECTION ( 'NONE',  ( 1.885568995626964287E-16, 0.0000000000000000000, -1.000000000000000000 ) ) ;
#10438 = CARTESIAN_POINT ( 'NONE',  ( 6.300000000000003375, 1.000999999999999890, 25.22500000000000142 ) ) ;
#10439 = ORIENTED_EDGE ( 'NONE', *, *, #7968, .T. ) ;
#10440 = DIRECTION ( 'NONE',  ( -1.000000000000000000, -0.0000000000000000000, -0.0000000000000000000 ) ) ;
#10441 = VECTOR ( 'NONE', #5057, 1000.000000000000000 ) ;
#10442 = DIRECTION ( 'NONE',  ( -0.0000000000000000000, -1.000000000000000000, -0.0000000000000000000 ) ) ;
#10443 = VECTOR ( 'NONE', #657, 1000.000000000000000 ) ;
#10444 = SURFACE_STYLE_FILL_AREA ( #8280 ) ;
#10445 = ORIENTED_EDGE ( 'NONE', *, *, #2494, .T. ) ;
#10446 = VECTOR ( 'NONE', #9061, 1000.000000000000000 ) ;
#10447 = LINE ( 'NONE', #6398, #6256 ) ;
#10448 = CARTESIAN_POINT ( 'NONE',  ( -15.00000000000000000, 0.2500000000000002220, 25.47500000000000853 ) ) ;
#10449 = PRESENTATION_LAYER_ASSIGNMENT (  '', '', ( #1396 ) ) ;
#10450 = CARTESIAN_POINT ( 'NONE',  ( -4.599999999999996092, 0.7499999999999946709, 25.47500000000001208 ) ) ;
#10451 = VERTEX_POINT ( 'NONE', #7073 ) ;
#10452 =( NAMED_UNIT ( * ) PLANE_ANGLE_UNIT ( ) SI_UNIT ( $, .RADIAN. ) );
#10453 = FACE_OUTER_BOUND ( 'NONE', #8999, .T. ) ;
#10454 = MECHANICAL_DESIGN_GEOMETRIC_PRESENTATION_REPRESENTATION (  '', ( #9376 ), #947 ) ;
#10455 = CARTESIAN_POINT ( 'NONE',  ( -4.849999999999997868, 3.399999999999999911, 21.27500000000000924 ) ) ;
#10456 = CARTESIAN_POINT ( 'NONE',  ( 2.300000000000003819, 1.000999999999999890, 22.92500000000000426 ) ) ;
#10457 = ORIENTED_EDGE ( 'NONE', *, *, #9208, .F. ) ;
#10458 =( NAMED_UNIT ( * ) SI_UNIT ( $, .STERADIAN. ) SOLID_ANGLE_UNIT ( ) );
#10459 = VERTEX_POINT ( 'NONE', #13363 ) ;
#10460 = AXIS2_PLACEMENT_3D ( 'NONE', #2862, #8862, #3804 ) ;
#10461 = PRESENTATION_STYLE_ASSIGNMENT (( #12484 ) ) ;
#10462 = AXIS2_PLACEMENT_3D ( 'NONE', #9803, #2786, #6906 ) ;
#10463 = CARTESIAN_POINT ( 'NONE',  ( 0.3000000000000020983, -0.001000000000000000021, 22.92500000000000426 ) ) ;
#10464 = VERTEX_POINT ( 'NONE', #2053 ) ;
#10465 =( LENGTH_UNIT ( ) NAMED_UNIT ( * ) SI_UNIT ( .MILLI., .METRE. ) );
#10466 = ORIENTED_EDGE ( 'NONE', *, *, #6782, .T. ) ;
#10467 = PRESENTATION_STYLE_ASSIGNMENT (( #6351 ) ) ;
#10468 = PRESENTATION_STYLE_ASSIGNMENT (( #10336 ) ) ;
#10469 = ORIENTED_EDGE ( 'NONE', *, *, #120, .F. ) ;
#10470 = CARTESIAN_POINT ( 'NONE',  ( -6.499999999999995559, 1.000000000000000000, 22.92500000000001137 ) ) ;
#10471 = PLANE ( 'NONE',  #44 ) ;
#10472 = STYLED_ITEM ( 'NONE', ( #12155 ), #9580 ) ;
#10473 = EDGE_LOOP ( 'NONE', ( #6787, #7635, #8919, #606 ) ) ;
#10474 = CARTESIAN_POINT ( 'NONE',  ( 3.100000000000003197, 1.000999999999999890, 22.92500000000000071 ) ) ;
#10475 = PLANE ( 'NONE',  #11282 ) ;
#10476 = VECTOR ( 'NONE', #2855, 1000.000000000000000 ) ;
#10477 =( GEOMETRIC_REPRESENTATION_CONTEXT ( 3 ) GLOBAL_UNCERTAINTY_ASSIGNED_CONTEXT ( ( #1185 ) ) GLOBAL_UNIT_ASSIGNED_CONTEXT ( ( #10678, #9660, #1685 ) ) REPRESENTATION_CONTEXT ( 'NONE', 'WORKASPACE' ) );
#10478 = ORIENTED_EDGE ( 'NONE', *, *, #3332, .F. ) ;
#10479 =( GEOMETRIC_REPRESENTATION_CONTEXT ( 3 ) GLOBAL_UNCERTAINTY_ASSIGNED_CONTEXT ( ( #8621 ) ) GLOBAL_UNIT_ASSIGNED_CONTEXT ( ( #2908, #6336, #3285 ) ) REPRESENTATION_CONTEXT ( 'NONE', 'WORKASPACE' ) );
#10480 = FACE_OUTER_BOUND ( 'NONE', #4630, .T. ) ;
#10481 = DIRECTION ( 'NONE',  ( 1.000000000000000000, 0.0000000000000000000, 0.0000000000000000000 ) ) ;
#10482 = DIRECTION ( 'NONE',  ( -1.000000000000000000, 0.0000000000000000000, 9.427844978134821433E-17 ) ) ;
#10483 = EDGE_CURVE ( 'NONE', #12628, #9353, #6004, .T. ) ;
#10484 = ORIENTED_EDGE ( 'NONE', *, *, #12412, .T. ) ;
#10485 = FILL_AREA_STYLE_COLOUR ( '', #7049 ) ;
#10486 = CARTESIAN_POINT ( 'NONE',  ( -0.4999999999999987232, 0.0000000000000000000, 22.92500000000000782 ) ) ;
#10487 = CARTESIAN_POINT ( 'NONE',  ( -0.09999999999999635569, 1.000999999999999890, 22.92500000000000426 ) ) ;
#10488 = CARTESIAN_POINT ( 'NONE',  ( 4.300000000000001599, -0.001000000000000000021, 22.92500000000000071 ) ) ;
#10489 =( NAMED_UNIT ( * ) SI_UNIT ( $, .STERADIAN. ) SOLID_ANGLE_UNIT ( ) );
#10490 = ORIENTED_EDGE ( 'NONE', *, *, #1174, .T. ) ;
#10491 = SURFACE_STYLE_USAGE ( .BOTH. , #8260 ) ;
#10492 = DIRECTION ( 'NONE',  ( -0.0000000000000000000, 0.0000000000000000000, 1.000000000000000000 ) ) ;
#10493 =( GEOMETRIC_REPRESENTATION_CONTEXT ( 3 ) GLOBAL_UNCERTAINTY_ASSIGNED_CONTEXT ( ( #4880 ) ) GLOBAL_UNIT_ASSIGNED_CONTEXT ( ( #1162, #12457, #13224 ) ) REPRESENTATION_CONTEXT ( 'NONE', 'WORKASPACE' ) );
#10494 = CARTESIAN_POINT ( 'NONE',  ( -12.09999999999999609, 1.000999999999999890, 22.92500000000001137 ) ) ;
#10495 = EDGE_CURVE ( 'NONE', #9083, #8428, #6938, .T. ) ;
#10496 = SURFACE_STYLE_USAGE ( .BOTH. , #8532 ) ;
#10497 = LINE ( 'NONE', #48, #3195 ) ;
#10498 = CARTESIAN_POINT ( 'NONE',  ( -12.09999999999999609, 1.000999999999999890, 22.92500000000001137 ) ) ;
#10499 = CARTESIAN_POINT ( 'NONE',  ( -11.69999999999999929, -8.831319514063742788E-16, 25.22500000000001208 ) ) ;
#10500 =( GEOMETRIC_REPRESENTATION_CONTEXT ( 3 ) GLOBAL_UNCERTAINTY_ASSIGNED_CONTEXT ( ( #11470 ) ) GLOBAL_UNIT_ASSIGNED_CONTEXT ( ( #997, #7162, #2015 ) ) REPRESENTATION_CONTEXT ( 'NONE', 'WORKASPACE' ) );
#10501 = ORIENTED_EDGE ( 'NONE', *, *, #1920, .F. ) ;
#10502 = SURFACE_SIDE_STYLE ('',( #5506 ) ) ;
#10503 = EDGE_CURVE ( 'NONE', #3584, #9987, #13434, .T. ) ;
#10504 = VECTOR ( 'NONE', #9806, 1000.000000000000000 ) ;
#10505 = CARTESIAN_POINT ( 'NONE',  ( -1.499999999999998224, -0.001000000000000000021, 25.22500000000000853 ) ) ;
#10506 = ORIENTED_EDGE ( 'NONE', *, *, #4806, .F. ) ;
#10507 = FILL_AREA_STYLE_COLOUR ( '', #755 ) ;
#10508 = ADVANCED_FACE ( 'NONE', ( #971 ), #8017, .F. ) ;
#10509 = FILL_AREA_STYLE_COLOUR ( '', #8869 ) ;
#10510 = ORIENTED_EDGE ( 'NONE', *, *, #8274, .T. ) ;
#10511 = CARTESIAN_POINT ( 'NONE',  ( 11.10000000000000320, 1.000999999999999890, 22.92499999999999361 ) ) ;
#10512 = FACE_OUTER_BOUND ( 'NONE', #6951, .T. ) ;
#10513 = CARTESIAN_POINT ( 'NONE',  ( -6.499999999999995559, 1.000999999999999890, 25.22500000000001208 ) ) ;
#10514 = ORIENTED_EDGE ( 'NONE', *, *, #11004, .F. ) ;
#10515 = EDGE_CURVE ( 'NONE', #2003, #8886, #890, .T. ) ;
#10516 = EDGE_CURVE ( 'NONE', #12646, #8069, #10174, .T. ) ;
#10517 = PLANE ( 'NONE',  #2147 ) ;
#10518 = SURFACE_SIDE_STYLE ('',( #8416 ) ) ;
#10519 = CARTESIAN_POINT ( 'NONE',  ( 5.900000000000001243, -0.001000000000000000021, 25.22500000000000142 ) ) ;
#10520 = ADVANCED_FACE ( 'NONE', ( #9096 ), #13223, .T. ) ;
#10521 = SURFACE_STYLE_USAGE ( .BOTH. , #1184 ) ;
#10522 = EDGE_CURVE ( 'NONE', #4654, #13021, #2182, .T. ) ;
#10523 = VERTEX_POINT ( 'NONE', #5238 ) ;
#10524 = SURFACE_SIDE_STYLE ('',( #4254 ) ) ;
#10525 = DIRECTION ( 'NONE',  ( 0.0000000000000000000, 0.0000000000000000000, -1.000000000000000000 ) ) ;
#10526 = DIRECTION ( 'NONE',  ( -1.000000000000000000, 0.0000000000000000000, -0.0000000000000000000 ) ) ;
#10528 = MECHANICAL_DESIGN_GEOMETRIC_PRESENTATION_REPRESENTATION (  '', ( #3406 ), #12910 ) ;
#10527 = PRESENTATION_STYLE_ASSIGNMENT (( #12478 ) ) ;
#10529 = ORIENTED_EDGE ( 'NONE', *, *, #11792, .T. ) ;
#10530 =( NAMED_UNIT ( * ) SI_UNIT ( $, .STERADIAN. ) SOLID_ANGLE_UNIT ( ) );
#10531 = EDGE_LOOP ( 'NONE', ( #3197, #359, #11436, #12697 ) ) ;
#10532 = CARTESIAN_POINT ( 'NONE',  ( 6.500000000000002665, -0.001000000000000000021, 25.22500000000000142 ) ) ;
#10533 = VECTOR ( 'NONE', #3390, 1000.000000000000000 ) ;
#10534 = LINE ( 'NONE', #8566, #2080 ) ;
#10535 = ORIENTED_EDGE ( 'NONE', *, *, #747, .T. ) ;
#10536 =( NAMED_UNIT ( * ) SI_UNIT ( $, .STERADIAN. ) SOLID_ANGLE_UNIT ( ) );
#10537 = UNCERTAINTY_MEASURE_WITH_UNIT (LENGTH_MEASURE( 1.000000000000000082E-05 ), #3106, 'distance_accuracy_value', 'NONE');
#10538 = ORIENTED_EDGE ( 'NONE', *, *, #120, .T. ) ;
#10539 = VECTOR ( 'NONE', #10208, 1000.000000000000000 ) ;
#10540 = ORIENTED_EDGE ( 'NONE', *, *, #127, .T. ) ;
#10541 =( NAMED_UNIT ( * ) PLANE_ANGLE_UNIT ( ) SI_UNIT ( $, .RADIAN. ) );
#10542 = EDGE_CURVE ( 'NONE', #11661, #10334, #9419, .T. ) ;
#10543 = SURFACE_STYLE_FILL_AREA ( #6417 ) ;
#10544 = VERTEX_POINT ( 'NONE', #3338 ) ;
#10545 = SURFACE_STYLE_USAGE ( .BOTH. , #505 ) ;
#10546 = CIRCLE ( 'NONE', #8176, 0.7999999999999986011 ) ;
#10547 = SURFACE_STYLE_USAGE ( .BOTH. , #7505 ) ;
#10548 = CARTESIAN_POINT ( 'NONE',  ( -11.29999999999999538, 1.000999999999999890, 22.92500000000001137 ) ) ;
#10549 = EDGE_LOOP ( 'NONE', ( #185, #10431, #391, #11644 ) ) ;
#10550 = VECTOR ( 'NONE', #11136, 1000.000000000000000 ) ;
#10551 = SURFACE_STYLE_FILL_AREA ( #6424 ) ;
#10552 = PLANE ( 'NONE',  #1861 ) ;
#10553 = DIRECTION ( 'NONE',  ( 3.771137991253928573E-16, 0.0000000000000000000, -1.000000000000000000 ) ) ;
#10554 = EDGE_LOOP ( 'NONE', ( #4933, #5722, #1664, #5340 ) ) ;
#10555 = DIRECTION ( 'NONE',  ( 1.885568995626964287E-16, 0.0000000000000000000, -1.000000000000000000 ) ) ;
#10556 = DIRECTION ( 'NONE',  ( 0.0000000000000000000, 0.0000000000000000000, -1.000000000000000000 ) ) ;
#10557 =( NAMED_UNIT ( * ) PLANE_ANGLE_UNIT ( ) SI_UNIT ( $, .RADIAN. ) );
#10558 = ORIENTED_EDGE ( 'NONE', *, *, #12548, .T. ) ;
#10559 =( LENGTH_UNIT ( ) NAMED_UNIT ( * ) SI_UNIT ( .MILLI., .METRE. ) );
#10560 = CARTESIAN_POINT ( 'NONE',  ( 2.700000000000002398, -0.001000000000000000021, 22.92500000000000426 ) ) ;
#10561 =( GEOMETRIC_REPRESENTATION_CONTEXT ( 3 ) GLOBAL_UNCERTAINTY_ASSIGNED_CONTEXT ( ( #501 ) ) GLOBAL_UNIT_ASSIGNED_CONTEXT ( ( #7842, #9727, #3259 ) ) REPRESENTATION_CONTEXT ( 'NONE', 'WORKASPACE' ) );
#10562 = CARTESIAN_POINT ( 'NONE',  ( -7.299999999999995381, 1.000999999999999890, 25.22500000000001208 ) ) ;
#10563 = LINE ( 'NONE', #7723, #10986 ) ;
#10564 = LINE ( 'NONE', #1293, #5266 ) ;
#10565 = LINE ( 'NONE', #11655, #91 ) ;
#10566 = ORIENTED_EDGE ( 'NONE', *, *, #11177, .F. ) ;
#10567 = COLOUR_RGB ( '',1.000000000000000000, 1.000000000000000000, 0.0000000000000000000 ) ;
#10568 = SURFACE_STYLE_USAGE ( .BOTH. , #5508 ) ;
#10569 = VERTEX_POINT ( 'NONE', #1231 ) ;
#10570 = CARTESIAN_POINT ( 'NONE',  ( 3.900000000000003908, 1.000999999999999890, 22.92500000000000071 ) ) ;
#10571 = CARTESIAN_POINT ( 'NONE',  ( 0.7000000000000036193, 1.000999999999999890, 25.22500000000000497 ) ) ;
#10572 = EDGE_CURVE ( 'NONE', #1874, #11146, #8400, .T. ) ;
#10573 = PRESENTATION_LAYER_ASSIGNMENT (  '', '', ( #13184 ) ) ;
#10574 = CARTESIAN_POINT ( 'NONE',  ( 7.100000000000004086, 1.000999999999999890, 25.22499999999999787 ) ) ;
#10575 = ORIENTED_EDGE ( 'NONE', *, *, #920, .F. ) ;
#10576 = FILL_AREA_STYLE_COLOUR ( '', #4015 ) ;
#10577 = VERTEX_POINT ( 'NONE', #112 ) ;
#10578 = EDGE_CURVE ( 'NONE', #13045, #12343, #1373, .T. ) ;
#10579 = EDGE_CURVE ( 'NONE', #1644, #1348, #9352, .T. ) ;
#10580 = AXIS2_PLACEMENT_3D ( 'NONE', #9710, #2612, #7752 ) ;
#10581 = VECTOR ( 'NONE', #12723, 1000.000000000000000 ) ;
#10582 = AXIS2_PLACEMENT_3D ( 'NONE', #7958, #7825, #9915 ) ;
#10583 = FACE_OUTER_BOUND ( 'NONE', #7990, .T. ) ;
#10584 = CARTESIAN_POINT ( 'NONE',  ( 1.900000000000001465, -0.001000000000000000021, 25.22500000000000497 ) ) ;
#10585 =( NAMED_UNIT ( * ) PLANE_ANGLE_UNIT ( ) SI_UNIT ( $, .RADIAN. ) );
#10586 = ORIENTED_EDGE ( 'NONE', *, *, #6534, .T. ) ;
#10587 = DIRECTION ( 'NONE',  ( 1.000000000000000000, 0.0000000000000000000, 0.0000000000000000000 ) ) ;
#10588 = SURFACE_STYLE_USAGE ( .BOTH. , #9572 ) ;
#10589 = EDGE_CURVE ( 'NONE', #3306, #7236, #9546, .T. ) ;
#10590 =( LENGTH_UNIT ( ) NAMED_UNIT ( * ) SI_UNIT ( .MILLI., .METRE. ) );
#10591 = EDGE_CURVE ( 'NONE', #9124, #4582, #10366, .T. ) ;
#10592 = LINE ( 'NONE', #9574, #12825 ) ;
#10593 = ORIENTED_EDGE ( 'NONE', *, *, #2311, .T. ) ;
#10594 = COLOUR_RGB ( '',1.000000000000000000, 1.000000000000000000, 0.0000000000000000000 ) ;
#10595 = LINE ( 'NONE', #351, #7364 ) ;
#10596 = EDGE_LOOP ( 'NONE', ( #2276, #3161, #2876, #10677 ) ) ;
#10597 = EDGE_CURVE ( 'NONE', #5143, #9124, #10564, .T. ) ;
#10598 = CARTESIAN_POINT ( 'NONE',  ( -15.00000000000000000, 0.0000000000000000000, 25.22500000000000853 ) ) ;
#10599 = MECHANICAL_DESIGN_GEOMETRIC_PRESENTATION_REPRESENTATION (  '', ( #3252 ), #5642 ) ;
#10600 =( GEOMETRIC_REPRESENTATION_CONTEXT ( 3 ) GLOBAL_UNCERTAINTY_ASSIGNED_CONTEXT ( ( #9736 ) ) GLOBAL_UNIT_ASSIGNED_CONTEXT ( ( #12366, #10541, #9455 ) ) REPRESENTATION_CONTEXT ( 'NONE', 'WORKASPACE' ) );
#10601 = VERTEX_POINT ( 'NONE', #8535 ) ;
#10602 = PRESENTATION_STYLE_ASSIGNMENT (( #357 ) ) ;
#10603 = ORIENTED_EDGE ( 'NONE', *, *, #13163, .F. ) ;
#10604 = DIRECTION ( 'NONE',  ( 1.000000000000000000, 0.0000000000000000000, 0.0000000000000000000 ) ) ;
#10605 = VECTOR ( 'NONE', #4699, 1000.000000000000000 ) ;
#10606 = VERTEX_POINT ( 'NONE', #9620 ) ;
#10607 = LINE ( 'NONE', #22, #3912 ) ;
#10608 = CARTESIAN_POINT ( 'NONE',  ( 7.900000000000003908, 1.000999999999999890, 25.22499999999999787 ) ) ;
#10609 = VERTEX_POINT ( 'NONE', #5503 ) ;
#10610 = SURFACE_STYLE_FILL_AREA ( #2287 ) ;
#10611 = AXIS2_PLACEMENT_3D ( 'NONE', #721, #4887, #8997 ) ;
#10612 = PRESENTATION_STYLE_ASSIGNMENT (( #7368 ) ) ;
#10613 = ORIENTED_EDGE ( 'NONE', *, *, #6718, .F. ) ;
#10614 = CARTESIAN_POINT ( 'NONE',  ( 12.84999999999999964, 1.000000000000000000, 22.27500000000000924 ) ) ;
#10615 = LINE ( 'NONE', #3121, #10686 ) ;
#10616 = MECHANICAL_DESIGN_GEOMETRIC_PRESENTATION_REPRESENTATION (  '', ( #437 ), #12350 ) ;
#10617 = CARTESIAN_POINT ( 'NONE',  ( -7.299999999999995381, 1.000999999999999890, 22.92500000000001137 ) ) ;
#10618 = VERTEX_POINT ( 'NONE', #255 ) ;
#10619 = CARTESIAN_POINT ( 'NONE',  ( -15.00000000000000533, 1.000000000000000000, 22.27499999999997726 ) ) ;
#10620 = CARTESIAN_POINT ( 'NONE',  ( 10.70000000000000107, 0.0000000000000000000, 25.22499999999999432 ) ) ;
#10621 = EDGE_LOOP ( 'NONE', ( #1431, #7740, #10823, #1822 ) ) ;
#10622 = CARTESIAN_POINT ( 'NONE',  ( 2.900000000000004352, 1.000999999999999890, 25.22500000000000497 ) ) ;
#10623 = FACE_OUTER_BOUND ( 'NONE', #6711, .T. ) ;
#10624 = COLOUR_RGB ( '',0.0000000000000000000, 0.7529411764705882248, 0.0000000000000000000 ) ;
#10625 = PRESENTATION_LAYER_ASSIGNMENT (  '', '', ( #3082 ) ) ;
#10626 = FILL_AREA_STYLE_COLOUR ( '', #9882 ) ;
#10627 = AXIS2_PLACEMENT_3D ( 'NONE', #4743, #5769, #8097 ) ;
#10628 = CARTESIAN_POINT ( 'NONE',  ( -9.200000000000006395, 3.399999999999999911, -25.47499999999999432 ) ) ;
#10629 = DIRECTION ( 'NONE',  ( 1.000000000000000000, 0.0000000000000000000, 0.0000000000000000000 ) ) ;
#10630 = FACE_OUTER_BOUND ( 'NONE', #363, .T. ) ;
#10631 = ORIENTED_EDGE ( 'NONE', *, *, #7951, .F. ) ;
#10632 = DIRECTION ( 'NONE',  ( 0.0000000000000000000, 0.0000000000000000000, 1.000000000000000000 ) ) ;
#10633 = VECTOR ( 'NONE', #4236, 1000.000000000000000 ) ;
#10634 = ORIENTED_EDGE ( 'NONE', *, *, #1159, .T. ) ;
#10635 =( NAMED_UNIT ( * ) PLANE_ANGLE_UNIT ( ) SI_UNIT ( $, .RADIAN. ) );
#10636 = CARTESIAN_POINT ( 'NONE',  ( 0.3000000000000016542, -0.001000000000000000021, 25.22500000000000497 ) ) ;
#10637 =( NAMED_UNIT ( * ) PLANE_ANGLE_UNIT ( ) SI_UNIT ( $, .RADIAN. ) );
#10638 = VECTOR ( 'NONE', #3835, 1000.000000000000000 ) ;
#10639 = EDGE_LOOP ( 'NONE', ( #10962, #7683, #5330, #10296 ) ) ;
#10640 = SURFACE_STYLE_FILL_AREA ( #6517 ) ;
#10641 = EDGE_LOOP ( 'NONE', ( #9310, #3426, #13355, #9548 ) ) ;
#10642 = MANIFOLD_SOLID_BREP ( 'Extrude2', #3203 ) ;
#10643 = FILL_AREA_STYLE ('',( #6522 ) ) ;
#10644 = STYLED_ITEM ( 'NONE', ( #11660 ), #6439 ) ;
#10645 = VECTOR ( 'NONE', #12948, 1000.000000000000000 ) ;
#10646 = CARTESIAN_POINT ( 'NONE',  ( -0.6999999999999980682, -0.001000000000000000021, 22.92500000000000782 ) ) ;
#10647 = CARTESIAN_POINT ( 'NONE',  ( -8.099999999999996092, 1.000000000000000000, 22.92500000000001137 ) ) ;
#10648 = UNCERTAINTY_MEASURE_WITH_UNIT (LENGTH_MEASURE( 1.000000000000000082E-05 ), #11997, 'distance_accuracy_value', 'NONE');
#10649 = VERTEX_POINT ( 'NONE', #8801 ) ;
#10650 = LINE ( 'NONE', #345, #12831 ) ;
#10651 = VECTOR ( 'NONE', #8504, 1000.000000000000000 ) ;
#10652 = FILL_AREA_STYLE_COLOUR ( '', #2068 ) ;
#10653 = SURFACE_STYLE_USAGE ( .BOTH. , #2407 ) ;
#10654 = EDGE_CURVE ( 'NONE', #11634, #5870, #4433, .T. ) ;
#10655 = CARTESIAN_POINT ( 'NONE',  ( 3.900000000000003908, 1.000999999999999890, 25.22500000000000142 ) ) ;
#10656 = EDGE_LOOP ( 'NONE', ( #1385, #7757, #4928, #2920 ) ) ;
#10657 = PRESENTATION_LAYER_ASSIGNMENT (  '', '', ( #11296 ) ) ;
#10658 = LINE ( 'NONE', #2539, #1972 ) ;
#10659 = VECTOR ( 'NONE', #4810, 1000.000000000000000 ) ;
#10660 = FACE_OUTER_BOUND ( 'NONE', #8891, .T. ) ;
#10661 = MECHANICAL_DESIGN_GEOMETRIC_PRESENTATION_REPRESENTATION (  '', ( #12606 ), #3982 ) ;
#10662 = VECTOR ( 'NONE', #3857, 1000.000000000000000 ) ;
#10663 = EDGE_CURVE ( 'NONE', #4319, #10994, #6702, .T. ) ;
#10664 = CARTESIAN_POINT ( 'NONE',  ( 9.500000000000003553, 1.000999999999999890, 25.22499999999999787 ) ) ;
#10665 = VECTOR ( 'NONE', #1517, 1000.000000000000000 ) ;
#10666 = ORIENTED_EDGE ( 'NONE', *, *, #12839, .T. ) ;
#10667 = VECTOR ( 'NONE', #1183, 1000.000000000000000 ) ;
#10668 = CARTESIAN_POINT ( 'NONE',  ( 6.700000000000001954, 0.0000000000000000000, 25.22500000000000142 ) ) ;
#10669 = UNCERTAINTY_MEASURE_WITH_UNIT (LENGTH_MEASURE( 1.000000000000000082E-05 ), #2826, 'distance_accuracy_value', 'NONE');
#10670 = ORIENTED_EDGE ( 'NONE', *, *, #11670, .T. ) ;
#10671 = DIRECTION ( 'NONE',  ( 1.000000000000000000, 0.0000000000000000000, 0.0000000000000000000 ) ) ;
#10672 = CARTESIAN_POINT ( 'NONE',  ( 11.50000000000000355, -0.001000000000000000021, 25.22499999999999432 ) ) ;
#10673 = EDGE_CURVE ( 'NONE', #4542, #10569, #5571, .T. ) ;
#10674 = EDGE_LOOP ( 'NONE', ( #3417, #9437, #9621, #1261 ) ) ;
#10675 = MECHANICAL_DESIGN_GEOMETRIC_PRESENTATION_REPRESENTATION (  '', ( #5284 ), #9175 ) ;
#10676 = EDGE_CURVE ( 'NONE', #2319, #8691, #1441, .T. ) ;
#10677 = ORIENTED_EDGE ( 'NONE', *, *, #12005, .T. ) ;
#10678 =( LENGTH_UNIT ( ) NAMED_UNIT ( * ) SI_UNIT ( .MILLI., .METRE. ) );
#10679 =( GEOMETRIC_REPRESENTATION_CONTEXT ( 3 ) GLOBAL_UNCERTAINTY_ASSIGNED_CONTEXT ( ( #13121 ) ) GLOBAL_UNIT_ASSIGNED_CONTEXT ( ( #2983, #7101, #13332 ) ) REPRESENTATION_CONTEXT ( 'NONE', 'WORKASPACE' ) );
#10680 = ADVANCED_FACE ( 'NONE', ( #2734 ), #10971, .T. ) ;
#10681 = SURFACE_STYLE_FILL_AREA ( #9528 ) ;
#10682 = VECTOR ( 'NONE', #6287, 1000.000000000000000 ) ;
#10683 = DIRECTION ( 'NONE',  ( -0.0000000000000000000, 1.000000000000000000, -0.0000000000000000000 ) ) ;
#10684 = ORIENTED_EDGE ( 'NONE', *, *, #6602, .F. ) ;
#10685 = CARTESIAN_POINT ( 'NONE',  ( -9.299999999999997158, -0.001000000000000504609, 22.92500000000001137 ) ) ;
#10686 = VECTOR ( 'NONE', #3182, 1000.000000000000000 ) ;
#10687 = UNCERTAINTY_MEASURE_WITH_UNIT (LENGTH_MEASURE( 1.000000000000000082E-05 ), #11717, 'distance_accuracy_value', 'NONE');
#10688 = ORIENTED_EDGE ( 'NONE', *, *, #10852, .F. ) ;
#10689 = CARTESIAN_POINT ( 'NONE',  ( 12.84999999999999964, 1.000000000000000000, 25.22500000000000853 ) ) ;
#10690 = ORIENTED_EDGE ( 'NONE', *, *, #8335, .F. ) ;
#10691 = CARTESIAN_POINT ( 'NONE',  ( 10.90000000000000391, 1.000000000000000000, 22.92499999999999716 ) ) ;
#10692 = VECTOR ( 'NONE', #7330, 1000.000000000000000 ) ;
#10693 = STYLED_ITEM ( 'NONE', ( #6627 ), #2995 ) ;
#10694 = CARTESIAN_POINT ( 'NONE',  ( 5.900000000000002132, 0.0000000000000000000, 22.92500000000000071 ) ) ;
#10695 = DIRECTION ( 'NONE',  ( 3.771137991253928573E-16, 0.0000000000000000000, -1.000000000000000000 ) ) ;
#10696 = VERTEX_POINT ( 'NONE', #324 ) ;
#10697 = DIRECTION ( 'NONE',  ( 1.000000000000000000, 0.0000000000000000000, 1.885568995626964287E-16 ) ) ;
#10698 = SURFACE_SIDE_STYLE ('',( #6577 ) ) ;
#10699 = VERTEX_POINT ( 'NONE', #8600 ) ;
#10700 = LINE ( 'NONE', #1381, #10702 ) ;
#10701 = FILL_AREA_STYLE ('',( #11606 ) ) ;
#10702 = VECTOR ( 'NONE', #5510, 1000.000000000000000 ) ;
#10703 = CARTESIAN_POINT ( 'NONE',  ( 15.00000000000000000, 1.000000000000000000, 25.22500000000000853 ) ) ;
#10704 = MECHANICAL_DESIGN_GEOMETRIC_PRESENTATION_REPRESENTATION (  '', ( #1868 ), #10074 ) ;
#10705 = ORIENTED_EDGE ( 'NONE', *, *, #8907, .F. ) ;
#10706 = DIRECTION ( 'NONE',  ( 1.000000000000000000, 0.0000000000000000000, 0.0000000000000000000 ) ) ;
#10707 =( LENGTH_UNIT ( ) NAMED_UNIT ( * ) SI_UNIT ( .MILLI., .METRE. ) );
#10708 = CARTESIAN_POINT ( 'NONE',  ( 7.900000000000003908, 1.000999999999999890, 22.92499999999999716 ) ) ;
#10709 = EDGE_CURVE ( 'NONE', #8220, #8785, #5640, .T. ) ;
#10710 = ORIENTED_EDGE ( 'NONE', *, *, #2294, .F. ) ;
#10711 = CARTESIAN_POINT ( 'NONE',  ( -0.6999999999999980682, -0.001000000000000000021, 22.92500000000000782 ) ) ;
#10712 = COLOUR_RGB ( '',1.000000000000000000, 1.000000000000000000, 0.0000000000000000000 ) ;
#10713 = SURFACE_STYLE_FILL_AREA ( #3544 ) ;
#10714 = VECTOR ( 'NONE', #2475, 1000.000000000000000 ) ;
#10715 = LINE ( 'NONE', #8752, #9133 ) ;
#10716 = LINE ( 'NONE', #10519, #7020 ) ;
#10717 = ORIENTED_EDGE ( 'NONE', *, *, #5380, .T. ) ;
#10718 = CARTESIAN_POINT ( 'NONE',  ( -10.90000000000000036, -0.001000000000000757011, 25.22500000000001208 ) ) ;
#10719 = ORIENTED_EDGE ( 'NONE', *, *, #10709, .T. ) ;
#10720 = AXIS2_PLACEMENT_3D ( 'NONE', #5405, #5339, #286 ) ;
#10721 = PRESENTATION_STYLE_ASSIGNMENT (( #3558 ) ) ;
#10722 = AXIS2_PLACEMENT_3D ( 'NONE', #4302, #1167, #8405 ) ;
#10723 = VECTOR ( 'NONE', #3132, 1000.000000000000000 ) ;
#10724 = DIRECTION ( 'NONE',  ( 0.0000000000000000000, -0.0000000000000000000, -1.000000000000000000 ) ) ;
#10725 = VERTEX_POINT ( 'NONE', #528 ) ;
#10726 =( NAMED_UNIT ( * ) SI_UNIT ( $, .STERADIAN. ) SOLID_ANGLE_UNIT ( ) );
#10727 = LINE ( 'NONE', #10672, #8113 ) ;
#10728 = LINE ( 'NONE', #2280, #5368 ) ;
#10729 = PRESENTATION_STYLE_ASSIGNMENT (( #2702 ) ) ;
#10730 = ORIENTED_EDGE ( 'NONE', *, *, #10673, .F. ) ;
#10731 = CARTESIAN_POINT ( 'NONE',  ( 8.700000000000002842, 1.000000000000000000, 25.22499999999999787 ) ) ;
#10732 = EDGE_CURVE ( 'NONE', #481, #3534, #4695, .T. ) ;
#10733 = SURFACE_STYLE_FILL_AREA ( #12711 ) ;
#10734 = ORIENTED_EDGE ( 'NONE', *, *, #11144, .T. ) ;
#10735 =( NAMED_UNIT ( * ) SI_UNIT ( $, .STERADIAN. ) SOLID_ANGLE_UNIT ( ) );
#10736 = FILL_AREA_STYLE_COLOUR ( '', #10347 ) ;
#10737 = EDGE_CURVE ( 'NONE', #344, #12604, #4768, .T. ) ;
#10738 = EDGE_CURVE ( 'NONE', #10459, #3353, #3729, .T. ) ;
#10739 = CARTESIAN_POINT ( 'NONE',  ( 1.500000000000003553, 1.000999999999999890, 22.92500000000000426 ) ) ;
#10740 = CARTESIAN_POINT ( 'NONE',  ( -15.00000000000000000, 0.0000000000000000000, 25.47500000000000853 ) ) ;
#10741 = MECHANICAL_DESIGN_GEOMETRIC_PRESENTATION_REPRESENTATION (  '', ( #12470 ), #6650 ) ;
#10742 = EDGE_LOOP ( 'NONE', ( #1038, #4688, #2086, #7709 ) ) ;
#10743 = PRESENTATION_STYLE_ASSIGNMENT (( #7645 ) ) ;
#10744 = DIRECTION ( 'NONE',  ( 0.0000000000000000000, 0.0000000000000000000, 1.000000000000000000 ) ) ;
#10745 = FILL_AREA_STYLE_COLOUR ( '', #7387 ) ;
#10746 = FACE_OUTER_BOUND ( 'NONE', #835, .T. ) ;
#10747 = ORIENTED_EDGE ( 'NONE', *, *, #9351, .F. ) ;
#10748 = DIRECTION ( 'NONE',  ( -1.000000000000000000, 0.0000000000000000000, -0.0000000000000000000 ) ) ;
#10749 = SURFACE_STYLE_FILL_AREA ( #4686 ) ;
#10750 = EDGE_CURVE ( 'NONE', #5156, #4815, #6639, .T. ) ;
#10751 = SURFACE_STYLE_USAGE ( .BOTH. , #380 ) ;
#10752 = ORIENTED_EDGE ( 'NONE', *, *, #4139, .T. ) ;
#10754 = ADVANCED_FACE ( 'NONE', ( #1707 ), #1502, .F. ) ;
#10753 = FILL_AREA_STYLE_COLOUR ( '', #1406 ) ;
#10755 = CARTESIAN_POINT ( 'NONE',  ( -10.69999999999999574, 1.000999999999999890, 22.92500000000001137 ) ) ;
#10756 = EDGE_CURVE ( 'NONE', #1571, #5859, #7115, .T. ) ;
#10757 = EDGE_CURVE ( 'NONE', #7010, #485, #13281, .T. ) ;
#10758 = VECTOR ( 'NONE', #12129, 1000.000000000000000 ) ;
#10759 =( LENGTH_UNIT ( ) NAMED_UNIT ( * ) SI_UNIT ( .MILLI., .METRE. ) );
#10760 = CARTESIAN_POINT ( 'NONE',  ( -3.099999999999997424, 0.0000000000000000000, 22.22500000000001208 ) ) ;
#10761 = LINE ( 'NONE', #10499, #5982 ) ;
#10762 = EDGE_LOOP ( 'NONE', ( #1310, #13044, #764, #6921 ) ) ;
#10763 = FILL_AREA_STYLE ('',( #3593 ) ) ;
#10764 =( LENGTH_UNIT ( ) NAMED_UNIT ( * ) SI_UNIT ( .MILLI., .METRE. ) );
#10765 = PLANE ( 'NONE',  #11519 ) ;
#10766 = ORIENTED_EDGE ( 'NONE', *, *, #2326, .F. ) ;
#10767 = CARTESIAN_POINT ( 'NONE',  ( 5.500000000000003553, 1.000999999999999890, 25.22500000000000142 ) ) ;
#10768 = SURFACE_SIDE_STYLE ('',( #2742 ) ) ;
#10769 = DIRECTION ( 'NONE',  ( 0.0000000000000000000, 0.0000000000000000000, 1.000000000000000000 ) ) ;
#10770 = DIRECTION ( 'NONE',  ( -1.000000000000000000, -0.0000000000000000000, -0.0000000000000000000 ) ) ;
#10771 = ORIENTED_EDGE ( 'NONE', *, *, #10098, .F. ) ;
#10772 = LINE ( 'NONE', #5656, #10665 ) ;
#10773 = CARTESIAN_POINT ( 'NONE',  ( -0.8999999999999964695, 1.000999999999999890, 25.22500000000000853 ) ) ;
#10774 = ORIENTED_EDGE ( 'NONE', *, *, #986, .F. ) ;
#10775 = PRESENTATION_STYLE_ASSIGNMENT (( #7741 ) ) ;
#10776 = PLANE ( 'NONE',  #2557 ) ;
#10777 = VECTOR ( 'NONE', #6538, 1000.000000000000000 ) ;
#10778 = CARTESIAN_POINT ( 'NONE',  ( 0.7000000000000036193, 1.000999999999999890, 25.22500000000000497 ) ) ;
#10779 = DIRECTION ( 'NONE',  ( 0.0000000000000000000, 1.000000000000000000, 0.0000000000000000000 ) ) ;
#10780 = UNCERTAINTY_MEASURE_WITH_UNIT (LENGTH_MEASURE( 1.000000000000000082E-05 ), #6759, 'distance_accuracy_value', 'NONE');
#10781 = ORIENTED_EDGE ( 'NONE', *, *, #8196, .F. ) ;
#10782 = LINE ( 'NONE', #7680, #2455 ) ;
#10783 = PLANE ( 'NONE',  #12837 ) ;
#10784 = ORIENTED_EDGE ( 'NONE', *, *, #1735, .T. ) ;
#10785 = DIRECTION ( 'NONE',  ( 0.0000000000000000000, -0.0000000000000000000, 1.000000000000000000 ) ) ;
#10786 = VECTOR ( 'NONE', #10555, 1000.000000000000000 ) ;
#10787 = STYLED_ITEM ( 'NONE', ( #1528 ), #4897 ) ;
#10788 =( LENGTH_UNIT ( ) NAMED_UNIT ( * ) SI_UNIT ( .MILLI., .METRE. ) );
#10789 = LINE ( 'NONE', #7901, #549 ) ;
#10790 =( NAMED_UNIT ( * ) SI_UNIT ( $, .STERADIAN. ) SOLID_ANGLE_UNIT ( ) );
#10791 = UNCERTAINTY_MEASURE_WITH_UNIT (LENGTH_MEASURE( 1.000000000000000082E-05 ), #11911, 'distance_accuracy_value', 'NONE');
#10792 =( GEOMETRIC_REPRESENTATION_CONTEXT ( 3 ) GLOBAL_UNCERTAINTY_ASSIGNED_CONTEXT ( ( #1037 ) ) GLOBAL_UNIT_ASSIGNED_CONTEXT ( ( #4134, #4892, #11365 ) ) REPRESENTATION_CONTEXT ( 'NONE', 'WORKASPACE' ) );
#10793 = EDGE_LOOP ( 'NONE', ( #5505, #13382, #5829, #829 ) ) ;
#10794 = CARTESIAN_POINT ( 'NONE',  ( -15.00000000000000000, -1.350000000000000089, 20.37500000000001066 ) ) ;
#10795 = AXIS2_PLACEMENT_3D ( 'NONE', #7583, #4685, #4759 ) ;
#10796 = SURFACE_STYLE_USAGE ( .BOTH. , #8388 ) ;
#10797 =( LENGTH_UNIT ( ) NAMED_UNIT ( * ) SI_UNIT ( .MILLI., .METRE. ) );
#10798 =( LENGTH_UNIT ( ) NAMED_UNIT ( * ) SI_UNIT ( .MILLI., .METRE. ) );
#10799 = LINE ( 'NONE', #433, #940 ) ;
#10800 = VERTEX_POINT ( 'NONE', #9148 ) ;
#10801 = SURFACE_STYLE_FILL_AREA ( #5415 ) ;
#10802 = CARTESIAN_POINT ( 'NONE',  ( 3.500000000000001776, -0.001000000000000000021, 22.92500000000000071 ) ) ;
#10803 = SURFACE_SIDE_STYLE ('',( #11898 ) ) ;
#10804 = AXIS2_PLACEMENT_3D ( 'NONE', #10438, #2452, #6448 ) ;
#10805 =( GEOMETRIC_REPRESENTATION_CONTEXT ( 3 ) GLOBAL_UNCERTAINTY_ASSIGNED_CONTEXT ( ( #13007 ) ) GLOBAL_UNIT_ASSIGNED_CONTEXT ( ( #7992, #798, #9074 ) ) REPRESENTATION_CONTEXT ( 'NONE', 'WORKASPACE' ) );
#10806 =( NAMED_UNIT ( * ) PLANE_ANGLE_UNIT ( ) SI_UNIT ( $, .RADIAN. ) );
#10807 = DIRECTION ( 'NONE',  ( 0.0000000000000000000, 1.000000000000000000, 0.0000000000000000000 ) ) ;
#10808 = EDGE_CURVE ( 'NONE', #4587, #12660, #1910, .T. ) ;
#10809 = VERTEX_POINT ( 'NONE', #8194 ) ;
#10810 = DIRECTION ( 'NONE',  ( 0.0000000000000000000, 0.0000000000000000000, -1.000000000000000000 ) ) ;
#10811 = SURFACE_STYLE_FILL_AREA ( #9943 ) ;
#10812 = UNCERTAINTY_MEASURE_WITH_UNIT (LENGTH_MEASURE( 1.000000000000000082E-05 ), #6998, 'distance_accuracy_value', 'NONE');
#10813 = CARTESIAN_POINT ( 'NONE',  ( -11.29999999999999538, 1.000999999999999890, 25.22500000000001208 ) ) ;
#10814 = FILL_AREA_STYLE_COLOUR ( '', #5677 ) ;
#10815 = CARTESIAN_POINT ( 'NONE',  ( -15.00000000000000000, 0.2500000000000002220, 25.47500000000000853 ) ) ;
#10816 = UNCERTAINTY_MEASURE_WITH_UNIT (LENGTH_MEASURE( 1.000000000000000082E-05 ), #9577, 'distance_accuracy_value', 'NONE');
#10817 = ORIENTED_EDGE ( 'NONE', *, *, #3815, .T. ) ;
#10818 = CARTESIAN_POINT ( 'NONE',  ( 11.10000000000000320, 1.000999999999999890, 25.22499999999999432 ) ) ;
#10819 = SURFACE_STYLE_USAGE ( .BOTH. , #2505 ) ;
#10820 = LINE ( 'NONE', #11973, #3481 ) ;
#10821 = VECTOR ( 'NONE', #3769, 1000.000000000000000 ) ;
#10822 = ADVANCED_FACE ( 'NONE', ( #664 ), #952, .F. ) ;
#10823 = ORIENTED_EDGE ( 'NONE', *, *, #8527, .F. ) ;
#10824 = DIRECTION ( 'NONE',  ( -1.887130358994922718E-16, -0.7071067811865474617, 0.7071067811865474617 ) ) ;
#10825 = CARTESIAN_POINT ( 'NONE',  ( -15.00000000000000000, 0.0000000000000000000, 25.22500000000000853 ) ) ;
#10826 = VECTOR ( 'NONE', #10875, 1000.000000000000000 ) ;
#10827 = FILL_AREA_STYLE ('',( #3660 ) ) ;
#10828 = ADVANCED_FACE ( 'NONE', ( #13348 ), #4077, .T. ) ;
#10829 = CARTESIAN_POINT ( 'NONE',  ( -8.499999999999998224, -0.001000000000000378407, 25.22500000000001208 ) ) ;
#10830 = VECTOR ( 'NONE', #11055, 1000.000000000000000 ) ;
#10831 = EDGE_CURVE ( 'NONE', #481, #11163, #8270, .T. ) ;
#10832 = PRESENTATION_STYLE_ASSIGNMENT (( #11857 ) ) ;
#10833 = CARTESIAN_POINT ( 'NONE',  ( -9.299999999999998934, -0.001000000000000504609, 25.22500000000001208 ) ) ;
#10834 = EDGE_LOOP ( 'NONE', ( #9801, #11283, #7147, #258 ) ) ;
#10835 = CARTESIAN_POINT ( 'NONE',  ( 1.500000000000004885, 1.000000000000000000, 22.92500000000000426 ) ) ;
#10836 = LINE ( 'NONE', #3734, #5208 ) ;
#10837 = DIRECTION ( 'NONE',  ( 1.885568995626964287E-16, 0.0000000000000000000, -1.000000000000000000 ) ) ;
#10838 = ORIENTED_EDGE ( 'NONE', *, *, #12817, .T. ) ;
#10839 = DIRECTION ( 'NONE',  ( -0.0000000000000000000, 0.7071067811865474617, 0.7071067811865474617 ) ) ;
#10840 = DIRECTION ( 'NONE',  ( 0.0000000000000000000, 0.0000000000000000000, 1.000000000000000000 ) ) ;
#10841 = CARTESIAN_POINT ( 'NONE',  ( 8.900000000000003908, -0.001000000000000000021, 22.92499999999999716 ) ) ;
#10842 = DIRECTION ( 'NONE',  ( -1.000000000000000000, -0.0000000000000000000, -0.0000000000000000000 ) ) ;
#10843 = EDGE_CURVE ( 'NONE', #6856, #540, #2292, .T. ) ;
#10844 = VERTEX_POINT ( 'NONE', #11578 ) ;
#10845 = SURFACE_SIDE_STYLE ('',( #11668 ) ) ;
#10846 = CARTESIAN_POINT ( 'NONE',  ( 5.100000000000002309, -0.001000000000000000021, 22.92500000000000071 ) ) ;
#10847 = VECTOR ( 'NONE', #792, 1000.000000000000000 ) ;
#10848 = AXIS2_PLACEMENT_3D ( 'NONE', #10221, #951, #13413 ) ;
#10849 = MECHANICAL_DESIGN_GEOMETRIC_PRESENTATION_REPRESENTATION (  '', ( #8895 ), #1782 ) ;
#10850 = PLANE ( 'NONE',  #5237 ) ;
#10851 = ORIENTED_EDGE ( 'NONE', *, *, #1063, .F. ) ;
#10852 = EDGE_CURVE ( 'NONE', #9379, #7126, #4219, .T. ) ;
#10853 = CARTESIAN_POINT ( 'NONE',  ( -0.09999999999999635569, 1.000999999999999890, 22.92500000000000426 ) ) ;
#10854 = CARTESIAN_POINT ( 'NONE',  ( 14.99999999999999822, 3.399999999999999911, 22.27500000000000568 ) ) ;
#10855 =( GEOMETRIC_REPRESENTATION_CONTEXT ( 3 ) GLOBAL_UNCERTAINTY_ASSIGNED_CONTEXT ( ( #9589 ) ) GLOBAL_UNIT_ASSIGNED_CONTEXT ( ( #3076, #3902, #758 ) ) REPRESENTATION_CONTEXT ( 'NONE', 'WORKASPACE' ) );
#10856 = PLANE ( 'NONE',  #989 ) ;
#10857 = MECHANICAL_DESIGN_GEOMETRIC_PRESENTATION_REPRESENTATION (  '', ( #9737 ), #12572 ) ;
#10858 = CARTESIAN_POINT ( 'NONE',  ( 11.30000000000000249, -0.001000000000000000021, 25.22499999999999432 ) ) ;
#10859 = SURFACE_STYLE_FILL_AREA ( #2532 ) ;
#10860 = ORIENTED_EDGE ( 'NONE', *, *, #6606, .F. ) ;
#10861 = FILL_AREA_STYLE ('',( #9844 ) ) ;
#10862 = FILL_AREA_STYLE ('',( #5596 ) ) ;
#10863 = ORIENTED_EDGE ( 'NONE', *, *, #10276, .T. ) ;
#10864 = STYLED_ITEM ( 'NONE', ( #11053 ), #7784 ) ;
#10865 = LINE ( 'NONE', #1877, #1324 ) ;
#10866 = VECTOR ( 'NONE', #9306, 1000.000000000000000 ) ;
#10867 = DIRECTION ( 'NONE',  ( 0.0000000000000000000, 0.0000000000000000000, -1.000000000000000000 ) ) ;
#10868 =( GEOMETRIC_REPRESENTATION_CONTEXT ( 3 ) GLOBAL_UNCERTAINTY_ASSIGNED_CONTEXT ( ( #9299 ) ) GLOBAL_UNIT_ASSIGNED_CONTEXT ( ( #8302, #6218, #1131 ) ) REPRESENTATION_CONTEXT ( 'NONE', 'WORKASPACE' ) );
#10869 = VECTOR ( 'NONE', #10403, 1000.000000000000000 ) ;
#10870 = MANIFOLD_SOLID_BREP ( 'LPattern5', #1484 ) ;
#10871 = CARTESIAN_POINT ( 'NONE',  ( 8.900000000000003908, -0.001000000000000000021, 22.92499999999999716 ) ) ;
#10872 = ORIENTED_EDGE ( 'NONE', *, *, #3144, .T. ) ;
#10873 = SURFACE_STYLE_USAGE ( .BOTH. , #4664 ) ;
#10874 = CARTESIAN_POINT ( 'NONE',  ( 4.900000000000001243, 0.0000000000000000000, 25.22500000000000142 ) ) ;
#10875 = DIRECTION ( 'NONE',  ( 1.000000000000000000, 0.0000000000000000000, 0.0000000000000000000 ) ) ;
#10876 = FILL_AREA_STYLE_COLOUR ( '', #6610 ) ;
#10877 =( NAMED_UNIT ( * ) SI_UNIT ( $, .STERADIAN. ) SOLID_ANGLE_UNIT ( ) );
#10878 = DIRECTION ( 'NONE',  ( 0.0000000000000000000, 0.0000000000000000000, 1.000000000000000000 ) ) ;
#10879 = VERTEX_POINT ( 'NONE', #3316 ) ;
#10880 = LINE ( 'NONE', #1617, #510 ) ;
#10881 = VECTOR ( 'NONE', #2773, 1000.000000000000000 ) ;
#10882 = PRESENTATION_LAYER_ASSIGNMENT (  '', '', ( #8932 ) ) ;
#10883 = PRESENTATION_LAYER_ASSIGNMENT (  '', '', ( #4858 ) ) ;
#10884 = FACE_OUTER_BOUND ( 'NONE', #6000, .T. ) ;
#10885 =( NAMED_UNIT ( * ) PLANE_ANGLE_UNIT ( ) SI_UNIT ( $, .RADIAN. ) );
#10886 = ORIENTED_EDGE ( 'NONE', *, *, #12934, .F. ) ;
#10887 = CARTESIAN_POINT ( 'NONE',  ( -4.849999999999997868, 3.399999999999999911, 22.27500000000000568 ) ) ;
#10888 = DIRECTION ( 'NONE',  ( 0.0000000000000000000, -0.0000000000000000000, -1.000000000000000000 ) ) ;
#10889 = AXIS2_PLACEMENT_3D ( 'NONE', #10422, #1225, #5232 ) ;
#10890 = SURFACE_STYLE_USAGE ( .BOTH. , #11781 ) ;
#10891 =( NAMED_UNIT ( * ) PLANE_ANGLE_UNIT ( ) SI_UNIT ( $, .RADIAN. ) );
#10892 = DIRECTION ( 'NONE',  ( 0.0000000000000000000, 0.0000000000000000000, -1.000000000000000000 ) ) ;
#10893 = PRESENTATION_LAYER_ASSIGNMENT (  '', '', ( #3334 ) ) ;
#10894 = ORIENTED_EDGE ( 'NONE', *, *, #4326, .F. ) ;
#10895 = CARTESIAN_POINT ( 'NONE',  ( 6.900000000000003908, 1.000999999999999890, 25.22500000000000142 ) ) ;
#10896 = VECTOR ( 'NONE', #10244, 1000.000000000000000 ) ;
#10897 = CARTESIAN_POINT ( 'NONE',  ( -9.200000000000004619, 0.0000000000000000000, -19.67499999999999361 ) ) ;
#10898 = FACE_OUTER_BOUND ( 'NONE', #6222, .T. ) ;
#10899 = CARTESIAN_POINT ( 'NONE',  ( -0.09999999999999592548, 1.000000000000000000, 22.92500000000000426 ) ) ;
#10900 = AXIS2_PLACEMENT_3D ( 'NONE', #4548, #5564, #4620 ) ;
#10901 = MECHANICAL_DESIGN_GEOMETRIC_PRESENTATION_REPRESENTATION (  '', ( #3350 ), #1113 ) ;
#10902 = DIRECTION ( 'NONE',  ( -1.000000000000000000, -0.0000000000000000000, -0.0000000000000000000 ) ) ;
#10903 = EDGE_CURVE ( 'NONE', #7537, #7956, #9530, .T. ) ;
#10904 = CARTESIAN_POINT ( 'NONE',  ( 12.09999999999999964, 1.000000000000000000, -23.87499999999998579 ) ) ;
#10905 = PRESENTATION_LAYER_ASSIGNMENT (  '', '', ( #7896 ) ) ;
#10906 = LINE ( 'NONE', #5721, #542 ) ;
#10907 = ORIENTED_EDGE ( 'NONE', *, *, #8138, .F. ) ;
#10908 = CARTESIAN_POINT ( 'NONE',  ( 4.300000000000001599, -0.001000000000000000021, 22.92500000000000071 ) ) ;
#10909 = DIRECTION ( 'NONE',  ( -9.427844978134821433E-17, -0.0000000000000000000, 1.000000000000000000 ) ) ;
#10910 = ORIENTED_EDGE ( 'NONE', *, *, #6619, .T. ) ;
#10911 = FACE_OUTER_BOUND ( 'NONE', #9426, .T. ) ;
#10912 =( NAMED_UNIT ( * ) PLANE_ANGLE_UNIT ( ) SI_UNIT ( $, .RADIAN. ) );
#10913 = VECTOR ( 'NONE', #11541, 1000.000000000000000 ) ;
#10914 =( LENGTH_UNIT ( ) NAMED_UNIT ( * ) SI_UNIT ( .MILLI., .METRE. ) );
#10915 = LINE ( 'NONE', #1511, #2530 ) ;
#10916 = DIRECTION ( 'NONE',  ( -1.000000000000000000, 0.0000000000000000000, 0.0000000000000000000 ) ) ;
#10917 = ORIENTED_EDGE ( 'NONE', *, *, #6636, .F. ) ;
#10918 = CARTESIAN_POINT ( 'NONE',  ( 12.84999999999999964, 1.000000000000000000, 22.27500000000000924 ) ) ;
#10919 = ADVANCED_FACE ( 'NONE', ( #10480 ), #4418, .F. ) ;
#10920 = FACE_OUTER_BOUND ( 'NONE', #9794, .T. ) ;
#10921 = STYLED_ITEM ( 'NONE', ( #1610 ), #9505 ) ;
#10922 = FILL_AREA_STYLE_COLOUR ( '', #2198 ) ;
#10923 = ORIENTED_EDGE ( 'NONE', *, *, #10654, .T. ) ;
#10924 = PLANE ( 'NONE',  #337 ) ;
#10925 = ADVANCED_FACE ( 'NONE', ( #12375 ), #7243, .F. ) ;
#10926 = FILL_AREA_STYLE_COLOUR ( '', #8385 ) ;
#10927 = EDGE_CURVE ( 'NONE', #1783, #12628, #8648, .T. ) ;
#10928 = EDGE_CURVE ( 'NONE', #7603, #6178, #1356, .T. ) ;
#10929 = FILL_AREA_STYLE ('',( #6807 ) ) ;
#10930 = AXIS2_PLACEMENT_3D ( 'NONE', #3218, #5396, #138 ) ;
#10931 = ORIENTED_EDGE ( 'NONE', *, *, #1487, .F. ) ;
#10932 = DIRECTION ( 'NONE',  ( 0.0000000000000000000, 0.0000000000000000000, -1.000000000000000000 ) ) ;
#10933 =( GEOMETRIC_REPRESENTATION_CONTEXT ( 3 ) GLOBAL_UNCERTAINTY_ASSIGNED_CONTEXT ( ( #6216 ) ) GLOBAL_UNIT_ASSIGNED_CONTEXT ( ( #12734, #1233, #3339 ) ) REPRESENTATION_CONTEXT ( 'NONE', 'WORKASPACE' ) );
#10934 = ORIENTED_EDGE ( 'NONE', *, *, #1518, .T. ) ;
#10935 =( NAMED_UNIT ( * ) SI_UNIT ( $, .STERADIAN. ) SOLID_ANGLE_UNIT ( ) );
#10936 = EDGE_CURVE ( 'NONE', #3879, #440, #3515, .T. ) ;
#10937 = ADVANCED_FACE ( 'NONE', ( #5621 ), #11708, .F. ) ;
#10938 = MECHANICAL_DESIGN_GEOMETRIC_PRESENTATION_REPRESENTATION (  '', ( #5774 ), #8551 ) ;
#10939 = MECHANICAL_DESIGN_GEOMETRIC_PRESENTATION_REPRESENTATION (  '', ( #8987 ), #10933 ) ;
#10940 = EDGE_CURVE ( 'NONE', #12075, #8058, #7846, .T. ) ;
#10941 = EDGE_CURVE ( 'NONE', #4321, #1815, #4608, .T. ) ;
#10942 = CARTESIAN_POINT ( 'NONE',  ( 2.900000000000003908, 1.000999999999999890, 22.92500000000000426 ) ) ;
#10943 = UNCERTAINTY_MEASURE_WITH_UNIT (LENGTH_MEASURE( 1.000000000000000082E-05 ), #4795, 'distance_accuracy_value', 'NONE');
#10944 = ORIENTED_EDGE ( 'NONE', *, *, #12833, .F. ) ;
#10945 = CARTESIAN_POINT ( 'NONE',  ( -15.00000000000000533, -1.350000000000000089, -19.67499999999999361 ) ) ;
#10946 = CARTESIAN_POINT ( 'NONE',  ( -6.699999999999995737, 1.000999999999999890, 25.22500000000001208 ) ) ;
#10947 = UNCERTAINTY_MEASURE_WITH_UNIT (LENGTH_MEASURE( 1.000000000000000082E-05 ), #1312, 'distance_accuracy_value', 'NONE');
#10948 = STYLED_ITEM ( 'NONE', ( #1880 ), #10258 ) ;
#10949 = FILL_AREA_STYLE ('',( #10876 ) ) ;
#10950 = ORIENTED_EDGE ( 'NONE', *, *, #10579, .T. ) ;
#10951 =( NAMED_UNIT ( * ) PLANE_ANGLE_UNIT ( ) SI_UNIT ( $, .RADIAN. ) );
#10952 = VECTOR ( 'NONE', #8807, 1000.000000000000000 ) ;
#10953 = SURFACE_SIDE_STYLE ('',( #6836 ) ) ;
#10954 = FACE_BOUND ( 'NONE', #1667, .T. ) ;
#10955 = ORIENTED_EDGE ( 'NONE', *, *, #4175, .T. ) ;
#10956 = DIRECTION ( 'NONE',  ( 1.885568995626964287E-16, 0.0000000000000000000, -1.000000000000000000 ) ) ;
#10957 = DIRECTION ( 'NONE',  ( 0.0000000000000000000, -1.000000000000000000, 0.0000000000000000000 ) ) ;
#10958 = UNCERTAINTY_MEASURE_WITH_UNIT (LENGTH_MEASURE( 1.000000000000000082E-05 ), #3309, 'distance_accuracy_value', 'NONE');
#10959 = EDGE_CURVE ( 'NONE', #2439, #1608, #7710, .T. ) ;
#10960 = CARTESIAN_POINT ( 'NONE',  ( 9.199999999999999289, -1.350000000000000089, -25.47499999999999432 ) ) ;
#10961 = UNCERTAINTY_MEASURE_WITH_UNIT (LENGTH_MEASURE( 1.000000000000000082E-05 ), #9380, 'distance_accuracy_value', 'NONE');
#10962 = ORIENTED_EDGE ( 'NONE', *, *, #4656, .T. ) ;
#10963 =( NAMED_UNIT ( * ) PLANE_ANGLE_UNIT ( ) SI_UNIT ( $, .RADIAN. ) );
#10964 = DIRECTION ( 'NONE',  ( 1.000000000000000000, -0.0000000000000000000, -0.0000000000000000000 ) ) ;
#10965 = SURFACE_STYLE_FILL_AREA ( #6846 ) ;
#10966 = CARTESIAN_POINT ( 'NONE',  ( 10.10000000000000320, 1.000999999999999890, 22.92499999999999716 ) ) ;
#10967 = ORIENTED_EDGE ( 'NONE', *, *, #9008, .F. ) ;
#10968 = DIRECTION ( 'NONE',  ( 0.0000000000000000000, 0.0000000000000000000, 1.000000000000000000 ) ) ;
#10969 = AXIS2_PLACEMENT_3D ( 'NONE', #2372, #9679, #179 ) ;
#10970 = DIRECTION ( 'NONE',  ( 0.0000000000000000000, 0.0000000000000000000, 1.000000000000000000 ) ) ;
#10971 = PLANE ( 'NONE',  #4404 ) ;
#10972 = VECTOR ( 'NONE', #7051, 1000.000000000000000 ) ;
#10973 = DIRECTION ( 'NONE',  ( 1.000000000000000000, 0.0000000000000000000, 1.885568995626964287E-16 ) ) ;
#10974 = ORIENTED_EDGE ( 'NONE', *, *, #996, .F. ) ;
#10975 =( LENGTH_UNIT ( ) NAMED_UNIT ( * ) SI_UNIT ( .MILLI., .METRE. ) );
#10976 = DIRECTION ( 'NONE',  ( -1.000000000000000000, -0.0000000000000000000, -0.0000000000000000000 ) ) ;
#10977 = DIRECTION ( 'NONE',  ( -1.000000000000000000, 0.0000000000000000000, -0.0000000000000000000 ) ) ;
#10978 = ORIENTED_EDGE ( 'NONE', *, *, #11327, .F. ) ;
#10979 = FILL_AREA_STYLE_COLOUR ( '', #10712 ) ;
#10980 = CARTESIAN_POINT ( 'NONE',  ( -2.499999999999996447, 1.000999999999999890, 25.22500000000000853 ) ) ;
#10981 = SURFACE_SIDE_STYLE ('',( #3670 ) ) ;
#10982 = CARTESIAN_POINT ( 'NONE',  ( 5.700000000000001954, 0.0000000000000000000, 25.22500000000000142 ) ) ;
#10983 = ORIENTED_EDGE ( 'NONE', *, *, #7867, .F. ) ;
#10984 = CARTESIAN_POINT ( 'NONE',  ( 11.50000000000000355, -0.001000000000000000021, 22.92499999999999361 ) ) ;
#10985 = STYLED_ITEM ( 'NONE', ( #339 ), #1413 ) ;
#10986 = VECTOR ( 'NONE', #388, 1000.000000000000000 ) ;
#10987 = VERTEX_POINT ( 'NONE', #9607 ) ;
#10988 = CARTESIAN_POINT ( 'NONE',  ( -1.699999999999996625, 1.000999999999999890, 25.22500000000000853 ) ) ;
#10989 = CARTESIAN_POINT ( 'NONE',  ( 3.100000000000003197, 1.000999999999999890, 25.22500000000000142 ) ) ;
#10990 = FILL_AREA_STYLE_COLOUR ( '', #5118 ) ;
#10991 = EDGE_CURVE ( 'NONE', #8095, #10010, #305, .T. ) ;
#10992 = DIRECTION ( 'NONE',  ( 1.000000000000000000, 0.0000000000000000000, 0.0000000000000000000 ) ) ;
#10993 = DIRECTION ( 'NONE',  ( 1.000000000000000000, 0.0000000000000000000, 0.0000000000000000000 ) ) ;
#10994 = VERTEX_POINT ( 'NONE', #11970 ) ;
#10995 = CARTESIAN_POINT ( 'NONE',  ( 8.900000000000003908, -0.001000000000000000021, 25.22499999999999787 ) ) ;
#10996 = ORIENTED_EDGE ( 'NONE', *, *, #11238, .T. ) ;
#10997 = CARTESIAN_POINT ( 'NONE',  ( -7.099999999999998757, -2.523234146875355012E-16, 25.22500000000001208 ) ) ;
#10998 = EDGE_LOOP ( 'NONE', ( #10210, #10371, #12201, #1467 ) ) ;
#10999 =( NAMED_UNIT ( * ) PLANE_ANGLE_UNIT ( ) SI_UNIT ( $, .RADIAN. ) );
#11000 = EDGE_CURVE ( 'NONE', #6310, #12868, #5901, .T. ) ;
#11001 = EDGE_CURVE ( 'NONE', #9320, #11345, #3791, .T. ) ;
#11002 = STYLED_ITEM ( 'NONE', ( #927 ), #294 ) ;
#11003 = FILL_AREA_STYLE ('',( #2767 ) ) ;
#11004 = EDGE_CURVE ( 'NONE', #12712, #13351, #6905, .T. ) ;
#11005 = DIRECTION ( 'NONE',  ( -0.0000000000000000000, -1.000000000000000000, -0.0000000000000000000 ) ) ;
#11006 = ORIENTED_EDGE ( 'NONE', *, *, #7697, .F. ) ;
#11007 = DIRECTION ( 'NONE',  ( 0.0000000000000000000, 0.0000000000000000000, 1.000000000000000000 ) ) ;
#11008 = FACE_OUTER_BOUND ( 'NONE', #7253, .T. ) ;
#11009 = CARTESIAN_POINT ( 'NONE',  ( 12.84999999999999964, 0.0000000000000000000, 23.07500000000000995 ) ) ;
#11010 = DIRECTION ( 'NONE',  ( 1.885568995626964287E-16, 0.0000000000000000000, -1.000000000000000000 ) ) ;
#11011 = ORIENTED_EDGE ( 'NONE', *, *, #11233, .T. ) ;
#11012 = FACE_OUTER_BOUND ( 'NONE', #13426, .T. ) ;
#11013 = VECTOR ( 'NONE', #140, 1000.000000000000000 ) ;
#11014 = DIRECTION ( 'NONE',  ( 0.0000000000000000000, 0.0000000000000000000, -1.000000000000000000 ) ) ;
#11015 = EDGE_CURVE ( 'NONE', #3818, #5248, #645, .T. ) ;
#11016 = ORIENTED_EDGE ( 'NONE', *, *, #4195, .T. ) ;
#11017 = SURFACE_SIDE_STYLE ('',( #6087 ) ) ;
#11018 = CARTESIAN_POINT ( 'NONE',  ( 5.900000000000002132, -0.001000000000000000021, 22.92500000000000071 ) ) ;
#11019 = STYLED_ITEM ( 'NONE', ( #2726 ), #13349 ) ;
#11020 = STYLED_ITEM ( 'NONE', ( #9627 ), #12156 ) ;
#11021 = ORIENTED_EDGE ( 'NONE', *, *, #5051, .T. ) ;
#11022 = CARTESIAN_POINT ( 'NONE',  ( 3.100000000000003197, 1.000000000000000000, 25.22500000000000142 ) ) ;
#11023 = CARTESIAN_POINT ( 'NONE',  ( 8.700000000000002842, 1.000000000000000000, 22.92499999999999716 ) ) ;
#11024 = CARTESIAN_POINT ( 'NONE',  ( 4.300000000000001599, -0.001000000000000000021, 25.22500000000000142 ) ) ;
#11025 = CARTESIAN_POINT ( 'NONE',  ( -15.00000000000000000, 0.0000000000000000000, 25.22500000000000853 ) ) ;
#11026 = ORIENTED_EDGE ( 'NONE', *, *, #5753, .F. ) ;
#11027 = CARTESIAN_POINT ( 'NONE',  ( 7.700000000000001954, 1.000000000000000000, 22.92499999999999716 ) ) ;
#11028 =( LENGTH_UNIT ( ) NAMED_UNIT ( * ) SI_UNIT ( .MILLI., .METRE. ) );
#11029 = ORIENTED_EDGE ( 'NONE', *, *, #8510, .F. ) ;
#11030 = CARTESIAN_POINT ( 'NONE',  ( -12.09999999999999609, 1.000999999999999890, 25.22500000000001208 ) ) ;
#11031 = CARTESIAN_POINT ( 'NONE',  ( 3.700000000000003730, 1.000000000000000000, 25.22500000000000142 ) ) ;
#11032 = AXIS2_PLACEMENT_3D ( 'NONE', #8394, #3399, #12510 ) ;
#11033 = MECHANICAL_DESIGN_GEOMETRIC_PRESENTATION_REPRESENTATION (  '', ( #3688 ), #10805 ) ;
#11034 = AXIS2_PLACEMENT_3D ( 'NONE', #5153, #3940, #9259 ) ;
#11035 = DIRECTION ( 'NONE',  ( 0.0000000000000000000, -0.7071067811865474617, 0.7071067811865474617 ) ) ;
#11036 = COLOUR_RGB ( '',1.000000000000000000, 1.000000000000000000, 0.0000000000000000000 ) ;
#11037 = CARTESIAN_POINT ( 'NONE',  ( 6.500000000000002665, -0.001000000000000000021, 22.92500000000000071 ) ) ;
#11038 =( NAMED_UNIT ( * ) SI_UNIT ( $, .STERADIAN. ) SOLID_ANGLE_UNIT ( ) );
#11039 = AXIS2_PLACEMENT_3D ( 'NONE', #9321, #8442, #11360 ) ;
#11040 = ORIENTED_EDGE ( 'NONE', *, *, #3325, .F. ) ;
#11041 = SURFACE_STYLE_FILL_AREA ( #11122 ) ;
#11042 = CARTESIAN_POINT ( 'NONE',  ( 5.500000000000003553, 1.000999999999999890, 25.22500000000000142 ) ) ;
#11043 = LINE ( 'NONE', #5922, #1978 ) ;
#11044 = EDGE_LOOP ( 'NONE', ( #407, #3803, #8843, #2 ) ) ;
#11045 = SURFACE_SIDE_STYLE ('',( #6862 ) ) ;
#11046 = FACE_OUTER_BOUND ( 'NONE', #599, .T. ) ;
#11047 = FILL_AREA_STYLE_COLOUR ( '', #10151 ) ;
#11048 = DIRECTION ( 'NONE',  ( 9.427844978134821433E-17, 0.0000000000000000000, 1.000000000000000000 ) ) ;
#11049 = AXIS2_PLACEMENT_3D ( 'NONE', #1012, #12305, #2030 ) ;
#11050 = ORIENTED_EDGE ( 'NONE', *, *, #4004, .F. ) ;
#11051 = FILL_AREA_STYLE_COLOUR ( '', #12404 ) ;
#11052 = LINE ( 'NONE', #543, #11120 ) ;
#11053 = PRESENTATION_STYLE_ASSIGNMENT (( #6932 ) ) ;
#11054 = STYLED_ITEM ( 'NONE', ( #11713 ), #3896 ) ;
#11055 = DIRECTION ( 'NONE',  ( 1.000000000000000000, 0.0000000000000000000, 0.0000000000000000000 ) ) ;
#11056 = ORIENTED_EDGE ( 'NONE', *, *, #2933, .F. ) ;
#11057 = COLOUR_RGB ( '',0.0000000000000000000, 0.7529411764705882248, 0.0000000000000000000 ) ;
#11058 = CARTESIAN_POINT ( 'NONE',  ( 0.7000000000000061728, 1.000000000000000000, 22.92500000000000426 ) ) ;
#11059 = SURFACE_STYLE_USAGE ( .BOTH. , #13037 ) ;
#11060 = FILL_AREA_STYLE_COLOUR ( '', #8065 ) ;
#11061 =( LENGTH_UNIT ( ) NAMED_UNIT ( * ) SI_UNIT ( .MILLI., .METRE. ) );
#11062 = SURFACE_STYLE_FILL_AREA ( #5055 ) ;
#11063 = UNCERTAINTY_MEASURE_WITH_UNIT (LENGTH_MEASURE( 1.000000000000000082E-05 ), #7804, 'distance_accuracy_value', 'NONE');
#11064 = EDGE_LOOP ( 'NONE', ( #7959, #12340, #6832, #10719 ) ) ;
#11065 = SURFACE_STYLE_USAGE ( .BOTH. , #2688 ) ;
#11066 = ORIENTED_EDGE ( 'NONE', *, *, #4308, .T. ) ;
#11067 =( LENGTH_UNIT ( ) NAMED_UNIT ( * ) SI_UNIT ( .MILLI., .METRE. ) );
#11068 = ORIENTED_EDGE ( 'NONE', *, *, #12335, .T. ) ;
#11069 = PRESENTATION_LAYER_ASSIGNMENT (  '', '', ( #2424 ) ) ;
#11070 = DIRECTION ( 'NONE',  ( 1.000000000000000000, 0.0000000000000000000, 0.0000000000000000000 ) ) ;
#11071 = PLANE ( 'NONE',  #8403 ) ;
#11072 = VECTOR ( 'NONE', #9172, 1000.000000000000000 ) ;
#11073 = AXIS2_PLACEMENT_3D ( 'NONE', #188, #7325, #118 ) ;
#11074 = SURFACE_STYLE_USAGE ( .BOTH. , #3774 ) ;
#11075 = EDGE_CURVE ( 'NONE', #8744, #12458, #6840, .T. ) ;
#11076 = FACE_OUTER_BOUND ( 'NONE', #2861, .T. ) ;
#11077 = UNCERTAINTY_MEASURE_WITH_UNIT (LENGTH_MEASURE( 1.000000000000000082E-05 ), #12913, 'distance_accuracy_value', 'NONE');
#11078 = VERTEX_POINT ( 'NONE', #712 ) ;
#11079 = CARTESIAN_POINT ( 'NONE',  ( 2.700000000000001954, -0.001000000000000000021, 25.22500000000000497 ) ) ;
#11080 = PRESENTATION_LAYER_ASSIGNMENT (  '', '', ( #10864 ) ) ;
#11081 = DIRECTION ( 'NONE',  ( -0.0000000000000000000, 0.0000000000000000000, 1.000000000000000000 ) ) ;
#11082 =( NAMED_UNIT ( * ) SI_UNIT ( $, .STERADIAN. ) SOLID_ANGLE_UNIT ( ) );
#11083 = DIRECTION ( 'NONE',  ( -0.0000000000000000000, -0.0000000000000000000, -1.000000000000000000 ) ) ;
#11084 = UNCERTAINTY_MEASURE_WITH_UNIT (LENGTH_MEASURE( 1.000000000000000082E-05 ), #8988, 'distance_accuracy_value', 'NONE');
#11085 = LINE ( 'NONE', #9121, #9420 ) ;
#11086 = MECHANICAL_DESIGN_GEOMETRIC_PRESENTATION_REPRESENTATION (  '', ( #8053 ), #10855 ) ;
#11087 = PRESENTATION_STYLE_ASSIGNMENT (( #11161 ) ) ;
#11088 = CARTESIAN_POINT ( 'NONE',  ( -7.499999999999995559, 1.000999999999999890, 22.92500000000001137 ) ) ;
#11089 = ORIENTED_EDGE ( 'NONE', *, *, #8117, .F. ) ;
#11090 = EDGE_CURVE ( 'NONE', #8739, #11656, #13138, .T. ) ;
#11091 = LINE ( 'NONE', #2919, #2999 ) ;
#11092 = ORIENTED_EDGE ( 'NONE', *, *, #3905, .F. ) ;
#11093 = VECTOR ( 'NONE', #3462, 1000.000000000000000 ) ;
#11094 = EDGE_CURVE ( 'NONE', #10987, #4525, #7919, .T. ) ;
#11095 = SURFACE_STYLE_USAGE ( .BOTH. , #4183 ) ;
#11096 =( LENGTH_UNIT ( ) NAMED_UNIT ( * ) SI_UNIT ( .MILLI., .METRE. ) );
#11097 = UNCERTAINTY_MEASURE_WITH_UNIT (LENGTH_MEASURE( 1.000000000000000082E-05 ), #4783, 'distance_accuracy_value', 'NONE');
#11098 =( NAMED_UNIT ( * ) PLANE_ANGLE_UNIT ( ) SI_UNIT ( $, .RADIAN. ) );
#11099 = EDGE_CURVE ( 'NONE', #5419, #350, #6200, .T. ) ;
#11100 = LINE ( 'NONE', #715, #6318 ) ;
#11101 = PRESENTATION_STYLE_ASSIGNMENT (( #4883 ) ) ;
#11102 = UNCERTAINTY_MEASURE_WITH_UNIT (LENGTH_MEASURE( 1.000000000000000082E-05 ), #12294, 'distance_accuracy_value', 'NONE');
#11103 = EDGE_LOOP ( 'NONE', ( #3904, #7859, #10041, #6262 ) ) ;
#11104 = VECTOR ( 'NONE', #12225, 1000.000000000000000 ) ;
#11105 =( NAMED_UNIT ( * ) SI_UNIT ( $, .STERADIAN. ) SOLID_ANGLE_UNIT ( ) );
#11106 = VECTOR ( 'NONE', #1963, 1000.000000000000000 ) ;
#11107 = FILL_AREA_STYLE_COLOUR ( '', #1813 ) ;
#11108 = ORIENTED_EDGE ( 'NONE', *, *, #11575, .F. ) ;
#11109 = DIRECTION ( 'NONE',  ( -9.427844978134821433E-17, -0.0000000000000000000, -1.000000000000000000 ) ) ;
#11110 = SURFACE_STYLE_FILL_AREA ( #9215 ) ;
#11111 = EDGE_CURVE ( 'NONE', #2184, #7126, #3863, .T. ) ;
#11112 = FACE_OUTER_BOUND ( 'NONE', #7881, .T. ) ;
#11113 = STYLED_ITEM ( 'NONE', ( #9331 ), #10919 ) ;
#11114 = EDGE_CURVE ( 'NONE', #371, #4486, #1828, .T. ) ;
#11115 = LINE ( 'NONE', #7930, #8168 ) ;
#11116 = PRESENTATION_LAYER_ASSIGNMENT (  '', '', ( #12606 ) ) ;
#11117 = CARTESIAN_POINT ( 'NONE',  ( 1.700000000000002176, -0.001000000000000000021, 22.92500000000000426 ) ) ;
#11118 = EDGE_CURVE ( 'NONE', #6780, #5320, #12099, .T. ) ;
#11119 = DIRECTION ( 'NONE',  ( 0.0000000000000000000, 0.0000000000000000000, 1.000000000000000000 ) ) ;
#11120 = VECTOR ( 'NONE', #8746, 1000.000000000000000 ) ;
#11121 = ORIENTED_EDGE ( 'NONE', *, *, #7964, .F. ) ;
#11122 = FILL_AREA_STYLE ('',( #4901 ) ) ;
#11123 =( GEOMETRIC_REPRESENTATION_CONTEXT ( 3 ) GLOBAL_UNCERTAINTY_ASSIGNED_CONTEXT ( ( #12135 ) ) GLOBAL_UNIT_ASSIGNED_CONTEXT ( ( #11061, #2755, #3682 ) ) REPRESENTATION_CONTEXT ( 'NONE', 'WORKASPACE' ) );
#11124 = CARTESIAN_POINT ( 'NONE',  ( -2.099999999999998312, -0.001000000000000000021, 22.92500000000000782 ) ) ;
#11125 = ORIENTED_EDGE ( 'NONE', *, *, #6953, .F. ) ;
#11126 =( NAMED_UNIT ( * ) SI_UNIT ( $, .STERADIAN. ) SOLID_ANGLE_UNIT ( ) );
#11127 = SURFACE_STYLE_FILL_AREA ( #5170 ) ;
#11128 = LINE ( 'NONE', #8005, #12090 ) ;
#11129 = CARTESIAN_POINT ( 'NONE',  ( 2.100000000000003197, 1.000999999999999890, 22.92500000000000426 ) ) ;
#11130 = VERTEX_POINT ( 'NONE', #5188 ) ;
#11131 = DIRECTION ( 'NONE',  ( 1.000000000000000000, 0.0000000000000000000, 0.0000000000000000000 ) ) ;
#11132 = COLOUR_RGB ( '',1.000000000000000000, 1.000000000000000000, 0.0000000000000000000 ) ;
#11133 =( NAMED_UNIT ( * ) PLANE_ANGLE_UNIT ( ) SI_UNIT ( $, .RADIAN. ) );
#11134 = COLOUR_RGB ( '',1.000000000000000000, 1.000000000000000000, 0.0000000000000000000 ) ;
#11135 = DIRECTION ( 'NONE',  ( -1.000000000000000000, -0.0000000000000000000, -0.0000000000000000000 ) ) ;
#11136 = DIRECTION ( 'NONE',  ( -0.0000000000000000000, -1.000000000000000000, -0.0000000000000000000 ) ) ;
#11137 = LINE ( 'NONE', #3073, #7398 ) ;
#11138 = VECTOR ( 'NONE', #8444, 1000.000000000000000 ) ;
#11139 = EDGE_LOOP ( 'NONE', ( #12036, #591, #6867, #3158 ) ) ;
#11140 =( LENGTH_UNIT ( ) NAMED_UNIT ( * ) SI_UNIT ( .MILLI., .METRE. ) );
#11141 = CARTESIAN_POINT ( 'NONE',  ( 9.300000000000002487, 1.000999999999999890, 22.92499999999999716 ) ) ;
#11142 = EDGE_LOOP ( 'NONE', ( #3240, #382, #2208, #12233 ) ) ;
#11143 = FILL_AREA_STYLE_COLOUR ( '', #4625 ) ;
#11144 = EDGE_CURVE ( 'Edge6', #6575, #5460, #9298, .T. ) ;
#11145 = FACE_OUTER_BOUND ( 'NONE', #9038, .T. ) ;
#11146 = VERTEX_POINT ( 'NONE', #4251 ) ;
#11147 = VERTEX_POINT ( 'NONE', #12414 ) ;
#11148 = DIRECTION ( 'NONE',  ( -1.000000000000000000, 0.0000000000000000000, -0.0000000000000000000 ) ) ;
#11149 = PRESENTATION_LAYER_ASSIGNMENT (  '', '', ( #12630 ) ) ;
#11150 = LINE ( 'NONE', #6750, #2884 ) ;
#11151 = VECTOR ( 'NONE', #5761, 1000.000000000000000 ) ;
#11152 = SURFACE_STYLE_FILL_AREA ( #7215 ) ;
#11153 = PRESENTATION_LAYER_ASSIGNMENT (  '', '', ( #5304 ) ) ;
#11154 = PRESENTATION_STYLE_ASSIGNMENT (( #10192 ) ) ;
#11155 = ORIENTED_EDGE ( 'NONE', *, *, #11411, .F. ) ;
#11156 = CARTESIAN_POINT ( 'NONE',  ( 15.00000000000000000, 1.000000000000000000, 25.22500000000000853 ) ) ;
#11157 = PLANE ( 'NONE',  #12220 ) ;
#11158 = FACE_OUTER_BOUND ( 'NONE', #9069, .T. ) ;
#11159 = CARTESIAN_POINT ( 'NONE',  ( -7.499999999999995559, 1.000000000000000000, 22.92500000000001137 ) ) ;
#11160 = SURFACE_STYLE_FILL_AREA ( #9053 ) ;
#11161 = SURFACE_STYLE_USAGE ( .BOTH. , #12089 ) ;
#11162 = PRESENTATION_LAYER_ASSIGNMENT (  '', '', ( #8549 ) ) ;
#11163 = VERTEX_POINT ( 'NONE', #13447 ) ;
#11164 = STYLED_ITEM ( 'NONE', ( #10367 ), #2553 ) ;
#11165 = LINE ( 'NONE', #2845, #8618 ) ;
#11166 = VECTOR ( 'NONE', #13388, 1000.000000000000000 ) ;
#11167 = VERTEX_POINT ( 'NONE', #1692 ) ;
#11168 =( NAMED_UNIT ( * ) SI_UNIT ( $, .STERADIAN. ) SOLID_ANGLE_UNIT ( ) );
#11169 = ADVANCED_FACE ( 'NONE', ( #2785 ), #4945, .F. ) ;
#11170 = LINE ( 'NONE', #8995, #12871 ) ;
#11171 = VERTEX_POINT ( 'NONE', #10450 ) ;
#11172 = CARTESIAN_POINT ( 'NONE',  ( -1.699999999999996625, 1.000999999999999890, 25.22500000000000853 ) ) ;
#11173 = ORIENTED_EDGE ( 'NONE', *, *, #9678, .T. ) ;
#11174 = CARTESIAN_POINT ( 'NONE',  ( -11.29999999999999538, 1.000999999999999890, 25.22500000000001208 ) ) ;
#11175 = SURFACE_SIDE_STYLE ('',( #5159 ) ) ;
#11176 = EDGE_CURVE ( 'NONE', #6128, #12260, #132, .T. ) ;
#11177 = EDGE_CURVE ( 'NONE', #12628, #9124, #8619, .T. ) ;
#11178 = CARTESIAN_POINT ( 'NONE',  ( -1.699999999999996625, 1.000000000000000000, 25.22500000000000853 ) ) ;
#11180 = EDGE_CURVE ( 'NONE', #1921, #8947, #7486, .T. ) ;
#11179 = DIRECTION ( 'NONE',  ( -1.000000000000000000, -0.0000000000000000000, -0.0000000000000000000 ) ) ;
#11181 = DIRECTION ( 'NONE',  ( 0.0000000000000000000, -0.0000000000000000000, -1.000000000000000000 ) ) ;
#11182 = EDGE_CURVE ( 'NONE', #6132, #7108, #6526, .T. ) ;
#11183 =( GEOMETRIC_REPRESENTATION_CONTEXT ( 3 ) GLOBAL_UNCERTAINTY_ASSIGNED_CONTEXT ( ( #1887 ) ) GLOBAL_UNIT_ASSIGNED_CONTEXT ( ( #4031, #1987, #4293 ) ) REPRESENTATION_CONTEXT ( 'NONE', 'WORKASPACE' ) );
#11184 = PLANE ( 'NONE',  #7817 ) ;
#11185 = ORIENTED_EDGE ( 'NONE', *, *, #300, .F. ) ;
#11186 = CARTESIAN_POINT ( 'NONE',  ( 10.50000000000000178, -0.001000000000000000021, 22.92499999999999716 ) ) ;
#11187 = LINE ( 'NONE', #1023, #12434 ) ;
#11188 = DIRECTION ( 'NONE',  ( -1.000000000000000000, -0.0000000000000000000, -0.0000000000000000000 ) ) ;
#11189 = ORIENTED_EDGE ( 'NONE', *, *, #6157, .T. ) ;
#11190 = DIRECTION ( 'NONE',  ( -0.0000000000000000000, 1.000000000000000000, -0.0000000000000000000 ) ) ;
#11191 = SURFACE_SIDE_STYLE ('',( #820 ) ) ;
#11192 = FILL_AREA_STYLE_COLOUR ( '', #5472 ) ;
#11193 = ADVANCED_FACE ( 'NONE', ( #1397 ), #12758, .T. ) ;
#11194 = SURFACE_SIDE_STYLE ('',( #7068 ) ) ;
#11195 = FILL_AREA_STYLE ('',( #9281 ) ) ;
#11196 = MECHANICAL_DESIGN_GEOMETRIC_PRESENTATION_REPRESENTATION (  '', ( #8802 ), #1466 ) ;
#11197 = FILL_AREA_STYLE ('',( #7070 ) ) ;
#11198 = DIRECTION ( 'NONE',  ( -0.0000000000000000000, -1.000000000000000000, -0.0000000000000000000 ) ) ;
#11199 = SURFACE_STYLE_USAGE ( .BOTH. , #6245 ) ;
#11200 = VECTOR ( 'NONE', #20, 1000.000000000000000 ) ;
#11201 = ORIENTED_EDGE ( 'NONE', *, *, #3998, .F. ) ;
#11202 = CARTESIAN_POINT ( 'NONE',  ( -6.099999999999997868, -0.001000000000000000021, 22.92500000000001137 ) ) ;
#11203 = LINE ( 'NONE', #893, #11072 ) ;
#11204 = ORIENTED_EDGE ( 'NONE', *, *, #5160, .F. ) ;
#11205 = PRESENTATION_STYLE_ASSIGNMENT (( #9037 ) ) ;
#11206 = ORIENTED_EDGE ( 'NONE', *, *, #9851, .T. ) ;
#11207 = COLOUR_RGB ( '',1.000000000000000000, 1.000000000000000000, 0.0000000000000000000 ) ;
#11208 = PRESENTATION_LAYER_ASSIGNMENT (  '', '', ( #11416 ) ) ;
#11209 = CARTESIAN_POINT ( 'NONE',  ( -6.899999999999998579, -1.261617073437677506E-16, 25.22500000000001208 ) ) ;
#11210 = VERTEX_POINT ( 'NONE', #10584 ) ;
#11211 = VECTOR ( 'NONE', #4229, 1000.000000000000000 ) ;
#11212 = STYLED_ITEM ( 'NONE', ( #11938 ), #1535 ) ;
#11213 = FILL_AREA_STYLE_COLOUR ( '', #13229 ) ;
#11214 = ORIENTED_EDGE ( 'NONE', *, *, #6949, .F. ) ;
#11215 = CARTESIAN_POINT ( 'NONE',  ( -9.099999999999996092, 1.000000000000000000, 22.92500000000001137 ) ) ;
#11216 = PLANE ( 'NONE',  #10110 ) ;
#11217 = CARTESIAN_POINT ( 'NONE',  ( 8.900000000000003908, 0.0000000000000000000, 25.22499999999999787 ) ) ;
#11218 = ORIENTED_EDGE ( 'NONE', *, *, #12258, .F. ) ;
#11219 = STYLED_ITEM ( 'NONE', ( #9506 ), #381 ) ;
#11220 = PLANE ( 'NONE',  #10136 ) ;
#11221 = ORIENTED_EDGE ( 'NONE', *, *, #11586, .F. ) ;
#11222 = COLOUR_RGB ( '',1.000000000000000000, 1.000000000000000000, 0.0000000000000000000 ) ;
#11223 = UNCERTAINTY_MEASURE_WITH_UNIT (LENGTH_MEASURE( 1.000000000000000082E-05 ), #1970, 'distance_accuracy_value', 'NONE');
#11224 = CARTESIAN_POINT ( 'NONE',  ( 2.700000000000001954, 0.0000000000000000000, 25.22500000000000497 ) ) ;
#11225 = PRESENTATION_LAYER_ASSIGNMENT (  '', '', ( #11665 ) ) ;
#11226 = LINE ( 'NONE', #793, #10476 ) ;
#11227 = ORIENTED_EDGE ( 'NONE', *, *, #7283, .T. ) ;
#11228 = DIRECTION ( 'NONE',  ( 0.0000000000000000000, 1.000000000000000000, 0.0000000000000000000 ) ) ;
#11229 = CARTESIAN_POINT ( 'NONE',  ( -2.499999999999996447, 1.000999999999999890, 25.22500000000000853 ) ) ;
#11230 = ORIENTED_EDGE ( 'NONE', *, *, #9842, .T. ) ;
#11231 = CARTESIAN_POINT ( 'NONE',  ( 15.00000000000000000, 1.000000000000000000, 22.27500000000000568 ) ) ;
#11232 = DIRECTION ( 'NONE',  ( 0.0000000000000000000, -1.000000000000000000, 0.0000000000000000000 ) ) ;
#11233 = EDGE_CURVE ( 'NONE', #8449, #10233, #7614, .T. ) ;
#11234 = VECTOR ( 'NONE', #244, 1000.000000000000000 ) ;
#11235 = DIRECTION ( 'NONE',  ( 0.0000000000000000000, 0.0000000000000000000, -1.000000000000000000 ) ) ;
#11236 = SURFACE_SIDE_STYLE ('',( #8382 ) ) ;
#11237 = DIRECTION ( 'NONE',  ( 1.000000000000000000, 0.0000000000000000000, 0.0000000000000000000 ) ) ;
#11238 = EDGE_CURVE ( 'NONE', #11808, #2325, #10716, .T. ) ;
#11239 = VERTEX_POINT ( 'NONE', #9492 ) ;
#11240 = CARTESIAN_POINT ( 'NONE',  ( 1.900000000000001910, -0.001000000000000000021, 22.92500000000000426 ) ) ;
#11241 = CARTESIAN_POINT ( 'NONE',  ( -8.499999999999998224, -0.001000000000000378407, 25.22500000000001208 ) ) ;
#11242 = LINE ( 'NONE', #11129, #12147 ) ;
#11243 = STYLED_ITEM ( 'NONE', ( #9674 ), #12487 ) ;
#11244 = ORIENTED_EDGE ( 'NONE', *, *, #8599, .F. ) ;
#11245 = LINE ( 'NONE', #5929, #7021 ) ;
#11246 = PLANE ( 'NONE',  #7404 ) ;
#11247 = CARTESIAN_POINT ( 'NONE',  ( 5.100000000000002309, -0.001000000000000000021, 22.92500000000000071 ) ) ;
#11248 = CARTESIAN_POINT ( 'NONE',  ( -6.299999999999998934, -0.001000000000000126222, 25.22500000000001208 ) ) ;
#11249 = EDGE_CURVE ( 'NONE', #12671, #5059, #5456, .T. ) ;
#11250 =( GEOMETRIC_REPRESENTATION_CONTEXT ( 3 ) GLOBAL_UNCERTAINTY_ASSIGNED_CONTEXT ( ( #6478 ) ) GLOBAL_UNIT_ASSIGNED_CONTEXT ( ( #8336, #12463, #9425 ) ) REPRESENTATION_CONTEXT ( 'NONE', 'WORKASPACE' ) );
#11251 = CARTESIAN_POINT ( 'NONE',  ( 5.500000000000003553, 1.000999999999999890, 22.92500000000000071 ) ) ;
#11252 = CARTESIAN_POINT ( 'NONE',  ( 3.700000000000001954, 1.000000000000000000, 22.92500000000000071 ) ) ;
#11253 = ORIENTED_EDGE ( 'NONE', *, *, #2247, .T. ) ;
#11254 = VECTOR ( 'NONE', #9220, 1000.000000000000000 ) ;
#11255 = EDGE_CURVE ( 'NONE', #4525, #7569, #8480, .T. ) ;
#11256 = LINE ( 'NONE', #3136, #2426 ) ;
#11257 = ORIENTED_EDGE ( 'NONE', *, *, #10940, .T. ) ;
#11258 = DIRECTION ( 'NONE',  ( 0.0000000000000000000, 0.0000000000000000000, 1.000000000000000000 ) ) ;
#11259 = ADVANCED_FACE ( 'NONE', ( #275 ), #2197, .F. ) ;
#11260 = FILL_AREA_STYLE_COLOUR ( '', #2595 ) ;
#11261 = ORIENTED_EDGE ( 'NONE', *, *, #3312, .F. ) ;
#11262 = CARTESIAN_POINT ( 'NONE',  ( -7.699999999999997513, -0.001000000000000252423, 22.92500000000001137 ) ) ;
#11263 = AXIS2_PLACEMENT_3D ( 'NONE', #4617, #3651, #8725 ) ;
#11264 = PRESENTATION_LAYER_ASSIGNMENT (  '', '', ( #8446 ) ) ;
#11265 =( NAMED_UNIT ( * ) SI_UNIT ( $, .STERADIAN. ) SOLID_ANGLE_UNIT ( ) );
#11266 = ORIENTED_EDGE ( 'NONE', *, *, #64, .T. ) ;
#11267 = ADVANCED_FACE ( 'NONE', ( #13109 ), #1524, .F. ) ;
#11268 = CARTESIAN_POINT ( 'NONE',  ( 9.300000000000002487, 1.000999999999999890, 22.92499999999999716 ) ) ;
#11269 = AXIS2_PLACEMENT_3D ( 'NONE', #7993, #4765, #11035 ) ;
#11270 = SURFACE_SIDE_STYLE ('',( #13315 ) ) ;
#11271 = EDGE_LOOP ( 'NONE', ( #457, #1416, #5480, #4507 ) ) ;
#11272 = DIRECTION ( 'NONE',  ( 0.0000000000000000000, 0.0000000000000000000, 1.000000000000000000 ) ) ;
#11273 = DIRECTION ( 'NONE',  ( -1.000000000000000000, 0.0000000000000000000, -0.0000000000000000000 ) ) ;
#11274 = LINE ( 'NONE', #5261, #6672 ) ;
#11275 = VERTEX_POINT ( 'NONE', #7820 ) ;
#11276 = CARTESIAN_POINT ( 'NONE',  ( -2.099999999999998757, -0.001000000000000000021, 25.22500000000000853 ) ) ;
#11277 = VERTEX_POINT ( 'NONE', #4848 ) ;
#11278 =( GEOMETRIC_REPRESENTATION_CONTEXT ( 3 ) GLOBAL_UNCERTAINTY_ASSIGNED_CONTEXT ( ( #6349 ) ) GLOBAL_UNIT_ASSIGNED_CONTEXT ( ( #8223, #12415, #1255 ) ) REPRESENTATION_CONTEXT ( 'NONE', 'WORKASPACE' ) );
#11279 = COLOUR_RGB ( '',1.000000000000000000, 1.000000000000000000, 0.0000000000000000000 ) ;
#11280 = VECTOR ( 'NONE', #5217, 1000.000000000000000 ) ;
#11281 =( LENGTH_UNIT ( ) NAMED_UNIT ( * ) SI_UNIT ( .MILLI., .METRE. ) );
#11282 = AXIS2_PLACEMENT_3D ( 'NONE', #1486, #1212, #9526 ) ;
#11283 = ORIENTED_EDGE ( 'NONE', *, *, #1751, .F. ) ;
#11284 = CARTESIAN_POINT ( 'NONE',  ( -9.699999999999995737, 1.000999999999999890, 25.22500000000001208 ) ) ;
#11285 = FILL_AREA_STYLE_COLOUR ( '', #1034 ) ;
#11286 = ORIENTED_EDGE ( 'NONE', *, *, #10756, .T. ) ;
#11287 = ORIENTED_EDGE ( 'NONE', *, *, #1174, .F. ) ;
#11288 = CARTESIAN_POINT ( 'NONE',  ( -12.09999999999999609, 1.000999999999999890, 25.22500000000001208 ) ) ;
#11289 = VECTOR ( 'NONE', #9697, 1000.000000000000000 ) ;
#11290 = SURFACE_STYLE_FILL_AREA ( #7303 ) ;
#11291 = SURFACE_STYLE_USAGE ( .BOTH. , #10220 ) ;
#11292 =( NAMED_UNIT ( * ) SI_UNIT ( $, .STERADIAN. ) SOLID_ANGLE_UNIT ( ) );
#11293 = SURFACE_SIDE_STYLE ('',( #4956 ) ) ;
#11294 = PLANE ( 'NONE',  #12626 ) ;
#11295 = SURFACE_SIDE_STYLE ('',( #12053 ) ) ;
#11296 = STYLED_ITEM ( 'NONE', ( #2389 ), #6963 ) ;
#11297 = VERTEX_POINT ( 'NONE', #3548 ) ;
#11298 = DIRECTION ( 'NONE',  ( 0.0000000000000000000, 0.0000000000000000000, 1.000000000000000000 ) ) ;
#11299 =( NAMED_UNIT ( * ) PLANE_ANGLE_UNIT ( ) SI_UNIT ( $, .RADIAN. ) );
#11300 = LINE ( 'NONE', #10097, #7150 ) ;
#11301 = ORIENTED_EDGE ( 'NONE', *, *, #11774, .T. ) ;
#11302 =( NAMED_UNIT ( * ) SI_UNIT ( $, .STERADIAN. ) SOLID_ANGLE_UNIT ( ) );
#11303 = PRESENTATION_STYLE_ASSIGNMENT (( #10235 ) ) ;
#11304 = DIRECTION ( 'NONE',  ( 1.885568995626964287E-16, 0.0000000000000000000, -1.000000000000000000 ) ) ;
#11305 = VECTOR ( 'NONE', #11014, 1000.000000000000000 ) ;
#11306 = EDGE_CURVE ( 'NONE', #8498, #12747, #1729, .T. ) ;
#11307 = SURFACE_STYLE_USAGE ( .BOTH. , #8398 ) ;
#11308 = MECHANICAL_DESIGN_GEOMETRIC_PRESENTATION_REPRESENTATION (  '', ( #5492 ), #7651 ) ;
#11309 = AXIS2_PLACEMENT_3D ( 'NONE', #7199, #8089, #10177 ) ;
#11310 = CARTESIAN_POINT ( 'NONE',  ( -2.499999999999996447, 1.000999999999999890, 25.22500000000000853 ) ) ;
#11311 =( LENGTH_UNIT ( ) NAMED_UNIT ( * ) SI_UNIT ( .MILLI., .METRE. ) );
#11312 = FACE_OUTER_BOUND ( 'NONE', #9295, .T. ) ;
#11313 = EDGE_LOOP ( 'NONE', ( #4562, #2217, #9048, #3372 ) ) ;
#11314 = SURFACE_SIDE_STYLE ('',( #4097 ) ) ;
#11315 = CARTESIAN_POINT ( 'NONE',  ( 7.500000000000002665, 0.0000000000000000000, 25.22499999999999787 ) ) ;
#11316 = UNCERTAINTY_MEASURE_WITH_UNIT (LENGTH_MEASURE( 1.000000000000000082E-05 ), #3580, 'distance_accuracy_value', 'NONE');
#11317 = ORIENTED_EDGE ( 'NONE', *, *, #6624, .T. ) ;
#11318 = LINE ( 'NONE', #9290, #4894 ) ;
#11319 = MECHANICAL_DESIGN_GEOMETRIC_PRESENTATION_REPRESENTATION (  '', ( #3772 ), #9382 ) ;
#11320 = EDGE_CURVE ( 'NONE', #9250, #304, #5745, .T. ) ;
#11321 = ORIENTED_EDGE ( 'NONE', *, *, #5389, .F. ) ;
#11322 = COLOUR_RGB ( '',1.000000000000000000, 1.000000000000000000, 0.0000000000000000000 ) ;
#11323 = SURFACE_STYLE_FILL_AREA ( #3786 ) ;
#11324 = STYLED_ITEM ( 'NONE', ( #12524 ), #11483 ) ;
#11325 = LINE ( 'NONE', #2064, #12011 ) ;
#11326 = ORIENTED_EDGE ( 'NONE', *, *, #13169, .F. ) ;
#11327 = EDGE_CURVE ( 'NONE', #10601, #350, #7954, .T. ) ;
#11328 = EDGE_CURVE ( 'NONE', #4815, #8337, #4578, .T. ) ;
#11329 = LINE ( 'NONE', #129, #7128 ) ;
#11330 = VECTOR ( 'NONE', #9214, 1000.000000000000000 ) ;
#11331 = EDGE_CURVE ( 'NONE', #10609, #733, #8689, .T. ) ;
#11332 = CARTESIAN_POINT ( 'NONE',  ( -0.09999999999999635569, 1.000000000000000000, 22.92500000000000426 ) ) ;
#11333 = AXIS2_PLACEMENT_3D ( 'NONE', #2873, #8139, #1784 ) ;
#11334 = UNCERTAINTY_MEASURE_WITH_UNIT (LENGTH_MEASURE( 1.000000000000000082E-05 ), #1625, 'distance_accuracy_value', 'NONE');
#11335 = EDGE_LOOP ( 'NONE', ( #9343, #4310, #8232, #9590 ) ) ;
#11336 = CARTESIAN_POINT ( 'NONE',  ( -6.299999999999998046, -0.001000000000000126222, 22.92500000000001137 ) ) ;
#11337 = EDGE_CURVE ( 'NONE', #12402, #3353, #12899, .T. ) ;
#11338 = CARTESIAN_POINT ( 'NONE',  ( -10.09999999999999787, -6.308085367188387283E-16, 22.92500000000001137 ) ) ;
#11339 = CARTESIAN_POINT ( 'NONE',  ( -0.2999999999999966582, 1.000999999999999890, 22.92500000000000782 ) ) ;
#11340 = UNCERTAINTY_MEASURE_WITH_UNIT (LENGTH_MEASURE( 1.000000000000000082E-05 ), #7576, 'distance_accuracy_value', 'NONE');
#11341 = ADVANCED_FACE ( 'NONE', ( #2605 ), #9838, .F. ) ;
#11342 = ORIENTED_EDGE ( 'NONE', *, *, #11180, .T. ) ;
#11343 = STYLED_ITEM ( 'NONE', ( #1176 ), #7630 ) ;
#11344 = CARTESIAN_POINT ( 'NONE',  ( 4.900000000000001243, 0.0000000000000000000, 25.22500000000000853 ) ) ;
#11345 = VERTEX_POINT ( 'NONE', #6007 ) ;
#11346 = ADVANCED_FACE ( 'NONE', ( #9232 ), #6123, .F. ) ;
#11347 = VECTOR ( 'NONE', #1418, 1000.000000000000000 ) ;
#11348 = EDGE_CURVE ( 'NONE', #4909, #10459, #756, .T. ) ;
#11349 = PRESENTATION_LAYER_ASSIGNMENT (  '', '', ( #10693 ) ) ;
#11350 = ORIENTED_EDGE ( 'NONE', *, *, #9520, .F. ) ;
#11351 = SURFACE_STYLE_FILL_AREA ( #5272 ) ;
#11352 = UNCERTAINTY_MEASURE_WITH_UNIT (LENGTH_MEASURE( 1.000000000000000082E-05 ), #983, 'distance_accuracy_value', 'NONE');
#11353 = ORIENTED_EDGE ( 'NONE', *, *, #8160, .F. ) ;
#11354 = DIRECTION ( 'NONE',  ( 1.000000000000000000, 0.0000000000000000000, 0.0000000000000000000 ) ) ;
#11355 = STYLED_ITEM ( 'NONE', ( #2315 ), #8768 ) ;
#11356 = FILL_AREA_STYLE ('',( #3042 ) ) ;
#11357 =( GEOMETRIC_REPRESENTATION_CONTEXT ( 3 ) GLOBAL_UNCERTAINTY_ASSIGNED_CONTEXT ( ( #11063 ) ) GLOBAL_UNIT_ASSIGNED_CONTEXT ( ( #7804, #5793, #7060 ) ) REPRESENTATION_CONTEXT ( 'NONE', 'WORKASPACE' ) );
#11358 = ORIENTED_EDGE ( 'NONE', *, *, #9510, .T. ) ;
#11359 = MECHANICAL_DESIGN_GEOMETRIC_PRESENTATION_REPRESENTATION (  '', ( #4039 ), #13325 ) ;
#11360 = DIRECTION ( 'NONE',  ( 0.0000000000000000000, -0.0000000000000000000, -1.000000000000000000 ) ) ;
#11361 = PRESENTATION_LAYER_ASSIGNMENT (  '', '', ( #1639 ) ) ;
#11362 = LINE ( 'NONE', #1345, #10869 ) ;
#11363 = VERTEX_POINT ( 'NONE', #830 ) ;
#11364 = CARTESIAN_POINT ( 'NONE',  ( -7.499999999999995559, 1.000999999999999890, 22.92500000000001137 ) ) ;
#11365 =( NAMED_UNIT ( * ) SI_UNIT ( $, .STERADIAN. ) SOLID_ANGLE_UNIT ( ) );
#11366 = SURFACE_SIDE_STYLE ('',( #11290 ) ) ;
#11367 = MECHANICAL_DESIGN_GEOMETRIC_PRESENTATION_REPRESENTATION (  '', ( #10092 ), #7260 ) ;
#11368 = FILL_AREA_STYLE_COLOUR ( '', #6558 ) ;
#11369 = CARTESIAN_POINT ( 'NONE',  ( -7.099999999999997868, 0.0000000000000000000, 22.92500000000001137 ) ) ;
#11370 = CARTESIAN_POINT ( 'NONE',  ( 5.100000000000002309, 0.0000000000000000000, 25.22500000000000142 ) ) ;
#11371 = LINE ( 'NONE', #12506, #1543 ) ;
#11372 = ORIENTED_EDGE ( 'NONE', *, *, #1078, .F. ) ;
#11373 =( NAMED_UNIT ( * ) PLANE_ANGLE_UNIT ( ) SI_UNIT ( $, .RADIAN. ) );
#11374 = FACE_OUTER_BOUND ( 'NONE', #10531, .T. ) ;
#11375 = LINE ( 'NONE', #12508, #11234 ) ;
#11376 =( NAMED_UNIT ( * ) SI_UNIT ( $, .STERADIAN. ) SOLID_ANGLE_UNIT ( ) );
#11377 = SURFACE_SIDE_STYLE ('',( #8076 ) ) ;
#11378 = AXIS2_PLACEMENT_3D ( 'NONE', #8479, #273, #8552 ) ;
#11379 = ORIENTED_EDGE ( 'NONE', *, *, #1569, .T. ) ;
#11380 = FILL_AREA_STYLE ('',( #13356 ) ) ;
#11381 = FILL_AREA_STYLE_COLOUR ( '', #11057 ) ;
#11382 = FILL_AREA_STYLE ('',( #10238 ) ) ;
#11383 = VECTOR ( 'NONE', #1302, 1000.000000000000000 ) ;
#11384 = COLOUR_RGB ( '',0.0000000000000000000, 0.7529411764705882248, 0.0000000000000000000 ) ;
#11385 =( LENGTH_UNIT ( ) NAMED_UNIT ( * ) SI_UNIT ( .MILLI., .METRE. ) );
#11386 = ORIENTED_EDGE ( 'NONE', *, *, #8503, .T. ) ;
#11387 = DIRECTION ( 'NONE',  ( 1.000000000000000000, 0.0000000000000000000, 0.0000000000000000000 ) ) ;
#11388 = CARTESIAN_POINT ( 'NONE',  ( -4.599999999999996092, 0.0000000000000000000, 25.47500000000001208 ) ) ;
#11389 = ORIENTED_EDGE ( 'NONE', *, *, #13334, .T. ) ;
#11390 = CARTESIAN_POINT ( 'NONE',  ( 12.10000000000000320, -0.001000000000000000021, 22.92499999999999361 ) ) ;
#11391 = FACE_OUTER_BOUND ( 'NONE', #3377, .T. ) ;
#11392 = ORIENTED_EDGE ( 'NONE', *, *, #10172, .F. ) ;
#11393 = DIRECTION ( 'NONE',  ( 0.0000000000000000000, 0.0000000000000000000, -1.000000000000000000 ) ) ;
#11394 = DIRECTION ( 'NONE',  ( 0.0000000000000000000, 0.0000000000000000000, 1.000000000000000000 ) ) ;
#11395 =( LENGTH_UNIT ( ) NAMED_UNIT ( * ) SI_UNIT ( .MILLI., .METRE. ) );
#11396 = COLOUR_RGB ( '',1.000000000000000000, 1.000000000000000000, 0.0000000000000000000 ) ;
#11397 = SURFACE_STYLE_FILL_AREA ( #1110 ) ;
#11398 = ORIENTED_EDGE ( 'NONE', *, *, #3225, .T. ) ;
#11399 = PRESENTATION_STYLE_ASSIGNMENT (( #10256 ) ) ;
#11400 = STYLED_ITEM ( 'NONE', ( #8227 ), #3560 ) ;
#11401 = EDGE_CURVE ( 'NONE', #10844, #2893, #2116, .T. ) ;
#11402 = LINE ( 'NONE', #9186, #5551 ) ;
#11403 =( LENGTH_UNIT ( ) NAMED_UNIT ( * ) SI_UNIT ( .MILLI., .METRE. ) );
#11404 = SURFACE_SIDE_STYLE ('',( #7275 ) ) ;
#11405 = ORIENTED_EDGE ( 'NONE', *, *, #3002, .T. ) ;
#11406 = CARTESIAN_POINT ( 'NONE',  ( -11.49999999999999645, 1.000000000000000000, 25.22500000000001208 ) ) ;
#11407 = VECTOR ( 'NONE', #5918, 1000.000000000000000 ) ;
#11408 = CARTESIAN_POINT ( 'NONE',  ( 9.500000000000003553, 1.000999999999999890, 22.92499999999999716 ) ) ;
#11409 = EDGE_CURVE ( 'NONE', #5597, #11239, #1933, .T. ) ;
#11410 =( NAMED_UNIT ( * ) PLANE_ANGLE_UNIT ( ) SI_UNIT ( $, .RADIAN. ) );
#11411 = EDGE_CURVE ( 'NONE', #12277, #10844, #6060, .T. ) ;
#11412 = ORIENTED_EDGE ( 'NONE', *, *, #7461, .T. ) ;
#11413 = SURFACE_STYLE_USAGE ( .BOTH. , #12624 ) ;
#11414 = VERTEX_POINT ( 'NONE', #13170 ) ;
#11415 =( NAMED_UNIT ( * ) PLANE_ANGLE_UNIT ( ) SI_UNIT ( $, .RADIAN. ) );
#11416 = STYLED_ITEM ( 'NONE', ( #12114 ), #1854 ) ;
#11417 = EDGE_CURVE ( 'NONE', #8967, #8210, #892, .T. ) ;
#11418 = ORIENTED_EDGE ( 'NONE', *, *, #2394, .T. ) ;
#11419 = DIRECTION ( 'NONE',  ( -1.000000000000000000, 0.0000000000000000000, -9.427844978134821433E-17 ) ) ;
#11420 = EDGE_LOOP ( 'NONE', ( #8521, #3523, #10631, #4791 ) ) ;
#11421 = LINE ( 'NONE', #7356, #12593 ) ;
#11422 = DIRECTION ( 'NONE',  ( -1.000000000000000000, -0.0000000000000000000, -0.0000000000000000000 ) ) ;
#11423 = ADVANCED_FACE ( 'NONE', ( #8019 ), #12133, .F. ) ;
#11424 = EDGE_LOOP ( 'NONE', ( #5924, #5797, #3907, #7923 ) ) ;
#11425 = DIRECTION ( 'NONE',  ( -1.000000000000000000, -0.0000000000000000000, -0.0000000000000000000 ) ) ;
#11426 = VERTEX_POINT ( 'NONE', #1299 ) ;
#11427 = FILL_AREA_STYLE_COLOUR ( '', #2711 ) ;
#11428 = EDGE_CURVE ( 'NONE', #12287, #2093, #6311, .T. ) ;
#11429 = COLOUR_RGB ( '',1.000000000000000000, 1.000000000000000000, 0.0000000000000000000 ) ;
#11430 = DIRECTION ( 'NONE',  ( -0.0000000000000000000, 1.000000000000000000, -0.0000000000000000000 ) ) ;
#11431 = VECTOR ( 'NONE', #11618, 1000.000000000000000 ) ;
#11432 = FILL_AREA_STYLE ('',( #5285 ) ) ;
#11433 = CARTESIAN_POINT ( 'NONE',  ( -15.00000000000000000, 3.399999999999999911, 22.27500000000000568 ) ) ;
#11434 = CARTESIAN_POINT ( 'NONE',  ( -6.299999999999998934, -0.001000000000000126222, 25.22500000000001208 ) ) ;
#11435 = CARTESIAN_POINT ( 'NONE',  ( 3.300000000000001155, 0.0000000000000000000, 22.92500000000000426 ) ) ;
#11436 = ORIENTED_EDGE ( 'NONE', *, *, #2577, .F. ) ;
#11437 = CARTESIAN_POINT ( 'NONE',  ( -4.599999999999996092, 1.000000000000000000, 25.22500000000000853 ) ) ;
#11438 = LINE ( 'NONE', #2105, #7138 ) ;
#11439 =( LENGTH_UNIT ( ) NAMED_UNIT ( * ) SI_UNIT ( .MILLI., .METRE. ) );
#11440 = LINE ( 'NONE', #6498, #5199 ) ;
#11441 = ORIENTED_EDGE ( 'NONE', *, *, #7772, .F. ) ;
#11442 = DIRECTION ( 'NONE',  ( -0.0000000000000000000, 1.000000000000000000, -0.0000000000000000000 ) ) ;
#11443 =( GEOMETRIC_REPRESENTATION_CONTEXT ( 3 ) GLOBAL_UNCERTAINTY_ASSIGNED_CONTEXT ( ( #11784 ) ) GLOBAL_UNIT_ASSIGNED_CONTEXT ( ( #10914, #8143, #10095 ) ) REPRESENTATION_CONTEXT ( 'NONE', 'WORKASPACE' ) );
#11444 = CARTESIAN_POINT ( 'NONE',  ( -7.299999999999995381, 1.000999999999999890, 25.22500000000001208 ) ) ;
#11445 = SURFACE_STYLE_USAGE ( .BOTH. , #5303 ) ;
#11446 = CARTESIAN_POINT ( 'NONE',  ( -8.099999999999996092, 1.000999999999999890, 22.92500000000001137 ) ) ;
#11447 =( GEOMETRIC_REPRESENTATION_CONTEXT ( 3 ) GLOBAL_UNCERTAINTY_ASSIGNED_CONTEXT ( ( #8632 ) ) GLOBAL_UNIT_ASSIGNED_CONTEXT ( ( #6045, #9088, #1026 ) ) REPRESENTATION_CONTEXT ( 'NONE', 'WORKASPACE' ) );
#11448 = STYLED_ITEM ( 'NONE', ( #10289 ), #13408 ) ;
#11449 = PRESENTATION_LAYER_ASSIGNMENT (  '', '', ( #8015 ) ) ;
#11450 = ORIENTED_EDGE ( 'NONE', *, *, #11428, .T. ) ;
#11451 = CARTESIAN_POINT ( 'NONE',  ( 6.300000000000003375, 1.000000000000000000, 22.92500000000000071 ) ) ;
#11452 = EDGE_LOOP ( 'NONE', ( #2957, #4038, #4838, #85 ) ) ;
#11453 = SURFACE_STYLE_USAGE ( .BOTH. , #11534 ) ;
#11454 = CARTESIAN_POINT ( 'NONE',  ( 0.5000000000000034417, 1.000999999999999890, 22.92500000000000426 ) ) ;
#11455 = LINE ( 'NONE', #11730, #7158 ) ;
#11456 = ORIENTED_EDGE ( 'NONE', *, *, #9916, .T. ) ;
#11457 = CARTESIAN_POINT ( 'NONE',  ( 1.900000000000001465, 0.0000000000000000000, 25.22500000000000497 ) ) ;
#11458 = LINE ( 'NONE', #5893, #8287 ) ;
#11459 = STYLED_ITEM ( 'NONE', ( #7879 ), #5133 ) ;
#11460 = PRESENTATION_LAYER_ASSIGNMENT (  '', '', ( #3463 ) ) ;
#11461 = SURFACE_STYLE_USAGE ( .BOTH. , #7331 ) ;
#11462 = ORIENTED_EDGE ( 'NONE', *, *, #2583, .T. ) ;
#11463 = PRESENTATION_STYLE_ASSIGNMENT (( #3209 ) ) ;
#11464 = DIRECTION ( 'NONE',  ( 0.0000000000000000000, 0.7071067811865475727, -0.7071067811865475727 ) ) ;
#11465 = MECHANICAL_DESIGN_GEOMETRIC_PRESENTATION_REPRESENTATION (  '', ( #2398 ), #9968 ) ;
#11466 =( NAMED_UNIT ( * ) SI_UNIT ( $, .STERADIAN. ) SOLID_ANGLE_UNIT ( ) );
#11467 = DIRECTION ( 'NONE',  ( 1.885568995626964287E-16, 0.0000000000000000000, -1.000000000000000000 ) ) ;
#11468 = PRESENTATION_STYLE_ASSIGNMENT (( #10521 ) ) ;
#11469 = VECTOR ( 'NONE', #7312, 1000.000000000000000 ) ;
#11470 = UNCERTAINTY_MEASURE_WITH_UNIT (LENGTH_MEASURE( 1.000000000000000082E-05 ), #997, 'distance_accuracy_value', 'NONE');
#11471 = ORIENTED_EDGE ( 'NONE', *, *, #12148, .F. ) ;
#11472 = SURFACE_STYLE_USAGE ( .BOTH. , #4318 ) ;
#11473 = AXIS2_PLACEMENT_3D ( 'NONE', #9043, #6886, #3844 ) ;
#11474 = FACE_OUTER_BOUND ( 'NONE', #4132, .T. ) ;
#11475 = UNCERTAINTY_MEASURE_WITH_UNIT (LENGTH_MEASURE( 1.000000000000000082E-05 ), #3420, 'distance_accuracy_value', 'NONE');
#11476 = DIRECTION ( 'NONE',  ( -0.0000000000000000000, -0.0000000000000000000, -1.000000000000000000 ) ) ;
#11477 = ORIENTED_EDGE ( 'NONE', *, *, #2395, .F. ) ;
#11478 = LINE ( 'NONE', #6152, #11910 ) ;
#11479 = COLOUR_RGB ( '',1.000000000000000000, 1.000000000000000000, 0.0000000000000000000 ) ;
#11480 = ORIENTED_EDGE ( 'NONE', *, *, #1835, .F. ) ;
#11481 = FILL_AREA_STYLE ('',( #3224 ) ) ;
#11482 =( GEOMETRIC_REPRESENTATION_CONTEXT ( 3 ) GLOBAL_UNCERTAINTY_ASSIGNED_CONTEXT ( ( #7039 ) ) GLOBAL_UNIT_ASSIGNED_CONTEXT ( ( #5978, #9075, #9956 ) ) REPRESENTATION_CONTEXT ( 'NONE', 'WORKASPACE' ) );
#11483 = ADVANCED_FACE ( 'NONE', ( #8402 ), #51, .F. ) ;
#11484 = PLANE ( 'NONE',  #2744 ) ;
#11485 = EDGE_LOOP ( 'NONE', ( #7352, #4809, #72, #8646 ) ) ;
#11486 = CARTESIAN_POINT ( 'NONE',  ( -15.00000000000000533, 0.0000000000000000000, -25.47499999999999432 ) ) ;
#11487 = UNCERTAINTY_MEASURE_WITH_UNIT (LENGTH_MEASURE( 1.000000000000000082E-05 ), #8823, 'distance_accuracy_value', 'NONE');
#11488 = ORIENTED_EDGE ( 'NONE', *, *, #8917, .T. ) ;
#11489 = FACE_OUTER_BOUND ( 'NONE', #2915, .T. ) ;
#11490 =( NAMED_UNIT ( * ) PLANE_ANGLE_UNIT ( ) SI_UNIT ( $, .RADIAN. ) );
#11491 = PLANE ( 'NONE',  #9452 ) ;
#11492 = COLOUR_RGB ( '',1.000000000000000000, 1.000000000000000000, 0.0000000000000000000 ) ;
#11493 = ORIENTED_EDGE ( 'NONE', *, *, #4991, .T. ) ;
#11494 = DIRECTION ( 'NONE',  ( -1.000000000000000000, 0.0000000000000000000, 0.0000000000000000000 ) ) ;
#11495 = EDGE_CURVE ( 'NONE', #11078, #4769, #2310, .T. ) ;
#11496 = SURFACE_SIDE_STYLE ('',( #10543 ) ) ;
#11497 = MECHANICAL_DESIGN_GEOMETRIC_PRESENTATION_REPRESENTATION (  '', ( #7099 ), #5032 ) ;
#11498 = ORIENTED_EDGE ( 'NONE', *, *, #12996, .T. ) ;
#11499 = DIRECTION ( 'NONE',  ( 0.0000000000000000000, -0.0000000000000000000, 1.000000000000000000 ) ) ;
#11500 = COLOUR_RGB ( '',1.000000000000000000, 1.000000000000000000, 0.0000000000000000000 ) ;
#11501 = EDGE_CURVE ( 'NONE', #8964, #3969, #4235, .T. ) ;
#11502 = PLANE ( 'NONE',  #1248 ) ;
#11503 =( GEOMETRIC_REPRESENTATION_CONTEXT ( 3 ) GLOBAL_UNCERTAINTY_ASSIGNED_CONTEXT ( ( #1201 ) ) GLOBAL_UNIT_ASSIGNED_CONTEXT ( ( #12900, #6940, #9980 ) ) REPRESENTATION_CONTEXT ( 'NONE', 'WORKASPACE' ) );
#11504 = STYLED_ITEM ( 'NONE', ( #13289 ), #3722 ) ;
#11505 = ADVANCED_FACE ( 'NONE', ( #1376 ), #6387, .F. ) ;
#11506 = ORIENTED_EDGE ( 'NONE', *, *, #5070, .F. ) ;
#11507 = VECTOR ( 'NONE', #12677, 1000.000000000000000 ) ;
#11508 = MECHANICAL_DESIGN_GEOMETRIC_PRESENTATION_REPRESENTATION (  '', ( #9774 ), #3292 ) ;
#11509 = LINE ( 'NONE', #4484, #13085 ) ;
#11510 = FILL_AREA_STYLE_COLOUR ( '', #2722 ) ;
#11511 = LINE ( 'NONE', #9463, #880 ) ;
#11512 = ORIENTED_EDGE ( 'NONE', *, *, #6145, .F. ) ;
#11513 = LINE ( 'NONE', #10619, #767 ) ;
#11514 = LINE ( 'NONE', #10358, #2378 ) ;
#11515 = DIRECTION ( 'NONE',  ( -1.000000000000000000, -0.0000000000000000000, -0.0000000000000000000 ) ) ;
#11516 = EDGE_CURVE ( 'NONE', #4606, #12136, #9891, .T. ) ;
#11517 = ORIENTED_EDGE ( 'NONE', *, *, #10495, .T. ) ;
#11518 = ADVANCED_FACE ( 'NONE', ( #1642 ), #12810, .T. ) ;
#11519 = AXIS2_PLACEMENT_3D ( 'NONE', #6645, #6578, #6860 ) ;
#11520 = VECTOR ( 'NONE', #3606, 1000.000000000000000 ) ;
#11521 = CARTESIAN_POINT ( 'NONE',  ( -1.499999999999998224, -0.001000000000000000021, 25.22500000000000853 ) ) ;
#11522 = EDGE_CURVE ( 'NONE', #214, #12210, #2587, .T. ) ;
#11523 = FILL_AREA_STYLE ('',( #10626 ) ) ;
#11524 = AXIS2_PLACEMENT_3D ( 'NONE', #8436, #3231, #3436 ) ;
#11525 = PLANE ( 'NONE',  #5586 ) ;
#11526 = DIRECTION ( 'NONE',  ( 0.0000000000000000000, 0.0000000000000000000, 1.000000000000000000 ) ) ;
#11527 = STYLED_ITEM ( 'NONE', ( #9708 ), #6709 ) ;
#11528 = CARTESIAN_POINT ( 'NONE',  ( 4.100000000000001421, -0.001000000000000000021, 25.22500000000000142 ) ) ;
#11529 = ORIENTED_EDGE ( 'NONE', *, *, #12328, .F. ) ;
#11530 = DIRECTION ( 'NONE',  ( 0.0000000000000000000, 0.0000000000000000000, 1.000000000000000000 ) ) ;
#11531 = VECTOR ( 'NONE', #7869, 1000.000000000000000 ) ;
#11532 = LINE ( 'NONE', #9355, #11940 ) ;
#11533 = EDGE_LOOP ( 'NONE', ( #11648, #9919, #12655, #9517 ) ) ;
#11534 = SURFACE_SIDE_STYLE ('',( #3080 ) ) ;
#11535 = PRESENTATION_STYLE_ASSIGNMENT (( #5313 ) ) ;
#11536 = PLANE ( 'NONE',  #10804 ) ;
#11537 = ORIENTED_EDGE ( 'NONE', *, *, #1518, .F. ) ;
#11538 = PRESENTATION_STYLE_ASSIGNMENT (( #59 ) ) ;
#11539 =( NAMED_UNIT ( * ) SI_UNIT ( $, .STERADIAN. ) SOLID_ANGLE_UNIT ( ) );
#11540 =( GEOMETRIC_REPRESENTATION_CONTEXT ( 3 ) GLOBAL_UNCERTAINTY_ASSIGNED_CONTEXT ( ( #1607 ) ) GLOBAL_UNIT_ASSIGNED_CONTEXT ( ( #12798, #13012, #1559 ) ) REPRESENTATION_CONTEXT ( 'NONE', 'WORKASPACE' ) );
#11541 = DIRECTION ( 'NONE',  ( 1.000000000000000000, 0.0000000000000000000, 0.0000000000000000000 ) ) ;
#11542 = VECTOR ( 'NONE', #4443, 1000.000000000000000 ) ;
#11543 = PLANE ( 'NONE',  #11944 ) ;
#11544 = VERTEX_POINT ( 'NONE', #9684 ) ;
#11545 =( GEOMETRIC_REPRESENTATION_CONTEXT ( 3 ) GLOBAL_UNCERTAINTY_ASSIGNED_CONTEXT ( ( #1994 ) ) GLOBAL_UNIT_ASSIGNED_CONTEXT ( ( #11403, #3150, #1114 ) ) REPRESENTATION_CONTEXT ( 'NONE', 'WORKASPACE' ) );
#11546 = PRESENTATION_STYLE_ASSIGNMENT (( #9368 ) ) ;
#11547 = PRESENTATION_STYLE_ASSIGNMENT (( #6260 ) ) ;
#11548 = FILL_AREA_STYLE ('',( #341 ) ) ;
#11549 = EDGE_CURVE ( 'NONE', #4471, #9460, #6706, .T. ) ;
#11550 = DIRECTION ( 'NONE',  ( -1.000000000000000000, 0.0000000000000000000, -0.0000000000000000000 ) ) ;
#11551 =( GEOMETRIC_REPRESENTATION_CONTEXT ( 3 ) GLOBAL_UNCERTAINTY_ASSIGNED_CONTEXT ( ( #5273 ) ) GLOBAL_UNIT_ASSIGNED_CONTEXT ( ( #1858, #13139, #3644 ) ) REPRESENTATION_CONTEXT ( 'NONE', 'WORKASPACE' ) );
#11552 = ORIENTED_EDGE ( 'NONE', *, *, #1674, .F. ) ;
#11553 = CARTESIAN_POINT ( 'NONE',  ( -15.00000000000000000, 0.0000000000000000000, 22.27500000000000924 ) ) ;
#11554 = SURFACE_STYLE_FILL_AREA ( #12476 ) ;
#11555 = CARTESIAN_POINT ( 'NONE',  ( -1.899999999999996581, 1.000999999999999890, 25.22500000000000853 ) ) ;
#11556 = ORIENTED_EDGE ( 'NONE', *, *, #5719, .T. ) ;
#11557 = ORIENTED_EDGE ( 'NONE', *, *, #12333, .T. ) ;
#11558 = SURFACE_STYLE_FILL_AREA ( #1125 ) ;
#11559 = VECTOR ( 'NONE', #11921, 1000.000000000000000 ) ;
#11560 = CARTESIAN_POINT ( 'NONE',  ( -5.899999999999995914, 1.000999999999999890, 25.22500000000001208 ) ) ;
#11561 = VERTEX_POINT ( 'NONE', #2737 ) ;
#11562 = CARTESIAN_POINT ( 'NONE',  ( -6.099999999999998757, -0.001000000000000000021, 25.22500000000001208 ) ) ;
#11563 = ORIENTED_EDGE ( 'NONE', *, *, #10040, .F. ) ;
#11564 = SURFACE_STYLE_FILL_AREA ( #5409 ) ;
#11565 = SURFACE_STYLE_USAGE ( .BOTH. , #1007 ) ;
#11566 = DIRECTION ( 'NONE',  ( -9.427844978134821433E-17, -0.0000000000000000000, 1.000000000000000000 ) ) ;
#11567 = ORIENTED_EDGE ( 'NONE', *, *, #8421, .F. ) ;
#11568 = FILL_AREA_STYLE_COLOUR ( '', #10021 ) ;
#11569 = PRESENTATION_LAYER_ASSIGNMENT (  '', '', ( #6819 ) ) ;
#11570 = ORIENTED_EDGE ( 'NONE', *, *, #5980, .T. ) ;
#11571 = CARTESIAN_POINT ( 'NONE',  ( -9.299999999999997158, -0.001000000000000504609, 22.92500000000001137 ) ) ;
#11572 = AXIS2_PLACEMENT_3D ( 'NONE', #2926, #6030, #3795 ) ;
#11573 = STYLED_ITEM ( 'NONE', ( #5584 ), #7689 ) ;
#11574 = FILL_AREA_STYLE ('',( #2425 ) ) ;
#11575 = EDGE_CURVE ( 'NONE', #7537, #11544, #666, .T. ) ;
#11576 = ORIENTED_EDGE ( 'NONE', *, *, #3913, .F. ) ;
#11577 = STYLED_ITEM ( 'NONE', ( #3365 ), #9751 ) ;
#11578 = CARTESIAN_POINT ( 'NONE',  ( -6.099999999999997868, -0.001000000000000000021, 22.92500000000001137 ) ) ;
#11579 = LINE ( 'NONE', #3318, #3787 ) ;
#11580 =( LENGTH_UNIT ( ) NAMED_UNIT ( * ) SI_UNIT ( .MILLI., .METRE. ) );
#11581 = DIRECTION ( 'NONE',  ( 0.0000000000000000000, 0.0000000000000000000, 1.000000000000000000 ) ) ;
#11582 = ORIENTED_EDGE ( 'NONE', *, *, #1751, .T. ) ;
#11583 = CARTESIAN_POINT ( 'NONE',  ( 10.10000000000000142, 1.000000000000000000, 22.92499999999999716 ) ) ;
#11584 = LINE ( 'NONE', #5364, #10581 ) ;
#11585 = FILL_AREA_STYLE_COLOUR ( '', #6719 ) ;
#11586 = EDGE_CURVE ( 'NONE', #4670, #12712, #11800, .T. ) ;
#11587 = DIRECTION ( 'NONE',  ( 1.000000000000000000, 0.0000000000000000000, 0.0000000000000000000 ) ) ;
#11588 = EDGE_CURVE ( 'NONE', #5875, #12287, #5789, .T. ) ;
#11589 = ORIENTED_EDGE ( 'NONE', *, *, #12333, .F. ) ;
#11590 = SURFACE_STYLE_FILL_AREA ( #7589 ) ;
#11591 = STYLED_ITEM ( 'NONE', ( #3566 ), #9146 ) ;
#11592 = STYLED_ITEM ( 'NONE', ( #12447 ), #9825 ) ;
#11593 = PRESENTATION_LAYER_ASSIGNMENT (  '', '', ( #4039 ) ) ;
#11594 = LINE ( 'NONE', #5501, #4491 ) ;
#11595 = EDGE_CURVE ( 'NONE', #6215, #4245, #4828, .T. ) ;
#11596 = CARTESIAN_POINT ( 'NONE',  ( 11.10000000000000320, 1.000999999999999890, 22.92499999999999361 ) ) ;
#11597 = EDGE_CURVE ( 'NONE', #9827, #5875, #6781, .T. ) ;
#11598 = CARTESIAN_POINT ( 'NONE',  ( 0.3000000000000020983, -0.001000000000000000021, 22.92500000000000426 ) ) ;
#11599 = STYLED_ITEM ( 'NONE', ( #3034 ), #9193 ) ;
#11600 = EDGE_LOOP ( 'NONE', ( #10243, #9934, #9755, #984 ) ) ;
#11601 = DIRECTION ( 'NONE',  ( 1.000000000000000000, 0.0000000000000000000, -0.0000000000000000000 ) ) ;
#11602 = VECTOR ( 'NONE', #7087, 1000.000000000000000 ) ;
#11603 = FILL_AREA_STYLE ('',( #53 ) ) ;
#11604 = ORIENTED_EDGE ( 'NONE', *, *, #11090, .F. ) ;
#11605 = CARTESIAN_POINT ( 'NONE',  ( 5.100000000000002309, 0.0000000000000000000, 25.22500000000000142 ) ) ;
#11606 = FILL_AREA_STYLE_COLOUR ( '', #8894 ) ;
#11607 = FACE_OUTER_BOUND ( 'NONE', #5378, .T. ) ;
#11608 = EDGE_CURVE ( 'NONE', #3843, #11835, #8736, .T. ) ;
#11609 = ORIENTED_EDGE ( 'NONE', *, *, #12833, .T. ) ;
#11610 = DIRECTION ( 'NONE',  ( -1.000000000000000000, -0.0000000000000000000, -0.0000000000000000000 ) ) ;
#11611 = LINE ( 'NONE', #2322, #1192 ) ;
#11612 = STYLED_ITEM ( 'NONE', ( #4238 ), #8762 ) ;
#11613 = LINE ( 'NONE', #10711, #11659 ) ;
#11614 = SURFACE_STYLE_USAGE ( .BOTH. , #7337 ) ;
#11615 = ORIENTED_EDGE ( 'NONE', *, *, #4154, .T. ) ;
#11616 = DIRECTION ( 'NONE',  ( 1.000000000000000000, 0.0000000000000000000, 0.0000000000000000000 ) ) ;
#11617 = DIRECTION ( 'NONE',  ( -9.427844978134821433E-17, -0.0000000000000000000, 1.000000000000000000 ) ) ;
#11618 = DIRECTION ( 'NONE',  ( -1.000000000000000000, -0.0000000000000000000, -0.0000000000000000000 ) ) ;
#11620 = PRESENTATION_LAYER_ASSIGNMENT (  '', '', ( #4057 ) ) ;
#11619 = SURFACE_STYLE_USAGE ( .BOTH. , #142 ) ;
#11621 = ORIENTED_EDGE ( 'NONE', *, *, #12919, .T. ) ;
#11622 = DIRECTION ( 'NONE',  ( -0.0000000000000000000, -1.000000000000000000, -0.0000000000000000000 ) ) ;
#11623 = ORIENTED_EDGE ( 'NONE', *, *, #6698, .T. ) ;
#11624 = FACE_OUTER_BOUND ( 'NONE', #6089, .T. ) ;
#11625 = DIRECTION ( 'NONE',  ( -1.000000000000000000, 0.0000000000000000000, -0.0000000000000000000 ) ) ;
#11626 = VERTEX_POINT ( 'NONE', #7800 ) ;
#11627 = SURFACE_SIDE_STYLE ('',( #6544 ) ) ;
#11628 = UNCERTAINTY_MEASURE_WITH_UNIT (LENGTH_MEASURE( 1.000000000000000082E-05 ), #6552, 'distance_accuracy_value', 'NONE');
#11629 = ORIENTED_EDGE ( 'NONE', *, *, #5328, .T. ) ;
#11630 = DIRECTION ( 'NONE',  ( 1.000000000000000000, 0.0000000000000000000, 1.885568995626964287E-16 ) ) ;
#11631 = VECTOR ( 'NONE', #3564, 1000.000000000000000 ) ;
#11632 = CARTESIAN_POINT ( 'NONE',  ( 1.100000000000001643, 0.0000000000000000000, 25.22500000000000497 ) ) ;
#11633 = LINE ( 'NONE', #1481, #1250 ) ;
#11634 = VERTEX_POINT ( 'NONE', #10835 ) ;
#11635 = PLANE ( 'NONE',  #11039 ) ;
#11636 = ORIENTED_EDGE ( 'NONE', *, *, #811, .T. ) ;
#11637 = FACE_OUTER_BOUND ( 'NONE', #7714, .T. ) ;
#11638 = STYLED_ITEM ( 'NONE', ( #11546 ), #1411 ) ;
#11639 = MECHANICAL_DESIGN_GEOMETRIC_PRESENTATION_REPRESENTATION (  '', ( #11416 ), #7523 ) ;
#11640 = SURFACE_STYLE_FILL_AREA ( #9459 ) ;
#11641 = ORIENTED_EDGE ( 'NONE', *, *, #6685, .F. ) ;
#11642 = SURFACE_STYLE_FILL_AREA ( #1143 ) ;
#11643 = CARTESIAN_POINT ( 'NONE',  ( -9.099999999999996092, 1.000999999999999890, 22.92500000000001137 ) ) ;
#11644 = ORIENTED_EDGE ( 'NONE', *, *, #285, .T. ) ;
#11645 = PRESENTATION_STYLE_ASSIGNMENT (( #7514 ) ) ;
#11646 = DIRECTION ( 'NONE',  ( 0.0000000000000000000, -0.7071067811865474617, 0.7071067811865474617 ) ) ;
#11647 = DIRECTION ( 'NONE',  ( 0.0000000000000000000, 0.0000000000000000000, 1.000000000000000000 ) ) ;
#11648 = ORIENTED_EDGE ( 'NONE', *, *, #3069, .T. ) ;
#11649 = LINE ( 'NONE', #8659, #6806 ) ;
#11650 = PLANE ( 'NONE',  #13199 ) ;
#11651 = VECTOR ( 'NONE', #7286, 1000.000000000000000 ) ;
#11652 = LINE ( 'NONE', #6638, #8816 ) ;
#11653 = EDGE_CURVE ( 'NONE', #7139, #7470, #5723, .T. ) ;
#11654 = SURFACE_SIDE_STYLE ('',( #7525 ) ) ;
#11655 = CARTESIAN_POINT ( 'NONE',  ( 8.700000000000002842, 1.000000000000000000, 22.92499999999999716 ) ) ;
#11656 = VERTEX_POINT ( 'NONE', #9219 ) ;
#11657 = CARTESIAN_POINT ( 'NONE',  ( 1.300000000000003597, 1.000999999999999890, 25.22500000000000497 ) ) ;
#11658 = CARTESIAN_POINT ( 'NONE',  ( 8.900000000000005684, 0.0000000000000000000, 22.92499999999999716 ) ) ;
#11659 = VECTOR ( 'NONE', #2459, 1000.000000000000000 ) ;
#11660 = PRESENTATION_STYLE_ASSIGNMENT (( #10568 ) ) ;
#11661 = VERTEX_POINT ( 'NONE', #10090 ) ;
#11662 = CARTESIAN_POINT ( 'NONE',  ( 4.500000000000003553, 1.000999999999999890, 22.92500000000000071 ) ) ;
#11663 = DIRECTION ( 'NONE',  ( -0.0000000000000000000, -1.000000000000000000, -0.0000000000000000000 ) ) ;
#11664 =( LENGTH_UNIT ( ) NAMED_UNIT ( * ) SI_UNIT ( .MILLI., .METRE. ) );
#11665 = STYLED_ITEM ( 'NONE', ( #995 ), #4579 ) ;
#11666 = CARTESIAN_POINT ( 'NONE',  ( 3.900000000000003908, 1.000000000000000000, 22.92500000000000071 ) ) ;
#11667 = ORIENTED_EDGE ( 'NONE', *, *, #4739, .F. ) ;
#11668 = SURFACE_STYLE_FILL_AREA ( #8745 ) ;
#11669 = PLANE ( 'NONE',  #9583 ) ;
#11670 = EDGE_CURVE ( 'NONE', #10246, #10233, #10295, .T. ) ;
#11671 = PLANE ( 'NONE',  #6176 ) ;
#11672 = SURFACE_SIDE_STYLE ('',( #611 ) ) ;
#11673 = ORIENTED_EDGE ( 'NONE', *, *, #8196, .T. ) ;
#11674 = FACE_OUTER_BOUND ( 'NONE', #2627, .T. ) ;
#11675 =( GEOMETRIC_REPRESENTATION_CONTEXT ( 3 ) GLOBAL_UNCERTAINTY_ASSIGNED_CONTEXT ( ( #6909 ) ) GLOBAL_UNIT_ASSIGNED_CONTEXT ( ( #8261, #10999, #10935 ) ) REPRESENTATION_CONTEXT ( 'NONE', 'WORKASPACE' ) );
#11676 = VECTOR ( 'NONE', #12055, 1000.000000000000000 ) ;
#11677 = FACE_OUTER_BOUND ( 'NONE', #3067, .T. ) ;
#11678 = ADVANCED_FACE ( 'NONE', ( #10225 ), #11294, .F. ) ;
#11679 =( NAMED_UNIT ( * ) PLANE_ANGLE_UNIT ( ) SI_UNIT ( $, .RADIAN. ) );
#11680 = EDGE_CURVE ( 'NONE', #12623, #2028, #6039, .T. ) ;
#11681 = PRESENTATION_STYLE_ASSIGNMENT (( #12690 ) ) ;
#11682 = ORIENTED_EDGE ( 'NONE', *, *, #5663, .F. ) ;
#11683 = SURFACE_STYLE_FILL_AREA ( #7748 ) ;
#11684 =( NAMED_UNIT ( * ) SI_UNIT ( $, .STERADIAN. ) SOLID_ANGLE_UNIT ( ) );
#11685 = CARTESIAN_POINT ( 'NONE',  ( 0.1000000000000017819, 0.0000000000000000000, 25.22500000000000853 ) ) ;
#11686 = DIRECTION ( 'NONE',  ( 1.000000000000000000, 0.0000000000000000000, 0.0000000000000000000 ) ) ;
#11687 = ORIENTED_EDGE ( 'NONE', *, *, #10808, .T. ) ;
#11688 = VECTOR ( 'NONE', #1716, 1000.000000000000000 ) ;
#11689 = MECHANICAL_DESIGN_GEOMETRIC_PRESENTATION_REPRESENTATION (  '', ( #7790 ), #6489 ) ;
#11690 = DIRECTION ( 'NONE',  ( 1.885568995626964287E-16, 0.0000000000000000000, -1.000000000000000000 ) ) ;
#11691 = PRESENTATION_LAYER_ASSIGNMENT (  '', '', ( #5417 ) ) ;
#11692 = ADVANCED_FACE ( 'NONE', ( #3001 ), #12193, .F. ) ;
#11693 = DIRECTION ( 'NONE',  ( 0.0000000000000000000, 0.0000000000000000000, -1.000000000000000000 ) ) ;
#11694 = SURFACE_STYLE_USAGE ( .BOTH. , #81 ) ;
#11695 = COLOUR_RGB ( '',1.000000000000000000, 1.000000000000000000, 0.0000000000000000000 ) ;
#11696 = ORIENTED_EDGE ( 'NONE', *, *, #9936, .F. ) ;
#11697 = ORIENTED_EDGE ( 'NONE', *, *, #3236, .T. ) ;
#11698 = AXIS2_PLACEMENT_3D ( 'NONE', #6679, #9868, #1550 ) ;
#11699 = CARTESIAN_POINT ( 'NONE',  ( 8.700000000000002842, 1.000999999999999890, 22.92499999999999716 ) ) ;
#11700 = VECTOR ( 'NONE', #2803, 1000.000000000000000 ) ;
#11701 = VERTEX_POINT ( 'NONE', #7055 ) ;
#11702 = DIRECTION ( 'NONE',  ( -0.0000000000000000000, -1.000000000000000000, -0.0000000000000000000 ) ) ;
#11703 = PRESENTATION_STYLE_ASSIGNMENT (( #7572 ) ) ;
#11704 = ORIENTED_EDGE ( 'NONE', *, *, #3987, .T. ) ;
#11705 =( LENGTH_UNIT ( ) NAMED_UNIT ( * ) SI_UNIT ( .MILLI., .METRE. ) );
#11706 = PRESENTATION_STYLE_ASSIGNMENT (( #7574 ) ) ;
#11707 = ORIENTED_EDGE ( 'NONE', *, *, #7947, .F. ) ;
#11708 = PLANE ( 'NONE',  #5938 ) ;
#11709 = DIRECTION ( 'NONE',  ( 1.000000000000000000, 0.0000000000000000000, 0.0000000000000000000 ) ) ;
#11710 = LINE ( 'NONE', #2431, #10274 ) ;
#11711 = CARTESIAN_POINT ( 'NONE',  ( 3.900000000000003908, 1.000999999999999890, 25.22500000000000142 ) ) ;
#11712 = DIRECTION ( 'NONE',  ( -0.0000000000000000000, 1.000000000000000000, -0.0000000000000000000 ) ) ;
#11713 = PRESENTATION_STYLE_ASSIGNMENT (( #1496 ) ) ;
#11714 = FACE_OUTER_BOUND ( 'NONE', #11139, .T. ) ;
#11715 = ORIENTED_EDGE ( 'NONE', *, *, #1427, .F. ) ;
#11716 = SURFACE_STYLE_FILL_AREA ( #3654 ) ;
#11717 =( LENGTH_UNIT ( ) NAMED_UNIT ( * ) SI_UNIT ( .MILLI., .METRE. ) );
#11718 =( GEOMETRIC_REPRESENTATION_CONTEXT ( 3 ) GLOBAL_UNCERTAINTY_ASSIGNED_CONTEXT ( ( #11903 ) ) GLOBAL_UNIT_ASSIGNED_CONTEXT ( ( #8608, #1918, #5927 ) ) REPRESENTATION_CONTEXT ( 'NONE', 'WORKASPACE' ) );
#11719 = FACE_OUTER_BOUND ( 'NONE', #12958, .T. ) ;
#11720 = SURFACE_STYLE_USAGE ( .BOTH. , #455 ) ;
#11721 = SURFACE_SIDE_STYLE ('',( #5307 ) ) ;
#11722 = ORIENTED_EDGE ( 'NONE', *, *, #7268, .T. ) ;
#11723 = SURFACE_STYLE_FILL_AREA ( #7597 ) ;
#11724 =( LENGTH_UNIT ( ) NAMED_UNIT ( * ) SI_UNIT ( .MILLI., .METRE. ) );
#11725 = VECTOR ( 'NONE', #1300, 1000.000000000000000 ) ;
#11726 = ORIENTED_EDGE ( 'NONE', *, *, #4412, .F. ) ;
#11727 = LINE ( 'NONE', #13286, #1456 ) ;
#11728 = PLANE ( 'NONE',  #7722 ) ;
#11729 = VECTOR ( 'NONE', #68, 1000.000000000000000 ) ;
#11730 = CARTESIAN_POINT ( 'NONE',  ( -9.200000000000006395, 0.0000000000000000000, -25.47499999999999432 ) ) ;
#11731 = ORIENTED_EDGE ( 'NONE', *, *, #8852, .T. ) ;
#11732 = FILL_AREA_STYLE_COLOUR ( '', #2021 ) ;
#11733 = PRESENTATION_LAYER_ASSIGNMENT (  '', '', ( #7111 ) ) ;
#11734 =( LENGTH_UNIT ( ) NAMED_UNIT ( * ) SI_UNIT ( .MILLI., .METRE. ) );
#11735 = VECTOR ( 'NONE', #9944, 1000.000000000000000 ) ;
#11736 =( NAMED_UNIT ( * ) PLANE_ANGLE_UNIT ( ) SI_UNIT ( $, .RADIAN. ) );
#11737 = VECTOR ( 'NONE', #3662, 1000.000000000000000 ) ;
#11738 =( NAMED_UNIT ( * ) SI_UNIT ( $, .STERADIAN. ) SOLID_ANGLE_UNIT ( ) );
#11739 = DIRECTION ( 'NONE',  ( -0.0000000000000000000, 1.000000000000000000, -0.0000000000000000000 ) ) ;
#11740 = EDGE_CURVE ( 'NONE', #443, #6128, #3880, .T. ) ;
#11741 = DIRECTION ( 'NONE',  ( -0.0000000000000000000, 1.000000000000000000, -0.0000000000000000000 ) ) ;
#11742 = ORIENTED_EDGE ( 'NONE', *, *, #3246, .F. ) ;
#11743 = LINE ( 'NONE', #7824, #2903 ) ;
#11744 = VECTOR ( 'NONE', #11354, 1000.000000000000000 ) ;
#11745 = LINE ( 'NONE', #2467, #4538 ) ;
#11746 = DIRECTION ( 'NONE',  ( -0.0000000000000000000, -1.000000000000000000, -0.0000000000000000000 ) ) ;
#11747 = ORIENTED_EDGE ( 'NONE', *, *, #5815, .F. ) ;
#11748 = STYLED_ITEM ( 'NONE', ( #1106 ), #6956 ) ;
#11749 = LINE ( 'NONE', #1328, #13441 ) ;
#11750 = EDGE_CURVE ( 'NONE', #9738, #9974, #1973, .T. ) ;
#11751 = MECHANICAL_DESIGN_GEOMETRIC_PRESENTATION_REPRESENTATION (  '', ( #6134 ), #13055 ) ;
#11752 = ADVANCED_FACE ( 'NONE', ( #5035 ), #9151, .T. ) ;
#11753 = PRESENTATION_STYLE_ASSIGNMENT (( #8630 ) ) ;
#11754 = VECTOR ( 'NONE', #5191, 1000.000000000000000 ) ;
#11755 =( GEOMETRIC_REPRESENTATION_CONTEXT ( 3 ) GLOBAL_UNCERTAINTY_ASSIGNED_CONTEXT ( ( #9853 ) ) GLOBAL_UNIT_ASSIGNED_CONTEXT ( ( #8376, #9862, #7839 ) ) REPRESENTATION_CONTEXT ( 'NONE', 'WORKASPACE' ) );
#11756 = CARTESIAN_POINT ( 'NONE',  ( 8.100000000000003197, 0.0000000000000000000, 25.22499999999999787 ) ) ;
#11757 = MECHANICAL_DESIGN_GEOMETRIC_PRESENTATION_REPRESENTATION (  '', ( #12185 ), #12395 ) ;
#11758 = EDGE_CURVE ( 'NONE', #5553, #4769, #11509, .T. ) ;
#11759 = PRESENTATION_LAYER_ASSIGNMENT (  '', '', ( #6146 ) ) ;
#11760 = EDGE_CURVE ( 'NONE', #10182, #2055, #11579, .T. ) ;
#11761 = CARTESIAN_POINT ( 'NONE',  ( -7.499999999999995559, 1.000000000000000000, 22.92500000000001137 ) ) ;
#11762 = UNCERTAINTY_MEASURE_WITH_UNIT (LENGTH_MEASURE( 1.000000000000000082E-05 ), #4879, 'distance_accuracy_value', 'NONE');
#11763 = ORIENTED_EDGE ( 'NONE', *, *, #11114, .F. ) ;
#11764 = DIRECTION ( 'NONE',  ( 0.0000000000000000000, 1.000000000000000000, 0.0000000000000000000 ) ) ;
#11765 = CARTESIAN_POINT ( 'NONE',  ( -7.899999999999997691, -0.001000000000000378407, 22.92500000000001137 ) ) ;
#11766 = ORIENTED_EDGE ( 'NONE', *, *, #9833, .F. ) ;
#11767 = MECHANICAL_DESIGN_GEOMETRIC_PRESENTATION_REPRESENTATION (  '', ( #4217 ), #2695 ) ;
#11768 = DIRECTION ( 'NONE',  ( 0.0000000000000000000, 0.0000000000000000000, -1.000000000000000000 ) ) ;
#11769 = FACE_OUTER_BOUND ( 'NONE', #11868, .T. ) ;
#11770 = EDGE_CURVE ( 'NONE', #7781, #12177, #7509, .T. ) ;
#11771 = ORIENTED_EDGE ( 'NONE', *, *, #13244, .F. ) ;
#11772 =( NAMED_UNIT ( * ) PLANE_ANGLE_UNIT ( ) SI_UNIT ( $, .RADIAN. ) );
#11773 = DIRECTION ( 'NONE',  ( 1.000000000000000000, 0.0000000000000000000, 0.0000000000000000000 ) ) ;
#11774 = EDGE_CURVE ( 'NONE', #9987, #9233, #2170, .T. ) ;
#11775 = VECTOR ( 'NONE', #13089, 1000.000000000000000 ) ;
#11776 = CARTESIAN_POINT ( 'NONE',  ( 9.099999999999999645, -0.001000000000000000021, 25.22499999999999787 ) ) ;
#11777 =( LENGTH_UNIT ( ) NAMED_UNIT ( * ) SI_UNIT ( .MILLI., .METRE. ) );
#11778 = VECTOR ( 'NONE', #8594, 1000.000000000000000 ) ;
#11779 =( LENGTH_UNIT ( ) NAMED_UNIT ( * ) SI_UNIT ( .MILLI., .METRE. ) );
#11780 = ORIENTED_EDGE ( 'NONE', *, *, #2848, .T. ) ;
#11781 = SURFACE_SIDE_STYLE ('',( #3708 ) ) ;
#11782 = CARTESIAN_POINT ( 'NONE',  ( -10.09999999999999787, 0.0000000000000000000, 22.92500000000001137 ) ) ;
#11783 = DIRECTION ( 'NONE',  ( -0.0000000000000000000, 1.000000000000000000, -0.0000000000000000000 ) ) ;
#11784 = UNCERTAINTY_MEASURE_WITH_UNIT (LENGTH_MEASURE( 1.000000000000000082E-05 ), #10914, 'distance_accuracy_value', 'NONE');
#11785 = ORIENTED_EDGE ( 'NONE', *, *, #9584, .F. ) ;
#11786 = CARTESIAN_POINT ( 'NONE',  ( 1.900000000000001465, -0.001000000000000000021, 25.22500000000000497 ) ) ;
#11787 = DIRECTION ( 'NONE',  ( 0.0000000000000000000, 1.000000000000000000, 0.0000000000000000000 ) ) ;
#11788 = ORIENTED_EDGE ( 'NONE', *, *, #1821, .F. ) ;
#11789 = PLANE ( 'NONE',  #1613 ) ;
#11790 = CARTESIAN_POINT ( 'NONE',  ( 9.199999999999999289, 0.0000000000000000000, -25.47499999999999432 ) ) ;
#11791 = AXIS2_PLACEMENT_3D ( 'NONE', #11571, #9522, #5484 ) ;
#11792 = EDGE_CURVE ( 'NONE', #8013, #5870, #12578, .T. ) ;
#11793 = VECTOR ( 'NONE', #12707, 1000.000000000000000 ) ;
#11794 = CARTESIAN_POINT ( 'NONE',  ( 15.00000000000000000, 1.000000000000000000, 25.22500000000000853 ) ) ;
#11795 =( GEOMETRIC_REPRESENTATION_CONTEXT ( 3 ) GLOBAL_UNCERTAINTY_ASSIGNED_CONTEXT ( ( #10279 ) ) GLOBAL_UNIT_ASSIGNED_CONTEXT ( ( #1831, #11971, #717 ) ) REPRESENTATION_CONTEXT ( 'NONE', 'WORKASPACE' ) );
#11796 = CARTESIAN_POINT ( 'NONE',  ( 12.10000000000000320, -0.001000000000000000021, 22.92499999999999361 ) ) ;
#11797 =( NAMED_UNIT ( * ) PLANE_ANGLE_UNIT ( ) SI_UNIT ( $, .RADIAN. ) );
#11798 = CARTESIAN_POINT ( 'NONE',  ( 7.900000000000003908, 1.000000000000000000, 22.92499999999999716 ) ) ;
#11799 = ORIENTED_EDGE ( 'NONE', *, *, #13186, .T. ) ;
#11800 = LINE ( 'NONE', #5646, #2256 ) ;
#11801 = PLANE ( 'NONE',  #12813 ) ;
#11802 = ORIENTED_EDGE ( 'NONE', *, *, #11758, .T. ) ;
#11803 = CARTESIAN_POINT ( 'NONE',  ( -9.200000000000004619, 1.000000000000000000, -19.67499999999999361 ) ) ;
#11804 = CARTESIAN_POINT ( 'NONE',  ( -9.699999999999995737, 1.000999999999999890, 25.22500000000001208 ) ) ;
#11805 = AXIS2_PLACEMENT_3D ( 'NONE', #9222, #6175, #10297 ) ;
#11806 = CARTESIAN_POINT ( 'NONE',  ( 0.7000000000000036193, 1.000000000000000000, 22.92500000000000426 ) ) ;
#11807 = VECTOR ( 'NONE', #5109, 1000.000000000000000 ) ;
#11808 = VERTEX_POINT ( 'NONE', #166 ) ;
#11809 = PRESENTATION_STYLE_ASSIGNMENT (( #3599 ) ) ;
#11810 = DIRECTION ( 'NONE',  ( -1.000000000000000000, 0.0000000000000000000, -9.427844978134821433E-17 ) ) ;
#11811 = PLANE ( 'NONE',  #4589 ) ;
#11812 = VERTEX_POINT ( 'NONE', #306 ) ;
#11813 = DIRECTION ( 'NONE',  ( -0.0000000000000000000, -0.7071067811865474617, -0.7071067811865474617 ) ) ;
#11814 = LINE ( 'NONE', #3356, #12485 ) ;
#11815 =( LENGTH_UNIT ( ) NAMED_UNIT ( * ) SI_UNIT ( .MILLI., .METRE. ) );
#11816 = FILL_AREA_STYLE ('',( #5666 ) ) ;
#11817 = ORIENTED_EDGE ( 'NONE', *, *, #4391, .F. ) ;
#11818 = CARTESIAN_POINT ( 'NONE',  ( 9.199999999999999289, 0.0000000000000000000, -25.47499999999999432 ) ) ;
#11819 = DIRECTION ( 'NONE',  ( -0.0000000000000000000, -1.000000000000000000, -0.0000000000000000000 ) ) ;
#11820 = ORIENTED_EDGE ( 'NONE', *, *, #11980, .T. ) ;
#11821 = LINE ( 'NONE', #5598, #2405 ) ;
#11822 = EDGE_CURVE ( 'NONE', #8186, #7500, #10615, .T. ) ;
#11823 = LINE ( 'NONE', #12840, #2140 ) ;
#11824 = SURFACE_SIDE_STYLE ('',( #423 ) ) ;
#11825 = EDGE_CURVE ( 'NONE', #6215, #2538, #1357, .T. ) ;
#11826 = MECHANICAL_DESIGN_GEOMETRIC_PRESENTATION_REPRESENTATION (  '', ( #11612 ), #2096 ) ;
#11827 = PRESENTATION_LAYER_ASSIGNMENT (  '', '', ( #3604 ) ) ;
#11828 = SURFACE_STYLE_USAGE ( .BOTH. , #8896 ) ;
#11829 = ORIENTED_EDGE ( 'NONE', *, *, #10344, .T. ) ;
#11830 = CARTESIAN_POINT ( 'NONE',  ( -3.849999999999997424, 0.0000000000000000000, 22.22500000000001208 ) ) ;
#11831 = CARTESIAN_POINT ( 'NONE',  ( -15.00000000000000000, 0.0000000000000000000, 25.22500000000000853 ) ) ;
#11832 = CARTESIAN_POINT ( 'NONE',  ( -12.84999999999999964, 1.000000000000000000, 25.22500000000000853 ) ) ;
#11833 = DIRECTION ( 'NONE',  ( -0.0000000000000000000, 1.000000000000000000, -0.0000000000000000000 ) ) ;
#11834 = PRESENTATION_LAYER_ASSIGNMENT (  '', '', ( #5151 ) ) ;
#11835 = VERTEX_POINT ( 'NONE', #11369 ) ;
#11836 = CARTESIAN_POINT ( 'NONE',  ( 10.90000000000000391, 1.000999999999999890, 25.22499999999999787 ) ) ;
#11837 = EDGE_CURVE ( 'NONE', #11146, #7332, #5491, .T. ) ;
#11838 = SURFACE_STYLE_FILL_AREA ( #1352 ) ;
#11839 = CARTESIAN_POINT ( 'NONE',  ( 3.500000000000001332, -0.001000000000000000021, 25.22500000000000142 ) ) ;
#11840 = VECTOR ( 'NONE', #155, 1000.000000000000000 ) ;
#11841 = ORIENTED_EDGE ( 'NONE', *, *, #4800, .F. ) ;
#11842 = EDGE_CURVE ( 'NONE', #3369, #11345, #5287, .T. ) ;
#11843 = SURFACE_SIDE_STYLE ('',( #372 ) ) ;
#11844 = DIRECTION ( 'NONE',  ( -0.0000000000000000000, -1.000000000000000000, -0.0000000000000000000 ) ) ;
#11845 = MECHANICAL_DESIGN_GEOMETRIC_PRESENTATION_REPRESENTATION (  '', ( #11638 ), #1043 ) ;
#11846 = ORIENTED_EDGE ( 'NONE', *, *, #8940, .T. ) ;
#11847 = CARTESIAN_POINT ( 'NONE',  ( -9.099999999999996092, 1.000999999999999890, 25.22500000000001208 ) ) ;
#11848 = VECTOR ( 'NONE', #6701, 1000.000000000000000 ) ;
#11849 = DIRECTION ( 'NONE',  ( -1.000000000000000000, -0.0000000000000000000, -0.0000000000000000000 ) ) ;
#11850 = ORIENTED_EDGE ( 'NONE', *, *, #10737, .F. ) ;
#11851 = DIRECTION ( 'NONE',  ( 1.000000000000000000, 0.0000000000000000000, 0.0000000000000000000 ) ) ;
#11852 = EDGE_CURVE ( 'NONE', #8744, #3879, #2227, .T. ) ;
#11853 = PRESENTATION_LAYER_ASSIGNMENT (  '', '', ( #10337 ) ) ;
#11854 = CARTESIAN_POINT ( 'NONE',  ( 7.900000000000003908, 1.000999999999999890, 22.92499999999999716 ) ) ;
#11855 = AXIS2_PLACEMENT_3D ( 'NONE', #9565, #2528, #8820 ) ;
#11856 = LINE ( 'NONE', #5373, #2123 ) ;
#11857 = SURFACE_STYLE_USAGE ( .BOTH. , #3530 ) ;
#11858 = DIRECTION ( 'NONE',  ( 1.000000000000000000, 0.0000000000000000000, 0.0000000000000000000 ) ) ;
#11859 = ORIENTED_EDGE ( 'NONE', *, *, #12548, .F. ) ;
#11860 =( NAMED_UNIT ( * ) SI_UNIT ( $, .STERADIAN. ) SOLID_ANGLE_UNIT ( ) );
#11861 = DIRECTION ( 'NONE',  ( -0.0000000000000000000, -0.0000000000000000000, -1.000000000000000000 ) ) ;
#11862 = LINE ( 'NONE', #601, #460 ) ;
#11863 = ORIENTED_EDGE ( 'NONE', *, *, #2936, .F. ) ;
#11864 = LINE ( 'NONE', #6712, #2067 ) ;
#11865 =( NAMED_UNIT ( * ) SI_UNIT ( $, .STERADIAN. ) SOLID_ANGLE_UNIT ( ) );
#11866 = PRESENTATION_STYLE_ASSIGNMENT (( #536 ) ) ;
#11867 = CARTESIAN_POINT ( 'NONE',  ( 9.199999999999999289, 0.0000000000000000000, -19.67499999999999361 ) ) ;
#11868 = EDGE_LOOP ( 'NONE', ( #9060, #1420, #11185, #12042 ) ) ;
#11870 =( GEOMETRIC_REPRESENTATION_CONTEXT ( 3 ) GLOBAL_UNCERTAINTY_ASSIGNED_CONTEXT ( ( #3628 ) ) GLOBAL_UNIT_ASSIGNED_CONTEXT ( ( #6730, #2614, #2473 ) ) REPRESENTATION_CONTEXT ( 'NONE', 'WORKASPACE' ) );
#11869 = FACE_OUTER_BOUND ( 'NONE', #10641, .T. ) ;
#11871 = DIRECTION ( 'NONE',  ( 1.000000000000000000, 0.0000000000000000000, 3.771137991253928573E-16 ) ) ;
#11872 =( NAMED_UNIT ( * ) SI_UNIT ( $, .STERADIAN. ) SOLID_ANGLE_UNIT ( ) );
#11873 = FACE_OUTER_BOUND ( 'NONE', #2154, .T. ) ;
#11874 = VERTEX_POINT ( 'NONE', #6232 ) ;
#11875 = VECTOR ( 'NONE', #9367, 1000.000000000000000 ) ;
#11876 = AXIS2_PLACEMENT_3D ( 'NONE', #11339, #13319, #2135 ) ;
#11877 = ORIENTED_EDGE ( 'NONE', *, *, #5777, .T. ) ;
#11878 = FILL_AREA_STYLE ('',( #763 ) ) ;
#11879 = DIRECTION ( 'NONE',  ( -1.000000000000000000, -0.0000000000000000000, -0.0000000000000000000 ) ) ;
#11880 = ORIENTED_EDGE ( 'NONE', *, *, #1989, .F. ) ;
#11881 = STYLED_ITEM ( 'NONE', ( #10775 ), #728 ) ;
#11882 = CIRCLE ( 'NONE', #6257, 1.299999999999999156 ) ;
#11883 = STYLED_ITEM ( 'NONE', ( #5182 ), #4907 ) ;
#11884 =( LENGTH_UNIT ( ) NAMED_UNIT ( * ) SI_UNIT ( .MILLI., .METRE. ) );
#11885 = FILL_AREA_STYLE_COLOUR ( '', #12907 ) ;
#11886 = SURFACE_STYLE_FILL_AREA ( #3623 ) ;
#11887 = VERTEX_POINT ( 'NONE', #9404 ) ;
#11888 = CARTESIAN_POINT ( 'NONE',  ( -10.29999999999999893, -0.001000000000000757011, 22.92500000000001137 ) ) ;
#11889 = DIRECTION ( 'NONE',  ( 3.771137991253928573E-16, 0.0000000000000000000, -1.000000000000000000 ) ) ;
#11890 = DIRECTION ( 'NONE',  ( 0.0000000000000000000, -0.0000000000000000000, 1.000000000000000000 ) ) ;
#11891 = PRESENTATION_STYLE_ASSIGNMENT (( #4936 ) ) ;
#11892 = UNCERTAINTY_MEASURE_WITH_UNIT (LENGTH_MEASURE( 1.000000000000000082E-05 ), #11884, 'distance_accuracy_value', 'NONE');
#11893 =( LENGTH_UNIT ( ) NAMED_UNIT ( * ) SI_UNIT ( .MILLI., .METRE. ) );
#11894 = CARTESIAN_POINT ( 'NONE',  ( -15.00000000000000000, -1.350000000000000089, 20.37500000000001066 ) ) ;
#11895 = ORIENTED_EDGE ( 'NONE', *, *, #5819, .T. ) ;
#11896 = CARTESIAN_POINT ( 'NONE',  ( -10.49999999999999467, 1.000999999999999890, 22.92500000000001137 ) ) ;
#11897 = ADVANCED_FACE ( 'NONE', ( #10352 ), #5221, .F. ) ;
#11898 = SURFACE_STYLE_FILL_AREA ( #108 ) ;
#11899 = VECTOR ( 'NONE', #2596, 1000.000000000000000 ) ;
#11900 = FILL_AREA_STYLE_COLOUR ( '', #11207 ) ;
#11901 = SURFACE_STYLE_FILL_AREA ( #13067 ) ;
#11902 = ORIENTED_EDGE ( 'NONE', *, *, #13011, .F. ) ;
#11903 = UNCERTAINTY_MEASURE_WITH_UNIT (LENGTH_MEASURE( 1.000000000000000082E-05 ), #8608, 'distance_accuracy_value', 'NONE');
#11905 = EDGE_CURVE ( 'NONE', #13210, #9982, #7649, .T. ) ;
#11904 = SURFACE_STYLE_FILL_AREA ( #650 ) ;
#11906 = ORIENTED_EDGE ( 'NONE', *, *, #12390, .F. ) ;
#11907 = FACE_OUTER_BOUND ( 'NONE', #9529, .T. ) ;
#11908 =( NAMED_UNIT ( * ) SI_UNIT ( $, .STERADIAN. ) SOLID_ANGLE_UNIT ( ) );
#11909 = LINE ( 'NONE', #10895, #7167 ) ;
#11910 = VECTOR ( 'NONE', #10268, 1000.000000000000000 ) ;
#11911 =( LENGTH_UNIT ( ) NAMED_UNIT ( * ) SI_UNIT ( .MILLI., .METRE. ) );
#11912 = VERTEX_POINT ( 'NONE', #11782 ) ;
#11913 = LINE ( 'NONE', #10622, #2250 ) ;
#11914 = DIRECTION ( 'NONE',  ( -0.0000000000000000000, 1.000000000000000000, -0.0000000000000000000 ) ) ;
#11915 = CARTESIAN_POINT ( 'NONE',  ( -1.699999999999996625, 1.000000000000000000, 22.92500000000000782 ) ) ;
#11916 = ADVANCED_FACE ( 'NONE', ( #3647 ), #5623, .T. ) ;
#11917 = EDGE_CURVE ( 'NONE', #3790, #4100, #6841, .T. ) ;
#11918 = EDGE_CURVE ( 'NONE', #5320, #12646, #3449, .T. ) ;
#11919 = FILL_AREA_STYLE_COLOUR ( '', #12939 ) ;
#11920 = ORIENTED_EDGE ( 'NONE', *, *, #1499, .F. ) ;
#11922 = EDGE_CURVE ( 'NONE', #8069, #6780, #7578, .T. ) ;
#11921 = DIRECTION ( 'NONE',  ( -0.0000000000000000000, -1.000000000000000000, -0.0000000000000000000 ) ) ;
#11923 = CARTESIAN_POINT ( 'NONE',  ( 4.900000000000002132, -0.001000000000000000021, 22.92500000000000071 ) ) ;
#11924 = EDGE_CURVE ( 'NONE', #2740, #5597, #5705, .T. ) ;
#11925 =( LENGTH_UNIT ( ) NAMED_UNIT ( * ) SI_UNIT ( .MILLI., .METRE. ) );
#11926 = VERTEX_POINT ( 'NONE', #9669 ) ;
#11927 = SURFACE_SIDE_STYLE ('',( #7803 ) ) ;
#11928 = ORIENTED_EDGE ( 'NONE', *, *, #6570, .T. ) ;
#11929 =( NAMED_UNIT ( * ) SI_UNIT ( $, .STERADIAN. ) SOLID_ANGLE_UNIT ( ) );
#11930 = MECHANICAL_DESIGN_GEOMETRIC_PRESENTATION_REPRESENTATION (  '', ( #2636 ), #8459 ) ;
#11931 = FACE_OUTER_BOUND ( 'NONE', #11313, .T. ) ;
#11932 = DIRECTION ( 'NONE',  ( -1.000000000000000000, 0.0000000000000000000, -3.771137991253928573E-16 ) ) ;
#11933 = STYLED_ITEM ( 'NONE', ( #1655 ), #2069 ) ;
#11934 = EDGE_CURVE ( 'NONE', #10879, #11130, #7712, .T. ) ;
#11935 = PRESENTATION_LAYER_ASSIGNMENT (  '', '', ( #2871 ) ) ;
#11936 = ADVANCED_FACE ( 'NONE', ( #6684 ), #12792, .F. ) ;
#11937 = SURFACE_STYLE_FILL_AREA ( #5659 ) ;
#11938 = PRESENTATION_STYLE_ASSIGNMENT (( #11059 ) ) ;
#11939 = SURFACE_STYLE_USAGE ( .BOTH. , #413 ) ;
#11940 = VECTOR ( 'NONE', #3409, 1000.000000000000000 ) ;
#11941 = CARTESIAN_POINT ( 'NONE',  ( -6.499999999999995559, 1.000000000000000000, 22.92500000000001137 ) ) ;
#11942 = MECHANICAL_DESIGN_GEOMETRIC_PRESENTATION_REPRESENTATION (  '', ( #12163 ), #2428 ) ;
#11943 = SURFACE_SIDE_STYLE ('',( #10859 ) ) ;
#11944 = AXIS2_PLACEMENT_3D ( 'NONE', #9294, #10378, #5386 ) ;
#11945 = VERTEX_POINT ( 'NONE', #13141 ) ;
#11946 = CARTESIAN_POINT ( 'NONE',  ( 0.5000000000000034417, 1.000999999999999890, 22.92500000000000426 ) ) ;
#11947 = LINE ( 'NONE', #10655, #8699 ) ;
#11948 = ORIENTED_EDGE ( 'NONE', *, *, #11417, .F. ) ;
#11949 = VECTOR ( 'NONE', #11131, 1000.000000000000000 ) ;
#11950 = VECTOR ( 'NONE', #5749, 1000.000000000000000 ) ;
#11951 = AXIS2_PLACEMENT_3D ( 'NONE', #2998, #3877, #5984 ) ;
#11952 = EDGE_CURVE ( 'NONE', #4966, #7490, #11100, .T. ) ;
#11953 = VECTOR ( 'NONE', #1069, 1000.000000000000000 ) ;
#11954 =( GEOMETRIC_REPRESENTATION_CONTEXT ( 3 ) GLOBAL_UNCERTAINTY_ASSIGNED_CONTEXT ( ( #5681 ) ) GLOBAL_UNIT_ASSIGNED_CONTEXT ( ( #8128, #10212, #795 ) ) REPRESENTATION_CONTEXT ( 'NONE', 'WORKASPACE' ) );
#11955 = DIRECTION ( 'NONE',  ( -0.0000000000000000000, -1.000000000000000000, -0.0000000000000000000 ) ) ;
#11956 =( GEOMETRIC_REPRESENTATION_CONTEXT ( 3 ) GLOBAL_UNCERTAINTY_ASSIGNED_CONTEXT ( ( #10669 ) ) GLOBAL_UNIT_ASSIGNED_CONTEXT ( ( #2826, #7960, #12278 ) ) REPRESENTATION_CONTEXT ( 'NONE', 'WORKASPACE' ) );
#11957 = EDGE_LOOP ( 'NONE', ( #7168, #8779, #8162, #1890 ) ) ;
#11958 = LINE ( 'NONE', #9855, #12376 ) ;
#11959 = LINE ( 'NONE', #6667, #6594 ) ;
#11960 = STYLED_ITEM ( 'NONE', ( #6423 ), #10870 ) ;
#11961 = FACE_OUTER_BOUND ( 'NONE', #10834, .T. ) ;
#11962 =( NAMED_UNIT ( * ) PLANE_ANGLE_UNIT ( ) SI_UNIT ( $, .RADIAN. ) );
#11963 = CARTESIAN_POINT ( 'NONE',  ( 4.700000000000004619, 1.000999999999999890, 25.22500000000000142 ) ) ;
#11964 = ORIENTED_EDGE ( 'NONE', *, *, #10331, .T. ) ;
#11965 = DIRECTION ( 'NONE',  ( 1.000000000000000000, 0.0000000000000000000, 0.0000000000000000000 ) ) ;
#11966 = VECTOR ( 'NONE', #4532, 1000.000000000000000 ) ;
#11967 = MECHANICAL_DESIGN_GEOMETRIC_PRESENTATION_REPRESENTATION (  '', ( #6778 ), #2463 ) ;
#11968 =( GEOMETRIC_REPRESENTATION_CONTEXT ( 3 ) GLOBAL_UNCERTAINTY_ASSIGNED_CONTEXT ( ( #13112 ) ) GLOBAL_UNIT_ASSIGNED_CONTEXT ( ( #5519, #7338, #1253 ) ) REPRESENTATION_CONTEXT ( 'NONE', 'WORKASPACE' ) );
#11969 = VERTEX_POINT ( 'NONE', #4062 ) ;
#11970 = CARTESIAN_POINT ( 'NONE',  ( 10.50000000000000178, 0.0000000000000000000, 22.92499999999999716 ) ) ;
#11971 =( NAMED_UNIT ( * ) PLANE_ANGLE_UNIT ( ) SI_UNIT ( $, .RADIAN. ) );
#11972 = SURFACE_STYLE_FILL_AREA ( #7715 ) ;
#11973 = CARTESIAN_POINT ( 'NONE',  ( -6.899999999999998579, -0.001000000000000126222, 22.92500000000001137 ) ) ;
#11974 = VECTOR ( 'NONE', #3900, 1000.000000000000000 ) ;
#11975 = CARTESIAN_POINT ( 'NONE',  ( -15.00000000000000000, 0.0000000000000000000, 25.22500000000000853 ) ) ;
#11976 = ORIENTED_EDGE ( 'NONE', *, *, #2468, .F. ) ;
#11977 = DIRECTION ( 'NONE',  ( -1.000000000000000000, 0.0000000000000000000, 9.427844978134821433E-17 ) ) ;
#11978 = FILL_AREA_STYLE ('',( #4893 ) ) ;
#11979 = STYLED_ITEM ( 'NONE', ( #5632 ), #7206 ) ;
#11980 = EDGE_CURVE ( 'NONE', #10277, #4317, #3865, .T. ) ;
#11981 = CARTESIAN_POINT ( 'NONE',  ( -0.6999999999999975131, 0.0000000000000000000, 25.22500000000000853 ) ) ;
#11982 = VECTOR ( 'NONE', #12774, 1000.000000000000000 ) ;
#11983 = PRESENTATION_LAYER_ASSIGNMENT (  '', '', ( #4444 ) ) ;
#11984 = DIRECTION ( 'NONE',  ( 1.000000000000000000, 0.0000000000000000000, 0.0000000000000000000 ) ) ;
#11985 = SURFACE_STYLE_FILL_AREA ( #4627 ) ;
#11986 = ORIENTED_EDGE ( 'NONE', *, *, #993, .F. ) ;
#11987 = CARTESIAN_POINT ( 'NONE',  ( -1.099999999999996758, 1.000999999999999890, 22.92500000000000782 ) ) ;
#11988 = EDGE_CURVE ( 'NONE', #9759, #7360, #5969, .T. ) ;
#11989 = DIRECTION ( 'NONE',  ( 0.0000000000000000000, 0.0000000000000000000, -1.000000000000000000 ) ) ;
#11990 = EDGE_CURVE ( 'NONE', #8728, #1021, #7103, .T. ) ;
#11991 = FACE_OUTER_BOUND ( 'NONE', #3640, .T. ) ;
#11992 = EDGE_LOOP ( 'NONE', ( #7247, #2563, #6267, #2965 ) ) ;
#11993 = PLANE ( 'NONE',  #8134 ) ;
#11994 = MECHANICAL_DESIGN_GEOMETRIC_PRESENTATION_REPRESENTATION (  '', ( #7899 ), #4655 ) ;
#11995 = ORIENTED_EDGE ( 'NONE', *, *, #3461, .T. ) ;
#11996 = PLANE ( 'NONE',  #8083 ) ;
#11997 =( LENGTH_UNIT ( ) NAMED_UNIT ( * ) SI_UNIT ( .MILLI., .METRE. ) );
#11998 = COLOUR_RGB ( '',1.000000000000000000, 1.000000000000000000, 0.0000000000000000000 ) ;
#11999 = SURFACE_STYLE_FILL_AREA ( #8150 ) ;
#12000 = VERTEX_POINT ( 'NONE', #11224 ) ;
#12001 = EDGE_CURVE ( 'NONE', #10699, #4206, #2027, .T. ) ;
#12002 = LINE ( 'NONE', #3832, #7936 ) ;
#12003 = CARTESIAN_POINT ( 'NONE',  ( 14.99999999999999822, 3.399999999999999911, 22.27500000000000568 ) ) ;
#12004 = DIRECTION ( 'NONE',  ( -1.000000000000000000, 0.0000000000000000000, 9.427844978134821433E-17 ) ) ;
#12005 = EDGE_CURVE ( 'NONE', #4100, #7845, #8179, .T. ) ;
#12006 = MECHANICAL_DESIGN_GEOMETRIC_PRESENTATION_REPRESENTATION (  '', ( #9839 ), #7910 ) ;
#12007 = DIRECTION ( 'NONE',  ( -0.0000000000000000000, 0.0000000000000000000, 1.000000000000000000 ) ) ;
#12008 = UNCERTAINTY_MEASURE_WITH_UNIT (LENGTH_MEASURE( 1.000000000000000082E-05 ), #3028, 'distance_accuracy_value', 'NONE');
#12009 = ORIENTED_EDGE ( 'NONE', *, *, #8533, .F. ) ;
#12010 = CARTESIAN_POINT ( 'NONE',  ( -10.09999999999999787, -0.001000000000000630810, 22.92500000000001137 ) ) ;
#12011 = VECTOR ( 'NONE', #3142, 1000.000000000000000 ) ;
#12012 = COLOUR_RGB ( '',1.000000000000000000, 1.000000000000000000, 0.0000000000000000000 ) ;
#12013 = CARTESIAN_POINT ( 'NONE',  ( -12.10000000000000320, 0.0000000000000000000, -21.27499999999998792 ) ) ;
#12014 = ORIENTED_EDGE ( 'NONE', *, *, #7001, .F. ) ;
#12015 = CARTESIAN_POINT ( 'NONE',  ( 6.300000000000003375, 1.000999999999999890, 22.92500000000000071 ) ) ;
#12016 = ORIENTED_EDGE ( 'NONE', *, *, #4925, .F. ) ;
#12017 = STYLED_ITEM ( 'NONE', ( #35 ), #9923 ) ;
#12018 = DIRECTION ( 'NONE',  ( 0.0000000000000000000, 0.0000000000000000000, -1.000000000000000000 ) ) ;
#12019 = FACE_OUTER_BOUND ( 'NONE', #3253, .T. ) ;
#12020 = UNCERTAINTY_MEASURE_WITH_UNIT (LENGTH_MEASURE( 1.000000000000000082E-05 ), #3840, 'distance_accuracy_value', 'NONE');
#12021 = ORIENTED_EDGE ( 'NONE', *, *, #7705, .F. ) ;
#12022 = DIRECTION ( 'NONE',  ( -0.0000000000000000000, 1.000000000000000000, -0.0000000000000000000 ) ) ;
#12023 = SURFACE_STYLE_FILL_AREA ( #2622 ) ;
#12024 = CARTESIAN_POINT ( 'NONE',  ( -0.2999999999999966582, 1.000999999999999890, 22.92500000000000782 ) ) ;
#12025 = UNCERTAINTY_MEASURE_WITH_UNIT (LENGTH_MEASURE( 1.000000000000000082E-05 ), #11281, 'distance_accuracy_value', 'NONE');
#12026 = COLOUR_RGB ( '',1.000000000000000000, 1.000000000000000000, 0.0000000000000000000 ) ;
#12027 = LINE ( 'NONE', #6670, #9847 ) ;
#12028 = SURFACE_STYLE_USAGE ( .BOTH. , #10198 ) ;
#12029 = FILL_AREA_STYLE_COLOUR ( '', #4209 ) ;
#12030 = ORIENTED_EDGE ( 'NONE', *, *, #3069, .F. ) ;
#12031 = DIRECTION ( 'NONE',  ( -0.0000000000000000000, -0.0000000000000000000, -1.000000000000000000 ) ) ;
#12032 = PRESENTATION_LAYER_ASSIGNMENT (  '', '', ( #11355 ) ) ;
#12033 = COLOUR_RGB ( '',1.000000000000000000, 1.000000000000000000, 0.0000000000000000000 ) ;
#12034 = DIRECTION ( 'NONE',  ( -0.0000000000000000000, 0.0000000000000000000, 1.000000000000000000 ) ) ;
#12035 = DIRECTION ( 'NONE',  ( 0.0000000000000000000, -1.000000000000000000, 0.0000000000000000000 ) ) ;
#12036 = ORIENTED_EDGE ( 'NONE', *, *, #1153, .T. ) ;
#12037 = CARTESIAN_POINT ( 'NONE',  ( 7.900000000000003908, 1.000000000000000000, 22.92499999999999716 ) ) ;
#12038 = UNCERTAINTY_MEASURE_WITH_UNIT (LENGTH_MEASURE( 1.000000000000000082E-05 ), #6230, 'distance_accuracy_value', 'NONE');
#12039 = CARTESIAN_POINT ( 'NONE',  ( 9.099999999999999645, -0.001000000000000000021, 25.22499999999999787 ) ) ;
#12040 = FACE_OUTER_BOUND ( 'NONE', #2756, .T. ) ;
#12041 = UNCERTAINTY_MEASURE_WITH_UNIT (LENGTH_MEASURE( 1.000000000000000082E-05 ), #9807, 'distance_accuracy_value', 'NONE');
#12042 = ORIENTED_EDGE ( 'NONE', *, *, #12737, .T. ) ;
#12043 = LINE ( 'NONE', #2791, #420 ) ;
#12044 = PLANE ( 'NONE',  #9364 ) ;
#12045 = ORIENTED_EDGE ( 'NONE', *, *, #2770, .T. ) ;
#12046 = CARTESIAN_POINT ( 'NONE',  ( 5.300000000000004263, 1.000999999999999890, 22.92500000000000071 ) ) ;
#12047 = CARTESIAN_POINT ( 'NONE',  ( -7.099999999999998757, -0.001000000000000252423, 25.22500000000001208 ) ) ;
#12048 = AXIS2_PLACEMENT_3D ( 'NONE', #702, #13191, #8977 ) ;
#12049 = DIRECTION ( 'NONE',  ( -0.0000000000000000000, -1.000000000000000000, -0.0000000000000000000 ) ) ;
#12050 = STYLED_ITEM ( 'NONE', ( #8848 ), #1262 ) ;
#12051 = ORIENTED_EDGE ( 'NONE', *, *, #7534, .F. ) ;
#12052 = SURFACE_SIDE_STYLE ('',( #5573 ) ) ;
#12053 = SURFACE_STYLE_FILL_AREA ( #3816 ) ;
#12054 = VERTEX_POINT ( 'NONE', #2854 ) ;
#12055 = DIRECTION ( 'NONE',  ( -0.0000000000000000000, -1.000000000000000000, -0.0000000000000000000 ) ) ;
#12056 = SURFACE_STYLE_USAGE ( .BOTH. , #7942 ) ;
#12057 = CARTESIAN_POINT ( 'NONE',  ( -8.499999999999998224, -3.784851220313032271E-16, 25.22500000000001208 ) ) ;
#12058 = ORIENTED_EDGE ( 'NONE', *, *, #8835, .T. ) ;
#12059 = CARTESIAN_POINT ( 'NONE',  ( 9.700000000000002842, -0.001000000000000000021, 22.92499999999999716 ) ) ;
#12060 = DIRECTION ( 'NONE',  ( -9.427844978134821433E-17, -0.0000000000000000000, 1.000000000000000000 ) ) ;
#12061 =( GEOMETRIC_REPRESENTATION_CONTEXT ( 3 ) GLOBAL_UNCERTAINTY_ASSIGNED_CONTEXT ( ( #647 ) ) GLOBAL_UNIT_ASSIGNED_CONTEXT ( ( #10759, #9545, #8463 ) ) REPRESENTATION_CONTEXT ( 'NONE', 'WORKASPACE' ) );
#12062 = CARTESIAN_POINT ( 'NONE',  ( -6.499999999999995559, 1.000999999999999890, 25.22500000000001208 ) ) ;
#12063 = EDGE_LOOP ( 'NONE', ( #3464, #11512, #555, #6225 ) ) ;
#12064 = ADVANCED_FACE ( 'NONE', ( #7985 ), #6972, .F. ) ;
#12065 = LINE ( 'NONE', #9095, #10550 ) ;
#12066 = DIRECTION ( 'NONE',  ( -1.000000000000000000, 0.0000000000000000000, -9.427844978134821433E-17 ) ) ;
#12067 = CARTESIAN_POINT ( 'NONE',  ( 1.100000000000002087, -0.001000000000000000021, 22.92500000000000426 ) ) ;
#12068 = PLANE ( 'NONE',  #5468 ) ;
#12069 = VERTEX_POINT ( 'NONE', #11024 ) ;
#12070 = LINE ( 'NONE', #4852, #1671 ) ;
#12071 = ADVANCED_FACE ( 'NONE', ( #12040 ), #9357, .F. ) ;
#12072 = SURFACE_STYLE_FILL_AREA ( #11878 ) ;
#12073 = ORIENTED_EDGE ( 'NONE', *, *, #7462, .T. ) ;
#12074 = CARTESIAN_POINT ( 'NONE',  ( 8.700000000000002842, 1.000999999999999890, 22.92499999999999716 ) ) ;
#12075 = VERTEX_POINT ( 'NONE', #11454 ) ;
#12076 = DIRECTION ( 'NONE',  ( 0.0000000000000000000, 0.0000000000000000000, -1.000000000000000000 ) ) ;
#12077 = EDGE_CURVE ( 'NONE', #3826, #2658, #262, .T. ) ;
#12078 = FILL_AREA_STYLE_COLOUR ( '', #4322 ) ;
#12079 = EDGE_CURVE ( 'NONE', #1276, #13097, #12601, .T. ) ;
#12080 = SURFACE_SIDE_STYLE ('',( #12842 ) ) ;
#12081 = PLANE ( 'NONE',  #9319 ) ;
#12082 = VERTEX_POINT ( 'NONE', #10636 ) ;
#12083 = DIRECTION ( 'NONE',  ( -1.000000000000000000, -0.0000000000000000000, -0.0000000000000000000 ) ) ;
#12084 = CARTESIAN_POINT ( 'NONE',  ( -8.099999999999996092, 1.000999999999999890, 22.92500000000001137 ) ) ;
#12085 = EDGE_CURVE ( 'NONE', #10386, #12712, #7533, .T. ) ;
#12086 = SURFACE_STYLE_USAGE ( .BOTH. , #776 ) ;
#12087 = EDGE_CURVE ( 'NONE', #6350, #4224, #4303, .T. ) ;
#12088 = CARTESIAN_POINT ( 'NONE',  ( -2.099999999999998757, 0.0000000000000000000, 25.22500000000000853 ) ) ;
#12089 = SURFACE_SIDE_STYLE ('',( #2979 ) ) ;
#12090 = VECTOR ( 'NONE', #11188, 1000.000000000000000 ) ;
#12091 = MECHANICAL_DESIGN_GEOMETRIC_PRESENTATION_REPRESENTATION (  '', ( #11665 ), #2821 ) ;
#12092 = LINE ( 'NONE', #10002, #10030 ) ;
#12093 = ORIENTED_EDGE ( 'NONE', *, *, #9044, .T. ) ;
#12094 = FACE_OUTER_BOUND ( 'NONE', #1149, .T. ) ;
#12095 = PLANE ( 'NONE',  #805 ) ;
#12096 = AXIS2_PLACEMENT_3D ( 'NONE', #3258, #5431, #9540 ) ;
#12097 = MECHANICAL_DESIGN_GEOMETRIC_PRESENTATION_REPRESENTATION (  '', ( #6680 ), #11443 ) ;
#12098 = ORIENTED_EDGE ( 'NONE', *, *, #1369, .F. ) ;
#12099 = LINE ( 'NONE', #4111, #8084 ) ;
#12100 = FACE_OUTER_BOUND ( 'NONE', #10114, .T. ) ;
#12101 = DIRECTION ( 'NONE',  ( -1.000000000000000000, 0.0000000000000000000, -3.771137991253928573E-16 ) ) ;
#12102 = FILL_AREA_STYLE ('',( #4949 ) ) ;
#12103 = ORIENTED_EDGE ( 'NONE', *, *, #4361, .F. ) ;
#12104 = CARTESIAN_POINT ( 'NONE',  ( -8.499999999999996447, -0.001000000000000378407, 22.92500000000001137 ) ) ;
#12105 = DIRECTION ( 'NONE',  ( -1.000000000000000000, 0.0000000000000000000, -0.0000000000000000000 ) ) ;
#12106 =( NAMED_UNIT ( * ) PLANE_ANGLE_UNIT ( ) SI_UNIT ( $, .RADIAN. ) );
#12107 = ORIENTED_EDGE ( 'NONE', *, *, #2144, .T. ) ;
#12108 =( NAMED_UNIT ( * ) PLANE_ANGLE_UNIT ( ) SI_UNIT ( $, .RADIAN. ) );
#12109 =( NAMED_UNIT ( * ) SI_UNIT ( $, .STERADIAN. ) SOLID_ANGLE_UNIT ( ) );
#12110 = AXIS2_PLACEMENT_3D ( 'NONE', #5973, #10083, #6166 ) ;
#12111 = SURFACE_STYLE_FILL_AREA ( #799 ) ;
#12112 = VECTOR ( 'NONE', #7801, 1000.000000000000000 ) ;
#12113 = CARTESIAN_POINT ( 'NONE',  ( 0.9000000000000019096, -0.001000000000000000021, 25.22500000000000497 ) ) ;
#12114 = PRESENTATION_STYLE_ASSIGNMENT (( #2935 ) ) ;
#12115 = FILL_AREA_STYLE ('',( #8933 ) ) ;
#12116 = AXIS2_PLACEMENT_3D ( 'NONE', #171, #13423, #6238 ) ;
#12117 = PRESENTATION_LAYER_ASSIGNMENT (  '', '', ( #4356 ) ) ;
#12118 = ORIENTED_EDGE ( 'NONE', *, *, #1506, .T. ) ;
#12119 = DIRECTION ( 'NONE',  ( 0.0000000000000000000, -1.000000000000000000, 0.0000000000000000000 ) ) ;
#12120 = PRESENTATION_STYLE_ASSIGNMENT (( #7057 ) ) ;
#12121 = ORIENTED_EDGE ( 'NONE', *, *, #12230, .F. ) ;
#12122 = CARTESIAN_POINT ( 'NONE',  ( 14.99999999999999822, 3.399999999999999911, 22.27500000000000568 ) ) ;
#12123 = DIRECTION ( 'NONE',  ( -9.427844978134821433E-17, 0.0000000000000000000, 1.000000000000000000 ) ) ;
#12124 = AXIS2_PLACEMENT_3D ( 'NONE', #13125, #5686, #9792 ) ;
#12125 = EDGE_LOOP ( 'NONE', ( #905, #7751, #5408, #12491 ) ) ;
#12126 =( NAMED_UNIT ( * ) PLANE_ANGLE_UNIT ( ) SI_UNIT ( $, .RADIAN. ) );
#12127 = ORIENTED_EDGE ( 'NONE', *, *, #2577, .T. ) ;
#12128 = STYLED_ITEM ( 'NONE', ( #1840 ), #2169 ) ;
#12129 = DIRECTION ( 'NONE',  ( 1.000000000000000000, 0.0000000000000000000, 0.0000000000000000000 ) ) ;
#12130 = CARTESIAN_POINT ( 'NONE',  ( -0.09999999999999635569, 1.000999999999999890, 25.22500000000000497 ) ) ;
#12131 =( NAMED_UNIT ( * ) SI_UNIT ( $, .STERADIAN. ) SOLID_ANGLE_UNIT ( ) );
#12132 = EDGE_LOOP ( 'NONE', ( #2205, #13113, #1509, #2224, #1344, #10405 ) ) ;
#12133 = PLANE ( 'NONE',  #9188 ) ;
#12134 = FILL_AREA_STYLE ('',( #13437 ) ) ;
#12135 = UNCERTAINTY_MEASURE_WITH_UNIT (LENGTH_MEASURE( 1.000000000000000082E-05 ), #11061, 'distance_accuracy_value', 'NONE');
#12136 = VERTEX_POINT ( 'NONE', #6317 ) ;
#12137 = CARTESIAN_POINT ( 'NONE',  ( -9.499999999999998224, -0.001000000000000630810, 22.92500000000001137 ) ) ;
#12138 = VECTOR ( 'NONE', #9147, 1000.000000000000000 ) ;
#12139 = ORIENTED_EDGE ( 'NONE', *, *, #11328, .T. ) ;
#12140 = LINE ( 'NONE', #2897, #9152 ) ;
#12141 = VERTEX_POINT ( 'NONE', #3270 ) ;
#12142 = VECTOR ( 'NONE', #13309, 1000.000000000000000 ) ;
#12143 = SURFACE_STYLE_FILL_AREA ( #2900 ) ;
#12144 = SURFACE_STYLE_USAGE ( .BOTH. , #3636 ) ;
#12145 = CARTESIAN_POINT ( 'NONE',  ( 8.300000000000004263, -0.001000000000000000021, 22.92499999999999716 ) ) ;
#12146 = PRESENTATION_LAYER_ASSIGNMENT (  '', '', ( #9550 ) ) ;
#12147 = VECTOR ( 'NONE', #13094, 1000.000000000000000 ) ;
#12148 = EDGE_CURVE ( 'NONE', #665, #13438, #7397, .T. ) ;
#12149 = FACE_OUTER_BOUND ( 'NONE', #11044, .T. ) ;
#12150 = MECHANICAL_DESIGN_GEOMETRIC_PRESENTATION_REPRESENTATION (  '', ( #13243 ), #452 ) ;
#12151 = CARTESIAN_POINT ( 'NONE',  ( -10.90000000000000036, -0.001000000000000757011, 25.22500000000001208 ) ) ;
#12152 = UNCERTAINTY_MEASURE_WITH_UNIT (LENGTH_MEASURE( 1.000000000000000082E-05 ), #5293, 'distance_accuracy_value', 'NONE');
#12153 = ORIENTED_EDGE ( 'NONE', *, *, #11852, .T. ) ;
#12154 = DIRECTION ( 'NONE',  ( -1.000000000000000000, -0.0000000000000000000, -0.0000000000000000000 ) ) ;
#12155 = PRESENTATION_STYLE_ASSIGNMENT (( #13190 ) ) ;
#12156 = ADVANCED_FACE ( 'NONE', ( #2384 ), #6512, .F. ) ;
#12157 = CARTESIAN_POINT ( 'NONE',  ( 8.100000000000003197, 0.0000000000000000000, 22.92499999999999716 ) ) ;
#12158 = CARTESIAN_POINT ( 'NONE',  ( -9.299999999999998934, -0.001000000000000504609, 25.22500000000001208 ) ) ;
#12159 = EDGE_CURVE ( 'NONE', #1621, #3340, #8741, .T. ) ;
#12160 = SURFACE_STYLE_FILL_AREA ( #5078 ) ;
#12161 = MECHANICAL_DESIGN_GEOMETRIC_PRESENTATION_REPRESENTATION (  '', ( #10644 ), #5050 ) ;
#12162 =( NAMED_UNIT ( * ) PLANE_ANGLE_UNIT ( ) SI_UNIT ( $, .RADIAN. ) );
#12163 = STYLED_ITEM ( 'NONE', ( #12269 ), #10520 ) ;
#12164 = VERTEX_POINT ( 'NONE', #1573 ) ;
#12165 = CIRCLE ( 'NONE', #6335, 0.7999999999999986011 ) ;
#12166 = EDGE_CURVE ( 'Edge3', #4321, #11561, #463, .T. ) ;
#12167 = EDGE_CURVE ( 'NONE', #9083, #7727, #5794, .T. ) ;
#12168 = DIRECTION ( 'NONE',  ( -0.0000000000000000000, -1.000000000000000000, -0.0000000000000000000 ) ) ;
#12169 = ORIENTED_EDGE ( 'NONE', *, *, #10029, .F. ) ;
#12170 =( NAMED_UNIT ( * ) PLANE_ANGLE_UNIT ( ) SI_UNIT ( $, .RADIAN. ) );
#12171 = UNCERTAINTY_MEASURE_WITH_UNIT (LENGTH_MEASURE( 1.000000000000000082E-05 ), #3955, 'distance_accuracy_value', 'NONE');
#12172 =( NAMED_UNIT ( * ) PLANE_ANGLE_UNIT ( ) SI_UNIT ( $, .RADIAN. ) );
#12173 = CARTESIAN_POINT ( 'NONE',  ( -7.099999999999998757, -0.001000000000000252423, 25.22500000000001208 ) ) ;
#12174 = DIRECTION ( 'NONE',  ( -1.000000000000000000, 0.0000000000000000000, 0.0000000000000000000 ) ) ;
#12175 = EDGE_CURVE ( 'NONE', #3687, #8449, #7877, .T. ) ;
#12176 = EDGE_CURVE ( 'NONE', #573, #1256, #13093, .T. ) ;
#12177 = VERTEX_POINT ( 'NONE', #8808 ) ;
#12178 = VECTOR ( 'NONE', #4866, 1000.000000000000000 ) ;
#12179 =( NAMED_UNIT ( * ) SI_UNIT ( $, .STERADIAN. ) SOLID_ANGLE_UNIT ( ) );
#12180 = PRESENTATION_STYLE_ASSIGNMENT (( #2792 ) ) ;
#12181 = COLOUR_RGB ( '',1.000000000000000000, 1.000000000000000000, 0.0000000000000000000 ) ;
#12182 =( NAMED_UNIT ( * ) SI_UNIT ( $, .STERADIAN. ) SOLID_ANGLE_UNIT ( ) );
#12183 = EDGE_LOOP ( 'NONE', ( #13310, #1035, #5866, #5225 ) ) ;
#12184 = LINE ( 'NONE', #7991, #3344 ) ;
#12185 = STYLED_ITEM ( 'NONE', ( #6958 ), #5736 ) ;
#12186 = LINE ( 'NONE', #7792, #5671 ) ;
#12187 = MECHANICAL_DESIGN_GEOMETRIC_PRESENTATION_REPRESENTATION (  '', ( #8284 ), #11545 ) ;
#12188 = CARTESIAN_POINT ( 'NONE',  ( 12.10000000000000320, 0.0000000000000000000, 25.22499999999999432 ) ) ;
#12189 = LINE ( 'NONE', #11117, #11407 ) ;
#12190 = FILL_AREA_STYLE ('',( #7931 ) ) ;
#12191 = STYLED_ITEM ( 'NONE', ( #9313 ), #6036 ) ;
#12192 = ORIENTED_EDGE ( 'NONE', *, *, #9848, .T. ) ;
#12193 = PLANE ( 'NONE',  #11333 ) ;
#12194 = VECTOR ( 'NONE', #4314, 1000.000000000000000 ) ;
#12195 = ORIENTED_EDGE ( 'NONE', *, *, #10542, .T. ) ;
#12196 = LINE ( 'NONE', #5991, #9011 ) ;
#12197 =( LENGTH_UNIT ( ) NAMED_UNIT ( * ) SI_UNIT ( .MILLI., .METRE. ) );
#12198 = PLANE ( 'NONE',  #4979 ) ;
#12199 = DIRECTION ( 'NONE',  ( 0.0000000000000000000, -0.0000000000000000000, 1.000000000000000000 ) ) ;
#12200 = LINE ( 'NONE', #1855, #6695 ) ;
#12201 = ORIENTED_EDGE ( 'NONE', *, *, #2754, .F. ) ;
#12202 =( GEOMETRIC_REPRESENTATION_CONTEXT ( 3 ) GLOBAL_UNCERTAINTY_ASSIGNED_CONTEXT ( ( #2972 ) ) GLOBAL_UNIT_ASSIGNED_CONTEXT ( ( #12565, #8378, #943 ) ) REPRESENTATION_CONTEXT ( 'NONE', 'WORKASPACE' ) );
#12203 = CARTESIAN_POINT ( 'NONE',  ( -9.699999999999995737, 1.000000000000000000, 25.22500000000001208 ) ) ;
#12204 = PRESENTATION_LAYER_ASSIGNMENT (  '', '', ( #1604 ) ) ;
#12205 = CARTESIAN_POINT ( 'NONE',  ( 3.100000000000003197, 1.000999999999999890, 25.22500000000000142 ) ) ;
#12206 = PRESENTATION_STYLE_ASSIGNMENT (( #3012 ) ) ;
#12207 = STYLED_ITEM ( 'NONE', ( #13366 ), #11423 ) ;
#12208 = PRESENTATION_LAYER_ASSIGNMENT (  '', '', ( #4472 ) ) ;
#12209 = CARTESIAN_POINT ( 'NONE',  ( -1.499999999999998224, -0.001000000000000000021, 25.22500000000000853 ) ) ;
#12210 = VERTEX_POINT ( 'NONE', #8674 ) ;
#12211 =( NAMED_UNIT ( * ) PLANE_ANGLE_UNIT ( ) SI_UNIT ( $, .RADIAN. ) );
#12212 = PRESENTATION_STYLE_ASSIGNMENT (( #8021 ) ) ;
#12213 = ORIENTED_EDGE ( 'NONE', *, *, #11094, .T. ) ;
#12214 = DIRECTION ( 'NONE',  ( 1.000000000000000000, 0.0000000000000000000, 0.0000000000000000000 ) ) ;
#12215 = MECHANICAL_DESIGN_GEOMETRIC_PRESENTATION_REPRESENTATION (  '', ( #10472 ), #10479 ) ;
#12216 = ORIENTED_EDGE ( 'NONE', *, *, #4396, .T. ) ;
#12217 = VECTOR ( 'NONE', #5289, 1000.000000000000000 ) ;
#12218 = ORIENTED_EDGE ( 'NONE', *, *, #8954, .F. ) ;
#12219 = SURFACE_STYLE_USAGE ( .BOTH. , #7965 ) ;
#12220 = AXIS2_PLACEMENT_3D ( 'NONE', #9375, #8487, #10525 ) ;
#12221 = FACE_OUTER_BOUND ( 'NONE', #2059, .T. ) ;
#12222 = VECTOR ( 'NONE', #4281, 1000.000000000000000 ) ;
#12223 = DIRECTION ( 'NONE',  ( 3.771137991253928573E-16, 0.0000000000000000000, -1.000000000000000000 ) ) ;
#12224 = VERTEX_POINT ( 'NONE', #2665 ) ;
#12225 = DIRECTION ( 'NONE',  ( 4.336808689942029076E-16, 0.0000000000000000000, 1.000000000000000000 ) ) ;
#12226 =( NAMED_UNIT ( * ) PLANE_ANGLE_UNIT ( ) SI_UNIT ( $, .RADIAN. ) );
#12227 = PLANE ( 'NONE',  #5804 ) ;
#12228 = DIRECTION ( 'NONE',  ( -9.427844978134821433E-17, -0.0000000000000000000, 1.000000000000000000 ) ) ;
#12229 = PRESENTATION_STYLE_ASSIGNMENT (( #12028 ) ) ;
#12230 = EDGE_CURVE ( 'NONE', #5649, #9579, #1510, .T. ) ;
#12231 = DIRECTION ( 'NONE',  ( -1.000000000000000000, 0.0000000000000000000, 0.0000000000000000000 ) ) ;
#12232 =( GEOMETRIC_REPRESENTATION_CONTEXT ( 3 ) GLOBAL_UNCERTAINTY_ASSIGNED_CONTEXT ( ( #9981 ) ) GLOBAL_UNIT_ASSIGNED_CONTEXT ( ( #8455, #10418, #1284 ) ) REPRESENTATION_CONTEXT ( 'NONE', 'WORKASPACE' ) );
#12233 = ORIENTED_EDGE ( 'NONE', *, *, #9033, .T. ) ;
#12234 = AXIS2_PLACEMENT_3D ( 'NONE', #12807, #1374, #5374 ) ;
#12235 = CARTESIAN_POINT ( 'NONE',  ( 7.700000000000003730, 1.000999999999999890, 22.92499999999999716 ) ) ;
#12236 = ADVANCED_FACE ( 'NONE', ( #2592 ), #6926, .F. ) ;
#12237 = STYLED_ITEM ( 'NONE', ( #7030 ), #9201 ) ;
#12238 = VERTEX_POINT ( 'NONE', #604 ) ;
#12239 = DIRECTION ( 'NONE',  ( -1.000000000000000000, 0.0000000000000000000, 0.0000000000000000000 ) ) ;
#12240 = DIRECTION ( 'NONE',  ( 0.0000000000000000000, 0.0000000000000000000, 1.000000000000000000 ) ) ;
#12241 = PLANE ( 'NONE',  #11572 ) ;
#12242 = ORIENTED_EDGE ( 'NONE', *, *, #10117, .T. ) ;
#12243 =( LENGTH_UNIT ( ) NAMED_UNIT ( * ) SI_UNIT ( .MILLI., .METRE. ) );
#12244 = EDGE_CURVE ( 'NONE', #13188, #3534, #11882, .T. ) ;
#12245 = EDGE_CURVE ( 'NONE', #2055, #214, #8875, .T. ) ;
#12246 = ORIENTED_EDGE ( 'NONE', *, *, #1332, .F. ) ;
#12247 =( LENGTH_UNIT ( ) NAMED_UNIT ( * ) SI_UNIT ( .MILLI., .METRE. ) );
#12248 = MECHANICAL_DESIGN_GEOMETRIC_PRESENTATION_REPRESENTATION (  '', ( #10948 ), #12674 ) ;
#12249 = ADVANCED_FACE ( 'NONE', ( #6648 ), #3669, .F. ) ;
#12250 = SURFACE_STYLE_FILL_AREA ( #12374 ) ;
#12251 = EDGE_CURVE ( 'NONE', #12164, #12597, #6997, .T. ) ;
#12252 = CARTESIAN_POINT ( 'NONE',  ( -0.4999999999999985012, 0.0000000000000000000, 25.22500000000000853 ) ) ;
#12253 =( LENGTH_UNIT ( ) NAMED_UNIT ( * ) SI_UNIT ( .MILLI., .METRE. ) );
#12254 = MECHANICAL_DESIGN_GEOMETRIC_PRESENTATION_REPRESENTATION (  '', ( #3604 ), #6209 ) ;
#12255 = CARTESIAN_POINT ( 'NONE',  ( -10.69999999999999574, 1.000000000000000000, 22.92500000000001137 ) ) ;
#12256 = ORIENTED_EDGE ( 'NONE', *, *, #2063, .T. ) ;
#12257 = CARTESIAN_POINT ( 'NONE',  ( -15.00000000000000533, 1.000000000000000000, -25.47499999999999432 ) ) ;
#12258 = EDGE_CURVE ( 'NONE', #1404, #7852, #3886, .T. ) ;
#12259 =( LENGTH_UNIT ( ) NAMED_UNIT ( * ) SI_UNIT ( .MILLI., .METRE. ) );
#12260 = VERTEX_POINT ( 'NONE', #6044 ) ;
#12261 =( NAMED_UNIT ( * ) SI_UNIT ( $, .STERADIAN. ) SOLID_ANGLE_UNIT ( ) );
#12262 = FACE_OUTER_BOUND ( 'NONE', #3456, .T. ) ;
#12263 = PRESENTATION_LAYER_ASSIGNMENT (  '', '', ( #4714 ) ) ;
#12264 = CARTESIAN_POINT ( 'NONE',  ( -0.8999999999999964695, 1.000999999999999890, 25.22500000000000853 ) ) ;
#12265 = SURFACE_SIDE_STYLE ('',( #11999 ) ) ;
#12266 = CARTESIAN_POINT ( 'NONE',  ( 5.100000000000002309, 0.0000000000000000000, 22.92500000000000071 ) ) ;
#12267 = DIRECTION ( 'NONE',  ( -1.334402673828313586E-16, 0.0000000000000000000, -1.000000000000000000 ) ) ;
#12268 = CARTESIAN_POINT ( 'NONE',  ( 2.700000000000002398, -0.001000000000000000021, 22.92500000000000426 ) ) ;
#12269 = PRESENTATION_STYLE_ASSIGNMENT (( #4033 ) ) ;
#12270 = STYLED_ITEM ( 'NONE', ( #10468 ), #3293 ) ;
#12271 = ORIENTED_EDGE ( 'NONE', *, *, #1759, .F. ) ;
#12272 = FILL_AREA_STYLE_COLOUR ( '', #8939 ) ;
#12273 = UNCERTAINTY_MEASURE_WITH_UNIT (LENGTH_MEASURE( 1.000000000000000082E-05 ), #6074, 'distance_accuracy_value', 'NONE');
#12274 = ORIENTED_EDGE ( 'NONE', *, *, #4148, .T. ) ;
#12275 = FACE_OUTER_BOUND ( 'NONE', #7153, .T. ) ;
#12276 = CARTESIAN_POINT ( 'NONE',  ( -5.899999999999995914, 1.000999999999999890, 22.92500000000001137 ) ) ;
#12277 = VERTEX_POINT ( 'NONE', #5110 ) ;
#12278 =( NAMED_UNIT ( * ) SI_UNIT ( $, .STERADIAN. ) SOLID_ANGLE_UNIT ( ) );
#12279 = VECTOR ( 'NONE', #6244, 1000.000000000000000 ) ;
#12280 = SURFACE_STYLE_FILL_AREA ( #10254 ) ;
#12281 = ORIENTED_EDGE ( 'NONE', *, *, #2842, .F. ) ;
#12282 = FACE_OUTER_BOUND ( 'NONE', #5279, .T. ) ;
#12283 = VECTOR ( 'NONE', #7949, 1000.000000000000000 ) ;
#12284 = SURFACE_SIDE_STYLE ('',( #11152 ) ) ;
#12285 = FACE_OUTER_BOUND ( 'NONE', #3883, .T. ) ;
#12286 = UNCERTAINTY_MEASURE_WITH_UNIT (LENGTH_MEASURE( 1.000000000000000082E-05 ), #1516, 'distance_accuracy_value', 'NONE');
#12287 = VERTEX_POINT ( 'NONE', #4086 ) ;
#12288 = CARTESIAN_POINT ( 'NONE',  ( -13.65000000000000036, 0.0000000000000000000, 23.07499999999997797 ) ) ;
#12289 =( LENGTH_UNIT ( ) NAMED_UNIT ( * ) SI_UNIT ( .MILLI., .METRE. ) );
#12290 = LINE ( 'NONE', #5, #4970 ) ;
#12291 = UNCERTAINTY_MEASURE_WITH_UNIT (LENGTH_MEASURE( 1.000000000000000082E-05 ), #13048, 'distance_accuracy_value', 'NONE');
#12292 = DIRECTION ( 'NONE',  ( 0.0000000000000000000, -0.0000000000000000000, 1.000000000000000000 ) ) ;
#12293 = EDGE_LOOP ( 'NONE', ( #7119, #116, #12619, #10058 ) ) ;
#12294 =( LENGTH_UNIT ( ) NAMED_UNIT ( * ) SI_UNIT ( .MILLI., .METRE. ) );
#12295 = MECHANICAL_DESIGN_GEOMETRIC_PRESENTATION_REPRESENTATION (  '', ( #3212 ), #11870 ) ;
#12296 = FACE_OUTER_BOUND ( 'NONE', #2822, .T. ) ;
#12297 = VERTEX_POINT ( 'NONE', #878 ) ;
#12298 = PRESENTATION_LAYER_ASSIGNMENT (  '', '', ( #3890 ) ) ;
#12299 = UNCERTAINTY_MEASURE_WITH_UNIT (LENGTH_MEASURE( 1.000000000000000082E-05 ), #2650, 'distance_accuracy_value', 'NONE');
#12300 = DIRECTION ( 'NONE',  ( 1.021426973097236944E-16, 0.0000000000000000000, 1.000000000000000000 ) ) ;
#12301 =( NAMED_UNIT ( * ) SI_UNIT ( $, .STERADIAN. ) SOLID_ANGLE_UNIT ( ) );
#12302 = VECTOR ( 'NONE', #10069, 1000.000000000000000 ) ;
#12303 = CARTESIAN_POINT ( 'NONE',  ( -13.65000000000000036, 1.000000000000000000, 22.27499999999997726 ) ) ;
#12304 = ORIENTED_EDGE ( 'NONE', *, *, #7947, .T. ) ;
#12305 = DIRECTION ( 'NONE',  ( -0.0000000000000000000, 0.0000000000000000000, 1.000000000000000000 ) ) ;
#12306 = SURFACE_STYLE_FILL_AREA ( #8998 ) ;
#12307 = EDGE_CURVE ( 'NONE', #3841, #6186, #11128, .T. ) ;
#12308 = ORIENTED_EDGE ( 'NONE', *, *, #6636, .T. ) ;
#12309 = DIRECTION ( 'NONE',  ( -0.0000000000000000000, 1.000000000000000000, -0.0000000000000000000 ) ) ;
#12310 = MECHANICAL_DESIGN_GEOMETRIC_PRESENTATION_REPRESENTATION (  '', ( #11020 ), #8637 ) ;
#12311 =( NAMED_UNIT ( * ) PLANE_ANGLE_UNIT ( ) SI_UNIT ( $, .RADIAN. ) );
#12312 = EDGE_CURVE ( 'NONE', #8220, #6098, #1024, .T. ) ;
#12313 = CARTESIAN_POINT ( 'NONE',  ( -0.8999999999999964695, 1.000000000000000000, 25.22500000000000853 ) ) ;
#12314 = SURFACE_STYLE_USAGE ( .BOTH. , #13087 ) ;
#12315 =( NAMED_UNIT ( * ) SI_UNIT ( $, .STERADIAN. ) SOLID_ANGLE_UNIT ( ) );
#12316 = CARTESIAN_POINT ( 'NONE',  ( -10.90000000000000036, -0.001000000000000757011, 25.22500000000001208 ) ) ;
#12317 =( GEOMETRIC_REPRESENTATION_CONTEXT ( 3 ) GLOBAL_UNCERTAINTY_ASSIGNED_CONTEXT ( ( #9994 ) ) GLOBAL_UNIT_ASSIGNED_CONTEXT ( ( #12259, #6110, #13160 ) ) REPRESENTATION_CONTEXT ( 'NONE', 'WORKASPACE' ) );
#12318 = ORIENTED_EDGE ( 'NONE', *, *, #660, .T. ) ;
#12319 = DIRECTION ( 'NONE',  ( 1.885568995626964287E-16, 0.0000000000000000000, -1.000000000000000000 ) ) ;
#12320 = PRESENTATION_LAYER_ASSIGNMENT (  '', '', ( #11019 ) ) ;
#12321 = FACE_OUTER_BOUND ( 'NONE', #1641, .T. ) ;
#12322 = CARTESIAN_POINT ( 'NONE',  ( 4.500000000000003553, 1.000000000000000000, 22.92500000000000071 ) ) ;
#12323 = ADVANCED_FACE ( 'NONE', ( #12321 ), #12198, .F. ) ;
#12324 = DIRECTION ( 'NONE',  ( -0.0000000000000000000, 0.0000000000000000000, 1.000000000000000000 ) ) ;
#12325 = EDGE_CURVE ( 'NONE', #3340, #10544, #9017, .T. ) ;
#12326 = ORIENTED_EDGE ( 'NONE', *, *, #9195, .T. ) ;
#12327 = LINE ( 'NONE', #2302, #6794 ) ;
#12328 = EDGE_CURVE ( 'NONE', #11147, #13439, #1917, .T. ) ;
#12329 =( NAMED_UNIT ( * ) SI_UNIT ( $, .STERADIAN. ) SOLID_ANGLE_UNIT ( ) );
#12330 = LINE ( 'NONE', #5047, #7746 ) ;
#12331 = CARTESIAN_POINT ( 'NONE',  ( -10.49999999999999467, 1.000000000000000000, 22.92500000000001137 ) ) ;
#12332 = VECTOR ( 'NONE', #2777, 1000.000000000000000 ) ;
#12333 = EDGE_CURVE ( 'NONE', #9521, #4966, #7122, .T. ) ;
#12334 = SURFACE_STYLE_USAGE ( .BOTH. , #6382 ) ;
#12335 = EDGE_CURVE ( 'NONE', #10451, #6303, #8201, .T. ) ;
#12336 = SURFACE_STYLE_USAGE ( .BOTH. , #5939 ) ;
#12337 = ORIENTED_EDGE ( 'NONE', *, *, #7192, .T. ) ;
#12338 =( GEOMETRIC_REPRESENTATION_CONTEXT ( 3 ) GLOBAL_UNCERTAINTY_ASSIGNED_CONTEXT ( ( #3107 ) ) GLOBAL_UNIT_ASSIGNED_CONTEXT ( ( #10764, #9752, #5647 ) ) REPRESENTATION_CONTEXT ( 'NONE', 'WORKASPACE' ) );
#12339 = CARTESIAN_POINT ( 'NONE',  ( -0.09999999999999635569, 1.000999999999999890, 25.22500000000000497 ) ) ;
#12340 = ORIENTED_EDGE ( 'NONE', *, *, #10084, .F. ) ;
#12341 = CARTESIAN_POINT ( 'NONE',  ( 3.900000000000003908, 1.000999999999999890, 22.92500000000000071 ) ) ;
#12342 = EDGE_CURVE ( 'NONE', #12082, #12814, #5926, .T. ) ;
#12343 = VERTEX_POINT ( 'NONE', #3397 ) ;
#12344 = DIRECTION ( 'NONE',  ( 0.0000000000000000000, 0.0000000000000000000, 1.000000000000000000 ) ) ;
#12345 =( GEOMETRIC_REPRESENTATION_CONTEXT ( 3 ) GLOBAL_UNCERTAINTY_ASSIGNED_CONTEXT ( ( #6758 ) ) GLOBAL_UNIT_ASSIGNED_CONTEXT ( ( #8126, #655, #10211 ) ) REPRESENTATION_CONTEXT ( 'NONE', 'WORKASPACE' ) );
#12346 = EDGE_CURVE ( 'NONE', #11130, #2794, #11375, .T. ) ;
#12347 = DIRECTION ( 'NONE',  ( 1.000000000000000000, 0.0000000000000000000, -0.0000000000000000000 ) ) ;
#12348 = CARTESIAN_POINT ( 'NONE',  ( -0.4999999999999985012, -0.001000000000000000021, 25.22500000000000853 ) ) ;
#12349 = ORIENTED_EDGE ( 'NONE', *, *, #10346, .F. ) ;
#12350 =( GEOMETRIC_REPRESENTATION_CONTEXT ( 3 ) GLOBAL_UNCERTAINTY_ASSIGNED_CONTEXT ( ( #2853 ) ) GLOBAL_UNIT_ASSIGNED_CONTEXT ( ( #3011, #11133, #6050 ) ) REPRESENTATION_CONTEXT ( 'NONE', 'WORKASPACE' ) );
#12351 = ORIENTED_EDGE ( 'NONE', *, *, #4396, .F. ) ;
#12352 = FILL_AREA_STYLE ('',( #9374 ) ) ;
#12353 = DIRECTION ( 'NONE',  ( 0.0000000000000000000, 0.0000000000000000000, 1.000000000000000000 ) ) ;
#12354 = SURFACE_STYLE_FILL_AREA ( #3033 ) ;
#12355 = SURFACE_STYLE_USAGE ( .BOTH. , #10265 ) ;
#12356 = ORIENTED_EDGE ( 'NONE', *, *, #2747, .F. ) ;
#12357 = SURFACE_SIDE_STYLE ('',( #3287 ) ) ;
#12358 = EDGE_LOOP ( 'NONE', ( #13257, #10093, #6405, #10249 ) ) ;
#12359 = EDGE_CURVE ( 'NONE', #6098, #8255, #5425, .T. ) ;
#12360 = MECHANICAL_DESIGN_GEOMETRIC_PRESENTATION_REPRESENTATION (  '', ( #2639 ), #6973 ) ;
#12361 = VECTOR ( 'NONE', #2629, 1000.000000000000000 ) ;
#12362 = ORIENTED_EDGE ( 'NONE', *, *, #12849, .F. ) ;
#12363 =( GEOMETRIC_REPRESENTATION_CONTEXT ( 3 ) GLOBAL_UNCERTAINTY_ASSIGNED_CONTEXT ( ( #629 ) ) GLOBAL_UNIT_ASSIGNED_CONTEXT ( ( #4785, #6878, #3837 ) ) REPRESENTATION_CONTEXT ( 'NONE', 'WORKASPACE' ) );
#12364 = VECTOR ( 'NONE', #3967, 1000.000000000000000 ) ;
#12365 = ORIENTED_EDGE ( 'NONE', *, *, #488, .T. ) ;
#12366 =( LENGTH_UNIT ( ) NAMED_UNIT ( * ) SI_UNIT ( .MILLI., .METRE. ) );
#12367 = FILL_AREA_STYLE ('',( #11568 ) ) ;
#12368 = ORIENTED_EDGE ( 'NONE', *, *, #4329, .F. ) ;
#12369 = DIRECTION ( 'NONE',  ( -0.0000000000000000000, -1.000000000000000000, -0.0000000000000000000 ) ) ;
#12370 = SURFACE_STYLE_USAGE ( .BOTH. , #10215 ) ;
#12371 = STYLED_ITEM ( 'NONE', ( #7778 ), #7793 ) ;
#12372 = LINE ( 'NONE', #8244, #903 ) ;
#12373 = STYLED_ITEM ( 'NONE', ( #2443 ), #10754 ) ;
#12374 = FILL_AREA_STYLE ('',( #8245 ) ) ;
#12375 = FACE_OUTER_BOUND ( 'NONE', #12488, .T. ) ;
#12376 = VECTOR ( 'NONE', #10671, 1000.000000000000000 ) ;
#12377 =( GEOMETRIC_REPRESENTATION_CONTEXT ( 3 ) GLOBAL_UNCERTAINTY_ASSIGNED_CONTEXT ( ( #5535 ) ) GLOBAL_UNIT_ASSIGNED_CONTEXT ( ( #9212, #10023, #12182 ) ) REPRESENTATION_CONTEXT ( 'NONE', 'WORKASPACE' ) );
#12378 =( NAMED_UNIT ( * ) SI_UNIT ( $, .STERADIAN. ) SOLID_ANGLE_UNIT ( ) );
#12379 = SURFACE_STYLE_FILL_AREA ( #9532 ) ;
#12380 = PRESENTATION_LAYER_ASSIGNMENT (  '', '', ( #11527 ) ) ;
#12381 = EDGE_LOOP ( 'NONE', ( #6990, #5707, #1709, #1723 ) ) ;
#12382 = FILL_AREA_STYLE_COLOUR ( '', #12440 ) ;
#12383 = CARTESIAN_POINT ( 'NONE',  ( 0.1000000000000017819, -0.001000000000000000021, 25.22500000000000853 ) ) ;
#12384 = DIRECTION ( 'NONE',  ( 1.000000000000000000, 0.0000000000000000000, 3.771137991253928573E-16 ) ) ;
#12385 =( GEOMETRIC_REPRESENTATION_CONTEXT ( 3 ) GLOBAL_UNCERTAINTY_ASSIGNED_CONTEXT ( ( #2533 ) ) GLOBAL_UNIT_ASSIGNED_CONTEXT ( ( #4279, #8383, #12648 ) ) REPRESENTATION_CONTEXT ( 'NONE', 'WORKASPACE' ) );
#12386 = DIRECTION ( 'NONE',  ( -1.000000000000000000, -0.0000000000000000000, -0.0000000000000000000 ) ) ;
#12387 = ORIENTED_EDGE ( 'NONE', *, *, #7036, .T. ) ;
#12388 = LINE ( 'NONE', #9108, #8882 ) ;
#12389 =( NAMED_UNIT ( * ) PLANE_ANGLE_UNIT ( ) SI_UNIT ( $, .RADIAN. ) );
#12390 = EDGE_CURVE ( 'NONE', #10618, #3826, #6370, .T. ) ;
#12391 = PRESENTATION_LAYER_ASSIGNMENT (  '', '', ( #4853 ) ) ;
#12392 = SURFACE_STYLE_USAGE ( .BOTH. , #1926 ) ;
#12393 = VECTOR ( 'NONE', #7329, 1000.000000000000000 ) ;
#12394 =( NAMED_UNIT ( * ) SI_UNIT ( $, .STERADIAN. ) SOLID_ANGLE_UNIT ( ) );
#12395 =( GEOMETRIC_REPRESENTATION_CONTEXT ( 3 ) GLOBAL_UNCERTAINTY_ASSIGNED_CONTEXT ( ( #8770 ) ) GLOBAL_UNIT_ASSIGNED_CONTEXT ( ( #4801, #9363, #2191 ) ) REPRESENTATION_CONTEXT ( 'NONE', 'WORKASPACE' ) );
#12396 = EDGE_CURVE ( 'NONE', #7187, #4909, #170, .T. ) ;
#12397 = AXIS2_PLACEMENT_3D ( 'NONE', #9703, #7546, #5589 ) ;
#12398 = FILL_AREA_STYLE_COLOUR ( '', #587 ) ;
#12399 = EDGE_CURVE ( 'NONE', #534, #6142, #11438, .T. ) ;
#12400 = VERTEX_POINT ( 'NONE', #1285 ) ;
#12401 = FACE_OUTER_BOUND ( 'NONE', #10596, .T. ) ;
#12402 = VERTEX_POINT ( 'NONE', #5228 ) ;
#12403 = LINE ( 'NONE', #11605, #5790 ) ;
#12404 = COLOUR_RGB ( '',0.0000000000000000000, 0.7529411764705882248, 0.0000000000000000000 ) ;
#12405 = PLANE ( 'NONE',  #2611 ) ;
#12406 = ORIENTED_EDGE ( 'NONE', *, *, #2842, .T. ) ;
#12407 = AXIS2_PLACEMENT_3D ( 'NONE', #83, #1066, #7169 ) ;
#12408 = EDGE_CURVE ( 'NONE', #7010, #11426, #1086, .T. ) ;
#12409 = VERTEX_POINT ( 'NONE', #2175 ) ;
#12410 = CARTESIAN_POINT ( 'NONE',  ( -9.699999999999995737, 1.000000000000000000, 22.92500000000001137 ) ) ;
#12411 = VECTOR ( 'NONE', #2795, 1000.000000000000000 ) ;
#12412 = EDGE_CURVE ( 'NONE', #12075, #10451, #3254, .T. ) ;
#12413 = SURFACE_STYLE_FILL_AREA ( #13312 ) ;
#12414 = CARTESIAN_POINT ( 'NONE',  ( 9.199999999999999289, 0.0000000000000000000, -19.67499999999999361 ) ) ;
#12415 =( NAMED_UNIT ( * ) PLANE_ANGLE_UNIT ( ) SI_UNIT ( $, .RADIAN. ) );
#12416 = EDGE_LOOP ( 'NONE', ( #10923, #12847, #5297, #7308 ) ) ;
#12417 = FILL_AREA_STYLE ('',( #136 ) ) ;
#12418 = FACE_OUTER_BOUND ( 'NONE', #6761, .T. ) ;
#12419 = FILL_AREA_STYLE_COLOUR ( '', #5609 ) ;
#12420 = UNCERTAINTY_MEASURE_WITH_UNIT (LENGTH_MEASURE( 1.000000000000000082E-05 ), #8082, 'distance_accuracy_value', 'NONE');
#12421 = CARTESIAN_POINT ( 'NONE',  ( 15.00000000000000000, -1.350000000000000089, -19.67499999999999361 ) ) ;
#12422 = ORIENTED_EDGE ( 'NONE', *, *, #2963, .F. ) ;
#12423 = STYLED_ITEM ( 'NONE', ( #4671 ), #7520 ) ;
#12424 = CARTESIAN_POINT ( 'NONE',  ( -5.899999999999995914, 1.000999999999999890, 22.92500000000001137 ) ) ;
#12425 = ORIENTED_EDGE ( 'NONE', *, *, #7787, .T. ) ;
#12426 = PRESENTATION_LAYER_ASSIGNMENT (  '', '', ( #4884 ) ) ;
#12427 = SURFACE_STYLE_FILL_AREA ( #8296 ) ;
#12428 = VECTOR ( 'NONE', #10353, 1000.000000000000000 ) ;
#12429 = ORIENTED_EDGE ( 'NONE', *, *, #12087, .F. ) ;
#12430 = UNCERTAINTY_MEASURE_WITH_UNIT (LENGTH_MEASURE( 1.000000000000000082E-05 ), #11779, 'distance_accuracy_value', 'NONE');
#12431 = ORIENTED_EDGE ( 'NONE', *, *, #3003, .T. ) ;
#12432 = PLANE ( 'NONE',  #11524 ) ;
#12433 = VECTOR ( 'NONE', #7666, 1000.000000000000000 ) ;
#12434 = VECTOR ( 'NONE', #7249, 1000.000000000000000 ) ;
#12435 = ORIENTED_EDGE ( 'NONE', *, *, #2002, .F. ) ;
#12436 = MECHANICAL_DESIGN_GEOMETRIC_PRESENTATION_REPRESENTATION (  '', ( #11164 ), #10493 ) ;
#12437 = CARTESIAN_POINT ( 'NONE',  ( 13.65000000000000213, 0.0000000000000000000, 22.27500000000000924 ) ) ;
#12438 = ORIENTED_EDGE ( 'NONE', *, *, #8524, .T. ) ;
#12439 = CARTESIAN_POINT ( 'NONE',  ( -12.84999999999999964, 1.000000000000000000, 23.07499999999997797 ) ) ;
#12440 = COLOUR_RGB ( '',1.000000000000000000, 1.000000000000000000, 0.0000000000000000000 ) ;
#12441 = FACE_OUTER_BOUND ( 'NONE', #7679, .T. ) ;
#12442 = DIRECTION ( 'NONE',  ( 0.0000000000000000000, 0.0000000000000000000, 1.000000000000000000 ) ) ;
#12443 = DIRECTION ( 'NONE',  ( -0.0000000000000000000, -1.000000000000000000, -0.0000000000000000000 ) ) ;
#12444 = CARTESIAN_POINT ( 'NONE',  ( -5.499999999999998224, -0.001000000000000000021, 22.92500000000001137 ) ) ;
#12445 = LINE ( 'NONE', #3184, #8661 ) ;
#12446 = ORIENTED_EDGE ( 'NONE', *, *, #5321, .F. ) ;
#12447 = PRESENTATION_STYLE_ASSIGNMENT (( #5294 ) ) ;
#12448 = CARTESIAN_POINT ( 'NONE',  ( 4.700000000000004619, 1.000999999999999890, 22.92500000000000071 ) ) ;
#12449 = SURFACE_STYLE_FILL_AREA ( #39 ) ;
#12450 = PRESENTATION_LAYER_ASSIGNMENT (  '', '', ( #1223 ) ) ;
#12451 = ORIENTED_EDGE ( 'NONE', *, *, #10344, .F. ) ;
#12452 = CARTESIAN_POINT ( 'NONE',  ( 15.00000000000000000, 1.000000000000000000, 25.22500000000000853 ) ) ;
#12453 =( LENGTH_UNIT ( ) NAMED_UNIT ( * ) SI_UNIT ( .MILLI., .METRE. ) );
#12454 =( NAMED_UNIT ( * ) SI_UNIT ( $, .STERADIAN. ) SOLID_ANGLE_UNIT ( ) );
#12455 = MECHANICAL_DESIGN_GEOMETRIC_PRESENTATION_REPRESENTATION (  '', ( #12686 ), #8982 ) ;
#12456 = STYLED_ITEM ( 'NONE', ( #5851 ), #1002 ) ;
#12457 =( NAMED_UNIT ( * ) PLANE_ANGLE_UNIT ( ) SI_UNIT ( $, .RADIAN. ) );
#12458 = VERTEX_POINT ( 'NONE', #2233 ) ;
#12459 =( NAMED_UNIT ( * ) SI_UNIT ( $, .STERADIAN. ) SOLID_ANGLE_UNIT ( ) );
#12460 = ORIENTED_EDGE ( 'NONE', *, *, #10168, .F. ) ;
#12461 =( NAMED_UNIT ( * ) PLANE_ANGLE_UNIT ( ) SI_UNIT ( $, .RADIAN. ) );
#12462 =( LENGTH_UNIT ( ) NAMED_UNIT ( * ) SI_UNIT ( .MILLI., .METRE. ) );
#12463 =( NAMED_UNIT ( * ) PLANE_ANGLE_UNIT ( ) SI_UNIT ( $, .RADIAN. ) );
#12464 = ORIENTED_EDGE ( 'NONE', *, *, #2355, .T. ) ;
#12465 = CARTESIAN_POINT ( 'NONE',  ( 11.50000000000000355, 0.0000000000000000000, 22.92499999999999361 ) ) ;
#12466 = EDGE_CURVE ( 'NONE', #3208, #3838, #11584, .T. ) ;
#12467 = PLANE ( 'NONE',  #6749 ) ;
#12468 = ORIENTED_EDGE ( 'NONE', *, *, #9753, .F. ) ;
#12469 = SURFACE_STYLE_FILL_AREA ( #8344 ) ;
#12470 = STYLED_ITEM ( 'NONE', ( #4735 ), #3391 ) ;
#12471 = EDGE_CURVE ( 'NONE', #1041, #3778, #11514, .T. ) ;
#12472 = CARTESIAN_POINT ( 'NONE',  ( 6.700000000000001954, 0.0000000000000000000, 25.22500000000000142 ) ) ;
#12473 =( GEOMETRIC_REPRESENTATION_CONTEXT ( 3 ) GLOBAL_UNCERTAINTY_ASSIGNED_CONTEXT ( ( #7279 ) ) GLOBAL_UNIT_ASSIGNED_CONTEXT ( ( #3573, #710, #7914 ) ) REPRESENTATION_CONTEXT ( 'NONE', 'WORKASPACE' ) );
#12474 = FACE_OUTER_BOUND ( 'NONE', #5382, .T. ) ;
#12475 = ORIENTED_EDGE ( 'NONE', *, *, #8852, .F. ) ;
#12476 = FILL_AREA_STYLE ('',( #4114 ) ) ;
#12477 =( LENGTH_UNIT ( ) NAMED_UNIT ( * ) SI_UNIT ( .MILLI., .METRE. ) );
#12478 = SURFACE_STYLE_USAGE ( .BOTH. , #7280 ) ;
#12479 = ORIENTED_EDGE ( 'NONE', *, *, #8283, .T. ) ;
#12480 = PRESENTATION_STYLE_ASSIGNMENT (( #8 ) ) ;
#12481 = ADVANCED_FACE ( 'NONE', ( #12657 ), #1362, .F. ) ;
#12482 = ORIENTED_EDGE ( 'NONE', *, *, #9185, .T. ) ;
#12483 = ADVANCED_FACE ( 'NONE', ( #3323 ), #6300, .T. ) ;
#12484 = SURFACE_STYLE_USAGE ( .BOTH. , #8362 ) ;
#12485 = VECTOR ( 'NONE', #4448, 1000.000000000000000 ) ;
#12486 = LINE ( 'NONE', #5471, #6612 ) ;
#12487 = ADVANCED_FACE ( 'NONE', ( #8654 ), #9740, .F. ) ;
#12488 = EDGE_LOOP ( 'NONE', ( #8980, #7054, #7894, #10466 ) ) ;
#12489 = ADVANCED_FACE ( 'NONE', ( #5779 ), #588, .F. ) ;
#12490 = SURFACE_STYLE_USAGE ( .BOTH. , #10396 ) ;
#12491 = ORIENTED_EDGE ( 'NONE', *, *, #7511, .F. ) ;
#12492 =( LENGTH_UNIT ( ) NAMED_UNIT ( * ) SI_UNIT ( .MILLI., .METRE. ) );
#12493 = AXIS2_PLACEMENT_3D ( 'NONE', #13065, #10006, #7980 ) ;
#12494 = ORIENTED_EDGE ( 'NONE', *, *, #1369, .T. ) ;
#12495 = FACE_OUTER_BOUND ( 'NONE', #12125, .T. ) ;
#12496 = CARTESIAN_POINT ( 'NONE',  ( 1.100000000000001643, 0.0000000000000000000, 25.22500000000000497 ) ) ;
#12497 = EDGE_CURVE ( 'NONE', #3738, #8526, #7853, .T. ) ;
#12498 = VERTEX_POINT ( 'NONE', #13010 ) ;
#12499 = PLANE ( 'NONE',  #66 ) ;
#12500 =( NAMED_UNIT ( * ) PLANE_ANGLE_UNIT ( ) SI_UNIT ( $, .RADIAN. ) );
#12501 = PLANE ( 'NONE',  #13035 ) ;
#12502 = SURFACE_SIDE_STYLE ('',( #10681 ) ) ;
#12503 = SURFACE_STYLE_USAGE ( .BOTH. , #11236 ) ;
#12504 = FILL_AREA_STYLE_COLOUR ( '', #2447 ) ;
#12505 = SURFACE_SIDE_STYLE ('',( #5357 ) ) ;
#12506 = CARTESIAN_POINT ( 'NONE',  ( 0.3000000000000020983, 0.0000000000000000000, 22.92500000000000426 ) ) ;
#12507 =( LENGTH_UNIT ( ) NAMED_UNIT ( * ) SI_UNIT ( .MILLI., .METRE. ) );
#12508 = CARTESIAN_POINT ( 'NONE',  ( -2.499999999999996447, 1.000000000000000000, 22.92500000000000782 ) ) ;
#12509 = CARTESIAN_POINT ( 'NONE',  ( 11.10000000000000497, 1.000000000000000000, 22.92499999999999361 ) ) ;
#12510 = DIRECTION ( 'NONE',  ( -3.771137991253928573E-16, 0.0000000000000000000, 1.000000000000000000 ) ) ;
#12511 = ORIENTED_EDGE ( 'NONE', *, *, #9584, .T. ) ;
#12513 = VECTOR ( 'NONE', #2396, 1000.000000000000000 ) ;
#12512 = CARTESIAN_POINT ( 'NONE',  ( -9.699999999999995737, 1.000000000000000000, 22.92500000000001137 ) ) ;
#12514 = PRESENTATION_STYLE_ASSIGNMENT (( #7518 ) ) ;
#12515 = VECTOR ( 'NONE', #7380, 1000.000000000000000 ) ;
#12516 = PRESENTATION_LAYER_ASSIGNMENT (  '', '', ( #10787 ) ) ;
#12517 = EDGE_CURVE ( 'NONE', #8165, #8333, #12940, .T. ) ;
#12518 = LINE ( 'NONE', #3133, #12715 ) ;
#12519 = SURFACE_STYLE_FILL_AREA ( #2514 ) ;
#12520 = AXIS2_PLACEMENT_3D ( 'NONE', #4426, #11647, #5296 ) ;
#12521 = PRESENTATION_LAYER_ASSIGNMENT (  '', '', ( #12979 ) ) ;
#12522 = VECTOR ( 'NONE', #11712, 1000.000000000000000 ) ;
#12523 = ORIENTED_EDGE ( 'NONE', *, *, #9753, .T. ) ;
#12524 = PRESENTATION_STYLE_ASSIGNMENT (( #3465 ) ) ;
#12525 = ORIENTED_EDGE ( 'NONE', *, *, #6305, .T. ) ;
#12526 =( NAMED_UNIT ( * ) SI_UNIT ( $, .STERADIAN. ) SOLID_ANGLE_UNIT ( ) );
#12527 = CARTESIAN_POINT ( 'NONE',  ( -11.29999999999999538, 1.000000000000000000, 22.92500000000001137 ) ) ;
#12528 = LINE ( 'NONE', #4440, #9094 ) ;
#12529 = ORIENTED_EDGE ( 'NONE', *, *, #10522, .T. ) ;
#12530 = SURFACE_SIDE_STYLE ('',( #7203 ) ) ;
#12531 = PRESENTATION_STYLE_ASSIGNMENT (( #8613 ) ) ;
#12532 = DIRECTION ( 'NONE',  ( 0.0000000000000000000, 0.0000000000000000000, 1.000000000000000000 ) ) ;
#12533 = PRESENTATION_LAYER_ASSIGNMENT (  '', '', ( #3252 ) ) ;
#12534 = FILL_AREA_STYLE ('',( #4445 ) ) ;
#12535 = DIRECTION ( 'NONE',  ( 1.000000000000000000, 0.0000000000000000000, 0.0000000000000000000 ) ) ;
#12536 =( GEOMETRIC_REPRESENTATION_CONTEXT ( 3 ) GLOBAL_UNCERTAINTY_ASSIGNED_CONTEXT ( ( #13264 ) ) GLOBAL_UNIT_ASSIGNED_CONTEXT ( ( #9070, #7174, #3045 ) ) REPRESENTATION_CONTEXT ( 'NONE', 'WORKASPACE' ) );
#12537 = SURFACE_SIDE_STYLE ('',( #3479 ) ) ;
#12538 = UNCERTAINTY_MEASURE_WITH_UNIT (LENGTH_MEASURE( 1.000000000000000082E-05 ), #11893, 'distance_accuracy_value', 'NONE');
#12539 = VERTEX_POINT ( 'NONE', #4544 ) ;
#12540 = SURFACE_STYLE_USAGE ( .BOTH. , #6466 ) ;
#12541 = LINE ( 'NONE', #6204, #9209 ) ;
#12542 = VECTOR ( 'NONE', #3555, 1000.000000000000000 ) ;
#12543 =( NAMED_UNIT ( * ) PLANE_ANGLE_UNIT ( ) SI_UNIT ( $, .RADIAN. ) );
#12544 = ORIENTED_EDGE ( 'NONE', *, *, #10732, .T. ) ;
#12545 = FILL_AREA_STYLE ('',( #8359 ) ) ;
#12546 = VECTOR ( 'NONE', #1612, 1000.000000000000000 ) ;
#12547 = ORIENTED_EDGE ( 'NONE', *, *, #4340, .T. ) ;
#12548 = EDGE_CURVE ( 'NONE', #7360, #10696, #3717, .T. ) ;
#12549 = FACE_OUTER_BOUND ( 'NONE', #2488, .T. ) ;
#12550 = EDGE_CURVE ( 'NONE', #13368, #443, #445, .T. ) ;
#12551 = VERTEX_POINT ( 'NONE', #1700 ) ;
#12552 = EDGE_CURVE ( 'NONE', #12742, #7500, #5843, .T. ) ;
#12553 = UNCERTAINTY_MEASURE_WITH_UNIT (LENGTH_MEASURE( 1.000000000000000082E-05 ), #9624, 'distance_accuracy_value', 'NONE');
#12554 = ORIENTED_EDGE ( 'NONE', *, *, #13018, .T. ) ;
#12555 = DIRECTION ( 'NONE',  ( -0.0000000000000000000, -1.000000000000000000, -0.0000000000000000000 ) ) ;
#12556 = FILL_AREA_STYLE ('',( #2088 ) ) ;
#12557 = CARTESIAN_POINT ( 'NONE',  ( 15.00000000000000000, 1.000000000000000000, 25.22500000000000853 ) ) ;
#12558 =( GEOMETRIC_REPRESENTATION_CONTEXT ( 3 ) GLOBAL_UNCERTAINTY_ASSIGNED_CONTEXT ( ( #4330 ) ) GLOBAL_UNIT_ASSIGNED_CONTEXT ( ( #3151, #6141, #1 ) ) REPRESENTATION_CONTEXT ( 'NONE', 'WORKASPACE' ) );
#12559 = ORIENTED_EDGE ( 'NONE', *, *, #11401, .F. ) ;
#12560 = DIRECTION ( 'NONE',  ( -1.000000000000000000, 0.0000000000000000000, -0.0000000000000000000 ) ) ;
#12561 = CARTESIAN_POINT ( 'NONE',  ( 15.00000000000000000, -1.350000000000000089, -19.67499999999999361 ) ) ;
#12562 = MECHANICAL_DESIGN_GEOMETRIC_PRESENTATION_REPRESENTATION (  '', ( #7615 ), #8056 ) ;
#12563 = STYLED_ITEM ( 'NONE', ( #4218 ), #1988 ) ;
#12564 = ORIENTED_EDGE ( 'NONE', *, *, #3622, .F. ) ;
#12565 =( LENGTH_UNIT ( ) NAMED_UNIT ( * ) SI_UNIT ( .MILLI., .METRE. ) );
#12566 =( NAMED_UNIT ( * ) SI_UNIT ( $, .STERADIAN. ) SOLID_ANGLE_UNIT ( ) );
#12567 = EDGE_CURVE ( 'NONE', #8329, #1783, #6567, .T. ) ;
#12568 = SURFACE_SIDE_STYLE ('',( #11640 ) ) ;
#12569 = ADVANCED_FACE ( 'NONE', ( #4886 ), #7106, .F. ) ;
#12570 = CARTESIAN_POINT ( 'NONE',  ( -2.099999999999998757, -0.001000000000000000021, 25.22500000000000853 ) ) ;
#12571 = PRESENTATION_LAYER_ASSIGNMENT (  '', '', ( #8262 ) ) ;
#12572 =( GEOMETRIC_REPRESENTATION_CONTEXT ( 3 ) GLOBAL_UNCERTAINTY_ASSIGNED_CONTEXT ( ( #10140 ) ) GLOBAL_UNIT_ASSIGNED_CONTEXT ( ( #11439, #245, #11376 ) ) REPRESENTATION_CONTEXT ( 'NONE', 'WORKASPACE' ) );
#12573 = VERTEX_POINT ( 'NONE', #6095 ) ;
#12574 =( GEOMETRIC_REPRESENTATION_CONTEXT ( 3 ) GLOBAL_UNCERTAINTY_ASSIGNED_CONTEXT ( ( #1731 ) ) GLOBAL_UNIT_ASSIGNED_CONTEXT ( ( #9768, #2604, #2460 ) ) REPRESENTATION_CONTEXT ( 'NONE', 'WORKASPACE' ) );
#12575 = EDGE_CURVE ( 'NONE', #3534, #13188, #9501, .T. ) ;
#12576 =( LENGTH_UNIT ( ) NAMED_UNIT ( * ) SI_UNIT ( .MILLI., .METRE. ) );
#12577 = VECTOR ( 'NONE', #6070, 1000.000000000000000 ) ;
#12578 = LINE ( 'NONE', #10413, #8517 ) ;
#12579 = DIRECTION ( 'NONE',  ( 1.000000000000000000, 0.0000000000000000000, -0.0000000000000000000 ) ) ;
#12580 = UNCERTAINTY_MEASURE_WITH_UNIT (LENGTH_MEASURE( 1.000000000000000082E-05 ), #10798, 'distance_accuracy_value', 'NONE');
#12581 = CARTESIAN_POINT ( 'NONE',  ( 9.300000000000002487, 1.000999999999999890, 25.22499999999999787 ) ) ;
#12582 = ORIENTED_EDGE ( 'NONE', *, *, #1902, .T. ) ;
#12583 = SURFACE_STYLE_FILL_AREA ( #7455 ) ;
#12584 = COLOUR_RGB ( '',1.000000000000000000, 1.000000000000000000, 0.0000000000000000000 ) ;
#12585 = SURFACE_SIDE_STYLE ('',( #2106 ) ) ;
#12586 =( NAMED_UNIT ( * ) PLANE_ANGLE_UNIT ( ) SI_UNIT ( $, .RADIAN. ) );
#12587 = VERTEX_POINT ( 'NONE', #1834 ) ;
#12588 = PRESENTATION_STYLE_ASSIGNMENT (( #10491 ) ) ;
#12589 =( NAMED_UNIT ( * ) SI_UNIT ( $, .STERADIAN. ) SOLID_ANGLE_UNIT ( ) );
#12590 = PRESENTATION_LAYER_ASSIGNMENT (  '', '', ( #5474 ) ) ;
#12591 = PRESENTATION_STYLE_ASSIGNMENT (( #3703 ) ) ;
#12592 = CARTESIAN_POINT ( 'NONE',  ( -9.499999999999998224, -0.001000000000000630810, 25.22500000000001208 ) ) ;
#12593 = VECTOR ( 'NONE', #8499, 1000.000000000000000 ) ;
#12594 = MECHANICAL_DESIGN_GEOMETRIC_PRESENTATION_REPRESENTATION (  '', ( #5269 ), #11755 ) ;
#12595 = VECTOR ( 'NONE', #3202, 1000.000000000000000 ) ;
#12596 = SURFACE_SIDE_STYLE ('',( #12519 ) ) ;
#12597 = VERTEX_POINT ( 'NONE', #13144 ) ;
#12598 = MECHANICAL_DESIGN_GEOMETRIC_PRESENTATION_REPRESENTATION (  '', ( #11960 ), #3311 ) ;
#12599 = PLANE ( 'NONE',  #6744 ) ;
#12600 = ORIENTED_EDGE ( 'NONE', *, *, #811, .F. ) ;
#12601 = LINE ( 'NONE', #10570, #9330 ) ;
#12602 = CARTESIAN_POINT ( 'NONE',  ( -10.09999999999999787, -6.308085367188387283E-16, 25.22500000000001208 ) ) ;
#12603 =( NAMED_UNIT ( * ) PLANE_ANGLE_UNIT ( ) SI_UNIT ( $, .RADIAN. ) );
#12604 = VERTEX_POINT ( 'NONE', #10284 ) ;
#12605 = FACE_OUTER_BOUND ( 'NONE', #13161, .T. ) ;
#12606 = STYLED_ITEM ( 'NONE', ( #12970 ), #8509 ) ;
#12607 = LINE ( 'NONE', #9484, #2231 ) ;
#12608 = STYLED_ITEM ( 'NONE', ( #3630 ), #5544 ) ;
#12609 = SURFACE_STYLE_USAGE ( .BOTH. , #5449 ) ;
#12610 = COLOUR_RGB ( '',1.000000000000000000, 1.000000000000000000, 0.0000000000000000000 ) ;
#12611 = CARTESIAN_POINT ( 'NONE',  ( -15.00000000000000000, 3.399999999999999911, 22.27500000000000568 ) ) ;
#12612 = COLOUR_RGB ( '',1.000000000000000000, 1.000000000000000000, 0.0000000000000000000 ) ;
#12613 = LINE ( 'NONE', #8751, #4328 ) ;
#12614 = LINE ( 'NONE', #3211, #584 ) ;
#12615 = DIRECTION ( 'NONE',  ( 9.427844978134821433E-17, 0.0000000000000000000, 1.000000000000000000 ) ) ;
#12616 = AXIS2_PLACEMENT_3D ( 'NONE', #3328, #7254, #4225 ) ;
#12617 = FILL_AREA_STYLE ('',( #1461 ) ) ;
#12618 =( GEOMETRIC_REPRESENTATION_CONTEXT ( 3 ) GLOBAL_UNCERTAINTY_ASSIGNED_CONTEXT ( ( #10537 ) ) GLOBAL_UNIT_ASSIGNED_CONTEXT ( ( #3106, #9387, #11168 ) ) REPRESENTATION_CONTEXT ( 'NONE', 'WORKASPACE' ) );
#12619 = ORIENTED_EDGE ( 'NONE', *, *, #10107, .F. ) ;
#12620 = SURFACE_STYLE_USAGE ( .BOTH. , #4517 ) ;
#12621 = COLOUR_RGB ( '',1.000000000000000000, 1.000000000000000000, 0.0000000000000000000 ) ;
#12622 = DIRECTION ( 'NONE',  ( 1.000000000000000000, 0.0000000000000000000, 1.885568995626964287E-16 ) ) ;
#12623 = VERTEX_POINT ( 'NONE', #6033 ) ;
#12624 = SURFACE_SIDE_STYLE ('',( #144 ) ) ;
#12625 = ORIENTED_EDGE ( 'NONE', *, *, #300, .T. ) ;
#12626 = AXIS2_PLACEMENT_3D ( 'NONE', #2939, #4959, #5921 ) ;
#12627 = LINE ( 'NONE', #9507, #6839 ) ;
#12628 = VERTEX_POINT ( 'NONE', #12104 ) ;
#12629 = DIRECTION ( 'NONE',  ( 0.0000000000000000000, -1.000000000000000000, 0.0000000000000000000 ) ) ;
#12630 = STYLED_ITEM ( 'NONE', ( #3443 ), #7542 ) ;
#12631 = ORIENTED_EDGE ( 'NONE', *, *, #5222, .F. ) ;
#12632 =( LENGTH_UNIT ( ) NAMED_UNIT ( * ) SI_UNIT ( .MILLI., .METRE. ) );
#12634 = ADVANCED_FACE ( 'NONE', ( #8125 ), #4951, .F. ) ;
#12633 = PRESENTATION_STYLE_ASSIGNMENT (( #11565 ) ) ;
#12635 = CARTESIAN_POINT ( 'NONE',  ( -12.09999999999999609, 1.000999999999999890, 22.92500000000001137 ) ) ;
#12636 = ORIENTED_EDGE ( 'NONE', *, *, #2924, .F. ) ;
#12637 = FACE_OUTER_BOUND ( 'NONE', #620, .T. ) ;
#12638 = CARTESIAN_POINT ( 'NONE',  ( 15.00000000000000000, -1.350000000000000089, 20.37500000000001066 ) ) ;
#12639 = VECTOR ( 'NONE', #11889, 1000.000000000000000 ) ;
#12640 = ORIENTED_EDGE ( 'NONE', *, *, #5087, .F. ) ;
#12641 = DIRECTION ( 'NONE',  ( 0.0000000000000000000, -0.0000000000000000000, 1.000000000000000000 ) ) ;
#12642 = MECHANICAL_DESIGN_GEOMETRIC_PRESENTATION_REPRESENTATION (  '', ( #80 ), #13308 ) ;
#12643 = EDGE_CURVE ( 'NONE', #13273, #9738, #10145, .T. ) ;
#12644 =( GEOMETRIC_REPRESENTATION_CONTEXT ( 3 ) GLOBAL_UNCERTAINTY_ASSIGNED_CONTEXT ( ( #2402 ) ) GLOBAL_UNIT_ASSIGNED_CONTEXT ( ( #9428, #194, #6395 ) ) REPRESENTATION_CONTEXT ( 'NONE', 'WORKASPACE' ) );
#12645 = DIRECTION ( 'NONE',  ( 0.0000000000000000000, 0.0000000000000000000, 1.000000000000000000 ) ) ;
#12646 = VERTEX_POINT ( 'NONE', #7924 ) ;
#12647 = COLOUR_RGB ( '',1.000000000000000000, 1.000000000000000000, 0.0000000000000000000 ) ;
#12648 =( NAMED_UNIT ( * ) SI_UNIT ( $, .STERADIAN. ) SOLID_ANGLE_UNIT ( ) );
#12649 = COLOUR_RGB ( '',1.000000000000000000, 1.000000000000000000, 0.0000000000000000000 ) ;
#12651 = EDGE_CURVE ( 'NONE', #12937, #1455, #12043, .T. ) ;
#12650 = DIRECTION ( 'NONE',  ( -0.0000000000000000000, 1.000000000000000000, -0.0000000000000000000 ) ) ;
#12652 = VECTOR ( 'NONE', #2645, 1000.000000000000000 ) ;
#12653 = DIRECTION ( 'NONE',  ( -1.000000000000000000, -0.0000000000000000000, -0.0000000000000000000 ) ) ;
#12654 = CARTESIAN_POINT ( 'NONE',  ( -8.899999999999995026, 1.000999999999999890, 25.22500000000001208 ) ) ;
#12655 = ORIENTED_EDGE ( 'NONE', *, *, #4056, .F. ) ;
#12656 = FACE_OUTER_BOUND ( 'NONE', #3615, .T. ) ;
#12657 = FACE_OUTER_BOUND ( 'NONE', #9652, .T. ) ;
#12658 = FILL_AREA_STYLE ('',( #11585 ) ) ;
#12659 = SURFACE_STYLE_USAGE ( .BOTH. , #2107 ) ;
#12660 = VERTEX_POINT ( 'NONE', #11027 ) ;
#12661 =( NAMED_UNIT ( * ) PLANE_ANGLE_UNIT ( ) SI_UNIT ( $, .RADIAN. ) );
#12662 = VECTOR ( 'NONE', #5226, 1000.000000000000000 ) ;
#12663 = EDGE_CURVE ( 'NONE', #12873, #8828, #10019, .T. ) ;
#12664 = VECTOR ( 'NONE', #8522, 1000.000000000000000 ) ;
#12665 = AXIS2_PLACEMENT_3D ( 'NONE', #4957, #12035, #5771 ) ;
#12666 = EDGE_CURVE ( 'NONE', #13273, #11414, #10607, .T. ) ;
#12667 = CARTESIAN_POINT ( 'NONE',  ( -2.499999999999996447, 1.000999999999999890, 22.92500000000000782 ) ) ;
#12668 = PRESENTATION_STYLE_ASSIGNMENT (( #9681 ) ) ;
#12669 = FILL_AREA_STYLE_COLOUR ( '', #6124 ) ;
#12670 = FILL_AREA_STYLE ('',( #8601 ) ) ;
#12671 = VERTEX_POINT ( 'NONE', #4271 ) ;
#12673 = ADVANCED_FACE ( 'NONE', ( #3172 ), #11635, .T. ) ;
#12672 = FILL_AREA_STYLE_COLOUR ( '', #7229 ) ;
#12674 =( GEOMETRIC_REPRESENTATION_CONTEXT ( 3 ) GLOBAL_UNCERTAINTY_ASSIGNED_CONTEXT ( ( #12273 ) ) GLOBAL_UNIT_ASSIGNED_CONTEXT ( ( #6074, #5068, #844 ) ) REPRESENTATION_CONTEXT ( 'NONE', 'WORKASPACE' ) );
#12675 = ORIENTED_EDGE ( 'NONE', *, *, #3572, .T. ) ;
#12676 = LINE ( 'NONE', #11662, #7935 ) ;
#12677 = DIRECTION ( 'NONE',  ( -1.000000000000000000, -0.0000000000000000000, -0.0000000000000000000 ) ) ;
#12678 =( NAMED_UNIT ( * ) PLANE_ANGLE_UNIT ( ) SI_UNIT ( $, .RADIAN. ) );
#12679 = DIRECTION ( 'NONE',  ( 0.0000000000000000000, 0.0000000000000000000, -1.000000000000000000 ) ) ;
#12680 = ORIENTED_EDGE ( 'NONE', *, *, #9261, .F. ) ;
#12681 = SURFACE_STYLE_USAGE ( .BOTH. , #12748 ) ;
#12682 = CARTESIAN_POINT ( 'NONE',  ( 2.500000000000001776, -0.001000000000000000021, 25.22500000000000497 ) ) ;
#12683 = CARTESIAN_POINT ( 'NONE',  ( 7.500000000000003553, -0.001000000000000000021, 22.92499999999999716 ) ) ;
#12684 =( LENGTH_UNIT ( ) NAMED_UNIT ( * ) SI_UNIT ( .MILLI., .METRE. ) );
#12685 = ORIENTED_EDGE ( 'NONE', *, *, #2905, .T. ) ;
#12686 = STYLED_ITEM ( 'NONE', ( #6445 ), #8928 ) ;
#12687 = PRESENTATION_LAYER_ASSIGNMENT (  '', '', ( #9236 ) ) ;
#12688 =( NAMED_UNIT ( * ) SI_UNIT ( $, .STERADIAN. ) SOLID_ANGLE_UNIT ( ) );
#12689 = DIRECTION ( 'NONE',  ( -1.000000000000000000, 0.0000000000000000000, 0.0000000000000000000 ) ) ;
#12690 = SURFACE_STYLE_USAGE ( .BOTH. , #8554 ) ;
#12691 = FILL_AREA_STYLE_COLOUR ( '', #6961 ) ;
#12692 = ORIENTED_EDGE ( 'NONE', *, *, #490, .T. ) ;
#12693 =( LENGTH_UNIT ( ) NAMED_UNIT ( * ) SI_UNIT ( .MILLI., .METRE. ) );
#12694 = LINE ( 'NONE', #12764, #5186 ) ;
#12696 = COLOUR_RGB ( '',1.000000000000000000, 1.000000000000000000, 0.0000000000000000000 ) ;
#12695 = FACE_OUTER_BOUND ( 'NONE', #675, .T. ) ;
#12697 = ORIENTED_EDGE ( 'NONE', *, *, #9340, .T. ) ;
#12698 = VECTOR ( 'NONE', #13385, 1000.000000000000000 ) ;
#12699 = STYLED_ITEM ( 'NONE', ( #10612 ), #1247 ) ;
#12700 = LINE ( 'NONE', #10664, #6187 ) ;
#12701 = VERTEX_POINT ( 'NONE', #3383 ) ;
#12702 = DIRECTION ( 'NONE',  ( -1.240565060293306583E-16, 0.0000000000000000000, -1.000000000000000000 ) ) ;
#12703 = UNCERTAINTY_MEASURE_WITH_UNIT (LENGTH_MEASURE( 1.000000000000000082E-05 ), #11925, 'distance_accuracy_value', 'NONE');
#12704 = ORIENTED_EDGE ( 'NONE', *, *, #2633, .T. ) ;
#12705 = CARTESIAN_POINT ( 'NONE',  ( -6.699999999999995737, 1.000000000000000000, 22.92500000000001137 ) ) ;
#12706 = MECHANICAL_DESIGN_GEOMETRIC_PRESENTATION_REPRESENTATION (  '', ( #7094 ), #8596 ) ;
#12707 = DIRECTION ( 'NONE',  ( -1.000000000000000000, -0.0000000000000000000, -0.0000000000000000000 ) ) ;
#12708 = DIRECTION ( 'NONE',  ( -1.000000000000000000, 0.0000000000000000000, -0.0000000000000000000 ) ) ;
#12709 = ORIENTED_EDGE ( 'NONE', *, *, #1351, .F. ) ;
#12710 = DIRECTION ( 'NONE',  ( -1.000000000000000000, 0.0000000000000000000, -0.0000000000000000000 ) ) ;
#12711 = FILL_AREA_STYLE ('',( #4740 ) ) ;
#12712 = VERTEX_POINT ( 'NONE', #7439 ) ;
#12713 = SURFACE_STYLE_USAGE ( .BOTH. , #12854 ) ;
#12714 = SURFACE_SIDE_STYLE ('',( #8308 ) ) ;
#12715 = VECTOR ( 'NONE', #9282, 1000.000000000000000 ) ;
#12716 =( NAMED_UNIT ( * ) SI_UNIT ( $, .STERADIAN. ) SOLID_ANGLE_UNIT ( ) );
#12717 = PLANE ( 'NONE',  #12935 ) ;
#12718 = VERTEX_POINT ( 'NONE', #3111 ) ;
#12719 = SURFACE_STYLE_FILL_AREA ( #4679 ) ;
#12720 = STYLED_ITEM ( 'NONE', ( #12591 ), #224 ) ;
#12721 = EDGE_LOOP ( 'NONE', ( #6353, #7834, #1121, #13253 ) ) ;
#12722 = LINE ( 'NONE', #310, #1650 ) ;
#12723 = DIRECTION ( 'NONE',  ( -1.000000000000000000, -0.0000000000000000000, -0.0000000000000000000 ) ) ;
#12724 = DIRECTION ( 'NONE',  ( -1.000000000000000000, 0.0000000000000000000, 0.0000000000000000000 ) ) ;
#12725 = DIRECTION ( 'NONE',  ( 0.0000000000000000000, 0.0000000000000000000, -1.000000000000000000 ) ) ;
#12726 = ORIENTED_EDGE ( 'NONE', *, *, #2228, .T. ) ;
#12727 = DIRECTION ( 'NONE',  ( -9.427844978134821433E-17, -0.0000000000000000000, -1.000000000000000000 ) ) ;
#12728 = PRESENTATION_STYLE_ASSIGNMENT (( #8595 ) ) ;
#12729 = VECTOR ( 'NONE', #5085, 1000.000000000000000 ) ;
#12730 = EDGE_CURVE ( 'NONE', #13210, #11210, #4338, .T. ) ;
#12731 = SURFACE_STYLE_FILL_AREA ( #8597 ) ;
#12732 = LINE ( 'NONE', #4496, #8598 ) ;
#12733 = FILL_AREA_STYLE ('',( #5853 ) ) ;
#12734 =( LENGTH_UNIT ( ) NAMED_UNIT ( * ) SI_UNIT ( .MILLI., .METRE. ) );
#12735 = ORIENTED_EDGE ( 'NONE', *, *, #303, .T. ) ;
#12736 = SURFACE_SIDE_STYLE ('',( #5376 ) ) ;
#12737 = EDGE_CURVE ( 'NONE', #3385, #12921, #3239, .T. ) ;
#12738 = DIRECTION ( 'NONE',  ( 1.000000000000000000, 0.0000000000000000000, 0.0000000000000000000 ) ) ;
#12739 = ADVANCED_FACE ( 'NONE', ( #12495 ), #7501, .F. ) ;
#12740 =( GEOMETRIC_REPRESENTATION_CONTEXT ( 3 ) GLOBAL_UNCERTAINTY_ASSIGNED_CONTEXT ( ( #12291 ) ) GLOBAL_UNIT_ASSIGNED_CONTEXT ( ( #13048, #3771, #7900 ) ) REPRESENTATION_CONTEXT ( 'NONE', 'WORKASPACE' ) );
#12741 = SURFACE_STYLE_FILL_AREA ( #6388 ) ;
#12742 = VERTEX_POINT ( 'NONE', #9394 ) ;
#12743 = CARTESIAN_POINT ( 'NONE',  ( 5.500000000000003553, 1.000999999999999890, 22.92500000000000071 ) ) ;
#12744 = DIRECTION ( 'NONE',  ( -1.000000000000000000, -0.0000000000000000000, -0.0000000000000000000 ) ) ;
#12745 = VECTOR ( 'NONE', #3486, 1000.000000000000000 ) ;
#12746 = CARTESIAN_POINT ( 'NONE',  ( -2.849999999999997424, 3.399999999999999911, 21.27500000000000924 ) ) ;
#12747 = VERTEX_POINT ( 'NONE', #10470 ) ;
#12748 = SURFACE_SIDE_STYLE ('',( #5583 ) ) ;
#12749 = DIRECTION ( 'NONE',  ( -1.000000000000000000, 0.0000000000000000000, -9.427844978134821433E-17 ) ) ;
#12750 =( NAMED_UNIT ( * ) PLANE_ANGLE_UNIT ( ) SI_UNIT ( $, .RADIAN. ) );
#12751 = ORIENTED_EDGE ( 'NONE', *, *, #5569, .F. ) ;
#12752 = ADVANCED_FACE ( 'NONE', ( #12637 ), #5765, .F. ) ;
#12753 =( LENGTH_UNIT ( ) NAMED_UNIT ( * ) SI_UNIT ( .MILLI., .METRE. ) );
#12754 = EDGE_CURVE ( 'NONE', #7956, #6217, #8709, .T. ) ;
#12755 = PRESENTATION_STYLE_ASSIGNMENT (( #8616 ) ) ;
#12756 =( GEOMETRIC_REPRESENTATION_CONTEXT ( 3 ) GLOBAL_UNCERTAINTY_ASSIGNED_CONTEXT ( ( #2432 ) ) GLOBAL_UNIT_ASSIGNED_CONTEXT ( ( #5863, #3596, #11865 ) ) REPRESENTATION_CONTEXT ( 'NONE', 'WORKASPACE' ) );
#12757 = SURFACE_SIDE_STYLE ('',( #10713 ) ) ;
#12758 = PLANE ( 'NONE',  #12397 ) ;
#12759 = EDGE_CURVE ( 'NONE', #8091, #13351, #7838, .T. ) ;
#12760 = ADVANCED_FACE ( 'NONE', ( #7634 ), #7570, .F. ) ;
#12761 = EDGE_LOOP ( 'NONE', ( #877, #6838, #10684, #1216 ) ) ;
#12762 = CARTESIAN_POINT ( 'NONE',  ( 5.900000000000001243, -0.001000000000000000021, 25.22500000000000142 ) ) ;
#12763 = PRESENTATION_STYLE_ASSIGNMENT (( #7876 ) ) ;
#12764 = CARTESIAN_POINT ( 'NONE',  ( 6.700000000000001954, -0.001000000000000000021, 25.22500000000000142 ) ) ;
#12765 = SURFACE_STYLE_FILL_AREA ( #10862 ) ;
#12766 = ORIENTED_EDGE ( 'NONE', *, *, #8938, .T. ) ;
#12767 = STYLED_ITEM ( 'NONE', ( #9537 ), #5234 ) ;
#12768 = PRESENTATION_LAYER_ASSIGNMENT (  '', '', ( #3688 ) ) ;
#12769 = FILL_AREA_STYLE_COLOUR ( '', #3693 ) ;
#12770 = STYLED_ITEM ( 'NONE', ( #13269 ), #12569 ) ;
#12771 = CARTESIAN_POINT ( 'NONE',  ( 6.300000000000003375, 1.000999999999999890, 25.22500000000000142 ) ) ;
#12772 = CARTESIAN_POINT ( 'NONE',  ( -8.099999999999996092, 1.000000000000000000, 22.92500000000001137 ) ) ;
#12773 = VECTOR ( 'NONE', #11833, 1000.000000000000000 ) ;
#12774 = DIRECTION ( 'NONE',  ( 0.0000000000000000000, 0.0000000000000000000, 1.000000000000000000 ) ) ;
#12775 = ORIENTED_EDGE ( 'NONE', *, *, #10107, .T. ) ;
#12776 =( NAMED_UNIT ( * ) PLANE_ANGLE_UNIT ( ) SI_UNIT ( $, .RADIAN. ) );
#12777 = DIRECTION ( 'NONE',  ( -0.0000000000000000000, 1.000000000000000000, -0.0000000000000000000 ) ) ;
#12778 = VECTOR ( 'NONE', #13350, 1000.000000000000000 ) ;
#12779 = EDGE_LOOP ( 'NONE', ( #1754, #7526, #2403, #12073 ) ) ;
#12780 = FILL_AREA_STYLE_COLOUR ( '', #9303 ) ;
#12781 = EDGE_CURVE ( 'NONE', #1992, #10725, #6551, .T. ) ;
#12782 = CARTESIAN_POINT ( 'NONE',  ( 5.900000000000002132, -0.001000000000000000021, 22.92500000000000071 ) ) ;
#12783 = ORIENTED_EDGE ( 'NONE', *, *, #4990, .F. ) ;
#12784 = COLOUR_RGB ( '',1.000000000000000000, 1.000000000000000000, 0.0000000000000000000 ) ;
#12785 = VECTOR ( 'NONE', #4859, 1000.000000000000000 ) ;
#12786 =( LENGTH_UNIT ( ) NAMED_UNIT ( * ) SI_UNIT ( .MILLI., .METRE. ) );
#12787 = DIRECTION ( 'NONE',  ( 1.000000000000000000, 0.0000000000000000000, -0.0000000000000000000 ) ) ;
#12788 = ORIENTED_EDGE ( 'NONE', *, *, #4195, .F. ) ;
#12789 = CARTESIAN_POINT ( 'NONE',  ( -6.099999999999998757, 0.0000000000000000000, 25.22500000000001208 ) ) ;
#12790 = PRESENTATION_LAYER_ASSIGNMENT (  '', '', ( #7829 ) ) ;
#12791 = FACE_OUTER_BOUND ( 'NONE', #8468, .T. ) ;
#12792 = PLANE ( 'NONE',  #9542 ) ;
#12793 = MECHANICAL_DESIGN_GEOMETRIC_PRESENTATION_REPRESENTATION (  '', ( #9531 ), #13020 ) ;
#12794 = PRESENTATION_LAYER_ASSIGNMENT (  '', '', ( #8895 ) ) ;
#12795 = VERTEX_POINT ( 'NONE', #5608 ) ;
#12796 = PRESENTATION_STYLE_ASSIGNMENT (( #8791 ) ) ;
#12797 = CARTESIAN_POINT ( 'NONE',  ( 9.199999999999999289, 0.0000000000000000000, -25.47499999999999432 ) ) ;
#12798 =( LENGTH_UNIT ( ) NAMED_UNIT ( * ) SI_UNIT ( .MILLI., .METRE. ) );
#12799 = EDGE_LOOP ( 'NONE', ( #6165, #2019, #12475, #3798 ) ) ;
#12800 = DIRECTION ( 'NONE',  ( -0.0000000000000000000, 1.000000000000000000, -0.0000000000000000000 ) ) ;
#12801 =( NAMED_UNIT ( * ) PLANE_ANGLE_UNIT ( ) SI_UNIT ( $, .RADIAN. ) );
#12802 = MECHANICAL_DESIGN_GEOMETRIC_PRESENTATION_REPRESENTATION (  '', ( #5242 ), #5043 ) ;
#12803 = MECHANICAL_DESIGN_GEOMETRIC_PRESENTATION_REPRESENTATION (  '', ( #3082 ), #11 ) ;
#12804 = CARTESIAN_POINT ( 'NONE',  ( -1.499999999999998002, -0.001000000000000000021, 22.92500000000000782 ) ) ;
#12805 = DIRECTION ( 'NONE',  ( -0.0000000000000000000, 1.000000000000000000, -0.0000000000000000000 ) ) ;
#12806 = DIRECTION ( 'NONE',  ( -1.000000000000000000, 0.0000000000000000000, 0.0000000000000000000 ) ) ;
#12807 = CARTESIAN_POINT ( 'NONE',  ( 3.700000000000003286, 1.000999999999999890, 22.92500000000000071 ) ) ;
#12808 = AXIS2_PLACEMENT_3D ( 'NONE', #11284, #6970, #2985 ) ;
#12809 = EDGE_LOOP ( 'NONE', ( #11820, #881, #1105, #7438 ) ) ;
#12810 = PLANE ( 'NONE',  #1177 ) ;
#12811 = LINE ( 'NONE', #6508, #1314 ) ;
#12812 = FACE_OUTER_BOUND ( 'NONE', #8457, .T. ) ;
#12813 = AXIS2_PLACEMENT_3D ( 'NONE', #3736, #7874, #395 ) ;
#12814 = VERTEX_POINT ( 'NONE', #2552 ) ;
#12815 = LINE ( 'NONE', #1447, #13343 ) ;
#12816 = FILL_AREA_STYLE_COLOUR ( '', #10368 ) ;
#12817 = EDGE_CURVE ( 'NONE', #9985, #344, #6671, .T. ) ;
#12818 = VECTOR ( 'NONE', #9475, 1000.000000000000000 ) ;
#12819 = ORIENTED_EDGE ( 'NONE', *, *, #5896, .F. ) ;
#12820 = FILL_AREA_STYLE ('',( #607 ) ) ;
#12821 = AXIS2_PLACEMENT_3D ( 'NONE', #11830, #11764, #427 ) ;
#12822 = CARTESIAN_POINT ( 'NONE',  ( -0.4999999999999980571, 0.0000000000000000000, 22.92500000000000782 ) ) ;
#12823 = EDGE_CURVE ( 'NONE', #12343, #5267, #6615, .T. ) ;
#12824 = PLANE ( 'NONE',  #9930 ) ;
#12825 = VECTOR ( 'NONE', #11686, 1000.000000000000000 ) ;
#12826 = PRESENTATION_LAYER_ASSIGNMENT (  '', '', ( #12373 ) ) ;
#12827 = PRESENTATION_STYLE_ASSIGNMENT (( #11939 ) ) ;
#12828 = CARTESIAN_POINT ( 'NONE',  ( 3.500000000000001332, 0.0000000000000000000, 25.22500000000000142 ) ) ;
#12829 = UNCERTAINTY_MEASURE_WITH_UNIT (LENGTH_MEASURE( 1.000000000000000082E-05 ), #4394, 'distance_accuracy_value', 'NONE');
#12830 = VERTEX_POINT ( 'NONE', #1482 ) ;
#12831 = VECTOR ( 'NONE', #8623, 1000.000000000000000 ) ;
#12832 = MECHANICAL_DESIGN_GEOMETRIC_PRESENTATION_REPRESENTATION (  '', ( #5717 ), #11540 ) ;
#12833 = EDGE_CURVE ( 'NONE', #7236, #773, #364, .T. ) ;
#12834 = SURFACE_STYLE_FILL_AREA ( #7489 ) ;
#12835 = CARTESIAN_POINT ( 'NONE',  ( -11.29999999999999538, 1.000000000000000000, 25.22500000000001208 ) ) ;
#12836 = ORIENTED_EDGE ( 'NONE', *, *, #5084, .F. ) ;
#12837 = AXIS2_PLACEMENT_3D ( 'NONE', #1875, #12344, #1737 ) ;
#12838 = DIRECTION ( 'NONE',  ( 1.000000000000000000, 0.0000000000000000000, 0.0000000000000000000 ) ) ;
#12839 = EDGE_CURVE ( 'NONE', #9880, #6815, #4937, .T. ) ;
#12840 = CARTESIAN_POINT ( 'NONE',  ( 7.300000000000002487, -0.001000000000000000021, 22.92500000000000071 ) ) ;
#12841 =( GEOMETRIC_REPRESENTATION_CONTEXT ( 3 ) GLOBAL_UNCERTAINTY_ASSIGNED_CONTEXT ( ( #1881 ) ) GLOBAL_UNIT_ASSIGNED_CONTEXT ( ( #12693, #9642, #5747 ) ) REPRESENTATION_CONTEXT ( 'NONE', 'WORKASPACE' ) );
#12842 = SURFACE_STYLE_FILL_AREA ( #4793 ) ;
#12843 = COLOUR_RGB ( '',1.000000000000000000, 1.000000000000000000, 0.0000000000000000000 ) ;
#12844 = COLOUR_RGB ( '',1.000000000000000000, 1.000000000000000000, 0.0000000000000000000 ) ;
#12845 = LINE ( 'NONE', #696, #4588 ) ;
#12846 = UNCERTAINTY_MEASURE_WITH_UNIT (LENGTH_MEASURE( 1.000000000000000082E-05 ), #10590, 'distance_accuracy_value', 'NONE');
#12847 = ORIENTED_EDGE ( 'NONE', *, *, #11792, .F. ) ;
#12848 = CARTESIAN_POINT ( 'NONE',  ( 11.70000000000000462, 1.000999999999999890, 22.92499999999999361 ) ) ;
#12849 = EDGE_CURVE ( 'NONE', #8216, #12718, #4053, .T. ) ;
#12850 = CARTESIAN_POINT ( 'NONE',  ( -4.849999999999997868, 3.399999999999999911, 21.27500000000000924 ) ) ;
#12851 =( NAMED_UNIT ( * ) SI_UNIT ( $, .STERADIAN. ) SOLID_ANGLE_UNIT ( ) );
#12852 = PRESENTATION_LAYER_ASSIGNMENT (  '', '', ( #5284 ) ) ;
#12853 = ORIENTED_EDGE ( 'NONE', *, *, #10757, .F. ) ;
#12854 = SURFACE_SIDE_STYLE ('',( #10801 ) ) ;
#12855 = MECHANICAL_DESIGN_GEOMETRIC_PRESENTATION_REPRESENTATION (  '', ( #3334 ), #10679 ) ;
#12856 = PRESENTATION_STYLE_ASSIGNMENT (( #2288 ) ) ;
#12857 =( GEOMETRIC_REPRESENTATION_CONTEXT ( 3 ) GLOBAL_UNCERTAINTY_ASSIGNED_CONTEXT ( ( #894 ) ) GLOBAL_UNIT_ASSIGNED_CONTEXT ( ( #10975, #8937, #11860 ) ) REPRESENTATION_CONTEXT ( 'NONE', 'WORKASPACE' ) );
#12858 = CARTESIAN_POINT ( 'NONE',  ( 2.700000000000002398, 0.0000000000000000000, 22.92500000000000426 ) ) ;
#12859 = CARTESIAN_POINT ( 'NONE',  ( 5.100000000000002309, -0.001000000000000000021, 22.92500000000000071 ) ) ;
#12860 = VECTOR ( 'NONE', #7786, 1000.000000000000000 ) ;
#12861 = FACE_OUTER_BOUND ( 'NONE', #7159, .T. ) ;
#12862 = VERTEX_POINT ( 'NONE', #7032 ) ;
#12863 = SURFACE_SIDE_STYLE ('',( #12719 ) ) ;
#12864 = UNCERTAINTY_MEASURE_WITH_UNIT (LENGTH_MEASURE( 1.000000000000000082E-05 ), #12753, 'distance_accuracy_value', 'NONE');
#12865 = DIRECTION ( 'NONE',  ( 1.000000000000000000, 0.0000000000000000000, 0.0000000000000000000 ) ) ;
#12866 =( NAMED_UNIT ( * ) PLANE_ANGLE_UNIT ( ) SI_UNIT ( $, .RADIAN. ) );
#12867 = UNCERTAINTY_MEASURE_WITH_UNIT (LENGTH_MEASURE( 1.000000000000000082E-05 ), #2509, 'distance_accuracy_value', 'NONE');
#12868 = VERTEX_POINT ( 'NONE', #9931 ) ;
#12869 = CARTESIAN_POINT ( 'NONE',  ( -9.899999999999995026, 1.000999999999999890, 25.22500000000001208 ) ) ;
#12870 = CARTESIAN_POINT ( 'NONE',  ( -8.499999999999998224, -0.001000000000000378407, 25.22500000000001208 ) ) ;
#12871 = VECTOR ( 'NONE', #1899, 1000.000000000000114 ) ;
#12872 = CARTESIAN_POINT ( 'NONE',  ( 9.300000000000002487, 1.000000000000000000, 25.22499999999999787 ) ) ;
#12873 = VERTEX_POINT ( 'NONE', #8042 ) ;
#12874 = CARTESIAN_POINT ( 'NONE',  ( 10.50000000000000178, -0.001000000000000000021, 25.22499999999999787 ) ) ;
#12875 = SURFACE_SIDE_STYLE ('',( #7861 ) ) ;
#12876 = MECHANICAL_DESIGN_GEOMETRIC_PRESENTATION_REPRESENTATION (  '', ( #2259 ), #4876 ) ;
#12877 = VECTOR ( 'NONE', #361, 1000.000000000000000 ) ;
#12878 =( GEOMETRIC_REPRESENTATION_CONTEXT ( 3 ) GLOBAL_UNCERTAINTY_ASSIGNED_CONTEXT ( ( #933 ) ) GLOBAL_UNIT_ASSIGNED_CONTEXT ( ( #308, #5706, #3578 ) ) REPRESENTATION_CONTEXT ( 'NONE', 'WORKASPACE' ) );
#12879 = DIRECTION ( 'NONE',  ( -0.0000000000000000000, 1.000000000000000000, -0.0000000000000000000 ) ) ;
#12880 =( LENGTH_UNIT ( ) NAMED_UNIT ( * ) SI_UNIT ( .MILLI., .METRE. ) );
#12881 = ORIENTED_EDGE ( 'NONE', *, *, #2933, .T. ) ;
#12882 = CARTESIAN_POINT ( 'NONE',  ( -7.699999999999997513, -2.523234146875355012E-16, 22.92500000000001137 ) ) ;
#12883 = PRESENTATION_STYLE_ASSIGNMENT (( #2588 ) ) ;
#12884 = DIRECTION ( 'NONE',  ( -0.0000000000000000000, 0.0000000000000000000, 1.000000000000000000 ) ) ;
#12885 = ORIENTED_EDGE ( 'NONE', *, *, #7366, .F. ) ;
#12886 = CARTESIAN_POINT ( 'NONE',  ( -15.00000000000000533, -1.350000000000000089, -19.67499999999999361 ) ) ;
#12887 = SURFACE_STYLE_FILL_AREA ( #1714 ) ;
#12888 = DIRECTION ( 'NONE',  ( 1.000000000000000000, 0.0000000000000000000, -0.0000000000000000000 ) ) ;
#12889 =( NAMED_UNIT ( * ) SI_UNIT ( $, .STERADIAN. ) SOLID_ANGLE_UNIT ( ) );
#12890 = PRESENTATION_LAYER_ASSIGNMENT (  '', '', ( #5326 ) ) ;
#12891 = ORIENTED_EDGE ( 'NONE', *, *, #4558, .F. ) ;
#12892 = FACE_OUTER_BOUND ( 'NONE', #4237, .T. ) ;
#12893 = DIRECTION ( 'NONE',  ( 0.0000000000000000000, 0.0000000000000000000, 1.000000000000000000 ) ) ;
#12894 = FILL_AREA_STYLE_COLOUR ( '', #12584 ) ;
#12895 = CARTESIAN_POINT ( 'NONE',  ( 12.84999999999999964, 0.2500000000000002220, 25.47500000000000853 ) ) ;
#12896 = AXIS2_PLACEMENT_3D ( 'NONE', #4051, #3854, #7977 ) ;
#12897 = COLOUR_RGB ( '',1.000000000000000000, 1.000000000000000000, 0.0000000000000000000 ) ;
#12898 = PRESENTATION_STYLE_ASSIGNMENT (( #6592 ) ) ;
#12899 = LINE ( 'NONE', #3609, #1392 ) ;
#12900 =( LENGTH_UNIT ( ) NAMED_UNIT ( * ) SI_UNIT ( .MILLI., .METRE. ) );
#12901 = EDGE_LOOP ( 'NONE', ( #5934, #11498, #7870, #10934 ) ) ;
#12902 = DIRECTION ( 'NONE',  ( 0.0000000000000000000, -0.0000000000000000000, 1.000000000000000000 ) ) ;
#12903 = EDGE_CURVE ( 'NONE', #11297, #7480, #5009, .T. ) ;
#12904 = PLANE ( 'NONE',  #9365 ) ;
#12905 = ORIENTED_EDGE ( 'NONE', *, *, #13096, .F. ) ;
#12906 =( NAMED_UNIT ( * ) SI_UNIT ( $, .STERADIAN. ) SOLID_ANGLE_UNIT ( ) );
#12907 = COLOUR_RGB ( '',1.000000000000000000, 1.000000000000000000, 0.0000000000000000000 ) ;
#12908 = DIRECTION ( 'NONE',  ( 1.000000000000000000, 0.0000000000000000000, 1.885568995626964287E-16 ) ) ;
#12909 = ADVANCED_FACE ( 'NONE', ( #11012 ), #10000, .F. ) ;
#12910 =( GEOMETRIC_REPRESENTATION_CONTEXT ( 3 ) GLOBAL_UNCERTAINTY_ASSIGNED_CONTEXT ( ( #13126 ) ) GLOBAL_UNIT_ASSIGNED_CONTEXT ( ( #9347, #8326, #6308 ) ) REPRESENTATION_CONTEXT ( 'NONE', 'WORKASPACE' ) );
#12911 =( NAMED_UNIT ( * ) PLANE_ANGLE_UNIT ( ) SI_UNIT ( $, .RADIAN. ) );
#12912 = ORIENTED_EDGE ( 'NONE', *, *, #7858, .F. ) ;
#12913 =( LENGTH_UNIT ( ) NAMED_UNIT ( * ) SI_UNIT ( .MILLI., .METRE. ) );
#12914 = DIRECTION ( 'NONE',  ( 4.336808689942029076E-16, 0.0000000000000000000, 1.000000000000000000 ) ) ;
#12915 = FILL_AREA_STYLE_COLOUR ( '', #10142 ) ;
#12916 = EDGE_CURVE ( 'NONE', #2856, #530, #6021, .T. ) ;
#12917 =( NAMED_UNIT ( * ) PLANE_ANGLE_UNIT ( ) SI_UNIT ( $, .RADIAN. ) );
#12918 = DIRECTION ( 'NONE',  ( -0.0000000000000000000, -1.000000000000000000, -0.0000000000000000000 ) ) ;
#12919 = EDGE_CURVE ( 'NONE', #2547, #8358, #7908, .T. ) ;
#12920 = AXIS2_PLACEMENT_3D ( 'NONE', #9692, #2520, #1449 ) ;
#12921 = VERTEX_POINT ( 'NONE', #10071 ) ;
#12922 = DIRECTION ( 'NONE',  ( -1.000000000000000000, -0.0000000000000000000, -0.0000000000000000000 ) ) ;
#12923 = PRESENTATION_STYLE_ASSIGNMENT (( #12144 ) ) ;
#12924 = ADVANCED_FACE ( 'NONE', ( #3783 ), #781, .F. ) ;
#12925 = ADVANCED_FACE ( 'NONE', ( #1059 ), #1122, .F. ) ;
#12926 = FACE_OUTER_BOUND ( 'NONE', #3134, .T. ) ;
#12927 =( LENGTH_UNIT ( ) NAMED_UNIT ( * ) SI_UNIT ( .MILLI., .METRE. ) );
#12928 = PRESENTATION_LAYER_ASSIGNMENT (  '', '', ( #7094 ) ) ;
#12929 = ORIENTED_EDGE ( 'NONE', *, *, #8180, .F. ) ;
#12930 =( LENGTH_UNIT ( ) NAMED_UNIT ( * ) SI_UNIT ( .MILLI., .METRE. ) );
#12931 = DIRECTION ( 'NONE',  ( 0.0000000000000000000, -0.0000000000000000000, -1.000000000000000000 ) ) ;
#12932 = DIRECTION ( 'NONE',  ( 1.885568995626964287E-16, 0.0000000000000000000, -1.000000000000000000 ) ) ;
#12933 = SURFACE_SIDE_STYLE ('',( #8789 ) ) ;
#12934 = EDGE_CURVE ( 'NONE', #13321, #12747, #9500, .T. ) ;
#12935 = AXIS2_PLACEMENT_3D ( 'NONE', #11018, #12034, #2561 ) ;
#12936 = EDGE_CURVE ( 'NONE', #8878, #12164, #5142, .T. ) ;
#12937 = VERTEX_POINT ( 'NONE', #8426 ) ;
#12938 = LINE ( 'NONE', #4758, #2969 ) ;
#12939 = COLOUR_RGB ( '',1.000000000000000000, 1.000000000000000000, 0.0000000000000000000 ) ;
#12940 = LINE ( 'NONE', #2572, #2603 ) ;
#12941 = CARTESIAN_POINT ( 'NONE',  ( 4.300000000000001599, -0.001000000000000000021, 25.22500000000000142 ) ) ;
#12942 = ORIENTED_EDGE ( 'NONE', *, *, #11111, .T. ) ;
#12943 = PLANE ( 'NONE',  #10900 ) ;
#12944 = CARTESIAN_POINT ( 'NONE',  ( 7.300000000000002487, -0.001000000000000000021, 25.22500000000000142 ) ) ;
#12945 = PRESENTATION_STYLE_ASSIGNMENT (( #6984 ) ) ;
#12946 = MECHANICAL_DESIGN_GEOMETRIC_PRESENTATION_REPRESENTATION (  '', ( #11212 ), #6452 ) ;
#12947 = DIRECTION ( 'NONE',  ( 9.427844978134821433E-17, 0.0000000000000000000, 1.000000000000000000 ) ) ;
#12948 = DIRECTION ( 'NONE',  ( 0.0000000000000000000, 0.0000000000000000000, 1.000000000000000000 ) ) ;
#12949 = DIRECTION ( 'NONE',  ( -0.0000000000000000000, 1.000000000000000000, -0.0000000000000000000 ) ) ;
#12950 = VERTEX_POINT ( 'NONE', #11344 ) ;
#12951 = DIRECTION ( 'NONE',  ( -9.427844978134821433E-17, -0.0000000000000000000, 1.000000000000000000 ) ) ;
#12952 = CARTESIAN_POINT ( 'NONE',  ( 4.900000000000001243, -0.001000000000000000021, 25.22500000000000142 ) ) ;
#12953 = VERTEX_POINT ( 'NONE', #12424 ) ;
#12954 = LINE ( 'NONE', #2383, #12433 ) ;
#12955 = CARTESIAN_POINT ( 'NONE',  ( 10.30000000000000426, 1.000999999999999890, 25.22499999999999787 ) ) ;
#12956 = FILL_AREA_STYLE_COLOUR ( '', #5013 ) ;
#12957 = DIRECTION ( 'NONE',  ( -0.0000000000000000000, -0.0000000000000000000, 1.000000000000000000 ) ) ;
#12958 = EDGE_LOOP ( 'NONE', ( #6026, #5602, #4515, #12464 ) ) ;
#12959 = VECTOR ( 'NONE', #438, 1000.000000000000000 ) ;
#12960 = DIRECTION ( 'NONE',  ( 1.000000000000000000, 0.0000000000000000000, 0.0000000000000000000 ) ) ;
#12961 = ADVANCED_FACE ( 'NONE', ( #10326 ), #7345, .F. ) ;
#12962 = CARTESIAN_POINT ( 'NONE',  ( -0.4999999999999985012, 0.0000000000000000000, 25.22500000000000853 ) ) ;
#12963 = DIRECTION ( 'NONE',  ( -0.0000000000000000000, 1.000000000000000000, -0.0000000000000000000 ) ) ;
#12964 = DIRECTION ( 'NONE',  ( -9.427844978134821433E-17, -0.0000000000000000000, -1.000000000000000000 ) ) ;
#12965 = MECHANICAL_DESIGN_GEOMETRIC_PRESENTATION_REPRESENTATION (  '', ( #1065 ), #7983 ) ;
#12966 = FILL_AREA_STYLE_COLOUR ( '', #5701 ) ;
#12967 = SURFACE_STYLE_FILL_AREA ( #11816 ) ;
#12968 = UNCERTAINTY_MEASURE_WITH_UNIT (LENGTH_MEASURE( 1.000000000000000082E-05 ), #1675, 'distance_accuracy_value', 'NONE');
#12969 = ORIENTED_EDGE ( 'NONE', *, *, #11075, .F. ) ;
#12970 = PRESENTATION_STYLE_ASSIGNMENT (( #7617 ) ) ;
#12971 = DIRECTION ( 'NONE',  ( -0.0000000000000000000, -1.000000000000000000, -0.0000000000000000000 ) ) ;
#12972 = ORIENTED_EDGE ( 'NONE', *, *, #9929, .T. ) ;
#12973 = CARTESIAN_POINT ( 'NONE',  ( 6.500000000000002665, -0.001000000000000000021, 25.22500000000000142 ) ) ;
#12974 = VECTOR ( 'NONE', #2297, 1000.000000000000000 ) ;
#12975 = DIRECTION ( 'NONE',  ( 0.0000000000000000000, -1.000000000000000000, 0.0000000000000000000 ) ) ;
#12976 = FILL_AREA_STYLE ('',( #1606 ) ) ;
#12977 = UNCERTAINTY_MEASURE_WITH_UNIT (LENGTH_MEASURE( 1.000000000000000082E-05 ), #6251, 'distance_accuracy_value', 'NONE');
#12978 = PRESENTATION_LAYER_ASSIGNMENT (  '', '', ( #4781 ) ) ;
#12979 = STYLED_ITEM ( 'NONE', ( #4013 ), #13409 ) ;
#12980 = ORIENTED_EDGE ( 'NONE', *, *, #7534, .T. ) ;
#12981 = CARTESIAN_POINT ( 'NONE',  ( 6.700000000000002842, -0.001000000000000000021, 22.92500000000000071 ) ) ;
#12982 = CARTESIAN_POINT ( 'NONE',  ( 15.00000000000000000, 1.000000000000000000, 25.22500000000000853 ) ) ;
#12983 = AXIS2_PLACEMENT_3D ( 'NONE', #864, #11228, #4007 ) ;
#12984 = FACE_OUTER_BOUND ( 'NONE', #1938, .T. ) ;
#12985 = DIRECTION ( 'NONE',  ( -1.000000000000000000, 0.0000000000000000000, -0.0000000000000000000 ) ) ;
#12986 = SURFACE_SIDE_STYLE ('',( #1752 ) ) ;
#12987 = SURFACE_STYLE_USAGE ( .BOTH. , #4738 ) ;
#12988 = EDGE_CURVE ( 'NONE', #8186, #8785, #11478, .T. ) ;
#12989 =( NAMED_UNIT ( * ) PLANE_ANGLE_UNIT ( ) SI_UNIT ( $, .RADIAN. ) );
#12990 = ORIENTED_EDGE ( 'NONE', *, *, #11934, .T. ) ;
#12991 = CARTESIAN_POINT ( 'NONE',  ( 11.70000000000000462, 1.000999999999999890, 25.22499999999999432 ) ) ;
#12992 = MECHANICAL_DESIGN_GEOMETRIC_PRESENTATION_REPRESENTATION (  '', ( #5423 ), #11250 ) ;
#12993 = MECHANICAL_DESIGN_GEOMETRIC_PRESENTATION_REPRESENTATION (  '', ( #6274 ), #1085 ) ;
#12994 = STYLED_ITEM ( 'NONE', ( #11087 ), #12924 ) ;
#12995 = EDGE_CURVE ( 'NONE', #5556, #1921, #3159, .T. ) ;
#12996 = EDGE_CURVE ( 'NONE', #7981, #5467, #10595, .T. ) ;
#12997 = CARTESIAN_POINT ( 'NONE',  ( -0.4999999999999980571, -0.001000000000000000021, 22.92500000000000782 ) ) ;
#12998 = VECTOR ( 'NONE', #10683, 1000.000000000000000 ) ;
#12999 = SURFACE_STYLE_FILL_AREA ( #2496 ) ;
#13000 = EDGE_LOOP ( 'NONE', ( #2789, #10983, #4983, #12014, #711, #2077, #5611, #152, #9969, #4052, #4926, #11029 ) ) ;
#13001 = VECTOR ( 'NONE', #10976, 1000.000000000000000 ) ;
#13002 =( NAMED_UNIT ( * ) SI_UNIT ( $, .STERADIAN. ) SOLID_ANGLE_UNIT ( ) );
#13003 = UNCERTAINTY_MEASURE_WITH_UNIT (LENGTH_MEASURE( 1.000000000000000082E-05 ), #3060, 'distance_accuracy_value', 'NONE');
#13004 = LINE ( 'NONE', #3646, #4826 ) ;
#13005 = SURFACE_STYLE_USAGE ( .BOTH. , #2430 ) ;
#13006 = SURFACE_STYLE_USAGE ( .BOTH. , #13201 ) ;
#13007 = UNCERTAINTY_MEASURE_WITH_UNIT (LENGTH_MEASURE( 1.000000000000000082E-05 ), #7992, 'distance_accuracy_value', 'NONE');
#13008 = EDGE_LOOP ( 'NONE', ( #6034, #10886, #6202, #11227 ) ) ;
#13009 = CARTESIAN_POINT ( 'NONE',  ( -0.09999999999999635569, 1.000000000000000000, 22.92500000000000426 ) ) ;
#13010 = CARTESIAN_POINT ( 'NONE',  ( 9.099999999999999645, -0.001000000000000000021, 25.22499999999999787 ) ) ;
#13011 = EDGE_CURVE ( 'NONE', #2319, #10523, #6601, .T. ) ;
#13012 =( NAMED_UNIT ( * ) PLANE_ANGLE_UNIT ( ) SI_UNIT ( $, .RADIAN. ) );
#13013 = EDGE_LOOP ( 'NONE', ( #10910, #9247, #11859, #5546 ) ) ;
#13015 = ADVANCED_FACE ( 'NONE', ( #4724 ), #2471, .F. ) ;
#13014 = DIRECTION ( 'NONE',  ( 3.771137991253928573E-16, 0.0000000000000000000, -1.000000000000000000 ) ) ;
#13016 = DIRECTION ( 'NONE',  ( -1.000000000000000000, -0.0000000000000000000, -0.0000000000000000000 ) ) ;
#13017 = DIRECTION ( 'NONE',  ( 1.000000000000000000, 0.0000000000000000000, 0.0000000000000000000 ) ) ;
#13018 = EDGE_CURVE ( 'NONE', #1921, #11808, #419, .T. ) ;
#13019 = LINE ( 'NONE', #8799, #1019 ) ;
#13020 =( GEOMETRIC_REPRESENTATION_CONTEXT ( 3 ) GLOBAL_UNCERTAINTY_ASSIGNED_CONTEXT ( ( #7848 ) ) GLOBAL_UNIT_ASSIGNED_CONTEXT ( ( #12684, #6520, #5587 ) ) REPRESENTATION_CONTEXT ( 'NONE', 'WORKASPACE' ) );
#13021 = VERTEX_POINT ( 'NONE', #5529 ) ;
#13022 = DIRECTION ( 'NONE',  ( 1.885568995626964287E-16, 0.0000000000000000000, -1.000000000000000000 ) ) ;
#13023 = PLANE ( 'NONE',  #5011 ) ;
#13024 = VERTEX_POINT ( 'NONE', #8829 ) ;
#13025 = CARTESIAN_POINT ( 'NONE',  ( 8.700000000000002842, 1.000999999999999890, 22.92499999999999716 ) ) ;
#13026 = CARTESIAN_POINT ( 'NONE',  ( -7.699999999999997513, -0.001000000000000252423, 22.92500000000001137 ) ) ;
#13027 = FILL_AREA_STYLE ('',( #11047 ) ) ;
#13028 = SURFACE_STYLE_USAGE ( .BOTH. , #8876 ) ;
#13029 = LINE ( 'NONE', #538, #5001 ) ;
#13030 = ORIENTED_EDGE ( 'NONE', *, *, #10087, .T. ) ;
#13031 = PLANE ( 'NONE',  #12616 ) ;
#13032 = PRESENTATION_LAYER_ASSIGNMENT (  '', '', ( #2636 ) ) ;
#13033 = LINE ( 'NONE', #6795, #9372 ) ;
#13034 = COLOUR_RGB ( '',1.000000000000000000, 1.000000000000000000, 0.0000000000000000000 ) ;
#13035 = AXIS2_PLACEMENT_3D ( 'NONE', #6228, #11232, #8188 ) ;
#13036 = CARTESIAN_POINT ( 'NONE',  ( 10.10000000000000320, 1.000000000000000000, 25.22499999999999787 ) ) ;
#13037 = SURFACE_SIDE_STYLE ('',( #3757 ) ) ;
#13038 = DIRECTION ( 'NONE',  ( 1.885568995626964287E-16, 0.0000000000000000000, -1.000000000000000000 ) ) ;
#13039 = DIRECTION ( 'NONE',  ( 0.0000000000000000000, 0.0000000000000000000, 1.000000000000000000 ) ) ;
#13040 =( NAMED_UNIT ( * ) SI_UNIT ( $, .STERADIAN. ) SOLID_ANGLE_UNIT ( ) );
#13041 = ORIENTED_EDGE ( 'NONE', *, *, #2574, .F. ) ;
#13042 = LINE ( 'NONE', #3763, #2497 ) ;
#13043 =( NAMED_UNIT ( * ) PLANE_ANGLE_UNIT ( ) SI_UNIT ( $, .RADIAN. ) );
#13044 = ORIENTED_EDGE ( 'NONE', *, *, #10516, .T. ) ;
#13045 = VERTEX_POINT ( 'NONE', #1532 ) ;
#13046 = VECTOR ( 'NONE', #554, 1000.000000000000000 ) ;
#13047 =( GEOMETRIC_REPRESENTATION_CONTEXT ( 3 ) GLOBAL_UNCERTAINTY_ASSIGNED_CONTEXT ( ( #6189 ) ) GLOBAL_UNIT_ASSIGNED_CONTEXT ( ( #6919, #10155, #9005 ) ) REPRESENTATION_CONTEXT ( 'NONE', 'WORKASPACE' ) );
#13048 =( LENGTH_UNIT ( ) NAMED_UNIT ( * ) SI_UNIT ( .MILLI., .METRE. ) );
#13049 = FILL_AREA_STYLE ('',( #9992 ) ) ;
#13050 = COLOUR_RGB ( '',1.000000000000000000, 1.000000000000000000, 0.0000000000000000000 ) ;
#13051 = DIRECTION ( 'NONE',  ( -2.990902544787598592E-16, 0.0000000000000000000, -1.000000000000000000 ) ) ;
#13052 = MECHANICAL_DESIGN_GEOMETRIC_PRESENTATION_REPRESENTATION (  '', ( #11296 ), #10043 ) ;
#13053 = ORIENTED_EDGE ( 'NONE', *, *, #5886, .F. ) ;
#13054 = CARTESIAN_POINT ( 'NONE',  ( 11.10000000000000320, 1.000999999999999890, 22.92499999999999361 ) ) ;
#13055 =( GEOMETRIC_REPRESENTATION_CONTEXT ( 3 ) GLOBAL_UNCERTAINTY_ASSIGNED_CONTEXT ( ( #4580 ) ) GLOBAL_UNIT_ASSIGNED_CONTEXT ( ( #3448, #2564, #3642 ) ) REPRESENTATION_CONTEXT ( 'NONE', 'WORKASPACE' ) );
#13056 = FILL_AREA_STYLE_COLOUR ( '', #5354 ) ;
#13057 = DIRECTION ( 'NONE',  ( 1.000000000000000000, 0.0000000000000000000, 0.0000000000000000000 ) ) ;
#13058 = PLANE ( 'NONE',  #2279 ) ;
#13059 = DIRECTION ( 'NONE',  ( -0.0000000000000000000, -1.000000000000000000, -0.0000000000000000000 ) ) ;
#13060 = DIRECTION ( 'NONE',  ( 0.0000000000000000000, 0.0000000000000000000, -1.000000000000000000 ) ) ;
#13061 = VERTEX_POINT ( 'NONE', #5674 ) ;
#13062 = PRESENTATION_STYLE_ASSIGNMENT (( #9935 ) ) ;
#13063 = MECHANICAL_DESIGN_GEOMETRIC_PRESENTATION_REPRESENTATION (  '', ( #5943 ), #12841 ) ;
#13064 = PRESENTATION_LAYER_ASSIGNMENT (  '', '', ( #12608 ) ) ;
#13065 = CARTESIAN_POINT ( 'NONE',  ( -4.849999999999997868, 3.399999999999999911, 22.27500000000000568 ) ) ;
#13066 = MECHANICAL_DESIGN_GEOMETRIC_PRESENTATION_REPRESENTATION (  '', ( #3336 ), #11123 ) ;
#13067 = FILL_AREA_STYLE ('',( #3512 ) ) ;
#13068 = ORIENTED_EDGE ( 'NONE', *, *, #10117, .F. ) ;
#13069 = DIRECTION ( 'NONE',  ( 0.0000000000000000000, 0.0000000000000000000, 1.000000000000000000 ) ) ;
#13070 = MECHANICAL_DESIGN_GEOMETRIC_PRESENTATION_REPRESENTATION (  '', ( #8718 ), #274 ) ;
#13071 = FILL_AREA_STYLE ('',( #8915 ) ) ;
#13072 = DIRECTION ( 'NONE',  ( 0.0000000000000000000, 0.0000000000000000000, -1.000000000000000000 ) ) ;
#13073 = PRESENTATION_LAYER_ASSIGNMENT (  '', '', ( #5086 ) ) ;
#13074 = ORIENTED_EDGE ( 'NONE', *, *, #13084, .F. ) ;
#13075 = DIRECTION ( 'NONE',  ( 1.000000000000000000, 0.0000000000000000000, -0.0000000000000000000 ) ) ;
#13076 = PRESENTATION_STYLE_ASSIGNMENT (( #5974 ) ) ;
#13077 = VECTOR ( 'NONE', #2246, 1000.000000000000000 ) ;
#13078 = DIRECTION ( 'NONE',  ( 1.000000000000000000, -0.0000000000000000000, -0.0000000000000000000 ) ) ;
#13079 = EDGE_CURVE ( 'NONE', #5859, #1186, #5752, .T. ) ;
#13080 = ORIENTED_EDGE ( 'NONE', *, *, #4004, .T. ) ;
#13081 = CARTESIAN_POINT ( 'NONE',  ( 11.70000000000000462, 1.000000000000000000, 22.92499999999999361 ) ) ;
#13082 = DIRECTION ( 'NONE',  ( -1.000000000000000000, 0.0000000000000000000, -0.0000000000000000000 ) ) ;
#13083 = VECTOR ( 'NONE', #12727, 1000.000000000000000 ) ;
#13084 = EDGE_CURVE ( 'NONE', #12238, #344, #8628, .T. ) ;
#13085 = VECTOR ( 'NONE', #31, 1000.000000000000000 ) ;
#13086 = DIRECTION ( 'NONE',  ( -9.427844978134821433E-17, -0.0000000000000000000, -1.000000000000000000 ) ) ;
#13087 = SURFACE_SIDE_STYLE ('',( #5033 ) ) ;
#13088 = ORIENTED_EDGE ( 'NONE', *, *, #4998, .F. ) ;
#13089 = DIRECTION ( 'NONE',  ( -0.0000000000000000000, 1.000000000000000000, -0.0000000000000000000 ) ) ;
#13090 = CARTESIAN_POINT ( 'NONE',  ( -8.899999999999995026, 1.000000000000000000, 22.92500000000001137 ) ) ;
#13091 = CARTESIAN_POINT ( 'NONE',  ( 9.199999999999999289, -1.350000000000000089, -19.67499999999999361 ) ) ;
#13092 = ORIENTED_EDGE ( 'NONE', *, *, #9512, .F. ) ;
#13093 = LINE ( 'NONE', #12955, #13411 ) ;
#13094 = DIRECTION ( 'NONE',  ( -9.427844978134821433E-17, -0.0000000000000000000, -1.000000000000000000 ) ) ;
#13095 = CARTESIAN_POINT ( 'NONE',  ( -12.09999999999999609, 1.000000000000000000, 22.92500000000001137 ) ) ;
#13096 = EDGE_CURVE ( 'NONE', #689, #2282, #11821, .T. ) ;
#13097 = VERTEX_POINT ( 'NONE', #3616 ) ;
#13098 = LINE ( 'NONE', #10984, #945 ) ;
#13099 = EDGE_CURVE ( 'NONE', #6246, #4909, #11749, .T. ) ;
#13100 = CARTESIAN_POINT ( 'NONE',  ( 9.199999999999999289, 3.399999999999999911, -25.47499999999999432 ) ) ;
#13101 = MECHANICAL_DESIGN_GEOMETRIC_PRESENTATION_REPRESENTATION (  '', ( #4018 ), #4240 ) ;
#13102 = ORIENTED_EDGE ( 'NONE', *, *, #11586, .T. ) ;
#13103 = MECHANICAL_DESIGN_GEOMETRIC_PRESENTATION_REPRESENTATION (  '', ( #4888 ), #5975 ) ;
#13104 = CARTESIAN_POINT ( 'NONE',  ( -4.849999999999997868, 3.399999999999999911, 22.27500000000000568 ) ) ;
#13105 = EDGE_CURVE ( 'NONE', #4587, #12868, #2410, .T. ) ;
#13106 =( NAMED_UNIT ( * ) SI_UNIT ( $, .STERADIAN. ) SOLID_ANGLE_UNIT ( ) );
#13107 = CARTESIAN_POINT ( 'NONE',  ( 8.500000000000003553, 1.000999999999999890, 25.22499999999999787 ) ) ;
#13108 = VECTOR ( 'NONE', #3973, 1000.000000000000000 ) ;
#13109 = FACE_OUTER_BOUND ( 'NONE', #11957, .T. ) ;
#13110 = AXIS2_PLACEMENT_3D ( 'NONE', #11240, #6043, #6236 ) ;
#13111 = DIRECTION ( 'NONE',  ( 0.0000000000000000000, 0.0000000000000000000, 1.000000000000000000 ) ) ;
#13112 = UNCERTAINTY_MEASURE_WITH_UNIT (LENGTH_MEASURE( 1.000000000000000082E-05 ), #5519, 'distance_accuracy_value', 'NONE');
#13113 = ORIENTED_EDGE ( 'NONE', *, *, #11595, .T. ) ;
#13114 = CARTESIAN_POINT ( 'NONE',  ( -0.6999999999999982903, -0.001000000000000000021, 25.22500000000000853 ) ) ;
#13115 = AXIS2_PLACEMENT_3D ( 'NONE', #13364, #7197, #13300 ) ;
#13116 = DIRECTION ( 'NONE',  ( 0.0000000000000000000, 1.000000000000000000, 0.0000000000000000000 ) ) ;
#13117 = ORIENTED_EDGE ( 'NONE', *, *, #1680, .F. ) ;
#13118 = FILL_AREA_STYLE ('',( #902 ) ) ;
#13119 = ORIENTED_EDGE ( 'NONE', *, *, #7609, .F. ) ;
#13120 = FILL_AREA_STYLE ('',( #4862 ) ) ;
#13121 = UNCERTAINTY_MEASURE_WITH_UNIT (LENGTH_MEASURE( 1.000000000000000082E-05 ), #2983, 'distance_accuracy_value', 'NONE');
#13122 = ORIENTED_EDGE ( 'NONE', *, *, #370, .F. ) ;
#13123 = LINE ( 'NONE', #11156, #4196 ) ;
#13124 = FACE_OUTER_BOUND ( 'NONE', #5700, .T. ) ;
#13125 = CARTESIAN_POINT ( 'NONE',  ( 13.65000000000000036, 1.000000000000000000, 23.07500000000000995 ) ) ;
#13126 = UNCERTAINTY_MEASURE_WITH_UNIT (LENGTH_MEASURE( 1.000000000000000082E-05 ), #9347, 'distance_accuracy_value', 'NONE');
#13127 = COLOUR_RGB ( '',0.0000000000000000000, 0.7529411764705882248, 0.0000000000000000000 ) ;
#13128 = LINE ( 'NONE', #5008, #2968 ) ;
#13129 = EDGE_LOOP ( 'NONE', ( #12216, #4731, #2724, #511 ) ) ;
#13130 = DIRECTION ( 'NONE',  ( -1.000000000000000000, 0.0000000000000000000, 9.427844978134821433E-17 ) ) ;
#13131 = DIRECTION ( 'NONE',  ( 0.0000000000000000000, 1.000000000000000000, 0.0000000000000000000 ) ) ;
#13132 = VERTEX_POINT ( 'NONE', #7684 ) ;
#13133 = SURFACE_STYLE_FILL_AREA ( #9864 ) ;
#13134 = VECTOR ( 'NONE', #11258, 1000.000000000000000 ) ;
#13135 = PRESENTATION_LAYER_ASSIGNMENT (  '', '', ( #3846 ) ) ;
#13136 = CARTESIAN_POINT ( 'NONE',  ( 10.30000000000000426, 1.000000000000000000, 25.22500000000000853 ) ) ;
#13137 = EDGE_LOOP ( 'NONE', ( #11623, #6554, #2827, #7225 ) ) ;
#13138 = LINE ( 'NONE', #2714, #10446 ) ;
#13139 =( NAMED_UNIT ( * ) PLANE_ANGLE_UNIT ( ) SI_UNIT ( $, .RADIAN. ) );
#13140 = UNCERTAINTY_MEASURE_WITH_UNIT (LENGTH_MEASURE( 1.000000000000000082E-05 ), #12927, 'distance_accuracy_value', 'NONE');
#13141 = CARTESIAN_POINT ( 'NONE',  ( -7.299999999999993605, 1.000000000000000000, 25.22500000000000853 ) ) ;
#13142 =( LENGTH_UNIT ( ) NAMED_UNIT ( * ) SI_UNIT ( .MILLI., .METRE. ) );
#13143 = VERTEX_POINT ( 'NONE', #9645 ) ;
#13144 = CARTESIAN_POINT ( 'NONE',  ( 2.500000000000002665, 0.0000000000000000000, 22.92500000000000426 ) ) ;
#13145 = LINE ( 'NONE', #7989, #4794 ) ;
#13146 = ORIENTED_EDGE ( 'NONE', *, *, #10663, .F. ) ;
#13147 = CARTESIAN_POINT ( 'NONE',  ( -1.299999999999998268, -0.001000000000000000021, 22.92500000000000782 ) ) ;
#13148 = PRESENTATION_LAYER_ASSIGNMENT (  '', '', ( #4722 ) ) ;
#13149 = SURFACE_STYLE_FILL_AREA ( #9001 ) ;
#13150 = FILL_AREA_STYLE ('',( #7726 ) ) ;
#13151 = VECTOR ( 'NONE', #11984, 1000.000000000000000 ) ;
#13152 = ORIENTED_EDGE ( 'NONE', *, *, #4326, .T. ) ;
#13153 = SURFACE_STYLE_FILL_AREA ( #9079 ) ;
#13154 = SURFACE_SIDE_STYLE ('',( #9009 ) ) ;
#13155 = FILL_AREA_STYLE_COLOUR ( '', #5882 ) ;
#13156 = VERTEX_POINT ( 'NONE', #4521 ) ;
#13157 = DIRECTION ( 'NONE',  ( 9.427844978134821433E-17, 0.0000000000000000000, 1.000000000000000000 ) ) ;
#13158 = LINE ( 'NONE', #12257, #11807 ) ;
#13159 = CARTESIAN_POINT ( 'NONE',  ( 8.300000000000004263, -0.001000000000000000021, 22.92499999999999716 ) ) ;
#13160 =( NAMED_UNIT ( * ) SI_UNIT ( $, .STERADIAN. ) SOLID_ANGLE_UNIT ( ) );
#13161 = EDGE_LOOP ( 'NONE', ( #12675, #1838, #8861, #10283 ) ) ;
#13162 = CARTESIAN_POINT ( 'NONE',  ( -15.00000000000000000, 1.000000000000000000, 22.27500000000000568 ) ) ;
#13163 = EDGE_CURVE ( 'NONE', #4367, #4486, #10658, .T. ) ;
#13164 = VECTOR ( 'NONE', #4971, 1000.000000000000000 ) ;
#13165 = MECHANICAL_DESIGN_GEOMETRIC_PRESENTATION_REPRESENTATION (  '', ( #6032 ), #7305 ) ;
#13166 = LINE ( 'NONE', #3895, #4091 ) ;
#13167 = ADVANCED_FACE ( 'NONE', ( #3488 ), #3431, .F. ) ;
#13168 = DIRECTION ( 'NONE',  ( -0.0000000000000000000, 1.000000000000000000, -0.0000000000000000000 ) ) ;
#13169 = EDGE_CURVE ( 'NONE', #350, #10699, #10865, .T. ) ;
#13170 = CARTESIAN_POINT ( 'NONE',  ( 15.00000000000000000, 1.000000000000000000, -19.67499999999999361 ) ) ;
#13171 = MECHANICAL_DESIGN_GEOMETRIC_PRESENTATION_REPRESENTATION (  '', ( #9266 ), #9695 ) ;
#13172 = CARTESIAN_POINT ( 'NONE',  ( 7.900000000000003908, 1.000000000000000000, 22.92499999999999716 ) ) ;
#13173 = ORIENTED_EDGE ( 'NONE', *, *, #3329, .T. ) ;
#13174 = PLANE ( 'NONE',  #3671 ) ;
#13175 = ORIENTED_EDGE ( 'NONE', *, *, #1909, .T. ) ;
#13176 = DIRECTION ( 'NONE',  ( -0.0000000000000000000, 1.000000000000000000, -0.0000000000000000000 ) ) ;
#13177 = ORIENTED_EDGE ( 'NONE', *, *, #3002, .F. ) ;
#13178 = CARTESIAN_POINT ( 'NONE',  ( -10.09999999999999787, -0.001000000000000630810, 22.92500000000001137 ) ) ;
#13179 = EDGE_CURVE ( 'NONE', #11167, #7289, #10059, .T. ) ;
#13180 = EDGE_CURVE ( 'NONE', #1846, #10246, #12388, .T. ) ;
#13181 = DIRECTION ( 'NONE',  ( -1.000000000000000000, 0.0000000000000000000, -0.0000000000000000000 ) ) ;
#13182 = AXIS2_PLACEMENT_3D ( 'NONE', #3087, #7212, #13311 ) ;
#13183 = CARTESIAN_POINT ( 'NONE',  ( 4.700000000000004619, 1.000999999999999890, 22.92500000000000071 ) ) ;
#13184 = STYLED_ITEM ( 'NONE', ( #11891 ), #4573 ) ;
#13185 = ADVANCED_FACE ( 'NONE', ( #838 ), #1093, .F. ) ;
#13186 = EDGE_CURVE ( 'NONE', #962, #2145, #42, .T. ) ;
#13187 = CARTESIAN_POINT ( 'NONE',  ( -8.899999999999995026, 1.000999999999999890, 22.92500000000001137 ) ) ;
#13188 = VERTEX_POINT ( 'NONE', #4929 ) ;
#13189 = CARTESIAN_POINT ( 'NONE',  ( -2.849999999999997424, 3.399999999999999911, 21.27500000000000924 ) ) ;
#13190 = SURFACE_STYLE_USAGE ( .BOTH. , #2774 ) ;
#13191 = DIRECTION ( 'NONE',  ( 0.0000000000000000000, 0.0000000000000000000, -1.000000000000000000 ) ) ;
#13192 = CARTESIAN_POINT ( 'NONE',  ( 6.700000000000002842, 0.0000000000000000000, 22.92500000000000071 ) ) ;
#13193 = COLOUR_RGB ( '',1.000000000000000000, 1.000000000000000000, 0.0000000000000000000 ) ;
#13194 = FILL_AREA_STYLE_COLOUR ( '', #8144 ) ;
#13195 =( GEOMETRIC_REPRESENTATION_CONTEXT ( 3 ) GLOBAL_UNCERTAINTY_ASSIGNED_CONTEXT ( ( #6892 ) ) GLOBAL_UNIT_ASSIGNED_CONTEXT ( ( #4788, #2536, #5670 ) ) REPRESENTATION_CONTEXT ( 'NONE', 'WORKASPACE' ) );
#13196 = CARTESIAN_POINT ( 'NONE',  ( -0.8999999999999964695, 1.000000000000000000, 22.92500000000000782 ) ) ;
#13197 = ORIENTED_EDGE ( 'NONE', *, *, #7986, .F. ) ;
#13198 = FILL_AREA_STYLE ('',( #7410 ) ) ;
#13199 = AXIS2_PLACEMENT_3D ( 'NONE', #10560, #10492, #8322 ) ;
#13200 = EDGE_LOOP ( 'NONE', ( #1027, #3283, #4151, #10135 ) ) ;
#13201 = SURFACE_SIDE_STYLE ('',( #7922 ) ) ;
#13202 = ORIENTED_EDGE ( 'NONE', *, *, #10084, .T. ) ;
#13203 = FILL_AREA_STYLE ('',( #3868 ) ) ;
#13204 = FACE_OUTER_BOUND ( 'NONE', #5270, .T. ) ;
#13205 = ORIENTED_EDGE ( 'NONE', *, *, #2733, .T. ) ;
#13206 = CARTESIAN_POINT ( 'NONE',  ( 5.700000000000001954, -0.001000000000000000021, 25.22500000000000142 ) ) ;
#13207 = AXIS2_PLACEMENT_3D ( 'NONE', #11124, #12119, #11181 ) ;
#13208 =( NAMED_UNIT ( * ) SI_UNIT ( $, .STERADIAN. ) SOLID_ANGLE_UNIT ( ) );
#13209 = AXIS2_PLACEMENT_3D ( 'NONE', #2807, #7185, #12199 ) ;
#13210 = VERTEX_POINT ( 'NONE', #5233 ) ;
#13211 =( LENGTH_UNIT ( ) NAMED_UNIT ( * ) SI_UNIT ( .MILLI., .METRE. ) );
#13212 = DIRECTION ( 'NONE',  ( -9.427844978134821433E-17, -0.0000000000000000000, 1.000000000000000000 ) ) ;
#13213 = ORIENTED_EDGE ( 'NONE', *, *, #12466, .F. ) ;
#13214 =( NAMED_UNIT ( * ) PLANE_ANGLE_UNIT ( ) SI_UNIT ( $, .RADIAN. ) );
#13215 = CARTESIAN_POINT ( 'NONE',  ( 9.300000000000002487, 1.000999999999999890, 22.92499999999999716 ) ) ;
#13216 = CARTESIAN_POINT ( 'NONE',  ( 7.100000000000004086, 1.000000000000000000, 22.92499999999999716 ) ) ;
#13217 = ORIENTED_EDGE ( 'NONE', *, *, #4158, .T. ) ;
#13218 = DIRECTION ( 'NONE',  ( -1.000000000000000000, 0.0000000000000000000, -0.0000000000000000000 ) ) ;
#13219 = CARTESIAN_POINT ( 'NONE',  ( 8.300000000000004263, -0.001000000000000000021, 22.92499999999999716 ) ) ;
#13220 = PRESENTATION_LAYER_ASSIGNMENT (  '', '', ( #663 ) ) ;
#13221 = LINE ( 'NONE', #1584, #9711 ) ;
#13222 = CARTESIAN_POINT ( 'NONE',  ( -7.099999999999997868, -0.001000000000000252423, 22.92500000000001137 ) ) ;
#13223 = PLANE ( 'NONE',  #6327 ) ;
#13224 =( NAMED_UNIT ( * ) SI_UNIT ( $, .STERADIAN. ) SOLID_ANGLE_UNIT ( ) );
#13225 = EDGE_CURVE ( 'NONE', #9225, #2938, #4989, .T. ) ;
#13226 = ORIENTED_EDGE ( 'NONE', *, *, #5165, .F. ) ;
#13227 = DIRECTION ( 'NONE',  ( -1.000000000000000000, -0.0000000000000000000, -0.0000000000000000000 ) ) ;
#13228 = DIRECTION ( 'NONE',  ( -9.427844978134821433E-17, 0.0000000000000000000, 1.000000000000000000 ) ) ;
#13229 = COLOUR_RGB ( '',1.000000000000000000, 1.000000000000000000, 0.0000000000000000000 ) ;
#13230 = ORIENTED_EDGE ( 'NONE', *, *, #3547, .T. ) ;
#13231 = CARTESIAN_POINT ( 'NONE',  ( 5.500000000000003553, 1.000000000000000000, 22.92500000000000071 ) ) ;
#13232 = PLANE ( 'NONE',  #5619 ) ;
#13233 = STYLED_ITEM ( 'NONE', ( #2166 ), #2007 ) ;
#13234 = ORIENTED_EDGE ( 'NONE', *, *, #2083, .F. ) ;
#13235 = SURFACE_STYLE_FILL_AREA ( #13118 ) ;
#13236 = ORIENTED_EDGE ( 'NONE', *, *, #8138, .T. ) ;
#13237 = ADVANCED_FACE ( 'NONE', ( #2692 ), #2762, .T. ) ;
#13238 = PLANE ( 'NONE',  #5606 ) ;
#13239 = MECHANICAL_DESIGN_GEOMETRIC_PRESENTATION_REPRESENTATION (  '', ( #9550 ), #8467 ) ;
#13240 = VECTOR ( 'NONE', #4965, 1000.000000000000000 ) ;
#13241 = AXIS2_PLACEMENT_3D ( 'NONE', #1931, #12066, #2819 ) ;
#13242 = DIRECTION ( 'NONE',  ( 1.000000000000000000, 0.0000000000000000000, 0.0000000000000000000 ) ) ;
#13243 = STYLED_ITEM ( 'NONE', ( #4309 ), #2481 ) ;
#13244 = EDGE_CURVE ( 'NONE', #8716, #11912, #7962, .T. ) ;
#13245 = DIRECTION ( 'NONE',  ( 0.0000000000000000000, 0.0000000000000000000, -1.000000000000000000 ) ) ;
#13246 = UNCERTAINTY_MEASURE_WITH_UNIT (LENGTH_MEASURE( 1.000000000000000082E-05 ), #1936, 'distance_accuracy_value', 'NONE');
#13247 = ORIENTED_EDGE ( 'NONE', *, *, #10843, .T. ) ;
#13248 = CARTESIAN_POINT ( 'NONE',  ( 1.300000000000003375, 1.000999999999999890, 22.92500000000000426 ) ) ;
#13249 = MECHANICAL_DESIGN_GEOMETRIC_PRESENTATION_REPRESENTATION (  '', ( #10864 ), #2657 ) ;
#13250 = CARTESIAN_POINT ( 'NONE',  ( 3.700000000000003286, 1.000999999999999890, 22.92500000000000071 ) ) ;
#13251 = LINE ( 'NONE', #1057, #2153 ) ;
#13252 = DIRECTION ( 'NONE',  ( 1.000000000000000000, 0.0000000000000000000, 0.0000000000000000000 ) ) ;
#13253 = ORIENTED_EDGE ( 'NONE', *, *, #8907, .T. ) ;
#13254 = SURFACE_STYLE_FILL_AREA ( #9122 ) ;
#13255 = FILL_AREA_STYLE ('',( #9123 ) ) ;
#13256 = ADVANCED_FACE ( 'NONE', ( #10623 ), #2238, .F. ) ;
#13257 = ORIENTED_EDGE ( 'NONE', *, *, #11000, .T. ) ;
#13258 =( LENGTH_UNIT ( ) NAMED_UNIT ( * ) SI_UNIT ( .MILLI., .METRE. ) );
#13259 = VECTOR ( 'NONE', #7434, 1000.000000000000000 ) ;
#13260 =( GEOMETRIC_REPRESENTATION_CONTEXT ( 3 ) GLOBAL_UNCERTAINTY_ASSIGNED_CONTEXT ( ( #6607 ) ) GLOBAL_UNIT_ASSIGNED_CONTEXT ( ( #11067, #4042, #7081 ) ) REPRESENTATION_CONTEXT ( 'NONE', 'WORKASPACE' ) );
#13261 = ADVANCED_FACE ( 'NONE', ( #4226 ), #11650, .F. ) ;
#13262 = ORIENTED_EDGE ( 'NONE', *, *, #12346, .F. ) ;
#13263 = AXIS2_PLACEMENT_3D ( 'NONE', #6988, #11119, #7180 ) ;
#13264 = UNCERTAINTY_MEASURE_WITH_UNIT (LENGTH_MEASURE( 1.000000000000000082E-05 ), #9070, 'distance_accuracy_value', 'NONE');
#13265 = PLANE ( 'NONE',  #4615 ) ;
#13266 = DIRECTION ( 'NONE',  ( 0.0000000000000000000, 1.000000000000000000, 0.0000000000000000000 ) ) ;
#13267 = ORIENTED_EDGE ( 'NONE', *, *, #11495, .T. ) ;
#13268 = STYLED_ITEM ( 'NONE', ( #6263 ), #8429 ) ;
#13269 = PRESENTATION_STYLE_ASSIGNMENT (( #720 ) ) ;
#13270 = SURFACE_STYLE_USAGE ( .BOTH. , #9949 ) ;
#13271 = VECTOR ( 'NONE', #6766, 1000.000000000000000 ) ;
#13272 = LINE ( 'NONE', #1901, #6765 ) ;
#13273 = VERTEX_POINT ( 'NONE', #2369 ) ;
#13274 = LINE ( 'NONE', #4011, #2047 ) ;
#13275 = PRESENTATION_LAYER_ASSIGNMENT (  '', '', ( #12185 ) ) ;
#13276 =( NAMED_UNIT ( * ) SI_UNIT ( $, .STERADIAN. ) SOLID_ANGLE_UNIT ( ) );
#13277 = VECTOR ( 'NONE', #8992, 1000.000000000000000 ) ;
#13278 = DIRECTION ( 'NONE',  ( -1.000000000000000000, 0.0000000000000000000, -0.0000000000000000000 ) ) ;
#13279 = AXIS2_PLACEMENT_3D ( 'NONE', #9631, #4508, #8677 ) ;
#13280 = FILL_AREA_STYLE_COLOUR ( '', #7831 ) ;
#13281 = LINE ( 'NONE', #4899, #3742 ) ;
#13282 = MECHANICAL_DESIGN_GEOMETRIC_PRESENTATION_REPRESENTATION (  '', ( #5086 ), #11551 ) ;
#13283 = FILL_AREA_STYLE_COLOUR ( '', #9609 ) ;
#13284 = CARTESIAN_POINT ( 'NONE',  ( -8.299999999999995381, 1.000999999999999890, 22.92500000000001137 ) ) ;
#13285 = ORIENTED_EDGE ( 'NONE', *, *, #6374, .F. ) ;
#13286 = CARTESIAN_POINT ( 'NONE',  ( 6.700000000000001954, -0.001000000000000000021, 25.22500000000000142 ) ) ;
#13287 =( NAMED_UNIT ( * ) SI_UNIT ( $, .STERADIAN. ) SOLID_ANGLE_UNIT ( ) );
#13288 = SURFACE_STYLE_FILL_AREA ( #4964 ) ;
#13289 = PRESENTATION_STYLE_ASSIGNMENT (( #12056 ) ) ;
#13290 = PRESENTATION_STYLE_ASSIGNMENT (( #8008 ) ) ;
#13291 = ORIENTED_EDGE ( 'NONE', *, *, #11905, .F. ) ;
#13292 = DIRECTION ( 'NONE',  ( -0.0000000000000000000, 1.000000000000000000, -0.0000000000000000000 ) ) ;
#13293 = PRESENTATION_LAYER_ASSIGNMENT (  '', '', ( #2934 ) ) ;
#13294 =( GEOMETRIC_REPRESENTATION_CONTEXT ( 3 ) GLOBAL_UNCERTAINTY_ASSIGNED_CONTEXT ( ( #8897 ) ) GLOBAL_UNIT_ASSIGNED_CONTEXT ( ( #1475, #8434, #10536 ) ) REPRESENTATION_CONTEXT ( 'NONE', 'WORKASPACE' ) );
#13295 =( LENGTH_UNIT ( ) NAMED_UNIT ( * ) SI_UNIT ( .MILLI., .METRE. ) );
#13296 = SURFACE_SIDE_STYLE ('',( #4155 ) ) ;
#13297 = VECTOR ( 'NONE', #1164, 1000.000000000000000 ) ;
#13298 = DIRECTION ( 'NONE',  ( -1.000000000000000000, 0.0000000000000000000, -0.0000000000000000000 ) ) ;
#13299 = SURFACE_SIDE_STYLE ('',( #9169 ) ) ;
#13300 = DIRECTION ( 'NONE',  ( 0.0000000000000000000, 0.0000000000000000000, 1.000000000000000000 ) ) ;
#13301 = MECHANICAL_DESIGN_GEOMETRIC_PRESENTATION_REPRESENTATION (  '', ( #12630 ), #10477 ) ;
#13302 = ORIENTED_EDGE ( 'NONE', *, *, #5389, .T. ) ;
#13303 = VERTEX_POINT ( 'NONE', #6501 ) ;
#13304 = LINE ( 'NONE', #4787, #9866 ) ;
#13305 = LINE ( 'NONE', #4040, #9077 ) ;
#13306 = VECTOR ( 'NONE', #8238, 1000.000000000000000 ) ;
#13307 = ORIENTED_EDGE ( 'NONE', *, *, #4745, .F. ) ;
#13308 =( GEOMETRIC_REPRESENTATION_CONTEXT ( 3 ) GLOBAL_UNCERTAINTY_ASSIGNED_CONTEXT ( ( #1895 ) ) GLOBAL_UNIT_ASSIGNED_CONTEXT ( ( #2568, #12866, #6686 ) ) REPRESENTATION_CONTEXT ( 'NONE', 'WORKASPACE' ) );
#13309 = DIRECTION ( 'NONE',  ( -0.0000000000000000000, 1.000000000000000000, -0.0000000000000000000 ) ) ;
#13310 = ORIENTED_EDGE ( 'NONE', *, *, #888, .T. ) ;
#13311 = DIRECTION ( 'NONE',  ( 1.000000000000000000, 0.0000000000000000000, 0.0000000000000000000 ) ) ;
#13312 = FILL_AREA_STYLE ('',( #2970 ) ) ;
#13313 = COLOUR_RGB ( '',1.000000000000000000, 1.000000000000000000, 0.0000000000000000000 ) ;
#13314 = ADVANCED_FACE ( 'NONE', ( #318 ), #3190, .F. ) ;
#13315 = SURFACE_STYLE_FILL_AREA ( #1945 ) ;
#13316 = ORIENTED_EDGE ( 'NONE', *, *, #6895, .T. ) ;
#13317 = DIRECTION ( 'NONE',  ( -0.0000000000000000000, -1.000000000000000000, -0.0000000000000000000 ) ) ;
#13318 = CARTESIAN_POINT ( 'NONE',  ( 8.700000000000002842, 1.000999999999999890, 25.22499999999999787 ) ) ;
#13319 = DIRECTION ( 'NONE',  ( -1.000000000000000000, 0.0000000000000000000, 9.427844978134821433E-17 ) ) ;
#13320 =( NAMED_UNIT ( * ) SI_UNIT ( $, .STERADIAN. ) SOLID_ANGLE_UNIT ( ) );
#13321 = VERTEX_POINT ( 'NONE', #9883 ) ;
#13322 =( GEOMETRIC_REPRESENTATION_CONTEXT ( 3 ) GLOBAL_UNCERTAINTY_ASSIGNED_CONTEXT ( ( #9047 ) ) GLOBAL_UNIT_ASSIGNED_CONTEXT ( ( #5860, #11373, #4284 ) ) REPRESENTATION_CONTEXT ( 'NONE', 'WORKASPACE' ) );
#13323 = COLOUR_RGB ( '',1.000000000000000000, 1.000000000000000000, 0.0000000000000000000 ) ;
#13324 = ORIENTED_EDGE ( 'NONE', *, *, #12077, .F. ) ;
#13325 =( GEOMETRIC_REPRESENTATION_CONTEXT ( 3 ) GLOBAL_UNCERTAINTY_ASSIGNED_CONTEXT ( ( #3792 ) ) GLOBAL_UNIT_ASSIGNED_CONTEXT ( ( #9815, #6855, #2799 ) ) REPRESENTATION_CONTEXT ( 'NONE', 'WORKASPACE' ) );
#13326 = EDGE_CURVE ( 'NONE', #5645, #7603, #5915, .T. ) ;
#13327 = PRESENTATION_STYLE_ASSIGNMENT (( #5898 ) ) ;
#13328 = EDGE_CURVE ( 'NONE', #6944, #4144, #4764, .T. ) ;
#13329 = ORIENTED_EDGE ( 'NONE', *, *, #12307, .T. ) ;
#13330 = ADVANCED_FACE ( 'NONE', ( #4549 ), #8797, .T. ) ;
#13331 =( GEOMETRIC_REPRESENTATION_CONTEXT ( 3 ) GLOBAL_UNCERTAINTY_ASSIGNED_CONTEXT ( ( #12008 ) ) GLOBAL_UNIT_ASSIGNED_CONTEXT ( ( #3028, #912, #3915 ) ) REPRESENTATION_CONTEXT ( 'NONE', 'WORKASPACE' ) );
#13332 =( NAMED_UNIT ( * ) SI_UNIT ( $, .STERADIAN. ) SOLID_ANGLE_UNIT ( ) );
#13333 = DIRECTION ( 'NONE',  ( -0.0000000000000000000, -1.000000000000000000, -0.0000000000000000000 ) ) ;
#13334 = EDGE_CURVE ( 'NONE', #9213, #6565, #8729, .T. ) ;
#13335 = DIRECTION ( 'NONE',  ( 0.0000000000000000000, 0.0000000000000000000, 1.000000000000000000 ) ) ;
#13336 = SURFACE_STYLE_USAGE ( .BOTH. , #2216 ) ;
#13337 = ORIENTED_EDGE ( 'NONE', *, *, #8304, .T. ) ;
#13338 = FACE_OUTER_BOUND ( 'NONE', #3083, .T. ) ;
#13339 = ORIENTED_EDGE ( 'NONE', *, *, #6698, .F. ) ;
#13340 = LINE ( 'NONE', #1014, #7667 ) ;
#13341 = EDGE_CURVE ( 'NONE', #3353, #9129, #7788, .T. ) ;
#13342 = PRESENTATION_STYLE_ASSIGNMENT (( #1076 ) ) ;
#13343 = VECTOR ( 'NONE', #535, 1000.000000000000000 ) ;
#13344 = EDGE_CURVE ( 'NONE', #11561, #8240, #6635, .T. ) ;
#13345 = LINE ( 'NONE', #6293, #6640 ) ;
#13346 = CARTESIAN_POINT ( 'NONE',  ( -4.849999999999997868, 1.000000000000000000, 21.27500000000000924 ) ) ;
#13347 = EDGE_CURVE ( 'NONE', #7480, #9579, #9743, .T. ) ;
#13348 = FACE_OUTER_BOUND ( 'NONE', #1962, .T. ) ;
#13349 = ADVANCED_FACE ( 'NONE', ( #10898 ), #9952, .F. ) ;
#13350 = DIRECTION ( 'NONE',  ( -1.000000000000000000, -0.0000000000000000000, -0.0000000000000000000 ) ) ;
#13351 = VERTEX_POINT ( 'NONE', #11031 ) ;
#13352 = DIRECTION ( 'NONE',  ( -1.000000000000000000, 0.0000000000000000000, -9.427844978134821433E-17 ) ) ;
#13353 = CARTESIAN_POINT ( 'NONE',  ( 1.900000000000001910, 0.0000000000000000000, 22.92500000000000426 ) ) ;
#13354 = PLANE ( 'NONE',  #9107 ) ;
#13355 = ORIENTED_EDGE ( 'NONE', *, *, #8855, .F. ) ;
#13356 = FILL_AREA_STYLE_COLOUR ( '', #9595 ) ;
#13357 =( LENGTH_UNIT ( ) NAMED_UNIT ( * ) SI_UNIT ( .MILLI., .METRE. ) );
#13358 =( NAMED_UNIT ( * ) PLANE_ANGLE_UNIT ( ) SI_UNIT ( $, .RADIAN. ) );
#13359 = DIRECTION ( 'NONE',  ( 0.0000000000000000000, 0.0000000000000000000, 1.000000000000000000 ) ) ;
#13360 = VECTOR ( 'NONE', #1908, 1000.000000000000000 ) ;
#13361 = PLANE ( 'NONE',  #1457 ) ;
#13362 =( LENGTH_UNIT ( ) NAMED_UNIT ( * ) SI_UNIT ( .MILLI., .METRE. ) );
#13363 = CARTESIAN_POINT ( 'NONE',  ( 9.900000000000002132, 0.0000000000000000000, 25.22499999999999787 ) ) ;
#13364 = CARTESIAN_POINT ( 'NONE',  ( -9.099999999999996092, 1.000999999999999890, 22.92500000000001137 ) ) ;
#13365 = EDGE_LOOP ( 'NONE', ( #5534, #9925, #12559, #9448 ) ) ;
#13366 = PRESENTATION_STYLE_ASSIGNMENT (( #5123 ) ) ;
#13367 = UNCERTAINTY_MEASURE_WITH_UNIT (LENGTH_MEASURE( 1.000000000000000082E-05 ), #12576, 'distance_accuracy_value', 'NONE');
#13368 = VERTEX_POINT ( 'NONE', #12944 ) ;
#13369 = CARTESIAN_POINT ( 'NONE',  ( -9.299999999999997158, 0.0000000000000000000, 22.92500000000001137 ) ) ;
#13370 = EDGE_CURVE ( 'NONE', #1186, #1041, #447, .T. ) ;
#13371 = DIRECTION ( 'NONE',  ( 1.000000000000000000, 0.0000000000000000000, 0.0000000000000000000 ) ) ;
#13372 = ORIENTED_EDGE ( 'NONE', *, *, #3930, .T. ) ;
#13374 = VECTOR ( 'NONE', #576, 1000.000000000000000 ) ;
#13373 = DIRECTION ( 'NONE',  ( -0.0000000000000000000, -0.0000000000000000000, -1.000000000000000000 ) ) ;
#13375 = AXIS2_PLACEMENT_3D ( 'NONE', #4552, #254, #2513 ) ;
#13376 = ORIENTED_EDGE ( 'NONE', *, *, #10737, .T. ) ;
#13377 = VECTOR ( 'NONE', #2240, 1000.000000000000000 ) ;
#13378 = LINE ( 'NONE', #4110, #11602 ) ;
#13379 = CARTESIAN_POINT ( 'NONE',  ( 15.00000000000000000, 1.000000000000000000, 25.22500000000000853 ) ) ;
#13380 = SURFACE_STYLE_USAGE ( .BOTH. , #11270 ) ;
#13381 = UNCERTAINTY_MEASURE_WITH_UNIT (LENGTH_MEASURE( 1.000000000000000082E-05 ), #11734, 'distance_accuracy_value', 'NONE');
#13382 = ORIENTED_EDGE ( 'NONE', *, *, #11770, .F. ) ;
#13383 = CARTESIAN_POINT ( 'NONE',  ( -7.299999999999995381, 1.000000000000000000, 22.92500000000001137 ) ) ;
#13384 = DIRECTION ( 'NONE',  ( -0.0000000000000000000, -1.000000000000000000, -0.0000000000000000000 ) ) ;
#13385 = DIRECTION ( 'NONE',  ( -9.427844978134821433E-17, -0.0000000000000000000, 1.000000000000000000 ) ) ;
#13386 = CARTESIAN_POINT ( 'NONE',  ( 2.900000000000004352, 1.000000000000000000, 25.22500000000000497 ) ) ;
#13387 = UNCERTAINTY_MEASURE_WITH_UNIT (LENGTH_MEASURE( 1.000000000000000082E-05 ), #5131, 'distance_accuracy_value', 'NONE');
#13388 = DIRECTION ( 'NONE',  ( 1.885568995626964287E-16, 0.0000000000000000000, -1.000000000000000000 ) ) ;
#13389 = ORIENTED_EDGE ( 'NONE', *, *, #8271, .F. ) ;
#13390 = DIRECTION ( 'NONE',  ( 1.000000000000000000, 0.0000000000000000000, 0.0000000000000000000 ) ) ;
#13391 = ORIENTED_EDGE ( 'NONE', *, *, #6072, .F. ) ;
#13392 = VECTOR ( 'NONE', #5404, 1000.000000000000000 ) ;
#13393 = ORIENTED_EDGE ( 'NONE', *, *, #9033, .F. ) ;
#13394 =( GEOMETRIC_REPRESENTATION_CONTEXT ( 3 ) GLOBAL_UNCERTAINTY_ASSIGNED_CONTEXT ( ( #11892 ) ) GLOBAL_UNIT_ASSIGNED_CONTEXT ( ( #11884, #422, #4460 ) ) REPRESENTATION_CONTEXT ( 'NONE', 'WORKASPACE' ) );
#13395 =( NAMED_UNIT ( * ) PLANE_ANGLE_UNIT ( ) SI_UNIT ( $, .RADIAN. ) );
#13396 = UNCERTAINTY_MEASURE_WITH_UNIT (LENGTH_MEASURE( 1.000000000000000082E-05 ), #6513, 'distance_accuracy_value', 'NONE');
#13397 = DIRECTION ( 'NONE',  ( -0.0000000000000000000, -1.000000000000000000, -0.0000000000000000000 ) ) ;
#13399 = EDGE_CURVE ( 'NONE', #8691, #443, #3655, .T. ) ;
#13398 = PRESENTATION_STYLE_ASSIGNMENT (( #3378 ) ) ;
#13400 =( GEOMETRIC_REPRESENTATION_CONTEXT ( 3 ) GLOBAL_UNCERTAINTY_ASSIGNED_CONTEXT ( ( #12846 ) ) GLOBAL_UNIT_ASSIGNED_CONTEXT ( ( #10590, #12543, #1325 ) ) REPRESENTATION_CONTEXT ( 'NONE', 'WORKASPACE' ) );
#13401 =( NAMED_UNIT ( * ) SI_UNIT ( $, .STERADIAN. ) SOLID_ANGLE_UNIT ( ) );
#13402 = ORIENTED_EDGE ( 'NONE', *, *, #5470, .T. ) ;
#13403 = FILL_AREA_STYLE ('',( #7046 ) ) ;
#13404 = ORIENTED_EDGE ( 'NONE', *, *, #6773, .T. ) ;
#13405 = LINE ( 'NONE', #3115, #9811 ) ;
#13406 = PLANE ( 'NONE',  #7151 ) ;
#13407 = CARTESIAN_POINT ( 'NONE',  ( 4.700000000000004619, 1.000999999999999890, 22.92500000000000071 ) ) ;
#13408 = ADVANCED_FACE ( 'NONE', ( #5782 ), #4070, .T. ) ;
#13409 = ADVANCED_FACE ( 'NONE', ( #7176 ), #13406, .T. ) ;
#13410 = AXIS2_PLACEMENT_3D ( 'NONE', #10026, #725, #3049 ) ;
#13411 = VECTOR ( 'NONE', #4636, 1000.000000000000000 ) ;
#13412 = FACE_OUTER_BOUND ( 'NONE', #3201, .T. ) ;
#13413 = DIRECTION ( 'NONE',  ( 0.0000000000000000000, -0.0000000000000000000, -1.000000000000000000 ) ) ;
#13414 = SURFACE_SIDE_STYLE ('',( #11642 ) ) ;
#13415 = ADVANCED_FACE ( 'NONE', ( #7109 ), #2094, .T. ) ;
#13416 = DIRECTION ( 'NONE',  ( -0.0000000000000000000, -1.000000000000000000, -0.0000000000000000000 ) ) ;
#13417 = MECHANICAL_DESIGN_GEOMETRIC_PRESENTATION_REPRESENTATION (  '', ( #4781 ), #2602 ) ;
#13418 = ORIENTED_EDGE ( 'NONE', *, *, #4726, .F. ) ;
#13419 = PLANE ( 'NONE',  #88 ) ;
#13420 =( NAMED_UNIT ( * ) PLANE_ANGLE_UNIT ( ) SI_UNIT ( $, .RADIAN. ) );
#13421 = MECHANICAL_DESIGN_GEOMETRIC_PRESENTATION_REPRESENTATION (  '', ( #10162 ), #8425 ) ;
#13422 = CARTESIAN_POINT ( 'NONE',  ( -9.299999999999997158, -0.001000000000000504609, 22.92500000000001137 ) ) ;
#13423 = DIRECTION ( 'NONE',  ( 0.0000000000000000000, 0.0000000000000000000, -1.000000000000000000 ) ) ;
#13424 = MECHANICAL_DESIGN_GEOMETRIC_PRESENTATION_REPRESENTATION (  '', ( #11243 ), #858 ) ;
#13425 =( NAMED_UNIT ( * ) SI_UNIT ( $, .STERADIAN. ) SOLID_ANGLE_UNIT ( ) );
#13426 = EDGE_LOOP ( 'NONE', ( #612, #11742, #1598, #12980 ) ) ;
#13427 = FILL_AREA_STYLE ('',( #8396 ) ) ;
#13428 = SURFACE_STYLE_USAGE ( .BOTH. , #5174 ) ;
#13429 = ADVANCED_FACE ( 'NONE', ( #9523 ), #4411, .T. ) ;
#13430 = DIRECTION ( 'NONE',  ( -9.427844978134821433E-17, -0.0000000000000000000, -1.000000000000000000 ) ) ;
#13431 = PRESENTATION_LAYER_ASSIGNMENT (  '', '', ( #6274 ) ) ;
#13432 = MECHANICAL_DESIGN_GEOMETRIC_PRESENTATION_REPRESENTATION (  '', ( #4356 ), #1096 ) ;
#13433 = CARTESIAN_POINT ( 'NONE',  ( 1.500000000000003553, 1.000000000000000000, 22.92500000000000426 ) ) ;
#13434 = LINE ( 'NONE', #1990, #10424 ) ;
#13435 = ORIENTED_EDGE ( 'NONE', *, *, #13326, .T. ) ;
#13436 = COLOUR_RGB ( '',1.000000000000000000, 1.000000000000000000, 0.0000000000000000000 ) ;
#13437 = FILL_AREA_STYLE_COLOUR ( '', #6313 ) ;
#13438 = VERTEX_POINT ( 'NONE', #3387 ) ;
#13439 = VERTEX_POINT ( 'NONE', #3307 ) ;
#13440 = AXIS2_PLACEMENT_3D ( 'NONE', #3941, #8059, #12105 ) ;
#13441 = VECTOR ( 'NONE', #5466, 1000.000000000000000 ) ;
#13442 = LINE ( 'NONE', #5317, #10692 ) ;
#13443 = PLANE ( 'NONE',  #5776 ) ;
#13444 = ORIENTED_EDGE ( 'NONE', *, *, #7880, .F. ) ;
#13445 = LINE ( 'NONE', #9238, #11875 ) ;
#13446 = DIRECTION ( 'NONE',  ( 9.427844978134821433E-17, 0.0000000000000000000, 1.000000000000000000 ) ) ;
#13447 = CARTESIAN_POINT ( 'NONE',  ( 12.09999999999999964, 1.000000000000000000, -21.27499999999998792 ) ) ;
#13448 =( GEOMETRIC_REPRESENTATION_CONTEXT ( 3 ) GLOBAL_UNCERTAINTY_ASSIGNED_CONTEXT ( ( #9063 ) ) GLOBAL_UNIT_ASSIGNED_CONTEXT ( ( #5869, #13358, #12329 ) ) REPRESENTATION_CONTEXT ( 'NONE', 'WORKASPACE' ) );
ENDSEC;
END-ISO-10303-21;
